{
  "method": "Traditional ML (TF-IDF + SVM / Gradient Boosting)",
  "timestamp": "2026-03-14T11:07:07.977877",
  "n_samples": 1786,
  "include_issue_type": false,
  "tfidf_params": {
    "max_features": 10000,
    "ngram_range": [
      1,
      2
    ]
  },
  "best_params": {
    "svm": {
      "C": 1,
      "gamma": "scale",
      "kernel": "linear"
    },
    "gradient_boosting": {
      "learning_rate": 0.2,
      "max_depth": 3,
      "n_estimators": 100,
      "subsample": 1.0
    }
  },
  "holdout": {
    "svm": {
      "accuracy": 0.8694029850746269,
      "precision": 0.7349397590361446,
      "recall": 0.8243243243243243,
      "f1": 0.7770700636942676,
      "tp": 61,
      "tn": 172,
      "fp": 22,
      "fn": 13,
      "auc": 0.9275215937587071
    },
    "gradient_boosting": {
      "accuracy": 0.835820895522388,
      "precision": 0.6666666666666666,
      "recall": 0.8108108108108109,
      "f1": 0.7317073170731707,
      "tp": 60,
      "tn": 164,
      "fp": 30,
      "fn": 14,
      "auc": 0.8974644747840624
    }
  },
  "holdout_best_params": {
    "svm": {
      "C": 1,
      "gamma": "scale",
      "kernel": "linear"
    },
    "gradient_boosting": {
      "learning_rate": 0.2,
      "max_depth": 3,
      "n_estimators": 100,
      "subsample": 1.0
    }
  },
  "cross_validation": {
    "svm": {
      "mean_accuracy": 0.8600269157942506,
      "std_accuracy": 0.006524778914693033,
      "mean_precision": 0.761565133895231,
      "std_precision": 0.03226396408963603,
      "mean_recall": 0.7277777777777777,
      "std_recall": 0.047603521890699704,
      "mean_f1": 0.7422425433813823,
      "std_f1": 0.01645800654655936,
      "mean_auc": 0.903613890846449,
      "std_auc": 0.0065785711083922215
    },
    "gradient_boosting": {
      "mean_accuracy": 0.8286606262616777,
      "std_accuracy": 0.019733797553050682,
      "mean_precision": 0.6907490804549106,
      "std_precision": 0.039458160850873066,
      "mean_recall": 0.6954343434343434,
      "std_recall": 0.046906567763775,
      "mean_f1": 0.6924320801870314,
      "std_f1": 0.037480416479439435,
      "mean_auc": 0.8830128024430349,
      "std_auc": 0.016963766784416048
    }
  },
  "lopo": {
    "svm": {
      "per_project": [
        {
          "accuracy": 0.8491620111731844,
          "precision": 0.8837209302325582,
          "recall": 0.6333333333333333,
          "f1": 0.7378640776699029,
          "tp": 38,
          "tn": 114,
          "fp": 5,
          "fn": 22,
          "auc": 0.9239495798319327,
          "project": "CONFSERVER",
          "n": 179,
          "n_design": 60,
          "n_nondesign": 119
        },
        {
          "accuracy": 0.7790055248618785,
          "precision": 0.5614035087719298,
          "recall": 0.6808510638297872,
          "f1": 0.6153846153846154,
          "tp": 32,
          "tn": 109,
          "fp": 25,
          "fn": 15,
          "auc": 0.8204191806922833,
          "project": "DM",
          "n": 181,
          "n_design": 47,
          "n_nondesign": 134
        },
        {
          "accuracy": 0.8388888888888889,
          "precision": 0.7222222222222222,
          "recall": 0.5777777777777777,
          "f1": 0.6419753086419753,
          "tp": 26,
          "tn": 125,
          "fp": 10,
          "fn": 19,
          "auc": 0.8888888888888888,
          "project": "DNN",
          "n": 180,
          "n_design": 45,
          "n_nondesign": 135
        },
        {
          "accuracy": 0.8089887640449438,
          "precision": 0.6551724137931034,
          "recall": 0.7307692307692307,
          "f1": 0.6909090909090909,
          "tp": 38,
          "tn": 106,
          "fp": 20,
          "fn": 14,
          "auc": 0.8528693528693528,
          "project": "FAB",
          "n": 178,
          "n_design": 52,
          "n_nondesign": 126
        },
        {
          "accuracy": 0.8797814207650273,
          "precision": 0.7777777777777778,
          "recall": 0.8076923076923077,
          "f1": 0.7924528301886793,
          "tp": 42,
          "tn": 119,
          "fp": 12,
          "fn": 10,
          "auc": 0.9348209042865531,
          "project": "JRASERVER",
          "n": 183,
          "n_design": 52,
          "n_nondesign": 131
        },
        {
          "accuracy": 0.807909604519774,
          "precision": 0.6981132075471698,
          "recall": 0.6727272727272727,
          "f1": 0.6851851851851852,
          "tp": 37,
          "tn": 106,
          "fp": 16,
          "fn": 18,
          "auc": 0.843070044709389,
          "project": "MESOS",
          "n": 177,
          "n_design": 55,
          "n_nondesign": 122
        },
        {
          "accuracy": 0.7912087912087912,
          "precision": 0.6125,
          "recall": 0.875,
          "f1": 0.7205882352941176,
          "tp": 49,
          "tn": 95,
          "fp": 31,
          "fn": 7,
          "auc": 0.872874149659864,
          "project": "MULE",
          "n": 182,
          "n_design": 56,
          "n_nondesign": 126
        },
        {
          "accuracy": 0.8306010928961749,
          "precision": 0.6981132075471698,
          "recall": 0.7115384615384616,
          "f1": 0.7047619047619048,
          "tp": 37,
          "tn": 115,
          "fp": 16,
          "fn": 15,
          "auc": 0.8866705813270698,
          "project": "NEXUS",
          "n": 183,
          "n_design": 52,
          "n_nondesign": 131
        },
        {
          "accuracy": 0.7037037037037037,
          "precision": 0.3333333333333333,
          "recall": 0.5,
          "f1": 0.4,
          "tp": 16,
          "tn": 98,
          "fp": 32,
          "fn": 16,
          "auc": 0.7055288461538463,
          "project": "SERVER",
          "n": 162,
          "n_design": 32,
          "n_nondesign": 130
        },
        {
          "accuracy": 0.8066298342541437,
          "precision": 0.5806451612903226,
          "recall": 0.8,
          "f1": 0.6728971962616822,
          "tp": 36,
          "tn": 110,
          "fp": 26,
          "fn": 9,
          "auc": 0.8831699346405228,
          "project": "TIMOB",
          "n": 181,
          "n_design": 45,
          "n_nondesign": 136
        }
      ],
      "mean_f1": 0.6662018444297154,
      "std_f1": 0.10028356077394872,
      "mean_auc": 0.8612261463059703,
      "std_auc": 0.061389419026284184,
      "mean_accuracy": 0.8095879636316511
    },
    "gradient_boosting": {
      "per_project": [
        {
          "accuracy": 0.8379888268156425,
          "precision": 0.8444444444444444,
          "recall": 0.6333333333333333,
          "f1": 0.7238095238095238,
          "tp": 38,
          "tn": 112,
          "fp": 7,
          "fn": 22,
          "auc": 0.9256302521008404,
          "project": "CONFSERVER",
          "n": 179,
          "n_design": 60,
          "n_nondesign": 119
        },
        {
          "accuracy": 0.7292817679558011,
          "precision": 0.4807692307692308,
          "recall": 0.5319148936170213,
          "f1": 0.5050505050505051,
          "tp": 25,
          "tn": 107,
          "fp": 27,
          "fn": 22,
          "auc": 0.7465068275643061,
          "project": "DM",
          "n": 181,
          "n_design": 47,
          "n_nondesign": 134
        },
        {
          "accuracy": 0.8166666666666667,
          "precision": 0.6428571428571429,
          "recall": 0.6,
          "f1": 0.6206896551724138,
          "tp": 27,
          "tn": 120,
          "fp": 15,
          "fn": 18,
          "auc": 0.8347325102880658,
          "project": "DNN",
          "n": 180,
          "n_design": 45,
          "n_nondesign": 135
        },
        {
          "accuracy": 0.7471910112359551,
          "precision": 0.5813953488372093,
          "recall": 0.4807692307692308,
          "f1": 0.5263157894736842,
          "tp": 25,
          "tn": 108,
          "fp": 18,
          "fn": 27,
          "auc": 0.7799145299145299,
          "project": "FAB",