{
  "method": "Traditional ML (TF-IDF + SVM / Gradient Boosting)",
  "timestamp": "2026-03-14T11:27:45.134728",
  "n_manual_samples": 1786,
  "n_augmented_samples": 250,
  "n_total_samples": 2036,
  "include_issue_type": false,
  "tfidf_params": {
    "max_features": 10000,
    "ngram_range": [
      1,
      2
    ]
  },
  "best_params": {
    "svm": {
      "C": 1,
      "gamma": "scale",
      "kernel": "linear"
    },
    "gradient_boosting": {
      "learning_rate": 0.1,
      "max_depth": 3,
      "n_estimators": 200,
      "subsample": 0.8
    }
  },
  "holdout": {
    "svm": {
      "accuracy": 0.869281045751634,
      "precision": 0.7912087912087912,
      "recall": 0.7741935483870968,
      "f1": 0.782608695652174,
      "tp": 72,
      "tn": 194,
      "fp": 19,
      "fn": 21,
      "auc": 0.8982280781462972
    },
    "gradient_boosting": {
      "accuracy": 0.8464052287581699,
      "precision": 0.7254901960784313,
      "recall": 0.7956989247311828,
      "f1": 0.7589743589743589,
      "tp": 74,
      "tn": 185,
      "fp": 28,
      "fn": 19,
      "auc": 0.900196880205967
    }
  },
  "holdout_best_params": {
    "svm": {
      "C": 1,
      "gamma": "scale",
      "kernel": "linear"
    },
    "gradient_boosting": {
      "learning_rate": 0.1,
      "max_depth": 3,
      "n_estimators": 200,
      "subsample": 0.8
    }
  },
  "cross_validation": {
    "svm": {
      "mean_accuracy": 0.8428265163559281,
      "std_accuracy": 0.01609763496475434,
      "mean_precision": 0.7494539626716507,
      "std_precision": 0.039026695874033214,
      "mean_recall": 0.7326709677419354,
      "std_recall": 0.026860245701920422,
      "mean_f1": 0.7400787085729472,
      "std_f1": 0.02190643538021628,
      "mean_auc": 0.9030807477487747,
      "std_auc": 0.0057718471660198195
    },
    "gradient_boosting": {
      "mean_accuracy": 0.823194584959291,
      "std_accuracy": 0.01818887925347105,
      "mean_precision": 0.7115644628744648,
      "std_precision": 0.048237850836568084,
      "mean_recall": 0.7165677419354839,
      "std_recall": 0.021492196391323194,
      "mean_f1": 0.7126341434870694,
      "std_f1": 0.018904367448652173,
      "mean_auc": 0.8879766784452297,
      "std_auc": 0.006633260617668569
    }
  },
  "lopo": {
    "svm": {
      "per_project": [
        {
          "accuracy": 0.8547486033519553,
          "precision": 0.8269230769230769,
          "recall": 0.7166666666666667,
          "f1": 0.7678571428571429,
          "tp": 43,
          "tn": 110,
          "fp": 9,
          "fn": 17,
          "auc": 0.9285714285714286,
          "project": "CONFSERVER",
          "n": 179,
          "n_design": 60,
          "n_nondesign": 119
        },
        {
          "accuracy": 0.7403314917127072,
          "precision": 0.5,
          "recall": 0.723404255319149,
          "f1": 0.591304347826087,
          "tp": 34,
          "tn": 100,
          "fp": 34,
          "fn": 13,
          "auc": 0.7773896475071451,
          "project": "DM",
          "n": 181,
          "n_design": 47,
          "n_nondesign": 134
        },
        {
          "accuracy": 0.8333333333333334,
          "precision": 0.6530612244897959,
          "recall": 0.7111111111111111,
          "f1": 0.6808510638297872,
          "tp": 32,
          "tn": 118,
          "fp": 17,
          "fn": 13,
          "auc": 0.8834567901234568,
          "project": "DNN",
          "n": 180,
          "n_design": 45,
          "n_nondesign": 135
        },
        {
          "accuracy": 0.7752808988764045,
          "precision": 0.5882352941176471,
          "recall": 0.7692307692307693,
          "f1": 0.6666666666666666,
          "tp": 40,
          "tn": 98,
          "fp": 28,
          "fn": 12,
          "auc": 0.8356227106227107,
          "project": "FAB",
          "n": 178,
          "n_design": 52,
          "n_nondesign": 126
        },
        {
          "accuracy": 0.8032786885245902,
          "precision": 0.6081081081081081,
          "recall": 0.8653846153846154,
          "f1": 0.7142857142857143,
          "tp": 45,
          "tn": 102,
          "fp": 29,
          "fn": 7,
          "auc": 0.9268937169700529,
          "project": "JRASERVER",
          "n": 183,
          "n_design": 52,
          "n_nondesign": 131
        },
        {
          "accuracy": 0.7853107344632768,
          "precision": 0.6268656716417911,
          "recall": 0.7636363636363637,
          "f1": 0.6885245901639344,
          "tp": 42,
          "tn": 97,
          "fp": 25,
          "fn": 13,
          "auc": 0.8612518628912071,
          "project": "MESOS",
          "n": 177,
          "n_design": 55,
          "n_nondesign": 122
        },
        {
          "accuracy": 0.7582417582417582,
          "precision": 0.5666666666666667,
          "recall": 0.9107142857142857,
          "f1": 0.6986301369863014,
          "tp": 51,
          "tn": 87,
          "fp": 39,
          "fn": 5,
          "auc": 0.8676303854875284,
          "project": "MULE",
          "n": 182,
          "n_design": 56,
          "n_nondesign": 126
        },
        {
          "accuracy": 0.825136612021858,
          "precision": 0.6666666666666666,
          "recall": 0.7692307692307693,
          "f1": 0.7142857142857143,
          "tp": 40,
          "tn": 111,
          "fp": 20,
          "fn": 12,
          "auc": 0.876981796829125,
          "project": "NEXUS",
          "n": 183,
          "n_design": 52,
          "n_nondesign": 131
        },
        {
          "accuracy": 0.7160493827160493,
          "precision": 0.36,
          "recall": 0.5625,
          "f1": 0.43902439024390244,
          "tp": 18,
          "tn": 98,
          "fp": 32,
          "fn": 14,
          "auc": 0.7038461538461539,
          "project": "SERVER",
          "n": 162,
          "n_design": 32,
          "n_nondesign": 130
        },
        {
          "accuracy": 0.7513812154696132,
          "precision": 0.5,
          "recall": 0.8,
          "f1": 0.6153846153846154,
          "tp": 36,
          "tn": 100,
          "fp": 36,
          "fn": 9,
          "auc": 0.8620915032679739,
          "project": "TIMOB",
          "n": 181,
          "n_design": 45,
          "n_nondesign": 136
        }
      ],
      "mean_f1": 0.6576814382529866,
      "std_f1": 0.08706220755558383,
      "mean_auc": 0.8523735996116782,
      "std_auc": 0.06426562328207142,
      "mean_accuracy": 0.7843092718711546
    },
    "gradient_boosting": {
      "per_project": [
        {
          "accuracy": 0.8547486033519553,
          "precision": 0.8148148148148148,
          "recall": 0.7333333333333333,
          "f1": 0.7719298245614035,
          "tp": 44,
          "tn": 109,
          "fp": 10,
          "fn": 16,
          "auc": 0.9380952380952381,
          "project": "CONFSERVER",
          "n": 179,
          "n_design": 60,
          "n_nondesign": 119
        },
        {
          "accuracy": 0.6906077348066298,
          "precision": 0.4262295081967213,
          "recall": 0.5531914893617021,
          "f1": 0.48148148148148145,
          "tp": 26,
          "tn": 99,
          "fp": 35,
          "fn": 21,
          "auc": 0.7214988885360432,
          "project": "DM",
          "n": 181,
          "n_design": 47,
          "n_nondesign": 134
        },
        {
          "accuracy": 0.8333333333333334,
          "precision": 0.6666666666666666,
          "recall": 0.6666666666666666,
          "f1": 0.6666666666666666,
          "tp": 30,
          "tn": 120,
          "fp": 15,
          "fn": 15,
          "auc": 0.8651851851851852,
          "project": "DNN",
          "n": 180,
          "n_design": 45,
          "n_nondesign": 135
        },
        {
          "accuracy": 0.7471910112359551,
          "precision": 0.5555555555555556,
          "recall": 0.6730769230769231,
          "f1": 0.6086956521739131,
          "tp": 35,
          "tn": 98,
          "fp": 28,