{
  "method": "Traditional ML (TF-IDF + SVM / Gradient Boosting)",
  "timestamp": "2026-03-14T11:32:28.466111",
  "n_manual_samples": 1786,
  "n_augmented_samples": 500,
  "n_total_samples": 2286,
  "include_issue_type": false,
  "tfidf_params": {
    "max_features": 10000,
    "ngram_range": [
      1,
      2
    ]
  },
  "best_params": {
    "svm": {
      "C": 1,
      "gamma": "scale",
      "kernel": "linear"
    },
    "gradient_boosting": {
      "learning_rate": 0.1,
      "max_depth": 3,
      "n_estimators": 100,
      "subsample": 0.8
    }
  },
  "holdout": {
    "svm": {
      "accuracy": 0.8746355685131195,
      "precision": 0.8053097345132744,
      "recall": 0.8125,
      "f1": 0.8088888888888889,
      "tp": 91,
      "tn": 209,
      "fp": 22,
      "fn": 21,
      "auc": 0.925904452690167
    },
    "gradient_boosting": {
      "accuracy": 0.8338192419825073,
      "precision": 0.7391304347826086,
      "recall": 0.7589285714285714,
      "f1": 0.748898678414097,
      "tp": 85,
      "tn": 201,
      "fp": 30,
      "fn": 27,
      "auc": 0.9017663883735313
    }
  },
  "holdout_best_params": {
    "svm": {
      "C": 1,
      "gamma": "scale",
      "kernel": "linear"
    },
    "gradient_boosting": {
      "learning_rate": 0.1,
      "max_depth": 3,
      "n_estimators": 100,
      "subsample": 0.8
    }
  },
  "cross_validation": {
    "svm": {
      "mean_accuracy": 0.8543262018289012,
      "std_accuracy": 0.01757263033692829,
      "mean_precision": 0.779473310529211,
      "std_precision": 0.03383792970689978,
      "mean_recall": 0.773413870246085,
      "std_recall": 0.02762067506624364,
      "mean_f1": 0.7761268579024906,
      "std_f1": 0.02629984315815882,
      "mean_auc": 0.9184202911182776,
      "std_auc": 0.010768610356204597
    },
    "gradient_boosting": {
      "mean_accuracy": 0.819775830602085,
      "std_accuracy": 0.00841106898652163,
      "mean_precision": 0.7164537111641389,
      "std_precision": 0.016978169209225742,
      "mean_recall": 0.7426845637583892,
      "std_recall": 0.032230421251538424,
      "mean_f1": 0.7287436950034972,
      "std_f1": 0.014600865727579314,
      "mean_auc": 0.8947321828060083,
      "std_auc": 0.007833626670881208
    }
  },
  "lopo": {
    "svm": {
      "per_project": [
        {
          "accuracy": 0.8659217877094972,
          "precision": 0.8103448275862069,
          "recall": 0.7833333333333333,
          "f1": 0.7966101694915254,
          "tp": 47,
          "tn": 108,
          "fp": 11,
          "fn": 13,
          "auc": 0.9329131652661063,
          "project": "CONFSERVER",
          "n": 179,
          "n_design": 60,
          "n_nondesign": 119
        },
        {
          "accuracy": 0.7182320441988951,
          "precision": 0.47297297297297297,
          "recall": 0.7446808510638298,
          "f1": 0.5785123966942148,
          "tp": 35,
          "tn": 95,
          "fp": 39,
          "fn": 12,
          "auc": 0.7592886630676404,
          "project": "DM",
          "n": 181,
          "n_design": 47,
          "n_nondesign": 134
        },
        {
          "accuracy": 0.8388888888888889,
          "precision": 0.6739130434782609,
          "recall": 0.6888888888888889,
          "f1": 0.6813186813186813,
          "tp": 31,
          "tn": 120,
          "fp": 15,
          "fn": 14,
          "auc": 0.8880658436213992,
          "project": "DNN",
          "n": 180,
          "n_design": 45,
          "n_nondesign": 135
        },
        {
          "accuracy": 0.7640449438202247,
          "precision": 0.5657894736842105,
          "recall": 0.8269230769230769,
          "f1": 0.671875,
          "tp": 43,
          "tn": 93,
          "fp": 33,
          "fn": 9,
          "auc": 0.8495115995115995,
          "project": "FAB",
          "n": 178,
          "n_design": 52,
          "n_nondesign": 126
        },
        {
          "accuracy": 0.7978142076502732,
          "precision": 0.6,
          "recall": 0.8653846153846154,
          "f1": 0.7086614173228346,
          "tp": 45,
          "tn": 101,
          "fp": 30,
          "fn": 7,
          "auc": 0.9235173223722842,
          "project": "JRASERVER",
          "n": 183,
          "n_design": 52,
          "n_nondesign": 131
        },
        {
          "accuracy": 0.7740112994350282,
          "precision": 0.6027397260273972,
          "recall": 0.8,
          "f1": 0.6875,
          "tp": 44,
          "tn": 93,
          "fp": 29,
          "fn": 11,
          "auc": 0.8798807749627422,
          "project": "MESOS",
          "n": 177,
          "n_design": 55,
          "n_nondesign": 122
        },
        {
          "accuracy": 0.7142857142857143,
          "precision": 0.5204081632653061,
          "recall": 0.9107142857142857,
          "f1": 0.6623376623376623,
          "tp": 51,
          "tn": 79,
          "fp": 47,
          "fn": 5,
          "auc": 0.8551587301587302,
          "project": "MULE",
          "n": 182,
          "n_design": 56,
          "n_nondesign": 126
        },
        {
          "accuracy": 0.825136612021858,
          "precision": 0.6666666666666666,
          "recall": 0.7692307692307693,
          "f1": 0.7142857142857143,
          "tp": 40,
          "tn": 111,
          "fp": 20,
          "fn": 12,
          "auc": 0.8718438050499119,
          "project": "NEXUS",
          "n": 183,
          "n_design": 52,
          "n_nondesign": 131
        },
        {
          "accuracy": 0.691358024691358,
          "precision": 0.3448275862068966,
          "recall": 0.625,
          "f1": 0.4444444444444444,
          "tp": 20,
          "tn": 92,
          "fp": 38,
          "fn": 12,
          "auc": 0.7124999999999999,
          "project": "SERVER",
          "n": 162,
          "n_design": 32,
          "n_nondesign": 130
        },
        {
          "accuracy": 0.7513812154696132,
          "precision": 0.5,
          "recall": 0.9555555555555556,
          "f1": 0.6564885496183206,
          "tp": 43,
          "tn": 93,
          "fp": 43,
          "fn": 2,
          "auc": 0.8764705882352941,
          "project": "TIMOB",
          "n": 181,
          "n_design": 45,
          "n_nondesign": 136
        }
      ],
      "mean_f1": 0.6602034035513398,
      "std_f1": 0.0885724397091862,
      "mean_auc": 0.8549150492245708,
      "std_auc": 0.06535990611831013,
      "mean_accuracy": 0.774107473817135
    },
    "gradient_boosting": {
      "per_project": [
        {
          "accuracy": 0.8491620111731844,
          "precision": 0.7796610169491526,
          "recall": 0.7666666666666667,
          "f1": 0.773109243697479,
          "tp": 46,
          "tn": 106,
          "fp": 13,
          "fn": 14,
          "auc": 0.9260504201680673,
          "project": "CONFSERVER",
          "n": 179,
          "n_design": 60,
          "n_nondesign": 119
        },
        {
          "accuracy": 0.6629834254143646,
          "precision": 0.3939393939393939,
          "recall": 0.5531914893617021,
          "f1": 0.46017699115044247,
          "tp": 26,
          "tn": 94,
          "fp": 40,
          "fn": 21,
          "auc": 0.7157033979040965,
          "project": "DM",
          "n": 181,
          "n_design": 47,
          "n_nondesign": 134
        },
        {
          "accuracy": 0.8222222222222222,
          "precision": 0.6274509803921569,
          "recall": 0.7111111111111111,
          "f1": 0.6666666666666666,
          "tp": 32,
          "tn": 116,
          "fp": 19,
          "fn": 13,
          "auc": 0.8817283950617284,
          "project": "DNN",
          "n": 180,
          "n_design": 45,
          "n_nondesign": 135
        },
        {
          "accuracy": 0.6685393258426966,
          "precision": 0.4507042253521127,
          "recall": 0.6153846153846154,
          "f1": 0.5203252032520326,
          "tp": 32,
          "tn": 87,
          "fp": 39,
          "fn": 20,