Metric,Model 1,Model 2,Mean 1,Mean 2,Diff,t-statistic,t p-value,U-statistic,U p-value,Cohen's d,Significant (p<0.05)
test_f1_score,bert-base-uncased,distilbert-base-uncased,0.8056226470824285,0.7641934238661503,0.04142922321627818,2.3787563727722105,0.017692184698413507,47939.5,0.0113824617237779,0.1962331924874161,True
test_f1_score,bert-base-uncased,roberta-base,0.8056226470824285,0.7482025148493324,0.057420132233096055,3.179268970622478,0.0015547701566709046,49498.5,0.0009887765127186226,0.2621729937493013,True
test_f1_score,distilbert-base-uncased,roberta-base,0.7641934238661503,0.7482025148493324,0.015990909016817878,0.7687609825637401,0.4423514001555355,42966.5,0.45418095130549985,0.064063415213645,False
test_accuracy,bert-base-uncased,distilbert-base-uncased,0.8140783563564835,0.7958850163056138,0.0181933400508697,1.8999680232019234,0.05793044997075673,46294.5,0.08385912817280215,0.1569201039897441,False
test_accuracy,bert-base-uncased,roberta-base,0.8140783563564835,0.7884213157077412,0.025657040648742302,2.6685563282983646,0.007829822475950125,48112.0,0.008806699369571371,0.2203869179433136,True
test_accuracy,distilbert-base-uncased,roberta-base,0.7958850163056138,0.7884213157077412,0.007463700597872602,0.7116237710479805,0.4769868848294176,43174.5,0.3930984882229317,0.059301980920665034,False
test_auc,bert-base-uncased,distilbert-base-uncased,0.8981970909615297,0.8809163216685971,0.01728076929293254,2.298585184332867,0.021881401244285607,50043.5,0.00037107200495544677,0.18995297537967606,True
test_auc,bert-base-uncased,roberta-base,0.8981970909615297,0.8777794967716351,0.020417594189894528,2.6899337950571565,0.007351345168012359,51402.5,2.3913863439692418e-05,0.22226373468573404,True
test_auc,distilbert-base-uncased,roberta-base,0.8809163216685971,0.8777794967716351,0.003136824896961987,0.3919524241183772,0.6952388457119703,43202.0,0.38644178479128943,0.032662702009864764,False
