project	issue_key	issue_type	summary	description	label
FAB	FAB-18127	Task	Integration tests join channel with join-block as follower, then add to consenters set	"Join application channel with join-block as follower.    Define a 3 node raft cluster without a system channel. Join 2 of these to the channel. Submit a few transactions for the  ledger height to be >>1. Submit a config TX (change something other than consensus related stuff) so that the last config will be number > 0.    Start the 3rd node w/o channels. Get the last config block  from one of the 2 active cluster nodes and join the channel on the 3rd node.    Check that the 3rd node pulls all the blocks.    Check the cluster-relation (=follower) and status for the transition (onboarding->active).    Submit some transactions to verify the 3rd pulls blocks.    Submit a config TX that adds the 3rd node to the consenters set.    Submit a few TXs to the 4th to verify it mutated into an etcdraft.Chain. "	Not Design
FAB	FAB-18230	Task	Investigate (and clean up/refactor, if necessary) orderer start sequence after removing system channel	"Investigate the orderer start sequence considering the scenario where the system channel has been removed from an existing network.   * Do we have to set bootstrap method to none in the orderer config for these existing networks? (The obvious thing is that it will log at the info level   [""Not bootstrapping the system channel because of existing channels""|https://github.com/hyperledger/fabric/blob/master/orderer/common/server/main.go#L128] ).  * Does the bootstrap block need to be set to """" for this scenario?  * Consider doc update related to bootstrap method and bootstrap block config options after removing system channel."	Not Design
DNN	DNN-10723	Improvement	SI: Messaging Dispatch: Pass Portal Admin's Display Name along with email address	"Currently whenever a message/notification is sent through the messaging dispatch, the from address is only composed of the portal e-mail address, while the sender address is a mix of the ""Display Name"" of the user who triggered the notification/message + the portal e-mail address.     This results on some confusing names for e-mails coming from the website since password resets and other tasks will have the Portal administrator's display name + portal's email in the from address so the proper name is displayed on the headers; while on the other e-mails only the e-mail address for the Portal is displayed.    To reproduce:    1. Request a password reset and look at the e-mail headers. From / Sender - both of these will have name + e-mail.    2. Trigger a notification message and review the headers. From only has the e-mail, while sender has both the name + e-mail."	Design
SERVER	SERVER-51770	Improvement	"generalize errnoWithDescription to handle <system_error> categories"	"""(split from SERVER-41353)    Errors from different number spaces are being conflated and misreported. Fortunately C\+\+11 has a solution to this problem. We should be using {{<system_error>}} to propagate error *categories* when we capture {{errno}}-style results into C++ with type safety.    This should be a simple but repetitive change affecting places where we encounter system API errors and try to log them.    Then something like errnoWithDescription (which would be renamed) can be assured to give correct results. Windows has POSIX errno AND it also has its own number spaces like the GetLastError DWORD errors. Other APIs in Linux and Windows will introduce their own number spaces, asio, libresolv, openssl, even mongodb itself.    SERVER-41353 would introduce a wrapper to capture the code properly with number-space to associate the integer with a category context when it is captured.    I'm not sure if this ticket and SERVER-41353 can be done separately. SERVER-41353 is more about the immediacy of copying errno/GetLastError before logging statements begin. This one, maybe as follow-up work, or maybe simultaneously, would be more about making sure the captured integers are interpreted properly. It's more about the implementation of errnoWithDescription, and renaming it."""	Design
FAB	FAB-18258	Bug	missing command in step1org3.sh	"I found the function createUpdateConfig in https://github.com/hyperledger/fabric-samples/blob/master/test-network/scripts/org3-scripts/step1org3.sh misses the command:    jq -s '.[0] * {""channel_group"":{""groups"":{""Application"":{""groups"": {""Org3MSP"":.[1]}}}}}' config.json ./organizations/peerOrganizations/org3.example.com/org3.json > modified_config.json  "	Not Design
MULE	MULE-14661	Enhancement Request	Archetype not using connector name in the generated packages	"Archetype not using connector name in the generated packages.    today is generating this `org.mule.extension.internal` and it should be something  like this `org.mule.extension.<nombredelconector>.internal`    :B"	Design
DM	DM-27262	Story	Fix temporary fix to ProcessBrightStarsTask and use gen3 Gaia refcat	"ProcessBrightStarsTask relies on the Gaia refcat to select and extract bright stars from single visit calibrated exposures.    At present, when running in gen3, the Task uses a workaround that relies on a gen2 Butler to obtain the ReferenceObjectLoader.    Once the Gaia refcat (or any subset thereof) is available in gen3, remove this workaround and load it directly in gen3."	Not Design
CONFSERVER	CONFSERVER-60281	Bug	Team Calendar showing wrong start time after daylight savings change on Nov 1	"h3. Problem  When setting up an event from a Jira Issue during the period of 24 hours from Nov 1st, 2 AM to Nov 2nd, 2 AM, the event goes back 1 hour on Team Calendars.  Customers cannot plan in advance during that day because of this issue.  Timezones: CST/EST    h3. Environment  Team Calendar 6.053  Confluence 7.4  Jira 8.8    h3. Steps to Reproduce  * We scheduled a new event starting at 1 AM on Nov 1st.  ** Confluence adds an event at 1 AM on Nov 1st.  * We scheduled a new event starting at 3 AM on Nov 1st.  ** Confluence adds an event at 2 AM on Nov 1st.  * We scheduled a new event starting at 2 AM on Nov 2nd.  ** Confluence adds an event at 1 AM on Nov 2nd.  * We scheduled a new event starting at 5 PM on Nov 1st.  ** Confluence adds an event at 4 PM on Nov 1st.  * Jira issue is being triggered by the Date format: 11/1/2020 03:00 AMERICAS\New_York    h3. Expected Results  Team Calendars show the correct time when they were created    h3. Actual Results  During that 24 hour period, the event goes back 1 hour    h3. Workaround  No workarounds so far.    h3. Notes  [CSP-279832|https://getsupport.<USER>browse/CSP-279832]"	Not Design
CONFSERVER	CONFSERVER-60330	Suggestion	Remove a custom macro in bulk and ensure the text stays on	"h3. Problem  Confluence holds a lot of Spaces and Pages. Inside them, here is an old macro that they do not want to use any longer. Confluence does not allow a way to remove a macro for all pages at once.     h3. Suggested Solution  Add a feature that you can select a Macro and Pages to remove them in bulk. Opting to leave the content on or not.    h3. Why This Is Important  This is a lot of manual work, as Space admins must go page by page and remove them manually.    h3. Workaround  Manual work."	Design
DNN	DNN-10773	Bug	Themes: Applying the InspireSkin to a newly created page throws the inner exception to the page & applying it for the whole site causes the Edit profile page to throw exception	"*+Steps:+*  # Login to DNN_Platform_9.2.0.348-740 as host.  #  From PB, go to settings>Extensions.  # Try to install this skin: InspireSkin.  # Go to pages, create new page and from the advanced> appearance tab make it having the inspire skin.  # Save the page.  # *Result:* >>>>>>>>>> Notice the exception in the page.  # From PB, go to Manage> Themes.  # Select the Inspire skin and click the apply icon on it to apply it for the whole site.  # Click on the user name ""SuperUser"" to get the Activity pages.  # Click on messages link.  # Click on Edit profile button.  #* Result:* >>>>>>>>>> You'll get exception in the page  # Go to DB and check moduleDefinition and modules tables  # *Result: * >>>>>>>> No entries for a new module matching the new installed skin. -- Not sure if there should be but Porto & Dixit skins, the functioning ones, have it.  Snapshots and log attached.  *Note*: that after you apply the theme for the whole site the exception in the page will no longer appear.      *+Expected:+*  - Exceptions should be fixed.  - Please, confirm if DB is an issue that needs fix or not    Exist on platform 9.1.1.129   !image-2018-02-20-11-11-15-172.png|thumbnail!    !image-2018-02-20-11-11-24-062.png|thumbnail!    [^2018.02.20.log.resources-InspireSkin]     Central Jira Link: https://jira.devfactory.com/browse/DNN-17033"	Not Design
MULE	MULE-14656	Story	Implement IBM MQ Connector - Phase 1	"Implement phase 1 of IBM MQ based on the initial spec"	Design
JRASERVER	JRASERVER-71637	Bug	Grant permission' popup is no longer Responsive	"h3. Issue Summary    The 'Grant permission' popup within the Permission Scheme edit page is no longer responsive based on browser/window size, resulting in the options under 'Show more' bleeding out of the container and onto the main page.    This issue was introduced in *8.12.0* and is not occurring in *8.11.X*.  h3. Steps to Reproduce   # Go to '*Jira Administration -> Issues -> Permission schemes*'.   # Select '*Permissions*' under the '*Actions*' column of any permission scheme.   # Select '*Grant permissions*'.   # Choose '*Show More*' to display all available grant options.   # Resize the window vertically until the options bleed into the main page.   ## Or open your browser developer tools and drag it up.    h3. Expected Results    !PopupCorrect.png|width=342,height=142!  h3. Actual Results    !PopupWrong.png|width=329,height=188!  h3. Workaround  h6. Option 1    Resize browser window vertically until all options are visible.  h6. Option 2    Utilize [browser zoom|https://www.wikihow.com/Zoom-With-a-Web-Browser] functionality to zoom out until all options are visible."	Not Design
NEXUS	NEXUS-24912	Improvement	Nexus 2 init.d chkconfig settings	"Looking at : nexus-2.14.18-01/bin/nexus, header says:   {{# Copyright (c) 1999, 2006 Tanuki Software Inc.}}   {{#}}   {{# Java Service Wrapper sh script.  Suitable for starting and stopping}}   {{# wrapped Java applications on UNIX platforms.}}   {{# chkconfig: 2345 20 80}}   {{# description: Test Wrapper Sample Application}}    In nexus-3.25.0-03/bin/nexus, header says:   {{# chkconfig:         2345 75 15}}   {{# description:       nexus}}   {{### BEGIN INIT INFO}}   {{# Provides:          nexus}}   {{# Required-Start:    $local_fs $network $remote_fs $syslog $time}}   {{# Required-Stop:     $local_fs $network $remote_fs $syslog $time}}   {{# Default-Start:     2 3 4 5}}   {{# Default-Stop:      0 1 6}}   {{# Short-Description: nexus}}   {{### END INIT INFO}}         [Run as a Service |https://help.sonatype.com/repomanager3/installation/run-as-a-service]instructions do not mention to adjust settings so most users will use ""as-provided""         *Questions:*     In Nexus 2, why S20 / K 80 ? Seems extremely low and inconsistent with Nexus 3. autofs is not even started. 75 / 15 is more reasonable.    Why start at *init 2* ?    Run-Level 2 is multi-user-mode; no network interfaces and does not export networks services.  One would think Nexus requires both network interfaces and most likely NFS. In fact, N3 also expects {{$local_fs $network $remote_fs}}, so suggests at least Run-Level 3    *Requests:*    Adjust min Start Run-Level to 3    Set Nexus 2 Start/Stop consistent with Nexus 3 or to best settings    In Nexus 2, provide a ""complete"" INFO block:    {{# Provides:}}  {{# Required-Start:}}  {{# Required-Stop:}}  {{# Default-Start:}}  {{# Default-Stop:}}  {{# Short-Description:}}  {{# Description:}}    If using Tanuki Service Wrapper, update to something more current - Latest Stable Release ([Version 3.5.43|https://wrapper.tanukisoftware.com/doc/english/download.jsp#stable])     "	Design
TIMOB	TIMOB-28156	Bug	iOS: Module build failing for modules not having platform directory	"While building ti.map module using SDK 9.2.0.GA,  I am getting following error -       "	Not Design
DM	DM-27151	Story	Allow record information such as detector name in dataIds	"In gen2 people can specify the detector by name in a dataId.    This only seems to work for query expressions at the moment (where you can say things like exposure.name or detector.full_name).    It would be nice if a user could use the detector.full_name=R01_S10 or exposure.name=AT_O_20201002_00043 in a dataId without always requiring the integer forms. Registry does know them and in these two examples they are guaranteed to uniquely define the exposure or detector.    Aside: detector doesn't have detector.name at all so there is an inconsistency there with other dimensions."	Design
CONFSERVER	CONFSERVER-60339	Bug	LDAP users that are auto-added to a can-use group are not re-indexed	"h3. Issue Summary    When an LDAP user is synchronized to Confluence without membership in a group that confers can-use access, that user will not be indexed. If LDAP is configured to auto-add users to a ""can-use"" group when they authenticate for the first time, then when the user logs in they will be able to access and use Confluence, but they won't be re-indexed with that group, and so will still not be found in any feature that uses the index, like mentions, the people directory, <USER>     h3. Steps to Reproduce  # Create LDAP directory (Connector type) in Confluence, making sure that none of the LDAP groups confer can-use access  # Configure the directory to auto-add users to ""confluence-users""   # Synchronize directory. User should appear on the ""Users"" screen without membership in any can-use group.  # Search for that user in People Directory or try to mention them on a page. This shouldn't be possible since the user does not belong to a group that can access Confluence. This is expected.   # Wait for user to log in for first time and be added to ""confluence-users"" group  # Search for that user in People Directory or try to mention them on a page    h3. Expected Results    The user can be found in the People Directory and in any other feature that utilizes the index    h3. Actual Results    User cannot be found in the index, even though they appear on the ""Users"" screen and can log in with membership in a can-use group    h3. Workaround    Make a minor edit to the user's profile to trigger a re-index of their user object. "	Not Design
FAB	FAB-18185	Task	Call ACLProvider.CheckACLNoChannel directly when there is no channel	"This is a follow up to the PR review discussion:  [https://github.com/hyperledger/fabric/pull/1791#discussion_r475417325]    In the referred PR, we added a CheckACLNoChannel func to ACLProvider interface. With this interface update, it may cause confusion due to inconsistent calling pattern:   * if you work with SignedProposal and have no channel , existing code calls the CheckACL with channelID as an empty string   * if you work with SignedData and have no channel, new code calls CheckACLNoChannel     We should update the existing code to explicitly call CheckACLNoChannel when there is no channel.     "	Not Design
MESOS	MESOS-10060	Task	Create code to bind-mount domain sockets into docker-type executor containers	"Same as MESOS-10037, but for containers of type `DOCKER`."	Design
DM	DM-27131	Story	Fix pickling of Task with parent	"In DM-27097 we are having difficulties with multiprocessing because in order to pickle RawIngestTask in that context we need to pickle the parent task. In general, ensuring that every parent task is pickleable is hard to do and it turns out that a task only needs its parent task to do some minor adjustments to internal configuration and does not use the parentTask at all other than when pickling.    Change pickling in Task so that it pickles the things it needs from the parent task but does not pickle the parent task."	Not Design
DM	DM-27217	Story	Avoid deadlocks in Database.sync	"The new implementation of Database.sync introduced on DM-24355 is subject to deadlocks, as first reported [here|https://lsstc.slack.com/archives/C2JPT1KB7/p1603061206230500].    This is actually a problem with any code that uses the {{lock}} argument to {{Database.transaction}}, because that acquires a SHARED lock (in PostgreSQL) that can be owned by multiple readers, and when both readers then try to upgrade to a more exclusive lock for writing, we get a deadlock.    A partial, simple, possibly-good-enough-for-now fix is to do at a table level what we already do at a full-database level in SQLite - make explicit transaction locking EXCLUSIVE, and thus force any other processes waiting for a lock to block.  It looks like (according to the [PostgreSQL|https://www.postgresql.org/docs/current/explicit-locking.html] docs) this does not prevent concurrent reads from the same table.  This is only a partial fix because I think the exclusive lock probably needs to be acquired at the outermost transaction context in order to force blocking instead of deadlocks.  That's in daf_butler's control in the Datastore case that's causing problems now, but it's in obs_base or skymap code in other concrete {{Database.sync}} usage contexts, and since {{Registry.transaction}} is a public API we can't control usage from spreading to other external code a swell.  I think the only way to express that in terms of interfaces is to go back to the original idea of this ticket, which is to make {{Database.sync}} itself into a context manager that cannot be nested within other transactions, but which starts its own transaction context in which other operations can be nested.    Anyhow, given that the intended usage of {{Database.sync}} is primarily on small, infrequently modified tables (like those that track {{instruments}} and {{Datastore}} s), I don't think that locking is likely to be a problem, except perhaps for our usage of {{sync}} on {{exposure}} in raw ingest (but even there, let's just keep an eye on that and deal with it if it becomes a problem).  Longer-term, I there's an alternate approach to all of this that uses SERIALIZABLE transaction isolation and retries instead of explicit locking, and that may scale better to more concurrency as well as be more database-agnostic.  But that's a lot harder to map to a usable Python interface, because those retries need to include all database calls in the same transaction context, not just those invoked by {{Database.sync}}, and that means we need to remember those calls in the Python layer rather than forward them on to SQLAlchemy immediately.  DM-26302 will probably require interface changes that would be similar to the kinds of interface changes this would require (i.e. having {{Database.transaction}} return a connection-holding object that would be used to make database calls, instead of those happening on the {{Database}} itself).    I am leaning towards just using this ticket for the simple/partial fix, and deferring future API-change work to other tickets, because aside from the Datastore creation race problem (which the simple fix should address), any other problems should be both extremely rare and work-around-able via manual retries.  I'll open other tickets for future work when I close this one, if necessary."	Design
NEXUS	NEXUS-25491	Bug	Admin - Change Repository Blob Store task spawns threads which are not named contextually	"The Admin - Change Repository Blob Store task spawns threads which have a default name: ie. pool-xxxxx-thread-x    Threads and thread pools should spawn threads should be contextually named to aid problem diagnosis in thread dumps. This is something addressed in several different versions of NXRM.    For motivation and context refer to similar issues NEXUS-14110 and NEXUS-21198  h4. Expected    All thread pools and threads in those pools should be given a name that is relevant to the feature area that is responsible for that pool.    [https://stackoverflow.com/questions/6113746/naming-threads-and-thread-pools-of-executorservice]"	Design
TIMOB	TIMOB-24780	New Feature	iOS 11: Expose new API's to Ti.SafariDialog	"iOS 11 offers new configuration methods for the Ti.SafariDialog module:  * barCollapsingEnabled: Decide whether or not you want to collapse the nav-bar during scrolling  * dismissButtonStyle: Different dismiss-styles for the nav-button (done, close, cancel).  * Expose {{AuthenticationSession}} API"	Design
CONFSERVER	CONFSERVER-60297	Suggestion	Edits for Moffitt Intranet Page	"When perusing I found the following typos:    On Dr. Wenig's profile: Armed is misspelled     !image-2020-09-18-11-54-57-638.png!         Dr. Mandy O'Leary is misspelled on the faculty page under Informatics and Blood Bank headings.    !image-2020-09-18-11-56-02-449.png!    !image-2020-09-18-11-56-10-306.png!         In Dr. O'Leary's bio, a space is missing between University and M.D. (should there be a period after the D?)    !image-2020-09-18-11-56-54-313.png!          "	Design
MESOS	MESOS-10026	Improvement	Improve v1 operator API read performance.	"Currently, the v1 operator API has poor performance relative to the v0 json API. The following initial numbers were provided by [~<USER> from our state serving benchmark:       |OPTIMIZED - Master (baseline)| | | | |  |Test setup|1000 agents with a total of 10000 running tasks and 10000 completed tasks|10000 agents with a total of 100000 running tasks and 100000 completed tasks|20000 agents with a total of 200000 running tasks and 200000 completed tasks|40000 agents with a total of 400000 running tasks and 400000 completed tasks|  |v0 'state' response|0.17|1.66|8.96|12.42|  |v1 x-protobuf|0.35|3.21|9.47|19.09|  |v1 json|0.45|4.72|10.81|31.43|      There is quite a lot of variance, but v1 protobuf consistently slower than v0 (sometimes significantly so) and v1 json is consistently slower than v1 protobuf (sometimes significantly so).    The reason that the v1 operator API is slower is that it does the following:    (1) Construct temporary unversioned state response object by copying in-memory un-versioned state into overall response object. (expensive!)  (2) Evolve it to v1: serialize, de-serialize into v1 overall state object. (expensive!)  (3) Serialize the overall v1 state object to protobuf or json.  (4) Destruct the temporaries (expensive! but is done after response starts serving)    On the other hand, the v0 jsonify approach does the following:    (1) Serialize the in-memory unversioned state into json, by traversing state and accumulating the overall serialized json.    This means that v1 has substantial overhead vs v0, and we need to remove it to bring v1 on-par or better than v0. v1 should serialize directly to json (straightforward with jsonify) or protobuf (this can be done via a io::CodedOutputStream)."	Design
SERVER	SERVER-51452	Task	"TenantMigrationConflict should store a shared_ptr to the TenantMigrationAccessBlocker"	"""This ensures that the [<USER>block|https://github.com/mongodb/mongo/blob/ee3c94bb462b757cd12e77c6c23ac3e56b01c194/src/mongo/db/repl/tenant_migration_donor_util.h#L113] in the service entry point is able to find out the migration's outcome.    Otherwise, it's unlikely but possible that the migration would have completed and been forgotten by the time the <USER>block executes.    This ticket should add a test that if the migration is forgotten before the <USER>block executes, the operation still correctly returns the migration's outcome."""	Design
CONFSERVER	CONFSERVER-60300	Suggestion	Share a template across multiple spaces but not globally	"h3. Background    From my research, there is no current way to share a template across multiple spaces without making it global to all users. We are in a large company with many separate spaces and tens of thousands of users, so global is too broad for most templates that a team would create.    For example, one team with their own space has created a functional spec template that other users in a different space may find useful, but we don't want to spam thousands of people with this in their create page popups.     The current solutions I see are:    1) Create a new template in the 2nd space by copy and paste   .. or ..    2) Create a global template for all Confluence users         This is also related to the ability to [copy/import/export|https://jira.<USER>browse/CONFSERVER-7752?error=login_required&error_description=Login+required&state=4f84a1bf-7b50-4e6b-8c50-b0c726e4ed8f] templates using other than the keyboard copy and paste shortcuts.   h3. Request    This request is for an intermediate template option where a template can be configured to share across _some_ spaces within the Confluence installation but not _all_ spaces like a global template would.  h3. Benefits:   * Reduce redundancy and manual effort to maintain templates that may be evolving across spaces   * Restrict global template views to only relevant spaces.         Reference:    [Community discussion how to share templates|https://community.<USER>t5/Confluence-questions/How-do-I-share-templates-between-spaces-in-Confluence/qaq-p/84806]     "	Design
SERVER	SERVER-51786	New Feature	"Option for build variants using feature-flag to not generate BFGs"	"""When developing a new feature guarded by a feature-flag (disabled by default) it is useful to have a special build variant that enables the feature in development. Projects could have multiple engineers and such builder makes collaboration easier where incremental change turns the builder more and more green. It also makes it easier for the project lead to be informed of the status of the project.    However it is expected that a feature in development is not functioning properly with many failing tests generating BFGs, wasting time for the build baron(s).    It would be great if there was a way to specify in the evergreen configuration that a build variant should not generate BFGs on failures so it can be used as described above without impacting other teams."""	Design
DM	DM-24185	Story	Deploy for DBB Buffer Mngrs v1.1 Gen2 for BOT images (endpoint only)	"Deploy for DBB Buffer Mngrs v1.1 Gen2 for BOT images (endpoint only)  This ticket had been created automatically Primavera ID: None"	Design
SERVER	SERVER-51701	Improvement	"Formalize relationship between ingress Sessions and Clients"	"""Currently, every {{Client}} _may_ have a {{Session}} ([here|https://github.com/mongodb/mongo/blob/af298544ba207890ef3dc9da9b5b7db8e17eb2bb/src/mongo/db/client.h#L120-L133]). I think we should formalize this relationship:  - We should invariant that _every_ ingress {{Client}} has a {{Session}} and every service {{Client}} does not.  - We should have a {{Client}} pointer in {{Session}} that is valid only if the {{Session}} is an ingress {{Session}}.    This will make it easier to work with ingress {{Client}} instances and allow us to access decorations deeper into the transport infrastructure."""	Design
JRASERVER	JRASERVER-71687	Suggestion	Cannot view the full name for attachment in description column	"If the attachment name is too big then We observe that part of the display name for attachment does not show up while selecting attachment from the attachment column. Would like to request for a feature for display name to be visible completely    "	Design
MESOS	MESOS-10158	Bug	Mesos Agent gets stuck in Draining due to pending unacknowledged status updates	"A Mesos agent can get stuck in the Draining mode caused by pending unacknowledged status updates. When the framework becomes disconnected, the agent keeps sending task status updates for terminated tasks of that framework. This leads to a problem when the agent gets stuck in the Draining state because the master transitions the agent from DRAINING to DRAINED state only after all task status updates get acknowledged.    This problem can be resolved by sending [""Teardown"" operation|https://github.com/apache/mesos/blob/8ce5d30808f3744eeded09d530f226079d569a94/include/mesos/v1/master/master.proto#L299-L303] for all lost frameworks. However, it would be much better if this situation could be handled automatically by the Master. At least, we should make it easier for an operator to find out what prevents draining operation to complete."	Not Design
CONFSERVER	CONFSERVER-60412	Suggestion	Documentation Promotion Update Capability	"Hello,         Evening! Currently I use Confluence as a means to document technical aspects and internal facing procedures. A feature that would be very useful and efficient a promote to Prod feature/function.         For Example - My company uses both a ""Staging/test"" workspace for documentation where many colleagues can collaborate on a page and review all documentation requirements/specs/info prior to us moving over to our official PROD documentation workspace. We currently have to copy and paste and it can be quite time consuming depending on what type of technical requirement/information is being displayed/updated. The function that would elevate confluence to the next level and honestly make this application much easier to use is function that allows you to link 2 pages together or workspaces that allows you to take one page (Must share the same name or a token to link them together) and then promote all updates from the lower documentation workspace (STAGING/TEST) to a production environment. This would overwrite the existing page in PROD with the new updates being promoted from the lower workspace environment. "	Design
MESOS	MESOS-10030	Improvement	Better error message than "unknown container"	"When a task fails to start due to a Docker image fetch timeout the {{TASK_FAILED}} message is {{unknown container}} or {{Container not found}}.      See this log example        Ideally the error message would indicate that the fetch timed out."	Design
SERVER	SERVER-51720	Bug	"BSONElement::_binDataVector incorrect bindata-type-2 bounds"	"""I could be wrong, but I think {{BSONElement::_binDataVector}} uses incorrect bounds for the {{std::vector<uint8_t>}} result constructor when retrieving the data for a bindata-type-2 (the ByteArrayDeprecated bindata subtype).    https://github.com/mongodb/mongo/blob/8751e79bc03b5c4c679040440ac76481fd3db356/src/mongo/bson/bsonelement.h#L565-L567    {code:c++}      std::vector<uint8_t> _binDataVector() const {          if (binDataType() != ByteArrayDeprecated) {              return std::vector<uint8_t>(reinterpret_cast<const uint8_t*>(value()) + 5,                                          reinterpret_cast<const uint8_t*>(value()) + 5 +                                              valuestrsize());          } else {              // Skip the extra int32 size              return std::vector<uint8_t>(reinterpret_cast<const uint8_t*>(value()) + 4,                                          reinterpret_cast<const uint8_t*>(value()) + 4 +                                              valuestrsize() - 4);      The difference between ByteArrayDeprecated (binDataType==2) and other binData payloads is that it has a wasted redundant 4-byte length field. So we need to skip over that when returning the binData payload. I think the intend of the +4 was to skip over this length, but it's incorrectly specified here. It should be that we skip 4 beyond what we'd do for other binData types, and they already skip 5.    I'll note also that valuestrsize() might be smaller than 4 if the BSON is malformed, so we should skip 4 bytes, but no more than {{valuestrsize()}}, to ensure that the {{vector}} arguments are a valid range.    In other words,    {code:c++}      std::vector<uint8_t> _binDataVector() const {          auto first = reinterpret_cast<const uint8_t*>(value()) + 5;          auto last = first + valuestrsize();          if (binDataType() == ByteArrayDeprecated)              first += std::min<size_t>(4, last - first);  // skip extra int32 size.          return {first, last};  }  {code}  """	Not Design
DM	DM-24684	Improvement	Extend the Replication/Ingest framework and REST API with algorithms and tools for indexing catalogs	"The current implementation of the Replication/Ingest doesn't provide any mechanism for managing (inspecting, creating or dropping) indexes on the data tables within Qserv. Only a few essential (for Qserv to function) indexes get automatically created. A lack of indexes may affect a performance of many user queries. Hence a goal of this development is to add the following capabilities to the system:  * extending the Replication Framework with a set of _request_ and _job_ classes for managing indexes at workers.  * adding a command-line version of the Replication _controller_ tool for managing the indexes  * extending the REST services of the *Master Replication Controller* with the index management services    Other notes:  * the REST services need to be protected with the _auth_key_ mechanism as explained in: https://jira.lsstcorp.org/browse/DM-22745  * it may be necessary to consider putting a cap on the number of indexes which were created by the system due to disk space constraints at a particular Qserv deployment. For example, the system may need to evaluate the amount of the available disk space on the coresponding file system (at Qserv workers) before attempting to create a new index.  "	Design
TIMOB	TIMOB-28077	Improvement	iOS14: Expose new error type in Bonjure Service and update doc to align with Local n/w privacy restrictions	"In iOS 14, Apple has put restriction on accessing local network. It requires user permission.   To show the prompt developer need to add key [NSLocalNetworkUsageDescription|https://developer.apple.com/documentation/bundleresources/information_property_list/nslocalnetworkusagedescription?language=objc]  in tiapp.xml and if using Bonjure Service, that need to be added in info.plist using key [NSBonjourServices |https://developer.apple.com/documentation/bundleresources/information_property_list/nsbonjourservices] . More detail can be found in WWDC video https://developer.apple.com/videos/play/wwdc2020/10110/.  In iOS 14, new error [constant|https://developer.apple.com/documentation/foundation/nsnetserviceserror/nsnetservicesmissingrequiredconfigurationerror?language=objc] is given. In titanium, it need to added in Ti.Network.BonjureService and expose as error string.  "	Design
DNN	DNN-7847	Task	DCC - Move cache from repository classes to managers classes	"Currently the cache logic for the management of the entities of the DCC is located at the repository level. It should be located inside the manager classes, and the repository classes should be only in charge of data access management.  This change affects mainly to Dynamic Content Types, Field Definitions and Templates."	Not Design
SERVER	SERVER-51687	Bug	"Suffix generation for idents in the durable catalog can conflict"	"""We use [DurableCatalogImpl::_rand|https://github.com/mongodb/mongo/blob/19bef363124a342208b7ba6cdb558285427e78e0/src/mongo/db/storage/durable_catalog_impl.h#L259] as the suffix when generating new idents in the server. The ['_rand' is generated at startup|https://github.com/mongodb/mongo/blob/19bef363124a342208b7ba6cdb558285427e78e0/src/mongo/db/storage/durable_catalog_impl.cpp#L405] and remains const throughout the uptime of the server. During the initialization of the durable catalog, we check if there's an [entry colliding with the '_rand'|https://github.com/mongodb/mongo/blob/19bef363124a342208b7ba6cdb558285427e78e0/src/mongo/db/storage/durable_catalog_impl.cpp#L493-L496] we've generated. If this '_rand' is already in use by an existing ident, we'll generate a new one. However, we only [check the contents of the '_catalogIdToEntryMap' for existing idents|https://github.com/mongodb/mongo/blob/19bef363124a342208b7ba6cdb558285427e78e0/src/mongo/db/storage/durable_catalog_impl.cpp#L416-L423] which only contains the idents starting with """"collection-"""" and not the idents starting with """"index-"""". It isn't guaranteed that all the indexes belonging to a collection share the same ident suffix as demonstrated below.     Startup mongod with an empty /data/db directory.      The '_rand' used is *-4816864174458775216* and the contents of /data/db are the following:      After creating the collection *test.a*, the contents of /data/db are the following:      From this we can deduce that the idents belonging to collection *test.a* are  * collection-7--4816864174458775216.wt  * index-8--4816864174458775216.wt (_id index)    Now we restart the server to generate a new '_rand'.      As we can see, the DurableCatalogImpl::_hasEntryCollidingWithRand() function only checks for ident conflicts on the idents starting with """"collection-"""". The new '_rand' is now *3852150022159100276*    After creating an additional index on collection *test.a*, the /data/db has the following contents:      So now, collection *test.a* owns the following idents  * collection-7--4816864174458775216.wt  * index-8--4816864174458775216.wt (_id index)  * index-0-3852150022159100276.wt (newly created index)    Upon restarting the server one last time, we see that DurableCatalogImpl::_hasEntryColldingWithRand() only checks against the idents starting with """"collection-""""        Because we're only checking for conflicts against idents starting with """"collection-"""", it's possible for us to re-use '_rand' 3852150022159100276 because of this. Statistically speaking, this has a very low probability to happen."""	Not Design
CONFSERVER	CONFSERVER-60338	Bug	Creating questions in Questions for Confluence solely using certain characters leaves the question inaccessible	"h3. Issue Summary    _Questions for Confluence_ doesn't handle certain special characters solely as the title.  _Questions for Confluence_ still accepts the question in the UI, but afterwards users can't easily access the question and therefore cannot delete it.  h3. Steps to Reproduce   # Install _Questions for Confluence_   # Enter a new question of '????' (without the quotes)   # The question will show up in the 'Recent' questions list but the link to it is not functional and the question cannot be easily removed unless the '?' characters are passed on the URL as %3F.  eg.  (http://localhost:8090/questions/5144594/%3F%3F%3F%3F%3F?src=browse)    h3. Expected Results    Any accepted input should be handled and encoded correctly in links encoded within _Questions for Confluence_.  h3. Actual Results    A created question using only special characters (eg. ???) is not accessible.       ||Question||Encoding||Ok?||  |Is there anyone out there?|http://localhost:8090/questions/5144606/is-there-anyone-out-there?src=browse|Ok|  |_????_|http://localhost:8090/questions/5144594/?src=browse|Not ok|  |##|http://localhost:8090/questions/5144616/%23%23|Ok|  |%%%|http://localhost:8090/questions/5144627/?src=browse|Not ok|            h3. Workaround    Manually append the character encoding if it has been removed. For example, to access a question of '????', modify the URL from:    to    UTF-8 encoding can be referenced from [W3schools|https://www.w3schools.com/tags/ref_urlencode.ASP].     Whilst not a suitable workaround for users, this will allow inaccessible questions to be accessed and deleted."	Not Design
DNN	DNN-10771	Bug	Delete portal error	"can't delete portals, error:    2018-02-19 14:55:33,399 [serername][Thread:227][ERROR] Dnn.PersonaBar.Sites.Services.SitesController - System.UnauthorizedAccessException: Access to 'D...wwwroot' denied. ---> System.ComponentModel.Win32Exception: Access is denied     --- End of inner exception stack trace ---     at SchwabenCode.QuickIO.Internal.InternalQuickIOCommon.NativeExceptionMapping(String path, Int32 errorCode)     at SchwabenCode.QuickIO.Internal.InternalQuickIO.GetFindDataFromPath(QuickIOPathInfo pathInfo)     at DotNetNuke.Common.Utilities.FileSystemUtils.DeleteFilesRecursive(String strRoot, String filter)     at DotNetNuke.Entities.Portals.PortalController.DeletePortal(PortalInfo portal, String serverPath)     at Dnn.PersonaBar.Sites.Services.SitesController.DeletePortal(Int32 portalId)    Checked al the permissions and this can't be the problem"	Not Design
DNN	DNN-10823	Bug	non SSL page on a SSL enabled website API credentials popup	"When you have a website that is SSL enforce and you visit a page that does not have SSL enabled you get a popup asking for credentials for the API    Maybe I have something misconfigured in my web.config?    I get the following error in the event viewer refering to an anti-forgery cookie.    Check  05/11/2018 14:20:57  General Exception    AbsoluteURL /API/personaBar/UserSettings/UpdateUserSettings DefaultDataPro     AbsoluteURL:/API/personaBar/UserSettings/UpdateUserSettings    DefaultDataProvider:DotNetNuke.Data.SqlDataProvider, DotNetNuke    ExceptionGUID:83935b37-2788-4029-9e90-3fff1d7f3a8f    AssemblyVersion:    PortalId:-1    UserId:-1    TabId:-1    RawUrl:    Referrer:    UserAgent:    ExceptionHash:3zB25QVJF0XM4FJ9F6a4yKlFI10=    Message:The required anti-forgery cookie ""__RequestVerificationToken"" is not present.    StackTrace:    at DotNetNuke.Web.Api.ValidateAntiForgeryTokenAttribute.OnActionExecuting(HttpActionContext actionContext) at System.Web.Http.Filters.ActionFilterAttribute.OnActionExecutingAsync(HttpActionContext actionContext, CancellationToken cancellationToken) --- End of stack trace from previous location where exception was thrown --- at System.Runtime.ExceptionServices.ExceptionDispatchInfo.Throw() at System.Runtime.CompilerServices.TaskAwaiter.HandleNonSuccessAndDebuggerNotification(Task task) at System.Web.Http.Tracing.Tracers.ActionFilterAttributeTracer.<>c__DisplayClassd.<b__a>d__f.MoveNext() --- End of stack trace from previous location where exception was thrown --- at System.Runtime.ExceptionServices.ExceptionDispatchInfo.Throw() at System.Runtime.CompilerServices.TaskAwaiter.HandleNonSuccessAndDebuggerNotification(Task task) at System.Web.Http.Tracing.ITraceWriterExtensions.d__24.MoveNext() --- End of stack trace from previous location where exception was thrown --- at System.Runtime.ExceptionServices.ExceptionDispatchInfo.Throw() at System.Runtime.CompilerServices.TaskAwaiter.HandleNonSuccessAndDebuggerNotification(Task task) at System.Web.Http.Filters.ActionFilterAttribute.d__0.MoveNext() --- End of stack trace from previous location where exception was thrown --- at System.Runtime.ExceptionServices.ExceptionDispatchInfo.Throw() at System.Runtime.CompilerServices.TaskAwaiter.HandleNonSuccessAndDebuggerNotification(Task task) at System.Web.Http.Controllers.ActionFilterResult.d__2.MoveNext() --- End of stack trace from previous location where exception was thrown --- at System.Runtime.ExceptionServices.ExceptionDispatchInfo.Throw() at System.Runtime.CompilerServices.TaskAwaiter.HandleNonSuccessAndDebuggerNotification(Task task) at System.Web.Http.Filters.AuthorizationFilterAttribute.d__2.MoveNext() --- End of stack trace from previous location where exception was thrown --- at System.Runtime.ExceptionServices.ExceptionDispatchInfo.Throw() at System.Runtime.CompilerServices.TaskAwaiter.HandleNonSuccessAndDebuggerNotification(Task task) at System.Web.Http.Controllers.ExceptionFilterResult.d__0.MoveNext()    InnerMessage:    InnerStackTrace:    Source:DotNetNuke.Web    FileName:    FileLineNumber:0    FileColumnNumber:0    Method:"	Not Design
SERVER	SERVER-51653	New Feature	"Ban uses of unstable command parameters with apiStrict: true"	"""In the """"API Version Testing"""" project we added a boolean field """"unstable"""" to <USER>command parameters in the IDL for API Version 1 commands. Unstable parameters are not guaranteed to be backward-compatible, even though they are parameters of V1 commands. We plan to use the """"unstable"""" field only when comparing old and new releases' IDL definitions of V1 commands; we'll ignore incompatible changes to unstable <USER>    However, [~<USER> makes a good suggestion: at runtime, ban the use of unstable parameters in client requests that include apiStrict: true.  """	Design
SERVER	SERVER-51715	Bug	"Wrap timestamps with tojson() in log lines in optime.js"	"""In BF-19108 we see that log lines that concatenate timestamps can error out due to  changes introduced in SERVER-21861. We should wrap timestamps with {{tojson()}} to prevent logging from throwing the error {{Cannot toString timestamps}}."""	Not Design
NEXUS	NEXUS-25236	Bug	"Discard" button fails with error for external user	"h4. SYMPTOM:  Granting a role to a LDAP or SAML user, then clicking ""Discard"" button generates a javascript error:   !image-2020-09-10-18-14-26-127.png|thumbnail!     h4. REPRODUCE STEPS:  # Setup Nexus 3.27 with LDAP (or SAML)  # Pick a LDAP user and add some role, eg: nx-anonymous  # Do not click [ Save ], but click [ Discard ]    h4. EXPECTED BEHAVIOUR:  No javascript error.    h4. ACTUAL BEHAVIOUR:  Javascript error:   Uncaught TypeError: CreateListFromArrayLike called on non-object (http://hostname:8081/static/rapture/baseapp-prod.js?_v=xxxx&_e=PRO:1)    Also, after this error, other pages do not render properly, so that browser reload is required.    "	Not Design
MESOS	MESOS-10102	Bug	MasterAPITest.ReservationUpdate is flaky	"There seems to be two kinds of flakes:            The most likely cause of these flakes is the fact that the test calls Agent API to validate the result of reservation update, but actually never waits for the agent to apply the operation."	Not Design
TIMOB	TIMOB-28141	New Feature	iOS/macOS: Support Swift Package Manager (SPM) in modules	"In the modern iOS/macOS ecosystem, the Apple-owned ""Swift Package Manager"" is the new way of managing external dependencies. While other solutions like Cocoapods and Carthage still exist, the future is definitely the Swift Package Manager.    In general, you just ned to paste the Github link of the library into Xcode, select the version (or version range) and Xcode will find the correct version of the library.    This is already possible in modules today (I wondered as well), but the problem is that the SPM settings belong into the generated app, not the module Xcode project.    Technically, what it needs to support this, is *relatively* simple:  # Verify the module / app extension compilation. This probably does not need *any* changes, because mainly {{xcodebuild}} is used here and that works  # Copy the {{Package.resolved}} file of the module into the module zip. It looks like this:    # Reference the {{Package.resolved}} during build and re-generate the pbxproj references for SPM:    All required data of that can be received from the {{Package.resolved}} file of each module :-)  # Finally: Add the framework references to the pbxproj like before, e.g.      I can assist with sample projects and further information if requested!    P.S.: Supporting this, modules will also shrink in size by > 95% and make the Appc Github CI happy :) "	Design
CONFSERVER	CONFSERVER-60364	Bug	Files uploaded in Attachment macro via drag and drop is not visible in Attachment macro pointing to a different page.	"h3. Issue Summary    Files uploaded in Attachment macro via drag and drop is not visible in Attachment macro pointing to a different page. It gets added as an attachment to the current page.  h3. Steps to Reproduce   # Create a new Page A   # Add attachment Macro in it and point it to a different page B with attachments.   # Save the Page   # All the attachments from Page B are visible in the attachment macro on Page A   # Drag and Drop an attachment in the macro. The attachment should be visible on the macro but is added in the attachments in the Page A but not visible in the attachment Macro.    h3. Expected Results    Attachments should be added in the Attachment Macro.    If I used browse instead of drag and drop, the attachments are visible in the attachment macro. However with drag and drop this doesn't seem to be the case.     The attachment should be added to the page B and not to page A.  h3. Actual Results    Attachments are added to the current page.  h3. Workaround    Use browse instead of drag and drop, the attachments will be  visible in the attachment macro."	Not Design
SERVER	SERVER-51660	Task	"Propagate resharding fields through the enqueued metadata combination algorithm"	"""If we have multiple CollAndChunkTasks enqueued to be persisted to disk, we will lose the {{reshardingFields}} field [when iterating through the tasks|https://github.com/mongodb/mongo/blob/14bfbd8833706912617c0c904cce9847fbbbd0f1/src/mongo/db/s/shard_server_catalog_cache_loader.cpp#L1346-L1386].     We're assuming with this ticket that the iteration will be from oldest to newest, so we can always prefer the next task's {{ReshardingFieds}} struct when iterating. This ticket's implementer will need to verify that assumption with [~<USER>.    If the above assumption isn't correct, we can write a {{ReshardingFields}} comparator. It's safe just to compare based on state, because the coordinator should never modify the {{ReshardingFields}} for a collection when not also modifying state."""	Design
DNN	DNN-10700	Bug	Image preview does not change after URL change and redirected to the same page	"*Steps*  Add a new page.  Add a module journal to the page.  Add the following URL and press space or enter  www.google.ca.    *Actual result -* Image preview is generated as expected.    Now change the URL to www.dnnsoftware.com .  *Actual result -* New image preview is not generated ,old preview remains.  *Expected -* New preview should be generated.    Share the post and click the preview.  *Actual Result -* Redirected to the same page.  *Expected -*  Should take to the relevant URL.  "	Not Design
MULE	MULE-14817	Task	Salesforce Connector Review - Phase 1	"Salesforce Connector Review - Phase 1"	Not Design
MULE	MULE-14695	Task	Add proper test coverage to secure-property-extension	"Test coverage is around 55%. It needs to be at least 80%"	Not Design
CONFSERVER	CONFSERVER-60241	Bug	Companion app will not work if the windows user acount username contains special chracters (#, @, %, and etc))	"h3. Issue Summary  If the windows user account username contains special characters, Companion app will not be able to allow the user to open the file and re upload it after the user edited the file.    h3. Steps to Reproduce  # Create a local window account with username {{#test}}  # Login with the account that just created  # Try to access a Confluence page with an attachment  # Edit the attachment to launch the companion app  # An error will appear.  (i) For details, please refer to the following video.   [^Recording #3.mp4]     h3. Expected Results  User is able to edit the file and upload to Confluence    h3. Actual Results  User is not able to upload the file after edited the attachment as Companion app is not able to upload it.    The below exception will appear when user edit the attachment.      h3. Workaround  Remove the special characters for the windows account username and ensure the folder name for the user do not contains special characters as well."	Not Design
TIMOB	TIMOB-28071	Improvement	iOS: Use new build system in module build	"In Xcode 12 , Apple has deprecated 'Legacy Build System'. In titanium module build 'Legacy Build System' is still used. See [here|https://github.com/<USER>titanium_mobile/blob/59f313aef87d3ea3492b3216cacec7900dc7a6b7/iphone/cli/commands/_buildModule.js#L465]. Update to use  'New Build System'."	Design
CONFSERVER	CONFSERVER-60379	Bug	Team Calendar Events Created using 6.0.50 version of Team Calendar does not work on any mail client	"h3. Problem    Team Calendar Events Created using 6.0.50 version of Team Calendar does not work on any mail client    h3. Environment  .  Confluence : Any version. Tested using 7.5.1  Team Calendar : 6.0.50    h3. Steps to Reproduce    1. Create a calendar and events within this calendar using Team Calendar version 6.0.50  2. Either export this calendar as .ics file and attempt to view it on a mail client like outlook  or  1. Choose  to the right of the calendar name, then choose Subscribe.  2. Select iCal from the Calendar app dropdown (don't choose Outlook for one-way sync).  3. Copy the Calendar URL.    4. Use this url in outlook for importing this calendar and events.    h3. Expected Results    The calendar events created using team calendar should be listed here.    h3. Actual Results    Events are not listed.    h3. Workaround  No workaround at this point other than upgrading Team Calendar to higher version like 6.0.53    h3. Notes  "	Not Design
DNN	DNN-10710	Bug	Prompt : Copy module does a shallow copy	"1- Open DNN platform and login as Superuser  2- Open PB > Manage > Pages  3- Create two pages(source with html module - destination empty)  4- Open PB > Settings > Prompt  5- Use list-pages to capture source and distnation page ids  6- Use list-modules --pageid SourcePageID => to capture the moduleid  7- Use CopyModule moduleID --pageid sourcePageId --DistnationPageID DistnationPage  8- After successful copy, modify the text in the source and verify that distnation still the same     Expected results:  - This should be deep copy not a reference copy    Results:  - It only copy a the reference   https://www.screencast.com/t/6MHRFL2W7b"	Not Design
MULE	MULE-11788	Task	Spike on OAuth support for SDK	"Spike on OAuth support for SDK"	Not Design
MULE	MULE-14803	Bug	XML SDK modules do not support reading properties from an external file	"XML SDK modules do not support `<configuration-properties />`, i.e., reading properties from an external file:        is caused by     <mule:logger message=""Creating user"" level=""DEBUG"" category=""$\{log\}"" />    together with     <mule:configuration-properties file=""config.properties"" doc:name=""Props"" />    The exact same code (minus the `mule` XML namespace) works in a Mule app"	Not Design
MESOS	MESOS-10124	Bug	OpenSSLSocketImpl on Windows with 'support_downgrade' is incorrectly polling for read readiness.	"OpenSSLSocket is currently using the zero byte read trick on Windows to poll for read readiness when peaking at the data to determine whether the incoming connection is performing an SSL handshake. However, io::read is designed to provide consistent semantics for a zero byte read across posix and windows, which is to return immediately.    To fix this, we can either:    (1) Have different semantics for zero byte io::read on posix / windows, where we just let it fall through to the system calls. This might be confusing for users, but it's unlikely that a caller would perform a zero byte read in typical code so the confusion is probably avoided.    (2) Implement io::poll for reads on windows. This would make the caller code consistent and is probably less confusing to users."	Not Design
MULE	MULE-14670	Bug	IllegalStateException when disposing application after initialise phase failed	"Using Mule 4.1 when the HTTP Listener is starting, but the designed port is not avaible, the listener fails and makes the application start to dispose, but when disposing Mule throws {{Caused by: java.lang.IllegalStateException: Lifecycle Manager 'org.mule.Registry.Spring' phase 'initialise' does not support phase 'stop'}}    "	Not Design
TIMOB	TIMOB-28205	Bug	Angular: packaging an angular app fails	"h5. Steps to reproduce:  1. Create an angular app.  2. Try to package it for android & ios via CLI or after importing it to studio.    h5.Actual result:  1. Packaging fails with:      h5.Expected result:  1. The app is packaged successfully."	Not Design
MULE	MULE-14810	Bug	Unable to get exception details inside mule interceptor	"While executing the mule flow if exception is thrown then that exception details are not availble in the Interceptor's *last()* method. This is because the exception strategy is executed after the call to the *last()* method of the interceptor. Let's say in below flow snippet if I throw some exception then I am unable to get that exception details inside Interceptor.    <flow name=""test-logingFlow"">   <http:listener config-ref=""HTTP_Listener_Configuration"" path=""/test/log"" doc:name=""HTTP""/>   <custom-interceptor class=""com.mule.interceptor.LoggingInterceptor"" doc:name=""Logging Interceptor""/>      <!-- I want to get below exception details inside the Interceptor -->   <validation:is-not-null value=""#[payload]"" message=""Payload should not be null"" exceptionClass=""java.lang.NullPointerException"" doc:name=""Null Check""/>      <catch-exception-strategy doc:name=""Catch Exception Strategy"">   <set-payload value=""Error Occured"" doc:name=""Set Payload""/>   </catch-exception-strategy>   </flow>         And my LoggingInterceptor is extending AbstractEnvelopeInterceptor and the method is below.         @Override   public MuleEvent last(MuleEvent event, ProcessingTime time, long startTime, boolean exceptionWasThrown) throws MuleException \{    if (exceptionWasThrown) \{   ExceptionPayload exceptionPayload = (ExceptionPayload) event.getMessage().getExceptionPayload();   System.out.println(""========>"" + exceptionPayload); // it is printing null      }    } catch (Exception e) \{   LOG.error(""Error occurred in Logging Interceptor : "", e);   }      return event;   }"	Not Design
DM	DM-27143	Story	Update document builds to use GitHub Actions / current build template	"In this Community Forum post we announced a new build system for our documents: [https://community.lsst.org/t/technical-notes-are-migrating-to-github-actions/4191]    With pybtex 0.23, released today, Lander no longer works with Python 3.5.    This ticket is to upgrade all PDF-based documents to use the current template that haven't already been migrated by their curators."	Design
NEXUS	NEXUS-25286	Bug	a docker connector port set to the same value as one of the main NXRM jetty connector ports can prevent startup	"In general, when a docker repository port is configured to a value of a port already in use by any other process on the host, this will not prevent startup of NXRM: NEXUS-19527    A special case exists where if a docker repository http or https port is configured to be matching the same port as the same NXRM instance Jetty application connector ports, then startup will fail.    h4. Reproduce    Start NXRM with default 8081 port.  Add a docker repo with http port of 9081.  Shut down NXRM and edit etc/nexus.properties application-port value to be 9081  Try to start NXRM. Startup will fail with logs containing a message similar to:        h4. Expected    The main application-port / application-port-https ports should always take precedence over individual repo connector ports and where a conflict occurs, only the repo connector is allowed to fail starting. NXRM application should not be prevented from starting.  "	Not Design
JRASERVER	JRASERVER-71617	Bug	Pagination and refresh button are not directly visible when banner is used	"h3. Issue Summary    If any kind of announcement banner is used results summary in Issue Search is not directly visible and additional scrollbar is added.  h3. Steps to Reproduce   # Set any kind of announcement banner.   # Go to Issue Search and turn on the List Mode.    h3. Expected Results    Pagination and refresh buttons always visible. No double vertical scrollbar.    !image-2020-09-25-15-50-25-439.png|width=520,height=287!  h3. Actual Results    Pagination and refresh button are hidden. Double scrollbar appears.    !image-2020-09-25-15-51-17-532.png|width=456,height=232!  h3. Workaround    Turn off the banner."	Not Design
MESOS	MESOS-10068	Bug	Mesos Master doesn't send AGENT_REMOVED when removing agent from internal state	"Hello,         Looking at the documentation of the master {{/api/v1}} endpoint, the {{SUBSCRIBE}} message says that only {{TASK_ADDED}} and {{TASK_UPDATED}} is supported for this endpoint, but when a new agent joins the cluster a {{AGENT_ADDED}} event is received.    The problem is that when this agent is stopped the {{AGENT_REMOVED}} is not received by clients subscribed to the master API.         I testes this behavior with versions: {{1.7.3}}, {{1.8.2}} and {{1.9.1}}. All using the docker image {{mesos/mesos-centos}}.    The only way I saw a {{AGENT_REMOVED}} event was when a new agent joined the cluster but the master couldn't communicate with this agent, in this specific test there was a firewall blocking port {{5051}} on the slave, that is, no body was being able to tal to the slave on port {{5051}}.       h2. Here are the steps do reproduce the problem   * Start a new mesos master   * Connect to the {{/api/v1}} endpoint, sendingo a {{SUBSCRIBE}} message:   **        * Start a new slave and confirm the {{AGENT_ADDED}} event is delivered;   * Stop this slave;   * Checks that {{/slaves?slave_id=AGENT_ID}} returns a JSON response with the field {{active=false}}.   * Waits for mesos master stop listing this slave, that is, {{/slaves?slave_id=AGENT_ID}} returns an empty response;    Even after the empty response, the event never reaches the subscriber.         The mesos master logs shows this:    And then:    And some time after this:         Even after this removal, the {{AGENT_REMOVED}} event is not delivered.         I will attach the full master logs also.         Do you think this could be a bug?"	Not Design
DM	DM-27159	Bug	measurePhotonTransferCurve.py fails on LSSTCam	"I ran a PTC task on BOT run 12606, the first time we have the full LSSTCam.  Six CCDs failed to return results.  I am tracking down the reasons. Four CCDs failed for the same reason, R01_S20 (det 6), R11_S21 (det 43), R23_S10 (det 102), R43_S11 (det 184).  The error given in 'RuntimeError: dictionary changed size during iteration'.  below is a command line that reproduces the error, and the error string.    Command line:    Error:  "	Not Design
FAB	FAB-18210	Bug	Don't call the haltCallback in etcdraft.Chain when the chain was previously Halt	"After Halt() was called, e.g. from RemoveChannel, it might happen that the internal halt() is still called by one of the chain's go-routine. In this case, halt() should not call the haltCallback."	Not Design
DNN	DNN-10782	Bug	Prompt: "Config" command is not working properly	"*+Steps+*:  # Login as host  (Platform . 09.02.00 (351))  # Go to settings> Prompt  # Type ""list-modules""  # Type ""config 50%""  # Notice the prompt area.    *+Result:+*  - You'll find that the prompt area still in full size, however the scroll got shrunk to 50 % and the results is displayed in this area only.    *+Expected:+*  - The prompt area in this case should be 50% of the height, then when typing back ""config100%"", it should get to full size   !image-2018-02-27-13-38-04-233.png|thumbnail!    !image-2018-02-27-13-38-14-850.png|thumbnail!     Central Jira Link: https://jira.devfactory.com/browse/DNN-17471"	Not Design
NEXUS	NEXUS-24858	Improvement	Allow `Repair - Reconcile component database from blob store` task for NuGet	"As an administrator of Nexus Repository Manager 3, if I find my database out of sync with my blob store or in need of repair and I use NuGet, I would like the `Repair - Reconcile component database from blob store` to include the NuGet format."	Design
FAB	FAB-18265	Task	Always Use DummyKeyStore In PKCS11 BCCSP	"1.4.7 Fabric introduced a breaking change in BCCSP when using persistent write protected storage on Kubernetes. Prior to 1.4.7 if the user set `core.peer.bccsp.pkcs11.filekeystore` the directory was never created. In 1.4.7, a small refactoring forced the directory to start being created, despite the fact it wasn't needed. For users who use kubernetes and init containers to create the directories, this change prevents the peer startup sequence from happening due to these volumes being write protected.    A PKCS11 BCCSP provider does not require a keystore. We should remove the path that initializes a keystore and always use a dummy keystore instead."	Not Design
CONFSERVER	CONFSERVER-60311	Bug	Broken Image for plugin Placeholder	"h3. Issue Summary    Confluence generates a lot of Broken Image for plugin Placeholder error.  {code:java}  2020-09-09 08:15:19,931 ERROR [http-nio2-8090-exec-8] [ContainerBase.[Standalone].[localhost].[/]] log Unhandled exception occurred whilst decorating page   -- referer: https://confluence.example.com/pages/viewpage.action?pageId=345506124&src=contextnavpagetreemode | url: /plugins/servlet/confluence/placeholder/error | traceId: 8db6e7517bc8c069 | userName: y008692  java.lang.IllegalArgumentException: input == null!   at java.desktop/javax.imageio.ImageIO.read(Unknown Source)   at com.atlassian.confluence.tinymceplugin.placeholder.DefaultPlaceholderImageFactory.getIcon(DefaultPlaceholderImageFactory.java:195)   at com.atlassian.confluence.tinymceplugin.placeholder.DefaultPlaceholderImageFactory.getPlaceholderImage(DefaultPlaceholderImageFactory.java:92)   at com.atlassian.confluence.tinymceplugin.placeholder.DefaultPlaceholderImageFactory.getPlaceholderImage(DefaultPlaceholderImageFactory.java:54)   at com.atlassian.confluence.tinymceplugin.placeholder.DefaultPlaceholderImageFactory.getPlaceholderImage(DefaultPlaceholderImageFactory.java:44)  {code}  h3. Steps to Reproduce   # This can be reproduced very easily, I have used the mentioned user scenario but that case any other plugin image also. I created a page in Confluence and mentioned one user using @ mention.   !Screenshot 2020-09-08 at 3.06.43 PM.png|width=618,height=182!   # Now, using Confluence Source editor, I changed the Mentioned user User_key to any dummy number.   !Screenshot 2020-09-08 at 3.20.32 PM.png|width=537,height=152!   # After doing that, I started getting the same error message.    h3. Expected Results    Confluence should display a proper error message that a particular image is broken.  h3. Actual Results    The below exception is thrown in the atlassian.confluence.log file:    h3. Workaround    Currently, there is no known workaround for this behavior. A workaround will be added here when available    But such error can be ignored as this is not impacting any Confluence functionality."	Not Design
DNN	DNN-10697	Bug	IE Issue: Execution of get command in console of Prompt doesn't work	"Tested in v. 09.02.00 (323)-661 - in Chrome, IE & FF browsers    *+Steps to Reproduce:+*  # Go to PB -> Settings -> Click on Prompt  # Enter the Get command and execute it in the console  # Eg. *1) get-module 356 --pageid 34*           *2) get-module 8 --pageid 8*  *+Test Step:+*  (x) Verify the execution of ""Get"" command with valid data in Prompt displays the appropriate data in IE  browser  (x) Verify the execution of ""Get"" command with invalid data in Prompt displays the appropriate message in IE  browser    *Test Result:*  *Issue:* Execution of command doesn't work at all   !screenshot-1.png|thumbnail! "	Not Design
NEXUS	NEXUS-24851	Improvement	Document All Expected Response Codes for REST API	"The swagger API documentation should document all expected response codes for the REST API including all expected responses for successful requests.          "	Design
FAB	FAB-18187	Story	Back-porting Go Modules to 1.x	"Is there any chance that the migration to go modules could be back-ported for the latest 1.x release (1.4.8 at the time of this writing)?    I want to write a chain code with the latest 1.x version, but really dislike the legacy package management of go and the need to manage $GOPATH and other env vars (personal preference).    If I understand it correctly all it would take is a single commit that adds a go.mod file on the 1.x branch and then a release of a minor version that gets tagged so go can pick it up as a version. Also happy to send a PR with this if people support the idea. Please advise."	Design
SERVER	SERVER-51775	Improvement	"Failpoint to disable periodic uptime reporter thread should instead just disable uptime reporting"	"""The disableShardingUptimeReporterPeriodicThread failpoint [stops the whole uptime reporter thread|https://github.com/mongodb/mongo/blob/5362f02f26313574e3aa8cadcc6fd66bc43f301b/src/mongo/s/sharding_uptime_reporter.cpp#L115-L119], but this is overkill for the intended purpose of not doing uptime reporter writes on the configsvrs (because this thread is also responsible for refreshing the balancer state and CWRWC defaults).  This failpoint should be renamed to disableShardingUptimeReporting, and its effect changed to just skipping/short-circuiting reportStatus()."""	Design
CONFSERVER	CONFSERVER-60295	Suggestion	Better to add grid type of field in Jira instead of using third party plugins like idalko grid editor	"As of now, we are using idalko grid editor plugin for grid type of fields and facing some report issue. Whereas if there is grid type of field in Jira , then there might not be a report values issue."	Design
DM	DM-27153	Story	Defaulting the instrument in registry	"Unlike gen2, gen3 can work with multiple instruments and so therefore generally requires that an instrument be specified in a dataId or where clause when selecting datasets.    This requirement to always specify an ""unnecessary"" instrument has generated some negative feedback.    The problem with globally declaring that a registry only has one instrument is that if you ever change your mind (say adding LATISS data to an LSSTCam registry) then all the code that assume the instrument would default now breaks.    One proposal is to treat instrument as a special property (see also DM-27152) and allow for instruments to be associated with specific collections. If you are using collection ""HSC/raw/all"" then it is likely that a single instrument is relevant. If a collection happens to include data from multiple instruments it would not be associated with a defaulted instrument but that would be rare and in most cases would have been deliberately configured to be like that."	Design
NEXUS	NEXUS-25037	Bug	Auto blocking enabled turned off does not turn the feature off	"Create a maven 2 proxy repo to remote URL https://packages.atlassian.com/mvn/maven-external/. Make sure the setting Auto blocking enabled is NOT turned on ( checked ). Save.    Send an inbound request for an artifact that does not exist at the remote site, but causes the remote site to return 401 response. A 401 response from a remote is intended to auto-block a repository ( if the Auto block feature is enabled ).    Example:    Client requests this http://localhost:8081/repository/atlassian-maven/com/example/example/0.1.029/maven-metadata.xml  NXRM sends to remote and gets 401, then sets the repo status to unavailable:        h4. Expected    When the Auto blocking feature for a proxy repository is disabled, then the repository should never become blocked automatically or have the repo status set to anything other than READY or AVAILABLE.    Note: There is a manual set Blocked setting - that setting is independent and takes precedence if turned on.    "	Not Design
MESOS	MESOS-10053	Task	Update Docker executor to set Docker container's resource limits and `oom_score_adj`	"This is to set resource limits for command task which will run as a Docker container."	Not Design
MESOS	MESOS-10168	Task	Add secrets support to the CSI volume managers	"We must update our CSI code to pass secrets to CSI drivers when staging/unstaging and publishing/unpublishing volumes. We must ensure that we avoid writing any secrets to disk by holding a secret resolver in the appropriate component to resolve secrets associated with already-attached volumes during/after recovery."	Design
SERVER	SERVER-51784	Task	"Create privilege that exempts operations from contributing to resource consumption metrics"	"""Create a new privilege given only to __system and automation users that exempts their operations from contributing to global resource consumption metrics."""	Design
NEXUS	NEXUS-12237	Technical task	REST API replacement for /service/local/artifact/maven/resolve	"Main use case: https://support.sonatype.com/hc/en-us/articles/213465488-How-can-I-retrieve-a-snapshot-if-I-don-t-know-the-exact-filename-    This endpoint returns a JSON response DTO with information about the resolved Maven artifact using the parameters passed in the request."	Design
FAB	FAB-18227	Sub-task	Kubernetes - Perform Join By Snapshot With Large Payload Using CouchDB	"Using the snapshot files generated in the previous task, bootstrap a new peer using `peer channel joinbysnapshot` command.    Record the time for each snapshot to join and graph it as a function block height and attach it to this Jira.    Acceptance Criteria: A graph of the time to join as a function of blockheight is available for review"	Design
DNN	DNN-10724	Improvement	Prompt: Mis-Alignment of Close icon on Scroll bar	"*+Steps to Reproduce:+*  # Go to PB -> Settings -> Prompt   # In console, enter the command ""list-modules""  # View the display of close icon on Scroll bar    *+Expected Result:+*  Alignment of Close icon and Scroll bar should be proper in prompt console    *+Actual Result:+*  Alignment of close icon on scroll bar isn't proper   !image-2018-01-23-19-57-11-655.png|thumbnail! "	Design
MESOS	MESOS-10076	Task	Cgroups isolator: create nested cgroups	"Update Cgroups isolator to create nested cgroups for a nested container, which supports nested cgroups, during container launch preparation."	Not Design
FAB	FAB-18268	Task	Add SetPolicies() to easily replace multiple policies in an existing configuration in bulk	"As a user of Fabric Config Library, I would like to replace policies in bulk like *(*ApplicationGroup)SetACLs()*.         *Motivation:*   In the current Fabric Config Library replacing multiple policies in an existing configuration could be a bit tedious.   For example, the following methods could be considered to achieve this at present:   - Method 1: Repeat *SetPolicy()* and *RemovePolicy()* for the group to be replaced.   - Method 2: Use *Configuration()* to get the config struct for the group -> replace the policy fields in that config struct -> then use *SetXXX()* to reconfigure   ** NOTE: some groups does not seem to support this way (e.g., *ordererGroup.SetConfiguration()* is skips updating policies)    By providing functions to replace multiple policies in bulk, users can change multiple policies with a single function call, so users should not need a tedious method like the above two.         *Example for usage of the proposed function:*  {code:go}  a := c.Application()  a.SetPolices(newPolicies) // replace the all existing policies in the configuration with newPolicies in bulk  {code}       *Targets to add the new functions:*   - ApplicationGroup   - ApplicationOrg   - ChannelGroup   - ConsortiumOrg   - OrdererGroup   - OrdererOrg"	Not Design
FAB	FAB-18243	Story	Provide metrics around HSM operations.	"We are doing HSM performance testing and decided it would be valuable to add metrics around PKCS11 calls so we can easily see how many calls are being made and, more importantly, how long the calls are taking.         This would help users be able to quickly spot HSM related issues vs issues in fabric itself.         Some possible metrics, although this is off the top of my head, so please provide what you think makes sense:        * Time each call takes   * Number of calls   * Session Pool size?   * Metrics on sessions that are removed from the pool because they are invalid?"	Design
CONFSERVER	CONFSERVER-60344	Bug	Race condition on i18n caching, which prevent health check monitor plugin running healcheck	"h3. Issue Summary    When restoring full export from Cloud to Confluence Server, there will be a lot of failed health check warning. The health check task can finishing running due to i18n cache is locked.  h3. Steps to Reproduce    We currently can't reproduce the problem  h3. Expected Results    The health check plugin run normally.  h3. Actual Results    The below exception is thrown in the xxxxxxx.log file:    h3. Workaround    Running confluence with more param but it could slow due to reload i18n resource:   "	Not Design
JRASERVER	JRASERVER-71723	Bug	Adding a custom field option value with more than 255 characters results on a 500 error page	"h3. Issue Summary    When updating an option value with more than 255 characters at a ""Select List (single choice)"" custom field, a 500 error page is exhibited.  The issue happens because the value exceeds the size from column ""customvalue"" of the table ""customfieldoption"".    h3. Steps to Reproduce  # Create a ""Select List (single choice)"" custom field with any option value.  # At the Jira Custom Fields management page (Administration > Issues > Custom fields), click at the Actions > Configure button for the newly created custom field.  # At the bottom of the page, click at the ""Edit Options"" link.  # Try to add a new Custom Field Option or edit one that already exists using a text field with more than 255 characters.  # A 500 error page will occur when trying to save the value      h3. Expected Results    There should be a filter at the UI for these fields, limiting the field up to 255 characters.    h3. Actual Results    A 500 error message containing the text below:          h3. Workaround    Currently there is no known workaround for this behavior. A workaround will be added here when available"	Not Design
MULE	MULE-14826	Bug	HttpResponseBuilder doesn't close stream after convert it to byte array.	"HttpResponseBuilder code uses the IOUtils.toByteArray method that like the most of the apache common methods, doesn't close the stream that copies.  We should close the stream in our code. "	Not Design
DM	DM-26177	Story	Write the Test Framework of SAL LabVIEW API in Phase 1	"Write the test framework of SAL LabVIEW API. This task begins to construct a framework to test the LabVIEW API for each new SAL update. In the past, we used the component CSC in LabVIEW to test this. Now, we need a framework to test this automatically. The SAL LabVIEW APIs rely on the shared memory, which is not needed for the C++ and JAVA APIs. Therefore, this kind of automatic test framework should be helpful for the maintenance of CSC in LabVIEW. This task is in the phase 1."	Design
NEXUS	NEXUS-14083	Improvement	Add Amazon EC2 Container Registry (ECR) support for Docker proxy registries	"At the moment I haven't been able to find a way to use an Amazon ECR repository as a backend for a Nexus Docker proxy repository.    The main piece missing is the need to deal with ECR's specific login mechanism. AWS ECR requires the user to get the authentication token to be used as `docker login` credentials through their AWS CLI/API ([https://docs.aws.amazon.com/AmazonECR/latest/userguide/Registries.html#registry_auth|https://docs.aws.amazon.com/AmazonECR/latest/userguide/Registries.html#registry_auth]). This token expires in 12 hours, so adding fixed Authentication headers to Nexus proxy repository configuration is not an option.    It would be great to have this use-case covered."	Design
DM	DM-25616	Story	Migrate to Fastly's built-in configuration features	"Since our initial launch of LSST the Docs in 2016, Fastly has incorporated built-in configuration options for several of the things that we originally needed to add custom configuration for. There are also configuration aspects that are no longer relevant.    This ticket is to make these configuration changes. Note that DM-24955 is where we're fixing directly index support with query strings.   # Switch `Redirect to HTTPS` request setting to the built-in `Force TLS and enable HSTS`. Also, drop the ""If not TLS"" condition to ""Reset original host for HTTPS redirect"" [https://docs.fastly.com/en/guides/enabling-hsts-through-fastly]   # Drop the RTD redirect Content header settings.   # Stop using `900` range for internal states. Instead, use `600`. Based on Howell's blog post from [McDowell|https://www.integralist.co.uk/posts/fastly-varnish/].   # Change headers like http.location to `http.Location`.   # Fastly's built-in error page support (e.g. 404).   # Fastly's built-in gzip support"	Design
DM	DM-25683	Story	Migrate stable to new argocd framework	"Update stable to the new science-platform way of doing things, like we did for int.  Should be simpler since we've hopefully found most of the issues.  Also clear out old broken stuff like abandonded namespaces."	Design
CONFSERVER	CONFSERVER-59020	Suggestion	REST API Endpoint for Content Indexing Queue pending items	"For monitoring purposes, it would be helpful to have an endpoint that would return the output of the page http://<confluence>/admin/viewindexqueue.action, focusing the output to the amount of pending indexing items in the queue.    That'd help customers have visibility of their index queue in a proactive way, having them take measures when that queue is increasing and not decreasing a given period of time."	Design
FAB	FAB-18178	Documentation	Documentation for Channel Participation API	"In addition to documenting this new feature, we need to decide what to do about the all the existing documentation around the requirement for a system channel:    Key concepts:   *  Capabilities capabilities_concept.md     - Membership membership/membership.md   - Blockchain network network/network.html   - Policies policies/policies.md    Arch ref:   - Defining capability requirements capability_requirements.rst    Command ref:   - Configtxgen commands/configtxgen.md    Tutorials   - Updating a channel configuration config_update.md   - Creating a channel create_channel..md   - Using configtx.yaml to build a channel configuration create_channel_config.md   - Using the Fabric test network test_network.md   -    Operations Guides   - Channel configuration (configtx) configtx.rst   - Migrating from Kafka to Raft kafka_raft_migration.md   - Membership service providers msp.rst   - Setting up an ordering node orderer_deploy.md   - Configuring and operating a Raft ordering service raft_configuration.md   -    Upgrading to the latest release   - Upgrading to the latest release upgrade.rst   - Enabling the new chaincode lifecycle enable_cc_lifecycle.md   - Updating the capability level of a channel updating_capabilities.md   - Considerations for getting to v2.x upgrade_to_newest_version.md         FAQ   - Fabric-FAQ.html         ------------------------------------    *Fabric v2.3 MVP doc*    *Concept*: TBD best effort    *Task*: Tutorials   - New: Creating a channel create_channel..md   - Potentially update: Using configtx.yaml to build a channel configuration create_channel_config.md    *Reference*: New CLI doc in the Command reference section (auto generated using similar pattern as peer chaincode CLI)     "	Design
TIMOB	TIMOB-24723	New Feature	Android: Support V8 inspector API for debugging to replace "legacy" debugger protocol	"As of V8 5.8, the "";legacy"" debugger protocol is deprecated (and may be removed). We need to update our debugger agent/shim to talk to the V8 inspector APIs. Additionally, we should move to using websockets as the carrying protocol (rather than the http-style header/byte payload legacy devtools protocol). This would allow us to use Chrome DevTools to debug our apps, separately from Studio."	Design
TIMOB	TIMOB-28081	Bug	Android: App build fails if it includes an Apache "commons-logging" library	"*Summary:*  If an app includes an Apache ""commons-logging"" library via gradle (or a module that references it via gradle), then it will fail to build.    *Steps to reproduce:*  # Create a ""Classic"" Titanium app project.  # Add the below ""build.gradle"" file to project folder: {{./platform/android}}  # Build for Android.    ./platform/android/build.gradle  {code:groovy}  dependencies {   implementation 'commons-logging:commons-logging:1.1.3'  }    [ERROR] [GRADLE]   [ERROR] [GRADLE] FAILURE: Build failed with an exception.  [ERROR] [GRADLE]   [ERROR] [GRADLE] * What went wrong:  [ERROR] [GRADLE] Execution failed for task ':app:checkDebugDuplicateClasses'.  [ERROR] [GRADLE] > 1 exception was raised by workers:  [ERROR] [GRADLE]   java.lang.RuntimeException: Duplicate class org.apache.commons.logging.Log found in modules jetified-commons-logging-1.1.3.jar (commons-logging:commons-logging:1.1.3) and jetified-titanium-9.2.0-runtime.jar (org.<USER>titanium:9.2.0)  [ERROR] [GRADLE]   Duplicate class org.apache.commons.logging.LogConfigurationException found in modules jetified-commons-logging-1.1.3.jar (commons-logging:commons-logging:1.1.3) and jetified-titanium-9.2.0-runtime.jar (org.<USER>titanium:9.2.0)  [ERROR] [GRADLE]   Duplicate class org.apache.commons.logging.LogFactory found in modules jetified-commons-logging-1.1.3.jar (commons-logging:commons-logging:1.1.3) and jetified-titanium-9.2.0-runtime.jar (org.<USER>titanium:9.2.0)  [ERROR] [GRADLE]   Duplicate class org.apache.commons.logging.LogFactory$1 found in modules jetified-commons-logging-1.1.3.jar (commons-logging:commons-logging:1.1.3) and jetified-titanium-9.2.0-runtime.jar (org.<USER>titanium:9.2.0)  [ERROR] [GRADLE]   Duplicate class org.apache.commons.logging.LogFactory$2 found in modules jetified-commons-logging-1.1.3.jar (commons-logging:commons-logging:1.1.3) and jetified-titanium-9.2.0-runtime.jar (org.<USER>titanium:9.2.0)  [ERROR] [GRADLE]   Duplicate class org.apache.commons.logging.LogFactory$3 found in modules jetified-commons-logging-1.1.3.jar (commons-logging:commons-logging:1.1.3) and jetified-titanium-9.2.0-runtime.jar (org.<USER>titanium:9.2.0)  [ERROR] [GRADLE]   Duplicate class org.apache.commons.logging.LogFactory$4 found in modules jetified-commons-logging-1.1.3.jar (commons-logging:commons-logging:1.1.3) and jetified-titanium-9.2.0-runtime.jar (org.<USER>titanium:9.2.0)  [ERROR] [GRADLE]   Duplicate class org.apache.commons.logging.LogFactory$5 found in modules jetified-commons-logging-1.1.3.jar (commons-logging:commons-logging:1.1.3) and jetified-titanium-9.2.0-runtime.jar (org.<USER>titanium:9.2.0)  [ERROR] [GRADLE]   Duplicate class org.apache.commons.logging.LogFactory$6 found in modules jetified-commons-logging-1.1.3.jar (commons-logging:commons-logging:1.1.3) and jetified-titanium-9.2.0-runtime.jar (org.<USER>titanium:9.2.0)  [ERROR] [GRADLE]   Duplicate class org.apache.commons.logging.LogSource found in modules jetified-commons-logging-1.1.3.jar (commons-logging:commons-logging:1.1.3) and jetified-titanium-9.2.0-runtime.jar (org.<USER>titanium:9.2.0)  [ERROR] [GRADLE]   Duplicate class org.apache.commons.logging.impl.AvalonLogger found in modules jetified-commons-logging-1.1.3.jar (commons-logging:commons-logging:1.1.3) and jetified-titanium-9.2.0-runtime.jar (org.<USER>titanium:9.2.0)  [ERROR] [GRADLE]   Duplicate class org.apache.commons.logging.impl.Jdk13LumberjackLogger found in modules jetified-commons-logging-1.1.3.jar (commons-logging:commons-logging:1.1.3) and jetified-titanium-9.2.0-runtime.jar (org.<USER>titanium:9.2.0)  [ERROR] [GRADLE]   Duplicate class org.apache.commons.logging.impl.Jdk14Logger found in modules jetified-commons-logging-1.1.3.jar (commons-logging:commons-logging:1.1.3) and jetified-titanium-9.2.0-runtime.jar (org.<USER>titanium:9.2.0)  [ERROR] [GRADLE]   Duplicate class org.apache.commons.logging.impl.Log4JLogger found in modules jetified-commons-logging-1.1.3.jar (commons-logging:commons-logging:1.1.3) and jetified-titanium-9.2.0-runtime.jar (org.<USER>titanium:9.2.0)  [ERROR] [GRADLE]   Duplicate class org.apache.commons.logging.impl.LogFactoryImpl found in modules jetified-commons-logging-1.1.3.jar (commons-logging:commons-logging:1.1.3) and jetified-titanium-9.2.0-runtime.jar (org.<USER>titanium:9.2.0)  [ERROR] [GRADLE]   Duplicate class org.apache.commons.logging.impl.LogFactoryImpl$1 found in modules jetified-commons-logging-1.1.3.jar (commons-logging:commons-logging:1.1.3) and jetified-titanium-9.2.0-runtime.jar (org.<USER>titanium:9.2.0)  [ERROR] [GRADLE]   Duplicate class org.apache.commons.logging.impl.LogFactoryImpl$2 found in modules jetified-commons-logging-1.1.3.jar (commons-logging:commons-logging:1.1.3) and jetified-titanium-9.2.0-runtime.jar (org.<USER>titanium:9.2.0)  [ERROR] [GRADLE]   Duplicate class org.apache.commons.logging.impl.LogFactoryImpl$3 found in modules jetified-commons-logging-1.1.3.jar (commons-logging:commons-logging:1.1.3) and jetified-titanium-9.2.0-runtime.jar (org.<USER>titanium:9.2.0)  [ERROR] [GRADLE]   Duplicate class org.apache.commons.logging.impl.LogKitLogger found in modules jetified-commons-logging-1.1.3.jar (commons-logging:commons-logging:1.1.3) and jetified-titanium-9.2.0-runtime.jar (org.<USER>titanium:9.2.0)  [ERROR] [GRADLE]   Duplicate class org.apache.commons.logging.impl.NoOpLog found in modules jetified-commons-logging-1.1.3.jar (commons-logging:commons-logging:1.1.3) and jetified-titanium-9.2.0-runtime.jar (org.<USER>titanium:9.2.0)  [ERROR] [GRADLE]   Duplicate class org.apache.commons.logging.impl.ServletContextCleaner found in modules jetified-commons-logging-1.1.3.jar (commons-logging:commons-logging:1.1.3) and jetified-titanium-9.2.0-runtime.jar (org.<USER>titanium:9.2.0)  [ERROR] [GRADLE]   Duplicate class org.apache.commons.logging.impl.SimpleLog found in modules jetified-commons-logging-1.1.3.jar (commons-logging:commons-logging:1.1.3) and jetified-titanium-9.2.0-runtime.jar (org.<USER>titanium:9.2.0)  [ERROR] [GRADLE]   Duplicate class org.apache.commons.logging.impl.SimpleLog$1 found in modules jetified-commons-logging-1.1.3.jar (commons-logging:commons-logging:1.1.3) and jetified-titanium-9.2.0-runtime.jar (org.<USER>titanium:9.2.0)  [ERROR] [GRADLE]   Duplicate class org.apache.commons.logging.impl.WeakHashtable found in modules jetified-commons-logging-1.1.3.jar (commons-logging:commons-logging:1.1.3) and jetified-titanium-9.2.0-runtime.jar (org.<USER>titanium:9.2.0)  [ERROR] [GRADLE]   Duplicate class org.apache.commons.logging.impl.WeakHashtable$1 found in modules jetified-commons-logging-1.1.3.jar (commons-logging:commons-logging:1.1.3) and jetified-titanium-9.2.0-runtime.jar (org.<USER>titanium:9.2.0)  [ERROR] [GRADLE]   Duplicate class org.apache.commons.logging.impl.WeakHashtable$Entry found in modules jetified-commons-logging-1.1.3.jar (commons-logging:commons-logging:1.1.3) and jetified-titanium-9.2.0-runtime.jar (org.<USER>titanium:9.2.0)  [ERROR] [GRADLE]   Duplicate class org.apache.commons.logging.impl.WeakHashtable$Referenced found in modules jetified-commons-logging-1.1.3.jar (commons-logging:commons-logging:1.1.3) and jetified-titanium-9.2.0-runtime.jar (org.<USER>titanium:9.2.0)  [ERROR] [GRADLE]   Duplicate class org.apache.commons.logging.impl.WeakHashtable$WeakKey found in modules jetified-commons-logging-1.1.3.jar (commons-logging:commons-logging:1.1.3) and jetified-titanium-9.2.0-runtime.jar (org.<USER>titanium:9.2.0)  [ERROR] [GRADLE]     [ERROR] [GRADLE]   Go to the documentation to learn how to <a href=""d.android.com/r/tools/classpath-sync-errors"">Fix dependency resolution errors</a>.  {code}    *Cause:*  Titanium is including its own copy of the {{commons-logging-1.1.1.jar}} as shown below.  https://github.com/<USER>titanium_mobile/tree/master/android/titanium/lib    *Solution:*  We should be referencing this library via gradle instead. This will allow gradle's dependency management resolve this for us.  Or we can remove our usage of this JAR.  "	Not Design
DM	DM-27129	Story	Migrate GenericCamera CSC to SALOBJ 6	"Migrate the GenericCamera CSC to SALOBJ 6, including the Docker image."	Design
TIMOB	TIMOB-28204	Bug	Android: TabbedBar and Picker does not work in ListView (parity)	"Both pickers and tabbed-bars do not work in ListViews on Android but work fine on iOS. This is one of the major parity issues we notice between iOS and Android."	Not Design
SERVER	SERVER-51605	Task	"Architecture Guide updates for Refactor FCV code"	"""Please investigate if this project requires changes to the architecture guide."""	Design
TIMOB	TIMOB-28087	New Feature	Android: Add "NoTitleBar" and "Fullscreen" themes which derive from custom app theme	"*Summary:*  The only means of opening a window without top title bar is via its ""theme"" creation property set to 1 of the below. The problem with this is that the below themes inherit from Google's dark AppCompat theme and do not use the theme assi  * {{""Theme.AppCompat.NoTitleBar""}}  * {{""Theme.AppCompat.NoTitleBar.Fullscreen""}}  * {{""Theme.AppCompat.Fullscreen""}}    The problem with the above is that the above themes inherit from Google's dark {{""Theme.AppCompat""}} theme. If you've assigned a custom theme to the {{<application/>}} element in the ""AndroidManifest.xml"", the window won't use it because you told it to use Google AppCompat derived theme instead.    *Reason this is Needed:*  Other than making it easier to remove the title bar, we also want to support Google's Material themed widgets in the near future. These widgets will throw an exception if the activity or app is not using a {{""Theme.MaterialComponents""}} derived theme and if most developers are using the {{""Theme.AppCompat""}} theme instead (like what our guides suggest), then the app will crash. We'll want to have developers transition off of these older Google themes.    *Recommended Solution:*  Create the following new themes...  * {{""Theme.Titanium.NoTitleBar""}}  * {{""Theme.Titanium.Fullscreen""}}  * {{""Theme.Titanium.Translucent.NoTitleBar""}}  * {{""Theme.Titanium.Translucent.Fullscreen""}}    _(We already have {{""Theme.Titanium.Translucent""}} defined which derives from app's theme.)_    Titanium's build system will derive the above themes from the one assigned to the {{<application/>}} in the ""AndroidManifest.xml"" as shown below. If a theme is not assigned, then they will derive from Titanium's default theme.      *Note:*  You can easily work-around this by setting up your own custom NoTitleBar theme like the below. This is easy to do, but doing the above makes removing title bars easier.    "	Design
MULE	MULE-14683	Bug	Mime Type Disappears Dissapears in VM inbound when under load	"DataType of the message is lost when messages are batch in a VM inbound endpoint."	Not Design
DNN	DNN-10827	Improvement	Add type of copy for COPY-MODULE command in promt	"Actually you have COPY-MODULE option in prompt module. but this command just copy ""as a copy"" modules between pages.    You should have an option to select between ""as a copy"" or ""as a reference"" for COPY-MODULE command.    This should be great"	Design
SERVER	SERVER-51764	Task	"Refine test cases to ensure write error retries behave as intended"	"""Refine the test cases in tenant_migration_concurrent_bulk_writes.js to retry write errors and check that they either fail or succeed accordingly when applied to a donor or recipient replica set after a tenant migration decision"""	Design
SERVER	SERVER-51716	Bug	"Make computed_projections.js more robust"	"""The computed_projections.js test checks the internalQueryEnableSlotBasedExecutionEngine setting and enables a failpoint, but it is not necessary for either of these operations to succeed for the test to run and provide meaningful coverage.    Let's allow them to fail without failing the test."""	Not Design
MESOS	MESOS-10090	Bug	Mesos build on Windows appears to be broken.	"I was told that when trying to build the latest Mesos (master - 1.10 WIP), MSVC complains about our use of domain sockets;    This entirely prevents building on MSVC while no workaround is known - declaring this as a blocker for those reasons.     "	Not Design
JRASERVER	JRASERVER-71701	Bug	Starting a foreground reindex using the REST API could corrupt a snapshot	"h3. Issue Summary    When we start the Reindex process using the REST API {{/rest/api/2/reindex?type=FOREGROUND}}, the index snapshot is still able to run on other nodes, which results in corrupt snapshots.    h3. Steps to Reproduce  # Start both JIRA nodes  # Schedule the index snapshot to run  # Initiate full locked reindex at Node1 a few minutes before the snapshot:  {code:borderStyle=solid}  curl  -X POST http://127.0.0.1:8091/rest/api/2/reindex?type=FOREGROUND  {code}  # Notice that the snapshot still happens on Node2    h3. Expected Results    The index snapshot should not run while the reindex is running.  It should either queue it up and wait for the reindex to finish, or simply handle as a conflict and not run the snapshot.    h3. Actual Results    The index snapshot runs while the reindex is running.    h3. Workaround    * When calling the reindex, make sure that the snapshot is not scheduled to run in the next minutes/hours  * Or make sure to start it from the UI, instead of the API."	Not Design
CONFSERVER	CONFSERVER-60396	Bug	Trying to download all files from a Knowledge Base article from Jira Servicedesk with an unlicensed user results in a Not Permitted message	"h3. Issue Summary    As an unlicensed user, if we try to download all attachments via the “Download All” link in the Attachments Macro, Confluence blocks the procedure with a “Not Permitted” message.  h3. Steps to Reproduce   # Create a knowledge base for Jira <USER>  # Select the “All active users and customers can access the knowledge base without a Confluence space”   # Create a new page for the knowledge base   # Place an Attachments macro in the page   # Create a user with Jira <USER>access   # If the user base is different for Confluence and Jira, create the user in Confluence as indicated by documentation ([https://confluence.<USER>servicedeskserver/knowledge-base-settings-and-permissions-956713322.html])   # Go the page you created earlier   # Click to “Download All”    h3. Expected Results    All the attachments are downloaded  h3. Actual Results    There is a redirect to an address that looks like this: localhost:8090/confluence/pages/downloadallattachments.action?pageid=<pageID> and there is a “Not Permitted” message shown.    The same behavior is present through the Customer portal.    !Screen Shot 2020-09-29 at 13.54.06.png|width=287,height=172!    !Screen Shot 2020-09-29 at 13.54.17.png|width=285,height=169!    !Screen Shot 2020-09-29 at 13.54.28.png|width=287,height=169!  h3. Workaround    The user can either click the attachment link in the macro and then download the file from the tab that opens up after the click or select to preview the file and then download it from there.    Enabling anonymous access and then not logging in to Confluence also works around this behavior.    !Screen Shot 2020-09-29 at 13.54.42.png|width=291,height=172!"	Not Design
TIMOB	TIMOB-28115	Bug	iOS: Animation on a view, that has a shadow and borderRadius with multiple values, does not work	"In recent support of borderRadius with multiple values (TIMOB-27305), animation on view that has a shadow and borderRadius with multiple values, does not work.  Detail discussion can be found  [here|https://github.com/<USER>titanium_mobile/pull/12005].    Test Case -         "	Not Design
NEXUS	NEXUS-25518	Improvement	Nexus3 cannot be easily deployed from a pipeline (immutable infrastructure)	"When I deploy Nexus3, I need to reserve three locations for possible changes:   # The ""nexus/etc"" directory for configuration changes/additions.   # The ""nexus/deploy"" directory for plugins. (""kar"" archives)   # The ""nexus-work"" directory for Nexus3's state.    For a simple example, take a deployment that wants to use GitHub Authentication, which is not uncommon. In the ""etc"" directory I need to add ""githubauth.properties"", in the ""deploy"" directory I need to put the ""nexus3-github-oauth-plugin.kar"" plugin, and the working directory will be the long-term persistent state.    The way Nexus3 is currently structured, this is very difficult to automate, as the first two are part of the software's distribution. The working directory contains an ""etc"" directory, but this is apparently not monitored for configuration files such as those belonging to plugins. The result is that for an upgrade scenario I need to extract files from the current installation and copy them into the new one. Only the work directory is fully independent. This approach is institutionalized in the installation and upgrade instructions, which assume you have a server that you can log on to, and manually change.    From maintainability and disaster recovery perspectives, this is unwanted. In order to be able to use one-button, fully automated deploys, we need to separate the static and variable content.         Suggested change is to monitor the ""etc"" sub-directory in the working directory for configuration files as well as the original, or allow a fully separate directory, so files in there override anything in the distribution. For the plugin deploy directory, a similar approach can be used, although it could more simply be moved outside of the distribution tree, since there are no plugins distributed.         As a working example, that is an admitted dirty hack, I can run Nexus3 in docker as follows:    {{docker run -d -p 8081:8081 --name nexus -v $(pwd)/etc:/opt/sonatype/nexus/etc -v $(pwd)/deploy:/opt/sonatype/nexus/deploy -v $(pwd)/nexus-data:/nexus-data sonatype/nexus3}}    This is not a recommended approach, however, as it depends on knowledge of the structure of the distribution instead of pre-defined volume mount locations. A comparable solution will also allow cleaner deployments on Kubernetes.    *NOTE* This is filed as a bug, as the current approach makes deployments to Docker (and direct derivates), Kubernetes, but also VMs (using e.g. packer) dependent on not having changes in the contents of the ""/opt/sonatype/nexus/etc"" directory during upgrades, and thus not automatable."	Design
TIMOB	TIMOB-28072	Improvement	iOS: Drop Xcode 9 and Xcode 10 support	"Apple has stated that  ""App updates must be built with the iOS 13 SDK starting June 30, 2020"" .  See the section 'Build with Xcode 11' from [here|https://developer.apple.com/ios/submit/].  Though it will be breaking change, but I think we can drop it before (probably in 9.2.0) because -  1. As per apple's statement, I think no one will be using Xcode < 11.  2. XCFramework is supported in XCdoe 11+, which we require to completely fix TIMOB-28042.  3. MacCatalyst is supported in Xcode 11+, which is required for TIMOB-27132 ."	Design
FAB	FAB-18217	Sub-task	Kubernetes - Perform Snapshot Generation With Medium Payload Using LevelDB	"Using a 1 kb load and one transaction per block send 1 million transactions to the network. Submit snapshot requests for every 200,000 blocks.    After the 5th snapshot has been taken, record the time to generate and snapshot sizes in a spreadsheet and attach to this Jira."	Design
JRASERVER	JRASERVER-71619	Suggestion	Allow the creation of a "Defined" or "Ready for Development" column outside the sprint.	"I need a column that is between the backlog and the sprint.    Call it ""Ready for Development"" or ""Defined"" or whatever.    The Backlog is where new requirements land.    The ""Defined/Ready for Development"" column is where they move after they have been force ranked and estimated.    Sprint planning involves pulling from the ""Defined/Ready for Development"".    Having this ability is a huge benefit to managing the project and should be considered a mandatory feature."	Design
DM	DM-27121	Story	MTPtg Telemetry: IDL_Type field is omitted for three attributes	"The MTPtg_Telemetry.xml file omits the <IDL_Type> field for three attributes: [mountAzError, mountElError, mountRotError].  These are required fields."	Not Design
TIMOB	TIMOB-28147	New Feature	iOS 14 App Clips extension for titanium	"App Clips may be the entry point for retail that have never jumped the App service to cater to on-premise , proximity temporary apps.    https://developer.apple.com/app-clips/    They are small (10 mb apps) that doesn’t need to be downloaded from the App Store and can be used instantly.  Even though Android has thé équivalant Instant Apps, such features would enhance greatly and bring up to speed a feature that will be ubiquitous. Even more so than regular full on apps (which are still required even for an App Clip to be attached to it).    If it is possible to do so in Ti, an Example on Axway’s Developer blog would spread it faster among us developers.    "	Design
JRASERVER	JRASERVER-69892	Suggestion	Improve indexing percentage in REST API response	"For application design reasons, it's possible that a re-index will complete, but the output of the percentage given for the REST API response will be 98% or 99%.    It would be great if Jira showed 100% instead."	Design
MESOS	MESOS-10077	Task	Cgroups isolator: allow updating and isolating resources for nested cgroups	"Allow Cgroups isolator to update and isolate resources for nested cgroups."	Not Design
MULE	MULE-14465	Enhancement Request	Make the SDK Validate extension's exported packages	"Validate extensions exported packages"	Design
DNN	DNN-10731	Improvement	Verified Registration: In case of loosing the verification email, we need to implement a workaround to resend the verification mail again	"*Description:*  According to DNN-10721, when a user looses the verification email (In case of Verified registration type), then tries to reset password the reset password link is not sent because the user is not yet verified/authorized.  So, we need to find a solution that resend the verification email again to overcome this problem.   Suggestions for the solution & steps to reproduce that is found in DNN-10721"	Design
MESOS	MESOS-10080	Task	Cgroups isolator: update cleanup logic to support nested cgroups	"Update Cgroups isolator to cleanup a nested cgroup for a nested container taking into account hierarchical layout of cgroups. Lowest nested cgroups should be destroyed first."	Not Design
FAB	FAB-18118	Bug	Missing dbname assign value in couchdb redolog struct	""	Not Design
DM	DM-27206	Story	Prepare Simulated LSST Solar System Observations for MPC integration test.	"Preparation for Solar System Processing integration test with the IAU Minor Planet Center.    Create simulated LSST observations of real Solar System Objects (MPCORB) and S3M  (Grav et al. 2011) predicted populations."	Design
JRASERVER	JRASERVER-71561	Bug	Un-favorite star in dashboard editing page is not working	"h3. Issue Summary    When trying to click the star (meaning favorite) in dashboard editing page, the star remains black(favorite), and not be able to change it to white(un-favorite).    It is no problem in version  8.6, but seems it can be reproduced in Jira 8.7 ~ 8.12.    h3. Steps to Reproduce  * Top >  Dashboards > Manage Dashboards > Create New Dashboard  * Or editing an existing dashboard    h3. Expected Results    The favorite star can be changed from black(favorite) to white(un-favorite).  h3. Actual Results    The favorite star cannot be changed, and remains black.  h3. Workaround    un-favorite the dashboard from dashboard list screen."	Not Design
FAB	FAB-18119	Task	operator supports PTEv2	"PTEv2 (FAB-17973) supports invoke and query using high level SDK and will be available soon.  Operator will need to use PTEv2 rather PTE for invoke and query."	Not Design
NEXUS	NEXUS-24937	Bug	export import documentation does not include all supported formats	"NXRM version 2.26.0 added support for Docker, PyPI, Rubygems and Yum (PRO only)  NXRM version 2.25.0 added support for npm and NuGet formats (PRO only)    The docs only reference support for RAW and Maven.    https://help.sonatype.com/repomanager3/system-configuration/tasks/repository-import  https://help.sonatype.com/repomanager3/system-configuration/tasks/repository-export    h4. Expected    Document the supported formats and the version /edition support was released in."	Not Design
SERVER	SERVER-51730	Task	"Report histogram data on how long it takes cursors to drain"	"""Report histogram data in serverStatus on cursor drain times (i.e. the time from when a cursor is created to when it is exhausted or killed)."""	Not Design
FAB	FAB-18107	Task	PTEv2 supports transientMap	"PTEv2 supports transientMap.  The format of transientMap will be similar to the one listed below:    {        ""marble"": {            ""name"":""marble"",            ""color"":""blue"",            ""size"":35,            ""owner"":""tom"",            ""price"":99        }    }    PTEv2 will need to re-assign certain keys in the Map in order to have unique asset for each transaction.     "	Not Design
JRASERVER	JRASERVER-71685	Bug	Security improvements to the Velocity Uberspector	"This ticket documents an improvement to the Velocity Uberspector's security, locking down which classes can be accessed. This change is a defence-in-depth against potential Remote Code Execution (RCE) and Injection attacks.    The versions which do not have this improvement are before version 8.12.3.    *Pre-improvement versions:*   * version < 8.12.3    *Improved versions:*   * 8.12.3   * 8.13.0   * 8.14.0"	Not Design
CONFSERVER	CONFSERVER-58551	Suggestion	Add support for Apple SSO login methods to native iOS Confluence Server app	"We support SSO login as long as the login that is being done inside the in-app web-view is successful. We can see that the for login to work the Apple-specific SSO {{AppleConnect}} extension is needed, which works with iOS Safari browser. The login fails because the in-app web-view is built from Apple's {{WKWebview}} which may not support AppleConnect extension.    The mobile app can solve this by using {{SFSafariViewController}} (even though it's deprecated) within the app, which will allow our Connect Extension to be invoked accordingly.     Apple documentation recommends using the in-app webview class {{ASWebAuthenticationSession}} for web based login authentication, but {{ASWebAuthenticationSession}} does not allow the extension.     This should be resolved with the new plugin functionality in iOS 13, but until then we would need to adopt {{SFSafariViewController}}."	Design
SERVER	SERVER-51771	Bug	"libunwind fails to build with GCC >=10.2"	"""In the newer GCC version, C globals are now not defined in the """"common"""" bss section by default. linunwind will fail to build because of multiple definitions of _U_dyn_info_list symbol. This can be fixed by either putting an extern in front of the extra defs, save a single location, or using the -fcommon option to preserve the older GCC behavior.         Suggesting using the -fcommon option for the libunwind build as that will be safer, and we wont need to modify third party vendor-ed code.         More info can be found here: [https://gcc.gnu.org/gcc-10/porting_to.html]"""	Not Design
TIMOB	TIMOB-28144	Bug	Android: Changing to night mode (dark mode) does not update app UI	"Recently, the manual {{Alloy.CFG.styles.*}} colors have been moved to named colors, which is a big step!    One thing we noticed though is that if we change from light- to dark mode, the app does not change the styles automatically. Other native apps do so. In addition, it seems like the ""base styles"" do change (like action bar title), but all own defined colors do not."	Not Design
NEXUS	NEXUS-25468	Improvement	Add support for bearer token authentication to proxied upstream docker private repositories	"When configuring a  Docker proxy repository ""HTTP Authentication"" allows for ""Authentication type"" of ""Username""  and ""Windows NTLM"".      It would be useful to also support the Docker specific ""docker login"" AKA ""Docker Bearer Token"" authentication method.    *Acceptance*    NXRM administrators can configure Docker proxy repos to use Docker bearer token the authentication method with the upstream repository"	Design
JRASERVER	JRASERVER-71591	Suggestion	Bring back issue count and refresh on top of screen in issue navigator	"In older versions of Jira such as Jira 7.8.x (even as new as 8.5.4), the top area of issue navigator contains the total issue count and a refresh icon.    !image-2020-09-22-21-27-24-201.png|thumbnail!     However, in more recent version such as 8.11.x, this is no longer the case. Instead, it only shows at the bottom of the page.   !image-2020-09-22-21-28-44-466.png|thumbnail!     We would like to ask that total issue count and refresh icon appears on the top too.  "	Design
TIMOB	TIMOB-28129	Bug	iOS: Peek and pop should not be guarded by the SDK	"Currently, the peek and pop APIs are guarded by a {{\[Utils isForceTouchSupported\]}} check (which I added back in the days). This is wrong, because nowadays, Apple also allows peek and pop on long press, if force touch is not available. In addition, such checks should in general be performed by the developer (if wanted), not by the SDK.    Therefore, removing the guard fixes the bug for us.    PR: https://github.com/<USER>titanium_mobile/pull/12045"	Not Design
TIMOB	TIMOB-25041	New Feature	Add support for V8 custom startup snapshot	"Since Android runs on v8 engine since v6.0.0 of the SDK, a Titanium app can now take advantage of the v8 ""Custom startup snapshots"" feature, which allows adding pre-""compiled"" binary representation of the scripts heap, those making app boot time faster.    More on ""Custom startup snapshots"": https://v8project.blogspot.co.il/2015/09/custom-startup-snapshots.html    This technique is already implemented by other multi-platform frameworks as can be seen here https://www.nativescript.org/blog/improving-app-startup-time-on-android-with-webpack-v8-heap-snapshot"	Design
DM	DM-27146	Story	Write an lsp-deploy guide for bootcamp	"Write some text to explain what lsp-deploy is and how it works."	Design
JRASERVER	JRASERVER-69428	Suggestion	Jira should be able to add or create new status via a REST API endpoint	"h3. Problem Definition    When migrating issues from external trackers to Jira Server, it becomes very tedious to first have to create each of the issue statuses that you want to use before importing issues. For large environment that could have had several hundred different statuses in them it then takes a lot longer than it should to import this data correctly.  h3. Suggested Solution    Create REST API endpoint that allows users to create new statuses.  Currently the endpoint [GET /api/2/status|https://docs.atlassian.com/software/jira/docs/api/REST/8.2.1/#api/2/status-getStatuses] will return all statuses in Jira.  But there is no corresponding POST verb that could be used to create these same statuses via REST.    h3. Why this is important    Makes it easier to migrate data into Jira. CSV importer is not able to create new statuses within Jira, and the lack of a REST API endpoint to create a new status means more manual status creation work for an admin. With such a POST or PUT endpoint and admin could create a little REST script to simply call Jira and tell it specifically what statuses should be valid within that site.  h3. Workaround    none"	Design
CONFSERVER	CONFSERVER-60334	Bug	Color picker in edit mode malfunctions when frontend.editor.v4.disable is introduced in the dark-feature.	"h3. Problem    Color picker for cell color and text color in edit mode malfunctions when adding frontend.editor.v4.disable to dark feature,  h3. Environment    LInux   Postgres v9.6.14  h3. Steps to Reproduce   # Navigate to <[http://localhost:8090|http://localhost:8090/]>/admin/darkfeatures.action.   # Add *frontend.editor.v4.disable*.   # Open page.   # Open edit mode.   # Click on color picker for text or table cell.    h3. Expected Results    Color picker displays as expected   !Screen Shot 2020-07-22 at 11.44.35 AM.png|thumbnail!  h3. Actual Results    !confluence 7-5-2 color picker - table.png|thumbnail!    !confluence 7-5-2 color picker - text.png|thumbnail!    Color picker renders distorted.  h3. Workaround    Remove *frontend.editor.v4.disable* from dark features.   * Navigate to <[http://localhost:8090|http://localhost:8090/]>/admin/darkfeatures.action.   * Click remove for feature.    h3.  "	Not Design
DNN	DNN-7820	Story	DCC API - Default View/Edit template for File, Image, Page data type	"*Card*  As content editor I want be able to edit File, Image, Page data type in a friendly way    Currently these data type are defined as default data type but the system does not provide any nice UI/UX experience (see below)  !DataTypeFileImagePage.png!    We should define the expected default edit and view experience for these fields.    *Conversation*    *Confirmation*"	Design
DM	DM-27188	Improvement	Update cp_pipe pipeline definitions to match standards	"DM-27140 is standardizing the pipeline definition naming/usage.  This ticket will extend that to the cp_pipe definitions."	Design
JRASERVER	JRASERVER-71724	Suggestion	Add JIT information to SAML document	"In the last topic of [https://confluence.atlassian.com/enterprise/adding-saml-integration-to-your-existing-user-management-infrastructure-861244976.html#AddingSAMLintegrationtoyourexistingusermanagementinfrastructure-Usingyourapplication'sinternaldirectory] it says that the users have to be already created in Jira:  {quote}  Currently there is no automated way to synchronize users between internal directories and the SAML identity provider  {quote}    With the introduction of JIT (available in Jira 8.6+), we do provide have some automation for the users creation: [https://confluence.atlassian.com/enterprise/jit-user-provisioning-1005342579.html]    Please add a reference to Just-in-time user provisioning to the document, while making it clear that it's not available for Jira 8.5 (maybe it's worth to double-check with the devs and make it clear in the JIT docs too)"	Design
FAB	FAB-18092	Story	Add example for individual Orderer value updates	"Add an example to show migrating to etcdraft using the individual orderer update functions.     "	Design
SERVER	SERVER-51493	Task	"Revisit how config.transactions cloner for resharding blocks thread waiting for outstanding prepared transaction to resolve"	"""One option would be to schedule the callback on the Fetcher after the TransactionParticipant::onExitPrepare() future resolves. Another option would be to use a dedicated thread for the config.transactions cloner for resharding to prevent a liveness issue."""	Not Design
DM	DM-27162	Story	For LSSTCam do not include empty second filter in filter name	"In IHS-4230 we realized that the filters registered for LSSTCam do not include empty second filter in the name but the metadata translator does include ""~empty"" because it uses code that is shared with LATISS.    Fix LSSTCam metadata translation to drop the second filter from the filter name if it is ""empty""."	Not Design
DNN	DNN-10729	Bug	PB: Could not scroll in long tabs	"*+Steps:+*  # Login as host (DNN_Platform_9.2.0.341-696).  # From PB, got to settings, site settings.  # Try to scroll down.  # (You can also try that with any that requires scroll. For e.g. Mange users, while trying to add new user )    *+Result:+*  - You'll not be able to scroll down to access the items in the bottom of the tabs,  (Tried that on IE & chrome)    *+Expected:+*  - You should be able to scroll down when needed,     !image-2018-01-25-10-22-08-140.png|thumbnail!    !image-2018-01-25-10-22-37-342.png|thumbnail!    !image-2018-01-25-10-22-46-948.png|thumbnail! "	Not Design
DM	DM-27220	Story	Roll out robosimon to stable	"Robosimon (aka, mobu 1.0.3) has been such a hit let's put it on stable.  It just runs a small, so it shouldn't be taking a lot of load, and it only runs the prod notebooks."	Design
MULE	MULE-14736	Bug	Custom scheduler shutdown from a thread from the same scheduler fails	"This may lead to a memory leak of the scheduler's thread group when a scheduler is being cancelled from within one of its threads. This seems to be a common way for reactor to handle some situations.    When this happens, the stack leading to the shutdown call is:       "	Not Design
TIMOB	TIMOB-28158	Bug	iOS: Duplicate framework search paths	"The iOS build constructs a massive framework search path due duplicate search path entries and new recursive search path for XCFrameworks. Currently this does not cause any build failures but i suspect it unnecessarily slows down the build and makes it hard to dig through logs because they are spammed with search path options.    Example output for compiling a single ObjC source file:        This is a truncated message, it goes on and on for every subfolder in node_modules."	Not Design
FAB	FAB-18167	Bug	Raft active nodes flakey when switching follower to member	"At times, the active nodes reported by Raft are temporarily unstable. I've noticed this while working on an integration test where I add an OSN as a follower, wait for it to catch up, and then add it to the consenters set.     When the active nodes are incorrectly reported, I see the following (note the Check logs - one halfway down and one at the end):     You can see the leader initially reports the active nodes as [1 2 3] and then follows it up by reporting the active nodes of [1 2].          This causes problems when attempting to determine when a newly added consenter is truly active. Subsequent attempts to, for example, remove a consenter result in an incorrect failure:  "	Not Design
MESOS	MESOS-9722	Improvement	Refactor the sorter interface to enable lazy sorting.	"Currently, the only way for getting a sorted client from sorter is through:        This sorts all the active clients in the tree and returns all of them in a single vector. This is inefficient if the callers end up only needing a few of clients (e.g. when allocating one agent, only one or a few roles are allocated).    We could refactor the interface to return an iterator-like handle and then callers can query the next the client in the sorting order. This would pave the way for lazy sorting (i.e. only get the nth client) and improve performance."	Design
CONFSERVER	CONFSERVER-60419	Suggestion	Allow Search to Index the Content of MD Files	"At the moment, Confluence Search will look at and index the content of some attached file types (Word, Text, PowerPoint, Excel, PDF, and HTML), allowing users to search for content within these files.    While these are the most popular types of attachments, more and more users are utilizing Markdown (MD) files within their Confluence instances and would benefit from being able to search those files as well."	Design
TIMOB	TIMOB-28034	Bug	Android: Hyperloop-Examples app, Media player test does not play audio file	"When running the media player test no audio is played, it looks like no audio file is being able to be read at: https://github.com/<USER>hyperloop-examples/commit/d983520db7f10d2ad5209fce09b9f560621aa1f3#diff-1d51eeb19fffa018711f22184199d4eaR11         *Test Steps:*  # Download Hyperloop-examples app (https://github.com/<USER>hyperloop-examples/)  # Launch app   # Go to Media Player test    *Expected:*  Audio file should play.    *Actual result:*  Audio file does not play."	Not Design
FAB	FAB-15710	Story	Design & implement channel participation REST API - Join, Remove, and List channels	"With FAB-15708 and FAB-15709 implemented, an orderer can start without any genesis method, or any channels defined, but does nothing.      We need an API to be able to:    * Join this OSN to a new or an existing channel,  * Remove this OSN from an existing channel,  * List the channels this OSN is a member of.    This story is dedicated to the detailed design and implementation of the REST API of this feature, with the underlying behavior described in epic FAB-17712 and associated RFC. The REST API implementation will accept the queries defined and will transfer them to an abstract interface of the underlying implementation.    The first product of this task is a design document.    The REST API design is [HERE|https://docs.google.com/document/d/1kYoicS_Z59gNvmuuB7VFZ6WsOL31C34dWMeOFQiIygA/edit?usp=sharing]."	Design
DNN	DNN-10742	Improvement	Display of long page name is incorrect while selecting page name from dropdown field(s)	"The display of long page name under dropdown field(s) has to be improved.    *+Tested Environment:+*  *v. 09.02.00 (344) - 714*    *+Steps To Reproduce:+*  # Go to PB -> CONTENT -> Pages  # Click on one of the pages Eg. Home  # In Details tab -> Click on ""Parent Page"" dropdown and view the display of page with long name  # In Details tab -> Click on ""Existing"" radio button -> Click on ""Existing Page"" dropdown and view the display of page with long name    *+Expected Result:+*   !screenshot-1.png|thumbnail!     *+Actual Result:+*   !image-2018-02-03-17-01-52-071.png|thumbnail!    !image-2018-02-03-17-04-35-135.png|thumbnail! "	Design
SERVER	SERVER-51721	Bug	"dataSize do not reduce after chunks migrated"	"""Hi,    Recently I have noticed a issue after upgrading from 4.0.14 to 4.0.20    When using Mongo version 4.0.14, I have added 1 shard on top of existing 2 shards. turnedOn the balancer and chunks migrated to newly added shard (3rd) and I could see dataSize reduced on older shards, by using """"compact"""" I reclaimed storageSize after migration.         After upgrading to 4.0.20, I have added 1 more shard on top of 3 shards, turnedOn the balancer and chunks migrated to newly added shard (4th) and I did not notice dataSize reduced on older shards, I also verified by looking at """"file bytes available for reuse"""" on db.stats() and db.coll.stats() """	Not Design
DM	DM-27084	Story	Write the Test Framework of SAL LabVIEW API in Phase 3	"Write the test framework of SAL LabVIEW API. This task begins to construct a framework to test the LabVIEW API for each new SAL update. In the past, we used the component CSC in LabVIEW to test this. Now, we need a framework to test this automatically. The SAL LabVIEW APIs rely on the shared memory, which is not needed for the C++ and JAVA APIs. Therefore, this kind of automatic test framework should be helpful for the maintenance of CSC in LabVIEW. This task is in the phase 3.    Based on Dave, I should use the {{LSST_TEST_LVDEBUG}} instead of {{LSST_Test_LVDEBUG}} to get the debug message. The CSC name should be capitalized in environment variables."	Design
DNN	DNN-10814	Bug	SEO Urls for this page cannot be managed	"Admin Pages  Select A Page  Navigate to Advanced > SEO tab settings  Under ""Urls for this page"" you cannot change or edit existing urls    I have a page that I moved that keeps using the old URL portal.com/page/anotherpage/thepage  instead of portal.com/thepage and I cannot remove it or edit it and when I delete the page, empty it from recycle bin and try to recreate a fresh page that should have no references to these urls it still treats that new page (With the same page name as the one that would not allow removing or changing the urls for the page)    Is there any way I can remove the old urls manually so when someone types portal.com/thepage it does not keep a reference to portal.com/page/anotherpage/thepage?          "	Not Design
MULE	MULE-14766	Task	Allow error data to remain upon a raise	"Today, the raise error component only allows to customize the type and description of an error. This means that if it's thrown from an error handler there's no way to maintain the original error data. We should find a way to achieve that."	Not Design
MESOS	MESOS-10167	Bug	Mesos-websitebot fails due to wrong permissions of voulmes mounted into Docker container	"Last successful run was on Apr 7:  https://builds.apache.org/view/M-R/view/Mesos/job/Mesos-Websitebot/2464/    First failure:  https://builds.apache.org/view/M-R/view/Mesos/job/Mesos-Websitebot/2465/console    Build with added permissions dump   https://builds.apache.org/view/M-R/view/Mesos/job/Mesos-Websitebot/2525/console  shows that while the build scripts in the container are, as expected, running under ""tempuser"" (with the same uid as the user outside container which pulls the git repositories),  the directories with git repositories mounted into the container are owned by root:        Note that the Dockerfile specifies ""USER root"" https://github.com/apache/mesos/blob/master/support/mesos-website/Dockerfile and the permissions are dropped to the ""testuser"" only inside the entrypoint.sh script.  "	Not Design
MESOS	MESOS-8974	Improvement	Add support for JWK sets to handle multiple keys in JWT library	"Mesos should be able to support JWK sets (and deprecate the --jwt_secret_key flag?) in order to handle multiple keys (of any type) in the JWT library and allow smooth key rotations between two or more keys.    This would require implementing the following RFC: https://tools.ietf.org/html/rfc7517."	Design
CONFSERVER	CONFSERVER-60365	Bug	User macro is not working for open link in other window any more	"h3. Issue Summary    User macro is not working for open link in other window any more. However, it worked in Confluence 5.4 or 5.9.  h3. Steps to Reproduce   # In Confluence 7.4, insert a user macro like below to achieve open link in other window. The below macro worked in customer' environment (5.4), and my test environment (5.9).       # Using the above user macro to create link in a page    h3. Expected Results    The link will be opened in other browser window.  h3. Actual Results    The link will be opened in the same window  h3. Workaround    Lots of ways can achieve open link in other windows.   * Using HTML macro (it worked for ver 7.4 by test)   * Using 3rd party plugin   ** [Linking for Confluence|https://marketplace.<USER>plugins/net.customware.confluence.plugin.linking]   ** [External Links for Confluence|https://marketplace.<USER>plugins/ch.bitvoodoo.confluence.plugins.externallinks]   * More information in CONFSERVER-11194: Open links in new window"	Not Design
FAB	FAB-17891	Story	Channel participation REST API - misc.	"Support additional Mime types.    Optionally add support for Content-Type application/octet-stream and/or application/json, in case it is requested by users."	Not Design
SERVER	SERVER-51696	Task	"Write unit/integration tests to verify correctness of the Resharding commit step "		Not Design
SERVER	SERVER-51633	Task	"Support json schema match expression $_internalSchemaBinDataSubType"		Not Design
JRASERVER	JRASERVER-71629	Bug	Quick Edit mode screen is lost in Kanban View	"h3. Issue Summary  quick edit mode screen is lost    h3. Steps to Reproduce    # Navigate to Backlog in Kanban board   # Click on any card from the backlog a side window opens up with the issue detail.  # Edit the description in the quick view   # Write some text  # Insert an image  # Try to colorize the text  # The Edit window disappears and the newly added text is lost  # The image gets added into attachment section.     This behavior is not observed when the issue is edited through scrum board     h3. Expected Results  Description field should allow the colorizing the text after adding the attachment.    h3. Actual Results  The edit screen is lost and only the attachment gets added       h3. Workaround   Currently there is no known workaround for this behavior. A workaround will be added here when available"	Not Design
TIMOB	TIMOB-24552	New Feature	iOS: Add support for iOS simulator device type property	"{quote}As a developer,  I want to know which iOS simulator device type is being used,  So that I can use this information for app logic and testing.{quote}    I would prefer that Platform.model returned the device type and have a Platform.isSimulator property.   I realize this would be a breaking change so adding an additional property such as Platform.simulatorModel might be a safer option.      "	Design
DM	DM-27120	Story	ATPtg Telemetry: IDL_Type field is omitted for three attributes	"The ATPtg_Telemetry.xml file omits the <IDL_Type> field for three attributes: [mountAzError, mountElError, mountRotError].  These are required fields."	Not Design
TIMOB	TIMOB-28167	Bug	Android: ListViewItem does not activate ripple effect from child views	"- Pressing on a child view within {{ListViewItem}} does not active the row ripple effect.    *TEST*      *EXPECTED*  - {{ListViewItem}} shows ripple effect anywhere the row is tapped, including child views.    *ACTUAL*  - {{ListViewItem}} does not display ripple effect when child view is tapped."	Design
FAB	FAB-17592	Story	Implement function that removes an orderer endpoint	"As a fabric administrator, I want to use a fit-for-purpose library that can modify an existing channel configuration to remove an orderer endpoint from an orderer org's config group.    Acceptance:   Starting with an existing Config block/transaction, I can call a function that removes an orderer endpoint from the configuration. After performing that operation, I can compute a ConfigUpdate transaction that is ready for a signature workflow. An appropriate example should also be added to the example test that demonstrates this behavior."	Design
NEXUS	NEXUS-25528	Improvement	Artifacthub Metadata for helm repositories	"It would be very nice if we could upload an [artifacthub-repo.yml|https://github.com/artifacthub/hub/blob/master/docs/metadata/artifacthub-repo.yml] file to a helm repository, so we can link a Nexus helm repository to [ArtifactHub|https://artifacthub.io/].    [ArtifactHub Documentation|https://github.com/artifacthub/hub/blob/master/docs/repositories.md#helm-charts-repositories]"	Design
DNN	DNN-10526	Improvement	SI: Azure connector should allow to specify a endpoint suffix	"Currently, we don't specify the endpoint when connecting to Azure account so it'll use default endpoint - ""blob.core.windows.net"". We should allow the user to specify the endpoint suffix or there will be error messages as the screenshot.     !schot1.png|width=1000! "	Design
NEXUS	NEXUS-25035	Improvement	audited remoteconnectionstatusevent does not include repository status	"When a proxy repository remote status changes, and Auditing is enabled. an event is recorded inside the audit.log:    Examples:      The events are missing what the status of the proxy repository was changed to and from. This information is only available inside the nexus.log.    {quote}  2020-08-24 14:30:47,821+0000 INFO  [qtp394429141-34093]  admin org.sonatype.nexus.repository.httpclient.internal.HttpClientCustomConfigFacetImpl - Repository status for atlassian-maven changed from *AVAILABLE* to *AUTO_BLOCKED_UNAVAILABLE* until 2020-08-24T14:31:27.821Z - reason Unauthorized for https://packages.atlassian.com    2020-08-24 15:25:48,410+0000 INFO  [qtp394429141-38291]  admin org.sonatype.nexus.repository.httpclient.internal.HttpClientCustomConfigFacetImpl - Repository status for atlassian-maven changed from *AVAILABLE* to *UNAVAILABLE* - reason Unauthorized for https://packages.atlassian.com  {quote}    h4. Expected    Record the before and after status of the repo remoteconnectionstatusevent in the audit.log with the log entry.  "	Design
SERVER	SERVER-51794	Bug	"collStats should consider index visibility in relation to its snapshot"	"""The collStats command includes information about in-progress index builds in its results. It compares the in-memory state from the IndexCatalog with the on-disk state using the DurableCatalog interface to see if [an index is available for queries|https://github.com/mongodb/mongo/blob/306f04029f01d3bfb7bc565fb2139862daa57397/src/mongo/db/stats/storage_stats.cpp#L126] or it is still building.    The current collStats implementation does not determine if an index is visible in the current snapshot before querying the on-disk state. A similar issue affecting $indexStats was discussed and subsequently addressed in SERVER-51133."""	Not Design
JRASERVER	JRASERVER-71669	Suggestion	It is difficult to identify and correct errors.	"If errors occur in the application, error messages are displayed. Some problems arise for partially sighted and blind users:   ▪ Blind users can hardly perceive the messages because they are not in the label of the form fields and are therefore not output by the screen reader in form mode.   ▪ In addition, these are implemented like help texts behind the element concerned and are only highlighted in color. Visually impaired users with color ametropia will have problems recognizing the message. The color adjustment will also not be visible in the contrast adjustment.   ▪ When editing an issue, the problem arises that incorrect data is deleted without the user becoming aware of it. If, for example, a sprint name that does not exist is entered and the user submits the form (""update""), this is saved and the value is removed. This means that users will not recognize errors and will enter incomplete data.     "	Design
TIMOB	TIMOB-28029	Improvement	CLI: Add booted status to the info output for Android emulators and iOS simulators	"h5.Description    To support attach requests in VS Code we need to be able detect what emulators and simulator are currently in a booted state.    Android: (perf concerns), need to call the isRunning function in avd to status when pulling the information together  iOS: Copy the {{device.state}} property onto the iOS simulator object [here|https://github.com/<USER>ioslib/blob/51030c67ce595dd0733d9b8d94eabca9884d861d/lib/simulator.js#L320-L341]"	Design
MULE	MULE-11653	Enhancement Request	Compatibility plugin must use privileged API	"Compatibility plugin must use the privileged API in order to access internal classes used to manipulated old message API"	Design
JRASERVER	JRASERVER-71707	Suggestion	Expansion of available emojis	"h3. Issue Summary  h3. Can we expand the available set of emojis.   h3. Steps to Reproduce   # Currently in RTE, we see limited number of emojis.    # As current ones are there for many years, and it is a really sad little number of them.   # We received request to add more emojis.     h3. Expected Results  More emojis during editing the issue.     h3. Actual Results  !image-2020-10-16-20-17-35-072.png!    h3. Workaround    Required, if there is no workaround please state:   Currently there is no known workaround for this behavior. A workaround will be added here when available"	Design
DNN	DNN-10744	Improvement	Issue with display of page with long name in Search of it	"The display of page name while searching the page has to be improved.    *+Tested Environment:+*  *v. 09.02.00 (344) - 714*    *+Steps To Reproduce:+*  # Login as host user -> Click on Search icon  # Enter search text in ""Search"" textbox field   # View the display of page with long name    *+Expected Result:+*   !image-2018-02-03-17-27-16-873.png|thumbnail!     *+Actual Result:+*   !image-2018-02-03-17-30-17-983.png|thumbnail! "	Design
MULE	MULE-14677	Enhancement Request	Need a way to specify differnet defualts for the primaryNodeOnly parameter	"By default, the primaryNodeOnly parameter defaults to false, which makes sense most of the times. However, some cases like the jms:listener need to default to true. We need a way to enable this."	Design
CONFSERVER	CONFSERVER-60369	Bug	License counter does not reflect the disabled users immediately	"h3. Issue Summary    The License Counter does not reflect the disabled users immediately.  I don't see the same issue on 6.15.2.  h3. Steps to Reproduce   # Added 12 users into Confluence with external LDAP, so it exceeds user limit with a 10-user license, and pages cannot be edited.   # Removed 3 users from *confluence-user* group in the LDAP and synchronized.   # License Details did not change, and still showed 12 active users:   !license-12users.png|thumbnail!   # Still unable to edit the pages.  So, the issue prevent editing the page!   # Clicked the *Refresh* button on the License details, then the license counter displayed correctly, and the page can be edited.    h3. Expected Results    As soon as disable users, the license counter should be reduced and allow to edit the pages.  h3. Actual Results    The license counter does not update until clicking the *Refresh* button in the License details.  h3. Workaround    To update the license counter,   * Try to click *Refresh* button in the *General Configuration > License Details*   * Or flush the cache on *General Configuration > Cache Statistics > Flush All*."	Not Design
CONFSERVER	CONFSERVER-56205	Suggestion	Provide REST API methods to manage users and groups	"h3. Summary    As a Confluence <USER>I would like to be able to manage users and groups directly from REST API endpoints. Automation and scripting of user management can be made easier with REST API.  h3. Problem statement    User and groups management is currently not possible via REST API only. Bulk operations, automation or scripting of management actions is not currently possible when using REST API. User management was previously possible with SOAP, which has been deprecated.  h3. Suggested Resolution    Provide methods akin to what as present with SOAP that would allow Admins to manage users and groups via REST API.                   _Previous Ticket Description_   As Confluence is popular tool used by many users, it should provide the API to add users to groups, similar to what Jira Cloud has."	Design
CONFSERVER	CONFSERVER-60319	Bug	Specifying a space key for a page that has a colon (:) right after the first word in the title and it exists on the same space where the Include Page macro is included removes the space key after first edit	"h3. Issue Summary    Currently, if a user specifies a page link inside the Include Page macro using the Space Key parameter and the page happens to have the colon (:) right after the first word in the title, the macro will remove the space key and consider part of the title as the space key value when you first edit the page where the macro is placed.    {{If the page title is ‘THIS: is a test title created’}}    *This:*    {{MAL:THIS: is a test title created}}    *Becomes this:*    {{THIS: is a test title created}}    Adding the space key parameter again seems to fix the issue and editing the page can be done normally.    Documentation on the macro    [https://confluence.<USER>doc/include-page-macro-139514.html]  h3. Steps to Reproduce   # Create a new page that contains a colon right after the first word in the title   # Publish the page   # Create a new page on the same space as the previous one   # Add the Include Page macro   # Specify the previously created page using space key value (eg. SPC:THIS: title)   # Publish the page   # Edit the page    h3. Expected Results    The space key value is still there and the page is found  h3. Actual Results    The space key value is removed and the page is not found.    *Before publishing the page*    !Screen Shot 2020-09-23 at 15.27.42.png|width=418,height=113!    *After publishing the page*    *!Screen Shot 2020-09-23 at 15.27.50.png|width=379,height=81!*    *First page edit*    notice the missing space key    *!Screen Shot 2020-09-23 at 15.28.00.png|width=415,height=126!*    *First edit, view mode*    *!Screen Shot 2020-09-23 at 15.28.08.png|width=365,height=90!*  h3. Workaround    Edit the page and add the space key back. After the first edit, the space key value sticks to the original value."	Not Design
NEXUS	NEXUS-25478	Bug	regression in nuget group v3	"Following started with happens on version from OSS 3.27 and OSS 3.28       h4. Setup    my-group as nuget-group  1) nuget-hosted  2) nuget.org v3 proxy     nuget.config inside a VS 2019 solution    ```  {{<?xml version=""1.0"" encoding=""utf-8""?>}}  {{<configuration>}}  {{ <packageSources>}}  {{ <clear /> }}  {{ <add key=""my-group"" value=""https://nexus.mydomain.tt/repository/nuget-group/index.json"" />}}  {{ </packageSources>}}  {{ <packageSourceCredentials>}}  {{ <my-group>}}  {{ <add key=""Username"" value=""nuget-read"" />}}  {{ <add key=""ClearTextPassword"" value=""somekey"" />}}  {{ </my-group>}}  {{ </packageSourceCredentials>}}  {{</configuration>}}    ```       h4. Situation    After an cache-clear and removal of an installed package hosted by a private repository on nexus3 within visual studio 2019,    it can not be reinstalled with some kind of dependency error:    *`Unable to find metadata of Microsoft.Win32.Primitives.4.3.0`*              New Projects can find the hosted package and fail to install it with the same error.       h4. Test    changed do order inside the my-group repository to:    1) nuget.org-proxy v3  2) nuget-hosted    After visual studio 2019 found all public packages but none private anymore.       h4. Workaround    After adding the group and proxy repository into the nuget config the error went away.  ```    {{<?xml version=""1.0"" encoding=""utf-8""?>}}  {{<configuration>}}  {{ <packageSources>}}  {{ <clear /> }}  {{ <add key=""my-group"" value=""https://}}{{nexus.mydomain.tt}}{{/repository/nuget-group/index.json"" />}}  {{<add key=""}}{{my}}{{-proxy"" value=""https://}}{{nexus.mydomain.tt}}{{/repository/nuget.org-proxy/index.json"" />}}  {{ </packageSources>}}  {{ <packageSourceCredentials>}}  {{ <}}{{my}}{{-group>}}  {{<add key=""Username"" value=""nuget-read"" />}}  {{ <add key=""ClearTextPassword"" value=""somekey"" />}}  {{ </}}{{my}}{{-group>}}  {{ <}}{{my}}{{-proxy>}}  {{<add key=""Username"" value=""nuget-read"" />}}  {{ <add key=""ClearTextPassword"" value=""somekey"" />}}  {{ </}}{{my}}{{-proxy>}}  {{ </packageSourceCredentials>}}  {{</configuration>}}    ```          "	Not Design
SERVER	SERVER-51694	Task	"Add a resharding utility function to determine whether a write should be run in a distributed transaction"	"""Add a utility function to ScopedCollectionDescription that will return whether a write must be run in a distributed transaction. This function should return true if the 'state' field in reshardingFields is any of 'preparingToMirror', 'mirroring', 'committed', 'renaming', or 'dropping'.    If any of these states on startup, automatically queue writes for distributed transactions."""	Not Design
SERVER	SERVER-51746	Bug	"Fix the application name for tenant migration recipient collection cloner & oplog fetcher DBClientConnection"	"""Currently, the [application name|https://github.com/mongodb/mongo/blob/5362f02f26313574e3aa8cadcc6fd66bc43f301b/src/mongo/db/repl/tenant_migration_recipient_service.cpp#L283] can exceed beyond 128 bytes."""	Not Design
MULE	MULE-14773	Task	Update first-successful and round-robin Mule 4 documentation	"We need to update first-successful and round-robin documentation for Mule 4"	Not Design
FAB	FAB-18250	Task	Add Method For Evicting Invalid PKCS11 Sessions	"There exists no method for checking if a PKCS11 session is invalid and thus no deterministic logic for evicting invalid sessions from the PKCS11 Session Pool.    Introduce a method for evaluating and evicting invalid session"	Not Design
JRASERVER	JRASERVER-71650	Suggestion	Add the ability to remove/hide the Avatar for Toolkit Plugin for Jira	"The new version of [Toolkit Plugin for Jira|https://marketplace.atlassian.com/apps/5142/toolkit-plugin-for-jira?hosting=server&tab=overview] together with Jira 8.12.2 now shows the avatar for the custom field of type *Username of last updater or commenter*.    The customer asks for the ability to remove/hide the profile picture from the output of this field.    The attached example is from this type of field, named as 'Last Updated By'."	Design
MULE	MULE-14758	Epic	Mule 4 - Architecture documentation	"Epic for Mule 4 architecture documentation."	Design
FAB	FAB-16102	Task	TLS support for HSM in Fabric	"As of now TLS is not supported for HSM in Fabric, this results TLS private keys remains in file system only. This Jira is to enable this feature in Fabric."	Not Design
JRASERVER	JRASERVER-71555	Suggestion	Search Index for Archived issues	"h3. Currently, when issues are archived within Jira, they are not placed into the normal operating search index. While efficient for operations, this does limit the ability to search through the archives. It can be painfully slow when there are tens and hundreds of thousands of issues.  h3. Steps to Reproduce   # On a large Jira DC instance, archive 20,000 or more issues   # Try to search for an archived issue   # It will be painfully slow and in some cases impossible to search    h3. Expected Results    Although it may not have been included in the design, it would be nice to have a separate index created when archiving issues. Given the nature of archived issues, this could be a separate index created on a schedule that does not require daily reindex  h3. Actual Results    It appears that archived issues are not indexed, and searches can take an unacceptably long time to return items.  h3. Workaround       Currently there is no known workaround for this behavior.  h3. Suggestion    If there were a separate index and schedulable task to create an index once issues have been archived, it could make locating these issues easier for gathering information when required."	Design
SERVER	SERVER-51776	Improvement	"Map setup_multiversion_mongodb.py args to evergreen build variants"	"""Map the current args (--edition, --platform, --architecture) to evergreen build variants.    """	Design
MULE	MULE-14663	Task	Make org.mule.tck.http.TestProxyServer a Rule	"Most usages of org.mule.tck.http.TestProxyServer will require starting and stopping the proxy in a Before and After, making this an ideal candidate for a Rule."	Not Design
CONFSERVER	CONFSERVER-59319	Suggestion	Update user's profile picture via REST API	"h3. Issue Summary  Admin functionality that allows them to either update user's profile picture using REST API. Currently, users are only able to use the GET methods for *user* data.       h3. Expected Results  PUT /rest/user/<user ID or  name>  h3. Actual Results  only GET /rest/user is available.                     h3. Workaround    No work around available."	Design
DM	DM-27179	Story	Standardize filter info in CameraMapper	"All CameraMappers have a {{FilterDefinitionCollection}} that relates filter and band names, including aliases, for the corresponding instrument. However, there is no common API to this collection, making it usable only by a particular mapper subclass. Add an abstract property to {{obs.base.CameraMapper}} that exposes the collection to code that needs filter information in Gen 2."	Not Design
CONFSERVER	CONFSERVER-60289	Bug	Adding a Page Properties Report macro to the same page containing a Page Properties macro results in an error	"h3. Issue Summary  Page Properties Reports macro can no longer be placed on the same page as the 'Page Properties' macro using the bundled plugin *confluence-masterdetail-plugin-5.3.10.jar*      h3. Steps to Reproduce   # Install or upgrade to Confluence 7.7.x   # Create a page and place a *Page Properties* macro on the page   # Add a *Page Properties Report* to the same page referencing the label from the page   # Save   # Notice the following error:     h3. Expected Results  *Page Properties Reports* should be shown as in previous Confluence versions up to 7.6.+    h3. Actual Results  An error is is shown for the *Page Properties Report* macro: {code}We can't display a report when the property passed to the report is the report itself{code}        (i) Using the {{/rest/masterdetail/1.0/detailssummary/lines?cql=...}} endpoint is also broken where it used to work in 7.6.+ but in case it's not related a new bug will be created.    h3. Workaround  No known workaround."	Not Design
DM	DM-27113	Story	Convert RC2 w_2020_38 to gen3 with w_2020_40 stack	"The conversion was originally attempted with w_2020_40, but it failed. A schema was renamed from rc2w38_ssw40 to rc2w38_ssw42, and another attempt was made with the w_2020_42 stack."	Not Design
JRASERVER	JRASERVER-71618	Bug	On changing assignee gets error " Failed to save issue number" but the issue gets assigned anyways	"h3. Issue Summary   * User does not want to give browse project permission to users .    * For example, a user X is created that belong to the group ""jira-software users""   * Under the browse project permission, he has only given permission to the role ""current assignee""   * He has given assign issue permission, edit issue to the current assignee and assignable user permission to Jira -software users   * Now the administrator assigns the issue to User-X and on logging User-X is able to see the issue   * When this user assigns the issue back to the administrator or any other user he gets the following error: ""Failed to save the issue number , You are not allowed to see the issue""   * Failed to save the issue number seems a little contradictory as the issue gets eventually reassigned to the respective administrators or users    * Also another thing to note here is that we don't get an error when the issue is assigned using *assign* option but we get the error when the issue is assigned using *assignee* option    h3. Steps to Reproduce    I have all steps to replicate the issue above and a few more screenshot given below   h3. Expected Results    You are not allowed to see the issue is correct but Failed to save the issue number is incorrect   h3. Actual Results    Incorrect error message displayed creates confusion    h3. Workaround    No workaround available "	Not Design
SERVER	SERVER-51631	Task	"Support json schema match expression $_internalSchemaAllowedProperties"		Not Design
SERVER	SERVER-51790	Task	"Add libmongocrypt to mongodb/homebrew-brew"	"""The drivers team would like to make [libmongocrypt|https://github.com/mongodb/libmongocrypt], the library used by drivers to support Client-Side Field Level Encryption, available to macOS users with Homebrew (MONGOCRYPT-185)."""	Not Design
FAB	FAB-14296	Task	Remove metadata provider interface	"core/chaincode/platforms contains the metadata interface. This serves no purpose and should be removed."	Not Design
CONFSERVER	CONFSERVER-60260	Suggestion	Bulk edit of Confluence and Jira gadgets in Confluence	"h3. Problem    Currently, there is no way of bulk editing multiple Confluence or Jira gadgets used in a Confluence page.    Example:   !image-1.png|width=359,height=143!!image-2.png|width=358,height=193!  h3. Suggested Solution    Implement things like  h3. Why This Is Important    It would be helpful for pages working as dashboards and using multiple gadgets to edit configuration or filters once and have all the gadgets automatically updated."	Design
CONFSERVER	CONFSERVER-60309	Suggestion	Return the Space status information when performing a GET request to /api/space resource	"When performing a GET request to /api/space, a list of spaces will be returned, containing relevant information about these spaces. However, the status information isn't returned.         While the user can easily query for a particular status, appending ?status=current (or archived) to the request, it would be useful to get a complete list of spaces with their respective status."	Design
SERVER	SERVER-51757	Improvement	"Collect /proc/vmstat numa_pages_migrated statistics in FTDC"	"""FTDC already collects different vmstat metrics, this new requested stat {{vmstat numa_pages_migrated}} will help us to tackle numa related issues  """	Design
TIMOB	TIMOB-28112	Bug	iOS: Unable to build using Xcode 11.3.1	"h5.Description    When building an app using Xcode 11.3.1 the build will fail with the below error, we probably need to guard the API usage with an IS_SDK_IOS_134 or something      "	Not Design
DNN	DNN-10761	Task	Spaces in manifest file cause module installation errors	"Email from client:    we just discovered a bug in DNN 9.1.1 (Evoq Basic). Upon uploading a module, we got an error message, even though the (almost) same module had been installed without error before:        !image-2018-02-14-09-04-41-072.png|thumbnail!        We compared the faulty module with the error-free version installed earlier and discovered just one minor difference:    The faulty version had spaces in seemingly empty lines (hex: 0D 0A 20 20 20 20 0D 0A), whereas the error-free version had not (hex: 0D 0A 0D 0A):      !image-2018-02-14-09-04-53-274.png|thumbnail!     So obviously, the spaces in lines without XML elements caused the .DNN package XML parser to fail.    Please report this to your developers."	Not Design
DNN	DNN-10736	Bug	Prompt: Cross-portal scripting fixes are broken & breaking the actual behaviors for the features using the APIs and for the promt in the application	"Using Evoq_Content_9.2.1.10-73.  Original issues are rejected for the cross-portal scripting. Following are some *sample *of the introduced broken featured:  *+Setup:+*  Having 3 sites:   - Main site, Id=0, has user named: site1 (In site group1)  - Site 2, Id= 1, has user named: site2, xxxxx (In site group1)  - Site3, Id =2 , has user named: site2 (Not in site group)    *+Scenario 1:+*  - delete, restore user actual functionalities are not working on site2. In prompt also not working.  https://www.screencast.com/t/iptSVlRW    Scenario 2:  - List-users command for portal2 only displaying the host user   https://www.screencast.com/t/LiMBR3uY    Scenario 3:  Comments in https://dnntracker.atlassian.net/browse/DNN-10715    *+Required+*:  - To roll back the crossportal scripting fixes and then re-consider the correct logic behind it then re-fixing it"	Not Design
NEXUS	NEXUS-25110	Improvement	if repository assets are downloaded by a web browser in the UI then set cache headers which tell the browser to not cache the response	"The NXRM UI exposes various links a user can open in their web browser to directly download repository content ( components / assets ).    Currently no Cache related HTTP headers are set when the response is successful (200) downloading these files. Cache headers which tell the web browser to not cache the result are sent for 403 Forbidden responses.    After a successful download of content, the user permissions may have changed in the backend to DENY access to these files. Subsequent attempts to download the same file may appear to work, but don't actually contact the server.    Check the video [^diabolical-fake-download-of-cached-file.mp4]  for how downloads can manifest when not actually contacting the NXRM backend.    The problem is this creates a bad UX:  - an appearance of privilege escalation when none actually exists because the new privileges were not actually checked  - the user may sign-out their NXRM session and then immediately sign back in and appear to download the same file despite not actually having the permissions to do so  - an appearance the server was contacted to download the file ( server is still available ) when it is not actually still available. ie. it is actually offline now )    h4. Expected    If downloads are attempted from within the NXRM UI, NXRM should set cache headers such that a web browser (UI) should NEVER cache the download attempt and exhibit the confusing ""fake download"" behaviour.    Altering the cache related headers for any other user agent download is strictly not in scope."	Design
FAB	FAB-18248	Bug	peer does not generate snapshot	"peer Commit SHA: 2b27d51    blocks 290000, 291000, 292000 are listed in the list pending:    Successfully got pending snapshot requests: [274000 290000 291000 292000 293000 294000 295000 296000 297000 298000 299000 300000 310000 320000 330000 340000 350000 400000 600000 800000 1000000]    The current block height is 292460    (state_validation=5ms block_and_pvtdata_commit=18ms state_commit=8ms) commitHash=[ce9ddc312f6d9f3112a97b831d3ca13314d3906e4e5d5310fdb7354b801e7da9]    ^[[34m2020-09-24 20:57:39.615 UTC [gossip.privdata] StoreBlock -> INFO fbc54^[[0m [testorgschannel0] Received block [292458] from buffer    ^[[34m2020-09-24 20:57:39.626 UTC [committer.txvalidator] Validate -> INFO fbc55^[[0m [testorgschannel0] Validated block [292458] in 11ms    ^[[34m2020-09-24 20:57:39.670 UTC [kvledger] commit -> INFO fbc56^[[0m [testorgschannel0] Committed block [292458] with 100 transaction(s) in 41ms (state_validation=6ms block_and_pvtdata_commit=18ms state_commit=8ms) commitHash=[bbed7224caa46386815190c3c59efba66a50d730b2dd5dbebe93c910cbd3fc13]    ^[[34m2020-09-24 20:57:41.625 UTC [gossip.privdata] StoreBlock -> INFO fbc57^[[0m [testorgschannel0] Received block [292459] from buffer    ^[[34m2020-09-24 20:57:41.634 UTC [committer.txvalidator] Validate -> INFO fbc58^[[0m [testorgschannel0] Validated block [292459] in 9ms    ^[[34m2020-09-24 20:57:41.677 UTC [kvledger] commit -> INFO fbc59^[[0m [testorgschannel0] Committed block [292459] with 71 transaction(s) in 40ms (state_validation=5ms block_and_pvtdata_commit=17ms state_commit=8ms) commitHash=[d6c805d3ab33e82485073363d5d848e6a35915d5425b387cb21a6eda6712fb72]         But peer does NOT generate the above 3 snapshots and list them as pending:    /var/hyperledger/production/ledgersData/snapshots/completed/testorgschannel0 # ls    200000  228000  241000  244000  247000  250000  253000  256000  259000  262000  265000  268000  274000  277000  280000    226000  229000  242000  245000  248000  251000  254000  257000  260000  263000  266000  269000  275000  278000    227000  240000  243000  246000  249000  252000  255000  258000  261000  264000  267000  270000  276000  279000     "	Not Design
SERVER	SERVER-51684	Bug	"Every 4 hours CPU usage is going high varying from 100% to 200% because of mongo SECONDARY / replica node reciding on server"	"""   +cat /var/log/mongodb/mongod.log | grep """"Successfully connected to mongo1.production.internal:27017"""" | sort | uniq+    2020-10-16T00:06:57.310+0000 I NETWORK [LogicalSessionCacheRefresh] Successfully connected to mongo1.production.internal:27017 (527 connections now open to mongo1.production.internal:27017 with a 0 second timeout)  2020-10-16T04:06:57.422+0000 I NETWORK [LogicalSessionCacheRefresh] Successfully connected to mongo1.production.internal:27017 (528 connections now open to mongo1.production.internal:27017 with a 0 second timeout)  2020-10-16T08:06:56.913+0000 I NETWORK [LogicalSessionCacheRefresh] Successfully connected to mongo1.production.internal:27017 (529 connections now open to mongo1.production.internal:27017 with a 0 second timeout)       +mongod --version+    db version v4.0.5  git version: 3739429dd92b92d1b0ab120911a23d50bf03c412  OpenSSL version: OpenSSL 1.0.2n  7 Dec 2017  allocator: tcmalloc  modules: none  build environment:      distmod: ubuntu1404      distarch: x86_64      target_arch: x86_64        +mongo --version+    git version: 3739429dd92b92d1b0ab120911a23d50bf03c412  OpenSSL version: OpenSSL 1.0.2n 7 Dec 2017  allocator: tcmalloc  modules: none  build environment:   distmod: ubuntu1404   distarch: x86_64   target_arch: x86_64          """	Not Design
JRASERVER	JRASERVER-71616	Bug	Site title format has been changed in the new version	"h3. Issue Summary  The site title if enabled in the new version of Jira v8.12 doesn't look nicely formatted. The font size is large and the margin around the text is not right either.    h3. Steps to Reproduce   # Install v8.12  # Go to System >> Look and Feel and Enable the 'Site title' >> Click update    h3. Expected Results  In old versions, it looked like    !v8.11.png|thumbnail!   h3. Actual Results  In 8.12, it looks like below   !v8.12.png|thumbnail!   h3. Workaround  Currently there is no known workaround for this behavior. A workaround will be added here when available"	Not Design
JRASERVER	JRASERVER-71689	Bug	Linked issues created through the "Create Linked Issue" option do not respect the default priority selected in the project's priority scheme.	"h3. Issue Summary  Whenever a linked issue is created using the *Create linked issue* functionality, its priority will match the original issue's priority instead of the one selected as the default priority in the issue priority scheme.    h3. Steps to Reproduce   # Access an issue.   # Click on *More* > *Create linked issues*.   # Fill out the details but do not select a priority.   # Click on *Create*.    h3. Expected Results  * The linked issue's priority should be the one specified in the Issue Priority Scheme.     !Screen Shot 2020-10-07 at 23.32.34.png|thumbnail!     h3. Actual Results  * The linked issue's priority is equal to the priority of the issue where the *Create linked issue* functionality was used.     !Screen Shot 2020-10-07 at 23.31.18.png|thumbnail!     h3. Workaround    Manually select the linked issue's priority if it is displayed on the *Create Issue Screen*."	Not Design
MESOS	MESOS-7231	Improvement	enable "lastest" as container id for "files" http-api	"The current ""files"" http-api requires the exact container id, whereas the symlink folder ""latest"" cannot be reached (""not found 404"" will be returned if one hits the latest folder).  On the other hand, there is no programmatic way to retrieve the container id.  So in order to programmatically read/download/check file in sandbox, we need make ""files"" http-api understand ""latest""; or expose ""container id"" via some other api call."	Design
DM	DM-25275	Epic	Auxiliary Telescope pipeline development in F20A	"Now that we're on sky, we can now get astrometric fits in auxtel pipeline.    "	Design
FAB	FAB-18133	Story	Use channel participation in samples test-network	"Placeholder... we'll likely need CLI functionality for this?"	Not Design
NEXUS	NEXUS-25463	Improvement	add native PKI certificate management support	"PKI client side certificates usage is becoming more widespread. Examples in use include    - NXRM to IQ Server PKI auth  - NXRM yum proxy repos to Redhat remotes  - NXRM Docker proxy repos to Redhat remotes    Meanwhile, cloud deployments of NXRM are also increasing the complexity of automating updates to PKI certs that NXRM uses from the keystore currently specified by way of system properties: Updates of PKI certs require an NXRM restart and PKI entitlement certs for remote resources can change frequently, requiring some sort of home grown automated process to deploy new certs NXRM can use and then restarting NXRM, requiring downtime. Examples:    - https://help.sonatype.com/repomanager3/formats/yum-repositories/proxying-rhel-yum-repositories  - NEXUS-24420    h4. Expected    Add a REST API and UI for managing client side certs used for outbound PKI Auth ( for repos and even IQ server ). Design it such that NXRM restarts will not be required for the changes to take effect and the certificates will be persisted inside NXRM surviving upgrades. Imagining an interface similar to the existing SSL Certifcates UI."	Design
TIMOB	TIMOB-24725	New Feature	Alloy - Add support for databinding to TableViewSection	"Currently databinding only works on TableViews, not sections. For ListViews it does work on sections. Support for sections in tableviews might enhance the experience better."	Design
FAB	FAB-18126	Task	Integration test join channel with join-block as member	"Join application channel with join-block as member.    Define a 3 node raft cluster without a system channel. Start only 2 of these nodes. Submit a few transactions for the  ledger height to be >>1. Submit a config TX (change something other than consensus related stuff) so that the last config will be number > 0.    Start the 3rd node w/o channels. Get the last config block  from one of the 2 active cluster nodes and join the channel on the 3rd node.    Check that the 3rd node pulls all the blocks.    Check the cluster-relation (=member) and status for the transition (onboarding->active).    Submit some transactions to the 3rd node to verify it mutated into an etcdraft.Chain."	Not Design
DNN	DNN-10834	Improvement	Setting the Description and Keywords fields within Site Settings appears to change the Description and Keywords fields on every page	"It appears as though during the process of setting the Description and Keywords fields within Site Settings, that it will populate those same fields for every page within the site.  It does not appear to overwrite these fields if they are are previously populate in Page Settings.    This seems as though it could potentially introduce SEO issues with sites.  Thanks!"	Design
DM	DM-27117	Improvement	Add dummy pipeline to ap_verify testing	"Mock-based testing of {{pipeline_driver.py}} has run into several problems, including over-dependence on {{ctrl_mpexec}}. It would be cleaner to create  a mock pipeline whose tasks do no processing besides creating output datasets. Implement such a pipeline and use it in tests that currently try to mock the pipeline, its executor, or {{pipeline_driver}}.    Note that {{ap_verify}} currently does some run-time configuration of the AP pipeline (e.g., database location), so the mock pipeline needs to have at least some of the same configuration hooks as the real pipeline. Also, since tasks must be importable to be included in a pipeline, they will need to go somewhere in the main python directory of {{ap_verify}}."	Design
DM	DM-27173	Improvement	Add doc field to obs.base.FilterDefinition	"As proposed in RFC-730, add an optional doc field to {{FilterDefinition}} that can be used to describe filters whose purpose is not obvious from their band or physical name. This change can be made independently of the other changes proposed on that RFC."	Design
MESOS	MESOS-10059	Task	Let the command executor connect through a domain socket when available	"If the command executor is using the v1 API (--http_command_executors agent flag) and the MESOS_DOMAIN_SOCKET environment variable is set, the command executor should use the domain socket to communicate with the agent or die trying."	Not Design
MESOS	MESOS-10087	Task	Update master & agent's HTTP endpoints for showing resource limits	"We need to update Mesos master's `/state`, `/frameworks`, `/tasks` endpoints and agent's `/state` endpoint to show task's resource limits in their outputs."	Not Design
FAB	FAB-17052	Story	Cluster replication probe endpoint warning message spews a bunch of goo into the logs	"The block puller issues warning messages when probing endpoints fails. This message appears as goo to users.      results in      It seems we should be smarter about what we log. The byte slice that makes up the TLS root certificates should not be a set of numbers..."	Design
NEXUS	NEXUS-25303	Improvement	Custom firewall messages for Maven	"     Allow users to add text the error messages outputted in the Maven client when Firewall blocks a component.    Some users have their own Confluence pages or other Wikis where they provide documentation about what to do. In many cases, developers do not have access to the IQ Server Firewall reports, so the link to the report will only lead to ""I do not have access to this application. I have no idea what it is or who to talk to to get access"".    This frustration can easily be preempted with a provided text or link to their internal documentation."	Design
CONFSERVER	CONFSERVER-60250	Bug	Cursor moves automatically after section/column macro added to Blog post	"h3. Issue Summary    The cursor moves automatically when trying to place the cursor right after a column macro inside a section macro in a Blog post. It doesn't happen in pages.  h3. Steps to Reproduce   # Create a new Blog post   # In the editor, add a Section macro   # Inside the section macro, add a Column macro   # Try to place the cursor immediately below the Column macro    h3. Expected Results    The cursor would stay where you clicked so you can type.  h3. Actual Results    The cursor moves up automatically. See the recording below with issue reproduction and workaround.    [^Test_recording.mov]  h3. Workaround    Add some text inside the Section macro before the column macro and don't leave any empty space between the text and the Column macro and you'll be able to type below the Column macro."	Not Design
DM	DM-27057	Epic	Firefly - Extension of TAP interface to ObsTAP	"Beginning the work outlined in:    https://confluence.lsstcorp.org/display/DM/Firefly+support+for+ObsTAP+and+SODA"	Design
NEXUS	NEXUS-21070	Improvement	REST API for trusting remote TLS certificates	"Add REST API to manipulate the internal trust store NXRM uses to trust remote certs.  "	Design
MESOS	MESOS-10061	Task	Implement chmod() support for stout	"When using executor domain sockets, we need to be able to change permissions on the domain socket to 0600. To do that, we should implement a new function `os::chmod()` in stout."	Not Design
JRASERVER	JRASERVER-71686	Suggestion	add applicable issue types filter to custom fields list	"create a new enhancement request with Atlassian to add a filter and display of applicable Issue Types to the Custom Fields page.         Reason: We frequently use Custom Fields globally across all projects and limit the Custom Field to appropriate Issue Types. Filtering on applicable Issue Type/s will improve our ability to find Custom Fields of interest.    !image-2020-10-12-15-17-10-751.png!"	Design
DM	DM-27144	Story	NCSA Test stand DDS test and tuning phase 5 - deployment	"Continue delpoyment/test/debug with external components"	Not Design
NEXUS	NEXUS-25608	Bug	error responses from Nuget v3 remotes may not be properly parsed as errors	"The Github Package Registry for example can reply with a 400 status code if a query limit is exceed. The response content is JSON, but it is not going to be a normal query result. Despite that NXRM can still try to parse it as such and throw a runtime error:        h4. Expected    Improve the response parser to better detect error JSON payloads as such and not error parsing them."	Not Design
FAB	FAB-18102	Bug	Run dead link checker against Fabric docs	"Fix dead links in documentation reported at:    [https://lists.hyperledger.org/g/fabric/message/8758]         Also, investigate job for checking dead links automatically or at least regularly.     "	Not Design
CONFSERVER	CONFSERVER-60256	Bug	Chart Macro doesn't render Chinese language properly	"h3. Issue Summary    While using Chart macro if any of the columns have Chinese, its not rendered properly      h3. Steps to Reproduce   # Confluence v7.6.1  # Java 11.0.7   # Windows OS  # Create a page with Chart macro   !chart-1.png|thumbnail!   # Enter some Chinese columns in it  # Publish the page    h3. Expected Results    The Chart should render Chinese columns properly    h3. Actual Results    Chart shows square boxes for Chinese columns   !screenshot-1.png|thumbnail!     The title of the Chart is still rendered properly. It's just the columns runs into this issue.    h3. *Notes*    Tested with the following versions of Java with the same issue,  * jdk8u265-b01  * jdk 11.0.7  * jdk 11.0.8      h3. Workaround      Currently there is no known workaround for this behavior. A workaround will be added here when available"	Not Design
NEXUS	NEXUS-25457	Bug	blobstore UI corruption after creating a new blobstore or viewing an existing one	"1. Create a new S3 blobstore, Save.  2. Click the newly created blobstore row in the blobstores table to view what you saved.  3. Click the ""Blob Stores"" breadcrumb to navigate back to the blob stores UI list.   !image-2020-10-02-17-52-49-169.png|thumbnail!   4. Click Create Blob Store.  5. Choose S3 from the type list. When the UI changes to show the S3 fields, the UI renders the last created S3 blobstore data over top of what should be an empty form.     !image-2020-10-02-17-41-47-586.png|thumbnail!     Additional Error messages get shown in the UI from then on, navigating back and forth from existing blob stores to the list.    h4. Workaround    It was noticed clicking the Refresh button sometimes corrects the problem. However sometimes it creates new errors in the UI and only temporarily fixes the problem"	Not Design
MESOS	MESOS-10069	Task	Consider modifying Process_BENCHMARK_ClientServer to compare socket performance on the new OpenSSL socket implementation	"There is a pre-existing benchmark in the libprocess benchmarks.cpp file called {{Process_BENCHMARK_ClientServer}}.  We could have this benchmark make HTTPS connections en-masse as well, to check performance differences between the different implementations of our sockets.    We will have the following implementations:  * Libevent + OpenSSL (Posix & Windows)  * Libev + OpenSSL (Posix)  * Native Windows event loop + OpenSSL    Since the new OpenSSL socket defers work off onto libprocess worker threads, it will be interesting to see if performance improves or not."	Not Design
DM	DM-27267	Story	Fix docstring and comments in utils/funcPolynomial	"The docstring on {{funcPolynomial}} is pretty weird, claims to return a covariance. Also there's a random (to me, at least) comment on the {{return}} line too saying {{  # C_00}}"	Not Design
CONFSERVER	CONFSERVER-60303	Bug	Release builds put next snapshot version in the tar source pom	"[https://my.<USER>download/source/confluence] in the pom.xml in these files point to the next development version eg. for 7.5.1 release it points to 7.5.2-SNAPSHOT."	Not Design
DNN	DNN-10770	Bug	Themes:Installing these themes from Manage> themes make it on site level only; "20047-UnlimitedColorPack-033-DNN6_7"& others	"*+Steps:+*  # Login to DNN_Platform_9.2.0.348-740 as host.  #  From PB, go to Manage>Themes.  # Try to install this theme: 20047-UnlimitedColorPack-033-DNN6_7.  # Notice where it is placed after installation.  # Repeat for ""20063-UnlimitedColorsPack-045-DNN6_7"" theme.    *+Result:+*  - You'll find a new section created as site themes and the installed theme is placed under it, which is not correct.  - Note: If you made the installation from settings>extensions, the theme will be added under global themes.  - This behavior exist in these theme:  *- 20047-UnlimitedColorPack-033-DNN6_7  *- 20063-UnlimitedColorsPack-045-DNN6_7  *- WJ0046_Dark_Light_DNN5_6_7  This sounds a general issue.    *+Expected+*:  For listed themes:  - Themes are supposed to be installed under global themes and should be shared between sites, which can't be done in the bug case because they get installed under site themes.  Note: Only host can install extensions/themes, so themes should always be shared between sites inside same installation  Note: Install theme button was *not* in 9.1.1.129  Note: I found out some customers are asking for such a feature not sure if this is an implementation for that request or just an issue: http://www.dnnsoftware.com/forums/threadid/535787/scope/posts/dnn-9-missing-feature-portal-level-theme       !image-2018-02-19-14-40-37-501.png|thumbnail!   Central Jira Link: https://jira.devfactory.com/browse/DNN-17014  "	Not Design
TIMOB	TIMOB-28054	Bug	WebPack (Android/IOS) : .tss changes do not show up after app rebuild	"h5.Steps to reproduce:  1. Create a default alloy app & migrate it to webpack.  2. Build it to device.  3. Change the window {{backGroundColor}} & rebuild.   4. Now add a new label in the index.xml & rebuild.   5. Add styling for the new label in index.tss & rebuild.   6. Now go to the web dashboard for the webpack & stop the build for the app & rebuild.     h5.Actual result:  3. After the app launches no change in color is seen.  4. The new label is seen.  5. No changes are seen.  6. Changes to .tss file are seen.  NOTE: If the build is stopped from the web url & rebuilt, The changes in the {{.tss}} files are seen.    h5.Expected Results:  1. The changes to the {{.tss}} file should be visible after app rebuild."	Not Design
JRASERVER	JRASERVER-71586	Suggestion	Regarding perforamcne issues	"Hi Team,    Some team members facing login page loading and it will take longer time and after it's loads, works normal.     Can we know the reason for this type performance issues.    Let me know any details required on the same.     "	Design
MESOS	MESOS-10141	Epic	CSI External Volume Support	"This epic tracks work for our MVP of external volume support in Mesos using the CSI standard."	Design
FAB	FAB-18236	Bug	The description of the error is incorrect.	"The description of the error is incorrect. An error must be issued according to the transaction type."	Not Design
FAB	FAB-18169	Task	DevMode - Modify chaincode endorsement to support DevMode	"In order to support DevMode with new lifecycle, chaincode endorsement info need to be slightly modified.     As when developer running the DevMode, chaincode will be launched by developer, and it will not be installed and launched by peer. When `CachedChaincodeInfo`, `InstallInfo` will be missing when DevMode is enabled, and this behavior need to be handled and returned correctly.          Acceptance:   * Have correct behavior for `CachedChaincodeInfo` and `ChaincodeEndorsementInfo` when DevMode is enabled.   * Have unit test coverage to test behavior of `ChaincodeEndorsementInfoSource` when DevMode is enabled."	Not Design
DNN	DNN-10765	Bug	Portal Level themes are still not using PortalID-System/Skins folder	"Version 9.1.1 (upgraded)  Tried to manually use Theme on portal level by copying it in folder [PortalID]-System/Skins having it in DB PortalSettings table as [L]Skins/  The system looks for the Themes in folder [PortalID]/Skins instead of [PortalID-System]    I have reported this before on 30Jan107 (more than 1 year ago) and it was closed as duplicate for a newer one?!  https://dnntracker.atlassian.net/browse/DNN-9327  "	Not Design
DM	DM-24341	Epic	AP Pipeline infrastructure improvements during S20B	"To include:    * Work on science data model tooling;  * Conversion to, and work on, Gen3 middleware."	Design
NEXUS	NEXUS-25205	Bug	If maven group or artifact name name contains "SNAPSHOT" then it is considered a maven snapshot	"If maven group or artifact name contains ""SNAPSHOT"" then Nexus 2 considers it to be maven snapshot and fails generate the maven-metadata.xml    The artifact get uploaded to maven release repository, but fails to generate the maven-metadata.xml    Below is an example to reproduce:         The artifacts are uploaded but maven-metadata.xml fails to generate.        Nexus 2 should only check for ""-SNAPSHOT"" in version, not in maven group or artifact name. Nexus 3 does *not* have this same issue.    "	Not Design
JRASERVER	JRASERVER-71621	Bug	Editing a Jira link in a Slack thread results in Issue unfurling in main room	"h3. Issue Summary    When editing a Jira link in a thread, the edited Issue unfurls in the main room instead of unfurling again in the thread.  h3. Steps to Reproduce   # Start a thread.    # post a Jira link in the thread with unfurling enabled.    # edit the Jira link.     h3. Expected Results    The edited link unfurls again in the thread.   h3. Actual Results    The link unfurls in the main room   h3. Workaround    Currently there is no known workaround for this behavior. A workaround will be added here when available"	Not Design
NEXUS	NEXUS-24998	Bug	Continuation token fails intermittently with 406 response but then eventually works.	"Continuation token fails intermittently with 406 response when using Search REST API but then eventually works.    Issue started to happen after upgrading to Nexus 3.26.1. Did not have this problem on version 3.25.0, so this is a regression.    This is the request:        Nexus log show the following warning:    Eventually the same call works:  "	Not Design