issue_key,project,issue_type,summary,description,audit_rank,label,notes
JRASERVER-5287,JRASERVER,Suggestion,"""Link Road Map from issue""","""""""{panel:bgColor=#e7f4fa}   *NOTE:* This suggestion is for *JIRA Server*. Using *JIRA Cloud*? [See the corresponding suggestion|http://jira.atlassian.com/browse/JRACLOUD-5287].   {panel}  As a project manager, I use the Road Map for most interactions with JIRA. If I access an issue from the Road Map, and then edit it, I have to use the back button several times or go to the Home page to use the Road Map-link. It would be nice to have   a """"""""Return to Road Map""""""""-link together with the """"""""Return to search""""""""-link.""""""",2,N,
MULE-4846,MULE,Task,"""Merge the 3.x-messaging branch back to the 3.x branch""","""""""Re-integrate the message adapter removal into the 3.x main line""""""",1,N,
CONFSERVER-10838,CONFSERVER,Bug,"""Group by 'Type' returns Mail results when searching for All Content (No Mail)""",,8,N,
MESOS-686,MESOS,Bug,"""Testing isolator is broken when multiple frameworks are in play""","""""""All the maps inside the testing isolator (drivers, executors, directories) are only indexed by ExecutorID instead of indexing by both FrameworkID and ExecutorID.  This means, if 2 frameworks use the same executor id (which most of our tests do) then the launch of 2nd executor overwrites the first executor in the isolator's data structures. Aaargh.""""""",7,N,
CONFSERVER-25181,CONFSERVER,Suggestion,"""Copy and paste confluence table from MacOS Firefox 11 into MacOS Lion Mail app loses important formatting""","""""""{panel:bgColor=#e7f4fa}   *NOTE:* This suggestion is for *Confluence Server*. Using *Confluence Cloud*? [See the corresponding suggestion|http://jira.<USER>browse/CONFCLOUD-25181].   {panel}  If you set the OSX Mail client format to <USER>Text and try to paste copied content from a Confluence page (in the edit view) while using Firefox, it loses the table formatting.  See screenshots attached.    It works as expected with Safari and Chrome.""""""",9,N,
DNN-3583,DNN,Bug,"""DotNetNuke.Services.Search.Entities.SearchStopWords not marked as serializable""","""""""Found that devices running Content 7.1.1 have this error in the log files when using the Windows Azure Caching Provider:    System.Runtime.Serialization.SerializationException: Type 'DotNetNuke.Services.Search.Entities.SearchStopWords' in Assembly 'DotNetNuke, Version=7.1.1.386, Culture=neutral, PublicKeyToken=null' is not marked as serializable.""""""",4,N,
DM-9758,DM,Story,"""astshim fails to build on linux""","""""""astshim fails to build on linux using Jenkins. Here is a build log  https://ci.lsst.codes/job/stack-os-matrix/22127/label=centos-7,python=py2/console    Also fix build warnings""""""",8,N,
SERVER-3707,SERVER,Improvement,"""Don't try to accept() if out of fds""","""""""I think we basically infinite loop trying to accept since there will always be an incoming connection ready to be accepted that we can't accept. We should check if there is an available fd, and issue a warning and sleep for a second if not.""""""",1,N,
DNN-9076,DNN,Bug,"""Servers throws 404 error for font file SourceCodePro-Regular.ttf.woff ""","""""""Servers throws 404 error for font SourceCodePro-Regular.ttf.woff     After installing the instance ( Goto Settings > Servers) and you will see the below error in browser console :      !image-2016-11-16-07-56-56-462.png|thumbnail!      !screenshot-1.png|thumbnail! """"""",10,N,
DNN-7232,DNN,Task,"""Update Client Dependency Framework to latest version""",,8,N,
NEXUS-138,NEXUS,Sub-task,"""Users: Define Rest API""",,8,N,
TIMOB-5923,TIMOB,Sub-task,"""Studio testing""",,2,N,
CONFSERVER-5549,CONFSERVER,Suggestion,"""The facility to operate on the LDAP profile (based on AtlassianUser ) not only in the ReadOnly mode""","""""""LDAP provider allows to operate on profile only in the ReadOnly mode. But at the same time there are no instructions on the Confluence settings for the correct parameters displaying from LDAP (e.g.: the user Email).  I consider that the best way is to store (edit) the following attributes in LDAP:   1) email - the attribute is used by the different applications interacting with LDAP, as a result it is advisable to store this attribute only in LDAP (and not duplicate it to the Confluence base)    2) FullName - it is desirable to use the FullName parameter instead of the combination of the Name and LastName fields when displaying the user name. The user name should be presented in the native language (but it is not always English and a name may include more than two words).   3) For Jira, it is desirable to use the language parameter not from the inner base but from LDAP so as it may be set up not from the administrator panel.   All the other attributes are stored and edited in the application base.   """"""",4,D,
SERVER-1071,SERVER,New Feature,"""Add pretty() feature to find()""","""""""Getting a pretty rendering of json is fairly common (to me anyway) in the shell.  Today I need to do something like:  db.foo.find().forEach(function(x){print(tojson(x));});  Wow... that's a lot of typing.  Would it be simple thing to define a macro for the above code so that you could do something like:  db.foo.find().pretty()""""""",6,D,
JRASERVER-4099,JRASERVER,Bug,"""java.lang.NullPointerException error when submitting issues too close together""","""""""When creating issues in Jira using a tabbed browser (Mozilla and Firefox were explicitly tested) and creating multiple issues with the same contents, but applying to different projects, and the user submits an issue before another one of the similar issues has successfully completed submission, then the user gets the following error:  # Form Errors: An exception occurred: java.lang.NullPointerException.  This issue can probably be replicated on non-tabbed browsers.""""""",10,N,
FAB-10820,FAB,Story,"""Add a what's new section to the document""","""""""Add a new what's new section to the documentation - possibly as a topic in the TOC immediately after the Introduction highlighting what we've delivered for this release and links to the content in the docs.""""""",2,N,
JRASERVER-66345,JRASERVER,Bug,"""Documentation request: JIRA Data Center performance metrics baseline reference missing""",,9,N,
MULE-1358,MULE,Task,"""Bug in AbstractExceptionListener.getExceptionType""","""""""The line if (exceptionType.isAssignableFrom(e.getClass())) should be changed to if (exceptionType.isAssignableFrom(current.getClass()))  Otherwise this method won't really find nested exceptions of type exceptionType...""""""",10,N,
FAB-5357,FAB,Bug,"""Peer CLI """"channels list"""" command should output to stdout""","""""""Currently, this command does not output the channels list to stdout, so the output cannot be easily piped to other commands/files/etc.""""""",8,N,
NEXUS-21579,NEXUS,Task,"""[R format] regression test full format""","""""""Regression test full R format when all tickets are finished.    *Technical notes*  * Merged into master of nexus-repository-r  * Merged into master of nexus-internal""""""",1,N,
DM-2009,DM,Improvement,"""Please add cbegin and cend to afw tables""","""""""It would be helpful if afw tables had the C++11 iterator methods cbegin and cend that return iterators-to-const.""""""",6,N,
FAB-16111,FAB,Sub-task,"""fabric-samples: Use renamed CheckCommitReadiness (formerly SimulateCommitChaincodeDefinition)""",,10,N,
SERVER-3425,SERVER,Bug,"""Server crash when passed invalid JS in CodeWScope object""","""""""If you pass uncompilable javascript into mongo via a CodeWScope BSON object, the server crashes.  Compiling from a """"""""Code"""""""" object has a NULL-check around compilation, but compiling from CodeWScope doesn't.   Patch at https://gist.github.com/1080695 fixes.""""""",7,N,
TIMOB-20513,TIMOB,Bug,"""iOS: Activity indicator label cut off when auto layout is enabled""","""""""h4. Steps to reproduce  1. create a new titanium app  2. use this code    3. In tiapp.xml, include this property      h4. Expected result  indicator spinning with text """"""""Loading""""""""    h4. Actual result  indicator spinning with text """"""""Loading"""""""" cut off.     Compare attached screenshots""""""",10,N,
MESOS-3577,MESOS,Bug,"""OversubscriptionTest.UpdateAllocatorOnSchedulerFailover is flaky""","""""""Showed up on ASF CI  https://builds.apache.org/job/Mesos/890/COMPILER=gcc,CONFIGURATION=--verbose%20--enable-libevent%20--enable-ssl,OS=centos:7,label_exp=docker%7C%7CHadoop/consoleFull    Output from a good run: """"""",1,N,
DNN-9678,DNN,Improvement,"""SI: Option to select a role and auto assign to it when registering""","""""""Brief Description of Issue:  Option to select a role and auto assign to it when registering    Clear Steps to Reproduce:  1) Go to Settings > Security  2) Go to Member Accounts tab > Registration Settings  3) Change registration Form Type to Custom  4) Be able to add roles that a user can assign to and auto assign.    Actual Result:  No Option    Expected Result:  Be able to add roles that a user can assign to and auto assign when registering""""""",4,D,
DM-26079,DM,Story,"""Update charts for new OSPL shared memory configuration""","""""""All of the current deployment charts need to be changed in order to support the new shared memory model.""""""",10,D,
TIMOB-18594,TIMOB,Bug,"""Cannot build after upgrade to 3.5.0""","""""""h4. Problem Description  Whenever the user attempts to build a project after upgrading to titanium 3.5.0 they now receive this error message, however they can still build on 3.4.1      They have attempted reinstalling the SDK and the command below returns no response    titanium build -p mobileweb -sdk 3.5.0.GA -log-level trace""""""",1,N,
MULE-10430,MULE,Task,"""Spike for moving operation execution from ExtAPI to core""","""""""The idea is to see what is the impact of moving the code to execute operation from extensions API to the core so we can reuse it for every operation that executes like a function.""""""",7,D,
CONFSERVER-13129,CONFSERVER,Bug,"""Confluence acts very slowly""","""""""The wiki acts really slow.    All pages need a few seconds until they are displayed, allthough the wiki runs in a local Gigabit LAN.    Are there any solutions?""""""",10,N,
CONFSERVER-15843,CONFSERVER,Bug,"""Better error handling for /doexportpage.action""","""""""Enter URL:    https://qa-eac.<USER>pages/doexportpage.action?pageId=1739456538    It will throw an error:      This has been fixed in CONF-15790 for the specific case where the URL contains '&type=TYPE_PDF'    But for any other invalid input, the user will see the system error screen. The exception here should be caught, not shown to the end user.    """"""",6,N,
DM-22239,DM,Story,"""Fix race condition in ATArchiver""","""""""There exists a race condition where a flag for an acknowledgment can get reset after it's been cleared if messages come in too quickly.""""""",1,N,
NEXUS-1471,NEXUS,Bug,"""Maven-Proxy - does not declare commons-io as explicit dependency""","""""""In maven-proxy, there are specific compile time dependencies on commons-io artifact (DefaultAttributeStorage, DefaultAttributesHandler), but this artifact is not explicitly declared in the pom.""""""",7,N,
MULE-9406,MULE,Epic,"""Implement DataSense support on SDK""","""""""https://docs.google.com/document/d/1inPuybiA3CTXa4Ihgz4OKl2eoI0Mlj-7vlscarQujnY/edit#heading=h.92tlkmxz5n1m""""""",8,D,
TIMOB-13863,TIMOB,Bug,"""iOS: KitchenSink -TableViews- If show/hide buttons are clicked quickly few times, search box comes in intermediate position where it's neither hidden nor shown.""","""""""If show/hide buttons are clicked quickly few times, search box comes in intermediate position where it's neither hidden nor shown. This is not regression since the issue occurs in 3.1.0 GA as well.  Steps to reproduce: 1. Go to Kitchensink>Base UI> Views> Tableviews>Table Search 2. Click on hide and show button few times quickly.  Actual: search box comes in intermediate position where it's neither hidden nor shown. Now, at this state, if hide is clicked, the search box gets hidden and if show is clicked, box is fully shown. Please find the screenshot attached.  Expected: The search box should attain one position (hide/ show) completely. """"""",9,N,
FAB-17487,FAB,Story,"""Implement function to generate ConfigGroup for a new Organization""","""""""As a fabric administrator, I want to use a fit-for-purpose library function to generate a ConfigGroup representing an Organization. The input to the function should not depend on existing MSP material but should accept directly the necessary cryptographic material.    Acceptance    Calling the new function with appropriate arguments should generate a proto structure that is semantically equivalent to one generated by {{cryptogen}} and {{configtxgen -printOrg}}.""""""",8,D,
FAB-17450,FAB,Bug,"""chaincode install returns invalid reference format error""","""""""if chaincode runtime baseos is misconfigured (such as using a non exist baseos tag), chaincode install will return an error states the following:    ```2020-01-28 19:27:12.543 UTC [lscc] executeDeployOrUpgrade -> ERRO 001 cannot get package for chaincode (firstchaincode:1.0)-err:open /var/hyperledger/production/chaincodes/firstchaincode.1.0: no such file or directory  2020-01-28 19:52:48.583 UTC [dockercontroller] buildImage -> ERRO 002 Error building image: invalid reference format  2020-01-28 19:52:48.583 UTC [dockercontroller] buildImage -> ERRO 003 Build Output:  ********************  Step 1/4 : FROM hyperledger/fabric-baseos:amd64-$(BASE_VERSION)```    It will be extra nice if the error message be more specific.""""""",7,N,
MULE-8991,MULE,Enhancement Request,"""Allow defining interceptors at the operation level""","""""""At this moment, Operation interceptors can only be defined at a configuration level. We now also need to do that at an operation level. The execution order for such interceptors should be:        In each of those groups, the interceptors are executed in declaration order""""""",2,D,
FAB-1629,FAB,Sub-task,"""long run test using Node SDK""","""""""Execute long run test using Node SDK on an X (softlayer) system.  The test will send invokes (Move) using auction chaincode with random payload sizes ranging from 1kb-2kb to a peer for 72 hours at the rate of 1 transaction per second.  This is executed wit a single thread to a single peer.  The test is passed if no transaction dropped, otherwise the test is failed.""""""",2,N,
DNN-10072,DNN,Bug,"""Extension install can overwrite newer assembly with older version""","""""""When upgrading a package (i.e. installing a new version of an existing package), or doing a repair install, it is possible for an assembly in that package to overwrite a newer version of an existing assembly (e.g an assembly which was installed via a different package).    h2. Steps to Reproduce  * Install [^PackageOne_4.1.0.zip] (which references HtmlTags.dll version 4.1.0)  * Install [^PackageTwo_4.2.0.zip] (which references HtmlTags.dll version 4.2.0)  * Put one of the modules on a page (both modules do the same thing), the message should say that version 4.2.0 is installed  * Re-install [^PackageOne_4.1.0.zip] (i.e. do a repair install)    h3. Expected Results  * HtmlTags 4.2.0 is still the referenced assembly    h3. Actual Results  * HtmlTags 4.1.0 is the referenced assembly    Note that this bug is non-deterministic, so it's possible that this scenario wouldn't trigger the bug, but I think it's probable that this will fall into the bug condition.""""""",8,N,
NEXUS-12267,NEXUS,Improvement,"""Nexus logout +> SAML Single Log Out""","""""""I have configured Nexus to use Ruth-Auth to login (https://support.sonatype.com/hc/en-us/articles/214942368-How-to-Configure-Request-Header-Authentication-in-Nexus-with-Apache)  This is working fine.    But to log out completely, a Nexus logout should be followed by a SAML Single Log Out.    I tried to interfere with the standard logout {{/service/local/authentication/logout}}   As this is an AJAX XMLHttpRequest, this doesn't work    Feature request: possibility to add Single Logout URL in logout routine""""""",3,D,
DNN-7926,DNN,Bug,"""install new theme in platform 8.0 throw module load exception ""","""""""install new theme in platform 8.0 throw module load exception   Step to reproduce :  # Install Platform 7.4.2   # Install Theme : CleanWeb-Black.Install.zip ( attached in Below)  # Use the Install theme     - Go to Admin >> Site Settings     - In Appearance set the Site Theme as Host CleanWeb- Black - MegaMenu-Home                                Set the Site Container as Host CleanWeb-Black - Black Title     -> Click Update   # Upgrade the Platform 7.4.2 to Platform 8.0.0 Build 509  # Go to Host>> Extension   # Install new theme : CleanWeb-BlueViolet.Install.zip ( attached below)  # Go to Admin >> Site Settings    Expected: Platform should throw exception on Site Setting page.    Actual: In Platform 8.0 , show exception on Admin Site Setting Page.    Detail Exception message:    Could Not Load Container: /Portals/_default/Containers/CleanWeb-Black/BlackTitle.ascx DotNetNuke.Services.Exceptions.ModuleLoadException: Unhandled error loading module. ---> System.Web.HttpParseException: Could not load type 'DotNetNuke.UI.WebControls.SolPartActions'. ---> System.Web.HttpParseException: Could not load type 'DotNetNuke.UI.WebControls.SolPartActions'. ---> System.Web.HttpException: Could not load type 'DotNetNuke.UI.WebControls.SolPartActions'. at System.Web.UI.TemplateParser.GetType(String typeName, Boolean ignoreCase, Boolean throwOnError) at System.Web.UI.TemplateParser.ProcessInheritsAttribute(String baseTypeName, String codeFileBaseTypeName, String src, Assembly assembly) at System.Web.UI.TemplateParser.PostProcessMainDirectiveAttributes(IDictionary parseData) --- End of inner exception stack trace --- at System.Web.UI.TemplateParser.ProcessException(Exception ex) at System.Web.UI.TemplateParser.ParseStringInternal(String text, Encoding fileEncoding) at System.Web.UI.TemplateParser.ParseString(String text, VirtualPath virtualPath, Encoding fileEncoding) --- End of inner exception stack trace --- at System.Web.UI.TemplateParser.ProcessException(Exception ex) at System.Web.UI.TemplateParser.ParseStringInternal(String text, Encoding fileEncoding) at System.Web.UI.TemplateParser.ParseString(String text, VirtualPath virtualPath, Encoding fileEncoding) at System.Web.UI.TemplateParser.ParseFile(String physicalPath, VirtualPath virtualPath) at System.Web.UI.TemplateParser.Parse() at System.Web.Compilation.BaseTemplateBuildProvider.get_CodeCompilerType() at System.Web.Compilation.BuildProvider.GetCompilerTypeFromBuildProvider(BuildProvider buildProvider) at System.Web.Compilation.BuildProvidersCompiler.ProcessBuildProviders() at System.Web.Compilation.BuildProvidersCompiler.PerformBuild() at System.Web.Compilation.BuildManager.CompileWebFile(VirtualPath virtualPath) at System.Web.Compilation.BuildManager.GetVPathBuildResultInternal(VirtualPath virtualPath, Boolean noBuild, Boolean allowCrossApp, Boolean allowBuildInPrecompile, Boolean throwIfNotFound, Boolean ensureIsUpToDate) at System.Web.Compilation.BuildManager.GetVPathBuildResultWithNoAssert(HttpContext context, VirtualPath virtualPath, Boolean noBuild, Boolean allowCrossApp, Boolean allowBuildInPrecompile, Boolean throwIfNotFound, Boolean ensureIsUpToDate) at System.Web.Compilation.BuildManager.GetVPathBuildResult(HttpContext context, VirtualPath virtualPath, Boolean noBuild, Boolean allowCrossApp, Boolean allowBuildInPrecompile, Boolean ensureIsUpToDate) at System.Web.UI.TemplateControl.LoadControl(VirtualPath virtualPath) at DotNetNuke.UI.ControlUtilities.LoadControl[T](TemplateControl containerControl, String ControlSrc) at DotNetNuke.UI.Skins.Pane.LoadContainerByPath(String containerPath) --- End of inner exception stack trace ---""""""",9,N,
CONFSERVER-746,CONFSERVER,Bug,"""HTML Paragraph not closed if starts with number colon""","""""""Paragraph is not closed if it starts with a  number: Might be bigger, but that's the minimal test.  This causes failure in the PDF export function.  http://confluence.<USER>display/TEST/dvincludedpanel  """"""",1,N,
DNN-3827,DNN,Bug,"""SI: Facebook login throws exception (subsequent to first successful login)  ""","""""""DNN 7.1.2    1.Enable Facebook login  2. Login first time  3. Logout  4 Login again    Actual result:  Request is not redirected to the facebook site for authentication, exception is thrown:  InnerException:The data contract type 'DotNetNuke.Authentication.Facebook.Components.FacebookUserData' cannot be deserialized in partial trust because the property 'FacebookFirstName' does not have a public setter.  FileName:  FileLineNumber:0  FileColumnNumber:0  Method:System.Security.CodeAccessSecurityEngine.Check  StackTrace:  Message:  DotNetNuke.Services.Exceptions.PageLoadException: The data contract type 'DotNetNuke.Authentication.Facebook.Components.FacebookUserData' cannot be deserialized in partial trust because the property 'FacebookFirstName' does not have a public setter. ---> System.Security.SecurityException: The data contract type 'DotNetNuke.Authentication.Facebook.Components.FacebookUserData' cannot be deserialized in partial trust because the property 'FacebookFirstName' does not have a public setter. ---> System.Security.SecurityException: Request for the permission of type 'System.Security.Permissions.ReflectionPermission, mscorlib, Version=4.0.0.0, Culture=neutral, PublicKeyToken=b77a5c561934e089' failed.     at System.Security.CodeAccessSecurityEngine.Check(Object demand, StackCrawlMark& stackMark, Boolean isPermSet)     at System.Security.CodeAccessPermission.Demand()     at System.Reflection.Emit.DynamicMethod.PerformSecurityCheck(Module m, StackCrawlMark& stackMark, Boolean skipVisibility)     at System.Reflection.Emit.DynamicMethod..ctor(String name, Type returnType, Type[] parameterTypes, Module m, Boolean skipVisibility)     at System.Runtime.Serialization.Json.JsonFormatReaderGenerator.CriticalHelper.BeginMethod(CodeGenerator ilg, String methodName, Type delegateType, Boolean allowPrivateMemberAccess)     at System.Runtime.Serialization.Json.JsonFormatReaderGenerator.CriticalHelper.GenerateClassReader(ClassDataContract classContract)     --- End of inner exception stack trace ---     at System.Runtime.Serialization.ClassDataContract.RequiresMemberAccessForRead(SecurityException securityException)     at System.Runtime.Serialization.Json.JsonFormatReaderGenerator.CriticalHelper.GenerateClassReader(ClassDataContract classContract)     at System.Runtime.Serialization.Json.JsonFormatReaderGenerator.GenerateClassReader(ClassDataContract classContract)     at System.Runtime.Serialization.Json.JsonClassDataContract.get_JsonFormatReaderDelegate()     at System.Runtime.Serialization.Json.JsonClassDataContract.ReadJsonValueCore(XmlReaderDelegator jsonReader, XmlObjectSerializerReadContextComplexJson context)     at System.Runtime.Serialization.Json.JsonDataContract.ReadJsonValue(XmlReaderDelegator jsonReader, XmlObjectSerializerReadContextComplexJson context)     at System.Runtime.Serialization.XmlObjectSerializerReadContext.InternalDeserialize(XmlReaderDelegator reader, String name, String ns, Type declaredType, DataContract& dataContract)     at System.Runtime.Serialization.XmlObjectSerializerReadContext.InternalDeserialize(XmlReaderDelegator xmlReader, Type declaredType, DataContract dataContract, String name, String ns)     at System.Runtime.Serialization.Json.DataContractJsonSerializer.InternalReadObject(XmlReaderDelegator xmlReader, Boolean verifyObjectName)     at System.Runtime.Serialization.XmlObjectSerializer.ReadObjectHandleExceptions(XmlReaderDelegator reader, Boolean verifyObjectName, DataContractResolver dataContractResolver)     at System.Runtime.Serialization.Json.DataContractJsonSerializer.ReadObject(XmlDictionaryReader reader)     at DotNetNuke.Common.Utilities.Json.Deserialize[T](String json)     at DotNetNuke.Services.Authentication.OAuth.OAuthClientBase.GetCurrentUser[TUserData]()     at DotNetNuke.Authentication.Facebook.Login.GetCurrentUser()     at DotNetNuke.Services.Authentication.OAuth.OAuthLoginBase.OnLoad(EventArgs e)     at System.Web.UI.Control.LoadRecursive()     at System.Web.UI.Control.LoadRecursive()     at System.Web.UI.Control.LoadRecursive()     at System.Web.UI.Control.LoadRecursive()     at System.Web.UI.Control.LoadRecursive()     at System.Web.UI.Control.LoadRecursive()     at System.Web.UI.Control.LoadRecursive()     at System.Web.UI.Control.LoadRecursive()     at System.Web.UI.Control.LoadRecursive()     at System.Web.UI.Control.LoadRecursive()     at System.Web.UI.Control.LoadRecursive()     at System.Web.UI.Control.LoadRecursive()     at System.Web.UI.Control.LoadRecursive()     at System.Web.UI.Control.LoadRecursive()     at System.Web.UI.Page.ProcessRequestMain(Boolean includeStagesBeforeAsyncPoint, Boolean includeStagesAfterAsyncPoint)     --- End of inner exception stack trace ---    Workaround: Clear browser cache/use Incognito window and facebook login works again....  """"""",10,N,
DM-3027,DM,Story,"""Early access user onboarding and feedback ""","""""""Getting comments, testing, hipchat/JIRA changes""""""",3,N,
NEXUS-4622,NEXUS,Bug,"""HTTP header: """"Accept: text/css"""" on CSS file results in a 406 (CSS not loaded)""","""""""When CSS files hosted below a 'maven-site' repo (any sub folder) are requested with """"""""Accept text/css"""""""" a 406 response for the CSS file is returned - this means the CSS file in question will not be loaded by the browser. (This happens when IE9 is configured to use browser modus """"""""IE9"""""""" and document modus """"""""IE9-Standards"""""""".)    When the same CSS file is requested with """"""""Accept \*/\*"""""""" (e.g. via a direct URL) the CSS file is delivered correctly with """"""""Content-Type text/css"""""""" in the response header.    shell log:    > curl -u <user> -H """"""""Accept:\*/\*"""""""" https://<site-repo>/x.css -D -    HTTP/1.1 200 OK  Date: Fri, 04 Nov 2011 18:02:08 GMT  Server: Noelios-Restlet-Engine/1.1.6-SONATYPE-5348-V4  Content-Type: text/css  Last-Modified: Thu, 27 Oct 2011 17:39:32 GMT  ETag: """"""""eebcd5378dc6c17685ffa4694a12580723fdcf2a""""""""  Vary: Accept-Charset,Accept-Encoding,Accept-Language,Accept  Content-Length: 222  Set-Cookie: JSESSIONID=81c0d344-0296-42fe-9e0d-581d37ede4f6; Path=/nexus; HttpOnly  Set-Cookie: rememberMe=deleteMe; Path=/nexus; Max-Age=0; Expires=Thu, 03-Nov-2011 18:02:08 GMT  Connection: close    #banner, #footer, #leftcol, #breadcrumbs, .docs #toc, .docs .courtesylinks, #leftColumn, #navColumn {          display: none !important;  }  #bodyColumn, body.docs div.docs {          margin: 0 !important;          border: none !important  }    > curl -u <user> -H """"""""Accept:text/css"""""""" https://<site-repo>/x.css -D -    HTTP/1.1 406 The resource identified by the request is only capable of generating response entities which have content characteristics not acceptable according to the accept headers sent in the request  Date: Fri, 04 Nov 2011 18:03:05 GMT  Server: Noelios-Restlet-Engine/1.1.6-SONATYPE-5348-V4  Content-Type: text/html; charset=iso-8859-1  Cache-Control: must-revalidate,no-cache,no-store  Content-Length: 1782  Set-Cookie: JSESSIONID=898ee864-ec6a-4bce-8daf-4d98d6585531; Path=/nexus; HttpOnly  Set-Cookie: rememberMe=deleteMe; Path=/nexus; Max-Age=0; Expires=Thu, 03-Nov-2011 18:03:05 GMT  Connection: close    <html>  [...]    """"""",6,N,
CONFSERVER-32765,CONFSERVER,Bug,"""The user profile timezone menu has an incorrect value for Minsk""","""""""The city of Minsk is located in GMT+3 but in the timezone dropdown menu where users can specify their timezone it is displayed as if Minsk is in GMT+2, see attached screenshot [^DropdownError.jpg] for an illustration of the problem.""""""",7,N,
SERVER-12576,SERVER,Improvement,"""Human readable Bulk state and SingleWriteResult""",,5,N,
SERVER-30821,SERVER,Improvement,"""Allow usage of secure memory by the auth subsystem to be configurable""","""""""It should be possible to enable and disable the consumption of secure memory in the authZN layer. This will allow administrators unable to configure their ulimits to reduce their use of this resource.""""""",9,D,
DM-6050,DM,Story,"""Table caching optimizations""","""""""We need to avoid duplicate requests which result from minor differences in TableRequest parameters, which are not used to get data.  For example, loading catalog table, which triggers table statistics, and then getting an XY plot, results in 3 requests, returning identical data.    1. RequestClass=ServerRequest; *tbl_id=tbl_id-1;* UserTargetWorldPt=10.68479;41.26906;EQ_J2000;m31;ned; SearchMethod=Cone; catalog=wise_allwise_p3as_psd; RequestedDataSet=wise_allwise_p3as_psd; radius=200; use=catalog_overlay; catalogProject=WISE    2. RequestClass=ServerRequest;RequestedDataSet=wise_allwise_p3as_psd; catalog=wise_allwise_p3as_psd; use=catalog_overlay; UserTargetWorldPt=10.68479;41.26906;EQ_J2000;m31;ned; catalogProject=WISE; radius=200; SearchMethod=Cone    3. RequestClass=ServerRequest; *tbl_id=xyplot-tbl_id-1;* catalog=wise_allwise_p3as_psd; use=catalog_overlay; UserTargetWorldPt=10.68479;41.26906;EQ_J2000;m31;ned; SearchMethod=Cone; RequestedDataSet=wise_allwise_p3as_psd; catalogProject=WISE; radius=200; *decimate=decimate=ra,dec,10000,1,,,,*    The difference between 1 and 2 is tbl_id parameter. The difference between 2 and 3 is tbl_id and decimate parameters. As well as the order of the parameters. None of which change the catalog search result.    Test Case: Test Searches, Test catalog, AllWISE Source, radius=200""""""",9,N,
FAB-15098,FAB,Documentation,"""Improvements to BYFN doc for new lifecycle""","""""""Misc improvements to BYFN doc for new lifecycle.""""""",1,N,
MESOS-8885,MESOS,Improvement,"""Disable libevent debug mode.""","""""""Our current libevent integration calls {{event_enable_debug_mode()}} which enables additional tracking in libevent to check for common errors. It is recommended to _""""""""only enable debug mode when actually debugging your program""""""""_ because _""""""""tracking which events are initialized requires that Libevent use extra memory and CPU""""""""_.    http://www.wangafu.net/~nickm/libevent-book/Ref1_libsetup.html    We could consider introducing libevent flags in order to be able to toggle this behavior with an environment variable since it appears that libevent does not provide one. However, since I don't believe these assertions have been of value, we can just remove the debug mode for now.""""""",9,N,
TIMOB-12996,TIMOB,Bug,"""Android: Unexpected layout when adding images and labels to TableViewRow""","""""""When adding an imageview and labels to a tableview row with horizontal layout will push the label down to the next line instead of wrapping the text, on iOS it will correctly wrap the text.    Images attached    Example code:  """"""",6,N,
DNN-3212,DNN,Story,"""Create Permissions Review Document""",,3,N,
DNN-3617,DNN,Bug,"""The 7.1.2 Platform Install pack include the Mobile template""","""""""The 7.1.2 Platform Install pack include the Mobile template    Steps to reproduce:  1. Unzip the Install package  2. Go to ..site/Portals/_default  3. Look for the Mobile Website template    Actual result: three files are found    Expected result; No Mobile Template files in the Platform packages  """"""",5,N,
DNN-24191,DNN,Bug,"""Journal  Remove Deleted User causes inconsistent behavior in the Journal""","""""""Brief Description of Issue:  Remove Deleted User causes inconsistent behavior in the Journal in regards to comments and likes made by the removed user.   Clear Steps to Reproduce:      Install 7.0.0.1585;     Log in as Host;     Create a new User;      Create a New Page;     Give to that Page View permission for all Registered User;      Add a new Journal Module to that Page;     Leave a new comment as Host;     Log out;     Log in as the user created in step 3;     Go to the Page created in step 4;     Add a new Comment;     Add a new comment on the comment left by Host in step 7;     Like the comment left by Host in step 7;     Log out;     Log in as Host;     Go to Admin &gt; User Accounts;     Delete the user created in step 3;     Remove deleted users;     Go to the Page created in step 4;   Actual Result:      The profile picture of the comment added in the step 11 exists but the link to the profile picture does not work;     The user creator info of the comment added in the step 11 is not displayed. A link is created to the profile page, but the link text is empty;     The comment added in the step 12 is not displayed;     The like info of the comment marked as liked in step 13 is showed. The name of the user is showed as a link that point to the user profile page that does not exist now.  see screen cast: http://screencast.com/t/pddnyS2AT0   Expected Result I am not sure about the correct expected result in this use case. However, in my point of view, Journal data should be consistent. Here are my two proposal for the expected result:      Don&apos;t remove historical data related with the removed user. Don&apos;t show profile picture for this user; show the username info in likes and comments but without a link to the profile page.      Remove all the historical data related with the removed user: remove all comments, remove all likes;""""""",1,N,
DM-5551,DM,Story,"""Design Discussions (Nate, May)""",,7,N,
MULE-1839,MULE,Bug,"""Axis transport fails to pass tests in 2.0""","""""""Removing all tests via pom""""""",9,N,
MESOS-3338,MESOS,Bug,"""Dynamic reservations are not counted as used resources in the master""","""""""Dynamically reserved resources should be considered used or allocated and hence reflected in Mesos bookkeeping structures and {{state.json}}.  I expanded the {{ReservationTest.ReserveThenUnreserve}} test with the following section: {code}   // Check that the Master counts the reservation as a used resource.   {     Future<process::http::Response> response =       process::http::get(master.get(), """"""""state.json"""""""");     AWAIT_READY(response);      Try<JSON::Object> parse = JSON::parse<JSON::Object>(response.get().body);     ASSERT_SOME(parse);      Result<JSON::Number> cpus =       parse.get().find<JSON::Number>(""""""""slaves[0].used_resources.cpus"""""""");      ASSERT_SOME_EQ(JSON::Number(1), cpus);   } {code} and got   Idea for new resources states: https://docs.google.com/drawings/d/1aquVIqPY8D_MR-cQjZu-wz5nNn3cYP3jXqegUHl-Kzc/edit""""""",7,N,
TIMOB-9517,TIMOB,New Feature,"""Android: Enable autoLink in TextView""","""""""This feature request is to enable autoLink in TextView for Android.      The required documentation is here at    http://developer.android.com/reference/android/widget/TextView.html#setAutoLinkMask(int)    {panel:title=Test Case}  """"""",1,D,
MULE-3533,MULE,Enhancement Request,"""Review and fix problems with life-cycle of major artifacts ""","""""""Connector/Service/Component/Agent etc.  This mostly isn't a problem because spring/registry does most lifecycle transistion using the LifecycleManager.  There are significant inconsistencies when transitioning life-cycle manually though.""""""",7,D,
MESOS-2707,MESOS,Bug,"""Incorrect zh:// URI scheme causes Slave to SegFault""","""""""I have 4 slave nodes with the same hardware, operating system and mesos configuration.   Few minutes ago, all 4 nodes were functioning well. I tried to change the config of *master* from _10.172.230.69:5050_ to _zh://10.172.230.69:2181/mesos_ and restarted them in turn. The other three had started normally but the last one got a segmentation fault as you can see below.  """"""",4,N,
FAB-14992,FAB,Sub-task,"""Verify fabric, fabric-ca docker images are published""","""""""Verify fabric, fabric-ca docker images are published to hyperledger docker-hub account and make sure fabric-binaries are published to nexus repository.""""""",5,N,
FAB-9919,FAB,Documentation,"""Documentation for Identity Mixer""","""""""Finalize the Identity Mixer documentation which was started in:    [http://hyperledger-fabric.readthedocs.io/en/release-1.1/idemix.html]  [http://hyperledger-fabric.readthedocs.io/en/release-1.1/idemixgen.html]""""""",1,N,
CONFSERVER-20507,CONFSERVER,Bug,"""pagetree search macro causing performance issue when Confluence full reindex is performed""","""""""(i) This is from https://studio.plugins.<USER>browse/PGTR-82 - I'm creating a duplicate in JAC as to add the bug in Support Bug Fix backlog.    The pagetreesearch macro can cause performance issue in large Confluence instance with complex page hierarchy.    In one reported accident, it appears to require building a lot of joints when accessing the ancestors table to determine the page hierarchy - if the hierarchy is complex enough, the reindexing process can take days to finish.    Example query:      Example thread dump:  """"""",3,N,
MESOS-3133,MESOS,Task,"""Isolator::prepare() should return Executor environment vars as well""","""""""Sometimes the Isolators need to pass on some environment variables for the Executor that is being launched. For example, to successfully launch an executor inside a network namespace, one needs to set LIBPROCESS_IP to point to the container IP, otherwise the executor tries to bind to the Slave IP which may be invalid inside the namespace. Another example is where the file system isolator should be able to specify the WORK_DIR depending on if a new rootfs is used.""""""",3,N,
DNN-5860,DNN,Bug,"""Portal SMTP Test Email Uses Host Settings""","""""""Host Advanced SMTP Setting:  <EMAIL>  Admin Portal Advanced SMTP Setting: <EMAIL>    Click on Test Connection in your website portal with the configured SMTP settings.    Email Sent Successfully from <EMAIL> to <EMAIL>     Should Read  Email Sent Successfully from <EMAIL> to <EMAIL> """"""",9,N,
NEXUS-21787,NEXUS,Improvement,"""API to change deployment policy of a hosted repository""","""""""Improvement request for REST API call to change the deployment policy of a hosted repository. This would allow us to set a hosted repository to read only using the API.""""""",7,N,
NEXUS-4435,NEXUS,Bug,"""nexus-maven-bridge-plugin is not being bundled in nexus-oss-webapp bundle""","""""""Recently we moved this plugin into nexus oss core, but I noticed it is not being bundled in nexus-oss-webapp bundle.    We need to decide where it will be bundled and how it will be used.""""""",1,N,
MESOS-7534,MESOS,Task,"""Notify resource providers if they've been re-registered.""","""""""Send a {{SUBSCRIBED}} event to the resource provider.""""""",9,N,
CONFSERVER-49192,CONFSERVER,Suggestion,"""Stop watching just a calendar, not the whole space.""","""""""{panel:bgColor=#e7f4fa}   *NOTE:* This suggestion is for *Confluence Server*. Using *Confluence Cloud*? [See the corresponding suggestion|http://jira.<USER>browse/CONFCLOUD-49192].   {panel}  According to Atlassian documentation:    [Stop watching a calendar|https://confluence.<USER>teamcal/watch-a-calendar-247070749.html#WatchaCalendar-stopWatchingStopwatchingaCalendar]    {quote}  If the menu says 'Watching', you're watching the calendar because you're either watching a page the calendar is embedded on or you're watching the related space for the calendar. To stop watching in this case, you'd need to stop watching the relevant page or space containing the calendar.  {quote}      This would be a feature to allow users to """"""""stop watching"""""""" a calendar without having to stop watching the space.    """"""",2,N,
TIMOB-19549,TIMOB,Bug,"""iOS: JS files in Resources get minified if minification is not """"skipped""""""","""""""JS files in the Resources dir are getting minified. This is due to a bug introduced in Ti SDK 5.0.0.    To reproduce, do:            At this point, since we did't minify the JS files, the {{build/iphone/assets}} dir will contain symlinks to the original files in the Resources dir. titanium_prep happily encrypts them and all is good.        Now the iOS build will minify and then encrypt. Except this time, when we write the minified JS code to the assets dir, the destination exists and it's a symlink! When it writes to the symlinked JS file, it modifies the original in the Resources dir.""""""",5,N,
CONFSERVER-16525,CONFSERVER,Bug,"""Errors indexing PDF documents""","""""""This is an umbrella issue for problems with pdf file indexing that are originated inside pdf extractor (PDFBox). """"""",2,N,
NEXUS-9774,NEXUS,Bug,"""UI javascript files are not compressed/minimized""","""""""h3. Problem    Noticed all the Javascript files that are requested using the UI ( ExtJS)  are not of the compressed/condensed form in 2.12.0-01 - previous releases had these compressed to improve UI loading times.    h3. Expected    Javascript files for the UI should be minimized to improve loading times/reduce bandwidth""""""",8,N,
MESOS-285,MESOS,Bug,"""configure.macosx checks for version """"10.7"""" but should check for 10.7 or greater""","""""""Starting in OS X 10.7 (Lion) the location of jni.h is different. The configure.macosx addresses this by checking for version 10.7 and adding the new location to JAVA_CPPFLAGS. However, the check currently only tests for version 10.7 when it should check for 10.7 or greater. See the exact line I'm talking about in the current head of trunk at https://github.com/apache/mesos/blob/fcc113f93113a32b26e668b7d27b1110e72a7dac/configure.macosx#L6  if test ! -z `sw_vers -productVersion | grep 10.7`; then  I believe a fix would be to have this line instead use Bash's extended test command (as suggested in the comment by user """"""""Steev"""""""" on this blog post http://bkhome.org/blog/?viewDetailed=02199) which can compare dotted version numbers:  osx_version=`sw_vers -productVersion` if [[ """"""""$osx_version"""""""" == """"""""10.7"""""""" || """"""""$osx_version"""""""" > """"""""10.7"""""""" ]]; then  At least, this seems to work for me on 10.8.1 (Mountain Lion).""""""",10,N,
NEXUS-3104,NEXUS,Bug,"""User with """"Nexus Developer Role"""" cannot browse repositories in UI""","""""""Users created with with """"""""Nexus Developer Role"""""""" cannot browse repositories in the UI.        """"""",8,N,
MULE-3862,MULE,Bug,"""Mule's lifecycle is broken after XML parser exception on startup""","""""""Noticed this a while ago, now have steps to reproduce. This is a major regression, Mule tries to do some weird stuff after it went into 'shutdown' phase. Looks like application event multicaster tries to publish event to a 'dead' context.""""""",8,N,
MULE-8896,MULE,Bug,"""Using JMS Client Acknowledge with exception strategies always acks or fails rollback""","""""""When using JMS Client Acknowledge transactions and an exception is thrown, there are only two options:    # Rollback the transaction, which fails with an exception inside the exception handler (UnsupportedOperationException)  # Commit/ack the message    IMO that exception should not be thrown as, per the JMS ack semantics, not acknowledging will automatically cause the message to be redelivered.""""""",10,N,
NEXUS-5860,NEXUS,Improvement,"""add a log line that prints all the permissions a subject has per request""","""""""There are various loggers that will print what permissions are needed to access a particular Nexus resource while a request is being processed.    Problem is I can find no logger that prints all the permissions ( roles/privs ) a specific authenticated principal user has.    Therefore when debugging security problems in Nexus, you effectively only have one side of equation to go by. This often leads to a bunny trail figuring out what to give a Nexus user so they can access a resource.    Please print in one line, all the permissions a requests principal has, unless there is some performance reason this cannot be done.    adding it at TRACE level is fine. DEBUG may be better.        """"""",10,N,
DM-16224,DM,Improvement,"""Reduce excessive database traffic from the Replication Controller""","""""""A development effort associated with this ticket is meant to address one of the side-effects introduced during the code review of [DM-14262]. The new version of the code (which is now formally correct) puts too much unnecessary load onto the MariaDB service when updating persistent states of the Replication-Qserv synchronization requests. This results in million rows of mostly unneeded data stored in the databases each time such synchronization is happening. Each such row contains names of a databases and chunk numbers which are sent from the Replication system to the Qserv workers. Another problem with the implementation is the rapid growth of the database space used by the Replication system (roughly 200 GB over 48 hours).    In this ticket the detailed reporting of the database names and chunks numbers will be replaced with a simple counter of replicas sent to Qserv workers by each such request.    The second improvement is to be made in the default configuration of the master Replication Controller. The frequency of checks made by the Cluster Health Monitoring and Replication threads is going to be significantly reduces.""""""",2,D,
DNN-7112,DNN,Improvement,"""SI: Search Results Source Grouping""","""""""The customer would like to have """"""""user"""""""" search results be separate from page/module content results.""""""",3,N,
JRASERVER-42141,JRASERVER,Suggestion,"""Enable drag and drop attachments for Issue View screen on Jira Cloud""","""""""{panel:bgColor=#e7f4fa}   *NOTE:* This suggestion is for *JIRA Server*. Using *JIRA Cloud*? [See the corresponding suggestion|http://jira.atlassian.com/browse/JRACLOUD-42141].   {panel}  Enable the ability to drag and drop attachments on the Issue View screen.    """"""",8,N,
MULE-5574,MULE,Bug,"""Update example's README files to point to the right documentation link""","""""""  All examples's REAME files contain a wrong documentation link   pointing to http://www.mulesoft.org/documentation/display/MULE3INTRO/XXX  instead of http://www.mulesoft.org/documentation/display/MULE3EXAMPLES/XXX""""""",9,N,
DNN-6068,DNN,Bug,"""Login session cookie lost in IE11""","""""""Customer is reporting that the login session cookie is lost in IE11?    maybe this related to:  https://connect.microsoft.com/IE/feedback/details/810700/subject-ie11-is-losing-cookie-information-and-thus-becoming-detached-from-a-web-application-session""""""",4,N,
CONFSERVER-47954,CONFSERVER,Bug,"""Atlassian ID is using the billing name for my Answers profile instead of my desired username""","""""""{panel:bgColor=#e7f4fa}   *NOTE:* This bug report is for *Confluence Server*. Using *Confluence Cloud*? [See the corresponding bug report|http://jira.<USER>browse/CONFCLOUD-47954].   {panel}  Hi,     Full name should be the same like in Answers. Currently is used from Confluence I suppose..      Thanks, """"""",3,N,
NEXUS-1566,NEXUS,Bug,"""Adding repository can't complete""","""""""* Nexus 1.2.1 just installed  * Logged as admin  * Administration -> Repositories -> Add  ** Enter name and id  ** Any url, for example https://maven-repository.dev.java.net/  ** Save    Just Please Wait...    The same repository manually added to nexus config working fine.  """"""",4,N,
SERVER-44943,SERVER,Bug,"""avoid taking the PBWM lock in ReplicationCoordinatorExternalStateImpl::oplogExists()""","""""""This function is used by the read concern code to check if the oplog collection is  initialized and can be called on both primaries and secondaries. On secondary nodes, the current implementation, introduced in SERVER-35870, uses the collection lock RAII type, which implicitly acquires the PBWM lock.    The [oplog collection check|https://github.com/mongodb/mongo/blob/7b0edfd21b758ee71d34b8dfd49929b08c007c8f/src/mongo/db/repl/replication_coordinator_external_state_impl.cpp#L643] is currently done using the AutoGetCollection RAII type, which requires the PBWM lock. It should be possible to avoid taking any locks by querying the [CollectionCatalog|https://github.com/mongodb/mongo/blob/7b0edfd21b758ee71d34b8dfd49929b08c007c8f/src/mongo/db/catalog/collection_catalog.h#L144] directly. An alternative to the CollectionCatalog might be to use [LocalOplogInfo::getCollection()|https://github.com/mongodb/mongo/blob/7b0edfd21b758ee71d34b8dfd49929b08c007c8f/src/mongo/db/repl/local_oplog_info.h#L69].  """"""",8,N,
JRASERVER-14628,JRASERVER,Bug,"""When using the (R) trademark symbol in Groups the Group fails, and it cannot be deleted.""","""""""When adding a GROUP that contains a trademark ® symbol, the group fails and then cannot be deleted.  I am attaching screenshots for additional details.    When you try to delete the group, the trademark is now = DOMEA®, however the group pages shoes DOMEA®.    Whey you try to view or edit the members no member show, however they are shown on the Browse Group page.    Try to Click the Group to view it, and error occurs that the Group does not exist.    We have tried to fix this in our DB, but we were unsuccessful.""""""",1,N,
MESOS-3222,MESOS,Task,"""Implement docker registry client""","""""""Implement the following functionality:  - fetch manifest from remote registry based on authorization method dictated by the registry. - fetch image layers from remote registry  based on authorization method dictated by the registry.. """"""",6,N,
FAB-2729,FAB,Story,"""Document the configtx""",,1,N,
MULE-9535,MULE,Enhancement Request,"""Ability to set a property at a domain level which can be used by every application""","""""""As a user, I would like to be able to set a property in a domain, e.g. connection.url=123, and then reference it via ${connection.url} in every child app  """"""",3,N,
CONFSERVER-30123,CONFSERVER,Bug,"""IE10 adds new attachment if you drag and drop an image in a page""","""""""In a Confluence page with an image, using IE10, if you drag and drop the image a new file with the image is attached to the page.""""""",5,N,
MULE-7890,MULE,Task,"""Include hamcrest-library dependency.""","""""""We are now using hamcrest-core (as part of junit 4.11), we need to instead include hamcrest-library and exclude junit's dependency. This will let us use many fundamental matchers, like the ones regarding number comparisons (greaterThan, lessThan, etc) and make our tests clearer.""""""",5,N,
MESOS-8947,MESOS,Improvement,"""Improve the container preparing logging in IOSwitchboard and volume/secret isolator.""","""""""Improve the container preparing logging in IOSwitchboard and volume/secret isolator.""""""",10,N,
FAB-13493,FAB,Bug,"""Chaincodes tests are failing consistently in test cases FAB-5791, FAB-6439, FAB-6650""","""""""The chaincodes tests are failing consistently with Assertion in test cases FAB-5791, FAB-6439, FAB-6650 , FAB-5791 in the daily Behave tests. The same test cases are failing in the release-1.4 and master branches.    *Consistent:* Yes    *Branches:* release-1.4, master,    *Error Snippet:*    *Build Logs*    [https://logs.hyperledger.org/production/vex-yul-hyp-jenkins-3/fabric-test-daily-behave-release-1.4-x86_64/24/Behave_Test_Logs/|https://logs.hyperledger.org/production/vex-yul-hyp-jenkins-3/fabric-test-daily-behave-release-1.4-x86_64/20/Behave_Test_Logs/]""""""",10,N,
DM-12438,DM,Story,"""Fix hack_volume in cilogon example""","""""""hack_volume is no longer needed""""""",5,N,
JRASERVER-44119,JRASERVER,Bug,"""Resolved date improperly set even if status and resolution are unresolved""","""""""Hi,    we got a problem in JIRA: """"""""Resolved"""""""" date updates automatically even if the status is set to an initial one (blue colour) and the """"""""Resolution"""""""" field displays """"""""Unresolved"""""""" (see printscreen #1 attached).  The ticket becomes improperly """"""""crossed"""""""" as like as already done in the """"""""Activity stream"""""""" also (attach #2).    May you tell me the exactly steps to solve that problem please?    Regards,    Alessandro""""""",2,N,
JRASERVER-20835,JRASERVER,Bug,"""Behaviour of the view link in the issue navigator is odd for new queries""","""""""{panel:bgColor=#e7f4fa}   *NOTE:* This bug report is for *JIRA Server*. Using *JIRA Cloud*? [See the corresponding bug report|http://jira.atlassian.com/browse/JRACLOUD-20835].   {panel}  After you have clicked on create new query, the functionality of """"""""View"""""""" link doesn't make much sense. Currently it shows you an empty results screen and clears the query you were working on.    The """"""""View"""""""" link should either:  - Not be present for new queries until they've been run  - Perform the same function as the """"""""Search"""""""" button.  - Only be present if there was a previously run query. In which case selecting View shows the results of the previous query.""""""",4,N,
DM-15571,DM,Story,"""Create dev environment on k8s in PDAC""","""""""In the past commit for DM-15392, I set up the k8s files to start the DAX webservices at the /api endpoint.    In testing future changes, it would be helpful to have another version of the DAX services ready for developers to mess with, changes to be pre-released, etc.  I propose /dev then the same URL.    Do the k8s plumbing for this, and I think one environment will be enough for now.""""""",9,N,
MESOS-3676,MESOS,Task,"""Port process/collect.hpp to Windows""",,1,N,
CONFSERVER-11542,CONFSERVER,Suggestion,"""Misleading Confluence Clustered Install Guide""","""""""The latest version of the Confluence Clustered Installation available is a little misleading:          http://confluence.<USER>display/DOC/Confluence+Cluster+Installation    When following the installation steps it is not clear that the server for the second node must also have Java installed. Currently it provides instructions to copy the confluence install directory and home folder over, but makes no mention of install Java on the other server.    Can we please look into this and clarify.    Thanks,  <USER>""""",7,N,
TIMOB-11217,TIMOB,Bug,"""iOS: Signals are not being handled by the TiExceptionHandler""","""""""it looks like not all types of errors are handled in TiExceptionHandler    if you add the following:        in a module method, the app will crash.    see http://cocoawithlove.com/2010/05/handling-unhandled-exceptions-and.html for a good example on how to handle signals as well as normal cocoa exceptions (in addition to script error and NSExceptionHandler).  the signal handling code must be added to TiExceptionHandler.m    """"""",6,N,
NEXUS-1742,NEXUS,Bug,"""index_content resource not respecting the forced base URL""","""""""The resource returned her IP not the forced base URL.    to make things more fun, the redirect doesn't work right either    https://<hostname>/nexus/service/local/repositories/releases/index_content/ant  redirects to:  https://<IP>:<port>/nexus/service/local/repositories/releases/index_content/ant/""""""",2,N,
MESOS-7477,MESOS,Improvement,"""Support ambient capabilities.""","""""""Add support for ambient capabilities so that capabilities granted in the {{LaunchTask}} message can be made active in the task without the requirement for matching file-based capabilities.""""""",5,N,
CONFSERVER-7285,CONFSERVER,Bug,"""Moving attachment to another page clobbers authors of previous versions""","""""""When an attachment (that contains several historical versions) is moved to another page, all authors of previous versions are set to the person who moved the attachment.   """"""",9,N,
FAB-10270,FAB,Story,"""Add levelDb bloom filter ""","""""""levelDB supports bloom filters, that can increase performance dramatically.     Can you add bloom filters, bits per key and BlockCacheCapacity in config file, so it is easy to configure them. In many real cases this functionality will be needed. For now the only way to enable them is by forking the source and compile custom Fabric.     In my benchmarks, with 1.7 billion keys, without bloom filters, leveldb can do ~100 get request per second. If bloom filters are enable performance goes up to ~18000 get request per second.    Of course, this consume couple of gigabytes of RAM, in this particular case around 5GB, but we need the performance and the servers have the needed amount of RAM. In the ledger we have more than 5 billion keys.""""""",3,D,
FAB-11587,FAB,Sub-task,"""Add a tar based chaincode package parser""",,8,N,
MESOS-2279,MESOS,Bug,"""Future callbacks should be cleared once the future has transitioned.""","""""""For example, when a future has transitioned into READY state, all onDiscard callbacks should be cleared to avoid potential cyclic dependency and memory leak. For instance:    The above code has a cyclic dependency because f.data has a reference to the future inside an std::function which has a reference to f.data.""""""",5,N,
DNN-7480,DNN,Story,"""Extract SQL Module into a separate module""","""""""h2. Card  The SQL Module is used for executing SQL queries against the DNN database. The SQL Module is just a UI that exists over the top of the core platform APIs.  The UI components should be extracted into a separate module, however the underlying public API and data components should remain part of the platform. All functionality for saving or loading queries should be included as part of the module and is not considered part of the public API.    h2. Conversation  This initial conversion effort is only focused on conversion to a module and shall not include conversion to a MVC or SPA module.    h2. Confirmation  """"""",2,D,
MULE-6453,MULE,Bug,"""Wrong junit version in cep example""","""""""In pom.xml file for cep example, JUnit dependency has the wrong version (4.8.1. instead of 4.9).     Steps to reproduce:   # Download mule-ee-distribution  # Execute /populate_m2_repo  # Go to cep example folder  # Execute mvn install    Expected result: Build Success  Actual result: Build Failure """"""",7,N,
SERVER-18854,SERVER,Improvement,"""Manage connected client information via a decoration on the service context""","""""""ClientBasic current caches information about the connected network client by holding an AbstractMessagingPort pointer. This pointer is accessed from a few places in the database layer, notably:    - src/mongo/db/auth/sasl_commands.cpp  - src/mongo/db/commands/authentication_commands.cpp  - src/mongo/db/repl/replset_commands.cpp    This couples the database implementation to details of the network implementation. Additionally, the last instance, in the replication code, makes use of the connection tagging facility, which is currently managed by  a global """"""""Ports"""""""" object instantiated inside messaging_port.cpp, which is used to implement MessagingPort::closeAllSockets.    Rather than allowing the database layer direct access to the socket types and using globals to track connections, we should create a new connection management facility, and attach it to the service context. The connection management facility would be responsible for providing database Client level access to information about the network (local and remote addresses, X509 names, etc.), and for managing tagging and global actions on connected clients.  """"""",3,D,
TIMOB-2241,TIMOB,Bug,"""iOS: Platform data crashes app with segmentation warning""","""""""{html}<div><p>found on 3g iphone (3.1.2) 4th gen ipod (4.1) mobile sdk build 1.5.0.8846d87</p> <p>1.Platform&gt;Platform Data</p> <p>results: crash Mon Nov 1 15:51:52 eWorld com.apple.launchd<a>1</a> : (UIKitApplication:com.<USER>KitchenSink[0x330e]) Job appears to have crashed: Segmentation fault</p></div>{html}""""""",6,N,
FAB-11859,FAB,Test Task,"""change fabric-test frameworks to start networks with  V1_3 capabilities enabled by default""","""""""In fabric-test, we are running all tests with v1.2 capabilities only.    {{PTE/OTE with NL:}}   {{ .../fabric-test/tools/NL$ grep -i v1_[23] * 2>/dev/null}}   \{{ configtx.yaml-in: V1_2: true}}   \{{ .../fabric-test/tools/NL$ }}    {{Behave tests:}}   {{ .../fabric-test/feature$ grep -i v1_[23]  *  **/** 2>/dev/null}}   \{{ configs/configtx.yaml: V1_2: true}}   \{{ .../fabric-test/feature$ }}    We might also want to identify any other changes to the configtx.yml files... but let's use this task to simply update the release number.""""""",9,N,
MULE-14524,MULE,Bug,"""Schedulers don't indicate which one is exhausted""","""""""When a scheduler is exhausted, a RejectedExecutionException is thrown which results in an OVERLOAD error being raised and logged by the CRITICAL handler. This provides information on the error and it's location yet it says nothing about which scheduler has failed to schedule work, making it difficult to asses at once what could be wrong.""""""",1,N,
TIMOB-26578,TIMOB,Bug,"""Windows: Missing trailing separator for directory in Ti.Filesystem.File#nativePath""","""""""There are a number of parity issues with the implementation of Ti.Filesystem.File#getDirectoryListing() on Windows, which can be seen in the tests now skipped there:   https://github.com/<USER>titanium-mobile-mocha-suite/blob/master/Resources/ti.filesystem.file.test.js#L726-L746    Namely that:  - calling it for a file should return null  - calling for a directory that does not exist should return null (returns empty array right now)    The other test (""""""""can access resource directory files"""""""") may be failing due to Windows not appending a trailing separator while other platforms do? I tried with unix and windows separators and that didn't seem to fix it, so I don't think it's a separator mismatch issue.""""""",5,N,
MULE-1672,MULE,Bug,"""Failed to recognize the webservice request if full URL is supplied in the POST header""","""""""Some webservice client like IBM did use full URL in http post to communicate with webservice provider, however the org.mule.providers.http.HttpMessageReceiver is always trying to prefix the URI with """"""""http://host:port"""""""", which results in a malformed endpoint uri such as """"""""http://localhost:8081http://localhost:8081/services/EchoUMO"""""""".  To fix it, I modified the code around line 385 of org.mule.providers.http.HttpMessageReceiver from: {quote}         StringBuffer requestUri = new StringBuffer(80);         requestUri.append(endpoint.getProtocol()).append(""""""""://"""""""");         requestUri.append(endpoint.getEndpointURI().getHost());         requestUri.append(':').append(endpoint.getEndpointURI().getPort()); {quote} to {quote}         StringBuffer requestUri = new StringBuffer(80);          if (path.indexOf(""""""""://"""""""")==-1) \{          requestUri.append(endpoint.getProtocol()).append(""""""""://"""""""");         requestUri.append(endpoint.getEndpointURI().getHost());         requestUri.append(':').append(endpoint.getEndpointURI().getPort());          \} {quote} """"""",5,N,
TIMOB-15333,TIMOB,New Feature,"""Android: Support for Gzip on ImageViews""","""""""When a server has Content-Encoding:gzip for images, android will not download the remote image. This works on iOS, but Android will not accept the gzipped image data.    DDMS log:  SkImageDecoder::Factory returned null          I know this issue exists: TIMOB-2698 but that for the XHR object.    Is this a bug, or did Android SDK never support this?""""""",2,N,
JRASERVER-65826,JRASERVER,Suggestion,"""Activity Stream Gadget causing high memory/CPU consumption""","""""""*+Problem Definition+*   Activity Stream Gadget causing high memory/CPU consumption when there is 1 million+ of records in the AO_563AEE_ACTIVITY_ENTITY table.    In this particular case, found that majority of these records are from 3rd party plugins (Insight). However, do note that this can happen to any plugins so long you have large amount of data in the mentioned table.    And also, even after we have filtered off everything using the Global Filter, accessing the Filter configuration still does a check on the table which causes the high memory/CPU.    *+Suggested Solution+*   # Current design, once the Activity Stream Gadget is added it will load all records before you can access to the filter configuration and configure the necessary filter. *Propose* to first show the filter configuration screen before loading the data, this will allow user to configure the data returned.   # And also, once filtered off everything accessing the filter configuration will still cause high CPU/memory consumption as it seems that below SQL is triggered upon clicking on filter configuration. *Propose* to review the code if is necessary to trigger the SQL query while loading the filter configuration,         *+Why this is important+*  With current design, this will cause high CPU/memory consumption which will halt the system eventually. A restart would be require to fix the slowness.    +*Workaround*+   Review the records in the AO_563AEE_ACTIVITY_ENTITY table. Delete old or unwanted data. You can run the following queries to check the records and delete accordingly.   # Check how many records and the respective plugins.       # Check number of records and group by year  """"""",10,D,
SERVER-16860,SERVER,Bug,"""Secondaries of same spec cannot keep up with high primary write load""","""""""If I put a high continuous write load onto a a replica set I fall behind on the oplog until I fall off the end.   All three nodes are the same (High) spec - using write concern defaults and a multi threaded insert only workload ( OPLOG, Journal and Collection on same Drive). They are all interconnected by the same network, as is the client.  I know I could use a higher write concern but this is a simple and likely test scenario and I would expect the replication mechanism to be as fast as any external loader.   """"""",4,N,
SERVER-24684,SERVER,Question,"""Build Mongodb From Source""","""""""Hi Team,    I am trying to Build Mongodb From Source (available on github and used link build mongo binaries - https://github.com/mongodb/mongo/wiki/Build-Mongodb-From-Source). I am doing this because as a part of requirement I need to store CSV data in a single document.     I came across one problem when my document size exceeded 16 MB. Due to this, I have set the BSONObjMaxUserSize = 128 * 1024 * 1024; in order to set the document size to 128 MB.     I did notice that size of binaries generated from source is more (almost double) compared to that of pre-compiled binaries available on mongodb website.     Could you please let me know whether I am missing anything when compiling/generating binaries from source?    Thank You,""""""",10,N,
MESOS-6321,MESOS,Bug,"""CHECK failure in HierarchicalAllocatorTest.NoDoubleAccounting""","""""""Observed in internal CI:   """"""",6,N,
CONFSERVER-14226,CONFSERVER,Suggestion,"""Change the default group that new publicly signed up users are added to""","""""""{panel:bgColor=#e7f4fa}   *NOTE:* This suggestion is for *Confluence Server*. Using *Confluence Cloud*? [See the corresponding suggestion|http://jira.<USER>browse/CONFCLOUD-14226].   {panel}  Recently had a customer request to be able to configure the default Confluence group that new publicly signed up users joined.  At the moment, newly signed up users automatically join the confluence-users group upon creation.  I was able to edit the source to hard code in a new default group but it would be nice to have this setting configurable from the Admin Console or maybe a properties file.    Just to clarify, this is pertaining to the """"""""Not a member? Signup for an account. """""""" public sign up.""""""",10,N,
MULE-8738,MULE,Bug,"""No data type resolution accessing flow/session properties using dot notation""","""""""Data type resolution works for session/flow variables on MEL expressions using map syntax (like flowVars['foo']) but does not work when using dot syntax (like flowVars.foo).""""""",10,N,
NEXUS-5506,NEXUS,Bug,"""New REST API documentation is extremely difficult to navigate""","""""""See attached screen shots.    The old REST documentation wasn't exactly ideal, but at least looking at the list of available endpoints gave you a way to map back traffic you had seen passing in between UI and Nexus to the documentation.    With the new documentation you have to click around somewhat randomly to find anything.  Are there other available options for formatting?""""""",7,N,
CONFSERVER-15780,CONFSERVER,Bug,"""Jiraissue macro - sorting by column does not work""","""""""We upgraded Confluence from 2.8.2 to 2.10.3.  One of the new features in 2.10.x seems not working in our instance: for jiraissue macro, we can see the keys can be moved left-and-right to change order and the custom fields are now supported.  But, the sorting by column seems not working.  We don't see the small triangle on top of the column name.  The renderMode is set by default as 'dynamic'.    Please help.""""""",1,N,
JRASERVER-4722,JRASERVER,Bug,"""removing of one attachment not possible""","""""""I tried to delete some attachments (pictures) one of them (cal.gif) throws the error shown at the attached file.""""""",8,N,
NEXUS-8467,NEXUS,Bug,"""Summary tasks page sometimes initially has an unneeded scrollbar in IE11""","""""""While testing NEXUS-8446, I noticed after creating a task in IE11 and clicking to edit, on the settings page, I saw a horizontal scrollbar that did not scroll.  IE was expanded and on VM window expand it went away.  I was able to reproduce this twice more in about 10 attempts, so it's intermittant but does happen.  Attached screen.    I was unable to repro in Chrome MacOSX at all, quickly.  I'm super curious if this would happen outside of VM and if it does, if there's a way to get rid of it, since my fix is essentially changing the VM window which people whose OS is Windows couldn't do.  Unfortunately I have no easy way of testing that.    I did not check older versions of NX3 at this time.""""""",5,N,
NEXUS-4760,NEXUS,Bug,"""Can't upload artifact bundle.""","""""""I can't upload my artifact bundle, I get a http 403 error when trying. I'm already uploaded to the repository several times before without any problem.    The staging profile name is 'com.gmongo'.    Thanks is advance!""""""",3,N,
DNN-3155,DNN,Bug,"""SI: International Domain Name - HTML editor breaks in IE10""","""""""Editing HTML with IE10 while on a portal using an IDN breaks the HTML editor. The content is never published, and attempting to restore unsaved content results in nothing happening.    This does not result in an logged error in DNN and comes up as the Host Header not matching the Request Header in Fiddler.     """"""",9,N,
NEXUS-5202,NEXUS,Bug,"""Log-out clears ?debug flag on URL""","""""""... making it a bit of a PITA to test login/logout bits with debug enabled in the UI.""""""",5,N,
SERVER-46291,SERVER,Bug,"""Deprecate wiredTigerMaxCacheOverflowFileSizeGB server parameter""","""""""The WiredTiger cache overflow file has been removed in 4.4, so this configuration option doesn't make work any more - we should deprecate it. There are a number of users who set this configuration option - so we should be nice to them when doing this work.""""""",7,N,
TIMOB-18651,TIMOB,Sub-task,"""Docs: Publish Documentation to Production""","""""""Resolve on publishing, close when verified.""""""",7,N,
NEXUS-3151,NEXUS,Improvement,"""Move OSS code to NEXUS OSS tree""",,5,N,
CONFSERVER-42673,CONFSERVER,Bug,"""View All Shortcuts link in the Help dialog of the editor does not provide additional information""","""""""*Confluence Editor > Help (?) > View All Shortcuts* currently leads to [a documentation page|https://confluence.<USER>display/CONF58/Keyboard+Shortcuts] which essentially helps you find the panel you just came from within the UI. It does not actually list all shortcuts as stated.    We should either remove this link to simplify the UI, or update the documentation to do what the link says.     !Screen_Shot_2016-05-24_at_10_01_45_AM.png|thumbnail! """"""",7,N,
MESOS-2271,MESOS,Epic,"""Improve metrics exposed by containers""",,8,D,
CONFSERVER-26265,CONFSERVER,Suggestion,"""Allow """"follow"""" for groups""","""""""{panel:bgColor=#e7f4fa}   *NOTE:* This suggestion is for *Confluence Server*. Using *Confluence Cloud*? [See the corresponding suggestion|http://jira.<USER>browse/CONFCLOUD-26265].   {panel}  Similar to page watches, it would be nice to """"""""follow"""""""" a confluence group of people: to allow people to easily pick out their team.""""""",4,N,
NEXUS-8720,NEXUS,Bug,"""Unable to install dependencies specifying dist.tarball""","""""""Steps to reproduce  # Set up a proxied repository towards https://registry.npmjs.org/  # Set up a repository group npm-all and put this registry in it.  # run npm install chokidar --registry=http://my.private.registry/nexus/content/groups/npm-all/      all other packages seems to install like they should through nexus proxy          """"""",9,N,
MESOS-9425,MESOS,Bug,"""ExamplesTest.DynamicReservationFramework fails""","""""""[https://builds.apache.org/job/Mesos-Buildbot-Test/BUILDTOOL=autotools,COMPILER=gcc,CONFIGURATION=--verbose%20--disable-libtool-wrappers%20--disable-parallel-test-execution,ENVIRONMENT=GLOG_v=1%20MESOS_VERBOSE=1%20MESOS_TEST_AWAIT_TIMEOUT=60secs,OS=ubuntu%3A16.04,label_exp=(ubuntu)&&(!ubuntu-us1)&&(!ubuntu-eu2)&&(!ubuntu-4)&&(!H21)&&(!H23)&&(!H26)&&(!H27)/264/|https://builds.apache.org/job/Mesos-Buildbot-Test/BUILDTOOL=autotools,COMPILER=gcc,CONFIGURATION=--verbose%20--disable-libtool-wrappers%20--disable-parallel-test-execution,ENVIRONMENT=GLOG_v=1%20MESOS_VERBOSE=1%20MESOS_TEST_AWAIT_TIMEOUT=60secs,OS=ubuntu%3A16.04,label_exp=(ubuntu)&&(!ubuntu-us1)&&(!ubuntu-eu2)&&(!ubuntu-4)&&(!H21)&&(!H23)&&(!H26)&&(!H27)/264/$]     ../../../src/tests/script.cpp:86   Failed   dynamic_reservation_framework_test.sh terminated with signal Aborted (core dumped)""""""",8,N,
CONFSERVER-26529,CONFSERVER,Suggestion,"""Please update document on running Confluence in a virtualised environment""","""""""{panel:bgColor=#e7f4fa}   *NOTE:* This suggestion is for *Confluence Server*. Using *Confluence Cloud*? [See the corresponding suggestion|http://jira.<USER>browse/CONFCLOUD-26529].   {panel}  Please would the engineering team update the documentation on """"""""Running Confluence in a Virtualised Environment""""""""  https://confluence.<USER>display/DOC/Running+Confluence+in+a+Virtualised+Environment    Many thanks :)    Collecting related information:  * https://confluence.<USER>display/DOC/Running+Confluence+in+a+Virtualised+Environment  * https://confluence.<USER>display/DOC/Garbage+Collector+Performance+Issues#GarbageCollectorPerformanceIssues-VirtualMachinesareEvil  * https://confluence.<USER>display/DOC/Performance+Tuning  * https://confluence.<USER>display/DOC/Running+Confluence+behind+Apache  * https://confluence.<USER>display/DOC/Using+Apache+with+virtual+hosts+and+mod_proxy  * https://jira.<USER>browse/CONF-11301 -- """"""""Provide support and compatibility for virtualised environments""""""""    * TO DO: Update the page, as recommended in the comments on this issue  https://confluence.<USER>display/DOC/Running+Confluence+in+a+Virtualised+Environment  Draft: https://confluence.<USER>display/DOC/DRAFT+-+Running+Confluence+in+a+Virtualised+Environment    * {color:green}DONE:{color} Resolve this question with support:  Should we specify VMware, as we currently do, or should we be more general? In other words, do we support only VMware?    * {color:green}DONE:{color} Add a """"""""related topics"""""""" link on this page:  https://confluence.<USER>display/DOC/Server+Hardware+Requirements+Guide    * {color:green}DONE:{color} Publish the updated page.    * {color:green}DONE:{color} Add a comment to the page, letting people know our rationale behind the update.    * {color:green}SCHEDULED:{color} Clean up comments on the above 2 pages    * {color:green}DONE:{color} Go through the other pages listed above and fix refs to virtual environments.""""""",2,N,
DNN-8618,DNN,Improvement,"""Si: EVOQCONTENT - Users not receiving notification when registration has been approved""","""""""Brief Description of Issue:    User does not receive an email notification when their registration has been approved.    Clear Steps to Reproduce:    Set the site's registration to Private (in site settings)    Register as a new user    As host/admin/cm/moderator, Approve this user.    The user is added to the site.    However, the user is NOT sent an email informing him that his request for registration on the website has been approved.      """"""",7,N,
JRASERVER-27324,JRASERVER,Suggestion,"""Recover gracefully when a project is in error state due to incorrect deleting of an issue type screen scheme""","""""""{panel:bgColor=#e7f4fa}   *NOTE:* This suggestion is for *JIRA Server*. Using *JIRA Cloud*? [See the corresponding suggestion|http://jira.atlassian.com/browse/JRACLOUD-27324].   {panel}  https://jira.atlassian.com/browse/JRA-26570 fixes an issue that allows deleting an issue type screen scheme when it's assigned to a project.    We *should* have fixed the bug, however it's possible that it will occur again. The system should be resilient to such issues. Currently a NullPointerException that prevents the user from fixing the system. They have to enter an SQL statement (see the KB attached to the above case).""""""",4,N,
DNN-3355,DNN,Improvement,"""Old Search tables not cleared and deleted on Upgrades""","""""""Starting from DNN 7.1.0, old Search tables in the database are no longer used. However, when upgrading a site, these tables should be dropped.    Steps to reproduce:  upgrade a site to DNN 7.1.0  check database for tables Searchitem, searchWords, SearchItemWords, SearchItemword position  All tables are present and populated.  Expected: Tables are dropped""""""",7,N,
MULE-1516,MULE,Task,"""SFTP/FTP Dual Connector""","""""""This issue is to track the review and check in of the ftp/sftp connector developed by Nacho M in MULE-580.""""""",6,N,
MESOS-9887,MESOS,Bug,"""Race condition between two terminal task status updates for Docker/Command executor.""","""""""h2. Overview    Expected behavior:   Task successfully finishes and sends TASK_FINISHED status update.    Observed behavior:   Task successfully finishes, but the agent sends TASK_FAILED with the reason """"""""REASON_EXECUTOR_TERMINATED"""""""".    In normal circumstances, Docker executor [sends|https://github.com/apache/mesos/blob/0026ea46dc35cbba1f442b8e425c6cbaf81ee8f8/src/docker/executor.cpp#L758] final status update TASK_FINISHED to the agent, which then [gets processed|https://github.com/apache/mesos/blob/0026ea46dc35cbba1f442b8e425c6cbaf81ee8f8/src/slave/slave.cpp#L5543] by the agent before termination of the executor's process.    However, if the processing of the initial TASK_FINISHED gets delayed, then there is a chance that Docker executor terminates and the agent [triggers|https://github.com/apache/mesos/blob/0026ea46dc35cbba1f442b8e425c6cbaf81ee8f8/src/slave/slave.cpp#L6662] TASK_FAILED which will [be handled|https://github.com/apache/mesos/blob/0026ea46dc35cbba1f442b8e425c6cbaf81ee8f8/src/slave/slave.cpp#L5816-L5826] prior to the TASK_FINISHED status update.    See attached logs which contain an example of the race condition.  h2. Reproducing bug    1. Add the following code:    to the [`ComposingContainerizerProcess::status`|https://github.com/apache/mesos/blob/0026ea46dc35cbba1f442b8e425c6cbaf81ee8f8/src/slave/containerizer/composing.cpp#L578]   and to the [`DockerContainerizerProcess::status`|https://github.com/apache/mesos/blob/0026ea46dc35cbba1f442b8e425c6cbaf81ee8f8/src/slave/containerizer/docker.cpp#L2167].    2. Recompile mesos    3. Launch mesos master and agent locally    4. Launch a simple Docker task via `mesos-execute`:    h2. Race condition - description    1. Mesos agent receives TASK_FINISHED status update and then subscribes on [`containerizer->status()`|https://github.com/apache/mesos/blob/0026ea46dc35cbba1f442b8e425c6cbaf81ee8f8/src/slave/slave.cpp#L5754-L5761].    2. `containerizer->status()` operation for TASK_FINISHED status update gets delayed in the composing containerizer (e.g. due to switch of the worker thread that executes `status` method).    3. Docker executor terminates and the agent [triggers|https://github.com/apache/mesos/blob/0026ea46dc35cbba1f442b8e425c6cbaf81ee8f8/src/slave/slave.cpp#L6662] TASK_FAILED.    4. Docker containerizer destroys the container. A registered callback for the `containerizer->wait` call in the composing containerizer dispatches [lambda function|https://github.com/apache/mesos/blob/0026ea46dc35cbba1f442b8e425c6cbaf81ee8f8/src/slave/containerizer/composing.cpp#L368-L373] that will clean up `containers_` map.    5. Composing c'zer resumes and dispatches `[status()|https://github.com/apache/mesos/blob/0026ea46dc35cbba1f442b8e425c6cbaf81ee8f8/src/slave/containerizer/composing.cpp#L579]` method to the Docker containerizer for TASK_FINISHED, which in turn hangs for a few seconds.    6. Corresponding `containerId` gets removed from the `containers_` map of the composing c'zer.    7. Mesos agent subscribes on [`containerizer->status()`|https://github.com/apache/mesos/blob/0026ea46dc35cbba1f442b8e425c6cbaf81ee8f8/src/slave/slave.cpp#L5754-L5761] for the TASK_FAILED status update.    8. Composing c'zer returns [""""""""Container not found""""""""|https://github.com/apache/mesos/blob/0026ea46dc35cbba1f442b8e425c6cbaf81ee8f8/src/slave/containerizer/composing.cpp#L576] for TASK_FAILED.    9. `[Slave::_statusUpdate|https://github.com/apache/mesos/blob/0026ea46dc35cbba1f442b8e425c6cbaf81ee8f8/src/slave/slave.cpp#L5826]` stores TASK_FAILED terminal status update in the executor's data structure.    10. Docker containerizer resumes and finishes processing of `status()` method for TASK_FINISHED. Finally, it returns control to the `Slave::_statusUpdate` continuation. This method [discovers|https://github.com/apache/mesos/blob/0026ea46dc35cbba1f442b8e425c6cbaf81ee8f8/src/slave/slave.cpp#L5808-L5814] that the executor has already been destroyed.""""""",5,N,
DNN-4433,DNN,New Feature,"""Have CBO Hydration work with nullable value types (for example int?)""","""""""I understand that the core code has to maintain some compatibilities. But new code and vendors can use the nullable types for better clarity and less friction in code. In our modules we've cloned the CBO code just to add support for nullable types.    I'd actually recommend making at least parts of DotNetNuke.Common.Utilities.Null obsolete.""""""",8,N,
DM-10463,DM,Story,"""Search and display SDSS and WISE time series data from the Object search result ""","""""""Currently we have a new button """"""""View Time Series: 3597607817453989"""""""" appear at the top if the table after search forced source. We could have this button appear after the object search.   But time series data is only available for i-band data. We need to add logic so the new button is clickable when an i-band Object row is selected, greyed-out when a row from a different band is selected, and provides a (long) tooltip that explains the point about forced photometry being limited to i-band Objects.    The same workflow should be implemented for AllWISE source data. From AllWISE source, the tool should get the associated  the forced sources  (in AllWISE multiepoch photometry table) and launch the Time series tool.""""""",1,N,
SERVER-36047,SERVER,Task,"""(Sharded target collection) Enforce existence of unique index containing fields of $out uniqueKey""","""""""At aggregation planning time, we should acquire the appropriate locks and assert that there exists a unique index that contains all of the <USER>on the uniqueKey (where order of the <USER>does not matter).    If the uniqueKey is the document key, we *must* elide the check. The """"""""document key"""""""" is  * the _id for an unsharded collection  * the _id and all the <USER>of the shard key for a sharded collection    If the output collection is sharded, the uniqueKey must contain all of the <USER>of the shard key, and there must exist a unique index containing exactly the remaining <USER> For example, for a collection sharded on \{x: 1\} and a uniqueKey \{x: 1, y: 1, z: 1\}, we must enforce the existence of a unique index containing exactly the <USER>""""""""x"""""""", """"""""y"""""""" and """"""""z"""""""" (in no particular order).    This work should already be done for unsharded collections in SERVER-36424, this ticket represents the work to make this happen when the target collection is sharded. """"""",10,N,
TIMOB-27611,TIMOB,Bug,"""[Windows - Android] 'Failed to read """"bootstrap.json"""". Reason: Unexpected token � in JSON at position 0' can be seen intermittently ""","""""""When running a Titanium/alloy application sometimes the error below can be seen in the logs, although it seems to have no effect on the app.       *Test Steps:*  # Create a Alloy/Titanium application   # Run app to an Android emulator   # Check logs for above message     *Actual result*  Above error can be seen intermittently.    *Expected result*  Error should not be seen.        """"""",2,N,
FAB-3195,FAB,Bug,"""Adjust anchor peers in docker-compose-no-tls of e2e""","""""""The examples/e2e_cli/docker-compose-no-tls.yaml has peer0 as an anchor peer for all peers.  This is against the design (it needs to be in the same org), and should be synced to what is found in docker-compose.yaml""""""",5,N,
TIMOB-1585,TIMOB,Bug,"""Android: Animation Image - after issuing pause, play fails""","""""""{html}<div><p>found using 1.4.1.aff269.</p> <p>1.base UI&gt;image views&gt;animated<br> 2.tap """"""""start animation""""""""<br> 3.tap """"""""pause animation""""""""</p> <p>results: nothing occurs, tap stop and play and all is well</p></div>{html}""""""",10,N,
NEXUS-436,NEXUS,Bug,"""Two words search is not filtering""","""""""What steps will reproduce the problem?  1 - Deploy some artifacts like this:  <groupId>nexus384</groupId>  <artifactId>simpleGroup</artifactId>  <version>1.0.0</version>    <groupId>nexus384</groupId>  <artifactId>simpleArtifact</artifactId>  <version>1.0.0</version>    2 - Do search by """"""""simple artifact"""""""".    What is the expected output?  Only one artifact should be found (simpleArtifact)    What do you see instead?  Both artifacts are found""""""",3,N,
DM-6476,DM,Story,"""Report and work around conda repository change""","""""""This needs to be worked around by either using a different version of conda-build or addressing the changes to the conda recipe structure. I also want to comment and/or create an issue on conda-build so they know that such changes are affecting users.    See:    https://github.com/conda/conda-build/issues/1003  https://github.com/conda/conda-build/pull/1004    https://github.com/conda/conda-build/commit/b4ec0e0659d8f376042d4fc391616bf235996cf5    [Mario fixed it|https://github.com/<USER>conda-lsst/commit/6a552b6f9cada2530681cfdc4a9f67add261ff99] but that fix will be broken as soon as conda-build #1004 is merged.""""""",1,N,
SERVER-35435,SERVER,Bug,"""Renaming during replication recovery incorrectly allows size adjustments""","""""""Keeping correct counts with the WiredTigerSizeStorer is complex, error prone and seemingly impossible. Particularly with the move to only checkpointing stable data colliding with crashes, rollback and deletions due to capped collections. Thanks to [~<USER>'s recent dive into other size storer related problems, I am proud to now announce collection renames (within the same database) are added to the list of operations that will require careful handling of minutiae to maintain correct-er counts.    One common scenario the WiredTiger integration layer attempts to keep correct is coming back online after a clean shutdown at an arbitrary stable timestamp. The state of (non-empty) collections and their sizes is that the size storer table contains the correct size *after* replication replays from the stable timestamp to the top of oplog (where the node left off when shutting down).    To do this, the [code refrains from updating counts|https://github.com/mongodb/mongo/blob/1b3963a81c/src/mongo/db/storage/wiredtiger/wiredtiger_record_store.cpp#L1640-L1642] when [in replication recovery|https://github.com/mongodb/mongo/blob/1b3963a81c/src/mongo/db/server_recovery.cpp#L41-L52] (among some other conditions).    One exception to this rule is when a collection is [created during replication recovery|https://github.com/mongodb/mongo/blob/1b3963a81c/src/mongo/db/storage/wiredtiger/wiredtiger_record_store.cpp#L665-L670]. This condition is unfortunately necessary because the WTSizeStorer [maps """"""""idents"""""""" to counts|https://github.com/mongodb/mongo/blob/1b3963a81c/src/mongo/db/storage/wiredtiger/wiredtiger_record_store.cpp#L1674]. When a collection is recreated during replication recovery, a new ident is chosen (the previous one is lost to the void). Because the previous mapping, albeit correct, is lost, the code must count inserts coming in to be correct.    The intersection of these behaviors along with [{{renameCollection}}'s behavior to create a new record store object (referencing the same underlying table)|https://github.com/mongodb/mongo/blob/1b3963a81c/src/mongo/db/storage/kv/kv_database_catalog_entry_base.cpp#L318-L319] will juke the WTRecordStore constructor into allowing size adjustments during replication recovery on the same underlying ident.    Thus a sequence involving a rename from A -> B that manifests as an incorrect count:  # At shutdown collection B has 2 documents and a correct count of 2.  # At the stable timestamp, Collection A exists with 1 document and a count of 2.  # Replication recovery plays a rename from A -> B. This marks the collection for size adjustment.  # Replication recovery inserts a second document into B. This increases the count from 2 -> 3.    The attached data files, when brought up as a replica set (on localhost:27017), will demonstrate {{count() != itcount()}}    Note that replication recovery replaying a sequence of:  # create collection A  # insert  # rename A -> B  # insert    must allow size adjustments on B. As if it's being """"""""inherited"""""""" from A.""""""",8,N,
CONFSERVER-47185,CONFSERVER,Bug,"""Question's owner not receiving email notification about new answer posted ""","""""""{panel:bgColor=#e7f4fa}   *NOTE:* This bug report is for *Confluence Server*. Using *Confluence Cloud*? [See the corresponding bug report|http://jira.<USER>browse/CONFCLOUD-47185].   {panel}  h3. Summary  Question's owner is not receiving any email notification regarding new answers being posted on the question.    h3. Environment  * Confluence 1000.340.0  * Questions for Confluence Plugin 2.4.14-D20160804T002212    h3. Steps to Reproduce  # Create two users (UserA and UserB)  # Create a test laber (Label1)  # As UserA watch the Label1  # As UserA create a question with Label1  # As UserB post an answer to the question raised in the previous step    h3. Expected Results  UserA should get email notification regarding the answer posted to his question.    h3. Actual Results  * No email notification is sent.  * Error in logs:    * If the question's owner answers his question, he *will* receive the notification, however, from other users, he won't.     h3. Notes  UserA receives notifications of his question posted (question created).  UserA receives notifications of comments added into an answer.    Enabling """"""""Notify of my own changes"""""""" at users' profile level does not affect this.    h3.Workaround  none so far""""""",4,N,
JRASERVER-64276,JRASERVER,Bug,"""NullPointerException in getFieldConfig ""","""""""h3. Summary  In some rare cases, JIRA has consistency problems with CustomFields, this will lead to *NullPointerException* in {{getFieldConfig}} method.   And that could lead to other problems related to ProjectSidebarRenderer not able to load the data.     h3. Steps to Reproduce  # Create CF data inconsistency    # Create Filter containing CF using values from inconsistent data   # Load any issue     h3. Expected Results  JIRA works fine.    h3. Actual Results  JIRA can't render sidebar: *Unable to render element due to an error*    The below exception is thrown in the jira logs:       h3. Notes  Possibly caused by JRA-19422, which was fixed in JIRA 4.0.1.  Problem: When deleting a custom field context for a select custom field, the options created are not deleted. They remain in the {{customfieldoption}} table, with references to a {{fieldconfiguration}} (custom field context) that no longer exists (because it was deleted).    The table structure for involved tables: fieldconfigschemeissuetype, fieldconfiguration, fieldconfigscheme, customfieldoption  * {{fieldconfigschemeissuetype.fieldconfiguration}} maps to {{fieldconfiguration.id}}  * {{fieldconfigschemeissuetype.fieldconfigscheme}} maps to {{fieldconfigscheme.id}}  * {{customfieldoption.customfieldconfig}} maps to {{fieldconfiguration.id}}    You can check data consistency by running followings SQLs  {code:borderStyle=solid}  // Check orphaned records in fieldconfiguration vs fieldconfigschemeissuetype   select fc.id from fieldconfiguration fc left join fieldconfigschemeissuetype fcsit on (fc.id = fcsit.fieldconfiguration) where fcsit.id is null order by fc.id;    // Check orphaned records in fieldconfigschemeissuetype vs  fieldconfiguration   select fcsit.id,fcsit.fieldconfiguration from fieldconfigschemeissuetype fcsit left join fieldconfiguration fc on (fc.id = fcsit.fieldconfiguration) where fc.id is NULL;    // Check orphaned records in customfieldoption vs fieldconfiguration   select distinct(customfieldconfig) from customfieldoption where customfieldconfig not in (select id from fieldconfiguration );  {code}  They should return 0 records in normal condition.     h3.Workaround  See KBs:  * https://confluence.atlassian.com/display/JIRAKB/Error+when+searching+for+issues+or+loading+a+filter+involving+a+particular+custom+field  * [Error .. due to Dead References on Cascading Select custom field|https://confluence.atlassian.com/display/JIRAKB/Error+thrown+when+accessing+or+creating+JIRA+Agile+board+due+to+Dead+References+on+Cascading+Select+custom+field]""""""",3,N,
MESOS-768,MESOS,Improvement,"""Executor driver stop() should dispatch stop to executor process instead of terminating it""","""""""Similar to what we do in scheduler driver, a stop on executor driver should dispatch the stop to executor processes instead of terminating it. There are couple of advantages with this:  --> Executor writers don't have to wait an arbitrary amount of time between driver->stop and exiting to ensure any final updates went through.  --> Will speed up our tests using command executor because it does a sleep 1 sec due to the same reason as above.""""""",6,D,
MULE-106,MULE,Enhancement Request,"""Allow configuration overrides for connector service descriptor settings""","""""""Connectors are constructed using as a descriptor file located in META-INF/services.  While you can override the the default provider by overriding the serivce descriptor, it would be much eaiser to allow overides in the connector configuration itself.  This would allow users to easily plug in a new MessageAdapter, Dispatcher, Receiver, Endpoint builder implementation.  So it would be good to have a service overrides map on the connector where service properties could be set. i.e.  <connector name=""""""""file"""""""" className=""""""""org.mule.providers.file.FileConnector"""""""">   <properties>     <map name=""""""""serviceOverrides"""""""">       <property name=""""""""message.adapter"""""""" value=""""""""org.foo.MyMessageAdapter""""""""/>     </map>   </properties> </connector>""""""",4,N,
MESOS-5308,MESOS,Bug,"""ROOT_XFS_QuotaTest.NoCheckpointRecovery failed.""","""""""Here is the log: """"""",8,N,
JRASERVER-11532,JRASERVER,Suggestion,"""SOAP to support delete version""","""""""{panel:bgColor=#e7f4fa}   *NOTE:* This suggestion is for *JIRA Server*. Using *JIRA Cloud*? [See the corresponding suggestion|http://jira.atlassian.com/browse/JRACLOUD-11532].   {panel}  The current SOAP service doesn't support removing version from a project.""""""",7,N,
NEXUS-10774,NEXUS,Story,"""the icon to collapse user interface feature menu can be easily confused for a back navigation button""","""""""We’ve designed our UI to work at 1024x768. Thus, the ability to collapse the feature menu isn’t really needed, and can be disabled. This will also eliminate any confusion about how the collapse arrow relates to the breadcrumb.    !https://issues.sonatype.org/secure/attachment/72950/72950_Assets+-+Nexus+Repository+Manager+2016-08-31+16-58-57.png!""""""",4,N,
MESOS-3359,MESOS,Task,"""Create IPAddress Protobuf""","""""""To describe an IPv4/IPv6 address.""""""",2,N,
FAB-3510,FAB,Sub-task,"""e2e_test_example05.sh""","""""""+Fabric Test Template+:  """"""""FAB-3510_e2e_test_example02.sh""""""""    +Input+:  <./runChaincodes.sh>    +Output+:      Query Result: 300    ===================== Query on PEER1 from myccex05 on channel1/ex02_b on completed successfully =====================   Query Result: 300   ===================== Query on PEER1 from myccex05 on channel0/ex02_b on completed successfully =====================""""""",9,N,
DM-7996,DM,Improvement,"""Add sphgeom as a dependency of afw""","""""""It would be useful for {{afw::geom}} code to be able to delegate implementation details to {{sphgeom}}. Applications include {{afw}}'s own spherical geometry classes and a future rework of HTM indexing. However, {{sphgeom}} is not currently listed as a dependency of {{afw}}, and therefore not provided by lsstsw for lsst_apps installs.""""""",3,N,
JRASERVER-6799,JRASERVER,Bug,"""Wrong e-mail header""","""""""Just received a mail with Philips komment on JRA-6798. The heading looks like this:  """"""""[JIRA] Kommentiert: (JRA-6798) Issue Constant Translations - much is missing"""""""".  What happened here? """"""""Commented"""""""" got  translated to """"""""Kommentiert"""""""" (german). Must be because Philip uses the german locale?""""""",7,N,
SERVER-6037,SERVER,Bug,"""RS members should report on heartbeat if they cannot reach the node hb-ing them""","""""""We have been testing replica set reliability under a few different failure scenarios. One scenario that failed is when we misconfigured network routing to a mongod primary. We blocked all inbound traffic to port 27017, but allowed it to continue making outbound connections. The replica set was a 3-node set where the primary (node A) had a higher priority than the other two (node B and node C).  What happened when we blocked port 27017 to node A is that node B assumed the primary role, as expected. However, node A then made an outbound connection to node B, and since it had a higher priority A told B to step down as primary, which it did. However, since neither B nor C could make a connection to node A, they both eventually voted that node B should become master again. A again connects to B and the whole process repeats indefinitely.  Not that this is at all a typical failure scenario, but I'm thinking that node A should not have been able to tell B to step down as primary in this situation.  Here are the relevant log entries from node A:   Mon Jun  4 15:23:29 [ReplicaSetMonitorWatcher] trying reconnect to graphdb-4-2.strcst.net:27017   Mon Jun  4 15:23:29 [ReplicaSetMonitorWatcher] reconnect graphdb-4-2.strcst.net:27017 ok   Mon Jun  4 15:23:31 [rsHealthPoll] replSet member graphdb-4-2.strcst.net:27017 is now in state PRIMARY   Mon Jun  4 15:23:32 [rsSync] replSet syncing to: graphdb-4-2.strcst.net:27017   Mon Jun  4 15:23:37 [rsMgr] stepping down graphdb-4-2.strcst.net:27017   Mon Jun  4 15:23:37 [rsSync] replSet syncThread: 10278 dbclient error communicating with server: graphdb-4-2.strcst.net:27017   Mon Jun  4 15:23:37 [rsHealthPoll] replSet member graphdb-4-2.strcst.net:27017 is now in state SECONDARY  And here are the corresponding log entries from node B:   Mon Jun  4 15:23:25 [initandlisten] connection accepted from 10.209.29.204:56081 #419426   Mon Jun  4 15:23:30 [rsMgr] replSet info electSelf 1   Mon Jun  4 15:23:30 [rsMgr] replSet PRIMARY   Mon Jun  4 15:23:37 [conn419426] replSet info stepping down as primary secs=1   Mon Jun  4 15:23:37 [conn419426] replSet relinquishing primary state   Mon Jun  4 15:23:37 [conn419426] replSet SECONDARY   Mon Jun  4 15:23:37 [conn419426] replSet closing client sockets after reqlinquishing primary """"""",2,N,
MULE-14395,MULE,Task,"""Update IO scheduler pool size based on capacity performance tests""","""""""Update IO scheduler pool size based on capacity performance tests    {{org.mule.runtime.scheduler.io.threadPool.maxSize=cores + ((mem - 245760) / 5120)}}""""""",9,N,
JRASERVER-23858,JRASERVER,Bug,"""Upgrade path for delegated LDAP locks out internal JIRA users""","""""""In JIRA 4.2, delegated LDAP would fall back to internal authentication if a user was not present in the directory. In JIRA 4.3, this is not the case.    Please note that the upgrade task will be fixed in v4.3.1 so that we put the users with LDAP accounts into the """"""""Internal Directory with LDAP authentication"""""""" and we put the local users into a second """"""""Internal"""""""" user directory.  We recommend that anyone with mixed users should *NOT* upgrade to v4.3(.0), and should wait until v4.3.1 instead.  (If you up to 4.3 and then to 4.3.1, you will not get the fix - the fix only happens when the upgrade tasks run, and in this case it is too late)""""""",6,N,
MULE-9016,MULE,Bug,"""Processing XLSX files that have comments in mule fails""","""""""The failure is a NPE caused by the fact that XmlBeans.NO_TYPE is null. Issue is a wrong use of BuiltinSchemaTypeSystem in mule-common.""""""",4,N,
CONFSERVER-28817,CONFSERVER,Bug,"""PDF-Export crashes""","""""""PDF Export crashes with page which has in title asterisk (*).   As I can see from product page this new feature in 4.1 is that ANY character is supported in the title field.    https://confluence.<USER>display/DOC/Confluence+4.1+Release+Notes#Confluence4.1ReleaseNotes-Useanycharacterinpagetitles    Due to this PDF-export should work valid with all pages including those of them which has asterisk in the title field.""""""",5,N,
JRASERVER-8712,JRASERVER,Support Request,"""""""View printable version"""" does not create a printer friendly page""","""""""Clicking on 'printable view' for an issue, and then 'print/print preview' still truncates comments and description fields, as the screen will not fit on one page.    We need to be able to have a usable 'printable view', which will fit all the comments/descriptions/custom fields on to an A4 Portrait page.""""""",3,N,
TIMOB-7954,TIMOB,Bug,"""MobileWeb: Remove Ti.Contacts""","""""""Remove Ti.Contacts because it is not supported.""""""",5,N,
JRASERVER-41978,JRASERVER,Suggestion,"""Improve text search documentation to explain word boundries""","""""""{panel:bgColor=#e7f4fa}   *NOTE:* This suggestion is for *JIRA Server*. Using *JIRA Cloud*? [See the corresponding suggestion|http://jira.atlassian.com/browse/JRACLOUD-41978].   {panel}  The document at: https://confluence.atlassian.com/display/JIRA/Performing+Text+Searches should be expanded to explain word boundaries.    Originally stems from: https://jira.atlassian.com/browse/JRA-29008 and support tickets.    I expect this to require a whole section be added to the page, working with dev to understand what exactly constitutes a word boundary, and providing an exhaustive list for customers, and Atlassian support to reference.""""""",7,N,
TIMOB-16724,TIMOB,Sub-task,"""    Push Studio dashboard update to studio.appcelerator.com (staging)""",,8,N,
JRASERVER-32385,JRASERVER,Suggestion,"""Issue Navigator default loaded list""","""""""{panel:bgColor=#e7f4fa}   *NOTE:* This suggestion is for *JIRA Server*. Using *JIRA Cloud*? [See the corresponding suggestion|http://jira.atlassian.com/browse/JRACLOUD-32385].   {panel}  We want the """"""""default"""""""" search screen not to load the list of issues for performance matters. We want to have only the """"""""Search"""""""" options in the initial screen and the results to load only after a search is performed.""""""",3,N,
JRASERVER-60898,JRASERVER,Suggestion,"""Jira log scanner email notifications need to include information on which instance they apply to""","""""""{panel:bgColor=#e7f4fa}   *NOTE:* This suggestion is for *JIRA Server*. Using *JIRA Cloud*? [See the corresponding suggestion|http://jira.atlassian.com/browse/JRACLOUD-60898].   {panel}  Currently, the automated email notifications that are sent for the jira log scanner service do not identify the jira instance. That means that if you have one jira support account covering multiple jira servers, you have NO IDEA which instance the events/alerts apply to. """"""",6,N,
TIMOB-4733,TIMOB,Bug,"""iOS: Expose Ti.Buffer.byteOrder on iOS""","""""""Looks like, according to coverage data, iOS does not expose Ti.Buffer.byteOrder. Need to do that.""""""",8,N,
TIMOB-6959,TIMOB,New Feature,"""Android: AudioRecorder needs a sampling rate setter/getter""","""""""h4. PROBLEM DESCRIPTION  Customer needs to have more control in the sampling rate of the audio recording in order to use it for quicker uploading. Specially, if you can get the sampling rate down to 8k or similar.     h4. EXTRA INFO  According to this page (http://developer.android.com/guide/appendix/media-formats.html) in Android you can get sampling between 8k to 48k. """"""",9,D,
TIMOB-8278,TIMOB,Bug,"""MobileWeb: Picker: Android Browser: date and time picker is not being displayed as a picker""","""""""Steps To Reproduce:  1. Launch KS to device  2. Run Controls > Picker > Date/Time Picker  3. Click on the date    Actual:  A picker is not displayed it becomes a text field    Expected:  A picker to set time and date    Note:  Does not occur on iPad 3 (5.1)""""""",1,N,
MULE-3598,MULE,Bug,"""URIBuilder fails to parse query string containing equals in the value""","""""""When using the standard EndpointURIEndpointBuilder, for the following URI:    The value for the property {{match}} is '{{eu.PRIMARY_GROUP}}' (should have been '{{eu.PRIMARY_GROUP==4}}').   The root cause is that {{URIBuilder#parseQueries()}} uses StringTokenizer to parse the key-value pairs.   Since key-value pairs are fixed-length tuples, it makes more sense to use substr or string.split(""""""""="""""""", 2) if we don't mind using Java 1.4 in the core.  A workaround is to use property element instead of URI query parameter.""""""",6,N,
JRASERVER-41244,JRASERVER,Suggestion,"""Display column header for the Issue Links section on the issue view""","""""""{panel:bgColor=#e7f4fa}   *NOTE:* This suggestion is for *JIRA Server*. Using *JIRA Cloud*? [See the corresponding suggestion|http://jira.atlassian.com/browse/JRACLOUD-41244].   {panel}  It would be good to have the possibility of configuring the visibility of the column header for the Issue Links section in the issue view screen.""""""",1,N,
CONFSERVER-30916,CONFSERVER,Suggestion,"""Permitted columns in JIRA Issue Macro""","""""""{panel:bgColor=#e7f4fa}   *NOTE:* This suggestion is for *Confluence Server*. Using *Confluence Cloud*? [See the corresponding suggestion|http://jira.<USER>browse/CONFCLOUD-30916].   {panel}  From [this|https://ecosystem.atlassian.net/wiki/display/CONFJIRA/Confluence+JIRA+3+Plugin] documentation, the valid columns for the macro are key, summary, type, created, updated, due, assignee, reporter, priority, status and resolution. However, we don't know whether custom field is actually permitted or otherwise.    From a simple test, the result varies for certain type of custom fields.    ||Text Field||Multi Select||Radio Buttons||  |success|fail|success|""""""",8,N,
MULE-6633,MULE,Enhancement Request,"""Typo in AsyncInterceptingMessageProcessor.isProcessAsync()""","""""""""""""""Unable to process a synchonrous event asyncronously""""""""    Should be:    """"""""Unable to process a synchronous event asynchronously""""""""""""""",6,N,
DM-9318,DM,Story,"""Get a microservice logging to ELK stack""","""""""Make a microservice send logs to ELK stack.""""""",10,N,
TIMOB-25951,TIMOB,Bug,"""JavaObject Exception in Hyperloop Examples app""","""""""The Hyperloop sample app triggers the same error as reported & fixed in TIMOB-25887, but happens twice    The error is also reported by the community        The error is triggered when opening the app, no further action is required to trigger it.     App it happens on: https://github.com/<USER>hyperloop-examples""""""",4,N,
JRASERVER-12128,JRASERVER,Bug,"""Wrong selection when using """"Group Custom Field Value"""" while custimzing a Notification Scheme""","""""""After performing:  Administration - Notification Schemes - Notifications - Operations - Add Notification - Group Custom Field Value - Choose a custom field   """"""""User Custom Field Value"""""""" is selected instead of """"""""Group Custom Field Value"""""""" and you get the error message:    Errors        * Please fill out the box next to the radio button with valid data.    """"""",9,N,
DM-18179,DM,Technical task,"""w_2019_11 full ci_hsc Gen3 run with BPS""","""""""Run full ci_hsc in Gen3 using weekly software release, Pegasus, and sqlite3 as butler backend.    Report any issues to appropriate dev teams.""""""",10,N,
DNN-7991,DNN,Bug,"""Always a 404 error to load arrow-right-white.png when access to Activity Feed""","""""""This issue probably there since the beginning of 8.0.0 and quite noisy when every time running performance testing.     To see this problem:   - Log in as any user, bring up Developer Console > Network  - Browse to Activity Feed page    Should be an easy fix. """"""",5,N,
CONFSERVER-4205,CONFSERVER,Suggestion,"""Sort Children in  List Pages - Tree View (by title)""","""""""On a large namespace, using  List Pages - Tree View, children of a tree are not sorted by their title. This makes it difficult to located appropriate tree branch in a more structured namespace.  This has a significant impact on the deployment of Confluence.  See http://forums.<USER>thread.jspa?forumID=96&threadID=8150 for more information.""""""",6,N,
MULE-6126,MULE,Sub-task,"""Provide a regex() function that can be used instead of RegexExpressionEvaluator""",,8,N,
DM-16280,DM,Story,"""Update Avro schemas and estimate average packet size""","""""""Some of the fields in {{sample-avro-alert}} no longer appear in the DPDD. This ticket is to update the schemas accordingly and produce an average size estimate relevant to https://jira.lsstcorp.org/browse/RFC-538""""""",8,N,
MESOS-7155,MESOS,Documentation,"""Mesos Maintenance Primitives  (""""Drain Mode""""  could not see it working) ""","""""""Hi,  We are going by Mesos Maintenance Primitives documentation here http://mesos.apache.org/documentation/latest/maintenance/. My requirement is """"""""that during a Agent maintenance we want to move all running tasks from this agent to other Agents without task failed/stop"""""""". This is how you do zero downtime maintenance without affecting the running tasks.  I see that in the documentation  """"""""we submit a maintenance schedule"""""""" which sends inverse offer to Framework to plan tasks according to the agent(s) unavailability. But Drain mode is not working here. I mean b/w  submissions maintenance-schedule and Agent-down, tasks are not moved from the agents going under maintenance to other agents. As a result we cannot achieve a 100% full proof maintenance process.   Can you please elaborate on the """"""""framework respond to inverse offer"""""""" process or """"""""Drain mode"""""""" step. This is very critical part in the maintenance. Other steps are fine and working for us (de-registering and re-registering agent from&to cluster)  Thanks""""""",7,N,
MULE-6609,MULE,Bug,"""Devkit mule backward compatibility""","""""""If I create a mule module with devkit 3.4 and try to make it work on mule 3.3.2, if the message processor receives an integer mule cannot define which transformer to use.    getting this stacktrace     There are two transformers that are an exact match for input: """"""""class java.lang.String"""""""", output: """"""""class java.lang.Integer"""""""". Transformers are: """"""""StringToInteger(class org.mule.transformer.simple.StringToNumber)"""""""" and """"""""StringToInteger(class org.mule.transformer.simple.StringToNumber)""""""""  Code                  : MULE_ERROR-255      On the other hand, if I have a module written with devkit 3.3.2 and try to make it work on Mule 3.4-M3 then dates cannot be parsed.    Seems that we have a classloading issue for transformers when we try to combine multiple mule versions.""""""",1,N,
MULE-5045,MULE,Enhancement Request,"""Create a Mule app plugin for Maven""","""""""This plugin would allow users to create a Mule application archive via maven.  Right now creating mule apps is a manual task, we need better tooling support""""""",3,N,
CONFSERVER-40559,CONFSERVER,Suggestion,"""Change Pop up Notification Behaviour""","""""""{panel:bgColor=#e7f4fa}   *NOTE:* This suggestion is for *Confluence Server*. Using *Confluence Cloud*? [See the corresponding suggestion|http://jira.<USER>browse/CONFCLOUD-40559].   {panel}  When a draft of a page fails to save, a popup is placed directly over the document editor tools.     This is a suggestion to follow two approaches:    h5.Option One    Put this notification literally anywhere else. Just moving it down as few as 2 or 3 EM would allow the user to continue using the tools while the popup is in place.     h5.Option Two    Allow the user to permanently disable this notification for a session.""""""",9,N,
MESOS-7661,MESOS,Bug,"""Libprocess timers with long durations trigger immediately""","""""""{{process::delay()}} will schedule a method to be run right ahead when called with a veeeery long {{Duration}}.  This happens because [{{Timeout}} tries to add two long durations|https://github.com/apache/mesos/blob/13cae29e7832d8bb879c68847ad0df449d227f17/3rdparty/libprocess/include/process/timeout.hpp#L33-L38], leading to an [integer overflow in {{Duration}}|https://github.com/apache/mesos/blob/13cae29e7832d8bb879c68847ad0df449d227f17/3rdparty/stout/include/stout/duration.hpp#L116].  I'd expect libprocess to either:    1. Never run the method.   2. Schedule it in the longest possible {{Duration}}.  {{Duration::operator+=()}} should probably also handle integer overflows differently. If an addition leads to an integer overflow, it might make more sense to return {{Duration::max()}} than a negative duration.""""""",2,N,
FAB-2504,FAB,Bug,"""Can Not Run Behave To Create Bootstrap Artifacts - Next Error""","""""""Hi Jeff, Ramesh and I are both getting the following error when running at commit level *29d7fc035df697a68d271d628e693c556354486f*      Can Not Run Behave To Create Bootstrap Artifacts  vagrant@hyperledger-devenv:v0.3.0-29d7fc0:/opt/gopath/src/github.com/hyperledger/fabric/bddtests$ clear  vagrant@hyperledger-devenv:v0.3.0-29d7fc0:/opt/gopath/src/github.com/hyperledger/fabric/bddtests$ behave -k -D cache-deployment-spec features/bootstrap.feature  Exception TypeError: Couldn't parse file content!  Traceback (most recent call last):    File """"""""/usr/local/bin/behave"""""""", line 11, in <module>      sys.exit(main())    File """"""""/usr/local/lib/python2.7/dist-packages/behave/__main__.py"""""""", line 109, in main      failed = runner.run()    File """"""""/usr/local/lib/python2.7/dist-packages/behave/runner.py"""""""", line 672, in run      return self.run_with_paths()    File """"""""/usr/local/lib/python2.7/dist-packages/behave/runner.py"""""""", line 677, in run_with_paths      self.load_hooks()    File """"""""/usr/local/lib/python2.7/dist-packages/behave/runner.py"""""""", line 631, in load_hooks      exec_file(hooks_path, self.hooks)    File """"""""/usr/local/lib/python2.7/dist-packages/behave/runner.py"""""""", line 304, in exec_file      exec(code, globals, locals)    File """"""""environment.py"""""""", line 3, in <module>      from steps.docgen import DocumentGenerator    File """"""""/opt/gopath/src/github.com/hyperledger/fabric/bddtests/steps/docgen.py"""""""", line 16, in <module>      from bootstrap_util import getDirectory    File """"""""/opt/gopath/src/github.com/hyperledger/fabric/bddtests/steps/bootstrap_util.py"""""""", line 40, in <module>      import orderer_util    File """"""""/opt/gopath/src/github.com/hyperledger/fabric/bddtests/steps/orderer_util.py"""""""", line 23, in <module>      import devops_pb2    File """"""""/opt/gopath/src/github.com/hyperledger/fabric/bddtests/devops_pb2.py"""""""", line 16, in <module>      import chaincode_pb2 as chaincode__pb2    File """"""""/opt/gopath/src/github.com/hyperledger/fabric/bddtests/chaincode_pb2.py"""""""", line 27, in <module>      dependencies=[chaincodeevent__pb2.DESCRIPTOR,google_dot_protobuf_dot_timestamp__pb2.DESCRIPTOR,])    File """"""""/usr/local/lib/python2.7/dist-packages/google/protobuf/descriptor.py"""""""", line 824, in __new__      return _message.default_pool.AddSerializedFile(serialized_pb)  TypeError: Couldn't parse file content!  vagrant@hyperledger-devenv:v0.3.0-29d7fc0:/opt/gopath/src/github.com/hyperledger/fabric/bddtests$    Also Fhttps://jira.hyperledger.org/browse/FAB-1141 has the pip installs needed in vagrant.  Can we add these commands to the vagrant environment?""""""",7,N,
SERVER-39199,SERVER,Bug,"""Committing or aborting a prepared transaction may not un-pin stable timestamp due to oplog hole""","""""""If we recalculate the stable timestamp after we commit the transaction, write the commit oplog entry, and update the metrics, but before we close the oplog hole, then we may never recalculate it after the oplog hole actually closes.    This does not go away when we stop pinning the stable timestamp back. This is due to the {{OplogSlotReserver}} holding open an oplog hole past where we recalculate the stable timestamp.""""""",3,N,
JRASERVER-36229,JRASERVER,Bug,"""User used in user picker customfield was deleted by crowd""","""""""Steps to reproduce :  * Synchronise your JIRA with LDAP  * Create an UserPicker CustomField CF  * Add user A to LDAP --> User appear in JIRA  * Create an issue and use User A in Customfield CF  * Disable user A in LDAP --> User is deleted into JIRA    It 'll be better to disable it....    No problems with system field like reporter or assignee    """"""",1,N,
DM-10194,DM,Improvement,"""Improve threshold annotations display""","""""""Reimplement add_span_annotation() method after API changes, it should use get_specs() helper function to get metric specifications from the API and we should use the same method in the monitor, AMx and PAx apps.""""""",7,N,
DNN-6928,DNN,Story,"""View and Search Content Type list""","""""""h2. Card  As an administrator, I want to be able to view a list of existing Content Types.  I should also be able to search for Content Types based on the Type Name, Type Label or Description.    The list should show me the content names, the date the type was created and whether the type is a system type.    As I move my cursor over a row in the list, I should see icons for the item which allows me to edit or delete a given Content Type.    Above the Content Type list, there should be a button for creating a new content type.    The Content Type List should show a pager control if the list grows beyond 10 items.    h2. Conversation    h2. Confirmation  """"""",10,N,
SERVER-8430,SERVER,Bug,"""getmore ops in db.currentOp() returns different 'query' field for mongos and mongod""","""""""when db.currentOp() is run for a getmore op, the 'query' field returns { """"""""$query"""""""" : { <query> } } for mongos, but { <query> } for mongod""""""",4,N,
TIMOB-15915,TIMOB,Bug,"""CLI: cannot compile a module project created from CLI""","""""""h5. Problem description    Module Project created through CLI is not ready to be compiled using 'ant'. No build.xml file is present in the root folder.     h5. Steps to reproduce  1. Create a new Module project from CLI    2. cd into the project and run 'ant' to compile.  Result: build.xml file is not present and cannot compile.     3. Create a new Module project from Studio  Result: Studio is creating the new module project using the old titanium.py   4. cd into the project and run 'ant' to compile.   Result: module is correctly compiled.    """"""",4,N,
SERVER-34708,SERVER,Bug,"""Possible for shard to not learn about a sharded collection it owns""","""""""One example of case is when the config server restarts when executing _configShardColllection just right before it sends SSV to the shard. The shard will retry _configShardColllection, but it will [exit early without retrying to send SSV|https://github.com/mongodb/mongo/blob/r3.7.7/src/mongo/db/s/config/configsvr_shard_collection_command.cpp#L832].""""""",9,N,
TIMOB-11596,TIMOB,Bug,"""MobileWeb: Map annotation not setting correct clicksource""","""""""When an annotation is shown, the """"""""click"""""""" event is always returning the """"""""clicksource"""""""" as """"""""pin"""""""". It should return the proper """"""""pin"""""""", """"""""rightButton"""""""", """"""""leftView"""""""", """"""""rightView"""""""", and so on.    Original Q&A question: http://developer.<USER>com/question/144093/mobile-web-map-annotation-not-recognizing-click-event-click-source""""""",9,N,
TIMOB-1812,TIMOB,Bug,"""iOS: html5 Video fails to play (no controls appear) on iPad""","""""""{html}<div><p>1.BaseUI&gt;Views&gt;WebView&gt;html5 video<br>  2.tap to play/tap to invoke controls<br>  results: nothing occurs, controls do not appear, video does not  play</p></div>{html}""""""",8,N,
JRASERVER-34114,JRASERVER,Bug,"""webResourceManager.requireResource does not work for JIRA 6 issue navigator 'detail view'""","""""""Our plugin uses webResources, but the only way so far to include them into the new screen available in the issue navigator (http://blogs.atlassian.com/2013/05/meet-new-jira-6/ , """"""""Detail View: optimize the way you work with issues"""""""") is to add them into atl.general context:   if I use  (in the vm template)  the web-resources are not included.    *Steps to reproduce:*  # create a customfield plugin module  # put in atlassian-plugin.xml:   # put into the vm template (customfield view vm):   # navigate to BASE_URL/secure/IssueNavigator.jspa?mode=show&createNew=true  # set the view for the IssueNavigator to """"""""Detail View""""""""  # refresh the page (ctrl+F5)  # check that the resource is not included to the page (put alert to the loaded .js, or load a css, and check that it is applied)  (!) see, that the resource is not loaded""""""",5,N,
TIMOB-3189,TIMOB,New Feature,"""Android: TableView editing does not work""","""""""{html}<div><p>For Android tableview.editing = true; does not put the table view into editing mode as it does in iOS.<br> Tested with TiSDK 1.5.1, 1.6.0RC1, Android SDK 2.2</p> <pre> <code class=""""""""javascript"""""""">var win = Titanium.UI.createWindow({       backgroundColor:'#000' });  var data1 = [];  for(var v=0; v&lt;=4; v++) {     var row = Ti.UI.createTableViewRow({         title:'Section 1 row '+v,         className:'sectionrow'     });     data1.push(row); }  var tableview = Ti.UI.createTableView({     top: 0,     height: 500,     data:data1 });  var button = Ti.UI.createButton({     title: 'edit',     height: 40,     width: 200,     bottom: 20 }); button.addEventListener('click', function(e) {          if (tableview.editing === true){         tableview.editing = false;     }else{         tableview.editing = true;     } });  win.add(tableview);  win.add(button);  win.open();</code> </pre> <h2>Associated Helpdesk Ticket</h2> <p><a href= """"""""http://developer.<USER>com/helpdesk/view/74531"""""""">http://developer.<USER>com/helpdesk/view/74531</a></p></div>{html}""""""",3,N,
NEXUS-5008,NEXUS,Bug,"""Capability is displayed even though it's not exposed""","""""""See attached video. 'Outreach' is a capability that is hidden and not exposed. According to the javadoc, it should not be displayed in the UI at all, but it is displayed in the list of capabilities and the UI throws a js error when it is selected.    """"""",2,N,
NEXUS-15816,NEXUS,Improvement,"""Provide a means to disable paged result sets in LDAP searches""","""""""Some LDAP servers have paged result sets disabled for performance reasons (1).    These LDAP servers no longer work with Nexus versions 3.6.0 and higher due to the fix for -NEXUS-10565-.    We should consider adding a way to to disable paged results sets in our LDAP searches to restore compatibility with these servers.    1) [https://www.ibm.com/support/knowledgecenter/en/SSLTBW_2.1.0/com.ibm.zos.v2r1.glpa200/glpa200_Paged_search_considerations.htm]""""""",2,N,
NEXUS-2653,NEXUS,Bug,"""RepositoryCustomizers are applied to repository only at boot and repo creation once.""","""""""RepositoryCustomizers are applied to repository only at boot and repo creation once.""""""",10,N,
DM-12162,DM,Story,"""Added IPMI Metrics for nodes""",,4,N,
DNN-10172,DNN,Bug,"""PB module screen is wider and without tasks when coming from pages""","""""""Steps to reproduce:  1. log into platform as host  2. open any PB module other than Pages (eg. Site Settings, Import/Export, etc)  3. go to PB > Content > Pages  4. without refreshing the pages open the module in step 2 again    Expected:  The module screen opens in regular width with tasks side bar.  Actual:   The module screen opens in wider pane with same width as pages screen and without tasks bar""""""",5,N,
FAB-6570,FAB,Story,"""fix the broadcast/deliver dir""","""""""in the orderer config,it use the broadcastDir and deliverDir to log the serivce trace,but it set to empty string default,""""""",9,N,
FAB-9005,FAB,Sub-task,"""Create new v1.2 default VSCC""","""""""For networks with the v1.2 capability enabled, they should use the new lifecycle, which means they should use a new VSCC which does not have any specific 'LSCC"""""""" checks in it.  The new VSCC must enforce whatever is required of the new ESCC for exactly once init semantics, but this will be common for all chaincodes.    Note, the new default VSCC should be given a sane name.  Something like """"""""exactly-once-init-static-endorsement-policy"""""""" or similar.  Even """"""""EOISEP"""""""" would be a superior name to """"""""VSCC"""""""".""""""",5,N,
DM-23317,DM,Story,"""Test ATDome Trajectory Algorithm Fake Task""","""""""This task is needed to close out an epic where no stories where generated as the epics cannot be closed out in P6 unless there is one task associated with the epic.""""""",6,N,
SERVER-9459,SERVER,Improvement,"""Alias repairDatabase/repair to rebuildDatabase/rebuild""","""""""We have two different use cases for doing a """"""""repair"""""""": * Unclean shutdown, no good backup nor replicas, and you want to recover to a working state (understanding you may lose data) * Compaction and/or rebuilding the db files  The docs cover and warn about the first case, but if you are doing the second those warnings are confusing and inappropriate. It is also very confusing to tell or explain they need to do a repair when really we want them to do the second thing.  We may want to deprecate and remove repair/repairDatabase in the future as well.""""""",2,N,
CONFSERVER-39706,CONFSERVER,Bug,"""Confluence going down frequently""","""""""{panel:bgColor=#e7f4fa}   *NOTE:* This bug report is for *Confluence Server*. Using *Confluence Cloud*? [See the corresponding bug report|http://jira.<USER>browse/CONFCLOUD-39706].   {panel}  Hi Team,    Confluence is going down frequently and in logs we could see the below error.    2015-10-27 16:51:05,239 http-bio-8443-exec-78 WARN Pu8u7b8 1011x45835x6 ztu3pe 10.101.1.124 /rest/analytics/1.0/publish/bulk [analytics.client.browser.PublisherResource] BrowserEvent property values should not be Collections or Maps. name=kickass.inlineEdit, properties={issueId=249026, savedFieldIds=[customfield_10010], duration=1069, context_pageSession=bp7fxxii7iwzmgboywv8v, context_pageTime=1982995}  Exception in thread """"""""Thread-476"""""""" java.lang.NullPointerException          at net.customware.plugins.connector.jira.util.DefaultConnectorJIRAUtil.getCommentManager(DefaultConnectorJIRAUtil.java:1708)          at net.customware.plugins.connector.jira.util.DefaultConnectorJIRAUtil.mapCommentToRemoteBeanForSystem(DefaultConnectorJIRAUtil.java:1152)          at net.customware.plugins.connector.jira.util.DefaultConnectorJIRAUtil.pushComment(DefaultConnectorJIRAUtil.java:1044)          at net.customware.plugins.connector.jira.util.DefaultConnectorJIRAUtil.pushComments(DefaultConnectorJIRAUtil.java:1018)          at net.customware.plugins.connector.jira.util.DefaultConnectorJIRAUtil.pushComments(DefaultConnectorJIRAUtil.java:1034)          at net.customware.plugins.connector.jira.listener.ConnectorIssueEventListener$2.run(ConnectorIssueEventListener.java:216)          at java.lang.Thread.run(Thread.java:745)  Exception in thread """"""""Thread-477"""""""" java.lang.NullPointerException          at net.customware.plugins.connector.jira.util.DefaultConnectorJIRAUtil.getCommentManager(DefaultConnectorJIRAUtil.java:1708)          at net.customware.plugins.connector.jira.util.DefaultConnectorJIRAUtil.mapCommentToRemoteBeanForSystem(DefaultConnectorJIRAUtil.java:1152)          at net.customware.plugins.connector.jira.util.DefaultConnectorJIRAUtil.pushComment(DefaultConnectorJIRAUtil.java:1044)          at net.customware.plugins.connector.jira.util.DefaultConnectorJIRAUtil.pushComments(DefaultConnectorJIRAUtil.java:1018)          at net.customware.plugins.connector.jira.util.DefaultConnectorJIRAUtil.pushComments(DefaultConnectorJIRAUtil.java:1034)          at net.customware.plugins.connector.jira.listener.ConnectorIssueEventListener$2.run(ConnectorIssueEventListener.java:216)          at java.lang.Thread.run(Thread.java:745)  2015-10-27 16:51:54,802 StreamsCompletionService::thread-272 WARN aagustin 1011x46761x6 13pgbdv 10.101.1.124 /plugins/servlet/streams [apache.commons.httpclient.SimpleHttpConnectionManager] SimpleHttpConnectionManager being used incorrectly.  Be sure that HttpMethod.releaseConnection() is always called and that only one thread and/or method is using this connection manager at a time.  2015-10-27 16:52:15,830 http-bio-8443-exec-17 WARN aagustin 1012x47009x9 13pgbdv 10.101.1.124 /plugins/servlet/streams [atlassian.streams.internal.StreamsCompletionService] Registering failure for stream provider JIRA due to cancellation (timeout)  2015-10-27 16:52:15,830 http-bio-8443-exec-17 WARN aagustin 1012x47009x9 13pgbdv 10.101.1.124 /plugins/servlet/streams [atlassian.streams.internal.StreamsCompletionService] Registering failure for stream provider JIRA due to error timeout  2015-10-27 16:52:35,915 http-bio-8443-exec-44 WARN xMa1t7i8 1012x47448x6 kzlscm 10.101.1.124 /secure/AttachFile!default.jspa [webwork.view.taglib.IteratorTag] Value is null! Returning an empty set.  Exception in thread """"""""Thread-491"""""""" java.lang.NullPointerException          at net.customware.plugins.connector.jira.util.DefaultConnectorJIRAUtil.getCommentManager(DefaultConnectorJIRAUtil.java:1708)          at net.customware.plugins.connector.jira.util.DefaultConnectorJIRAUtil.mapCommentToRemoteBeanForSystem(DefaultConnectorJIRAUtil.java:1152)          at net.customware.plugins.connector.jira.util.DefaultConnectorJIRAUtil.pushComment(DefaultConnectorJIRAUtil.java:1044)          at net.customware.plugins.connector.jira.util.DefaultConnectorJIRAUtil.pushComments(DefaultConnectorJIRAUtil.java:1018)          at net.customware.plugins.connector.jira.util.DefaultConnectorJIRAUtil.pushComments(DefaultConnectorJIRAUtil.java:1034)          at net.customware.plugins.connector.jira.listener.ConnectorIssueEventListener$2.run(ConnectorIssueEventListener.java:216)          at java.lang.Thread.run(Thread.java:745)  2015-10-27 16:53:04,164 http-bio-8443-exec-40 ERROR Kr0l6j1 1013x47643x5 gfujw7 10.101.1.124 /secure/QuickEditIssue.jspa [connector.jira.listener.ConnectorIssueEventListener] class net.customware.plugins.connector.jira.listener.ConnectorIssueEventListener  java.lang.NullPointerException    """"""",3,N,
DNN-3207,DNN,Bug,"""Redirect After Registration No Longer Works in DNN 7.1.0""","""""""title says it all.  Go to Admin > Site Settings and set the redirect after registration page.    Log out and create an account.  You won't be redirected.""""""",2,N,
MESOS-3170,MESOS,Bug,"""0.23 Build fails when compiling against -lsasl2 which has been statically linked""","""""""If the sasl library has been statically linked the check from CRAM-MD5 can fail, due to missing symbols. """"""",9,N,
DM-18736,DM,Story,"""Convert ap_association to use Pandas data frames (rather than afw::table) as an interface""",,2,N,
FAB-954,FAB,Sub-task,"""As an application developer design a membership service interface that could be used by chaincodes, and applications easily""",,4,D,
SERVER-28287,SERVER,Task,"""Split sys-perf sharded cluster custom workloads task into multiple tasks""",,6,N,
TIMOB-23477,TIMOB,Bug,"""iOS: ScrollableView with embedded ScrollView freezes after zooming the scrollview""","""""""Seen on iOS only    We're attempting to replicate the photo-viewing experience of the native photos app. We use a ScrollableView, with embedded ScrollViews, each with an image so that the user can swipe between photos, then pinch-to-zoom on the photos. We reset the zoom scale to 1 if the user swipes to the next/previous photo.    However, we have found the ScrollableView freezes randomly. Using the sample code below, you can reproduce with the following steps:    # Swipe forward a photo or two  # Pinch to zoom in  # Swipe back to the previous photos (aka, to the left)  # Swipe forward / right  # Not every time, but frequently the ScrollableView is now stuck. You can't swipe to the next or previous image in the set. The view bounces a bit, but won't scroll. No log output or errors are seen in the console. It's as if the ScrollableView no longer receives the swipe gesture. Zooming in then out """"""""un-sticks"""""""" it, which is not reasonable to expect our users to discover.  # If it doesn't freeze, repeat the steps above. It sometimes freezes if you swipe forward (to the right) after zooming a photo also.     """"""",3,N,
MESOS-9984,MESOS,Task,"""Provide a function to compute a common """"reservation ancestor"""" between two 'Resources'""","""""""We need to provide a function to compute a common """"""""reservation ancestor"""""""" between two resources, {{Try<Resources> getReservationAncestor(const Resources&, const Resources&)}}.    The common ancestor can be found by repeatedly popping dynamic reservations from the full {{Resources}}.    We should test the following cases:   * either LHS or RHS empty   * both empty -> empty ancestor   * {{STATIC}} reservations on path   * partially reserved LHS/RHS (partially reserved: not all {{Resource}} have the same reservation).""""""",4,N,
SERVER-18799,SERVER,Improvement,"""Reduce flakiness of max_time_ms.js""","""""""max_time_ms.js has been failing periodically expecting to time out on a getMore. The theory is that this happens because the timeout is measured using an approximation of the current time, which can become inaccurate under high CPU load. We should only allow the core suites to use as many jobs as there are cores available, and increase the delta between the sleep in the $where clause of the query, and the timeout specified. These will hopefully both reduce the frequency with which this failure occurs.    We would need to improve our timing logic in the server to make sure the test never sporadically fails. That work should happen in a separate ticket, if no such ticket already exists.""""""",9,D,
CONFSERVER-49524,CONFSERVER,Bug,"""Pressing ENTER on the """"Repeat"""" drop down menu produces different behavior across different browsers""","""""""{panel:bgColor=#e7f4fa}   *NOTE:* This bug report is for *Confluence Server*. Using *Confluence Cloud*? [See the corresponding bug report|http://jira.<USER>browse/CONFCLOUD-49524].   {panel}  h4. Steps to Reproduce  # Create a new event  # Type the event name under """"""""What"""""""" field  # Click the """"""""Repeat"""""""" drop down menu  # Press the arrows (up or down) to choose the drop down item (example: Weekly)  # Press ENTER on Weekly Repeat (do NOT click with mouse to choose this)    h4. Expected Results  """"""""Repeat every xx month/week/year/day"""""""" field is shown    h4. Actual Results  *IE 8.0.7 with Confluence 4.3.7*  Once ENTER is pressed, the event is created and a new """"""""Create Event"""""""" box is shown (with the same values as previously entered, except that it's only a one day event). As a result, there are two events are created, as seen from the screenshot below. One is the repeat event and the other is the 1 day event.   !double-events.png!    *IE 8 (with Confluence 5.1), IE 9 and Firefox 20*  Pressing ENTER will trigger the event to be created    *Chrome 26.0.1410.64 m*  Pressing ENTER will NOT trigger the event to be created. The """"""""Repeat every xx month/week/year/day"""""""" field is shown instead  """"""",10,N,
DNN-3724,DNN,Bug,"""Layout changes required to Add Logged Event page""","""""""Brief Description of Issue:    When I add a new logged event the Email Notification Settings section the width of the Occurrence Threshold fields are excessively wide.    Clear Steps to Reproduce:    Step 1 - Log in as Host and ensure Control Panel is in Edit Mode.  Step 2 - Go Admin --> Event Viewer  Step 3 - Scroll to bottom of page  Step 4 - Click on """"""""Edit Log Settings"""""""" button   Step 5 - Click on """"""""Add Log Setting"""""""" link.  Step6- View the """"""""Occurrence Threshold"""""""" field.    Image attached.  """"""",6,N,
JRASERVER-20324,JRASERVER,Suggestion,"""Ability to use 24-hour time format when logging work""","""""""Try to enter hours on the 'Log work' screen for an issue using a 24-hour time format, e.g.        02/Feb/10 17:30    and it fails with the error message """"""""You must specify a date on which the work occurred."""""""".""""""",6,N,
DM-20302,DM,Story,"""Fix PSF normalization bugs in scarlet""","""""""While updating the API in scarlet some of the tests related to PSF normalization broke. Since I am the one who wrote the tests it will be easiest for me to diagnose the cause of the differences and the code and or the tests to give the correct results.""""""",5,N,
NEXUS-7909,NEXUS,Bug,"""ERROR and long WARN occur on Artifact Procurement setup despite being stopped""","""""""Testing NX2.11.2-SNAPSHOT, I added a target repo that contained the source repo and was blocked from doing so by a validator in the UI.  Despite this, on default log levels an ERROR and a really long WARN occurred (see below).  Since this is blocked from occurring, I am wondering if this is just debug that wasn't removed.    I checked and this is an issue in NX2.11.1-01 so not an issue with the SNAPSHOT build.  I did not see this capability (yet) in NX3 so heads up if we add it there as well.    {quote}  jvm 1    | 2015-01-12 10:36:30,229-0500 ERROR [qtp1863330150-86] admin com.sonatype.nexus.procurement.DefaultProcurementManager - Target repository is a group that contains source repository.  jvm 1    | 2015-01-12 10:36:30,232-0500 WARN  [qtp1863330150-86] admin com.sonatype.nexus.procurement.api.ProcurementManageListPlexusResource - Configuration error!  jvm 1    | org.sonatype.configuration.validation.InvalidConfigurationException: Target repository is a group that contains source repository.  jvm 1    |  at com.sonatype.nexus.procurement.DefaultProcurementManager.validateChildren(DefaultProcurementManager.java:340) ~[na:na]  jvm 1    |  at com.sonatype.nexus.procurement.DefaultProcurementManager.validateTarget(DefaultProcurementManager.java:322) ~[na:na]  jvm 1    |  at com.sonatype.nexus.procurement.DefaultProcurementManager.startManagingRepository(DefaultProcurementManager.java:125) ~[na:na]  jvm 1    |  at com.sonatype.nexus.procurement.api.ProcurementManageListPlexusResource.post(ProcurementManageListPlexusResource.java:130) ~[na:na]  jvm 1    |  at org.sonatype.plexus.rest.resource.RestletResource.acceptRepresentation(RestletResource.java:262) [nexus-restlet1x-plugin-2.11.2-SNAPSHOT/:na]  jvm 1    |  at org.sonatype.nexus.rest.NexusRestletResource.acceptRepresentation(NexusRestletResource.java:70) [nexus-restlet1x-plugin-2.11.2-SNAPSHOT/:na]  jvm 1    |  at org.restlet.resource.Resource.post(Resource.java:688) [nexus-restlet1x-plugin-2.11.2-SNAPSHOT/:na]  jvm 1    |  at org.restlet.resource.Resource.handlePost(Resource.java:537) [nexus-restlet1x-plugin-2.11.2-SNAPSHOT/:na]  jvm 1    |  at org.restlet.Finder.handle(Finder.java:357) [nexus-restlet1x-plugin-2.11.2-SNAPSHOT/:na]  jvm 1    |  at org.restlet.Filter.doHandle(Filter.java:150) [nexus-restlet1x-plugin-2.11.2-SNAPSHOT/:na]  jvm 1    |  at org.restlet.Filter.handle(Filter.java:195) [nexus-restlet1x-plugin-2.11.2-SNAPSHOT/:na]  jvm 1    |  at org.restlet.Router.handle(Router.java:504) [nexus-restlet1x-plugin-2.11.2-SNAPSHOT/:na]  jvm 1    |  at org.restlet.Filter.doHandle(Filter.java:150) [nexus-restlet1x-plugin-2.11.2-SNAPSHOT/:na]  jvm 1    |  at org.restlet.Filter.handle(Filter.java:195) [nexus-restlet1x-plugin-2.11.2-SNAPSHOT/:na]  jvm 1    |  at org.restlet.Filter.doHandle(Filter.java:150) [nexus-restlet1x-plugin-2.11.2-SNAPSHOT/:na]  jvm 1    |  at org.sonatype.plexus.rest.RetargetableRestlet.doHandle(RetargetableRestlet.java:36) [nexus-restlet1x-plugin-2.11.2-SNAPSHOT/:na]  jvm 1    |  at org.restlet.Filter.handle(Filter.java:195) [nexus-restlet1x-plugin-2.11.2-SNAPSHOT/:na]  jvm 1    |  at org.restlet.Filter.doHandle(Filter.java:150) [nexus-restlet1x-plugin-2.11.2-SNAPSHOT/:na]  jvm 1    |  at org.restlet.Filter.handle(Filter.java:195) [nexus-restlet1x-plugin-2.11.2-SNAPSHOT/:na]  jvm 1    |  at org.restlet.Filter.doHandle(Filter.java:150) [nexus-restlet1x-plugin-2.11.2-SNAPSHOT/:na]  jvm 1    |  at org.restlet.Filter.handle(Filter.java:195) [nexus-restlet1x-plugin-2.11.2-SNAPSHOT/:na]  jvm 1    |  at org.restlet.Filter.doHandle(Filter.java:150) [nexus-restlet1x-plugin-2.11.2-SNAPSHOT/:na]  jvm 1    |  at com.noelios.restlet.StatusFilter.doHandle(StatusFilter.java:130) [nexus-restlet1x-plugin-2.11.2-SNAPSHOT/:na]  jvm 1    |  at org.restlet.Filter.handle(Filter.java:195) [nexus-restlet1x-plugin-2.11.2-SNAPSHOT/:na]  jvm 1    |  at org.restlet.Filter.doHandle(Filter.java:150) [nexus-restlet1x-plugin-2.11.2-SNAPSHOT/:na]  jvm 1    |  at org.restlet.Filter.handle(Filter.java:195) [nexus-restlet1x-plugin-2.11.2-SNAPSHOT/:na]  jvm 1    |  at com.noelios.restlet.ChainHelper.handle(ChainHelper.java:124) [nexus-restlet1x-plugin-2.11.2-SNAPSHOT/:na]  jvm 1    |  at com.noelios.restlet.application.ApplicationHelper.handle(ApplicationHelper.java:112) [nexus-restlet1x-plugin-2.11.2-SNAPSHOT/:na]  jvm 1    |  at org.restlet.Application.handle(Application.java:341) [nexus-restlet1x-plugin-2.11.2-SNAPSHOT/:na]  jvm 1    |  at org.restlet.Filter.doHandle(Filter.java:150) [nexus-restlet1x-plugin-2.11.2-SNAPSHOT/:na]  jvm 1    |  at org.restlet.Filter.handle(Filter.java:195) [nexus-restlet1x-plugin-2.11.2-SNAPSHOT/:na]  jvm 1    |  at org.restlet.Router.handle(Router.java:504) [nexus-restlet1x-plugin-2.11.2-SNAPSHOT/:na]  jvm 1    |  at org.restlet.Filter.doHandle(Filter.java:150) [nexus-restlet1x-plugin-2.11.2-SNAPSHOT/:na]  jvm 1    |  at org.restlet.Filter.handle(Filter.java:195) [nexus-restlet1x-plugin-2.11.2-SNAPSHOT/:na]  jvm 1    |  at org.restlet.Router.handle(Router.java:504) [nexus-restlet1x-plugin-2.11.2-SNAPSHOT/:na]  jvm 1    |  at com.noelios.restlet.ChainHelper.handle(ChainHelper.java:124) [nexus-restlet1x-plugin-2.11.2-SNAPSHOT/:na]  jvm 1    |  at org.restlet.Component.handle(Component.java:676) [nexus-restlet1x-plugin-2.11.2-SNAPSHOT/:na]  jvm 1    |  at org.restlet.Server.handle(Server.java:331) [nexus-restlet1x-plugin-2.11.2-SNAPSHOT/:na]  jvm 1    |  at com.noelios.restlet.ServerHelper.handle(ServerHelper.java:68) [nexus-restlet1x-plugin-2.11.2-SNAPSHOT/:na]  jvm 1    |  at com.noelios.restlet.http.HttpServerHelper.handle(HttpServerHelper.java:147) [nexus-restlet1x-plugin-2.11.2-SNAPSHOT/:na]  jvm 1    |  at com.noelios.restlet.ext.servlet.ServerServlet.service(ServerServlet.java:881) [nexus-restlet1x-plugin-2.11.2-SNAPSHOT/:na]  jvm 1    |  at org.sonatype.nexus.restlet1x.internal.RestletServlet.service(RestletServlet.java:93) [nexus-restlet1x-plugin-2.11.2-SNAPSHOT/:na]  jvm 1    |  at javax.servlet.http.HttpServlet.service(HttpServlet.java:848) [javax.servlet-3.0.0.v201112011016.jar:na]  jvm 1    |  at com.google.inject.servlet.ServletDefinition.doServiceImpl(ServletDefinition.java:288) [guice-servlet-3.1.10.jar:3.1.10]  jvm 1    |  at com.google.inject.servlet.ServletDefinition.doService(ServletDefinition.java:278) [guice-servlet-3.1.10.jar:3.1.10]  jvm 1    |  at com.google.inject.servlet.ServletDefinition.service(ServletDefinition.java:182) [guice-servlet-3.1.10.jar:3.1.10]  jvm 1    |  at com.google.inject.servlet.ManagedServletPipeline.service(ManagedServletPipeline.java:93) [guice-servlet-3.1.10.jar:3.1.10]  jvm 1    |  at com.google.inject.servlet.FilterChainInvocation.doFilter(FilterChainInvocation.java:85) [guice-servlet-3.1.10.jar:3.1.10]  jvm 1    |  at org.apache.shiro.web.servlet.AdviceFilter.executeChain(AdviceFilter.java:108) [shiro-web-1.2.3.jar:1.2.3]  jvm 1    |  at org.apache.shiro.web.servlet.AdviceFilter.doFilterInternal(AdviceFilter.java:137) [shiro-web-1.2.3.jar:1.2.3]  jvm 1    |  at org.apache.shiro.web.servlet.OncePerRequestFilter.doFilter(OncePerRequestFilter.java:125) [shiro-web-1.2.3.jar:1.2.3]  jvm 1    |  at com.google.inject.servlet.FilterChainInvocation.doFilter(FilterChainInvocation.java:82) [guice-servlet-3.1.10.jar:3.1.10]  jvm 1    |  at org.apache.shiro.web.servlet.ProxiedFilterChain.doFilter(ProxiedFilterChain.java:61) [shiro-web-1.2.3.jar:1.2.3]  jvm 1    |  at org.apache.shiro.web.servlet.AdviceFilter.executeChain(AdviceFilter.java:108) [shiro-web-1.2.3.jar:1.2.3]  jvm 1    |  at org.apache.shiro.web.servlet.AdviceFilter.doFilterInternal(AdviceFilter.java:137) [shiro-web-1.2.3.jar:1.2.3]  jvm 1    |  at org.apache.shiro.web.servlet.OncePerRequestFilter.doFilter(OncePerRequestFilter.java:125) [shiro-web-1.2.3.jar:1.2.3]  jvm 1    |  at org.apache.shiro.web.servlet.ProxiedFilterChain.doFilter(ProxiedFilterChain.java:66) [shiro-web-1.2.3.jar:1.2.3]  jvm 1    |  at org.apache.shiro.web.servlet.AdviceFilter.executeChain(AdviceFilter.java:108) [shiro-web-1.2.3.jar:1.2.3]  jvm 1    |  at org.apache.shiro.web.servlet.AdviceFilter.doFilterInternal(AdviceFilter.java:137) [shiro-web-1.2.3.jar:1.2.3]  jvm 1    |  at org.apache.shiro.web.servlet.OncePerRequestFilter.doFilter(OncePerRequestFilter.java:125) [shiro-web-1.2.3.jar:1.2.3]  jvm 1    |  at org.apache.shiro.web.servlet.ProxiedFilterChain.doFilter(ProxiedFilterChain.java:66) [shiro-web-1.2.3.jar:1.2.3]  jvm 1    |  at org.apache.shiro.web.servlet.AdviceFilter.executeChain(AdviceFilter.java:108) [shiro-web-1.2.3.jar:1.2.3]  jvm 1    |  at org.apache.shiro.web.servlet.AdviceFilter.doFilterInternal(AdviceFilter.java:137) [shiro-web-1.2.3.jar:1.2.3]  jvm 1    |  at org.apache.shiro.web.servlet.OncePerRequestFilter.doFilter(OncePerRequestFilter.java:125) [shiro-web-1.2.3.jar:1.2.3]  jvm 1    |  at org.apache.shiro.web.servlet.ProxiedFilterChain.doFilter(ProxiedFilterChain.java:66) [shiro-web-1.2.3.jar:1.2.3]  jvm 1    |  at org.apache.shiro.web.servlet.AbstractShiroFilter.executeChain(AbstractShiroFilter.java:449) [shiro-web-1.2.3.jar:1.2.3]  jvm 1    |  at org.sonatype.nexus.web.internal.SecurityFilter.executeChain(SecurityFilter.java:90) [nexus-core-2.11.2-SNAPSHOT.jar:2.11.2-SNAPSHOT]  jvm 1    |  at org.apache.shiro.web.servlet.AbstractShiroFilter$1.call(AbstractShiroFilter.java:365) [shiro-web-1.2.3.jar:1.2.3]  jvm 1    |  at org.apache.shiro.subject.support.SubjectCallable.doCall(SubjectCallable.java:90) [shiro-core-1.2.3.jar:1.2.3]  jvm 1    |  at org.apache.shiro.subject.support.SubjectCallable.call(SubjectCallable.java:83) [shiro-core-1.2.3.jar:1.2.3]  jvm 1    |  at org.apache.shiro.subject.support.DelegatingSubject.execute(DelegatingSubject.java:383) [shiro-core-1.2.3.jar:1.2.3]  jvm 1    |  at org.apache.shiro.web.servlet.AbstractShiroFilter.doFilterInternal(AbstractShiroFilter.java:362) [shiro-web-1.2.3.jar:1.2.3]  jvm 1    |  at org.apache.shiro.web.servlet.OncePerRequestFilter.doFilter(OncePerRequestFilter.java:125) [shiro-web-1.2.3.jar:1.2.3]  jvm 1    |  at com.google.inject.servlet.FilterChainInvocation.doFilter(FilterChainInvocation.java:82) [guice-servlet-3.1.10.jar:3.1.10]  jvm 1    |  at com.google.inject.servlet.ManagedFilterPipeline.dispatch(ManagedFilterPipeline.java:120) [guice-servlet-3.1.10.jar:3.1.10]  jvm 1    |  at org.sonatype.nexus.web.internal.NexusGuiceFilter$MultiFilterChain.doFilter(NexusGuiceFilter.java:82) [nexus-core-2.11.2-SNAPSHOT.jar:2.11.2-SNAPSHOT]  jvm 1    |  at com.google.inject.servlet.FilterChainInvocation.doFilter(FilterChainInvocation.java:89) [guice-servlet-3.1.10.jar:3.1.10]  jvm 1    |  at com.google.inject.servlet.ManagedFilterPipeline.dispatch(ManagedFilterPipeline.java:120) [guice-servlet-3.1.10.jar:3.1.10]  jvm 1    |  at org.sonatype.nexus.web.internal.NexusGuiceFilter$MultiFilterChain.doFilter(NexusGuiceFilter.java:82) [nexus-core-2.11.2-SNAPSHOT.jar:2.11.2-SNAPSHOT]  jvm 1    |  at com.google.inject.servlet.FilterChainInvocation.doFilter(FilterChainInvocation.java:89) [guice-servlet-3.1.10.jar:3.1.10]  jvm 1    |  at com.sonatype.nexus.licensing.internal.LicensingRedirectFilter.doFilter(LicensingRedirectFilter.java:135) [nexus-licensing-plugin-2.11.2-SNAPSHOT/:na]  jvm 1    |  at com.google.inject.servlet.FilterChainInvocation.doFilter(FilterChainInvocation.java:82) [guice-servlet-3.1.10.jar:3.1.10]  jvm 1    |  at com.google.inject.servlet.ManagedFilterPipeline.dispatch(ManagedFilterPipeline.java:120) [guice-servlet-3.1.10.jar:3.1.10]  jvm 1    |  at org.sonatype.nexus.web.internal.NexusGuiceFilter$MultiFilterChain.doFilter(NexusGuiceFilter.java:82) [nexus-core-2.11.2-SNAPSHOT.jar:2.11.2-SNAPSHOT]  jvm 1    |  at com.google.inject.servlet.FilterChainInvocation.doFilter(FilterChainInvocation.java:89) [guice-servlet-3.1.10.jar:3.1.10]  jvm 1    |  at com.yammer.metrics.web.WebappMetricsFilter.doFilter(WebappMetricsFilter.java:76) [metrics-web-2.2.0.jar:na]  jvm 1    |  at com.google.inject.servlet.FilterChainInvocation.doFilter(FilterChainInvocation.java:82) [guice-servlet-3.1.10.jar:3.1.10]  jvm 1    |  at org.sonatype.nexus.web.internal.CommonHeadersFilter.doFilter(CommonHeadersFilter.java:69) [nexus-core-2.11.2-SNAPSHOT.jar:2.11.2-SNAPSHOT]  jvm 1    |  at com.google.inject.servlet.FilterChainInvocation.doFilter(FilterChainInvocation.java:82) [guice-servlet-3.1.10.jar:3.1.10]  jvm 1    |  at org.sonatype.nexus.web.internal.ErrorPageFilter.doFilter(ErrorPageFilter.java:71) [nexus-core-2.11.2-SNAPSHOT.jar:2.11.2-SNAPSHOT]  jvm 1    |  at com.google.inject.servlet.FilterChainInvocation.doFilter(FilterChainInvocation.java:82) [guice-servlet-3.1.10.jar:3.1.10]  jvm 1    |  at org.sonatype.nexus.web.internal.BaseUrlHolderFilter.doFilter(BaseUrlHolderFilter.java:70) [nexus-core-2.11.2-SNAPSHOT.jar:2.11.2-SNAPSHOT]  jvm 1    |  at com.google.inject.servlet.FilterChainInvocation.doFilter(FilterChainInvocation.java:82) [guice-servlet-3.1.10.jar:3.1.10]  jvm 1    |  at com.google.inject.servlet.ManagedFilterPipeline.dispatch(ManagedFilterPipeline.java:120) [guice-servlet-3.1.10.jar:3.1.10]  jvm 1    |  at org.sonatype.nexus.web.internal.NexusGuiceFilter$MultiFilterChain.doFilter(NexusGuiceFilter.java:82) [nexus-core-2.11.2-SNAPSHOT.jar:2.11.2-SNAPSHOT]  jvm 1    |  at org.sonatype.nexus.web.internal.NexusGuiceFilter$MultiFilterPipeline.dispatch(NexusGuiceFilter.java:56) [nexus-core-2.11.2-SNAPSHOT.jar:2.11.2-SNAPSHOT]  jvm 1    |  at com.google.inject.servlet.GuiceFilter$1.call(GuiceFilter.java:132) [guice-servlet-3.1.10.jar:3.1.10]  jvm 1    |  at com.google.inject.servlet.GuiceFilter$1.call(GuiceFilter.java:129) [guice-servlet-3.1.10.jar:3.1.10]  jvm 1    |  at com.google.inject.servlet.GuiceFilter$Context.call(GuiceFilter.java:206) [guice-servlet-3.1.10.jar:3.1.10]  jvm 1    |  at com.google.inject.servlet.GuiceFilter.doFilter(GuiceFilter.java:129) [guice-servlet-3.1.10.jar:3.1.10]  jvm 1    |  at org.eclipse.jetty.servlet.ServletHandler$CachedChain.doFilter(ServletHandler.java:1419) [jetty-servlet-8.1.11.v20130520.jar:8.1.11.v20130520]  jvm 1    |  at org.eclipse.jetty.servlet.ServletHandler.doHandle(ServletHandler.java:455) [jetty-servlet-8.1.11.v20130520.jar:8.1.11.v20130520]  jvm 1    |  at org.eclipse.jetty.server.handler.ScopedHandler.handle(ScopedHandler.java:137) [jetty-server-8.1.11.v20130520.jar:8.1.11.v20130520]  jvm 1    |  at org.eclipse.jetty.security.SecurityHandler.handle(SecurityHandler.java:557) [jetty-security-8.1.11.v20130520.jar:8.1.11.v20130520]  jvm 1    |  at org.eclipse.jetty.server.session.SessionHandler.doHandle(SessionHandler.java:231) [jetty-server-8.1.11.v20130520.jar:8.1.11.v20130520]  jvm 1    |  at org.eclipse.jetty.server.handler.ContextHandler.doHandle(ContextHandler.java:1075) [jetty-server-8.1.11.v20130520.jar:8.1.11.v20130520]  jvm 1    |  at org.eclipse.jetty.servlet.ServletHandler.doScope(ServletHandler.java:384) [jetty-servlet-8.1.11.v20130520.jar:8.1.11.v20130520]  jvm 1    |  at org.eclipse.jetty.server.session.SessionHandler.doScope(SessionHandler.java:193) [jetty-server-8.1.11.v20130520.jar:8.1.11.v20130520]  jvm 1    |  at org.eclipse.jetty.server.handler.ContextHandler.doScope(ContextHandler.java:1009) [jetty-server-8.1.11.v20130520.jar:8.1.11.v20130520]  jvm 1    |  at org.eclipse.jetty.server.handler.ScopedHandler.handle(ScopedHandler.java:135) [jetty-server-8.1.11.v20130520.jar:8.1.11.v20130520]  jvm 1    |  at org.eclipse.jetty.server.handler.HandlerWrapper.handle(HandlerWrapper.java:116) [jetty-server-8.1.11.v20130520.jar:8.1.11.v20130520]  jvm 1    |  at com.yammer.metrics.jetty.InstrumentedHandler.handle(InstrumentedHandler.java:200) [metrics-jetty-2.2.0.jar:na]  jvm 1    |  at org.eclipse.jetty.server.handler.HandlerCollection.handle(HandlerCollection.java:154) [jetty-server-8.1.11.v20130520.jar:8.1.11.v20130520]  jvm 1    |  at org.eclipse.jetty.server.handler.HandlerWrapper.handle(HandlerWrapper.java:116) [jetty-server-8.1.11.v20130520.jar:8.1.11.v20130520]  jvm 1    |  at org.eclipse.jetty.server.Server.handle(Server.java:370) [jetty-server-8.1.11.v20130520.jar:8.1.11.v20130520]  jvm 1    |  at org.eclipse.jetty.server.AbstractHttpConnection.handleRequest(AbstractHttpConnection.java:489) [jetty-server-8.1.11.v20130520.jar:8.1.11.v20130520]  jvm 1    |  at org.eclipse.jetty.server.AbstractHttpConnection.content(AbstractHttpConnection.java:960) [jetty-server-8.1.11.v20130520.jar:8.1.11.v20130520]  jvm 1    |  at org.eclipse.jetty.server.AbstractHttpConnection$RequestHandler.content(AbstractHttpConnection.java:1021) [jetty-server-8.1.11.v20130520.jar:8.1.11.v20130520]  jvm 1    |  at org.eclipse.jetty.http.HttpParser.parseNext(HttpParser.java:865) [jetty-http-8.1.11.v20130520.jar:8.1.11.v20130520]  jvm 1    |  at org.eclipse.jetty.http.HttpParser.parseAvailable(HttpParser.java:240) [jetty-http-8.1.11.v20130520.jar:8.1.11.v20130520]  jvm 1    |  at org.eclipse.jetty.server.AsyncHttpConnection.handle(AsyncHttpConnection.java:82) [jetty-server-8.1.11.v20130520.jar:8.1.11.v20130520]  jvm 1    |  at org.eclipse.jetty.io.nio.SelectChannelEndPoint.handle(SelectChannelEndPoint.java:668) [jetty-io-8.1.11.v20130520.jar:8.1.11.v20130520]  jvm 1    |  at org.eclipse.jetty.io.nio.SelectChannelEndPoint$1.run(SelectChannelEndPoint.java:52) [jetty-io-8.1.11.v20130520.jar:8.1.11.v20130520]  jvm 1    |  at org.eclipse.jetty.util.thread.QueuedThreadPool.runJob(QueuedThreadPool.java:608) [jetty-util-8.1.11.v20130520.jar:8.1.11.v20130520]  jvm 1    |  at org.eclipse.jetty.util.thread.QueuedThreadPool$3.run(QueuedThreadPool.java:543) [jetty-util-8.1.11.v20130520.jar:8.1.11.v20130520]  {quote}""""""",10,N,
JRASERVER-36578,JRASERVER,Bug,"""Left panel in Issue Navigator Configuration not word-wrapping long text""","""""""When a user edit the columns for Issue Navigator, long text on the left panel overlapped the right column.    !issue-nav-columns.png!    {panel:borderStyle=solid|borderColor=#3C78B5| titleBGColor=#3C78B5| bgColor=#E7F4FA}  *This is not affecting JIRA 6 as it has different method to configure columns*  {panel}""""""",9,N,
SERVER-47518,SERVER,Improvement,"""mitigate dtor-order fiasco with a utility for defining static duration immortal objects""","""""""A template with an object-modeling API similar to std::optional,   with a {{value()}}, {{typedef value_type}}, {{operator*}} {{operator->}}.    Init examples from the unit test:    {code:cpp}  TEST(ImmortalTest, StaticDurationIdiom) {      static auto&& x = Immortal<Indestructible>();      static_assert(std::is_same_v<decltype(x), Immortal<Indestructible>&&>);  }    TEST(ImmortalTest, DeducedValueTypeCopyInit) {      static const Immortal m = Map{{""""""""hello"""""""", 123}, {""""""""bye"""""""", 456}};      ASSERT_EQ(m->find(""""""""bye"""""""")->second, 456);  }    TEST(ImmortalTest, DeducedValueTypeExpression) {      static const Immortal m = [] { return Map{{""""""""hello"""""""", 123}, {""""""""bye"""""""", 456}}; }();      ASSERT_EQ(m->find(""""""""bye"""""""")->second, 456);  }    TEST(ImmortalTest, BraceInit) {      static const Immortal<Map> m{{{""""""""hello"""""""", 123}, {""""""""bye"""""""", 456}}};      ASSERT_EQ(m->find(""""""""bye"""""""")->second, 456);  }    TEST(ImmortalTest, ListInit) {      static const Immortal<Map> m = {{{""""""""hello"""""""", 123}, {""""""""bye"""""""", 456}}};      ASSERT_EQ(m->find(""""""""bye"""""""")->second, 456);  }    TEST(ImmortalTest, EmptyBrace) {      static const Immortal<Map> empty{};      ASSERT_TRUE(empty->empty());  }  {code}    {{x}} is convertible to an {{Indestructible&}}, and can sometimes be passed directly.   We can also make the cast without naming the type with {{*x}} and {{x.value()}}.    {{Immortal}} forwards (via placement {{new}}) its constructor arguments to {{T(args...)}}. This performs a placement new onto a {{std::aligned_buffer_t}}, so there is no allocation as there would be with the traditional approach, and there is no destructor call.    Having a common idiom and place to hang documentation will be useful in cutting down on the very common misuses and bugs we have regarding init order and shutdown order.    Importantly, it becomes a """"""""greppable"""""""" and auditable best practice to identify and contain such objects, which are often suspects in startup and shutdown problems, or need to be called out in refactorings to reduce shared global state.""""""",6,N,
FAB-61,FAB,Epic,"""Standardize logging ""","""""""Story: Developers need the ability to understand what is being returned from the code and what is happening when something goes wrong, in a standardized fashion; so that they can go to consolidated location(s) to find messages and error logs. This information needs to be uniform in nature based on industry standards and best practices.    Description:  * Standardized when to use certain errors such as a PANIC.   * Centralize where these errors and messages will be logged and output.""""""",10,D,
TIMOB-5427,TIMOB,New Feature,"""allow preventDefault method to work on native UI elements""","""""""Currently the JS preventDefault method is not supported, and we recommend using a view under a view, and set touchEnabled to false on the top view, and deal with the click on the underlying elements.    for instance, a click event listener on an alert dialog cant do this:    """"""",4,N,
DNN-6664,DNN,Bug,"""Redirect after login""","""""""Redirect after login is buggered again, just does not redirect.  It's set up in site settings to point to a page with View permissions for registered users. Does nothing.  Tested in Chrome.  I'm sure you know the real steps ;)    Not a trivial issue...  Thanks..""""""",7,N,
DNN-6527,DNN,Bug,"""Zero follows BannedPasswords and ProfanityFilter for Admin - Lists""","""""""Issue description:  Zero follows BannedPasswords and ProfanityFilter for Admin - Lists    Steps:  1, As Host, go to Admin - Lists and check the labels    Actual results:  There is number zero following the labels    Expected results:  There should be no minus sign and zero following the labels""""""",3,N,
JRASERVER-22315,JRASERVER,Bug,"""Login Header Not Fitting 100% of the Screen""","""""""{panel:bgColor=#e7f4fa}   *NOTE:* This bug report is for *JIRA Server*. Using *JIRA Cloud*? [See the corresponding bug report|http://jira.atlassian.com/browse/JRACLOUD-22315].   {panel}  See the attached screenshot of the problem. Essentially the login bar does not fill up 100% of the screen after adding the columns. It looks like the Login bar is fitted for 100% of the origional screen size. So if you make the browser box smaller the problem will appear. On a large screen will not appear because the bar is configured to fill 100% of that screen already. The exact steps as follows:    1. Click the """"""""view"""""""" button to search issues in the issue navigator screen.    2. Select the """"""""configure columns"""""""", and then click it to enter issue   configure columns screen.    3. Select the new columns(for example: Description, Project, and so on),   and then click the """"""""add"""""""" button to add them.    4. Click the """"""""issue"""""""" icon on menu bar to return to the issue navigator   screen.    5. Move the scrollbar from left to right, and then you will see this   problem in the top right corner of screen.    By the way, we have not use the proxy server to access the website.    Attached please find the XML backup for this problem.""""""",5,N,
MESOS-6772,MESOS,Bug,"""Stop building `mesos-agent` twice.""",,4,N,
DM-19158,DM,Story,"""Add Log output to Toolsmod Cpp file""","""""""Currently toolsmod.cpp file doesn't have log output and hard to debug. It should have a separate log file.""""""",8,N,
JRASERVER-25759,JRASERVER,Suggestion,"""Wider and more friendly """"Issue Search"""" screen""","""""""{panel:bgColor=#e7f4fa}   *NOTE:* This suggestion is for *JIRA Server*. Using *JIRA Cloud*? [See the corresponding suggestion|http://jira.atlassian.com/browse/JRACLOUD-25759].   {panel}  The """"""""Issue Search"""""""" screen is too long.  It could be wider or better if the user can create his own search template (or atleast give sample template) with more advanced operations of AND, OR, NOT....""""""",10,N,
FAB-990,FAB,Bug,"""pbft will drop tx messages when tx load is high""","""""""Some tx messages will get dropped when tx load is high and CPU resources are fully occupied. the result is serious since you don't get noticed that your message was never processed.    this is because broadcaster queue is too small (currently hard coded to 10), should be a quick and easy fix though, ideally should be a config param.    func newBroadcaster(self uint64, N int, f int, broadcastTimeout time.Duration, c communicator) *broadcaster {   queueSize := *{color:red}10{color}* // XXX increase after testing      I also wonder if it is better to just block the thread instead of discarding messages when channel is full    """"""",6,N,
TIMOB-927,TIMOB,Bug,"""Socket documentation""","""""""{html}<div><p>Sockets and Bonjour still need documentation. Should be done after <a href=""""""""/projects/32238/tickets/928"""""""" title= """"""""Ticket #928"""""""">#928</a> despite the ticket numbers.</p></div>{html}""""""",7,N,
FAB-3037,FAB,Task,"""event listener readme documentation for v1.0""","""""""The fabric/examples/event/block-listener/README seems to compile in v1.0, but the README was not updated from v0.6 to v1.0.     It should describe how it was implemented and how it can be used. Describe the available types or classes of events (could one monitor all failures on a channel? without knowing each transaction?), and when and where they are raised (orderer? peer? which components?). Does fabric guarantee an event for every proposal received? every proposal not Nacked? every acknowledged transaction? every transaction delivered to peer?    And we could use an overview description somewhere in the project documentation fabric/docs/source/.    If we don't know, or if these operational capabilities are not available, then we can create other jira issues to add them.""""""",6,N,
SERVER-12191,SERVER,Bug,"""CanonicalQuery::canonicalize() rejects $elemMatch for DBRefs""","""""""I encountered this on a 2.5.5 nightly, but I imagine the change was introduced somewhere in the 2.5.x branch.    I don't believe there is a case where {{$elemMatch}} would have another operator as its immediate child, so perhaps this is just due to how the canonicalizer walks the query object. I noticed that it does not error out for the following queries:  """"""",3,N,
DM-25476,DM,Story,"""Remove misleading dax_imgserv ups directory""","""""""I believe the {{ups}} directory in {{dax_imgserv}} is actually unused, as the package is installed using {{pip}} and {{setup.py}} rather than {{eups}}.  The real dependencies appear to be in {{requirements.txt}} and the {{Dockerfile}}.    The presence of this misleading information is confusing automatic dependency tooling for the product tree.  Accordingly, it would help if it were removed.  Other unused files (like {{SConstruct}}?) could be removed at the same time.""""""",3,N,
CONFSERVER-45557,CONFSERVER,Bug,"""Update jdbc.postgresql.driver.version to 9.4.1212""","""""""The jdbc.postgresql.driver.version has a newer version 9.4.1212. """"""",6,N,
SERVER-30027,SERVER,Bug,"""Running hang analyzer on mongobridge produces errors""","""""""""""""",1,N,
SERVER-36136,SERVER,Task,"""Stop running the jstestfuzz* tasks on the Enterprise Ubuntu 18.04 (System clang 6.0 C++17 libc++ DEBUG) builder""","""""""The fuzzer is known to trigger {{verify()}} failures which are process-fatal on {{\-\-dbg=on}} builds.""""""",1,N,
FAB-8082,FAB,Bug,"""PTE does not execute if nRequest is 0""","""""""PTE will not execute when nRequest is 0.""""""",2,N,
DM-9251,DM,Story,"""Rebase pybind11 branch onto latest master""",,4,N,
NEXUS-552,NEXUS,Sub-task,"""Implement the changes in components server side""",,1,N,
FAB-2809,FAB,Epic,"""Chaincode pagination of query results""","""""""Currently, couchdb queries are limited to configurable max number of results/docs, based on peer queryLimit config option (default 10000).  The shim/peer support pagination but CouchDB query interators do not.    Users often want to add pagination to couchdb queries, since it is not viable to retrieve large numbers of documents from couchdb in a single request.  However, allowing user controlled pagination has risk since users could pass large values for the limit (causing large payloads from couchdb to peer) or could pass large values for skip (causing couchdb to do a large amount of work to iterate through results). Both could add stress to the environment and a malicious user could use this as part of a denial of service attack.  Fabric 1.0 therefore does not support user provided values of limit and skip.    As a workaround in current releases, queryLimit can be set to the preferred page size.  Then the client can drive the paging by doing subsequent queries, as follows:  For range queries, the start key of the next query would be the last key of the prior result set (disregard the first item that comes back).  For rich JSON queries, sort on some field and use that field in the subsequent query filter criteria.     It would be preferable for client to be able to specify the page size however, and have more implicit handling of paging.  This task will add safe implicit pagination to CouchDB query iterators using the favored couchdb range query limit/startkey pagination approach described here  [http://docs.couchdb.org/en/2.0.0/couchapp/views/pagination.html#paging-alternate-method.]   A reasonable limit from the peer config will be utilized (e.g. default of 1000). Chaincode will be able to iterate through as many results as desired, with the implicit pagination retrieving the next set of rows as needed.  This approach enforces safe pagination, and abstracts pagination away from the chaincode, so that the chaincode author and client authors do not have to think about it.  It will also allow for raising the max queryLimit to a much larger value, for example a total limit default of 1000000 may be put in place, that is, implicitly allow up to 1000 queries of 1000 documents each, by default.  A user or chaincode provided limit will be honored if it is smaller than the peer-configured limit (default 1000).  This will enable applications to do their own paging logic if they still desire to manage it on their own. For example they could have the chaincode implement the limit/startkey paging approach for 100 documents at a time, while the fabric will still protect against large limit and large skip values.         *Implemention approach will actually be different for range queries (all_docs api) versus rich/selector queries (_find api):*   1. startkey/limit approach for range queries - #3 below   2. storing all the docids in iterator(in-memory) for rich(selector) queries - #2 below    Implemented only for current query support which is mango query and range query. Map-Reduce view couchdb queries are not yet supported by Fabric.         +*ANALYSIS OF OPTIONS*+    *Alternate options considered (vs cost):*   Issue: Shim fetches results in batches (of 100) and returns them to chaincode/caller. On the peer, the handler, maintains a QueryIterator for each txid (query uuid) which is used to fetch Next set of results from ledger. For Couch internally, all queries limit to N results and do no paging.    Proposal: Statedbcouch should fetch results in batches from Couch and return them to handler. Every call to statedb.ResultsIterator.Next() will not translate to couchdb call. The size of the batch could be different from one used by shim (but is best if both match).    Revert the shim batch size to 100 (this should not be configurable).   Retain the config parameter for system-wide couch(or all dbs?) query limits, this will throttle queries that hit couch but it will remain as overall limit on any couch query/view and can be a large number ~1million (ideally this should be on couchdb side, but since it's not...maybe it doesnt matter to couch....so we do away with it?)   _   *Approach 1: Use Skip and Limit_*   For Mango queries:   Record the querystring/indexname in Query Iterator. manipulate skip and limit and repeat the request (_find or view) everytime statecouchdb is invoked.   Downside: This is costly as skip is performed on resultset after the query is executed. Every time we skip S and limit to next L results, we will be re-executing the full query (on upto S+L records)   For Range queries: Without storing new startkey for Next() call, run the same query with skip and limit. Only skip and limit count is stored.    *_Approach 2: Cache the keys (or results) of all documents matching Query_*   On a call to query   Perform the query/view as is   For mango queries   Store the """"""""fields"""""""" to be returned as part of QueryIterator   Store the [N:] docids returned from query into QueryIterator   For view queries   Store the [N:] (id,key,value) returned from view into QueryIterator. Since these are mostly aggregates the value should not be large (to store in memory)    On call to Next()   For mango queries   Use rich selector query with $contains operator for first N docids and select only required """"""""fields""""""""   Run the query and return results   slice the results in QueryIterator by [N:]   For map/reduce queries   Return N results from QueryIterator   slice the results in QueryIterator by [N:]    One adv of this approach is we can support RowCount() (not important as this is not exposed)   _   *Approach 3: Use startkey and startkey_docid_  and limit*   For Mango queries:   Sortkeys need not be unique. Sortkeys need not be returned in """"""""fields"""""""". For sorting, couchdb requires that """"""""There is an index already defined, with all the sort fields in the sameorder."""""""" - so we cannot add """"""""_id"""""""" to sortkeys and expect it to also sort by _id and in same direction   Even if records with same sortkeys are sorted by docid (and in same direction), this will require extensive massaging of querystring during Next() - eg., negating for all results read so far...and then skipping first few records    This can be ONLY be used for map/reduce queries and range queries   On a call to query   Store the viewname in the query iterator.    Fetch N(limit=) records, where N is the batch size of Couch.   Store last record's key as startkey and docid as startkey_docid for next invocation of Next()    On a call to Next()   Use viewname from query iterator   Add an addition constraint   Map/Reduce query -> startkey = <startkey>&startkey_docid = <startkey_docid>   Fetch N+1(limit=) records, where N is the batch size of Couch. Do not set skip. If system-wide limit is specified, then its minof(N+1,system_limit-R) where R is maintained as #records returned by iterator so far.   Store last record's key as startkey and docid as startkey_docid for next invocation of Next()    The same approach can be used for range queries where we store the last records' key as startkey for next invocation of Next() and avoid using skip.    In all cases, if we get less than limit records, we can mark the iterator as complete   On statedb.ResultsIterator.Close() (or when the shim sends COMPLETED and cleansup) all resources are released    Refer: [http://docs.couchdb.org/en/latest/couchapp/views/pagination.html]""""""",7,D,
MULE-10964,MULE,Enhancement Request,"""Add new DataHandlers for the new Metadata DateTypes ""","""""""We should also add Mule support for parsing these new Date types values.    See `ExtensionDefinitionParser#doParseDate()`""""""",5,D,
MESOS-7609,MESOS,Improvement,"""Protobuf definitions for region-aware framework capability""",,10,D,
JRASERVER-36610,JRASERVER,Bug,"""Using User's Authenticated DN to perform """"Change Password"""" in LDAP""","""""""While using an openldap backend to manage JIRA users, it sticks to use JIRA bind DN to perform the """"""""Change Password"""""""" task rather than the authenticated DN of current logined user.    For some security reasons, the JIRA bind DN is granted limited privileges (such as authenticate, and reading specified fields of a directory) just for binding purpose. Under commonly crics, the user has the write privileges to his/her """"""""userPassword"""""""" attribute in the directory. So JIRA should provide an option to use the authenticated user's DN to bind the directory while performing """"""""Change Password"""""""".""""""",8,N,
DNN-9622,DNN,Bug,"""SI: Notifications Load More Option duplicates""","""""""This problem occurs when viewing notifications     Message from client:  If I have more than 10 notifications, I get an option to ‘Load more’ notifications. However, when clicked this just appends the current 10 notifications to the end of the list, and does not fetch any new notifications. The module still hides the ‘Load more’ button at the right time (i.e I currently have 17 notifications, and the load more button hides after I have clicked once to fetch the 7 results I could not see).    I have tested on a local install and the same experience occurred for notifications however not for messages. """"""",6,N,
NEXUS-2101,NEXUS,Sub-task,"""Nexus836OOSRepoReindexTaskTest""",,9,N,
JRASERVER-15305,JRASERVER,Bug,"""When linking an issue to multiple issues and there are more than 50 possible issues to link to cannot get a listing beyond the first 50""","""""""When linking an issue to multiple issues, when you select the option to link an issue to multiple issues and there are more than 50 issues in the search results, you can't get to the next page listing either the remaining issues (if 100 or under) or the next 50 (if more than 100).    This is occurring in the Issue Selector where you can select issues from your search history or your current search.    """"""",4,N,
MULE-1606,MULE,Bug,"""Deadlock on ErrorHandler (ActiveMQ) example shutdown""","""""""Must be another quirk with AMQ 4.1.x  This error is reproduced only if you employ JMS endpoints. To do that, copy the _test-data/out/BusinessException.xml_ into _test-data/in/_ directory.  Now stop Mule (Ctrl-C). There's some shutdown deadlock in AMQ, provided. Wrapper eventually kills it after around 10 seconds because JVM didn't respond.  Also, after sending a number of BusinessException.xml messages, shutdown revealed the following stacktrace:    In this case there's no deadlock.""""""",2,N,
FAB-16353,FAB,Story,"""Remove dependency on ccprovider.ChaincodeDefinition everywhere and delete it.""",,4,N,
JRASERVER-19254,JRASERVER,Suggestion,"""update Bamboo gadgets pages when new screenshots available""","""""""http://confluence.atlassian.com/display/JIRA/Adding+the+Bamboo+Plan+Summary+Chart+Gadget  http://confluence.atlassian.com/display/JIRA/Adding+the+Bamboo+Plans+Gadget  http://confluence.atlassian.com/display/JIRA/Adding+the+Bamboo+Charts+Gadget _(N.B. Relevant reports in the Bamboo 2.3/2.4 docs have also been updated)_    ...also add configuration screenshots if applicable, e.g.:  http://confluence.atlassian.com/display/JIRA/Adding+the+Crucible+Charts+Gadget""""""",2,N,
DNN-4831,DNN,Bug,"""CreateUser Error in scheduler""","""""""Please change from PortalController.GetCurrentPortalSettings() as it comes null in scheduler to PortalSettings(portalid), you are calling it in CreateUser(ref userinfo) method    internal static void UpdateUser(int portalId, UserInfo user, bool loggedAction, bool clearCache)          {              portalId = UserController.GetEffectivePortalId(portalId);              user.PortalID = portalId;              MembershipProvider.Instance().UpdateUser(user);              if (loggedAction)              {                  EventLogController eventLogController = new EventLogController();                  eventLogController.AddLog(user, PortalController.GetCurrentPortalSettings(), UserController.GetCurrentUserInfo().UserID, """""""""""""""", EventLogController.EventLogType.USER_UPDATED);              }              if (clearCache)              {                  DataCache.ClearUserCache(portalId, user.Username);              }          }""""""",1,N,
DM-20758,DM,Story,"""Improve error message of the quantum executor""","""""""Quantum pickles from ctrl_bps have {{id=None}} in the DatasetRef, fail the condition here   [https://github.com/lsst/ctrl_mpexec/blob/w.2019.29/python/lsst/ctrl/mpexec/singleQuantumExecutor.py#L131]   butler.registry.find doesn't fix it, and then executions such as     {{pipetask -b /project/<USER>gen3repos/w_2019_20/repo/butler.yaml -i G3M19c_000001_025 -o test run -skip-init-writes --qgraph /project/<USER>bps/submit/G3M19c/000001/drp/025/input/cit/quantum017777.pickle}}    failed with a not very helpful message         The command is wrong but it would be nice to have more informative error messages. """"""",7,N,
SERVER-47471,SERVER,Task,"""Test two nodes with newlyAdded=true leaving initial sync at the same time""","""""""The removal of the 'newlyAdded' field should be correct for both nodes.""""""",5,N,
SERVER-38812,SERVER,Task,"""Merge RefCountable improvements for Futures back to common implementation""",,4,N,
SERVER-15538,SERVER,Bug,"""Authentication failing from windows client to linux server""","""""""I have a 2.6.4 client installed on windows server 64 bit. When I try to authenticate to my mongodb 2.6.4 server on linux it fails with the following error   Here are the corresponding logs on the server side   I am able to connect fine using the same syntax from other linux clients.""""""",8,N,
CONFSERVER-23425,CONFSERVER,Bug,"""XML Import fails with Oracle Constraint Violation""","""""""FAILED to import in 3.5.13 the re-exported file from 3.4.9 at customer site (see anonmyized attached export file)    -> the constraint violated is the primary key on table CONTENT (the content id!)    -----  HISTORY:  FAILED: export of V3.3.3 did not directly import into 3.5.13  SUCCESSFUL: that same export of V3.3.3 imported successfully into 3.4.9 -> where we re-exported attached anonymized file    ----  attached: log file snipplet with hibernate.sql logging enabled from direct import into 3.5.13 of file exported with V3.3.3""""""",8,N,
MULE-12684,MULE,Task,"""Make Email DW and MediaType friendly""","""""""*Make Email DW and MediaType friendly*    This implies:  * Change how Email consumes the body and attachments when sending emails, starting consuming TypedValue<> to be able to infer the MediaType of each content.  * Change how Email list emails, exposing automatically the MediaType of each body and attachments that receive.""""""",2,N,
MULE-10887,MULE,Enhancement Request,"""GrizzlyHttpClient#createGrizzlyRequest: separate RequestBuilderCreation from its actual configuration""","""""""Seaparate the creation and the configuration""""""",4,N,
FAB-8888,FAB,Sub-task,"""Verify fabric, fabric-ca docker images are published with 1.1.0 tag to hyperledger dockerhub account""","""""""Verify fabric, fabric-ca docker images are published to hyperledger docker-hub account and make sure fabric-binaries are published to nexus repository.""""""",4,N,
FAB-11727,FAB,Bug,"""TestChaincodeInvokeChaincode intermittent failures on ppc64le""","""""""Fabric UT :- github.com/hyperledger/fabric/core/chaincode fails intermittently on ppc64le node, specifically at func `{color:#333333}TestChaincodeInvokeChaincode{color}` .     I have ran {color:#333333}go test -run """"""""TestChaincodeInvokeChaincode{color} to see if this can be reproduced, however {color:#333333}go test -run """"""""TestChaincodeInvokeChaincode{color} and `*go test -v*` passes from  $GOPATH/src/github.com/hyperledger/fabric/code/chaincode .     Enclosing logs[^consoleText]""""""",6,N,
NEXUS-5208,NEXUS,Bug,"""Nexus doesn't reload configuration from filesystem if changed by hand""","""""""Sometimes it is necessary to do some configuration changes (e.g. conf/nexus.conf) by hand and Nexus doesn't reload changes from disk nor allows to reload it on demand using kind of GUI button or something. I think there should be such functionality implemented since some things need to be done by hand in filesystem-based storage of Nexus, for example recover staging repository from trash (needs nexus.conf and staging.conf changed by hand), as I report in related ticket. I you provide trash funcionality in Nexus, you should provide way for using it without restarting Nexus service.""""""",9,N,
DNN-4362,DNN,Improvement,"""Create new View vw_ProfileDataTypes""","""""""Create a new view vw_ProfileDataTypes to retrieve DataType for a profile property more easily and intuitively.    For implementation see TurboSQL script for DNN 7.2.0 (attached to DNN-3782), search for """"""""DNN-4362"""""""".""""""",2,N,
TIMOB-13452,TIMOB,Sub-task,"""Tag 3.1.0 GA on 3_1_X""",,3,N,
DM-12100,DM,Story,"""{weekly,nightly}-release jobs failing due to missing node {} block""","""""""Note that these jobs are completing all work but the overall job is failing due to the """"""""archiving"""""""" step no longer being inside of a {{node}} block due to recent refactoring of error handling.  The fix is trivial.         """"""",6,N,
NEXUS-10473,NEXUS,Bug,"""tmp files may be kept open after deletion""","""""""Tmp files seem to kept open after deletion. Maybe they are not being closed properly. There are 380 of these deleted files that kept open in this example.        """"""",6,N,
SERVER-7417,SERVER,Bug,"""Invalid access at address: 0 from thread: journal""","""""""Saving new entries on multiple python processes (via pymongo 2.3), and get the error below.  Has happened repeatedly, but not reproducibly.   Thu Oct 18 13:56:50 [initandlisten] connection accepted from 127.0.0.1:46942 #18413  (36 connections now open) Thu Oct 18 13:56:50 [conn18413] end connection 127.0.0.1:46942 (35 connections now open) Thu Oct 18 13:56:50 Invalid access at address: 0 from thread: journal  Thu Oct 18 13:56:50 Got signal: 11 (Segmentation fault).  Thu Oct 18 13:56:50 Backtrace: 0xade6e1 0x5582d9 0x558862 0x7fc0a4db1cb0 0x7fc0a411b0d0 0x583c30 0x5847f8 0x584b8c 0x6228ae 0x622c12 0xa0a30b 0xa0a70c 0xa0ae24 0x7c3659 0x7fc0a4da9e9a 0x7fc0a40bf4bd  mongod(_ZN5mongo15printStackTraceERSo+0x21) [0xade6e1]  mongod(_ZN5mongo10abruptQuitEi+0x399) [0x5582d9]  mongod(_ZN5mongo24abruptQuitWithAddrSignalEiP7siginfoPv+0x262) [0x558862]  /lib/x86_64-linux-gnu/libpthread.so.0(+0xfcb0) [0x7fc0a4db1cb0]  /lib/x86_64-linux-gnu/libc.so.6(+0x14e0d0) [0x7fc0a411b0d0]  mongod(_ZN6snappy8internal16CompressFragmentEPKcmPcPti+0x300) [0x583c30]  mongod(_ZN6snappy8CompressEPNS_6SourceEPNS_4SinkE+0x158) [0x5847f8]  mongod(_ZN6snappy11RawCompressEPKcmPcPm+0x5c) [0x584b8c]  mongod(_ZN5mongo3dur7Journal7journalERKNS0_11JSectHeaderERKNS_14AlignedBuilderE+0xae) [0x6228ae]  mongod(_ZN5mongo3dur14WRITETOJOURNALENS0_11JSectHeaderERNS_14AlignedBuilderE+0x32) [0x622c12]  mongod() [0xa0a30b]  mongod() [0xa0a70c]  mongod(_ZN5mongo3dur9durThreadEv+0x364) [0xa0ae24]  mongod() [0x7c3659]  /lib/x86_64-linux-gnu/libpthread.so.0(+0x7e9a) [0x7fc0a4da9e9a]  /lib/x86_64-linux-gnu/libc.so.6(clone+0x6d) [0x7fc0a40bf4bd]""""""",10,N,
TIMOB-4245,TIMOB,Bug,"""TextArea not firing some events (touchstart, touchend, doubletap, swipe, singletap)""","""""""TextArea does not fire some events on iOS (touchstart, touchend, doubletap, swipe, singletap)  Ex :     {code:lang=javascript|title=app.js}  var win = Titanium.UI.createWindow({ backgroundColor:'#FFF' });    win.open();    var TA = Ti.UI.createTextArea({    width:292,    height:300,    backgroundColor:'#222'  });    TA.addEventListener('touchstart', function(e) { Ti.API.info('touchstart fired'); });  TA.addEventListener('doubletap',function(e) { Ti.API.info('doubletap fired'); });  TA.addEventListener('singletap',function(e) { Ti.API.info('singletap fired'); });  TA.addEventListener('swipe',function(e) { Ti.API.info('swipe fired'); });    win.add(TA);  {code}""""""",7,N,
TIMOB-16350,TIMOB,New Feature,"""ListView: Create a longpress event for listview that return the source of the event""","""""""h3. Request    Customer is asking us to provide longpress event at the same hierarchy level as the itemclick event, they have a listView item with multiple labels and they want to be able to longpress any of this labels and call a function depending on the label pressed.    h3. Workaround    We currently have recommended to assign a longpress event listener to each label in the item template in order to be able to retrieve the source of the event, customer have commented they have a large number of components in my template that need to detect and they will prefer to have a single event listener.        h3. Current Behavior    If we assign a longpress event from a view inside a item template in a listView this will return the information of the row (section and index) but no the one of the label being pressed.        JS controller      Console log on longpress      When calling the longpress event from a view outside the template this will return the information regarding the label calling the event.        JS controller      Console log on longpress  """"""",10,N,
DM-9045,DM,Story,"""Remove or revive bitrotted code in meas_modelfit""","""""""meas_modelfit contains a lot of code that was used for FDR-era prototyping of modelfitting and has not been used since.  Some of this is worth keeping and reviving, because it's hard-won algorithmic code we may want to use in the future, while some of it should be removed.  In many cases, the unwanted code is being kept around because it's the only way the code we want is still tested; in other cases a small, easy-to-replace fraction of it is used by the bitrotted code we want to keep or code in active use (i.e. CModel).    This ticket is for cleaning up that mess.  Roughly, that means:   - Remove the custom table/record/catalog classes.   - Remove the custom CmdLineTasks.   - Remove the Sampler and Interpreter classes.    Some of this work may be best spawned done on other tickets, which should be linked here.""""""",5,D,
MESOS-536,MESOS,Bug,"""GarbageCollectorTest.Unschedule is flaky""","""""""[ RUN      ] GarbageCollectorTest.Unschedule Using temporary directory '/tmp/GarbageCollectorTest_Unschedule_sxqxqD' I0702 20:06:21.927175  5486 gc.cpp:84] Unscheduling 'bogus' for removal I0702 20:06:21.927472  5483 gc.cpp:56] Scheduling 'file1' for removal I0702 20:06:21.933686  5483 gc.cpp:56] Scheduling 'file2' for removal I0702 20:06:21.933773  5483 gc.cpp:56] Scheduling 'file3' for removal I0702 20:06:21.933874  5483 gc.cpp:84] Unscheduling 'file2' for removal tests/gc_tests.cpp:178: Failure Failed to wait 10secs for gc.unschedule(file2) [  FAILED  ] GarbageCollectorTest.Unschedule (14 ms) """"""",3,N,
CONFSERVER-12726,CONFSERVER,Suggestion,"""The contents of confluence home contains both temprary and permenant stuff""","""""""{panel:bgColor=#e7f4fa}   *NOTE:* This suggestion is for *Confluence Server*. Using *Confluence Cloud*? [See the corresponding suggestion|http://jira.<USER>browse/CONFCLOUD-12726].   {panel}  confluence.home contains important files that I care about want to backup and want to maintain on secure storage - namely:    confluence.cfg.xml    index    resources    And stuff that I couldn't care less about in the case of a disaster:    restore    temp    Can we not distinguish between the two types of directories so that I can keep them on separate file systems - and indeed keep temp on tmpfs - without needing to mount a whole new volume.    Note: The original rationale for this call is in https://support.<USER>browse/CSP-22044""""""",1,N,
NEXUS-6419,NEXUS,Improvement,"""Support version ranges in procurement""","""""""Procurement currently allows only a single wildcard ('*') for a version.    It should allow Maven style version ranges.""""""",4,N,
DM-20900,DM,Story,"""Attend the Project Community Workshop""","""""""This is the event at 8/12 - 8/16. The website is at:    [https://project.lsst.org/meetings/lsst2019/]""""""",9,N,
MESOS-3847,MESOS,Bug,"""Root tests for LinuxFilesystemIsolatorTest are broken""","""""""The refactor in [MESOS-3762] ended up exposing some differences in the {{TemporaryDirectoryTest}} classes (one in Stout, one in Mesos-proper).  The tests that broke (during tear down):   As per an offline discussion between [~<USER> and [~<USER>, the solution is to merge the two {{TemporaryDirectoryTest}} classes and to fix the tear down of {{LinuxFilesystemIsolatorTest}}.""""""",2,N,
DNN-6747,DNN,Bug,"""SI: Localization - language cookie is not set correctly in case when pages have same name across all cultures ""","""""""Currently if pages have same name across all cultures language cookie would be set incorrectly if page requested without language code in url.    Steps to reproduce:  1. On default installation add new page """"""""test""""""""  2. Add 2 languages fr-FR and ar-AE (This is important as last added language is taken in case of all pages use the same name)  3. Enable localization (in Host Settings) and localize content (make all pages translatable)  4. Mark all languages as Active, translate and publish page """"""""test"""""""", give View permission to All users   5.Go to Admin->Languages->Content Localization and select page """"""""test""""""""  6. Update page name so that page has same name and same URL on all languages  7. Verify values in Tabs table - tab name and tab path values should be the same in all cultures  8. Verify in UI - page url in menu should be the same in all cultures  9. Now set browser preferred language to fr-FR (use IE as browser language detection in DNN 7.4.0 works properly in IE all the time)  10. Type url to the test page omitting language: 740.dnndev.me/test    Expected result: Request should be redirected to the page in preferred culture, which is fr-FR in this case. If preferred culture is not installed then default culture.  Actual result: Request is redirected to the different culture - ar-AE (cookie """"""""language"""""""" is set to """"""""ar-AE"""""""").  """"""",6,N,
NEXUS-93,NEXUS,Bug,"""If a task gets into a broken state, it is viewable in list, but cant be edited, or deleted""","""""""When i create a snapshot remover task, and it fails for some reason, the task is properly marked as broken.  However, i cant edit or delete that task, the rest api returns the following    404 There is no task with ID=0    (i.e. the task cant be reached)""""""",6,N,
DM-9021,DM,Story,"""Add LTD Dasher interaction into LTD Keeper""","""""""LTD Dasher is a service to create static version and build dashboards for LSST the Docs products. The dashboards are regenerated with each new build upload and edition update.    - Add POST calls to a LTD Dasher microservice in the Kubernetes cluster from the build upload and edition update API endpoints.  - Add a new Keeper API endpoint to manually trigger dashboard uploads for one or more products.  - Add configuration to LTD Keeper so that it can discover the IP for the dasher microservice.""""""",2,N,
FAB-10388,FAB,Task,"""Publish all platform binaries to nexus repository""","""""""Publish all platforms (s390x, darwin, windows, ppc64le, amd64) binaries to nexus2 repository.    These binaries should be compatible to pull them in all the platforms to test. Publish these images to [https://nexus.hyperledger.org/content/repositories/releases/org/hyperledger/fabric/hyperledger-fabric-stable/]    Binary tag ex: [hyperledger-fabric-stable-linux-amd64-stable-1905ec5.tar.gz|https://nexus.hyperledger.org/content/repositories/releases/org/hyperledger/fabric/hyperledger-fabric-stable/linux-amd64-stable-1905ec5/hyperledger-fabric-stable-linux-amd64-stable-1905ec5.tar.gz]""""""",3,N,
SERVER-6613,SERVER,Bug,"""using $elemMatch projection with $all gives unexpected results""","""""""When using $all, it results in x not appearing in the results    May be better to uassert instead.""""""",2,N,
DM-24935,DM,Story,"""Add support for DataFrame and Table in ScienceSourceSelectorTask and ReferenceSourceSelectorTask""","""""""As of DM-24062, HSC calexp sources (at least) can be consolidated into visit level {{sourceTable_visit}} parquet tables.  While reading this in is extremely fast relative to reading in the individual source catalogs (especially when not reading the full width) [about 95-98% faster in some testing], these full catalogs are {{DataFrame}} objects and cannot be used with our source selectors.    It should be relatively easy to add {{DataFrame}} support to {{ScienceSourceSelectorTask}} and {{ReferenceSourceSelectorTask}} which I believe are the most common down-stream source selectors used for science analysis (and, for example, in {{fgcmcal}} which will be one of the first consumers of {{sourceTable_visit}}, DM-24319.""""""",4,N,
MULE-10787,MULE,Bug,"""NPE on function call with null value""","""""""This script      Throws this exception  """"""",3,N,
SERVER-34889,SERVER,Bug,"""Improve BSONObj lifetime management in Free Monitoring""","""""""Some of the BSONObjs that are consumed by Free Monitoring's op log observer are unowned, and need a call to {{getOwned()}}.""""""",5,N,
SERVER-23010,SERVER,Bug,"""Committed Snapshot Meaning Incorrect""","""""""Currently with the changes for the SERVER-22276 (and SERVER-22495) the committed snapshot is not correctly being updated based on the replica set config and journal write concern flag.    Rules to apply to correct the problem:    The meaning of the snapshot depends on the replica set config (“writeConcernMajorityJournalDefault”) which indicates if it is tied to the durable or applied optime.    Notable Exceptions (when both aren't true or false)  # Applied Snapshot OpTime, with J:True  ** Wait for snapshot for writeOpTime (Applied)  ** Wait for replication of durableOpTime >= writeOpTime (new code)  # Durable Snapshot OpTime, with J:False  ** Do not wait for snapshot, and you cannot read your own write  ** Wait for replication of majority optime (applied = normal)  """"""",7,N,
CONFSERVER-16073,CONFSERVER,Bug,"""{contentbylabel} macro does not filter results based on comments""","""""""Use wiki-markup as:    No results are fetched.  Using:    works fine.  Referring to macro parameters documented [here|http://confluence.<USER>display/DOC/Content+by+Label+Macro#ContentbyLabelMacro-Parameters].  """"""",5,N,
JRASERVER-9492,JRASERVER,Bug,"""JIRA data restore on Jetty fails""","""""""When restoring a JIRA backup using the Jetty appserver, JIRA either freezes or throws an error.    Anton's comment:    bq. At the momnet importing the data from XML does not work with inline-jdbc. The reason is that to speed thinsg up the import code disables local transaction handling and assumes that all connections have setAutoCommit enabled. The problem is that inline-jdbc puts connections into transactional mode.""""""",5,N,
MESOS-4668,MESOS,Bug,"""Agent's /state endpoint does not include full reservation information""",,1,N,
DNN-6529,DNN,Bug,"""Mobile - host/admin can access to add module to a page they have created on mobile devices""","""""""steps:    1. As host on a Desktop create a page and add a module to the page (on Cloud env)  2. Logout as host  3. Using mobile device (ie. androd phone) browse to Cloud (chrome)   4. Login as Host  5. On home page notice no access to module on top. Now click on Menu and click on the page you have created    Expected result:    Host should not be able to access to add module to page.    Actual result:    Host can select Add module and of course it will not be operational.""""""",1,N,
FAB-2324,FAB,Sub-task,"""Add default reader/writer/admin policies to orderer genesis""",,3,N,
MESOS-6969,MESOS,Bug,"""Use clipboard.js for copy/paste webui functionality""","""""""XSS Vulnerabilities exist for zeroclipboard: https://www.cvedetails.com/cve/CVE-2014-1869/  This patch listed below replaces this library with the pure js library clipboard.js: https://clipboardjs.com/ which also removes the webui flash dependency to support clipboard functions. """"""",3,N,