issue_key,project,source,label,prob_design_ensemble,logit_p,pred_design,era,era_basis,audit_rank,sampling_weight,creation_date,resolution_date
CONFSERVER-60420,CONFSERVER,manual_curated,0,0.0064164,-5.042460992646375,0,late,creation,,,2020-10-23 03:08:29,
CONFSERVER-60419,CONFSERVER,manual_curated,1,0.4994458,-0.00221680090781774,0,late,creation,,,2020-10-22 17:02:32,
CONFSERVER-60418,CONFSERVER,manual_curated,0,0.0097126,-4.624571192378109,0,late,creation,,,2020-10-22 16:45:33,
CONFSERVER-60417,CONFSERVER,manual_curated,0,0.0057918,-5.145503517363529,0,late,creation,,,2020-10-22 13:04:49,
CONFSERVER-60415,CONFSERVER,manual_curated,1,0.9821788,4.009384609330703,1,late,creation,,,2020-10-21 21:17:41,
CONFSERVER-60414,CONFSERVER,manual_curated,0,0.0041411999999999,-5.482619879556628,0,late,creation,,,2020-10-21 17:01:57,
CONFSERVER-60413,CONFSERVER,manual_curated,0,0.0043872,-5.4246672165938365,0,late,creation,,,2020-10-21 08:55:09,
CONFSERVER-60412,CONFSERVER,manual_curated,1,0.9569464,3.101301530454117,1,late,creation,,,2020-10-21 00:39:46,
CONFSERVER-60410,CONFSERVER,manual_curated,1,0.0149036,-4.191136709897137,0,late,creation,,,2020-10-20 20:17:06,
CONFSERVER-60407,CONFSERVER,manual_curated,0,0.0417302,-3.133904279406464,0,late,creation,,,2020-10-20 01:41:57,
CONFSERVER-60406,CONFSERVER,manual_curated,0,0.014338,-4.230400141214241,0,late,creation,,,2020-10-19 19:44:13,
CONFSERVER-60405,CONFSERVER,manual_curated,0,0.0295582,-3.4913902305955893,0,late,creation,,,2020-10-19 15:17:47,
CONFSERVER-60399,CONFSERVER,manual_curated,0,0.0055968,-5.1799477523700945,0,late,creation,,,2020-10-16 16:25:56,
CONFSERVER-60398,CONFSERVER,manual_curated,0,0.7288816,0.988955678716387,1,late,creation,,,2020-10-16 15:00:14,
CONFSERVER-60397,CONFSERVER,manual_curated,0,0.9843338,4.140459541805587,1,late,creation,,,2020-10-16 07:53:22,
CONFSERVER-60395,CONFSERVER,manual_curated,0,0.0255874,-3.6397347850850195,0,late,creation,,,2020-10-15 15:10:38,
CONFSERVER-60394,CONFSERVER,manual_curated,0,0.0041386,-5.4832505248793195,0,late,creation,,,2020-10-15 11:58:46,
CONFSERVER-60393,CONFSERVER,manual_curated,0,0.0258733999999999,-3.628325860737227,0,late,creation,,,2020-10-15 07:27:39,
CONFSERVER-60392,CONFSERVER,manual_curated,0,0.0072765999999999,-4.915788355246332,0,late,creation,,,2020-10-15 04:02:44,
CONFSERVER-60391,CONFSERVER,manual_curated,0,0.0042417999999999,-5.458516749567505,0,late,creation,,,2020-10-14 22:57:21,
CONFSERVER-60390,CONFSERVER,manual_curated,0,0.0046774,-5.3603245057199835,0,late,creation,,,2020-10-14 09:56:57,
CONFSERVER-60389,CONFSERVER,manual_curated,1,0.9743678,3.6379394768305167,1,late,creation,,,2020-10-13 19:08:03,
CONFSERVER-60388,CONFSERVER,manual_curated,0,0.037028,-3.2583499523656747,0,late,creation,,,2020-10-13 14:44:14,
CONFSERVER-60386,CONFSERVER,manual_curated,0,0.0052524,-5.243803921634916,0,late,creation,,,2020-10-13 02:09:44,
CONFSERVER-60383,CONFSERVER,manual_curated,0,0.003859,-5.553480731274619,0,late,creation,,,2020-10-13 01:27:14,
CONFSERVER-60382,CONFSERVER,manual_curated,0,0.005956,-5.1173823564486804,0,late,creation,,,2020-10-12 21:34:56,
CONFSERVER-60381,CONFSERVER,manual_curated,0,0.1509234,-1.7273769826998595,0,late,creation,,,2020-10-12 14:18:50,
CONFSERVER-60380,CONFSERVER,manual_curated,0,0.005162,-5.26125580853617,0,late,resolution,,,2020-10-12 12:00:24,2020-10-12 23:28:07
CONFSERVER-60379,CONFSERVER,manual_curated,0,0.0037624,-5.578928731703232,0,late,creation,,,2020-10-12 07:28:12,
CONFSERVER-60377,CONFSERVER,manual_curated,0,0.008265,-4.787426203227641,0,late,creation,,,2020-10-09 18:36:37,
CONFSERVER-60376,CONFSERVER,manual_curated,0,0.295737,-0.8676813200915878,0,late,creation,,,2020-10-09 11:32:48,
CONFSERVER-60375,CONFSERVER,manual_curated,0,0.0137145999999999,-4.275484806235449,0,late,creation,,,2020-10-08 00:22:09,
CONFSERVER-60374,CONFSERVER,manual_curated,0,0.0062416,-5.0702575589927505,0,late,resolution,,,2020-10-07 14:41:10,2020-10-08 03:06:36
CONFSERVER-60372,CONFSERVER,manual_curated,0,0.0051062,-5.272180510137238,0,late,creation,,,2020-10-07 10:48:06,
CONFSERVER-60370,CONFSERVER,manual_curated,1,0.952002,2.9874077922563504,1,late,creation,,,2020-10-06 14:33:00,
CONFSERVER-60369,CONFSERVER,manual_curated,0,0.0055054,-5.196505239663011,0,late,creation,,,2020-10-06 01:49:12,
CONFSERVER-60367,CONFSERVER,manual_curated,0,0.1811754,-1.508404274499568,0,late,creation,,,2020-10-05 23:45:03,
CONFSERVER-60366,CONFSERVER,manual_curated,1,0.9758536,3.6991772744981533,1,late,creation,,,2020-10-05 20:17:30,
CONFSERVER-60365,CONFSERVER,manual_curated,0,0.0068662,-4.974254574517627,0,late,creation,,,2020-10-05 06:00:00,
CONFSERVER-60364,CONFSERVER,manual_curated,0,0.0046318,-5.370167157512558,0,late,creation,,,2020-10-02 09:38:30,
CONFSERVER-60363,CONFSERVER,manual_curated,0,0.0030434,-5.791731926918702,0,late,creation,,,2020-10-02 09:27:20,
CONFSERVER-60362,CONFSERVER,manual_curated,0,0.002764,-5.8883085461753835,0,late,creation,,,2020-10-02 06:59:38,
CONFSERVER-60360,CONFSERVER,manual_curated,0,0.0051091999999999,-5.271590146205575,0,late,creation,,,2020-10-01 23:55:47,
CONFSERVER-60359,CONFSERVER,manual_curated,1,0.4097086,-0.36517013797570724,0,late,creation,,,2020-10-01 21:27:59,
CONFSERVER-60357,CONFSERVER,manual_curated,0,0.0049796,-5.297413672935488,0,late,creation,,,2020-10-01 14:55:01,
CONFSERVER-60356,CONFSERVER,manual_curated,0,0.0483607999999999,-2.979496403152311,0,late,creation,,,2020-10-01 14:17:11,
CONFSERVER-60349,CONFSERVER,manual_curated,0,0.0033996,-5.680692109569529,0,late,creation,,,2020-10-01 02:54:31,
CONFSERVER-60348,CONFSERVER,manual_curated,0,0.003263,-5.721839926177468,0,late,creation,,,2020-09-30 21:21:51,
CONFSERVER-60347,CONFSERVER,manual_curated,0,0.0059055999999999,-5.125931118672559,0,late,creation,,,2020-09-30 13:54:14,
CONFSERVER-60346,CONFSERVER,manual_curated,0,0.5625612,0.25156311786182006,1,late,creation,,,2020-09-30 12:50:12,
CONFSERVER-60345,CONFSERVER,manual_curated,0,0.030777,-3.449727061799204,0,late,creation,,,2020-09-30 09:47:34,
CONFSERVER-60344,CONFSERVER,manual_curated,0,0.0071956,-4.927063937683933,0,late,creation,,,2020-09-30 01:53:28,
CONFSERVER-60396,CONFSERVER,manual_curated,0,0.0067046,-4.998234244201015,0,late,creation,,,2020-09-29 18:45:03,
CONFSERVER-60343,CONFSERVER,manual_curated,0,0.0128132,-4.344383392358422,0,late,creation,,,2020-09-29 14:28:31,
CONFSERVER-60342,CONFSERVER,manual_curated,0,0.0037714,-5.576530464010959,0,late,creation,,,2020-09-29 08:10:47,
CONFSERVER-60340,CONFSERVER,manual_curated,0,0.1873916,-1.46704877579585,0,late,creation,,,2020-09-29 06:18:05,
CONFSERVER-60339,CONFSERVER,manual_curated,0,0.0070712,-4.944628762796473,0,late,resolution,,,2020-09-29 00:35:58,2020-09-29 01:00:45
CONFSERVER-60338,CONFSERVER,manual_curated,0,0.0077444,-4.853010733853353,0,late,creation,,,2020-09-28 06:57:54,
CONFSERVER-60337,CONFSERVER,manual_curated,0,0.0046284,-5.370904898753664,0,late,resolution,,,2020-09-28 06:27:11,2020-10-13 05:09:38
CONFSERVER-60334,CONFSERVER,manual_curated,0,0.0040198,-5.512495227719412,0,late,resolution,,,2020-09-25 22:33:01,2020-10-12 03:39:58
CONFSERVER-60333,CONFSERVER,manual_curated,1,0.6601606,0.6640099856778131,1,late,creation,,,2020-09-25 20:58:01,
CONFSERVER-60332,CONFSERVER,manual_curated,0,0.0045661999999999,-5.384497272883275,0,late,creation,,,2020-09-25 14:20:58,
CONFSERVER-60331,CONFSERVER,manual_curated,0,0.2336185999999999,-1.1879900859791046,0,late,creation,,,2020-09-25 08:59:58,
CONFSERVER-60330,CONFSERVER,manual_curated,1,0.5418904,0.1679553101732568,1,late,creation,,,2020-09-24 22:20:57,
CONFSERVER-60329,CONFSERVER,manual_curated,0,0.0043631999999999,-5.430176799336768,0,late,resolution,,,2020-09-24 18:09:55,2020-09-28 06:57:51
CONFSERVER-60328,CONFSERVER,manual_curated,0,0.0038374,-5.559115443330462,0,late,creation,,,2020-09-24 16:58:33,
CONFSERVER-60327,CONFSERVER,manual_curated,0,0.004325,-5.43900875873074,0,late,creation,,,2020-09-24 14:57:35,
CONFSERVER-60326,CONFSERVER,manual_curated,1,0.5730302,0.29422513565485153,1,late,creation,,,2020-09-24 11:24:37,
CONFSERVER-60321,CONFSERVER,manual_curated,0,0.0869482,-2.3514800759871943,0,late,creation,,,2020-09-23 23:50:11,
CONFSERVER-60319,CONFSERVER,manual_curated,0,0.0043273999999999,-5.43845158891542,0,late,creation,,,2020-09-23 19:48:57,
CONFSERVER-60318,CONFSERVER,manual_curated,0,0.0043592,-5.431097995680394,0,late,creation,,,2020-09-23 15:22:53,
CONFSERVER-60317,CONFSERVER,manual_curated,0,0.0041394,-5.4830564381519675,0,late,creation,,,2020-09-23 09:33:21,
CONFSERVER-60316,CONFSERVER,manual_curated,0,0.0060008,-5.109843608153987,0,late,creation,,,2020-09-23 07:17:06,
CONFSERVER-60315,CONFSERVER,manual_curated,0,0.0088494,-4.718516830382075,0,late,resolution,,,2020-09-23 04:39:53,2020-09-24 01:53:50
CONFSERVER-60311,CONFSERVER,manual_curated,0,0.0062077999999999,-5.075721564608623,0,late,creation,,,2020-09-22 15:34:20,
CONFSERVER-60310,CONFSERVER,manual_curated,0,0.0343564,-3.3360065034013897,0,late,creation,,,2020-09-22 13:19:45,
CONFSERVER-60309,CONFSERVER,manual_curated,0,0.0562632,-2.819806633489171,0,late,creation,,,2020-09-22 13:17:18,
CONFSERVER-60308,CONFSERVER,manual_curated,0,0.0076566,-4.8645011957510755,0,late,creation,,,2020-09-22 12:52:27,
CONFSERVER-60307,CONFSERVER,manual_curated,0,0.065699,-2.654714951443786,0,late,creation,,,2020-09-22 07:03:09,
CONFSERVER-60305,CONFSERVER,manual_curated,0,0.9113522,2.330258215151825,1,late,creation,,,2020-09-21 19:59:13,
CONFSERVER-60304,CONFSERVER,manual_curated,0,0.0032462,-5.727018717155633,0,late,creation,,,2020-09-21 19:14:09,
CONFSERVER-60303,CONFSERVER,manual_curated,0,0.0079459999999999,-4.827108883894792,0,late,resolution,,,2020-09-21 13:43:24,2020-09-28 05:35:37
CONFSERVER-60302,CONFSERVER,manual_curated,0,0.020625,-3.8604106808895406,0,late,creation,,,2020-09-21 10:30:08,
CONFSERVER-60301,CONFSERVER,manual_curated,0,0.0036764,-5.602138091912729,0,late,creation,,,2020-09-21 09:27:04,
CONFSERVER-60314,CONFSERVER,manual_curated,0,0.0166906,-4.076078134688476,0,late,creation,,,2020-09-21 07:10:46,
CONFSERVER-60300,CONFSERVER,manual_curated,1,0.942884,2.803858975833955,1,late,creation,,,2020-09-18 22:49:54,
CONFSERVER-60299,CONFSERVER,manual_curated,0,0.0062462,-5.069516211019244,0,late,creation,,,2020-09-18 21:32:33,
CONFSERVER-60298,CONFSERVER,manual_curated,0,0.0131642,-4.317002638962219,0,late,creation,,,2020-09-18 18:10:51,
CONFSERVER-60297,CONFSERVER,manual_curated,0,0.0210978,-3.8372629700422713,0,late,resolution,,,2020-09-18 16:58:00,2020-09-21 00:47:05
CONFSERVER-60296,CONFSERVER,manual_curated,0,0.0052913999999999,-5.236366968803821,0,late,creation,,,2020-09-18 15:08:20,
CONFSERVER-60295,CONFSERVER,manual_curated,0,0.6069248,0.434403953246147,1,late,creation,,,2020-09-18 07:03:17,
CONFSERVER-60294,CONFSERVER,manual_curated,0,0.0035948,-5.624665645359961,0,late,creation,,,2020-09-17 19:27:24,
CONFSERVER-60290,CONFSERVER,manual_curated,0,0.0067352,-4.993649790121286,0,late,resolution,,,2020-09-17 14:30:55,2020-09-22 06:28:25
CONFSERVER-60289,CONFSERVER,manual_curated,0,0.0046918,-5.357236133803298,0,late,resolution,,,2020-09-17 14:19:15,2020-09-22 06:28:19
CONFSERVER-60288,CONFSERVER,manual_curated,1,0.791001,1.3309697647249885,1,late,creation,,,2020-09-17 10:08:32,
CONFSERVER-60287,CONFSERVER,manual_curated,0,0.0235842,-3.723311523983934,0,late,creation,,,2020-09-17 06:51:19,
CONFSERVER-60286,CONFSERVER,manual_curated,0,0.0046724,-5.361399070900698,0,late,creation,,,2020-09-17 01:01:11,
CONFSERVER-60283,CONFSERVER,manual_curated,0,0.3382806,-0.670965870419425,0,late,creation,,,2020-09-16 16:38:53,
CONFSERVER-60282,CONFSERVER,manual_curated,0,0.0037525999999999,-5.5815466872432085,0,late,creation,,,2020-09-16 16:33:41,
CONFSERVER-60281,CONFSERVER,manual_curated,0,0.0046162,-5.373556535604128,0,late,creation,,,2020-09-16 15:07:03,
CONFSERVER-60280,CONFSERVER,manual_curated,0,0.019214,-3.9327151110305345,0,late,creation,,,2020-09-16 14:13:10,
CONFSERVER-60279,CONFSERVER,manual_curated,0,0.0057212,-5.1578390766273765,0,late,creation,,,2020-09-16 08:59:26,
CONFSERVER-60277,CONFSERVER,manual_curated,0,0.0182454,-3.985428385494879,0,late,creation,,,2020-09-15 19:09:46,
CONFSERVER-60276,CONFSERVER,manual_curated,0,0.3769755999999999,-0.5024052194814911,0,late,creation,,,2020-09-15 15:55:14,
CONFSERVER-60275,CONFSERVER,manual_curated,0,0.0034674,-5.660876820048844,0,late,creation,,,2020-09-15 15:38:04,
CONFSERVER-60274,CONFSERVER,manual_curated,0,0.0068174,-4.9814363668539166,0,late,creation,,,2020-09-15 13:50:53,
CONFSERVER-60273,CONFSERVER,manual_curated,1,0.2422044,-1.140631694528032,0,late,creation,,,2020-09-15 13:12:32,
CONFSERVER-60272,CONFSERVER,manual_curated,1,0.0301312,-3.471599624853661,0,late,creation,,,2020-09-15 06:16:42,
CONFSERVER-60271,CONFSERVER,manual_curated,1,0.9239212,2.4968571413776592,1,late,creation,,,2020-09-14 17:59:46,
CONFSERVER-60270,CONFSERVER,manual_curated,0,0.339655,-0.6648320291535712,0,late,creation,,,2020-09-14 16:50:32,
CONFSERVER-60269,CONFSERVER,manual_curated,1,0.0128894,-4.33837682173687,0,late,creation,,,2020-09-14 15:38:40,
CONFSERVER-60268,CONFSERVER,manual_curated,0,0.6854372,0.778873144601998,1,late,creation,,,2020-09-14 11:46:16,
CONFSERVER-60267,CONFSERVER,manual_curated,0,0.0081234,-4.80484991863888,0,late,creation,,,2020-09-14 08:06:00,
CONFSERVER-60264,CONFSERVER,manual_curated,0,0.0074736,-4.8888768009381005,0,late,resolution,,,2020-09-14 02:58:06,2020-09-14 03:00:30
CONFSERVER-60278,CONFSERVER,manual_curated,0,0.8967441999999999,2.1615612439935203,1,late,creation,,,2020-09-13 23:24:51,
CONFSERVER-60263,CONFSERVER,manual_curated,1,0.9519412,2.986078006970382,1,late,creation,,,2020-09-11 14:43:05,
CONFSERVER-60262,CONFSERVER,manual_curated,0,0.005228,-5.24848476941008,0,late,creation,,,2020-09-11 09:05:26,
CONFSERVER-60261,CONFSERVER,manual_curated,0,0.0031248,-5.765255305459871,0,late,creation,,,2020-09-11 06:53:21,
CONFSERVER-60260,CONFSERVER,manual_curated,1,0.869048,1.8925675158012298,1,late,creation,,,2020-09-10 22:33:20,
CONFSERVER-60259,CONFSERVER,manual_curated,1,0.5779204000000001,0.31424222108478833,1,late,creation,,,2020-09-10 03:18:33,
CONFSERVER-60258,CONFSERVER,manual_curated,1,0.1689042,-1.593413380713054,0,late,creation,,,2020-09-09 22:00:02,
CONFSERVER-60257,CONFSERVER,manual_curated,0,0.0394076,-3.1935914863742223,0,late,creation,,,2020-09-09 12:21:46,
CONFSERVER-60256,CONFSERVER,manual_curated,0,0.004125,-5.486555727913886,0,late,creation,,,2020-09-09 05:57:23,
CONFSERVER-60255,CONFSERVER,manual_curated,0,0.0035456,-5.638495980314486,0,late,creation,,,2020-09-09 05:10:27,
CONFSERVER-60254,CONFSERVER,manual_curated,0,0.0052538,-5.24353600494089,0,late,creation,,,2020-09-08 16:51:23,
CONFSERVER-60253,CONFSERVER,manual_curated,0,0.0046326,-5.369993649674448,0,late,creation,,,2020-09-08 00:25:25,
CONFSERVER-60252,CONFSERVER,manual_curated,0,0.0047554,-5.343707721657123,0,late,creation,,,2020-09-07 20:01:06,
CONFSERVER-60251,CONFSERVER,manual_curated,0,0.0432442,-3.0966850661382477,0,late,resolution,,,2020-09-07 19:33:58,2020-09-28 00:29:29
CONFSERVER-60250,CONFSERVER,manual_curated,0,0.004261,-5.4539813005334254,0,late,creation,,,2020-09-07 16:14:31,
CONFSERVER-60249,CONFSERVER,manual_curated,0,0.0709828,-2.571689659002137,0,late,creation,,,2020-09-07 15:18:27,
CONFSERVER-60306,CONFSERVER,manual_curated,0,0.0036657999999999,-5.605036150916006,0,late,resolution,,,2020-09-07 13:48:56,2020-09-09 08:54:20
CONFSERVER-60248,CONFSERVER,manual_curated,1,0.3198256,-0.7545733886481382,0,late,creation,,,2020-09-07 09:34:34,
CONFSERVER-60245,CONFSERVER,manual_curated,1,0.0442834,-3.0718515365948305,0,late,creation,,,2020-09-04 15:39:34,
CONFSERVER-60244,CONFSERVER,manual_curated,0,0.1399349999999999,-1.8158299387057393,0,late,creation,,,2020-09-04 14:15:45,
CONFSERVER-60243,CONFSERVER,manual_curated,0,0.0063696,-5.049828633260461,0,late,creation,,,2020-09-04 00:53:57,
CONFSERVER-60242,CONFSERVER,manual_curated,0,0.0039051999999999,-5.541533435408739,0,late,creation,,,2020-09-03 15:55:57,
CONFSERVER-60241,CONFSERVER,manual_curated,0,0.0056729999999999,-5.16634804805519,0,late,creation,,,2020-09-03 08:30:46,
CONFSERVER-60240,CONFSERVER,manual_curated,0,0.0042791999999999,-5.449700820767222,0,late,creation,,,2020-09-02 22:07:43,
CONFSERVER-60239,CONFSERVER,manual_curated,0,0.0808684,-2.4306061691610172,0,late,creation,,,2020-09-02 16:10:30,
CONFSERVER-60238,CONFSERVER,manual_curated,0,0.0056232,-5.17521531239313,0,late,creation,,,2020-09-02 15:55:06,
CONFSERVER-60237,CONFSERVER,manual_curated,1,0.5859666,0.34731614446595793,1,late,creation,,,2020-09-02 14:23:34,
CONFSERVER-60236,CONFSERVER,manual_curated,0,0.0043554,-5.431973912060636,0,late,creation,,,2020-09-02 12:31:51,
CONFSERVER-60235,CONFSERVER,manual_curated,1,0.7674746,1.194105918078992,1,late,creation,,,2020-09-02 10:54:30,
CONFSERVER-60234,CONFSERVER,manual_curated,0,0.005736,-5.155240661656897,0,late,resolution,,,2020-09-02 08:32:21,2020-10-13 00:29:00
CONFSERVER-59803,CONFSERVER,manual_curated,1,0.1331224,-1.8736287845870832,0,late,creation,,,2020-05-07 12:46:29,
CONFSERVER-59796,CONFSERVER,manual_curated,1,0.9700832,3.4789616455001364,1,late,creation,,,2020-05-06 08:36:05,
CONFSERVER-59574,CONFSERVER,manual_curated,1,0.8610492000000001,1.8240317320136301,1,late,resolution,,,2020-03-06 01:00:06,2020-05-05 06:44:05
CONFSERVER-59482,CONFSERVER,manual_curated,1,0.9879876,4.4097306974618675,1,late,creation,,,2020-02-14 13:02:33,
CONFSERVER-59459,CONFSERVER,manual_curated,1,0.987044,4.333155616664705,1,late,creation,,,2020-02-10 16:04:02,
CONFSERVER-59319,CONFSERVER,manual_curated,1,0.9667594,3.3701776333739977,1,late,creation,,,2020-01-06 17:34:02,
CONFSERVER-59046,CONFSERVER,manual_curated,1,0.4747267999999999,-0.1011790275196384,0,late,creation,,,2019-10-24 22:14:03,
CONFSERVER-59045,CONFSERVER,manual_curated,1,0.978666,3.8258883756638653,1,late,creation,,,2019-10-24 21:19:17,
CONFSERVER-59020,CONFSERVER,manual_curated,1,0.985626,4.227855953255192,1,late,creation,,,2019-10-17 21:47:28,
CONFSERVER-59013,CONFSERVER,manual_curated,1,0.9764844,3.726294744066884,1,late,creation,,,2019-10-16 19:48:56,
CONFSERVER-58821,CONFSERVER,manual_curated,1,0.9893808,4.534415609495363,1,late,creation,,,2019-09-05 14:32:19,
CONFSERVER-58795,CONFSERVER,manual_curated,1,0.977564,3.774396951215937,1,late,creation,,,2019-08-30 23:50:06,
CONFSERVER-58718,CONFSERVER,manual_curated,1,0.9902582,4.621539811696678,1,late,creation,,,2019-08-15 14:12:15,
CONFSERVER-58708,CONFSERVER,manual_curated,1,0.9862436,4.27239921254449,1,late,creation,,,2019-08-12 17:49:44,
CONFSERVER-58551,CONFSERVER,manual_curated,1,0.9371242,2.701654472151048,1,late,creation,,,2019-07-05 18:25:29,
CONFSERVER-58317,CONFSERVER,manual_curated,1,0.5425922,0.1707826905401133,1,late,resolution,,,2019-05-21 17:13:19,2020-05-21 00:58:04
CONFSERVER-58292,CONFSERVER,manual_curated,1,0.9878480000000002,4.398035074465031,1,late,creation,,,2019-05-16 13:51:07,
CONFSERVER-58223,CONFSERVER,manual_curated,1,0.9872396,4.348566140411099,1,late,creation,,,2019-05-02 20:25:57,
CONFSERVER-58157,CONFSERVER,manual_curated,1,0.6955164,0.8260373643290279,1,late,creation,,,2019-04-12 21:18:04,
CONFSERVER-58050,CONFSERVER,manual_curated,1,0.9887048,4.4720179470380454,1,late,creation,,,2019-03-19 08:36:56,
CONFSERVER-58007,CONFSERVER,manual_curated,1,0.6255276,0.5130773516566682,1,late,creation,,,2019-03-06 17:27:48,
CONFSERVER-57928,CONFSERVER,manual_curated,1,0.9894224,4.538382780923983,1,late,creation,,,2019-02-20 08:47:23,
CONFSERVER-57873,CONFSERVER,manual_curated,1,0.7293946,0.9915532038102814,1,late,creation,,,2019-02-08 14:26:46,
CONFSERVER-57806,CONFSERVER,manual_curated,1,0.952704,3.002878531971654,1,late,creation,,,2019-01-25 18:57:08,
CONFSERVER-57530,CONFSERVER,manual_curated,1,0.9919682,4.8162823880784895,1,late,creation,,,2018-11-19 06:10:05,
CONFSERVER-57527,CONFSERVER,manual_curated,1,0.9815976,3.976700357514263,1,late,creation,,,2018-11-16 14:26:04,
CONFSERVER-57448,CONFSERVER,manual_curated,1,0.9846532,4.161382514713534,1,late,creation,,,2018-11-02 00:09:29,
CONFSERVER-56527,CONFSERVER,manual_curated,1,0.983252,4.072586597223638,1,late,creation,,,2018-09-28 14:56:12,
CONFSERVER-56488,CONFSERVER,manual_curated,1,0.929467,2.5785306181657277,1,late,creation,,,2018-09-27 08:58:07,
CONFSERVER-56473,CONFSERVER,manual_curated,1,0.9785486,3.8202805421522643,1,late,creation,,,2018-09-25 02:29:59,
CONFSERVER-56205,CONFSERVER,manual_curated,1,0.9898638,4.581454183432906,1,late,creation,,,2018-08-02 08:47:23,
CONFSERVER-56131,CONFSERVER,manual_curated,1,0.9754314,3.681410629826382,1,late,creation,,,2018-07-19 22:00:06,
CONFSERVER-56110,CONFSERVER,manual_curated,1,0.9861116,4.262715573435373,1,late,resolution,,,2018-07-16 14:27:25,2019-11-04 04:53:26
CONFSERVER-56064,CONFSERVER,manual_curated,1,0.7296524000000001,0.9928597179491783,1,late,creation,,,2018-07-09 01:18:55,
CONFSERVER-56023,CONFSERVER,manual_curated,1,0.9814522,3.9686821279253284,1,late,creation,,,2018-06-29 15:31:18,
DM-27271,DM,manual_curated,0,0.2985988,-0.853979182225772,0,late,creation,,,2020-10-22 16:40:10,
DM-27270,DM,manual_curated,0,0.0175624,-4.024276577148521,0,late,resolution,,,2020-10-22 15:16:24,2020-10-22 16:28:46
DM-27269,DM,manual_curated,0,0.3347102,-0.6869576523956724,0,late,resolution,,,2020-10-22 14:51:07,2020-10-22 17:13:45
DM-27268,DM,manual_curated,0,0.4229027999999999,-0.3108683444526129,0,late,resolution,,,2020-10-22 02:06:10,2020-10-22 02:06:25
DM-27267,DM,manual_curated,0,0.0709088,-2.572812359758073,0,late,creation,,,2020-10-22 00:19:57,
DM-27266,DM,manual_curated,0,0.5411750000000001,0.1650738278413837,1,late,creation,,,2020-10-22 00:12:15,
DM-27265,DM,manual_curated,0,0.0311433999999999,-3.4375142685489077,0,late,resolution,,,2020-10-21 23:49:02,2020-10-22 00:14:33
DM-27264,DM,manual_curated,0,0.7495984,1.0964715674683294,1,late,creation,,,2020-10-21 23:41:11,
DM-27263,DM,manual_curated,0,0.3517911999999999,-0.6111750488940899,0,late,creation,,,2020-10-21 23:23:01,
DM-27262,DM,manual_curated,0,0.1064054,-2.127995877265075,0,late,creation,,,2020-10-21 22:16:51,
DM-27261,DM,manual_curated,0,0.4815311999999999,-0.0739088256347519,0,late,creation,,,2020-10-21 22:12:27,
DM-27257,DM,manual_curated,0,0.2496838,-1.100299400354403,0,late,resolution,,,2020-10-21 17:56:10,2020-10-21 17:57:04
DM-27256,DM,manual_curated,0,0.844527,1.6923046242148485,1,late,resolution,,,2020-10-21 17:42:38,2020-10-22 00:48:52
DM-27255,DM,manual_curated,1,0.9289734,2.57102565069962,1,late,creation,,,2020-10-21 17:30:01,
DM-27254,DM,manual_curated,0,0.4327932,-0.27046394809881485,0,late,resolution,,,2020-10-21 16:41:18,2020-10-21 19:50:37
DM-27253,DM,manual_curated,0,0.9209868,2.455830776788172,1,late,creation,,,2020-10-21 14:59:52,
DM-27252,DM,manual_curated,0,0.9482072,2.907321900308346,1,late,creation,,,2020-10-21 14:44:05,
DM-27251,DM,manual_curated,0,0.6982373999999999,0.8389185440229446,1,late,creation,,,2020-10-21 14:25:05,
DM-27250,DM,manual_curated,0,0.2648051999999999,-1.0211410367788565,0,late,creation,,,2020-10-21 12:22:44,
DM-27249,DM,manual_curated,0,0.143116,-1.7896470633084232,0,late,resolution,,,2020-10-21 11:33:47,2020-10-22 14:16:15
DM-27247,DM,manual_curated,0,0.5086142,0.03446020973740266,1,late,creation,,,2020-10-21 01:31:24,
DM-27246,DM,manual_curated,0,0.0207556,-3.8539651640834944,0,late,creation,,,2020-10-21 00:07:29,
DM-27245,DM,manual_curated,0,0.6614074000000001,0.6695723741089593,1,late,creation,,,2020-10-20 23:07:24,
DM-27243,DM,manual_curated,0,0.0308354,-3.4477710826751853,0,late,resolution,,,2020-10-20 21:34:46,2020-10-22 18:06:54
DM-27241,DM,manual_curated,1,0.9537992,3.0274560531584203,1,late,creation,,,2020-10-20 18:43:21,
DM-27240,DM,manual_curated,0,0.0250784,-3.6603501396319507,0,late,creation,,,2020-10-20 18:37:47,
DM-27238,DM,manual_curated,0,0.4266379999999999,-0.2955814014010592,0,late,creation,,,2020-10-20 18:29:50,
DM-27236,DM,manual_curated,0,0.2371092,-1.1685941072641208,0,late,creation,,,2020-10-20 17:35:10,
DM-27232,DM,manual_curated,0,0.7228082,0.958434218075435,1,late,creation,,,2020-10-20 16:59:55,
DM-27231,DM,manual_curated,0,0.8690959999999999,1.8929893608439101,1,late,creation,,,2020-10-20 16:38:02,
DM-27230,DM,manual_curated,0,0.7266589999999999,0.9777372166233355,1,late,creation,,,2020-10-20 14:59:10,
DM-27229,DM,manual_curated,0,0.0804518,-2.4362242151303457,0,late,creation,,,2020-10-20 14:13:12,
DM-27228,DM,manual_curated,0,0.3999078,-0.4058492895385261,0,late,creation,,,2020-10-20 12:43:15,
DM-27226,DM,manual_curated,0,0.4097622,-0.36494851511076054,0,late,creation,,,2020-10-20 00:49:11,
DM-27225,DM,manual_curated,0,0.204623,-1.3576469544202163,0,late,creation,,,2020-10-20 00:19:51,
DM-27224,DM,manual_curated,1,0.9186434,2.4240560552945767,1,late,creation,,,2020-10-19 22:48:07,
DM-27223,DM,manual_curated,0,0.6656386000000001,0.6885244366880339,1,late,creation,,,2020-10-19 20:55:51,
DM-27222,DM,manual_curated,0,0.2000842,-1.3857681941763558,0,late,resolution,,,2020-10-19 19:16:44,2020-10-22 04:30:42
DM-27221,DM,manual_curated,0,0.8851533999999999,2.0421636384549537,1,late,creation,,,2020-10-19 18:53:46,
DM-27220,DM,manual_curated,0,0.5555816,0.22324903193242393,1,late,resolution,,,2020-10-19 18:42:32,2020-10-19 18:51:57
DM-27219,DM,manual_curated,0,0.5680628,0.27395176868330934,1,late,resolution,,,2020-10-19 18:03:34,2020-10-20 18:06:35
DM-27218,DM,manual_curated,0,0.9488986,2.921490049491431,1,late,creation,,,2020-10-19 17:10:01,
DM-27217,DM,manual_curated,1,0.6309576,0.5363271227663605,1,late,resolution,,,2020-10-19 16:39:34,2020-10-19 22:43:37
DM-27216,DM,manual_curated,0,0.5337098,0.13504405846672868,1,late,creation,,,2020-10-19 16:06:26,
DM-27215,DM,manual_curated,0,0.5991966,0.40211872518599484,1,late,creation,,,2020-10-19 16:01:26,
DM-27214,DM,manual_curated,0,0.0386262,-3.2144325004677676,0,late,creation,,,2020-10-19 15:03:56,
DM-27213,DM,manual_curated,0,0.5968374,0.3923047599679757,1,late,creation,,,2020-10-18 21:38:39,
DM-27212,DM,manual_curated,0,0.5120950000000001,0.04838943993189492,1,late,creation,,,2020-10-18 03:33:11,
DM-27211,DM,manual_curated,0,0.0143586,-4.228943530936094,0,late,resolution,,,2020-10-17 00:47:48,2020-10-19 05:00:44
DM-27210,DM,manual_curated,0,0.5285569999999999,0.11435244791561862,1,late,creation,,,2020-10-17 00:33:03,
DM-27209,DM,manual_curated,0,0.1260314,-1.936513365982758,0,late,resolution,,,2020-10-16 23:50:30,2020-10-20 00:34:47
DM-27208,DM,manual_curated,0,0.2848418,-0.9205698385300325,0,late,creation,,,2020-10-16 22:03:47,
DM-27207,DM,manual_curated,0,0.2743069999999999,-0.9728791432562668,0,late,creation,,,2020-10-16 21:33:33,
DM-27206,DM,manual_curated,0,0.4760356,-0.0959311017310306,0,late,resolution,,,2020-10-16 21:11:24,2020-10-16 21:11:43
DM-27205,DM,manual_curated,0,0.2104711999999999,-1.3220874851544184,0,late,resolution,,,2020-10-16 21:05:30,2020-10-16 21:05:44
DM-27204,DM,manual_curated,0,0.3755485999999999,-0.5084856140202421,0,late,resolution,,,2020-10-16 20:59:36,2020-10-16 21:02:50
DM-27203,DM,manual_curated,0,0.2692424,-0.9984697151280891,0,late,creation,,,2020-10-16 20:49:53,
DM-27202,DM,manual_curated,0,0.2849604,-0.9199877025295715,0,late,creation,,,2020-10-16 20:33:16,
DM-27201,DM,manual_curated,0,0.6138146,0.46337536311902894,1,late,creation,,,2020-10-16 20:25:34,
DM-27200,DM,manual_curated,0,0.5416224,0.16687578109227208,1,late,creation,,,2020-10-16 20:20:55,
DM-27199,DM,manual_curated,0,0.3876444,-0.45722473498251054,0,late,creation,,,2020-10-16 20:15:02,
DM-27198,DM,manual_curated,0,0.6043452,0.4236034439400497,1,late,resolution,,,2020-10-16 17:51:45,2020-10-20 10:08:45
DM-27197,DM,manual_curated,0,0.0451626,-3.0512717535067315,0,late,creation,,,2020-10-16 16:53:52,
DM-27196,DM,manual_curated,0,0.1359328,-1.8494898975846585,0,late,resolution,,,2020-10-16 12:13:54,2020-10-21 17:45:46
DM-27194,DM,manual_curated,0,0.0238676,-3.711076342271274,0,late,resolution,,,2020-10-16 08:55:47,2020-10-20 09:04:09
DM-27193,DM,manual_curated,0,0.1318904,-1.8843466993068307,0,late,resolution,,,2020-10-15 22:49:08,2020-10-21 20:31:56
DM-27192,DM,manual_curated,0,0.0612754,-2.729143688114654,0,late,creation,,,2020-10-15 22:30:46,
DM-27190,DM,manual_curated,0,0.8961126,2.1547584544230522,1,late,creation,,,2020-10-15 20:48:17,
DM-27189,DM,manual_curated,0,0.8912625999999999,2.1037033078886775,1,late,creation,,,2020-10-15 20:45:25,
DM-27188,DM,manual_curated,0,0.7619812,1.1635722213178379,1,late,creation,,,2020-10-15 19:05:05,
DM-27187,DM,manual_curated,0,0.2507038,-1.0948622033492241,0,late,creation,,,2020-10-15 18:25:51,
DM-27186,DM,manual_curated,0,0.073437,-2.5350541454503426,0,late,resolution,,,2020-10-15 18:15:02,2020-10-15 20:04:37
DM-27185,DM,manual_curated,0,0.0143805999999999,-4.227390199987127,0,late,creation,,,2020-10-15 14:43:42,
DM-27184,DM,manual_curated,0,0.0423496,-3.1185238084846136,0,late,resolution,,,2020-10-15 01:47:12,2020-10-15 23:22:22
DM-27183,DM,manual_curated,1,0.4747778,-0.10097450603355523,0,late,resolution,,,2020-10-14 20:31:14,2020-10-21 17:37:25
DM-27182,DM,manual_curated,0,0.3346528,-0.6872154332072878,0,late,creation,,,2020-10-14 19:38:59,
DM-27181,DM,manual_curated,0,0.3130524,-0.7858874269909204,0,late,resolution,,,2020-10-14 19:37:48,2020-10-19 16:08:15
DM-27180,DM,manual_curated,0,0.017106,-4.051072002010379,0,late,resolution,,,2020-10-14 18:18:09,2020-10-19 21:45:29
DM-27179,DM,manual_curated,0,0.8144380000000002,1.479109246815176,1,late,creation,,,2020-10-14 17:30:40,
DM-27178,DM,manual_curated,0,0.7761232,1.243215369918765,1,late,creation,,,2020-10-14 17:27:05,
DM-27177,DM,manual_curated,0,0.1172628,-2.01860996475032,0,late,creation,,,2020-10-14 17:18:01,
DM-27176,DM,manual_curated,0,0.0575086,-2.7965922927751667,0,late,resolution,,,2020-10-14 13:40:52,2020-10-21 21:38:36
DM-27175,DM,manual_curated,0,0.0562066,-2.820873098534047,0,late,creation,,,2020-10-14 01:52:56,
DM-27174,DM,manual_curated,0,0.6139691999999999,0.46402760499482076,1,late,creation,,,2020-10-14 01:49:57,
DM-27173,DM,manual_curated,0,0.2901492,-0.8946595336693479,0,late,creation,,,2020-10-14 01:46:57,
DM-27172,DM,manual_curated,0,0.2924678,-0.8834285657072518,0,late,creation,,,2020-10-14 00:53:09,
DM-27171,DM,manual_curated,1,0.3470558,-0.6320060999288791,0,late,resolution,,,2020-10-14 00:12:46,2020-10-17 21:16:39
DM-27170,DM,manual_curated,0,0.286182,-0.9140000558230368,0,late,creation,,,2020-10-14 00:02:32,
DM-27169,DM,manual_curated,0,0.3507338,-0.615815270925869,0,late,creation,,,2020-10-13 23:45:11,
DM-27168,DM,manual_curated,0,0.8505735999999999,1.739106981507545,1,late,creation,,,2020-10-13 23:33:42,
DM-27167,DM,manual_curated,0,0.8755518,1.950964751097419,1,late,creation,,,2020-10-13 23:22:57,
DM-27166,DM,manual_curated,0,0.3710376,-0.5277680723082179,0,late,creation,,,2020-10-13 22:07:18,
DM-27165,DM,manual_curated,0,0.0204974,-3.8667468429640324,0,late,creation,,,2020-10-13 21:32:13,
DM-27164,DM,manual_curated,0,0.636463,0.5600452059431219,1,late,creation,,,2020-10-13 19:19:20,
DM-27163,DM,manual_curated,0,0.0457096,-3.038659686157989,0,late,resolution,,,2020-10-13 18:55:17,2020-10-19 20:45:51
DM-27162,DM,manual_curated,0,0.1461126,-1.7654217776406878,0,late,resolution,,,2020-10-13 17:07:29,2020-10-14 00:41:15
DM-27161,DM,manual_curated,0,0.4486793999999999,-0.20600788960264635,0,late,creation,,,2020-10-13 16:10:55,
DM-27160,DM,manual_curated,1,0.8108827999999999,1.4557566020318506,1,late,creation,,,2020-10-13 15:53:06,
DM-27159,DM,manual_curated,0,0.0223284,-3.779314415525109,0,late,resolution,,,2020-10-13 15:48:22,2020-10-14 02:51:40
DM-27158,DM,manual_curated,0,0.01948,-3.918694744970227,0,late,creation,,,2020-10-13 15:05:29,
DM-27157,DM,manual_curated,0,0.016638,-4.079288076921506,0,late,resolution,,,2020-10-13 14:36:53,2020-10-19 19:42:53
DM-27156,DM,manual_curated,0,0.1937592,-1.425766306215064,0,late,resolution,,,2020-10-13 12:11:34,2020-10-22 17:35:28
DM-27155,DM,manual_curated,0,0.255959,-1.067078865438429,0,late,resolution,,,2020-10-13 12:08:53,2020-10-21 11:31:39
DM-27154,DM,manual_curated,1,0.8638586,1.847715046504725,1,late,creation,,,2020-10-13 03:35:19,
DM-27153,DM,manual_curated,1,0.8713156,1.9126413582238346,1,late,creation,,,2020-10-13 00:53:11,
DM-27152,DM,manual_curated,1,0.8299054,1.5849569655251283,1,late,creation,,,2020-10-13 00:41:14,
DM-27151,DM,manual_curated,1,0.4880708,-0.047725856930784585,0,late,creation,,,2020-10-13 00:28:30,
DM-27150,DM,manual_curated,0,0.2905216,-0.8928521240731362,0,late,resolution,,,2020-10-12 23:39:56,2020-10-14 20:07:26
DM-27149,DM,manual_curated,0,0.0628238,-2.7025373289474337,0,late,creation,,,2020-10-12 21:37:07,
DM-27148,DM,manual_curated,0,0.0759547999999999,-2.498622561676052,0,late,resolution,,,2020-10-12 21:34:15,2020-10-13 21:51:40
DM-27147,DM,manual_curated,1,0.8950570000000001,2.143470057783374,1,late,creation,,,2020-10-12 20:33:53,
DM-27146,DM,manual_curated,0,0.3708579999999999,-0.5285377463744391,0,late,resolution,,,2020-10-12 19:48:08,2020-10-19 18:41:12
DM-27145,DM,manual_curated,0,0.2857234,-0.9162460723015398,0,late,resolution,,,2020-10-12 18:41:27,2020-10-19 01:23:58
DM-27144,DM,manual_curated,0,0.6045344,0.4243947700534166,1,late,creation,,,2020-10-12 18:38:52,
DM-27143,DM,manual_curated,0,0.5327176,0.13105766678556524,1,late,creation,,,2020-10-12 18:23:22,
DM-27142,DM,manual_curated,0,0.2351102,-1.1796774307642597,0,late,resolution,,,2020-10-12 17:36:55,2020-10-20 19:22:25
DM-27141,DM,manual_curated,0,0.6401974,0.5762210185695288,1,late,creation,,,2020-10-12 17:21:38,
DM-27138,DM,manual_curated,0,0.0749622,-2.5128506150567245,0,late,creation,,,2020-10-10 00:12:53,
DM-27137,DM,manual_curated,0,0.0417805999999999,-3.132644653575657,0,late,creation,,,2020-10-10 00:10:32,
DM-27136,DM,manual_curated,0,0.2306975999999999,-1.2043763681745898,0,late,creation,,,2020-10-09 22:06:54,
DM-27135,DM,manual_curated,0,0.0590694,-2.7681563617100107,0,late,creation,,,2020-10-09 22:03:44,
DM-27134,DM,manual_curated,0,0.1285913999999999,-1.9134710472713234,0,late,resolution,,,2020-10-09 21:05:15,2020-10-09 21:17:45
DM-27133,DM,manual_curated,0,0.0193337999999999,-3.926377277108379,0,late,creation,,,2020-10-09 20:25:25,
DM-27132,DM,manual_curated,0,0.5117902,0.047169543939977354,1,late,resolution,,,2020-10-09 19:39:47,2020-10-12 20:27:18
DM-27131,DM,manual_curated,0,0.0566551999999999,-2.812448082407473,0,late,resolution,,,2020-10-09 17:50:40,2020-10-12 23:35:55
DM-27130,DM,manual_curated,0,0.0348003999999999,-3.3227060383616687,0,late,resolution,,,2020-10-09 16:02:39,2020-10-16 23:47:54
DM-27129,DM,manual_curated,0,0.297336,-0.860016013437981,0,late,creation,,,2020-10-09 15:49:04,
DM-27128,DM,manual_curated,0,0.2338456,-1.186722647493539,0,late,creation,,,2020-10-09 02:19:02,
DM-27127,DM,manual_curated,0,0.0875938,-2.3433750664704993,0,late,creation,,,2020-10-09 02:03:42,
DM-27125,DM,manual_curated,0,0.9277073999999998,2.5519946087315244,1,late,resolution,,,2020-10-09 00:16:22,2020-10-18 01:17:06
DM-27124,DM,manual_curated,0,0.4823921999999999,-0.07046033649689966,0,late,creation,,,2020-10-08 21:13:47,
DM-27122,DM,manual_curated,0,0.1634468,-1.632802561604934,0,late,resolution,,,2020-10-08 21:08:18,2020-10-15 21:24:18
DM-27121,DM,manual_curated,0,0.0387994,-3.2097783454897097,0,late,creation,,,2020-10-08 20:17:33,
DM-27120,DM,manual_curated,0,0.0341049999999999,-3.343611131545864,0,late,creation,,,2020-10-08 20:17:15,
DM-27119,DM,manual_curated,0,0.037578,-3.2430342511457355,0,late,creation,,,2020-10-08 19:13:56,
DM-27118,DM,manual_curated,0,0.0783348,-2.465190085261963,0,late,creation,,,2020-10-08 19:03:15,
DM-27117,DM,manual_curated,0,0.7741932,1.2321416884365786,1,late,creation,,,2020-10-08 17:43:37,
DM-27116,DM,manual_curated,0,0.729071,0.9899143270224744,1,late,resolution,,,2020-10-08 17:14:33,2020-10-12 20:47:17
DM-27115,DM,manual_curated,0,0.3363488,-0.6796079934995543,0,late,resolution,,,2020-10-08 17:13:36,2020-10-12 20:46:08
DM-27114,DM,manual_curated,0,0.82391,1.5430660726705152,1,late,resolution,,,2020-10-08 16:57:04,2020-10-18 21:58:19
DM-27113,DM,manual_curated,0,0.1002686,-2.1942436891998853,0,late,creation,,,2020-10-08 16:56:01,
DM-27111,DM,manual_curated,0,0.7343352000000001,1.0167302363705886,1,late,resolution,,,2020-10-08 16:33:10,2020-10-08 17:59:10
DM-27110,DM,manual_curated,0,0.4834142,-0.06636754976969954,0,late,resolution,,,2020-10-08 16:26:26,2020-10-08 22:53:45
DM-27109,DM,manual_curated,0,0.7356448,1.0234537401613113,1,late,creation,,,2020-10-08 14:38:18,
DM-27108,DM,manual_curated,0,0.085987,-2.363648672511186,0,late,resolution,,,2020-10-08 11:41:02,2020-10-08 17:58:38
DM-27107,DM,manual_curated,0,0.8631014,1.841291675484859,1,late,creation,,,2020-10-08 01:59:40,
DM-27084,DM,manual_curated,1,0.8844103999999999,2.034875221505819,1,late,resolution,,,2020-10-06 21:35:41,2020-10-13 16:02:53
DM-27057,DM,manual_curated,1,0.9473162,2.889324926059726,1,late,creation,,,2020-10-03 10:29:43,
DM-26666,DM,manual_curated,1,0.913109,2.352200800517285,1,late,resolution,,,2020-09-10 16:28:07,2020-09-25 16:23:00
DM-26570,DM,manual_curated,1,0.8848296000000001,2.0389823132949196,1,late,creation,,,2020-09-02 01:12:52,
DM-26177,DM,manual_curated,1,0.9043988,2.2470850412765744,1,late,resolution,,,2020-07-30 23:15:40,2020-09-10 17:40:04
DM-25683,DM,manual_curated,1,0.7521674,1.1102053873097797,1,late,resolution,,,2020-06-25 22:41:18,2020-07-02 16:28:21
DM-25655,DM,manual_curated,1,0.7909128000000001,1.3304363316573855,1,late,resolution,,,2020-06-24 18:01:42,2020-06-26 14:13:32
DM-25616,DM,manual_curated,1,0.5248022000000001,0.09929029128617486,1,late,creation,,,2020-06-22 18:48:13,
DM-25514,DM,manual_curated,1,0.9405964,2.7621593115666427,1,late,resolution,,,2020-06-20 06:48:10,2020-07-07 06:48:08
DM-25437,DM,manual_curated,1,0.8878145999999999,2.068610077565568,1,late,resolution,,,2020-06-16 21:11:20,2020-06-23 00:36:03
DM-25404,DM,manual_curated,1,0.3886964,-0.45279514993224673,0,late,resolution,,,2020-06-12 17:23:32,2020-06-12 17:24:10
DM-25384,DM,manual_curated,1,0.5642115999999999,0.2582725539999023,1,late,creation,,,2020-06-11 22:19:12,
DM-25275,DM,manual_curated,1,0.762226,1.1649224569366534,1,late,resolution,,,2020-06-05 04:25:58,2020-09-18 20:42:41
DM-25232,DM,manual_curated,1,0.8671454000000001,1.8759513703247528,1,late,resolution,,,2020-06-04 06:11:46,2020-06-05 20:37:30
DM-25201,DM,manual_curated,1,0.8176515999999999,1.5005171861228532,1,late,resolution,,,2020-06-02 22:48:24,2020-06-23 01:09:08
DM-25142,DM,manual_curated,1,0.8019516,1.398536811650946,1,late,resolution,,,2020-05-29 00:41:06,2020-09-21 18:42:30
DM-25049,DM,manual_curated,1,0.9674068,3.390515411856574,1,late,resolution,,,2020-05-23 02:40:07,2020-06-04 08:04:44
DM-24973,DM,manual_curated,1,0.9218008,2.4670697308333387,1,late,resolution,,,2020-05-18 23:07:32,2020-05-29 01:21:03
DM-24914,DM,manual_curated,1,0.1560486,-1.6879274128065618,0,late,resolution,,,2020-05-13 14:34:03,2020-06-09 22:53:36
DM-24901,DM,manual_curated,1,0.8808172000000001,2.0001916640022297,1,late,creation,,,2020-05-12 20:31:24,
DM-24757,DM,manual_curated,1,0.3394446,-0.6657702437621146,0,late,creation,,,2020-05-06 18:46:36,
DM-24684,DM,manual_curated,1,0.9624194,3.242962362598594,1,late,resolution,,,2020-04-30 02:44:24,2020-05-06 09:38:50
DM-24676,DM,manual_curated,1,0.9225452,2.477441831593805,1,late,resolution,,,2020-04-29 20:44:08,2020-05-22 23:27:56
DM-24653,DM,manual_curated,1,0.4880294,-0.047891551575733604,0,late,resolution,,,2020-04-28 20:09:26,2020-05-01 19:24:38
DM-24650,DM,manual_curated,1,0.8506326,1.7395712652423991,1,late,resolution,,,2020-04-28 19:30:09,2020-04-28 19:30:24
DM-24648,DM,manual_curated,1,0.1507194,-1.7289698082559126,0,late,creation,,,2020-04-28 19:27:29,
DM-24590,DM,manual_curated,1,0.975405,3.680309599117621,1,late,resolution,,,2020-04-24 17:01:25,2020-05-06 16:26:37
DM-24383,DM,manual_curated,1,0.5124786,0.04992476713285703,1,late,resolution,,,2020-04-08 01:01:53,2020-04-08 01:05:11
DM-24344,DM,manual_curated,1,0.8957042,2.1503791318006016,1,late,resolution,,,2020-04-03 21:57:05,2020-06-04 01:25:37
DM-24341,DM,manual_curated,1,0.912798,2.348287341053263,1,late,resolution,,,2020-04-03 21:41:54,2020-06-04 01:39:01
DM-24305,DM,manual_curated,1,0.9561238,3.081515370735856,1,late,creation,,,2020-04-02 18:54:46,
DM-24284,DM,manual_curated,1,0.8239414,1.5432825167091768,1,late,creation,,,2020-04-01 19:50:36,
DM-24185,DM,manual_curated,1,0.0402532,-3.1714799958637756,0,late,resolution,,,2020-03-30 04:13:02,2020-09-17 13:43:09
DM-24183,DM,manual_curated,1,0.1932006,-1.429346035037392,0,late,resolution,,,2020-03-30 04:12:41,2020-09-17 13:41:26
DM-24182,DM,manual_curated,1,0.1781854,-1.5286902409063088,0,late,creation,,,2020-03-30 04:12:34,
DNN-10835,DNN,manual_curated,0,0.0232076,-3.7397943310239317,0,late,creation,,,2018-06-12 20:53:19,
DNN-10834,DNN,manual_curated,0,0.0374248,-3.247278606710053,0,late,creation,,,2018-06-12 20:05:55,
DNN-10833,DNN,manual_curated,0,0.048941,-2.9669606095896697,0,late,creation,,,2018-06-08 20:38:26,
DNN-10832,DNN,manual_curated,0,0.013804,-4.268896712573624,0,late,creation,,,2018-06-05 08:09:59,
DNN-10831,DNN,manual_curated,0,0.0625224,-2.707667971693365,0,late,creation,,,2018-06-04 20:18:14,
DNN-10830,DNN,manual_curated,0,0.0082962,-4.78362689534822,0,late,creation,,,2018-06-04 17:02:51,
DNN-10829,DNN,manual_curated,0,0.0131386,-4.318975141561891,0,late,creation,,,2018-06-01 17:44:44,
DNN-10828,DNN,manual_curated,0,0.0138604,-4.2647620733567555,0,late,creation,,,2018-05-29 14:50:22,
DNN-10827,DNN,manual_curated,0,0.3323979999999999,-0.6973591414730449,0,late,creation,,,2018-05-23 16:12:30,
DNN-10826,DNN,manual_curated,0,0.0063202,-5.057664168736203,0,late,creation,,,2018-05-16 19:12:09,
DNN-10825,DNN,manual_curated,0,0.0142692,-4.235279926763489,0,late,creation,,,2018-05-16 18:33:47,
DNN-10824,DNN,manual_curated,0,0.0124144,-4.376406087405232,0,late,creation,,,2018-05-15 12:24:49,
DNN-10823,DNN,manual_curated,0,0.0172406,-4.043097261838243,0,late,creation,,,2018-05-11 21:28:03,
DNN-10822,DNN,manual_curated,0,0.8179936,1.5028126613175674,1,late,creation,,,2018-05-08 19:50:04,
DNN-10821,DNN,manual_curated,1,0.2260042,-1.2310128640480147,0,late,creation,,,2018-05-06 19:01:57,
DNN-10820,DNN,manual_curated,1,0.890267,2.0934712752720643,1,late,creation,,,2018-05-06 17:39:32,
DNN-10819,DNN,manual_curated,1,0.1413292,-1.8042936913559677,0,late,creation,,,2018-05-06 17:23:52,
DNN-10818,DNN,manual_curated,0,0.0188192,-3.953879119033311,0,late,creation,,,2018-05-06 17:13:35,
DNN-10817,DNN,manual_curated,1,0.3031988,-0.8321114517185053,0,late,creation,,,2018-05-05 17:47:46,
DNN-10816,DNN,manual_curated,0,0.009922,-4.603029214024964,0,late,creation,,,2018-05-05 13:40:32,
DNN-10815,DNN,manual_curated,0,0.0182544,-3.984926064795391,0,late,creation,,,2018-05-04 13:22:54,
DNN-10814,DNN,manual_curated,0,0.0182367999999999,-3.9859086080873443,0,late,creation,,,2018-05-02 20:00:17,
DNN-10813,DNN,manual_curated,0,0.0101604,-4.57904509834583,0,late,creation,,,2018-04-19 12:12:33,
DNN-10812,DNN,manual_curated,0,0.0126698,-4.3557833237343955,0,late,creation,,,2018-04-19 10:57:58,
DNN-10811,DNN,manual_curated,0,0.0137278,-4.27450940753754,0,late,creation,,,2018-04-19 10:55:49,
DNN-10810,DNN,manual_curated,0,0.0177702,-4.0123023961705835,0,late,creation,,,2018-04-19 10:54:06,
DNN-10809,DNN,manual_curated,0,0.0345414,-3.330444616999297,0,late,creation,,,2018-04-11 07:31:06,
DNN-10808,DNN,manual_curated,0,0.2748114,-0.9703467147518202,0,late,creation,,,2018-04-09 21:38:46,
DNN-10807,DNN,manual_curated,0,0.0205054,-3.866348458261588,0,late,creation,,,2018-04-03 19:59:03,
DNN-10806,DNN,manual_curated,0,0.027609,-3.561616180423875,0,late,creation,,,2018-04-03 15:00:48,
DNN-10804,DNN,manual_curated,0,0.0716532,-2.561567555045641,0,late,creation,,,2018-04-02 10:28:47,
DNN-10800,DNN,manual_curated,0,0.090827,-2.3035787968673507,0,late,creation,,,2018-03-28 16:40:11,
DNN-10799,DNN,manual_curated,0,0.0126498,-4.357383384293847,0,late,creation,,,2018-03-28 15:06:14,
DNN-10798,DNN,manual_curated,0,0.0215978,-3.813329375288512,0,late,creation,,,2018-03-28 08:27:23,
DNN-10797,DNN,manual_curated,0,0.0135694,-4.286275715578063,0,late,creation,,,2018-03-24 05:47:52,
DNN-10796,DNN,manual_curated,0,0.0223443999999999,-3.778581730396919,0,late,creation,,,2018-03-23 22:10:34,
DNN-10795,DNN,manual_curated,0,0.0319678,-3.4105362049958208,0,late,creation,,,2018-03-22 00:32:11,
DNN-10794,DNN,manual_curated,0,0.0278444,-3.5528840049978805,0,late,creation,,,2018-03-16 19:51:16,
DNN-10793,DNN,manual_curated,0,0.0323589999999999,-3.3979689613553012,0,late,creation,,,2018-03-16 19:46:59,
DNN-10792,DNN,manual_curated,1,0.381905,-0.48147028074823234,0,late,creation,,,2018-03-16 19:42:46,
DNN-10791,DNN,manual_curated,0,0.0134359999999999,-4.296290527431905,0,late,creation,,,2018-03-15 08:32:14,
DNN-10790,DNN,manual_curated,0,0.0107458,-4.522436345340126,0,late,creation,,,2018-03-08 09:39:04,
DNN-10789,DNN,manual_curated,0,0.2883454,-0.9034336142482787,0,late,creation,,,2018-03-06 17:44:21,
DNN-10788,DNN,manual_curated,0,0.7153842,0.9216795404053072,1,late,creation,,,2018-03-06 16:15:32,
DNN-10787,DNN,manual_curated,0,0.0094343999999999,-4.653913509329121,0,late,creation,,,2018-03-06 16:10:03,
DNN-10786,DNN,manual_curated,0,0.0220858,-3.790487068051301,0,late,creation,,,2018-03-01 15:44:27,
DNN-10785,DNN,manual_curated,0,0.0145044,-4.218692610172822,0,late,creation,,,2018-02-28 20:31:00,
DNN-10784,DNN,manual_curated,0,0.010217,-4.573432727574097,0,late,creation,,,2018-02-28 19:10:23,
DNN-10783,DNN,manual_curated,0,0.0255442,-3.64146887631671,0,late,creation,,,2018-02-27 19:28:38,
DNN-10782,DNN,manual_curated,0,0.0149624,-4.1871394255457135,0,late,creation,,,2018-02-27 11:38:56,
DNN-10781,DNN,manual_curated,0,0.0188692,-3.951174820865359,0,late,resolution,,,2018-02-26 22:44:38,2018-02-28 02:55:32
DNN-10780,DNN,manual_curated,0,0.0078272,-4.842292438592664,0,late,creation,,,2018-02-26 15:50:31,
DNN-10779,DNN,manual_curated,0,0.2950046,-0.8712003285297012,0,late,creation,,,2018-02-22 00:47:47,
DNN-10778,DNN,manual_curated,0,0.0199534,-3.8942005666743484,0,late,creation,,,2018-02-21 10:32:03,
DNN-10777,DNN,manual_curated,0,0.0219007999999999,-3.7990879305482106,0,late,creation,,,2018-02-21 08:50:01,
DNN-10776,DNN,manual_curated,0,0.0460884,-3.0300097132398642,0,late,creation,,,2018-02-21 08:16:09,
DNN-10775,DNN,manual_curated,0,0.0193774,-3.924080237529786,0,late,creation,,,2018-02-20 13:12:50,
DNN-10774,DNN,manual_curated,0,0.020283,-3.8774806576740866,0,late,creation,,,2018-02-20 11:24:08,
DNN-10773,DNN,manual_curated,0,0.017934,-4.0029601633421015,0,late,creation,,,2018-02-20 09:11:38,
DNN-10772,DNN,manual_curated,0,0.0180556,-3.996078801637934,0,late,creation,,,2018-02-20 02:28:44,
DNN-10771,DNN,manual_curated,0,0.023215,-3.739467944941345,0,late,creation,,,2018-02-19 14:11:29,
DNN-10770,DNN,manual_curated,0,0.0199401999999999,-3.8948757956374545,0,late,resolution,,,2018-02-19 12:42:31,2018-03-27 14:06:04
DNN-10769,DNN,manual_curated,1,0.908798,2.299046020595848,1,late,creation,,,2018-02-19 09:59:14,
DNN-10768,DNN,manual_curated,1,0.3896418,-0.44881814239896345,0,late,creation,,,2018-02-19 09:46:37,
DNN-10767,DNN,manual_curated,0,0.0138726,-4.2638698834828554,0,late,creation,,,2018-02-19 09:17:49,
DNN-10766,DNN,manual_curated,0,0.014715,-4.204063557737401,0,late,creation,,,2018-02-17 22:39:25,
DNN-10765,DNN,manual_curated,0,0.0227512,-3.760123385478158,0,late,creation,,,2018-02-17 11:45:32,
DNN-10764,DNN,manual_curated,0,0.0241208,-3.70026426945628,0,late,creation,,,2018-02-16 15:46:38,
DNN-10763,DNN,manual_curated,0,0.0153919999999999,-4.158395698494703,0,late,creation,,,2018-02-16 15:40:34,
DNN-10762,DNN,manual_curated,0,0.0116157999999999,-4.443705248252335,0,late,creation,,,2018-02-15 05:22:23,
DNN-10761,DNN,manual_curated,0,0.0266318,-3.5986564373886023,0,late,creation,,,2018-02-14 17:04:57,
DNN-10760,DNN,manual_curated,0,0.0157546,-4.134742870082112,0,late,resolution,,,2018-02-14 12:47:59,2018-02-18 16:26:36
DNN-10759,DNN,manual_curated,0,0.0915738,-2.2945684471694268,0,late,creation,,,2018-02-12 08:02:27,
DNN-10758,DNN,manual_curated,0,0.009183,-4.681175906688866,0,late,creation,,,2018-02-12 05:27:48,
DNN-10757,DNN,manual_curated,0,0.0120393999999999,-4.407458213658313,0,late,creation,,,2018-02-12 05:12:07,
DNN-10756,DNN,manual_curated,0,0.02868,-3.5224559554254427,0,late,resolution,,,2018-02-12 03:59:07,2018-02-12 08:14:42
DNN-10755,DNN,manual_curated,0,0.388234,-0.454741605836214,0,late,resolution,,,2018-02-11 22:56:18,2018-02-12 00:17:01
DNN-10754,DNN,manual_curated,0,0.0409376,-3.15390718440498,0,late,creation,,,2018-02-08 21:23:53,
DNN-10753,DNN,manual_curated,1,0.0358556,-3.2917413146615866,0,late,creation,,,2018-02-07 12:49:10,
DNN-10752,DNN,manual_curated,0,0.0083942,-4.771784658106324,0,late,resolution,,,2018-02-07 12:35:58,2018-02-12 15:01:38
DNN-10751,DNN,manual_curated,0,0.0093684,-4.661000395571911,0,late,resolution,,,2018-02-07 11:05:48,2018-02-12 15:01:49
DNN-10750,DNN,manual_curated,0,0.0168684,-4.065300937933138,0,late,resolution,,,2018-02-07 10:20:16,2018-02-07 10:22:52
DNN-10749,DNN,manual_curated,0,0.7133316,0.9116202423655013,1,late,creation,,,2018-02-06 23:25:36,
DNN-10748,DNN,manual_curated,1,0.2593404,-1.0493996560355034,0,late,creation,,,2018-02-05 20:25:54,
DNN-10747,DNN,manual_curated,0,0.0156016,-4.144657220061316,0,late,creation,,,2018-02-05 16:15:31,
DNN-10746,DNN,manual_curated,0,0.0056414,-5.171965644527092,0,late,creation,,,2018-02-04 08:23:31,
DNN-10745,DNN,manual_curated,0,0.0108741999999999,-4.510428511674242,0,late,creation,,,2018-02-03 16:59:55,
DNN-10744,DNN,manual_curated,0,0.0132388,-4.311276152911019,0,late,resolution,,,2018-02-03 12:01:20,2018-02-07 06:13:34
DNN-10743,DNN,manual_curated,0,0.0327975999999999,-3.3840524387058037,0,late,creation,,,2018-02-03 11:50:20,
DNN-10742,DNN,manual_curated,0,0.0115688,-4.447807220465352,0,late,creation,,,2018-02-03 11:38:05,
DNN-10741,DNN,manual_curated,0,0.0194728,-3.919071766164556,0,late,creation,,,2018-02-03 11:17:23,
DNN-10740,DNN,manual_curated,0,0.1374138,-1.8369382745145826,0,late,resolution,,,2018-02-03 00:06:20,2018-02-15 21:01:50
DNN-10739,DNN,manual_curated,0,0.5093376000000001,0.037354743055890004,1,late,creation,,,2018-02-03 00:02:40,
DNN-10738,DNN,manual_curated,0,0.0141264,-4.245482764493642,0,late,resolution,,,2018-02-02 11:01:14,2018-02-05 04:28:44
DNN-10737,DNN,manual_curated,0,0.0110415999999999,-4.494982310164276,0,late,resolution,,,2018-02-02 09:07:47,2018-02-07 09:45:30
DNN-10736,DNN,manual_curated,0,0.0473969999999999,-3.0006393020786484,0,late,resolution,,,2018-02-01 15:09:25,2018-02-01 15:11:27
DNN-10735,DNN,manual_curated,0,0.022941,-3.751621336434998,0,late,resolution,,,2018-02-01 11:52:51,2018-02-01 12:54:26
DNN-10734,DNN,manual_curated,0,0.0219794,-3.7954250821480007,0,late,resolution,,,2018-02-01 07:37:44,2018-02-03 09:06:37
DNN-10733,DNN,manual_curated,0,0.0212276,-3.8309969116271168,0,late,resolution,,,2018-02-01 00:21:26,2018-02-07 06:38:13
DNN-10732,DNN,manual_curated,0,0.01876,-3.9570901343838076,0,late,resolution,,,2018-01-31 23:56:17,2018-01-31 23:59:03
DNN-10731,DNN,manual_curated,0,0.1395884,-1.8187127870841862,0,late,resolution,,,2018-01-31 07:46:45,2018-01-31 07:55:37
DNN-10730,DNN,manual_curated,0,0.0123386,-4.382607366604844,0,late,resolution,,,2018-01-25 10:52:12,2018-01-29 01:37:54
DNN-10729,DNN,manual_curated,0,0.0169534,-4.060188121242365,0,late,resolution,,,2018-01-25 08:26:18,2018-01-25 18:10:17
DNN-10728,DNN,manual_curated,0,0.0190235999999999,-3.942868088536339,0,late,resolution,,,2018-01-25 07:45:00,2018-01-25 10:04:40
DNN-10727,DNN,manual_curated,0,0.1530244,-1.7110745008795347,0,late,creation,,,2018-01-25 02:50:14,
DNN-10725,DNN,manual_curated,0,0.0267279999999999,-3.5949518858556897,0,late,resolution,,,2018-01-24 10:45:41,2018-01-29 01:40:43
DNN-10724,DNN,manual_curated,0,0.0167668,-4.071445584279956,0,late,resolution,,,2018-01-23 14:32:58,2018-01-29 20:59:53
DNN-10723,DNN,manual_curated,0,0.1252162,-1.9439349268459287,0,late,resolution,,,2018-01-23 02:27:26,2018-01-23 17:11:57
DNN-10722,DNN,manual_curated,0,0.0184449999999999,-3.9743447177764395,0,late,creation,,,2018-01-22 15:48:39,
DNN-10721,DNN,manual_curated,0,0.0219393999999999,-3.797287524143075,0,late,resolution,,,2018-01-20 23:35:53,2018-01-29 03:48:28
DNN-10720,DNN,manual_curated,0,0.0129065999999999,-4.3370258567111675,0,late,resolution,,,2018-01-19 18:53:11,2018-01-24 19:52:02
DNN-10719,DNN,manual_curated,0,0.0113284,-4.4690493768402675,0,late,resolution,,,2018-01-19 17:00:10,2018-02-05 07:11:25
DNN-10718,DNN,manual_curated,0,0.015443,-4.155035967572179,0,late,resolution,,,2018-01-19 16:58:02,2018-01-19 19:59:02
DNN-10717,DNN,manual_curated,1,0.2720814,-0.9840879425271828,0,late,creation,,,2018-01-19 16:54:42,
DNN-10716,DNN,manual_curated,0,0.0203122,-3.876012258731268,0,late,resolution,,,2018-01-19 10:22:58,2018-01-19 10:24:43
DNN-10715,DNN,manual_curated,0,0.0355836,-3.299638293996637,0,late,creation,,,2018-01-19 09:17:09,
DNN-10714,DNN,manual_curated,0,0.01359,-4.284737861510796,0,late,resolution,,,2018-01-19 09:03:04,2018-01-22 10:17:57
DNN-10713,DNN,manual_curated,0,0.0358389999999999,-3.2922216071819017,0,late,resolution,,,2018-01-19 08:53:02,2018-01-29 04:36:40
DNN-10712,DNN,manual_curated,0,0.0880408,-2.3377949088357903,0,late,resolution,,,2018-01-19 06:52:13,2018-01-31 22:22:59
DNN-10711,DNN,manual_curated,0,0.0275333999999999,-3.5644359172664153,0,late,creation,,,2018-01-18 17:05:02,
DNN-10710,DNN,manual_curated,0,0.0374608,-3.246279739704242,0,late,resolution,,,2018-01-18 16:59:43,2018-01-18 17:00:04
DNN-10709,DNN,manual_curated,0,0.0319816,-3.410090357936556,0,late,resolution,,,2018-01-18 15:23:18,2018-01-22 07:20:11
DNN-10708,DNN,manual_curated,0,0.0222252,-3.7840525974362764,0,late,creation,,,2018-01-18 13:39:32,
DNN-10707,DNN,manual_curated,0,0.0297238,-3.4856327015310042,0,late,resolution,,,2018-01-18 13:39:30,2018-01-19 14:15:37
DNN-10706,DNN,manual_curated,0,0.0266834,-3.5966677654556465,0,late,resolution,,,2018-01-18 12:54:24,2018-01-28 12:41:27
DNN-10705,DNN,manual_curated,0,0.0261934,-3.6157052506621747,0,late,resolution,,,2018-01-18 12:21:50,2018-01-22 17:59:45
DNN-10702,DNN,manual_curated,0,0.0064708,-5.0339637041283325,0,late,resolution,,,2018-01-17 20:12:34,2018-01-17 21:10:07
DNN-10701,DNN,manual_curated,0,0.8721120000000001,1.9197629751445322,1,late,creation,,,2018-01-17 11:25:47,
DNN-10700,DNN,manual_curated,0,0.0065628,-5.01975350796473,0,late,creation,,,2018-01-17 02:24:39,
DNN-10699,DNN,manual_curated,0,0.0105906,-4.537141384223825,0,late,creation,,,2018-01-17 00:53:26,
DNN-10698,DNN,manual_curated,0,0.0236416,-3.7208218599789373,0,late,resolution,,,2018-01-16 21:39:59,2018-01-16 21:46:16
DNN-10697,DNN,manual_curated,0,0.0127673999999999,-4.348010628174263,0,late,resolution,,,2018-01-16 15:49:20,2018-01-16 18:35:05
DNN-10696,DNN,manual_curated,0,0.0174574,-4.03038007405748,0,late,resolution,,,2018-01-16 12:41:47,2018-01-19 15:50:55
DNN-10695,DNN,manual_curated,0,0.021515,-3.8172550908419676,0,late,resolution,,,2018-01-16 10:45:43,2018-01-16 10:47:02
DNN-10694,DNN,manual_curated,0,0.0195218,-3.91650862198659,0,late,resolution,,,2018-01-16 06:58:08,2018-01-16 07:02:01
DNN-10693,DNN,manual_curated,0,0.3899514,-0.44751651015091437,0,late,resolution,,,2018-01-15 20:09:12,2018-02-22 22:54:24
DNN-10692,DNN,manual_curated,0,0.1034675999999999,-2.1592759127198797,0,late,resolution,,,2018-01-15 18:42:09,2018-01-16 14:19:59
DNN-10691,DNN,manual_curated,0,0.0764764,-2.4912141577611937,0,late,resolution,,,2018-01-15 16:11:19,2018-01-16 01:10:33
DNN-10690,DNN,manual_curated,0,0.0179802,-4.000340318631856,0,late,creation,,,2018-01-15 14:22:32,
DNN-10689,DNN,manual_curated,0,0.0162785999999999,-4.10149136509146,0,late,resolution,,,2018-01-15 13:40:21,2018-01-16 06:33:54
DNN-10688,DNN,manual_curated,0,0.0150642,-4.180255393430102,0,late,resolution,,,2018-01-15 13:03:41,2018-01-15 13:10:43
DNN-10687,DNN,manual_curated,0,0.015364,-4.160244919243327,0,late,resolution,,,2018-01-15 11:02:24,2018-01-15 13:55:07
DNN-10686,DNN,manual_curated,0,0.0068029999999999,-4.983565341726871,0,late,resolution,,,2018-01-15 10:00:22,2018-01-15 23:16:01
DNN-10685,DNN,manual_curated,0,0.0249566,-3.6653436665536923,0,late,resolution,,,2018-01-15 02:18:44,2018-02-01 07:01:18
DNN-10684,DNN,manual_curated,0,0.0148993999999999,-4.191422824252434,0,late,resolution,,,2018-01-12 01:19:07,2018-01-12 01:19:39
DNN-10526,DNN,manual_curated,1,0.5327322,0.13111631802850993,1,late,creation,,,2017-11-20 19:25:28,
DNN-10462,DNN,manual_curated,1,0.9036342000000002,2.2382732655973174,1,late,resolution,,,2017-11-07 02:55:04,2017-11-08 22:30:20
DNN-10451,DNN,manual_curated,1,0.968383,3.421932719560457,1,late,creation,,,2017-11-06 08:52:37,
DNN-10419,DNN,manual_curated,1,0.8993116000000001,2.189598982313933,1,late,resolution,,,2017-10-30 20:32:31,2017-10-31 01:37:42
DNN-10405,DNN,manual_curated,1,0.9841694,4.129853260815923,1,late,creation,,,2017-10-25 15:13:31,
DNN-10087,DNN,manual_curated,1,0.8566438,1.7876897540790144,1,late,resolution,,,2017-07-19 21:17:28,2017-07-19 21:17:49
DNN-9343,DNN,manual_curated,1,0.9463184,2.8695087889975124,1,late,creation,,,2017-02-03 10:17:21,
DNN-9148,DNN,manual_curated,1,0.039774,-3.183955240935084,0,late,resolution,,,2016-12-15 16:20:38,2017-01-10 22:36:44
DNN-9804,DNN,manual_curated,1,0.85243,1.7537884548740352,1,late,resolution,,,2016-08-30 23:52:05,2017-05-10 18:38:57
DNN-8608,DNN,manual_curated,1,0.583168,0.33579204658061657,1,late,resolution,,,2016-04-16 00:21:56,2016-05-03 23:56:38
DNN-8513,DNN,manual_curated,1,0.4835719999999999,-0.06573566106198504,0,late,resolution,,,2016-03-14 19:14:05,2017-10-30 16:11:56
DNN-8448,DNN,manual_curated,1,0.5201247999999999,0.08054271268400308,1,late,resolution,,,2016-02-16 21:33:27,2017-03-17 18:01:42
DNN-8383,DNN,manual_curated,1,0.9482024,2.9072241654306517,1,late,resolution,,,2016-01-22 19:15:02,2016-02-10 16:39:48
DNN-8141,DNN,manual_curated,1,0.953104,3.011791642797628,1,middle,resolution,,,2015-12-15 19:46:07,2015-12-29 17:52:48
DNN-8103,DNN,manual_curated,1,0.8630502,1.8408584232479372,1,middle,resolution,,,2015-12-08 23:39:31,2015-12-11 17:11:04
DNN-8083,DNN,manual_curated,1,0.8924628,2.116147997893801,1,middle,resolution,,,2015-12-04 17:17:57,2015-12-04 23:26:09
DNN-8075,DNN,manual_curated,1,0.0454608,-3.0443782947870153,0,middle,resolution,,,2015-12-03 21:35:05,2015-12-10 21:11:22
DNN-8059,DNN,manual_curated,1,0.5485996,0.19501409885946935,1,middle,resolution,,,2015-12-02 08:53:18,2015-12-14 15:37:21
DNN-8010,DNN,manual_curated,1,0.5202426000000001,0.08101468177256602,1,middle,resolution,,,2015-11-24 17:55:27,2015-11-25 09:25:47
DNN-7876,DNN,manual_curated,1,0.9364346,2.6900103878020136,1,late,resolution,,,2015-11-05 16:52:16,2016-01-15 07:28:06
DNN-7847,DNN,manual_curated,1,0.868489,1.8876644217762435,1,late,resolution,,,2015-10-30 11:27:30,2016-12-13 00:49:14
DNN-7843,DNN,manual_curated,1,0.8614519999999999,1.827402501659819,1,middle,resolution,,,2015-10-29 10:13:08,2015-10-29 17:42:25
DNN-7822,DNN,manual_curated,1,0.8777396000000002,1.9711967701908897,1,late,resolution,,,2015-10-27 17:11:54,2016-12-13 00:49:17
DNN-7820,DNN,manual_curated,1,0.8843926,2.03470111366334,1,middle,resolution,,,2015-10-27 12:21:24,2015-10-27 12:21:36
DNN-7819,DNN,manual_curated,1,0.9136058,2.358478643465892,1,middle,resolution,,,2015-10-27 12:15:00,2015-10-28 11:19:27
DNN-7802,DNN,manual_curated,1,0.9447944,2.8399029402724496,1,middle,resolution,,,2015-10-23 10:28:19,2015-11-06 16:39:00
DNN-7799,DNN,manual_curated,1,0.9470812,2.884626170713714,1,late,resolution,,,2015-10-23 09:55:46,2016-12-13 00:51:04
DNN-7798,DNN,manual_curated,1,0.9606746,3.195765125472174,1,late,resolution,,,2015-10-23 09:49:42,2016-12-13 00:51:04
DNN-7797,DNN,manual_curated,1,0.9581908,3.131930512060104,1,middle,resolution,,,2015-10-23 09:44:08,2015-11-06 16:39:35
DNN-7796,DNN,manual_curated,1,0.946334,2.869815918399073,1,middle,resolution,,,2015-10-23 09:36:41,2015-11-02 10:32:55
DNN-7772,DNN,manual_curated,1,0.8246586,1.5482345518906449,1,late,resolution,,,2015-10-21 08:48:57,2016-01-21 23:35:03
DNN-7751,DNN,manual_curated,1,0.966696,3.3682065617809727,1,middle,resolution,,,2015-10-19 09:45:01,2015-11-13 21:05:20
DNN-7723,DNN,manual_curated,1,0.3362143999999999,-0.680210154064368,0,middle,resolution,,,2015-10-14 18:25:08,2015-12-04 01:10:05
DNN-7515,DNN,manual_curated,1,0.0181056,-3.99326248424549,0,middle,resolution,,,2015-09-03 21:56:46,2015-10-15 22:05:50
DNN-7411,DNN,manual_curated,1,0.1357666,-1.8509056362644145,0,middle,resolution,,,2015-08-16 19:24:53,2015-08-20 15:35:24
FAB-18279,FAB,manual_curated,0,0.728287,0.9859488390997564,1,late,creation,,,2020-10-20 08:33:34,
FAB-18278,FAB,manual_curated,0,0.7253970000000001,0.9713926729349683,1,late,creation,,,2020-10-19 18:42:41,
FAB-18277,FAB,manual_curated,0,0.0113804,-4.46441704922757,0,late,creation,,,2020-10-19 14:57:50,
FAB-18276,FAB,manual_curated,0,0.0089994,-4.7015572313316145,0,late,resolution,,,2020-10-19 14:46:19,2020-10-20 06:50:25
FAB-18275,FAB,manual_curated,1,0.6221702,0.49876985907909055,1,late,creation,,,2020-10-16 18:02:15,
FAB-18274,FAB,manual_curated,0,0.5412638000000001,0.16543145835501946,1,late,creation,,,2020-10-15 17:44:59,
FAB-18273,FAB,manual_curated,0,0.1386493999999999,-1.8265531778638635,0,late,creation,,,2020-10-15 16:15:19,
FAB-18271,FAB,manual_curated,0,0.0815428,-2.4215672700795348,0,late,resolution,,,2020-10-14 18:04:46,2020-10-14 19:51:42
FAB-18270,FAB,manual_curated,0,0.0187273999999999,-3.9588626085939063,0,late,resolution,,,2020-10-14 02:42:12,2020-10-14 17:58:54
FAB-18269,FAB,manual_curated,0,0.0162272,-4.104706129464552,0,late,resolution,,,2020-10-12 22:08:21,2020-10-13 13:32:55
FAB-18268,FAB,manual_curated,1,0.8231698,1.5379725476478263,1,late,resolution,,,2020-10-12 19:53:02,2020-10-13 16:32:31
FAB-18267,FAB,manual_curated,0,0.011823,-4.425815044619053,0,late,creation,,,2020-10-10 15:33:16,
FAB-18265,FAB,manual_curated,0,0.68762,0.7890159643344099,1,late,resolution,,,2020-10-09 01:57:06,2020-10-12 03:30:13
FAB-18264,FAB,manual_curated,0,0.0169005999999999,-4.063361109800994,0,late,resolution,,,2020-10-08 19:32:48,2020-10-08 20:59:38
FAB-18263,FAB,manual_curated,0,0.0170193999999999,-4.056235514568974,0,late,resolution,,,2020-10-08 14:57:12,2020-10-12 03:30:41
FAB-18262,FAB,manual_curated,0,0.0148148,-4.197202962699902,0,late,resolution,,,2020-10-08 01:25:21,2020-10-08 20:59:55
FAB-18261,FAB,manual_curated,0,0.0310056,-3.442090999388236,0,late,resolution,,,2020-10-07 18:54:55,2020-10-12 16:24:41
FAB-18260,FAB,manual_curated,0,0.010672,-4.529402435595784,0,late,creation,,,2020-10-07 17:06:24,
FAB-18259,FAB,manual_curated,0,0.0360824,-3.285200601949591,0,late,resolution,,,2020-10-07 14:49:43,2020-10-08 14:55:17
FAB-18258,FAB,manual_curated,0,0.0199688,-3.893413352405497,0,late,creation,,,2020-10-07 11:49:52,
FAB-18257,FAB,manual_curated,0,0.1828825999999999,-1.4969383640687672,0,late,creation,,,2020-10-06 16:43:29,
FAB-18253,FAB,manual_curated,1,0.9845338,4.1535112319430345,1,late,creation,,,2020-09-30 17:00:57,
FAB-18252,FAB,manual_curated,0,0.6284814000000001,0.5257075031210673,1,late,creation,,,2020-09-30 15:57:41,
FAB-18251,FAB,manual_curated,0,0.0085478,-4.753496797117299,0,late,resolution,,,2020-09-29 15:39:02,2020-09-29 22:45:49
FAB-18250,FAB,manual_curated,0,0.2936898,-0.8775304094802024,0,late,resolution,,,2020-09-28 02:07:34,2020-09-29 13:55:22
FAB-18249,FAB,manual_curated,0,0.0086956,-4.736204501044073,0,late,resolution,,,2020-09-25 19:57:51,2020-09-25 21:17:54
FAB-18248,FAB,manual_curated,0,0.0090974,-4.690627586525707,0,late,creation,,,2020-09-25 15:47:31,
FAB-18246,FAB,manual_curated,0,0.9660108,3.347132187177418,1,late,creation,,,2020-09-25 06:29:17,
FAB-18245,FAB,manual_curated,0,0.010504,-4.545439585588275,0,late,resolution,,,2020-09-24 21:55:20,2020-09-24 21:55:41
FAB-18244,FAB,manual_curated,0,0.0210652,-3.8388426519348227,0,late,creation,,,2020-09-24 16:39:20,
FAB-18243,FAB,manual_curated,0,0.917781,2.412572381163634,1,late,creation,,,2020-09-24 16:27:10,
FAB-18242,FAB,manual_curated,0,0.0282475999999999,-3.5380925412690245,0,late,resolution,,,2020-09-24 15:24:58,2020-09-26 01:41:25
FAB-18241,FAB,manual_curated,0,0.0548308,-2.8471118792235455,0,late,creation,,,2020-09-24 11:36:56,
FAB-18240,FAB,manual_curated,0,0.0781019999999999,-2.4684189236571252,0,late,creation,,,2020-09-24 04:56:51,
FAB-18239,FAB,manual_curated,0,0.0087866,-4.725702015506462,0,late,creation,,,2020-09-23 22:45:51,
FAB-18238,FAB,manual_curated,0,0.01187,-4.421800059417909,0,late,resolution,,,2020-09-23 16:37:35,2020-09-24 16:29:47
FAB-18237,FAB,manual_curated,0,0.0119315999999999,-4.4165615833288765,0,late,resolution,,,2020-09-23 12:19:35,2020-09-23 17:05:40
FAB-18236,FAB,manual_curated,0,0.0097404,-4.621684946403627,0,late,resolution,,,2020-09-22 09:09:54,2020-09-23 01:07:56
FAB-18233,FAB,manual_curated,0,0.0073536,-4.905184518748346,0,late,resolution,,,2020-09-16 14:33:28,2020-09-16 17:35:53
FAB-18232,FAB,manual_curated,0,0.0095568,-4.6408995767230605,0,late,creation,,,2020-09-14 22:31:27,
FAB-18231,FAB,manual_curated,0,0.036121,-3.2840913544018684,0,late,resolution,,,2020-09-14 11:03:43,2020-09-15 14:18:42
FAB-18230,FAB,manual_curated,1,0.5426632,0.17106876990366449,1,late,creation,,,2020-09-10 17:14:35,
FAB-18229,FAB,manual_curated,0,0.395733,-0.423276411811721,0,late,resolution,,,2020-09-10 15:38:41,2020-10-07 22:32:10
FAB-18228,FAB,manual_curated,0,0.7632997999999999,1.1708565153132175,1,late,creation,,,2020-09-10 04:00:36,
FAB-18227,FAB,manual_curated,0,0.1563494,-1.6856451814869795,0,late,creation,,,2020-09-09 03:47:06,
FAB-18225,FAB,manual_curated,0,0.1240416,-1.9547016080104243,0,late,creation,,,2020-09-09 03:46:31,
FAB-18223,FAB,manual_curated,0,0.165146,-1.6204269281255705,0,late,creation,,,2020-09-09 03:45:54,
FAB-18221,FAB,manual_curated,0,0.1488092,-1.7439713618135821,0,late,creation,,,2020-09-09 03:37:46,
FAB-18219,FAB,manual_curated,0,0.1574009999999999,-1.6776944735381858,0,late,creation,,,2020-09-09 03:37:10,
FAB-18217,FAB,manual_curated,0,0.3290862,-0.7123209412149039,0,late,creation,,,2020-09-09 03:34:19,
FAB-18215,FAB,manual_curated,0,0.7427257999999999,1.0601844899854205,1,late,creation,,,2020-09-09 03:26:34,
FAB-18214,FAB,manual_curated,0,0.0206441999999999,-3.859460600294116,0,late,creation,,,2020-09-09 03:22:15,
FAB-18213,FAB,manual_curated,0,0.5356832,0.14297586368554943,1,late,resolution,,,2020-09-09 03:17:13,2020-10-13 14:05:11
FAB-18212,FAB,manual_curated,0,0.9332578,2.637844039129042,1,late,resolution,,,2020-09-09 03:13:57,2020-10-13 14:05:04
FAB-18210,FAB,manual_curated,0,0.0160906,-4.113298569091112,0,late,resolution,,,2020-09-08 13:46:14,2020-09-16 10:17:54
FAB-18209,FAB,manual_curated,0,0.0137712,-4.271308921451973,0,late,creation,,,2020-09-08 11:46:23,
FAB-18208,FAB,manual_curated,0,0.4558741999999999,-0.1769635758614927,0,late,resolution,,,2020-09-04 22:05:21,2020-09-11 00:27:37
FAB-18207,FAB,manual_curated,0,0.0391462,-3.2005189090561617,0,late,creation,,,2020-09-04 21:05:11,
FAB-18206,FAB,manual_curated,0,0.7175282000000001,0.932233527402319,1,late,resolution,,,2020-09-04 20:09:54,2020-09-08 01:39:23
FAB-18205,FAB,manual_curated,1,0.3264964,-0.7240744184257064,0,late,resolution,,,2020-09-04 14:10:14,2020-09-18 02:49:23
FAB-18204,FAB,manual_curated,1,0.9665182,3.362698121687057,1,late,resolution,,,2020-09-04 10:49:24,2020-09-13 08:31:42
FAB-18203,FAB,manual_curated,0,0.0138096,-4.268485436925584,0,late,creation,,,2020-09-04 05:58:04,
FAB-18200,FAB,manual_curated,0,0.0177495999999999,-4.013483285210559,0,late,resolution,,,2020-09-02 03:05:41,2020-09-02 13:10:50
FAB-18198,FAB,manual_curated,1,0.9242806,2.5019813028145728,1,late,resolution,,,2020-09-01 09:03:30,2020-10-18 07:03:53
FAB-18196,FAB,manual_curated,0,0.9446202,2.836568035622241,1,late,creation,,,2020-08-31 21:21:36,
FAB-18195,FAB,manual_curated,0,0.9450414,2.8446485615396186,1,late,creation,,,2020-08-31 14:33:45,
FAB-18194,FAB,manual_curated,0,0.023922,-3.7087439636253308,0,late,resolution,,,2020-08-28 18:29:07,2020-09-04 13:08:43
FAB-18193,FAB,manual_curated,1,0.8507722000000001,1.7406704101722745,1,late,creation,,,2020-08-28 03:48:01,
FAB-18192,FAB,manual_curated,0,0.0210005999999999,-3.8419800209162127,0,late,resolution,,,2020-08-27 08:32:01,2020-10-14 15:35:45
FAB-18191,FAB,manual_curated,0,0.00752,-4.882640723263059,0,late,resolution,,,2020-08-26 22:08:40,2020-09-02 17:39:13
FAB-18188,FAB,manual_curated,0,0.0699502,-2.5874545728081997,0,late,resolution,,,2020-08-25 23:20:01,2020-08-26 17:46:56
FAB-18187,FAB,manual_curated,0,0.732399,1.0068283822574429,1,late,resolution,,,2020-08-25 17:22:11,2020-08-27 00:19:02
FAB-18186,FAB,manual_curated,0,0.8013452000000001,1.394723170459972,1,late,creation,,,2020-08-25 16:10:37,
FAB-18185,FAB,manual_curated,0,0.7085427999999999,0.8883172983693247,1,late,creation,,,2020-08-25 03:31:26,
FAB-18184,FAB,manual_curated,0,0.018095,-3.993858905314819,0,late,resolution,,,2020-08-24 03:29:53,2020-08-27 18:32:18
FAB-18183,FAB,manual_curated,0,0.2228927999999999,-1.2488873689994726,0,late,resolution,,,2020-08-22 02:30:58,2020-08-24 03:15:42
FAB-18182,FAB,manual_curated,0,0.0968435999999999,-2.232798432762405,0,late,creation,,,2020-08-21 15:38:30,
FAB-18181,FAB,manual_curated,0,0.341222,-0.6578533118453764,0,late,creation,,,2020-08-21 15:34:48,
FAB-18180,FAB,manual_curated,1,0.7384174,1.0377591437652727,1,late,creation,,,2020-08-21 15:32:42,
FAB-18178,FAB,manual_curated,0,0.9621942,3.2367537713859504,1,late,creation,,,2020-08-21 13:23:46,
FAB-18177,FAB,manual_curated,0,0.0168052,-4.069118907058988,0,late,resolution,,,2020-08-20 09:08:25,2020-08-23 15:44:39
FAB-18174,FAB,manual_curated,0,0.1074238,-2.117330129146009,0,late,resolution,,,2020-08-19 12:07:31,2020-08-19 14:23:16
FAB-18172,FAB,manual_curated,1,0.8721318,1.9199405133491945,1,late,resolution,,,2020-08-18 15:15:59,2020-08-18 15:26:32
FAB-18170,FAB,manual_curated,0,0.8248719999999998,1.5497110876508582,1,late,creation,,,2020-08-17 23:45:55,
FAB-18169,FAB,manual_curated,0,0.4046903999999999,-0.385959276026732,0,late,resolution,,,2020-08-17 21:25:07,2020-08-28 16:42:17
FAB-18168,FAB,manual_curated,0,0.0199792,-3.892882063550434,0,late,resolution,,,2020-08-17 17:55:56,2020-10-12 03:16:27
FAB-18167,FAB,manual_curated,0,0.0158034,-4.131600567087189,0,late,resolution,,,2020-08-15 20:17:47,2020-08-17 18:02:11
FAB-18166,FAB,manual_curated,0,0.069598,-2.5928809195199003,0,late,creation,,,2020-08-15 01:07:27,
FAB-18165,FAB,manual_curated,1,0.8679064000000001,1.8825731125351677,1,late,creation,,,2020-08-14 20:43:06,
FAB-18164,FAB,manual_curated,0,0.3110944,-0.79500784836856,0,late,resolution,,,2020-08-14 16:33:28,2020-09-22 18:07:05
FAB-18163,FAB,manual_curated,0,0.1520698,-1.7184586951156797,0,late,resolution,,,2020-08-14 15:50:40,2020-08-24 17:24:08
FAB-18160,FAB,manual_curated,0,0.0400272,-3.1773457277084587,0,late,creation,,,2020-08-14 15:31:54,
FAB-18157,FAB,manual_curated,0,0.3731214,-0.5188490656122792,0,late,creation,,,2020-08-13 19:17:25,
FAB-18156,FAB,manual_curated,0,0.0275178,-3.565018703974034,0,late,creation,,,2020-08-13 14:51:07,
FAB-18155,FAB,manual_curated,0,0.0748607999999999,-2.5143138236427616,0,late,resolution,,,2020-08-13 13:24:14,2020-09-21 14:22:29
FAB-18153,FAB,manual_curated,0,0.0106932,-4.527396470427969,0,late,resolution,,,2020-08-12 21:29:04,2020-08-13 13:40:36
FAB-18152,FAB,manual_curated,1,0.9603786,3.1879582053813404,1,late,creation,,,2020-08-12 17:43:37,
FAB-18151,FAB,manual_curated,0,0.0120095999999999,-4.4099666511429145,0,late,resolution,,,2020-08-12 15:29:17,2020-08-12 21:36:48
FAB-18150,FAB,manual_curated,1,0.8227116000000001,1.5348279288825208,1,late,creation,,,2020-08-12 14:14:06,
FAB-18148,FAB,manual_curated,0,0.2300774,-1.207874216263203,0,late,creation,,,2020-08-12 10:50:00,
FAB-18147,FAB,manual_curated,1,0.9324022,2.624188828520537,1,late,creation,,,2020-08-12 08:06:12,
FAB-18146,FAB,manual_curated,0,0.0276244,-3.561042709427608,0,late,creation,,,2020-08-11 19:39:54,
FAB-18145,FAB,manual_curated,0,0.9493298,2.9304182953579465,1,late,resolution,,,2020-08-11 03:10:37,2020-09-17 15:26:38
FAB-18135,FAB,manual_curated,0,0.597437,0.39479723256650573,1,late,resolution,,,2020-08-10 21:16:47,2020-10-05 20:13:27
FAB-18134,FAB,manual_curated,0,0.0077068,-4.857915572105947,0,late,creation,,,2020-08-10 18:23:00,
FAB-18133,FAB,manual_curated,0,0.7171822,0.9305270486333059,1,late,creation,,,2020-08-10 16:35:31,
FAB-18132,FAB,manual_curated,0,0.2107415999999999,-1.3204610319606043,0,late,creation,,,2020-08-10 15:26:34,
FAB-18131,FAB,manual_curated,0,0.5666142000000001,0.2680503244789724,1,late,resolution,,,2020-08-10 14:50:27,2020-09-14 14:22:51
FAB-18130,FAB,manual_curated,0,0.425985,-0.2982513940004686,0,late,creation,,,2020-08-10 14:48:32,
FAB-18129,FAB,manual_curated,0,0.1160016,-2.030851268566565,0,late,resolution,,,2020-08-10 14:42:08,2020-10-13 07:57:25
FAB-18128,FAB,manual_curated,0,0.050734,-2.9290927571044216,0,late,resolution,,,2020-08-10 14:38:03,2020-09-28 17:59:14
FAB-18127,FAB,manual_curated,0,0.5014472,0.00578881616540423,1,late,resolution,,,2020-08-10 13:44:21,2020-10-02 13:50:30
FAB-18126,FAB,manual_curated,0,0.7974691999999999,1.3705512394773642,1,late,resolution,,,2020-08-10 13:28:19,2020-09-10 13:02:40
FAB-18125,FAB,manual_curated,0,0.5384602,0.1541452941140884,1,late,resolution,,,2020-08-10 13:15:52,2020-09-01 14:08:44
FAB-18124,FAB,manual_curated,0,0.0190148,-3.9433397494924667,0,late,resolution,,,2020-08-10 11:15:16,2020-08-11 05:11:20
FAB-18123,FAB,manual_curated,0,0.6843282,0.7737345608395942,1,late,resolution,,,2020-08-09 18:47:15,2020-08-10 15:17:48
FAB-18122,FAB,manual_curated,0,0.0201365999999999,-3.884874119427232,0,late,resolution,,,2020-08-09 12:31:00,2020-08-10 15:18:09
FAB-18121,FAB,manual_curated,0,0.5071251999999999,0.02850272949130742,1,late,creation,,,2020-08-09 09:06:47,
FAB-18120,FAB,manual_curated,0,0.5940148,0.38058752914183847,1,late,resolution,,,2020-08-07 03:49:39,2020-08-28 16:42:47
FAB-18119,FAB,manual_curated,0,0.786081,1.301462401856701,1,late,creation,,,2020-08-06 16:09:13,
FAB-18118,FAB,manual_curated,0,0.0095288,-4.643861997907201,0,late,creation,,,2020-08-06 04:29:12,
FAB-18117,FAB,manual_curated,0,0.9229814,2.483562131495798,1,late,resolution,,,2020-08-05 19:45:52,2020-09-17 15:26:19
FAB-18115,FAB,manual_curated,0,0.8494833999999999,1.7305550229048794,1,late,creation,,,2020-08-05 12:49:18,
FAB-18114,FAB,manual_curated,0,0.0101726,-4.577832753224153,0,late,creation,,,2020-08-05 03:31:13,
FAB-18113,FAB,manual_curated,1,0.9454834,2.853191088648249,1,late,creation,,,2020-08-04 22:56:48,
FAB-18112,FAB,manual_curated,0,0.0359822,-3.288085387436662,0,late,resolution,,,2020-08-04 00:26:30,2020-08-04 17:49:23
FAB-18111,FAB,manual_curated,0,0.8546784000000001,1.7717760403505476,1,late,resolution,,,2020-08-03 18:06:55,2020-10-06 17:52:30
FAB-18110,FAB,manual_curated,0,0.0146213999999999,-4.210539723833905,0,late,creation,,,2020-08-03 15:39:40,
FAB-18109,FAB,manual_curated,0,0.9012574,2.211274435119283,1,late,creation,,,2020-08-03 13:38:13,
FAB-18108,FAB,manual_curated,0,0.85613,1.7835121197207253,1,late,creation,,,2020-08-03 09:59:30,
FAB-18107,FAB,manual_curated,0,0.5541422,0.21742126541034856,1,late,creation,,,2020-07-30 20:17:50,
FAB-18106,FAB,manual_curated,1,0.8526332,1.7554047263504409,1,late,creation,,,2020-07-30 14:59:28,
FAB-18104,FAB,manual_curated,0,0.831078,1.593286583346618,1,late,creation,,,2020-07-30 14:27:08,
FAB-18103,FAB,manual_curated,0,0.0171808,-4.046632695229621,0,late,resolution,,,2020-07-30 14:13:04,2020-08-03 12:25:17
FAB-18102,FAB,manual_curated,0,0.0144204,-4.224586023789982,0,late,creation,,,2020-07-30 11:59:55,
FAB-18101,FAB,manual_curated,0,0.0238921999999999,-3.710020985295657,0,late,resolution,,,2020-07-29 13:42:38,2020-07-30 11:43:42
FAB-18100,FAB,manual_curated,0,0.6222416,0.4990736039244371,1,late,creation,,,2020-07-29 10:24:53,
FAB-18099,FAB,manual_curated,1,0.7294518,0.9918430221748594,1,late,creation,,,2020-07-28 21:40:56,
FAB-18098,FAB,manual_curated,0,0.2520264,-1.0878338393049383,0,late,resolution,,,2020-07-28 20:29:29,2020-10-06 18:30:41
FAB-18096,FAB,manual_curated,0,0.1156396,-2.034386213729968,0,late,creation,,,2020-07-27 21:43:43,
FAB-18095,FAB,manual_curated,0,0.0182432,-3.9855512119859324,0,late,creation,,,2020-07-27 21:36:05,
FAB-18093,FAB,manual_curated,0,0.101554,-2.1800759275366137,0,late,resolution,,,2020-07-24 20:45:16,2020-08-17 20:31:43
FAB-18092,FAB,manual_curated,0,0.1026584,-2.1680296429524226,0,late,resolution,,,2020-07-24 15:18:10,2020-08-11 14:03:09
FAB-18075,FAB,manual_curated,1,0.522152,0.0886660429455834,1,late,creation,,,2020-07-20 04:19:02,
FAB-17974,FAB,manual_curated,1,0.9404106,2.758838882496916,1,late,creation,,,2020-06-10 03:45:06,
FAB-17973,FAB,manual_curated,1,0.9623152,3.240085217597617,1,late,creation,,,2020-06-10 03:40:58,
FAB-17966,FAB,manual_curated,1,0.9364262,2.6898692789353187,1,late,creation,,,2020-06-08 14:05:29,
FAB-17891,FAB,manual_curated,1,0.9024384,2.2246164596526823,1,late,creation,,,2020-05-14 07:57:47,
FAB-17712,FAB,manual_curated,1,0.9735502,3.6057007931562843,1,late,creation,,,2020-04-05 08:42:54,
FAB-17592,FAB,manual_curated,1,0.8867086000000001,2.0575531447472204,1,late,resolution,,,2020-03-06 19:44:50,2020-03-20 15:39:44
FAB-17591,FAB,manual_curated,1,0.9090352,2.3019111988015983,1,late,resolution,,,2020-03-06 19:42:28,2020-03-20 15:19:40
FAB-17545,FAB,manual_curated,1,0.8794881999999999,1.9875924739260227,1,late,resolution,,,2020-02-26 13:25:00,2020-03-19 15:47:03
FAB-17537,FAB,manual_curated,1,0.62135,0.49528223469217175,1,late,creation,,,2020-02-26 04:30:33,
FAB-17430,FAB,manual_curated,1,0.9315692,2.6110474603889355,1,late,resolution,,,2020-01-22 21:40:56,2020-06-10 04:29:47
FAB-17339,FAB,manual_curated,1,0.8772144,1.966311687284215,1,late,resolution,,,2020-01-09 15:53:25,2020-01-15 20:36:05
FAB-17225,FAB,manual_curated,1,0.8478916,1.7181593728674887,1,late,resolution,,,2019-12-09 13:48:29,2020-01-20 04:22:45
FAB-17052,FAB,manual_curated,1,0.3286706,-0.7142038921975896,0,late,resolution,,,2019-11-11 19:30:01,2019-11-18 15:53:31
FAB-17036,FAB,manual_curated,1,0.8454738,1.6995335190283136,1,late,resolution,,,2019-11-08 15:03:49,2020-01-30 14:42:36
FAB-16770,FAB,manual_curated,1,0.9438052,2.821095562990587,1,late,creation,,,2019-10-04 21:57:39,
FAB-16662,FAB,manual_curated,1,0.3501736,-0.6182762187790942,0,late,resolution,,,2019-09-19 22:05:24,2019-12-10 17:49:33
FAB-16531,FAB,manual_curated,1,0.7667068,1.1898084281235202,1,late,resolution,,,2019-09-07 17:30:19,2019-10-22 18:38:19
FAB-16449,FAB,manual_curated,1,0.0307494,-3.450652713719144,0,late,resolution,,,2019-08-27 20:43:15,2019-08-28 16:41:04
FAB-16264,FAB,manual_curated,1,0.8848155999999999,2.038844939290258,1,late,resolution,,,2019-08-08 20:30:17,2020-06-10 04:38:54
FAB-16262,FAB,manual_curated,1,0.9378864,2.7146638663575775,1,late,resolution,,,2019-08-08 17:49:38,2019-12-03 20:11:25
FAB-16240,FAB,manual_curated,1,0.9793244,3.857908685127614,1,late,creation,,,2019-08-06 21:55:18,
FAB-16154,FAB,manual_curated,1,0.9533718,3.017799455665475,1,late,creation,,,2019-07-31 15:36:37,
FAB-16102,FAB,manual_curated,1,0.5954948000000001,0.38672806480645383,1,late,creation,,,2019-07-26 10:37:50,
FAB-15922,FAB,manual_curated,1,0.9016844,2.2160818572762544,1,late,resolution,,,2019-07-10 22:17:19,2019-07-15 17:35:48
FAB-15724,FAB,manual_curated,1,0.6967902,0.8320593859998636,1,late,resolution,,,2019-06-16 07:25:38,2019-12-04 13:20:36
FAB-15710,FAB,manual_curated,1,0.9822412,4.012955731662122,1,late,resolution,,,2019-06-13 16:42:30,2020-07-20 12:49:00
FAB-15634,FAB,manual_curated,1,0.948189,2.9069513675390355,1,late,resolution,,,2019-06-05 12:24:38,2019-11-28 09:20:36
FAB-15574,FAB,manual_curated,1,0.9094134,2.3064934770319865,1,late,creation,,,2019-05-29 13:09:01,
FAB-15481,FAB,manual_curated,1,0.9733922,3.5995826783315232,1,late,creation,,,2019-05-20 12:27:15,
FAB-15427,FAB,manual_curated,1,0.9713496,3.5235190400178222,1,late,creation,,,2019-05-10 11:28:08,
FAB-15337,FAB,manual_curated,1,0.900748,2.2055634587560555,1,late,creation,,,2019-05-03 21:46:28,
FAB-15258,FAB,manual_curated,1,0.7608541999999999,1.1573683417202014,1,late,resolution,,,2019-04-23 15:32:15,2020-01-14 17:18:21
FAB-14618,FAB,manual_curated,1,0.7440978,1.0673771375699554,1,late,resolution,,,2019-03-13 05:12:54,2019-03-29 04:03:46
FAB-14296,FAB,manual_curated,1,0.9573348,3.1107695738715853,1,middle,resolution,,,2019-02-21 16:17:24,2019-02-22 16:47:22
JRASERVER-71733,JRASERVER,manual_curated,0,0.004476,-5.404539441252164,0,late,creation,,,2020-10-23 20:38:11,
JRASERVER-71732,JRASERVER,manual_curated,0,0.006177,-5.0807264056762875,0,late,creation,,,2020-10-23 20:25:56,
JRASERVER-71731,JRASERVER,manual_curated,0,0.005193,-5.25523718363258,0,late,creation,,,2020-10-23 18:53:40,
JRASERVER-71730,JRASERVER,manual_curated,0,0.0058314,-5.138649701224012,0,late,creation,,,2020-10-23 12:54:33,
JRASERVER-71729,JRASERVER,manual_curated,0,0.0053044,-5.2339000958830235,0,late,creation,,,2020-10-23 11:38:25,
JRASERVER-71727,JRASERVER,manual_curated,0,0.633746,0.5483211614750494,1,late,creation,,,2020-10-23 02:05:35,
JRASERVER-71726,JRASERVER,manual_curated,0,0.00426,-5.4542170190486505,0,late,creation,,,2020-10-22 20:57:43,
JRASERVER-71725,JRASERVER,manual_curated,0,0.9707443999999998,3.5019921915150847,1,late,creation,,,2020-10-22 03:18:59,
JRASERVER-71724,JRASERVER,manual_curated,0,0.7563489999999999,1.1327660363391234,1,late,creation,,,2020-10-21 22:16:50,
JRASERVER-71723,JRASERVER,manual_curated,0,0.0048386,-5.326279512371528,0,late,creation,,,2020-10-21 21:53:06,
JRASERVER-71721,JRASERVER,manual_curated,0,0.3980924,-0.4134198060128737,0,late,creation,,,2020-10-21 20:57:26,
JRASERVER-71728,JRASERVER,manual_curated,0,0.0061482,-5.085428744921879,0,late,creation,,,2020-10-21 08:25:22,
JRASERVER-71720,JRASERVER,manual_curated,0,0.4679534,-0.12836236118008884,0,late,resolution,,,2020-10-20 21:05:37,2020-10-20 21:06:49
JRASERVER-71719,JRASERVER,manual_curated,0,0.1259973999999999,-1.9368220786615467,0,late,creation,,,2020-10-20 15:33:14,
JRASERVER-71718,JRASERVER,manual_curated,1,0.9543624000000002,3.040311535368332,1,late,creation,,,2020-10-20 07:56:57,
JRASERVER-71717,JRASERVER,manual_curated,0,0.0049248,-5.308534647529752,0,late,creation,,,2020-10-20 07:29:41,
JRASERVER-71716,JRASERVER,manual_curated,0,0.4338884,-0.2660038737356206,0,late,creation,,,2020-10-20 04:30:15,
JRASERVER-71715,JRASERVER,manual_curated,0,0.004898,-5.314018285937378,0,late,creation,,,2020-10-19 23:35:16,
JRASERVER-71713,JRASERVER,manual_curated,0,0.9757218000000002,3.6935986764450455,1,late,creation,,,2020-10-19 19:24:05,
JRASERVER-71712,JRASERVER,manual_curated,1,0.9537736,3.026875263266425,1,late,creation,,,2020-10-19 18:43:24,
JRASERVER-71711,JRASERVER,manual_curated,0,0.0039894,-5.520117056443921,0,late,creation,,,2020-10-19 12:27:10,
JRASERVER-71709,JRASERVER,manual_curated,1,0.6566137999999999,0.648240260924496,1,late,creation,,,2020-10-17 00:47:37,
JRASERVER-71708,JRASERVER,manual_curated,0,0.0052669999999999,-5.2410134189387385,0,late,resolution,,,2020-10-16 21:17:26,2020-10-18 14:24:49
JRASERVER-71707,JRASERVER,manual_curated,0,0.0293104,-3.5000643448939375,0,late,creation,,,2020-10-16 15:49:06,
JRASERVER-71706,JRASERVER,manual_curated,0,0.0056302,-5.1739642041635925,0,late,resolution,,,2020-10-16 14:57:44,2020-10-16 15:30:57
JRASERVER-71705,JRASERVER,manual_curated,1,0.267177,-1.008992839216989,0,late,creation,,,2020-10-16 08:07:37,
JRASERVER-71704,JRASERVER,manual_curated,1,0.0947392,-2.257095225683568,0,late,creation,,,2020-10-15 14:37:40,
JRASERVER-71703,JRASERVER,manual_curated,0,0.1661604,-1.6130874708394076,0,late,creation,,,2020-10-15 03:18:00,
JRASERVER-71702,JRASERVER,manual_curated,0,0.0047669999999999,-5.341259704376482,0,late,creation,,,2020-10-14 22:27:40,
JRASERVER-71701,JRASERVER,manual_curated,0,0.0070845999999999,-4.942722049796441,0,late,creation,,,2020-10-14 21:11:42,
JRASERVER-71700,JRASERVER,manual_curated,0,0.0826846,-2.4064179913217836,0,late,creation,,,2020-10-14 20:48:27,
JRASERVER-71699,JRASERVER,manual_curated,0,0.0050524,-5.282826694537565,0,late,creation,,,2020-10-14 18:20:36,
JRASERVER-71697,JRASERVER,manual_curated,0,0.0909704,-2.3018434780253556,0,late,creation,,,2020-10-14 14:04:34,
JRASERVER-71696,JRASERVER,manual_curated,0,0.048685,-2.9724742635539423,0,late,resolution,,,2020-10-14 04:41:53,2020-10-14 06:45:01
JRASERVER-71695,JRASERVER,manual_curated,0,0.0136952,-4.2769200281431,0,late,resolution,,,2020-10-13 20:36:31,2020-10-16 11:51:31
JRASERVER-71694,JRASERVER,manual_curated,0,0.4537102,-0.1856909359341244,0,late,creation,,,2020-10-13 18:57:09,
JRASERVER-71693,JRASERVER,manual_curated,0,0.0051316,-5.267192965711714,0,late,creation,,,2020-10-13 17:45:16,
JRASERVER-71691,JRASERVER,manual_curated,0,0.0048534,-5.323210572719202,0,late,creation,,,2020-10-13 11:32:47,
JRASERVER-71688,JRASERVER,manual_curated,0,0.0862554,-2.3602384386865247,0,late,creation,,,2020-10-12 23:06:24,
JRASERVER-71687,JRASERVER,manual_curated,0,0.0175548,-4.024717149316544,0,late,creation,,,2020-10-12 14:19:44,
JRASERVER-71686,JRASERVER,manual_curated,0,0.7950177999999999,1.355441358240551,1,late,creation,,,2020-10-12 06:47:32,
JRASERVER-71685,JRASERVER,manual_curated,1,0.0128765999999999,-4.339383346274401,0,late,resolution,,,2020-10-12 00:20:20,2020-10-12 00:30:20
JRASERVER-71684,JRASERVER,manual_curated,1,0.9420316000000002,2.7881407851735496,1,late,creation,,,2020-10-09 13:54:45,
JRASERVER-71683,JRASERVER,manual_curated,0,0.7071013999999999,0.8813476044922683,1,late,creation,,,2020-10-09 11:41:09,
JRASERVER-71682,JRASERVER,manual_curated,0,0.3008088,-0.8434493914828617,0,late,creation,,,2020-10-09 09:15:42,
JRASERVER-71681,JRASERVER,manual_curated,0,0.0037456,-5.583420828902271,0,late,creation,,,2020-10-08 22:06:15,
JRASERVER-71680,JRASERVER,manual_curated,0,0.346888,-0.6327466693729491,0,late,creation,,,2020-10-08 21:28:35,
JRASERVER-71678,JRASERVER,manual_curated,0,0.0058228,-5.140134214677771,0,late,creation,,,2020-10-08 17:04:00,
JRASERVER-71676,JRASERVER,manual_curated,0,0.005601,-5.179193381336764,0,late,creation,,,2020-10-08 16:20:04,
JRASERVER-71674,JRASERVER,manual_curated,0,0.0268631999999999,-3.589767348136827,0,late,creation,,,2020-10-08 14:10:41,
JRASERVER-71671,JRASERVER,manual_curated,0,0.9444956,2.8341887314919836,1,late,creation,,,2020-10-08 12:16:55,
JRASERVER-71670,JRASERVER,manual_curated,1,0.9256778,2.522116530144282,1,late,creation,,,2020-10-08 11:31:48,
JRASERVER-71669,JRASERVER,manual_curated,0,0.0993346,-2.2046398740515456,0,late,creation,,,2020-10-08 08:10:37,
JRASERVER-71668,JRASERVER,manual_curated,0,0.0375781999999999,-3.2430287210878053,0,late,creation,,,2020-10-08 08:10:02,
JRASERVER-71667,JRASERVER,manual_curated,0,0.0528098,-2.886803138242286,0,late,creation,,,2020-10-08 08:09:34,
JRASERVER-71666,JRASERVER,manual_curated,0,0.1378156,-1.833552609180286,0,late,creation,,,2020-10-08 08:09:13,
JRASERVER-71665,JRASERVER,manual_curated,0,0.0552668,-2.8387301930139404,0,late,creation,,,2020-10-08 08:08:54,
JRASERVER-71664,JRASERVER,manual_curated,0,0.086368,-2.3588106277224483,0,late,creation,,,2020-10-08 08:08:32,
JRASERVER-71663,JRASERVER,manual_curated,0,0.0459916,-3.032213705322524,0,late,creation,,,2020-10-08 08:08:13,
JRASERVER-71662,JRASERVER,manual_curated,0,0.1788092,-1.5244361664102366,0,late,creation,,,2020-10-08 08:07:52,
JRASERVER-71661,JRASERVER,manual_curated,0,0.171451,-1.5753784666511315,0,late,creation,,,2020-10-08 08:07:29,
JRASERVER-71689,JRASERVER,manual_curated,0,0.0055416,-5.189914999627508,0,late,creation,,,2020-10-08 03:41:27,
JRASERVER-71655,JRASERVER,manual_curated,0,0.0060694,-5.098407631907378,0,late,creation,,,2020-10-07 21:24:00,
JRASERVER-71654,JRASERVER,manual_curated,0,0.0223805999999999,-3.776925920561739,0,late,creation,,,2020-10-07 12:39:05,
JRASERVER-71653,JRASERVER,manual_curated,0,0.9495288,2.9345629849754897,1,late,creation,,,2020-10-07 10:16:09,
JRASERVER-71652,JRASERVER,manual_curated,0,0.0079788,-4.8229564538099865,0,late,resolution,,,2020-10-06 23:57:20,2020-10-09 14:11:34
JRASERVER-71650,JRASERVER,manual_curated,0,0.4989709999999999,-0.00411600581093474,0,late,creation,,,2020-10-06 22:04:56,
JRASERVER-71649,JRASERVER,manual_curated,0,0.8668346,1.8732562211982815,1,late,creation,,,2020-10-06 20:05:25,
JRASERVER-71648,JRASERVER,manual_curated,0,0.0435958,-3.088219811602832,0,late,creation,,,2020-10-06 14:19:59,
JRASERVER-71647,JRASERVER,manual_curated,0,0.0043522,-5.432712116210377,0,late,creation,,,2020-10-06 11:35:15,
JRASERVER-71646,JRASERVER,manual_curated,0,0.009747,-4.621000920680359,0,late,resolution,,,2020-10-05 21:20:57,2020-10-08 07:58:11
JRASERVER-71644,JRASERVER,manual_curated,0,0.0041514,-5.480149611247394,0,late,creation,,,2020-10-02 07:41:51,
JRASERVER-71643,JRASERVER,manual_curated,0,0.2134265999999999,-1.3043930633538035,0,late,creation,,,2020-10-01 10:24:26,
JRASERVER-71642,JRASERVER,manual_curated,0,0.1314373999999999,-1.8883089687348076,0,late,creation,,,2020-10-01 09:00:25,
JRASERVER-71641,JRASERVER,manual_curated,0,0.004714,-5.352493328528429,0,late,creation,,,2020-10-01 07:56:09,
JRASERVER-71640,JRASERVER,manual_curated,0,0.8007038,1.390698930611301,1,late,creation,,,2020-09-30 23:10:40,
JRASERVER-71639,JRASERVER,manual_curated,0,0.0684582,-2.610617722863508,0,late,creation,,,2020-09-30 19:38:48,
JRASERVER-71638,JRASERVER,manual_curated,0,0.005562,-5.186219997652983,0,late,creation,,,2020-09-30 18:26:07,
JRASERVER-71637,JRASERVER,manual_curated,0,0.0058354,-5.137959971277562,0,late,creation,,,2020-09-30 17:59:34,
JRASERVER-71636,JRASERVER,manual_curated,1,0.9571908,3.1072497118619085,1,late,creation,,,2020-09-30 16:19:20,
JRASERVER-71633,JRASERVER,manual_curated,0,0.0058928,-5.128113781215327,0,late,resolution,,,2020-09-30 08:26:45,2020-10-07 13:58:15
JRASERVER-71632,JRASERVER,manual_curated,0,0.5101739999999999,0.04070161800130522,1,late,creation,,,2020-09-30 01:51:35,
JRASERVER-71656,JRASERVER,manual_curated,1,0.9905656,4.653913509329115,1,late,creation,,,2020-09-29 20:48:12,
JRASERVER-71631,JRASERVER,manual_curated,0,0.0479916,-2.987547862688246,0,late,creation,,,2020-09-29 16:30:09,
JRASERVER-71630,JRASERVER,manual_curated,0,0.1337076,-1.8685671697429762,0,late,creation,,,2020-09-29 14:04:38,
JRASERVER-71629,JRASERVER,manual_curated,0,0.0039628,-5.526833760167979,0,late,creation,,,2020-09-29 12:52:17,
JRASERVER-71628,JRASERVER,manual_curated,0,0.0070702,-4.944771198630616,0,late,resolution,,,2020-09-29 03:58:55,2020-10-07 09:30:34
JRASERVER-71625,JRASERVER,manual_curated,0,0.0066588,-5.00513492212535,0,late,resolution,,,2020-09-28 15:21:01,2020-10-01 13:07:11
JRASERVER-71624,JRASERVER,manual_curated,1,0.9627482,3.2520916372432813,1,late,creation,,,2020-09-28 11:20:44,
JRASERVER-71623,JRASERVER,manual_curated,0,0.2022942,-1.3720167843234465,0,late,creation,,,2020-09-28 05:09:23,
JRASERVER-71622,JRASERVER,manual_curated,0,0.0052168,-5.250640636873147,0,late,creation,,,2020-09-25 20:43:03,
JRASERVER-71621,JRASERVER,manual_curated,0,0.0053278,-5.22947484064675,0,late,creation,,,2020-09-25 19:54:35,
JRASERVER-71620,JRASERVER,manual_curated,0,0.0063136,-5.058715627074295,0,late,creation,,,2020-09-25 16:10:13,
JRASERVER-71619,JRASERVER,manual_curated,0,0.1399288,-1.8158814547038467,0,late,creation,,,2020-09-25 16:01:18,
JRASERVER-71618,JRASERVER,manual_curated,0,0.0054536,-5.2060108127505655,0,late,creation,,,2020-09-25 15:23:07,
JRASERVER-71617,JRASERVER,manual_curated,0,0.0041222,-5.487237557867359,0,late,creation,,,2020-09-25 14:52:50,
JRASERVER-71616,JRASERVER,manual_curated,0,0.005212,-5.25156598986772,0,late,creation,,,2020-09-25 14:32:41,
JRASERVER-71614,JRASERVER,manual_curated,0,0.5386382000000001,0.15486155167372087,1,late,creation,,,2020-09-25 08:57:24,
JRASERVER-71609,JRASERVER,manual_curated,0,0.1218496,-1.9750303800295215,0,late,creation,,,2020-09-24 18:04:46,
JRASERVER-71607,JRASERVER,manual_curated,0,0.9759214,3.702058571167702,1,late,creation,,,2020-09-24 11:23:06,
JRASERVER-71606,JRASERVER,manual_curated,0,0.0203056,-3.876343976224976,0,late,creation,,,2020-09-24 09:08:16,
JRASERVER-71603,JRASERVER,manual_curated,0,0.2214908,-1.2569997551682952,0,late,resolution,,,2020-09-23 19:43:45,2020-10-02 02:57:50
JRASERVER-71602,JRASERVER,manual_curated,1,0.988857,4.4857382326081305,1,late,creation,,,2020-09-23 19:01:44,
JRASERVER-71601,JRASERVER,manual_curated,0,0.0048806,-5.317594566832273,0,late,creation,,,2020-09-23 18:41:37,
JRASERVER-71600,JRASERVER,manual_curated,0,0.0854964,-2.3699071346074314,0,late,creation,,,2020-09-23 17:34:40,
JRASERVER-71599,JRASERVER,manual_curated,0,0.0035624,-5.633752043499747,0,late,creation,,,2020-09-23 15:05:50,
JRASERVER-71598,JRASERVER,manual_curated,0,0.961482,3.217350179602747,1,late,creation,,,2020-09-23 14:52:27,
JRASERVER-71597,JRASERVER,manual_curated,0,0.0078608,-4.837975037588979,0,late,creation,,,2020-09-23 11:43:33,
JRASERVER-71596,JRASERVER,manual_curated,0,0.0043448,-5.434421285171374,0,late,creation,,,2020-09-23 10:48:40,
JRASERVER-71594,JRASERVER,manual_curated,0,0.0046422,-5.367913878707355,0,late,creation,,,2020-09-23 03:21:00,
JRASERVER-71592,JRASERVER,manual_curated,0,0.4438516,-0.22554489278292641,0,late,creation,,,2020-09-22 17:40:14,
JRASERVER-71591,JRASERVER,manual_curated,0,0.0602344,-2.7473868647830555,0,late,creation,,,2020-09-22 14:29:25,
JRASERVER-71590,JRASERVER,manual_curated,0,0.0710378,-2.5708559193372995,0,late,creation,,,2020-09-22 14:00:00,
JRASERVER-71589,JRASERVER,manual_curated,0,0.2458204,-1.1210293479377869,0,late,creation,,,2020-09-22 10:52:25,
JRASERVER-71587,JRASERVER,manual_curated,0,0.3252098,-0.7299313152238299,0,late,creation,,,2020-09-21 19:41:17,
JRASERVER-71586,JRASERVER,manual_curated,0,0.029737,-3.485175107067444,0,late,creation,,,2020-09-21 14:34:58,
JRASERVER-71585,JRASERVER,manual_curated,0,0.006375,-5.048975780848787,0,late,creation,,,2020-09-21 13:34:07,
JRASERVER-71584,JRASERVER,manual_curated,0,0.234458,-1.183307612325637,0,late,creation,,,2020-09-21 11:54:34,
JRASERVER-71583,JRASERVER,manual_curated,0,0.4891690000000001,-0.043330778392186554,0,late,creation,,,2020-09-21 10:27:04,
JRASERVER-71582,JRASERVER,manual_curated,1,0.7045478000000001,0.869049114543375,1,late,creation,,,2020-09-21 03:30:23,
JRASERVER-71581,JRASERVER,manual_curated,0,0.005497,-5.198040626002205,0,late,resolution,,,2020-09-18 16:54:41,2020-09-21 07:19:13
JRASERVER-71580,JRASERVER,manual_curated,0,0.004987,-5.29592127583589,0,late,creation,,,2020-09-18 16:19:10,
JRASERVER-71578,JRASERVER,manual_curated,0,0.4841,-0.06362145130495565,0,late,creation,,,2020-09-18 12:34:52,
JRASERVER-71577,JRASERVER,manual_curated,0,0.005312,-5.2324607079725896,0,late,creation,,,2020-09-18 11:09:50,
JRASERVER-71576,JRASERVER,manual_curated,0,0.9784498,3.815584385256119,1,late,creation,,,2020-09-18 10:08:09,
JRASERVER-71575,JRASERVER,manual_curated,0,0.0051534,-5.262931863400676,0,late,creation,,,2020-09-17 19:56:17,
JRASERVER-71573,JRASERVER,manual_curated,0,0.0045175999999999,-5.395246564413487,0,late,creation,,,2020-09-17 17:00:03,
JRASERVER-71571,JRASERVER,manual_curated,0,0.0044689999999999,-5.406111593198703,0,late,creation,,,2020-09-17 15:39:02,
JRASERVER-71569,JRASERVER,manual_curated,0,0.0035732,-5.630714127009348,0,late,creation,,,2020-09-17 13:24:54,
JRASERVER-71568,JRASERVER,manual_curated,0,0.0249263999999999,-3.6665854725522977,0,late,creation,,,2020-09-17 08:20:25,
JRASERVER-71567,JRASERVER,manual_curated,0,0.0060062,-5.108938700172569,0,late,creation,,,2020-09-16 23:12:03,
JRASERVER-71566,JRASERVER,manual_curated,0,0.3915514,-0.44079564212788086,0,late,creation,,,2020-09-16 17:17:37,
JRASERVER-71565,JRASERVER,manual_curated,0,0.0540217999999999,-2.8628318555873284,0,late,creation,,,2020-09-16 10:49:21,
JRASERVER-71563,JRASERVER,manual_curated,0,0.9878972,4.40214181296007,1,late,creation,,,2020-09-16 10:36:33,
JRASERVER-71562,JRASERVER,manual_curated,0,0.0054246,-5.211371748424289,0,late,creation,,,2020-09-16 05:14:33,
JRASERVER-71561,JRASERVER,manual_curated,0,0.0033783999999999,-5.686968934665414,0,late,creation,,,2020-09-16 04:43:35,
JRASERVER-71560,JRASERVER,manual_curated,0,0.0087116,-4.734350040270359,0,late,resolution,,,2020-09-16 04:13:06,2020-09-16 04:13:57
JRASERVER-71557,JRASERVER,manual_curated,1,0.9860842,4.2607168612537105,1,late,creation,,,2020-09-15 21:34:53,
JRASERVER-71556,JRASERVER,manual_curated,0,0.006111,-5.091535104488114,0,late,resolution,,,2020-09-15 21:27:57,2020-09-15 23:20:20
JRASERVER-71555,JRASERVER,manual_curated,1,0.8580954000000002,1.799560281282356,1,late,creation,,,2020-09-15 21:12:26,
JRASERVER-71554,JRASERVER,manual_curated,1,0.0085805999999999,-4.749633812557492,0,late,creation,,,2020-09-15 15:35:52,
JRASERVER-71553,JRASERVER,manual_curated,0,0.0050538,-5.282548229777744,0,late,resolution,,,2020-09-15 14:56:29,2020-09-15 14:57:47
JRASERVER-71552,JRASERVER,manual_curated,0,0.8458094,1.7021045392364758,1,late,creation,,,2020-09-15 02:11:59,
JRASERVER-71551,JRASERVER,manual_curated,1,0.8279118000000001,1.5708994908933793,1,late,creation,,,2020-09-14 17:10:43,
JRASERVER-71550,JRASERVER,manual_curated,0,0.0056376,-5.172643284705167,0,late,creation,,,2020-09-14 13:45:33,
JRASERVER-71549,JRASERVER,manual_curated,0,0.0051028,-5.272850006556155,0,late,creation,,,2020-09-14 10:04:17,
JRASERVER-71547,JRASERVER,manual_curated,0,0.7801332000000001,1.2664427658897133,1,late,creation,,,2020-09-13 10:08:28,
JRASERVER-71546,JRASERVER,manual_curated,0,0.0048061999999999,-5.333030740965225,0,late,creation,,,2020-09-11 20:46:11,
JRASERVER-71487,JRASERVER,manual_curated,1,0.9782174,3.80462044976648,1,late,creation,,,2020-08-28 07:38:14,
JRASERVER-71372,JRASERVER,manual_curated,1,0.987119,4.339037242127753,1,late,creation,,,2020-07-29 16:28:11,
JRASERVER-71327,JRASERVER,manual_curated,1,0.9884434,4.448874680162812,1,late,creation,,,2020-07-20 09:46:53,
JRASERVER-70917,JRASERVER,manual_curated,1,0.9904534,4.641977747926152,1,late,creation,,,2020-04-16 13:38:15,
JRASERVER-70835,JRASERVER,manual_curated,1,0.9915814,4.768857498775702,1,late,creation,,,2020-03-30 08:42:20,
JRASERVER-70688,JRASERVER,manual_curated,1,0.988241,4.431307690286714,1,late,creation,,,2020-02-21 11:29:59,
JRASERVER-70680,JRASERVER,manual_curated,1,0.9866614,4.30366483334405,1,late,creation,,,2020-02-20 14:30:44,
JRASERVER-70669,JRASERVER,manual_curated,1,0.9848172,4.172292832006934,1,late,creation,,,2020-02-18 23:36:24,
JRASERVER-71168,JRASERVER,manual_curated,1,0.9880412,4.414256988242797,1,late,creation,,,2019-12-03 20:46:15,
JRASERVER-70282,JRASERVER,manual_curated,1,0.9909668,4.697774353294169,1,late,creation,,,2019-11-20 08:40:09,
JRASERVER-69892,JRASERVER,manual_curated,1,0.6638532,0.6805130713863258,1,late,creation,,,2019-08-30 19:04:52,
JRASERVER-69860,JRASERVER,manual_curated,1,0.2918438,-0.8864459631947794,0,late,creation,,,2019-08-23 19:01:45,
JRASERVER-69829,JRASERVER,manual_curated,1,0.978969,3.8405024373633734,1,late,resolution,,,2019-08-16 05:47:38,2019-08-26 08:20:59
JRASERVER-69757,JRASERVER,manual_curated,1,0.991908,4.808754441743092,1,late,creation,,,2019-08-07 08:13:48,
JRASERVER-69691,JRASERVER,manual_curated,1,0.97649,3.726538647056916,1,late,creation,,,2019-07-29 18:31:52,
JRASERVER-69429,JRASERVER,manual_curated,1,0.9871852,4.344256908159108,1,late,creation,,,2019-06-04 00:40:13,
JRASERVER-69428,JRASERVER,manual_curated,1,0.9876384,4.380721745363829,1,late,creation,,,2019-06-03 22:52:22,
JRASERVER-69350,JRASERVER,manual_curated,1,0.980839,3.935531364602242,1,late,creation,,,2019-05-17 14:00:04,
JRASERVER-69347,JRASERVER,manual_curated,1,0.980483,3.9167594267442194,1,late,creation,,,2019-05-17 11:17:39,
JRASERVER-69311,JRASERVER,manual_curated,1,0.983046,4.060152120389981,1,late,creation,,,2019-05-09 15:50:30,
JRASERVER-69257,JRASERVER,manual_curated,1,0.983555,4.091152079349436,1,late,creation,,,2019-04-30 20:56:53,
JRASERVER-69253,JRASERVER,manual_curated,1,0.990547,4.651925164352034,1,late,creation,,,2019-04-30 13:01:39,
JRASERVER-69217,JRASERVER,manual_curated,1,0.9553896,3.064152199704235,1,late,creation,,,2019-04-24 14:21:45,
JRASERVER-69161,JRASERVER,manual_curated,1,0.9332902,2.6383643234758947,1,late,creation,,,2019-04-15 01:20:06,
JRASERVER-68988,JRASERVER,manual_curated,1,0.989028,4.501376069572278,1,late,creation,,,2019-03-12 00:26:59,
JRASERVER-68798,JRASERVER,manual_curated,1,0.8129303999999999,1.4691647569055708,1,late,resolution,,,2019-02-04 18:21:57,2019-03-27 09:38:53
JRASERVER-68763,JRASERVER,manual_curated,1,0.9789028,3.837292022362143,1,late,creation,,,2019-01-28 23:22:42,
JRASERVER-68674,JRASERVER,manual_curated,1,0.989486,4.544477913985391,1,late,creation,,,2019-01-08 21:07:14,
JRASERVER-68663,JRASERVER,manual_curated,1,0.9708996,3.5074711445996942,1,late,creation,,,2019-01-07 05:32:23,
JRASERVER-68619,JRASERVER,manual_curated,1,0.9619682,3.2305587421117656,1,late,creation,,,2018-12-21 23:41:34,
JRASERVER-68570,JRASERVER,manual_curated,1,0.8351056,1.6222529149072813,1,late,creation,,,2018-12-11 02:34:57,
JRASERVER-68557,JRASERVER,manual_curated,1,0.9862194,4.270617039060865,1,late,creation,,,2018-12-07 16:14:39,
JRASERVER-68539,JRASERVER,manual_curated,1,0.98639,4.283246997260269,1,late,creation,,,2018-12-05 00:14:28,
JRASERVER-68496,JRASERVER,manual_curated,1,0.985803,4.240425862798842,1,late,creation,,,2018-11-26 11:25:21,
JRASERVER-68393,JRASERVER,manual_curated,1,0.9894724,4.543171491838219,1,late,creation,,,2018-11-06 09:58:23,
MESOS-10194,MESOS,manual_curated,0,0.0199545999999999,-3.8941392039238814,0,late,creation,,,2020-10-19 16:53:27,
MESOS-10192,MESOS,manual_curated,0,0.021184,-3.8330974982271075,0,late,resolution,,,2020-10-04 04:49:47,2020-10-13 03:33:25
MESOS-10191,MESOS,manual_curated,0,0.1346318,-1.860611436223489,0,late,creation,,,2020-09-30 19:40:20,
MESOS-10190,MESOS,manual_curated,0,0.017078,-4.052738682581618,0,late,creation,,,2020-09-17 16:35:19,
MESOS-10187,MESOS,manual_curated,1,0.8955490000000002,2.1487188761228317,1,late,creation,,,2020-09-10 14:59:13,
MESOS-10186,MESOS,manual_curated,0,0.0107028,-4.526489402563108,0,late,creation,,,2020-09-09 17:28:54,
MESOS-10183,MESOS,manual_curated,0,0.0097434,-4.621373968746445,0,late,resolution,,,2020-09-02 21:17:16,2020-09-24 19:54:53
MESOS-10182,MESOS,manual_curated,0,0.0079764,-4.823259715471068,0,late,creation,,,2020-08-28 10:55:49,
MESOS-10180,MESOS,manual_curated,0,0.0952576,-2.2510654614480408,0,late,creation,,,2020-08-25 13:36:56,
MESOS-10179,MESOS,manual_curated,0,0.8934982,2.126982433632826,1,late,resolution,,,2020-08-20 08:25:20,2020-09-11 19:16:38
MESOS-10177,MESOS,manual_curated,0,0.9434374,2.8141820244914064,1,late,resolution,,,2020-08-17 21:53:43,2020-09-22 15:24:23
MESOS-10175,MESOS,manual_curated,0,0.92645,2.533394630680977,1,late,resolution,,,2020-08-12 10:24:47,2020-08-19 04:00:06
MESOS-10174,MESOS,manual_curated,0,0.1053048,-2.139624099465775,0,late,creation,,,2020-08-08 16:15:11,
MESOS-10171,MESOS,manual_curated,0,0.7782696,1.2556107642547432,1,late,resolution,,,2020-07-31 20:03:59,2020-08-25 13:33:25
MESOS-10170,MESOS,manual_curated,0,0.1898146,-1.4512153040699856,0,late,resolution,,,2020-07-31 19:49:00,2020-08-28 13:52:09
MESOS-10169,MESOS,manual_curated,0,0.0300808,-3.473325674586145,0,late,resolution,,,2020-07-31 16:46:28,2020-09-03 20:29:09
MESOS-10168,MESOS,manual_curated,0,0.8603752,1.8184097481951764,1,late,resolution,,,2020-07-28 22:22:38,2020-08-11 05:52:41
MESOS-10167,MESOS,manual_curated,0,0.0156212,-4.143381816279458,0,late,resolution,,,2020-07-28 16:57:29,2020-09-30 17:00:04
MESOS-10166,MESOS,manual_curated,0,0.5588528,0.23650750450757393,1,late,resolution,,,2020-07-28 14:38:23,2020-09-03 17:11:29
MESOS-10165,MESOS,manual_curated,0,0.007506,-4.8845182664901925,0,late,resolution,,,2020-07-27 08:20:11,2020-07-27 08:33:34
MESOS-10164,MESOS,manual_curated,0,0.0105911999999999,-4.5370841253921155,0,late,resolution,,,2020-07-24 21:43:00,2020-09-24 19:56:10
MESOS-10163,MESOS,manual_curated,1,0.9568554,3.099095018003344,1,late,resolution,,,2020-07-23 09:07:23,2020-09-03 22:00:52
MESOS-10161,MESOS,manual_curated,1,0.8866934000000001,2.057401844264524,1,late,creation,,,2020-07-22 13:54:07,
MESOS-10160,MESOS,manual_curated,0,0.6249393999999999,0.5105670721209392,1,late,creation,,,2020-07-20 17:37:44,
MESOS-10159,MESOS,manual_curated,0,0.0107466,-4.522361091729679,0,late,creation,,,2020-07-07 21:51:14,
MESOS-10158,MESOS,manual_curated,0,0.0274982,-3.5657513784058024,0,late,creation,,,2020-07-07 18:27:44,
MESOS-10150,MESOS,manual_curated,1,0.9377624,2.712537293299714,1,late,resolution,,,2020-07-07 08:45:09,2020-08-03 18:57:39
MESOS-10149,MESOS,manual_curated,1,0.9451588,2.84691121941147,1,late,resolution,,,2020-07-07 08:41:49,2020-08-03 04:02:23
MESOS-10148,MESOS,manual_curated,1,0.8455234,1.69991321533061,1,late,resolution,,,2020-07-07 04:00:34,2020-08-03 04:00:58
MESOS-10147,MESOS,manual_curated,1,0.3468654,-0.6328464251677016,0,late,resolution,,,2020-07-07 03:55:20,2020-08-03 03:58:41
MESOS-10146,MESOS,manual_curated,0,0.016893,-4.0638186297405765,0,late,creation,,,2020-07-04 00:39:16,
MESOS-10145,MESOS,manual_curated,1,0.9612814,3.211947081356175,1,late,creation,,,2020-07-01 14:37:35,
MESOS-10144,MESOS,manual_curated,0,0.0196002,-3.912420677389526,0,late,creation,,,2020-06-23 01:25:34,
MESOS-10143,MESOS,manual_curated,0,0.0158296,-4.129917447695547,0,late,resolution,,,2020-06-19 14:44:57,2020-09-30 17:01:34
MESOS-10142,MESOS,manual_curated,1,0.8849532,2.040195760153086,1,late,resolution,,,2020-06-17 20:47:17,2020-08-18 08:51:10
MESOS-10141,MESOS,manual_curated,1,0.673641,0.7246993256042582,1,late,resolution,,,2020-06-17 20:45:51,2020-10-13 03:19:43
MESOS-10140,MESOS,manual_curated,0,0.0106712,-4.529478209553723,0,late,resolution,,,2020-06-10 08:23:11,2020-07-17 07:59:08
MESOS-10137,MESOS,manual_curated,0,0.0101286,-4.582211930347871,0,late,resolution,,,2020-05-29 10:43:47,2020-07-27 18:23:52
MESOS-10136,MESOS,manual_curated,0,0.0188708,-3.951088399419602,0,late,creation,,,2020-05-28 02:46:57,
MESOS-10135,MESOS,manual_curated,0,0.0328838,-3.3813385184079583,0,late,creation,,,2020-05-27 16:11:25,
MESOS-10134,MESOS,manual_curated,0,0.0137126,-4.27563267466962,0,late,resolution,,,2020-05-27 16:08:27,2020-06-30 20:19:53
MESOS-10133,MESOS,manual_curated,0,0.0089722,-4.704611678425482,0,late,creation,,,2020-05-26 18:48:22,
MESOS-10132,MESOS,manual_curated,0,0.0211833999999999,-3.83312643487636,0,late,creation,,,2020-05-25 15:56:54,
MESOS-10131,MESOS,manual_curated,0,0.0203072,-3.8762635501683795,0,late,creation,,,2020-05-21 20:18:23,
MESOS-10130,MESOS,manual_curated,0,0.8494925999999999,1.7306269776522014,1,late,creation,,,2020-05-18 09:33:19,
MESOS-10129,MESOS,manual_curated,0,0.0088358,-4.720068561200324,0,late,creation,,,2020-05-17 17:08:33,
MESOS-10128,MESOS,manual_curated,0,0.0195254,-3.9163205580788225,0,late,resolution,,,2020-05-13 21:01:54,2020-05-18 16:52:00
MESOS-10124,MESOS,manual_curated,0,0.2193196,-1.2696358204215905,0,late,resolution,,,2020-04-21 18:12:45,2020-04-24 23:11:59
MESOS-10123,MESOS,manual_curated,0,0.0176442,-4.019546447047469,0,late,resolution,,,2020-04-21 18:07:32,2020-04-24 23:10:16
MESOS-10122,MESOS,manual_curated,0,0.4896399999999999,-0.04144593184623122,0,late,creation,,,2020-04-21 14:54:11,
MESOS-10121,MESOS,manual_curated,0,0.0193526,-3.925386188426869,0,late,creation,,,2020-04-21 14:36:12,
MESOS-10120,MESOS,manual_curated,0,0.0121338,-4.399552316702425,0,late,resolution,,,2020-04-20 11:24:08,2020-04-21 09:19:02
MESOS-10119,MESOS,manual_curated,0,0.0591772,-2.7662184789733435,0,late,creation,,,2020-04-18 10:54:35,
MESOS-10118,MESOS,manual_curated,0,0.0148995999999999,-4.191409197958226,0,late,resolution,,,2020-04-15 22:22:41,2020-05-07 01:29:38
MESOS-10117,MESOS,manual_curated,0,0.1748329999999999,-1.5517545575033518,0,late,resolution,,,2020-04-15 13:56:52,2020-05-05 09:17:07
MESOS-10116,MESOS,manual_curated,0,0.0142396,-4.2373865073428,0,late,resolution,,,2020-04-14 09:51:44,2020-05-07 11:44:20
MESOS-10114,MESOS,manual_curated,0,0.023451,-3.7291117903629654,0,late,resolution,,,2020-04-10 22:08:26,2020-04-24 23:12:36
MESOS-10113,MESOS,manual_curated,0,0.0251446,-3.6576459905446037,0,late,resolution,,,2020-04-10 18:26:54,2020-05-06 21:46:04
MESOS-10112,MESOS,manual_curated,0,0.458433,-0.16665263682744758,0,late,resolution,,,2020-04-10 18:16:50,2020-04-17 22:39:57
MESOS-10111,MESOS,manual_curated,0,0.0174971999999999,-4.028062325484032,0,late,resolution,,,2020-04-08 17:34:57,2020-04-13 21:55:00
MESOS-10110,MESOS,manual_curated,0,0.0270501999999999,-3.582638088863239,0,late,resolution,,,2020-04-07 09:06:06,2020-04-08 00:01:24
MESOS-10109,MESOS,manual_curated,0,0.0224806,-3.7723654231491284,0,late,resolution,,,2020-04-03 13:31:31,2020-04-06 16:20:38
MESOS-10107,MESOS,manual_curated,0,0.0218694,-3.800554799481661,0,late,resolution,,,2020-03-31 09:06:29,2020-04-15 15:37:37
MESOS-10106,MESOS,manual_curated,1,0.976064,3.7081445562416535,1,late,creation,,,2020-03-25 13:04:13,
MESOS-10105,MESOS,manual_curated,1,0.6677174,0.6978792184654934,1,late,creation,,,2020-03-20 22:16:09,
MESOS-10104,MESOS,manual_curated,0,0.0169938,-4.057766855697565,0,late,resolution,,,2020-03-14 20:03:40,2020-05-22 12:11:48
MESOS-10103,MESOS,manual_curated,0,0.0184262,-3.9753836370683877,0,late,resolution,,,2020-03-12 21:59:55,2020-03-13 18:40:33
MESOS-10102,MESOS,manual_curated,0,0.0152553999999999,-4.167448779474654,0,late,resolution,,,2020-03-06 18:20:13,2020-03-19 19:57:02
MESOS-10101,MESOS,manual_curated,0,0.152768,-1.713054134340038,0,late,creation,,,2020-03-06 08:21:39,
MESOS-10100,MESOS,manual_curated,0,0.0132708,-4.308829502132872,0,late,resolution,,,2020-03-05 23:10:41,2020-03-06 20:18:03
MESOS-10099,MESOS,manual_curated,0,0.0518408,-2.90634493662168,0,late,creation,,,2020-02-27 15:13:12,
MESOS-10098,MESOS,manual_curated,0,0.0169005999999999,-4.063361109800994,0,late,resolution,,,2020-02-24 15:23:49,2020-02-24 19:39:41
MESOS-10097,MESOS,manual_curated,0,0.018149,-3.990824102906969,0,late,resolution,,,2020-02-13 11:19:52,2020-02-14 16:24:43
MESOS-10096,MESOS,manual_curated,0,0.0213766,-3.8238500244571623,0,late,resolution,,,2020-02-11 22:23:05,2020-02-26 17:47:29
MESOS-10095,MESOS,manual_curated,0,0.2211774,-1.258818197634042,0,late,resolution,,,2020-02-11 22:19:27,2020-02-26 17:47:06
MESOS-10094,MESOS,manual_curated,0,0.0122954,-4.386158456498662,0,late,resolution,,,2020-02-11 20:58:08,2020-02-26 17:46:45
MESOS-10093,MESOS,manual_curated,0,0.0111372,-4.486264739606318,0,late,creation,,,2020-02-05 22:48:02,
MESOS-10092,MESOS,manual_curated,0,0.0185862,-3.966574815236732,0,late,resolution,,,2020-01-30 10:47:18,2020-02-26 18:00:21
MESOS-10091,MESOS,manual_curated,0,0.0174544,-4.030554989018788,0,late,creation,,,2020-01-28 10:07:31,
MESOS-10090,MESOS,manual_curated,0,0.0360882,-3.2850338545496394,0,late,resolution,,,2020-01-27 17:53:58,2020-02-03 10:51:08
MESOS-10089,MESOS,manual_curated,0,0.0297761999999999,-3.4838173498385183,0,late,creation,,,2020-01-23 18:10:44,
MESOS-10088,MESOS,manual_curated,0,0.0257407999999999,-3.6336001056195557,0,late,creation,,,2020-01-16 18:21:40,
MESOS-10087,MESOS,manual_curated,0,0.8195734,1.5134599141123584,1,late,resolution,,,2020-01-14 02:20:35,2020-03-25 04:36:37
MESOS-10086,MESOS,manual_curated,0,0.8966553999999999,2.1606025836675085,1,late,resolution,,,2020-01-13 10:00:19,2020-01-13 10:03:18
MESOS-10085,MESOS,manual_curated,0,0.0527884,-2.8872310410707693,0,late,creation,,,2020-01-06 17:17:52,
MESOS-10084,MESOS,manual_curated,0,0.0723694,-2.550850035078857,0,late,resolution,,,2019-12-31 17:48:05,2020-01-24 11:20:18
MESOS-10083,MESOS,manual_curated,0,0.5814234,0.3286193271645949,1,late,resolution,,,2019-12-27 12:00:41,2020-03-03 14:35:28
MESOS-10081,MESOS,manual_curated,0,0.6478096,0.609424887565707,1,late,creation,,,2019-12-27 08:03:45,
MESOS-10080,MESOS,manual_curated,0,0.4400326,-0.24102975267216142,0,late,resolution,,,2019-12-23 13:18:43,2020-01-07 17:22:51
MESOS-10079,MESOS,manual_curated,0,0.1630044,-1.63604161929842,0,late,resolution,,,2019-12-23 13:16:54,2020-03-13 10:14:11
MESOS-10077,MESOS,manual_curated,0,0.6191904,0.48611330559588717,1,late,resolution,,,2019-12-23 13:09:19,2020-03-13 10:12:58
MESOS-10076,MESOS,manual_curated,0,0.6775363999999999,0.7424730165992084,1,late,resolution,,,2019-12-23 13:06:04,2020-03-13 10:11:01
MESOS-10074,MESOS,manual_curated,0,0.950739,2.9601068839951825,1,late,resolution,,,2019-12-18 13:47:16,2020-01-13 10:12:12
MESOS-10073,MESOS,manual_curated,0,0.1334948,-1.870405584520901,0,late,resolution,,,2019-12-17 23:10:06,2020-02-26 16:17:32
MESOS-10072,MESOS,manual_curated,0,0.0818558,-2.417395296256342,0,late,creation,,,2019-12-17 21:46:18,
MESOS-10071,MESOS,manual_curated,0,0.2923151999999999,-0.8841661246900377,0,late,creation,,,2019-12-16 22:02:12,
MESOS-10070,MESOS,manual_curated,0,0.2292527999999999,-1.2125351091320462,0,late,creation,,,2019-12-16 19:06:05,
MESOS-10069,MESOS,manual_curated,0,0.6066624,0.4333041822205725,1,late,creation,,,2019-12-16 19:03:29,
MESOS-10068,MESOS,manual_curated,0,0.0130826,-4.323303244954207,0,late,resolution,,,2019-12-13 15:06:27,2020-01-29 18:56:39
MESOS-10066,MESOS,manual_curated,0,0.0203348,-3.874877176590411,0,late,creation,,,2019-12-05 16:48:24,
MESOS-10064,MESOS,manual_curated,0,0.039342,-3.195325815828288,0,late,resolution,,,2019-12-04 13:50:57,2020-03-20 09:10:36
MESOS-10063,MESOS,manual_curated,0,0.6236272,0.5049726123853805,1,late,resolution,,,2019-12-03 02:25:02,2020-03-20 09:27:52
MESOS-10062,MESOS,manual_curated,0,0.3053606,-0.821899488666311,0,late,resolution,,,2019-12-02 11:58:44,2020-01-07 13:30:37
MESOS-10061,MESOS,manual_curated,0,0.6829814,0.7675071791686546,1,late,resolution,,,2019-12-02 11:56:29,2020-01-13 10:04:30
MESOS-10060,MESOS,manual_curated,1,0.8567182000000001,1.7882957225662865,1,late,resolution,,,2019-12-02 11:54:38,2020-01-13 10:08:03
MESOS-10059,MESOS,manual_curated,0,0.3394666,-0.6656721282469984,0,late,resolution,,,2019-12-02 11:51:46,2019-12-18 13:41:17
MESOS-10058,MESOS,manual_curated,0,0.894535,2.1379248858685305,1,late,resolution,,,2019-12-02 11:48:02,2019-12-03 13:55:07
MESOS-10057,MESOS,manual_curated,1,0.8366788000000002,1.6337214313816435,1,late,resolution,,,2019-11-30 17:23:01,2020-03-04 08:32:15
MESOS-10056,MESOS,manual_curated,0,0.951417,2.974678776767509,1,late,resolution,,,2019-11-30 17:18:37,2020-03-03 14:24:49
MESOS-10054,MESOS,manual_curated,0,0.3895684,-0.4491267883125355,0,late,resolution,,,2019-11-27 13:28:52,2020-05-05 09:24:38
MESOS-10053,MESOS,manual_curated,0,0.3453757999999999,-0.6394282309614636,0,late,resolution,,,2019-11-27 13:28:20,2020-03-20 09:26:39
MESOS-10048,MESOS,manual_curated,0,0.3433488,-0.6484061394024428,0,late,resolution,,,2019-11-27 13:24:35,2020-03-20 09:21:16
MESOS-10046,MESOS,manual_curated,0,0.6345165999999999,0.5516425882229822,1,late,resolution,,,2019-11-27 13:23:40,2020-03-20 09:13:51
MESOS-10045,MESOS,manual_curated,0,0.2323204,-1.1952550052027218,0,late,resolution,,,2019-11-27 13:19:02,2020-03-20 21:43:35
MESOS-10042,MESOS,manual_curated,0,0.0073333999999999,-4.907955601858713,0,late,creation,,,2019-11-27 08:40:20,
MESOS-10041,MESOS,manual_curated,0,0.0154818,-4.1524872439782365,0,late,resolution,,,2019-11-22 20:22:52,2019-11-23 00:15:38
MESOS-10040,MESOS,manual_curated,1,0.7962396,1.3629553518134745,1,late,creation,,,2019-11-21 21:58:25,
MESOS-10039,MESOS,manual_curated,0,0.389258,-0.45043224855569713,0,late,resolution,,,2019-11-21 17:51:47,2020-01-13 09:58:43
MESOS-10038,MESOS,manual_curated,1,0.9420828,2.789078764435238,1,late,resolution,,,2019-11-21 17:36:38,2020-01-13 09:57:51
MESOS-10037,MESOS,manual_curated,0,0.885033,2.040979801786727,1,late,resolution,,,2019-11-21 17:34:21,2020-01-13 10:11:29
MESOS-10036,MESOS,manual_curated,0,0.936868,2.6973146246445143,1,late,resolution,,,2019-11-21 17:27:44,2020-01-13 09:56:40
MESOS-10035,MESOS,manual_curated,1,0.9065957999999998,2.272760393698578,1,late,resolution,,,2019-11-21 17:17:05,2020-01-13 09:55:29
MESOS-10034,MESOS,manual_curated,1,0.9381948,2.7199701000320577,1,late,resolution,,,2019-11-21 16:59:49,2020-01-13 13:15:04
MESOS-10033,MESOS,manual_curated,1,0.9623972,3.242348739554707,1,late,resolution,,,2019-11-20 15:57:59,2019-12-31 14:36:38
MESOS-10032,MESOS,manual_curated,0,0.373219,-0.5184318186060782,0,late,creation,,,2019-11-08 17:20:53,
MESOS-10031,MESOS,manual_curated,0,0.0193296,-3.926598819636923,0,late,resolution,,,2019-11-06 20:32:00,2019-12-04 22:48:10
MESOS-10030,MESOS,manual_curated,0,0.1390391999999999,-1.8232930671753975,0,late,creation,,,2019-11-05 10:13:05,
MESOS-10029,MESOS,manual_curated,0,0.0163614,-4.096333651081552,0,late,creation,,,2019-11-05 01:06:31,
MESOS-10028,MESOS,manual_curated,0,0.0120164,-4.4093937150040325,0,late,resolution,,,2019-11-04 06:40:36,2019-11-05 01:27:44
MESOS-10027,MESOS,manual_curated,0,0.0086144,-4.745668338978561,0,late,creation,,,2019-11-03 10:45:37,
MESOS-10026,MESOS,manual_curated,1,0.6978244,0.8369591898326897,1,late,resolution,,,2019-11-02 23:34:10,2019-12-04 17:19:33
MESOS-10025,MESOS,manual_curated,0,0.0232512,-3.7378727617656184,0,late,creation,,,2019-11-01 16:15:12,
MESOS-10024,MESOS,manual_curated,0,0.0228888,-3.753952755424973,0,late,creation,,,2019-10-31 04:05:11,
MESOS-10023,MESOS,manual_curated,0,0.2280927999999999,-1.2191117718562907,0,late,resolution,,,2019-10-30 18:05:08,2020-03-03 14:27:15
MESOS-10022,MESOS,manual_curated,0,0.012678,-4.355128019501191,0,late,creation,,,2019-10-30 12:46:44,
MESOS-10021,MESOS,manual_curated,0,0.0175358,-4.025819399829438,0,late,creation,,,2019-10-30 11:46:11,
MESOS-10020,MESOS,manual_curated,0,0.017458,-4.030345094608188,0,late,creation,,,2019-10-24 14:29:26,
MESOS-10019,MESOS,manual_curated,0,0.0201546,-3.883962253937753,0,late,creation,,,2019-10-24 14:09:54,
MESOS-10018,MESOS,manual_curated,0,0.0221182,-3.7889880048139033,0,late,resolution,,,2019-10-23 14:13:04,2019-11-01 14:59:17
MESOS-10017,MESOS,manual_curated,0,0.5492890000000001,0.19779837878349896,1,late,resolution,,,2019-10-22 01:04:45,2019-10-22 23:05:23
MESOS-10016,MESOS,manual_curated,0,0.5712607999999999,0.28699703927928033,1,late,resolution,,,2019-10-21 19:03:09,2019-10-31 04:37:30
MESOS-10015,MESOS,manual_curated,0,0.058833,-2.772417672648263,0,late,resolution,,,2019-10-21 18:57:23,2019-10-30 23:59:38
MESOS-9914,MESOS,manual_curated,1,0.9646006,3.305019258810621,1,late,resolution,,,2019-07-30 14:48:46,2019-09-06 11:54:47
MESOS-9722,MESOS,manual_curated,1,0.9254966,2.5194856963888634,1,late,creation,,,2019-04-10 18:14:13,
MESOS-9449,MESOS,manual_curated,1,0.860373,1.8183914347789116,1,late,creation,,,2018-12-03 14:46:58,
MESOS-9412,MESOS,manual_curated,1,0.9622928,3.239467712608472,1,late,creation,,,2018-11-22 12:06:52,
MESOS-9380,MESOS,manual_curated,1,0.9611142,3.207464091036179,1,late,creation,,,2018-11-08 19:32:01,
MESOS-9379,MESOS,manual_curated,1,0.957292,3.1097222087643965,1,late,creation,,,2018-11-08 19:15:41,
MESOS-9378,MESOS,manual_curated,1,0.9686004,3.429056988956649,1,late,creation,,,2018-11-08 19:10:20,
MESOS-9377,MESOS,manual_curated,1,0.9690992,3.445584906695764,1,late,creation,,,2018-11-08 19:07:54,
MESOS-9376,MESOS,manual_curated,1,0.9653862,3.328275782054092,1,late,creation,,,2018-11-08 19:01:20,
MESOS-9372,MESOS,manual_curated,1,0.9794092,3.862105158632887,1,late,creation,,,2018-11-08 18:32:09,
MESOS-8974,MESOS,manual_curated,1,0.7994524000000001,1.382875368236888,1,late,creation,,,2018-06-04 14:23:27,
MESOS-8924,MESOS,manual_curated,1,0.9573654,3.111519006573934,1,late,resolution,,,2018-05-16 19:43:32,2018-06-09 00:39:11
MESOS-8314,MESOS,manual_curated,1,0.816705,1.494181075757819,1,late,resolution,,,2017-12-08 09:58:36,2018-08-01 19:39:48
MESOS-8106,MESOS,manual_curated,1,0.171671,-1.5738305640651247,0,late,resolution,,,2017-10-17 19:27:12,2018-06-21 21:20:02
MESOS-8102,MESOS,manual_curated,1,0.6870251999999999,0.7862482966554714,1,middle,resolution,,,2017-10-17 01:58:06,2017-12-22 22:50:01
MESOS-8018,MESOS,manual_curated,1,0.979297,3.856556350002839,1,middle,creation,,,2017-09-26 18:17:45,
MESOS-7870,MESOS,manual_curated,1,0.9575734,3.11662685205877,1,middle,resolution,,,2017-08-09 00:54:26,2017-08-11 01:21:04
MESOS-7664,MESOS,manual_curated,1,0.9458438,2.860204975478634,1,middle,resolution,,,2017-06-14 02:44:21,2017-10-17 05:09:50
MESOS-7479,MESOS,manual_curated,1,0.8225041999999998,1.533406642345776,1,middle,creation,,,2017-05-09 08:32:49,
MESOS-7315,MESOS,manual_curated,1,0.941033,2.7700002426530244,1,middle,resolution,,,2017-03-27 18:44:41,2017-05-08 13:21:56
MESOS-7289,MESOS,manual_curated,1,0.9589538,3.151144636963468,1,middle,resolution,,,2017-03-22 18:58:53,2017-12-22 23:39:13
MESOS-7285,MESOS,manual_curated,1,0.955429,3.0650770309503907,1,middle,resolution,,,2017-03-22 16:09:18,2017-10-12 17:06:26
MESOS-7235,MESOS,manual_curated,1,0.976865,3.7430018420401336,1,middle,resolution,,,2017-03-13 17:18:26,2017-12-27 17:28:37
MESOS-7231,MESOS,manual_curated,1,0.4575923999999999,-0.17003891679137303,0,middle,creation,,,2017-03-10 20:35:50,
MESOS-7199,MESOS,manual_curated,1,0.9371164,2.7015221023864613,1,middle,creation,,,2017-03-02 14:35:48,
MESOS-7161,MESOS,manual_curated,1,0.9320976,2.619366150195576,1,middle,creation,,,2017-02-22 22:48:03,
MESOS-7140,MESOS,manual_curated,1,0.9393162,2.739475387618959,1,middle,creation,,,2017-02-17 16:15:28,
MESOS-7128,MESOS,manual_curated,1,0.8620566000000001,1.8324774736637557,1,middle,creation,,,2017-02-14 19:25:23,
MESOS-7120,MESOS,manual_curated,1,0.9667774,3.370737905242773,1,middle,resolution,,,2017-02-13 18:43:47,2017-03-13 18:24:01
MESOS-7079,MESOS,manual_curated,1,0.9534402,3.019339198884075,1,middle,creation,,,2017-02-07 21:48:11,
MESOS-7013,MESOS,manual_curated,1,0.892957,2.121307804528506,1,middle,resolution,,,2017-01-26 17:44:07,2017-03-10 18:27:31
MESOS-7002,MESOS,manual_curated,1,0.8918702,2.1099882489662214,1,middle,creation,,,2017-01-26 07:53:52,
MESOS-7001,MESOS,manual_curated,1,0.8688062000000001,1.8904444661383117,1,middle,resolution,,,2017-01-26 07:51:15,2017-03-13 19:58:47
MESOS-7000,MESOS,manual_curated,1,0.8442339999999999,1.6900748262305134,1,middle,resolution,,,2017-01-26 07:47:06,2017-03-15 21:58:09
MESOS-6998,MESOS,manual_curated,1,0.6867476,0.7849575748888038,1,middle,resolution,,,2017-01-26 07:38:23,2017-03-25 19:29:49
MULE-18334,MULE,manual_curated,0,0.9600257999999998,3.1787259130888033,1,late,resolution,,,2020-04-21 20:16:06,2020-07-01 15:38:31
MULE-18312,MULE,manual_curated,0,0.0260971999999999,-3.619483475121246,0,late,resolution,,,2020-04-17 14:31:53,2020-04-23 17:29:07
MULE-17646,MULE,manual_curated,0,0.0108714,-4.510688865815192,0,late,creation,,,2019-10-15 17:39:51,
MULE-16743,MULE,manual_curated,0,0.083445,-2.3964343441948857,0,late,resolution,,,2019-04-22 17:21:50,2019-05-22 19:56:42
MULE-16680,MULE,manual_curated,0,0.0784804,-2.4631751344686217,0,late,creation,,,2019-04-08 19:42:25,
MULE-16654,MULE,manual_curated,0,0.2287314,-1.2154883022482101,0,late,resolution,,,2019-04-04 17:06:16,2019-04-08 19:22:20
MULE-16176,MULE,manual_curated,0,0.7876238,1.3106613343346605,1,late,resolution,,,2018-12-05 15:36:41,2018-12-19 14:34:30
MULE-16175,MULE,manual_curated,0,0.8461962,1.705073483433194,1,late,resolution,,,2018-12-05 15:32:12,2018-12-06 21:09:44
MULE-15290,MULE,manual_curated,1,0.9263466,2.531878156536628,1,late,resolution,,,2018-07-04 17:55:29,2018-07-26 16:01:22
MULE-14856,MULE,manual_curated,0,0.0181218,-3.99235163464572,0,late,resolution,,,2018-04-06 14:51:59,2018-04-06 18:53:06
MULE-14855,MULE,manual_curated,0,0.0240236,-3.704401725267109,0,late,resolution,,,2018-04-06 14:13:29,2018-04-19 16:25:49
MULE-14854,MULE,manual_curated,0,0.0217824,-3.804629835902531,0,late,resolution,,,2018-04-05 21:15:41,2018-04-20 20:10:57
MULE-14853,MULE,manual_curated,0,0.0213426,-3.825476556978566,0,late,resolution,,,2018-04-05 19:51:37,2018-10-03 15:26:25
MULE-14851,MULE,manual_curated,0,0.0479228,-2.989054741122477,0,late,resolution,,,2018-04-05 01:29:41,2018-04-11 17:31:57
MULE-14850,MULE,manual_curated,0,0.0208056,-3.8515080115470566,0,late,resolution,,,2018-04-04 22:11:10,2018-04-09 22:45:19
MULE-14848,MULE,manual_curated,0,0.314868,-0.7774580170461558,0,late,creation,,,2018-04-04 19:03:00,
MULE-14847,MULE,manual_curated,0,0.0144884,-4.219812567942526,0,late,resolution,,,2018-04-04 13:46:41,2018-10-03 15:59:24
MULE-14846,MULE,manual_curated,1,0.9715694,3.531446672282576,1,late,resolution,,,2018-04-03 22:14:51,2018-08-28 19:21:56
MULE-14845,MULE,manual_curated,1,0.8923672,2.115152273075049,1,late,resolution,,,2018-04-03 21:12:05,2018-10-03 16:34:31
MULE-14844,MULE,manual_curated,0,0.0497376,-2.949976970675356,0,late,resolution,,,2018-04-03 19:39:31,2018-11-20 21:35:08
MULE-14843,MULE,manual_curated,0,0.5981584,0.39779762070036767,1,late,resolution,,,2018-04-03 19:05:17,2018-04-04 14:06:50
MULE-14842,MULE,manual_curated,0,0.5455408,0.18266945563223738,1,late,resolution,,,2018-04-03 16:52:57,2018-04-05 16:58:15
MULE-14840,MULE,manual_curated,0,0.0797342,-2.4459639384447165,0,late,creation,,,2018-04-03 15:05:22,
MULE-14837,MULE,manual_curated,0,0.0355904,-3.299440162062196,0,late,resolution,,,2018-04-03 14:51:52,2018-07-30 19:37:55
MULE-14836,MULE,manual_curated,0,0.0242144,-3.6962953926324227,0,late,resolution,,,2018-04-03 14:40:39,2018-10-03 16:13:07
MULE-14835,MULE,manual_curated,0,0.0259132,-3.626747925328554,0,late,resolution,,,2018-04-03 13:32:54,2018-10-03 15:26:34
MULE-14834,MULE,manual_curated,0,0.0233406,-3.7339436395734205,0,late,resolution,,,2018-04-03 13:16:09,2018-04-03 13:16:38
MULE-14833,MULE,manual_curated,0,0.015893,-4.125855870263222,0,late,resolution,,,2018-04-02 19:54:19,2018-10-03 15:59:25
MULE-14832,MULE,manual_curated,0,0.0622624,-2.7121124534391545,0,late,resolution,,,2018-03-31 22:20:33,2018-04-06 19:19:44
MULE-14831,MULE,manual_curated,0,0.0257772,-3.6321496446313004,0,late,resolution,,,2018-03-31 21:07:53,2018-04-05 16:58:23
MULE-14829,MULE,manual_curated,0,0.0044348,-5.413828097169774,0,late,resolution,,,2018-03-29 05:41:42,2018-04-03 03:41:20
MULE-14828,MULE,manual_curated,0,0.0213,-3.8275180877163946,0,late,resolution,,,2018-03-29 02:31:18,2018-03-29 03:48:12
MULE-14826,MULE,manual_curated,0,0.0095816,-4.638282887458778,0,late,resolution,,,2018-03-28 20:41:07,2018-03-29 18:03:42
MULE-14823,MULE,manual_curated,0,0.9755776,3.6875289618969083,1,late,creation,,,2018-03-28 19:15:27,
MULE-14822,MULE,manual_curated,0,0.0203366,-3.8747868249385866,0,late,resolution,,,2018-03-28 19:07:20,2018-10-03 16:13:08
MULE-14820,MULE,manual_curated,0,0.0240114,-3.704922188445851,0,late,resolution,,,2018-03-27 22:01:56,2018-04-13 22:26:47
MULE-14819,MULE,manual_curated,0,0.3805284,-0.48730604344644735,0,late,creation,,,2018-03-27 20:20:00,
MULE-14817,MULE,manual_curated,1,0.1418306,-1.8001681281832322,0,late,resolution,,,2018-03-27 19:31:11,2018-05-03 22:04:48
MULE-14816,MULE,manual_curated,1,0.982481,4.026794998880352,1,late,creation,,,2018-03-27 19:01:54,
MULE-14815,MULE,manual_curated,1,0.8997945999999999,2.194944435641233,1,late,resolution,,,2018-03-27 18:20:20,2018-04-05 21:10:24
MULE-14814,MULE,manual_curated,0,0.4631147999999999,-0.14780931987758542,0,late,resolution,,,2018-03-27 17:35:48,2018-03-29 04:39:58
MULE-14811,MULE,manual_curated,0,0.0191014,-3.9387074595128673,0,late,resolution,,,2018-03-27 13:07:49,2018-10-03 15:52:47
MULE-14810,MULE,manual_curated,0,0.0245874,-3.680626444370204,0,late,creation,,,2018-03-27 10:30:00,
MULE-14809,MULE,manual_curated,0,0.9227588,2.4804348851442066,1,late,resolution,,,2018-03-27 02:51:20,2018-10-03 16:27:03
MULE-14806,MULE,manual_curated,0,0.3659708,-0.549541461361085,0,late,resolution,,,2018-03-26 18:16:44,2018-10-03 16:27:05
MULE-14803,MULE,manual_curated,0,0.017939,-4.002676310834534,0,late,resolution,,,2018-03-26 17:44:11,2018-04-13 15:09:01
MULE-14802,MULE,manual_curated,0,0.9655674,3.333712117783459,1,late,creation,,,2018-03-26 13:14:51,
MULE-14801,MULE,manual_curated,0,0.0396274,-3.1878005359742256,0,late,resolution,,,2018-03-24 22:39:11,2018-10-03 16:01:13
MULE-14800,MULE,manual_curated,0,0.029808,-3.4827171761953557,0,late,resolution,,,2018-03-24 16:00:32,2018-05-23 16:38:19
MULE-14799,MULE,manual_curated,0,0.0359767999999999,-3.288241074442912,0,late,creation,,,2018-03-24 00:30:12,
MULE-14798,MULE,manual_curated,0,0.9575448,3.1159231061614374,1,late,resolution,,,2018-03-23 22:49:23,2018-04-24 19:02:02
MULE-14797,MULE,manual_curated,0,0.1407992,-1.8086678929632445,0,late,resolution,,,2018-03-23 22:40:50,2018-04-11 17:59:52
MULE-14796,MULE,manual_curated,0,0.6970368,0.8332268610829762,1,late,resolution,,,2018-03-23 22:36:30,2018-04-11 18:00:10
MULE-14795,MULE,manual_curated,0,0.0297286,-3.4854662807566528,0,late,resolution,,,2018-03-23 21:30:39,2018-04-16 23:51:55
MULE-14794,MULE,manual_curated,0,0.3473534,-0.6306930828019996,0,late,resolution,,,2018-03-23 20:22:57,2018-03-27 18:53:22
MULE-14793,MULE,manual_curated,0,0.9067878,2.2750298502267587,1,late,resolution,,,2018-03-23 19:23:54,2018-10-03 16:35:01
MULE-14789,MULE,manual_curated,0,0.0071292,-4.9364015186370445,0,late,resolution,,,2018-03-23 16:13:28,2018-10-03 15:10:56
MULE-14788,MULE,manual_curated,0,0.0457004,-3.0388706176706344,0,late,resolution,,,2018-03-23 15:09:14,2018-10-03 16:01:19
MULE-14787,MULE,manual_curated,1,0.9796782,3.8755299489290866,1,late,resolution,,,2018-03-23 13:12:15,2018-10-03 16:27:31
MULE-14786,MULE,manual_curated,0,0.9750188,3.6643332108888638,1,late,creation,,,2018-03-23 13:09:15,
MULE-14782,MULE,manual_curated,0,0.1154463999999999,-2.0362767579880634,0,late,resolution,,,2018-03-22 21:39:28,2018-04-04 20:11:57
MULE-14781,MULE,manual_curated,0,0.0194224,-3.9217147466375715,0,late,creation,,,2018-03-22 21:37:01,
MULE-14779,MULE,manual_curated,1,0.9197648,2.4391556638586103,1,late,resolution,,,2018-03-22 21:14:40,2018-07-16 21:53:13
MULE-14778,MULE,manual_curated,0,0.0246654,-3.6773791397462325,0,late,resolution,,,2018-03-22 21:04:11,2018-10-03 16:01:02
MULE-14777,MULE,manual_curated,1,0.9815008,3.971355340889122,1,late,creation,,,2018-03-22 20:58:22,
MULE-14775,MULE,manual_curated,0,0.0273232,-3.572315700304101,0,late,resolution,,,2018-03-22 17:29:24,2018-10-03 15:35:04
MULE-14774,MULE,manual_curated,0,0.0557787999999999,-2.828966591849476,0,late,resolution,,,2018-03-22 00:38:58,2019-05-20 15:58:31
MULE-14773,MULE,manual_curated,0,0.0374502,-3.2465737546802913,0,late,resolution,,,2018-03-21 21:00:14,2018-03-21 21:03:14
MULE-14772,MULE,manual_curated,1,0.9829976,4.057252168076248,1,late,resolution,,,2018-03-21 18:30:44,2018-10-03 16:26:00
MULE-14769,MULE,manual_curated,0,0.041231,-3.14645976934724,0,late,resolution,,,2018-03-21 15:43:11,2018-10-03 15:52:44
MULE-14768,MULE,manual_curated,0,0.0146942,-4.205499191739981,0,late,resolution,,,2018-03-21 14:53:04,2018-10-03 16:01:04
MULE-14766,MULE,manual_curated,0,0.2499582,-1.0988352344278767,0,late,creation,,,2018-03-20 18:15:12,
MULE-14765,MULE,manual_curated,0,0.9352394,2.6701051455511813,1,late,resolution,,,2018-03-20 17:39:40,2018-09-26 18:41:28
MULE-14764,MULE,manual_curated,0,0.0428838,-3.105430672950572,0,late,resolution,,,2018-03-20 13:45:01,2018-10-03 16:01:15
MULE-14763,MULE,manual_curated,0,0.0504016,-2.9360162377688983,0,late,resolution,,,2018-03-19 21:55:28,2018-04-03 16:14:02
MULE-14760,MULE,manual_curated,0,0.00843,-4.767492773554874,0,late,resolution,,,2018-03-19 19:23:12,2018-04-03 16:37:53
MULE-14758,MULE,manual_curated,1,0.9356152,2.6763267004297995,1,late,creation,,,2018-03-19 17:42:12,
MULE-14757,MULE,manual_curated,0,0.0280884,-3.5439081741007756,0,late,resolution,,,2018-03-19 17:19:19,2018-03-19 19:58:17
MULE-14755,MULE,manual_curated,0,0.0754106,-2.5064018983840177,0,late,resolution,,,2018-03-19 12:10:44,2018-10-03 15:34:03
MULE-14754,MULE,manual_curated,0,0.0334,-3.365228859428329,0,late,resolution,,,2018-03-19 12:06:47,2018-10-03 15:52:27
MULE-14751,MULE,manual_curated,0,0.1572117999999999,-1.6791217400915979,0,late,resolution,,,2018-03-16 18:27:07,2018-04-05 16:22:31
MULE-14750,MULE,manual_curated,0,0.8962926,2.1566934497840853,1,late,resolution,,,2018-03-16 18:13:17,2018-03-16 18:13:42
MULE-14749,MULE,manual_curated,0,0.0207936,-3.8520972006318255,0,late,resolution,,,2018-03-16 17:09:38,2018-10-03 15:52:36
MULE-14748,MULE,manual_curated,1,0.9027632,2.2283110414008043,1,late,creation,,,2018-03-16 15:11:33,
MULE-14747,MULE,manual_curated,1,0.90412,2.243864685379205,1,late,creation,,,2018-03-16 13:41:36,
MULE-14746,MULE,manual_curated,1,0.9800776,3.8957870253764266,1,late,creation,,,2018-03-16 13:40:04,
MULE-14745,MULE,manual_curated,0,0.0684376,-2.6109407953288897,0,late,resolution,,,2018-03-16 13:19:45,2018-03-16 16:25:16
MULE-14744,MULE,manual_curated,0,0.0555698,-2.8329418944543976,0,late,creation,,,2018-03-16 12:40:31,
MULE-14743,MULE,manual_curated,0,0.01395,-4.258227554988704,0,late,resolution,,,2018-03-15 21:50:10,2018-10-03 15:33:57
MULE-14741,MULE,manual_curated,0,0.0154796,-4.1526315910083165,0,late,resolution,,,2018-03-15 19:29:47,2018-03-16 12:46:35
MULE-14740,MULE,manual_curated,0,0.0100692,-4.588153782013801,0,late,resolution,,,2018-03-15 19:19:31,2018-03-16 14:41:35
MULE-14737,MULE,manual_curated,1,0.075729,-2.5018441404518597,0,late,resolution,,,2018-03-15 15:06:12,2018-04-03 16:36:40
MULE-14736,MULE,manual_curated,0,0.0134647999999999,-4.294120133699272,0,late,resolution,,,2018-03-15 15:03:10,2018-03-15 15:22:32
MULE-14735,MULE,manual_curated,0,0.0314474,-3.4274864833393326,0,late,resolution,,,2018-03-14 21:41:35,2018-10-03 15:52:43
MULE-14734,MULE,manual_curated,0,0.0301413999999999,-3.47125064565556,0,late,resolution,,,2018-03-14 20:09:37,2018-07-17 21:24:45
MULE-14731,MULE,manual_curated,0,0.2002936,-1.3844603702175438,0,late,resolution,,,2018-03-14 16:19:15,2018-03-14 16:36:48
MULE-14729,MULE,manual_curated,1,0.9177064,2.41158417337509,1,late,resolution,,,2018-03-14 15:56:13,2018-05-11 20:53:50
MULE-14728,MULE,manual_curated,1,0.9755852,3.6878479902803654,1,late,creation,,,2018-03-14 15:54:07,
MULE-14723,MULE,manual_curated,1,0.7964818,1.364448843347403,1,late,resolution,,,2018-03-14 15:11:12,2018-10-03 16:27:26
MULE-14722,MULE,manual_curated,0,0.0066858,-5.001061154601938,0,late,resolution,,,2018-03-14 15:02:40,2018-10-03 16:01:10
MULE-14721,MULE,manual_curated,0,0.3519326,-0.6105550232977882,0,late,resolution,,,2018-03-14 14:35:56,2018-03-14 18:42:55
MULE-14719,MULE,manual_curated,0,0.4031694,-0.39227650001354986,0,late,resolution,,,2018-03-14 13:38:17,2018-10-03 16:27:29
MULE-14718,MULE,manual_curated,0,0.9787394,3.8294098225771442,1,late,creation,,,2018-03-14 13:03:08,
MULE-14717,MULE,manual_curated,0,0.3622872,-0.5654507578142494,0,late,resolution,,,2018-03-14 11:51:00,2018-04-17 14:41:00
MULE-14716,MULE,manual_curated,0,0.9310634,2.6031401321521392,1,late,resolution,,,2018-03-14 11:48:06,2018-04-11 13:54:32
MULE-14715,MULE,manual_curated,0,0.9313158,2.607079237582115,1,late,resolution,,,2018-03-14 11:42:15,2018-03-23 21:16:46
MULE-14714,MULE,manual_curated,0,0.2036768,-1.3634707098206114,0,late,resolution,,,2018-03-14 11:39:57,2018-03-23 13:13:18
MULE-14713,MULE,manual_curated,0,0.6400349999999999,0.5755160578568635,1,late,resolution,,,2018-03-14 11:38:03,2018-04-05 13:32:15
MULE-14712,MULE,manual_curated,0,0.9189956,2.428777860346624,1,late,creation,,,2018-03-14 11:33:11,
MULE-14710,MULE,manual_curated,1,0.9873144,4.354521037850275,1,late,resolution,,,2018-03-13 20:58:50,2018-04-25 15:05:15
MULE-14709,MULE,manual_curated,0,0.0738098,-2.5295880990042585,0,late,resolution,,,2018-03-13 20:35:44,2018-03-14 14:13:20
MULE-14705,MULE,manual_curated,0,0.0259017999999999,-3.627199655555533,0,late,resolution,,,2018-03-12 20:39:49,2018-03-12 21:24:49
MULE-14701,MULE,manual_curated,0,0.0215034,-3.8178062499581484,0,late,resolution,,,2018-03-12 16:12:48,2018-03-14 22:49:55
MULE-14700,MULE,manual_curated,0,0.0118008,-4.427716971074897,0,late,resolution,,,2018-03-12 13:27:20,2018-10-03 16:12:23
MULE-14699,MULE,manual_curated,0,0.0092312,-4.675892156515784,0,late,resolution,,,2018-03-12 02:57:56,2018-03-12 13:29:17
MULE-14698,MULE,manual_curated,0,0.0103542,-4.559954866833668,0,late,resolution,,,2018-03-10 01:08:30,2018-10-03 15:35:05
MULE-14696,MULE,manual_curated,0,0.0150238,-4.182981868100402,0,late,resolution,,,2018-03-09 20:31:49,2018-10-03 16:01:11
MULE-14695,MULE,manual_curated,0,0.0649682,-2.666682619991536,0,late,resolution,,,2018-03-09 20:10:17,2018-03-15 19:23:34
MULE-14694,MULE,manual_curated,0,0.0234664,-3.728439547531965,0,late,resolution,,,2018-03-09 19:35:18,2018-03-12 18:49:05
MULE-14693,MULE,manual_curated,0,0.3345792,-0.6875459996458271,0,late,resolution,,,2018-03-09 18:19:45,2018-03-11 22:14:25
MULE-14688,MULE,manual_curated,0,0.0086912,-4.736715070729237,0,late,resolution,,,2018-03-09 15:03:33,2018-10-03 15:33:48
MULE-14687,MULE,manual_curated,1,0.1787795999999999,-1.5246377642608384,0,late,resolution,,,2018-03-09 12:12:50,2018-08-22 19:19:32
MULE-14686,MULE,manual_curated,0,0.0098478,-4.610610588702186,0,late,resolution,,,2018-03-08 20:54:35,2018-03-08 21:15:46
MULE-14685,MULE,manual_curated,0,0.088148,-2.336460476216129,0,late,resolution,,,2018-03-08 20:22:01,2018-03-08 22:49:04
MULE-14684,MULE,manual_curated,0,0.9653718,3.3278449331001685,1,late,creation,,,2018-03-08 18:47:21,
MULE-14683,MULE,manual_curated,0,0.0064118,-5.043182792357319,0,late,resolution,,,2018-03-08 17:49:47,2018-03-08 18:12:03
MULE-14681,MULE,manual_curated,0,0.098935,-2.209114328226194,0,late,resolution,,,2018-03-08 14:02:34,2018-04-16 16:02:54
MULE-14680,MULE,manual_curated,0,0.0488652,-2.9685903113400034,0,late,resolution,,,2018-03-07 19:54:33,2018-10-03 15:33:32
MULE-14679,MULE,manual_curated,0,0.1357288,-1.8512278312509014,0,late,resolution,,,2018-03-06 21:30:00,2018-03-27 19:39:23
MULE-14677,MULE,manual_curated,1,0.5976980000000001,0.39588255930657673,1,late,resolution,,,2018-03-06 19:51:39,2018-03-06 21:14:47
MULE-14676,MULE,manual_curated,0,0.2734486,-0.9771955606659979,0,late,creation,,,2018-03-06 18:11:05,
MULE-14675,MULE,manual_curated,0,0.0139216,-4.260294273796591,0,late,resolution,,,2018-03-06 16:49:22,2018-10-03 15:35:08
MULE-14672,MULE,manual_curated,0,0.1018186,-2.1771792537311976,0,late,resolution,,,2018-03-02 20:16:30,2018-08-22 18:47:03
MULE-14670,MULE,manual_curated,0,0.0126196,-4.359804214626673,0,late,resolution,,,2018-03-02 18:41:00,2018-10-03 16:01:20
MULE-14669,MULE,manual_curated,0,0.0252826,-3.652031170739067,0,late,resolution,,,2018-03-02 18:20:55,2018-03-06 18:22:58
MULE-14668,MULE,manual_curated,0,0.0302734,-3.4667447369411653,0,late,resolution,,,2018-03-02 18:05:54,2018-03-02 18:40:33
MULE-14667,MULE,manual_curated,0,0.1125972,-2.0644821456136073,0,late,resolution,,,2018-03-02 15:04:26,2018-10-03 18:28:33
MULE-14666,MULE,manual_curated,0,0.0218616,-3.8009195001986167,0,late,creation,,,2018-03-02 14:46:04,
MULE-14665,MULE,manual_curated,0,0.0193996,-3.922912589830556,0,late,resolution,,,2018-03-02 12:04:19,2018-10-03 15:34:05
MULE-14663,MULE,manual_curated,0,0.5603998000000001,0.24278478008643511,1,late,creation,,,2018-03-01 19:15:48,
MULE-14661,MULE,manual_curated,0,0.0819096,-2.4166796606107175,0,late,resolution,,,2018-03-01 19:07:56,2018-10-03 16:27:28
MULE-14659,MULE,manual_curated,0,0.0807146,-2.432677153205657,0,late,resolution,,,2018-03-01 01:58:50,2018-03-01 17:57:36
MULE-14658,MULE,manual_curated,0,0.0109686,-4.501689435001416,0,late,resolution,,,2018-02-28 22:07:46,2018-10-03 15:49:29
MULE-14656,MULE,manual_curated,0,0.561442,0.24701640193235916,1,late,resolution,,,2018-02-28 19:09:42,2018-03-15 14:31:49
MULE-14655,MULE,manual_curated,0,0.894122,2.1335547433155093,1,late,resolution,,,2018-02-28 19:08:47,2020-07-27 18:59:27
MULE-14653,MULE,manual_curated,0,0.522953,0.0918765753408374,1,late,resolution,,,2018-02-28 18:58:19,2018-03-15 14:00:51
MULE-14650,MULE,manual_curated,0,0.127097,-1.926873864100193,0,late,resolution,,,2018-02-28 15:54:20,2018-03-13 20:53:34
MULE-14465,MULE,manual_curated,1,0.9373704,2.7058404984872424,1,late,resolution,,,2018-01-16 20:48:59,2018-01-19 16:56:26
MULE-14419,MULE,manual_curated,1,0.9608848,3.2013433884026936,1,late,creation,,,2018-01-10 20:49:28,
MULE-14410,MULE,manual_curated,1,0.736747,1.0291290027114035,1,late,resolution,,,2018-01-09 15:46:33,2018-10-03 16:28:40
MULE-14374,MULE,manual_curated,1,0.9088064,2.2991473710163337,1,late,resolution,,,2018-01-04 16:08:48,2018-10-03 16:28:43
MULE-14327,MULE,manual_curated,1,0.5475364,0.19072162558355618,1,late,resolution,,,2017-12-27 18:59:00,2018-01-05 21:17:36
MULE-14121,MULE,manual_curated,1,0.9813721999999998,3.9642967078377778,1,late,resolution,,,2017-11-22 13:03:28,2018-10-03 16:29:03
MULE-13517,MULE,manual_curated,1,0.982569,4.031920340052381,1,late,resolution,,,2017-09-12 18:00:41,2017-09-14 16:42:30
MULE-13471,MULE,manual_curated,1,0.1025462,-2.1692482139776055,0,late,resolution,,,2017-09-05 21:20:42,2017-11-18 00:39:14
MULE-13426,MULE,manual_curated,1,0.9430586,2.8071057539699082,1,late,resolution,,,2017-08-31 01:53:04,2017-09-05 21:18:35
MULE-12963,MULE,manual_curated,1,0.9716584,3.5346736123885525,1,late,resolution,,,2017-06-28 19:03:58,2019-01-14 16:59:00
MULE-12849,MULE,manual_curated,1,0.8609231999999999,1.8229790033085846,1,late,resolution,,,2017-06-18 14:37:32,2017-06-19 13:26:47
MULE-12699,MULE,manual_curated,1,0.9336814,2.644664865712621,1,late,creation,,,2017-06-06 14:55:28,
MULE-12147,MULE,manual_curated,1,0.9738988,3.619326106523802,1,late,resolution,,,2017-04-04 22:16:07,2018-10-03 16:31:23
MULE-11814,MULE,manual_curated,1,0.9735026,3.603853880613026,1,late,resolution,,,2017-02-11 17:20:09,2017-11-29 18:45:50
MULE-11808,MULE,manual_curated,1,0.9835524,4.090991345604175,1,late,resolution,,,2017-02-11 00:18:37,2017-07-18 20:30:55
MULE-11807,MULE,manual_curated,1,0.9839978,4.118897448489876,1,late,resolution,,,2017-02-11 00:14:37,2019-05-17 20:51:33
MULE-11790,MULE,manual_curated,1,0.9426026,2.7986457666814832,1,late,resolution,,,2017-02-10 19:03:29,2017-05-02 17:53:27
MULE-11788,MULE,manual_curated,1,0.602483,0.4158217487236135,1,late,resolution,,,2017-02-10 19:02:18,2017-05-02 06:32:05
MULE-11787,MULE,manual_curated,1,0.986527,4.293503011802514,1,late,resolution,,,2017-02-10 18:53:12,2019-05-17 20:49:51
MULE-11773,MULE,manual_curated,1,0.9821114,4.005541105426082,1,late,resolution,,,2017-02-08 22:20:15,2017-09-18 17:55:51
MULE-11655,MULE,manual_curated,1,0.962894,3.256164651445485,1,late,resolution,,,2017-02-06 20:37:27,2018-10-03 16:31:30
MULE-11653,MULE,manual_curated,1,0.9103278,2.3176439553606287,1,late,resolution,,,2017-02-06 20:28:23,2017-04-23 14:24:53
MULE-11649,MULE,manual_curated,1,0.9537024,3.025261549200794,1,late,resolution,,,2017-02-06 18:24:18,2019-05-17 20:48:16
MULE-11560,MULE,manual_curated,1,0.9824186,4.023175965402204,1,late,resolution,,,2017-01-29 15:32:44,2020-07-27 19:17:13
MULE-11559,MULE,manual_curated,1,0.969267,3.4512031198831274,1,late,resolution,,,2017-01-29 15:31:09,2020-07-27 19:17:25
MULE-11540,MULE,manual_curated,1,0.9829502,4.054419984167295,1,late,resolution,,,2017-01-26 21:47:03,2017-01-30 14:01:41
MULE-11481,MULE,manual_curated,1,0.9756314,3.689789432840326,1,late,resolution,,,2017-01-20 13:42:43,2017-01-25 21:02:21
MULE-11373,MULE,manual_curated,1,0.954841,3.051355238926302,1,late,resolution,,,2017-01-10 10:56:28,2020-07-27 19:19:31
MULE-11321,MULE,manual_curated,1,0.9816802,3.9812831512448237,1,late,creation,,,2017-01-02 16:13:53,
MULE-11305,MULE,manual_curated,1,0.9775056,3.7717376313998594,1,late,resolution,,,2016-12-30 13:30:21,2017-02-03 23:13:43
MULE-11252,MULE,manual_curated,1,0.9715954,3.532388358776059,1,late,creation,,,2016-12-22 13:38:04,
MULE-11225,MULE,manual_curated,1,0.930473,2.5939778926666177,1,late,resolution,,,2016-12-16 18:37:11,2019-05-17 20:46:44
MULE-11213,MULE,manual_curated,1,0.726839,0.9786436300170049,1,late,resolution,,,2016-12-16 13:53:01,2016-12-16 16:44:00
MULE-11134,MULE,manual_curated,1,0.9606614,3.1954157804333123,1,late,resolution,,,2016-12-02 13:45:28,2019-05-17 20:46:29
MULE-11102,MULE,manual_curated,1,0.9374686,2.7075144333685888,1,late,resolution,,,2016-11-29 16:37:43,2017-05-23 18:58:21
NEXUS-25611,NEXUS,manual_curated,0,0.0212652,-3.829188783384487,0,late,creation,,,2020-10-20 16:23:45,
NEXUS-25609,NEXUS,manual_curated,0,0.0254542,-3.6450907574537568,0,late,creation,,,2020-10-20 16:03:55,
NEXUS-25608,NEXUS,manual_curated,0,0.0271809999999999,-3.5776798424663303,0,late,creation,,,2020-10-20 15:58:59,
NEXUS-25607,NEXUS,manual_curated,0,0.7127898,0.9089722144261551,1,late,creation,,,2020-10-20 15:45:48,
NEXUS-25606,NEXUS,manual_curated,0,0.6298622,0.5316256965669595,1,late,creation,,,2020-10-20 15:42:00,
NEXUS-25605,NEXUS,manual_curated,0,0.0272979999999999,-3.573264326571696,0,late,creation,,,2020-10-20 15:24:07,
NEXUS-25604,NEXUS,manual_curated,0,0.0095548,-4.6411108929912865,0,late,resolution,,,2020-10-20 09:40:15,2020-10-20 09:43:18
NEXUS-25603,NEXUS,manual_curated,0,0.0294151999999999,-3.49638722888687,0,late,creation,,,2020-10-20 08:48:11,
NEXUS-25599,NEXUS,manual_curated,0,0.025006,-3.66331552105995,0,late,creation,,,2020-10-19 17:53:52,
NEXUS-25598,NEXUS,manual_curated,1,0.910174,2.3157613243282795,1,late,creation,,,2020-10-19 15:09:00,
NEXUS-25583,NEXUS,manual_curated,0,0.019816,-3.9012506169558168,0,late,creation,,,2020-10-15 17:26:11,
NEXUS-25576,NEXUS,manual_curated,0,0.0156876,-4.139072734967365,0,late,creation,,,2020-10-14 21:34:02,
NEXUS-25575,NEXUS,manual_curated,0,0.0112258,-4.478251293553489,0,late,creation,,,2020-10-14 17:39:39,
NEXUS-25529,NEXUS,manual_curated,0,0.0192275999999999,-3.931993677672671,0,late,creation,,,2020-10-13 08:16:16,
NEXUS-25528,NEXUS,manual_curated,0,0.8877412,2.0678733390873694,1,late,creation,,,2020-10-13 07:13:07,
NEXUS-25527,NEXUS,manual_curated,0,0.0049418,-5.305071590608348,0,late,creation,,,2020-10-13 05:53:38,
NEXUS-25521,NEXUS,manual_curated,0,0.0167104,-4.074872405017843,0,late,creation,,,2020-10-12 15:36:37,
NEXUS-25520,NEXUS,manual_curated,0,0.7919326000000001,1.3366142215092962,1,late,creation,,,2020-10-12 15:18:55,
NEXUS-25518,NEXUS,manual_curated,1,0.901332,2.212112990125553,1,late,creation,,,2020-10-12 10:32:08,
NEXUS-25513,NEXUS,manual_curated,0,0.0261437999999999,-3.6176515854296603,0,late,resolution,,,2020-10-09 21:10:11,2020-10-16 15:49:27
NEXUS-25510,NEXUS,manual_curated,0,0.023033,-3.7475249043836,0,late,resolution,,,2020-10-09 14:40:26,2020-10-19 14:31:39
NEXUS-25509,NEXUS,manual_curated,0,0.017814,-4.009796034777734,0,late,creation,,,2020-10-09 11:57:30,
NEXUS-25507,NEXUS,manual_curated,0,0.0223787999999999,-3.777008191799986,0,late,resolution,,,2020-10-08 19:41:59,2020-10-14 21:37:39
NEXUS-25506,NEXUS,manual_curated,0,0.8845957999999999,2.0366900689552696,1,late,resolution,,,2020-10-08 18:49:51,2020-10-13 14:15:57
NEXUS-25505,NEXUS,manual_curated,0,0.8486324,1.7239147971125004,1,late,creation,,,2020-10-08 18:13:30,
NEXUS-25504,NEXUS,manual_curated,0,0.0131083999999999,-4.321306959554521,0,late,creation,,,2020-10-08 17:03:35,
NEXUS-25502,NEXUS,manual_curated,0,0.0229708,-3.7502926948755086,0,late,creation,,,2020-10-08 15:22:22,
NEXUS-25491,NEXUS,manual_curated,0,0.0339068,-3.3496447256484254,0,late,resolution,,,2020-10-07 19:06:41,2020-10-19 22:24:06
NEXUS-25478,NEXUS,manual_curated,0,0.0149884,-4.185376849160089,0,late,creation,,,2020-10-07 13:55:51,
NEXUS-25475,NEXUS,manual_curated,0,0.0717797999999999,-2.559665889697317,0,late,creation,,,2020-10-07 11:08:59,
NEXUS-25472,NEXUS,manual_curated,1,0.940047,2.7523689520911936,1,late,creation,,,2020-10-06 20:42:48,
NEXUS-25468,NEXUS,manual_curated,1,0.9432744,2.811131618562575,1,late,creation,,,2020-10-06 15:11:34,
NEXUS-25464,NEXUS,manual_curated,0,0.0128658,-4.340233369748146,0,late,creation,,,2020-10-05 20:58:19,
NEXUS-25463,NEXUS,manual_curated,1,0.9786196,3.8236683927709705,1,late,creation,,,2020-10-05 17:57:37,
NEXUS-25457,NEXUS,manual_curated,0,0.0145795999999999,-4.213445060786553,0,late,creation,,,2020-10-02 21:55:18,
NEXUS-25456,NEXUS,manual_curated,0,0.0252879999999999,-3.6518120678345216,0,late,creation,,,2020-10-02 21:37:10,
NEXUS-25453,NEXUS,manual_curated,0,0.6223158000000001,0.49938928423478124,1,late,creation,,,2020-10-02 17:09:37,
NEXUS-25444,NEXUS,manual_curated,1,0.9160442,2.389774146904755,1,late,creation,,,2020-10-01 17:23:01,
NEXUS-25425,NEXUS,manual_curated,0,0.0260673999999999,-3.620656610589763,0,late,resolution,,,2020-09-30 04:57:40,2020-09-30 23:10:39
NEXUS-25424,NEXUS,manual_curated,0,0.0467671999999999,-3.0146770525303372,0,late,resolution,,,2020-09-29 20:25:09,2020-10-06 21:09:26
NEXUS-25420,NEXUS,manual_curated,0,0.0273548,-3.5711273540487634,0,late,resolution,,,2020-09-29 17:28:31,2020-10-13 13:55:26
NEXUS-25418,NEXUS,manual_curated,1,0.9232258,2.4870051954231913,1,late,creation,,,2020-09-29 16:42:44,
NEXUS-25408,NEXUS,manual_curated,0,0.0112016,-4.480433843338344,0,late,creation,,,2020-09-29 02:22:44,
NEXUS-25386,NEXUS,manual_curated,0,0.0238338,-3.7125281175414337,0,late,creation,,,2020-09-25 09:41:43,
NEXUS-25378,NEXUS,manual_curated,0,0.0232348,-3.738595140830228,0,late,resolution,,,2020-09-23 14:43:36,2020-09-23 14:54:15
NEXUS-25357,NEXUS,manual_curated,0,0.0287977999999999,-3.51823569020632,0,late,creation,,,2020-09-22 00:45:56,
NEXUS-25356,NEXUS,manual_curated,0,0.0151016,-4.177737790171541,0,late,creation,,,2020-09-21 22:07:12,
NEXUS-25347,NEXUS,manual_curated,0,0.0301299999999999,-3.4716406887551,0,late,resolution,,,2020-09-18 16:24:48,2020-09-22 14:31:04
NEXUS-25340,NEXUS,manual_curated,0,0.0152683999999999,-4.166583783605955,0,late,resolution,,,2020-09-18 11:16:49,2020-09-23 14:16:27
NEXUS-25336,NEXUS,manual_curated,0,0.5892511999999999,0.3608707428732044,1,late,resolution,,,2020-09-17 14:33:26,2020-09-17 14:34:05
NEXUS-25335,NEXUS,manual_curated,0,0.422272,-0.31345351350962836,0,late,creation,,,2020-09-17 08:24:51,
NEXUS-25307,NEXUS,manual_curated,0,0.3372004,-0.6757952696853069,0,late,resolution,,,2020-09-16 22:10:36,2020-10-20 19:08:46
NEXUS-25306,NEXUS,manual_curated,0,0.0070697999999999,-4.9448281785650625,0,late,creation,,,2020-09-16 19:34:25,
NEXUS-25304,NEXUS,manual_curated,0,0.0297847999999999,-3.483519706292422,0,late,creation,,,2020-09-16 16:16:12,
NEXUS-25303,NEXUS,manual_curated,0,0.8744682000000001,1.9410568172320253,1,late,creation,,,2020-09-16 15:55:19,
NEXUS-25296,NEXUS,manual_curated,0,0.0100762,-4.587451763029488,0,late,resolution,,,2020-09-16 05:56:27,2020-09-22 14:50:44
NEXUS-25294,NEXUS,manual_curated,0,0.0662934,-2.645071911391176,0,late,resolution,,,2020-09-15 23:21:45,2020-09-21 15:04:32
NEXUS-25292,NEXUS,manual_curated,0,0.0170922,-4.051893102147494,0,late,resolution,,,2020-09-15 17:49:34,2020-10-07 02:04:35
NEXUS-25291,NEXUS,manual_curated,0,0.0388232,-3.2091403609952036,0,late,resolution,,,2020-09-15 16:05:15,2020-10-12 13:25:47
NEXUS-25287,NEXUS,manual_curated,0,0.0137208,-4.27502654918366,0,late,creation,,,2020-09-14 17:16:24,
NEXUS-25286,NEXUS,manual_curated,0,0.0329953999999999,-3.3778350946114863,0,late,creation,,,2020-09-14 15:02:01,
NEXUS-25275,NEXUS,manual_curated,0,0.821696,1.5278805382513325,1,late,creation,,,2020-09-11 22:25:18,
NEXUS-25274,NEXUS,manual_curated,0,0.8540849999999999,1.7670064600634778,1,late,creation,,,2020-09-11 22:23:49,
NEXUS-25239,NEXUS,manual_curated,0,0.8275338000000001,1.5682486770952153,1,late,creation,,,2020-09-10 11:37:34,
NEXUS-25238,NEXUS,manual_curated,0,0.2724896,-0.9820278462387367,0,late,creation,,,2020-09-10 11:36:04,
NEXUS-25237,NEXUS,manual_curated,0,0.1465096,-1.7622433390476457,0,late,creation,,,2020-09-10 11:32:32,
NEXUS-25236,NEXUS,manual_curated,0,0.007723,-4.855799412590192,0,late,creation,,,2020-09-10 09:22:09,
NEXUS-25231,NEXUS,manual_curated,0,0.7436348,1.064947063700757,1,late,creation,,,2020-09-09 23:22:26,
NEXUS-25226,NEXUS,manual_curated,0,0.0240986,-3.7012078091966627,0,late,creation,,,2020-09-09 15:07:14,
NEXUS-25218,NEXUS,manual_curated,0,0.3772806,-0.5011068083636886,0,late,creation,,,2020-09-09 11:55:08,
NEXUS-25217,NEXUS,manual_curated,0,0.0259098,-3.626882631640748,0,late,creation,,,2020-09-09 11:48:22,
NEXUS-25216,NEXUS,manual_curated,0,0.0279609999999999,-3.548585245007152,0,late,creation,,,2020-09-09 11:45:17,
NEXUS-25209,NEXUS,manual_curated,1,0.8516237999999999,1.7473939395089793,1,late,resolution,,,2020-09-08 16:16:19,2020-09-10 11:31:57
NEXUS-25205,NEXUS,manual_curated,0,0.0165654,-4.083734955655374,0,late,resolution,,,2020-09-08 09:45:57,2020-09-08 16:13:27
NEXUS-25202,NEXUS,manual_curated,0,0.0302516,-3.467487580768873,0,late,creation,,,2020-09-07 11:47:32,
NEXUS-25201,NEXUS,manual_curated,0,0.028985,-3.5115634613720705,0,late,creation,,,2020-09-07 11:45:30,
NEXUS-25200,NEXUS,manual_curated,0,0.4816311999999999,-0.07350828209230781,0,late,resolution,,,2020-09-07 11:06:46,2020-09-14 15:10:57
NEXUS-25199,NEXUS,manual_curated,0,0.0228336,-3.7564238194742994,0,late,creation,,,2020-09-07 10:54:33,
NEXUS-25190,NEXUS,manual_curated,0,0.0414378,-3.1412409457034336,0,late,resolution,,,2020-09-04 19:40:07,2020-09-17 15:43:41
NEXUS-25189,NEXUS,manual_curated,0,0.1004424,-2.1923186580492064,0,late,creation,,,2020-09-04 17:44:45,
NEXUS-25186,NEXUS,manual_curated,0,0.0182273999999999,-3.986433756842787,0,late,resolution,,,2020-09-04 14:30:20,2020-10-14 13:28:59
NEXUS-25182,NEXUS,manual_curated,0,0.019763,-3.9039828765032247,0,late,creation,,,2020-09-03 22:23:02,
NEXUS-25181,NEXUS,manual_curated,0,0.0186843999999999,-3.9612051692625845,0,late,creation,,,2020-09-03 22:21:05,
NEXUS-25180,NEXUS,manual_curated,0,0.0186146,-3.9650190277918633,0,late,creation,,,2020-09-03 22:20:04,
NEXUS-25179,NEXUS,manual_curated,0,0.0203844,-3.8723903473873773,0,late,creation,,,2020-09-03 22:17:59,
NEXUS-25177,NEXUS,manual_curated,0,0.0239964,-3.7055624558340594,0,late,creation,,,2020-09-03 20:50:54,
NEXUS-25174,NEXUS,manual_curated,0,0.0212487999999999,-3.829977050170239,0,late,creation,,,2020-09-03 16:43:01,
NEXUS-25163,NEXUS,manual_curated,0,0.0140138,-4.253599800157825,0,late,creation,,,2020-09-02 17:32:42,
NEXUS-25162,NEXUS,manual_curated,0,0.7926144,1.340756986311931,1,late,resolution,,,2020-09-02 17:28:58,2020-09-02 17:41:41
NEXUS-25159,NEXUS,manual_curated,0,0.0183744,-3.9782515814216755,0,late,resolution,,,2020-09-02 15:26:24,2020-09-18 17:03:15
NEXUS-25158,NEXUS,manual_curated,0,0.0502956,-2.938233180149773,0,late,creation,,,2020-09-02 14:23:14,
NEXUS-25156,NEXUS,manual_curated,0,0.043016,-3.1022145328925443,0,late,resolution,,,2020-09-02 12:22:34,2020-09-11 07:52:14
NEXUS-25154,NEXUS,manual_curated,0,0.9714552,3.5273203705872116,1,late,creation,,,2020-09-02 03:42:47,
NEXUS-25152,NEXUS,manual_curated,0,0.0148108,-4.197477059568611,0,late,resolution,,,2020-09-01 22:55:08,2020-09-04 18:45:36
NEXUS-25149,NEXUS,manual_curated,0,0.011474,-4.4561313385635914,0,late,creation,,,2020-09-01 20:35:48,
NEXUS-25147,NEXUS,manual_curated,0,0.0315554,-3.4239465481170464,0,late,creation,,,2020-09-01 19:15:34,
NEXUS-25140,NEXUS,manual_curated,0,0.0209458,-3.844648854670058,0,late,resolution,,,2020-08-31 16:32:26,2020-09-17 21:53:39
NEXUS-25135,NEXUS,manual_curated,0,0.0612435999999999,-2.7296966664621927,0,late,creation,,,2020-08-31 15:05:58,
NEXUS-25130,NEXUS,manual_curated,0,0.3768954000000001,-0.5027467065958081,0,late,creation,,,2020-08-31 11:48:10,
NEXUS-25129,NEXUS,manual_curated,0,0.0271435999999999,-3.5790951953532737,0,late,creation,,,2020-08-31 11:45:45,
NEXUS-25118,NEXUS,manual_curated,0,0.799891,1.385613250295579,1,late,creation,,,2020-08-28 18:02:07,
NEXUS-25117,NEXUS,manual_curated,1,0.91291,2.349695232908702,1,late,resolution,,,2020-08-28 17:40:25,2020-09-08 18:33:45
NEXUS-25110,NEXUS,manual_curated,0,0.9201614,2.444541992659486,1,late,creation,,,2020-08-27 22:22:49,
NEXUS-25107,NEXUS,manual_curated,0,0.0218622,-3.800891441781233,0,late,creation,,,2020-08-27 15:42:35,
NEXUS-25105,NEXUS,manual_curated,0,0.039438,-3.1927887113295648,0,late,creation,,,2020-08-27 10:06:45,
NEXUS-25099,NEXUS,manual_curated,1,0.9235386,2.4914265579470714,1,late,resolution,,,2020-08-26 19:47:21,2020-09-17 16:11:31
NEXUS-25098,NEXUS,manual_curated,1,0.9450304,2.844436791138778,1,late,resolution,,,2020-08-26 19:43:45,2020-08-26 19:44:01
NEXUS-25095,NEXUS,manual_curated,1,0.6901542,0.8008402965143223,1,late,creation,,,2020-08-26 17:22:36,
NEXUS-25090,NEXUS,manual_curated,0,0.0174072,-4.033310878474053,0,late,creation,,,2020-08-25 23:28:11,
NEXUS-25086,NEXUS,manual_curated,0,0.1802619999999999,-1.5145734288566897,0,late,resolution,,,2020-08-25 18:42:28,2020-10-15 19:41:55
NEXUS-25085,NEXUS,manual_curated,0,0.1747938,-1.5520263010141337,0,late,resolution,,,2020-08-25 18:42:14,2020-10-15 19:21:48
NEXUS-25058,NEXUS,manual_curated,0,0.0167446,-4.0727930850545135,0,late,creation,,,2020-08-25 15:26:15,
NEXUS-25039,NEXUS,manual_curated,0,0.0156706,-4.140174251771007,0,late,resolution,,,2020-08-24 20:03:36,2020-09-08 13:43:12
NEXUS-25037,NEXUS,manual_curated,0,0.0240214,-3.7044955602271568,0,late,creation,,,2020-08-24 18:15:18,
NEXUS-25036,NEXUS,manual_curated,0,0.0424966,-3.114905199232134,0,late,resolution,,,2020-08-24 17:48:09,2020-09-11 20:34:45
NEXUS-25035,NEXUS,manual_curated,0,0.2113575999999999,-1.3167615004905902,0,late,creation,,,2020-08-24 17:17:56,
NEXUS-25032,NEXUS,manual_curated,0,0.1972234,-1.4037393721288582,0,late,creation,,,2020-08-24 15:05:48,
NEXUS-25019,NEXUS,manual_curated,0,0.0292422,-3.502464132154641,0,late,resolution,,,2020-08-21 22:29:25,2020-09-03 17:50:30
NEXUS-24999,NEXUS,manual_curated,0,0.0117286,-4.433927052928312,0,late,resolution,,,2020-08-21 15:43:33,2020-08-26 11:36:53
NEXUS-24998,NEXUS,manual_curated,0,0.0175198,-4.026748520950619,0,late,resolution,,,2020-08-21 15:27:28,2020-09-08 23:31:35
NEXUS-24995,NEXUS,manual_curated,0,0.0305715999999999,-3.456635146026738,0,late,creation,,,2020-08-21 09:48:43,
NEXUS-24990,NEXUS,manual_curated,1,0.4899362,-0.04026063738772755,0,late,creation,,,2020-08-20 23:35:13,
NEXUS-24988,NEXUS,manual_curated,0,0.0227357999999999,-3.760816260444022,0,late,resolution,,,2020-08-20 17:41:29,2020-09-01 17:57:02
NEXUS-24953,NEXUS,manual_curated,0,0.0409296,-3.15411096431719,0,late,resolution,,,2020-08-19 18:40:38,2020-08-25 14:29:19
NEXUS-24939,NEXUS,manual_curated,1,0.5029868,0.011947342110593744,1,late,creation,,,2020-08-17 19:25:11,
NEXUS-24938,NEXUS,manual_curated,1,0.5755888,0.3046907202774503,1,late,creation,,,2020-08-17 19:24:50,
NEXUS-24937,NEXUS,manual_curated,0,0.0280368,-3.545800010689406,0,late,resolution,,,2020-08-17 16:26:50,2020-08-18 19:06:51
NEXUS-24925,NEXUS,manual_curated,0,0.0141167999999999,-4.246172311682337,0,late,resolution,,,2020-08-14 17:11:53,2020-08-18 22:31:49
NEXUS-24923,NEXUS,manual_curated,0,0.2967234,-0.86294987931155,0,late,resolution,,,2020-08-14 16:11:40,2020-08-31 13:57:30
NEXUS-24922,NEXUS,manual_curated,0,0.0344016,-3.3346449378554928,0,late,creation,,,2020-08-14 15:16:41,
NEXUS-24918,NEXUS,manual_curated,0,0.0184516,-3.9739802371841244,0,late,resolution,,,2020-08-13 16:25:32,2020-08-28 08:14:53
NEXUS-24917,NEXUS,manual_curated,0,0.0203783999999999,-3.872690858280049,0,late,resolution,,,2020-08-13 16:20:15,2020-08-19 11:57:11
NEXUS-24916,NEXUS,manual_curated,0,0.0255776,-3.640127916747585,0,late,resolution,,,2020-08-13 15:55:51,2020-08-31 19:08:22
NEXUS-24914,NEXUS,manual_curated,0,0.0521268,-2.900541526137888,0,late,creation,,,2020-08-13 12:57:42,
NEXUS-24913,NEXUS,manual_curated,0,0.0469,-3.0117021544913465,0,late,resolution,,,2020-08-13 12:46:46,2020-10-14 07:20:19
NEXUS-24912,NEXUS,manual_curated,0,0.1523614,-1.7161990353747933,0,late,creation,,,2020-08-13 07:19:57,
NEXUS-24911,NEXUS,manual_curated,0,0.0178103999999999,-4.010001808732343,0,late,creation,,,2020-08-12 20:40:21,
NEXUS-24910,NEXUS,manual_curated,0,0.0253502,-3.6492916074378448,0,late,creation,,,2020-08-12 20:32:22,
NEXUS-24904,NEXUS,manual_curated,0,0.0737646,-2.5302494722740154,0,late,resolution,,,2020-08-12 08:44:40,2020-09-22 13:07:48
NEXUS-24869,NEXUS,manual_curated,0,0.012177,-4.395954605376184,0,late,resolution,,,2020-08-11 10:15:45,2020-08-12 18:29:37
NEXUS-24868,NEXUS,manual_curated,0,0.0231497999999999,-3.7423471725912836,0,late,resolution,,,2020-08-11 07:11:55,2020-09-08 14:13:18
NEXUS-24867,NEXUS,manual_curated,0,0.0235476,-3.724902099167779,0,late,resolution,,,2020-08-11 05:50:12,2020-08-13 14:29:25
NEXUS-24864,NEXUS,manual_curated,0,0.013687,-4.277527271217817,0,late,resolution,,,2020-08-10 22:09:13,2020-09-09 17:46:15
NEXUS-24863,NEXUS,manual_curated,0,0.0317422,-3.417851348267416,0,late,creation,,,2020-08-10 22:04:01,
NEXUS-24860,NEXUS,manual_curated,1,0.3542246,-0.6005205900861326,0,late,creation,,,2020-08-10 17:12:51,
NEXUS-24858,NEXUS,manual_curated,0,0.6992958,0.843946771379461,1,late,resolution,,,2020-08-07 20:41:00,2020-08-07 20:41:30
NEXUS-24854,NEXUS,manual_curated,1,0.7403044000000001,1.0475512770687267,1,late,creation,,,2020-08-07 15:06:52,
NEXUS-24851,NEXUS,manual_curated,0,0.8806594000000001,1.9986893553219818,1,late,creation,,,2020-08-06 18:23:11,
NEXUS-24420,NEXUS,manual_curated,1,0.9053898,2.2586002765439375,1,late,creation,,,2020-06-29 19:55:39,
NEXUS-23588,NEXUS,manual_curated,1,0.9526888,3.002541248644171,1,late,resolution,,,2020-04-17 17:28:05,2020-05-12 12:42:25
NEXUS-22698,NEXUS,manual_curated,1,0.9577496,3.1209725447211594,1,late,creation,,,2020-02-06 17:45:13,
NEXUS-22134,NEXUS,manual_curated,1,0.5876648,0.3543201065250785,1,late,creation,,,2019-12-11 09:03:44,
NEXUS-21070,NEXUS,manual_curated,1,0.9518878,2.9849113874981983,1,late,resolution,,,2019-09-05 17:52:34,2019-09-09 17:50:15
NEXUS-19866,NEXUS,manual_curated,1,0.9670342,3.37876320150868,1,late,resolution,,,2019-05-02 11:28:00,2019-09-16 10:02:52
NEXUS-19146,NEXUS,manual_curated,1,0.8950072,2.1429399865574106,1,late,resolution,,,2019-02-19 15:09:16,2019-08-21 23:30:37
NEXUS-19143,NEXUS,manual_curated,1,0.8923003999999999,2.114456977050712,1,late,resolution,,,2019-02-19 15:02:56,2019-07-24 16:50:54
NEXUS-18641,NEXUS,manual_curated,1,0.9329502000000002,2.63291619634238,1,late,creation,,,2018-12-04 09:25:34,
NEXUS-18546,NEXUS,manual_curated,1,0.8731278,1.9289016562909413,1,late,resolution,,,2018-11-22 16:26:36,2020-03-30 21:47:38
NEXUS-18490,NEXUS,manual_curated,1,0.9659474,3.3452029934072365,1,late,creation,,,2018-11-13 21:35:19,
NEXUS-16958,NEXUS,manual_curated,1,0.912007,2.3383903996237185,1,late,creation,,,2018-04-27 09:25:10,
NEXUS-16734,NEXUS,manual_curated,1,0.8251844,1.5518751724197977,1,late,resolution,,,2018-04-05 16:09:42,2019-08-30 19:44:57
NEXUS-16090,NEXUS,manual_curated,1,0.914306,2.367382496062119,1,late,creation,,,2018-02-13 23:21:34,
NEXUS-15416,NEXUS,manual_curated,1,0.923075,2.484879566764991,1,late,resolution,,,2018-01-08 14:52:22,2020-08-31 12:48:00
NEXUS-15091,NEXUS,manual_curated,1,0.9579232,3.1252710878322367,1,late,resolution,,,2017-11-30 10:19:34,2020-04-15 14:27:55
NEXUS-14940,NEXUS,manual_curated,1,0.9328216,2.6308622041288845,1,late,resolution,,,2017-11-16 02:52:18,2017-12-14 20:02:39
NEXUS-14730,NEXUS,manual_curated,1,0.9270098,2.5416389516855893,1,late,resolution,,,2017-11-01 20:21:55,2017-11-01 20:26:39
NEXUS-14639,NEXUS,manual_curated,1,0.9226538,2.4789626344164684,1,late,resolution,,,2017-10-18 20:44:27,2017-11-29 01:03:55
NEXUS-14233,NEXUS,manual_curated,1,0.8667266,1.8723209294121375,1,late,resolution,,,2017-09-07 16:48:34,2019-10-23 11:36:43
NEXUS-14083,NEXUS,manual_curated,1,0.9553192,3.0625016463287427,1,late,creation,,,2017-08-22 12:34:11,
NEXUS-12815,NEXUS,manual_curated,1,0.8301489999999999,1.5866836206143935,1,late,creation,,,2017-03-31 21:59:39,
NEXUS-12237,NEXUS,manual_curated,1,0.9024148,2.224348438742147,1,late,resolution,,,2017-01-23 19:53:35,2017-11-10 21:39:19
NEXUS-12022,NEXUS,manual_curated,1,0.9519548,2.986375320187963,1,late,creation,,,2017-01-05 20:11:41,
NEXUS-11897,NEXUS,manual_curated,1,0.8613432,1.8264912160616877,1,late,creation,,,2016-12-12 21:01:49,
NEXUS-11896,NEXUS,manual_curated,1,0.9079258,2.288567883476235,1,late,creation,,,2016-12-12 20:00:04,
NEXUS-11895,NEXUS,manual_curated,1,0.8839494,2.0303735182880325,1,late,resolution,,,2016-12-12 19:37:50,2017-11-10 21:36:13
NEXUS-11894,NEXUS,manual_curated,1,0.9054756000000002,2.259602328292235,1,late,resolution,,,2016-12-12 19:35:49,2017-11-10 21:32:42
NEXUS-11893,NEXUS,manual_curated,1,0.7989832,1.379951432606526,1,late,resolution,,,2016-12-12 19:26:15,2018-06-26 18:21:32
NEXUS-11141,NEXUS,manual_curated,1,0.8981028,2.176320076433326,1,late,resolution,,,2016-10-06 15:45:12,2016-10-13 22:42:17
NEXUS-10976,NEXUS,manual_curated,1,0.944522,2.8346924336476045,1,late,creation,,,2016-09-28 12:23:49,
NEXUS-10873,NEXUS,manual_curated,1,0.9099334,2.312822013354159,1,late,resolution,,,2016-09-14 04:49:00,2018-07-30 15:25:15
NEXUS-10495,NEXUS,manual_curated,1,0.6619767999999999,0.6721159778249647,1,late,resolution,,,2016-07-19 13:34:57,2018-04-11 19:52:59
NEXUS-9878,NEXUS,manual_curated,1,0.849655,1.7318977315939448,1,late,resolution,,,2016-03-01 13:05:17,2020-08-05 20:28:34
NEXUS-9522,NEXUS,manual_curated,1,0.8681728,1.884898799118664,1,late,resolution,,,2015-12-09 15:19:07,2015-12-17 19:26:41
SERVER-51796,SERVER,manual_curated,0,0.0055676,-5.1852080407563825,0,late,creation,,,2020-10-21 20:44:31,
SERVER-51795,SERVER,manual_curated,0,0.0075614,-4.877108788435875,0,late,creation,,,2020-10-21 20:40:04,
SERVER-51794,SERVER,manual_curated,0,0.006853,-4.976192176738977,0,late,creation,,,2020-10-21 20:33:39,
SERVER-51793,SERVER,manual_curated,0,0.1294262,-1.9060416999534369,0,late,creation,,,2020-10-21 20:29:38,
SERVER-51792,SERVER,manual_curated,0,0.0045008,-5.3989891611342,0,late,creation,,,2020-10-21 20:24:34,
SERVER-51791,SERVER,manual_curated,1,0.006985,-4.956980776962338,0,late,creation,,,2020-10-21 19:15:32,
SERVER-51790,SERVER,manual_curated,0,0.2819164,-0.9349754237243789,0,late,creation,,,2020-10-21 18:20:09,
SERVER-51789,SERVER,manual_curated,1,0.0072398,-4.920895562741957,0,late,creation,,,2020-10-21 17:37:44,
SERVER-51787,SERVER,manual_curated,0,0.0113818,-4.4642926221536845,0,late,creation,,,2020-10-21 16:05:27,
SERVER-51786,SERVER,manual_curated,1,0.4408023999999999,-0.23790619659491655,0,late,creation,,,2020-10-21 15:40:20,
SERVER-51785,SERVER,manual_curated,1,0.0346446,-3.327354454357148,0,late,creation,,,2020-10-21 15:29:54,
SERVER-51784,SERVER,manual_curated,1,0.198021,-1.3987093373084727,0,late,creation,,,2020-10-21 15:27:36,
SERVER-51783,SERVER,manual_curated,0,0.0183277999999999,-3.980838411247754,0,late,creation,,,2020-10-21 15:15:03,
SERVER-51782,SERVER,manual_curated,1,0.6674304,0.6965859536759114,1,late,creation,,,2020-10-21 15:11:46,
SERVER-51781,SERVER,manual_curated,0,0.007436,-4.893958424250372,0,late,creation,,,2020-10-21 14:50:13,
SERVER-51780,SERVER,manual_curated,1,0.3756076,-0.5082340354611871,0,late,resolution,,,2020-10-21 14:29:05,2020-10-21 14:30:27
SERVER-51778,SERVER,manual_curated,1,0.8585353999999998,1.8031784050936666,1,late,creation,,,2020-10-21 14:24:01,
SERVER-51777,SERVER,manual_curated,1,0.2818594,-0.9352570065599568,0,late,creation,,,2020-10-21 10:11:31,
SERVER-51776,SERVER,manual_curated,0,0.2457016,-1.1216702541729455,0,late,creation,,,2020-10-21 08:15:55,
SERVER-51775,SERVER,manual_curated,0,0.1866042,-1.472228033750079,0,late,creation,,,2020-10-21 05:01:00,
SERVER-51774,SERVER,manual_curated,0,0.024236,-3.695381622812535,0,late,creation,,,2020-10-20 21:24:55,
SERVER-51773,SERVER,manual_curated,0,0.0050036,-5.292581465703146,0,late,creation,,,2020-10-20 19:46:29,
SERVER-51772,SERVER,manual_curated,1,0.1231994,-1.9624754195423961,0,late,creation,,,2020-10-20 19:44:56,
SERVER-51771,SERVER,manual_curated,0,0.0111734,-4.482983034121006,0,late,resolution,,,2020-10-20 18:52:06,2020-10-21 02:03:04
SERVER-51770,SERVER,manual_curated,1,0.6550914,0.6414953134892788,1,late,creation,,,2020-10-20 18:23:20,
SERVER-51769,SERVER,manual_curated,0,0.0083114,-4.781781080315679,0,late,creation,,,2020-10-20 17:58:14,
SERVER-51768,SERVER,manual_curated,0,0.1523458,-1.7163198326549893,0,late,creation,,,2020-10-20 16:22:42,
SERVER-51767,SERVER,manual_curated,0,0.0858634,-2.3652223518810613,0,late,resolution,,,2020-10-20 15:46:33,2020-10-20 17:55:37
SERVER-51766,SERVER,manual_curated,0,0.1441558,-1.781193691089848,0,late,resolution,,,2020-10-20 15:45:20,2020-10-20 17:56:35
SERVER-51765,SERVER,manual_curated,1,0.9869952,4.329346656117907,1,late,creation,,,2020-10-20 15:34:25,
SERVER-51764,SERVER,manual_curated,0,0.0783177999999999,-2.4654255707324424,0,late,creation,,,2020-10-20 14:58:05,
SERVER-51763,SERVER,manual_curated,0,0.0049686,-5.2996361841640285,0,late,creation,,,2020-10-20 14:57:55,
SERVER-51762,SERVER,manual_curated,0,0.0517396,-2.9084057023152137,0,late,creation,,,2020-10-20 14:49:23,
SERVER-51761,SERVER,manual_curated,1,0.1350388,-1.8571225058822725,0,late,creation,,,2020-10-20 14:35:58,
SERVER-51759,SERVER,manual_curated,0,0.2917894,-0.8867091979110755,0,late,creation,,,2020-10-20 13:49:09,
SERVER-51758,SERVER,manual_curated,0,0.4154334,-0.3415484053233248,0,late,creation,,,2020-10-20 13:27:19,
SERVER-51757,SERVER,manual_curated,1,0.0887272,-2.329275809643735,0,late,creation,,,2020-10-20 13:22:32,
SERVER-51756,SERVER,manual_curated,1,0.4071517999999999,-0.3757522908398736,0,late,creation,,,2020-10-20 13:04:14,
SERVER-51755,SERVER,manual_curated,1,0.9231522,2.485967275604577,1,late,creation,,,2020-10-20 12:57:41,
SERVER-51754,SERVER,manual_curated,0,0.006859,-4.9753109894055045,0,late,creation,,,2020-10-20 06:21:26,
SERVER-51753,SERVER,manual_curated,0,0.0750325999999999,-2.5118358078853387,0,late,creation,,,2020-10-19 22:38:51,
SERVER-51752,SERVER,manual_curated,0,0.0149862,-4.185525873583764,0,late,creation,,,2020-10-19 20:46:57,
SERVER-51751,SERVER,manual_curated,0,0.0053094,-5.232952899509041,0,late,resolution,,,2020-10-19 20:37:29,2020-10-20 18:41:40
SERVER-51750,SERVER,manual_curated,0,0.007091,-4.941812644033542,0,late,creation,,,2020-10-19 20:14:27,
SERVER-51749,SERVER,manual_curated,0,0.0074284,-4.894988658680478,0,late,creation,,,2020-10-19 20:12:30,
SERVER-51748,SERVER,manual_curated,0,0.009373,-4.660504860226704,0,late,creation,,,2020-10-19 20:08:53,
SERVER-51747,SERVER,manual_curated,0,0.008997,-4.701826373135631,0,late,creation,,,2020-10-19 19:59:18,
SERVER-51746,SERVER,manual_curated,0,0.015283,-4.165613190700396,0,late,creation,,,2020-10-19 19:55:27,
SERVER-51745,SERVER,manual_curated,0,0.0089652,-4.705399233970215,0,late,creation,,,2020-10-19 19:51:41,
SERVER-51744,SERVER,manual_curated,0,0.0073208,-4.909687938800546,0,late,creation,,,2020-10-19 19:45:10,
SERVER-51743,SERVER,manual_curated,0,0.0120906,-4.403162701951424,0,late,creation,,,2020-10-19 19:42:40,
SERVER-51742,SERVER,manual_curated,0,0.0091165999999999,-4.688499940918387,0,late,creation,,,2020-10-19 19:06:48,
SERVER-51741,SERVER,manual_curated,0,0.0607642,-2.738065766131673,0,late,creation,,,2020-10-19 18:50:46,
SERVER-51740,SERVER,manual_curated,0,0.0416502,-3.135906676502327,0,late,creation,,,2020-10-19 18:49:57,
SERVER-51733,SERVER,manual_curated,0,0.007761,-4.850852813813876,0,late,creation,,,2020-10-19 18:13:40,
SERVER-51732,SERVER,manual_curated,0,0.101668,-2.1788271078364283,0,late,creation,,,2020-10-19 17:53:33,
SERVER-51731,SERVER,manual_curated,0,0.0066175999999999,-5.011382919132705,0,late,creation,,,2020-10-19 17:26:23,
SERVER-51730,SERVER,manual_curated,0,0.0361982,-3.2818762779733235,0,late,creation,,,2020-10-19 17:25:36,
SERVER-51729,SERVER,manual_curated,0,0.0080974,-4.808081894483983,0,late,creation,,,2020-10-19 16:58:12,
SERVER-51728,SERVER,manual_curated,0,0.496893,-0.012428159967791766,0,late,creation,,,2020-10-19 16:57:21,
SERVER-51727,SERVER,manual_curated,0,0.0259644,-3.62472148428335,0,late,creation,,,2020-10-19 15:48:59,
SERVER-51726,SERVER,manual_curated,0,0.0102697999999999,-4.5682248311802125,0,late,creation,,,2020-10-19 15:27:15,
SERVER-51725,SERVER,manual_curated,0,0.003109,-5.77034030492453,0,late,creation,,,2020-10-19 15:03:55,
SERVER-51724,SERVER,manual_curated,0,0.0482026,-2.9829392355065067,0,late,creation,,,2020-10-19 13:56:28,
SERVER-51723,SERVER,manual_curated,0,0.0624764,-2.7084530454275315,0,late,creation,,,2020-10-19 13:54:18,
SERVER-51722,SERVER,manual_curated,1,0.2578961999999999,-1.0569319471810992,0,late,creation,,,2020-10-19 04:46:15,
SERVER-51721,SERVER,manual_curated,0,0.0070702,-4.944771198630616,0,late,creation,,,2020-10-18 16:54:56,
SERVER-51720,SERVER,manual_curated,0,0.0069082,-4.968113995096997,0,late,resolution,,,2020-10-17 03:52:52,2020-10-20 02:06:58
SERVER-51719,SERVER,manual_curated,0,0.0060234,-5.106061781188591,0,late,resolution,,,2020-10-17 01:29:45,2020-10-19 17:51:55
SERVER-51718,SERVER,manual_curated,0,0.0069365999999999,-4.963982768008364,0,late,creation,,,2020-10-16 22:40:07,
SERVER-51717,SERVER,manual_curated,0,0.0081938,-4.796149954572523,0,late,creation,,,2020-10-16 21:03:22,
SERVER-51716,SERVER,manual_curated,1,0.0092516,-4.673664107591855,0,late,creation,,,2020-10-16 20:36:10,
SERVER-51715,SERVER,manual_curated,0,0.0053277999999999,-5.229474840646769,0,late,resolution,,,2020-10-16 20:35:15,2020-10-19 16:42:24
SERVER-51714,SERVER,manual_curated,0,0.0085653999999999,-4.751422152740174,0,late,creation,,,2020-10-16 20:21:04,
SERVER-51713,SERVER,manual_curated,0,0.4348316,-0.262164910135667,0,late,resolution,,,2020-10-16 20:07:34,2020-10-17 02:09:06
SERVER-51712,SERVER,manual_curated,0,0.910474,2.319436257134995,1,late,creation,,,2020-10-16 19:52:31,
SERVER-51710,SERVER,manual_curated,0,0.9685394,3.4270531942002482,1,late,creation,,,2020-10-16 19:45:13,
SERVER-51709,SERVER,manual_curated,1,0.9746656,3.649931281814739,1,late,creation,,,2020-10-16 19:31:13,
SERVER-51708,SERVER,manual_curated,0,0.0062202,-5.073713592365327,0,late,creation,,,2020-10-16 19:23:10,
SERVER-51707,SERVER,manual_curated,0,0.1196841999999999,-1.9954240995391737,0,late,resolution,,,2020-10-16 19:08:52,2020-10-19 23:12:31
SERVER-51706,SERVER,manual_curated,1,0.436405,-0.25576519717324125,0,late,creation,,,2020-10-16 18:39:23,
SERVER-51705,SERVER,manual_curated,0,0.006772,-4.988163780669328,0,late,resolution,,,2020-10-16 18:33:55,2020-10-19 14:26:40
SERVER-51704,SERVER,manual_curated,0,0.0126537999999999,-4.3570631724892195,0,late,resolution,,,2020-10-16 17:43:13,2020-10-21 17:58:28
SERVER-51703,SERVER,manual_curated,0,0.0069029999999999,-4.968872243339604,0,late,resolution,,,2020-10-16 17:34:46,2020-10-21 20:08:06
SERVER-51702,SERVER,manual_curated,0,0.179294,-1.5211380288590317,0,late,resolution,,,2020-10-16 17:33:17,2020-10-20 08:11:27
SERVER-51701,SERVER,manual_curated,1,0.3282714,-0.7160136846288775,0,late,creation,,,2020-10-16 17:24:38,
SERVER-51700,SERVER,manual_curated,0,0.2096508,-1.327031583620005,0,late,creation,,,2020-10-16 16:55:25,
SERVER-51699,SERVER,manual_curated,0,0.005214,-5.251180323138373,0,late,creation,,,2020-10-16 16:50:13,
SERVER-51698,SERVER,manual_curated,1,0.3973336,-0.41658757970813814,0,late,creation,,,2020-10-16 16:44:44,
SERVER-51697,SERVER,manual_curated,0,0.0069026,-4.968930593619483,0,late,creation,,,2020-10-16 16:35:47,
SERVER-51696,SERVER,manual_curated,0,0.0584018,-2.7802319330274736,0,late,creation,,,2020-10-16 16:33:53,
SERVER-51695,SERVER,manual_curated,0,0.1932867999999999,-1.4287931185224867,0,late,creation,,,2020-10-16 15:48:03,
SERVER-51694,SERVER,manual_curated,0,0.4168626000000001,-0.33566616501286606,0,late,creation,,,2020-10-16 15:48:01,
SERVER-51693,SERVER,manual_curated,0,0.1313438,-1.8891291069408842,0,late,creation,,,2020-10-16 15:41:04,
SERVER-51692,SERVER,manual_curated,0,0.0355387999999999,-3.3009445460547804,0,late,creation,,,2020-10-16 15:38:32,
SERVER-51691,SERVER,manual_curated,0,0.082594,-2.4076130837006575,0,late,creation,,,2020-10-16 15:29:18,
SERVER-51690,SERVER,manual_curated,1,0.9493002,2.929803115753105,1,late,creation,,,2020-10-16 15:00:22,
SERVER-51689,SERVER,manual_curated,0,0.0058888,-5.12879682986446,0,late,creation,,,2020-10-16 14:41:09,
SERVER-51688,SERVER,manual_curated,0,0.007455,-4.891387403367193,0,late,creation,,,2020-10-16 14:38:16,
SERVER-51687,SERVER,manual_curated,0,0.0089878,-4.70285874286729,0,late,creation,,,2020-10-16 14:16:00,
SERVER-51685,SERVER,manual_curated,0,0.0474054,-3.000453273391681,0,late,resolution,,,2020-10-16 13:28:44,2020-10-16 15:15:37
SERVER-51684,SERVER,manual_curated,0,0.0065778,-5.017455406990593,0,late,creation,,,2020-10-16 11:59:48,
SERVER-51683,SERVER,manual_curated,0,0.0059264,-5.122394302151358,0,late,creation,,,2020-10-16 11:25:23,
SERVER-51682,SERVER,manual_curated,0,0.1000306,-2.1968846235666577,0,late,creation,,,2020-10-16 11:02:16,
SERVER-51681,SERVER,manual_curated,0,0.5743056,0.29943994088019993,1,late,creation,,,2020-10-16 03:08:01,
SERVER-51680,SERVER,manual_curated,0,0.1766318,-1.5393361483256498,0,late,creation,,,2020-10-15 21:43:21,
SERVER-51679,SERVER,manual_curated,0,0.0087318,-4.732013599271042,0,late,creation,,,2020-10-15 20:20:42,
SERVER-51678,SERVER,manual_curated,1,0.5181262,0.07253658788818355,1,late,creation,,,2020-10-15 19:38:56,
SERVER-51677,SERVER,manual_curated,0,0.0629686,-2.7000806034386864,0,late,creation,,,2020-10-15 19:17:49,
SERVER-51676,SERVER,manual_curated,0,0.1399177999999999,-1.815972858758998,0,late,resolution,,,2020-10-15 19:11:03,2020-10-15 19:15:34
SERVER-51675,SERVER,manual_curated,1,0.9595876,3.1673669402646096,1,late,creation,,,2020-10-15 19:00:45,
SERVER-51674,SERVER,manual_curated,0,0.0981098,-2.218405523517927,0,late,creation,,,2020-10-15 18:53:16,
SERVER-51673,SERVER,manual_curated,0,0.0198786,-3.8980326653300144,0,late,resolution,,,2020-10-15 18:39:25,2020-10-16 22:11:31
SERVER-51672,SERVER,manual_curated,0,0.0249518,-3.6655409417895384,0,late,creation,,,2020-10-15 18:16:59,
SERVER-51671,SERVER,manual_curated,1,0.525995,0.10407383682646039,1,late,resolution,,,2020-10-15 18:09:21,2020-10-15 19:21:20
SERVER-51670,SERVER,manual_curated,1,0.2419956,-1.1417696462016511,0,late,resolution,,,2020-10-15 18:06:40,2020-10-15 19:24:26
SERVER-51669,SERVER,manual_curated,0,0.0336646,-3.3570641387694353,0,late,creation,,,2020-10-15 17:58:48,
SERVER-51668,SERVER,manual_curated,0,0.0493047999999999,-2.959172067048581,0,late,creation,,,2020-10-15 17:50:44,
SERVER-51667,SERVER,manual_curated,0,0.049633,-2.952192290700749,0,late,creation,,,2020-10-15 17:47:42,
SERVER-51666,SERVER,manual_curated,0,0.0332884,-3.3686912210341164,0,late,creation,,,2020-10-15 17:24:36,
SERVER-51664,SERVER,manual_curated,0,0.0781381999999999,-2.467916266997173,0,late,creation,,,2020-10-15 17:23:49,
SERVER-51663,SERVER,manual_curated,0,0.0923185999999999,-2.285647797970773,0,late,creation,,,2020-10-15 17:23:11,
SERVER-51662,SERVER,manual_curated,0,0.9488354,2.9201874511701975,1,late,creation,,,2020-10-15 17:19:50,
SERVER-51661,SERVER,manual_curated,0,0.0227326,-3.760960291983302,0,late,creation,,,2020-10-15 16:52:41,
SERVER-51660,SERVER,manual_curated,0,0.0811858,-2.426343570609142,0,late,resolution,,,2020-10-15 16:46:40,2020-10-15 21:41:56
SERVER-51659,SERVER,manual_curated,0,0.0056101999999999,-5.177542913179216,0,late,resolution,,,2020-10-15 16:22:12,2020-10-19 18:14:26
SERVER-51658,SERVER,manual_curated,0,0.3095058,-0.8024307412515839,0,late,resolution,,,2020-10-15 15:48:04,2020-10-21 17:15:16
SERVER-51657,SERVER,manual_curated,0,0.0690882,-2.600780586760206,0,late,resolution,,,2020-10-15 15:16:01,2020-10-15 15:20:10
SERVER-51656,SERVER,manual_curated,0,0.0096774,-4.628237478465061,0,late,creation,,,2020-10-15 15:15:41,
SERVER-51655,SERVER,manual_curated,0,0.0599654,-2.7521489538780095,0,late,creation,,,2020-10-15 15:15:15,
SERVER-51654,SERVER,manual_curated,0,0.2477684,-1.1105498163894554,0,late,creation,,,2020-10-15 13:53:00,
SERVER-51653,SERVER,manual_curated,0,0.9397688,2.74744339708149,1,late,creation,,,2020-10-15 13:40:32,
SERVER-51652,SERVER,manual_curated,0,0.5207916,0.08321438586906357,1,late,creation,,,2020-10-15 13:25:39,
SERVER-51651,SERVER,manual_curated,0,0.0054842,-5.200384754783229,0,late,creation,,,2020-10-15 13:19:43,
SERVER-51650,SERVER,manual_curated,0,0.033864,-3.3509521078338533,0,late,creation,,,2020-10-15 12:49:04,
SERVER-51648,SERVER,manual_curated,0,0.0777118,-2.4738506440631545,0,late,creation,,,2020-10-15 10:37:42,
SERVER-51647,SERVER,manual_curated,0,0.0644878,-2.674618128159271,0,late,creation,,,2020-10-15 10:37:24,
SERVER-51646,SERVER,manual_curated,0,0.0609959999999999,-2.734011450797331,0,late,creation,,,2020-10-15 10:37:07,
SERVER-51645,SERVER,manual_curated,0,0.0916661999999999,-2.29345821411416,0,late,creation,,,2020-10-15 10:36:42,
SERVER-51644,SERVER,manual_curated,0,0.0904554,-2.3080871231370086,0,late,creation,,,2020-10-15 10:36:23,
SERVER-51643,SERVER,manual_curated,0,0.070825,-2.574085049953332,0,late,creation,,,2020-10-15 10:35:57,
SERVER-51642,SERVER,manual_curated,0,0.0633332,-2.6939179377814235,0,late,creation,,,2020-10-15 10:35:37,
SERVER-51641,SERVER,manual_curated,0,0.0578049999999999,-2.7911369823956447,0,late,creation,,,2020-10-15 10:34:56,
SERVER-51640,SERVER,manual_curated,0,0.0681369999999999,-2.615665423912135,0,late,creation,,,2020-10-15 10:32:52,
SERVER-51639,SERVER,manual_curated,0,0.0643702,-2.6765690923241165,0,late,creation,,,2020-10-15 10:32:35,
SERVER-51638,SERVER,manual_curated,0,0.0565484,-2.8144481565192936,0,late,creation,,,2020-10-15 10:32:18,
SERVER-51637,SERVER,manual_curated,0,0.0623413999999999,-2.7107601852915035,0,late,creation,,,2020-10-15 10:31:59,
SERVER-51636,SERVER,manual_curated,0,0.0613104,-2.728535374155068,0,late,creation,,,2020-10-15 10:31:34,
SERVER-51635,SERVER,manual_curated,0,0.0820972,-2.4141875915351196,0,late,creation,,,2020-10-15 10:31:16,
SERVER-51634,SERVER,manual_curated,0,0.0886518,-2.3302087046944853,0,late,creation,,,2020-10-15 10:30:33,
SERVER-51633,SERVER,manual_curated,0,0.0596893999999999,-2.7570557960224327,0,late,creation,,,2020-10-15 10:30:09,
SERVER-51632,SERVER,manual_curated,0,0.0780231999999999,-2.4695138421884644,0,late,creation,,,2020-10-15 10:29:47,
SERVER-51631,SERVER,manual_curated,0,0.0759658,-2.4984658449377877,0,late,creation,,,2020-10-15 10:29:20,
SERVER-51630,SERVER,manual_curated,0,0.073462,-2.5346867937333357,0,late,creation,,,2020-10-15 10:28:58,
SERVER-51605,SERVER,manual_curated,1,0.4159288,-0.33950880143845585,0,late,creation,,,2020-10-14 20:22:30,
SERVER-51511,SERVER,manual_curated,0,0.0093188,-4.666358922274644,0,late,resolution,,,2020-10-13 03:29:31,2020-10-15 15:15:11
SERVER-51493,SERVER,manual_curated,1,0.2866133999999999,-0.9118892200966984,0,late,creation,,,2020-10-12 15:27:39,
SERVER-51492,SERVER,manual_curated,0,0.021298,-3.8276140323636216,0,late,creation,,,2020-10-12 15:12:09,
SERVER-51452,SERVER,manual_curated,0,0.060874,-2.73614350134663,0,late,creation,,,2020-10-09 13:42:55,
SERVER-51440,SERVER,manual_curated,1,0.7632222000000001,1.1704270591462977,1,late,creation,,,2020-10-08 15:47:52,
SERVER-51413,SERVER,manual_curated,1,0.1291148,-1.9088082345439012,0,late,creation,,,2020-10-07 17:44:15,
SERVER-51403,SERVER,manual_curated,1,0.2331128,-1.190817267470078,0,late,creation,,,2020-10-06 19:15:51,
TIMOB-28207,TIMOB,manual_curated,0,0.0021452,-6.1423749866180275,0,late,creation,,,2020-10-23 10:17:14,
TIMOB-28206,TIMOB,manual_curated,0,0.0030496,-5.789690584998814,0,late,creation,,,2020-10-22 14:24:58,
TIMOB-28205,TIMOB,manual_curated,0,0.0044002,-5.4216953751728845,0,late,creation,,,2020-10-19 16:55:33,
TIMOB-28204,TIMOB,manual_curated,0,0.0024824,-5.996043958566605,0,late,creation,,,2020-10-19 14:53:40,
TIMOB-28203,TIMOB,manual_curated,0,0.9183136,2.4196514191435523,1,late,creation,,,2020-10-17 15:41:42,
TIMOB-28202,TIMOB,manual_curated,0,0.0062644,-5.066588361687373,0,late,resolution,,,2020-10-16 12:37:30,2020-10-19 21:32:49
TIMOB-28200,TIMOB,manual_curated,0,0.0031492,-5.757452657488302,0,late,creation,,,2020-10-15 18:08:14,
TIMOB-28199,TIMOB,manual_curated,0,0.153413,-1.7080793413239712,0,late,creation,,,2020-10-15 18:04:51,
TIMOB-28198,TIMOB,manual_curated,0,0.0181948,-3.988257079031371,0,late,creation,,,2020-10-15 17:59:49,
TIMOB-28197,TIMOB,manual_curated,0,0.0020737999999999,-6.176296652539399,0,late,resolution,,,2020-10-15 17:28:17,2020-10-21 16:50:09
TIMOB-28195,TIMOB,manual_curated,0,0.8588330000000001,1.805630904280371,1,late,creation,,,2020-10-14 20:57:01,
TIMOB-28194,TIMOB,manual_curated,0,0.0041096,-5.490311511198172,0,late,creation,,,2020-10-14 14:16:57,
TIMOB-28193,TIMOB,manual_curated,0,0.0025916,-5.952884869379825,0,late,creation,,,2020-10-13 22:29:16,
TIMOB-28187,TIMOB,manual_curated,0,0.98214,4.007170288935966,1,late,creation,,,2020-10-12 22:35:08,
TIMOB-28186,TIMOB,manual_curated,0,0.0038878,-5.54601645689653,0,late,creation,,,2020-10-09 15:05:39,
TIMOB-28185,TIMOB,manual_curated,0,0.0046187999999999,-5.372990848270906,0,late,creation,,,2020-10-09 14:26:29,
TIMOB-28183,TIMOB,manual_curated,0,0.9500544,2.9455848329865177,1,late,resolution,,,2020-10-09 03:03:48,2020-10-22 22:22:28
TIMOB-28182,TIMOB,manual_curated,0,0.0343268,-3.33689908450625,0,late,creation,,,2020-10-09 01:06:23,
TIMOB-28181,TIMOB,manual_curated,0,0.0029468,-5.82408429279196,0,late,creation,,,2020-10-08 08:37:16,
TIMOB-28177,TIMOB,manual_curated,0,0.0034194,-5.674864922385935,0,late,creation,,,2020-10-07 19:50:44,
TIMOB-28176,TIMOB,manual_curated,0,0.0037801999999999,-5.574190997683978,0,late,creation,,,2020-10-07 19:38:22,
TIMOB-28178,TIMOB,manual_curated,0,0.0036896,-5.598540804526631,0,late,creation,,,2020-10-07 16:01:58,
TIMOB-28175,TIMOB,manual_curated,0,0.016549,-4.0847421374870905,0,late,resolution,,,2020-10-07 15:15:35,2020-10-07 17:55:52
TIMOB-28173,TIMOB,manual_curated,0,0.0739935999999999,-2.52690254309187,0,late,creation,,,2020-10-05 22:17:55,
TIMOB-28167,TIMOB,manual_curated,0,0.002649,-5.93092055388318,0,late,creation,,,2020-10-05 01:45:54,
TIMOB-28166,TIMOB,manual_curated,0,0.0019986,-6.21330774367054,0,late,creation,,,2020-10-05 01:39:19,
TIMOB-28165,TIMOB,manual_curated,0,0.0022598,-6.090216607987872,0,late,creation,,,2020-10-05 01:34:30,
TIMOB-28164,TIMOB,manual_curated,0,0.0020054,-6.209904323367494,0,late,creation,,,2020-10-05 01:27:01,
TIMOB-28163,TIMOB,manual_curated,0,0.0022773999999999,-6.082440840368412,0,late,creation,,,2020-10-05 01:15:57,
TIMOB-28162,TIMOB,manual_curated,0,0.0020291999999999,-6.198082390656043,0,late,creation,,,2020-10-05 01:12:16,
TIMOB-28161,TIMOB,manual_curated,0,0.0085576,-4.75234107546528,0,late,creation,,,2020-10-03 05:16:27,
TIMOB-28160,TIMOB,manual_curated,0,0.0031399999999999,-5.760387538917929,0,late,creation,,,2020-10-02 09:13:34,
TIMOB-28159,TIMOB,manual_curated,0,0.0061182,-5.090350350488822,0,late,resolution,,,2020-10-02 00:26:43,2020-10-06 15:53:17
TIMOB-28158,TIMOB,manual_curated,0,0.0059687999999999,-5.1152226923188,0,late,resolution,,,2020-10-01 09:46:13,2020-10-05 14:00:15
TIMOB-28174,TIMOB,manual_curated,0,0.0037268,-5.588471560566624,0,late,creation,,,2020-09-30 07:35:57,
TIMOB-28156,TIMOB,manual_curated,0,0.006928,-4.965231997709363,0,late,resolution,,,2020-09-29 23:36:32,2020-10-05 14:43:28
TIMOB-28155,TIMOB,manual_curated,0,0.0049848,-5.296364731175944,0,late,creation,,,2020-09-26 16:51:56,
TIMOB-28154,TIMOB,manual_curated,0,0.0038862,-5.546429691651085,0,late,resolution,,,2020-09-24 15:41:16,2020-10-06 18:25:39
TIMOB-28153,TIMOB,manual_curated,0,0.0248113999999999,-3.671327663217984,0,late,creation,,,2020-09-24 14:50:46,
TIMOB-28152,TIMOB,manual_curated,0,0.004996,-5.294109164987684,0,late,resolution,,,2020-09-24 12:55:06,2020-10-02 14:25:13
TIMOB-28151,TIMOB,manual_curated,0,0.0063314,-5.055882369925735,0,late,resolution,,,2020-09-24 09:38:43,2020-09-24 14:45:32
TIMOB-28150,TIMOB,manual_curated,0,0.0028061999999999,-5.873113879243608,0,late,resolution,,,2020-09-23 09:38:33,2020-10-02 14:17:10
TIMOB-28149,TIMOB,manual_curated,0,0.008282,-4.785354307554381,0,late,creation,,,2020-09-22 14:43:14,
TIMOB-28148,TIMOB,manual_curated,0,0.0025902,-5.953426625802822,0,late,resolution,,,2020-09-22 12:23:11,2020-10-07 17:41:23
TIMOB-28146,TIMOB,manual_curated,0,0.0450083999999999,-3.0548534056135987,0,late,resolution,,,2020-09-18 17:21:23,2020-10-22 22:23:16
TIMOB-28145,TIMOB,manual_curated,0,0.1725712,-1.567513156318036,0,late,creation,,,2020-09-18 17:13:03,
TIMOB-28144,TIMOB,manual_curated,0,0.003302,-5.7099194698516085,0,late,creation,,,2020-09-17 08:44:41,
TIMOB-28143,TIMOB,manual_curated,0,0.004741,-5.34675492087359,0,late,resolution,,,2020-09-16 19:44:15,2020-09-18 17:53:54
TIMOB-28142,TIMOB,manual_curated,0,0.0039938,-5.5190103238376675,0,late,resolution,,,2020-09-16 19:41:14,2020-09-18 21:29:07
TIMOB-28141,TIMOB,manual_curated,1,0.9857876,4.239326092583718,1,late,creation,,,2020-09-16 14:14:38,
TIMOB-28140,TIMOB,manual_curated,0,0.8155547999999999,1.4865162174498727,1,late,creation,,,2020-09-16 04:32:58,
TIMOB-28139,TIMOB,manual_curated,0,0.0022042,-6.1151840148824,0,late,creation,,,2020-09-15 21:20:40,
TIMOB-28138,TIMOB,manual_curated,0,0.010373,-4.558121828007403,0,late,resolution,,,2020-09-15 21:00:11,2020-09-22 15:49:57
TIMOB-28137,TIMOB,manual_curated,0,0.0040796,-5.4976683903179095,0,late,resolution,,,2020-09-15 15:57:18,2020-09-15 17:35:27
TIMOB-28132,TIMOB,manual_curated,0,0.002072,-6.177166805023126,0,late,resolution,,,2020-09-14 17:13:58,2020-09-28 17:52:21
TIMOB-28131,TIMOB,manual_curated,0,0.0026874,-5.916490077980943,0,late,creation,,,2020-09-14 11:51:00,
TIMOB-28130,TIMOB,manual_curated,0,0.0029887999999999,-5.809890034547491,0,late,resolution,,,2020-09-13 19:43:40,2020-09-16 13:04:10
TIMOB-28129,TIMOB,manual_curated,0,0.0195572,-3.914660801276251,0,late,resolution,,,2020-09-12 16:20:41,2020-09-16 14:09:29
TIMOB-28128,TIMOB,manual_curated,0,0.0054946,-5.1984797363861155,0,late,resolution,,,2020-09-11 18:16:53,2020-09-22 22:42:57
TIMOB-28127,TIMOB,manual_curated,0,0.0053435999999999,-5.226497767752954,0,late,resolution,,,2020-09-11 17:22:29,2020-10-02 14:38:26
TIMOB-28125,TIMOB,manual_curated,0,0.2492542,-1.1025938531905628,0,late,creation,,,2020-09-10 22:37:22,
TIMOB-28124,TIMOB,manual_curated,0,0.8750794,1.9466362896205625,1,late,creation,,,2020-09-10 10:13:28,
TIMOB-28123,TIMOB,manual_curated,1,0.9920616,4.828073458513245,1,late,creation,,,2020-09-10 09:07:15,
TIMOB-28122,TIMOB,manual_curated,0,0.0039786,-5.522838744676814,0,late,creation,,,2020-09-10 06:37:00,
TIMOB-28121,TIMOB,manual_curated,0,0.9062124,2.268241064541544,1,late,creation,,,2020-09-10 05:57:59,
TIMOB-28120,TIMOB,manual_curated,0,0.9181132,2.416982888856864,1,late,creation,,,2020-09-10 05:28:12,
TIMOB-28119,TIMOB,manual_curated,0,0.318986,-0.7584356492666963,0,late,creation,,,2020-09-10 05:07:31,
TIMOB-28118,TIMOB,manual_curated,0,0.7115594,0.902969727437281,1,late,creation,,,2020-09-10 04:58:53,
TIMOB-28117,TIMOB,manual_curated,0,0.036092,-3.2849246202393694,0,late,creation,,,2020-09-10 04:32:06,
TIMOB-28126,TIMOB,manual_curated,0,0.0026806,-5.919030429678174,0,late,resolution,,,2020-09-09 23:48:42,2020-09-28 17:23:17
TIMOB-28116,TIMOB,manual_curated,0,0.0044888,-5.401670968614163,0,late,resolution,,,2020-09-09 11:00:35,2020-09-10 16:00:21
TIMOB-28115,TIMOB,manual_curated,0,0.0026102,-5.945714819719308,0,late,creation,,,2020-09-08 22:26:57,
TIMOB-28114,TIMOB,manual_curated,1,0.9963954000000002,5.621933359181012,1,late,creation,,,2020-09-08 19:02:57,
TIMOB-28113,TIMOB,manual_curated,0,0.0049882,-5.295679473139843,0,late,resolution,,,2020-09-08 16:17:34,2020-09-11 14:25:18
TIMOB-28112,TIMOB,manual_curated,0,0.0042796,-5.449606948000671,0,late,resolution,,,2020-09-08 12:42:27,2020-09-09 12:40:30
TIMOB-28136,TIMOB,manual_curated,0,0.0022635999999999,-6.088532646880752,0,late,creation,,,2020-09-07 20:12:44,
TIMOB-28111,TIMOB,manual_curated,0,0.0028258,-5.866133968522295,0,late,creation,,,2020-09-04 16:16:08,
TIMOB-28110,TIMOB,manual_curated,0,0.0027643999999999,-5.8881634377369965,0,late,resolution,,,2020-09-03 21:29:22,2020-09-11 15:24:40
TIMOB-28109,TIMOB,manual_curated,0,0.0029302,-5.829750097456265,0,late,creation,,,2020-09-03 12:44:29,
TIMOB-28108,TIMOB,manual_curated,0,0.0026718,-5.9223275007806135,0,late,resolution,,,2020-09-02 04:37:00,2020-09-09 11:49:03
TIMOB-28105,TIMOB,manual_curated,0,0.0028648,-5.8523878278864405,0,late,creation,,,2020-09-01 03:18:04,
TIMOB-28104,TIMOB,manual_curated,0,0.124179,-1.9534376590792346,0,late,resolution,,,2020-08-28 12:51:36,2020-09-09 15:05:10
TIMOB-28103,TIMOB,manual_curated,0,0.002317,-6.065162345133916,0,late,resolution,,,2020-08-28 11:51:13,2020-09-11 15:27:44
TIMOB-28102,TIMOB,manual_curated,0,0.9286384000000002,2.5659595177595382,1,late,creation,,,2020-08-26 23:17:37,
TIMOB-28099,TIMOB,manual_curated,0,0.002875,-5.84882346398198,0,late,resolution,,,2020-08-26 15:29:45,2020-09-22 23:10:30
TIMOB-28098,TIMOB,manual_curated,0,0.0517608,-2.907973685078875,0,late,resolution,,,2020-08-26 14:38:47,2020-09-09 15:19:05
TIMOB-28101,TIMOB,manual_curated,0,0.002555,-5.967144785743592,0,late,resolution,,,2020-08-26 08:04:33,2020-09-08 16:05:07
TIMOB-28100,TIMOB,manual_curated,0,0.0043338,-5.436967305547481,0,late,resolution,,,2020-08-26 01:09:32,2020-09-08 14:37:31
TIMOB-28096,TIMOB,manual_curated,0,0.0038342,-5.559952901490336,0,late,creation,,,2020-08-25 12:08:33,
TIMOB-28095,TIMOB,manual_curated,0,0.0028042,-5.873828846542619,0,late,creation,,,2020-08-24 19:10:40,
TIMOB-28094,TIMOB,manual_curated,0,0.0037152,-5.591600647964134,0,late,resolution,,,2020-08-22 22:09:44,2020-08-24 15:01:00
TIMOB-28093,TIMOB,manual_curated,0,0.3480862,-0.6274621943463351,0,late,resolution,,,2020-08-20 21:41:13,2020-09-10 13:24:02
TIMOB-28092,TIMOB,manual_curated,0,0.0156672,-4.140394696238085,0,late,resolution,,,2020-08-20 16:25:40,2020-08-25 05:19:18
TIMOB-28091,TIMOB,manual_curated,0,0.0032442,-5.7276370185221195,0,late,resolution,,,2020-08-20 00:23:09,2020-09-10 13:34:08
TIMOB-28089,TIMOB,manual_curated,0,0.8694801999999999,1.8963706224354435,1,late,creation,,,2020-08-19 11:31:48,
TIMOB-28088,TIMOB,manual_curated,0,0.9670316,3.3786816463657856,1,late,creation,,,2020-08-19 00:00:34,
TIMOB-28087,TIMOB,manual_curated,0,0.5187266,0.07494145429721792,1,late,creation,,,2020-08-18 01:22:16,
TIMOB-28086,TIMOB,manual_curated,1,0.1967588,-1.4066764293346754,0,late,creation,,,2020-08-17 23:21:48,
TIMOB-28085,TIMOB,manual_curated,0,0.0032538,-5.724672629770996,0,late,creation,,,2020-08-15 01:02:24,
TIMOB-28084,TIMOB,manual_curated,0,0.0024366,-6.01471208070331,0,late,creation,,,2020-08-15 00:49:29,
TIMOB-28083,TIMOB,manual_curated,1,0.4697353999999999,-0.12120656979904754,0,late,creation,,,2020-08-13 23:47:45,
TIMOB-28082,TIMOB,manual_curated,1,0.3391006,-0.6673048161034792,0,late,creation,,,2020-08-13 23:35:17,
TIMOB-28081,TIMOB,manual_curated,0,0.0053286,-5.229323891846979,0,late,creation,,,2020-08-12 01:07:06,
TIMOB-28079,TIMOB,manual_curated,0,0.0103572,-4.559662139909456,0,late,creation,,,2020-08-11 22:12:41,
TIMOB-28078,TIMOB,manual_curated,0,0.9913794,4.744942618852112,1,late,resolution,,,2020-08-11 19:53:47,2020-09-11 19:54:03
TIMOB-28077,TIMOB,manual_curated,0,0.0529676,-2.8836529000413065,0,late,resolution,,,2020-08-11 19:39:28,2020-09-11 18:31:13
TIMOB-28073,TIMOB,manual_curated,0,0.0038238,-5.562679457002645,0,late,resolution,,,2020-08-07 03:06:24,2020-08-11 11:24:17
TIMOB-28072,TIMOB,manual_curated,0,0.7053022,0.8726759389523908,1,late,resolution,,,2020-08-06 20:25:36,2020-09-10 15:59:37
TIMOB-28071,TIMOB,manual_curated,0,0.91321,2.3534744574432533,1,late,resolution,,,2020-08-06 18:28:33,2020-09-25 18:18:55
TIMOB-28070,TIMOB,manual_curated,0,0.689129,0.7960504462223139,1,late,resolution,,,2020-08-05 22:13:25,2020-09-08 13:09:31
TIMOB-28067,TIMOB,manual_curated,0,0.0031922,-5.743847638776381,0,late,resolution,,,2020-08-04 15:03:44,2020-08-25 00:40:38
TIMOB-28147,TIMOB,manual_curated,1,0.9926864,4.910679174896409,1,late,resolution,,,2020-08-04 02:50:25,2020-09-23 00:49:13
TIMOB-28064,TIMOB,manual_curated,0,0.0021401999999999,-6.144713502870449,0,late,resolution,,,2020-08-03 21:08:12,2020-08-11 15:14:05
TIMOB-28062,TIMOB,manual_curated,0,0.0070612,-4.946054021992948,0,late,resolution,,,2020-08-02 12:08:36,2020-08-17 18:51:42
TIMOB-28061,TIMOB,manual_curated,0,0.5838126,0.338444401326429,1,late,resolution,,,2020-08-01 03:33:55,2020-08-18 15:28:57
TIMOB-28060,TIMOB,manual_curated,0,0.008477,-4.7618855312405275,0,late,resolution,,,2020-07-31 08:17:29,2020-08-13 17:02:44
TIMOB-28059,TIMOB,manual_curated,0,0.9929206,4.9434615427784125,1,late,resolution,,,2020-07-30 04:52:40,2020-10-22 22:19:42
TIMOB-28058,TIMOB,manual_curated,0,0.9861732,4.2672232605573015,1,late,creation,,,2020-07-30 04:09:15,
TIMOB-28057,TIMOB,manual_curated,0,0.6858336,0.7807122508570952,1,late,creation,,,2020-07-30 03:14:57,
TIMOB-28056,TIMOB,manual_curated,0,0.0024742,-5.999360901644594,0,late,resolution,,,2020-07-29 14:08:25,2020-08-20 13:01:18
TIMOB-28054,TIMOB,manual_curated,0,0.0029444,-5.824901474506392,0,late,resolution,,,2020-07-27 23:38:16,2020-08-05 18:29:23
TIMOB-28053,TIMOB,manual_curated,0,0.0019969999999999,-6.2141102278853415,0,late,creation,,,2020-07-27 14:48:41,
TIMOB-28051,TIMOB,manual_curated,0,0.399384,-0.40803243513187804,0,late,creation,,,2020-07-25 02:10:33,
TIMOB-28050,TIMOB,manual_curated,0,0.168768,-1.5943839468694498,0,late,creation,,,2020-07-25 01:49:05,
TIMOB-28047,TIMOB,manual_curated,0,0.4046976,-0.3859293901864524,0,late,creation,,,2020-07-25 00:06:43,
TIMOB-28046,TIMOB,manual_curated,0,0.9586372,3.1431307663975843,1,late,creation,,,2020-07-25 00:02:13,
TIMOB-28045,TIMOB,manual_curated,1,0.9592448,3.158562869302915,1,late,creation,,,2020-07-24 23:57:26,
TIMOB-28042,TIMOB,manual_curated,0,0.0104728,-4.548445833411684,0,late,resolution,,,2020-07-23 17:44:16,2020-08-20 14:23:22
TIMOB-28041,TIMOB,manual_curated,0,0.9372688,2.70411118256842,1,late,resolution,,,2020-07-23 17:17:04,2020-07-24 18:12:54
TIMOB-28040,TIMOB,manual_curated,1,0.9861566,4.266006580762163,1,late,creation,,,2020-07-23 17:11:44,
TIMOB-28039,TIMOB,manual_curated,1,0.9825464,4.030601637995711,1,late,creation,,,2020-07-23 17:11:27,
TIMOB-28037,TIMOB,manual_curated,0,0.003119,-5.767118967138208,0,late,creation,,,2020-07-22 22:26:03,
TIMOB-28035,TIMOB,manual_curated,0,0.0020812,-6.172727259841875,0,late,resolution,,,2020-07-21 15:19:11,2020-08-21 14:28:28
TIMOB-28034,TIMOB,manual_curated,0,0.0028686,-5.851058450785772,0,late,resolution,,,2020-07-21 14:41:51,2020-07-21 14:50:00
TIMOB-28031,TIMOB,manual_curated,0,0.0038282,-5.561525013839883,0,late,resolution,,,2020-07-17 18:39:18,2020-07-17 19:10:01
TIMOB-28030,TIMOB,manual_curated,0,0.9294118,2.5776889212137744,1,late,resolution,,,2020-07-17 15:08:02,2020-09-10 13:06:02
TIMOB-28029,TIMOB,manual_curated,0,0.1715455999999999,-1.5747126756478342,0,late,creation,,,2020-07-17 14:43:17,
TIMOB-28027,TIMOB,manual_curated,0,0.0034717999999999,-5.659604246846819,0,late,creation,,,2020-07-16 23:43:44,
TIMOB-28025,TIMOB,manual_curated,0,0.0359923999999999,-3.287791373338987,0,late,resolution,,,2020-07-16 14:40:05,2020-09-22 18:28:45
TIMOB-28020,TIMOB,manual_curated,0,0.0021292,-6.149877486696634,0,late,resolution,,,2020-07-15 22:01:22,2020-07-28 20:37:11
TIMOB-28017,TIMOB,manual_curated,0,0.1589028,-1.6664145354560937,0,late,creation,,,2020-07-14 10:37:00,
TIMOB-28016,TIMOB,manual_curated,0,0.0029712,-5.8158137445883025,0,late,resolution,,,2020-07-14 00:56:16,2020-08-25 01:33:03
TIMOB-28015,TIMOB,manual_curated,0,0.9922126,4.847430355899295,1,late,creation,,,2020-07-13 21:46:50,
TIMOB-28018,TIMOB,manual_curated,0,0.0024556,-6.006925528480412,0,late,creation,,,2020-07-13 17:47:21,
TIMOB-28012,TIMOB,manual_curated,0,0.9785492,3.820309125898652,1,late,resolution,,,2020-07-10 19:12:10,2020-09-08 16:26:34
TIMOB-28005,TIMOB,manual_curated,0,0.0024091999999999,-6.026048430002795,0,late,resolution,,,2020-07-07 17:36:05,2020-07-08 18:33:15
TIMOB-27743,TIMOB,manual_curated,1,0.9802832,3.906370445308174,1,late,creation,,,2020-01-30 03:58:09,
TIMOB-27327,TIMOB,manual_curated,1,0.8809676,2.001625123908806,1,late,creation,,,2019-08-09 21:55:23,
TIMOB-27289,TIMOB,manual_curated,1,0.9943872,5.1770769642743195,1,late,creation,,,2019-07-29 14:36:43,
TIMOB-27285,TIMOB,manual_curated,1,0.9950228,5.29789816754958,1,late,creation,,,2019-07-29 14:26:25,
TIMOB-26744,TIMOB,manual_curated,1,0.9928896,4.939060978593566,1,late,resolution,,,2018-12-14 06:45:05,2020-09-17 01:43:27
TIMOB-26201,TIMOB,manual_curated,1,0.990365,4.632671260182695,1,late,resolution,,,2018-07-11 14:11:25,2019-12-16 19:34:43
TIMOB-26093,TIMOB,manual_curated,1,0.9945146,5.2001647616998925,1,late,resolution,,,2018-06-05 13:25:08,2019-06-04 18:53:49
TIMOB-25927,TIMOB,manual_curated,1,0.9950948,5.312542142096251,1,late,resolution,,,2018-04-04 08:51:26,2018-10-01 18:38:28
TIMOB-25623,TIMOB,manual_curated,1,0.9921264,4.8363351273929736,1,late,creation,,,2017-12-19 13:59:00,
TIMOB-25562,TIMOB,manual_curated,1,0.9959032,5.493443882940238,1,late,resolution,,,2017-11-27 11:20:52,2017-11-28 21:09:44
TIMOB-25551,TIMOB,manual_curated,1,0.9884004,4.445117264049671,1,late,creation,,,2017-11-23 00:58:19,
TIMOB-25544,TIMOB,manual_curated,1,0.965879,3.343125537050247,1,late,creation,,,2017-11-21 01:59:46,
TIMOB-25534,TIMOB,manual_curated,1,0.9557962,3.0737339521701372,1,late,creation,,,2017-11-15 11:20:52,
TIMOB-25502,TIMOB,manual_curated,1,0.9436452,2.8180828292826545,1,late,creation,,,2017-11-10 13:36:24,
TIMOB-25404,TIMOB,manual_curated,1,0.9862088,4.269837389290905,1,late,creation,,,2017-10-17 18:42:27,
TIMOB-25302,TIMOB,manual_curated,1,0.9920918,4.831915447492581,1,late,resolution,,,2017-09-16 19:14:45,2018-05-15 23:59:03
TIMOB-25267,TIMOB,manual_curated,1,0.4905208,-0.037921343677075905,0,late,resolution,,,2017-09-12 21:21:55,2017-11-22 06:48:10
TIMOB-25058,TIMOB,manual_curated,1,0.9946752,5.230041099502512,1,late,resolution,,,2017-08-02 17:13:13,2017-11-28 22:55:21
TIMOB-25041,TIMOB,manual_curated,1,0.9357102,2.6779048259072,1,late,creation,,,2017-07-21 14:36:35,
TIMOB-24948,TIMOB,manual_curated,1,0.980336,3.9091058172217155,1,late,resolution,,,2017-07-10 00:51:36,2017-09-15 14:46:25
TIMOB-24845,TIMOB,manual_curated,1,0.9891634,4.513930241691593,1,late,creation,,,2017-06-19 06:31:01,
TIMOB-24808,TIMOB,manual_curated,1,0.8181884,1.5041216418435983,1,late,resolution,,,2017-06-12 03:25:55,2017-10-16 21:01:41
TIMOB-24871,TIMOB,manual_curated,1,0.986932,4.324434647677883,1,late,resolution,,,2017-06-08 07:53:57,2018-03-31 11:06:55
TIMOB-24782,TIMOB,manual_curated,1,0.9888622,4.48621026079467,1,late,resolution,,,2017-06-06 12:29:38,2017-08-26 10:34:03
TIMOB-24781,TIMOB,manual_curated,1,0.9742504,3.6332492617824586,1,late,resolution,,,2017-06-06 12:28:04,2017-06-06 14:09:17
TIMOB-24780,TIMOB,manual_curated,1,0.9925768,4.895694158863458,1,late,resolution,,,2017-06-06 11:00:11,2017-10-10 22:25:49
TIMOB-24774,TIMOB,manual_curated,1,0.947538,2.8937779436960875,1,late,resolution,,,2017-06-05 21:59:45,2018-02-13 09:03:26
TIMOB-24772,TIMOB,manual_curated,1,0.9258718,2.5249397534309077,1,late,resolution,,,2017-06-05 21:49:46,2018-02-13 09:04:38
TIMOB-24766,TIMOB,manual_curated,1,0.8340078,1.61430195553223,1,late,resolution,,,2017-06-02 13:03:03,2017-12-18 18:45:39
TIMOB-24723,TIMOB,manual_curated,1,0.9967042,5.711805105275941,1,late,resolution,,,2017-05-23 19:04:12,2017-11-03 00:57:43
TIMOB-24725,TIMOB,manual_curated,1,0.9489004,2.9215271711299833,1,late,creation,,,2017-05-23 09:43:21,
TIMOB-24644,TIMOB,manual_curated,1,0.994227,5.148773674726591,1,late,resolution,,,2017-04-29 14:15:41,2017-05-30 02:10:25
TIMOB-24578,TIMOB,manual_curated,1,0.9252508,2.515926326024685,1,late,resolution,,,2017-04-13 19:31:23,2017-04-14 13:54:53
TIMOB-24552,TIMOB,manual_curated,1,0.973348,3.597877480273549,1,late,creation,,,2017-04-03 14:39:48,
TIMOB-24549,TIMOB,manual_curated,1,0.9969778,5.798743459916014,1,late,creation,,,2017-04-01 19:01:59,
CONFSERVER-746,CONFSERVER,random_audit,0,0.0036631999999999,-5.605748270673611,0,early,resolution,1.0,1208.4,2004-02-16 16:19:05,2004-02-20 11:08:01
CONFSERVER-16525,CONFSERVER,random_audit,0,0.0030873999999999,-5.7773337903646755,0,early,resolution,2.0,1208.4,2009-08-03 07:11:33,2010-10-06 07:21:17
CONFSERVER-20507,CONFSERVER,random_audit,0,0.0094064,-4.656914050736543,0,early,resolution,3.0,1208.4,2010-08-02 03:41:05,2010-11-29 07:51:07
CONFSERVER-5549,CONFSERVER,random_audit,1,0.956248,3.0844799675908185,1,early,resolution,4.0,1208.4,2006-02-22 11:31:44,2006-03-07 06:10:09
CONFSERVER-16073,CONFSERVER,random_audit,0,0.0060976,-5.093743761563438,0,early,resolution,5.0,1208.4,2009-06-10 04:08:58,2009-06-19 03:52:45
CONFSERVER-4205,CONFSERVER,random_audit,0,0.18005,-1.5160087726945704,0,early,resolution,6.0,1208.4,2005-10-04 02:50:47,2005-10-07 06:50:07
CONFSERVER-11542,CONFSERVER,random_audit,0,0.0433828,-3.093340262242207,0,early,resolution,7.0,1208.4,2008-04-23 06:17:47,2008-05-02 01:49:33
CONFSERVER-10838,CONFSERVER,random_audit,0,0.0024858,-5.994671844922392,0,early,resolution,8.0,1208.4,2008-02-27 04:29:15,2008-05-14 08:08:49
CONFSERVER-7285,CONFSERVER,random_audit,0,0.0051064,-5.272141141807595,0,early,resolution,9.0,1208.4,2006-11-08 04:29:05,2006-11-23 00:46:03
CONFSERVER-13129,CONFSERVER,random_audit,0,0.0063436,-5.053945042210955,0,early,resolution,10.0,1208.4,2008-09-22 21:36:58,2008-09-23 01:41:33
CONFSERVER-12726,CONFSERVER,random_audit,0,0.6334998,0.5472606170256012,1,middle,resolution,1.0,1208.3,2008-08-09 18:50:07,2013-02-21 23:21:35
CONFSERVER-26529,CONFSERVER,random_audit,0,0.051985,-2.9034151094847194,0,middle,resolution,2.0,1208.3,2012-09-06 07:29:08,2012-09-25 07:36:05
CONFSERVER-47954,CONFSERVER,random_audit,0,0.0055352,-5.191077003794468,0,middle,resolution,3.0,1208.3,2014-08-13 09:59:34,2014-09-10 01:19:34
CONFSERVER-26265,CONFSERVER,random_audit,0,0.155647,-1.6909800309111263,0,middle,resolution,4.0,1208.3,2012-08-08 19:13:53,2014-06-16 07:04:38
CONFSERVER-28817,CONFSERVER,random_audit,0,0.0028838,-5.845758443928993,0,middle,resolution,5.0,1208.3,2013-04-05 15:57:25,2013-04-08 05:33:03
CONFSERVER-15843,CONFSERVER,random_audit,0,0.0070417999999999,-4.948824749189436,0,middle,resolution,6.0,1208.3,2009-05-23 03:58:05,2014-05-22 01:02:26
CONFSERVER-32765,CONFSERVER,random_audit,0,0.0024882,-5.993704420769731,0,middle,resolution,7.0,1208.3,2014-02-27 14:17:30,2014-02-27 23:06:20
CONFSERVER-30916,CONFSERVER,random_audit,0,0.0312035999999999,-3.4355210035202113,0,middle,resolution,8.0,1208.3,2013-09-24 13:50:23,2013-09-27 10:24:57
CONFSERVER-25181,CONFSERVER,random_audit,0,0.0207042,-3.8564971636989327,0,middle,resolution,9.0,1208.3,2012-04-12 00:41:41,2014-06-16 07:05:05
CONFSERVER-14226,CONFSERVER,random_audit,0,0.267219,-1.008778338157304,0,middle,resolution,10.0,1208.3,2009-01-19 19:33:44,2013-02-23 12:25:39
CONFSERVER-15780,CONFSERVER,random_audit,0,0.0071742,-4.9300639634884575,0,late,resolution,1.0,1208.3,2009-05-20 19:28:21,2016-05-26 07:52:21
CONFSERVER-49192,CONFSERVER,random_audit,0,0.1013677999999999,-2.1821183430274353,0,late,resolution,2.0,1208.3,2016-10-26 21:49:06,2017-12-21 05:02:31
CONFSERVER-39706,CONFSERVER,random_audit,0,0.0067262,-4.994996007918059,0,late,resolution,3.0,1208.3,2015-10-27 20:55:37,2016-05-26 07:53:46
CONFSERVER-47185,CONFSERVER,random_audit,0,0.0059406,-5.119986825048024,0,late,resolution,4.0,1208.3,2016-10-06 19:45:18,2017-05-10 01:12:50
CONFSERVER-30123,CONFSERVER,random_audit,0,0.0024952,-5.9908880744710595,0,late,resolution,5.0,1208.3,2013-07-26 09:30:37,2017-02-27 03:19:18
CONFSERVER-45557,CONFSERVER,random_audit,0,0.0052904,-5.2365569778845815,0,late,resolution,6.0,1208.3,2016-10-28 03:52:46,2016-12-14 04:17:59
CONFSERVER-42673,CONFSERVER,random_audit,0,0.0048736,-5.319036880547482,0,late,resolution,7.0,1208.3,2016-05-24 09:04:54,2016-06-15 08:05:23
CONFSERVER-23425,CONFSERVER,random_audit,0,0.0059262,-5.1224282512133525,0,late,resolution,8.0,1208.3,2011-10-06 14:44:10,2016-05-26 07:51:29
CONFSERVER-40559,CONFSERVER,random_audit,0,0.186551,-1.4725785724766007,0,late,resolution,9.0,1208.3,2016-01-21 23:16:36,2017-02-21 10:31:26
CONFSERVER-49524,CONFSERVER,random_audit,0,0.0047228,-5.350619447272785,0,late,resolution,10.0,1208.3,2013-04-12 16:33:56,2015-10-23 05:12:22
DM-6476,DM,random_audit,0,0.2355508,-1.1772289730552532,0,early,resolution,1.0,749.8,2016-06-06 20:15:47,2016-11-10 16:11:35
DM-9021,DM,random_audit,0,0.8872142000000001,2.06259599670359,1,early,resolution,2.0,749.8,2017-01-17 15:31:04,2017-02-20 02:03:32
DM-3027,DM,random_audit,0,0.6647148,0.6843765635619224,1,early,resolution,3.0,749.8,2015-07-01 00:46:41,2015-07-01 00:46:50
DM-9251,DM,random_audit,0,0.1224246,-1.9696675472979968,0,early,resolution,4.0,749.8,2017-02-02 15:25:58,2017-02-02 19:42:21
DM-9045,DM,random_audit,1,0.84067,1.663221669853535,1,early,resolution,5.0,749.8,2017-01-19 09:07:45,2017-02-24 13:11:59
DM-2009,DM,random_audit,0,0.567932,0.2734187099802117,1,early,resolution,6.0,749.8,2015-02-12 18:12:43,2017-05-08 10:23:12
DM-5551,DM,random_audit,0,0.6598012000000001,0.6624084249070973,1,early,resolution,7.0,749.8,2016-03-17 15:06:52,2016-05-24 01:21:41
DM-9758,DM,random_audit,0,0.1417096,-1.8011626105944512,0,early,resolution,8.0,749.8,2017-03-10 13:17:17,2017-03-13 12:11:35
DM-6050,DM,random_audit,0,0.5343022,0.13742467058633023,1,early,resolution,9.0,749.8,2016-05-09 16:11:21,2016-05-10 16:23:09
DM-9318,DM,random_audit,0,0.863351,1.843405734754871,1,early,resolution,10.0,749.8,2017-02-07 13:40:11,2017-02-24 10:15:12
DM-10463,DM,random_audit,0,0.2767701999999999,-0.9605394549929108,0,middle,resolution,1.0,749.7,2017-05-04 17:36:15,2017-06-15 15:27:15
DM-16224,DM,random_audit,1,0.8893734,2.0843566033259977,1,middle,resolution,2.0,749.7,2018-10-16 20:00:12,2018-10-17 19:35:34
DM-7996,DM,random_audit,0,0.8642196,1.8507880283647202,1,middle,resolution,3.0,749.7,2016-10-14 12:31:34,2017-08-28 14:24:46
DM-12162,DM,random_audit,0,0.2822943999999999,-0.9331089590987592,0,middle,resolution,4.0,749.7,2017-10-06 15:14:14,2017-10-06 15:16:41
DM-12438,DM,random_audit,0,0.2054962,-1.352290226566514,0,middle,resolution,5.0,749.7,2017-10-26 16:32:27,2017-10-26 16:45:49
DM-12100,DM,random_audit,0,0.027136,-3.5793830389120616,0,middle,resolution,6.0,749.7,2017-10-04 10:37:04,2017-10-05 14:42:11
DM-10194,DM,random_audit,0,0.8535972,1.7630976927298558,1,middle,resolution,7.0,749.7,2017-04-11 18:13:31,2019-01-31 15:40:39
DM-16280,DM,random_audit,0,0.0709338,-2.57243294796863,0,middle,resolution,8.0,749.7,2018-10-22 16:26:57,2018-12-18 17:48:59
DM-15571,DM,random_audit,0,0.4507328,-0.19771032347368078,0,middle,resolution,9.0,749.7,2018-08-28 20:09:04,2018-09-10 16:40:36
DM-18179,DM,random_audit,0,0.1773866,-1.5341548139668715,0,middle,resolution,10.0,749.7,2019-03-04 09:26:20,2019-03-19 10:55:42
DM-22239,DM,random_audit,0,0.1601446,-1.657152577064255,0,late,resolution,1.0,749.8,2019-11-15 23:35:54,2019-11-18 18:58:16
DM-18736,DM,random_audit,0,0.381221,-0.4843689220167478,0,late,resolution,2.0,749.8,2019-03-29 14:45:13,2019-06-12 21:21:35
DM-25476,DM,random_audit,0,0.1592188,-1.664052102764876,0,late,resolution,3.0,749.8,2020-06-19 00:17:48,2020-06-23 18:49:24
DM-24935,DM,random_audit,0,0.6668224,0.6938480624516387,1,late,resolution,4.0,749.8,2020-05-14 18:05:12,2020-05-15 23:46:06
DM-20302,DM,random_audit,0,0.1585586,-1.668992132576552,0,late,resolution,5.0,749.8,2019-06-25 16:02:05,2019-06-28 15:45:01
DM-23317,DM,random_audit,0,0.140342,-1.8124523349084503,0,late,resolution,6.0,749.8,2020-02-04 17:25:01,2020-02-04 17:25:14
DM-20758,DM,random_audit,0,0.0848112,-2.3787027732400556,0,late,resolution,7.0,749.8,2019-07-24 00:22:59,2019-07-29 14:23:02
DM-19158,DM,random_audit,0,0.0750434,-2.511680204652796,0,late,resolution,8.0,749.8,2019-04-09 05:19:37,2019-07-01 22:47:57
DM-20900,DM,random_audit,0,0.4908502,-0.03660328621114803,0,late,resolution,9.0,749.8,2019-08-02 19:45:41,2019-08-20 19:04:39
DM-26079,DM,random_audit,1,0.5859566,0.3472749261520703,1,late,resolution,10.0,749.8,2020-07-23 18:21:16,2020-10-02 23:16:57
DNN-4831,DNN,random_audit,0,0.0303084,-3.46555318098246,0,early,resolution,1.0,249.4,2014-02-12 04:35:10,2014-02-13 02:47:31
DNN-3207,DNN,random_audit,0,0.0186416,-3.963542091849149,0,early,resolution,2.0,249.4,2013-07-30 13:36:05,2013-08-18 20:45:51
DNN-3212,DNN,random_audit,0,0.0503378,-2.937350056482679,0,early,resolution,3.0,249.4,2013-07-30 14:55:37,2013-08-12 23:25:29
DNN-3583,DNN,random_audit,0,0.0160541999999999,-4.1156003166482265,0,early,resolution,4.0,249.4,2013-09-12 16:36:55,2013-09-12 21:21:18
DNN-3617,DNN,random_audit,0,0.0187349999999999,-3.958449123358337,0,early,resolution,5.0,249.4,2013-09-17 21:06:03,2013-09-17 23:43:04
DNN-3724,DNN,random_audit,0,0.0132268,-4.312195151451393,0,early,resolution,6.0,249.4,2013-09-24 06:24:01,2013-12-02 04:50:10
DNN-3355,DNN,random_audit,0,0.0625574,-2.7070709940323616,0,early,resolution,7.0,249.4,2013-08-15 10:57:13,2014-02-17 16:27:17
DNN-4433,DNN,random_audit,0,0.9382078,2.720194316746361,1,early,resolution,8.0,249.4,2013-12-13 19:45:10,2013-12-18 19:56:12
DNN-3155,DNN,random_audit,0,0.0092402,-4.674908593076977,0,early,resolution,9.0,249.4,2013-07-24 21:47:15,2013-08-01 20:00:00
DNN-3827,DNN,random_audit,0,0.0219399999999999,-3.797259562999174,0,early,resolution,10.0,249.4,2013-10-08 23:49:00,2013-10-11 21:55:21
DNN-6529,DNN,random_audit,0,0.023898,-3.7097723157216507,0,middle,resolution,1.0,249.4,2015-01-30 00:28:40,2015-05-15 20:36:15
DNN-7480,DNN,random_audit,1,0.9297632,2.583057539866781,1,middle,resolution,2.0,249.4,2015-08-27 05:07:51,2015-08-27 17:59:30
DNN-7112,DNN,random_audit,0,0.1521746,-1.7176461725420697,0,middle,resolution,3.0,249.4,2015-06-16 19:40:01,2015-09-18 16:37:02
DNN-6068,DNN,random_audit,0,0.0093648,-4.661388373987785,0,middle,resolution,4.0,249.4,2014-11-05 09:17:05,2015-11-04 20:02:55
DNN-7991,DNN,random_audit,0,0.0145316,-4.216791472617958,0,middle,resolution,5.0,249.4,2015-11-20 22:00:51,2015-11-24 10:31:45
DNN-6747,DNN,random_audit,0,0.0144999999999999,-4.2190004771662535,0,middle,resolution,6.0,249.4,2015-03-16 23:50:39,2015-03-16 23:51:19
DNN-6664,DNN,random_audit,0,0.0149012,-4.191300194089208,0,middle,resolution,7.0,249.4,2015-02-26 21:43:48,2015-03-02 18:28:05
DNN-7232,DNN,random_audit,0,0.5223674,0.089529354021718,1,middle,resolution,8.0,249.4,2015-07-10 21:08:55,2015-07-10 21:11:25
DNN-7926,DNN,random_audit,0,0.0234392,-3.7296271771297578,0,middle,resolution,9.0,249.4,2015-11-13 23:30:11,2015-11-16 08:29:43
DNN-6928,DNN,random_audit,0,0.1568478,-1.6818715789769767,0,middle,resolution,10.0,249.4,2015-04-29 15:30:24,2015-04-29 15:30:48
DNN-24191,DNN,random_audit,0,0.0173156,-4.0386801813214355,0,late,resolution,1.0,249.4,2012-11-22 08:02:00,2016-12-13 00:41:15
DNN-4362,DNN,random_audit,0,0.2330197999999999,-1.191337557674943,0,late,resolution,2.0,249.4,2013-12-09 12:05:41,2016-12-13 00:40:32
DNN-6527,DNN,random_audit,0,0.0070598,-4.946253718188936,0,late,resolution,3.0,249.4,2015-01-29 22:47:46,2016-12-13 00:12:45
DNN-9678,DNN,random_audit,1,0.1588994,-1.6664399747438823,0,late,resolution,4.0,249.4,2017-04-12 15:46:32,2017-08-22 23:30:08
DNN-10172,DNN,random_audit,0,0.010412,-4.5543297077608775,0,late,resolution,5.0,249.4,2017-08-10 22:26:02,2017-08-10 22:26:31
DNN-9622,DNN,random_audit,0,0.010998,-4.498982915779736,0,late,resolution,6.0,249.4,2016-11-18 16:59:30,2017-03-17 23:27:25
DNN-8618,DNN,random_audit,0,0.0642338,-2.678836107046151,0,late,resolution,7.0,249.4,2016-03-24 18:02:02,2016-04-19 04:36:37
DNN-10072,DNN,random_audit,0,0.0269439999999999,-3.586680996426762,0,late,resolution,8.0,249.4,2017-07-17 18:40:17,2017-09-15 00:25:24
DNN-5860,DNN,random_audit,0,0.011519,-4.452171575439593,0,late,resolution,9.0,249.4,2014-09-15 19:35:07,2016-12-13 00:42:00
DNN-9076,DNN,random_audit,0,0.0071766,-4.929727070013152,0,late,resolution,10.0,249.4,2016-11-16 15:58:44,2016-11-29 16:41:11
FAB-2729,FAB,random_audit,0,0.0809812,-2.4290895501970238,0,early,resolution,1.0,425.1,2017-03-10 16:07:16,2017-03-28 19:55:48
FAB-8082,FAB,random_audit,0,0.0050252,-5.2882521560565765,0,early,resolution,2.0,425.1,2018-02-06 15:05:45,2018-02-09 14:22:32
FAB-2324,FAB,random_audit,0,0.0459581999999999,-3.0329751982792996,0,early,resolution,3.0,425.1,2017-02-17 06:47:57,2017-02-23 18:46:41
FAB-954,FAB,random_audit,1,0.984566,4.1556280669028975,1,early,resolution,4.0,425.1,2016-11-04 08:30:13,2017-01-19 08:59:01
FAB-3195,FAB,random_audit,0,0.0184836,-3.9722148702593407,0,early,resolution,5.0,425.1,2017-04-17 09:34:19,2017-04-18 08:12:09
FAB-990,FAB,random_audit,0,0.0149169999999999,-4.1902243994096855,0,early,resolution,6.0,425.1,2016-11-06 05:55:52,2017-04-12 04:32:48
FAB-2504,FAB,random_audit,0,0.0099514,-4.60004078804253,0,early,resolution,7.0,425.1,2017-02-27 17:17:59,2017-03-06 20:28:40
FAB-5357,FAB,random_audit,0,0.0073426,-4.90669258607067,0,early,resolution,8.0,425.1,2017-07-18 15:11:33,2017-09-19 23:02:49
FAB-3510,FAB,random_audit,0,0.0622882,-2.7116706505741974,0,early,resolution,9.0,425.1,2017-04-28 20:45:38,2017-05-10 19:31:16
FAB-61,FAB,random_audit,1,0.9455758,2.8549851462224263,1,early,resolution,10.0,425.1,2016-08-12 21:53:13,2017-04-11 17:23:01
FAB-9919,FAB,random_audit,0,0.3866703999999999,-0.46132982440177117,0,middle,resolution,1.0,425.1,2018-05-07 04:03:10,2018-09-21 03:55:05
FAB-10820,FAB,random_audit,0,0.0811364,-2.4270060001073865,0,middle,resolution,2.0,425.1,2018-06-22 18:24:12,2018-07-09 20:34:59
FAB-10388,FAB,random_audit,0,0.1276462,-1.9219327012211178,0,middle,resolution,3.0,425.1,2018-05-25 16:07:04,2018-06-15 18:55:15
FAB-8888,FAB,random_audit,0,0.1089402,-2.1016124329923063,0,middle,resolution,4.0,425.1,2018-03-15 15:44:20,2018-03-16 03:21:08
FAB-9005,FAB,random_audit,0,0.6763608,0.7370973464173416,1,middle,resolution,5.0,425.1,2018-03-20 18:02:44,2018-07-20 15:05:25
FAB-11727,FAB,random_audit,0,0.009631,-4.633090538377082,0,middle,resolution,6.0,425.1,2018-08-24 16:06:43,2018-08-29 23:39:43
FAB-2809,FAB,random_audit,1,0.666769,0.6936077159141726,1,middle,resolution,7.0,425.1,2017-03-17 06:32:12,2018-11-15 13:03:47
FAB-11587,FAB,random_audit,0,0.1545542,-1.6993192183232777,0,middle,resolution,8.0,425.1,2018-08-14 17:03:10,2018-11-19 05:38:47
FAB-11859,FAB,random_audit,0,0.107371,-2.117880914033138,0,middle,resolution,9.0,425.1,2018-09-04 16:36:38,2018-09-05 01:08:15
FAB-13493,FAB,random_audit,0,0.013527,-4.289448267492973,0,middle,resolution,10.0,425.1,2019-01-05 19:56:01,2019-01-17 21:47:36
FAB-15098,FAB,random_audit,0,0.7387170000000001,1.0393107865804836,1,late,resolution,1.0,425.1,2019-04-08 04:27:21,2019-04-08 11:32:51
FAB-1629,FAB,random_audit,0,0.1690738,-1.592205676253612,0,late,resolution,2.0,425.1,2017-01-12 19:23:38,2019-07-12 12:39:30
FAB-10270,FAB,random_audit,1,0.2810354,-0.9393314814134942,0,late,resolution,3.0,425.1,2018-05-22 08:49:25,2020-01-22 22:32:30
FAB-16353,FAB,random_audit,0,0.3978486,-0.4144373778026731,0,late,resolution,4.0,425.1,2019-08-20 05:01:37,2019-09-10 16:02:07
FAB-14992,FAB,random_audit,0,0.1243436,-1.9519250752550172,0,late,resolution,5.0,425.1,2019-04-02 17:13:23,2019-04-10 03:43:12
FAB-3037,FAB,random_audit,0,0.4281042,-0.28959018305840933,0,late,resolution,6.0,425.1,2017-04-07 14:13:14,2019-07-30 03:59:48
FAB-17450,FAB,random_audit,0,0.013582,-4.285334813167221,0,late,resolution,7.0,425.1,2020-01-28 20:23:19,2020-04-26 05:06:11
FAB-17487,FAB,random_audit,1,0.8337532000000001,1.612464004073013,1,late,resolution,8.0,425.1,2020-02-10 14:12:36,2020-02-27 15:46:18
FAB-6570,FAB,random_audit,0,0.0386212,-3.214567155540288,0,late,resolution,9.0,425.1,2017-10-11 03:32:00,2020-01-22 22:11:29
FAB-16111,FAB,random_audit,0,0.2106188,-1.3211994829174412,0,late,resolution,10.0,425.1,2019-07-26 19:15:17,2019-07-30 12:23:57
JRASERVER-14628,JRASERVER,random_audit,0,0.0054636,-5.204168785784805,0,early,resolution,1.0,1173.3,2008-03-12 17:20:47,2008-03-13 06:37:59
JRASERVER-19254,JRASERVER,random_audit,0,0.0570535999999999,-2.8050182642864327,0,early,resolution,2.0,1173.3,2009-09-25 02:49:11,2009-09-30 05:16:58
JRASERVER-8712,JRASERVER,random_audit,0,0.3842214,-0.47166853440441375,0,early,resolution,3.0,1173.3,2005-12-05 20:41:23,2005-12-06 02:00:38
JRASERVER-15305,JRASERVER,random_audit,0,0.003557,-5.635274444849835,0,early,resolution,4.0,1173.3,2008-07-25 19:04:54,2008-07-28 00:04:25
JRASERVER-9492,JRASERVER,random_audit,0,0.0072362,-4.921396563964445,0,early,resolution,5.0,1173.3,2006-02-28 06:09:30,2006-11-30 02:55:09
JRASERVER-20324,JRASERVER,random_audit,0,0.0495686,-2.953558418038352,0,early,resolution,6.0,1173.3,2010-02-02 18:30:10,2010-05-24 02:25:24
JRASERVER-6799,JRASERVER,random_audit,0,0.0051394,-5.265666285705178,0,early,resolution,7.0,1173.3,2005-05-26 20:10:45,2006-05-31 04:46:51
JRASERVER-4722,JRASERVER,random_audit,0,0.0031922,-5.743847638776381,0,early,resolution,8.0,1173.3,2004-10-01 11:16:21,2004-11-10 10:43:33
JRASERVER-12128,JRASERVER,random_audit,0,0.005035,-5.286294034489984,0,early,resolution,9.0,1173.3,2007-02-09 13:10:23,2007-02-14 05:46:21
JRASERVER-4099,JRASERVER,random_audit,0,0.005912,-5.124841550279142,0,early,resolution,10.0,1173.3,2004-07-26 04:14:20,2004-07-28 00:28:47
JRASERVER-36229,JRASERVER,random_audit,0,0.0063264,-5.056677428515779,0,middle,resolution,1.0,1173.2,2013-12-17 18:29:18,2014-01-21 05:05:36
JRASERVER-5287,JRASERVER,random_audit,0,0.2596844,-1.0476095342114637,0,middle,resolution,2.0,1173.2,2004-11-19 11:57:06,2013-11-21 04:48:16
JRASERVER-32385,JRASERVER,random_audit,0,0.6242110000000001,0.5074606365760832,1,middle,resolution,3.0,1173.2,2013-04-01 15:10:11,2015-06-25 09:10:05
JRASERVER-27324,JRASERVER,random_audit,0,0.1091074,-2.0998911632650366,0,middle,resolution,4.0,1173.2,2012-02-29 01:09:15,2015-06-25 09:06:37
JRASERVER-34114,JRASERVER,random_audit,0,0.0096876,-4.627173731700175,0,middle,resolution,5.0,1173.2,2013-07-31 09:36:39,2013-08-28 01:13:25
JRASERVER-23858,JRASERVER,random_audit,0,0.0106316,-4.533236061304123,0,middle,resolution,6.0,1173.2,2011-03-06 23:54:06,2011-04-01 01:00:11
JRASERVER-11532,JRASERVER,random_audit,0,0.94019,2.7549091114421147,1,middle,resolution,7.0,1173.2,2006-11-13 09:38:39,2012-03-13 00:25:16
JRASERVER-42141,JRASERVER,random_audit,0,0.9159878,2.3890410194156213,1,middle,resolution,8.0,1173.2,2015-02-19 19:04:46,2015-06-25 17:55:38
JRASERVER-36578,JRASERVER,random_audit,0,0.0042104,-5.465978335231883,0,middle,resolution,9.0,1173.2,2014-01-17 00:21:25,2014-01-22 06:43:27
JRASERVER-25759,JRASERVER,random_audit,0,0.9532474,3.0150046020613037,1,middle,resolution,10.0,1173.2,2011-09-21 16:31:49,2015-06-01 04:20:57
JRASERVER-41244,JRASERVER,random_audit,0,0.846594,1.708133239292301,1,late,resolution,1.0,1173.2,2014-12-12 14:54:50,2018-03-22 11:18:11
JRASERVER-44119,JRASERVER,random_audit,0,0.0045856,-5.3802381742142105,0,late,resolution,2.0,1173.2,2015-07-02 15:31:29,2018-05-28 16:21:09
JRASERVER-64276,JRASERVER,random_audit,0,0.0058706,-5.131910536003061,0,late,resolution,3.0,1173.2,2017-03-01 17:30:42,2017-06-29 15:02:25
JRASERVER-20835,JRASERVER,random_audit,0,0.0073504,-4.905622998168596,0,late,resolution,4.0,1173.2,2010-04-07 02:45:48,2017-12-04 13:50:10
JRASERVER-22315,JRASERVER,random_audit,0,0.0068185999999999,-4.981259153922254,0,late,resolution,5.0,1173.2,2010-09-20 19:44:17,2019-07-04 13:30:55
JRASERVER-60898,JRASERVER,random_audit,0,0.902689,2.227466051347409,1,late,resolution,6.0,1173.2,2016-04-10 18:38:16,2018-03-29 08:46:53
JRASERVER-41978,JRASERVER,random_audit,0,0.8951996,2.1449891214965398,1,late,resolution,7.0,1173.2,2015-02-09 18:04:52,2017-06-09 08:04:14
JRASERVER-36610,JRASERVER,random_audit,0,0.0078732,-4.8363863345402125,0,late,resolution,8.0,1173.2,2014-01-20 05:32:15,2018-05-28 16:21:13
JRASERVER-66345,JRASERVER,random_audit,0,0.0060577999999999,-5.100332358208558,0,late,resolution,9.0,1173.2,2017-11-16 09:23:32,2017-11-16 09:25:29
JRASERVER-65826,JRASERVER,random_audit,1,0.1763726,-1.5411194404674888,0,late,resolution,10.0,1173.2,2017-08-23 07:50:08,2020-02-03 16:53:11
MESOS-3577,MESOS,random_audit,0,0.0259648,-3.6247056680299683,0,early,resolution,1.0,232.9,2015-10-04 01:41:18,2015-10-06 00:02:01
MESOS-3359,MESOS,random_audit,0,0.0593344,-2.76339847080598,0,early,resolution,2.0,232.9,2015-09-02 19:50:16,2015-09-14 21:22:17
MESOS-536,MESOS,random_audit,0,0.010006,-4.5945139694381965,0,early,resolution,3.0,232.9,2013-07-02 21:56:53,2013-12-03 20:33:10
MESOS-2707,MESOS,random_audit,0,0.0272292,-3.575858567420944,0,early,resolution,4.0,232.9,2015-05-08 13:06:41,2015-05-13 01:59:18
MESOS-2279,MESOS,random_audit,0,0.0329972,-3.377778681620564,0,early,resolution,5.0,232.9,2015-01-27 21:38:11,2015-01-28 22:27:06
MESOS-768,MESOS,random_audit,1,0.8928788000000001,2.1204899456709487,1,early,resolution,6.0,232.9,2013-10-24 18:53:42,2013-12-03 20:15:31
MESOS-686,MESOS,random_audit,0,0.0403271999999999,-3.1695662137819642,0,early,resolution,7.0,232.9,2013-09-11 04:10:53,2013-10-18 01:40:33
MESOS-2271,MESOS,random_audit,1,0.9632124,3.265113116355301,1,early,resolution,8.0,232.9,2015-01-26 19:39:20,2015-10-16 14:30:34
MESOS-3170,MESOS,random_audit,0,0.0230727999999999,-3.7457577008834777,0,early,resolution,9.0,232.9,2015-07-29 13:00:45,2015-08-05 18:03:48
MESOS-285,MESOS,random_audit,0,0.0241565999999999,-3.6987444880332028,0,early,resolution,10.0,232.9,2012-09-26 23:51:49,2013-05-22 00:38:52
MESOS-4668,MESOS,random_audit,0,0.0124826,-4.370858442296967,0,middle,resolution,1.0,232.8,2016-02-12 21:12:41,2016-09-20 19:59:11
MESOS-7661,MESOS,random_audit,0,0.0136024,-4.283813270996011,0,middle,resolution,2.0,232.8,2017-06-14 00:46:07,2017-08-14 22:20:08
MESOS-6969,MESOS,random_audit,0,0.0319548,-3.410956376120093,0,middle,resolution,3.0,232.8,2017-01-20 22:48:35,2017-01-25 18:01:13
MESOS-6772,MESOS,random_audit,0,0.0174516,-4.030718269627066,0,middle,resolution,4.0,232.8,2016-12-09 23:22:06,2017-01-09 20:46:00
MESOS-7477,MESOS,random_audit,0,0.385893,-0.4646090511006765,0,middle,resolution,5.0,232.8,2017-05-09 01:30:42,2017-06-17 05:18:13
MESOS-6321,MESOS,random_audit,0,0.0140562,-4.25053577542393,0,middle,resolution,6.0,232.8,2016-10-06 19:44:32,2016-10-10 18:45:12
MESOS-7155,MESOS,random_audit,0,0.4195374,-0.32467269615673744,0,middle,resolution,7.0,232.8,2017-02-22 08:12:31,2017-03-28 00:05:38
MESOS-5308,MESOS,random_audit,0,0.0091138,-4.688809945895267,0,middle,resolution,8.0,232.8,2016-04-29 07:22:35,2016-05-17 06:42:01
MESOS-7534,MESOS,random_audit,0,0.8098460000000001,1.4490098359567332,1,middle,resolution,9.0,232.8,2017-05-22 14:41:05,2017-10-13 01:48:32
MESOS-7609,MESOS,random_audit,1,0.7634346000000001,1.171602760363172,1,middle,resolution,10.0,232.8,2017-06-02 19:10:25,2017-07-11 19:20:46
MESOS-3676,MESOS,random_audit,0,0.0506136,-2.93159556629435,0,late,resolution,1.0,232.8,2015-10-09 08:59:22,2018-11-26 12:22:10
MESOS-3847,MESOS,random_audit,0,0.0532738,-2.8775652747390845,0,late,resolution,2.0,232.8,2015-11-06 22:08:00,2018-11-26 12:21:24
MESOS-3133,MESOS,random_audit,0,0.6942052,0.8198533052641084,1,late,resolution,3.0,232.8,2015-07-23 04:54:20,2018-11-26 12:22:28
MESOS-9984,MESOS,random_audit,0,0.0785612,-2.4620584225694526,0,late,resolution,4.0,232.8,2019-10-01 12:16:27,2019-11-08 13:39:13
MESOS-9887,MESOS,random_audit,0,0.0176694,-4.0180935816773395,0,late,resolution,5.0,232.8,2019-07-10 18:46:27,2019-08-26 14:10:40
MESOS-3222,MESOS,random_audit,0,0.9047744,2.2514368176449193,1,late,resolution,6.0,232.8,2015-08-06 21:49:39,2018-11-26 12:22:52
MESOS-3338,MESOS,random_audit,0,0.0261336,-3.6180522851921153,0,late,resolution,7.0,232.8,2015-08-31 16:53:39,2018-12-03 22:15:55
MESOS-9425,MESOS,random_audit,0,0.0094538,-4.651839731079756,0,late,resolution,8.0,232.8,2018-11-29 22:24:43,2019-01-16 21:44:34
MESOS-8885,MESOS,random_audit,0,0.5359894000000001,0.14420698796294684,1,late,resolution,9.0,232.8,2018-05-07 02:42:51,2018-05-07 23:04:41
MESOS-8947,MESOS,random_audit,0,0.9241534,2.500165195701613,1,late,resolution,10.0,232.8,2018-05-24 02:10:13,2018-06-01 07:00:48
MULE-4846,MULE,random_audit,0,0.101561,-2.179999209805372,0,early,resolution,1.0,371.4,2010-04-30 15:59:49,2010-05-05 16:01:56
MULE-1606,MULE,random_audit,0,0.0194593999999999,-3.91977380841867,0,early,resolution,2.0,371.4,2007-04-13 02:49:45,2007-05-28 23:15:45
MULE-5045,MULE,random_audit,0,0.9628248,3.2542295914910184,1,early,resolution,3.0,371.4,2010-09-02 23:43:27,2010-09-06 12:57:09
MULE-106,MULE,random_audit,0,0.9808754,3.937469973785513,1,early,resolution,4.0,371.4,2004-11-21 11:19:54,2004-12-09 03:12:45
MULE-1672,MULE,random_audit,0,0.0121168,-4.400971552758593,0,early,resolution,5.0,371.4,2007-04-25 16:55:31,2007-09-25 08:33:52
MULE-1516,MULE,random_audit,0,0.5072782,0.029114856486688285,1,early,resolution,6.0,371.4,2007-03-19 21:54:10,2008-11-29 23:32:14
MULE-3533,MULE,random_audit,1,0.9729254,3.5817113901528335,1,early,resolution,7.0,371.4,2008-07-08 16:07:40,2008-07-14 14:13:50
MULE-3862,MULE,random_audit,0,0.0244142,-3.6878731808552616,0,early,resolution,8.0,371.4,2008-10-21 23:19:42,2009-04-07 20:21:27
MULE-1839,MULE,random_audit,0,0.0123252,-4.3837075467909905,0,early,resolution,9.0,371.4,2007-06-04 19:45:10,2007-10-25 21:02:20
MULE-1358,MULE,random_audit,0,0.0311374,-3.4377131371496557,0,early,resolution,10.0,371.4,2007-02-02 08:52:21,2007-02-02 12:55:43
MULE-6609,MULE,random_audit,0,0.0548084,-2.8475441913866146,0,middle,resolution,1.0,371.3,2013-01-23 20:08:03,2013-05-27 21:10:05
MULE-8991,MULE,random_audit,1,0.9208928,2.4545397396068713,1,middle,resolution,2.0,371.3,2015-10-06 22:56:22,2015-10-07 20:28:30
MULE-9535,MULE,random_audit,0,0.6826268000000001,0.7658699288639967,1,middle,resolution,3.0,371.3,2016-03-31 16:00:30,2016-04-01 16:15:36
MULE-9016,MULE,random_audit,0,0.0142289999999999,-4.238141940543229,0,middle,resolution,4.0,371.3,2015-10-21 19:12:27,2015-10-21 20:10:53
MULE-7890,MULE,random_audit,0,0.1252854,-1.943303326961731,0,middle,resolution,5.0,371.3,2014-09-23 15:41:24,2014-09-25 15:54:09
MULE-6633,MULE,random_audit,0,0.928061,2.557278925686269,1,middle,resolution,6.0,371.3,2013-02-06 18:36:30,2013-02-06 19:48:03
MULE-6453,MULE,random_audit,0,0.0159233999999999,-4.12391401409784,0,middle,resolution,7.0,371.3,2012-09-25 17:29:42,2012-09-26 14:43:48
MULE-6126,MULE,random_audit,0,0.0711808,-2.5686909828736493,0,middle,resolution,8.0,371.3,2012-03-15 02:52:15,2012-05-30 12:52:31
MULE-5574,MULE,random_audit,0,0.0077956,-4.846369662481184,0,middle,resolution,9.0,371.3,2011-05-23 21:09:04,2011-05-23 21:20:43
MULE-8738,MULE,random_audit,0,0.0061145999999999,-5.090942554178917,0,middle,resolution,10.0,371.3,2015-06-25 20:29:55,2015-06-26 02:18:58
MULE-14524,MULE,random_audit,0,0.0115611999999999,-4.4484720646210825,0,late,resolution,1.0,371.3,2018-01-22 17:45:00,2018-10-03 15:36:35
MULE-12684,MULE,random_audit,0,0.0774162,-2.4779821508767834,0,late,resolution,2.0,371.3,2017-06-04 00:44:20,2017-06-07 19:00:33
MULE-10787,MULE,random_audit,0,0.0126182,-4.359916577213098,0,late,resolution,3.0,371.3,2016-10-17 18:15:34,2018-10-03 16:08:23
MULE-10887,MULE,random_audit,0,0.9835108,4.088422997814859,1,late,resolution,4.0,371.3,2016-11-03 17:44:53,2016-11-03 22:57:41
MULE-10964,MULE,random_audit,1,0.9455234,2.8539673849318374,1,late,resolution,5.0,371.3,2016-11-14 16:06:33,2019-05-17 21:43:27
MULE-3598,MULE,random_audit,0,0.0126919999999999,-4.354010173770552,0,late,resolution,6.0,371.3,2008-08-05 04:39:36,2018-04-23 18:03:06
MULE-10430,MULE,random_audit,1,0.9513712,2.973688364375299,1,late,resolution,7.0,371.3,2016-09-01 14:31:19,2016-11-24 17:34:30
MULE-9406,MULE,random_audit,1,0.9590664,3.1540090695952574,1,late,resolution,8.0,371.3,2016-02-26 19:12:13,2018-07-18 19:36:51
MULE-14395,MULE,random_audit,0,0.077308,-2.479498041216701,0,late,resolution,9.0,371.3,2018-01-08 15:45:24,2018-01-09 21:29:05
MULE-8896,MULE,random_audit,0,0.0146336,-4.209693297218626,0,late,resolution,10.0,371.3,2015-08-26 14:46:26,2019-04-06 16:49:00
NEXUS-552,NEXUS,random_audit,0,0.0558886,-2.8268837438935477,0,early,resolution,1.0,298.6,2008-08-14 18:59:03,2008-08-18 19:43:19
NEXUS-1742,NEXUS,random_audit,0,0.0135626,-4.286783862238848,0,early,resolution,2.0,298.6,2009-03-04 15:13:55,2009-03-04 16:07:11
NEXUS-436,NEXUS,random_audit,0,0.0159768,-4.120511804037621,0,early,resolution,3.0,298.6,2008-08-04 20:32:24,2008-09-29 19:07:20
NEXUS-1566,NEXUS,random_audit,0,0.0234072,-3.7310261117397094,0,early,resolution,4.0,298.6,2009-02-10 10:01:34,2009-06-25 20:41:24
NEXUS-3151,NEXUS,random_audit,0,0.1040509999999999,-2.153002328154574,0,early,resolution,5.0,298.6,2010-01-06 17:31:16,2010-01-11 14:47:46
NEXUS-93,NEXUS,random_audit,0,0.0092602,-4.672726290089676,0,early,resolution,6.0,298.6,2008-06-22 04:39:22,2008-09-22 18:59:43
NEXUS-1471,NEXUS,random_audit,0,0.0822316,-2.412405414796545,0,early,resolution,7.0,298.6,2009-01-27 17:51:43,2009-01-27 22:16:10
NEXUS-138,NEXUS,random_audit,0,0.673479,0.7239625497854092,1,early,resolution,8.0,298.6,2008-07-02 17:18:00,2008-07-04 15:50:12
NEXUS-2101,NEXUS,random_audit,0,0.026339,-3.6100124632557025,0,early,resolution,9.0,298.6,2009-05-29 21:09:19,2009-05-29 21:38:17
NEXUS-2653,NEXUS,random_audit,0,0.0224638,-3.7731301997520243,0,early,resolution,10.0,298.6,2009-09-15 20:19:42,2009-09-15 20:52:08
NEXUS-4435,NEXUS,random_audit,0,0.042155,-3.1233326680988345,0,middle,resolution,1.0,298.6,2011-07-27 17:40:55,2011-08-17 16:10:19
NEXUS-5008,NEXUS,random_audit,0,0.0100556,-4.589519086685955,0,middle,resolution,2.0,298.6,2012-04-05 14:55:10,2012-04-13 15:29:35
NEXUS-4760,NEXUS,random_audit,0,0.0109,-4.508032649510697,0,middle,resolution,3.0,298.6,2012-01-11 01:47:08,2012-02-03 04:35:47
NEXUS-6419,NEXUS,random_audit,0,0.44347,-0.22709092189965227,0,middle,resolution,4.0,298.6,2013-08-08 17:18:30,2014-05-23 01:07:53
NEXUS-5202,NEXUS,random_audit,0,0.0236078,-3.722287184057359,0,middle,resolution,5.0,298.6,2012-08-02 22:32:50,2012-09-03 14:48:59
NEXUS-4622,NEXUS,random_audit,0,0.0112232,-4.478485559222574,0,middle,resolution,6.0,298.6,2011-11-04 18:15:31,2012-01-30 10:52:52
NEXUS-5506,NEXUS,random_audit,0,0.0467342,-3.015417542779507,0,middle,resolution,7.0,298.6,2013-01-18 19:55:19,2013-03-18 12:27:44
NEXUS-3104,NEXUS,random_audit,0,0.0169692,-4.059240516191853,0,middle,resolution,8.0,298.6,2009-12-12 00:22:57,2012-09-11 22:06:51
NEXUS-5208,NEXUS,random_audit,0,0.0752188,-2.5091559692807572,0,middle,resolution,9.0,298.6,2012-08-10 09:16:48,2012-08-16 15:36:27
NEXUS-5860,NEXUS,random_audit,0,0.44133,-0.23576606401300074,0,middle,resolution,10.0,298.6,2013-09-04 18:35:46,2013-10-10 19:41:26
NEXUS-21579,NEXUS,random_audit,0,0.0642634,-2.6783437642769505,0,late,resolution,1.0,298.6,2019-10-15 14:05:16,2019-10-28 12:43:26
NEXUS-15816,NEXUS,random_audit,0,0.7716816,1.217830883721319,1,late,resolution,2.0,298.6,2018-02-07 17:04:54,2018-02-28 17:51:35
NEXUS-12267,NEXUS,random_audit,1,0.259734,-1.0473515506755666,0,late,resolution,3.0,298.6,2017-01-27 11:35:00,2018-03-22 21:12:25
NEXUS-10774,NEXUS,random_audit,0,0.1706758,-1.580845301704094,0,late,resolution,4.0,298.6,2016-08-31 17:13:36,2017-02-13 14:53:48
NEXUS-8467,NEXUS,random_audit,0,0.0135331999999999,-4.288983744888561,0,late,resolution,5.0,298.6,2015-04-20 21:14:18,2015-10-21 03:50:58
NEXUS-10473,NEXUS,random_audit,0,0.0119718,-4.413157355646256,0,late,resolution,6.0,298.6,2016-07-12 10:03:13,2016-10-25 21:12:16
NEXUS-21787,NEXUS,random_audit,0,0.9528604,3.006354996030135,1,late,resolution,7.0,298.6,2019-11-08 10:15:25,2019-11-12 15:39:19
NEXUS-9774,NEXUS,random_audit,0,0.01704,-4.055004906158146,0,late,resolution,8.0,298.6,2016-02-10 16:50:28,2016-02-25 15:21:13
NEXUS-8720,NEXUS,random_audit,0,0.0308909999999999,-3.4459122133219497,0,late,resolution,9.0,298.6,2015-05-28 09:10:21,2015-05-28 13:44:42
NEXUS-7909,NEXUS,random_audit,0,0.022027,-3.7932130886897433,0,late,resolution,10.0,298.6,2015-01-13 17:01:28,2015-01-15 20:15:13
SERVER-3707,SERVER,random_audit,0,0.1055848,-2.136655675371748,0,early,resolution,1.0,1460.4,2011-08-29 16:09:53,2011-08-29 17:22:45
SERVER-6037,SERVER,random_audit,0,0.0080422,-4.81497788845612,0,early,resolution,2.0,1460.4,2012-06-07 19:17:24,2012-12-17 15:48:03
SERVER-12191,SERVER,random_audit,0,0.009045,-4.696457005773621,0,early,resolution,3.0,1460.4,2013-12-23 16:22:37,2014-01-05 22:54:37
SERVER-16860,SERVER,random_audit,0,0.0211938,-3.832624979760227,0,early,resolution,4.0,1460.4,2015-01-15 09:18:51,2015-03-19 04:43:15
SERVER-12576,SERVER,random_audit,0,0.0675833999999999,-2.624417319757502,0,early,resolution,5.0,1460.4,2014-02-03 15:38:48,2014-02-10 01:16:40
SERVER-1071,SERVER,random_audit,1,0.1123281999999999,-2.0671771367699403,0,early,resolution,6.0,1460.4,2010-05-01 15:25:16,2010-05-03 14:29:53
SERVER-3425,SERVER,random_audit,0,0.0095176,-4.645049380996925,0,early,resolution,7.0,1460.4,2011-07-13 16:37:16,2011-10-05 04:15:09
SERVER-15538,SERVER,random_audit,0,0.005715,-5.158929588635315,0,early,resolution,8.0,1460.4,2014-10-06 22:22:43,2015-03-02 21:28:32
SERVER-18799,SERVER,random_audit,1,0.0463822,-3.0233471973029444,0,early,resolution,9.0,1460.4,2015-06-03 15:39:52,2015-06-03 16:48:31
SERVER-7417,SERVER,random_audit,0,0.0057015999999999,-5.161290525606945,0,early,resolution,10.0,1460.4,2012-10-18 21:23:53,2012-11-09 15:01:00
SERVER-36136,SERVER,random_audit,0,0.0546524,-2.850559561062178,0,middle,resolution,1.0,1460.3,2018-07-14 15:11:21,2018-08-01 15:31:56
SERVER-6613,SERVER,random_audit,0,0.0032645999999999,-5.721348094811705,0,middle,resolution,2.0,1460.3,2012-07-26 21:45:48,2015-12-08 23:14:52
SERVER-18854,SERVER,random_audit,1,0.9365626,2.692162771404233,1,middle,resolution,3.0,1460.3,2015-06-06 12:28:14,2017-07-24 17:28:46
SERVER-8430,SERVER,random_audit,0,0.0041866,-5.471670941956635,0,middle,resolution,4.0,1460.3,2013-01-31 22:51:23,2018-07-16 12:28:35
SERVER-34889,SERVER,random_audit,0,0.0249836,-3.66423468176315,0,middle,resolution,5.0,1460.3,2018-05-08 15:14:31,2018-05-09 20:59:57
SERVER-28287,SERVER,random_audit,0,0.126622,-1.9311621815330988,0,middle,resolution,6.0,1460.3,2017-03-13 14:35:52,2017-03-14 14:00:20
SERVER-23010,SERVER,random_audit,0,0.0054372,-5.20903902113157,0,middle,resolution,7.0,1460.3,2016-03-08 20:53:50,2016-03-27 20:22:46
SERVER-35435,SERVER,random_audit,0,0.0121128,-4.401305776477462,0,middle,resolution,8.0,1460.3,2018-06-06 01:03:07,2018-06-12 18:18:37
SERVER-30821,SERVER,random_audit,1,0.9483818,2.9108828403148768,1,middle,resolution,9.0,1460.3,2017-08-24 22:03:20,2017-08-31 14:50:33
SERVER-24684,SERVER,random_audit,0,0.1534498,-1.7077960251184863,0,middle,resolution,10.0,1460.3,2016-06-21 10:07:03,2016-06-21 11:40:52
SERVER-30027,SERVER,random_audit,0,0.004833,-5.327443169408204,0,late,resolution,1.0,1460.3,2017-07-06 19:48:07,2020-05-11 16:44:30
SERVER-9459,SERVER,random_audit,0,0.6476794,0.6088542643050229,1,late,resolution,2.0,1460.3,2013-04-25 12:52:13,2018-10-01 16:50:28
SERVER-39199,SERVER,random_audit,0,0.0045234,-5.39395769398842,0,late,resolution,3.0,1460.3,2019-01-25 16:46:36,2019-02-04 16:28:52
SERVER-38812,SERVER,random_audit,0,0.2883699999999999,-0.9033137356103457,0,late,resolution,4.0,1460.3,2019-01-02 22:02:25,2019-01-23 23:54:14
SERVER-47471,SERVER,random_audit,0,0.0118632,-4.422379978022693,0,late,resolution,5.0,1460.3,2020-04-10 18:43:57,2020-05-15 17:50:42
SERVER-47518,SERVER,random_audit,0,0.9655158,3.3321612181905436,1,late,resolution,6.0,1460.3,2020-04-13 23:31:57,2020-05-07 15:08:24
SERVER-46291,SERVER,random_audit,0,0.0085713999999999,-4.750715853436094,0,late,resolution,7.0,1460.3,2020-02-21 00:12:37,2020-05-07 18:42:26
SERVER-44943,SERVER,random_audit,0,0.013193,-4.314788092364398,0,late,resolution,8.0,1460.3,2019-12-04 15:26:30,2019-12-11 19:20:05
SERVER-34708,SERVER,random_audit,0,0.0075219999999999,-4.882372786020688,0,late,resolution,9.0,1460.3,2018-04-26 20:39:31,2019-11-19 19:53:47
SERVER-36047,SERVER,random_audit,0,0.0453999999999999,-3.045780299524496,0,late,resolution,10.0,1460.3,2018-07-10 15:45:07,2018-09-21 18:39:34
TIMOB-9517,TIMOB,random_audit,1,0.178776,-1.5246622846992604,0,early,resolution,1.0,649.7,2012-06-13 11:23:29,2012-08-16 01:56:25
TIMOB-5923,TIMOB,random_audit,0,0.0088458,-4.718927352527442,0,early,resolution,2.0,649.7,2011-10-31 07:52:23,2011-11-14 13:40:40
TIMOB-3189,TIMOB,random_audit,0,0.0109502,-4.503386963311926,0,early,resolution,3.0,649.7,2011-04-15 03:39:04,2011-04-15 03:39:05
TIMOB-5427,TIMOB,random_audit,0,0.1089828,-2.1011736598245583,0,early,resolution,4.0,649.7,2011-10-04 13:38:57,2011-10-04 15:34:41
TIMOB-7954,TIMOB,random_audit,0,0.001994,-6.215616616777793,0,early,resolution,5.0,649.7,2012-03-09 17:59:48,2012-03-09 18:37:35
TIMOB-2241,TIMOB,random_audit,0,0.002761,-5.889397527443247,0,early,resolution,6.0,649.7,2011-04-15 03:14:34,2011-04-15 03:14:36
TIMOB-927,TIMOB,random_audit,0,0.0068641999999999,-4.9745479127055585,0,early,resolution,7.0,649.7,2011-04-15 02:39:24,2011-04-15 02:39:24
TIMOB-4733,TIMOB,random_audit,0,0.0025361999999999,-5.974548959560054,0,early,resolution,8.0,649.7,2011-07-20 16:31:17,2011-11-05 15:20:21
TIMOB-6959,TIMOB,random_audit,1,0.8576338,1.7957745906002485,1,early,resolution,9.0,649.7,2012-01-03 10:26:18,2012-08-22 12:26:25
TIMOB-1585,TIMOB,random_audit,0,0.0021609999999999,-6.135020863127574,0,early,resolution,10.0,649.7,2011-04-15 02:56:42,2011-04-15 02:56:43
TIMOB-18594,TIMOB,random_audit,0,0.0029813999999999,-5.8123764369015625,0,middle,resolution,1.0,649.6,2015-02-19 17:09:55,2015-03-23 22:32:25
TIMOB-15333,TIMOB,random_audit,0,0.1236103999999999,-1.958676057044741,0,middle,resolution,2.0,649.6,2013-09-24 07:11:25,2013-09-24 16:00:56
TIMOB-13452,TIMOB,random_audit,0,0.0073941999999999,-4.89963769726902,0,middle,resolution,3.0,649.6,2013-04-08 18:06:14,2013-04-16 22:29:45
TIMOB-15915,TIMOB,random_audit,0,0.0051388,-5.265783640765158,0,middle,resolution,4.0,649.6,2013-12-06 23:01:33,2015-04-13 16:19:51
TIMOB-19549,TIMOB,random_audit,0,0.004331,-5.437616410801215,0,middle,resolution,5.0,649.6,2015-09-18 20:39:08,2015-09-20 09:57:56
TIMOB-11217,TIMOB,random_audit,0,0.0053478,-5.225707866931259,0,middle,resolution,6.0,649.6,2012-09-30 05:53:36,2012-10-16 02:38:13
TIMOB-18651,TIMOB,random_audit,0,0.030097,-3.472770567483514,0,middle,resolution,7.0,649.6,2015-03-05 21:29:51,2015-03-06 22:02:02
TIMOB-16724,TIMOB,random_audit,0,0.013575,-4.285857430396717,0,middle,resolution,8.0,649.6,2014-03-26 22:58:19,2014-05-01 19:34:01
TIMOB-13863,TIMOB,random_audit,0,0.0032274,-5.732845800168796,0,middle,resolution,9.0,649.6,2013-05-15 10:24:27,2013-09-03 18:18:04
TIMOB-16350,TIMOB,random_audit,0,0.3692605999999999,-0.535390154151906,0,middle,resolution,10.0,649.6,2014-01-31 01:03:24,2014-02-07 01:24:13
TIMOB-8278,TIMOB,random_audit,0,0.0019077999999999,-6.259894911084875,0,late,resolution,1.0,649.7,2012-03-24 12:44:02,2017-05-02 22:18:32
TIMOB-27611,TIMOB,random_audit,0,0.0028276,-5.86549537845472,0,late,resolution,2.0,649.7,2019-11-18 19:25:57,2020-01-07 18:03:15
TIMOB-23477,TIMOB,random_audit,0,0.003091,-5.776164828824686,0,late,resolution,3.0,649.7,2016-06-03 19:52:25,2017-01-19 14:17:12
TIMOB-25951,TIMOB,random_audit,0,0.0073381999999999,-4.9072964410000255,0,late,resolution,4.0,649.7,2018-04-10 09:25:14,2018-08-29 18:16:11
TIMOB-26578,TIMOB,random_audit,0,0.0037691999999999,-5.577116180297258,0,late,resolution,5.0,649.7,2018-11-16 19:37:37,2018-12-11 15:08:58
TIMOB-12996,TIMOB,random_audit,0,0.0019161999999999,-6.255493182487642,0,late,resolution,6.0,649.7,2013-03-07 23:07:28,2017-08-22 23:49:21
TIMOB-4245,TIMOB,random_audit,0,0.0023874,-6.035160116920014,0,late,resolution,7.0,649.7,2011-05-27 06:34:20,2020-01-09 19:03:31
TIMOB-1812,TIMOB,random_audit,0,0.0016828,-6.385611988749521,0,late,resolution,8.0,649.7,2011-04-15 03:03:01,2017-06-02 23:41:27
TIMOB-11596,TIMOB,random_audit,0,0.0023553999999999,-6.048686536238731,0,late,resolution,9.0,649.7,2012-10-29 17:10:41,2017-06-26 18:43:28
TIMOB-20513,TIMOB,random_audit,0,0.00214,-6.144807156876343,0,late,resolution,10.0,649.7,2016-03-04 06:56:32,2016-11-10 21:55:30
