issue_key,prob_design
DM-27271,0.133415
DM-27270,0.008847
DM-27269,0.34043
DM-27268,0.46636
DM-27267,0.021125
DM-27266,0.730674
DM-27265,0.00986
DM-27264,0.842863
DM-27263,0.194062
DM-27262,0.033086
DM-27261,0.461017
DM-27260,0.908293
DM-27258,0.811676
DM-27257,0.139866
DM-27256,0.954984
DM-27255,0.970688
DM-27254,0.550124
DM-27253,0.970688
DM-27252,0.979036
DM-27251,0.913368
DM-27250,0.105579
DM-27249,0.041462
DM-27248,0.274351
DM-27247,0.588771
DM-27246,0.009413
DM-27245,0.72526
DM-27244,0.014957
DM-27243,0.011961
DM-27242,0.887205
DM-27241,0.982288
DM-27240,0.01017
DM-27239,0.693369
DM-27238,0.446495
DM-27237,0.403332
DM-27236,0.096365
DM-27235,0.509764
DM-27234,0.050705
DM-27233,0.027169
DM-27232,0.820469
DM-27231,0.961244
DM-27230,0.828939
DM-27229,0.031144
DM-27228,0.598606
DM-27227,0.037327
DM-27226,0.408277
DM-27225,0.058561
DM-27224,0.966156
DM-27223,0.900879
DM-27222,0.090414
DM-27221,0.961822
DM-27220,0.700895
DM-27219,0.838151
DM-27218,0.981875
DM-27217,0.475118
DM-27216,0.592667
DM-27215,0.662715
DM-27214,0.010653
DM-27213,0.804406
DM-27212,0.635336
DM-27211,0.004134
DM-27210,0.52975
DM-27209,0.031619
DM-27208,0.198685
DM-27207,0.138928
DM-27206,0.553988
DM-27205,0.08152
DM-27204,0.386879
DM-27203,0.142709
DM-27202,0.259826
DM-27201,0.832237
DM-27200,0.583085
DM-27199,0.357091
DM-27198,0.70477
DM-27197,0.021287
DM-27196,0.034881
DM-27195,0.866133
DM-27194,0.011245
DM-27193,0.0341
DM-27192,0.007346
DM-27191,0.289171
DM-27190,0.95222
DM-27189,0.921922
DM-27188,0.83602
DM-27187,0.070049
DM-27186,0.018978
DM-27185,0.006798
DM-27184,0.013742
DM-27183,0.847968
DM-27182,0.265499
DM-27181,0.215021
DM-27180,0.007877
DM-27179,0.910863
DM-27178,0.882022
DM-27177,0.068787
DM-27176,0.021948
DM-27175,0.028008
DM-27174,0.758868
DM-27173,0.200871
DM-27172,0.313315
DM-27171,0.549641
DM-27170,0.275958
DM-27169,0.347537
DM-27168,0.944587
DM-27167,0.929951
DM-27166,0.230573
DM-27165,0.009413
DM-27164,0.779993
DM-27163,0.00838
DM-27162,0.027169
DM-27161,0.387459
DM-27160,0.895157
DM-27159,0.009784
DM-27158,0.00934
DM-27157,0.007577
DM-27156,0.053999
DM-27155,0.16238
DM-27154,0.940353
DM-27153,0.933431
DM-27152,0.900179
DM-27151,0.494629
DM-27150,0.271831
DM-27149,0.013956
DM-27148,0.019419
DM-27147,0.960657
DM-27146,0.372962
DM-27145,0.120853
DM-27144,0.797557
DM-27143,0.456168
DM-27142,0.087876
DM-27141,0.731826
DM-27140,0.959459
DM-27139,0.082402
DM-27138,0.015664
DM-27137,0.019124
DM-27136,0.264358
DM-27135,0.019124
DM-27134,0.081813
DM-27133,0.010014
DM-27132,0.533154
DM-27131,0.019124
DM-27130,0.01142
DM-27129,0.194062
DM-27128,0.125065
DM-27127,0.030444
DM-27126,0.015189
DM-27125,0.972415
DM-27124,0.530966
DM-27123,0.755276
DM-27122,0.116764
DM-27121,0.010735
DM-27120,0.010091
DM-27119,0.012625
DM-27118,0.016785
DM-27117,0.892563
DM-27116,0.899121
DM-27115,0.16398
DM-27114,0.936285
DM-27113,0.013428
DM-27112,0.225929
DM-27111,0.904313
DM-27110,0.565779
DM-27109,0.927363
DM-27108,0.027169
DM-27107,0.965381
DM-27106,0.215351
DM-27105,0.977543
DM-27104,0.083591
DM-27103,0.007816
DM-27102,0.007696
DM-27101,0.191933
DM-27100,0.863852
DM-27099,0.020177
DM-27098,0.810479
DM-27097,0.07477
DM-27096,0.477067
DM-27095,0.708616
DM-27094,0.128088
DM-27093,0.967163
DM-27092,0.007816
DM-27091,0.975762
DM-27090,0.010902
DM-27089,0.033844
DM-27088,0.00934
DM-27087,0.886813
DM-27086,0.318485
DM-27085,0.007121
DM-27084,0.974821
DM-27083,0.097048
DM-27082,0.024238
DM-27081,0.01017
DM-27080,0.975012
DM-27079,0.933431
DM-27078,0.957596
DM-27077,0.454472
DM-27076,0.018405
DM-27075,0.216177
DM-27074,0.951142
DM-27073,0.990874
DM-27072,0.028436
DM-27071,0.030215
DM-27070,0.20834
DM-27069,0.839734
DM-27068,0.810779
DM-27067,0.09236
DM-27066,0.258139
DM-27065,0.112016
DM-27064,0.018689
DM-27063,0.149531
DM-27062,0.874935
DM-27061,0.046034
DM-27060,0.019124
DM-27059,0.063715
DM-27058,0.953966
DM-27057,0.975946
DM-27056,0.888372
DM-27055,0.988668
DM-27054,0.976669
DM-27053,0.982014
DM-27052,0.988842
DM-27051,0.959154
DM-27050,0.979354
DM-27049,0.010735
DM-27048,0.980876
DM-27047,0.069038
DM-27046,0.014282
DM-27045,0.392919
DM-27044,0.915507
DM-27043,0.635449
DM-27042,0.017986
DM-27041,0.130729
DM-27040,0.016153
DM-27039,0.794385
DM-27038,0.187133
DM-27037,0.96741
DM-27036,0.029312
DM-27035,0.979511
DM-27034,0.577019
DM-27033,0.916409
DM-27032,0.141045
DM-27031,0.768386
DM-27030,0.71403
DM-27029,0.024423
DM-27028,0.043043
DM-27027,0.733356
DM-27026,0.094343
DM-27025,0.94079
DM-27024,0.95222
DM-27023,0.921922
DM-27022,0.020646
DM-27021,0.021781
DM-27020,0.795658
DM-27019,0.14247
DM-27018,0.01653
DM-27017,0.873215
DM-27016,0.140336
DM-27015,0.747984
DM-27014,0.006388
DM-27013,0.4436
DM-27012,0.778313
DM-27011,0.353094
DM-27010,0.225758
DM-27009,0.969785
DM-27008,0.938576
DM-27007,0.080357
DM-27006,0.286369
DM-27005,0.279829
DM-27004,0.147065
DM-27003,0.93196
DM-27002,0.879974
DM-27001,0.024798
DM-27000,0.103386
DM-26999,0.173009
DM-26998,0.188922
DM-26997,0.065366
DM-26996,0.035948
DM-26995,0.041153
DM-26994,0.045353
DM-26993,0.83868
DM-26992,0.029091
DM-26991,0.292797
DM-26990,0.005385
DM-26989,0.245447
DM-26988,0.13569
DM-26987,0.030215
DM-26986,0.964855
DM-26983,0.831691
DM-26981,0.982955
DM-26980,0.808974
DM-26979,0.971347
DM-26978,0.210929
DM-26977,0.876634
DM-26976,0.008577
DM-26975,0.418222
DM-26974,0.015906
DM-26973,0.658692
DM-26972,0.780328
DM-26971,0.068537
DM-26970,0.005911
DM-26969,0.013121
DM-26968,0.970465
DM-26967,0.962953
DM-26966,0.92523
DM-26965,0.144631
DM-26964,0.939471
DM-26963,0.792143
DM-26962,0.903975
DM-26961,0.982288
DM-26960,0.110088
DM-26959,0.059647
DM-26958,0.009413
DM-26957,0.778649
DM-26956,0.0341
DM-26955,0.957278
DM-26954,0.887595
DM-26953,0.032101
DM-26952,0.951863
DM-26951,0.063019
DM-26950,0.060529
DM-26949,0.048137
DM-26948,0.956957
DM-26947,0.456168
DM-26946,0.009268
DM-26945,0.551091
DM-26944,0.743913
DM-26943,0.774242
DM-26942,0.048496
DM-26941,0.116362
DM-26940,0.086942
DM-26939,0.055413
DM-26938,0.019124
DM-26937,0.092033
DM-26936,0.873647
DM-26935,0.515132
DM-26934,0.065128
DM-26933,0.855369
DM-26932,0.215186
DM-26931,0.069795
DM-26930,0.116764
DM-26929,0.165593
DM-26928,0.901227
DM-26927,0.104477
DM-26926,0.038466
DM-26925,0.043366
DM-26924,0.740174
DM-26923,0.802556
DM-26922,0.664812
DM-26921,0.28607
DM-26920,0.666741
DM-26919,0.018833
DM-26918,0.020023
DM-26917,0.018978
DM-26916,0.01653
DM-26915,0.019124
DM-26914,0.017045
DM-26913,0.042722
DM-26912,0.4206
DM-26911,0.935817
DM-26910,0.961822
DM-26909,0.955981
DM-26908,0.157914
DM-26907,0.019124
DM-26906,0.028653
DM-26905,0.028008
DM-26904,0.935817
DM-26903,0.935817
DM-26902,0.798815
DM-26901,0.943348
DM-26900,0.919063
DM-26899,0.927888
DM-26898,0.140572
DM-26897,0.012821
DM-26896,0.015189
DM-26895,0.871912
DM-26894,0.03359
DM-26893,0.039639
DM-26892,0.017177
DM-26891,0.054399
DM-26890,0.011072
DM-26889,0.015785
DM-26888,0.043043
DM-26887,0.098773
DM-26886,0.038178
DM-26885,0.309441
DM-26884,0.022286
DM-26883,0.049959
DM-26882,0.020489
DM-26881,0.020177
DM-26880,0.021451
DM-26879,0.060529
DM-26878,0.092688
DM-26877,0.026156
DM-26876,0.909907
DM-26875,0.044681
DM-26874,0.040541
DM-26873,0.009126
DM-26872,0.025179
DM-26871,0.017442
DM-26870,0.007461
DM-26869,0.009413
DM-26868,0.013428
DM-26867,0.038756
DM-26866,0.602588
DM-26865,0.896614
DM-26864,0.882428
DM-26863,0.195287
DM-26862,0.035679
DM-26861,0.435661
DM-26860,0.969324
DM-26859,0.839208
DM-26858,0.608478
DM-26857,0.949669
DM-26856,0.293708
DM-26854,0.948537
DM-26853,0.00582
DM-26852,0.110471
DM-26851,0.019719
DM-26850,0.022286
DM-26849,0.042088
DM-26848,0.051083
DM-26847,0.040238
DM-26846,0.877477
DM-26845,0.014842
DM-26844,0.94699
DM-26843,0.862468
DM-26842,0.075312
DM-26841,0.894789
DM-26840,0.643567
DM-26839,0.602296
DM-26838,0.270191
DM-26837,0.196518
DM-26836,0.060975
DM-26835,0.948155
DM-26834,0.693058
DM-26833,0.494629
DM-26832,0.022117
DM-26831,0.017177
DM-26830,0.921922
DM-26829,0.020964
DM-26828,0.898053
DM-26827,0.222362
DM-26826,0.026156
DM-26825,0.693888
DM-26824,0.978219
DM-26823,0.102664
DM-26822,0.125065
DM-26821,0.279042
DM-26820,0.014172
DM-26819,0.840783
DM-26818,0.01017
DM-26817,0.988313
DM-26816,0.953622
DM-26815,0.134776
DM-26814,0.871037
DM-26813,0.926304
DM-26812,0.952926
DM-26811,0.121269
DM-26810,0.74055
DM-26809,0.962391
DM-26808,0.175538
DM-26807,0.219672
DM-26806,0.97024
DM-26805,0.69946
DM-26804,0.878314
DM-26803,0.960063
DM-26802,0.972415
DM-26801,0.961822
DM-26800,0.970013
DM-26799,0.607838
DM-26798,0.827271
DM-26797,0.393036
DM-26796,0.754192
DM-26795,0.935817
DM-26794,0.876634
DM-26793,0.084493
DM-26792,0.44071
DM-26791,0.456894
DM-26790,0.942929
DM-26789,0.884439
DM-26788,0.924142
DM-26787,0.972831
DM-26786,0.954308
DM-26785,0.96378
DM-26784,0.222362
DM-26783,0.007577
DM-26782,0.305905
DM-26781,0.027169
DM-26780,0.930962
DM-26779,0.260766
DM-26778,0.019719
DM-26777,0.879974
DM-26776,0.016657
DM-26775,0.826432
DM-26774,0.012625
DM-26773,0.021451
DM-26772,0.054199
DM-26771,0.814053
DM-26770,0.034359
DM-26769,0.015189
DM-26768,0.390476
DM-26767,0.949295
DM-26766,0.328503
DM-26765,0.926304
DM-26764,0.95222
DM-26763,0.921922
DM-26762,0.070049
DM-26761,0.259169
DM-26760,0.46636
DM-26759,0.008446
DM-26758,0.802556
DM-26757,0.058346
DM-26756,0.714528
DM-26755,0.721547
DM-26754,0.972831
DM-26753,0.916708
DM-26752,0.939471
DM-26751,0.956309
DM-26750,0.136608
DM-26749,0.235108
DM-26746,0.943764
DM-26745,0.008062
DM-26744,0.906983
DM-26743,0.313682
DM-26742,0.585931
DM-26741,0.525369
DM-26740,0.022117
DM-26739,0.873647
DM-26738,0.97024
DM-26737,0.02461
DM-26736,0.928926
DM-26735,0.075858
DM-26734,0.665709
DM-26733,0.736021
DM-26732,0.566019
DM-26731,0.436382
DM-26730,0.322953
DM-26729,0.007938
DM-26728,0.013325
DM-26727,0.009936
DM-26726,0.713831
DM-26725,0.051463
DM-26724,0.847968
DM-26723,0.005555
DM-26722,0.005555
DM-26721,0.174973
DM-26720,0.064418
DM-26719,0.13569
DM-26718,0.005911
DM-26717,0.120853
DM-26716,0.172172
DM-26715,0.807461
DM-26714,0.061876
DM-26713,0.726037
DM-26712,0.555194
DM-26711,0.010987
DM-26710,0.624995
DM-26709,0.905657
DM-26708,0.013742
DM-26707,0.767341
DM-26706,0.705379
DM-26705,0.827828
DM-26704,0.207536
DM-26703,0.052619
DM-26702,0.30993
DM-26701,0.171894
DM-26700,0.010091
DM-26699,0.004538
DM-26698,0.572245
DM-26697,0.046725
DM-26696,0.010014
DM-26695,0.198375
DM-26694,0.97024
DM-26693,0.393851
DM-26692,0.97024
DM-26691,0.973443
DM-26690,0.979668
DM-26689,0.960657
DM-26688,0.957912
DM-26687,0.036769
DM-26686,0.932453
DM-26685,0.973241
DM-26684,0.968141
DM-26683,0.77081
DM-26682,0.453746
DM-26681,0.703753
DM-26680,0.368178
DM-26679,0.015189
DM-26678,0.941223
DM-26677,0.011158
DM-26676,0.014729
DM-26675,0.055209
DM-26674,0.054803
DM-26673,0.025957
DM-26672,0.039639
DM-26671,0.156105
DM-26670,0.401453
DM-26669,0.054399
DM-26668,0.008446
DM-26667,0.697403
DM-26666,0.980581
DM-26665,0.113187
DM-26664,0.823328
DM-26663,0.677901
DM-26662,0.013849
DM-26661,0.977371
DM-26660,0.008316
DM-26658,0.990292
DM-26657,0.13707
DM-26656,0.312763
DM-26655,0.129843
DM-26654,0.007233
DM-26653,0.802556
DM-26652,0.861072
DM-26651,0.056444
DM-26650,0.010408
DM-26649,0.456168
DM-26648,0.429908
DM-26647,0.020489
DM-26646,0.392104
DM-26645,0.010987
DM-26644,0.025565
DM-26643,0.044019
DM-26642,0.02976
DM-26641,0.008779
DM-26640,0.418935
DM-26639,0.643693
DM-26638,0.980129
DM-26637,0.015189
DM-26636,0.950041
DM-26635,0.018125
DM-26634,0.131619
DM-26633,0.093017
DM-26632,0.283682
DM-26631,0.032837
DM-26630,0.016785
DM-26629,0.231614
DM-26628,0.969556
DM-26627,0.052231
DM-26626,0.066569
DM-26625,0.113187
DM-26624,0.251464
DM-26623,0.031859
DM-26622,0.939025
DM-26621,0.668508
DM-26620,0.018125
DM-26619,0.11358
DM-26618,0.95222
DM-26617,0.921922
DM-26616,0.007121
DM-26615,0.753467
DM-26614,0.927888
DM-26613,0.839734
DM-26612,0.096025
DM-26611,0.106691
DM-26610,0.093347
DM-26609,0.015906
DM-26608,0.871475
DM-26607,0.376165
DM-26606,0.685844
DM-26605,0.112405
DM-26604,0.022457
DM-26603,0.197754
DM-26602,0.943764
DM-26601,0.860604
DM-26600,0.570092
DM-26599,0.284675
DM-26598,0.064418
DM-26597,0.285571
DM-26596,0.387922
DM-26595,0.005469
DM-26594,0.038756
DM-26593,0.964855
DM-26592,0.415136
DM-26591,0.178669
DM-26590,0.070049
DM-26589,0.007346
DM-26588,0.013956
DM-26587,0.009055
DM-26586,0.007877
DM-26585,0.641699
DM-26584,0.008577
DM-26583,0.854885
DM-26582,0.043691
DM-26581,0.130729
DM-26580,0.015306
DM-26579,0.061199
DM-26578,0.065845
DM-26577,0.136839
DM-26576,0.877056
DM-26575,0.037892
DM-26574,0.0341
DM-26573,0.975202
DM-26572,0.152284
DM-26571,0.038178
DM-26570,0.961244
DM-26569,0.432782
DM-26568,0.018125
DM-26567,0.011778
DM-26566,0.075585
DM-26565,0.918772
DM-26564,0.96641
DM-26563,0.021125
DM-26562,0.044681
DM-26561,0.90261
DM-26557,0.103386
DM-26556,0.586996
DM-26555,0.024988
DM-26554,0.008644
DM-26553,0.285272
DM-26552,0.131173
DM-26551,0.011245
DM-26550,0.651964
DM-26549,0.065366
DM-26548,0.895523
DM-26547,0.80502
DM-26546,0.016785
DM-26545,0.0538
DM-26544,0.316264
DM-26543,0.117167
DM-26542,0.043043
DM-26541,0.33674
DM-26540,0.859664
DM-26539,0.017045
DM-26538,0.980129
DM-26537,0.901575
DM-26536,0.83762
DM-26535,0.182134
DM-26534,0.473657
DM-26533,0.682428
DM-26532,0.768386
DM-26531,0.203391
DM-26530,0.927888
DM-26529,0.508788
DM-26528,0.286269
DM-26527,0.932453
DM-26526,0.008125
DM-26525,0.01142
DM-26524,0.91181
DM-26523,0.018689
DM-26522,0.007577
DM-26521,0.117978
DM-26520,0.956634
DM-26519,0.042404
DM-26518,0.063715
DM-26517,0.957278
DM-26516,0.027585
DM-26515,0.304352
DM-26514,0.867934
DM-26513,0.213705
DM-26512,0.899475
DM-26511,0.968381
DM-26510,0.969091
DM-26509,0.860604
DM-26508,0.803174
DM-26507,0.782663
DM-26506,0.871475
DM-26505,0.88642
DM-26504,0.91118
DM-26503,0.970688
DM-26502,0.669313
DM-26501,0.923039
DM-26500,0.966156
DM-26499,0.017045
DM-26498,0.762424
DM-26497,0.901227
DM-26496,0.954984
DM-26495,0.685107
DM-26494,0.947381
DM-26493,0.045353
DM-26492,0.100525
DM-26491,0.466846
DM-26490,0.020332
DM-26489,0.031619
DM-26488,0.830044
DM-26487,0.016029
DM-26486,0.020023
DM-26485,0.946597
DM-26484,0.022977
DM-26483,0.011687
DM-26482,0.023871
DM-26481,0.022457
DM-26480,0.015189
DM-26479,0.006693
DM-26478,0.901227
DM-26477,0.977023
DM-26476,0.087252
DM-26475,0.541651
DM-26474,0.403802
DM-26473,0.104477
DM-26472,0.033844
DM-26471,0.007346
DM-26470,0.680454
DM-26469,0.013637
DM-26468,0.054803
DM-26467,0.360039
DM-26466,0.785638
DM-26465,0.049589
DM-26464,0.257952
DM-26458,0.617945
DM-26457,0.926835
DM-26456,0.502441
DM-26455,0.965119
DM-26454,0.056444
DM-26453,0.006798
DM-26452,0.029312
DM-26451,0.675765
DM-26450,0.957596
DM-26449,0.792464
DM-26448,0.020964
DM-26447,0.939025
DM-26446,0.011778
DM-26445,0.005911
DM-26444,0.116764
DM-26443,0.80038
DM-26442,0.412175
DM-26441,0.033844
DM-26440,0.939913
DM-26439,0.072374
DM-26438,0.011961
DM-26437,0.35248
DM-26436,0.005642
DM-26435,0.007877
DM-26434,0.710829
DM-26433,0.357119
DM-26432,0.753829
DM-26431,0.564098
DM-26430,0.078642
DM-26429,0.412767
DM-26428,0.006904
DM-26427,0.671309
DM-26426,0.068787
DM-26425,0.858719
DM-26424,0.026759
DM-26423,0.867485
DM-26422,0.149035
DM-26421,0.953275
DM-26420,0.079782
DM-26419,0.018689
DM-26418,0.014842
DM-26417,0.018264
DM-26416,0.05921
DM-26415,0.669961
DM-26414,0.026557
DM-26413,0.055005
DM-26412,0.879974
DM-26411,0.018833
DM-26410,0.021615
DM-26409,0.979511
DM-26408,0.313236
DM-26407,0.809878
DM-26406,0.884838
DM-26405,0.602296
DM-26404,0.459561
DM-26403,0.971779
DM-26402,0.909265
DM-26401,0.038178
DM-26400,0.923592
DM-26399,0.95222
DM-26398,0.007012
DM-26397,0.92523
DM-26396,0.671471
DM-26395,0.307618
DM-26394,0.017849
DM-26393,0.889529
DM-26392,0.016277
DM-26391,0.498047
DM-26390,0.869715
DM-26389,0.065605
DM-26388,0.046725
DM-26387,0.500977
DM-26386,0.485844
DM-26385,0.150029
DM-26384,0.244363
DM-26383,0.248717
DM-26382,0.612773
DM-26381,0.201185
DM-26380,0.106691
DM-26379,0.013849
DM-26378,0.980581
DM-26377,0.712632
DM-26376,0.922482
DM-26375,0.787931
DM-26374,0.166947
DM-26373,0.042088
DM-26372,0.007938
DM-26371,0.955319
DM-26370,0.940353
DM-26369,0.672251
DM-26368,0.038756
DM-26367,0.089455
DM-26366,0.948155
DM-26365,0.96741
DM-26364,0.617985
DM-26363,0.576393
DM-26362,0.042722
DM-26361,0.015306
DM-26360,0.274935
DM-26359,0.463201
DM-26358,0.733738
DM-26357,0.980729
DM-26356,0.04778
DM-26355,0.938124
DM-26354,0.963506
DM-26353,0.305335
DM-26352,0.731059
DM-26351,0.960063
DM-26350,0.146087
DM-26349,0.786295
DM-26348,0.268174
DM-26347,0.080357
DM-26346,0.093017
DM-26345,0.861072
DM-26344,0.23634
DM-26343,0.037892
DM-26342,0.926835
DM-26341,0.948917
DM-26340,0.9659
DM-26339,0.017045
DM-26338,0.138928
DM-26337,0.889529
DM-26336,0.991812
DM-26335,0.910227
DM-26334,0.287968
DM-26333,0.944587
DM-26332,0.558327
DM-26331,0.774583
DM-26330,0.758153
DM-26329,0.014064
DM-26328,0.029535
DM-26327,0.871037
DM-26326,0.704973
DM-26325,0.446977
DM-26324,0.833325
DM-26323,0.101589
DM-26322,0.732592
DM-26321,0.076961
DM-26320,0.148047
DM-26319,0.00934
DM-26318,0.017442
DM-26317,0.600657
DM-26316,0.144631
DM-26315,0.174692
DM-26314,0.072112
DM-26313,0.895157
DM-26312,0.965641
DM-26311,0.96862
DM-26310,0.92944
DM-26309,0.014616
DM-26308,0.213705
DM-26307,0.185947
DM-26306,0.848471
DM-26305,0.758153
DM-26304,0.243822
DM-26303,0.031144
DM-26302,0.974043
DM-26301,0.922482
DM-26300,0.089137
DM-26299,0.948537
DM-26298,0.901921
DM-26297,0.924688
DM-26296,0.90764
DM-26295,0.278649
DM-26294,0.900879
DM-26293,0.972204
DM-26292,0.230746
DM-26291,0.010735
DM-26290,0.023331
DM-26289,0.828939
DM-26288,0.922482
DM-26287,0.036769
DM-26286,0.953622
DM-26285,0.027376
DM-26284,0.570092
DM-26283,0.048496
DM-26282,0.920218
DM-26281,0.598265
DM-26280,0.914901
DM-26279,0.873647
DM-26278,0.671471
DM-26277,0.010091
DM-26276,0.916708
DM-26275,0.35942
DM-26274,0.007233
DM-26273,0.049589
DM-26272,0.07056
DM-26271,0.026964
DM-26270,0.898053
DM-26269,0.391406
DM-26268,0.063482
DM-26267,0.023689
DM-26266,0.01302
DM-26265,0.011072
DM-26264,0.021451
DM-26263,0.586523
DM-26262,0.007696
DM-26261,0.262086
DM-26260,0.060308
DM-26259,0.978875
DM-26258,0.013532
DM-26257,0.100172
DM-26256,0.305387
DM-26255,0.205615
DM-26254,0.948155
DM-26253,0.828939
DM-26252,0.854399
DM-26251,0.914901
DM-26250,0.895523
DM-26249,0.233532
DM-26248,0.023871
DM-26247,0.043366
DM-26246,0.007012
DM-26245,0.91181
DM-26244,0.213377
DM-26243,0.025179
DM-26242,0.874077
DM-26241,0.742048
DM-26240,0.19962
DM-26239,0.986777
DM-26238,0.030909
DM-26237,0.01292
DM-26236,0.945399
DM-26235,0.809878
DM-26234,0.076961
DM-26233,0.155591
DM-26232,0.101589
DM-26231,0.08152
DM-26230,0.008644
DM-26229,0.034881
DM-26228,0.212722
DM-26227,0.091707
DM-26226,0.078642
DM-26225,0.486819
DM-26224,0.253676
DM-26223,0.716814
DM-26222,0.822189
DM-26221,0.943348
DM-26220,0.896614
DM-26219,0.889912
DM-26218,0.661977
DM-26217,0.039048
DM-26216,0.342792
DM-26215,0.04778
DM-26214,0.408631
DM-26213,0.078642
DM-26212,0.029987
DM-26211,0.61878
DM-26210,0.20466
DM-26209,0.417509
DM-26208,0.042404
DM-26207,0.018978
DM-26206,0.018833
DM-26205,0.008644
DM-26204,0.007877
DM-26203,0.863852
DM-26202,0.526343
DM-26201,0.304662
DM-26200,0.022457
DM-26199,0.95222
DM-26198,0.057493
DM-26197,0.494629
DM-26196,0.328799
DM-26195,0.657346
DM-26194,0.069542
DM-26193,0.927888
DM-26192,0.972831
DM-26191,0.573201
DM-26190,0.964855
DM-26189,0.393735
DM-26188,0.854885
DM-26187,0.330066
DM-26186,0.981311
DM-26185,0.784319
DM-26184,0.01302
DM-26183,0.271541
DM-26182,0.00514
DM-26181,0.797241
DM-26180,0.037327
DM-26179,0.402157
DM-26178,0.948537
DM-26177,0.978549
DM-26176,0.348285
DM-26175,0.012147
DM-26174,0.920218
DM-26173,0.899475
DM-26172,0.967899
DM-26171,0.017849
DM-26170,0.762778
DM-26169,0.96378
DM-26168,0.173288
DM-26167,0.07921
DM-26166,0.010987
DM-26165,0.007461
DM-26164,0.94079
DM-26163,0.22919
DM-26162,0.221519
DM-26161,0.351868
DM-26160,0.013428
DM-26159,0.047074
DM-26158,0.408749
DM-26157,0.098425
DM-26156,0.451327
DM-26155,0.028653
DM-26154,0.626696
DM-26153,0.967899
DM-26152,0.08152
DM-26151,0.748168
DM-26150,0.015664
DM-26149,0.173568
DM-26148,0.060529
DM-26147,0.450359
DM-26146,0.203075
DM-26145,0.038756
DM-26144,0.105579
DM-26143,0.772874
DM-26142,0.099121
DM-26141,0.830594
DM-26140,0.97024
DM-26139,0.138928
DM-26138,0.427516
DM-26137,0.772187
DM-26136,0.252384
DM-26135,0.142232
DM-26134,0.61734
DM-26133,0.013742
DM-26132,0.353205
DM-26131,0.818737
DM-26130,0.007233
DM-26129,0.006693
DM-26128,0.00659
DM-26127,0.006388
DM-26126,0.011597
DM-26125,0.007461
DM-26124,0.008985
DM-26123,0.007233
DM-26122,0.007696
DM-26121,0.007233
DM-26120,0.007233
DM-26119,0.012625
DM-26118,0.00629
DM-26117,0.018405
DM-26116,0.883236
DM-26115,0.055413
DM-26114,0.585101
DM-26113,0.028871
DM-26112,0.459319
DM-26111,0.188623
DM-26110,0.0538
DM-26109,0.007233
DM-26108,0.960952
DM-26107,0.053403
DM-26106,0.896251
DM-26105,0.0341
DM-26104,0.037892
DM-26103,0.907967
DM-26102,0.154567
DM-26101,0.96862
DM-26100,0.94699
DM-26099,0.945399
DM-26098,0.024238
DM-26097,0.500977
DM-26096,0.797241
DM-26095,0.049589
DM-26094,0.045016
DM-26093,0.318856
DM-26092,0.802246
DM-26091,0.059647
DM-26090,0.005385
DM-26089,0.0341
DM-26088,0.271831
DM-26087,0.082107
DM-26086,0.022286
DM-26085,0.010489
DM-26084,0.202443
DM-26083,0.530723
DM-26082,0.676994
DM-26081,0.915507
DM-26080,0.02461
DM-26079,0.862004
DM-26078,0.595963
DM-26077,0.014616
DM-26076,0.928926
DM-26075,0.941223
DM-26074,0.189521
DM-26073,0.284477
DM-26072,0.974239
DM-26071,0.011778
DM-26070,0.256739
DM-26069,0.981453
DM-26068,0.175256
DM-26067,0.007121
DM-26066,0.038466
DM-26065,0.308711
DM-26064,0.026156
DM-26063,0.60871
DM-26062,0.121686
DM-26061,0.028436
DM-26060,0.841305
DM-26059,0.156878
DM-26058,0.527317
DM-26057,0.099821
DM-26056,0.049589
DM-26055,0.134776
DM-26054,0.118385
DM-26053,0.621024
DM-26052,0.165054
DM-26051,0.375134
DM-26050,0.630799
DM-26049,0.017577
DM-26048,0.809878
DM-26047,0.010014
DM-26046,0.09947
DM-26045,0.042404
DM-26044,0.026759
DM-26043,0.637228
DM-26042,0.76207
DM-26041,0.01017
DM-26040,0.15662
DM-26039,0.026964
DM-26038,0.014616
DM-26037,0.272121
DM-26036,0.043043
DM-26035,0.650634
DM-26034,0.018547
DM-26033,0.062331
DM-26032,0.012147
DM-26031,0.008188
DM-26030,0.916708
DM-26029,0.009197
DM-26028,0.920218
DM-26027,0.077239
DM-26025,0.188623
DM-26024,0.859664
DM-26022,0.208501
DM-26021,0.007696
DM-26020,0.084493
DM-26019,0.030676
DM-26018,0.119203
DM-26017,0.094343
DM-26016,0.112405
DM-26015,0.009055
DM-26014,0.582254
DM-26013,0.075585
DM-26012,0.487307
DM-26011,0.028871
DM-26010,0.882428
DM-26009,0.802556
DM-26008,0.84338
DM-26007,0.011332
DM-26006,0.015425
DM-26005,0.436862
DM-26004,0.971779
DM-26003,0.896976
DM-26002,0.214034
DM-26001,0.012821
DM-26000,0.021948
DM-25999,0.035145
DM-25998,0.092033
DM-25997,0.215186
DM-25996,0.011245
DM-25995,0.030909
DM-25994,0.078926
DM-25993,0.024238
DM-25992,0.650467
DM-25991,0.085099
DM-25990,0.191933
DM-25989,0.010489
DM-25988,0.009784
DM-25987,0.021615
DM-25986,0.016403
DM-25985,0.960952
DM-25984,0.008062
DM-25983,0.095349
DM-25982,0.551332
DM-25981,0.955981
DM-25980,0.020023
DM-25979,0.012528
DM-25978,0.39712
DM-25977,0.83762
DM-25976,0.5
DM-25975,0.29381
DM-25974,0.400984
DM-25973,0.0745
DM-25972,0.116764
DM-25971,0.957596
DM-25970,0.00838
DM-25969,0.130285
DM-25968,0.043691
DM-25967,0.060752
DM-25966,0.097734
DM-25965,0.971779
DM-25964,0.979977
DM-25963,0.948917
DM-25962,0.296349
DM-25961,0.154312
DM-25960,0.065845
DM-25959,0.047426
DM-25958,0.312634
DM-25957,0.808672
DM-25956,0.916708
DM-25955,0.675229
DM-25954,0.149035
DM-25953,0.959459
DM-25952,0.957596
DM-25951,0.956957
DM-25950,0.356951
DM-25949,0.517815
DM-25948,0.961822
DM-25947,0.160003
DM-25946,0.793746
DM-25945,0.00986
DM-25944,0.91848
DM-25943,0.664431
DM-25942,0.907967
DM-25941,0.906653
DM-25940,0.88642
DM-25939,0.058561
DM-25938,0.075585
DM-25937,0.933431
DM-25936,0.012432
DM-25935,0.665791
DM-25934,0.007233
DM-25933,0.280321
DM-25932,0.703753
DM-25931,0.117978
DM-25930,0.018833
DM-25929,0.952926
DM-25928,0.00629
DM-25927,0.020332
DM-25926,0.981167
DM-25925,0.725843
DM-25924,0.973844
DM-25923,0.652311
DM-25922,0.014729
DM-25921,0.710025
DM-25920,0.95222
DM-25919,0.923592
DM-25918,0.511717
DM-25917,0.020023
DM-25916,0.289071
DM-25915,0.022629
DM-25914,0.012528
DM-25913,0.960952
DM-25912,0.458591
DM-25911,0.452294
DM-25910,0.064418
DM-25909,0.020964
DM-25908,0.882833
DM-25907,0.31563
DM-25906,0.771499
DM-25905,0.924688
DM-25904,0.03359
DM-25903,0.011072
DM-25902,0.008062
DM-25901,0.97631
DM-25900,0.486332
DM-25899,0.899475
DM-25898,0.264928
DM-25897,0.157396
DM-25896,0.641928
DM-25895,0.072637
DM-25894,0.052231
DM-25893,0.836555
DM-25892,0.968381
DM-25891,0.919643
DM-25890,0.822189
DM-25889,0.126785
DM-25888,0.829492
DM-25887,0.017045
DM-25886,0.81257
DM-25885,0.010091
DM-25884,0.688259
DM-25883,0.328314
DM-25882,0.007816
DM-25881,0.113187
DM-25880,0.106319
DM-25879,0.25842
DM-25878,0.455683
DM-25877,0.948537
DM-25872,0.714429
DM-25871,0.033086
DM-25870,0.806853
DM-25869,0.049959
DM-25868,0.016657
DM-25867,0.739986
DM-25866,0.983597
DM-25865,0.974239
DM-25864,0.973844
DM-25863,0.013223
DM-25862,0.962673
DM-25861,0.97631
DM-25860,0.854885
DM-25859,0.021781
DM-25858,0.449876
DM-25857,0.173288
DM-25856,0.588298
DM-25855,0.016657
DM-25854,0.027796
DM-25853,0.827828
DM-25852,0.104477
DM-25851,0.743541
DM-25850,0.613121
DM-25849,0.121686
DM-25848,0.793746
DM-25847,0.872347
DM-25846,0.911495
DM-25845,0.03259
DM-25844,0.957596
DM-25843,0.159741
DM-25842,0.96741
DM-25841,0.960063
DM-25840,0.192539
DM-25839,0.747247
DM-25838,0.190423
DM-25837,0.150528
DM-25836,0.035145
DM-25835,0.63799
DM-25834,0.071851
DM-25833,0.081813
DM-25832,0.073165
DM-25831,0.112795
DM-25830,0.789558
DM-25829,0.411939
DM-25828,0.30689
DM-25827,0.845942
DM-25826,0.861538
DM-25825,0.015664
DM-25824,0.563618
DM-25823,0.089137
DM-25822,0.349047
DM-25821,0.029091
DM-25820,0.112405
DM-25819,0.614394
DM-25818,0.524395
DM-25817,0.908942
DM-25816,0.130285
DM-25815,0.062331
DM-25814,0.474875
DM-25813,0.809878
DM-25812,0.015425
DM-25811,0.199308
DM-25810,0.022457
DM-25809,0.005555
DM-25808,0.012147
DM-25807,0.017986
DM-25806,0.943348
DM-25805,0.599485
DM-25804,0.931463
DM-25803,0.071851
DM-25802,0.095349
DM-25801,0.177811
DM-25800,0.394318
DM-25799,0.060752
DM-25798,0.908618
DM-25797,0.06489
DM-25796,0.152032
DM-25795,0.016915
DM-25794,0.685529
DM-25793,0.139396
DM-25792,0.026759
DM-25791,0.279927
DM-25790,0.776623
DM-25789,0.023689
DM-25788,0.007816
DM-25787,0.832781
DM-25786,0.011961
DM-25785,0.787931
DM-25784,0.060529
DM-25783,0.056444
DM-25782,0.643721
DM-25781,0.126353
DM-25780,0.050331
DM-25779,0.122523
DM-25778,0.891811
DM-25777,0.176104
DM-25776,0.959154
DM-25775,0.043691
DM-25774,0.986979
DM-25773,0.049589
DM-25772,0.193147
DM-25771,0.937669
DM-25770,0.073696
DM-25769,0.161056
DM-25768,0.028653
DM-25767,0.299297
DM-25766,0.092033
DM-25765,0.924688
DM-25764,0.180974
DM-25763,0.003824
DM-25762,0.077239
DM-25761,0.143188
DM-25760,0.123366
DM-25759,0.13569
DM-25758,0.636918
DM-25757,0.138462
DM-25756,0.117167
DM-25755,0.96641
DM-25754,0.008125
DM-25753,0.959459
DM-25752,0.536313
DM-25751,0.788909
DM-25750,0.026355
DM-25749,0.009784
DM-25748,0.844922
DM-25747,0.025371
DM-25746,0.020332
DM-25745,0.420362
DM-25744,0.057071
DM-25743,0.681621
DM-25742,0.983343
DM-25741,0.888372
DM-25740,0.086016
DM-25739,0.860604
DM-25738,0.409929
DM-25737,0.076132
DM-25736,0.006488
DM-25735,0.009486
DM-25734,0.018689
DM-25733,0.942082
DM-25732,0.382257
DM-25731,0.063715
DM-25730,0.219337
DM-25729,0.834946
DM-25728,0.829492
DM-25727,0.930458
DM-25726,0.754192
DM-25725,0.056029
DM-25724,0.17245
DM-25723,0.102305
DM-25722,0.822189
DM-25721,0.482429
DM-25720,0.025957
DM-25719,0.139866
DM-25718,0.671255
DM-25717,0.975946
DM-25716,0.906653
DM-25715,0.906653
DM-25714,0.058777
DM-25713,0.099121
DM-25712,0.278453
DM-25711,0.042404
DM-25710,0.921358
DM-25709,0.5564
DM-25708,0.023153
DM-25707,0.010408
DM-25706,0.822759
DM-25705,0.041462
DM-25704,0.955981
DM-25703,0.951863
DM-25702,0.060529
DM-25701,0.043043
DM-25700,0.021125
DM-25699,0.340735
DM-25698,0.023871
DM-25697,0.057918
DM-25696,0.218669
DM-25695,0.271928
DM-25694,0.188026
DM-25693,0.707203
DM-25692,0.708011
DM-25691,0.931463
DM-25690,0.085709
DM-25689,0.008446
DM-25688,0.456168
DM-25687,0.028221
DM-25686,0.742422
DM-25685,0.010249
DM-25684,0.009126
DM-25683,0.921358
DM-25681,0.044681
DM-25680,0.063482
DM-25679,0.065366
DM-25678,0.022286
DM-25677,0.035948
DM-25676,0.967163
DM-25675,0.546254
DM-25674,0.982557
DM-25673,0.855369
DM-25672,0.422862
DM-25671,0.624694
DM-25670,0.914901
DM-25669,0.661759
DM-25668,0.932453
DM-25667,0.688573
DM-25666,0.01302
DM-25665,0.596962
DM-25664,0.889529
DM-25663,0.676406
DM-25662,0.215186
DM-25661,0.485844
DM-25660,0.311217
DM-25659,0.557604
DM-25658,0.013121
DM-25657,0.499023
DM-25656,0.042404
DM-25655,0.950778
DM-25654,0.708616
DM-25653,0.839208
DM-25651,0.16132
DM-25650,0.042088
DM-25649,0.985936
DM-25648,0.439747
DM-25647,0.02976
DM-25646,0.924688
DM-25645,0.078642
DM-25644,0.554712
DM-25643,0.046725
DM-25642,0.970013
DM-25641,0.905657
DM-25640,0.822759
DM-25639,0.884439
DM-25638,0.672224
DM-25637,0.948917
DM-25636,0.978713
DM-25635,0.921358
DM-25634,0.809878
DM-25633,0.03622
DM-25632,0.057071
DM-25631,0.033337
DM-25630,0.805326
DM-25629,0.498535
DM-25628,0.066569
DM-25627,0.39222
DM-25626,0.020332
DM-25625,0.359926
DM-25624,0.474388
DM-25623,0.763484
DM-25622,0.573678
DM-25621,0.802556
DM-25620,0.194674
DM-25619,0.974239
DM-25618,0.050705
DM-25617,0.045016
DM-25616,0.450359
DM-25615,0.092033
DM-25614,0.315815
DM-25613,0.850965
DM-25612,0.596668
DM-25611,0.162646
DM-25610,0.073696
DM-25609,0.091707
DM-25608,0.800068
DM-25607,0.007121
DM-25606,0.021125
DM-25605,0.040238
DM-25604,0.18418
DM-25603,0.043043
DM-25602,0.319387
DM-25601,0.804098
DM-25600,0.214362
DM-25599,0.161849
DM-25598,0.517083
DM-25597,0.817574
DM-25596,0.011869
DM-25595,0.021287
DM-25594,0.006193
DM-25593,0.223716
DM-25592,0.922482
DM-25591,0.017309
DM-25590,0.45423
DM-25589,0.21984
DM-25588,0.941223
DM-25587,0.022117
DM-25586,0.024988
DM-25585,0.020177
DM-25584,0.03138
DM-25583,0.186539
DM-25582,0.028436
DM-25581,0.041462
DM-25580,0.055005
DM-25579,0.021948
DM-25578,0.037047
DM-25577,0.026156
DM-25576,0.637257
DM-25575,0.98347
DM-25574,0.337859
DM-25573,0.008916
DM-25572,0.012241
DM-25571,0.962391
DM-25570,0.016657
DM-25569,0.017849
DM-25568,0.01653
DM-25567,0.017177
DM-25566,0.018125
DM-25565,0.015544
DM-25564,0.050144
DM-25563,0.039639
DM-25562,0.017177
DM-25561,0.054399
DM-25560,0.011072
DM-25559,0.015785
DM-25558,0.140572
DM-25557,0.012821
DM-25556,0.098773
DM-25555,0.015189
DM-25554,0.871912
DM-25553,0.03359
DM-25552,0.038178
DM-25551,0.309441
DM-25550,0.043043
DM-25549,0.022286
DM-25548,0.065845
DM-25547,0.849472
DM-25546,0.018125
DM-25545,0.014729
DM-25544,0.011687
DM-25543,0.942507
DM-25542,0.091058
DM-25541,0.051083
DM-25540,0.013956
DM-25539,0.948537
DM-25538,0.068537
DM-25537,0.225758
DM-25536,0.930458
DM-25535,0.261331
DM-25534,0.828384
DM-25533,0.085099
DM-25532,0.906983
DM-25531,0.338897
DM-25530,0.021451
DM-25529,0.022286
DM-25528,0.021781
DM-25527,0.100525
DM-25526,0.010735
DM-25524,0.037892
DM-25523,0.983723
DM-25522,0.257765
DM-25521,0.889912
DM-25520,0.360264
DM-25519,0.739611
DM-25518,0.265214
DM-25517,0.00629
DM-25516,0.022629
DM-25515,0.014064
DM-25514,0.982691
DM-25513,0.005555
DM-25512,0.163445
DM-25511,0.0745
DM-25510,0.809878
DM-25509,0.92079
DM-25508,0.872347
DM-25507,0.939913
DM-25506,0.06165
DM-25505,0.870597
DM-25504,0.908942
DM-25503,0.889912
DM-25502,0.891434
DM-25501,0.913677
DM-25500,0.891811
DM-25499,0.912124
DM-25498,0.840259
DM-25497,0.193757
DM-25496,0.875787
DM-25495,0.815233
DM-25494,0.422981
DM-25493,0.022629
DM-25492,0.881615
DM-25491,0.101947
DM-25490,0.138462
DM-25489,0.959459
DM-25488,0.667906
DM-25487,0.937669
DM-25486,0.645567
DM-25485,0.855851
DM-25484,0.916708
DM-25483,0.95222
DM-25482,0.026759
DM-25481,0.423696
DM-25480,0.304628
DM-25479,0.613237
DM-25478,0.082994
DM-25477,0.089455
DM-25476,0.053601
DM-25475,0.955651
DM-25474,0.060308
DM-25473,0.041462
DM-25472,0.683102
DM-25471,0.635449
DM-25470,0.797241
DM-25469,0.103024
DM-25468,0.818156
DM-25467,0.811078
DM-25466,0.075041
DM-25465,0.987946
DM-25464,0.812867
DM-25463,0.149035
DM-25462,0.019871
DM-25461,0.014172
DM-25460,0.9659
DM-25459,0.968381
DM-25458,0.106319
DM-25457,0.773901
DM-25456,0.954647
DM-25455,0.810179
DM-25454,0.02461
DM-25453,0.53437
DM-25452,0.672224
DM-25451,0.050331
DM-25450,0.892563
DM-25449,0.964321
DM-25448,0.585812
DM-25447,0.960361
DM-25446,0.982823
DM-25445,0.041774
DM-25444,0.006004
DM-25443,0.957596
DM-25442,0.968141
DM-25441,0.041774
DM-25440,0.048496
DM-25439,0.012054
DM-25438,0.167763
DM-25437,0.962953
DM-25436,0.008
DM-25435,0.960657
DM-25434,0.808067
DM-25433,0.060752
DM-25432,0.026355
DM-25431,0.105579
DM-25430,0.005642
DM-25429,0.117572
DM-25428,0.032837
DM-25427,0.753104
DM-25426,0.72331
DM-25425,0.076961
DM-25424,0.145358
DM-25423,0.008
DM-25422,0.011961
DM-25421,0.950041
DM-25420,0.282394
DM-25419,0.33835
DM-25418,0.908293
DM-25417,0.018689
DM-25416,0.021125
DM-25415,0.014616
DM-25414,0.35354
DM-25413,0.935817
DM-25412,0.158956
DM-25411,0.017309
DM-25410,0.012821
DM-25408,0.92944
DM-25407,0.00838
DM-25406,0.048137
DM-25405,0.932944
DM-25404,0.241132
DM-25403,0.924142
DM-25402,0.68458
DM-25401,0.866133
DM-25400,0.178669
DM-25399,0.944587
DM-25398,0.828939
DM-25397,0.679285
DM-25396,0.905322
DM-25395,0.945399
DM-25394,0.821617
DM-25393,0.886027
DM-25392,0.007121
DM-25391,0.978052
DM-25390,0.925769
DM-25389,0.455199
DM-25388,0.955651
DM-25387,0.928409
DM-25386,0.916708
DM-25385,0.879974
DM-25384,0.797557
DM-25383,0.910227
DM-25382,0.100172
DM-25381,0.034359
DM-25380,0.198064
DM-25379,0.016403
DM-25378,0.892937
DM-25377,0.705176
DM-25376,0.275617
DM-25375,0.917598
DM-25374,0.384103
DM-25373,0.913984
DM-25372,0.060529
DM-25371,0.328691
DM-25370,0.658527
DM-25369,0.176104
DM-25368,0.634911
DM-25367,0.591251
DM-25366,0.539469
DM-25365,0.475605
DM-25364,0.300951
DM-25363,0.292501
DM-25362,0.259356
DM-25361,0.440229
DM-25360,0.64686
DM-25359,0.623262
DM-25358,0.189221
DM-25357,0.042722
DM-25356,0.249996
DM-25355,0.969091
DM-25354,0.982955
DM-25353,0.262653
DM-25352,0.888759
DM-25351,0.006904
DM-25350,0.226099
DM-25349,0.165863
DM-25348,0.896976
DM-25347,0.009559
DM-25346,0.836555
DM-25345,0.046378
DM-25344,0.707607
DM-25343,0.854885
DM-25342,0.560974
DM-25341,0.955319
DM-25340,0.483892
DM-25339,0.462959
DM-25338,0.952574
DM-25337,0.519034
DM-25336,0.803482
DM-25335,0.024054
DM-25333,0.080647
DM-25332,0.05921
DM-25331,0.974821
DM-25330,0.040846
DM-25329,0.007938
DM-25328,0.638878
DM-25327,0.318061
DM-25326,0.234933
DM-25325,0.143188
DM-25324,0.217836
DM-25323,0.020332
DM-25322,0.934395
DM-25321,0.879974
DM-25320,0.827828
DM-25319,0.965641
DM-25318,0.006488
DM-25317,0.114369
DM-25316,0.025179
DM-25315,0.792143
DM-25314,0.011332
DM-25313,0.921358
DM-25312,0.809878
DM-25311,0.08389
DM-25310,0.029091
DM-25309,0.65484
DM-25308,0.918772
DM-25307,0.291283
DM-25306,0.0729
DM-25305,0.033844
DM-25304,0.128525
DM-25303,0.693473
DM-25302,0.191933
DM-25301,0.008779
DM-25300,0.832781
DM-25299,0.472683
DM-25298,0.072637
DM-25297,0.084493
DM-25296,0.928409
DM-25295,0.962673
DM-25294,0.856812
DM-25293,0.724091
DM-25292,0.042722
DM-25291,0.102664
DM-25290,0.132066
DM-25288,0.041153
DM-25287,0.951504
DM-25286,0.159479
DM-25285,0.937669
DM-25284,0.108945
DM-25283,0.971779
DM-25282,0.026557
DM-25281,0.054803
DM-25280,0.014172
DM-25279,0.414899
DM-25278,0.095013
DM-25277,0.871037
DM-25276,0.740174
DM-25275,0.940353
DM-25274,0.021451
DM-25273,0.886027
DM-25272,0.948537
DM-25271,0.953622
DM-25270,0.925769
DM-25269,0.970688
DM-25268,0.972831
DM-25267,0.006193
DM-25266,0.695752
DM-25265,0.962108
DM-25264,0.913368
DM-25263,0.806853
DM-25262,0.005642
DM-25261,0.977371
DM-25260,0.103749
DM-25259,0.958538
DM-25258,0.475605
DM-25257,0.271638
DM-25256,0.524882
DM-25255,0.991422
DM-25254,0.975577
DM-25253,0.016785
DM-25252,0.985271
DM-25251,0.903294
DM-25250,0.920218
DM-25249,0.016915
DM-25248,0.992767
DM-25247,0.957596
DM-25246,0.956634
DM-25245,0.033086
DM-25244,0.560012
DM-25243,0.017577
DM-25242,0.863852
DM-25241,0.913984
DM-25240,0.979354
DM-25239,0.745028
DM-25238,0.140336
DM-25237,0.949669
DM-25236,0.959459
DM-25235,0.25945
DM-25234,0.237753
DM-25233,0.791821
DM-25232,0.957596
DM-25231,0.017045
DM-25230,0.011687
DM-25229,0.351979
DM-25228,0.590779
DM-25227,0.02976
DM-25226,0.9659
DM-25225,0.00506
DM-25224,0.015664
DM-25223,0.360039
DM-25222,0.010489
DM-25221,0.126353
DM-25220,0.019871
DM-25219,0.929951
DM-25218,0.843895
DM-25217,0.035679
DM-25216,0.012723
DM-25215,0.220678
DM-25214,0.107063
DM-25213,0.521227
DM-25212,0.016403
DM-25211,0.140572
DM-25210,0.013956
DM-25209,0.004982
DM-25208,0.00934
DM-25207,0.849472
DM-25206,0.868827
DM-25205,0.202759
DM-25204,0.202759
DM-25203,0.270962
DM-25202,0.952926
DM-25201,0.936285
DM-25200,0.839734
DM-25199,0.465145
DM-25198,0.032837
DM-25197,0.871475
DM-25196,0.921358
DM-25195,0.801004
DM-25194,0.69035
DM-25193,0.977023
DM-25192,0.419767
DM-25191,0.637031
DM-25190,0.235812
DM-25189,0.010818
DM-25188,0.941654
DM-25187,0.009708
DM-25186,0.060752
DM-25185,0.968856
DM-25184,0.162912
DM-25183,0.965641
DM-25182,0.613352
DM-25181,0.030909
DM-25180,0.953622
DM-25179,0.582254
DM-25178,0.950041
DM-25177,0.011072
DM-25176,0.028221
DM-25175,0.114765
DM-25174,0.846958
DM-25173,0.439266
DM-25172,0.303938
DM-25171,0.031619
DM-25170,0.009055
DM-25169,0.962108
DM-25168,0.051463
DM-25167,0.091707
DM-25166,0.370339
DM-25165,0.010653
DM-25164,0.389895
DM-25163,0.530236
DM-25162,0.053206
DM-25161,0.945399
DM-25160,0.828939
DM-25159,0.026759
DM-25158,0.903975
DM-25157,0.92944
DM-25156,0.00986
DM-25155,0.011158
DM-25154,0.025565
DM-25153,0.507324
DM-25152,0.068787
DM-25151,0.825871
DM-25150,0.090093
DM-25149,0.016403
DM-25148,0.970909
DM-25147,0.788909
DM-25146,0.899828
DM-25145,0.975012
DM-25144,0.919643
DM-25143,0.397003
DM-25142,0.941223
DM-25141,0.723895
DM-25140,0.968141
DM-25139,0.892563
DM-25137,0.017849
DM-25136,0.811974
DM-25135,0.011508
DM-25134,0.036494
DM-25133,0.035145
DM-25132,0.130285
DM-25131,0.9462
DM-25130,0.950778
DM-25129,0.203391
DM-25128,0.61855
DM-25127,0.927888
DM-25126,0.203391
DM-25125,0.060752
DM-25124,0.291787
DM-25121,0.770119
DM-25119,0.167219
DM-25118,0.981453
DM-25117,0.307358
DM-25116,0.014729
DM-25115,0.211417
DM-25114,0.045353
DM-25113,0.929951
DM-25112,0.050331
DM-25111,0.037047
DM-25110,0.912124
DM-25109,0.49707
DM-25108,0.297776
DM-25107,0.228673
DM-25106,0.243463
DM-25105,0.549882
DM-25104,0.920218
DM-25103,0.872782
DM-25102,0.336059
DM-25101,0.20466
DM-25100,0.933431
DM-25099,0.596227
DM-25098,0.084795
DM-25097,0.011072
DM-25096,0.697403
DM-25095,0.023509
DM-25094,0.015306
DM-25093,0.903635
DM-25092,0.205934
DM-25091,0.079496
DM-25090,0.852445
DM-25089,0.889912
DM-25088,0.306112
DM-25087,0.89841
DM-25086,0.61025
DM-25085,0.947381
DM-25084,0.802556
DM-25083,0.573201
DM-25082,0.178669
DM-25081,0.013742
DM-25080,0.511229
DM-25079,0.187133
DM-25078,0.021781
DM-25077,0.917303
DM-25076,0.961244
DM-25075,0.007577
DM-25074,0.205296
DM-25073,0.24817
DM-25072,0.943348
DM-25071,0.00573
DM-25070,0.178097
DM-25069,0.009126
DM-25068,0.943764
DM-25067,0.809878
DM-25066,0.17441
DM-25065,0.356167
DM-25064,0.405449
DM-25063,0.131173
DM-25062,0.171338
DM-25061,0.014392
DM-25060,0.757794
DM-25059,0.926304
DM-25058,0.949669
DM-25057,0.029535
DM-25056,0.282196
DM-25055,0.316686
DM-25054,0.038756
DM-25053,0.616763
DM-25052,0.616763
DM-25051,0.376967
DM-25050,0.010489
DM-25049,0.989672
DM-25048,0.019719
DM-25047,0.051654
DM-25046,0.853425
DM-25045,0.059428
DM-25044,0.919063
DM-25043,0.933915
DM-25042,0.176388
DM-25041,0.746139
DM-25040,0.011869
DM-25039,0.055823
DM-25038,0.964589
DM-25037,0.227126
DM-25036,0.040541
DM-25035,0.453988
DM-25034,0.106319
DM-25033,0.009055
DM-25032,0.052231
DM-25031,0.049589
DM-25030,0.915507
DM-25029,0.291384
DM-25028,0.027796
DM-25027,0.012528
DM-25026,0.807157
DM-25025,0.005642
DM-25024,0.481698
DM-25023,0.060529
DM-25022,0.131173
DM-25021,0.051083
DM-25020,0.023153
DM-25019,0.506836
DM-25018,0.076408
DM-25017,0.00934
DM-25016,0.007577
DM-25015,0.879974
DM-25014,0.012528
DM-25013,0.011687
DM-25012,0.894421
DM-25011,0.882022
DM-25010,0.085099
DM-25009,0.023331
DM-25008,0.368178
DM-25007,0.925769
DM-25006,0.650023
DM-25005,0.705988
DM-25004,0.534612
DM-25003,0.045353
DM-25002,0.266548
DM-25001,0.033337
DM-25000,0.030444
DM-24999,0.024988
DM-24998,0.540439
DM-24997,0.064418
DM-24996,0.982823
DM-24995,0.941223
DM-24994,0.107063
DM-24993,0.022117
DM-24992,0.925769
DM-24991,0.910863
DM-24988,0.907312
DM-24987,0.950041
DM-24986,0.428951
DM-24985,0.027376
DM-24984,0.932944
DM-24983,0.203233
DM-24982,0.243642
DM-24981,0.005642
DM-24980,0.004538
DM-24979,0.015544
DM-24978,0.010735
DM-24977,0.758153
DM-24976,0.821044
DM-24975,0.845433
DM-24974,0.08882
DM-24973,0.979668
DM-24972,0.228329
DM-24971,0.051845
DM-24970,0.021615
DM-24969,0.468791
DM-24968,0.636353
DM-24967,0.018689
DM-24966,0.039343
DM-24965,0.901227
DM-24964,0.035145
DM-24963,0.931463
DM-24962,0.009197
DM-24961,0.818156
DM-24960,0.008847
DM-24959,0.970909
DM-24958,0.896976
DM-24957,0.848972
DM-24956,0.018125
DM-24955,0.077518
DM-24954,0.031619
DM-24953,0.076408
DM-24952,0.274935
DM-24951,0.069542
DM-24950,0.398641
DM-24949,0.79053
DM-24948,0.887595
DM-24947,0.892937
DM-24946,0.107437
DM-24945,0.968381
DM-24944,0.009708
DM-24943,0.129843
DM-24942,0.021125
DM-24941,0.891811
DM-24940,0.885235
DM-24939,0.901921
DM-24938,0.979668
DM-24937,0.881615
DM-24936,0.933915
DM-24935,0.886027
DM-24934,0.028653
DM-24933,0.00629
DM-24932,0.016403
DM-24931,0.016277
DM-24930,0.893681
DM-24929,0.047426
DM-24928,0.231962
DM-24927,0.022803
DM-24926,0.020177
DM-24925,0.634204
DM-24924,0.38769
DM-24923,0.921358
DM-24922,0.861538
DM-24921,0.889912
DM-24920,0.941223
DM-24919,0.097048
DM-24918,0.010987
DM-24917,0.935346
DM-24916,0.944177
DM-24915,0.017045
DM-24914,0.063715
DM-24913,0.009486
DM-24912,0.037609
DM-24911,0.257578
DM-24910,0.844409
DM-24909,0.140808
DM-24908,0.143668
DM-24907,0.023331
DM-24906,0.058777
DM-24905,0.791499
DM-24904,0.025565
DM-24903,0.004007
DM-24902,0.212722
DM-24901,0.936285
DM-24900,0.828939
DM-24899,0.008446
DM-24892,0.017177
DM-24884,0.912436
DM-24883,0.896251
DM-24864,0.007577
DM-24863,0.923592
DM-24862,0.22919
DM-24861,0.137996
DM-24860,0.739234
DM-24859,0.009268
DM-24858,0.708818
DM-24857,0.014616
DM-24856,0.954308
DM-24855,0.009055
DM-24853,0.93196
DM-24852,0.760295
DM-24851,0.45423
DM-24850,0.260766
DM-24849,0.00838
DM-24848,0.067301
DM-24847,0.043043
DM-24846,0.058346
DM-24845,0.54577
DM-24844,0.590779
DM-24843,0.483892
DM-24842,0.314419
DM-24841,0.092033
DM-24840,0.770465
DM-24839,0.693473
DM-24838,0.854885
DM-24837,0.008779
DM-24836,0.261708
DM-24835,0.935817
DM-24834,0.966914
DM-24833,0.809878
DM-24832,0.14439
DM-24831,0.277277
DM-24830,0.755997
DM-24829,0.010328
DM-24828,0.603348
DM-24827,0.075041
DM-24826,0.910227
DM-24825,0.016403
DM-24824,0.059428
DM-24823,0.695338
DM-24822,0.059428
DM-24821,0.950041
DM-24820,0.418935
DM-24819,0.905322
DM-24818,0.053601
DM-24817,0.020646
DM-24816,0.388966
DM-24815,0.573081
DM-24814,0.64969
DM-24813,0.262747
DM-24812,0.844409
DM-24811,0.010014
DM-24810,0.067301
DM-24809,0.020023
DM-24808,0.302906
DM-24807,0.894052
DM-24806,0.894789
DM-24805,0.179531
DM-24804,0.24963
DM-24803,0.95222
DM-24802,0.793106
DM-24801,0.275325
DM-24800,0.040541
DM-24799,0.084191
DM-24798,0.055413
DM-24797,0.727395
DM-24796,0.026557
DM-24795,0.042088
DM-24794,0.022803
DM-24793,0.137996
DM-24792,0.853913
DM-24791,0.065845
DM-24790,0.035145
DM-24789,0.037047
DM-24788,0.987759
DM-24787,0.973443
DM-24786,0.012821
DM-24785,0.967899
DM-24784,0.085404
DM-24783,0.204342
DM-24782,0.102664
DM-24781,0.007346
DM-24780,0.2304
DM-24779,0.970688
DM-24778,0.331985
DM-24777,0.273186
DM-24776,0.922482
DM-24775,0.007121
DM-24774,0.977883
DM-24773,0.049589
DM-24772,0.896976
DM-24771,0.180684
DM-24770,0.024054
DM-24769,0.093678
DM-24768,0.010653
DM-24767,0.015306
DM-24766,0.108945
DM-24765,0.487307
DM-24764,0.937211
DM-24763,0.178669
DM-24762,0.020177
DM-24761,0.5083
DM-24760,0.072374
DM-24759,0.046378
DM-24758,0.025957
DM-24757,0.234056
DM-24756,0.051845
DM-24755,0.732974
DM-24754,0.231962
DM-24753,0.257392
DM-24752,0.006388
DM-24751,0.013223
DM-24750,0.422981
DM-24749,0.311061
DM-24748,0.792143
DM-24747,0.162646
DM-24746,0.011869
DM-24745,0.075041
DM-24744,0.011508
DM-24743,0.973241
DM-24742,0.330363
DM-24741,0.204978
DM-24740,0.402862
DM-24739,0.025957
DM-24738,0.089455
DM-24737,0.756358
DM-24736,0.155335
DM-24735,0.016403
DM-24734,0.950778
DM-24733,0.71123
DM-24732,0.934873
DM-24731,0.785309
DM-24730,0.201499
DM-24729,0.798187
DM-24728,0.011072
DM-24727,0.098425
DM-24726,0.009268
DM-24725,0.008511
DM-24724,0.023871
DM-24723,0.334019
DM-24722,0.190724
DM-24721,0.00483
DM-24720,0.960361
DM-24719,0.018405
DM-24718,0.026759
DM-24717,0.004538
DM-24716,0.083591
DM-24715,0.980581
DM-24714,0.017045
DM-24713,0.032837
DM-24712,0.013223
DM-24711,0.944587
DM-24710,0.817574
DM-24709,0.892187
DM-24708,0.018125
DM-24707,0.969785
DM-24706,0.975946
DM-24705,0.133641
DM-24704,0.915507
DM-24703,0.914901
DM-24702,0.884838
DM-24701,0.040846
DM-24700,0.867485
DM-24699,0.868827
DM-24698,0.036494
DM-24697,0.268749
DM-24696,0.076684
DM-24695,0.012147
DM-24694,0.08389
DM-24693,0.016915
DM-24692,0.753829
DM-24691,0.023331
DM-24690,0.907312
DM-24689,0.128963
DM-24688,0.91848
DM-24687,0.024988
DM-24686,0.027169
DM-24685,0.698844
DM-24684,0.985718
DM-24683,0.008188
DM-24682,0.922482
DM-24681,0.894789
DM-24680,0.124213
DM-24679,0.963231
DM-24678,0.011508
DM-24677,0.575827
DM-24676,0.967656
DM-24675,0.314522
DM-24674,0.713831
DM-24673,0.689933
DM-24672,0.747616
DM-24671,0.744656
DM-24670,0.960952
DM-24669,0.02461
DM-24668,0.040541
DM-24667,0.818156
DM-24666,0.577376
DM-24665,0.367838
DM-24664,0.250179
DM-24663,0.975946
DM-24662,0.096025
DM-24661,0.011778
DM-24660,0.984215
DM-24659,0.867934
DM-24658,0.059866
DM-24657,0.204025
DM-24656,0.081228
DM-24655,0.941223
DM-24654,0.784979
DM-24653,0.567457
DM-24652,0.904987
DM-24651,0.809878
DM-24650,0.958226
DM-24649,0.913058
DM-24648,0.055823
DM-24647,0.935346
DM-24646,0.801936
DM-24645,0.963506
DM-24644,0.857768
DM-24643,0.975946
DM-24642,0.971992
DM-24641,0.017849
DM-24640,0.303164
DM-24639,0.858719
DM-24638,0.011687
DM-24637,0.666931
DM-24636,0.416085
DM-24635,0.835484
DM-24634,0.032344
DM-24633,0.863392
DM-24632,0.091058
DM-24631,0.346762
DM-24630,0.030676
DM-24629,0.365485
DM-24628,0.035411
DM-24627,0.981167
DM-24626,0.802556
DM-24625,0.915507
DM-24624,0.979511
DM-24623,0.044349
DM-24622,0.871037
DM-24621,0.008644
DM-24620,0.014282
DM-24619,0.017177
DM-24618,0.011869
DM-24617,0.00514
DM-24616,0.018264
DM-24615,0.428233
DM-24614,0.976129
DM-24613,0.959459
DM-24612,0.08819
DM-24611,0.084493
DM-24610,0.168583
DM-24609,0.479016
DM-24608,0.056236
DM-24607,0.923592
DM-24606,0.41941
DM-24605,0.016915
DM-24604,0.894052
DM-24603,0.017442
DM-24602,0.197754
DM-24601,0.017577
DM-24600,0.852935
DM-24599,0.985718
DM-24598,0.062103
DM-24597,0.582016
DM-24596,0.705988
DM-24595,0.020964
DM-24594,0.954647
DM-24593,0.081228
DM-24592,0.021451
DM-24591,0.651854
DM-24590,0.986777
DM-24589,0.096365
DM-24588,0.126353
DM-24587,0.148541
DM-24586,0.007346
DM-24585,0.022286
DM-24584,0.803791
DM-24583,0.741674
DM-24582,0.407333
DM-24581,0.014282
DM-24580,0.150778
DM-24579,0.428233
DM-24578,0.902952
DM-24577,0.054803
DM-24576,0.018264
DM-24575,0.880386
DM-24574,0.129843
DM-24573,0.974435
DM-24572,0.038466
DM-24571,0.00659
DM-24570,0.006904
DM-24569,0.092688
DM-24568,0.251096
DM-24567,0.196518
DM-24566,0.015544
DM-24565,0.300027
DM-24564,0.574156
DM-24563,0.00483
DM-24562,0.697197
DM-24561,0.16238
DM-24560,0.120026
DM-24559,0.031144
DM-24558,0.049773
DM-24557,0.029312
DM-24556,0.829492
DM-24555,0.185947
DM-24554,0.689515
DM-24553,0.94699
DM-24552,0.028653
DM-24551,0.587707
DM-24550,0.027376
DM-24549,0.956634
DM-24548,0.039639
DM-24547,0.058561
DM-24546,0.180107
DM-24545,0.089137
DM-24544,0.009268
DM-24543,0.591723
DM-24542,0.747616
DM-24541,0.262842
DM-24540,0.016277
DM-24539,0.067301
DM-24538,0.020177
DM-24537,0.840259
DM-24536,0.017986
DM-24535,0.372905
DM-24534,0.060752
DM-24533,0.847463
DM-24532,0.013637
DM-24531,0.020332
DM-24530,0.046725
DM-24529,0.344609
DM-24528,0.039343
DM-24527,0.840259
DM-24526,0.048137
DM-24525,0.019419
DM-24524,0.920504
DM-24523,0.016785
DM-24522,0.018978
DM-24521,0.010489
DM-24520,0.085404
DM-24519,0.421314
DM-24518,0.696371
DM-24517,0.007461
DM-24516,0.009413
DM-24515,0.883638
DM-24514,0.009126
DM-24513,0.098425
DM-24512,0.47171
DM-24511,0.871912
DM-24510,0.777638
DM-24509,0.901227
DM-24508,0.972623
DM-24507,0.011332
DM-24506,0.004982
DM-24505,0.027796
DM-24504,0.815233
DM-24503,0.357876
DM-24502,0.025761
DM-24501,0.277082
DM-24500,0.493164
DM-24499,0.897695
DM-24498,0.929951
DM-24497,0.009413
DM-24496,0.010408
DM-24495,0.131619
DM-24494,0.050331
DM-24493,0.012241
DM-24492,0.926835
DM-24491,0.798501
DM-24490,0.014957
DM-24489,0.096365
DM-24488,0.921358
DM-24487,0.014616
DM-24486,0.96741
DM-24485,0.97024
DM-24484,0.899475
DM-24483,0.055005
DM-24482,0.386532
DM-24481,0.144873
DM-24480,0.558568
DM-24479,0.45423
DM-24478,0.060752
DM-24477,0.027169
DM-24476,0.944587
DM-24475,0.965381
DM-24474,0.500977
DM-24473,0.0341
DM-24472,0.016277
DM-24471,0.051463
DM-24470,0.060087
DM-24469,0.406155
DM-24468,0.936285
DM-24467,0.2227
DM-24466,0.012054
DM-24465,0.065605
DM-24464,0.900879
DM-24463,0.041774
DM-24462,0.071332
DM-24461,0.010735
DM-24460,0.974239
DM-24459,0.234757
DM-24458,0.03259
DM-24457,0.014172
DM-24456,0.005555
DM-24455,0.904987
DM-24454,0.809878
DM-24453,0.125065
DM-24452,0.031144
DM-24451,0.089137
DM-24450,0.218669
DM-24449,0.005555
DM-24448,0.381565
DM-24447,0.284576
DM-24446,0.828384
DM-24445,0.925769
DM-24444,0.959459
DM-24443,0.708414
DM-24442,0.062789
DM-24441,0.092688
DM-24440,0.019569
DM-24439,0.183594
DM-24438,0.847463
DM-24437,0.869271
DM-24436,0.838151
DM-24435,0.018405
DM-24434,0.011778
DM-24433,0.911495
DM-24432,0.055823
DM-24431,0.205615
DM-24430,0.080647
DM-24429,0.014842
DM-24428,0.408749
DM-24427,0.033844
DM-24426,0.079782
DM-24425,0.06489
DM-24424,0.018833
DM-24423,0.040238
DM-24422,0.785309
DM-24421,0.254602
DM-24420,0.181263
DM-24419,0.696062
DM-24418,0.921922
DM-24417,0.18743
DM-24416,0.988313
DM-24415,0.957596
DM-24414,0.063019
DM-24413,0.899828
DM-24412,0.052619
DM-24411,0.596198
DM-24410,0.897336
DM-24409,0.897695
DM-24408,0.255158
DM-24407,0.974435
DM-24406,0.459804
DM-24405,0.791499
DM-24404,0.039937
DM-24403,0.941223
DM-24402,0.944177
DM-24401,0.04778
DM-24400,0.841305
DM-24399,0.016915
DM-24398,0.075585
DM-24397,0.035948
DM-24396,0.328099
DM-24395,0.009055
DM-24394,0.195594
DM-24393,0.165323
DM-24392,0.072112
DM-24391,0.277375
DM-24390,0.063019
DM-24389,0.792464
DM-24388,0.024423
DM-24387,0.955319
DM-24386,0.693577
DM-24385,0.065605
DM-24384,0.029535
DM-24383,0.53437
DM-24382,0.444565
DM-24381,0.117978
DM-24380,0.519521
DM-24379,0.011072
DM-24378,0.978713
DM-24377,0.973037
DM-24376,0.012821
DM-24375,0.01017
DM-24374,0.464902
DM-24373,0.949669
DM-24372,0.072374
DM-24371,0.838151
DM-24370,0.971129
DM-24369,0.218669
DM-24368,0.548915
DM-24367,0.896251
DM-24366,0.563378
DM-24365,0.908942
DM-24364,0.315472
DM-24363,0.879974
DM-24362,0.031619
DM-24361,0.73412
DM-24360,0.853913
DM-24359,0.045692
DM-24358,0.037892
DM-24357,0.505859
DM-24356,0.009055
DM-24355,0.974629
DM-24354,0.892187
DM-24353,0.431345
DM-24352,0.547948
DM-24351,0.927363
DM-24350,0.796292
DM-24349,0.916708
DM-24348,0.285472
DM-24347,0.036494
DM-24346,0.013428
DM-24345,0.976129
DM-24344,0.956309
DM-24343,0.854885
DM-24342,0.947381
DM-24341,0.966914
DM-24340,0.982823
DM-24339,0.889529
DM-24338,0.380529
DM-24337,0.040238
DM-24336,0.220342
DM-24335,0.406273
DM-24334,0.27914
DM-24333,0.031619
DM-24332,0.591015
DM-24331,0.011961
DM-24330,0.749821
DM-24329,0.811078
DM-24328,0.015785
DM-24327,0.212395
DM-24326,0.132964
DM-24325,0.560253
DM-24324,0.95222
DM-24323,0.850469
DM-24322,0.479504
DM-24321,0.058132
DM-24320,0.082402
DM-24319,0.897336
DM-24318,0.099121
DM-24317,0.935817
DM-24316,0.025761
DM-24315,0.921358
DM-24314,0.909265
DM-24313,0.853425
DM-24312,0.868381
DM-24311,0.689933
DM-24310,0.675015
DM-24309,0.427994
DM-24308,0.027585
DM-24307,0.962108
DM-24306,0.895888
DM-24305,0.982823
DM-24304,0.834407
DM-24303,0.963506
DM-24302,0.419172
DM-24301,0.71123
DM-24300,0.917893
DM-24299,0.00506
DM-24298,0.947769
DM-24297,0.884439
DM-24296,0.037892
DM-24295,0.04778
DM-24294,0.118385
DM-24293,0.830044
DM-24292,0.819316
DM-24291,0.947381
DM-24290,0.014729
DM-24289,0.961822
DM-24288,0.984094
DM-24287,0.91611
DM-24286,0.222025
DM-24285,0.008188
DM-24284,0.913677
DM-24283,0.69946
DM-24282,0.933431
DM-24281,0.65368
DM-24280,0.977714
DM-24279,0.950041
DM-24278,0.028221
DM-24277,0.334807
DM-24276,0.374219
DM-24275,0.281406
DM-24274,0.421076
DM-24273,0.355691
DM-24272,0.945801
DM-24271,0.990441
DM-24270,0.142948
DM-24269,0.009784
DM-24268,0.095349
DM-24267,0.041462
DM-24266,0.97024
DM-24265,0.418222
DM-24264,0.936749
DM-24263,0.98347
DM-24262,0.449151
DM-24261,0.0341
DM-24260,0.830594
DM-24259,0.372848
DM-24258,0.965381
DM-24257,0.899475
DM-24256,0.814053
DM-24255,0.978875
DM-24254,0.219337
DM-24253,0.938576
DM-24252,0.047426
DM-24251,0.505859
DM-24250,0.854399
DM-24249,0.011158
DM-24248,0.125065
DM-24247,0.018978
DM-24246,0.369656
DM-24245,0.556882
DM-24244,0.00659
DM-24243,0.960361
DM-24242,0.463201
DM-24241,0.66405
DM-24240,0.007816
DM-24239,0.966663
DM-24238,0.046725
DM-24237,0.984094
DM-24236,0.951863
DM-24235,0.608478
DM-24234,0.076961
DM-24233,0.41834
DM-24232,0.968141
DM-24231,0.42919
DM-24230,0.364466
DM-24229,0.939913
DM-24228,0.975577
DM-24227,0.568176
DM-24226,0.318273
DM-24225,0.70416
DM-24224,0.9659
DM-24223,0.087252
DM-24222,0.668448
DM-24221,0.020646
DM-24220,0.065128
DM-24219,0.713032
DM-24218,0.166947
DM-24217,0.344443
DM-24216,0.736401
DM-24215,0.043043
DM-24214,0.319387
DM-24213,0.804098
DM-24212,0.214362
DM-24211,0.55254
DM-24210,0.650689
DM-24209,0.771843
DM-24208,0.953275
DM-24207,0.133868
DM-24206,0.049222
DM-24205,0.018833
DM-24204,0.243552
DM-24203,0.038466
DM-24202,0.955981
DM-24201,0.127218
DM-24200,0.308178
DM-24199,0.844409
DM-24198,0.70477
DM-24197,0.880386
DM-24196,0.307813
DM-24195,0.76454
DM-24194,0.983847
DM-24193,0.186836
DM-24192,0.095013
DM-24191,0.095349
DM-24190,0.151028
DM-24189,0.326365
DM-24188,0.142948
DM-24187,0.754553
DM-24186,0.752377
DM-24185,0.00934
DM-24184,0.085099
DM-24183,0.049773
DM-24182,0.037047
DM-24181,0.294633
DM-24180,0.037327
DM-24179,0.229708
DM-24178,0.810479
DM-24177,0.838151
DM-24176,0.586523
DM-24175,0.945399
DM-24174,0.015664
DM-24173,0.96741
DM-24172,0.065366
DM-24171,0.032837
DM-24170,0.965119
DM-24169,0.038178
DM-24168,0.039639
DM-24167,0.017177
DM-24166,0.075312
DM-24165,0.011072
DM-24164,0.015785
DM-24163,0.043043
DM-24162,0.044681
DM-24161,0.140572
DM-24160,0.012821
DM-24159,0.098773
DM-24158,0.015189
DM-24157,0.871912
DM-24156,0.03359
DM-24155,0.309441
DM-24154,0.022286
DM-24153,0.060087
DM-24152,0.048137
DM-24151,0.023871
DM-24150,0.929951
DM-24149,0.828384
DM-24148,0.021948
DM-24147,0.693784
DM-24146,0.015425
DM-24145,0.017177
DM-24144,0.015906
DM-24143,0.016153
DM-24142,0.017849
DM-24141,0.016403
DM-24140,0.048677
DM-24139,0.091707
DM-24138,0.800068
DM-24137,0.007121
DM-24136,0.021125
DM-24135,0.040238
DM-24134,0.185357
DM-24133,0.033844
DM-24132,0.090735
DM-24131,0.008577
DM-24130,0.608361
DM-24129,0.034359
DM-24128,0.851459
DM-24127,0.112016
DM-24126,0.035145
DM-24125,0.906322
DM-24124,0.08882
DM-24123,0.424173
DM-24122,0.015189
DM-24121,0.939471
DM-24120,0.136608
DM-24119,0.270818
DM-24118,0.482917
DM-24117,0.031859
DM-24116,0.059428
DM-24115,0.032101
DM-24114,0.812272
DM-24113,0.047958
DM-24112,0.166134
DM-24111,0.116764
DM-24110,0.017986
DM-24109,0.111628
DM-24108,0.833325
DM-24107,0.291535
DM-24106,0.205456
DM-24105,0.098079
DM-24104,0.290201
DM-24103,0.983847
DM-24102,0.817574
DM-24101,0.011869
DM-24100,0.006193
DM-24099,0.517083
DM-24098,0.021615
DM-24097,0.208985
DM-24096,0.021615
DM-24095,0.024423
DM-24094,0.019871
DM-24093,0.585575
DM-24092,0.502441
DM-24091,0.067056
DM-24090,0.960952
DM-24089,0.036769
DM-24088,0.242923
DM-24087,0.086632
DM-24086,0.706292
DM-24085,0.577734
DM-24084,0.433262
DM-24083,0.045016
DM-24082,0.340403
DM-24081,0.696578
DM-24080,0.527803
DM-24079,0.785966
DM-24078,0.850965
DM-24077,0.596668
DM-24076,0.162646
DM-24075,0.117572
DM-24074,0.063019
DM-24073,0.096365
DM-24072,0.336222
DM-24071,0.94079
DM-24070,0.978713
DM-24069,0.362292
DM-24068,0.939913
DM-24067,0.020489
DM-24066,0.042088
DM-24065,0.022803
DM-24064,0.696784
DM-24062,0.023153
DM-24060,0.039048
DM-24059,0.332527
DM-24058,0.029987
DM-24057,0.006004
DM-24056,0.08882
DM-24055,0.181844
DM-24054,0.035411
DM-24053,0.984094
DM-24052,0.818737
DM-24051,0.630287
DM-24050,0.125065
DM-24049,0.08882
DM-24048,0.013532
DM-24047,0.127653
DM-24046,0.537041
DM-24045,0.318273
DM-24044,0.140101
DM-24043,0.041153
DM-24042,0.656438
DM-24041,0.854399
DM-24040,0.932453
DM-24039,0.906653
DM-24038,0.102664
DM-24037,0.010653
DM-24036,0.006904
DM-24035,0.320236
DM-24034,0.406862
DM-24033,0.025565
DM-24032,0.049959
DM-24031,0.197444
DM-24030,0.932944
DM-24029,0.01017
DM-24028,0.544559
DM-24027,0.011508
DM-24026,0.291182
DM-24025,0.35539
DM-24024,0.111241
DM-24023,0.939471
DM-24022,0.010735
DM-24021,0.960657
DM-24020,0.453504
DM-24019,0.166404
DM-24018,0.023331
DM-24017,0.933915
DM-24016,0.17441
DM-24015,0.131619
DM-24014,0.969785
DM-24013,0.024423
DM-24012,0.499512
DM-24011,0.92944
DM-24010,0.316264
DM-24009,0.695855
DM-24008,0.979823
DM-24007,0.488283
DM-24006,0.007577
DM-24005,0.120439
DM-24004,0.96378
DM-24003,0.960361
DM-24002,0.959154
DM-24001,0.961822
DM-24000,0.07056
DM-23999,0.822189
DM-23998,0.069795
DM-23997,0.951504
DM-23996,0.787931
DM-23995,0.891434
DM-23994,0.021451
DM-23993,0.012147
DM-23992,0.009486
DM-23991,0.010249
DM-23990,0.256646
DM-23989,0.293404
DM-23988,0.833866
DM-23987,0.531696
DM-23986,0.544317
DM-23985,0.019419
DM-23984,0.939913
DM-23983,0.011508
DM-23982,0.005469
DM-23981,0.01142
DM-23980,0.722527
DM-23979,0.948537
DM-23978,0.014504
DM-23977,0.940353
DM-23976,0.891811
DM-23975,0.042722
DM-23974,0.442877
DM-23973,0.731826
DM-23972,0.875361
DM-23971,0.012054
DM-23970,0.020964
DM-23969,0.268558
DM-23968,0.528777
DM-23967,0.093347
DM-23966,0.226612
DM-23965,0.012432
DM-23964,0.437583
DM-23963,0.049959
DM-23962,0.181553
DM-23961,0.260389
DM-23960,0.983343
DM-23959,0.019419
DM-23958,0.384277
DM-23957,0.395835
DM-23956,0.932453
DM-23955,0.117978
DM-23954,0.048677
DM-23953,0.231962
DM-23952,0.092688
DM-23951,0.037327
DM-23950,0.070304
DM-23949,0.986151
DM-23948,0.121686
DM-23947,0.177241
DM-23946,0.051845
DM-23945,0.863392
DM-23944,0.375936
DM-23943,0.971564
DM-23942,0.986572
DM-23941,0.533154
DM-23940,0.527803
DM-23939,0.010818
DM-23938,0.965641
DM-23937,0.038178
DM-23936,0.129843
DM-23935,0.910863
DM-23934,0.067301
DM-23933,0.910545
DM-23932,0.170784
DM-23931,0.645569
DM-23930,0.968381
DM-23929,0.017849
DM-23928,0.026557
DM-23927,0.612657
DM-23926,0.613989
DM-23925,0.936749
DM-23924,0.257952
DM-23923,0.92523
DM-23922,0.032344
DM-23921,0.405684
DM-23920,0.952574
DM-23919,0.826712
DM-23918,0.897695
DM-23917,0.983847
DM-23916,0.961534
DM-23915,0.010408
DM-23914,0.946597
DM-23913,0.96378
DM-23912,0.904987
DM-23911,0.152032
DM-23910,0.972623
DM-23909,0.810179
DM-23908,0.270673
DM-23907,0.054803
DM-23906,0.897336
DM-23905,0.867485
DM-23904,0.067547
DM-23903,0.076132
DM-23902,0.869715
DM-23901,0.595375
DM-23900,0.044019
DM-23899,0.951142
DM-23898,0.19962
DM-23897,0.582847
DM-23896,0.084795
DM-23895,0.934873
DM-23894,0.01302
DM-23893,0.759582
DM-23892,0.884439
DM-23891,0.41182
DM-23890,0.973037
DM-23889,0.051083
DM-23888,0.92523
DM-23887,0.813757
DM-23886,0.854885
DM-23885,0.378574
DM-23884,0.841826
DM-23883,0.005911
DM-23882,0.0745
DM-23881,0.544317
DM-23880,0.735642
DM-23879,0.253122
DM-23878,0.954984
DM-23877,0.965381
DM-23876,0.140808
DM-23875,0.165863
DM-23874,0.048858
DM-23873,0.016153
DM-23872,0.152537
DM-23871,0.011508
DM-23870,0.784979
DM-23869,0.652269
DM-23868,0.017045
DM-23867,0.014172
DM-23866,0.039343
DM-23865,0.490236
DM-23864,0.019419
DM-23863,0.063948
DM-23862,0.958226
DM-23861,0.00659
DM-23860,0.023153
DM-23859,0.910227
DM-23858,0.040846
DM-23857,0.313735
DM-23856,0.043043
DM-23855,0.009784
DM-23854,0.035679
DM-23853,0.069542
DM-23852,0.0729
DM-23851,0.968856
DM-23850,0.909265
DM-23849,0.095349
DM-23848,0.085099
DM-23847,0.928926
DM-23846,0.011245
DM-23845,0.769427
DM-23844,0.109325
DM-23843,0.954647
DM-23842,0.783658
DM-23841,0.0538
DM-23840,0.190423
DM-23839,0.008779
DM-23838,0.408513
DM-23837,0.021125
DM-23836,0.006488
DM-23835,0.970013
DM-23834,0.125493
DM-23833,0.233357
DM-23832,0.053403
DM-23831,0.031144
DM-23830,0.071851
DM-23829,0.005469
DM-23828,0.46563
DM-23827,0.011245
DM-23826,0.018833
DM-23825,0.834946
DM-23824,0.543833
DM-23823,0.018689
DM-23822,0.959762
DM-23821,0.892187
DM-23820,0.028436
DM-23819,0.042722
DM-23818,0.976129
DM-23817,0.586286
DM-23816,0.358915
DM-23815,0.130729
DM-23814,0.707809
DM-23813,0.083591
DM-23812,0.043691
DM-23811,0.022629
DM-23810,0.293404
DM-23809,0.049405
DM-23808,0.022117
DM-23807,0.053206
DM-23806,0.006098
DM-23805,0.027585
DM-23804,0.991015
DM-23803,0.849971
DM-23802,0.2227
DM-23801,0.013428
DM-23800,0.982557
DM-23799,0.157396
DM-23798,0.01142
DM-23797,0.971347
DM-23796,0.976669
DM-23795,0.935346
DM-23794,0.763131
DM-23793,0.264548
DM-23792,0.26971
DM-23791,0.290377
DM-23790,0.564579
DM-23789,0.057071
DM-23788,0.817574
DM-23787,0.57821
DM-23786,0.054199
DM-23785,0.434941
DM-23784,0.007519
DM-23783,0.0729
DM-23782,0.098773
DM-23781,0.237222
DM-23780,0.128088
DM-23779,0.031859
DM-23778,0.544317
DM-23777,0.085404
DM-23776,0.951863
DM-23775,0.13569
DM-23774,0.03359
DM-23773,0.308711
DM-23772,0.141994
DM-23771,0.914291
DM-23770,0.225929
DM-23769,0.017442
DM-23768,0.930458
DM-23767,0.973443
DM-23766,0.006904
DM-23765,0.007696
DM-23764,0.742795
DM-23763,0.088505
DM-23762,0.033337
DM-23761,0.982014
DM-23760,0.015073
DM-23759,0.46636
DM-23758,0.041153
DM-23757,0.30715
DM-23756,0.890675
DM-23755,0.021948
DM-23754,0.877056
DM-23753,0.069795
DM-23752,0.566738
DM-23751,0.91848
DM-23750,0.540924
DM-23749,0.623893
DM-23748,0.009936
DM-23747,0.063715
DM-23746,0.166404
DM-23745,0.774924
DM-23744,0.964321
DM-23743,0.409811
DM-23742,0.917006
DM-23741,0.979977
DM-23740,0.972831
DM-23739,0.942929
DM-23738,0.954647
DM-23737,0.976129
DM-23736,0.398406
DM-23735,0.008446
DM-23734,0.057705
DM-23733,0.979195
DM-23732,0.085709
DM-23731,0.973037
DM-23730,0.062789
DM-23729,0.561215
DM-23728,0.396535
DM-23727,0.247987
DM-23726,0.086632
DM-23725,0.047426
DM-23724,0.937211
DM-23723,0.959459
DM-23722,0.018833
DM-23721,0.444324
DM-23720,0.878314
DM-23719,0.697197
DM-23718,0.028008
DM-23717,0.005642
DM-23716,0.979977
DM-23715,0.104843
DM-23714,0.547464
DM-23713,0.290176
DM-23712,0.821617
DM-23711,0.768733
DM-23710,0.008446
DM-23709,0.161585
DM-23708,0.986572
DM-23707,0.955319
DM-23706,0.051845
DM-23705,0.990441
DM-23704,0.2304
DM-23703,0.007012
DM-23702,0.010902
DM-23701,0.403802
DM-23700,0.802865
DM-23699,0.060752
DM-23698,0.017309
DM-23697,0.150778
DM-23696,0.745398
DM-23695,0.198685
DM-23694,0.199932
DM-23693,0.709422
DM-23692,0.941654
DM-23691,0.532182
DM-23690,0.352035
DM-23689,0.040541
DM-23688,0.260201
DM-23687,0.027169
DM-23686,0.524882
DM-23685,0.028008
DM-23684,0.990441
DM-23683,0.233881
DM-23682,0.964855
DM-23681,0.04778
DM-23680,0.00514
DM-23679,0.668231
DM-23678,0.008252
DM-23677,0.044681
DM-23676,0.771843
DM-23675,0.745769
DM-23674,0.076684
DM-23673,0.600364
DM-23672,0.90261
DM-23671,0.871037
DM-23670,0.120853
DM-23669,0.164785
DM-23668,0.288268
DM-23667,0.016029
DM-23665,0.758868
DM-23664,0.007696
DM-23663,0.075312
DM-23662,0.880386
DM-23661,0.726231
DM-23660,0.033337
DM-23659,0.960063
DM-23658,0.704364
DM-23657,0.973241
DM-23656,0.283285
DM-23655,0.081228
DM-23654,0.019719
DM-23653,0.892937
DM-23652,0.351979
DM-23651,0.489748
DM-23650,0.404507
DM-23649,0.902266
DM-23648,0.126353
DM-23647,0.095687
DM-23646,0.977197
DM-23645,0.629896
DM-23644,0.827828
DM-23643,0.961822
DM-23642,0.028436
DM-23641,0.20947
DM-23640,0.949295
DM-23639,0.09401
DM-23638,0.021615
DM-23637,0.126785
DM-23636,0.53777
DM-23635,0.005469
DM-23634,0.808672
DM-23633,0.681727
DM-23632,0.27973
DM-23631,0.486332
DM-23630,0.017045
DM-23629,0.014616
DM-23628,0.26569
DM-23627,0.007577
DM-23626,0.226099
DM-23625,0.165323
DM-23624,0.493653
DM-23623,0.082402
DM-23622,0.211906
DM-23621,0.127653
DM-23620,0.028436
DM-23619,0.168309
DM-23618,0.593374
DM-23617,0.055823
DM-23616,0.19163
DM-23615,0.141756
DM-23614,0.884039
DM-23613,0.896614
DM-23612,0.051083
DM-23611,0.451568
DM-23610,0.012821
DM-23609,0.981595
DM-23608,0.428233
DM-23607,0.290176
DM-23606,0.011245
DM-23605,0.068289
DM-23604,0.959154
DM-23603,0.166134
DM-23602,0.021287
DM-23601,0.033337
DM-23600,0.005385
DM-23599,0.031619
DM-23598,0.011778
DM-23597,0.012241
DM-23596,0.028871
DM-23595,0.020489
DM-23594,0.958538
DM-23593,0.054601
DM-23592,0.014172
DM-23591,0.72662
DM-23590,0.968381
DM-23589,0.013956
DM-23588,0.013849
DM-23587,0.820469
DM-23586,0.877896
DM-23585,0.240596
DM-23584,0.006193
DM-23583,0.045353
DM-23582,0.016277
DM-23581,0.009486
DM-23580,0.048858
DM-23579,0.037047
DM-23578,0.074231
DM-23577,0.730674
DM-23576,0.044681
DM-23575,0.966156
DM-23574,0.008446
DM-23573,0.014064
DM-23572,0.013428
DM-23571,0.598077
DM-23570,0.023153
DM-23569,0.01292
DM-23568,0.819316
DM-23567,0.927888
DM-23566,0.904651
DM-23565,0.011508
DM-23564,0.043043
DM-23563,0.821617
DM-23562,0.864768
DM-23561,0.043691
DM-23560,0.775265
DM-23559,0.006193
DM-23558,0.00659
DM-23557,0.251832
DM-23556,0.00986
DM-23555,0.247351
DM-23554,0.587707
DM-23553,0.448668
DM-23552,0.015306
DM-23551,0.003173
DM-23550,0.754915
DM-23549,0.967163
DM-23548,0.858244
DM-23547,0.614336
DM-23546,0.814643
DM-23545,0.370795
DM-23544,0.107063
DM-23543,0.100172
DM-23542,0.581541
DM-23541,0.356111
DM-23540,0.984811
DM-23539,0.056652
DM-23538,0.007461
DM-23537,0.725649
DM-23536,0.099821
DM-23535,0.677367
DM-23534,0.92944
DM-23533,0.969091
DM-23532,0.030676
DM-23531,0.809878
DM-23530,0.006193
DM-23529,0.020332
DM-23528,0.060975
DM-23527,0.019569
DM-23526,0.026355
DM-23525,0.004199
DM-23524,0.212069
DM-23523,0.540439
DM-23522,0.007233
DM-23521,0.147065
DM-23520,0.948537
DM-23519,0.68637
DM-23518,0.00573
DM-23517,0.207215
DM-23516,0.013121
DM-23515,0.731826
DM-23514,0.962953
DM-23513,0.006193
DM-23512,0.637905
DM-23511,0.94079
DM-23510,0.016277
DM-23509,0.007461
DM-23508,0.067301
DM-23507,0.57081
DM-23506,0.972623
DM-23505,0.945399
DM-23504,0.960361
DM-23503,0.91118
DM-23502,0.924142
DM-23501,0.142232
DM-23500,0.040541
DM-23499,0.968141
DM-23498,0.047074
DM-23497,0.148788
DM-23496,0.097048
DM-23495,0.333015
DM-23494,0.064653
DM-23493,0.008446
DM-23492,0.010489
DM-23491,0.846958
DM-23490,0.007877
DM-23489,0.007346
DM-23488,0.941223
DM-23487,0.96862
DM-23486,0.983723
DM-23485,0.149035
DM-23484,0.007519
DM-23483,0.036769
DM-23482,0.020964
DM-23481,0.17245
DM-23480,0.01302
DM-23479,0.020023
DM-23478,0.809878
DM-23477,0.017177
DM-23476,0.00573
DM-23475,0.847463
DM-23474,0.728748
DM-23473,0.927888
DM-23472,0.891811
DM-23471,0.528777
DM-23470,0.14439
DM-23469,0.873215
DM-23468,0.945399
DM-23467,0.157655
DM-23466,0.011508
DM-23465,0.010902
DM-23464,0.635392
DM-23463,0.093678
DM-23462,0.137532
DM-23461,0.184473
DM-23460,0.048137
DM-23459,0.882022
DM-23458,0.165863
DM-23457,0.174692
DM-23456,0.171338
DM-23455,0.083292
DM-23454,0.649662
DM-23453,0.199308
DM-23452,0.575588
DM-23451,0.219337
DM-23450,0.050705
DM-23449,0.013637
DM-23448,0.330174
DM-23447,0.009486
DM-23446,0.836555
DM-23445,0.577734
DM-23444,0.056444
DM-23442,0.898053
DM-23441,0.033337
DM-23440,0.947381
DM-23439,0.366363
DM-23438,0.936285
DM-23437,0.239349
DM-23436,0.015906
DM-23435,0.945801
DM-23434,0.021948
DM-23433,0.910545
DM-23432,0.007461
DM-23431,0.156878
DM-23430,0.095349
DM-23429,0.366817
DM-23428,0.006004
DM-23427,0.732974
DM-23426,0.934873
DM-23425,0.055618
DM-23424,0.045353
DM-23423,0.483405
DM-23422,0.035679
DM-23421,0.441432
DM-23420,0.006388
DM-23419,0.977371
DM-23418,0.556882
DM-23417,0.148047
DM-23416,0.006193
DM-23415,0.310328
DM-23414,0.013742
DM-23413,0.101233
DM-23412,0.077239
DM-23411,0.100879
DM-23410,0.006004
DM-23409,0.151781
DM-23408,0.732592
DM-23407,0.690037
DM-23406,0.589362
DM-23405,0.066812
DM-23404,0.844409
DM-23403,0.878731
DM-23402,0.142948
DM-23401,0.090093
DM-23400,0.050518
DM-23399,0.011508
DM-23398,0.708818
DM-23397,0.016785
DM-23396,0.727201
DM-23395,0.033844
DM-23394,0.142709
DM-23393,0.014729
DM-23392,0.953966
DM-23391,0.960657
DM-23390,0.617916
DM-23389,0.462959
DM-23388,0.944177
DM-23387,0.934395
DM-23386,0.00659
DM-23385,0.936285
DM-23384,0.934873
DM-23383,0.962673
DM-23382,0.560974
DM-23381,0.769773
DM-23380,0.017849
DM-23379,0.919643
DM-23378,0.171338
DM-23377,0.037609
DM-23376,0.58439
DM-23375,0.012336
DM-23374,0.014957
DM-23373,0.012147
DM-23372,0.027169
DM-23371,0.044681
DM-23370,0.027376
DM-23369,0.023871
DM-23368,0.381911
DM-23367,0.125065
DM-23366,0.883236
DM-23365,0.156105
DM-23364,0.02461
DM-23363,0.028008
DM-23362,0.009486
DM-23361,0.380529
DM-23360,0.900179
DM-23359,0.064183
DM-23358,0.125923
DM-23357,0.020023
DM-23356,0.924688
DM-23355,0.991153
DM-23354,0.115561
DM-23353,0.371489
DM-23352,0.740174
DM-23351,0.008511
DM-23350,0.071074
DM-23349,0.818156
DM-23348,0.0538
DM-23347,0.553747
DM-23346,0.763484
DM-23345,0.387459
DM-23344,0.110088
DM-23343,0.147065
DM-23342,0.01653
DM-23341,0.124213
DM-23340,0.409575
DM-23339,0.219505
DM-23338,0.643777
DM-23337,0.339444
DM-23336,0.343012
DM-23335,0.139866
DM-23334,0.784979
DM-23333,0.386706
DM-23332,0.898767
DM-23331,0.29931
DM-23330,0.012625
DM-23329,0.011072
DM-23328,0.372505
DM-23327,0.187728
DM-23326,0.792464
DM-23325,0.551091
DM-23324,0.024054
DM-23323,0.035411
DM-23322,0.358269
DM-23321,0.923039
DM-23320,0.107063
DM-23319,0.038178
DM-23318,0.048858
DM-23317,0.036769
DM-23316,0.037047
DM-23315,0.855369
DM-23314,0.022629
DM-23313,0.024054
DM-23312,0.034881
DM-23311,0.865679
DM-23310,0.008711
DM-23309,0.042404
DM-23308,0.988313
DM-23307,0.17441
DM-23306,0.346327
DM-23305,0.413004
DM-23304,0.050705
DM-23303,0.469277
DM-23302,0.786295
DM-23301,0.132515
DM-23300,0.012432
DM-23298,0.273963
DM-23297,0.985043
DM-23296,0.071332
DM-23295,0.011687
DM-23294,0.425128
DM-23293,0.013428
DM-23292,0.328314
DM-23291,0.938124
DM-23290,0.099121
DM-23289,0.306112
DM-23288,0.171616
DM-23287,0.012528
DM-23286,0.190122
DM-23285,0.321886
DM-23284,0.455199
DM-23283,0.525612
DM-23282,0.010653
DM-23281,0.026156
DM-23280,0.350727
DM-23279,0.071332
DM-23278,0.007346
DM-23277,0.015425
DM-23276,0.005469
DM-23275,0.013223
DM-23274,0.032101
DM-23273,0.00986
DM-23272,0.056444
DM-23271,0.043691
DM-23270,0.830594
DM-23269,0.583085
DM-23268,0.07477
DM-23267,0.314682
DM-23266,0.70416
DM-23265,0.007816
DM-23264,0.23144
DM-23263,0.202128
DM-23262,0.00522
DM-23261,0.719186
DM-23260,0.011597
DM-23259,0.745028
DM-23258,0.005385
DM-23257,0.899475
DM-23256,0.42179
DM-23255,0.039343
DM-23254,0.010249
DM-23253,0.065605
DM-23252,0.724091
DM-23251,0.334318
DM-23250,0.089137
DM-23249,0.008511
DM-23248,0.94079
DM-23247,0.524882
DM-23246,0.261991
DM-23245,0.566019
DM-23244,0.952574
DM-23243,0.195594
DM-23242,0.17245
DM-23241,0.209793
DM-23240,0.00934
DM-23239,0.572484
DM-23238,0.033086
DM-23237,0.008188
DM-23236,0.750918
DM-23235,0.963231
DM-23234,0.962673
DM-23233,0.932944
DM-23232,0.979823
DM-23231,0.060975
DM-23230,0.940353
DM-23229,0.005555
DM-23228,0.057282
DM-23227,0.007938
DM-23226,0.176956
DM-23225,0.220007
DM-23224,0.105579
DM-23223,0.062789
DM-23222,0.009486
DM-23221,0.020646
DM-23220,0.026355
DM-23219,0.740174
DM-23218,0.025761
DM-23217,0.900179
DM-23216,0.047426
DM-23215,0.251464
DM-23214,0.927363
DM-23213,0.115561
DM-23212,0.009708
DM-23211,0.078078
DM-23210,0.041153
DM-23209,0.034359
DM-23208,0.056029
DM-23207,0.955981
DM-23206,0.00582
DM-23205,0.248717
DM-23204,0.954647
DM-23203,0.093678
DM-23202,0.734501
DM-23201,0.847968
DM-23200,0.257392
DM-23199,0.788583
DM-23198,0.077518
DM-23197,0.034881
DM-23196,0.780997
DM-23195,0.065845
DM-23194,0.604516
DM-23193,0.057282
DM-23192,0.058777
DM-23191,0.962391
DM-23190,0.719581
DM-23189,0.895888
DM-23188,0.740925
DM-23187,0.017442
DM-23186,0.107063
DM-23185,0.981736
DM-23184,0.941223
DM-23183,0.983597
DM-23182,0.02461
DM-23181,0.061199
DM-23180,0.54577
DM-23179,0.14731
DM-23178,0.152284
DM-23177,0.664595
DM-23176,0.038756
DM-23175,0.902952
DM-23174,0.946597
DM-23173,0.461988
DM-23172,0.152284
DM-23171,0.846451
DM-23170,0.968381
DM-23169,0.019719
DM-23168,0.073165
DM-23167,0.016403
DM-23166,0.015906
DM-23165,0.009559
DM-23164,0.038756
DM-23163,0.017177
DM-23162,0.09739
DM-23161,0.952574
DM-23160,0.261142
DM-23159,0.907967
DM-23158,0.017309
DM-23157,0.077239
DM-23156,0.797872
DM-23155,0.049222
DM-23154,0.024798
DM-23153,0.096025
DM-23152,0.023689
DM-23151,0.948917
DM-23150,0.011158
DM-23149,0.007696
DM-23148,0.928926
DM-23147,0.954647
DM-23146,0.568895
DM-23145,0.255901
DM-23144,0.316053
DM-23143,0.744099
DM-23142,0.188922
DM-23141,0.026557
DM-23140,0.943764
DM-23139,0.240775
DM-23138,0.079782
DM-23137,0.498535
DM-23136,0.07921
DM-23135,0.892563
DM-23134,0.967656
DM-23133,0.036769
DM-23132,0.076684
DM-23131,0.018833
DM-23130,0.072637
DM-23129,0.784649
DM-23128,0.534612
DM-23127,0.534612
DM-23126,0.116764
DM-23125,0.94079
DM-23124,0.069289
DM-23123,0.235108
DM-23122,0.743541
DM-23121,0.027169
DM-23120,0.962108
DM-23119,0.951504
DM-23118,0.974239
DM-23117,0.238107
DM-23116,0.816113
DM-23115,0.983971
DM-23114,0.599368
DM-23113,0.030909
DM-23112,0.023331
DM-23111,0.546254
DM-23110,0.09739
DM-23109,0.045692
DM-23108,0.383815
DM-23107,0.074231
DM-23106,0.880386
DM-23105,0.162912
DM-23104,0.948537
DM-23103,0.758511
DM-23102,0.020177
DM-23101,0.862004
DM-23100,0.894421
DM-23099,0.039639
DM-23098,0.223716
DM-23097,0.014064
DM-23096,0.887205
DM-23095,0.128963
DM-23094,0.857768
DM-23093,0.498535
DM-23092,0.035948
DM-23091,0.010735
DM-23090,0.281603
DM-23089,0.768386
DM-23088,0.029535
DM-23087,0.969091
DM-23086,0.758868
DM-23085,0.08882
DM-23084,0.012821
DM-23083,0.012723
DM-23082,0.49707
DM-23081,0.969785
DM-23080,0.975762
DM-23079,0.982288
DM-23078,0.789234
DM-23077,0.053206
DM-23076,0.056444
DM-23075,0.030215
DM-23074,0.628749
DM-23073,0.023153
DM-23072,0.048496
DM-23071,0.018547
DM-23070,0.374219
DM-23069,0.145844
DM-23068,0.252016
DM-23067,0.293404
DM-23066,0.027796
DM-23065,0.042404
DM-23064,0.573201
DM-23063,0.930458
DM-23062,0.740925
DM-23061,0.013428
DM-23060,0.010249
DM-23059,0.977714
DM-23058,0.948155
DM-23057,0.064183
DM-23056,0.041774
DM-23055,0.016657
DM-23054,0.010735
DM-23053,0.939913
DM-23052,0.879974
DM-23051,0.043043
DM-23050,0.013742
DM-23049,0.054601
DM-23048,0.007577
DM-23047,0.045016
DM-23046,0.955319
DM-23045,0.511717
DM-23044,0.360489
DM-23043,0.821617
DM-23042,0.049589
DM-23041,0.035948
DM-23040,0.080069
DM-23039,0.044681
DM-23038,0.891055
DM-23037,0.825027
DM-23036,0.029091
DM-23035,0.028871
DM-23034,0.417034
DM-23033,0.288569
DM-23032,0.902266
DM-23031,0.133868
DM-23030,0.183301
DM-23029,0.739046
DM-23028,0.130729
DM-23027,0.854885
DM-23026,0.022286
DM-23025,0.576304
DM-23024,0.94699
DM-23023,0.214856
DM-23022,0.971129
DM-23021,0.129843
DM-23020,0.912436
DM-23019,0.041153
DM-23018,0.016785
DM-23011,0.023689
DM-23010,0.014172
DM-23009,0.039937
DM-23008,0.808672
DM-23006,0.561455
DM-23005,0.076961
DM-23004,0.040541
DM-23003,0.226441
DM-23002,0.533154
DM-23001,0.017712
DM-23000,0.018833
DM-22999,0.013428
DM-22998,0.013956
DM-22997,0.014616
DM-22996,0.01653
DM-22995,0.06165
DM-22994,0.013325
DM-22993,0.016785
DM-22990,0.899121
DM-22989,0.009559
DM-22988,0.019124
DM-22987,0.884439
DM-22986,0.031619
DM-22985,0.713432
DM-22984,0.964321
DM-22983,0.149035
DM-22982,0.017045
DM-22981,0.014616
DM-22980,0.978713
DM-22979,0.850965
DM-22978,0.151028
DM-22977,0.976129
DM-22976,0.073165
DM-22975,0.322366
DM-22974,0.091707
DM-22973,0.947381
DM-22972,0.011687
DM-22971,0.104477
DM-22970,0.019419
DM-22969,0.011869
DM-22968,0.218169
DM-22967,0.896251
DM-22966,0.124213
DM-22965,0.031859
DM-22964,0.196209
DM-22963,0.868827
DM-22962,0.32923
DM-22961,0.015785
DM-22960,0.036769
DM-22959,0.872347
DM-22958,0.013325
DM-22957,0.887984
DM-22956,0.056444
DM-22955,0.051845
DM-22954,0.035411
DM-22953,0.836555
DM-22952,0.512693
DM-22951,0.031619
DM-22950,0.736969
DM-22949,0.396302
DM-22948,0.708818
DM-22947,0.501465
DM-22946,0.795658
DM-22945,0.665608
DM-22944,0.086016
DM-22943,0.823896
DM-22942,0.037327
DM-22941,0.02976
DM-22940,0.061199
DM-22939,0.045353
DM-22938,0.037609
DM-22937,0.007121
DM-22936,0.011245
DM-22935,0.035679
DM-22934,0.937211
DM-22933,0.014729
DM-22932,0.049959
DM-22931,0.009784
DM-22930,0.016277
DM-22929,0.162912
DM-22928,0.085404
DM-22927,0.032344
DM-22926,0.052814
DM-22925,0.977023
DM-22924,0.045016
DM-22923,0.015906
DM-22922,0.044681
DM-22921,0.945399
DM-22920,0.942929
DM-22919,0.019871
DM-22918,0.019419
DM-22917,0.017045
DM-22916,0.015306
DM-22915,0.008577
DM-22914,0.181553
DM-22913,0.035145
DM-22912,0.035411
DM-22911,0.452778
DM-22910,0.009413
DM-22909,0.031144
DM-22908,0.966914
DM-22907,0.496094
DM-22906,0.912124
DM-22905,0.009268
DM-22904,0.014957
DM-22903,0.014616
DM-22902,0.871037
DM-22901,0.008125
DM-22900,0.009634
DM-22899,0.025761
DM-22898,0.012723
DM-22897,0.68223
DM-22896,0.015785
DM-22895,0.012723
DM-22894,0.017045
DM-22893,0.009055
DM-22892,0.965641
DM-22891,0.011869
DM-22890,0.011332
DM-22889,0.30423
DM-22888,0.024238
DM-22887,0.023689
DM-22886,0.030909
DM-22885,0.262842
DM-22884,0.176104
DM-22883,0.010653
DM-22882,0.010818
DM-22881,0.188623
DM-22880,0.962673
DM-22879,0.074231
DM-22878,0.962391
DM-22877,0.965641
DM-22876,0.614625
DM-22875,0.039343
DM-22874,0.836555
DM-22873,0.804406
DM-22872,0.052814
DM-22871,0.105948
DM-22870,0.050331
DM-22869,0.317175
DM-22868,0.404743
DM-22867,0.943348
DM-22866,0.09739
DM-22865,0.066812
DM-22864,0.016403
DM-22863,0.017442
DM-22862,0.82755
DM-22861,0.016657
DM-22860,0.017309
DM-22859,0.017177
DM-22858,0.123366
DM-22857,0.038466
DM-22856,0.973037
DM-22855,0.966663
DM-22854,0.049959
DM-22853,0.762778
DM-22852,0.055005
DM-22851,0.009708
DM-22850,0.025761
DM-22849,0.066569
DM-22848,0.019124
DM-22847,0.072374
DM-22846,0.941654
DM-22845,0.062789
DM-22844,0.942929
DM-22843,0.866133
DM-22842,0.978875
DM-22841,0.919643
DM-22840,0.023331
DM-22839,0.012241
DM-22837,0.683578
DM-22836,0.829492
DM-22835,0.550607
DM-22834,0.870157
DM-22833,0.904313
DM-22832,0.041774
DM-22831,0.014282
DM-22830,0.952926
DM-22828,0.937211
DM-22827,0.97539
DM-22826,0.039639
DM-22825,0.005911
DM-22824,0.067547
DM-22823,0.029535
DM-22822,0.037047
DM-22821,0.01292
DM-22820,0.175821
DM-22819,0.865224
DM-22818,0.010014
DM-22817,0.856332
DM-22816,0.126785
DM-22815,0.525369
DM-22814,0.705988
DM-22813,0.882022
DM-22812,0.466846
DM-22811,0.072374
DM-22810,0.446012
DM-22809,0.803482
DM-22808,0.008252
DM-22807,0.003324
DM-22806,0.985158
DM-22805,0.006098
DM-22804,0.103386
DM-22803,0.00659
DM-22802,0.736401
DM-22801,0.285571
DM-22800,0.026355
DM-22799,0.032344
DM-22798,0.060087
DM-22797,0.017045
DM-22796,0.122944
DM-22795,0.038756
DM-22794,0.353651
DM-22793,0.012241
DM-22792,0.953622
DM-22791,0.194674
DM-22790,0.010408
DM-22789,0.854399
DM-22788,0.027169
DM-22787,0.128525
DM-22786,0.019271
DM-22785,0.009559
DM-22784,0.520984
DM-22783,0.108189
DM-22782,0.955981
DM-22781,0.035948
DM-22780,0.086323
DM-22779,0.956634
DM-22778,0.042722
DM-22777,0.023871
DM-22776,0.022457
DM-22775,0.955981
DM-22774,0.839734
DM-22773,0.063948
DM-22772,0.013742
DM-22771,0.930458
DM-22770,0.894052
DM-22769,0.194062
DM-22768,0.335487
DM-22767,0.051845
DM-22766,0.344113
DM-22765,0.967656
DM-22764,0.003824
DM-22763,0.643105
DM-22762,0.859664
DM-22761,0.979511
DM-22760,0.977883
DM-22759,0.981453
DM-22758,0.3213
DM-22757,0.012147
DM-22756,0.14682
DM-22755,0.924688
DM-22753,0.204342
DM-22752,0.962391
DM-22751,0.020023
DM-22750,0.006904
DM-22749,0.022286
DM-22748,0.778313
DM-22747,0.359645
DM-22746,0.985271
DM-22745,0.980281
DM-22744,0.679285
DM-22743,0.026759
DM-22742,0.138695
DM-22741,0.024423
DM-22740,0.013742
DM-22739,0.932453
DM-22738,0.884039
DM-22737,0.931463
DM-22736,0.596668
DM-22735,0.029987
DM-22734,0.942507
DM-22733,0.115961
DM-22732,0.037047
DM-22731,0.891811
DM-22730,0.010091
DM-22729,0.095687
DM-22728,0.025761
DM-22727,0.924142
DM-22726,0.542379
DM-22725,0.331661
DM-22724,0.978052
DM-22723,0.022286
DM-22722,0.054601
DM-22721,0.988842
DM-22720,0.880797
DM-22719,0.927888
DM-22718,0.015785
DM-22717,0.947381
DM-22716,0.060975
DM-22715,0.255901
DM-22714,0.037609
DM-22713,0.255901
DM-22712,0.159479
DM-22711,0.869715
DM-22710,0.975946
DM-22709,0.309858
DM-22708,0.028436
DM-22707,0.008316
DM-22706,0.872347
DM-22705,0.006004
DM-22704,0.011869
DM-22703,0.095013
DM-22702,0.746878
DM-22701,0.084795
DM-22700,0.468304
DM-22699,0.014392
DM-22698,0.919063
DM-22697,0.124639
DM-22696,0.31059
DM-22695,0.322513
DM-22694,0.055618
DM-22693,0.295738
DM-22692,0.200871
DM-22691,0.058346
DM-22690,0.501953
DM-22689,0.15662
DM-22688,0.007233
DM-22687,0.290176
DM-22686,0.023331
DM-22685,0.608507
DM-22684,0.033337
DM-22683,0.76454
DM-22682,0.76454
DM-22681,0.76454
DM-22680,0.016153
DM-22679,0.094678
DM-22678,0.880797
DM-22677,0.960063
DM-22676,0.182717
DM-22675,0.76454
DM-22674,0.76454
DM-22673,0.151278
DM-22672,0.76454
DM-22671,0.76454
DM-22669,0.76454
DM-22668,0.76454
DM-22667,0.704364
DM-22666,0.075041
DM-22665,0.029535
DM-22664,0.076684
DM-22663,0.960361
DM-22662,0.008125
DM-22661,0.008847
DM-22660,0.941223
DM-22659,0.090414
DM-22658,0.936285
DM-22657,0.977197
DM-22656,0.977371
DM-22655,0.908942
DM-22654,0.738292
DM-22653,0.937669
DM-22652,0.954647
DM-22651,0.895157
DM-22650,0.946597
DM-22649,0.145601
DM-22648,0.892187
DM-22647,0.015189
DM-22646,0.191026
DM-22645,0.082697
DM-22644,0.418459
DM-22643,0.028653
DM-22642,0.862004
DM-22641,0.011597
DM-22640,0.933915
DM-22639,0.145844
DM-22638,0.112016
DM-22637,0.925769
DM-22636,0.96641
DM-22635,0.981736
DM-22634,0.976847
DM-22633,0.985718
DM-22632,0.007938
DM-22631,0.770465
DM-22630,0.966156
DM-22629,0.022629
DM-22628,0.007816
DM-22627,0.007938
DM-22626,0.007121
DM-22625,0.007346
DM-22624,0.006904
DM-22623,0.007233
DM-22622,0.00659
DM-22621,0.007012
DM-22620,0.935817
DM-22618,0.007012
DM-22617,0.007346
DM-22616,0.007346
DM-22614,0.008188
DM-22613,0.012147
DM-22612,0.007816
DM-22611,0.021615
DM-22610,0.030444
DM-22609,0.977197
DM-22608,0.684264
DM-22607,0.065366
DM-22606,0.028221
DM-22605,0.031859
DM-22604,0.337313
DM-22603,0.158435
DM-22602,0.939471
DM-22601,0.816406
DM-22600,0.964052
DM-22599,0.961244
DM-22598,0.441191
DM-22597,0.165323
DM-22596,0.269386
DM-22595,0.010408
DM-22594,0.615781
DM-22593,0.981453
DM-22592,0.841305
DM-22591,0.957278
DM-22590,0.889529
DM-22589,0.13569
DM-22588,0.934873
DM-22587,0.83762
DM-22586,0.982423
DM-22585,0.14682
DM-22584,0.303525
DM-22583,0.009708
DM-22582,0.13569
DM-22581,0.204342
DM-22580,0.116764
DM-22579,0.262086
DM-22578,0.32162
DM-22577,0.399577
DM-22576,0.920218
DM-22575,0.91611
DM-22574,0.909265
DM-22573,0.457379
DM-22572,0.008188
DM-22571,0.650967
DM-22570,0.19544
DM-22569,0.085404
DM-22568,0.057493
DM-22567,0.054601
DM-22566,0.927363
DM-22565,0.090735
DM-22564,0.134776
DM-22563,0.973645
DM-22562,0.300746
DM-22561,0.906653
DM-22560,0.335052
DM-22559,0.941223
DM-22558,0.114765
DM-22557,0.536556
DM-22556,0.061876
DM-22555,0.026964
DM-22554,0.044349
DM-22553,0.036769
DM-22552,0.060975
DM-22551,0.117167
DM-22550,0.053206
DM-22549,0.17245
DM-22548,0.009936
DM-22547,0.736211
DM-22546,0.479991
DM-22545,0.252753
DM-22544,0.142232
DM-22543,0.635675
DM-22542,0.730674
DM-22541,0.942082
DM-22540,0.026964
DM-22539,0.02976
DM-22538,0.028871
DM-22537,0.010091
DM-22536,0.221351
DM-22535,0.72952
DM-22534,0.00986
DM-22533,0.112405
DM-22532,0.008
DM-22531,0.191026
DM-22530,0.014616
DM-22529,0.749087
DM-22528,0.239349
DM-22527,0.935346
DM-22526,0.021451
DM-22525,0.057282
DM-22524,0.235636
DM-22523,0.004468
DM-22522,0.104477
DM-22521,0.373762
DM-22520,0.104477
DM-22519,0.024423
DM-22518,0.832237
DM-22517,0.238816
DM-22516,0.191026
DM-22515,0.212395
DM-22514,0.507812
DM-22513,0.922482
DM-22512,0.067547
DM-22511,0.055413
DM-22510,0.119614
DM-22509,0.400749
DM-22508,0.980729
DM-22507,0.950041
DM-22506,0.005911
DM-22505,0.693058
DM-22504,0.887984
DM-22503,0.008446
DM-22502,0.181263
DM-22501,0.052038
DM-22500,0.966156
DM-22499,0.962673
DM-22498,0.023331
DM-22497,0.361559
DM-22496,0.954308
DM-22495,0.009413
DM-22494,0.006904
DM-22493,0.107813
DM-22492,0.919353
DM-22491,0.21305
DM-22490,0.116362
DM-22489,0.961534
DM-22488,0.380874
DM-22487,0.977371
DM-22486,0.005911
DM-22485,0.006193
DM-22484,0.9659
DM-22483,0.077518
DM-22482,0.97539
DM-22481,0.010328
DM-22480,0.973645
DM-22479,0.010735
DM-22478,0.945399
DM-22477,0.117572
DM-22476,0.984575
DM-22475,0.83602
DM-22474,0.00582
DM-22473,0.492676
DM-22472,0.183009
DM-22471,0.020489
DM-22470,0.025565
DM-22469,0.055413
DM-22468,0.031619
DM-22467,0.026964
DM-22466,0.083591
DM-22465,0.005469
DM-22464,0.019271
DM-22463,0.157914
DM-22462,0.540924
DM-22461,0.937669
DM-22460,0.935817
DM-22459,0.446736
DM-22458,0.95222
DM-22457,0.690976
DM-22456,0.411466
DM-22455,0.921922
DM-22454,0.236164
DM-22453,0.013532
DM-22452,0.105579
DM-22451,0.960657
DM-22450,0.899475
DM-22449,0.954984
DM-22448,0.803791
DM-22447,0.873647
DM-22446,0.775945
DM-22445,0.967899
DM-22444,0.884838
DM-22443,0.945399
DM-22442,0.956634
DM-22441,0.861538
DM-22440,0.841826
DM-22439,0.823896
DM-22438,0.698638
DM-22437,0.926835
DM-22436,0.889529
DM-22435,0.908618
DM-22434,0.196518
DM-22433,0.017986
DM-22432,0.930458
DM-22431,0.892187
DM-22430,0.026557
DM-22429,0.049589
DM-22428,0.979823
DM-22427,0.007012
DM-22426,0.701509
DM-22425,0.871912
DM-22424,0.006193
DM-22423,0.974435
DM-22422,0.520496
DM-22421,0.007233
DM-22420,0.51879
DM-22419,0.848471
DM-22418,0.853913
DM-22417,0.011961
DM-22416,0.964321
DM-22415,0.178956
DM-22414,0.724481
DM-22413,0.069038
DM-22412,0.020177
DM-22411,0.349033
DM-22410,0.484868
DM-22409,0.905322
DM-22408,0.887205
DM-22407,0.661376
DM-22406,0.768386
DM-22405,0.192236
DM-22404,0.985496
DM-22403,0.923039
DM-22402,0.985158
DM-22401,0.800068
DM-22400,0.525125
DM-22399,0.976129
DM-22398,0.649412
DM-22397,0.977714
DM-22396,0.020332
DM-22395,0.312475
DM-22394,0.169681
DM-22393,0.831143
DM-22392,0.17245
DM-22391,0.248352
DM-22390,0.007233
DM-22389,0.009413
DM-22388,0.121686
DM-22387,0.048677
DM-22386,0.033844
DM-22385,0.012432
DM-22384,0.039343
DM-22383,0.971992
DM-22382,0.179531
DM-22381,0.910545
DM-22380,0.011869
DM-22379,0.483892
DM-22378,0.011072
DM-22377,0.00582
DM-22376,0.375191
DM-22375,0.962953
DM-22374,0.962108
DM-22373,0.040541
DM-22372,0.006693
DM-22371,0.056862
DM-22370,0.866133
DM-22369,0.873215
DM-22368,0.016153
DM-22367,0.899121
DM-22366,0.00483
DM-22365,0.036494
DM-22364,0.012147
DM-22363,0.83868
DM-22362,0.060529
DM-22361,0.160529
DM-22360,0.226955
DM-22359,0.400749
DM-22358,0.060529
DM-22354,0.160529
DM-22353,0.198685
DM-22352,0.039048
DM-22351,0.247805
DM-22350,0.013849
DM-22349,0.065605
DM-22348,0.160529
DM-22347,0.656108
DM-22346,0.125493
DM-22345,0.932453
DM-22343,0.160529
DM-22342,0.926304
DM-22341,0.017177
DM-22340,0.032344
DM-22339,0.323701
DM-22338,0.015664
DM-22337,0.662796
DM-22336,0.007012
DM-22335,0.196826
DM-22334,0.457137
DM-22333,0.007756
DM-22332,0.012432
DM-22331,0.197135
DM-22330,0.009559
DM-22329,0.840783
DM-22328,0.402157
DM-22327,0.182717
DM-22326,0.140572
DM-22325,0.123366
DM-22324,0.363026
DM-22323,0.178383
DM-22322,0.188324
DM-22321,0.152789
DM-22320,0.190423
DM-22319,0.160003
DM-22318,0.179531
DM-22317,0.151781
DM-22316,0.172172
DM-22315,0.045353
DM-22314,0.034359
DM-22313,0.035679
DM-22312,0.108945
DM-22311,0.191026
DM-22310,0.146575
DM-22309,0.140336
DM-22308,0.100525
DM-22307,0.017177
DM-22306,0.039639
DM-22305,0.724286
DM-22304,0.021125
DM-22303,0.01057
DM-22302,0.012336
DM-22301,0.636833
DM-22300,0.205934
DM-22299,0.784649
DM-22298,0.950041
DM-22297,0.039639
DM-22296,0.015785
DM-22295,0.979668
DM-22294,0.053601
DM-22293,0.449876
DM-22292,0.927363
DM-22291,0.171894
DM-22290,0.707809
DM-22289,0.785966
DM-22288,0.130064
DM-22287,0.024238
DM-22286,0.020804
DM-22285,0.099821
DM-22284,0.863392
DM-22283,0.014392
DM-22281,0.343507
DM-22279,0.04778
DM-22278,0.054601
DM-22277,0.012528
DM-22276,0.101947
DM-22275,0.045692
DM-22274,0.169681
DM-22273,0.721547
DM-22272,0.278944
DM-22271,0.890294
DM-22270,0.133415
DM-22269,0.461502
DM-22268,0.035679
DM-22267,0.030444
DM-22266,0.581184
DM-22265,0.014064
DM-22264,0.224395
DM-22263,0.063251
DM-22262,0.117978
DM-22261,0.110856
DM-22260,0.007346
DM-22259,0.017442
DM-22258,0.063019
DM-22257,0.947769
DM-22256,0.099121
DM-22255,0.279435
DM-22254,0.906653
DM-22253,0.90261
DM-22252,0.944995
DM-22251,0.33818
DM-22250,0.013956
DM-22249,0.07921
DM-22248,0.802246
DM-22247,0.283186
DM-22246,0.324771
DM-22245,0.341363
DM-22244,0.038466
DM-22243,0.129403
DM-22242,0.041462
DM-22241,0.02976
DM-22240,0.056652
DM-22239,0.028871
DM-22238,0.190122
DM-22237,0.564579
DM-22236,0.103024
DM-22235,0.080937
DM-22234,0.794066
DM-22233,0.828939
DM-22232,0.013532
DM-22231,0.570571
DM-22230,0.008188
DM-22229,0.666171
DM-22228,0.020489
DM-22227,0.00934
DM-22226,0.050705
DM-22225,0.016785
DM-22224,0.103024
DM-22223,0.033844
DM-22222,0.812867
DM-22221,0.035411
DM-22220,0.008847
DM-22219,0.369998
DM-22218,0.017442
DM-22217,0.006798
DM-22216,0.034881
DM-22215,0.059428
DM-22214,0.062103
DM-22213,0.038178
DM-22212,0.096025
DM-22211,0.9462
DM-22210,0.598077
DM-22209,0.005555
DM-22208,0.45181
DM-22207,0.17441
DM-22206,0.179531
DM-22205,0.012054
DM-22204,0.876634
DM-22203,0.070816
DM-22202,0.01292
DM-22201,0.023871
DM-22200,0.147065
DM-22199,0.780662
DM-22198,0.006193
DM-22197,0.595845
DM-22196,0.082107
DM-22195,0.801625
DM-22194,0.026557
DM-22193,0.245537
DM-22192,0.022457
DM-22191,0.015425
DM-22190,0.16398
DM-22189,0.27048
DM-22188,0.34798
DM-22187,0.202443
DM-22185,0.331877
DM-22184,0.059428
DM-22183,0.039937
DM-22182,0.010408
DM-22181,0.140336
DM-22180,0.174692
DM-22179,0.437223
DM-22178,0.008577
DM-22177,0.008125
DM-22176,0.017986
DM-22175,0.974043
DM-22174,0.878731
DM-22173,0.779322
DM-22172,0.926304
DM-22171,0.955651
DM-22170,0.963506
DM-22169,0.052619
DM-22168,0.051463
DM-22167,0.00582
DM-22166,0.002935
DM-22165,0.452294
DM-22164,0.014282
DM-22163,0.942929
DM-22162,0.57344
DM-22161,0.045016
DM-22160,0.005385
DM-22159,0.004905
DM-22158,0.00461
DM-22157,0.667364
DM-22156,0.920218
DM-22155,0.069542
DM-22154,0.037609
DM-22153,0.0538
DM-22152,0.013223
DM-22151,0.617368
DM-22150,0.223716
DM-22149,0.825027
DM-22148,0.011158
DM-22147,0.050705
DM-22146,0.044019
DM-22145,0.942082
DM-22144,0.280025
DM-22143,0.028436
DM-22142,0.104112
DM-22141,0.731251
DM-22140,0.940353
DM-22139,0.008644
DM-22138,0.010014
DM-22137,0.428473
DM-22136,0.005911
DM-22135,0.961244
DM-22134,0.014616
DM-22133,0.933915
DM-22132,0.893681
DM-22131,0.346291
DM-22130,0.058346
DM-22129,0.121686
DM-22128,0.867036
DM-22127,0.225246
DM-22126,0.158174
DM-22125,0.029312
DM-22124,0.030676
DM-22123,0.074231
DM-22122,0.69368
DM-22121,0.176388
DM-22120,0.020804
DM-22119,0.152284
DM-22118,0.315209
DM-22117,0.247987
DM-22116,0.021781
DM-22115,0.010902
DM-22114,0.035145
DM-22113,0.077797
DM-22112,0.809878
DM-22111,0.019271
DM-22110,0.044349
DM-22109,0.459076
DM-22108,0.003765
DM-22107,0.32461
DM-22106,0.017442
DM-22105,0.041774
DM-22104,0.962391
DM-22103,0.03359
DM-22102,0.522933
DM-22101,0.251832
DM-22100,0.92523
DM-22099,0.76769
DM-22098,0.611846
DM-22097,0.376852
DM-22096,0.037892
DM-22095,0.303835
DM-22094,0.949295
DM-22093,0.050331
DM-22092,0.055209
DM-22091,0.010091
DM-22090,0.01292
DM-22089,0.892187
DM-22088,0.461502
DM-22087,0.159479
DM-22086,0.158174
DM-22085,0.962391
DM-22084,0.159479
DM-22083,0.029535
DM-22082,0.062103
DM-22081,0.170508
DM-22080,0.655446
DM-22079,0.007233
DM-22078,0.951142
DM-22077,0.034619
DM-22076,0.509032
DM-22075,0.888759
DM-22074,0.896976
DM-22073,0.846958
DM-22072,0.609573
DM-22071,0.973844
DM-22070,0.768386
DM-22069,0.924142
DM-22068,0.963506
DM-22067,0.025179
DM-22066,0.025565
DM-22065,0.019569
DM-22064,0.17245
DM-22063,0.015664
DM-22062,0.927888
DM-22061,0.244183
DM-22060,0.913677
DM-22059,0.913058
DM-22058,0.725454
DM-22057,0.818156
DM-22056,0.884039
DM-22055,0.914901
DM-22054,0.796609
DM-22053,0.089455
DM-22052,0.310485
DM-22051,0.483161
DM-22050,0.022977
DM-22049,0.583322
DM-22048,0.590071
DM-22046,0.057705
DM-22045,0.087564
DM-22044,0.910545
DM-22043,0.693058
DM-22042,0.696681
DM-22041,0.964052
DM-22040,0.175538
DM-22039,0.582491
DM-22038,0.813757
DM-22037,0.278944
DM-22036,0.830044
DM-22035,0.175256
DM-22034,0.128088
DM-22033,0.005385
DM-22032,0.934395
DM-22031,0.038178
DM-22030,0.350366
DM-22029,0.115561
DM-22028,0.005642
DM-22027,0.010902
DM-22026,0.937211
DM-22025,0.848972
DM-22024,0.443841
DM-22023,0.90261
DM-22022,0.724286
DM-22021,0.517571
DM-22020,0.115561
DM-22019,0.937211
DM-22018,0.91848
DM-22017,0.211091
DM-22016,0.344774
DM-22015,0.671201
DM-22014,0.903975
DM-22013,0.171338
DM-22012,0.401219
DM-22011,0.980281
DM-22010,0.577972
DM-22009,0.495606
DM-22008,0.442155
DM-22007,0.983723
DM-22006,0.007346
DM-22005,0.016403
DM-22004,0.291182
DM-22003,0.595845
DM-22002,0.582016
DM-22001,0.006693
DM-22000,0.043691
DM-21999,0.022117
DM-21998,0.008916
DM-21997,0.040238
DM-21996,0.049959
DM-21995,0.915507
DM-21994,0.166134
DM-21993,0.024423
DM-21992,0.095687
DM-21991,0.010408
DM-21990,0.00522
DM-21989,0.065128
DM-21988,0.033844
DM-21987,0.025179
DM-21986,0.030215
DM-21985,0.173849
DM-21984,0.577257
DM-21983,0.44746
DM-21982,0.017849
DM-21981,0.060087
DM-21980,0.352146
DM-21979,0.01142
DM-21978,0.676085
DM-21977,0.413951
DM-21976,0.167491
DM-21975,0.796925
DM-21974,0.96862
DM-21973,0.42179
DM-21972,0.411111
DM-21971,0.08389
DM-21970,0.228156
DM-21969,0.927888
DM-21968,0.421076
DM-21967,0.402862
DM-21966,0.684791
DM-21965,0.010987
DM-21964,0.101233
DM-21963,0.107063
DM-21962,0.902952
DM-21961,0.044681
DM-21960,0.417984
DM-21959,0.044349
DM-21958,0.621426
DM-21957,0.77081
DM-21956,0.969556
DM-21955,0.029987
DM-21954,0.225758
DM-21953,0.289975
DM-21952,0.301568
DM-21951,0.168857
DM-21950,0.280222
DM-21949,0.007233
DM-21948,0.00522
DM-21947,0.394434
DM-21946,0.97539
DM-21945,0.964321
DM-21944,0.956957
DM-21943,0.97631
DM-21942,0.801004
DM-21941,0.872347
DM-21940,0.728362
DM-21939,0.923592
DM-21938,0.883638
DM-21937,0.951142
DM-21936,0.94079
DM-21935,0.329014
DM-21934,0.029987
DM-21933,0.57821
DM-21932,0.611614
DM-21931,0.982151
DM-21930,0.970688
DM-21929,0.008446
DM-21928,0.009413
DM-21927,0.986151
DM-21926,0.974435
DM-21925,0.052231
DM-21924,0.670932
DM-21923,0.157137
DM-21922,0.876634
DM-21921,0.017577
DM-21920,0.366136
DM-21919,0.952926
DM-21918,0.014064
DM-21917,0.889912
DM-21916,0.203708
DM-21915,0.938124
DM-21914,0.027169
DM-21913,0.011158
DM-21912,0.328314
DM-21911,0.9462
DM-21910,0.903294
DM-21909,0.762424
DM-21908,0.026557
DM-21907,0.944177
DM-21906,0.931463
DM-21905,0.021287
DM-21904,0.876211
DM-21903,0.183594
DM-21902,0.976847
DM-21901,0.985936
DM-21900,0.951863
DM-21899,0.025761
DM-21898,0.946597
DM-21897,0.936749
DM-21896,0.713631
DM-21895,0.005555
DM-21894,0.978052
DM-21893,0.980729
DM-21892,0.974043
DM-21891,0.331228
DM-21890,0.914596
DM-21889,0.927363
DM-21888,0.968141
DM-21887,0.040541
DM-21886,0.868381
DM-21885,0.949669
DM-21884,0.041153
DM-21883,0.016785
DM-21882,0.021451
DM-21881,0.021781
DM-21880,0.380759
DM-21879,0.728748
DM-21878,0.09947
DM-21877,0.921922
DM-21876,0.046378
DM-21875,0.973645
DM-21874,0.914291
DM-21873,0.128525
DM-21872,0.037047
DM-21871,0.851953
DM-21870,0.904987
DM-21869,0.232833
DM-21868,0.010249
DM-21867,0.248717
DM-21866,0.968141
DM-21865,0.964589
DM-21864,0.967163
DM-21863,0.593138
DM-21862,0.964855
DM-21861,0.96741
DM-21860,0.961822
DM-21859,0.008
DM-21858,0.101233
DM-21857,0.010489
DM-21856,0.966156
DM-21855,0.124639
DM-21854,0.699254
DM-21853,0.008985
DM-21852,0.030444
DM-21851,0.978219
DM-21850,0.956957
DM-21849,0.92944
DM-21848,0.977023
DM-21847,0.037609
DM-21846,0.020177
DM-21845,0.007233
DM-21844,0.643154
DM-21843,0.003824
DM-21842,0.006693
DM-21841,0.009708
DM-21840,0.934395
DM-21839,0.006693
DM-21838,0.832237
DM-21837,0.582402
DM-21836,0.86431
DM-21835,0.962953
DM-21834,0.417271
DM-21833,0.00514
DM-21832,0.007461
DM-21831,0.197444
DM-21830,0.384219
DM-21829,0.035145
DM-21828,0.115162
DM-21827,0.819316
DM-21826,0.026355
DM-21825,0.853425
DM-21824,0.842345
DM-21823,0.937669
DM-21822,0.014504
DM-21821,0.048858
DM-21820,0.90261
DM-21819,0.419886
DM-21818,0.189521
DM-21817,0.79053
DM-21816,0.816991
DM-21815,0.051463
DM-21814,0.298798
DM-21813,0.029535
DM-21812,0.275519
DM-21811,0.680666
DM-21810,0.874507
DM-21809,0.037609
DM-21808,0.055005
DM-21807,0.909265
DM-21806,0.938576
DM-21805,0.007121
DM-21804,0.006693
DM-21803,0.980729
DM-21802,0.111241
DM-21801,0.026964
DM-21800,0.982151
DM-21799,0.544559
DM-21798,0.120026
DM-21797,0.521471
DM-21796,0.160003
DM-21795,0.943348
DM-21794,0.474631
DM-21793,0.082697
DM-21792,0.137996
DM-21791,0.020332
DM-21790,0.621699
DM-21789,0.028221
DM-21788,0.956957
DM-21787,0.024238
DM-21786,0.107813
DM-21785,0.223038
DM-21784,0.898053
DM-21782,0.199932
DM-21781,0.483405
DM-21780,0.47025
DM-21779,0.036769
DM-21778,0.242564
DM-21777,0.855851
DM-21776,0.78233
DM-21775,0.669448
DM-21774,0.956634
DM-21773,0.864768
DM-21772,0.823328
DM-21771,0.9659
DM-21770,0.953622
DM-21769,0.968381
DM-21768,0.975946
DM-21767,0.99341
DM-21766,0.852445
DM-21765,0.961822
DM-21764,0.986151
DM-21763,0.976669
DM-21762,0.894789
DM-21761,0.974435
DM-21760,0.945399
DM-21759,0.512693
DM-21758,0.97539
DM-21757,0.072374
DM-21756,0.464416
DM-21755,0.178097
DM-21754,0.240239
DM-21753,0.246896
DM-21752,0.574395
DM-21751,0.80502
DM-21750,0.169131
DM-21749,0.062789
DM-21748,0.008511
DM-21747,0.870597
DM-21746,0.055005
DM-21745,0.919643
DM-21744,0.008916
DM-21743,0.616128
DM-21742,0.353903
DM-21741,0.877477
DM-21740,0.973443
DM-21739,0.088505
DM-21738,0.375706
DM-21737,0.904313
DM-21736,0.537041
DM-21735,0.033844
DM-21734,0.154823
DM-21733,0.349644
DM-21732,0.311322
DM-21731,0.41324
DM-21730,0.071332
DM-21729,0.006488
DM-21728,0.604749
DM-21727,0.642425
DM-21726,0.676834
DM-21725,0.006193
DM-21724,0.006388
DM-21723,0.016029
DM-21722,0.003594
DM-21721,0.00934
DM-21720,0.045016
DM-21719,0.103024
DM-21718,0.927888
DM-21717,0.07343
DM-21716,0.464902
DM-21715,0.980581
DM-21714,0.98983
DM-21713,0.990441
DM-21712,0.962391
DM-21711,0.117978
DM-21710,0.982288
DM-21709,0.008188
DM-21708,0.803174
DM-21707,0.017712
DM-21706,0.927363
DM-21705,0.060308
DM-21704,0.043691
DM-21703,0.018689
DM-21702,0.01292
DM-21701,0.030215
DM-21700,0.008446
DM-21699,0.517083
DM-21698,0.014616
DM-21697,0.006798
DM-21696,0.819026
DM-21695,0.840783
DM-21694,0.549157
DM-21693,0.00514
DM-21692,0.014282
DM-21691,0.041462
DM-21690,0.018264
DM-21689,0.713432
DM-21688,0.955319
DM-21687,0.731826
DM-21686,0.818156
DM-21685,0.784319
DM-21684,0.610453
DM-21683,0.034619
DM-21682,0.009634
DM-21681,0.03259
DM-21680,0.024238
DM-21679,0.013325
DM-21678,0.037609
DM-21677,0.950778
DM-21664,0.759582
DM-21663,0.014064
DM-21662,0.017712
DM-21661,0.022629
DM-21660,0.900879
DM-21659,0.808974
DM-21658,0.933431
DM-21657,0.010091
DM-21656,0.011778
DM-21655,0.012625
DM-21654,0.015906
DM-21653,0.914596
DM-21648,0.957912
DM-21647,0.957912
DM-21646,0.010818
DM-21643,0.972623
DM-21642,0.016403
DM-21641,0.012147
DM-21640,0.161585
DM-21639,0.908618
DM-21637,0.942929
DM-21636,0.802246
DM-21635,0.026759
DM-21634,0.029987
DM-21633,0.855851
DM-21632,0.026964
DM-21631,0.018125
DM-21630,0.025957
DM-21629,0.019271
DM-21628,0.031619
DM-21627,0.027796
DM-21626,0.914596
DM-21625,0.803174
DM-21614,0.392337
DM-21613,0.785966
DM-21612,0.016153
DM-21611,0.009413
DM-21610,0.012241
DM-21609,0.01302
DM-21608,0.013956
DM-21607,0.857768
DM-21606,0.487307
DM-21605,0.974435
DM-21604,0.026557
DM-21603,0.361503
DM-21602,0.133868
DM-21601,0.013121
DM-21600,0.018125
DM-21599,0.016029
DM-21598,0.465873
DM-21597,0.982955
DM-21596,0.032344
DM-21595,0.015073
DM-21594,0.429669
DM-21593,0.978713
DM-21592,0.893681
DM-21591,0.951863
DM-21590,0.919353
DM-21589,0.956634
DM-21588,0.017442
DM-21587,0.020964
DM-21586,0.021287
DM-21585,0.020023
DM-21584,0.023509
DM-21583,0.967899
DM-21582,0.011778
DM-21581,0.044681
DM-21580,0.03359
DM-21579,0.029987
DM-21578,0.026759
DM-21577,0.026964
DM-21576,0.021615
DM-21575,0.984094
DM-21574,0.962953
DM-21572,0.954308
DM-21571,0.305076
DM-21570,0.224906
DM-21569,0.024054
DM-21568,0.016915
DM-21567,0.010408
DM-21566,0.228673
DM-21565,0.031144
DM-21564,0.017986
DM-21563,0.02461
DM-21562,0.015189
DM-21561,0.326916
DM-21560,0.012241
DM-21559,0.012336
DM-21558,0.012528
DM-21557,0.431105
DM-21556,0.677687
DM-21555,0.729134
DM-21554,0.753104
DM-21553,0.040238
DM-21552,0.010091
DM-21551,0.014392
DM-21550,0.014729
DM-21549,0.750004
DM-21548,0.955981
DM-21547,0.962391
DM-21546,0.01653
DM-21545,0.171894
DM-21544,0.018978
DM-21543,0.915507
DM-21542,0.973037
DM-21541,0.01653
DM-21540,0.327346
DM-21539,0.015544
DM-21538,0.945801
DM-21537,0.977197
DM-21536,0.943348
DM-21535,0.015425
DM-21534,0.028221
DM-21533,0.029091
DM-21532,0.801315
DM-21531,0.078642
DM-21530,0.939025
DM-21529,0.09947
DM-21528,0.00506
DM-21527,0.715623
DM-21526,0.045353
DM-21525,0.085404
DM-21524,0.979195
DM-21523,0.479016
DM-21522,0.181553
DM-21521,0.023871
DM-21520,0.938576
DM-21519,0.09236
DM-21518,0.82559
DM-21517,0.977714
DM-21516,0.020804
DM-21515,0.561696
DM-21506,0.107813
DM-21505,0.739046
DM-21504,0.504883
DM-21503,0.006904
DM-21502,0.008847
DM-21501,0.055413
DM-21500,0.006693
DM-21499,0.297942
DM-21498,0.100525
DM-21497,0.987568
DM-21496,0.987568
DM-21495,0.821044
DM-21494,0.956309
DM-21493,0.969556
DM-21492,0.039639
DM-21491,0.021781
DM-21490,0.011158
DM-21489,0.047426
DM-21488,0.008511
DM-21487,0.553988
DM-21486,0.208824
DM-21485,0.05301
DM-21484,0.047074
DM-21483,0.835484
DM-21482,0.011687
DM-21481,0.082107
DM-21480,0.725649
DM-21479,0.788257
DM-21478,0.840259
DM-21477,0.973645
DM-21476,0.862468
DM-21475,0.829492
DM-21474,0.317162
DM-21473,0.788909
DM-21472,0.132515
DM-21471,0.876211
DM-21470,0.019419
DM-21469,0.981167
DM-21468,0.868827
DM-21467,0.979354
DM-21466,0.438064
DM-21465,0.725065
DM-21464,0.215681
DM-21463,0.315525
DM-21462,0.849472
DM-21461,0.951863
DM-21460,0.181553
DM-21459,0.021287
DM-21458,0.007696
DM-21457,0.054399
DM-21456,0.01292
DM-21455,0.008316
DM-21454,0.00838
DM-21453,0.016153
DM-21452,0.008446
DM-21451,0.975012
DM-21450,0.323033
DM-21449,0.650606
DM-21448,0.971347
DM-21447,0.936749
DM-21446,0.864768
DM-21445,0.894052
DM-21444,0.980876
DM-21443,0.970909
DM-21442,0.978052
DM-21441,0.825027
DM-21440,0.654163
DM-21439,0.01292
DM-21438,0.953275
DM-21437,0.057493
DM-21436,0.014504
DM-21435,0.062103
DM-21434,0.478041
DM-21433,0.951142
DM-21432,0.138229
DM-21431,0.208018
DM-21430,0.118385
DM-21429,0.341802
DM-21428,0.832781
DM-21427,0.920218
DM-21426,0.030909
DM-21425,0.67405
DM-21424,0.075585
DM-21423,0.395601
DM-21422,0.013325
DM-21421,0.984811
DM-21420,0.009126
DM-21419,0.860134
DM-21418,0.283583
DM-21417,0.014616
DM-21416,0.328206
DM-21415,0.688049
DM-21414,0.67104
DM-21413,0.426799
DM-21412,0.853425
DM-21411,0.422028
DM-21410,0.838151
DM-21409,0.069289
DM-21408,0.599016
DM-21407,0.369088
DM-21406,0.070816
DM-21405,0.830044
DM-21404,0.047074
DM-21403,0.049773
DM-21402,0.060752
DM-21401,0.652546
DM-21400,0.211743
DM-21399,0.135232
DM-21398,0.155848
DM-21397,0.934873
DM-21396,0.964589
DM-21395,0.86431
DM-21394,0.381335
DM-21393,0.204978
DM-21392,0.792143
DM-21391,0.020489
DM-21390,0.892937
DM-21389,0.042722
DM-21388,0.35031
DM-21387,0.115361
DM-21386,0.031619
DM-21385,0.213705
DM-21384,0.955981
DM-21383,0.050894
DM-21382,0.984215
DM-21381,0.007756
DM-21380,0.69451
DM-21379,0.0341
DM-21378,0.771499
DM-21377,0.733165
DM-21376,0.830044
DM-21375,0.546738
DM-21374,0.294824
DM-21373,0.213705
DM-21372,0.589835
DM-21371,0.070049
DM-21370,0.967899
DM-21369,0.47171
DM-21368,0.037047
DM-21367,0.108945
DM-21366,0.722918
DM-21365,0.007233
DM-21364,0.129403
DM-21363,0.125493
DM-21362,0.255158
DM-21361,0.027169
DM-21360,0.107063
DM-21359,0.011687
DM-21358,0.506836
DM-21357,0.052231
DM-21356,0.016915
DM-21355,0.008
DM-21354,0.588416
DM-21353,0.889912
DM-21352,0.235284
DM-21351,0.930962
DM-21350,0.96741
DM-21349,0.043691
DM-21348,0.203708
DM-21347,0.056652
DM-21346,0.07836
DM-21345,0.07836
DM-21344,0.03138
DM-21343,0.00461
DM-21342,0.022629
DM-21341,0.955651
DM-21340,0.724091
DM-21339,0.060308
DM-21338,0.763836
DM-21337,0.971129
DM-21336,0.914901
DM-21335,0.111628
DM-21334,0.043691
DM-21333,0.928409
DM-21332,0.009784
DM-21331,0.904651
DM-21330,0.120853
DM-21329,0.416085
DM-21328,0.772874
DM-21327,0.973443
DM-21326,0.68679
DM-21325,0.763131
DM-21324,0.034619
DM-21323,0.956957
DM-21322,0.847968
DM-21321,0.975946
DM-21320,0.06165
DM-21319,0.020964
DM-21318,0.015073
DM-21317,0.867036
DM-21316,0.238462
DM-21315,0.066327
DM-21314,0.024238
DM-21313,0.890675
DM-21312,0.983971
DM-21311,0.940353
DM-21310,0.005469
DM-21309,0.082107
DM-21308,0.521715
DM-21307,0.537284
DM-21306,0.037047
DM-21305,0.040846
DM-21304,0.945399
DM-21303,0.814643
DM-21302,0.982691
DM-21301,0.024054
DM-21300,0.810479
DM-21299,0.50293
DM-21298,0.164248
DM-21297,0.789234
DM-21296,0.234933
DM-21295,0.753829
DM-21294,0.035411
DM-21293,0.948917
DM-21292,0.937211
DM-21291,0.267408
DM-21290,0.78695
DM-21289,0.78695
DM-21288,0.867934
DM-21287,0.033844
DM-21286,0.249447
DM-21285,0.31279
DM-21284,0.831691
DM-21283,0.983847
DM-21282,0.930962
DM-21281,0.132964
DM-21280,0.242206
DM-21279,0.368633
DM-21278,0.755276
DM-21277,0.955651
DM-21276,0.703753
DM-21275,0.871475
DM-21274,0.699254
DM-21273,0.626753
DM-21272,0.057705
DM-21271,0.115961
DM-21270,0.439266
DM-21269,0.031144
DM-21268,0.015306
DM-21267,0.104477
DM-21266,0.599954
DM-21265,0.983723
DM-21264,0.780662
DM-21263,0.944587
DM-21262,0.777638
DM-21261,0.526343
DM-21260,0.980129
DM-21259,0.155591
DM-21258,0.018689
DM-21257,0.009197
DM-21256,0.028221
DM-21255,0.726814
DM-21254,0.921358
DM-21253,0.176672
DM-21252,0.830594
DM-21251,0.65368
DM-21250,0.539469
DM-21249,0.934395
DM-21248,0.015664
DM-21247,0.485844
DM-21246,0.897336
DM-21245,0.07921
DM-21244,0.795022
DM-21243,0.961244
DM-21242,0.899475
DM-21241,0.067056
DM-21240,0.026557
DM-21239,0.007233
DM-21238,0.017045
DM-21237,0.008644
DM-21236,0.222025
DM-21235,0.202759
DM-21234,0.201499
DM-21233,0.923592
DM-21232,0.972204
DM-21231,0.98347
DM-21230,0.055209
DM-21229,0.015664
DM-21228,0.973241
DM-21227,0.808672
DM-21226,0.140808
DM-21225,0.917006
DM-21224,0.047426
DM-21223,0.769427
DM-21222,0.614741
DM-21221,0.679498
DM-21220,0.037327
DM-21219,0.047426
DM-21218,0.469034
DM-21217,0.013325
DM-21216,0.011508
DM-21215,0.02976
DM-21214,0.054803
DM-21213,0.817574
DM-21212,0.307852
DM-21211,0.018689
DM-21210,0.012432
DM-21209,0.968381
DM-21208,0.075041
DM-21207,0.458106
DM-21206,0.037609
DM-21205,0.453504
DM-21204,0.825027
DM-21203,0.930962
DM-21202,0.037892
DM-21201,0.956957
DM-21200,0.027585
DM-21199,0.068289
DM-21198,0.064653
DM-21197,0.014504
DM-21196,0.033844
DM-21195,0.161585
DM-21194,0.919643
DM-21193,0.34603
DM-21192,0.755997
DM-21191,0.461745
DM-21190,0.511229
DM-21189,0.007121
DM-21188,0.382141
DM-21187,0.007696
DM-21186,0.405213
DM-21185,0.087564
DM-21184,0.314814
DM-21183,0.045353
DM-21182,0.049959
DM-21181,0.059866
DM-21180,0.077518
DM-21179,0.832237
DM-21178,0.024238
DM-21177,0.067056
DM-21176,0.890294
DM-21175,0.932453
DM-21174,0.867934
DM-21173,0.01292
DM-21172,0.008062
DM-21171,0.217504
DM-21170,0.020177
DM-21169,0.019124
DM-21168,0.878314
DM-21167,0.931463
DM-21166,0.936285
DM-21165,0.087876
DM-21164,0.894789
DM-21163,0.402862
DM-21162,0.962673
DM-21161,0.163445
DM-21160,0.802556
DM-21159,0.28877
DM-21158,0.333937
DM-21157,0.009268
DM-21156,0.004905
DM-21155,0.971347
DM-21154,0.010328
DM-21153,0.01302
DM-21152,0.454714
DM-21151,0.135232
DM-21150,0.809878
DM-21149,0.953966
DM-21148,0.975577
DM-21147,0.892563
DM-21146,0.963506
DM-21145,0.552057
DM-21144,0.108566
DM-21143,0.004905
DM-21142,0.740174
DM-21141,0.021125
DM-21140,0.039639
DM-21139,0.874507
DM-21138,0.178669
DM-21137,0.392453
DM-21136,0.689096
DM-21135,0.483892
DM-21134,0.373647
DM-21133,0.07343
DM-21132,0.068537
DM-21131,0.342709
DM-21130,0.731059
DM-21129,0.016277
DM-21128,0.06489
DM-21127,0.119203
DM-21126,0.653293
DM-21125,0.044019
DM-21124,0.007519
DM-21123,0.043691
DM-21122,0.135232
DM-21121,0.187728
DM-21120,0.394667
DM-21119,0.970909
DM-21118,0.860604
DM-21117,0.754915
DM-21116,0.940353
DM-21115,0.754553
DM-21114,0.935817
DM-21113,0.02976
DM-21112,0.978549
DM-21111,0.960952
DM-21110,0.158435
DM-21109,0.011687
DM-21108,0.941223
DM-21107,0.085404
DM-21106,0.823328
DM-21105,0.782663
DM-21104,0.019871
DM-21103,0.015906
DM-21102,0.335514
DM-21101,0.608667
DM-21100,0.6488
DM-21099,0.037892
DM-21098,0.953622
DM-21097,0.824462
DM-21096,0.989986
DM-21095,0.393618
DM-21094,0.011961
DM-21093,0.969785
DM-21092,0.024988
DM-21091,0.03259
DM-21090,0.704973
DM-21089,0.838151
DM-21088,0.943348
DM-21087,0.007121
DM-21086,0.981736
DM-21085,0.873215
DM-21084,0.911495
DM-21083,0.947769
DM-21082,0.821044
DM-21081,0.759225
DM-21080,0.123366
DM-21079,0.945399
DM-21078,0.007012
DM-21077,0.934873
DM-21076,0.953622
DM-21075,0.14731
DM-21074,0.314274
DM-21073,0.029312
DM-21072,0.007938
DM-21071,0.020646
DM-21070,0.017986
DM-21069,0.198064
DM-21068,0.005469
DM-21067,0.90053
DM-21066,0.958847
DM-21065,0.17441
DM-21064,0.247441
DM-21063,0.833325
DM-21062,0.974435
DM-21061,0.121269
DM-21060,0.004265
DM-21059,0.020964
DM-21058,0.535584
DM-21057,0.007696
DM-21056,0.028871
DM-21055,0.008985
DM-21054,0.188623
DM-21053,0.204183
DM-21052,0.27513
DM-21051,0.163713
DM-21050,0.619471
DM-21049,0.880386
DM-21048,0.005642
DM-21047,0.858719
DM-21046,0.512693
DM-21045,0.934395
DM-21044,0.629006
DM-21043,0.823328
DM-21042,0.917006
DM-21041,0.226784
DM-21040,0.349436
DM-21039,0.01142
DM-21038,0.587115
DM-21037,0.130285
DM-21036,0.167219
DM-21035,0.901921
DM-21034,0.126785
DM-21033,0.594434
DM-21032,0.461745
DM-21031,0.708414
DM-21030,0.905322
DM-21029,0.055823
DM-21028,0.06256
DM-21027,0.313788
DM-21026,0.077239
DM-21025,0.914291
DM-21024,0.007696
DM-21023,0.866133
DM-21022,0.491944
DM-21021,0.984694
DM-21020,0.32595
DM-21019,0.037892
DM-21018,0.023153
DM-21017,0.612585
DM-21016,0.817866
DM-21015,0.09236
DM-21014,0.194062
DM-21013,0.833866
DM-21012,0.007938
DM-21011,0.923039
DM-21010,0.00573
DM-21009,0.957278
DM-21008,0.022286
DM-21007,0.974435
DM-21006,0.482429
DM-21005,0.942082
DM-21004,0.180974
DM-21003,0.0341
DM-21002,0.380644
DM-21001,0.783658
DM-21000,0.010489
DM-20999,0.049959
DM-20998,0.375964
DM-20997,0.090735
DM-20996,0.005911
DM-20995,0.050518
DM-20994,0.544801
DM-20993,0.900879
DM-20992,0.95222
DM-20991,0.266071
DM-20990,0.094678
DM-20989,0.44553
DM-20988,0.832237
DM-20987,0.064418
DM-20986,0.224735
DM-20985,0.908293
DM-20984,0.703753
DM-20983,0.727201
DM-20982,0.956309
DM-20981,0.917893
DM-20980,0.054199
DM-20979,0.034359
DM-20978,0.041153
DM-20977,0.089455
DM-20976,0.022803
DM-20975,0.892187
DM-20974,0.957912
DM-20973,0.592549
DM-20972,0.027376
DM-20971,0.975012
DM-20970,0.037327
DM-20969,0.977371
DM-20968,0.084191
DM-20967,0.157137
DM-20966,0.286269
DM-20965,0.724091
DM-20964,0.028221
DM-20963,0.00461
DM-20962,0.011158
DM-20961,0.950041
DM-20960,0.971992
DM-20959,0.009055
DM-20958,0.481454
DM-20957,0.007938
DM-20956,0.021948
DM-20955,0.969785
DM-20954,0.712232
DM-20953,0.944587
DM-20952,0.268366
DM-20951,0.919063
DM-20950,0.727395
DM-20949,0.013849
DM-20948,0.155848
DM-20947,0.302803
DM-20946,0.103386
DM-20945,0.238462
DM-20944,0.009708
DM-20943,0.106319
DM-20942,0.91848
DM-20941,0.21305
DM-20940,0.017045
DM-20939,0.610105
DM-20938,0.059428
DM-20937,0.124639
DM-20936,0.930962
DM-20935,0.20947
DM-20934,0.007461
DM-20933,0.763131
DM-20932,0.057918
DM-20931,0.856332
DM-20930,0.596786
DM-20929,0.005911
DM-20928,0.004982
DM-20927,0.049959
DM-20926,0.204342
DM-20925,0.034359
DM-20924,0.947769
DM-20923,0.011508
DM-20922,0.009486
DM-20921,0.101233
DM-20920,0.615781
DM-20919,0.377082
DM-20918,0.115561
DM-20917,0.008577
DM-20916,0.082402
DM-20915,0.040238
DM-20914,0.025371
DM-20913,0.164516
DM-20912,0.691289
DM-20911,0.823328
DM-20910,0.978549
DM-20909,0.050705
DM-20908,0.027169
DM-20907,0.021615
DM-20906,0.058561
DM-20905,0.176956
DM-20904,0.157655
DM-20903,0.011158
DM-20902,0.00838
DM-20901,0.006798
DM-20900,0.380011
DM-20899,0.403802
DM-20898,0.011158
DM-20897,0.025957
DM-20895,0.961244
DM-20894,0.012625
DM-20893,0.722135
DM-20892,0.036769
DM-20891,0.408749
DM-20890,0.965641
DM-20889,0.899828
DM-20888,0.053403
DM-20887,0.920218
DM-20886,0.68679
DM-20885,0.035145
DM-20884,0.68437
DM-20883,0.948537
DM-20882,0.473414
DM-20881,0.433022
DM-20880,0.895157
DM-20879,0.935346
DM-20878,0.250913
DM-20877,0.114369
DM-20876,0.025957
DM-20875,0.07056
DM-20874,0.831691
DM-20873,0.211743
DM-20872,0.019871
DM-20871,0.179531
DM-20870,0.304869
DM-20869,0.133415
DM-20868,0.031144
DM-20867,0.16398
DM-20866,0.008644
DM-20865,0.875361
DM-20864,0.932944
DM-20863,0.087252
DM-20862,0.951504
DM-20861,0.971564
DM-20860,0.005469
DM-20859,0.876634
DM-20858,0.560253
DM-20857,0.321886
DM-20856,0.396419
DM-20855,0.062331
DM-20854,0.957912
DM-20853,0.943764
DM-20852,0.953622
DM-20851,0.013956
DM-20850,0.7237
DM-20849,0.280814
DM-20848,0.011332
DM-20847,0.473657
DM-20846,0.061199
DM-20845,0.836555
DM-20844,0.114765
DM-20843,0.214034
DM-20842,0.898767
DM-20841,0.017442
DM-20840,0.010818
DM-20839,0.007233
DM-20838,0.920218
DM-20837,0.968381
DM-20836,0.110856
DM-20835,0.793106
DM-20834,0.070049
DM-20833,0.00659
DM-20832,0.702122
DM-20831,0.151278
DM-20830,0.952926
DM-20829,0.9462
DM-20828,0.016153
DM-20827,0.763484
DM-20826,0.883236
DM-20825,0.024423
DM-20824,0.246352
DM-20823,0.538498
DM-20822,0.870597
DM-20821,0.916708
DM-20820,0.882022
DM-20819,0.134321
DM-20818,0.951863
DM-20817,0.419886
DM-20816,0.840783
DM-20815,0.115961
DM-20814,0.013532
DM-20813,0.043691
DM-20812,0.453746
DM-20811,0.030676
DM-20810,0.027585
DM-20809,0.010091
DM-20808,0.668907
DM-20807,0.344113
DM-20806,0.942507
DM-20805,0.010902
DM-20804,0.939471
DM-20803,0.014172
DM-20802,0.018547
DM-20801,0.020332
DM-20800,0.014064
DM-20799,0.01653
DM-20798,0.014504
DM-20797,0.023689
DM-20796,0.016153
DM-20795,0.018405
DM-20794,0.019124
DM-20793,0.015785
DM-20792,0.011332
DM-20791,0.018689
DM-20790,0.014616
DM-20789,0.00461
DM-20788,0.015906
DM-20787,0.015664
DM-20786,0.017577
DM-20785,0.018689
DM-20784,0.018405
DM-20783,0.019271
DM-20782,0.03359
DM-20781,0.229018
DM-20780,0.892187
DM-20779,0.013223
DM-20778,0.262653
DM-20777,0.873647
DM-20776,0.067547
DM-20775,0.027169
DM-20774,0.018405
DM-20773,0.0341
DM-20772,0.040238
DM-20771,0.009126
DM-20770,0.008847
DM-20769,0.150778
DM-20768,0.953622
DM-20767,0.773901
DM-20766,0.060975
DM-20765,0.153042
DM-20764,0.006798
DM-20763,0.935817
DM-20762,0.020646
DM-20761,0.28279
DM-20760,0.023871
DM-20759,0.964052
DM-20758,0.020489
DM-20757,0.053403
DM-20756,0.608187
DM-20755,0.173849
DM-20754,0.899121
DM-20753,0.834407
DM-20752,0.791821
DM-20751,0.020489
DM-20750,0.712432
DM-20749,0.017177
DM-20748,0.081813
DM-20747,0.093347
DM-20746,0.055209
DM-20745,0.274838
DM-20744,0.026557
DM-20743,0.398172
DM-20742,0.490236
DM-20741,0.224395
DM-20740,0.876634
DM-20739,0.035411
DM-20738,0.273866
DM-20737,0.05301
DM-20736,0.151028
DM-20735,0.016029
DM-20734,0.122944
DM-20733,0.029535
DM-20732,0.872347
DM-20731,0.028221
DM-20730,0.867485
DM-20729,0.921358
DM-20728,0.073963
DM-20727,0.061876
DM-20726,0.048137
DM-20725,0.445047
DM-20724,0.046034
DM-20723,0.948917
DM-20722,0.970465
DM-20721,0.041774
DM-20720,0.80502
DM-20719,0.708818
DM-20718,0.421552
DM-20717,0.502441
DM-20716,0.026557
DM-20715,0.946597
DM-20714,0.854399
DM-20713,0.967163
DM-20712,0.051463
DM-20711,0.47098
DM-20710,0.058132
DM-20709,0.088505
DM-20708,0.843895
DM-20707,0.815526
DM-20706,0.947769
DM-20705,0.015189
DM-20704,0.024054
DM-20703,0.968381
DM-20702,0.471223
DM-20701,0.149283
DM-20700,0.222362
DM-20699,0.121269
DM-20698,0.876634
DM-20697,0.903294
DM-20696,0.736021
DM-20695,0.015664
DM-20694,0.262842
DM-20693,0.063715
DM-20692,0.781331
DM-20691,0.059428
DM-20690,0.152789
DM-20689,0.102664
DM-20688,0.396535
DM-20687,0.952574
DM-20686,0.60679
DM-20685,0.497559
DM-20684,0.098425
DM-20683,0.590779
DM-20682,0.596551
DM-20681,0.590543
DM-20680,0.692642
DM-20679,0.705176
DM-20678,0.679604
DM-20677,0.517083
DM-20676,0.480479
DM-20675,0.481941
DM-20674,0.008916
DM-20673,0.106319
DM-20672,0.008
DM-20671,0.982014
DM-20670,0.865679
DM-20669,0.654674
DM-20668,0.465873
DM-20667,0.160266
DM-20666,0.106691
DM-20665,0.032344
DM-20664,0.010987
DM-20663,0.084493
DM-20662,0.629661
DM-20661,0.646028
DM-20660,0.938576
DM-20659,0.012723
DM-20658,0.972415
DM-20657,0.968381
DM-20656,0.838151
DM-20655,0.460046
DM-20654,0.944587
DM-20653,0.900179
DM-20652,0.923592
DM-20651,0.686265
DM-20650,0.307826
DM-20649,0.091058
DM-20648,0.140808
DM-20647,0.114369
DM-20646,0.927363
DM-20645,0.040541
DM-20644,0.241132
DM-20643,0.042404
DM-20642,0.226441
DM-20641,0.043366
DM-20640,0.884838
DM-20639,0.045016
DM-20638,0.814938
DM-20637,0.037327
DM-20636,0.252384
DM-20635,0.664431
DM-20634,0.042404
DM-20633,0.452778
DM-20632,0.932944
DM-20631,0.525612
DM-20630,0.688259
DM-20629,0.871475
DM-20628,0.17245
DM-20627,0.561696
DM-20626,0.259356
DM-20625,0.460289
DM-20624,0.697918
DM-20623,0.021451
DM-20622,0.67822
DM-20621,0.186539
DM-20620,0.664105
DM-20619,0.775265
DM-20618,0.935817
DM-20617,0.483892
DM-20616,0.884039
DM-20615,0.240239
DM-20614,0.89841
DM-20613,0.912124
DM-20612,0.898767
DM-20611,0.078078
DM-20610,0.948155
DM-20609,0.605216
DM-20608,0.888759
DM-20607,0.962391
DM-20606,0.944177
DM-20605,0.83762
DM-20604,0.969324
DM-20603,0.951863
DM-20602,0.890675
DM-20601,0.801004
DM-20600,0.188623
DM-20599,0.587233
DM-20598,0.808672
DM-20597,0.18418
DM-20596,0.089773
DM-20595,0.973844
DM-20594,0.825027
DM-20593,0.934873
DM-20592,0.750553
DM-20591,0.774924
DM-20590,0.254046
DM-20589,0.234231
DM-20588,0.30715
DM-20587,0.435902
DM-20586,0.870597
DM-20585,0.342097
DM-20584,0.085709
DM-20583,0.971779
DM-20582,0.00934
DM-20581,0.060975
DM-20580,0.709019
DM-20579,0.062789
DM-20578,0.665954
DM-20577,0.39257
DM-20576,0.751648
DM-20575,0.067547
DM-20574,0.052231
DM-20573,0.05921
DM-20572,0.050705
DM-20571,0.017712
DM-20570,0.010489
DM-20569,0.144873
DM-20568,0.508788
DM-20567,0.958538
DM-20566,0.456652
DM-20565,0.052231
DM-20564,0.592313
DM-20563,0.871037
DM-20562,0.797872
DM-20561,0.839734
DM-20560,0.401688
DM-20559,0.650412
DM-20558,0.018833
DM-20557,0.051845
DM-20556,0.151278
DM-20555,0.013325
DM-20554,0.028008
DM-20553,0.065605
DM-20552,0.031859
DM-20551,0.076961
DM-20550,0.22627
DM-20549,0.04778
DM-20548,0.445288
DM-20547,0.010014
DM-20546,0.084493
DM-20545,0.03622
DM-20544,0.028653
DM-20543,0.137996
DM-20542,0.980431
DM-20541,0.037047
DM-20540,0.731059
DM-20539,0.522446
DM-20538,0.00506
DM-20537,0.009708
DM-20536,0.010902
DM-20535,0.084493
DM-20534,0.052038
DM-20533,0.184768
DM-20532,0.745398
DM-20531,0.601418
DM-20530,0.868381
DM-20529,0.597373
DM-20528,0.937211
DM-20527,0.045692
DM-20526,0.01292
DM-20525,0.041153
DM-20524,0.519521
DM-20523,0.885235
DM-20522,0.421314
DM-20521,0.549882
DM-20520,0.028653
DM-20519,0.142232
DM-20518,0.397471
DM-20517,0.503906
DM-20516,0.761006
DM-20515,0.628315
DM-20514,0.442636
DM-20513,0.850965
DM-20512,0.069038
DM-20511,0.97539
DM-20510,0.008644
DM-20509,0.447943
DM-20508,0.897336
DM-20507,0.944587
DM-20506,0.811676
DM-20505,0.503906
DM-20504,0.051845
DM-20503,0.110088
DM-20502,0.234407
DM-20501,0.900879
DM-20500,0.321913
DM-20499,0.833866
DM-20498,0.012147
DM-20497,0.620909
DM-20496,0.792464
DM-20495,0.174973
DM-20494,0.008446
DM-20493,0.044019
DM-20492,0.323834
DM-20491,0.040541
DM-20490,0.163179
DM-20489,0.103749
DM-20488,0.075858
DM-20487,0.011332
DM-20486,0.018405
DM-20485,0.263599
DM-20484,0.009936
DM-20483,0.422743
DM-20482,0.483405
DM-20481,0.688468
DM-20480,0.885235
DM-20479,0.623434
DM-20478,0.029987
DM-20477,0.009634
DM-20476,0.192236
DM-20475,0.061424
DM-20474,0.048496
DM-20473,0.058132
DM-20472,0.006488
DM-20471,0.037047
DM-20470,0.011158
DM-20469,0.010818
DM-20468,0.288569
DM-20467,0.00838
DM-20466,0.008779
DM-20465,0.03622
DM-20464,0.013428
DM-20463,0.011869
DM-20462,0.033844
DM-20461,0.02461
DM-20460,0.110471
DM-20459,0.970909
DM-20458,0.005385
DM-20457,0.215681
DM-20456,0.957278
DM-20455,0.021451
DM-20454,0.009055
DM-20453,0.190423
DM-20452,0.044349
DM-20451,0.006798
DM-20450,0.020332
DM-20449,0.628635
DM-20448,0.567218
DM-20447,0.955319
DM-20446,0.909586
DM-20445,0.914291
DM-20444,0.007346
DM-20443,0.964052
DM-20442,0.071851
DM-20441,0.015306
DM-20440,0.067793
DM-20439,0.093017
DM-20438,0.733356
DM-20437,0.905322
DM-20436,0.127218
DM-20435,0.176956
DM-20434,0.107437
DM-20433,0.047074
DM-20432,0.014729
DM-20431,0.884838
DM-20430,0.022977
DM-20429,0.90599
DM-20428,0.757436
DM-20427,0.967899
DM-20426,0.933431
DM-20425,0.101233
DM-20424,0.989672
DM-20423,0.935346
DM-20422,0.506347
DM-20421,0.900879
DM-20420,0.352035
DM-20419,0.913368
DM-20418,0.371593
DM-20417,0.913677
DM-20416,0.883236
DM-20415,0.912436
DM-20414,0.971779
DM-20413,0.959154
DM-20412,0.989986
DM-20411,0.954647
DM-20410,0.945801
DM-20409,0.980129
DM-20408,0.984456
DM-20407,0.903635
DM-20406,0.965119
DM-20405,0.913368
DM-20404,0.910863
DM-20403,0.966663
DM-20402,0.957596
DM-20401,0.98347
DM-20400,0.950778
DM-20399,0.979977
DM-20398,0.960657
DM-20397,0.946597
DM-20396,0.966156
DM-20395,0.919643
DM-20394,0.830594
DM-20393,0.230227
DM-20392,0.886027
DM-20391,0.984927
DM-20390,0.921922
DM-20389,0.882428
DM-20388,0.912124
DM-20387,0.977371
DM-20386,0.984094
DM-20385,0.956309
DM-20384,0.429429
DM-20383,0.07343
DM-20382,0.066569
DM-20381,0.019419
DM-20380,0.006693
DM-20379,0.037327
DM-20378,0.548674
DM-20377,0.007696
DM-20376,0.014064
DM-20375,0.477067
DM-20374,0.97539
DM-20373,0.07477
DM-20372,0.033086
DM-20371,0.792785
DM-20370,0.889529
DM-20369,0.349505
DM-20368,0.080937
DM-20367,0.546254
DM-20366,0.965119
DM-20365,0.66356
DM-20364,0.974821
DM-20363,0.123366
DM-20362,0.828939
DM-20361,0.921922
DM-20360,0.07056
DM-20359,0.219337
DM-20358,0.959459
DM-20357,0.780662
DM-20356,0.649801
DM-20355,0.060975
DM-20354,0.959762
DM-20353,0.010408
DM-20352,0.036494
DM-20351,0.210117
DM-20350,0.319241
DM-20349,0.658088
DM-20348,0.031859
DM-20347,0.015189
DM-20346,0.917006
DM-20345,0.846451
DM-20344,0.962673
DM-20343,0.962673
DM-20342,0.008511
DM-20341,0.138462
DM-20339,0.969556
DM-20338,0.81582
DM-20337,0.014729
DM-20336,0.977023
DM-20335,0.014172
DM-20334,0.776962
DM-20333,0.61451
DM-20332,0.023153
DM-20331,0.728169
DM-20330,0.728169
DM-20329,0.265309
DM-20328,0.705379
DM-20327,0.988492
DM-20326,0.128963
DM-20325,0.103024
DM-20323,0.291888
DM-20322,0.128088
DM-20321,0.091707
DM-20320,0.091707
DM-20319,0.024238
DM-20317,0.563138
DM-20316,0.901227
DM-20315,0.02461
DM-20314,0.894052
DM-20313,0.025761
DM-20312,0.03359
DM-20311,0.982691
DM-20310,0.282196
DM-20309,0.227126
DM-20308,0.871037
DM-20307,0.988313
DM-20306,0.86293
DM-20305,0.326271
DM-20304,0.026964
DM-20303,0.040846
DM-20302,0.051083
DM-20301,0.124639
DM-20300,0.964855
DM-20299,0.645846
DM-20298,0.969091
DM-20297,0.97024
DM-20296,0.830044
DM-20295,0.976847
DM-20294,0.903294
DM-20293,0.889912
DM-20292,0.176956
DM-20291,0.816406
DM-20290,0.043366
DM-20289,0.095349
DM-20288,0.014064
DM-20287,0.008316
DM-20286,0.96641
DM-20285,0.81582
DM-20284,0.005555
DM-20283,0.907967
DM-20282,0.972204
DM-20281,0.046378
DM-20280,0.011778
DM-20279,0.133868
DM-20278,0.104477
DM-20277,0.961822
DM-20276,0.019124
DM-20275,0.037609
DM-20274,0.942082
DM-20273,0.979668
DM-20272,0.010328
DM-20271,0.584153
DM-20270,0.525369
DM-20269,0.539469
DM-20268,0.298389
DM-20267,0.104477
DM-20266,0.9462
DM-20265,0.023331
DM-20264,0.533154
DM-20263,0.101589
DM-20262,0.962673
DM-20261,0.017577
DM-20260,0.061199
DM-20259,0.028871
DM-20258,0.009559
DM-20257,0.973037
DM-20256,0.760295
DM-20255,0.970909
DM-20254,0.728748
DM-20253,0.00629
DM-20252,0.00506
DM-20251,0.894789
DM-20250,0.137532
DM-20249,0.005911
DM-20248,0.040238
DM-20247,0.917893
DM-20246,0.022977
DM-20245,0.122523
DM-20244,0.007816
DM-20243,0.070049
DM-20242,0.004468
DM-20241,0.00838
DM-20240,0.022117
DM-20239,0.41324
DM-20238,0.154567
DM-20237,0.605099
DM-20236,0.043691
DM-20235,0.00659
DM-20234,0.064183
DM-20233,0.942082
DM-20232,0.023689
DM-20231,0.012723
DM-20230,0.964321
DM-20229,0.437824
DM-20228,0.224225
DM-20227,0.224225
DM-20226,0.029535
DM-20225,0.135232
DM-20224,0.055618
DM-20223,0.224225
DM-20222,0.007121
DM-20221,0.017045
DM-20220,0.029091
DM-20219,0.139396
DM-20218,0.044681
DM-20217,0.044681
DM-20216,0.525856
DM-20215,0.049222
DM-20214,0.122523
DM-20213,0.056029
DM-20212,0.141756
DM-20211,0.164785
DM-20210,0.048137
DM-20209,0.666443
DM-20208,0.939913
DM-20207,0.205615
DM-20206,0.135919
DM-20205,0.983597
DM-20204,0.255715
DM-20203,0.92079
DM-20202,0.030676
DM-20201,0.046034
DM-20200,0.056862
DM-20199,0.022629
DM-20198,0.948155
DM-20197,0.946597
DM-20196,0.906983
DM-20195,0.97631
DM-20194,0.912436
DM-20193,0.068787
DM-20192,0.970688
DM-20191,0.823328
DM-20190,0.978052
DM-20189,0.019569
DM-20188,0.147065
DM-20187,0.038178
DM-20186,0.942507
DM-20185,0.947381
DM-20184,0.977197
DM-20183,0.010408
DM-20182,0.194062
DM-20181,0.959762
DM-20180,0.967163
DM-20179,0.93196
DM-20178,0.977023
DM-20177,0.944177
DM-20176,0.948155
DM-20175,0.979195
DM-20174,0.97631
DM-20173,0.966156
DM-20172,0.788909
DM-20171,0.948917
DM-20170,0.599133
DM-20169,0.129403
DM-20168,0.970909
DM-20167,0.939471
DM-20166,0.933431
DM-20165,0.866133
DM-20164,0.897336
DM-20163,0.198375
DM-20162,0.934395
DM-20161,0.033086
DM-20160,0.42322
DM-20159,0.924688
DM-20158,0.973645
DM-20157,0.018689
DM-20156,0.271445
DM-20155,0.233706
DM-20154,0.975577
DM-20153,0.053999
DM-20152,0.214034
DM-20151,0.063482
DM-20150,0.011508
DM-20149,0.869271
DM-20148,0.890294
DM-20147,0.096365
DM-20146,0.754915
DM-20145,0.396068
DM-20144,0.977023
DM-20143,0.69285
DM-20142,0.962391
DM-20141,0.096365
DM-20140,0.867036
DM-20139,0.929951
DM-20138,0.350199
DM-20137,0.020332
DM-20136,0.242026
DM-20135,0.965641
DM-20134,0.043691
DM-20133,0.007121
DM-20132,0.585101
DM-20131,0.2227
DM-20129,0.202759
DM-20128,0.156105
DM-20127,0.279632
DM-20126,0.964589
DM-20125,0.667256
DM-20124,0.422624
DM-20123,0.792143
DM-20122,0.985936
DM-20121,0.102305
DM-20120,0.466846
DM-20119,0.305982
DM-20118,0.977543
DM-20117,0.99494
DM-20116,0.913058
DM-20115,0.155591
DM-20114,0.022977
DM-20113,0.646683
DM-20112,0.007519
DM-20111,0.784649
DM-20110,0.097734
DM-20109,0.632105
DM-20108,0.070304
DM-20107,0.730674
DM-20106,0.757794
DM-20105,0.008062
DM-20104,0.984336
DM-20103,0.978875
DM-20102,0.980431
DM-20101,0.91848
DM-20100,0.983971
DM-20099,0.986363
DM-20098,0.897695
DM-20097,0.145601
DM-20096,0.956957
DM-20095,0.983085
DM-20094,0.103024
DM-20093,0.989672
DM-20092,0.983343
DM-20091,0.991153
DM-20090,0.022803
DM-20089,0.010328
DM-20088,0.369315
DM-20087,0.939025
DM-20086,0.82559
DM-20085,0.245085
DM-20084,0.734691
DM-20083,0.396769
DM-20082,0.412057
DM-20081,0.719581
DM-20080,0.816699
DM-20079,0.893681
DM-20078,0.647847
DM-20077,0.155335
DM-20076,0.170784
DM-20075,0.832237
DM-20074,0.073696
DM-20073,0.853913
DM-20072,0.969785
DM-20071,0.467818
DM-20070,0.242744
DM-20069,0.657057
DM-20068,0.030909
DM-20067,0.065605
DM-20066,0.113973
DM-20065,0.938124
DM-20064,0.976669
DM-20063,0.989511
DM-20062,0.676834
DM-20061,0.976129
DM-20060,0.015785
DM-20059,0.892937
DM-20058,0.425367
DM-20057,0.884838
DM-20056,0.26569
DM-20055,0.147801
DM-20054,0.582966
DM-20053,0.47171
DM-20052,0.285372
DM-20051,0.019871
DM-20050,0.018547
DM-20049,0.13569
DM-20048,0.00986
DM-20047,0.257392
DM-20046,0.047074
DM-20045,0.00483
DM-20044,0.033337
DM-20043,0.311584
DM-20042,0.017045
DM-20041,0.255901
DM-20040,0.489259
DM-20039,0.085709
DM-20038,0.039048
DM-20037,0.010249
DM-20036,0.960657
DM-20035,0.341528
DM-20034,0.709623
DM-20033,0.036494
DM-20032,0.711832
DM-20031,0.945801
DM-20030,0.336713
DM-20029,0.984215
DM-20028,0.009197
DM-20027,0.433022
DM-20026,0.82559
DM-20025,0.2587
DM-20024,0.018264
DM-20023,0.431824
DM-20022,0.878731
DM-20021,0.14978
DM-20020,0.09947
DM-20019,0.011687
DM-20018,0.037047
DM-20017,0.290981
DM-20016,0.34392
DM-20015,0.860604
DM-20014,0.0745
DM-20013,0.91181
DM-20012,0.036769
DM-20011,0.612194
DM-20010,0.185357
DM-20009,0.33041
DM-20008,0.00522
DM-20007,0.352773
DM-20006,0.886027
DM-20005,0.063482
DM-20004,0.948537
DM-20003,0.860604
DM-20002,0.921922
DM-20001,0.100879
DM-20000,0.108189
DM-19999,0.086016
DM-19998,0.072112
DM-19997,0.173568
DM-19996,0.00934
DM-19995,0.006693
DM-19994,0.309493
DM-19993,0.045016
DM-19992,0.894052
DM-19991,0.057282
DM-19990,0.23634
DM-19989,0.835484
DM-19988,0.022977
DM-19987,0.961822
DM-19986,0.934873
DM-19985,0.007577
DM-19984,0.681462
DM-19983,0.97024
DM-19982,0.038466
DM-19981,0.978875
DM-19980,0.78695
DM-19979,0.834407
DM-19978,0.00838
DM-19977,0.959762
DM-19976,0.832781
DM-19975,0.334936
DM-19974,0.610802
DM-19973,0.018405
DM-19972,0.003824
DM-19971,0.012336
DM-19970,0.087564
DM-19969,0.473657
DM-19968,0.009486
DM-19967,0.387806
DM-19966,0.662046
DM-19965,0.295942
DM-19964,0.066327
DM-19963,0.896976
DM-19962,0.766294
DM-19961,0.029091
DM-19960,0.986363
DM-19959,0.984575
DM-19958,0.016785
DM-19957,0.716615
DM-19956,0.313814
DM-19955,0.143188
DM-19954,0.326594
DM-19953,0.715623
DM-19952,0.742048
DM-19951,0.040238
DM-19950,0.225587
DM-19944,0.662018
DM-19943,0.886027
DM-19942,0.009936
DM-19941,0.813757
DM-19940,0.804098
DM-19939,0.784979
DM-19938,0.782995
DM-19937,0.179818
DM-19936,0.793746
DM-19935,0.412293
DM-19934,0.599075
DM-19933,0.625495
DM-19932,0.071591
DM-19931,0.188623
DM-19930,0.817574
DM-19929,0.882833
DM-19928,0.872347
DM-19927,0.840259
DM-19926,0.743168
DM-19925,0.904651
DM-19924,0.957912
DM-19923,0.879561
DM-19922,0.847463
DM-19921,0.974043
DM-19920,0.018405
DM-19919,0.687735
DM-19918,0.753829
DM-19917,0.719186
DM-19916,0.177526
DM-19915,0.0745
DM-19914,0.073963
DM-19913,0.317605
DM-19912,0.153042
DM-19911,0.007577
DM-19910,0.009784
DM-19909,0.402862
DM-19908,0.923592
DM-19907,0.012723
DM-19906,0.020023
DM-19905,0.169956
DM-19904,0.657648
DM-19903,0.029987
DM-19902,0.005555
DM-19901,0.440229
DM-19900,0.648466
DM-19899,0.030215
DM-19898,0.238284
DM-19897,0.884039
DM-19896,0.140808
DM-19895,0.00461
DM-19894,0.822189
DM-19893,0.217338
DM-19892,0.091058
DM-19891,0.013742
DM-19890,0.739799
DM-19889,0.867934
DM-19888,0.957278
DM-19887,0.046725
DM-19886,0.52683
DM-19885,0.239527
DM-19884,0.010735
DM-19883,0.009634
DM-19882,0.961244
DM-19881,0.006798
DM-19880,0.152537
DM-19879,0.320157
DM-19878,0.389082
DM-19877,0.827828
DM-19876,0.009936
DM-19875,0.980281
DM-19874,0.939471
DM-19873,0.857291
DM-19872,0.862004
DM-19871,0.013637
DM-19870,0.191026
DM-19869,0.083591
DM-19868,0.034881
DM-19867,0.475118
DM-19866,0.094343
DM-19865,0.033086
DM-19864,0.960361
DM-19863,0.934395
DM-19862,0.870157
DM-19861,0.891434
DM-19860,0.235108
DM-19859,0.080647
DM-19858,0.008985
DM-19857,0.895157
DM-19856,0.365683
DM-19855,0.818156
DM-19854,0.921922
DM-19853,0.010735
DM-19852,0.887984
DM-19851,0.909907
DM-19850,0.802246
DM-19849,0.092688
DM-19848,0.979511
DM-19847,0.965381
DM-19846,0.089773
DM-19845,0.294874
DM-19844,0.975946
DM-19843,0.017177
DM-19842,0.05301
DM-19841,0.034881
DM-19840,0.009126
DM-19839,0.01142
DM-19838,0.945801
DM-19837,0.953275
DM-19836,0.028436
DM-19835,0.182134
DM-19834,0.833866
DM-19833,0.803791
DM-19832,0.936285
DM-19831,0.024054
DM-19830,0.028008
DM-19829,0.260578
DM-19828,0.015906
DM-19827,0.926304
DM-19826,0.892187
DM-19825,0.671686
DM-19824,0.795022
DM-19823,0.877896
DM-19822,0.261142
DM-19821,0.005385
DM-19820,0.67854
DM-19819,0.421433
DM-19818,0.016029
DM-19817,0.884039
DM-19816,0.067056
DM-19815,0.495606
DM-19814,0.428712
DM-19813,0.68742
DM-19812,0.766294
DM-19811,0.150278
DM-19810,0.958847
DM-19809,0.103749
DM-19808,0.950041
DM-19807,0.967656
DM-19806,0.035411
DM-19805,0.04778
DM-19804,0.699254
DM-19803,0.023331
DM-19802,0.014729
DM-19801,0.180684
DM-19800,0.012241
DM-19799,0.091707
DM-19798,0.077797
DM-19797,0.042722
DM-19796,0.078926
DM-19795,0.058346
DM-19794,0.087564
DM-19793,0.696991
DM-19792,0.616359
DM-19791,0.118793
DM-19790,0.070816
DM-19789,0.007461
DM-19788,0.007346
DM-19787,0.064183
DM-19786,0.055005
DM-19785,0.013956
DM-19784,0.03138
DM-19783,0.026355
DM-19782,0.018978
DM-19781,0.006388
DM-19780,0.856812
DM-19779,0.284179
DM-19778,0.039937
DM-19777,0.749821
DM-19776,0.041774
DM-19775,0.067301
DM-19774,0.807461
DM-19773,0.010328
DM-19772,0.47098
DM-19771,0.011158
DM-19770,0.821617
DM-19769,0.003945
DM-19768,0.019719
DM-19767,0.009936
DM-19766,0.008188
DM-19765,0.956309
DM-19764,0.934873
DM-19763,0.044681
DM-19762,0.109706
DM-19761,0.568296
DM-19760,0.039048
DM-19759,0.049773
DM-19758,0.765593
DM-19757,0.337883
DM-19756,0.621182
DM-19755,0.0341
DM-19754,0.271059
DM-19753,0.035948
DM-19752,0.007577
DM-19751,0.656658
DM-19750,0.564819
DM-19749,0.960361
DM-19748,0.866133
DM-19747,0.506347
DM-19746,0.974043
DM-19745,0.68637
DM-19744,0.205615
DM-19743,0.178956
DM-19742,0.080069
DM-19741,0.009784
DM-19740,0.018405
DM-19739,0.047074
DM-19738,0.942082
DM-19737,0.047426
DM-19736,0.462473
DM-19735,0.005469
DM-19734,0.005642
DM-19733,0.927363
DM-19732,0.007012
DM-19731,0.133415
DM-19730,0.393269
DM-19729,0.194368
DM-19728,0.236516
DM-19727,0.012054
DM-19726,0.311636
DM-19725,0.91848
DM-19724,0.058346
DM-19723,0.159741
DM-19722,0.13707
DM-19721,0.757436
DM-19720,0.321567
DM-19719,0.975577
DM-19718,0.088505
DM-19717,0.042722
DM-19716,0.166134
DM-19715,0.387574
DM-19714,0.132066
DM-19713,0.850965
DM-19712,0.932453
DM-19711,0.952926
DM-19710,0.08882
DM-19709,0.845433
DM-19708,0.764188
DM-19707,0.019871
DM-19706,0.914596
DM-19705,0.982691
DM-19704,0.034619
DM-19703,0.934395
DM-19702,0.96641
DM-19701,0.913368
DM-19700,0.903294
DM-19699,0.16398
DM-19698,0.659734
DM-19697,0.701917
DM-19696,0.112795
DM-19695,0.018405
DM-19694,0.042088
DM-19693,0.015306
DM-19692,0.237222
DM-19691,0.564219
DM-19690,0.102305
DM-19689,0.92079
DM-19688,0.42322
DM-19687,0.117167
DM-19686,0.871037
DM-19685,0.033844
DM-19684,0.787605
DM-19683,0.865224
DM-19682,0.026759
DM-19681,0.949295
DM-19680,0.958538
DM-19679,0.028221
DM-19678,0.391173
DM-19677,0.030676
DM-19676,0.410638
DM-19675,0.086323
DM-19674,0.032101
DM-19673,0.023871
DM-19672,0.216012
DM-19671,0.151529
DM-19670,0.009708
DM-19669,0.601359
DM-19668,0.028871
DM-19667,0.943348
DM-19666,0.071332
DM-19665,0.712032
DM-19664,0.011687
DM-19663,0.19962
DM-19662,0.007461
DM-19661,0.962391
DM-19660,0.011332
DM-19659,0.802556
DM-19658,0.007461
DM-19657,0.963506
DM-19656,0.967899
DM-19655,0.941654
DM-19654,0.085404
DM-19653,0.027376
DM-19652,0.617455
DM-19651,0.048137
DM-19650,0.235988
DM-19649,0.010653
DM-19648,0.924688
DM-19647,0.044349
DM-19646,0.277767
DM-19645,0.020964
DM-19644,0.903975
DM-19643,0.272605
DM-19642,0.200558
DM-19641,0.440229
DM-19640,0.177811
DM-19639,0.006798
DM-19638,0.951863
DM-19637,0.974629
DM-19636,0.60054
DM-19635,0.09947
DM-19634,0.010489
DM-19633,0.015306
DM-19632,0.983723
DM-19631,0.970465
DM-19630,0.981595
DM-19629,0.982557
DM-19628,0.978875
DM-19627,0.936285
DM-19626,0.766294
DM-19625,0.031144
DM-19624,0.009708
DM-19623,0.23231
DM-19622,0.010653
DM-19621,0.754553
DM-19620,0.930962
DM-19619,0.970909
DM-19618,0.812867
DM-19617,0.973844
DM-19616,0.340766
DM-19615,0.016153
DM-19614,0.073963
DM-19613,0.021948
DM-19612,0.012147
DM-19611,0.007696
DM-19610,0.049589
DM-19609,0.140101
DM-19608,0.47658
DM-19607,0.179531
DM-19606,0.96378
DM-19605,0.220846
DM-19604,0.862468
DM-19603,0.091382
DM-19602,0.020332
DM-19601,0.605449
DM-19600,0.086942
DM-19599,0.179243
DM-19598,0.015906
DM-19597,0.92523
DM-19596,0.875361
DM-19595,0.143668
DM-19594,0.490236
DM-19593,0.510741
DM-19592,0.873647
DM-19591,0.370909
DM-19590,0.975762
DM-19589,0.387459
DM-19588,0.969556
DM-19587,0.376967
DM-19586,0.979195
DM-19585,0.024423
DM-19584,0.977023
DM-19583,0.944177
DM-19582,0.960361
DM-19581,0.017177
DM-19580,0.042722
DM-19579,0.050705
DM-19578,0.955319
DM-19577,0.894052
DM-19576,0.152032
DM-19575,0.723212
DM-19574,0.894052
DM-19573,0.423458
DM-19572,0.021287
DM-19571,0.026355
DM-19570,0.024798
DM-19569,0.069542
DM-19568,0.013532
DM-19567,0.09947
DM-19566,0.023509
DM-19565,0.029312
DM-19564,0.029312
DM-19563,0.015906
DM-19562,0.007816
DM-19561,0.011597
DM-19560,0.041153
DM-19559,0.013956
DM-19558,0.060975
DM-19557,0.901575
DM-19556,0.940353
DM-19555,0.97631
DM-19554,0.954647
DM-19553,0.910227
DM-19552,0.026156
DM-19551,0.384681
DM-19550,0.269999
DM-19549,0.935346
DM-19548,0.047074
DM-19547,0.002981
DM-19546,0.601359
DM-19545,0.906983
DM-19544,0.743913
DM-19543,0.158695
DM-19542,0.885235
DM-19541,0.063482
DM-19540,0.892563
DM-19539,0.273769
DM-19538,0.158695
DM-19537,0.076132
DM-19536,0.970465
DM-19535,0.679604
DM-19534,0.073165
DM-19533,0.073696
DM-19532,0.138462
DM-19531,0.007696
DM-19530,0.030215
DM-19529,0.01017
DM-19528,0.152032
DM-19527,0.103749
DM-19526,0.068537
DM-19525,0.078642
DM-19524,0.047074
DM-19523,0.073963
DM-19522,0.21767
DM-19521,0.945399
DM-19520,0.840783
DM-19519,0.899121
DM-19518,0.818156
DM-19517,0.433022
DM-19516,0.053999
DM-19515,0.189221
DM-19514,0.847463
DM-19513,0.954984
DM-19512,0.524638
DM-19511,0.092033
DM-19510,0.969324
DM-19509,0.547222
DM-19508,0.761361
DM-19507,0.96862
DM-19506,0.010328
DM-19505,0.120439
DM-19504,0.860604
DM-19503,0.081813
DM-19502,0.856332
DM-19501,0.856332
DM-19500,0.878731
DM-19498,0.871037
DM-19497,0.822759
DM-19496,0.866585
DM-19495,0.818737
DM-19494,0.865224
DM-19493,0.865224
DM-19492,0.834946
DM-19491,0.757794
DM-19490,0.025957
DM-19489,0.970013
DM-19488,0.727782
DM-19487,0.696165
DM-19486,0.059647
DM-19485,0.037609
DM-19484,0.049589
DM-19483,0.849971
DM-19482,0.950778
DM-19481,0.827828
DM-19480,0.006098
DM-19479,0.95222
DM-19478,0.958538
DM-19477,0.07056
DM-19476,0.956957
DM-19475,0.382949
DM-19474,0.008252
DM-19473,0.96862
DM-19472,0.055005
DM-19471,0.095013
DM-19470,0.415373
DM-19469,0.081813
DM-19468,0.348978
DM-19467,0.972831
DM-19466,0.846958
DM-19465,0.857768
DM-19464,0.874077
DM-19463,0.154312
DM-19462,0.885631
DM-19461,0.890675
DM-19460,0.164248
DM-19459,0.343837
DM-19458,0.018405
DM-19457,0.637849
DM-19456,0.006004
DM-19455,0.104843
DM-19454,0.008062
DM-19453,0.965119
DM-19452,0.008711
DM-19451,0.188922
DM-19450,0.944995
DM-19449,0.086016
DM-19448,0.742422
DM-19447,0.354831
DM-19446,0.648911
DM-19445,0.850965
DM-19444,0.954647
DM-19443,0.602529
DM-19442,0.11358
DM-19441,0.044019
DM-19440,0.765243
DM-19439,0.715821
DM-19438,0.867036
DM-19437,0.953275
DM-19436,0.210117
DM-19435,0.123789
DM-19434,0.150029
DM-19433,0.113187
DM-19432,0.94079
DM-19431,0.90599
DM-19430,0.145844
DM-19429,0.880386
DM-19428,0.52756
DM-19427,0.761716
DM-19426,0.348784
DM-19425,0.735452
DM-19424,0.908942
DM-19423,0.761716
DM-19422,0.852935
DM-19421,0.926304
DM-19420,0.764188
DM-19419,0.624752
DM-19418,0.921358
DM-19417,0.863392
DM-19416,0.13707
DM-19415,0.694095
DM-19414,0.143188
DM-19413,0.045692
DM-19412,0.019419
DM-19411,0.110856
DM-19410,0.431345
DM-19409,0.139396
DM-19408,0.951863
DM-19407,0.953275
DM-19406,0.499512
DM-19405,0.052619
DM-19404,0.90599
DM-19403,0.909265
DM-19402,0.062789
DM-19401,0.08882
DM-19400,0.533641
DM-19399,0.188623
DM-19398,0.76454
DM-19397,0.343755
DM-19396,0.852935
DM-19395,0.24726
DM-19394,0.439988
DM-19393,0.024423
DM-19392,0.956634
DM-19391,0.814053
DM-19390,0.489748
DM-19389,0.033844
DM-19388,0.41561
DM-19387,0.77081
DM-19386,0.933915
DM-19385,0.215351
DM-19384,0.043366
DM-19383,0.005555
DM-19382,0.854885
DM-19381,0.774924
DM-19380,0.243103
DM-19379,0.36625
DM-19378,0.66356
DM-19377,0.479991
DM-19376,0.197444
DM-19375,0.270288
DM-19374,0.13229
DM-19373,0.949295
DM-19372,0.019124
DM-19371,0.015189
DM-19370,0.749454
DM-19369,0.087252
DM-19368,0.342737
DM-19367,0.049589
DM-19366,0.019419
DM-19365,0.207536
DM-19364,0.791821
DM-19363,0.926835
DM-19362,0.034619
DM-19361,0.485844
DM-19360,0.768386
DM-19359,0.477067
DM-19358,0.83602
DM-19357,0.066085
DM-19356,0.056236
DM-19355,0.944177
DM-19354,0.871037
DM-19353,0.907312
DM-19352,0.408513
DM-19351,0.960657
DM-19350,0.895157
DM-19349,0.921358
DM-19347,0.015906
DM-19346,0.595845
DM-19345,0.957596
DM-19344,0.703855
DM-19343,0.271445
DM-19342,0.758868
DM-19341,0.971129
DM-19340,0.040541
DM-19339,0.701509
DM-19338,0.013849
DM-19337,0.030444
DM-19336,0.218836
DM-19335,0.025179
DM-19334,0.082697
DM-19331,0.022457
DM-19330,0.397471
DM-19329,0.663669
DM-19328,0.034359
DM-19327,0.035679
DM-19326,0.278159
DM-19325,0.0341
DM-19324,0.029091
DM-19323,0.853425
DM-19322,0.953966
DM-19321,0.149035
DM-19320,0.950778
DM-19319,0.63426
DM-19318,0.010408
DM-19317,0.572245
DM-19316,0.162646
DM-19315,0.487307
DM-19314,0.489748
DM-19313,0.540681
DM-19312,0.01653
DM-19311,0.02461
DM-19310,0.412293
DM-19309,0.774583
DM-19308,0.915507
DM-19307,0.861072
DM-19306,0.405331
DM-19305,0.981022
DM-19304,0.010818
DM-19303,0.0538
DM-19302,0.965641
DM-19301,0.979036
DM-19300,0.098773
DM-19299,0.746509
DM-19298,0.024054
DM-19297,0.160792
DM-19296,0.844409
DM-19295,0.787278
DM-19294,0.004007
DM-19293,0.0538
DM-19292,0.208179
DM-19291,0.7773
DM-19290,0.208179
DM-19289,0.202759
DM-19288,0.071332
DM-19287,0.871037
DM-19286,0.034619
DM-19285,0.021287
DM-19284,0.041462
DM-19283,0.90599
DM-19282,0.596551
DM-19281,0.436862
DM-19280,0.775945
DM-19279,0.039937
DM-19278,0.707304
DM-19277,0.044681
DM-19276,0.93196
DM-19275,0.958226
DM-19274,0.977371
DM-19273,0.818737
DM-19272,0.742982
DM-19271,0.953275
DM-19270,0.426083
DM-19269,0.348368
DM-19268,0.619529
DM-19267,0.646146
DM-19266,0.68616
DM-19265,0.020177
DM-19264,0.944177
DM-19263,0.969091
DM-19262,0.013956
DM-19261,0.021287
DM-19260,0.188026
DM-19259,0.007233
DM-19258,0.014172
DM-19257,0.797557
DM-19256,0.475605
DM-19255,0.948917
DM-19254,0.07343
DM-19253,0.012432
DM-19252,0.216508
DM-19251,0.444806
DM-19250,0.580828
DM-19249,0.908618
DM-19248,0.878731
DM-19247,0.139396
DM-19246,0.261897
DM-19245,0.94079
DM-19244,0.037892
DM-19243,0.929951
DM-19242,0.009486
DM-19241,0.019271
DM-19240,0.012625
DM-19239,0.938124
DM-19238,0.892187
DM-19237,0.522446
DM-19236,0.009486
DM-19235,0.353986
DM-19234,0.020489
DM-19233,0.007461
DM-19232,0.011961
DM-19231,0.012625
DM-19230,0.959762
DM-19229,0.066327
DM-19228,0.116764
DM-19227,0.026964
DM-19226,0.981167
DM-19225,0.017177
DM-19224,0.026964
DM-19223,0.012147
DM-19222,0.086632
DM-19221,0.032837
DM-19220,0.015906
DM-19219,0.912748
DM-19218,0.041774
DM-19217,0.967163
DM-19216,0.405096
DM-19215,0.714628
DM-19214,0.817574
DM-19213,0.008316
DM-19212,0.677154
DM-19211,0.904987
DM-19210,0.152537
DM-19209,0.565059
DM-19208,0.786623
DM-19207,0.798187
DM-19206,0.697609
DM-19205,0.054601
DM-19204,0.05301
DM-19203,0.056652
DM-19202,0.375592
DM-19201,0.751283
DM-19200,0.744656
DM-19199,0.73678
DM-19198,0.474144
DM-19197,0.452052
DM-19196,0.465387
DM-19195,0.011869
DM-19194,0.631097
DM-19193,0.041774
DM-19192,0.066327
DM-19191,0.227813
DM-19190,0.419172
DM-19189,0.613844
DM-19188,0.975012
DM-19187,0.886813
DM-19186,0.92523
DM-19185,0.006693
DM-19184,0.718989
DM-19183,0.889912
DM-19182,0.824462
DM-19181,0.860604
DM-19180,0.065128
DM-19179,0.397237
DM-19178,0.702224
DM-19177,0.311741
DM-19176,0.391755
DM-19175,0.841826
DM-19174,0.058132
DM-19173,0.138695
DM-19172,0.544075
DM-19171,0.192843
DM-19170,0.275812
DM-19169,0.119614
DM-19168,0.9462
DM-19167,0.960657
DM-19166,0.308913
DM-19165,0.183887
DM-19164,0.89841
DM-19163,0.813461
DM-19162,0.021125
DM-19161,0.014842
DM-19160,0.021125
DM-19159,0.019124
DM-19158,0.02976
DM-19157,0.675069
DM-19156,0.553747
DM-19155,0.648522
DM-19154,0.843895
DM-19153,0.71123
DM-19152,0.046378
DM-19151,0.036494
DM-19150,0.08882
DM-19149,0.444565
DM-19148,0.493164
DM-19147,0.022977
DM-19146,0.183887
DM-19145,0.096706
DM-19144,0.362631
DM-19143,0.301054
DM-19142,0.160003
DM-19141,0.613501
DM-19140,0.447943
DM-19139,0.012625
DM-19138,0.113973
DM-19137,0.124213
DM-19136,0.960657
DM-19135,0.298798
DM-19134,0.068289
DM-19133,0.096706
DM-19132,0.58948
DM-19131,0.786295
DM-19130,0.418697
DM-19129,0.674479
DM-19128,0.06165
DM-19127,0.735642
DM-19126,0.051083
DM-19125,0.08882
DM-19124,0.093347
DM-19123,0.037047
DM-19122,0.237576
DM-19121,0.045692
DM-19120,0.232659
DM-19119,0.035948
DM-19118,0.689724
DM-19117,0.174129
DM-19116,0.305076
DM-19115,0.830044
DM-19114,0.41324
DM-19113,0.329284
DM-19112,0.957596
DM-19111,0.283781
DM-19110,0.122944
DM-19109,0.963231
DM-19108,0.969785
DM-19107,0.046725
DM-19106,0.783326
DM-19105,0.014282
DM-19104,0.678859
DM-19103,0.489015
DM-19102,0.615695
DM-19101,0.899121
DM-19100,0.394901
DM-19099,0.199308
DM-19098,0.096706
DM-19097,0.320183
DM-19096,0.218669
DM-19095,0.372163
DM-19094,0.73678
DM-19093,0.981595
DM-19092,0.063019
DM-19091,0.057918
DM-19090,0.540924
DM-19089,0.718199
DM-19088,0.317519
DM-19087,0.056236
DM-19086,0.063019
DM-19085,0.027796
DM-19084,0.540924
DM-19083,0.718199
DM-19082,0.317519
DM-19081,0.375592
DM-19080,0.063019
DM-19079,0.084493
DM-19078,0.540924
DM-19077,0.718199
DM-19076,0.317519
DM-19075,0.009486
DM-19074,0.375592
DM-19073,0.063019
DM-19072,0.057918
DM-19071,0.547706
DM-19070,0.718199
DM-19069,0.317519
DM-19068,0.051845
DM-19067,0.069795
DM-19066,0.890675
DM-19065,0.935346
DM-19064,0.862468
DM-19063,0.363195
DM-19062,0.539711
DM-19061,0.42322
DM-19060,0.429669
DM-19059,0.318697
DM-19058,0.728748
DM-19057,0.291586
DM-19056,0.356223
DM-19055,0.063019
DM-19054,0.057918
DM-19053,0.547706
DM-19052,0.919643
DM-19051,0.317519
DM-19050,0.051845
DM-19049,0.042722
DM-19048,0.802246
DM-19047,0.081813
DM-19046,0.926835
DM-19045,0.063019
DM-19044,0.084493
DM-19043,0.540924
DM-19042,0.919643
DM-19041,0.317519
DM-19040,0.051845
DM-19039,0.063019
DM-19038,0.057918
DM-19037,0.540924
DM-19036,0.919643
DM-19035,0.317519
DM-19034,0.051845
DM-19033,0.16398
DM-19032,0.020177
DM-19031,0.274351
DM-19030,0.827271
DM-19029,0.964855
DM-19028,0.921074
DM-19027,0.008511
DM-19026,0.608536
DM-19025,0.323808
DM-19024,0.18743
DM-19023,0.173568
DM-19022,0.135232
DM-19021,0.089455
DM-19020,0.826712
DM-19019,0.431345
DM-19018,0.939471
DM-19017,0.920218
DM-19016,0.913677
DM-19015,0.007877
DM-19014,0.183887
DM-19013,0.096706
DM-19012,0.362631
DM-19011,0.905322
DM-19010,0.613501
DM-19009,0.440229
DM-19008,0.113973
DM-19007,0.697197
DM-19006,0.183887
DM-19005,0.096706
DM-19004,0.362631
DM-19003,0.301054
DM-19002,0.613501
DM-19001,0.440229
DM-19000,0.113973
DM-18999,0.753829
DM-18998,0.096706
DM-18997,0.363336
DM-18996,0.058777
DM-18995,0.032101
DM-18994,0.197754
DM-18993,0.24963
DM-18992,0.148541
DM-18991,0.016277
DM-18990,0.066569
DM-18989,0.131619
DM-18988,0.123789
DM-18987,0.060308
DM-18986,0.031144
DM-18985,0.131619
DM-18984,0.055005
DM-18983,0.055005
DM-18982,0.033086
DM-18981,0.35474
DM-18980,0.089137
DM-18979,0.036769
DM-18978,0.2227
DM-18977,0.204978
DM-18976,0.03259
DM-18975,0.107437
DM-18974,0.151028
DM-18973,0.163179
DM-18972,0.066085
DM-18971,0.064653
DM-18970,0.160003
DM-18969,0.053206
DM-18968,0.055413
DM-18967,0.775605
DM-18966,0.054601
DM-18965,0.023153
DM-18964,0.033844
DM-18963,0.019871
DM-18962,0.069542
DM-18961,0.019569
DM-18960,0.050705
DM-18959,0.027585
DM-18958,0.458591
DM-18957,0.01653
DM-18956,0.026355
DM-18955,0.030215
DM-18954,0.03622
DM-18953,0.044681
DM-18952,0.980281
DM-18951,0.160266
DM-18950,0.413951
DM-18949,0.014392
DM-18948,0.277082
DM-18947,0.04778
DM-18946,0.117978
DM-18945,0.737158
DM-18944,0.047426
DM-18943,0.712032
DM-18942,0.962953
DM-18941,0.770465
DM-18940,0.779658
DM-18939,0.899828
DM-18938,0.029987
DM-18937,0.953622
DM-18936,0.512693
DM-18935,0.900179
DM-18934,0.420362
DM-18933,0.049959
DM-18932,0.987568
DM-18931,0.619644
DM-18930,0.496582
DM-18929,0.062789
DM-18928,0.100172
DM-18927,0.619874
DM-18926,0.867036
DM-18925,0.096706
DM-18924,0.039343
DM-18923,0.176104
DM-18922,0.291384
DM-18921,0.960063
DM-18920,0.846958
DM-18919,0.048858
DM-18918,0.733738
DM-18917,0.144631
DM-18916,0.00838
DM-18915,0.010091
DM-18914,0.006693
DM-18913,0.884838
DM-18912,0.067056
DM-18911,0.565539
DM-18910,0.991422
DM-18909,0.951504
DM-18908,0.166675
DM-18907,0.008644
DM-18906,0.010987
DM-18905,0.008316
DM-18904,0.037609
DM-18903,0.972415
DM-18902,0.015306
DM-18901,0.823328
DM-18900,0.098079
DM-18899,0.867036
DM-18898,0.247623
DM-18897,0.976847
DM-18896,0.035411
DM-18895,0.065605
DM-18893,0.133415
DM-18892,0.121269
DM-18891,0.047074
DM-18890,0.028008
DM-18889,0.439026
DM-18888,0.915507
DM-18887,0.186243
DM-18886,0.022117
DM-18885,0.032344
DM-18884,0.007121
DM-18883,0.987375
DM-18882,0.583915
DM-18881,0.071074
DM-18880,0.037892
DM-18879,0.538498
DM-18878,0.055005
DM-18877,0.95222
DM-18876,0.188324
DM-18875,0.023871
DM-18874,0.019271
DM-18873,0.210442
DM-18872,0.751283
DM-18871,0.712232
DM-18870,0.22919
DM-18869,0.208824
DM-18868,0.116764
DM-18867,0.728748
DM-18866,0.770119
DM-18865,0.157396
DM-18864,0.035145
DM-18863,0.039639
DM-18862,0.909265
DM-18861,0.646572
DM-18860,0.46636
DM-18859,0.019719
DM-18858,0.622345
DM-18857,0.74055
DM-18855,0.040846
DM-18854,0.875787
DM-18853,0.264358
DM-18852,0.973241
DM-18851,0.946597
DM-18850,0.898053
DM-18849,0.472683
DM-18848,0.003765
DM-18847,0.72487
DM-18846,0.72487
DM-18845,0.037047
DM-18844,0.052231
DM-18843,0.095687
DM-18842,0.170232
DM-18841,0.47658
DM-18840,0.544801
DM-18839,0.181844
DM-18838,0.030215
DM-18837,0.293404
DM-18836,0.268174
DM-18835,0.693473
DM-18834,0.950041
DM-18833,0.613931
DM-18832,0.91848
DM-18831,0.078926
DM-18830,0.078078
DM-18829,0.90053
DM-18828,0.923592
DM-18827,0.702734
DM-18826,0.271445
DM-18825,0.049222
DM-18824,0.938576
DM-18823,0.981736
DM-18822,0.977197
DM-18821,0.974239
DM-18820,0.959459
DM-18819,0.397938
DM-18818,0.731059
DM-18817,0.460532
DM-18816,0.934873
DM-18815,0.347648
DM-18814,0.543833
DM-18813,0.973645
DM-18812,0.98983
DM-18811,0.96641
DM-18810,0.966914
DM-18809,0.92079
DM-18808,0.880386
DM-18807,0.676406
DM-18806,0.975012
DM-18805,0.961244
DM-18804,0.977714
DM-18803,0.962673
DM-18802,0.938124
DM-18801,0.968381
DM-18800,0.958847
DM-18799,0.956634
DM-18798,0.989182
DM-18797,0.952926
DM-18796,0.954308
DM-18795,0.977023
DM-18794,0.947381
DM-18793,0.906653
DM-18792,0.951863
DM-18791,0.947769
DM-18790,0.860604
DM-18789,0.972623
DM-18788,0.961244
DM-18787,0.986363
DM-18786,0.976129
DM-18785,0.589953
DM-18784,0.959762
DM-18783,0.051083
DM-18782,0.092033
DM-18781,0.007233
DM-18780,0.830044
DM-18779,0.037047
DM-18778,0.989182
DM-18777,0.947769
DM-18776,0.944995
DM-18775,0.985496
DM-18774,0.971564
DM-18773,0.908293
DM-18772,0.977714
DM-18771,0.986979
DM-18770,0.921922
DM-18769,0.981453
DM-18768,0.985043
DM-18767,0.981875
DM-18766,0.958538
DM-18765,0.981022
DM-18764,0.986151
DM-18763,0.982955
DM-18762,0.9462
DM-18761,0.898767
DM-18760,0.601594
DM-18759,0.658829
DM-18758,0.411347
DM-18757,0.880386
DM-18756,0.983343
DM-18755,0.746509
DM-18754,0.023331
DM-18753,0.824462
DM-18752,0.953622
DM-18751,0.034881
DM-18750,0.778649
DM-18749,0.344885
DM-18748,0.003075
DM-18747,0.007346
DM-18746,0.008316
DM-18745,0.018689
DM-18744,0.915507
DM-18743,0.984215
DM-18742,0.086942
DM-18741,0.921358
DM-18740,0.004755
DM-18739,0.831143
DM-18738,0.70069
DM-18737,0.936749
DM-18736,0.302597
DM-18735,0.840259
DM-18734,0.822759
DM-18733,0.364664
DM-18732,0.732209
DM-18731,0.418459
DM-18730,0.52683
DM-18729,0.867934
DM-18728,0.345906
DM-18727,0.461988
DM-18726,0.028008
DM-18725,0.795975
DM-18724,0.895888
DM-18723,0.874077
DM-18722,0.982955
DM-18721,0.958226
DM-18720,0.980581
DM-18719,0.834407
DM-18718,0.812867
DM-18717,0.781664
DM-18716,0.023871
DM-18715,0.377196
DM-18714,0.011158
DM-18713,0.09739
DM-18712,0.33039
DM-18711,0.228845
DM-18710,0.154058
DM-18709,0.042404
DM-18708,0.019271
DM-18707,0.012528
DM-18706,0.011869
DM-18705,0.006004
DM-18704,0.088505
DM-18703,0.011332
DM-18702,0.989986
DM-18701,0.940353
DM-18700,0.982423
DM-18699,0.687
DM-18698,0.967656
DM-18697,0.417746
DM-18696,0.934395
DM-18695,0.279435
DM-18694,0.080937
DM-18693,0.065366
DM-18692,0.967656
DM-18691,0.024054
DM-18690,0.130285
DM-18689,0.018264
DM-18688,0.938576
DM-18687,0.057493
DM-18686,0.004982
DM-18685,0.01302
DM-18684,0.704973
DM-18683,0.774924
DM-18682,0.250729
DM-18681,0.706798
DM-18680,0.348479
DM-18679,0.236869
DM-18678,0.022803
DM-18677,0.030215
DM-18676,0.908618
DM-18675,0.195594
DM-18674,0.927888
DM-18673,0.887205
DM-18672,0.229535
DM-18671,0.010735
DM-18670,0.007696
DM-18669,0.00461
DM-18668,0.914901
DM-18667,0.895888
DM-18666,0.969556
DM-18665,0.840259
DM-18664,0.006004
DM-18663,0.681091
DM-18662,0.960361
DM-18661,0.003594
DM-18660,0.984456
DM-18659,0.898767
DM-18658,0.979195
DM-18657,0.063019
DM-18656,0.008779
DM-18655,0.935346
DM-18654,0.058777
DM-18653,0.023871
DM-18652,0.007636
DM-18651,0.984336
DM-18650,0.955319
DM-18649,0.936749
DM-18648,0.964589
DM-18647,0.009784
DM-18646,0.9659
DM-18645,0.907312
DM-18644,0.013223
DM-18643,0.020023
DM-18642,0.042722
DM-18641,0.062331
DM-18640,0.011687
DM-18639,0.288669
DM-18638,0.021781
DM-18637,0.008577
DM-18636,0.214198
DM-18635,0.042088
DM-18634,0.991289
DM-18633,0.008511
DM-18632,0.19853
DM-18631,0.952574
DM-18630,0.095687
DM-18629,0.86431
DM-18628,0.124639
DM-18627,0.025957
DM-18626,0.721547
DM-18625,0.516108
DM-18624,0.758511
DM-18623,0.703346
DM-18622,0.879147
DM-18621,0.004905
DM-18620,0.316475
DM-18619,0.229535
DM-18618,0.090093
DM-18617,0.46223
DM-18616,0.010249
DM-18615,0.033844
DM-18614,0.009413
DM-18613,0.006798
DM-18612,0.018833
DM-18611,0.819316
DM-18610,0.958847
DM-18609,0.90053
DM-18608,0.933431
DM-18606,0.938576
DM-18605,0.008644
DM-18604,0.092688
DM-18603,0.022117
DM-18602,0.050518
DM-18601,0.075041
DM-18600,0.131173
DM-18599,0.011687
DM-18598,0.082107
DM-18597,0.876634
DM-18596,0.090414
DM-18595,0.048137
DM-18594,0.959762
DM-18593,0.008847
DM-18592,0.855851
DM-18591,0.007938
DM-18590,0.96378
DM-18589,0.178097
DM-18588,0.180395
DM-18587,0.087876
DM-18586,0.720368
DM-18585,0.054199
DM-18584,0.007816
DM-18583,0.175821
DM-18582,0.011687
DM-18581,0.280814
DM-18580,0.504883
DM-18579,0.606149
DM-18578,0.970465
DM-18577,0.181844
DM-18576,0.054399
DM-18575,0.507812
DM-18574,0.00629
DM-18573,0.009126
DM-18572,0.944177
DM-18571,0.621426
DM-18570,0.959459
DM-18569,0.27513
DM-18568,0.986777
DM-18567,0.558809
DM-18566,0.078642
DM-18565,0.02461
DM-18564,0.910227
DM-18563,0.524882
DM-18562,0.160266
DM-18561,0.7324
DM-18560,0.006904
DM-18559,0.08389
DM-18558,0.008446
DM-18557,0.007461
DM-18556,0.459076
DM-18555,0.960063
DM-18554,0.006904
DM-18553,0.029987
DM-18552,0.297776
DM-18551,0.016785
DM-18550,0.936285
DM-18549,0.981595
DM-18548,0.051463
DM-18547,0.948917
DM-18546,0.025957
DM-18545,0.69946
DM-18544,0.756358
DM-18543,0.50293
DM-18542,0.168036
DM-18541,0.021287
DM-18540,0.283781
DM-18539,0.992184
DM-18538,0.906983
DM-18537,0.128525
DM-18536,0.07343
DM-18535,0.977197
DM-18534,0.927888
DM-18533,0.364382
DM-18532,0.013956
DM-18531,0.294824
DM-18530,0.796609
DM-18529,0.646614
DM-18528,0.009486
DM-18527,0.081228
DM-18526,0.030676
DM-18525,0.597138
DM-18524,0.13569
DM-18523,0.07477
DM-18522,0.904987
DM-18521,0.977197
DM-18520,0.30965
DM-18519,0.890294
DM-18518,0.038466
DM-18517,0.017045
DM-18516,0.013325
DM-18515,0.224055
DM-18514,0.66072
DM-18513,0.089773
DM-18512,0.96378
DM-18511,0.717012
DM-18510,0.970909
DM-18509,0.577972
DM-18508,0.564819
DM-18507,0.226099
DM-18506,0.903294
DM-18505,0.754192
DM-18504,0.005642
DM-18503,0.035948
DM-18502,0.014842
DM-18501,0.174973
DM-18500,0.702734
DM-18499,0.981875
DM-18498,0.985158
DM-18497,0.008916
DM-18496,0.025957
DM-18495,0.233182
DM-18494,0.933915
DM-18493,0.130285
DM-18492,0.048858
DM-18491,0.007577
DM-18490,0.018833
DM-18489,0.00629
DM-18488,0.04778
DM-18487,0.136378
DM-18486,0.556641
DM-18485,0.009559
DM-18484,0.618032
DM-18483,0.334263
DM-18463,0.914901
DM-18458,0.148047
DM-18457,0.742608
DM-18456,0.081228
DM-18455,0.298389
DM-18454,0.139396
DM-18453,0.377541
DM-18452,0.919063
DM-18451,0.039048
DM-18450,0.883638
DM-18449,0.891434
DM-18448,0.100525
DM-18447,0.008577
DM-18446,0.733356
DM-18445,0.777638
DM-18444,0.887205
DM-18443,0.935346
DM-18442,0.833866
DM-18441,0.928409
DM-18440,0.396068
DM-18439,0.389401
DM-18438,0.048137
DM-18437,0.945801
DM-18436,0.982151
DM-18435,0.951504
DM-18434,0.14731
DM-18433,0.41182
DM-18432,0.026156
DM-18431,0.886813
DM-18430,0.117572
DM-18429,0.006798
DM-18428,0.935817
DM-18427,0.253306
DM-18426,0.981736
DM-18425,0.208501
DM-18424,0.192236
DM-18423,0.035948
DM-18422,0.071332
DM-18421,0.175256
DM-18420,0.933915
DM-18419,0.736211
DM-18418,0.335569
DM-18417,0.041774
DM-18416,0.784979
DM-18415,0.277277
DM-18414,0.531209
DM-18413,0.007346
DM-18412,0.858244
DM-18411,0.844922
DM-18410,0.828384
DM-18409,0.007577
DM-18408,0.373876
DM-18407,0.444565
DM-18406,0.855369
DM-18405,0.970465
DM-18404,0.00838
DM-18403,0.003707
DM-18402,0.216342
DM-18401,0.923039
DM-18400,0.016153
DM-18399,0.396769
DM-18398,0.121686
DM-18397,0.379608
DM-18396,0.978549
DM-18395,0.434461
DM-18394,0.009784
DM-18393,0.78233
DM-18392,0.780662
DM-18391,0.880386
DM-18390,0.847463
DM-18389,0.04778
DM-18388,0.073696
DM-18387,0.717012
DM-18386,0.027796
DM-18385,0.019871
DM-18384,0.152032
DM-18383,0.015306
DM-18382,0.297266
DM-18381,0.938124
DM-18380,0.654895
DM-18379,0.479991
DM-18378,0.984456
DM-18377,0.276495
DM-18376,0.213541
DM-18375,0.388502
DM-18374,0.141281
DM-18373,0.009268
DM-18372,0.011245
DM-18371,0.711631
DM-18370,0.470737
DM-18369,0.603873
DM-18368,0.071851
DM-18367,0.968141
DM-18366,0.656576
DM-18365,0.981453
DM-18364,0.855369
DM-18363,0.047426
DM-18362,0.547222
DM-18361,0.117572
DM-18360,0.651771
DM-18359,0.270095
DM-18358,0.139866
DM-18357,0.753467
DM-18356,0.88642
DM-18355,0.566258
DM-18354,0.007577
DM-18353,0.759225
DM-18352,0.492676
DM-18351,0.612194
DM-18350,0.047426
DM-18349,0.004682
DM-18348,0.139396
DM-18347,0.015906
DM-18346,0.046378
DM-18345,0.006693
DM-18344,0.93196
DM-18343,0.034881
DM-18342,0.353986
DM-18341,0.967163
DM-18340,0.097048
DM-18339,0.015306
DM-18338,0.278453
DM-18337,0.862468
DM-18336,0.076961
DM-18335,0.664159
DM-18334,0.883236
DM-18333,0.94699
DM-18332,0.021287
DM-18331,0.565299
DM-18330,0.657758
DM-18329,0.120026
DM-18328,0.233008
DM-18327,0.221014
DM-18326,0.72526
DM-18325,0.914596
DM-18324,0.023331
DM-18323,0.629376
DM-18322,0.983343
DM-18321,0.731826
DM-18320,0.661376
DM-18319,0.963506
DM-18318,0.269133
DM-18317,0.017309
DM-18316,0.012625
DM-18315,0.885235
DM-18314,0.019871
DM-18313,0.068289
DM-18312,0.304662
DM-18311,0.873215
DM-18310,0.872782
DM-18309,0.827828
DM-18308,0.049222
DM-18307,0.832237
DM-18306,0.977543
DM-18305,0.168309
DM-18304,0.627962
DM-18303,0.9659
DM-18302,0.012241
DM-18301,0.105948
DM-18300,0.036494
DM-18299,0.041462
DM-18298,0.844922
DM-18297,0.956634
DM-18295,0.340074
DM-18294,0.992062
DM-18293,0.115561
DM-18292,0.052231
DM-18291,0.218336
DM-18290,0.614972
DM-18289,0.972415
DM-18288,0.64232
DM-18287,0.954647
DM-18286,0.807461
DM-18284,0.961534
DM-18283,0.427277
DM-18282,0.882428
DM-18281,0.916708
DM-18280,0.488283
DM-18279,0.623377
DM-18278,0.19163
DM-18277,0.916708
DM-18276,0.056652
DM-18275,0.450843
DM-18274,0.395251
DM-18273,0.827828
DM-18272,0.21305
DM-18271,0.86293
DM-18270,0.176956
DM-18269,0.981167
DM-18268,0.039343
DM-18267,0.07921
DM-18266,0.207536
DM-18265,0.203708
DM-18264,0.315077
DM-18263,0.043691
DM-18262,0.924688
DM-18261,0.978549
DM-18260,0.943348
DM-18259,0.205296
DM-18258,0.853913
DM-18257,0.037047
DM-18256,0.102664
DM-18255,0.935346
DM-18254,0.803791
DM-18253,0.969556
DM-18252,0.52683
DM-18251,0.224225
DM-18250,0.478041
DM-18249,0.990292
DM-18248,0.293987
DM-18247,0.726037
DM-18246,0.287968
DM-18245,0.674962
DM-18244,0.492432
DM-18243,0.36886
DM-18242,0.041462
DM-18241,0.845433
DM-18240,0.022629
DM-18239,0.424889
DM-18238,0.976129
DM-18237,0.987375
DM-18236,0.958847
DM-18235,0.977714
DM-18234,0.979354
DM-18233,0.625324
DM-18232,0.897695
DM-18231,0.014957
DM-18230,0.008577
DM-18229,0.010987
DM-18228,0.007461
DM-18227,0.008125
DM-18226,0.087252
DM-18225,0.007012
DM-18224,0.00461
DM-18223,0.013637
DM-18222,0.006098
DM-18221,0.008985
DM-18220,0.010818
DM-18219,0.014729
DM-18218,0.006388
DM-18217,0.00934
DM-18216,0.009126
DM-18215,0.018547
DM-18214,0.015544
DM-18213,0.007012
DM-18212,0.008511
DM-18211,0.885235
DM-18210,0.7011
DM-18209,0.066327
DM-18208,0.877896
DM-18207,0.011687
DM-18206,0.91118
DM-18205,0.065366
DM-18204,0.981167
DM-18203,0.009486
DM-18202,0.960657
DM-18201,0.744656
DM-18200,0.754553
DM-18199,0.975577
DM-18198,0.051083
DM-18197,0.367838
DM-18196,0.009559
DM-18195,0.964855
DM-18194,0.905657
DM-18193,0.982423
DM-18192,0.899121
DM-18191,0.985718
DM-18190,0.981453
DM-18189,0.03622
DM-18188,0.828384
DM-18187,0.890675
DM-18186,0.73029
DM-18185,0.017177
DM-18184,0.792143
DM-18183,0.83602
DM-18182,0.956309
DM-18181,0.917893
DM-18180,0.049222
DM-18179,0.046725
DM-18178,0.048496
DM-18177,0.039937
DM-18176,0.138462
DM-18175,0.941654
DM-18174,0.005385
DM-18173,0.642657
DM-18172,0.39036
DM-18171,0.174973
DM-18170,0.278649
DM-18169,0.151529
DM-18168,0.030215
DM-18167,0.010249
DM-18166,0.976847
DM-18165,0.948155
DM-18164,0.974821
DM-18163,0.431824
DM-18162,0.081228
DM-18161,0.934873
DM-18160,0.144873
DM-18159,0.877477
DM-18158,0.577257
DM-18157,0.197135
DM-18156,0.052231
DM-18155,0.016403
DM-18154,0.086016
DM-18153,0.028871
DM-18152,0.841826
DM-18151,0.030909
DM-18150,0.012723
DM-18149,0.919643
DM-18148,0.099821
DM-18147,0.126785
DM-18146,0.939471
DM-18145,0.136608
DM-18144,0.18743
DM-18143,0.727782
DM-18142,0.145115
DM-18141,0.049959
DM-18140,0.54359
DM-18139,0.066327
DM-18138,0.602412
DM-18137,0.359252
DM-18136,0.060308
DM-18135,0.068537
DM-18134,0.600071
DM-18133,0.698329
DM-18132,0.029312
DM-18131,0.904987
DM-18130,0.104112
DM-18129,0.957596
DM-18128,0.772531
DM-18127,0.9462
DM-18126,0.273769
DM-18125,0.238284
DM-18124,0.131619
DM-18123,0.064653
DM-18122,0.100525
DM-18121,0.223208
DM-18120,0.072112
DM-18119,0.609582
DM-18118,0.495606
DM-18117,0.277473
DM-18116,0.007461
DM-18115,0.063948
DM-18114,0.952926
DM-18113,0.006388
DM-18112,0.385375
DM-18111,0.093017
DM-18110,0.946597
DM-18109,0.046725
DM-18108,0.897695
DM-18107,0.021781
DM-18106,0.950041
DM-18105,0.162115
DM-18104,0.086016
DM-18103,0.968381
DM-18102,0.015906
DM-18101,0.921922
DM-18100,0.139396
DM-18099,0.404978
DM-18098,0.524395
DM-18097,0.253122
DM-18096,0.016657
DM-18095,0.226784
DM-18094,0.058132
DM-18093,0.117978
DM-18092,0.030909
DM-18091,0.026156
DM-18090,0.016153
DM-18089,0.803174
DM-18088,0.443118
DM-18087,0.108945
DM-18086,0.552781
DM-18085,0.043691
DM-18084,0.142709
DM-18083,0.015785
DM-18082,0.015785
DM-18081,0.029535
DM-18080,0.060752
DM-18079,0.226441
DM-18078,0.642545
DM-18077,0.121269
DM-18076,0.173009
DM-18075,0.02461
DM-18074,0.027796
DM-18073,0.162115
DM-18072,0.125065
DM-18071,0.345685
DM-18070,0.377082
DM-18069,0.166404
DM-18068,0.693473
DM-18067,0.747616
DM-18066,0.03622
DM-18065,0.009268
DM-18064,0.100879
DM-18063,0.889144
DM-18062,0.063715
DM-18061,0.553505
DM-18060,0.954647
DM-18059,0.943348
DM-18058,0.723895
DM-18057,0.959762
DM-18056,0.970909
DM-18055,0.976129
DM-18054,0.949669
DM-18053,0.870597
DM-18052,0.140572
DM-18051,0.787931
DM-18050,0.720565
DM-18049,0.187728
DM-18048,0.073696
DM-18047,0.010249
DM-18046,0.040238
DM-18045,0.104477
DM-18044,0.057282
DM-18043,0.864768
DM-18042,0.676834
DM-18041,0.563018
DM-18040,0.013849
DM-18039,0.422743
DM-18038,0.890294
DM-18037,0.932944
DM-18036,0.225417
DM-18035,0.010091
DM-18034,0.78233
DM-18033,0.014064
DM-18032,0.475118
DM-18031,0.443118
DM-18030,0.7324
DM-18029,0.09401
DM-18028,0.082402
DM-18027,0.955651
DM-18026,0.040541
DM-18025,0.020646
DM-18024,0.664431
DM-18023,0.490236
DM-18022,0.006798
DM-18021,0.483892
DM-18020,0.97024
DM-18019,0.191933
DM-18018,0.012821
DM-18017,0.117167
DM-18016,0.044019
DM-18015,0.035145
DM-18014,0.043366
DM-18013,0.039639
DM-18012,0.501953
DM-18011,0.212722
DM-18010,0.974239
DM-18009,0.705176
DM-18008,0.871912
DM-18007,0.879147
DM-18006,0.958226
DM-18005,0.91181
DM-18004,0.983723
DM-18003,0.704364
DM-18002,0.975762
DM-18001,0.034881
DM-18000,0.977023
DM-17999,0.951142
DM-17998,0.375134
DM-17997,0.944995
DM-17995,0.055618
DM-17994,0.403567
DM-17993,0.973645
DM-17992,0.475605
DM-17991,0.373076
DM-17990,0.696578
DM-17989,0.213705
DM-17988,0.583559
DM-17987,0.017442
DM-17986,0.271445
DM-17985,0.030676
DM-17984,0.809878
DM-17983,0.97649
DM-17982,0.924688
DM-17981,0.984694
DM-17980,0.987946
DM-17979,0.93196
DM-17978,0.007577
DM-17977,0.672332
DM-17976,0.349866
DM-17975,0.278551
DM-17974,0.785966
DM-17973,0.59972
DM-17972,0.050331
DM-17971,0.143668
DM-17970,0.044019
DM-17969,0.797557
DM-17968,0.014064
DM-17967,0.708616
DM-17966,0.435902
DM-17965,0.874077
DM-17964,0.951504
DM-17963,0.022286
DM-17962,0.08819
DM-17961,0.814643
DM-17960,0.316264
DM-17959,0.143188
DM-17958,0.979354
DM-17957,0.198996
DM-17956,0.129403
DM-17955,0.105948
DM-17954,0.71721
DM-17953,0.472683
DM-17952,0.973241
DM-17951,0.79534
DM-17950,0.927363
DM-17949,0.973037
DM-17948,0.008916
DM-17947,0.17441
DM-17946,0.009936
DM-17945,0.015785
DM-17944,0.063019
DM-17943,0.175538
DM-17942,0.364466
DM-17941,0.805938
DM-17940,0.034881
DM-17939,0.057071
DM-17938,0.013956
DM-17937,0.96862
DM-17936,0.90599
DM-17935,0.007461
DM-17934,0.00838
DM-17933,0.867485
DM-17932,0.037047
DM-17931,0.020646
DM-17930,0.707
DM-17929,0.932944
DM-17928,0.057918
DM-17927,0.018264
DM-17926,0.016785
DM-17925,0.01653
DM-17924,0.04904
DM-17923,0.404507
DM-17922,0.008446
DM-17921,0.005642
DM-17920,0.951863
DM-17919,0.90599
DM-17918,0.016277
DM-17917,0.09401
DM-17916,0.041462
DM-17915,0.041774
DM-17914,0.009634
DM-17913,0.882022
DM-17912,0.004755
DM-17911,0.292292
DM-17910,0.00522
DM-17909,0.479991
DM-17908,0.039343
DM-17907,0.961244
DM-17906,0.017986
DM-17905,0.037327
DM-17904,0.094678
DM-17903,0.010987
DM-17902,0.614336
DM-17901,0.644673
DM-17900,0.672117
DM-17899,0.574634
DM-17898,0.606061
DM-17897,0.536313
DM-17896,0.703346
DM-17895,0.562417
DM-17894,0.72331
DM-17893,0.467089
DM-17892,0.213705
DM-17891,0.755637
DM-17890,0.348922
DM-17889,0.528047
DM-17888,0.962391
DM-17887,0.735262
DM-17886,0.722723
DM-17885,0.987946
DM-17884,0.007938
DM-17883,0.07343
DM-17882,0.636155
DM-17881,0.023153
DM-17880,0.07343
DM-17879,0.011072
DM-17878,0.021125
DM-17877,0.019871
DM-17876,0.596786
DM-17875,0.811676
DM-17874,0.92944
DM-17873,0.072637
DM-17872,0.006193
DM-17871,0.008252
DM-17870,0.802556
DM-17869,0.453262
DM-17868,0.118385
DM-17867,0.965641
DM-17866,0.951504
DM-17865,0.96862
DM-17864,0.732209
DM-17863,0.015544
DM-17862,0.006388
DM-17861,0.96741
DM-17860,0.025179
DM-17859,0.012241
DM-17858,0.972623
DM-17857,0.011158
DM-17856,0.661158
DM-17855,0.790854
DM-17854,0.012054
DM-17853,0.014842
DM-17852,0.20947
DM-17851,0.624637
DM-17850,0.09739
DM-17849,0.203708
DM-17848,0.527317
DM-17847,0.132515
DM-17846,0.027169
DM-17845,0.006004
DM-17844,0.979354
DM-17843,0.034359
DM-17842,0.315156
DM-17841,0.760651
DM-17840,0.821617
DM-17839,0.963231
DM-17838,0.9462
DM-17837,0.008446
DM-17836,0.03622
DM-17835,0.494629
DM-17834,0.059647
DM-17833,0.958226
DM-17832,0.090735
DM-17831,0.237576
DM-17830,0.015785
DM-17829,0.894052
DM-17828,0.091058
DM-17827,0.038466
DM-17826,0.035145
DM-17825,0.015785
DM-17824,0.739046
DM-17823,0.023689
DM-17822,0.886027
DM-17821,0.979668
DM-17820,0.770465
DM-17819,0.281011
DM-17818,0.950411
DM-17817,0.957912
DM-17816,0.962108
DM-17815,0.167763
DM-17814,0.96862
DM-17813,0.984575
DM-17812,0.977543
DM-17811,0.891811
DM-17810,0.095013
DM-17796,0.02976
DM-17795,0.692018
DM-17794,0.047074
DM-17793,0.906322
DM-17792,0.67104
DM-17791,0.961534
DM-17790,0.688364
DM-17789,0.882022
DM-17788,0.718792
DM-17787,0.769773
DM-17786,0.625753
DM-17785,0.382833
DM-17784,0.671255
DM-17783,0.91611
DM-17782,0.555435
DM-17781,0.007877
DM-17780,0.01142
DM-17779,0.873647
DM-17778,0.679072
DM-17777,0.883638
DM-17776,0.038178
DM-17775,0.149531
DM-17774,0.007012
DM-17773,0.986151
DM-17772,0.007696
DM-17771,0.018689
DM-17770,0.009486
DM-17769,0.010328
DM-17768,0.083292
DM-17767,0.198996
DM-17766,0.008446
DM-17765,0.161849
DM-17764,0.731442
DM-17763,0.051463
DM-17762,0.021781
DM-17761,0.019871
DM-17760,0.060529
DM-17759,0.868381
DM-17758,0.745769
DM-17757,0.008252
DM-17756,0.883638
DM-17755,0.975577
DM-17754,0.772531
DM-17753,0.947381
DM-17752,0.009486
DM-17751,0.571049
DM-17750,0.851459
DM-17749,0.745398
DM-17748,0.079782
DM-17747,0.085709
DM-17746,0.393502
DM-17745,0.960657
DM-17744,0.732018
DM-17743,0.095687
DM-17742,0.973443
DM-17741,0.010249
DM-17740,0.015073
DM-17739,0.010091
DM-17738,0.443841
DM-17737,0.013849
DM-17736,0.217338
DM-17735,0.950778
DM-17734,0.904651
DM-17733,0.88642
DM-17732,0.877477
DM-17731,0.038466
DM-17730,0.113973
DM-17729,0.968381
DM-17728,0.72331
DM-17727,0.981311
DM-17726,0.19962
DM-17725,0.980281
DM-17724,0.955319
DM-17723,0.927363
DM-17722,0.505859
DM-17721,0.015306
DM-17720,0.513668
DM-17719,0.871912
DM-17718,0.180395
DM-17717,0.224395
DM-17716,0.68215
DM-17715,0.460046
DM-17714,0.403097
DM-17713,0.107063
DM-17712,0.887205
DM-17711,0.972831
DM-17710,0.958538
DM-17709,0.92523
DM-17708,0.96741
DM-17707,0.730482
DM-17706,0.783658
DM-17705,0.9659
DM-17704,0.303422
DM-17703,0.981453
DM-17702,0.971564
DM-17701,0.377426
DM-17700,0.657676
DM-17699,0.011869
DM-17698,0.024988
DM-17697,0.133415
DM-17696,0.236516
DM-17695,0.677687
DM-17694,0.647575
DM-17693,0.742422
DM-17692,0.251464
DM-17691,0.458591
DM-17690,0.042722
DM-17689,0.136148
DM-17688,0.94699
DM-17687,0.288569
DM-17686,0.399343
DM-17685,0.061199
DM-17684,0.477554
DM-17683,0.010489
DM-17682,0.109706
DM-17681,0.010735
DM-17680,0.266644
DM-17679,0.007012
DM-17678,0.377426
DM-17677,0.76769
DM-17676,0.505859
DM-17675,0.015785
DM-17674,0.971779
DM-17673,0.596786
DM-17672,0.310904
DM-17671,0.820469
DM-17670,0.552298
DM-17669,0.938576
DM-17668,0.169681
DM-17667,0.887984
DM-17666,0.187133
DM-17665,0.874507
DM-17664,0.101233
DM-17663,0.660501
DM-17662,0.012054
DM-17661,0.008779
DM-17660,0.486819
DM-17659,0.013532
DM-17658,0.129403
DM-17657,0.791176
DM-17656,0.666551
DM-17655,0.859192
DM-17654,0.730674
DM-17653,0.073963
DM-17652,0.936285
DM-17651,0.589007
DM-17650,0.006488
DM-17649,0.131619
DM-17648,0.048496
DM-17647,0.933915
DM-17646,0.634855
DM-17645,0.974239
DM-17644,0.012528
DM-17643,0.059647
DM-17642,0.330255
DM-17641,0.392919
DM-17640,0.885235
DM-17639,0.961534
DM-17638,0.888759
DM-17637,0.297062
DM-17636,0.609757
DM-17635,0.677367
DM-17634,0.422266
DM-17633,0.726426
DM-17632,0.812867
DM-17631,0.473657
DM-17630,0.44746
DM-17629,0.953966
DM-17628,0.96641
DM-17627,0.52829
DM-17626,0.037609
DM-17625,0.83868
DM-17624,0.026759
DM-17623,0.255715
DM-17622,0.586996
DM-17621,0.860134
DM-17620,0.499512
DM-17619,0.021451
DM-17618,0.526099
DM-17617,0.839208
DM-17616,0.259826
DM-17615,0.223377
DM-17614,0.127218
DM-17613,0.219505
DM-17612,0.886813
DM-17611,0.176956
DM-17610,0.379148
DM-17609,0.792785
DM-17608,0.314998
DM-17607,0.96378
DM-17606,0.063019
DM-17605,0.235284
DM-17604,0.077239
DM-17603,0.964589
DM-17602,0.866133
DM-17601,0.93196
DM-17600,0.016403
DM-17599,0.957596
DM-17598,0.960361
DM-17597,0.764188
DM-17596,0.405213
DM-17595,0.949669
DM-17594,0.026759
DM-17593,0.100172
DM-17592,0.058993
DM-17591,0.963506
DM-17590,0.477554
DM-17589,0.919643
DM-17588,0.555194
DM-17587,0.576065
DM-17586,0.907312
DM-17585,0.005555
DM-17584,0.962953
DM-17583,0.927888
DM-17582,0.955319
DM-17581,0.956309
DM-17580,0.008985
DM-17579,0.034619
DM-17578,0.016915
DM-17577,0.067301
DM-17576,0.817574
DM-17575,0.286768
DM-17574,0.854885
DM-17573,0.496582
DM-17572,0.066812
DM-17571,0.28577
DM-17570,0.965381
DM-17569,0.681727
DM-17568,0.983597
DM-17567,0.983343
DM-17566,0.64752
DM-17565,0.578448
DM-17564,0.791821
DM-17563,0.012054
DM-17562,0.008125
DM-17561,0.865224
DM-17560,0.09739
DM-17559,0.520984
DM-17558,0.691081
DM-17557,0.125923
DM-17556,0.941654
DM-17555,0.056029
DM-17554,0.015906
DM-17553,0.97649
DM-17552,0.016785
DM-17551,0.029987
DM-17550,0.398758
DM-17549,0.077518
DM-17548,0.068289
DM-17547,0.726426
DM-17546,0.818737
DM-17545,0.008062
DM-17544,0.006193
DM-17543,0.827271
DM-17542,0.445771
DM-17541,0.91181
DM-17540,0.012528
DM-17539,0.575588
DM-17538,0.373076
DM-17537,0.027796
DM-17536,0.070816
DM-17535,0.00629
DM-17534,0.899121
DM-17533,0.389198
DM-17532,0.761006
DM-17531,0.522933
DM-17530,0.032837
DM-17529,0.009197
DM-17528,0.16398
DM-17527,0.05301
DM-17526,0.110088
DM-17525,0.868827
DM-17524,0.281578
DM-17523,0.007577
DM-17522,0.800692
DM-17521,0.016277
DM-17520,0.009559
DM-17519,0.048496
DM-17518,0.043043
DM-17517,0.021948
DM-17516,0.657264
DM-17515,0.175538
DM-17514,0.173849
DM-17513,0.745398
DM-17512,0.91611
DM-17511,0.867036
DM-17510,0.034619
DM-17509,0.061424
DM-17508,0.942507
DM-17507,0.924688
DM-17506,0.069795
DM-17505,0.017712
DM-17504,0.017712
DM-17503,0.071851
DM-17502,0.075585
DM-17501,0.038466
DM-17500,0.380299
DM-17499,0.025179
DM-17498,0.757974
DM-17497,0.010249
DM-17496,0.08882
DM-17495,0.015425
DM-17494,0.093678
DM-17493,0.660693
DM-17492,0.016403
DM-17491,0.983971
DM-17490,0.108189
DM-17489,0.983597
DM-17488,0.701917
DM-17487,0.020804
DM-17486,0.020804
DM-17485,0.020804
DM-17484,0.020804
DM-17483,0.020804
DM-17482,0.020804
DM-17481,0.020804
DM-17480,0.00573
DM-17479,0.014957
DM-17478,0.844409
DM-17477,0.024798
DM-17476,0.297674
DM-17475,0.029987
DM-17474,0.024798
DM-17473,0.591723
DM-17472,0.746139
DM-17471,0.172172
DM-17470,0.797241
DM-17469,0.965119
DM-17468,0.972831
DM-17467,0.462959
DM-17466,0.054199
DM-17465,0.972831
DM-17464,0.428233
DM-17463,0.432543
DM-17462,0.512693
DM-17461,0.882428
DM-17460,0.125065
DM-17459,0.013121
DM-17458,0.012821
DM-17457,0.316581
DM-17456,0.705988
DM-17455,0.010653
DM-17454,0.004332
DM-17453,0.906983
DM-17452,0.007233
DM-17451,0.006693
DM-17450,0.053206
DM-17449,0.018547
DM-17448,0.544075
DM-17447,0.007696
DM-17446,0.003765
DM-17445,0.941223
DM-17444,0.010014
DM-17443,0.757077
DM-17442,0.982691
DM-17441,0.96641
DM-17440,0.820469
DM-17439,0.913058
DM-17438,0.010014
DM-17437,0.689306
DM-17436,0.758511
DM-17435,0.726231
DM-17434,0.719581
DM-17433,0.79053
DM-17432,0.832509
DM-17431,0.035948
DM-17430,0.495606
DM-17429,0.023153
DM-17428,0.015189
DM-17427,0.944995
DM-17426,0.021781
DM-17425,0.70619
DM-17424,0.707809
DM-17423,0.611846
DM-17422,0.060087
DM-17421,0.286668
DM-17420,0.0341
DM-17419,0.291233
DM-17418,0.973037
DM-17417,0.046725
DM-17416,0.046034
DM-17415,0.067793
DM-17414,0.144631
DM-17413,0.017577
DM-17412,0.721547
DM-17411,0.961822
DM-17410,0.819605
DM-17409,0.009559
DM-17408,0.971564
DM-17407,0.884439
DM-17406,0.953966
DM-17405,0.889529
DM-17404,0.798501
DM-17403,0.886027
DM-17402,0.014392
DM-17401,0.055823
DM-17400,0.036769
DM-17399,0.010735
DM-17398,0.043691
DM-17397,0.133868
DM-17396,0.44746
DM-17395,0.012625
DM-17394,0.022803
DM-17393,0.080937
DM-17392,0.961534
DM-17391,0.96862
DM-17390,0.022117
DM-17389,0.033337
DM-17388,0.34726
DM-17387,0.161585
DM-17386,0.069289
DM-17385,0.402862
DM-17384,0.020804
DM-17383,0.140336
DM-17382,0.112795
DM-17381,0.040846
DM-17380,0.966663
DM-17379,0.663669
DM-17378,0.594845
DM-17377,0.509276
DM-17376,0.180684
DM-17375,0.667364
DM-17374,0.178383
DM-17373,0.5083
DM-17372,0.926835
DM-17371,0.931463
DM-17370,0.226099
DM-17369,0.098425
DM-17368,0.630742
DM-17367,0.501465
DM-17366,0.752013
DM-17364,0.351756
DM-17356,0.92944
DM-17351,0.111628
DM-17350,0.093678
DM-17349,0.84338
DM-17348,0.730866
DM-17347,0.273477
DM-17346,0.507812
DM-17345,0.589835
DM-17344,0.46393
DM-17343,0.773559
DM-17342,0.0729
DM-17341,0.379148
DM-17340,0.567697
DM-17338,0.125065
DM-17337,0.078078
DM-17336,0.66769
DM-17335,0.363195
DM-17334,0.019271
DM-17333,0.264928
DM-17332,0.533397
DM-17331,0.177811
DM-17330,0.0538
DM-17329,0.932944
DM-17328,0.561455
DM-17327,0.978549
DM-17326,0.930962
DM-17325,0.879147
DM-17324,0.446253
DM-17323,0.204342
DM-17322,0.881207
DM-17321,0.966156
DM-17320,0.971129
DM-17319,0.979195
DM-17318,0.236516
DM-17317,0.945399
DM-17316,0.091058
DM-17315,0.057071
DM-17314,0.648411
DM-17313,0.100879
DM-17312,0.944995
DM-17311,0.92523
DM-17310,0.910863
DM-17309,0.245808
DM-17308,0.938576
DM-17307,0.523664
DM-17306,0.666551
DM-17305,0.098079
DM-17304,0.21305
DM-17303,0.583678
DM-17302,0.945399
DM-17301,0.755637
DM-17300,0.022457
DM-17299,0.362856
DM-17298,0.117572
DM-17297,0.184473
DM-17296,0.123789
DM-17295,0.896976
DM-17294,0.034881
DM-17293,0.379034
DM-17292,0.403097
DM-17291,0.064418
DM-17290,0.095349
DM-17289,0.082107
DM-17288,0.503662
DM-17287,0.952926
DM-17286,0.811676
DM-17285,0.456168
DM-17284,0.092033
DM-17283,0.01653
DM-17282,0.966914
DM-17281,0.882428
DM-17280,0.58747
DM-17279,0.085404
DM-17278,0.395835
DM-17277,0.957912
DM-17276,0.979036
DM-17275,0.038756
DM-17274,0.017577
DM-17273,0.160792
DM-17272,0.964052
DM-17271,0.238107
DM-17270,0.672654
DM-17269,0.951863
DM-17268,0.630344
DM-17267,0.021948
DM-17266,0.04778
DM-17265,0.00573
DM-17264,0.973443
DM-17263,0.136608
DM-17262,0.950041
DM-17261,0.662687
DM-17260,0.865224
DM-17259,0.942082
DM-17258,0.014957
DM-17257,0.924142
DM-17256,0.831691
DM-17255,0.057493
DM-17254,0.071074
DM-17253,0.016915
DM-17252,0.734691
DM-17251,0.950778
DM-17250,0.03359
DM-17249,0.702632
DM-17248,0.874935
DM-17247,0.010249
DM-17246,0.945399
DM-17245,0.3534
DM-17244,0.194674
DM-17243,0.0745
DM-17242,0.878314
DM-17241,0.025957
DM-17240,0.077239
DM-17239,0.21305
DM-17238,0.068289
DM-17237,0.110856
DM-17236,0.411584
DM-17235,0.754915
DM-17234,0.790854
DM-17233,0.821617
DM-17232,0.976669
DM-17231,0.130285
DM-17230,0.2304
DM-17229,0.610744
DM-17228,0.862004
DM-17227,0.847463
DM-17226,0.015189
DM-17224,0.608994
DM-17223,0.867934
DM-17222,0.140336
DM-17221,0.886027
DM-17220,0.048496
DM-17219,0.91848
DM-17218,0.919353
DM-17217,0.106691
DM-17216,0.02461
DM-17215,0.94079
DM-17214,0.138928
DM-17213,0.0538
DM-17212,0.075041
DM-17211,0.888372
DM-17210,0.773559
DM-17209,0.234056
DM-17207,0.923039
DM-17206,0.844409
DM-17205,0.009413
DM-17204,0.010408
DM-17202,0.638159
DM-17201,0.110471
DM-17200,0.973443
DM-17199,0.848972
DM-17198,0.985271
DM-17197,0.605099
DM-17196,0.941654
DM-17195,0.007346
DM-17194,0.007696
DM-17193,0.304559
DM-17192,0.064418
DM-17191,0.974239
DM-17190,0.595493
DM-17189,0.788257
DM-17188,0.795022
DM-17187,0.922482
DM-17186,0.004755
DM-17185,0.930458
DM-17184,0.938576
DM-17183,0.06256
DM-17182,0.720565
DM-17181,0.816991
DM-17180,0.546012
DM-17179,0.969091
DM-17178,0.938576
DM-17177,0.042722
DM-17176,0.020332
DM-17175,0.753829
DM-17174,0.643917
DM-17173,0.005555
DM-17172,0.29088
DM-17171,0.805938
DM-17170,0.874507
DM-17169,0.118385
DM-17168,0.125493
DM-17167,0.132515
DM-17166,0.166134
DM-17165,0.246715
DM-17164,0.148541
DM-17163,0.164516
DM-17162,0.441191
DM-17161,0.97024
DM-17160,0.017577
DM-17159,0.68342
DM-17158,0.439507
DM-17157,0.115961
DM-17156,0.849971
DM-17155,0.292494
DM-17154,0.980129
DM-17153,0.01142
DM-17152,0.527317
DM-17151,0.964855
DM-17150,0.959762
DM-17149,0.02461
DM-17148,0.019569
DM-17147,0.009784
DM-17146,0.082402
DM-17145,0.025179
DM-17144,0.760651
DM-17143,0.220342
DM-17142,0.334834
DM-17141,0.335579
DM-17140,0.467332
DM-17139,0.351534
DM-17138,0.812867
DM-17137,0.052231
DM-17136,0.189821
DM-17135,0.83602
DM-17134,0.814643
DM-17133,0.689933
DM-17132,0.708818
DM-17131,0.109325
DM-17130,0.349089
DM-17129,0.08882
DM-17128,0.122944
DM-17127,0.47171
DM-17126,0.09947
DM-17125,0.180974
DM-17124,0.481941
DM-17123,0.238639
DM-17122,0.060529
DM-17121,0.087252
DM-17120,0.37777
DM-17119,0.4436
DM-17118,0.06489
DM-17117,0.660952
DM-17116,0.538012
DM-17115,0.783658
DM-17114,0.774242
DM-17113,0.979823
DM-17112,0.117167
DM-17111,0.024423
DM-17110,0.021287
DM-17101,0.809276
DM-17100,0.956957
DM-17099,0.961822
DM-17098,0.020489
DM-17097,0.73412
DM-17096,0.012336
DM-17095,0.127653
DM-17094,0.946597
DM-17093,0.014064
DM-17092,0.149531
DM-17091,0.962673
DM-17090,0.045692
DM-17089,0.771843
DM-17088,0.008779
DM-17087,0.93196
DM-17086,0.959762
DM-17085,0.953966
DM-17084,0.955651
DM-17083,0.495606
DM-17082,0.022977
DM-17081,0.958226
DM-17080,0.00659
DM-17079,0.92944
DM-17078,0.912436
DM-17077,0.562657
DM-17076,0.969556
DM-17075,0.033086
DM-17074,0.013956
DM-17073,0.476092
DM-17072,0.804098
DM-17071,0.048496
DM-17070,0.00573
DM-17069,0.89841
DM-17068,0.014842
DM-17067,0.795975
DM-17066,0.0745
DM-17065,0.920218
DM-17064,0.960063
DM-17063,0.957278
DM-17062,0.035411
DM-17061,0.96741
DM-17060,0.032344
DM-17059,0.793106
DM-17058,0.973241
DM-17057,0.044019
DM-17056,0.197754
DM-17055,0.008062
DM-17054,0.95222
DM-17053,0.942082
DM-17052,0.364269
DM-17051,0.390941
DM-17050,0.141756
DM-17049,0.016915
DM-17048,0.022629
DM-17047,0.926835
DM-17046,0.234757
DM-17045,0.344664
DM-17044,0.959762
DM-17043,0.621541
DM-17042,0.010735
DM-17041,0.714827
DM-17040,0.979354
DM-17039,0.166947
DM-17038,0.957596
DM-17037,0.064183
DM-17036,0.718594
DM-17035,0.978385
DM-17034,0.977371
DM-17033,0.989672
DM-17032,0.982823
DM-17031,0.043366
DM-17030,0.257578
DM-17029,0.578448
DM-17028,0.07477
DM-17027,0.90261
DM-17026,0.961822
DM-17025,0.936285
DM-17024,0.975202
DM-17023,0.962673
DM-17022,0.05301
DM-17021,0.935346
DM-17020,0.838151
DM-17019,0.017309
DM-17018,0.250729
DM-17017,0.235812
DM-17016,0.435902
DM-17015,0.954984
DM-17014,0.037327
DM-17013,0.947769
DM-17012,0.409457
DM-17011,0.764188
DM-17010,0.0538
DM-17009,0.54359
DM-17008,0.834407
DM-17007,0.667635
DM-17006,0.560734
DM-17005,0.641577
DM-17004,0.013223
DM-17003,0.014392
DM-17002,0.888372
DM-17001,0.789558
DM-17000,0.159479
DM-16999,0.588239
DM-16998,0.193757
DM-16997,0.783326
DM-16996,0.009559
DM-16995,0.530236
DM-16994,0.464173
DM-16993,0.459319
DM-16992,0.892187
DM-16991,0.884838
DM-16990,0.884838
DM-16989,0.913368
DM-16987,0.965119
DM-16986,0.985271
DM-16985,0.949295
DM-16984,0.96741
DM-16983,0.954984
DM-16982,0.977371
DM-16981,0.951142
DM-16980,0.972415
DM-16979,0.951142
DM-16978,0.91848
DM-16977,0.974821
DM-16976,0.982691
DM-16975,0.916708
DM-16974,0.972415
DM-16973,0.985936
DM-16972,0.961244
DM-16971,0.968856
DM-16970,0.990292
DM-16969,0.986572
DM-16968,0.952574
DM-16967,0.900179
DM-16966,0.989013
DM-16965,0.986363
DM-16964,0.984336
DM-16963,0.633779
DM-16962,0.952574
DM-16961,0.913677
DM-16960,0.669205
DM-16959,0.931463
DM-16958,0.936285
DM-16957,0.007577
DM-16956,0.035411
DM-16955,0.913984
DM-16954,0.751283
DM-16953,0.76207
DM-16952,0.561455
DM-16951,0.003324
DM-16950,0.969091
DM-16949,0.950411
DM-16948,0.983214
DM-16947,0.07056
DM-16946,0.871037
DM-16945,0.458106
DM-16944,0.568775
DM-16943,0.231093
DM-16942,0.942507
DM-16941,0.938576
DM-16940,0.958847
DM-16939,0.871475
DM-16938,0.658418
DM-16937,0.018405
DM-16936,0.278649
DM-16935,0.081813
DM-16934,0.742422
DM-16933,0.994445
DM-16932,0.98983
DM-16931,0.523907
DM-16930,0.005302
DM-16929,0.576304
DM-16928,0.913058
DM-16927,0.900879
DM-16926,0.866585
DM-16925,0.972831
DM-16924,0.010014
DM-16923,0.009486
DM-16922,0.004332
DM-16921,0.857768
DM-16920,0.891055
DM-16919,0.939913
DM-16918,0.784319
DM-16917,0.688049
DM-16916,0.958226
DM-16915,0.91848
DM-16914,0.936285
DM-16913,0.957912
DM-16912,0.678434
DM-16911,0.021125
DM-16910,0.951142
DM-16909,0.336658
DM-16908,0.259638
DM-16907,0.668448
DM-16906,0.302777
DM-16905,0.028008
DM-16904,0.908293
DM-16903,0.389314
DM-16902,0.877056
DM-16901,0.015544
DM-16900,0.008125
DM-16899,0.012528
DM-16898,0.458591
DM-16897,0.921922
DM-16896,0.23092
DM-16895,0.775265
DM-16894,0.417509
DM-16893,0.982151
DM-16892,0.879561
DM-16891,0.200871
DM-16890,0.909265
DM-16889,0.663478
DM-16888,0.32029
DM-16887,0.68679
DM-16886,0.981875
DM-16885,0.390243
DM-16884,0.631054
DM-16883,0.89841
DM-16882,0.95222
DM-16881,0.957596
DM-16880,0.03622
DM-16879,0.393793
DM-16878,0.874935
DM-16877,0.130729
DM-16876,0.455683
DM-16875,0.039048
DM-16874,0.044019
DM-16873,0.098079
DM-16872,0.493653
DM-16871,0.010249
DM-16870,0.481941
DM-16869,0.00629
DM-16868,0.039937
DM-16867,0.90764
DM-16866,0.57678
DM-16865,0.050705
DM-16864,0.121269
DM-16863,0.018405
DM-16862,0.021125
DM-16861,0.016029
DM-16860,0.035948
DM-16859,0.017712
DM-16858,0.015073
DM-16857,0.021948
DM-16856,0.016785
DM-16855,0.015664
DM-16854,0.007012
DM-16853,0.009936
DM-16852,0.019871
DM-16851,0.084795
DM-16850,0.126785
DM-16849,0.092033
DM-16848,0.062331
DM-16847,0.057282
DM-16846,0.050518
DM-16845,0.007012
DM-16844,0.912124
DM-16843,0.014392
DM-16842,0.97649
DM-16841,0.130285
DM-16840,0.763484
DM-16839,0.028871
DM-16838,0.782995
DM-16837,0.920504
DM-16836,0.024238
DM-16835,0.006904
DM-16834,0.011072
DM-16833,0.970013
DM-16832,0.984575
DM-16831,0.006098
DM-16830,0.933431
DM-16829,0.158174
DM-16828,0.457379
DM-16827,0.54359
DM-16826,0.893309
DM-16825,0.021451
DM-16824,0.070049
DM-16823,0.008511
DM-16822,0.894421
DM-16821,0.091707
DM-16820,0.033086
DM-16819,0.977883
DM-16818,0.139866
DM-16817,0.077797
DM-16816,0.953622
DM-16815,0.132964
DM-16814,0.914291
DM-16813,0.008577
DM-16812,0.332256
DM-16811,0.129403
DM-16810,0.010987
DM-16809,0.951142
DM-16808,0.302803
DM-16807,0.053601
DM-16806,0.006488
DM-16805,0.882428
DM-16804,0.910545
DM-16803,0.972204
DM-16802,0.042722
DM-16801,0.048137
DM-16800,0.893681
DM-16799,0.964321
DM-16798,0.984811
DM-16797,0.957912
DM-16796,0.986777
DM-16795,0.985384
DM-16794,0.899121
DM-16793,0.53777
DM-16792,0.976129
DM-16791,0.986151
DM-16790,0.97539
DM-16789,0.754192
DM-16788,0.986151
DM-16787,0.010653
DM-16786,0.035948
DM-16785,0.185357
DM-16784,0.647408
DM-16783,0.040846
DM-16782,0.0341
DM-16781,0.441432
DM-16780,0.040541
DM-16779,0.024238
DM-16778,0.703753
DM-16777,0.386879
DM-16776,0.617974
DM-16775,0.891434
DM-16774,0.780662
DM-16773,0.010408
DM-16772,0.141756
DM-16771,0.966156
DM-16770,0.592431
DM-16769,0.837088
DM-16768,0.768733
DM-16767,0.066085
DM-16766,0.92523
DM-16765,0.897695
DM-16764,0.051463
DM-16763,0.247623
DM-16762,0.808672
DM-16761,0.117572
DM-16760,0.194368
DM-16758,0.092033
DM-16757,0.214362
DM-16756,0.953275
DM-16755,0.825027
DM-16754,0.927888
DM-16753,0.582491
DM-16752,0.926304
DM-16751,0.964321
DM-16750,0.57069
DM-16749,0.9462
DM-16748,0.212069
DM-16747,0.982557
DM-16746,0.007816
DM-16745,0.931463
DM-16744,0.970013
DM-16743,0.048137
DM-16742,0.981453
DM-16741,0.968381
DM-16740,0.009413
DM-16739,0.033337
DM-16738,0.34516
DM-16737,0.507812
DM-16736,0.974239
DM-16735,0.040846
DM-16734,0.076408
DM-16733,0.008511
DM-16732,0.68763
DM-16731,0.007233
DM-16730,0.383526
DM-16729,0.475605
DM-16728,0.891811
DM-16727,0.775605
DM-16726,0.057918
DM-16725,0.585042
DM-16724,0.012528
DM-16723,0.954647
DM-16722,0.796925
DM-16721,0.851953
DM-16720,0.964589
DM-16719,0.740174
DM-16718,0.295738
DM-16717,0.012147
DM-16716,0.414425
DM-16714,0.956957
DM-16713,0.966914
DM-16712,0.964855
DM-16711,0.028871
DM-16710,0.02461
DM-16709,0.042404
DM-16708,0.016277
DM-16707,0.944177
DM-16706,0.935346
DM-16705,0.013849
DM-16704,0.305438
DM-16703,0.042722
DM-16702,0.066569
DM-16701,0.035411
DM-16700,0.054803
DM-16699,0.921358
DM-16698,0.030909
DM-16697,0.495117
DM-16696,0.003538
DM-16695,0.158695
DM-16694,0.966914
DM-16693,0.008779
DM-16692,0.453262
DM-16691,0.982691
DM-16690,0.026557
DM-16689,0.00514
DM-16688,0.008847
DM-16686,0.830044
DM-16685,0.594316
DM-16684,0.656548
DM-16683,0.757436
DM-16682,0.948537
DM-16681,0.844922
DM-16680,0.881615
DM-16679,0.961244
DM-16678,0.93196
DM-16677,0.160266
DM-16676,0.940353
DM-16675,0.953275
DM-16674,0.037047
DM-16673,0.101233
DM-16672,0.967899
DM-16671,0.063482
DM-16670,0.399812
DM-16668,0.957912
DM-16667,0.852935
DM-16666,0.98983
DM-16665,0.970465
DM-16664,0.973645
DM-16663,0.010902
DM-16662,0.775265
DM-16661,0.00629
DM-16660,0.950041
DM-16659,0.13569
DM-16658,0.00506
DM-16657,0.841826
DM-16656,0.006193
DM-16655,0.788909
DM-16654,0.578686
DM-16653,0.043691
DM-16652,0.780662
DM-16651,0.023331
DM-16650,0.648105
DM-16649,0.773901
DM-16648,0.991684
DM-16647,0.934395
DM-16646,0.73029
DM-16645,0.811078
DM-16644,0.969785
DM-16643,0.913368
DM-16642,0.942929
DM-16641,0.016277
DM-16640,0.016029
DM-16639,0.047426
DM-16638,0.021948
DM-16637,0.4917
DM-16636,0.894789
DM-16635,0.94699
DM-16634,0.942082
DM-16633,0.025565
DM-16632,0.129403
DM-16631,0.455683
DM-16630,0.622746
DM-16629,0.405213
DM-16628,0.667473
DM-16627,0.200871
DM-16626,0.245808
DM-16625,0.393618
DM-16623,0.541894
DM-16622,0.950778
DM-16621,0.480235
DM-16620,0.30767
DM-16619,0.788909
DM-16618,0.710226
DM-16617,0.938576
DM-16616,0.925769
DM-16615,0.97024
DM-16614,0.983085
DM-16613,0.018405
DM-16612,0.707607
DM-16611,0.049589
DM-16610,0.805632
DM-16609,0.980581
DM-16608,0.015306
DM-16607,0.150278
DM-16606,0.023331
DM-16605,0.423935
DM-16604,0.899475
DM-16603,0.008252
DM-16602,0.957278
DM-16601,0.955651
DM-16600,0.864768
DM-16599,0.026964
DM-16598,0.028871
DM-16597,0.610802
DM-16596,0.208179
DM-16595,0.062789
DM-16594,0.194674
DM-16593,0.008985
DM-16592,0.97539
DM-16591,0.521471
DM-16590,0.059866
DM-16589,0.75274
DM-16588,0.987568
DM-16587,0.973241
DM-16586,0.987375
DM-16585,0.958538
DM-16584,0.98347
DM-16583,0.983723
DM-16582,0.827828
DM-16581,0.987568
DM-16580,0.899475
DM-16579,0.899475
DM-16578,0.985271
DM-16577,0.985043
DM-16576,0.980129
DM-16575,0.978549
DM-16574,0.884838
DM-16573,0.198064
DM-16572,0.984811
DM-16571,0.989013
DM-16570,0.925769
DM-16569,0.944587
DM-16568,0.96741
DM-16567,0.983847
DM-16566,0.086323
DM-16565,0.058777
DM-16564,0.157914
DM-16563,0.030676
DM-16562,0.084795
DM-16561,0.154567
DM-16560,0.025371
DM-16559,0.308451
DM-16558,0.010489
DM-16557,0.873647
DM-16556,0.004982
DM-16555,0.007461
DM-16554,0.930962
DM-16553,0.008316
DM-16552,0.68784
DM-16551,0.461988
DM-16550,0.112795
DM-16549,0.577495
DM-16548,0.858244
DM-16547,0.601359
DM-16546,0.025371
DM-16545,0.886813
DM-16544,0.012147
DM-16543,0.034881
DM-16542,0.011961
DM-16541,0.778986
DM-16540,0.376265
DM-16539,0.884039
DM-16538,0.011508
DM-16537,0.013121
DM-16536,0.900179
DM-16535,0.928409
DM-16534,0.72526
DM-16533,0.950411
DM-16532,0.012336
DM-16531,0.089455
DM-16530,0.262086
DM-16529,0.105579
DM-16528,0.973241
DM-16527,0.951863
DM-16526,0.095013
DM-16525,0.500488
DM-16524,0.036494
DM-16523,0.102664
DM-16522,0.008062
DM-16521,0.057705
DM-16520,0.132739
DM-16519,0.014172
DM-16518,0.280025
DM-16517,0.172172
DM-16516,0.883638
DM-16515,0.520009
DM-16514,0.028871
DM-16513,0.917303
DM-16512,0.00629
DM-16511,0.937211
DM-16510,0.007577
DM-16509,0.868827
DM-16508,0.756537
DM-16507,0.893309
DM-16506,0.065845
DM-16505,0.018405
DM-16504,0.799755
DM-16503,0.954647
DM-16502,0.00522
DM-16501,0.055823
DM-16500,0.259263
DM-16498,0.388386
DM-16497,0.00582
DM-16496,0.449634
DM-16495,0.014282
DM-16494,0.513181
DM-16493,0.296756
DM-16492,0.86293
DM-16491,0.226099
DM-16490,0.096365
DM-16489,0.013223
DM-16488,0.97649
DM-16487,0.019719
DM-16486,0.849472
DM-16485,0.947381
DM-16484,0.542379
DM-16483,0.249996
DM-16482,0.72526
DM-16481,0.003824
DM-16480,0.845942
DM-16479,0.011869
DM-16478,0.897695
DM-16477,0.810479
DM-16476,0.767341
DM-16475,0.704668
DM-16474,0.012821
DM-16473,0.231788
DM-16472,0.035679
DM-16471,0.006798
DM-16470,0.894052
DM-16469,0.020646
DM-16468,0.098425
DM-16467,0.819893
DM-16466,0.033844
DM-16465,0.00582
DM-16464,0.665193
DM-16463,0.438545
DM-16462,0.643721
DM-16461,0.917893
DM-16460,0.91848
DM-16459,0.008779
DM-16458,0.019569
DM-16457,0.144631
DM-16456,0.020332
DM-16455,0.702122
DM-16454,0.03138
DM-16453,0.58261
DM-16452,0.960952
DM-16451,0.006798
DM-16450,0.9462
DM-16449,0.942082
DM-16448,0.019719
DM-16447,0.619011
DM-16446,0.909265
DM-16445,0.087876
DM-16444,0.362631
DM-16443,0.010091
DM-16442,0.597256
DM-16441,0.461259
DM-16440,0.479504
DM-16439,0.267983
DM-16438,0.19853
DM-16437,0.789234
DM-16436,0.504883
DM-16435,0.94699
DM-16434,0.756358
DM-16433,0.889144
DM-16432,0.923039
DM-16431,0.15662
DM-16430,0.978549
DM-16429,0.241132
DM-16428,0.964321
DM-16427,0.390941
DM-16426,0.014282
DM-16425,0.952926
DM-16424,0.109325
DM-16423,0.045353
DM-16422,0.153803
DM-16421,0.941223
DM-16420,0.660884
DM-16419,0.904651
DM-16418,0.46563
DM-16417,0.237046
DM-16416,0.618131
DM-16415,0.96641
DM-16414,0.016915
DM-16413,0.043366
DM-16412,0.033086
DM-16411,0.012054
DM-16410,0.950411
DM-16409,0.934395
DM-16408,0.587233
DM-16407,0.022457
DM-16406,0.128088
DM-16405,0.926304
DM-16404,0.964855
DM-16403,0.021451
DM-16402,0.892937
DM-16401,0.711832
DM-16400,0.854885
DM-16399,0.615203
DM-16398,0.005642
DM-16397,0.83602
DM-16396,0.493164
DM-16395,0.310538
DM-16394,0.677901
DM-16393,0.961244
DM-16392,0.010489
DM-16391,0.962391
DM-16390,0.03138
DM-16389,0.141756
DM-16388,0.758868
DM-16387,0.377311
DM-16386,0.008916
DM-16385,0.046034
DM-16384,0.278846
DM-16383,0.83602
DM-16382,0.966156
DM-16381,0.236516
DM-16380,0.021781
DM-16379,0.008188
DM-16378,0.904651
DM-16377,0.017577
DM-16376,0.133641
DM-16375,0.976669
DM-16374,0.282394
DM-16373,0.92523
DM-16372,0.974239
DM-16371,0.3512
DM-16370,0.096025
DM-16369,0.2227
DM-16368,0.826991
DM-16367,0.025371
DM-16366,0.149531
DM-16365,0.152537
DM-16364,0.00506
DM-16363,0.007877
DM-16362,0.669745
DM-16361,0.148047
DM-16360,0.084493
DM-16359,0.058777
DM-16358,0.962673
DM-16357,0.247078
DM-16356,0.912436
DM-16355,0.103386
DM-16354,0.841305
DM-16353,0.598664
DM-16352,0.938124
DM-16351,0.822189
DM-16350,0.103024
DM-16349,0.126785
DM-16348,0.510985
DM-16347,0.008
DM-16346,0.183009
DM-16345,0.602296
DM-16344,0.849472
DM-16343,0.008062
DM-16342,0.176388
DM-16341,0.100879
DM-16340,0.171616
DM-16339,0.152789
DM-16338,0.667039
DM-16337,0.969556
DM-16336,0.017177
DM-16335,0.415254
DM-16334,0.776962
DM-16333,0.804713
DM-16332,0.011508
DM-16331,0.256553
DM-16330,0.111241
DM-16329,0.273963
DM-16328,0.411347
DM-16327,0.947769
DM-16326,0.020177
DM-16325,0.029535
DM-16324,0.292324
DM-16323,0.034619
DM-16322,0.026759
DM-16321,0.013532
DM-16320,0.17245
DM-16319,0.008125
DM-16318,0.482917
DM-16317,0.233008
DM-16316,0.455683
DM-16315,0.027376
DM-16314,0.063019
DM-16313,0.02976
DM-16312,0.592667
DM-16311,0.44746
DM-16310,0.986363
DM-16309,0.0538
DM-16308,0.125923
DM-16307,0.139396
DM-16306,0.718989
DM-16305,0.443841
DM-16304,0.206894
DM-16303,0.830044
DM-16302,0.007233
DM-16301,0.756358
DM-16300,0.962108
DM-16299,0.812867
DM-16298,0.986572
DM-16297,0.936749
DM-16296,0.033337
DM-16295,0.025371
DM-16294,0.481941
DM-16293,0.955981
DM-16292,0.913677
DM-16291,0.013428
DM-16290,0.173568
DM-16289,0.013428
DM-16288,0.014957
DM-16287,0.075041
DM-16286,0.179818
DM-16285,0.068787
DM-16284,0.803174
DM-16283,0.729134
DM-16282,0.752377
DM-16281,0.222025
DM-16280,0.020964
DM-16279,0.051845
DM-16278,0.057493
DM-16277,0.90764
DM-16276,0.752377
DM-16275,0.086942
DM-16274,0.117167
DM-16273,0.626696
DM-16272,0.659679
DM-16271,0.134776
DM-16270,0.973443
DM-16269,0.113187
DM-16268,0.979354
DM-16267,0.925769
DM-16266,0.942929
DM-16265,0.278747
DM-16264,0.9659
DM-16263,0.078078
DM-16262,0.897695
DM-16261,0.127218
DM-16260,0.428712
DM-16259,0.009055
DM-16258,0.024988
DM-16257,0.937669
DM-16256,0.693888
DM-16255,0.952574
DM-16254,0.831691
DM-16253,0.834407
DM-16252,0.681621
DM-16251,0.986979
DM-16250,0.981875
DM-16249,0.986572
DM-16248,0.09739
DM-16247,0.021125
DM-16246,0.008916
DM-16245,0.688259
DM-16244,0.158956
DM-16243,0.96378
DM-16242,0.009784
DM-16241,0.973844
DM-16240,0.763131
DM-16239,0.475605
DM-16238,0.392541
DM-16237,0.080357
DM-16236,0.240418
DM-16235,0.008644
DM-16234,0.145844
DM-16233,0.025761
DM-16232,0.070816
DM-16231,0.635435
DM-16230,0.936749
DM-16229,0.067301
DM-16228,0.08152
DM-16227,0.969556
DM-16226,0.009197
DM-16225,0.32178
DM-16224,0.962108
DM-16223,0.986979
DM-16222,0.81257
DM-16221,0.974821
DM-16220,0.324978
DM-16219,0.566978
DM-16218,0.843895
DM-16217,0.204978
DM-16216,0.463444
DM-16215,0.021781
DM-16214,0.046034
DM-16213,0.988668
DM-16212,0.28877
DM-16211,0.64512
DM-16210,0.115961
DM-16209,0.043043
DM-16208,0.041462
DM-16207,0.844409
DM-16206,0.68784
DM-16205,0.926835
DM-16204,0.706849
DM-16203,0.227813
DM-16202,0.566978
DM-16201,0.407805
DM-16200,0.708818
DM-16199,0.280616
DM-16198,0.241847
DM-16197,0.527803
DM-16196,0.412767
DM-16195,0.420124
DM-16194,0.894421
DM-16193,0.910545
DM-16192,0.489748
DM-16191,0.01057
DM-16190,0.391755
DM-16189,0.324771
DM-16188,0.222025
DM-16187,0.189821
DM-16186,0.63307
DM-16185,0.047426
DM-16184,0.086632
DM-16183,0.041774
DM-16182,0.01142
DM-16181,0.006693
DM-16180,0.009708
DM-16179,0.013325
DM-16178,0.010902
DM-16177,0.035948
DM-16176,0.348423
DM-16175,0.137532
DM-16174,0.010735
DM-16173,0.684897
DM-16172,0.029312
DM-16171,0.932944
DM-16170,0.004905
DM-16169,0.007816
DM-16168,0.008188
DM-16167,0.413004
DM-16166,0.935346
DM-16165,0.014064
DM-16164,0.020177
DM-16163,0.033086
DM-16162,0.086016
DM-16161,0.757077
DM-16160,0.018689
DM-16159,0.016153
DM-16158,0.908293
DM-16157,0.060087
DM-16156,0.967163
DM-16155,0.968856
DM-16154,0.624179
DM-16153,0.981167
DM-16152,0.963231
DM-16151,0.022977
DM-16150,0.326104
DM-16149,0.942929
DM-16148,0.549641
DM-16147,0.758868
DM-16146,0.839208
DM-16145,0.159741
DM-16144,0.09401
DM-16143,0.048137
DM-16142,0.129843
DM-16141,0.594845
DM-16140,0.951142
DM-16139,0.031619
DM-16138,0.178383
DM-16137,0.161585
DM-16136,0.068537
DM-16135,0.55254
DM-16134,0.971564
DM-16133,0.039639
DM-16132,0.978219
DM-16131,0.017986
DM-16130,0.813461
DM-16129,0.096025
DM-16128,0.339061
DM-16127,0.41324
DM-16126,0.029535
DM-16125,0.029091
DM-16124,0.024423
DM-16123,0.960361
DM-16122,0.979823
DM-16121,0.946597
DM-16120,0.975012
DM-16119,0.00573
DM-16118,0.008916
DM-16117,0.161849
DM-16116,0.019569
DM-16115,0.185062
DM-16114,0.749087
DM-16113,0.346597
DM-16112,0.013742
DM-16111,0.060087
DM-16110,0.037047
DM-16109,0.036494
DM-16108,0.057493
DM-16107,0.013223
DM-16106,0.013742
DM-16105,0.013637
DM-16104,0.058346
DM-16103,0.058132
DM-16102,0.008779
DM-16101,0.036494
DM-16100,0.036769
DM-16099,0.036769
DM-16098,0.03259
DM-16097,0.031619
DM-16096,0.056444
DM-16095,0.036494
DM-16094,0.149531
DM-16093,0.072374
DM-16092,0.089455
DM-16091,0.241847
DM-16090,0.025761
DM-16089,0.282592
DM-16088,0.412648
DM-16087,0.018833
DM-16086,0.734501
DM-16085,0.983971
DM-16084,0.060087
DM-16083,0.893309
DM-16082,0.009708
DM-16081,0.006693
DM-16080,0.009413
DM-16079,0.00522
DM-16078,0.873215
DM-16077,0.011869
DM-16076,0.30549
DM-16075,0.712632
DM-16074,0.812272
DM-16073,0.747616
DM-16072,0.236693
DM-16071,0.041774
DM-16070,0.192236
DM-16069,0.055209
DM-16068,0.012723
DM-16067,0.943764
DM-16066,0.008252
DM-16065,0.009268
DM-16064,0.561215
DM-16063,0.051845
DM-16062,0.019719
DM-16061,0.015073
DM-16060,0.563618
DM-16059,0.011869
DM-16058,0.118385
DM-16057,0.103024
DM-16056,0.217836
DM-16055,0.056652
DM-16054,0.116362
DM-16053,0.805632
DM-16052,0.968141
DM-16051,0.820469
DM-16050,0.106319
DM-16049,0.145601
DM-16048,0.973037
DM-16047,0.0341
DM-16046,0.386648
DM-16045,0.935346
DM-16044,0.273574
DM-16043,0.416559
DM-16042,0.780328
DM-16041,0.906322
DM-16040,0.018547
DM-16039,0.005302
DM-16038,0.650495
DM-16037,0.968141
DM-16036,0.948155
DM-16035,0.064653
DM-16034,0.00986
DM-16033,0.601477
DM-16032,0.014616
DM-16031,0.022457
DM-16030,0.011332
DM-16029,0.887205
DM-16028,0.005911
DM-16027,0.505859
DM-16026,0.724481
DM-16025,0.007121
DM-16024,0.466603
DM-16023,0.337258
DM-16022,0.957278
DM-16021,0.869715
DM-16020,0.246533
DM-16019,0.007233
DM-16018,0.008847
DM-16017,0.9659
DM-16016,0.986151
DM-16015,0.168036
DM-16014,0.6508
DM-16013,0.017309
DM-16012,0.006193
DM-16011,0.035411
DM-16010,0.006098
DM-16009,0.041153
DM-16008,0.050331
DM-16007,0.394784
DM-16006,0.219003
DM-16005,0.096706
DM-16004,0.106691
DM-16003,0.113973
DM-16002,0.210117
DM-16001,0.042404
DM-16000,0.967163
DM-15999,0.975202
DM-15998,0.376451
DM-15997,0.325306
DM-15996,0.541894
DM-15995,0.096706
DM-15994,0.106691
DM-15993,0.327803
DM-15992,0.071074
DM-15991,0.032344
DM-15990,0.962953
DM-15989,0.451327
DM-15988,0.041153
DM-15987,0.057071
DM-15986,0.208179
DM-15985,0.155335
DM-15984,0.605449
DM-15983,0.758153
DM-15982,0.00582
DM-15981,0.383295
DM-15980,0.396535
DM-15979,0.395134
DM-15978,0.66236
DM-15977,0.672869
DM-15976,0.681515
DM-15975,0.004332
DM-15974,0.301156
DM-15973,0.010408
DM-15972,0.428712
DM-15971,0.985271
DM-15970,0.973844
DM-15969,0.980281
DM-15968,0.924688
DM-15967,0.754192
DM-15966,0.522933
DM-15965,0.983343
DM-15964,0.960952
DM-15963,0.437343
DM-15962,0.078078
DM-15961,0.186836
DM-15960,0.06489
DM-15959,0.982691
DM-15958,0.982557
DM-15957,0.892563
DM-15956,0.082402
DM-15955,0.976129
DM-15954,0.977543
DM-15953,0.97649
DM-15952,0.982014
DM-15951,0.897336
DM-15950,0.956634
DM-15949,0.991812
DM-15948,0.987568
DM-15947,0.923592
DM-15946,0.995245
DM-15945,0.917303
DM-15944,0.966914
DM-15943,0.948917
DM-15942,0.986572
DM-15941,0.980129
DM-15940,0.986363
DM-15939,0.919063
DM-15938,0.984456
DM-15937,0.975012
DM-15936,0.984336
DM-15935,0.950778
DM-15934,0.916708
DM-15933,0.908618
DM-15932,0.546496
DM-15931,0.720172
DM-15930,0.131396
DM-15929,0.370681
DM-15928,0.181263
DM-15927,0.00986
DM-15926,0.226784
DM-15925,0.969091
DM-15924,0.431105
DM-15923,0.007816
DM-15922,0.037327
DM-15921,0.021948
DM-15920,0.611063
DM-15919,0.132515
DM-15918,0.628806
DM-15917,0.971992
DM-15916,0.023509
DM-15915,0.781997
DM-15914,0.498535
DM-15913,0.087876
DM-15912,0.915507
DM-15911,0.131173
DM-15910,0.594257
DM-15909,0.098773
DM-15908,0.006693
DM-15907,0.886813
DM-15906,0.874507
DM-15905,0.92523
DM-15904,0.649176
DM-15903,0.541409
DM-15902,0.020177
DM-15901,0.928926
DM-15900,0.977883
DM-15899,0.051463
DM-15898,0.003483
DM-15897,0.624007
DM-15896,0.891811
DM-15895,0.066569
DM-15894,0.124213
DM-15893,0.007121
DM-15892,0.005469
DM-15891,0.010735
DM-15890,0.872347
DM-15889,0.660412
DM-15888,0.856812
DM-15887,0.971992
DM-15886,0.136608
DM-15885,0.503906
DM-15884,0.97631
DM-15883,0.055005
DM-15882,0.314998
DM-15881,0.927888
DM-15880,0.926835
DM-15879,0.96641
DM-15878,0.122944
DM-15877,0.122944
DM-15876,0.122944
DM-15875,0.122944
DM-15874,0.298185
DM-15873,0.012625
DM-15872,0.951504
DM-15871,0.906983
DM-15870,0.879147
DM-15869,0.008577
DM-15868,0.92944
DM-15867,0.007012
DM-15866,0.029091
DM-15865,0.007816
DM-15864,0.748352
DM-15863,0.061199
DM-15862,0.689201
DM-15861,0.257205
DM-15860,0.048858
DM-15859,0.055823
DM-15858,0.009413
DM-15857,0.005642
DM-15856,0.114765
DM-15855,0.735642
DM-15854,0.773216
DM-15853,0.00629
DM-15852,0.896251
DM-15851,0.013532
DM-15850,0.713232
DM-15849,0.095349
DM-15848,0.593727
DM-15847,0.00659
DM-15846,0.376623
DM-15845,0.604165
DM-15844,0.416797
DM-15843,0.523907
DM-15842,0.163179
DM-15841,0.534612
DM-15840,0.655136
DM-15839,0.912124
DM-15838,0.095013
DM-15837,0.004468
DM-15836,0.948155
DM-15835,0.654205
DM-15834,0.007121
DM-15833,0.533397
DM-15832,0.047426
DM-15831,0.154567
DM-15830,0.917598
DM-15829,0.030676
DM-15828,0.896251
DM-15827,0.039048
DM-15826,0.887595
DM-15825,0.902952
DM-15824,0.109325
DM-15823,0.940353
DM-15822,0.935817
DM-15821,0.347703
DM-15820,0.168036
DM-15819,0.97631
DM-15818,0.37502
DM-15817,0.009486
DM-15816,0.018689
DM-15815,0.014064
DM-15814,0.014504
DM-15813,0.014729
DM-15812,0.012432
DM-15811,0.015544
DM-15810,0.031144
DM-15809,0.551091
DM-15808,0.619241
DM-15807,0.950041
DM-15806,0.890294
DM-15805,0.015189
DM-15804,0.062331
DM-15803,0.969785
DM-15802,0.034359
DM-15801,0.096706
DM-15800,0.014282
DM-15799,0.020646
DM-15798,0.186836
DM-15797,0.070049
DM-15796,0.123366
DM-15795,0.034359
DM-15794,0.009634
DM-15793,0.049959
DM-15792,0.900179
DM-15791,0.97024
DM-15790,0.047426
DM-15789,0.042404
DM-15788,0.225076
DM-15787,0.112405
DM-15786,0.766643
DM-15785,0.885235
DM-15784,0.459076
DM-15783,0.979195
DM-15782,0.917303
DM-15781,0.951142
DM-15780,0.117978
DM-15779,0.982423
DM-15778,0.973037
DM-15777,0.971779
DM-15776,0.944177
DM-15775,0.901921
DM-15774,0.934395
DM-15773,0.020332
DM-15772,0.09947
DM-15771,0.385143
DM-15770,0.314978
DM-15769,0.223716
DM-15768,0.010014
DM-15767,0.064183
DM-15766,0.446495
DM-15765,0.007121
DM-15764,0.004982
DM-15763,0.708011
DM-15762,0.047426
DM-15761,0.891055
DM-15760,0.596316
DM-15759,0.029312
DM-15758,0.037327
DM-15757,0.016029
DM-15756,0.024423
DM-15755,0.232484
DM-15754,0.971564
DM-15753,0.051083
DM-15752,0.674801
DM-15751,0.688154
DM-15750,0.064653
DM-15749,0.533154
DM-15748,0.750918
DM-15747,0.673245
DM-15746,0.936285
DM-15745,0.134321
DM-15744,0.119614
DM-15743,0.647074
DM-15742,0.932453
DM-15741,0.337968
DM-15740,0.028436
DM-15739,0.589126
DM-15738,0.889529
DM-15737,0.033086
DM-15736,0.986979
DM-15735,0.654729
DM-15734,0.044681
DM-15733,0.118793
DM-15732,0.965381
DM-15731,0.884838
DM-15730,0.622861
DM-15728,0.930458
DM-15727,0.020964
DM-15726,0.145601
DM-15725,0.086632
DM-15724,0.621053
DM-15723,0.019871
DM-15722,0.652214
DM-15721,0.078642
DM-15720,0.021781
DM-15719,0.024988
DM-15718,0.978219
DM-15717,0.008188
DM-15716,0.107813
DM-15715,0.326862
DM-15714,0.026156
DM-15713,0.058993
DM-15712,0.909265
DM-15711,0.190122
DM-15710,0.426799
DM-15709,0.919643
DM-15708,0.922482
DM-15707,0.95222
DM-15706,0.366476
DM-15705,0.952926
DM-15704,0.065128
DM-15703,0.958538
DM-15702,0.656878
DM-15701,0.030909
DM-15700,0.773901
DM-15699,0.596198
DM-15698,0.133415
DM-15697,0.973645
DM-15696,0.777638
DM-15695,0.168857
DM-15694,0.008188
DM-15693,0.008847
DM-15692,0.187133
DM-15691,0.042722
DM-15690,0.036494
DM-15689,0.020646
DM-15688,0.006904
DM-15687,0.063019
DM-15686,0.888372
DM-15685,0.939025
DM-15684,0.025179
DM-15683,0.024423
DM-15682,0.159479
DM-15681,0.067793
DM-15680,0.983847
DM-15679,0.922482
DM-15678,0.958226
DM-15677,0.397237
DM-15676,0.863392
DM-15675,0.801625
DM-15674,0.188922
DM-15673,0.011332
DM-15672,0.790207
DM-15671,0.083292
DM-15670,0.36977
DM-15669,0.920218
DM-15668,0.335487
DM-15667,0.585694
DM-15666,0.045692
DM-15665,0.945801
DM-15664,0.958226
DM-15663,0.496582
DM-15662,0.171616
DM-15661,0.464659
DM-15660,0.722527
DM-15659,0.040541
DM-15658,0.414425
DM-15657,0.96862
DM-15656,0.747984
DM-15655,0.200245
DM-15654,0.952926
DM-15653,0.941223
DM-15652,0.009055
DM-15651,0.523177
DM-15650,0.981875
DM-15649,0.058993
DM-15648,0.94079
DM-15647,0.089137
DM-15646,0.982557
DM-15645,0.097734
DM-15644,0.054199
DM-15643,0.787931
DM-15642,0.939913
DM-15641,0.605799
DM-15640,0.905657
DM-15639,0.9659
DM-15638,0.008577
DM-15637,0.900179
DM-15636,0.066812
DM-15635,0.597256
DM-15634,0.016029
DM-15633,0.514156
DM-15632,0.815526
DM-15631,0.806243
DM-15630,0.007816
DM-15629,0.982691
DM-15628,0.981453
DM-15627,0.377426
DM-15626,0.343411
DM-15625,0.363082
DM-15624,0.821903
DM-15623,0.756717
DM-15622,0.516595
DM-15621,0.00582
DM-15620,0.026557
DM-15619,0.628236
DM-15618,0.005469
DM-15617,0.058346
DM-15616,0.410874
DM-15615,0.238107
DM-15614,0.049589
DM-15613,0.007121
DM-15612,0.092688
DM-15611,0.928409
DM-15610,0.428233
DM-15609,0.768386
DM-15608,0.013742
DM-15607,0.971779
DM-15606,0.065128
DM-15605,0.057282
DM-15604,0.055823
DM-15603,0.03622
DM-15602,0.00629
DM-15601,0.012723
DM-15600,0.507812
DM-15599,0.951863
DM-15598,0.91848
DM-15597,0.120439
DM-15596,0.83868
DM-15595,0.738669
DM-15594,0.260013
DM-15593,0.015073
DM-15592,0.961534
DM-15591,0.150528
DM-15590,0.260201
DM-15589,0.024798
DM-15588,0.972623
DM-15587,0.010328
DM-15586,0.063251
DM-15585,0.919063
DM-15584,0.952574
DM-15583,0.963506
DM-15582,0.91181
DM-15581,0.759582
DM-15580,0.66236
DM-15579,0.163713
DM-15578,0.014064
DM-15577,0.009634
DM-15576,0.220678
DM-15575,0.237222
DM-15574,0.873215
DM-15573,0.746509
DM-15572,0.786623
DM-15571,0.419172
DM-15570,0.628564
DM-15569,0.500977
DM-15568,0.862468
DM-15567,0.96641
DM-15566,0.249996
DM-15565,0.574872
DM-15564,0.51562
DM-15563,0.971347
DM-15562,0.728941
DM-15561,0.969556
DM-15560,0.008916
DM-15559,0.009126
DM-15558,0.025371
DM-15557,0.983597
DM-15556,0.966914
DM-15555,0.862004
DM-15554,0.026964
DM-15553,0.391551
DM-15552,0.020964
DM-15551,0.901227
DM-15550,0.049222
DM-15549,0.020023
DM-15548,0.179531
DM-15547,0.132964
DM-15546,0.175256
DM-15545,0.134321
DM-15544,0.91848
DM-15543,0.026759
DM-15542,0.008916
DM-15541,0.444083
DM-15540,0.96641
DM-15539,0.012528
DM-15538,0.013223
DM-15537,0.957912
DM-15536,0.956309
DM-15535,0.970909
DM-15534,0.025761
DM-15533,0.977883
DM-15532,0.927888
DM-15531,0.027796
DM-15530,0.007233
DM-15529,0.321337
DM-15528,0.926304
DM-15527,0.008779
DM-15526,0.380817
DM-15525,0.97024
DM-15524,0.970013
DM-15523,0.037609
DM-15522,0.945399
DM-15521,0.026156
DM-15520,0.05921
DM-15519,0.059428
DM-15518,0.007816
DM-15517,0.037609
DM-15516,0.09401
DM-15515,0.599251
DM-15514,0.110471
DM-15513,0.008847
DM-15512,0.924688
DM-15511,0.029091
DM-15510,0.362856
DM-15509,0.022629
DM-15508,0.947769
DM-15507,0.976669
DM-15506,0.684159
DM-15505,0.956957
DM-15504,0.695131
DM-15503,0.930458
DM-15502,0.80837
DM-15501,0.045353
DM-15500,0.854885
DM-15499,0.956309
DM-15498,0.00461
DM-15497,0.941223
DM-15496,0.014842
DM-15495,0.965119
DM-15494,0.019124
DM-15493,0.007877
DM-15492,0.974043
DM-15491,0.010328
DM-15490,0.913058
DM-15489,0.976129
DM-15488,0.708414
DM-15487,0.846451
DM-15486,0.005911
DM-15485,0.061876
DM-15484,0.07477
DM-15483,0.787278
DM-15482,0.120439
DM-15481,0.795975
DM-15480,0.682891
DM-15479,0.017309
DM-15478,0.018978
DM-15477,0.549641
DM-15476,0.859192
DM-15475,0.978713
DM-15474,0.972204
DM-15473,0.875361
DM-15472,0.892187
DM-15471,0.914291
DM-15470,0.975202
DM-15469,0.983085
DM-15468,0.91848
DM-15467,0.924688
DM-15466,0.964321
DM-15465,0.539711
DM-15464,0.010328
DM-15463,0.109706
DM-15462,0.007696
DM-15461,0.512693
DM-15460,0.91118
DM-15459,0.921922
DM-15458,0.014616
DM-15457,0.507812
DM-15456,0.049589
DM-15455,0.008511
DM-15454,0.818156
DM-15453,0.790854
DM-15452,0.06256
DM-15451,0.00522
DM-15450,0.065128
DM-15449,0.051845
DM-15448,0.121686
DM-15447,0.003884
DM-15446,0.010489
DM-15445,0.854885
DM-15444,0.364891
DM-15443,0.005642
DM-15442,0.08152
DM-15441,0.049589
DM-15440,0.591723
DM-15439,0.005302
DM-15438,0.030676
DM-15437,0.00506
DM-15436,0.010014
DM-15435,0.621081
DM-15434,0.962953
DM-15433,0.058132
DM-15432,0.52829
DM-15431,0.899475
DM-15430,0.928409
DM-15429,0.009784
DM-15428,0.04778
DM-15427,0.895157
DM-15426,0.009708
DM-15425,0.073963
DM-15424,0.980281
DM-15423,0.028221
DM-15422,0.845942
DM-15421,0.389314
DM-15420,0.134321
DM-15419,0.024798
DM-15418,0.047426
DM-15417,0.219505
DM-15416,0.890675
DM-15415,0.008916
DM-15414,0.942929
DM-15413,0.033844
DM-15412,0.937669
DM-15411,0.958538
DM-15410,0.015785
DM-15409,0.025371
DM-15408,0.020332
DM-15407,0.505859
DM-15406,0.008062
DM-15405,0.412767
DM-15404,0.006193
DM-15403,0.938124
DM-15402,0.041153
DM-15401,0.017849
DM-15400,0.024238
DM-15399,0.007696
DM-15398,0.006798
DM-15397,0.045016
DM-15396,0.951504
DM-15395,0.982557
DM-15394,0.014392
DM-15393,0.965381
DM-15392,0.611382
DM-15391,0.006098
DM-15390,0.41253
DM-15389,0.021451
DM-15388,0.158695
DM-15387,0.975202
DM-15386,0.937211
DM-15385,0.081228
DM-15384,0.007289
DM-15383,0.007816
DM-15382,0.898767
DM-15381,0.045692
DM-15380,0.219505
DM-15379,0.219505
DM-15378,0.004199
DM-15377,0.913677
DM-15376,0.863852
DM-15375,0.942929
DM-15374,0.9462
DM-15373,0.101589
DM-15372,0.165054
DM-15371,0.082107
DM-15370,0.709221
DM-15369,0.985718
DM-15368,0.889529
DM-15367,0.909265
DM-15366,0.031144
DM-15365,0.979195
DM-15364,0.196826
DM-15363,0.037609
DM-15362,0.974435
DM-15361,0.892187
DM-15360,0.009055
DM-15359,0.94699
DM-15358,0.022117
DM-15357,0.635449
DM-15356,0.749454
DM-15355,0.003594
DM-15354,0.093017
DM-15353,0.948917
DM-15352,0.710829
DM-15351,0.863852
DM-15350,0.023331
DM-15349,0.060308
DM-15348,0.905322
DM-15347,0.012625
DM-15346,0.711631
DM-15345,0.643315
DM-15344,0.033337
DM-15343,0.163713
DM-15342,0.345105
DM-15341,0.278257
DM-15340,0.145115
DM-15339,0.018978
DM-15338,0.594787
DM-15337,0.010987
DM-15336,0.969785
DM-15335,0.841305
DM-15334,0.036494
DM-15333,0.070304
DM-15332,0.846451
DM-15331,0.939913
DM-15330,0.435902
DM-15329,0.889912
DM-15328,0.007816
DM-15327,0.05301
DM-15326,0.178383
DM-15325,0.932453
DM-15324,0.026759
DM-15323,0.007012
DM-15322,0.953966
DM-15321,0.087564
DM-15320,0.228156
DM-15319,0.069038
DM-15318,0.941223
DM-15317,0.974629
DM-15316,0.9462
DM-15315,0.922482
DM-15314,0.964052
DM-15313,0.948155
DM-15312,0.986572
DM-15311,0.947381
DM-15310,0.945399
DM-15309,0.927363
DM-15308,0.921922
DM-15307,0.542863
DM-15306,0.953966
DM-15305,0.171894
DM-15304,0.961244
DM-15303,0.947381
DM-15302,0.882022
DM-15301,0.00461
DM-15300,0.896614
DM-15299,0.010328
DM-15298,0.166404
DM-15297,0.030909
DM-15296,0.16398
DM-15295,0.011245
DM-15294,0.484868
DM-15293,0.006004
DM-15292,0.712232
DM-15291,0.274546
DM-15290,0.220846
DM-15289,0.021125
DM-15288,0.864768
DM-15287,0.83762
DM-15286,0.006904
DM-15285,0.274546
DM-15284,0.226099
DM-15283,0.021125
DM-15282,0.83762
DM-15281,0.425605
DM-15280,0.950411
DM-15279,0.130285
DM-15278,0.875361
DM-15277,0.073963
DM-15276,0.890294
DM-15275,0.927888
DM-15274,0.007461
DM-15273,0.033844
DM-15272,0.993096
DM-15271,0.921358
DM-15270,0.350883
DM-15269,0.991015
DM-15268,0.371251
DM-15267,0.577734
DM-15266,0.971564
DM-15265,0.194674
DM-15264,0.378344
DM-15263,0.039343
DM-15262,0.041462
DM-15261,0.040238
DM-15260,0.26341
DM-15259,0.267695
DM-15258,0.244904
DM-15257,0.969091
DM-15256,0.915205
DM-15255,0.006193
DM-15254,0.262086
DM-15253,0.916708
DM-15252,0.036769
DM-15251,0.968381
DM-15250,0.974043
DM-15249,0.450359
DM-15248,0.019271
DM-15247,0.071332
DM-15246,0.773901
DM-15245,0.024423
DM-15244,0.09947
DM-15243,0.968856
DM-15242,0.984575
DM-15241,0.008252
DM-15240,0.981453
DM-15239,0.9659
DM-15238,0.966914
DM-15237,0.972415
DM-15236,0.020489
DM-15235,0.045016
DM-15234,0.00659
DM-15233,0.017577
DM-15232,0.536799
DM-15231,0.023871
DM-15230,0.024798
DM-15229,0.825027
DM-15228,0.632389
DM-15227,0.972204
DM-15226,0.159479
DM-15225,0.012528
DM-15224,0.009055
DM-15223,0.00407
DM-15222,0.095687
DM-15221,0.923592
DM-15220,0.870597
DM-15219,0.006488
DM-15218,0.951142
DM-15217,0.574872
DM-15216,0.125493
DM-15215,0.020332
DM-15214,0.057282
DM-15213,0.003707
DM-15212,0.961822
DM-15211,0.886027
DM-15210,0.917303
DM-15209,0.910227
DM-15208,0.009055
DM-15207,0.715821
DM-15206,0.003945
DM-15205,0.075858
DM-15204,0.939913
DM-15203,0.132964
DM-15202,0.018833
DM-15201,0.819316
DM-15200,0.780662
DM-15199,0.961534
DM-15198,0.910227
DM-15197,0.00934
DM-15196,0.00934
DM-15195,0.938124
DM-15194,0.004682
DM-15193,0.087252
DM-15192,0.352063
DM-15191,0.00629
DM-15190,0.010489
DM-15189,0.986979
DM-15188,0.834946
DM-15187,0.844922
DM-15186,0.816699
DM-15185,0.957912
DM-15184,0.037609
DM-15183,0.387111
DM-15182,0.114765
DM-15181,0.014504
DM-15180,0.242385
DM-15179,0.017577
DM-15178,0.029312
DM-15177,0.009126
DM-15176,0.809878
DM-15175,0.021948
DM-15174,0.928409
DM-15173,0.054199
DM-15172,0.098425
DM-15171,0.009784
DM-15170,0.819316
DM-15169,0.125923
DM-15168,0.008
DM-15167,0.944587
DM-15166,0.124639
DM-15165,0.698844
DM-15164,0.068787
DM-15163,0.848471
DM-15162,0.960657
DM-15161,0.700895
DM-15160,0.877056
DM-15159,0.867485
DM-15158,0.475605
DM-15157,0.963231
DM-15156,0.110471
DM-15155,0.01057
DM-15154,0.112405
DM-15153,0.083292
DM-15152,0.011245
DM-15151,0.761361
DM-15150,0.973037
DM-15149,0.020177
DM-15148,0.006098
DM-15147,0.065128
DM-15146,0.068289
DM-15145,0.006693
DM-15143,0.928926
DM-15142,0.609175
DM-15141,0.005911
DM-15140,0.012054
DM-15139,0.256832
DM-15138,0.011597
DM-15137,0.778313
DM-15136,0.019419
DM-15135,0.906983
DM-15134,0.012336
DM-15133,0.009197
DM-15132,0.046378
DM-15131,0.018125
DM-15130,0.889529
DM-15129,0.944587
DM-15128,0.831143
DM-15127,0.00461
DM-15126,0.398172
DM-15125,0.498535
DM-15124,0.435421
DM-15123,0.21767
DM-15122,0.944995
DM-15121,0.011597
DM-15120,0.036494
DM-15119,0.049222
DM-15118,0.054601
DM-15117,0.005469
DM-15116,0.842345
DM-15115,0.01142
DM-15114,0.009559
DM-15113,0.053601
DM-15112,0.916708
DM-15111,0.102664
DM-15110,0.542379
DM-15109,0.921358
DM-15108,0.258139
DM-15107,0.219505
DM-15106,0.808067
DM-15105,0.132066
DM-15104,0.105211
DM-15103,0.007816
DM-15102,0.207215
DM-15101,0.062789
DM-15100,0.067547
DM-15099,0.141756
DM-15098,0.029535
DM-15097,0.00838
DM-15096,0.021287
DM-15095,0.213705
DM-15094,0.017712
DM-15093,0.012336
DM-15092,0.014616
DM-15091,0.010818
DM-15090,0.016153
DM-15089,0.089773
DM-15088,0.017177
DM-15087,0.005642
DM-15086,0.007346
DM-15085,0.009126
DM-15084,0.479016
DM-15083,0.118385
DM-15082,0.872782
DM-15081,0.46636
DM-15080,0.447943
DM-15079,0.857291
DM-15078,0.250546
DM-15077,0.964589
DM-15076,0.985384
DM-15075,0.015073
DM-15074,0.037047
DM-15073,0.928926
DM-15072,0.009413
DM-15071,0.71721
DM-15070,0.008
DM-15069,0.008711
DM-15068,0.054601
DM-15067,0.027585
DM-15066,0.022117
DM-15065,0.021287
DM-15064,0.034359
DM-15063,0.080647
DM-15062,0.016915
DM-15061,0.023871
DM-15060,0.024423
DM-15059,0.971992
DM-15058,0.025565
DM-15057,0.190423
DM-15056,0.010014
DM-15055,0.08152
DM-15054,0.915507
DM-15053,0.988131
DM-15052,0.292444
DM-15051,0.055823
DM-15050,0.09236
DM-15049,0.948155
DM-15048,0.619126
DM-15047,0.91848
DM-15046,0.014392
DM-15045,0.042088
DM-15044,0.016277
DM-15043,0.018547
DM-15042,0.090414
DM-15041,0.014282
DM-15040,0.012528
DM-15039,0.00934
DM-15038,0.448668
DM-15036,0.416322
DM-15035,0.080357
DM-15034,0.967899
DM-15033,0.179243
DM-15032,0.093017
DM-15031,0.007938
DM-15030,0.805938
DM-15029,0.346915
DM-15028,0.970909
DM-15027,0.49707
DM-15026,0.232833
DM-15025,0.646955
DM-15024,0.953622
DM-15023,0.038466
DM-15022,0.451085
DM-15021,0.06804
DM-15020,0.935346
DM-15019,0.034881
DM-15018,0.227469
DM-15017,0.955319
DM-15016,0.881615
DM-15015,0.837088
DM-15014,0.00582
DM-15013,0.595493
DM-15012,0.817574
DM-15011,0.266739
DM-15010,0.64013
DM-15009,0.958847
DM-15008,0.015425
DM-15007,0.078642
DM-15006,0.501465
DM-15005,0.129403
DM-15004,0.010818
DM-15003,0.955981
DM-15002,0.902952
DM-15001,0.61451
DM-15000,0.155848
DM-14999,0.275617
DM-14998,0.507812
DM-14997,0.779658
DM-14996,0.781997
DM-14995,0.625753
DM-14994,0.004134
DM-14993,0.775265
DM-14992,0.739611
DM-14991,0.147065
DM-14990,0.056652
DM-14989,0.049589
DM-14988,0.037609
DM-14987,0.009413
DM-14986,0.249447
DM-14985,0.105579
DM-14984,0.017045
DM-14983,0.895523
DM-14982,0.007816
DM-14981,0.696165
DM-14980,0.831691
DM-14979,0.848972
DM-14978,0.947769
DM-14977,0.977714
DM-14976,0.979036
DM-14975,0.977197
DM-14974,0.942929
DM-14973,0.956634
DM-14972,0.988668
DM-14971,0.97539
DM-14970,0.97649
DM-14969,0.76908
DM-14968,0.955651
DM-14967,0.986979
DM-14966,0.983214
DM-14965,0.979354
DM-14964,0.961244
DM-14963,0.987759
DM-14962,0.988492
DM-14961,0.897695
DM-14960,0.949669
DM-14959,0.988842
DM-14958,0.992767
DM-14957,0.979668
DM-14956,0.969556
DM-14955,0.888372
DM-14954,0.978052
DM-14953,0.924688
DM-14952,0.97024
DM-14951,0.984694
DM-14950,0.956309
DM-14949,0.929951
DM-14948,0.973241
DM-14947,0.882428
DM-14946,0.926835
DM-14945,0.915809
DM-14944,0.497559
DM-14943,0.962391
DM-14942,0.937669
DM-14941,0.026156
DM-14940,0.780662
DM-14939,0.765243
DM-14938,0.004982
DM-14937,0.928409
DM-14936,0.944177
DM-14935,0.414899
DM-14934,0.015189
DM-14933,0.885235
DM-14932,0.722135
DM-14931,0.014392
DM-14930,0.944587
DM-14929,0.010091
DM-14928,0.009936
DM-14927,0.04778
DM-14926,0.402921
DM-14925,0.012241
DM-14924,0.010249
DM-14923,0.180974
DM-14922,0.256832
DM-14921,0.076132
DM-14920,0.313
DM-14919,0.011597
DM-14918,0.914901
DM-14917,0.985718
DM-14916,0.885235
DM-14915,0.00986
DM-14914,0.009708
DM-14913,0.968856
DM-14912,0.928926
DM-14911,0.989182
DM-14910,0.014957
DM-14909,0.095349
DM-14908,0.092688
DM-14907,0.923592
DM-14906,0.909265
DM-14905,0.978385
DM-14904,0.972831
DM-14903,0.948537
DM-14902,0.942082
DM-14901,0.914291
DM-14900,0.956957
DM-14899,0.607008
DM-14898,0.985271
DM-14897,0.871912
DM-14896,0.969785
DM-14895,0.747984
DM-14894,0.224735
DM-14893,0.308659
DM-14892,0.066569
DM-14891,0.060975
DM-14890,0.019719
DM-14889,0.103024
DM-14888,0.126785
DM-14887,0.028871
DM-14886,0.00629
DM-14885,0.012821
DM-14884,0.133868
DM-14883,0.280912
DM-14882,0.803174
DM-14881,0.037892
DM-14880,0.051083
DM-14879,0.142709
DM-14878,0.011332
DM-14877,0.977197
DM-14876,0.014729
DM-14875,0.504394
DM-14874,0.007461
DM-14873,0.990441
DM-14872,0.091058
DM-14871,0.721743
DM-14870,0.010987
DM-14869,0.065605
DM-14868,0.925769
DM-14867,0.009486
DM-14866,0.010408
DM-14865,0.961822
DM-14864,0.021451
DM-14863,0.912436
DM-14862,0.017045
DM-14861,0.865679
DM-14860,0.120026
DM-14859,0.009413
DM-14858,0.804098
DM-14857,0.901575
DM-14856,0.035679
DM-14855,0.884439
DM-14854,0.953622
DM-14853,0.68215
DM-14852,0.938576
DM-14851,0.009197
DM-14850,0.127218
DM-14849,0.007696
DM-14848,0.005302
DM-14847,0.011869
DM-14846,0.015306
DM-14845,0.008711
DM-14844,0.008985
DM-14843,0.030444
DM-14842,0.021287
DM-14841,0.023689
DM-14840,0.023689
DM-14839,0.694406
DM-14838,0.755997
DM-14837,0.725649
DM-14836,0.007696
DM-14835,0.008711
DM-14834,0.327064
DM-14833,0.04778
DM-14832,0.644372
DM-14831,0.659265
DM-14830,0.97631
DM-14829,0.992062
DM-14828,0.721743
DM-14827,0.72952
DM-14826,0.034619
DM-14825,0.945399
DM-14824,0.535584
DM-14823,0.955651
DM-14822,0.648717
DM-14821,0.881207
DM-14820,0.967163
DM-14819,0.976669
DM-14818,0.882022
DM-14817,0.915507
DM-14816,0.410402
DM-14815,0.198685
DM-14814,0.035679
DM-14813,0.335589
DM-14812,0.342984
DM-14811,0.045353
DM-14810,0.045692
DM-14809,0.007877
DM-14808,0.069542
DM-14807,0.274643
DM-14806,0.38914
DM-14805,0.711431
DM-14804,0.013121
DM-14803,0.64969
DM-14802,0.076408
DM-14801,0.044681
DM-14800,0.086942
DM-14799,0.457621
DM-14798,0.393735
DM-14797,0.0729
DM-14796,0.021287
DM-14795,0.025957
DM-14794,0.990587
DM-14793,0.928409
DM-14792,0.826712
DM-14791,0.007233
DM-14790,0.794704
DM-14789,0.965119
DM-14788,0.769427
DM-14786,0.589362
DM-14785,0.062103
DM-14784,0.012528
DM-14783,0.980129
DM-14782,0.858244
DM-14781,0.35095
DM-14780,0.003824
DM-14779,0.862468
DM-14778,0.016029
DM-14777,0.770119
DM-14776,0.109325
DM-14775,0.148047
DM-14774,0.129403
DM-14773,0.043691
DM-14772,0.746878
DM-14771,0.976847
DM-14770,0.006098
DM-14769,0.985496
DM-14768,0.566978
DM-14767,0.007577
DM-14766,0.044019
DM-14765,0.4917
DM-14764,0.074231
DM-14763,0.173568
DM-14762,0.489748
DM-14761,0.009126
DM-14760,0.867485
DM-14759,0.737914
DM-14758,0.004538
DM-14757,0.932453
DM-14756,0.945399
DM-14755,0.961244
DM-14754,0.072374
DM-14753,0.017986
DM-14752,0.238994
DM-14751,0.86293
DM-14750,0.339225
DM-14749,0.671847
DM-14748,0.131619
DM-14747,0.014392
DM-14746,0.034359
DM-14745,0.143668
DM-14744,0.016915
DM-14743,0.008446
DM-14742,0.873215
DM-14741,0.747984
DM-14740,0.854399
DM-14739,0.035411
DM-14738,0.306216
DM-14737,0.056029
DM-14736,0.971779
DM-14735,0.025179
DM-14734,0.882022
DM-14733,0.978713
DM-14732,0.006004
DM-14731,0.957278
DM-14730,0.979354
DM-14729,0.056236
DM-14728,0.517083
DM-14727,0.853425
DM-14726,0.462959
DM-14725,0.92079
DM-14724,0.669745
DM-14723,0.481941
DM-14722,0.634996
DM-14721,0.032101
DM-14720,0.783988
DM-14719,0.460289
DM-14718,0.348756
DM-14717,0.482917
DM-14716,0.104112
DM-14715,0.015306
DM-14714,0.026964
DM-14712,0.180684
DM-14711,0.914291
DM-14710,0.945801
DM-14709,0.924142
DM-14708,0.675444
DM-14707,0.624179
DM-14706,0.615203
DM-14705,0.015425
DM-14704,0.159217
DM-14703,0.740174
DM-14702,0.492188
DM-14701,0.121269
DM-14700,0.424173
DM-14699,0.063948
DM-14698,0.017045
DM-14697,0.195594
DM-14696,0.968141
DM-14695,0.013637
DM-14694,0.019569
DM-14693,0.021615
DM-14692,0.023331
DM-14691,0.928409
DM-14690,0.960952
DM-14689,0.035679
DM-14688,0.035679
DM-14687,0.953966
DM-14686,0.053403
DM-14685,0.014392
DM-14684,0.008711
DM-14683,0.936285
DM-14682,0.012054
DM-14681,0.715026
DM-14680,0.240418
DM-14679,0.119203
DM-14678,0.389547
DM-14677,0.207857
DM-14676,0.884439
DM-14675,0.106319
DM-14674,0.917893
DM-14673,0.005302
DM-14672,0.803482
DM-14671,0.114765
DM-14670,0.325494
DM-14669,0.09401
DM-14668,0.896614
DM-14667,0.380126
DM-14666,0.954647
DM-14665,0.962391
DM-14664,0.068787
DM-14663,0.810479
DM-14662,0.971129
DM-14661,0.894052
DM-14660,0.953966
DM-14659,0.482673
DM-14658,0.672789
DM-14657,0.054803
DM-14655,0.917303
DM-14654,0.122944
DM-14653,0.022803
DM-14652,0.035679
DM-14651,0.922482
DM-14650,0.783658
DM-14649,0.767341
DM-14648,0.842863
DM-14647,0.196826
DM-14646,0.702938
DM-14645,0.048137
DM-14643,0.03359
DM-14642,0.03359
DM-14641,0.03359
DM-14640,0.789234
DM-14639,0.924142
DM-14638,0.96641
DM-14637,0.60711
DM-14636,0.20466
DM-14635,0.866133
DM-14634,0.900179
DM-14633,0.079496
DM-14632,0.70416
DM-14631,0.929951
DM-14630,0.091707
DM-14629,0.677261
DM-14628,0.01142
DM-14627,0.251096
DM-14626,0.008847
DM-14625,0.197754
DM-14624,0.050705
DM-14623,0.889912
DM-14622,0.935346
DM-14621,0.441673
DM-14620,0.978385
DM-14619,0.060087
DM-14618,0.281011
DM-14617,0.003594
DM-14616,0.027169
DM-14615,0.025565
DM-14614,0.04778
DM-14613,0.278846
DM-14612,0.006693
DM-14611,0.926304
DM-14610,0.654287
DM-14609,0.947381
DM-14608,0.126353
DM-14607,0.855851
DM-14606,0.969556
DM-14605,0.90599
DM-14604,0.047603
DM-14603,0.022457
DM-14602,0.674908
DM-14601,0.040238
DM-14600,0.007346
DM-14599,0.058993
DM-14598,0.016785
DM-14597,0.014842
DM-14596,0.011597
DM-14595,0.008252
DM-14594,0.976129
DM-14593,0.231788
DM-14592,0.180974
DM-14591,0.150029
DM-14590,0.087252
DM-14589,0.046378
DM-14588,0.010328
DM-14587,0.041462
DM-14586,0.016153
DM-14585,0.012821
DM-14584,0.175256
DM-14583,0.906983
DM-14582,0.991015
DM-14581,0.946597
DM-14580,0.112405
DM-14579,0.049589
DM-14578,0.016785
DM-14577,0.013428
DM-14576,0.764188
DM-14575,0.464902
DM-14574,0.296858
DM-14573,0.971564
DM-14572,0.952926
DM-14571,0.010818
DM-14570,0.972623
DM-14569,0.004905
DM-14568,0.928409
DM-14567,0.986572
DM-14566,0.979977
DM-14565,0.983597
DM-14564,0.973241
DM-14563,0.060752
DM-14562,0.963506
DM-14561,0.143427
DM-14560,0.225758
DM-14559,0.948917
DM-14558,0.08882
DM-14557,0.116764
DM-14556,0.051083
DM-14555,0.479016
DM-14554,0.373819
DM-14553,0.17441
DM-14552,0.009486
DM-14551,0.98347
DM-14550,0.106319
DM-14549,0.948917
DM-14548,0.010328
DM-14547,0.035679
DM-14546,0.043366
DM-14545,0.045353
DM-14544,0.761361
DM-14543,0.401923
DM-14542,0.922482
DM-14541,0.150778
DM-14540,0.09236
DM-14539,0.572006
DM-14538,0.292393
DM-14537,0.796292
DM-14536,0.58059
DM-14535,0.955981
DM-14534,0.007816
DM-14533,0.019569
DM-14532,0.132964
DM-14531,0.719778
DM-14530,0.007233
DM-14529,0.008847
DM-14528,0.006693
DM-14527,0.880797
DM-14526,0.007877
DM-14525,0.009268
DM-14524,0.844409
DM-14523,0.966914
DM-14522,0.976129
DM-14521,0.039343
DM-14520,0.182134
DM-14519,0.301568
DM-14518,0.841305
DM-14517,0.013121
DM-14516,0.018689
DM-14515,0.938576
DM-14514,0.958226
DM-14513,0.808974
DM-14512,0.703957
DM-14511,0.040238
DM-14510,0.931463
DM-14509,0.148294
DM-14508,0.785638
DM-14507,0.02976
DM-14506,0.007012
DM-14505,0.012432
DM-14504,0.915507
DM-14503,0.944587
DM-14502,0.928409
DM-14501,0.648578
DM-14500,0.718199
DM-14499,0.987946
DM-14497,0.020964
DM-14496,0.009486
DM-14495,0.598312
DM-14494,0.00838
DM-14493,0.028221
DM-14492,0.009559
DM-14491,0.006798
DM-14490,0.012054
DM-14489,0.41941
DM-14488,0.981311
DM-14487,0.980729
DM-14486,0.904313
DM-14485,0.952926
DM-14484,0.973037
DM-14483,0.924688
DM-14482,0.982288
DM-14481,0.982823
DM-14480,0.984927
DM-14479,0.83602
DM-14478,0.961534
DM-14477,0.955981
DM-14476,0.650356
DM-14475,0.03259
DM-14474,0.23231
DM-14473,0.043366
DM-14472,0.974821
DM-14471,0.091058
DM-14470,0.985936
DM-14469,0.978713
DM-14468,0.712232
DM-14467,0.955319
DM-14466,0.782663
DM-14465,0.03359
DM-14464,0.975012
DM-14463,0.834407
DM-14462,0.725649
DM-14460,0.009784
DM-14459,0.037327
DM-14458,0.937669
DM-14457,0.183301
DM-14456,0.986363
DM-14455,0.958538
DM-14454,0.978713
DM-14453,0.816406
DM-14452,0.989182
DM-14451,0.938576
DM-14450,0.969091
DM-14449,0.962391
DM-14448,0.971779
DM-14447,0.641478
DM-14446,0.962953
DM-14444,0.951863
DM-14443,0.975577
DM-14442,0.981453
DM-14441,0.007233
DM-14440,0.007012
DM-14439,0.016915
DM-14438,0.586523
DM-14437,0.547948
DM-14436,0.054399
DM-14435,0.766294
DM-14434,0.978052
DM-14433,0.83602
DM-14432,0.94699
DM-14431,0.978713
DM-14430,0.721154
DM-14429,0.260954
DM-14428,0.648884
DM-14409,0.972831
DM-14408,0.461017
DM-14407,0.934873
DM-14406,0.947769
DM-14405,0.940353
DM-14404,0.950778
DM-14403,0.920504
DM-14402,0.954647
DM-14401,0.966663
DM-14400,0.943348
DM-14399,0.009486
DM-14398,0.830594
DM-14397,0.077797
DM-14396,0.006693
DM-14395,0.006098
DM-14394,0.369088
DM-14393,0.032344
DM-14392,0.015906
DM-14391,0.801625
DM-14390,0.021125
DM-14389,0.974043
DM-14388,0.898053
DM-14387,0.494629
DM-14386,0.324396
DM-14385,0.004982
DM-14384,0.007346
DM-14383,0.009634
DM-14382,0.832781
DM-14381,0.007012
DM-14380,0.631651
DM-14379,0.007816
DM-14378,0.722527
DM-14377,0.007461
DM-14376,0.046725
DM-14375,0.045692
DM-14374,0.027585
DM-14373,0.056236
DM-14372,0.021781
DM-14371,0.038756
DM-14370,0.938124
DM-14369,0.008779
DM-14368,0.009126
DM-14367,0.699665
DM-14366,0.566258
DM-14365,0.241668
DM-14364,0.930458
DM-14363,0.927888
DM-14362,0.286968
DM-14361,0.938576
DM-14360,0.079782
DM-14359,0.020332
DM-14358,0.20466
DM-14357,0.696578
DM-14356,0.120439
DM-14355,0.00659
DM-14354,0.038178
DM-14353,0.016403
DM-14352,0.972204
DM-14351,0.066569
DM-14350,0.017712
DM-14349,0.010014
DM-14348,0.886027
DM-14347,0.119203
DM-14346,0.895888
DM-14345,0.222362
DM-14344,0.936749
DM-14343,0.020964
DM-14342,0.00365
DM-14341,0.027376
DM-14340,0.053601
DM-14339,0.036769
DM-14338,0.239349
DM-14337,0.106319
DM-14336,0.975012
DM-14335,0.982955
DM-14334,0.974435
DM-14333,0.934873
DM-14332,0.910227
DM-14331,0.971564
DM-14330,0.977883
DM-14329,0.012241
DM-14328,0.207536
DM-14327,0.017177
DM-14326,0.944177
DM-14325,0.006904
DM-14324,0.941654
DM-14323,0.248899
DM-14322,0.983343
DM-14321,0.901227
DM-14320,0.613815
DM-14319,0.020023
DM-14318,0.926304
DM-14317,0.960657
DM-14316,0.022629
DM-14315,0.392919
DM-14314,0.828384
DM-14313,0.066812
DM-14312,0.973037
DM-14311,0.006693
DM-14310,0.054803
DM-14309,0.741112
DM-14308,0.008847
DM-14307,0.113187
DM-14306,0.149035
DM-14305,0.513425
DM-14304,0.804713
DM-14303,0.010014
DM-14302,0.010014
DM-14301,0.926835
DM-14300,0.860134
DM-14299,0.739986
DM-14298,0.747984
DM-14297,0.825027
DM-14296,0.009126
DM-14295,0.879561
DM-14294,0.018264
DM-14293,0.962673
DM-14292,0.967656
DM-14291,0.185357
DM-14290,0.016029
DM-14289,0.354545
DM-14288,0.058346
DM-14287,0.01302
DM-14286,0.016785
DM-14285,0.03622
DM-14284,0.874935
DM-14283,0.008252
DM-14282,0.014172
DM-14281,0.950778
DM-14280,0.011245
DM-14279,0.008511
DM-14278,0.145601
DM-14277,0.022977
DM-14276,0.037047
DM-14275,0.027169
DM-14274,0.044349
DM-14273,0.095687
DM-14272,0.136608
DM-14271,0.520009
DM-14270,0.919643
DM-14269,0.042404
DM-14268,0.901227
DM-14267,0.787278
DM-14266,0.910863
DM-14265,0.930962
DM-14264,0.965119
DM-14263,0.969091
DM-14262,0.060529
DM-14261,0.448909
DM-14260,0.054601
DM-14259,0.797872
DM-14258,0.030444
DM-14257,0.00522
DM-14256,0.03138
DM-14255,0.071074
DM-14254,0.236693
DM-14253,0.940353
DM-14252,0.971129
DM-14251,0.979823
DM-14250,0.008188
DM-14249,0.010735
DM-14248,0.037327
DM-14247,0.840783
DM-14246,0.488283
DM-14245,0.052619
DM-14244,0.009559
DM-14243,0.03622
DM-14242,0.06804
DM-14241,0.978875
DM-14240,0.981167
DM-14239,0.063019
DM-14238,0.991015
DM-14237,0.125493
DM-14236,0.925769
DM-14235,0.006388
DM-14234,0.060975
DM-14233,0.060529
DM-14232,0.944587
DM-14231,0.729905
DM-14230,0.018833
DM-14229,0.400046
DM-14228,0.903294
DM-14227,0.004538
DM-14226,0.979668
DM-14225,0.970909
DM-14224,0.011869
DM-14223,0.496094
DM-14222,0.974821
DM-14221,0.988668
DM-14220,0.290377
DM-14219,0.984811
DM-14218,0.896614
DM-14217,0.014729
DM-14216,0.020964
DM-14215,0.022286
DM-14214,0.68637
DM-14213,0.80502
DM-14212,0.965381
DM-14211,0.981167
DM-14210,0.945801
DM-14209,0.989347
DM-14208,0.076132
DM-14207,0.047074
DM-14206,0.981167
DM-14205,0.058561
DM-14204,0.88642
DM-14203,0.080357
DM-14202,0.0341
DM-14201,0.026557
DM-14200,0.040541
DM-14199,0.00934
DM-14198,0.957278
DM-14197,0.08819
DM-14196,0.02976
DM-14195,0.031144
DM-14194,0.008644
DM-14193,0.882428
DM-14192,0.015906
DM-14191,0.987375
DM-14190,0.087564
DM-14189,0.005911
DM-14188,0.965119
DM-14187,0.912124
DM-14186,0.703346
DM-14185,0.949669
DM-14184,0.989182
DM-14183,0.941654
DM-14182,0.018405
DM-14181,0.028221
DM-14180,0.084493
DM-14179,0.97024
DM-14178,0.006488
DM-14177,0.009559
DM-14176,0.154567
DM-14175,0.00629
DM-14174,0.378
DM-14173,0.009784
DM-14172,0.036494
DM-14171,0.23634
DM-14170,0.166404
DM-14169,0.919643
DM-14168,0.048137
DM-14167,0.954984
DM-14166,0.956309
DM-14165,0.949295
DM-14164,0.109706
DM-14163,0.951863
DM-14162,0.01057
DM-14161,0.561215
DM-14160,0.982288
DM-14159,0.017177
DM-14158,0.284576
DM-14157,0.141756
DM-14156,0.935817
DM-14155,0.049222
DM-14154,0.914901
DM-14153,0.020964
DM-14152,0.033086
DM-14151,0.930962
DM-14150,0.059647
DM-14149,0.511717
DM-14148,0.024423
DM-14147,0.155078
DM-14146,0.133415
DM-14145,0.952926
DM-14144,0.031619
DM-14143,0.270866
DM-14142,0.878731
DM-14141,0.882428
DM-14140,0.987946
DM-14139,0.575827
DM-14138,0.71423
DM-14137,0.051463
DM-14136,0.027169
DM-14135,0.040846
DM-14134,0.701713
DM-14133,0.290981
DM-14132,0.007577
DM-14131,0.011961
DM-14130,0.006904
DM-14129,0.020646
DM-14128,0.07056
DM-14127,0.111241
DM-14126,0.006798
DM-14125,0.104477
DM-14124,0.005911
DM-14123,0.03622
DM-14122,0.834407
DM-14121,0.085099
DM-14120,0.31732
DM-14119,0.021125
DM-14118,0.69035
DM-14117,0.031144
DM-14116,0.078642
DM-14115,0.010902
DM-14114,0.977371
DM-14113,0.150528
DM-14112,0.038756
DM-14111,0.592195
DM-14110,0.953275
DM-14109,0.457864
DM-14108,0.02461
DM-14107,0.675229
DM-14106,0.958847
DM-14105,0.971129
DM-14104,0.969556
DM-14103,0.008
DM-14102,0.924142
DM-14101,0.045353
DM-14100,0.91848
DM-14099,0.020177
DM-14098,0.906983
DM-14097,0.010249
DM-14096,0.693058
DM-14095,0.979668
DM-14094,0.892563
DM-14093,0.030444
DM-14092,0.024238
DM-14091,0.028008
DM-14090,0.025179
DM-14089,0.022457
DM-14088,0.028221
DM-14087,0.026557
DM-14086,0.024988
DM-14085,0.034619
DM-14084,0.92523
DM-14083,0.02461
DM-14082,0.853913
DM-14081,0.022629
DM-14080,0.009486
DM-14079,0.810479
DM-14078,0.841826
DM-14077,0.510741
DM-14076,0.300438
DM-14075,0.016277
DM-14074,0.031144
DM-14073,0.01302
DM-14072,0.249447
DM-14071,0.05921
DM-14070,0.056444
DM-14069,0.052231
DM-14068,0.615781
DM-14067,0.045016
DM-14066,0.597138
DM-14065,0.671471
DM-14064,0.008644
DM-14063,0.050331
DM-14062,0.076684
DM-14061,0.035411
DM-14060,0.267408
DM-14059,0.238284
DM-14058,0.052231
DM-14057,0.961822
DM-14056,0.069542
DM-14055,0.038466
DM-14054,0.056236
DM-14053,0.934395
DM-14052,0.022803
DM-14051,0.007877
DM-14050,0.027796
DM-14049,0.102664
DM-14048,0.030909
DM-14047,0.039937
DM-14046,0.64232
DM-14045,0.789558
DM-14044,0.043691
DM-14043,0.113973
DM-14042,0.087876
DM-14041,0.009126
DM-14040,0.285571
DM-14039,0.360827
DM-14038,0.018547
DM-14037,0.07056
DM-14036,0.615695
DM-14035,0.967656
DM-14034,0.974239
DM-14033,0.830594
DM-14032,0.89841
DM-14031,0.774242
DM-14030,0.752013
DM-14029,0.983971
DM-14028,0.217005
DM-14027,0.091058
DM-14026,0.013223
DM-14025,0.007461
DM-14024,0.961822
DM-14023,0.47025
DM-14022,0.725843
DM-14021,0.818737
DM-14020,0.647854
DM-14019,0.213377
DM-14018,0.021125
DM-14017,0.010408
DM-14016,0.03138
DM-14015,0.851459
DM-14014,0.09236
DM-14013,0.865224
DM-14012,0.966914
DM-14011,0.411584
DM-14010,0.014392
DM-14009,0.005302
DM-14008,0.03359
DM-14007,0.008985
DM-14006,0.892563
DM-14005,0.788257
DM-14004,0.032101
DM-14003,0.807764
DM-14002,0.005642
DM-14001,0.526343
DM-14000,0.477554
DM-13999,0.402862
DM-13998,0.084795
DM-13997,0.04778
DM-13996,0.834407
DM-13995,0.079782
DM-13994,0.944177
DM-13993,0.363534
DM-13992,0.950411
DM-13991,0.920218
DM-13990,0.987568
DM-13989,0.010818
DM-13988,0.173009
DM-13987,0.286169
DM-13986,0.489259
DM-13985,0.829492
DM-13984,0.950778
DM-13983,0.705988
DM-13982,0.082994
DM-13981,0.360939
DM-13980,0.094678
DM-13979,0.823612
DM-13978,0.890675
DM-13977,0.729905
DM-13976,0.771155
DM-13975,0.01302
DM-13974,0.813461
DM-13973,0.505859
DM-13972,0.948537
DM-13971,0.32306
DM-13970,0.972623
DM-13969,0.052425
DM-13968,0.012241
DM-13967,0.940353
DM-13966,0.051463
DM-13965,0.545286
DM-13964,0.982288
DM-13963,0.043691
DM-13962,0.983085
DM-13961,0.020964
DM-13960,0.845433
DM-13959,0.152537
DM-13958,0.956634
DM-13957,0.127218
DM-13956,0.957278
DM-13955,0.461017
DM-13954,0.609205
DM-13953,0.069795
DM-13952,0.013325
DM-13951,0.01017
DM-13950,0.075585
DM-13949,0.665828
DM-13948,0.250363
DM-13947,0.056652
DM-13946,0.009486
DM-13945,0.714628
DM-13944,0.116362
DM-13943,0.015306
DM-13942,0.286968
DM-13941,0.465873
DM-13940,0.394901
DM-13939,0.987568
DM-13938,0.970688
DM-13937,0.987568
DM-13936,0.992062
DM-13935,0.983343
DM-13934,0.974043
DM-13933,0.991684
DM-13932,0.984456
DM-13931,0.975202
DM-13930,0.981453
DM-13929,0.97649
DM-13928,0.985936
DM-13927,0.986363
DM-13926,0.961534
DM-13925,0.985043
DM-13924,0.978549
DM-13923,0.977023
DM-13922,0.973645
DM-13921,0.082107
DM-13920,0.026964
DM-13919,0.572006
DM-13918,0.012821
DM-13917,0.020489
DM-13916,0.225076
DM-13915,0.9462
DM-13914,0.954984
DM-13913,0.956309
DM-13912,0.454472
DM-13911,0.974629
DM-13910,0.83762
DM-13909,0.133415
DM-13908,0.217338
DM-13907,0.022977
DM-13906,0.978385
DM-13905,0.085404
DM-13904,0.031859
DM-13903,0.006098
DM-13902,0.006004
DM-13901,0.00582
DM-13900,0.019871
DM-13899,0.006693
DM-13898,0.728362
DM-13897,0.945399
DM-13896,0.223038
DM-13895,0.465873
DM-13894,0.026759
DM-13893,0.041153
DM-13892,0.023153
DM-13891,0.006098
DM-13890,0.03622
DM-13889,0.014504
DM-13888,0.017712
DM-13887,0.848972
DM-13886,0.753104
DM-13885,0.963231
DM-13884,0.011158
DM-13883,0.974629
DM-13882,0.023153
DM-13881,0.33334
DM-13880,0.958226
DM-13879,0.490236
DM-13878,0.121686
DM-13877,0.662251
DM-13876,0.950411
DM-13875,0.952574
DM-13874,0.992304
DM-13873,0.054803
DM-13872,0.00514
DM-13871,0.91118
DM-13870,0.239349
DM-13869,0.923592
DM-13868,0.739799
DM-13867,0.006488
DM-13866,0.851953
DM-13865,0.955319
DM-13864,0.104843
DM-13863,0.164516
DM-13861,0.971564
DM-13860,0.939913
DM-13859,0.006488
DM-13858,0.008916
DM-13857,0.823896
DM-13856,0.213705
DM-13855,0.879561
DM-13854,0.764892
DM-13853,0.148788
DM-13852,0.069289
DM-13851,0.29798
DM-13850,0.250179
DM-13849,0.010987
DM-13848,0.021948
DM-13847,0.789883
DM-13846,0.104843
DM-13845,0.23092
DM-13844,0.007636
DM-13843,0.795658
DM-13842,0.963231
DM-13841,0.007346
DM-13840,0.246352
DM-13839,0.830594
DM-13838,0.212886
DM-13837,0.892563
DM-13836,0.076684
DM-13835,0.013849
DM-13834,0.058993
DM-13833,0.554229
DM-13832,0.792785
DM-13831,0.908942
DM-13830,0.944587
DM-13829,0.030215
DM-13828,0.81582
DM-13827,0.025179
DM-13826,0.246171
DM-13825,0.768038
DM-13824,0.041774
DM-13823,0.058132
DM-13822,0.493164
DM-13821,0.892563
DM-13820,0.928409
DM-13819,0.218003
DM-13818,0.041462
DM-13817,0.857768
DM-13816,0.167219
DM-13815,0.035411
DM-13814,0.961244
DM-13813,0.147555
DM-13812,0.711832
DM-13811,0.105948
DM-13810,0.103386
DM-13809,0.100525
DM-13808,0.021615
DM-13807,0.982955
DM-13806,0.108189
DM-13805,0.895157
DM-13804,0.032344
DM-13803,0.020023
DM-13802,0.939471
DM-13801,0.010249
DM-13800,0.021287
DM-13799,0.916409
DM-13798,0.605799
DM-13797,0.0538
DM-13796,0.017712
DM-13795,0.035679
DM-13794,0.960063
DM-13793,0.142232
DM-13792,0.803791
DM-13791,0.976669
DM-13790,0.926835
DM-13789,0.00659
DM-13788,0.895157
DM-13787,0.044681
DM-13786,0.011158
DM-13785,0.982823
DM-13784,0.987946
DM-13783,0.034619
DM-13782,0.788257
DM-13781,0.980281
DM-13780,0.005385
DM-13779,0.016029
DM-13778,0.654674
DM-13777,0.057282
DM-13776,0.008644
DM-13775,0.976129
DM-13774,0.044349
DM-13773,0.989013
DM-13772,0.007756
DM-13771,0.00483
DM-13770,0.948917
DM-13769,0.467332
DM-13768,0.00629
DM-13767,0.787278
DM-13766,0.621369
DM-13765,0.007816
DM-13764,0.845942
DM-13763,0.970013
DM-13762,0.824179
DM-13761,0.037892
DM-13760,0.01017
DM-13759,0.785638
DM-13758,0.254416
DM-13757,0.011072
DM-13756,0.037327
DM-13755,0.239883
DM-13754,0.926835
DM-13753,0.302494
DM-13752,0.981453
DM-13751,0.991422
DM-13750,0.932453
DM-13749,0.606032
DM-13748,0.968381
DM-13747,0.03259
DM-13746,0.947381
DM-13745,0.011778
DM-13744,0.431105
DM-13743,0.029987
DM-13742,0.00461
DM-13741,0.015306
DM-13740,0.978875
DM-13739,0.627381
DM-13738,0.017849
DM-13737,0.980581
DM-13736,0.004399
DM-13735,0.006798
DM-13734,0.011778
DM-13733,0.503906
DM-13732,0.36886
DM-13731,0.013325
DM-13730,0.070304
DM-13729,0.158695
DM-13728,0.954647
DM-13727,0.765243
DM-13726,0.008577
DM-13725,0.354042
DM-13724,0.310799
DM-13723,0.218669
DM-13722,0.643889
DM-13721,0.036494
DM-13720,0.145601
DM-13719,0.042404
DM-13718,0.823896
DM-13717,0.02976
DM-13716,0.008316
DM-13715,0.814053
DM-13714,0.743168
DM-13713,0.924688
DM-13712,0.624064
DM-13711,0.647283
DM-13710,0.842863
DM-13709,0.114765
DM-13708,0.876634
DM-13707,0.957278
DM-13706,0.972831
DM-13705,0.774583
DM-13704,0.877056
DM-13703,0.91848
DM-13702,0.974239
DM-13701,0.313525
DM-13700,0.072112
DM-13699,0.048137
DM-13698,0.474631
DM-13697,0.045016
DM-13696,0.594316
DM-13695,0.745028
DM-13694,0.009268
DM-13693,0.72952
DM-13692,0.166134
DM-13691,0.440469
DM-13690,0.929951
DM-13689,0.956309
DM-13688,0.984694
DM-13687,0.065605
DM-13686,0.007012
DM-13685,0.780328
DM-13684,0.98347
DM-13683,0.943348
DM-13682,0.035411
DM-13681,0.909265
DM-13680,0.086016
DM-13679,0.069289
DM-13678,0.389547
DM-13677,0.191026
DM-13676,0.70253
DM-13675,0.394434
DM-13674,0.261142
DM-13673,0.726814
DM-13672,0.978875
DM-13671,0.125065
DM-13670,0.055413
DM-13669,0.041774
DM-13668,0.084795
DM-13667,0.150528
DM-13666,0.128525
DM-13665,0.855851
DM-13664,0.16398
DM-13663,0.811078
DM-13662,0.169406
DM-13661,0.333612
DM-13660,0.552781
DM-13659,0.053403
DM-13658,0.950778
DM-13657,0.060529
DM-13656,0.966914
DM-13655,0.5
DM-13654,0.018264
DM-13653,0.967656
DM-13652,0.865679
DM-13651,0.085404
DM-13650,0.029091
DM-13649,0.362179
DM-13648,0.468547
DM-13647,0.034359
DM-13646,0.035679
DM-13645,0.13707
DM-13644,0.004682
DM-13643,0.961822
DM-13642,0.067301
DM-13641,0.971992
DM-13640,0.986363
DM-13639,0.979823
DM-13638,0.969324
DM-13637,0.029312
DM-13636,0.942507
DM-13635,0.96378
DM-13634,0.811676
DM-13633,0.082994
DM-13632,0.45302
DM-13631,0.068787
DM-13630,0.006098
DM-13629,0.830594
DM-13628,0.338952
DM-13627,0.970013
DM-13626,0.018833
DM-13625,0.868381
DM-13624,0.963506
DM-13623,0.382833
DM-13622,0.011245
DM-13621,0.856812
DM-13620,0.787931
DM-13619,0.015425
DM-13618,0.046378
DM-13617,0.011245
DM-13616,0.004905
DM-13615,0.185652
DM-13614,0.009197
DM-13613,0.010987
DM-13612,0.863852
DM-13611,0.958538
DM-13610,0.037047
DM-13609,0.763484
DM-13608,0.011597
DM-13607,0.885235
DM-13606,0.036494
DM-13605,0.153803
DM-13604,0.006693
DM-13603,0.022457
DM-13602,0.159479
DM-13601,0.00934
DM-13600,0.031859
DM-13599,0.301054
DM-13598,0.022629
DM-13597,0.01292
DM-13596,0.896976
DM-13595,0.937669
DM-13594,0.007012
DM-13593,0.618896
DM-13592,0.467818
DM-13591,0.03259
DM-13590,0.016277
DM-13589,0.194062
DM-13588,0.977883
DM-13587,0.026557
DM-13586,0.00934
DM-13585,0.91118
DM-13584,0.963506
DM-13583,0.960063
DM-13582,0.751648
DM-13581,0.956309
DM-13580,0.049222
DM-13579,0.654053
DM-13578,0.028008
DM-13577,0.785309
DM-13576,0.406862
DM-13575,0.00838
DM-13574,0.831143
DM-13573,0.967656
DM-13572,0.012241
DM-13571,0.004982
DM-13570,0.940353
DM-13569,0.03138
DM-13568,0.006388
DM-13567,0.022629
DM-13566,0.619817
DM-13565,0.414899
DM-13564,0.020489
DM-13563,0.020489
DM-13562,0.665954
DM-13561,0.957596
DM-13560,0.930962
DM-13559,0.888372
DM-13558,0.797241
DM-13557,0.379148
DM-13556,0.796292
DM-13555,0.977023
DM-13554,0.028871
DM-13553,0.404625
DM-13552,0.647603
DM-13551,0.023871
DM-13550,0.009268
DM-13549,0.58948
DM-13548,0.017712
DM-13547,0.072112
DM-13546,0.976847
DM-13545,0.011158
DM-13544,0.395018
DM-13543,0.859664
DM-13542,0.164516
DM-13541,0.025957
DM-13540,0.009413
DM-13539,0.014504
DM-13538,0.408749
DM-13537,0.041462
DM-13536,0.972415
DM-13535,0.954984
DM-13534,0.740174
DM-13533,0.026759
DM-13532,0.025957
DM-13531,0.014392
DM-13530,0.728362
DM-13529,0.33185
DM-13528,0.094343
DM-13527,0.206574
DM-13526,0.014392
DM-13525,0.848972
DM-13524,0.886027
DM-13523,0.037609
DM-13522,0.017309
DM-13521,0.017849
DM-13520,0.138229
DM-13519,0.09739
DM-13518,0.055823
DM-13517,0.009268
DM-13516,0.974821
DM-13515,0.183301
DM-13514,0.082402
DM-13513,0.185062
DM-13512,0.190724
DM-13511,0.00629
DM-13510,0.026156
DM-13509,0.009413
DM-13508,0.943348
DM-13507,0.925769
DM-13506,0.930962
DM-13505,0.357007
DM-13504,0.833866
DM-13503,0.009936
DM-13502,0.038178
DM-13501,0.018689
DM-13500,0.833325
DM-13499,0.02461
DM-13498,0.27474
DM-13497,0.015306
DM-13496,0.976847
DM-13495,0.744656
DM-13494,0.006798
DM-13493,0.011245
DM-13492,0.925769
DM-13491,0.006488
DM-13490,0.958538
DM-13489,0.182717
DM-13488,0.266453
DM-13487,0.142232
DM-13486,0.015073
DM-13485,0.00483
DM-13484,0.512205
DM-13483,0.949669
DM-13482,0.931463
DM-13481,0.982014
DM-13480,0.047426
DM-13479,0.257952
DM-13478,0.965641
DM-13477,0.119203
DM-13476,0.983214
DM-13475,0.005469
DM-13474,0.007461
DM-13473,0.673192
DM-13472,0.161849
DM-13471,0.956634
DM-13470,0.183301
DM-13469,0.474631
DM-13468,0.913058
DM-13467,0.983085
DM-13466,0.889912
DM-13465,0.562657
DM-13464,0.952926
DM-13463,0.044019
DM-13462,0.073696
DM-13461,0.00522
DM-13460,0.886813
DM-13459,0.575827
DM-13458,0.660665
DM-13457,0.826151
DM-13456,0.725649
DM-13455,0.960657
DM-13454,0.960657
DM-13453,0.140808
DM-13452,0.975946
DM-13451,0.867934
DM-13450,0.979977
DM-13449,0.971992
DM-13448,0.252016
DM-13447,0.878731
DM-13446,0.409811
DM-13445,0.786295
DM-13444,0.593138
DM-13443,0.522202
DM-13442,0.962108
DM-13441,0.028221
DM-13440,0.020177
DM-13439,0.011072
DM-13438,0.688468
DM-13437,0.03259
DM-13436,0.038756
DM-13435,0.025371
DM-13434,0.009784
DM-13433,0.004265
DM-13432,0.826151
DM-13431,0.761361
DM-13430,0.216508
DM-13429,0.086323
DM-13428,0.219003
DM-13427,0.023331
DM-13426,0.298389
DM-13425,0.734691
DM-13424,0.909265
DM-13423,0.013956
DM-13422,0.700895
DM-13421,0.941654
DM-13420,0.221856
DM-13419,0.088505
DM-13418,0.003324
DM-13417,0.011869
DM-13416,0.08819
DM-13415,0.971129
DM-13414,0.977023
DM-13413,0.008644
DM-13412,0.015425
DM-13411,0.566978
DM-13410,0.013742
DM-13409,0.96378
DM-13408,0.022286
DM-13407,0.891811
DM-13406,0.051463
DM-13405,0.25945
DM-13404,0.018978
DM-13403,0.016153
DM-13402,0.68178
DM-13401,0.036769
DM-13400,0.023509
DM-13399,0.416559
DM-13398,0.907312
DM-13397,0.942082
DM-13396,0.012241
DM-13395,0.063715
DM-13394,0.340348
DM-13393,0.968141
DM-13392,0.976669
DM-13391,0.973645
DM-13390,0.96741
DM-13389,0.016403
DM-13388,0.017849
DM-13387,0.402627
DM-13386,0.950411
DM-13385,0.955319
DM-13384,0.026156
DM-13383,0.76454
DM-13382,0.038756
DM-13381,0.608827
DM-13380,0.045353
DM-13379,0.875787
DM-13378,0.720663
DM-13377,0.515132
DM-13376,0.849472
DM-13375,0.427277
DM-13374,0.956957
DM-13373,0.594551
DM-13372,0.263599
DM-13371,0.460774
DM-13370,0.892187
DM-13369,0.078078
DM-13368,0.956634
DM-13367,0.087252
DM-13366,0.972623
DM-13365,0.955319
DM-13364,0.640299
DM-13363,0.82755
DM-13362,0.966663
DM-13361,0.796925
DM-13360,0.022457
DM-13359,0.979195
DM-13358,0.951504
DM-13357,0.881207
DM-13356,0.007696
DM-13355,0.981167
DM-13354,0.869271
DM-13353,0.977543
DM-13352,0.974435
DM-13351,0.929951
DM-13350,0.729712
DM-13349,0.953275
DM-13348,0.116362
DM-13347,0.870157
DM-13346,0.013532
DM-13345,0.117167
DM-13344,0.201656
DM-13343,0.014504
DM-13342,0.969091
DM-13341,0.038178
DM-13340,0.656658
DM-13339,0.008577
DM-13338,0.065366
DM-13337,0.005385
DM-13336,0.015906
DM-13335,0.117167
DM-13334,0.048496
DM-13333,0.084795
DM-13332,0.020177
DM-13331,0.303629
DM-13330,0.957912
DM-13329,0.902952
DM-13328,0.024054
DM-13327,0.127653
DM-13326,0.015664
DM-13325,0.008188
DM-13324,0.600071
DM-13323,0.003377
DM-13322,0.007696
DM-13321,0.963231
DM-13320,0.956634
DM-13319,0.970688
DM-13318,0.92523
DM-13317,0.007696
DM-13316,0.009708
DM-13315,0.00514
DM-13314,0.012528
DM-13313,0.064653
DM-13311,0.452536
DM-13310,0.007696
DM-13309,0.283781
DM-13308,0.753648
DM-13307,0.523177
DM-13306,0.069795
DM-13305,0.027796
DM-13304,0.009559
DM-13303,0.971564
DM-13302,0.971347
DM-13301,0.974629
DM-13300,0.855369
DM-13299,0.034619
DM-13298,0.134321
DM-13297,0.006798
DM-13296,0.848972
DM-13295,0.122104
DM-13294,0.221687
DM-13293,0.950041
DM-13292,0.077797
DM-13291,0.039639
DM-13290,0.871037
DM-13289,0.875361
DM-13288,0.739234
DM-13287,0.973645
DM-13286,0.03138
DM-13285,0.016277
DM-13284,0.047074
DM-13283,0.596316
DM-13282,0.310407
DM-13281,0.033086
DM-13280,0.316686
DM-13279,0.056652
DM-13278,0.964052
DM-13277,0.526343
DM-13276,0.126785
DM-13275,0.950041
DM-13274,0.011778
DM-13273,0.683525
DM-13272,0.029312
DM-13271,0.954647
DM-13270,0.0729
DM-13269,0.158174
DM-13268,0.719384
DM-13267,0.898767
DM-13266,0.006388
DM-13265,0.01142
DM-13264,0.968856
DM-13263,0.017177
DM-13262,0.006488
DM-13261,0.147065
DM-13260,0.732974
DM-13259,0.780328
DM-13258,0.044019
DM-13257,0.469764
DM-13256,0.025371
DM-13255,0.035679
DM-13254,0.010489
DM-13253,0.196518
DM-13252,0.008577
DM-13251,0.984575
DM-13250,0.160529
DM-13249,0.040238
DM-13248,0.722723
DM-13247,0.091707
DM-13246,0.449151
DM-13245,0.928409
DM-13244,0.167491
DM-13243,0.023331
DM-13242,0.009268
DM-13241,0.014616
DM-13240,0.638293
DM-13239,0.008847
DM-13238,0.671255
DM-13237,0.914596
DM-13236,0.97539
DM-13235,0.576214
DM-13234,0.959154
DM-13233,0.921922
DM-13232,0.012241
DM-13231,0.109706
DM-13230,0.01017
DM-13229,0.038756
DM-13228,0.020177
DM-13227,0.035145
DM-13226,0.192843
DM-13225,0.428712
DM-13224,0.903294
DM-13223,0.004199
DM-13222,0.397471
DM-13221,0.00365
DM-13220,0.005555
DM-13219,0.883638
DM-13218,0.039343
DM-13217,0.793746
DM-13216,0.014064
DM-13215,0.083591
DM-13214,0.027169
DM-13213,0.042088
DM-13212,0.004332
DM-13211,0.018405
DM-13210,0.957278
DM-13209,0.006388
DM-13208,0.862468
DM-13207,0.974239
DM-13206,0.979511
DM-13205,0.743168
DM-13204,0.062331
DM-13203,0.677794
DM-13202,0.049589
DM-13201,0.007938
DM-13200,0.00934
DM-13199,0.30918
DM-13198,0.187133
DM-13197,0.986572
DM-13196,0.986979
DM-13195,0.014282
DM-13194,0.049589
DM-13193,0.009055
DM-13192,0.061424
DM-13191,0.836555
DM-13190,0.892937
DM-13189,0.737914
DM-13188,0.970013
DM-13187,0.010818
DM-13186,0.13707
DM-13185,0.014504
DM-13184,0.014957
DM-13183,0.026355
DM-13182,0.01292
DM-13181,0.130285
DM-13180,0.243642
DM-13179,0.115961
DM-13178,0.988668
DM-13177,0.956309
DM-13176,0.888372
DM-13175,0.800692
DM-13174,0.007816
DM-13173,0.977543
DM-13172,0.646349
DM-13171,0.785966
DM-13170,0.210766
DM-13169,0.52342
DM-13168,0.974629
DM-13167,0.960361
DM-13166,0.620622
DM-13165,0.007346
DM-13164,0.582016
DM-13163,0.958538
DM-13162,0.016403
DM-13161,0.017045
DM-13160,0.034619
DM-13159,0.959762
DM-13158,0.968141
DM-13157,0.961534
DM-13156,0.955651
DM-13155,0.006904
DM-13154,0.00934
DM-13153,0.088505
DM-13152,0.957278
DM-13151,0.422505
DM-13150,0.024988
DM-13149,0.0341
DM-13148,0.026557
DM-13147,0.451327
DM-13146,0.066327
DM-13145,0.019271
DM-13144,0.035948
DM-13143,0.047074
DM-13142,0.207536
DM-13141,0.005555
DM-13140,0.812867
DM-13139,0.561455
DM-13138,0.017849
DM-13137,0.033844
DM-13136,0.010091
DM-13135,0.912748
DM-13134,0.023153
DM-13133,0.021615
DM-13132,0.286518
DM-13131,0.032837
DM-13130,0.027585
DM-13129,0.011687
DM-13128,0.008446
DM-13127,0.014504
DM-13126,0.006388
DM-13125,0.433262
DM-13124,0.077518
DM-13123,0.016277
DM-13122,0.928926
DM-13121,0.733929
DM-13120,0.023509
DM-13119,0.961822
DM-13118,0.843895
DM-13117,0.739422
DM-13116,0.085099
DM-13115,0.745398
DM-13114,0.962391
DM-13113,0.986044
DM-13112,0.9462
DM-13111,0.532911
DM-13110,0.040846
DM-13109,0.889529
DM-13108,0.967163
DM-13107,0.845433
DM-13106,0.760651
DM-13105,0.02976
DM-13104,0.935817
DM-13103,0.167763
DM-13102,0.81582
DM-13101,0.089773
DM-13100,0.00506
DM-13099,0.00483
DM-13098,0.0729
DM-13097,0.025761
DM-13096,0.795975
DM-13095,0.972415
DM-13094,0.256832
DM-13093,0.009559
DM-13092,0.953622
DM-13091,0.467818
DM-13090,0.191026
DM-13089,0.038756
DM-13088,0.246533
DM-13087,0.016915
DM-13086,0.6219
DM-13085,0.978713
DM-13084,0.526343
DM-13083,0.027169
DM-13082,0.010408
DM-13081,0.005642
DM-13080,0.051463
DM-13079,0.06256
DM-13078,0.022803
DM-13077,0.976669
DM-13076,0.065128
DM-13075,0.55254
DM-13074,0.007012
DM-13073,0.595845
DM-13072,0.963231
DM-13071,0.01057
DM-13070,0.005385
DM-13069,0.027376
DM-13068,0.483892
DM-13067,0.867036
DM-13066,0.039937
DM-13065,0.936749
DM-13064,0.11358
DM-13063,0.644001
DM-13062,0.007346
DM-13061,0.269903
DM-13060,0.917303
DM-13059,0.097048
DM-13058,0.015906
DM-13057,0.022286
DM-13056,0.016403
DM-13055,0.028008
DM-13054,0.295128
DM-13053,0.09739
DM-13052,0.006904
DM-13051,0.082697
DM-13050,0.96862
DM-13049,0.383064
DM-13048,0.240061
DM-13047,0.268366
DM-13046,0.021451
DM-13045,0.431824
DM-13044,0.036769
DM-13043,0.915507
DM-13042,0.867934
DM-13041,0.745028
DM-13040,0.90053
DM-13039,0.944587
DM-13038,0.037047
DM-13037,0.007012
DM-13036,0.828384
DM-13035,0.793106
DM-13034,0.054601
DM-13033,0.977197
DM-13032,0.942929
DM-13031,0.942507
DM-13030,0.930962
DM-13029,0.106691
DM-13028,0.210117
DM-13027,0.113973
DM-13026,0.032344
DM-13025,0.202128
DM-13024,0.106691
DM-13023,0.210117
DM-13022,0.113973
DM-13021,0.032344
DM-13020,0.202128
DM-13019,0.106691
DM-13018,0.210117
DM-13017,0.113973
DM-13016,0.032344
DM-13015,0.443841
DM-13014,0.106691
DM-13013,0.210117
DM-13012,0.113973
DM-13011,0.032344
DM-13010,0.921922
DM-13009,0.645008
DM-13008,0.210117
DM-13007,0.113973
DM-13006,0.032344
DM-13005,0.202128
DM-13004,0.165863
DM-13003,0.113973
DM-13002,0.032344
DM-13001,0.016029
DM-13000,0.934395
DM-12999,0.106691
DM-12998,0.210117
DM-12997,0.113973
DM-12996,0.032344
DM-12995,0.052619
DM-12994,0.953966
DM-12993,0.026964
DM-12992,0.202443
DM-12991,0.230746
DM-12990,0.450359
DM-12989,0.846958
DM-12988,0.00986
DM-12987,0.069795
DM-12986,0.009936
DM-12985,0.012336
DM-12984,0.962953
DM-12983,0.014504
DM-12982,0.038756
DM-12981,0.71403
DM-12980,0.019271
DM-12979,0.019569
DM-12978,0.020804
DM-12977,0.008577
DM-12976,0.908942
DM-12975,0.073165
DM-12974,0.961822
DM-12973,0.962953
DM-12972,0.602412
DM-12971,0.063715
DM-12970,0.048137
DM-12969,0.52683
DM-12968,0.189821
DM-12967,0.015544
DM-12966,0.008446
DM-12965,0.022117
DM-12964,0.984336
DM-12963,0.031144
DM-12962,0.165593
DM-12961,0.009413
DM-12960,0.896614
DM-12959,0.117978
DM-12958,0.42179
DM-12957,0.042722
DM-12956,0.007696
DM-12955,0.752013
DM-12954,0.70069
DM-12953,0.866585
DM-12952,0.933431
DM-12951,0.956309
DM-12950,0.891055
DM-12949,0.007233
DM-12948,0.015073
DM-12947,0.020804
DM-12946,0.010091
DM-12945,0.015425
DM-12944,0.971992
DM-12943,0.114369
DM-12942,0.606265
DM-12941,0.929951
DM-12940,0.004265
DM-12939,0.036769
DM-12938,0.005642
DM-12937,0.005911
DM-12936,0.083292
DM-12935,0.31279
DM-12934,0.037609
DM-12933,0.530966
DM-12932,0.019124
DM-12931,0.022457
DM-12930,0.009197
DM-12929,0.039937
DM-12928,0.96862
DM-12927,0.928409
DM-12926,0.79053
DM-12925,0.394434
DM-12924,0.033844
DM-12923,0.936749
DM-12922,0.33139
DM-12921,0.480966
DM-12920,0.898053
DM-12919,0.706798
DM-12918,0.030676
DM-12917,0.007696
DM-12916,0.043691
DM-12915,0.040238
DM-12914,0.977371
DM-12913,0.024798
DM-12912,0.517571
DM-12911,0.009634
DM-12910,0.074231
DM-12909,0.010735
DM-12908,0.862004
DM-12907,0.929951
DM-12906,0.442396
DM-12905,0.605333
DM-12904,0.961822
DM-12903,0.154058
DM-12902,0.980581
DM-12901,0.977023
DM-12900,0.874935
DM-12899,0.162646
DM-12898,0.874935
DM-12897,0.015425
DM-12896,0.171894
DM-12895,0.966914
DM-12894,0.202128
DM-12893,0.924688
DM-12892,0.004199
DM-12891,0.944587
DM-12890,0.972623
DM-12889,0.925769
DM-12888,0.969785
DM-12887,0.37399
DM-12886,0.803174
DM-12885,0.298389
DM-12884,0.529263
DM-12883,0.716219
DM-12882,0.008316
DM-12881,0.008188
DM-12880,0.865224
DM-12879,0.741674
DM-12878,0.033086
DM-12877,0.2819
DM-12876,0.898053
DM-12875,0.025371
DM-12874,0.429549
DM-12873,0.199932
DM-12872,0.073165
DM-12871,0.96862
DM-12870,0.309389
DM-12869,0.016277
DM-12868,0.969091
DM-12867,0.98347
DM-12866,0.108189
DM-12865,0.015425
DM-12864,0.007938
DM-12863,0.958226
DM-12862,0.902266
DM-12861,0.016915
DM-12860,0.694095
DM-12859,0.9462
DM-12858,0.270866
DM-12857,0.076132
DM-12856,0.058132
DM-12855,0.103749
DM-12854,0.015425
DM-12853,0.955651
DM-12852,0.068289
DM-12851,0.968381
DM-12850,0.042404
DM-12849,0.014392
DM-12848,0.010091
DM-12847,0.967163
DM-12846,0.977371
DM-12845,0.788909
DM-12844,0.981736
DM-12843,0.983971
DM-12842,0.984694
DM-12841,0.974239
DM-12840,0.961244
DM-12839,0.973037
DM-12838,0.978052
DM-12837,0.982151
DM-12836,0.980281
DM-12835,0.962108
DM-12834,0.975577
DM-12833,0.988842
DM-12832,0.958847
DM-12831,0.959762
DM-12830,0.86293
DM-12829,0.21767
DM-12828,0.988492
DM-12827,0.989182
DM-12826,0.980281
DM-12825,0.975762
DM-12824,0.979354
DM-12823,0.962953
DM-12822,0.982557
DM-12821,0.160266
DM-12820,0.685002
DM-12819,0.901575
DM-12818,0.482917
DM-12817,0.108189
DM-12816,0.887984
DM-12815,0.229535
DM-12814,0.417984
DM-12813,0.978385
DM-12812,0.025179
DM-12811,0.039048
DM-12810,0.018264
DM-12809,0.035145
DM-12808,0.015906
DM-12807,0.894421
DM-12806,0.884838
DM-12805,0.013325
DM-12804,0.953622
DM-12803,0.071851
DM-12802,0.02461
DM-12801,0.146331
DM-12800,0.167763
DM-12799,0.626467
DM-12798,0.027796
DM-12797,0.572962
DM-12796,0.010014
DM-12795,0.882022
DM-12794,0.73678
DM-12793,0.179243
DM-12792,0.975762
DM-12791,0.975202
DM-12790,0.953275
DM-12789,0.987179
DM-12788,0.980129
DM-12787,0.98347
DM-12786,0.986363
DM-12784,0.987568
DM-12783,0.045692
DM-12782,0.016029
DM-12781,0.027376
DM-12780,0.06489
DM-12779,0.165863
DM-12778,0.899475
DM-12777,0.88642
DM-12776,0.019871
DM-12775,0.095013
DM-12774,0.020804
DM-12773,0.061424
DM-12772,0.026156
DM-12771,0.260954
DM-12770,0.028653
DM-12769,0.004538
DM-12768,0.213377
DM-12767,0.934395
DM-12766,0.008062
DM-12765,0.646906
DM-12764,0.979195
DM-12763,0.007461
DM-12762,0.957278
DM-12761,0.366023
DM-12760,0.034881
DM-12759,0.615608
DM-12758,0.948155
DM-12757,0.987946
DM-12755,0.96378
DM-12754,0.959154
DM-12753,0.980581
DM-12752,0.985936
DM-12751,0.98983
DM-12750,0.980581
DM-12749,0.986777
DM-12748,0.989511
DM-12747,0.898053
DM-12746,0.978219
DM-12745,0.976669
DM-12744,0.986572
DM-12743,0.07343
DM-12742,0.260013
DM-12741,0.979511
DM-12740,0.766294
DM-12739,0.954984
DM-12738,0.944995
DM-12737,0.982151
DM-12736,0.067301
DM-12735,0.96378
DM-12734,0.944177
DM-12733,0.928409
DM-12732,0.025371
DM-12731,0.877896
DM-12730,0.966156
DM-12729,0.951142
DM-12728,0.94699
DM-12727,0.03359
DM-12726,0.008985
DM-12725,0.26569
DM-12724,0.062331
DM-12723,0.175538
DM-12722,0.005555
DM-12721,0.398055
DM-12720,0.28877
DM-12719,0.980876
DM-12718,0.975577
DM-12717,0.980876
DM-12716,0.96378
DM-12715,0.975946
DM-12714,0.984336
DM-12713,0.896976
DM-12712,0.925769
DM-12711,0.987375
DM-12710,0.968381
DM-12707,0.952926
DM-12705,0.948155
DM-12704,0.919643
DM-12703,0.96378
DM-12702,0.967899
DM-12701,0.023331
DM-12700,0.046034
DM-12699,0.050705
DM-12698,0.130285
DM-12697,0.018125
DM-12695,0.724481
DM-12694,0.584864
DM-12693,0.013849
DM-12692,0.037892
DM-12691,0.132066
DM-12690,0.801315
DM-12689,0.569733
DM-12688,0.25128
DM-12687,0.911495
DM-12686,0.867036
DM-12685,0.192843
DM-12684,0.905322
DM-12683,0.956957
DM-12682,0.959459
DM-12681,0.833325
DM-12680,0.94699
DM-12679,0.768386
DM-12678,0.101947
DM-12677,0.620133
DM-12676,0.971129
DM-12675,0.154823
DM-12674,0.776284
DM-12673,0.674908
DM-12672,0.027585
DM-12671,0.876634
DM-12670,0.007346
DM-12669,0.011332
DM-12668,0.973645
DM-12667,0.967656
DM-12666,0.960952
DM-12665,0.018689
DM-12664,0.039639
DM-12663,0.096706
DM-12662,0.413714
DM-12661,0.023153
DM-12660,0.717012
DM-12659,0.015785
DM-12658,0.00838
DM-12657,0.947381
DM-12656,0.150528
DM-12655,0.709824
DM-12654,0.568176
DM-12653,0.033844
DM-12652,0.023871
DM-12651,0.913677
DM-12650,0.889912
DM-12649,0.68268
DM-12648,0.972204
DM-12647,0.950411
DM-12646,0.948917
DM-12645,0.893309
DM-12644,0.942082
DM-12643,0.744656
DM-12642,0.980129
DM-12641,0.138229
DM-12640,0.973443
DM-12639,0.182717
DM-12638,0.029535
DM-12637,0.585694
DM-12636,0.305982
DM-12635,0.943764
DM-12634,0.978713
DM-12633,0.971564
DM-12632,0.966914
DM-12631,0.88642
DM-12630,0.880797
DM-12629,0.408277
DM-12628,0.659816
DM-12627,0.941654
DM-12626,0.346984
DM-12625,0.980581
DM-12624,0.794066
DM-12623,0.984811
DM-12622,0.939913
DM-12621,0.898053
DM-12620,0.97024
DM-12619,0.944177
DM-12618,0.961822
DM-12617,0.975946
DM-12616,0.008916
DM-12615,0.973443
DM-12614,0.154312
DM-12613,0.984456
DM-12612,0.032101
DM-12611,0.016403
DM-12610,0.095687
DM-12609,0.772531
DM-12608,0.214691
DM-12607,0.887595
DM-12606,0.986979
DM-12605,0.26569
DM-12604,0.667364
DM-12603,0.963231
DM-12602,0.042722
DM-12601,0.970688
DM-12600,0.976847
DM-12599,0.923592
DM-12598,0.143908
DM-12597,0.207215
DM-12596,0.007816
DM-12595,0.056444
DM-12594,0.082107
DM-12593,0.155078
DM-12592,0.179243
DM-12591,0.007816
DM-12590,0.57821
DM-12589,0.014392
DM-12588,0.054601
DM-12587,0.933431
DM-12586,0.9659
DM-12585,0.927888
DM-12584,0.921922
DM-12583,0.963231
DM-12582,0.934873
DM-12581,0.830594
DM-12580,0.651244
DM-12579,0.740737
DM-12578,0.928409
DM-12577,0.961244
DM-12576,0.968381
DM-12575,0.944995
DM-12574,0.945399
DM-12573,0.957596
DM-12572,0.974435
DM-12571,0.787931
DM-12570,0.512693
DM-12569,0.01142
DM-12568,0.042088
DM-12567,0.783988
DM-12566,0.126353
DM-12565,0.030676
DM-12564,0.064653
DM-12563,0.64738
DM-12562,0.00573
DM-12561,0.007577
DM-12559,0.010091
DM-12558,0.021615
DM-12557,0.010091
DM-12556,0.009936
DM-12555,0.926835
DM-12554,0.091382
DM-12553,0.233008
DM-12552,0.009784
DM-12551,0.167763
DM-12550,0.898053
DM-12549,0.067301
DM-12548,0.871037
DM-12547,0.983343
DM-12546,0.007877
DM-12545,0.039343
DM-12544,0.152537
DM-12543,0.682997
DM-12542,0.499023
DM-12541,0.632333
DM-12540,0.029091
DM-12539,0.027169
DM-12538,0.063948
DM-12537,0.087564
DM-12536,0.869715
DM-12535,0.368178
DM-12534,0.056652
DM-12533,0.183009
DM-12532,0.672816
DM-12531,0.847463
DM-12530,0.344361
DM-12529,0.010249
DM-12528,0.072637
DM-12527,0.00986
DM-12526,0.772874
DM-12525,0.912436
DM-12524,0.008316
DM-12523,0.077797
DM-12522,0.073963
DM-12521,0.025565
DM-12520,0.015073
DM-12519,0.208179
DM-12518,0.045016
DM-12517,0.354992
DM-12516,0.008711
DM-12515,0.523907
DM-12514,0.134321
DM-12513,0.09236
DM-12512,0.032344
DM-12511,0.877896
DM-12510,0.378919
DM-12509,0.978219
DM-12508,0.939913
DM-12507,0.584508
DM-12506,0.009708
DM-12505,0.952574
DM-12504,0.745028
DM-12503,0.963506
DM-12502,0.915507
DM-12501,0.895523
DM-12500,0.051463
DM-12499,0.879147
DM-12498,0.646376
DM-12497,0.584627
DM-12496,0.793106
DM-12495,0.91118
DM-12494,0.037047
DM-12493,0.858719
DM-12492,0.009197
DM-12491,0.084795
DM-12490,0.039343
DM-12489,0.034619
DM-12488,0.860604
DM-12487,0.986151
DM-12486,0.955651
DM-12485,0.962391
DM-12484,0.868381
DM-12483,0.021781
DM-12482,0.664428
DM-12481,0.292494
DM-12480,0.571527
DM-12479,0.012528
DM-12478,0.935817
DM-12477,0.077518
DM-12476,0.904313
DM-12475,0.965119
DM-12474,0.942082
DM-12473,0.398406
DM-12472,0.598312
DM-12471,0.010653
DM-12470,0.020177
DM-12469,0.928926
DM-12468,0.174129
DM-12467,0.970688
DM-12466,0.347426
DM-12465,0.184473
DM-12464,0.981311
DM-12463,0.978713
DM-12462,0.026156
DM-12461,0.854885
DM-12460,0.016915
DM-12459,0.048496
DM-12458,0.078642
DM-12457,0.677047
DM-12456,0.017712
DM-12455,0.056029
DM-12454,0.020964
DM-12453,0.883236
DM-12452,0.866585
DM-12451,0.011508
DM-12450,0.968856
DM-12449,0.008125
DM-12448,0.400046
DM-12447,0.697815
DM-12446,0.83762
DM-12445,0.580352
DM-12444,0.892937
DM-12443,0.07477
DM-12442,0.449151
DM-12441,0.904987
DM-12440,0.024423
DM-12439,0.043043
DM-12438,0.051083
DM-12437,0.983723
DM-12436,0.556159
DM-12435,0.780662
DM-12434,0.4856
DM-12433,0.975762
DM-12432,0.008316
DM-12431,0.052619
DM-12430,0.344223
DM-12429,0.061199
DM-12428,0.670878
DM-12427,0.120853
DM-12426,0.125923
DM-12425,0.057918
DM-12424,0.959762
DM-12423,0.462959
DM-12422,0.065605
DM-12421,0.075312
DM-12420,0.742422
DM-12419,0.341747
DM-12418,0.069795
DM-12417,0.024798
DM-12416,0.958226
DM-12415,0.914901
DM-12414,0.568176
DM-12413,0.098425
DM-12412,0.938576
DM-12411,0.129843
DM-12410,0.105211
DM-12409,0.029987
DM-12408,0.079782
DM-12407,0.029312
DM-12406,0.022117
DM-12405,0.025179
DM-12404,0.982691
DM-12403,0.916708
DM-12402,0.960952
DM-12401,0.855851
DM-12400,0.945399
DM-12399,0.821617
DM-12398,0.130729
DM-12397,0.0729
DM-12396,0.850965
DM-12395,0.00522
DM-12394,0.300335
DM-12393,0.202443
DM-12392,0.14978
DM-12391,0.011245
DM-12390,0.018689
DM-12389,0.933431
DM-12388,0.040541
DM-12387,0.008252
DM-12386,0.009486
DM-12385,0.958226
DM-12384,0.023153
DM-12383,0.053403
DM-12382,0.210117
DM-12381,0.942929
DM-12380,0.052231
DM-12379,0.014282
DM-12378,0.913058
DM-12377,0.978052
DM-12376,0.964321
DM-12375,0.476092
DM-12374,0.057282
DM-12373,0.404978
DM-12372,0.804098
DM-12371,0.981875
DM-12370,0.957912
DM-12369,0.895888
DM-12368,0.953622
DM-12367,0.986151
DM-12366,0.942082
DM-12365,0.09739
DM-12364,0.180974
DM-12363,0.048858
DM-12362,0.692538
DM-12361,0.693369
DM-12360,0.929951
DM-12359,0.037892
DM-12358,0.949295
DM-12357,0.863852
DM-12356,0.952574
DM-12355,0.016915
DM-12354,0.042404
DM-12353,0.296858
DM-12352,0.246715
DM-12351,0.239349
DM-12350,0.029535
DM-12349,0.202128
DM-12348,0.106691
DM-12347,0.210117
DM-12346,0.123366
DM-12345,0.063948
DM-12344,0.014729
DM-12343,0.191328
DM-12342,0.246715
DM-12341,0.239349
DM-12340,0.029535
DM-12339,0.296858
DM-12338,0.246715
DM-12337,0.239349
DM-12336,0.029535
DM-12335,0.296858
DM-12334,0.246715
DM-12333,0.239349
DM-12332,0.029535
DM-12331,0.296858
DM-12330,0.246715
DM-12329,0.239349
DM-12328,0.029535
DM-12327,0.296858
DM-12326,0.246715
DM-12325,0.239349
DM-12324,0.029535
DM-12323,0.296858
DM-12322,0.246715
DM-12321,0.239349
DM-12320,0.029535
DM-12319,0.296858
DM-12318,0.246715
DM-12317,0.239349
DM-12316,0.029535
DM-12315,0.899121
DM-12314,0.269133
DM-12313,0.009936
DM-12312,0.010735
DM-12311,0.595257
DM-12310,0.042088
DM-12309,0.490724
DM-12308,0.347842
DM-12307,0.010987
DM-12306,0.022977
DM-12305,0.884439
DM-12304,0.769773
DM-12303,0.982823
DM-12302,0.982288
DM-12301,0.986363
DM-12300,0.988131
DM-12299,0.982955
DM-12298,0.982014
DM-12297,0.985158
DM-12296,0.97539
DM-12295,0.982823
DM-12294,0.926835
DM-12293,0.988131
DM-12292,0.96378
DM-12291,0.977883
DM-12290,0.952926
DM-12289,0.970465
DM-12288,0.970013
DM-12287,0.981311
DM-12286,0.985496
DM-12285,0.990732
DM-12284,0.989347
DM-12283,0.96641
DM-12282,0.975762
DM-12281,0.986468
DM-12280,0.981167
DM-12279,0.988668
DM-12278,0.974435
DM-12277,0.973645
DM-12276,0.974239
DM-12275,0.970013
DM-12274,0.095013
DM-12273,0.012821
DM-12272,0.01302
DM-12271,0.105579
DM-12270,0.009486
DM-12269,0.841305
DM-12268,0.009486
DM-12267,0.019569
DM-12266,0.011158
DM-12265,0.013742
DM-12264,0.760651
DM-12263,0.06256
DM-12262,0.962953
DM-12261,0.870157
DM-12260,0.008446
DM-12259,0.097734
DM-12258,0.016277
DM-12257,0.090414
DM-12256,0.176956
DM-12255,0.013325
DM-12254,0.770119
DM-12253,0.828384
DM-12252,0.290276
DM-12251,0.970909
DM-12250,0.833866
DM-12249,0.205296
DM-12248,0.119614
DM-12247,0.161585
DM-12246,0.179531
DM-12245,0.34762
DM-12244,0.797557
DM-12243,0.018978
DM-12242,0.080357
DM-12241,0.00522
DM-12240,0.013742
DM-12239,0.038756
DM-12238,0.157137
DM-12237,0.822759
DM-12236,0.056236
DM-12235,0.303525
DM-12234,0.154058
DM-12233,0.969324
DM-12232,0.323113
DM-12231,0.981311
DM-12230,0.017045
DM-12229,0.077797
DM-12228,0.414662
DM-12227,0.243103
DM-12226,0.556159
DM-12225,0.248717
DM-12224,0.067793
DM-12223,0.235812
DM-12222,0.88642
DM-12221,0.549882
DM-12220,0.122523
DM-12219,0.204978
DM-12218,0.942082
DM-12217,0.005469
DM-12216,0.006798
DM-12215,0.006798
DM-12214,0.125493
DM-12213,0.652933
DM-12212,0.039343
DM-12211,0.963231
DM-12210,0.185357
DM-12209,0.016029
DM-12208,0.004134
DM-12207,0.052425
DM-12206,0.432782
DM-12205,0.020964
DM-12204,0.048496
DM-12203,0.906653
DM-12202,0.004982
DM-12201,0.011158
DM-12200,0.027169
DM-12199,0.014957
DM-12198,0.098773
DM-12197,0.042404
DM-12196,0.972415
DM-12195,0.36608
DM-12194,0.980281
DM-12193,0.979977
DM-12192,0.889144
DM-12191,0.975577
DM-12190,0.929951
DM-12189,0.042404
DM-12188,0.068787
DM-12187,0.021451
DM-12186,0.152284
DM-12185,0.012147
DM-12184,0.11358
DM-12183,0.123366
DM-12182,0.075312
DM-12181,0.780328
DM-12180,0.024054
DM-12179,0.026355
DM-12178,0.026156
DM-12177,0.945399
DM-12176,0.710427
DM-12175,0.520009
DM-12174,0.062103
DM-12173,0.325226
DM-12172,0.017986
DM-12171,0.179531
DM-12170,0.871912
DM-12169,0.959459
DM-12168,0.028008
DM-12167,0.669096
DM-12166,0.05301
DM-12165,0.939025
DM-12164,0.97024
DM-12163,0.043366
DM-12162,0.282394
DM-12161,0.55929
DM-12160,0.018264
DM-12159,0.980876
DM-12157,0.951863
DM-12156,0.977714
DM-12155,0.993203
DM-12154,0.944177
DM-12153,0.966156
DM-12152,0.975202
DM-12151,0.98983
DM-12150,0.905657
DM-12149,0.83762
DM-12148,0.202128
DM-12147,0.075041
DM-12146,0.210117
DM-12145,0.123366
DM-12144,0.060308
DM-12143,0.202128
DM-12142,0.075041
DM-12141,0.956309
DM-12140,0.210117
DM-12139,0.150528
DM-12138,0.123366
DM-12137,0.060308
DM-12136,0.532182
DM-12135,0.987946
DM-12134,0.256832
DM-12133,0.210117
DM-12132,0.989013
DM-12131,0.123366
DM-12130,0.157137
DM-12129,0.905657
DM-12128,0.016785
DM-12127,0.126785
DM-12126,0.279435
DM-12125,0.155335
DM-12124,0.870157
DM-12123,0.046725
DM-12122,0.100879
DM-12121,0.012528
DM-12120,0.894421
DM-12119,0.096365
DM-12118,0.742795
DM-12117,0.010653
DM-12116,0.300335
DM-12115,0.168036
DM-12114,0.692226
DM-12113,0.955651
DM-12112,0.01017
DM-12111,0.985043
DM-12110,0.946597
DM-12109,0.547222
DM-12108,0.019569
DM-12107,0.786623
DM-12106,0.655336
DM-12105,0.060087
DM-12104,0.956309
DM-12103,0.027376
DM-12102,0.040846
DM-12101,0.007346
DM-12100,0.010902
DM-12099,0.015664
DM-12098,0.015664
DM-12097,0.470737
DM-12096,0.754553
DM-12095,0.004399
DM-12094,0.035948
DM-12093,0.930962
DM-12092,0.867934
DM-12091,0.986151
DM-12090,0.160003
DM-12089,0.006798
DM-12088,0.856812
DM-12087,0.776623
DM-12086,0.012336
DM-12085,0.006798
DM-12084,0.015664
DM-12083,0.015544
DM-12082,0.896251
DM-12081,0.011869
DM-12080,0.012528
DM-12079,0.115961
DM-12078,0.965119
DM-12077,0.959154
DM-12076,0.574872
DM-12075,0.970909
DM-12074,0.970465
DM-12073,0.783658
DM-12072,0.122104
DM-12071,0.936285
DM-12070,0.055209
DM-12069,0.174692
DM-12068,0.876634
DM-12067,0.427994
DM-12066,0.832237
DM-12065,0.925769
DM-12064,0.922482
DM-12063,0.970465
DM-12062,0.898767
DM-12061,0.408041
DM-12060,0.05921
DM-12059,0.111628
DM-12058,0.02461
DM-12057,0.038756
DM-12056,0.0729
DM-12055,0.964855
DM-12054,0.461017
DM-12053,0.828939
DM-12052,0.063715
DM-12051,0.240239
DM-12050,0.521958
DM-12049,0.107437
DM-12048,0.107813
DM-12047,0.05301
DM-12046,0.064653
DM-12045,0.010818
DM-12044,0.696578
DM-12043,0.203708
DM-12042,0.009559
DM-12041,0.018405
DM-12040,0.012821
DM-12039,0.962953
DM-12038,0.873215
DM-12037,0.145844
DM-12036,0.00838
DM-12035,0.823896
DM-12034,0.049589
DM-12033,0.837088
DM-12032,0.067301
DM-12031,0.882833
DM-12030,0.80038
DM-12029,0.223038
DM-12028,0.013956
DM-12027,0.865679
DM-12025,0.128963
DM-12024,0.244363
DM-12023,0.962953
DM-12022,0.017849
DM-12021,0.027169
DM-12020,0.103024
DM-12019,0.252937
DM-12018,0.217836
DM-12017,0.474144
DM-12016,0.018689
DM-12015,0.95222
DM-12014,0.224565
DM-12013,0.909586
DM-12012,0.150528
DM-12011,0.9462
DM-12010,0.035411
DM-12009,0.47171
DM-12008,0.883638
DM-12007,0.872782
DM-12006,0.328005
DM-12005,0.005642
DM-12004,0.397237
DM-12003,0.067301
DM-12002,0.809276
DM-12001,0.899475
DM-12000,0.813757
DM-11999,0.073963
DM-11998,0.889529
DM-11997,0.144149
DM-11996,0.866133
DM-11995,0.923039
DM-11994,0.018689
DM-11993,0.035411
DM-11992,0.413477
DM-11991,0.015306
DM-11990,0.013428
DM-11989,0.007461
DM-11988,0.013849
DM-11987,0.009197
DM-11986,0.012625
DM-11985,0.916708
DM-11984,0.69035
DM-11983,0.157137
DM-11982,0.755637
DM-11981,0.204978
DM-11980,0.041462
DM-11979,0.041462
DM-11978,0.234056
DM-11977,0.926304
DM-11976,0.897336
DM-11975,0.920218
DM-11974,0.024988
DM-11973,0.018978
DM-11972,0.008
DM-11971,0.009634
DM-11970,0.024054
DM-11969,0.752377
DM-11968,0.520009
DM-11967,0.610918
DM-11966,0.799129
DM-11965,0.917893
DM-11964,0.008779
DM-11963,0.873647
DM-11962,0.740174
DM-11961,0.008446
DM-11960,0.857768
DM-11959,0.086016
DM-11958,0.581778
DM-11957,0.00582
DM-11956,0.457621
DM-11955,0.311545
DM-11954,0.253122
DM-11953,0.124213
DM-11952,0.975012
DM-11951,0.827828
DM-11950,0.909586
DM-11949,0.014172
DM-11948,0.079782
DM-11947,0.015544
DM-11946,0.026557
DM-11945,0.30715
DM-11944,0.092688
DM-11943,0.136608
DM-11942,0.763836
DM-11941,0.014729
DM-11940,0.065366
DM-11939,0.386995
DM-11938,0.010818
DM-11937,0.974821
DM-11936,0.842345
DM-11935,0.064418
DM-11934,0.904313
DM-11933,0.055209
DM-11932,0.035145
DM-11931,0.029091
DM-11930,0.010653
DM-11929,0.19962
DM-11928,0.051083
DM-11927,0.014172
DM-11926,0.048858
DM-11925,0.26569
DM-11924,0.194062
DM-11923,0.122944
DM-11922,0.724481
DM-11921,0.026759
DM-11920,0.420124
DM-11919,0.972831
DM-11918,0.00461
DM-11917,0.007461
DM-11916,0.005555
DM-11915,0.835484
DM-11914,0.80502
DM-11913,0.57344
DM-11912,0.986777
DM-11911,0.024054
DM-11910,0.044019
DM-11909,0.212559
DM-11908,0.005385
DM-11907,0.210766
DM-11906,0.434461
DM-11905,0.440951
DM-11904,0.68516
DM-11903,0.582135
DM-11902,0.033337
DM-11901,0.692434
DM-11900,0.809878
DM-11899,0.928409
DM-11898,0.790854
DM-11897,0.867485
DM-11896,0.058777
DM-11895,0.876211
DM-11894,0.130285
DM-11893,0.044681
DM-11892,0.294164
DM-11891,0.877056
DM-11890,0.30767
DM-11889,0.121269
DM-11888,0.244724
DM-11887,0.314998
DM-11886,0.09739
DM-11885,0.104112
DM-11884,0.009936
DM-11883,0.247623
DM-11882,0.171061
DM-11881,0.978052
DM-11880,0.967656
DM-11879,0.881615
DM-11878,0.228156
DM-11877,0.191328
DM-11876,0.091058
DM-11875,0.053999
DM-11874,0.719186
DM-11873,0.489748
DM-11872,0.033844
DM-11871,0.026355
DM-11870,0.017712
DM-11869,0.142709
DM-11868,0.038466
DM-11867,0.581065
DM-11866,0.379378
DM-11865,0.936749
DM-11864,0.803174
DM-11863,0.016277
DM-11862,0.007346
DM-11861,0.025761
DM-11860,0.005911
DM-11859,0.741674
DM-11857,0.375248
DM-11856,0.636974
DM-11855,0.867036
DM-11854,0.986777
DM-11853,0.019871
DM-11852,0.964589
DM-11851,0.938576
DM-11850,0.429429
DM-11849,0.041462
DM-11848,0.633042
DM-11847,0.019419
DM-11846,0.930458
DM-11845,0.939913
DM-11844,0.981167
DM-11843,0.98983
DM-11842,0.959459
DM-11841,0.971992
DM-11840,0.948537
DM-11839,0.178669
DM-11838,0.983971
DM-11837,0.967656
DM-11836,0.925769
DM-11835,0.239527
DM-11834,0.007577
DM-11833,0.962391
DM-11832,0.024054
DM-11831,0.114369
DM-11830,0.955981
DM-11829,0.09739
DM-11828,0.638215
DM-11827,0.293202
DM-11826,0.602296
DM-11825,0.939025
DM-11824,0.828939
DM-11823,0.852445
DM-11822,0.028871
DM-11821,0.020177
DM-11820,0.868827
DM-11819,0.946597
DM-11818,0.045692
DM-11817,0.038178
DM-11816,0.903635
DM-11814,0.972831
DM-11813,0.033086
DM-11812,0.056029
DM-11811,0.198685
DM-11810,0.009413
DM-11809,0.23092
DM-11808,0.413122
DM-11807,0.778313
DM-11806,0.396886
DM-11805,0.045353
DM-11804,0.124639
DM-11803,0.735262
DM-11802,0.010902
DM-11801,0.977023
DM-11800,0.511717
DM-11799,0.023153
DM-11798,0.939913
DM-11797,0.120439
DM-11796,0.092033
DM-11795,0.164248
DM-11794,0.017442
DM-11793,0.011245
DM-11792,0.953275
DM-11791,0.011869
DM-11790,0.070049
DM-11789,0.903294
DM-11788,0.91181
DM-11787,0.125493
DM-11786,0.156878
DM-11785,0.188026
DM-11784,0.200558
DM-11783,0.210117
DM-11782,0.004982
DM-11781,0.010735
DM-11780,0.902952
DM-11779,0.014616
DM-11778,0.813164
DM-11777,0.029312
DM-11776,0.042088
DM-11775,0.834946
DM-11774,0.624837
DM-11773,0.007636
DM-11772,0.978385
DM-11771,0.006798
DM-11770,0.789558
DM-11769,0.945399
DM-11768,0.932944
DM-11767,0.965641
DM-11766,0.968856
DM-11765,0.259638
DM-11764,0.122944
DM-11763,0.010489
DM-11762,0.858719
DM-11761,0.824462
DM-11760,0.521471
DM-11759,0.856812
DM-11758,0.535098
DM-11757,0.199308
DM-11756,0.285073
DM-11755,0.024798
DM-11754,0.954308
DM-11753,0.769773
DM-11752,0.981595
DM-11751,0.981736
DM-11750,0.987179
DM-11749,0.987375
DM-11748,0.947381
DM-11747,0.401923
DM-11746,0.015189
DM-11745,0.969556
DM-11744,0.61273
DM-11743,0.106319
DM-11742,0.944587
DM-11741,0.965119
DM-11740,0.743354
DM-11739,0.140336
DM-11738,0.037327
DM-11737,0.391173
DM-11736,0.062103
DM-11735,0.017177
DM-11734,0.007233
DM-11733,0.901227
DM-11732,0.170784
DM-11731,0.012336
DM-11730,0.268749
DM-11729,0.008125
DM-11728,0.010902
DM-11727,0.23231
DM-11726,0.855851
DM-11725,0.839208
DM-11724,0.011778
DM-11723,0.948155
DM-11722,0.951504
DM-11721,0.13707
DM-11720,0.58261
DM-11719,0.655446
DM-11718,0.116362
DM-11717,0.941654
DM-11716,0.101233
DM-11715,0.825027
DM-11714,0.951863
DM-11713,0.248899
DM-11712,0.876634
DM-11711,0.982014
DM-11710,0.988842
DM-11709,0.984694
DM-11708,0.659953
DM-11707,0.010818
DM-11706,0.956309
DM-11705,0.970465
DM-11704,0.974043
DM-11703,0.971992
DM-11702,0.970465
DM-11701,0.757436
DM-11700,0.008779
DM-11699,0.978875
DM-11698,0.512693
DM-11697,0.017577
DM-11696,0.031144
DM-11695,0.031144
DM-11694,0.882022
DM-11693,0.011072
DM-11692,0.092688
DM-11691,0.009784
DM-11690,0.009055
DM-11689,0.010653
DM-11688,0.498047
DM-11687,0.038178
DM-11686,0.917303
DM-11685,0.919063
DM-11684,0.044019
DM-11683,0.010249
DM-11682,0.930962
DM-11681,0.027376
DM-11680,0.046378
DM-11679,0.971347
DM-11678,0.675551
DM-11677,0.008316
DM-11676,0.158695
DM-11675,0.744099
DM-11674,0.696165
DM-11673,0.746509
DM-11672,0.104843
DM-11671,0.944995
DM-11670,0.944995
DM-11669,0.406744
DM-11668,0.012528
DM-11667,0.11358
DM-11666,0.019719
DM-11665,0.005385
DM-11664,0.033337
DM-11663,0.024798
DM-11662,0.022457
DM-11661,0.020964
DM-11660,0.017045
DM-11659,0.970465
DM-11658,0.035145
DM-11657,0.938124
DM-11656,0.011869
DM-11655,0.669259
DM-11654,0.92944
DM-11653,0.045353
DM-11652,0.145601
DM-11651,0.435902
DM-11650,0.017849
DM-11649,0.256646
DM-11648,0.460046
DM-11647,0.587233
DM-11646,0.012147
DM-11645,0.009055
DM-11644,0.112405
DM-11643,0.151781
DM-11642,0.570212
DM-11641,0.18743
DM-11640,0.646439
DM-11639,0.530236
DM-11638,0.975012
DM-11637,0.019719
DM-11636,0.005911
DM-11635,0.129843
DM-11634,0.5083
DM-11633,0.014392
DM-11632,0.035679
DM-11631,0.130951
DM-11630,0.013223
DM-11629,0.010818
DM-11628,0.008644
DM-11627,0.209793
DM-11626,0.113973
DM-11625,0.010735
DM-11624,0.371365
DM-11623,0.413004
DM-11622,0.020023
DM-11621,0.309363
DM-11620,0.010249
DM-11619,0.005642
DM-11618,0.010328
DM-11617,0.029535
DM-11616,0.008779
DM-11615,0.0341
DM-11614,0.006904
DM-11613,0.004399
DM-11612,0.220846
DM-11611,0.006193
DM-11610,0.006488
DM-11609,0.005911
DM-11608,0.041462
DM-11607,0.009634
DM-11606,0.015906
DM-11605,0.28877
DM-11604,0.028871
DM-11603,0.746693
DM-11602,0.029987
DM-11601,0.977023
DM-11600,0.150528
DM-11599,0.985718
DM-11598,0.130729
DM-11597,0.564579
DM-11596,0.004468
DM-11595,0.009559
DM-11594,0.003538
DM-11593,0.928409
DM-11592,0.948155
DM-11591,0.257018
DM-11590,0.038756
DM-11589,0.010902
DM-11588,0.006388
DM-11587,0.654232
DM-11586,0.066812
DM-11585,0.14731
DM-11584,0.023153
DM-11583,0.011961
DM-11582,0.546738
DM-11581,0.012054
DM-11580,0.724286
DM-11579,0.177811
DM-11578,0.107437
DM-11577,0.00483
DM-11576,0.00461
DM-11575,0.725649
DM-11574,0.115162
DM-11573,0.683631
DM-11572,0.708213
DM-11571,0.870597
DM-11570,0.982691
DM-11569,0.005469
DM-11568,0.044349
DM-11567,0.025565
DM-11566,0.233881
DM-11565,0.856332
DM-11564,0.042722
DM-11563,0.005302
DM-11562,0.744285
DM-11561,0.033844
DM-11560,0.010014
DM-11559,0.435902
DM-11558,0.950041
DM-11557,0.104843
DM-11556,0.011158
DM-11555,0.277277
DM-11554,0.126353
DM-11553,0.031144
DM-11552,0.012625
DM-11551,0.142709
DM-11550,0.747616
DM-11549,0.863852
DM-11548,0.051845
DM-11547,0.137532
DM-11546,0.153803
DM-11545,0.165863
DM-11544,0.23231
DM-11543,0.863392
DM-11542,0.298185
DM-11541,0.917893
DM-11540,0.115561
DM-11539,0.058132
DM-11538,0.791176
DM-11537,0.964589
DM-11536,0.120439
DM-11535,0.215681
DM-11534,0.071074
DM-11533,0.522446
DM-11532,0.009126
DM-11531,0.980729
DM-11530,0.025565
DM-11529,0.056236
DM-11528,0.747616
DM-11527,0.100172
DM-11526,0.513912
DM-11525,0.901575
DM-11524,0.277277
DM-11523,0.928926
DM-11522,0.037892
DM-11521,0.818447
DM-11520,0.882833
DM-11519,0.686895
DM-11518,0.861072
DM-11517,0.780328
DM-11516,0.873647
DM-11515,0.015785
DM-11514,0.750918
DM-11513,0.989511
DM-11512,0.364735
DM-11511,0.919643
DM-11510,0.980581
DM-11509,0.967899
DM-11508,0.146087
DM-11507,0.008511
DM-11506,0.050894
DM-11505,0.242385
DM-11504,0.745769
DM-11503,0.003945
DM-11502,0.024988
DM-11501,0.01302
DM-11500,0.013428
DM-11499,0.608478
DM-11498,0.957278
DM-11497,0.861072
DM-11496,0.936285
DM-11495,0.981875
DM-11494,0.019569
DM-11493,0.008711
DM-11492,0.057705
DM-11491,0.939025
DM-11490,0.667148
DM-11489,0.055413
DM-11488,0.012723
DM-11487,0.217005
DM-11486,0.477067
DM-11485,0.973645
DM-11484,0.32166
DM-11483,0.017442
DM-11482,0.028653
DM-11481,0.056444
DM-11480,0.265214
DM-11479,0.230227
DM-11478,0.961534
DM-11477,0.562898
DM-11476,0.404155
DM-11475,0.417271
DM-11474,0.053403
DM-11473,0.595963
DM-11472,0.407569
DM-11471,0.689619
DM-11470,0.717804
DM-11469,0.014729
DM-11468,0.913677
DM-11467,0.009197
DM-11466,0.575827
DM-11465,0.006798
DM-11464,0.371251
DM-11463,0.00461
DM-11462,0.950411
DM-11461,0.923039
DM-11460,0.029091
DM-11459,0.026964
DM-11458,0.00582
DM-11457,0.004682
DM-11456,0.27048
DM-11455,0.743727
DM-11454,0.031144
DM-11453,0.944177
DM-11452,0.686475
DM-11451,0.165863
DM-11450,0.066085
DM-11449,0.076684
DM-11448,0.112795
DM-11447,0.00629
DM-11446,0.958226
DM-11445,0.058132
DM-11444,0.008985
DM-11443,0.008
DM-11442,0.008779
DM-11441,0.121269
DM-11440,0.129843
DM-11439,0.31216
DM-11438,0.309024
DM-11437,0.09947
DM-11436,0.079782
DM-11435,0.148541
DM-11434,0.053403
DM-11433,0.671901
DM-11432,0.235284
DM-11431,0.099821
DM-11430,0.006193
DM-11429,0.008252
DM-11428,0.164516
DM-11427,0.125493
DM-11426,0.008577
DM-11425,0.266453
DM-11424,0.00629
DM-11423,0.151028
DM-11422,0.877477
DM-11421,0.022286
DM-11420,0.155848
DM-11419,0.007233
DM-11418,0.2587
DM-11417,0.008
DM-11416,0.948537
DM-11415,0.458106
DM-11414,0.026759
DM-11413,0.911495
DM-11412,0.343782
DM-11411,0.007816
DM-11410,0.004265
DM-11409,0.066569
DM-11408,0.136148
DM-11407,0.971347
DM-11406,0.014957
DM-11405,0.471223
DM-11404,0.081813
DM-11403,0.412293
DM-11402,0.053206
DM-11401,0.086632
DM-11400,0.257765
DM-11399,0.152032
DM-11398,0.00343
DM-11397,0.531696
DM-11396,0.922203
DM-11395,0.144631
DM-11394,0.004199
DM-11393,0.0745
DM-11392,0.077239
DM-11391,0.152284
DM-11390,0.702734
DM-11389,0.988313
DM-11388,0.00582
DM-11387,0.480479
DM-11386,0.422147
DM-11385,0.012821
DM-11384,0.582135
DM-11383,0.006798
DM-11382,0.538498
DM-11381,0.069289
DM-11380,0.061199
DM-11379,0.066085
DM-11378,0.074231
DM-11377,0.891055
DM-11376,0.007233
DM-11375,0.010489
DM-11374,0.011158
DM-11373,0.028221
DM-11372,0.882833
DM-11371,0.16238
DM-11370,0.97024
DM-11369,0.009268
DM-11368,0.118385
DM-11367,0.004905
DM-11366,0.020332
DM-11365,0.018125
DM-11364,0.041153
DM-11363,0.826712
DM-11362,0.739611
DM-11361,0.961244
DM-11360,0.244543
DM-11359,0.915507
DM-11358,0.042722
DM-11357,0.761006
DM-11356,0.015073
DM-11355,0.003124
DM-11354,0.012147
DM-11353,0.008985
DM-11352,0.008644
DM-11351,0.012723
DM-11350,0.008252
DM-11349,0.007346
DM-11348,0.899475
DM-11347,0.107437
DM-11346,0.229708
DM-11345,0.924142
DM-11344,0.028221
DM-11343,0.827271
DM-11342,0.050894
DM-11341,0.009936
DM-11340,0.064653
DM-11339,0.009559
DM-11338,0.506836
DM-11337,0.019271
DM-11336,0.816406
DM-11335,0.01302
DM-11334,0.793106
DM-11333,0.082107
DM-11332,0.75274
DM-11331,0.082697
DM-11330,0.120853
DM-11329,0.201185
DM-11328,0.00582
DM-11327,0.967899
DM-11326,0.014957
DM-11325,0.831691
DM-11324,0.960952
DM-11323,0.884039
DM-11322,0.157137
DM-11321,0.966663
DM-11320,0.023153
DM-11319,0.056652
DM-11318,0.430866
DM-11317,0.013849
DM-11316,0.015306
DM-11315,0.014957
DM-11314,0.075312
DM-11313,0.042722
DM-11312,0.960657
DM-11311,0.058993
DM-11310,0.022629
DM-11309,0.051083
DM-11308,0.576304
DM-11307,0.932453
DM-11306,0.017577
DM-11305,0.296043
DM-11304,0.593727
DM-11303,0.011072
DM-11302,0.067301
DM-11301,0.913984
DM-11300,0.011508
DM-11299,0.00506
DM-11298,0.900179
DM-11297,0.521471
DM-11296,0.267408
DM-11295,0.969785
DM-11294,0.756358
DM-11293,0.195594
DM-11292,0.473657
DM-11291,0.735262
DM-11290,0.950778
DM-11289,0.060529
DM-11288,0.019719
DM-11287,0.469277
DM-11286,0.889912
DM-11285,0.010653
DM-11284,0.052619
DM-11283,0.975202
DM-11282,0.271638
DM-11281,0.413596
DM-11280,0.010653
DM-11279,0.300592
DM-11278,0.648967
DM-11277,0.049405
DM-11276,0.671093
DM-11275,0.170508
DM-11274,0.029535
DM-11273,0.071591
DM-11272,0.483405
DM-11271,0.743727
DM-11270,0.009559
DM-11269,0.076684
DM-11268,0.138928
DM-11267,0.010902
DM-11266,0.021287
DM-11265,0.197135
DM-11264,0.223547
DM-11263,0.666443
DM-11262,0.811974
DM-11261,0.823328
DM-11260,0.953966
DM-11259,0.905322
DM-11258,0.938576
DM-11257,0.935346
DM-11256,0.388618
DM-11255,0.258794
DM-11254,0.947769
DM-11253,0.155078
DM-11252,0.00522
DM-11251,0.96741
DM-11250,0.007121
DM-11249,0.211091
DM-11248,0.016915
DM-11247,0.065366
DM-11246,0.968856
DM-11245,0.634954
DM-11244,0.952926
DM-11243,0.080069
DM-11242,0.877896
DM-11241,0.882833
DM-11240,0.966156
DM-11239,0.267217
DM-11238,0.976847
DM-11237,0.014616
DM-11236,0.155591
DM-11235,0.63689
DM-11234,0.017177
DM-11233,0.582016
DM-11232,0.007877
DM-11231,0.006388
DM-11230,0.051845
DM-11229,0.043691
DM-11228,0.984456
DM-11227,0.103749
DM-11226,0.708112
DM-11225,0.008916
DM-11224,0.005911
DM-11223,0.016785
DM-11222,0.877477
DM-11221,0.958538
DM-11220,0.009413
DM-11219,0.049589
DM-11218,0.013532
DM-11217,0.00522
DM-11216,0.961244
DM-11215,0.092033
DM-11214,0.029987
DM-11213,0.099821
DM-11212,0.044681
DM-11211,0.129403
DM-11210,0.069795
DM-11209,0.955319
DM-11208,0.569853
DM-11207,0.096025
DM-11206,0.921922
DM-11205,0.718002
DM-11204,0.446736
DM-11203,0.211091
DM-11202,0.938576
DM-11201,0.879974
DM-11200,0.314208
DM-11199,0.805632
DM-11198,0.905322
DM-11197,0.976847
DM-11196,0.487307
DM-11195,0.928926
DM-11194,0.959154
DM-11192,0.923592
DM-11191,0.084493
DM-11190,0.89841
DM-11189,0.021287
DM-11188,0.939913
DM-11187,0.022629
DM-11186,0.023331
DM-11185,0.022117
DM-11184,0.022629
DM-11183,0.554712
DM-11182,0.00514
DM-11181,0.596551
DM-11180,0.822759
DM-11179,0.738669
DM-11178,0.564339
DM-11177,0.155848
DM-11176,0.937211
DM-11175,0.090414
DM-11174,0.876211
DM-11173,0.16398
DM-11172,0.023689
DM-11171,0.936749
DM-11170,0.378115
DM-11169,0.230573
DM-11168,0.42322
DM-11167,0.275373
DM-11166,0.00986
DM-11165,0.021948
DM-11164,0.13569
DM-11163,0.065128
DM-11162,0.916409
DM-11161,0.016277
DM-11160,0.33112
DM-11159,0.950411
DM-11158,0.013532
DM-11157,0.941223
DM-11156,0.612657
DM-11155,0.948537
DM-11154,0.955319
DM-11153,0.932944
DM-11152,0.962108
DM-11151,0.771843
DM-11150,0.109706
DM-11149,0.853913
DM-11148,0.157137
DM-11147,0.013849
DM-11146,0.773216
DM-11145,0.710226
DM-11144,0.192539
DM-11143,0.379608
DM-11142,0.716814
DM-11141,0.584627
DM-11140,0.125493
DM-11139,0.915507
DM-11138,0.677901
DM-11137,0.007577
DM-11136,0.273089
DM-11135,0.756717
DM-11134,0.008644
DM-11133,0.963231
DM-11132,0.723114
DM-11131,0.971779
DM-11130,0.936749
DM-11129,0.941223
DM-11128,0.68458
DM-11127,0.915507
DM-11126,0.975946
DM-11125,0.015425
DM-11124,0.378689
DM-11123,0.15662
DM-11122,0.553264
DM-11121,0.965381
DM-11120,0.952574
DM-11119,0.979823
DM-11118,0.979511
DM-11117,0.117572
DM-11116,0.958538
DM-11115,0.948917
DM-11114,0.400984
DM-11113,0.145115
DM-11112,0.884439
DM-11111,0.099121
DM-11110,0.44553
DM-11109,0.287768
DM-11108,0.294418
DM-11107,0.881207
DM-11106,0.160003
DM-11105,0.439747
DM-11104,0.678966
DM-11103,0.022117
DM-11102,0.913984
DM-11101,0.542621
DM-11100,0.961534
DM-11099,0.01302
DM-11098,0.437343
DM-11097,0.356671
DM-11096,0.953966
DM-11095,0.939913
DM-11094,0.005642
DM-11093,0.041153
DM-11092,0.979354
DM-11091,0.004982
DM-11090,0.019569
DM-11089,0.485356
DM-11088,0.894052
DM-11087,0.840783
DM-11086,0.921922
DM-11085,0.889529
DM-11084,0.948917
DM-11083,0.964589
DM-11082,0.676834
DM-11081,0.937669
DM-11080,0.963506
DM-11079,0.901575
DM-11078,0.839208
DM-11077,0.587588
DM-11076,0.962391
DM-11075,0.983723
DM-11074,0.938576
DM-11073,0.944177
DM-11072,0.919931
DM-11071,0.953622
DM-11070,0.933431
DM-11069,0.982014
DM-11068,0.948155
DM-11067,0.965119
DM-11066,0.053403
DM-11065,0.016915
DM-11064,0.012723
DM-11063,0.023153
DM-11062,0.876211
DM-11061,0.682045
DM-11060,0.976847
DM-11059,0.677154
DM-11058,0.970013
DM-11057,0.736021
DM-11056,0.497559
DM-11055,0.961534
DM-11054,0.47658
DM-11053,0.586996
DM-11052,0.858719
DM-11051,0.051845
DM-11050,0.174129
DM-11049,0.777638
DM-11048,0.144149
DM-11047,0.843895
DM-11046,0.827828
DM-11045,0.09947
DM-11044,0.820469
DM-11043,0.020646
DM-11042,0.301568
DM-11041,0.967899
DM-11040,0.988842
DM-11039,0.960657
DM-11038,0.99371
DM-11037,0.915809
DM-11036,0.196518
DM-11035,0.91181
DM-11034,0.360348
DM-11033,0.007938
DM-11032,0.135461
DM-11031,0.037047
DM-11030,0.00659
DM-11029,0.018978
DM-11028,0.833866
DM-11027,0.900179
DM-11026,0.066812
DM-11025,0.060975
DM-11024,0.301671
DM-11023,0.020177
DM-11022,0.140336
DM-11021,0.96378
DM-11020,0.023509
DM-11019,0.068537
DM-11018,0.055618
DM-11017,0.81257
DM-11016,0.937669
DM-11015,0.783326
DM-11014,0.007461
DM-11013,0.063948
DM-11012,0.339417
DM-11011,0.052619
DM-11010,0.012723
DM-11009,0.018547
DM-11008,0.015906
DM-11007,0.222025
DM-11006,0.020177
DM-11005,0.023331
DM-11004,0.882428
DM-11003,0.009197
DM-11002,0.887984
DM-11001,0.048858
DM-11000,0.059866
DM-10999,0.078642
DM-10998,0.063251
DM-10997,0.504883
DM-10996,0.063715
DM-10995,0.102664
DM-10994,0.010653
DM-10993,0.972623
DM-10992,0.752377
DM-10991,0.974239
DM-10990,0.960657
DM-10989,0.010735
DM-10988,0.773559
DM-10987,0.705988
DM-10986,0.33819
DM-10985,0.418222
DM-10984,0.915507
DM-10983,0.66628
DM-10982,0.093347
DM-10981,0.97649
DM-10980,0.06256
DM-10979,0.793426
DM-10978,0.691601
DM-10977,0.149283
DM-10976,0.562898
DM-10975,0.856812
DM-10974,0.030909
DM-10973,0.384219
DM-10972,0.062103
DM-10971,0.275519
DM-10970,0.013428
DM-10969,0.724675
DM-10968,0.023153
DM-10967,0.845942
DM-10966,0.015544
DM-10965,0.011869
DM-10964,0.051083
DM-10963,0.721743
DM-10962,0.029091
DM-10961,0.443841
DM-10960,0.036494
DM-10959,0.070049
DM-10958,0.933431
DM-10957,0.642811
DM-10956,0.066569
DM-10955,0.569374
DM-10954,0.689201
DM-10953,0.018264
DM-10952,0.860604
DM-10951,0.015664
DM-10950,0.943348
DM-10949,0.928409
DM-10948,0.346928
DM-10947,0.062103
DM-10946,0.012528
DM-10945,0.188026
DM-10944,0.036769
DM-10943,0.045692
DM-10942,0.00838
DM-10941,0.328206
DM-10940,0.009413
DM-10939,0.042722
DM-10938,0.960657
DM-10937,0.844922
DM-10936,0.299105
DM-10935,0.112016
DM-10934,0.07477
DM-10933,0.046034
DM-10932,0.163179
DM-10931,0.014616
DM-10930,0.83602
DM-10929,0.666714
DM-10928,0.77081
DM-10927,0.031144
DM-10926,0.023871
DM-10925,0.004199
DM-10924,0.037609
DM-10923,0.76454
DM-10922,0.357904
DM-10921,0.102664
DM-10920,0.961244
DM-10919,0.027796
DM-10917,0.385606
DM-10916,0.878731
DM-10915,0.322073
DM-10914,0.344085
DM-10913,0.92079
DM-10912,0.948155
DM-10911,0.089455
DM-10910,0.504883
DM-10909,0.876634
DM-10908,0.980876
DM-10907,0.023689
DM-10906,0.445288
DM-10905,0.016029
DM-10904,0.670295
DM-10903,0.102664
DM-10902,0.007233
DM-10901,0.591959
DM-10900,0.033337
DM-10899,0.909586
DM-10898,0.990292
DM-10897,0.979977
DM-10896,0.401219
DM-10895,0.618665
DM-10894,0.35354
DM-10893,0.823896
DM-10892,0.066085
DM-10891,0.026964
DM-10890,0.482917
DM-10889,0.039639
DM-10888,0.043691
DM-10887,0.045016
DM-10886,0.047074
DM-10885,0.044019
DM-10884,0.042088
DM-10883,0.143188
DM-10882,0.119203
DM-10881,0.209308
DM-10880,0.135232
DM-10879,0.110856
DM-10878,0.144631
DM-10877,0.060087
DM-10876,0.058777
DM-10875,0.067056
DM-10874,0.057071
DM-10873,0.052231
DM-10872,0.050705
DM-10871,0.519521
DM-10870,0.651078
DM-10869,0.013428
DM-10868,0.035411
DM-10867,0.045692
DM-10866,0.902266
DM-10864,0.98347
DM-10863,0.974435
DM-10862,0.961534
DM-10861,0.936749
DM-10860,0.963231
DM-10859,0.979823
DM-10857,0.004265
DM-10856,0.910545
DM-10855,0.955319
DM-10854,0.978549
DM-10853,0.966914
DM-10852,0.037047
DM-10851,0.033086
DM-10850,0.060529
DM-10849,0.971564
DM-10848,0.076408
DM-10847,0.261519
DM-10846,0.805938
DM-10845,0.08882
DM-10844,0.096365
DM-10843,0.91848
DM-10842,0.959762
DM-10841,0.818156
DM-10840,0.697609
DM-10839,0.981736
DM-10838,0.954308
DM-10837,0.018547
DM-10836,0.422266
DM-10835,0.2819
DM-10834,0.004755
DM-10833,0.7773
DM-10832,0.485844
DM-10831,0.914901
DM-10830,0.583322
DM-10829,0.917893
DM-10828,0.050705
DM-10827,0.950411
DM-10826,0.311793
DM-10825,0.050331
DM-10824,0.015664
DM-10823,0.36523
DM-10822,0.957596
DM-10821,0.774242
DM-10820,0.939025
DM-10819,0.936285
DM-10818,0.013637
DM-10817,0.064653
DM-10816,0.841826
DM-10815,0.988131
DM-10814,0.96378
DM-10813,0.610512
DM-10812,0.936749
DM-10811,0.774242
DM-10810,0.621311
DM-10809,0.07836
DM-10808,0.017849
DM-10807,0.985043
DM-10806,0.389314
DM-10805,0.164785
DM-10804,0.037047
DM-10803,0.746878
DM-10802,0.019871
DM-10801,0.821044
DM-10800,0.700075
DM-10799,0.364212
DM-10798,0.822474
DM-10797,0.877896
DM-10796,0.962953
DM-10795,0.960952
DM-10794,0.850965
DM-10793,0.934395
DM-10792,0.014957
DM-10791,0.008446
DM-10790,0.072637
DM-10789,0.015544
DM-10788,0.270866
DM-10787,0.290981
DM-10786,0.959459
DM-10785,0.010653
DM-10784,0.788583
DM-10783,0.075858
DM-10782,0.021781
DM-10781,0.934395
DM-10780,0.849472
DM-10779,0.766294
DM-10778,0.822474
DM-10777,0.371821
DM-10776,0.966663
DM-10775,0.969324
DM-10774,0.956957
DM-10773,0.987946
DM-10772,0.980129
DM-10771,0.938576
DM-10770,0.959459
DM-10769,0.915809
DM-10768,0.643777
DM-10767,0.015906
DM-10766,0.972623
DM-10765,0.899475
DM-10764,0.201499
DM-10763,0.894052
DM-10762,0.422981
DM-10761,0.010328
DM-10760,0.193452
DM-10759,0.955319
DM-10758,0.963506
DM-10757,0.016403
DM-10756,0.004905
DM-10755,0.011072
DM-10754,0.292292
DM-10753,0.729712
DM-10752,0.018405
DM-10751,0.036769
DM-10750,0.887595
DM-10749,0.468791
DM-10748,0.063019
DM-10747,0.864768
DM-10746,0.967163
DM-10745,0.984094
DM-10744,0.982691
DM-10743,0.959154
DM-10742,0.986777
DM-10741,0.973844
DM-10740,0.110088
DM-10739,0.992062
DM-10738,0.01142
DM-10737,0.13569
DM-10736,0.973241
DM-10735,0.978052
DM-10734,0.007233
DM-10733,0.979195
DM-10732,0.357119
DM-10731,0.860134
DM-10730,0.700997
DM-10729,0.288068
DM-10728,0.957596
DM-10727,0.934395
DM-10726,0.982823
DM-10725,0.987759
DM-10724,0.982151
DM-10723,0.9462
DM-10722,0.982557
DM-10721,0.973443
DM-10720,0.984336
DM-10719,0.985496
DM-10718,0.987179
DM-10717,0.986979
DM-10716,0.983085
DM-10715,0.933431
DM-10714,0.980129
DM-10713,0.97539
DM-10712,0.9659
DM-10711,0.987568
DM-10710,0.982014
DM-10709,0.987568
DM-10708,0.987375
DM-10707,0.981736
DM-10705,0.986572
DM-10704,0.993096
DM-10703,0.977371
DM-10702,0.959154
DM-10701,0.980876
DM-10700,0.991812
DM-10699,0.919931
DM-10698,0.96741
DM-10697,0.976129
DM-10696,0.983723
DM-10695,0.976129
DM-10694,0.987946
DM-10693,0.980129
DM-10692,0.97649
DM-10691,0.392803
DM-10690,0.354992
DM-10689,0.090735
DM-10688,0.007816
DM-10687,0.310485
DM-10686,0.009936
DM-10685,0.985496
DM-10684,0.438545
DM-10683,0.980581
DM-10682,0.980129
DM-10681,0.661814
DM-10680,0.086942
DM-10679,0.42322
DM-10678,0.975946
DM-10677,0.63678
DM-10676,0.975946
DM-10649,0.905657
DM-10648,0.904987
DM-10647,0.555918
DM-10646,0.014282
DM-10645,0.840783
DM-10644,0.974821
DM-10643,0.948155
DM-10642,0.498535
DM-10641,0.845433
DM-10640,0.008916
DM-10639,0.896614
DM-10638,0.952926
DM-10637,0.855369
DM-10636,0.913368
DM-10635,0.962391
DM-10634,0.021781
DM-10633,0.016153
DM-10632,0.869715
DM-10631,0.011158
DM-10630,0.396769
DM-10629,0.521471
DM-10628,0.874935
DM-10627,0.717012
DM-10626,0.043691
DM-10625,0.020332
DM-10624,0.745954
DM-10623,0.012336
DM-10622,0.238816
DM-10621,0.02976
DM-10620,0.858244
DM-10619,0.955319
DM-10618,0.280321
DM-10617,0.353763
DM-10616,0.871912
DM-10615,0.014729
DM-10614,0.144631
DM-10613,0.075858
DM-10612,0.358578
DM-10611,0.704058
DM-10610,0.460046
DM-10609,0.071591
DM-10608,0.621289
DM-10607,0.663342
DM-10606,0.383872
DM-10605,0.131173
DM-10604,0.180395
DM-10603,0.96641
DM-10602,0.024988
DM-10601,0.427755
DM-10600,0.341253
DM-10599,0.198685
DM-10598,0.046725
DM-10597,0.008511
DM-10596,0.239705
DM-10595,0.017045
DM-10594,0.016277
DM-10593,0.00659
DM-10592,0.037327
DM-10591,0.653348
DM-10590,0.986572
DM-10589,0.548674
DM-10588,0.432063
DM-10587,0.004755
DM-10586,0.978219
DM-10585,0.958847
DM-10584,0.939471
DM-10583,0.985718
DM-10582,0.832237
DM-10581,0.987568
DM-10580,0.889912
DM-10579,0.690559
DM-10578,0.079496
DM-10577,0.004905
DM-10576,0.057918
DM-10575,0.021615
DM-10574,0.015073
DM-10573,0.427277
DM-10572,0.075585
DM-10571,0.891055
DM-10570,0.981167
DM-10569,0.492188
DM-10568,0.955319
DM-10567,0.382776
DM-10566,0.071851
DM-10565,0.028653
DM-10564,0.043043
DM-10563,0.981453
DM-10562,0.983343
DM-10561,0.908293
DM-10560,0.03359
DM-10559,0.022286
DM-10558,0.865679
DM-10557,0.160792
DM-10556,0.037609
DM-10555,0.935346
DM-10554,0.849971
DM-10553,0.013849
DM-10552,0.844409
DM-10551,0.939471
DM-10550,0.058561
DM-10549,0.691289
DM-10548,0.655681
DM-10547,0.014172
DM-10546,0.011072
DM-10545,0.016785
DM-10544,0.035145
DM-10543,0.029091
DM-10542,0.871912
DM-10541,0.758868
DM-10540,0.091382
DM-10539,0.00573
DM-10538,0.375248
DM-10537,0.130729
DM-10536,0.957912
DM-10535,0.006388
DM-10534,0.283781
DM-10533,0.880386
DM-10532,0.960952
DM-10531,0.944587
DM-10530,0.009268
DM-10529,0.801936
DM-10528,0.145844
DM-10527,0.951142
DM-10526,0.016029
DM-10525,0.008252
DM-10524,0.755276
DM-10523,0.006004
DM-10522,0.826151
DM-10521,0.278944
DM-10520,0.004982
DM-10519,0.0341
DM-10518,0.792785
DM-10517,0.031619
DM-10516,0.020489
DM-10515,0.646014
DM-10514,0.009126
DM-10513,0.131173
DM-10512,0.040238
DM-10511,0.051845
DM-10510,0.035679
DM-10509,0.933915
DM-10508,0.007233
DM-10507,0.32985
DM-10506,0.093347
DM-10505,0.506347
DM-10504,0.080937
DM-10503,0.932453
DM-10502,0.721154
DM-10501,0.9462
DM-10500,0.973844
DM-10499,0.948537
DM-10498,0.974043
DM-10497,0.007816
DM-10496,0.012723
DM-10495,0.923592
DM-10494,0.044681
DM-10493,0.514156
DM-10492,0.958226
DM-10491,0.004399
DM-10490,0.960657
DM-10489,0.012625
DM-10488,0.293202
DM-10487,0.014392
DM-10486,0.007696
DM-10485,0.076408
DM-10484,0.009559
DM-10483,0.965641
DM-10482,0.043043
DM-10481,0.09401
DM-10480,0.0538
DM-10479,0.854885
DM-10478,0.01142
DM-10477,0.006388
DM-10476,0.087564
DM-10475,0.775265
DM-10474,0.955319
DM-10473,0.971564
DM-10472,0.578448
DM-10471,0.271445
DM-10470,0.958847
DM-10469,0.839734
DM-10468,0.972623
DM-10467,0.075858
DM-10466,0.019871
DM-10465,0.03622
DM-10464,0.624294
DM-10463,0.289673
DM-10462,0.764188
DM-10461,0.004399
DM-10460,0.183594
DM-10459,0.096706
DM-10458,0.086323
DM-10457,0.628977
DM-10456,0.969785
DM-10455,0.03359
DM-10454,0.00659
DM-10453,0.012821
DM-10452,0.30793
DM-10451,0.016657
DM-10450,0.979823
DM-10449,0.29747
DM-10448,0.028221
DM-10447,0.019271
DM-10446,0.929951
DM-10445,0.213377
DM-10444,0.82559
DM-10443,0.117167
DM-10442,0.03259
DM-10441,0.003483
DM-10440,0.280321
DM-10439,0.004199
DM-10438,0.731634
DM-10437,0.60935
DM-10436,0.103024
DM-10435,0.734501
DM-10434,0.903975
DM-10433,0.009055
DM-10432,0.985496
DM-10431,0.934873
DM-10430,0.058346
DM-10429,0.803174
DM-10428,0.980876
DM-10427,0.987179
DM-10426,0.00838
DM-10425,0.965381
DM-10424,0.978549
DM-10423,0.981453
DM-10422,0.223038
DM-10421,0.525125
DM-10420,0.908618
DM-10419,0.012528
DM-10417,0.916708
DM-10416,0.447943
DM-10415,0.029987
DM-10414,0.943348
DM-10413,0.051463
DM-10412,0.948917
DM-10411,0.033086
DM-10410,0.010902
DM-10409,0.319387
DM-10408,0.006488
DM-10407,0.783658
DM-10406,0.063482
DM-10405,0.942082
DM-10404,0.244904
DM-10403,0.832237
DM-10402,0.016915
DM-10401,0.007577
DM-10400,0.026759
DM-10399,0.940353
DM-10398,0.151781
DM-10397,0.243822
DM-10396,0.290176
DM-10395,0.011508
DM-10394,0.00659
DM-10393,0.009197
DM-10392,0.449876
DM-10391,0.141045
DM-10390,0.909586
DM-10389,0.256459
DM-10388,0.013121
DM-10387,0.960361
DM-10386,0.231267
DM-10385,0.051463
DM-10384,0.942929
DM-10383,0.969324
DM-10382,0.924142
DM-10381,0.422266
DM-10380,0.022977
DM-10379,0.006098
DM-10378,0.876211
DM-10377,0.961244
DM-10376,0.64526
DM-10375,0.975012
DM-10374,0.404978
DM-10373,0.956309
DM-10372,0.928926
DM-10371,0.477798
DM-10370,0.948155
DM-10369,0.063019
DM-10367,0.72487
DM-10366,0.945399
DM-10364,0.003324
DM-10363,0.114369
DM-10362,0.228329
DM-10361,0.008916
DM-10360,0.938124
DM-10359,0.035948
DM-10358,0.024238
DM-10357,0.975577
DM-10356,0.954984
DM-10355,0.435902
DM-10354,0.943764
DM-10353,0.970013
DM-10352,0.014172
DM-10351,0.915507
DM-10350,0.141756
DM-10349,0.468791
DM-10348,0.012625
DM-10347,0.007696
DM-10346,0.953966
DM-10345,0.70477
DM-10344,0.011961
DM-10343,0.109325
DM-10342,0.785309
DM-10341,0.336222
DM-10340,0.019124
DM-10339,0.738858
DM-10338,0.00629
DM-10337,0.068537
DM-10336,0.007938
DM-10335,0.117978
DM-10334,0.255158
DM-10333,0.013223
DM-10332,0.090735
DM-10331,0.300047
DM-10330,0.408041
DM-10329,0.959154
DM-10328,0.016029
DM-10327,0.847968
DM-10326,0.960952
DM-10325,0.314235
DM-10323,0.82559
DM-10322,0.077797
DM-10321,0.347759
DM-10320,0.030676
DM-10319,0.010408
DM-10318,0.893681
DM-10317,0.883236
DM-10316,0.943348
DM-10315,0.011332
DM-10314,0.448668
DM-10313,0.763484
DM-10312,0.916708
DM-10311,0.007816
DM-10310,0.884439
DM-10309,0.115162
DM-10308,0.057071
DM-10307,0.0341
DM-10306,0.97024
DM-10305,0.76769
DM-10304,0.958847
DM-10303,0.008779
DM-10302,0.516108
DM-10301,0.794704
DM-10300,0.065845
DM-10299,0.017986
DM-10298,0.036769
DM-10297,0.013637
DM-10296,0.959154
DM-10295,0.58522
DM-10294,0.820469
DM-10293,0.012241
DM-10292,0.104843
DM-10291,0.928409
DM-10290,0.00522
DM-10289,0.006098
DM-10288,0.008711
DM-10287,0.880797
DM-10286,0.677474
DM-10285,0.864768
DM-10284,0.098773
DM-10283,0.049959
DM-10282,0.018547
DM-10281,0.018264
DM-10280,0.757794
DM-10279,0.009413
DM-10278,0.96378
DM-10277,0.180684
DM-10276,0.059647
DM-10275,0.01057
DM-10274,0.013223
DM-10273,0.244904
DM-10272,0.021125
DM-10271,0.03259
DM-10270,0.007816
DM-10269,0.013742
DM-10268,0.009634
DM-10267,0.955319
DM-10266,0.257205
DM-10265,0.189521
DM-10264,0.530236
DM-10263,0.483405
DM-10262,0.291283
DM-10261,0.960657
DM-10260,0.256366
DM-10259,0.934395
DM-10258,0.148047
DM-10257,0.105211
DM-10256,0.00582
DM-10255,0.059647
DM-10254,0.031859
DM-10253,0.008985
DM-10252,0.01142
DM-10251,0.010091
DM-10250,0.970013
DM-10248,0.983343
DM-10247,0.977197
DM-10246,0.876634
DM-10245,0.895523
DM-10244,0.01302
DM-10243,0.009559
DM-10242,0.532182
DM-10241,0.008062
DM-10240,0.944587
DM-10238,0.07477
DM-10237,0.010489
DM-10236,0.022803
DM-10235,0.008985
DM-10234,0.673836
DM-10233,0.029091
DM-10232,0.017712
DM-10231,0.007877
DM-10230,0.206574
DM-10229,0.009413
DM-10228,0.344416
DM-10227,0.039048
DM-10226,0.111241
DM-10225,0.102664
DM-10224,0.635901
DM-10223,0.955319
DM-10222,0.975762
DM-10221,0.296884
DM-10220,0.019124
DM-10219,0.892187
DM-10218,0.917303
DM-10217,0.842345
DM-10216,0.716814
DM-10215,0.951142
DM-10214,0.398406
DM-10213,0.884838
DM-10212,0.842345
DM-10211,0.926835
DM-10210,0.430387
DM-10209,0.035411
DM-10208,0.005469
DM-10207,0.049222
DM-10206,0.023153
DM-10205,0.039343
DM-10204,0.03622
DM-10203,0.021615
DM-10202,0.823328
DM-10201,0.962673
DM-10200,0.494141
DM-10199,0.989347
DM-10198,0.89841
DM-10197,0.090735
DM-10196,0.017442
DM-10195,0.840259
DM-10194,0.94699
DM-10193,0.014842
DM-10192,0.037047
DM-10191,0.040238
DM-10190,0.550607
DM-10189,0.099121
DM-10188,0.012723
DM-10187,0.051845
DM-10186,0.346431
DM-10185,0.276105
DM-10184,0.00582
DM-10183,0.011072
DM-10182,0.110088
DM-10181,0.9659
DM-10180,0.985718
DM-10179,0.979195
DM-10178,0.971992
DM-10177,0.21305
DM-10176,0.990292
DM-10175,0.027796
DM-10174,0.13707
DM-10173,0.00629
DM-10172,0.924142
DM-10171,0.112016
DM-10170,0.967163
DM-10169,0.978713
DM-10168,0.927888
DM-10167,0.984336
DM-10166,0.954308
DM-10165,0.974435
DM-10164,0.827828
DM-10163,0.160003
DM-10162,0.885235
DM-10161,0.013121
DM-10160,0.952574
DM-10159,0.949295
DM-10158,0.921358
DM-10157,0.962673
DM-10156,0.610221
DM-10155,0.892563
DM-10154,0.517571
DM-10153,0.952574
DM-10152,0.01292
DM-10151,0.347911
DM-10150,0.007816
DM-10149,0.004905
DM-10148,0.924688
DM-10147,0.03138
DM-10146,0.011072
DM-10145,0.987375
DM-10144,0.506347
DM-10143,0.990587
DM-10142,0.006693
DM-10141,0.951504
DM-10140,0.014729
DM-10139,0.530236
DM-10138,0.155591
DM-10137,0.039937
DM-10136,0.211743
DM-10135,0.927888
DM-10134,0.969324
DM-10133,0.942082
DM-10132,0.941654
DM-10131,0.744656
DM-10130,0.049959
DM-10129,0.487307
DM-10128,0.402392
DM-10127,0.216508
DM-10126,0.600657
DM-10125,0.714628
DM-10124,0.851953
DM-10123,0.027169
DM-10122,0.944587
DM-10121,0.979354
DM-10120,0.953966
DM-10119,0.970465
DM-10118,0.317638
DM-10117,0.02976
DM-10116,0.440229
DM-10115,0.005469
DM-10114,0.341305
DM-10113,0.916708
DM-10112,0.955981
DM-10111,0.603114
DM-10110,0.524395
DM-10109,0.877896
DM-10108,0.082107
DM-10107,0.01292
DM-10106,0.886027
DM-10105,0.009784
DM-10104,0.909586
DM-10103,0.023509
DM-10102,0.364778
DM-10101,0.010735
DM-10100,0.972415
DM-10099,0.985718
DM-10098,0.023871
DM-10097,0.963231
DM-10096,0.839208
DM-10095,0.128525
DM-10094,0.035679
DM-10093,0.109325
DM-10092,0.691706
DM-10091,0.027169
DM-10090,0.298798
DM-10089,0.981595
DM-10088,0.982823
DM-10087,0.985043
DM-10086,0.337204
DM-10085,0.867485
DM-10084,0.039048
DM-10083,0.945399
DM-10082,0.794704
DM-10081,0.748352
DM-10080,0.945801
DM-10079,0.977543
DM-10078,0.928409
DM-10077,0.957596
DM-10076,0.952574
DM-10075,0.977543
DM-10074,0.905322
DM-10073,0.24817
DM-10072,0.004332
DM-10071,0.366703
DM-10070,0.014064
DM-10069,0.933431
DM-10068,0.93196
DM-10067,0.914596
DM-10066,0.945399
DM-10065,0.64791
DM-10064,0.356111
DM-10063,0.9659
DM-10062,0.487795
DM-10061,0.910227
DM-10060,0.957596
DM-10059,0.831143
DM-10058,0.928409
DM-10057,0.873215
DM-10056,0.222531
DM-10055,0.806243
DM-10054,0.949295
DM-10053,0.00986
DM-10052,0.948155
DM-10051,0.289171
DM-10050,0.819893
DM-10049,0.909586
DM-10048,0.980431
DM-10047,0.129843
DM-10046,0.168583
DM-10045,0.953275
DM-10044,0.087876
DM-10043,0.104843
DM-10042,0.004538
DM-10041,0.028653
DM-10040,0.010818
DM-10039,0.045353
DM-10038,0.268749
DM-10037,0.012625
DM-10036,0.964052
DM-10035,0.889912
DM-10034,0.902266
DM-10033,0.007816
DM-10032,0.974043
DM-10031,0.924688
DM-10030,0.183594
DM-10029,0.778986
DM-10028,0.889529
DM-10027,0.948537
DM-10026,0.938576
DM-10025,0.981875
DM-10024,0.984694
DM-10023,0.982955
DM-10022,0.924688
DM-10021,0.872782
DM-10020,0.015425
DM-10019,0.022977
DM-10018,0.008916
DM-10017,0.047426
DM-10016,0.679498
DM-10015,0.930962
DM-10014,0.036769
DM-10013,0.629433
DM-10012,0.023153
DM-10011,0.014616
DM-10010,0.954308
DM-10009,0.012241
DM-10008,0.010818
DM-10007,0.575588
DM-10006,0.013956
DM-10005,0.921074
DM-10004,0.269903
DM-10003,0.951504
DM-10002,0.532668
DM-10001,0.913368
DM-10000,0.060975
DM-9999,0.847968
DM-9998,0.24817
DM-9997,0.700075
DM-9996,0.972415
DM-9995,0.970465
DM-9994,0.950778
DM-9993,0.811078
DM-9992,0.08389
DM-9991,0.101589
DM-9990,0.939913
DM-9989,0.764892
DM-9988,0.04778
DM-9987,0.838151
DM-9986,0.09236
DM-9985,0.044681
DM-9984,0.97631
DM-9983,0.956634
DM-9982,0.063019
DM-9981,0.854885
DM-9980,0.029987
DM-9979,0.975202
DM-9978,0.041462
DM-9977,0.957596
DM-9976,0.008252
DM-9975,0.488771
DM-9974,0.011961
DM-9973,0.00506
DM-9972,0.29972
DM-9971,0.284477
DM-9970,0.044681
DM-9969,0.120026
DM-9968,0.589835
DM-9967,0.058993
DM-9966,0.238284
DM-9965,0.008711
DM-9964,0.174129
DM-9963,0.677901
DM-9962,0.928926
DM-9961,0.934873
DM-9960,0.57081
DM-9959,0.327883
DM-9958,0.387459
DM-9957,0.204978
DM-9956,0.03359
DM-9955,0.949669
DM-9954,0.211417
DM-9953,0.008252
DM-9952,0.372049
DM-9950,0.057493
DM-9949,0.017712
DM-9948,0.948155
DM-9947,0.933915
DM-9946,0.031619
DM-9945,0.979977
DM-9944,0.012336
DM-9943,0.005911
DM-9942,0.942082
DM-9941,0.72662
DM-9940,0.936285
DM-9939,0.840783
DM-9938,0.833325
DM-9937,0.935346
DM-9936,0.941223
DM-9935,0.965381
DM-9934,0.635109
DM-9933,0.948917
DM-9932,0.885631
DM-9931,0.056236
DM-9930,0.697609
DM-9929,0.992062
DM-9928,0.248717
DM-9927,0.073165
DM-9926,0.096706
DM-9925,0.823328
DM-9924,0.166675
DM-9923,0.975202
DM-9922,0.039048
DM-9921,0.400749
DM-9920,0.006693
DM-9919,0.127218
DM-9918,0.032344
DM-9917,0.488771
DM-9916,0.279632
DM-9915,0.945399
DM-9914,0.020646
DM-9913,0.970688
DM-9912,0.46563
DM-9911,0.009936
DM-9910,0.072112
DM-9909,0.011778
DM-9908,0.019871
DM-9907,0.409457
DM-9906,0.40592
DM-9905,0.033086
DM-9904,0.177526
DM-9903,0.072112
DM-9902,0.008847
DM-9901,0.011158
DM-9900,0.743541
DM-9899,0.005302
DM-9898,0.012147
DM-9897,0.039639
DM-9896,0.012821
DM-9895,0.014172
DM-9894,0.423935
DM-9893,0.939913
DM-9892,0.916409
DM-9891,0.131173
DM-9890,0.40028
DM-9889,0.014172
DM-9888,0.945801
DM-9887,0.101947
DM-9886,0.930962
DM-9885,0.191933
DM-9884,0.526343
DM-9883,0.008847
DM-9882,0.935817
DM-9881,0.039937
DM-9880,0.977714
DM-9879,0.134776
DM-9878,0.923039
DM-9877,0.971779
DM-9876,0.014282
DM-9875,0.140808
DM-9874,0.027376
DM-9873,0.235108
DM-9872,0.42179
DM-9871,0.120026
DM-9870,0.045016
DM-9869,0.871912
DM-9868,0.19498
DM-9867,0.971564
DM-9866,0.355999
DM-9865,0.930458
DM-9864,0.904987
DM-9863,0.084493
DM-9862,0.020964
DM-9861,0.013742
DM-9860,0.669259
DM-9859,0.761361
DM-9858,0.35354
DM-9857,0.965119
DM-9856,0.082994
DM-9855,0.07836
DM-9854,0.148788
DM-9853,0.044681
DM-9852,0.050518
DM-9851,0.969324
DM-9850,0.975012
DM-9849,0.013121
DM-9848,0.040541
DM-9847,0.895888
DM-9846,0.795022
DM-9845,0.00582
DM-9844,0.964855
DM-9843,0.545286
DM-9842,0.733165
DM-9841,0.834407
DM-9840,0.454714
DM-9839,0.483405
DM-9838,0.553264
DM-9837,0.442636
DM-9836,0.82559
DM-9835,0.53777
DM-9834,0.046725
DM-9833,0.44071
DM-9832,0.961822
DM-9831,0.016403
DM-9830,0.797872
DM-9829,0.009486
DM-9828,0.064418
DM-9827,0.130285
DM-9826,0.037327
DM-9825,0.06165
DM-9824,0.00522
DM-9823,0.033337
DM-9822,0.025179
DM-9821,0.033844
DM-9820,0.023509
DM-9819,0.976669
DM-9818,0.988131
DM-9817,0.014504
DM-9816,0.951863
DM-9815,0.176956
DM-9814,0.050331
DM-9813,0.014729
DM-9812,0.400515
DM-9811,0.022803
DM-9810,0.72526
DM-9809,0.980729
DM-9808,0.006488
DM-9807,0.617974
DM-9806,0.013121
DM-9805,0.020646
DM-9804,0.284775
DM-9803,0.939025
DM-9802,0.030909
DM-9801,0.006193
DM-9800,0.949669
DM-9799,0.125065
DM-9798,0.007938
DM-9797,0.013637
DM-9796,0.019871
DM-9795,0.008711
DM-9794,0.899828
DM-9793,0.894421
DM-9792,0.019271
DM-9791,0.183301
DM-9790,0.039639
DM-9789,0.020177
DM-9788,0.942929
DM-9787,0.941223
DM-9786,0.07056
DM-9785,0.006693
DM-9784,0.039937
DM-9783,0.896976
DM-9782,0.928926
DM-9781,0.954984
DM-9780,0.727589
DM-9779,0.935817
DM-9778,0.010328
DM-9777,0.013121
DM-9776,0.171616
DM-9775,0.906322
DM-9774,0.01142
DM-9773,0.179243
DM-9772,0.029987
DM-9771,0.016277
DM-9770,0.054199
DM-9769,0.891055
DM-9768,0.161849
DM-9767,0.014064
DM-9766,0.945399
DM-9765,0.00986
DM-9764,0.013637
DM-9763,0.066569
DM-9762,0.142709
DM-9761,0.0538
DM-9760,0.148047
DM-9759,0.041462
DM-9758,0.022803
DM-9757,0.443118
DM-9756,0.243283
DM-9755,0.028871
DM-9754,0.855851
DM-9753,0.917598
DM-9752,0.078642
DM-9751,0.188324
DM-9750,0.908942
DM-9749,0.031144
DM-9748,0.062103
DM-9747,0.007233
DM-9746,0.037892
DM-9745,0.583441
DM-9744,0.029987
DM-9743,0.015664
DM-9742,0.010014
DM-9741,0.979823
DM-9740,0.057071
DM-9739,0.016403
DM-9738,0.013849
DM-9737,0.973844
DM-9736,0.006798
DM-9735,0.945399
DM-9734,0.961534
DM-9733,0.111241
DM-9732,0.083292
DM-9731,0.034881
DM-9730,0.02461
DM-9729,0.966914
DM-9728,0.489748
DM-9727,0.024988
DM-9726,0.005469
DM-9725,0.219337
DM-9724,0.004468
DM-9723,0.165323
DM-9722,0.860604
DM-9721,0.827828
DM-9720,0.030444
DM-9719,0.496094
DM-9718,0.041462
DM-9717,0.979823
DM-9716,0.942929
DM-9715,0.063482
DM-9714,0.2522
DM-9713,0.229708
DM-9712,0.245266
DM-9711,0.977197
DM-9710,0.018978
DM-9709,0.945399
DM-9708,0.092033
DM-9707,0.447219
DM-9706,0.026156
DM-9705,0.942507
DM-9704,0.974629
DM-9703,0.809276
DM-9702,0.208824
DM-9701,0.337859
DM-9700,0.023689
DM-9699,0.485844
DM-9698,0.011778
DM-9697,0.01302
DM-9696,0.006798
DM-9695,0.016029
DM-9694,0.702326
DM-9693,0.026355
DM-9692,0.173568
DM-9691,0.003824
DM-9690,0.275032
DM-9689,0.006193
DM-9687,0.400984
DM-9686,0.453262
DM-9685,0.984575
DM-9684,0.00483
DM-9683,0.020646
DM-9682,0.035948
DM-9681,0.067056
DM-9680,0.973241
DM-9679,0.979668
DM-9678,0.968381
DM-9677,0.004905
DM-9676,0.975202
DM-9675,0.103024
DM-9674,0.003707
DM-9673,0.010735
DM-9672,0.007012
DM-9671,0.897336
DM-9670,0.398289
DM-9669,0.045692
DM-9668,0.872782
DM-9667,0.990732
DM-9666,0.988668
DM-9665,0.992062
DM-9664,0.531696
DM-9663,0.928926
DM-9662,0.953966
DM-9661,0.969324
DM-9660,0.975762
DM-9659,0.990874
DM-9658,0.991289
DM-9657,0.990441
DM-9656,0.972204
DM-9655,0.958538
DM-9654,0.934395
DM-9653,0.012821
DM-9652,0.332202
DM-9651,0.958847
DM-9650,0.779658
DM-9649,0.883236
DM-9648,0.022977
DM-9647,0.011158
DM-9646,0.076408
DM-9645,0.426322
DM-9644,0.047426
DM-9643,0.376967
DM-9642,0.280518
DM-9641,0.332534
DM-9640,0.071851
DM-9639,0.098773
DM-9638,0.00934
DM-9637,0.058561
DM-9636,0.47171
DM-9635,0.049222
DM-9634,0.980876
DM-9633,0.602296
DM-9632,0.659734
DM-9631,0.955651
DM-9630,0.948537
DM-9629,0.860604
DM-9628,0.225417
DM-9627,0.803174
DM-9626,0.834407
DM-9625,0.985271
DM-9624,0.798501
DM-9623,0.530723
DM-9622,0.160266
DM-9621,0.791499
DM-9620,0.742235
DM-9619,0.116764
DM-9618,0.012147
DM-9617,0.936285
DM-9616,0.088505
DM-9615,0.932944
DM-9614,0.407923
DM-9613,0.980876
DM-9612,0.962673
DM-9611,0.046725
DM-9610,0.938124
DM-9609,0.05301
DM-9608,0.009784
DM-9607,0.985043
DM-9606,0.015664
DM-9605,0.007577
DM-9604,0.305438
DM-9603,0.938576
DM-9602,0.991684
DM-9601,0.00986
DM-9600,0.354685
DM-9599,0.921922
DM-9598,0.044681
DM-9597,0.953966
DM-9596,0.412767
DM-9595,0.560012
DM-9594,0.008577
DM-9593,0.066327
DM-9592,0.942507
DM-9591,0.055823
DM-9590,0.005469
DM-9589,0.003765
DM-9588,0.023509
DM-9587,0.944995
DM-9586,0.974821
DM-9585,0.063948
DM-9584,0.811078
DM-9583,0.056444
DM-9582,0.011961
DM-9581,0.007121
DM-9580,0.761006
DM-9579,0.011597
DM-9578,0.006004
DM-9577,0.060752
DM-9576,0.019124
DM-9575,0.018833
DM-9574,0.91118
DM-9573,0.014616
DM-9572,0.233706
DM-9571,0.97024
DM-9570,0.330066
DM-9569,0.049959
DM-9568,0.204342
DM-9567,0.877896
DM-9566,0.039937
DM-9565,0.842345
DM-9564,0.047958
DM-9563,0.855851
DM-9562,0.958538
DM-9561,0.051845
DM-9560,0.247441
DM-9559,0.978385
DM-9558,0.030676
DM-9557,0.105948
DM-9556,0.009197
DM-9555,0.583915
DM-9554,0.08152
DM-9553,0.19163
DM-9552,0.005385
DM-9551,0.494629
DM-9550,0.029091
DM-9549,0.014392
DM-9548,0.013428
DM-9547,0.043366
DM-9546,0.055413
DM-9545,0.021125
DM-9544,0.008446
DM-9543,0.007012
DM-9542,0.62641
DM-9541,0.007816
DM-9540,0.005302
DM-9539,0.989986
DM-9538,0.018689
DM-9537,0.0341
DM-9536,0.83868
DM-9535,0.120853
DM-9534,0.942507
DM-9533,0.972623
DM-9532,0.987179
DM-9531,0.026557
DM-9530,0.975946
DM-9529,0.009055
DM-9528,0.120853
DM-9527,0.075312
DM-9526,0.081228
DM-9525,0.943348
DM-9524,0.110856
DM-9523,0.5083
DM-9522,0.514644
DM-9521,0.168583
DM-9520,0.246352
DM-9519,0.013223
DM-9518,0.058777
DM-9517,0.923592
DM-9516,0.048858
DM-9515,0.051463
DM-9514,0.052619
DM-9513,0.042088
DM-9512,0.049222
DM-9511,0.049222
DM-9510,0.05301
DM-9509,0.007233
DM-9508,0.895157
DM-9507,0.13707
DM-9506,0.863852
DM-9505,0.331255
DM-9504,0.011961
DM-9503,0.003377
DM-9502,0.01142
DM-9501,0.007346
DM-9500,0.00407
DM-9499,0.146331
DM-9498,0.92079
DM-9497,0.003124
DM-9496,0.013532
DM-9495,0.070816
DM-9494,0.009486
DM-9493,0.010818
DM-9492,0.00934
DM-9491,0.896614
DM-9490,0.008916
DM-9489,0.951142
DM-9488,0.024988
DM-9487,0.060087
DM-9486,0.101589
DM-9485,0.029535
DM-9484,0.143188
DM-9483,0.010818
DM-9482,0.985936
DM-9481,0.560493
DM-9480,0.090093
DM-9479,0.763131
DM-9478,0.951863
DM-9477,0.018833
DM-9476,0.006693
DM-9475,0.031144
DM-9474,0.012432
DM-9473,0.658747
DM-9472,0.008316
DM-9471,0.008916
DM-9470,0.015073
DM-9469,0.0341
DM-9468,0.002845
DM-9467,0.009634
DM-9466,0.502441
DM-9465,0.017177
DM-9464,0.07477
DM-9463,0.004682
DM-9462,0.115162
DM-9461,0.891055
DM-9460,0.913677
DM-9459,0.288669
DM-9458,0.057918
DM-9457,0.039343
DM-9456,0.950411
DM-9455,0.694717
DM-9454,0.492676
DM-9453,0.005555
DM-9452,0.980129
DM-9451,0.605099
DM-9450,0.849472
DM-9449,0.845942
DM-9448,0.699254
DM-9447,0.262558
DM-9446,0.007233
DM-9445,0.012147
DM-9444,0.068289
DM-9443,0.021948
DM-9442,0.036769
DM-9441,0.058777
DM-9440,0.656658
DM-9439,0.021287
DM-9438,0.66236
DM-9437,0.654011
DM-9436,0.017442
DM-9435,0.578686
DM-9434,0.01017
DM-9433,0.008316
DM-9432,0.176956
DM-9431,0.020964
DM-9430,0.005302
DM-9429,0.041462
DM-9428,0.207857
DM-9427,0.020332
DM-9426,0.95222
DM-9425,0.953622
DM-9424,0.611788
DM-9423,0.253861
DM-9422,0.199932
DM-9421,0.098773
DM-9420,0.568176
DM-9419,0.899828
DM-9418,0.801936
DM-9417,0.226784
DM-9416,0.218003
DM-9415,0.00986
DM-9414,0.645413
DM-9413,0.894052
DM-9412,0.009413
DM-9411,0.025179
DM-9410,0.455199
DM-9409,0.896251
DM-9408,0.022286
DM-9407,0.082402
DM-9406,0.928926
DM-9405,0.975577
DM-9404,0.009708
DM-9403,0.040846
DM-9402,0.624021
DM-9401,0.017309
DM-9400,0.90053
DM-9399,0.007233
DM-9398,0.067301
DM-9397,0.815233
DM-9396,0.016915
DM-9395,0.022117
DM-9394,0.247623
DM-9393,0.009055
DM-9392,0.049222
DM-9391,0.227469
DM-9390,0.763836
DM-9389,0.643107
DM-9388,0.015906
DM-9387,0.959154
DM-9386,0.006488
DM-9384,0.717606
DM-9383,0.316898
DM-9382,0.017309
DM-9381,0.231788
DM-9380,0.440951
DM-9379,0.032101
DM-9378,0.96641
DM-9377,0.00343
DM-9376,0.007577
DM-9375,0.860134
DM-9374,0.031144
DM-9373,0.511229
DM-9372,0.117978
DM-9371,0.300181
DM-9370,0.006798
DM-9369,0.124639
DM-9368,0.335569
DM-9367,0.923592
DM-9366,0.061199
DM-9365,0.971992
DM-9364,0.012528
DM-9363,0.354433
DM-9362,0.908293
DM-9361,0.556641
DM-9360,0.642629
DM-9359,0.005555
DM-9358,0.006904
DM-9357,0.917893
DM-9356,0.913058
DM-9355,0.497803
DM-9354,0.027376
DM-9353,0.029535
DM-9352,0.00506
DM-9351,0.007012
DM-9350,0.035411
DM-9349,0.007121
DM-9348,0.890294
DM-9347,0.00659
DM-9346,0.011158
DM-9345,0.040541
DM-9344,0.008847
DM-9343,0.010818
DM-9342,0.025761
DM-9341,0.009486
DM-9340,0.037892
DM-9339,0.009055
DM-9338,0.582254
DM-9337,0.863392
DM-9336,0.028008
DM-9335,0.015906
DM-9334,0.031859
DM-9333,0.020964
DM-9332,0.009559
DM-9331,0.978549
DM-9330,0.914291
DM-9329,0.942929
DM-9328,0.914291
DM-9327,0.875361
DM-9326,0.026557
DM-9325,0.021451
DM-9324,0.459319
DM-9323,0.739799
DM-9322,0.013428
DM-9321,0.514156
DM-9320,0.539711
DM-9319,0.045692
DM-9318,0.953275
DM-9317,0.349949
DM-9316,0.013325
DM-9315,0.008125
DM-9314,0.010489
DM-9313,0.057493
DM-9312,0.980281
DM-9311,0.169131
DM-9310,0.944587
DM-9309,0.695131
DM-9308,0.122944
DM-9307,0.120026
DM-9306,0.117978
DM-9305,0.579162
DM-9304,0.108566
DM-9303,0.105948
DM-9302,0.734501
DM-9301,0.966156
DM-9300,0.004905
DM-9299,0.891811
DM-9298,0.010902
DM-9297,0.010735
DM-9296,0.553023
DM-9295,0.894052
DM-9294,0.008125
DM-9293,0.809878
DM-9292,0.105579
DM-9291,0.007696
DM-9290,0.865679
DM-9289,0.117572
DM-9288,0.046034
DM-9287,0.058132
DM-9286,0.017712
DM-9285,0.961534
DM-9284,0.624294
DM-9283,0.905657
DM-9282,0.865679
DM-9281,0.040846
DM-9280,0.030215
DM-9279,0.046725
DM-9278,0.043691
DM-9277,0.052619
DM-9276,0.033337
DM-9275,0.019569
DM-9274,0.521958
DM-9273,0.953622
DM-9272,0.671471
DM-9271,0.004265
DM-9270,0.772187
DM-9269,0.957278
DM-9268,0.142232
DM-9267,0.983597
DM-9266,0.97631
DM-9265,0.97631
DM-9264,0.667798
DM-9263,0.942082
DM-9262,0.92079
DM-9261,0.751648
DM-9260,0.053206
DM-9259,0.035145
DM-9258,0.721154
DM-9257,0.807461
DM-9256,0.007577
DM-9255,0.789234
DM-9254,0.006004
DM-9253,0.446495
DM-9252,0.011332
DM-9251,0.020023
DM-9250,0.030215
DM-9249,0.922482
DM-9248,0.773901
DM-9247,0.891434
DM-9246,0.439507
DM-9245,0.837088
DM-9244,0.089137
DM-9243,0.009055
DM-9242,0.00365
DM-9241,0.454714
DM-9240,0.159217
DM-9239,0.082107
DM-9238,0.056652
DM-9237,0.185652
DM-9236,0.253306
DM-9235,0.478041
DM-9234,0.811377
DM-9233,0.697403
DM-9232,0.095349
DM-9231,0.935817
DM-9230,0.437824
DM-9229,0.047426
DM-9228,0.806548
DM-9227,0.342792
DM-9226,0.831143
DM-9225,0.981595
DM-9224,0.983214
DM-9223,0.401453
DM-9222,0.974629
DM-9221,0.827828
DM-9220,0.90053
DM-9219,0.926304
DM-9218,0.58818
DM-9217,0.966914
DM-9216,0.93196
DM-9215,0.939471
DM-9214,0.500977
DM-9213,0.039639
DM-9212,0.042404
DM-9210,0.873215
DM-9209,0.740362
DM-9208,0.064653
DM-9207,0.948917
DM-9206,0.007461
DM-9205,0.328624
DM-9204,0.480479
DM-9203,0.049589
DM-9202,0.048496
DM-9201,0.047074
DM-9200,0.044681
DM-9199,0.205615
DM-9198,0.198064
DM-9197,0.008916
DM-9196,0.00629
DM-9195,0.228329
DM-9194,0.946597
DM-9193,0.989182
DM-9192,0.957912
DM-9191,0.066085
DM-9190,0.185357
DM-9189,0.292899
DM-9188,0.09739
DM-9187,0.287068
DM-9186,0.138462
DM-9185,0.039343
DM-9184,0.780662
DM-9183,0.275471
DM-9182,0.212069
DM-9181,0.048858
DM-9180,0.375936
DM-9179,0.15662
DM-9178,0.095013
DM-9177,0.031619
DM-9176,0.042088
DM-9175,0.2676
DM-9174,0.959459
DM-9173,0.555435
DM-9172,0.561696
DM-9171,0.343562
DM-9170,0.048858
DM-9169,0.109325
DM-9168,0.148294
DM-9167,0.801315
DM-9166,0.532911
DM-9165,0.019871
DM-9164,0.064418
DM-9163,0.005911
DM-9162,0.007346
DM-9161,0.008188
DM-9160,0.052231
DM-9159,0.018689
DM-9158,0.671147
DM-9157,0.320197
DM-9156,0.026156
DM-9155,0.468547
DM-9153,0.926835
DM-9152,0.233008
DM-9151,0.917893
DM-9150,0.967163
DM-9149,0.974239
DM-9148,0.016403
DM-9147,0.867036
DM-9146,0.983214
DM-9145,0.19498
DM-9144,0.004332
DM-9143,0.252753
DM-9142,0.008985
DM-9141,0.128963
DM-9140,0.09401
DM-9139,0.057918
DM-9138,0.020646
DM-9137,0.126353
DM-9136,0.928926
DM-9135,0.538983
DM-9134,0.045692
DM-9133,0.980281
DM-9132,0.794385
DM-9131,0.046378
DM-9130,0.980281
DM-9129,0.096706
DM-9128,0.712832
DM-9127,0.853913
DM-9126,0.015785
DM-9125,0.052619
DM-9124,0.91181
DM-9123,0.005642
DM-9122,0.006098
DM-9121,0.244363
DM-9120,0.011332
DM-9119,0.933431
DM-9118,0.785966
DM-9117,0.570331
DM-9116,0.017849
DM-9115,0.938576
DM-9114,0.007346
DM-9113,0.046378
DM-9112,0.978385
DM-9111,0.504883
DM-9110,0.014064
DM-9109,0.025179
DM-9108,0.021781
DM-9107,0.029987
DM-9106,0.053403
DM-9105,0.972623
DM-9104,0.943348
DM-9103,0.017309
DM-9102,0.017577
DM-9101,0.451327
DM-9100,0.123366
DM-9099,0.932944
DM-9098,0.713631
DM-9097,0.020489
DM-9096,0.034619
DM-9095,0.948537
DM-9094,0.763131
DM-9093,0.045016
DM-9092,0.945801
DM-9091,0.743913
DM-9090,0.944177
DM-9089,0.875361
DM-9088,0.926835
DM-9087,0.924688
DM-9086,0.975946
DM-9085,0.018547
DM-9084,0.9462
DM-9083,0.830594
DM-9082,0.942507
DM-9081,0.013223
DM-9080,0.003538
DM-9079,0.034881
DM-9078,0.007121
DM-9077,0.145358
DM-9076,0.583678
DM-9075,0.72487
DM-9074,0.01302
DM-9073,0.094343
DM-9072,0.404272
DM-9071,0.172729
DM-9070,0.004682
DM-9069,0.97539
DM-9068,0.015664
DM-9067,0.022629
DM-9066,0.044681
DM-9065,0.963231
DM-9064,0.037892
DM-9063,0.370339
DM-9062,0.118385
DM-9061,0.378919
DM-9060,0.933915
DM-9059,0.952574
DM-9058,0.048496
DM-9057,0.549399
DM-9056,0.946597
DM-9055,0.007816
DM-9054,0.846958
DM-9053,0.614163
DM-9052,0.010987
DM-9051,0.146331
DM-9050,0.681833
DM-9049,0.622
DM-9048,0.251464
DM-9047,0.894789
DM-9046,0.917303
DM-9045,0.937669
DM-9044,0.861538
DM-9043,0.051083
DM-9042,0.022286
DM-9041,0.013742
DM-9040,0.960063
DM-9039,0.96741
DM-9038,0.242564
DM-9037,0.875361
DM-9036,0.048858
DM-9035,0.190122
DM-9034,0.974435
DM-9033,0.333232
DM-9032,0.91181
DM-9031,0.270095
DM-9030,0.94699
DM-9029,0.613352
DM-9028,0.065366
DM-9027,0.031144
DM-9026,0.008711
DM-9025,0.00838
DM-9024,0.914596
DM-9023,0.951504
DM-9022,0.983214
DM-9021,0.959459
DM-9020,0.973645
DM-9019,0.212722
DM-9018,0.318856
DM-9017,0.465387
DM-9016,0.936285
DM-9015,0.960361
DM-9014,0.135919
DM-9013,0.085099
DM-9012,0.943764
DM-9011,0.452052
DM-9010,0.94699
DM-9009,0.929951
DM-9008,0.038756
DM-9007,0.880797
DM-9006,0.013956
DM-9005,0.021451
DM-9004,0.033086
DM-9003,0.88642
DM-9002,0.429669
DM-9001,0.311286
DM-9000,0.02976
DM-8999,0.020023
DM-8998,0.083292
DM-8997,0.007938
DM-8996,0.976669
DM-8995,0.924142
DM-8994,0.902266
DM-8993,0.008511
DM-8992,0.568416
DM-8991,0.541166
DM-8990,0.009936
DM-8989,0.006004
DM-8988,0.859192
DM-8987,0.198685
DM-8986,0.750553
DM-8985,0.902952
DM-8984,0.112405
DM-8983,0.009936
DM-8982,0.013849
DM-8981,0.085404
DM-8980,0.781664
DM-8979,0.010818
DM-8978,0.044019
DM-8977,0.419886
DM-8976,0.973645
DM-8975,0.230573
DM-8974,0.854885
DM-8973,0.035411
DM-8972,0.011158
DM-8971,0.940353
DM-8970,0.012054
DM-8969,0.774242
DM-8968,0.598782
DM-8967,0.485356
DM-8966,0.029535
DM-8965,0.597608
DM-8964,0.03359
DM-8963,0.00365
DM-8962,0.010328
DM-8961,0.014729
DM-8960,0.020804
DM-8959,0.955319
DM-8958,0.477554
DM-8957,0.006193
DM-8956,0.569853
DM-8955,0.761006
DM-8954,0.648459
DM-8953,0.779322
DM-8952,0.867036
DM-8951,0.117167
DM-8950,0.818737
DM-8949,0.009126
DM-8948,0.00522
DM-8947,0.934395
DM-8946,0.144149
DM-8945,0.918187
DM-8944,0.721547
DM-8943,0.122944
DM-8942,0.907312
DM-8941,0.873215
DM-8940,0.94079
DM-8939,0.461988
DM-8938,0.959154
DM-8937,0.968141
DM-8936,0.066327
DM-8935,0.784649
DM-8934,0.842863
DM-8933,0.008062
DM-8932,0.856332
DM-8931,0.461745
DM-8930,0.993612
DM-8929,0.914901
DM-8928,0.982557
DM-8927,0.970688
DM-8926,0.979511
DM-8925,0.858244
DM-8924,0.718397
DM-8923,0.436382
DM-8922,0.82559
DM-8921,0.953275
DM-8920,0.564339
DM-8919,0.892937
DM-8918,0.644337
DM-8917,0.271638
DM-8916,0.821044
DM-8915,0.026355
DM-8914,0.861538
DM-8913,0.241132
DM-8912,0.040541
DM-8911,0.929951
DM-8910,0.027796
DM-8909,0.108566
DM-8908,0.029535
DM-8907,0.076408
DM-8906,0.058993
DM-8905,0.072637
DM-8904,0.089137
DM-8903,0.04778
DM-8902,0.110471
DM-8901,0.064653
DM-8900,0.051083
DM-8899,0.043043
DM-8898,0.06165
DM-8897,0.042088
DM-8896,0.953275
DM-8895,0.044681
DM-8894,0.079496
DM-8893,0.055209
DM-8892,0.031619
DM-8891,0.15662
DM-8890,0.428473
DM-8889,0.883236
DM-8888,0.207215
DM-8887,0.76454
DM-8886,0.897695
DM-8885,0.904651
DM-8884,0.033844
DM-8883,0.684739
DM-8882,0.028871
DM-8881,0.040238
DM-8880,0.039048
DM-8879,0.031144
DM-8878,0.058346
DM-8877,0.189221
DM-8876,0.037609
DM-8875,0.082402
DM-8874,0.045016
DM-8873,0.070049
DM-8872,0.19163
DM-8871,0.093347
DM-8870,0.082402
DM-8869,0.077239
DM-8868,0.073165
DM-8867,0.137532
DM-8866,0.105579
DM-8865,0.089773
DM-8864,0.155335
DM-8863,0.050331
DM-8862,0.23634
DM-8861,0.072112
DM-8860,0.102664
DM-8859,0.078926
DM-8858,0.096025
DM-8857,0.406155
DM-8856,0.075312
DM-8855,0.171894
DM-8854,0.187133
DM-8853,0.100879
DM-8852,0.087252
DM-8851,0.491212
DM-8850,0.257578
DM-8849,0.031619
DM-8848,0.049959
DM-8847,0.130729
DM-8846,0.112016
DM-8845,0.055005
DM-8844,0.869715
DM-8843,0.108945
DM-8842,0.054803
DM-8841,0.01142
DM-8840,0.108945
DM-8839,0.087564
DM-8838,0.220007
DM-8837,0.922482
DM-8836,0.981022
DM-8835,0.583203
DM-8834,0.847968
DM-8833,0.055209
DM-8832,0.012241
DM-8831,0.897695
DM-8830,0.006193
DM-8829,0.255715
DM-8828,0.397003
DM-8827,0.136608
DM-8826,0.192084
DM-8825,0.028871
DM-8824,0.931463
DM-8823,0.948155
DM-8822,0.012241
DM-8821,0.889529
DM-8820,0.939471
DM-8819,0.973443
DM-8818,0.024054
DM-8817,0.871912
DM-8816,0.934395
DM-8815,0.9659
DM-8814,0.981453
DM-8813,0.990441
DM-8812,0.970465
DM-8811,0.055823
DM-8810,0.110856
DM-8809,0.049589
DM-8808,0.009055
DM-8807,0.030215
DM-8806,0.018125
DM-8805,0.970013
DM-8804,0.821044
DM-8803,0.082107
DM-8802,0.200088
DM-8801,0.143908
DM-8800,0.097734
DM-8799,0.741112
DM-8798,0.127218
DM-8797,0.716615
DM-8796,0.934395
DM-8795,0.905657
DM-8794,0.766294
DM-8793,0.927888
DM-8792,0.272025
DM-8791,0.014064
DM-8790,0.00483
DM-8789,0.05921
DM-8777,0.981875
DM-8776,0.948155
DM-8775,0.974629
DM-8774,0.985271
DM-8773,0.987759
DM-8772,0.978549
DM-8771,0.987375
DM-8770,0.987375
DM-8769,0.970465
DM-8768,0.97024
DM-8767,0.980729
DM-8765,0.977883
DM-8764,0.970909
DM-8762,0.950411
DM-8761,0.221014
DM-8760,0.250546
DM-8759,0.140808
DM-8758,0.120026
DM-8757,0.127653
DM-8756,0.391639
DM-8755,0.437103
DM-8754,0.495117
DM-8753,0.338077
DM-8752,0.408631
DM-8751,0.009268
DM-8750,0.797872
DM-8749,0.017442
DM-8748,0.065128
DM-8747,0.060087
DM-8746,0.037047
DM-8745,0.017045
DM-8744,0.06165
DM-8743,0.188026
DM-8742,0.964321
DM-8741,0.983214
DM-8738,0.964321
DM-8737,0.966663
DM-8736,0.927363
DM-8735,0.067056
DM-8734,0.180107
DM-8733,0.963506
DM-8731,0.97024
DM-8730,0.832237
DM-8729,0.289773
DM-8728,0.016657
DM-8727,0.792464
DM-8726,0.944587
DM-8725,0.364551
DM-8724,0.314156
DM-8723,0.841826
DM-8722,0.91118
DM-8721,0.982955
DM-8720,0.106319
DM-8719,0.193147
DM-8718,0.987375
DM-8717,0.840783
DM-8716,0.975202
DM-8715,0.039937
DM-8714,0.004905
DM-8713,0.412293
DM-8712,0.958538
DM-8711,0.333069
DM-8710,0.075585
DM-8709,0.020804
DM-8708,0.899828
DM-8707,0.019871
DM-8706,0.005385
DM-8705,0.010735
DM-8704,0.906322
DM-8703,0.965381
DM-8702,0.986777
DM-8701,0.40204
DM-8700,0.970013
DM-8699,0.957912
DM-8698,0.094343
DM-8697,0.008511
DM-8696,0.079782
DM-8695,0.00659
DM-8694,0.962108
DM-8693,0.075041
DM-8692,0.020332
DM-8691,0.061424
DM-8690,0.014504
DM-8689,0.00506
DM-8688,0.016153
DM-8687,0.192843
DM-8686,0.586049
DM-8685,0.018547
DM-8684,0.165593
DM-8683,0.974435
DM-8682,0.979511
DM-8681,0.596081
DM-8680,0.464173
DM-8679,0.018125
DM-8678,0.246896
DM-8677,0.149531
DM-8676,0.226955
DM-8675,0.102664
DM-8674,0.021287
DM-8673,0.012054
DM-8672,0.884439
DM-8671,0.950778
DM-8670,0.19498
DM-8669,0.988842
DM-8668,0.876211
DM-8667,0.015785
DM-8666,0.066812
DM-8665,0.722135
DM-8664,0.982955
DM-8663,0.888759
DM-8662,0.012528
DM-8661,0.128963
DM-8660,0.173009
DM-8659,0.247078
DM-8658,0.034619
DM-8657,0.007877
DM-8656,0.009784
DM-8655,0.912124
DM-8654,0.017177
DM-8653,0.856332
DM-8652,0.029987
DM-8651,0.950041
DM-8650,0.080357
DM-8649,0.832781
DM-8648,0.006798
DM-8647,0.033844
DM-8646,0.792785
DM-8645,0.664976
DM-8644,0.034359
DM-8643,0.07836
DM-8642,0.035145
DM-8641,0.474631
DM-8640,0.008985
DM-8639,0.991938
DM-8638,0.989672
DM-8637,0.961534
DM-8636,0.908618
DM-8635,0.016915
DM-8634,0.961534
DM-8633,0.988313
DM-8632,0.765944
DM-8631,0.959459
DM-8630,0.011332
DM-8629,0.01057
DM-8628,0.00573
DM-8627,0.154312
DM-8626,0.009197
DM-8625,0.721939
DM-8624,0.110088
DM-8623,0.859664
DM-8622,0.906322
DM-8621,0.92944
DM-8620,0.513181
DM-8619,0.061876
DM-8618,0.934395
DM-8617,0.058132
DM-8616,0.021287
DM-8615,0.010489
DM-8614,0.008252
DM-8613,0.027796
DM-8612,0.007577
DM-8611,0.008
DM-8610,0.94079
DM-8609,0.020177
DM-8608,0.066569
DM-8607,0.007012
DM-8606,0.134321
DM-8605,0.016277
DM-8604,0.92523
DM-8603,0.874077
DM-8602,0.011072
DM-8601,0.063019
DM-8600,0.957278
DM-8599,0.200245
DM-8598,0.007346
DM-8597,0.040846
DM-8596,0.314919
DM-8595,0.420838
DM-8594,0.734881
DM-8593,0.92944
DM-8592,0.95222
DM-8591,0.016785
DM-8590,0.058561
DM-8589,0.534612
DM-8588,0.136608
DM-8587,0.837088
DM-8586,0.853425
DM-8584,0.985496
DM-8583,0.61555
DM-8582,0.970688
DM-8581,0.057705
DM-8580,0.018264
DM-8579,0.615839
DM-8578,0.010091
DM-8577,0.924688
DM-8576,0.849472
DM-8575,0.984215
DM-8574,0.953966
DM-8573,0.759225
DM-8572,0.056236
DM-8571,0.038466
DM-8570,0.972831
DM-8569,0.92079
DM-8568,0.985936
DM-8567,0.234582
DM-8566,0.110856
DM-8565,0.152032
DM-8564,0.780997
DM-8563,0.455199
DM-8562,0.965119
DM-8561,0.017045
DM-8560,0.188324
DM-8559,0.870157
DM-8558,0.294164
DM-8557,0.011332
DM-8556,0.928926
DM-8555,0.29696
DM-8554,0.065366
DM-8553,0.425367
DM-8552,0.943348
DM-8551,0.056862
DM-8550,0.06489
DM-8549,0.0745
DM-8548,0.034359
DM-8547,0.030909
DM-8546,0.016029
DM-8545,0.014064
DM-8544,0.985828
DM-8543,0.025565
DM-8542,0.129403
DM-8541,0.988131
DM-8540,0.0341
DM-8539,0.442636
DM-8538,0.115961
DM-8537,0.964321
DM-8536,0.797872
DM-8535,0.966156
DM-8534,0.315367
DM-8533,0.011597
DM-8532,0.014064
DM-8531,0.92944
DM-8530,0.987179
DM-8529,0.967899
DM-8528,0.337654
DM-8527,0.280025
DM-8526,0.047426
DM-8525,0.841305
DM-8523,0.413477
DM-8522,0.984094
DM-8521,0.175538
DM-8520,0.936749
DM-8519,0.956309
DM-8518,0.934395
DM-8517,0.967899
DM-8516,0.987946
DM-8515,0.99371
DM-8514,0.207536
DM-8513,0.967899
DM-8512,0.973645
DM-8511,0.990441
DM-8510,0.94079
DM-8509,0.986979
DM-8508,0.981022
DM-8507,0.849971
DM-8506,0.984094
DM-8505,0.966663
DM-8504,0.958226
DM-8503,0.965119
DM-8502,0.980129
DM-8501,0.908618
DM-8500,0.432543
DM-8499,0.128088
DM-8498,0.895157
DM-8497,0.869715
DM-8496,0.233881
DM-8495,0.859192
DM-8494,0.624752
DM-8493,0.944995
DM-8492,0.96862
DM-8491,0.957912
DM-8490,0.754192
DM-8489,0.962108
DM-8488,0.915809
DM-8487,0.968381
DM-8486,0.986572
DM-8485,0.989013
DM-8484,0.976847
DM-8483,0.973844
DM-8482,0.961534
DM-8481,0.982691
DM-8480,0.988492
DM-8479,0.984094
DM-8478,0.982691
DM-8477,0.978713
DM-8476,0.929951
DM-8475,0.986572
DM-8474,0.991812
DM-8473,0.977371
DM-8472,0.802246
DM-8471,0.985496
DM-8470,0.97539
DM-8469,0.305853
DM-8468,0.887984
DM-8467,0.288569
DM-8466,0.04778
DM-8465,0.03359
DM-8464,0.035679
DM-8463,0.030909
DM-8462,0.071851
DM-8461,0.009268
DM-8460,0.041774
DM-8459,0.028436
DM-8458,0.031144
DM-8457,0.069038
DM-8456,0.045692
DM-8455,0.053403
DM-8454,0.037609
DM-8453,0.218336
DM-8452,0.023689
DM-8451,0.02461
DM-8450,0.956309
DM-8449,0.01057
DM-8448,0.926304
DM-8447,0.117978
DM-8446,0.73848
DM-8445,0.903975
DM-8444,0.950411
DM-8443,0.927363
DM-8442,0.108189
DM-8441,0.131619
DM-8440,0.937669
DM-8439,0.946597
DM-8438,0.041462
DM-8437,0.868381
DM-8436,0.96862
DM-8435,0.005385
DM-8434,0.026156
DM-8433,0.909586
DM-8432,0.008125
DM-8431,0.057071
DM-8430,0.877477
DM-8429,0.962673
DM-8428,0.795022
DM-8427,0.360855
DM-8426,0.00483
DM-8425,0.826151
DM-8424,0.031859
DM-8423,0.039048
DM-8422,0.038466
DM-8421,0.041774
DM-8420,0.203075
DM-8419,0.011158
DM-8418,0.91181
DM-8417,0.053403
DM-8416,0.637031
DM-8415,0.030215
DM-8414,0.974043
DM-8413,0.127653
DM-8412,0.205615
DM-8411,0.086016
DM-8410,0.277767
DM-8409,0.272121
DM-8408,0.960952
DM-8406,0.041153
DM-8405,0.764188
DM-8404,0.822759
DM-8403,0.008316
DM-8402,0.361954
DM-8401,0.009197
DM-8400,0.97631
DM-8399,0.904651
DM-8398,0.169406
DM-8397,0.972623
DM-8396,0.982955
DM-8395,0.146087
DM-8394,0.116362
DM-8393,0.613121
DM-8392,0.853425
DM-8391,0.586049
DM-8390,0.016403
DM-8389,0.982151
DM-8388,0.272993
DM-8387,0.489259
DM-8386,0.596933
DM-8385,0.183594
DM-8384,0.051272
DM-8383,0.529263
DM-8382,0.090093
DM-8381,0.051272
DM-8380,0.743168
DM-8379,0.30368
DM-8378,0.093017
DM-8377,0.401219
DM-8376,0.013325
DM-8375,0.970013
DM-8374,0.952926
DM-8373,0.583915
DM-8372,0.974821
DM-8371,0.020964
DM-8370,0.831691
DM-8369,0.301928
DM-8368,0.278846
DM-8367,0.023689
DM-8366,0.9659
DM-8365,0.257952
DM-8364,0.024798
DM-8363,0.927363
DM-8362,0.670446
DM-8361,0.012054
DM-8360,0.239527
DM-8359,0.183301
DM-8358,0.042404
DM-8357,0.019871
DM-8356,0.025179
DM-8355,0.037609
DM-8354,0.959459
DM-8353,0.619414
DM-8352,0.243822
DM-8351,0.978219
DM-8350,0.974821
DM-8349,0.948537
DM-8348,0.008779
DM-8347,0.955651
DM-8346,0.086942
DM-8345,0.877056
DM-8344,0.825027
DM-8343,0.741674
DM-8342,0.563618
DM-8341,0.045016
DM-8340,0.058132
DM-8339,0.978385
DM-8338,0.00986
DM-8337,0.011508
DM-8336,0.827271
DM-8335,0.089455
DM-8334,0.179818
DM-8333,0.976847
DM-8332,0.967899
DM-8331,0.992879
DM-8330,0.98983
DM-8329,0.962391
DM-8328,0.881615
DM-8327,0.90261
DM-8326,0.989986
DM-8325,0.733356
DM-8324,0.985718
DM-8323,0.98347
DM-8322,0.971992
DM-8321,0.975946
DM-8320,0.91118
DM-8319,0.984094
DM-8318,0.92944
DM-8317,0.985936
DM-8316,0.189821
DM-8315,0.004538
DM-8314,0.002845
DM-8313,0.006488
DM-8312,0.00343
DM-8311,0.017986
DM-8310,0.640411
DM-8309,0.727589
DM-8308,0.063715
DM-8307,0.469277
DM-8306,0.636127
DM-8305,0.321327
DM-8304,0.149531
DM-8303,0.041153
DM-8302,0.006193
DM-8301,0.853913
DM-8300,0.009197
DM-8299,0.983847
DM-8298,0.004682
DM-8297,0.862004
DM-8296,0.91848
DM-8295,0.090735
DM-8294,0.060087
DM-8293,0.019271
DM-8292,0.97024
DM-8291,0.964052
DM-8290,0.954647
DM-8289,0.155591
DM-8288,0.005555
DM-8287,0.83602
DM-8286,0.978385
DM-8285,0.06489
DM-8284,0.130729
DM-8283,0.986572
DM-8282,0.750187
DM-8281,0.060752
DM-8280,0.042088
DM-8279,0.056444
DM-8278,0.0745
DM-8277,0.2587
DM-8276,0.874935
DM-8275,0.858244
DM-8274,0.068537
DM-8273,0.008985
DM-8272,0.430387
DM-8271,0.913368
DM-8270,0.037609
DM-8269,0.698227
DM-8268,0.166947
DM-8267,0.014729
DM-8266,0.03622
DM-8265,0.008511
DM-8264,0.038756
DM-8263,0.028653
DM-8262,0.028653
DM-8261,0.004538
DM-8260,0.609757
DM-8259,0.08152
DM-8258,0.879974
DM-8257,0.132066
DM-8256,0.158695
DM-8255,0.007756
DM-8254,0.760651
DM-8253,0.00838
DM-8252,0.19163
DM-8251,0.004399
DM-8250,0.168583
DM-8249,0.982955
DM-8248,0.140808
DM-8247,0.95222
DM-8246,0.006388
DM-8245,0.025761
DM-8244,0.011961
DM-8243,0.822189
DM-8242,0.802246
DM-8241,0.021287
DM-8240,0.954647
DM-8239,0.00582
DM-8238,0.011961
DM-8237,0.875787
DM-8236,0.158174
DM-8235,0.061876
DM-8234,0.292595
DM-8233,0.593845
DM-8232,0.90764
DM-8231,0.950411
DM-8230,0.014172
DM-8229,0.057493
DM-8228,0.932453
DM-8227,0.845433
DM-8226,0.006004
DM-8225,0.041153
DM-8224,0.005469
DM-8223,0.308946
DM-8222,0.457864
DM-8221,0.008577
DM-8220,0.307514
DM-8219,0.008446
DM-8218,0.943764
DM-8216,0.012528
DM-8215,0.807764
DM-8214,0.028871
DM-8213,0.017849
DM-8212,0.9462
DM-8211,0.901575
DM-8210,0.005469
DM-8209,0.016915
DM-8208,0.730674
DM-8207,0.977023
DM-8206,0.030909
DM-8205,0.015664
DM-8204,0.098773
DM-8203,0.970465
DM-8202,0.941654
DM-8201,0.938576
DM-8200,0.970013
DM-8199,0.925769
DM-8198,0.945801
DM-8197,0.703753
DM-8196,0.267313
DM-8195,0.803791
DM-8194,0.011508
DM-8193,0.026964
DM-8192,0.817574
DM-8191,0.028008
DM-8190,0.814053
DM-8189,0.386416
DM-8188,0.849971
DM-8187,0.010489
DM-8186,0.732974
DM-8185,0.989511
DM-8184,0.979036
DM-8183,0.193147
DM-8182,0.01057
DM-8181,0.018833
DM-8180,0.048496
DM-8179,0.724091
DM-8178,0.084191
DM-8177,0.028221
DM-8176,0.064183
DM-8175,0.121269
DM-8174,0.031144
DM-8173,0.575111
DM-8172,0.024798
DM-8171,0.025957
DM-8170,0.510741
DM-8169,0.804098
DM-8168,0.871475
DM-8167,0.903635
DM-8166,0.592077
DM-8165,0.143188
DM-8164,0.941223
DM-8163,0.035679
DM-8162,0.394318
DM-8161,0.081228
DM-8160,0.874935
DM-8159,0.006488
DM-8158,0.012625
DM-8157,0.960657
DM-8156,0.617282
DM-8155,0.117167
DM-8154,0.763131
DM-8153,0.841305
DM-8152,0.247441
DM-8151,0.976847
DM-8150,0.03259
DM-8149,0.985936
DM-8148,0.360602
DM-8147,0.004538
DM-8146,0.926304
DM-8145,0.518059
DM-8144,0.096706
DM-8143,0.846958
DM-8142,0.128963
DM-8141,0.02461
DM-8140,0.984215
DM-8139,0.060975
DM-8138,0.619299
DM-8137,0.907967
DM-8136,0.974435
DM-8135,0.202759
DM-8134,0.077518
DM-8133,0.08389
DM-8132,0.07056
DM-8131,0.643749
DM-8130,0.021125
DM-8129,0.011332
DM-8128,0.812272
DM-8127,0.92944
DM-8126,0.981875
DM-8125,0.985718
DM-8124,0.01292
DM-8123,0.019719
DM-8122,0.00483
DM-8121,0.071074
DM-8120,0.021948
DM-8119,0.00582
DM-8118,0.027796
DM-8117,0.017045
DM-8116,0.016785
DM-8115,0.035948
DM-8114,0.919643
DM-8113,0.348867
DM-8112,0.739046
DM-8111,0.452052
DM-8110,0.974435
DM-8109,0.799286
DM-8108,0.96741
DM-8107,0.958226
DM-8106,0.032101
DM-8105,0.140572
DM-8104,0.021287
DM-8103,0.021125
DM-8102,0.818156
DM-8101,0.357792
DM-8100,0.583915
DM-8099,0.609989
DM-8098,0.322846
DM-8097,0.013428
DM-8096,0.733929
DM-8095,0.013956
DM-8094,0.649856
DM-8093,0.950411
DM-8092,0.938576
DM-8091,0.039343
DM-8090,0.636466
DM-8089,0.059866
DM-8088,0.104112
DM-8087,0.019271
DM-8086,0.040541
DM-8085,0.00986
DM-8084,0.007121
DM-8083,0.011961
DM-8082,0.00573
DM-8081,0.061424
DM-8080,0.870597
DM-8079,0.019271
DM-8078,0.024054
DM-8077,0.008316
DM-8076,0.312895
DM-8075,0.007012
DM-8074,0.337995
DM-8073,0.0341
DM-8072,0.011332
DM-8071,0.573678
DM-8070,0.974239
DM-8069,0.951504
DM-8068,0.935817
DM-8067,0.927888
DM-8066,0.335133
DM-8065,0.936285
DM-8064,0.956634
DM-8063,0.297572
DM-8062,0.065605
DM-8061,0.020023
DM-8060,0.015664
DM-8059,0.026156
DM-8058,0.023153
DM-8057,0.141281
DM-8056,0.941223
DM-8055,0.853913
DM-8054,0.768733
DM-8053,0.100879
DM-8052,0.043691
DM-8051,0.017045
DM-8050,0.22627
DM-8049,0.949295
DM-8048,0.040238
DM-8047,0.020964
DM-8046,0.787931
DM-8045,0.039048
DM-8044,0.102664
DM-8043,0.060087
DM-8042,0.009936
DM-8041,0.846958
DM-8040,0.944177
DM-8039,0.982557
DM-8038,0.024054
DM-8037,0.935346
DM-8036,0.31732
DM-8035,0.039639
DM-8034,0.095349
DM-8033,0.008
DM-8032,0.021287
DM-8031,0.032837
DM-8030,0.012054
DM-8029,0.008916
DM-8028,0.785638
DM-8027,0.017177
DM-8026,0.040846
DM-8025,0.857291
DM-8023,0.013849
DM-8022,0.941223
DM-8021,0.006904
DM-8020,0.881207
DM-8019,0.079782
DM-8018,0.688468
DM-8017,0.050705
DM-8016,0.942082
DM-8015,0.015906
DM-8014,0.954647
DM-8013,0.010653
DM-8012,0.792143
DM-8011,0.139396
DM-8010,0.853913
DM-8009,0.170508
DM-8008,0.005555
DM-8007,0.727007
DM-8006,0.052231
DM-8005,0.052231
DM-8004,0.009634
DM-8003,0.006904
DM-8002,0.015664
DM-8001,0.967899
DM-8000,0.010014
DM-7999,0.965381
DM-7998,0.087252
DM-7997,0.923592
DM-7996,0.92523
DM-7995,0.884439
DM-7994,0.956309
DM-7993,0.014957
DM-7992,0.913058
DM-7991,0.867485
DM-7990,0.902952
DM-7989,0.003075
DM-7988,0.979354
DM-7987,0.84338
DM-7986,0.006798
DM-7985,0.960063
DM-7984,0.981736
DM-7983,0.945801
DM-7982,0.218336
DM-7981,0.974629
DM-7980,0.023331
DM-7979,0.378229
DM-7978,0.07343
DM-7977,0.488283
DM-7976,0.004332
DM-7975,0.834946
DM-7974,0.899828
DM-7973,0.08882
DM-7972,0.035948
DM-7971,0.020332
DM-7970,0.030909
DM-7969,0.057705
DM-7968,0.07343
DM-7967,0.051463
DM-7966,0.041462
DM-7965,0.065845
DM-7964,0.044681
DM-7963,0.069038
DM-7962,0.973844
DM-7961,0.118385
DM-7960,0.157655
DM-7959,0.819893
DM-7958,0.027796
DM-7957,0.797241
DM-7956,0.562417
DM-7955,0.857291
DM-7954,0.807764
DM-7953,0.925769
DM-7952,0.808067
DM-7951,0.118793
DM-7950,0.252016
DM-7949,0.304765
DM-7948,0.042404
DM-7947,0.084795
DM-7946,0.103386
DM-7945,0.934873
DM-7944,0.085404
DM-7943,0.040846
DM-7942,0.005555
DM-7941,0.014729
DM-7940,0.013532
DM-7939,0.004538
DM-7938,0.033337
DM-7937,0.036494
DM-7936,0.018264
DM-7935,0.917303
DM-7934,0.034881
DM-7933,0.972204
DM-7932,0.956957
DM-7931,0.938124
DM-7930,0.884039
DM-7929,0.043366
DM-7928,0.866133
DM-7927,0.893681
DM-7926,0.978219
DM-7925,0.977543
DM-7924,0.004007
DM-7923,0.90261
DM-7922,0.008779
DM-7921,0.721743
DM-7920,0.964052
DM-7919,0.901575
DM-7918,0.00629
DM-7917,0.053403
DM-7916,0.477067
DM-7915,0.353317
DM-7914,0.093347
DM-7913,0.328691
DM-7912,0.793746
DM-7911,0.900179
DM-7910,0.982823
DM-7909,0.135461
DM-7908,0.891811
DM-7907,0.725065
DM-7906,0.989182
DM-7905,0.569134
DM-7904,0.866133
DM-7903,0.936285
DM-7902,0.044349
DM-7901,0.029535
DM-7900,0.130285
DM-7899,0.941654
DM-7898,0.88642
DM-7897,0.745398
DM-7896,0.189221
DM-7895,0.005469
DM-7894,0.751283
DM-7893,0.696165
DM-7892,0.792785
DM-7891,0.728555
DM-7890,0.116362
DM-7889,0.512693
DM-7888,0.669556
DM-7887,0.750918
DM-7886,0.117572
DM-7885,0.171061
DM-7884,0.935817
DM-7883,0.014392
DM-7882,0.972831
DM-7881,0.985718
DM-7880,0.966663
DM-7879,0.99014
DM-7878,0.463444
DM-7877,0.986151
DM-7876,0.20466
DM-7875,0.202759
DM-7874,0.965119
DM-7873,0.855369
DM-7872,0.971992
DM-7871,0.956309
DM-7870,0.975946
DM-7869,0.025957
DM-7868,0.89841
DM-7867,0.974821
DM-7866,0.150528
DM-7865,0.166404
DM-7864,0.467818
DM-7863,0.856332
DM-7862,0.791499
DM-7861,0.962673
DM-7860,0.962953
DM-7858,0.965641
DM-7857,0.970688
DM-7856,0.197444
DM-7855,0.827271
DM-7854,0.252937
DM-7853,0.531696
DM-7852,0.007877
DM-7851,0.954647
DM-7850,0.201499
DM-7849,0.978875
DM-7848,0.045353
DM-7847,0.974239
DM-7846,0.947381
DM-7845,0.412412
DM-7844,0.143668
DM-7843,0.461259
DM-7842,0.106691
DM-7841,0.100525
DM-7840,0.506836
DM-7839,0.97631
DM-7838,0.023509
DM-7837,0.077239
DM-7836,0.968856
DM-7835,0.76769
DM-7834,0.008644
DM-7833,0.017177
DM-7832,0.568416
DM-7831,0.985936
DM-7830,0.014064
DM-7829,0.945399
DM-7828,0.32354
DM-7827,0.882428
DM-7826,0.328637
DM-7825,0.011687
DM-7824,0.730097
DM-7823,0.984336
DM-7822,0.956957
DM-7821,0.775605
DM-7820,0.981022
DM-7819,0.981022
DM-7818,0.981311
DM-7817,0.981311
DM-7816,0.981311
DM-7815,0.981022
DM-7814,0.981022
DM-7813,0.988842
DM-7812,0.981311
DM-7811,0.921922
DM-7810,0.544741
DM-7809,0.962108
DM-7808,0.884838
DM-7807,0.942929
DM-7806,0.017849
DM-7805,0.003173
DM-7804,0.731059
DM-7803,0.050331
DM-7802,0.972831
DM-7801,0.114369
DM-7800,0.968381
DM-7799,0.111628
DM-7798,0.908942
DM-7797,0.143188
DM-7796,0.979195
DM-7795,0.964855
DM-7794,0.992539
DM-7793,0.982823
DM-7792,0.985496
DM-7791,0.942082
DM-7790,0.057071
DM-7789,0.370866
DM-7788,0.018547
DM-7787,0.004682
DM-7786,0.268366
DM-7785,0.155335
DM-7784,0.004538
DM-7783,0.053403
DM-7782,0.116764
DM-7781,0.103024
DM-7780,0.040846
DM-7779,0.366703
DM-7778,0.040846
DM-7777,0.944177
DM-7776,0.948155
DM-7775,0.014729
DM-7774,0.008711
DM-7773,0.284725
DM-7772,0.57344
DM-7771,0.937669
DM-7770,0.006098
DM-7769,0.010987
DM-7768,0.011961
DM-7767,0.023871
DM-7766,0.588771
DM-7765,0.004265
DM-7764,0.006693
DM-7763,0.009055
DM-7762,0.917303
DM-7761,0.811078
DM-7760,0.007461
DM-7759,0.016277
DM-7758,0.891434
DM-7757,0.936749
DM-7756,0.027169
DM-7755,0.007816
DM-7754,0.08882
DM-7753,0.008985
DM-7752,0.704567
DM-7751,0.91611
DM-7750,0.9659
DM-7749,0.048496
DM-7748,0.819893
DM-7747,0.011245
DM-7746,0.956634
DM-7745,0.020804
DM-7744,0.122944
DM-7743,0.007877
DM-7742,0.012821
DM-7741,0.012241
DM-7740,0.005302
DM-7739,0.917893
DM-7738,0.011961
DM-7737,0.136148
DM-7736,0.00629
DM-7735,0.004682
DM-7734,0.063948
DM-7733,0.012336
DM-7732,0.727589
DM-7731,0.756358
DM-7730,0.689096
DM-7729,0.727201
DM-7728,0.643714
DM-7727,0.781331
DM-7726,0.00659
DM-7725,0.015425
DM-7724,0.046034
DM-7723,0.038756
DM-7722,0.742048
DM-7721,0.069038
DM-7720,0.601594
DM-7719,0.035679
DM-7718,0.009634
DM-7717,0.935817
DM-7716,0.008916
DM-7715,0.016153
DM-7714,0.194062
DM-7713,0.477554
DM-7712,0.399694
DM-7711,0.198996
DM-7710,0.007346
DM-7709,0.050331
DM-7708,0.932944
DM-7707,0.717804
DM-7706,0.027796
DM-7705,0.013325
DM-7704,0.565779
DM-7703,0.006388
DM-7702,0.005469
DM-7701,0.015664
DM-7700,0.006798
DM-7699,0.024798
DM-7698,0.934873
DM-7697,0.004538
DM-7696,0.864768
DM-7694,0.280715
DM-7693,0.013325
DM-7692,0.882428
DM-7691,0.032101
DM-7690,0.41182
DM-7689,0.024988
DM-7688,0.008644
DM-7687,0.42656
DM-7686,0.009197
DM-7685,0.889144
DM-7684,0.829492
DM-7683,0.008916
DM-7682,0.95222
DM-7681,0.199932
DM-7680,0.007696
DM-7679,0.009486
DM-7678,0.936749
DM-7677,0.912748
DM-7676,0.014957
DM-7675,0.961244
DM-7674,0.912124
DM-7673,0.839208
DM-7672,0.818737
DM-7671,0.614452
DM-7670,0.862004
DM-7669,0.880386
DM-7668,0.69368
DM-7667,0.894052
DM-7666,0.008511
DM-7665,0.281504
DM-7664,0.035145
DM-7663,0.882833
DM-7662,0.33457
DM-7661,0.02461
DM-7660,0.975762
DM-7659,0.191026
DM-7658,0.051083
DM-7657,0.745028
DM-7656,0.008188
DM-7655,0.003594
DM-7654,0.982423
DM-7653,0.032101
DM-7652,0.574395
DM-7651,0.056444
DM-7650,0.977543
DM-7649,0.049959
DM-7648,0.982151
DM-7647,0.959762
DM-7646,0.988492
DM-7645,0.988313
DM-7644,0.983214
DM-7643,0.974629
DM-7642,0.983847
DM-7641,0.993307
DM-7640,0.818156
DM-7639,0.955651
DM-7638,0.983343
DM-7637,0.967656
DM-7636,0.981875
DM-7635,0.987759
DM-7634,0.980431
DM-7633,0.966663
DM-7632,0.983847
DM-7631,0.984336
DM-7630,0.006388
DM-7629,0.922482
DM-7628,0.908942
DM-7627,0.933431
DM-7626,0.943348
DM-7625,0.962673
DM-7624,0.883236
DM-7623,0.913677
DM-7622,0.004199
DM-7621,0.650474
DM-7620,0.045353
DM-7619,0.011869
DM-7618,0.438064
DM-7617,0.908618
DM-7616,0.010735
DM-7615,0.877056
DM-7614,0.882022
DM-7613,0.961822
DM-7612,0.986572
DM-7611,0.295942
DM-7610,0.033337
DM-7609,0.014616
DM-7608,0.00986
DM-7606,0.860134
DM-7605,0.977543
DM-7604,0.019871
DM-7603,0.102664
DM-7602,0.346265
DM-7601,0.971564
DM-7600,0.978875
DM-7599,0.964052
DM-7598,0.977023
DM-7597,0.973844
DM-7596,0.851459
DM-7595,0.006904
DM-7594,0.005469
DM-7593,0.185357
DM-7592,0.651854
DM-7591,0.358353
DM-7590,0.215681
DM-7589,0.024798
DM-7588,0.102664
DM-7587,0.221687
DM-7586,0.076408
DM-7585,0.01142
DM-7584,0.011072
DM-7583,0.005385
DM-7582,0.013532
DM-7581,0.025565
DM-7580,0.954984
DM-7579,0.953966
DM-7578,0.925769
DM-7577,0.269518
DM-7576,0.026156
DM-7575,0.989672
DM-7574,0.978713
DM-7573,0.956634
DM-7572,0.953622
DM-7571,0.019569
DM-7570,0.855369
DM-7569,0.005642
DM-7568,0.342681
DM-7567,0.457137
DM-7566,0.422266
DM-7565,0.231267
DM-7564,0.015785
DM-7563,0.966663
DM-7562,0.693265
DM-7561,0.842345
DM-7560,0.848972
DM-7559,0.959459
DM-7558,0.90261
DM-7557,0.969785
DM-7556,0.021615
DM-7555,0.948917
DM-7554,0.535584
DM-7553,0.92079
DM-7552,0.21767
DM-7551,0.138462
DM-7550,0.517083
DM-7549,0.011687
DM-7548,0.011778
DM-7547,0.00365
DM-7546,0.931463
DM-7545,0.013532
DM-7544,0.978875
DM-7543,0.005302
DM-7542,0.135232
DM-7541,0.014842
DM-7540,0.01142
DM-7539,0.014064
DM-7538,0.022629
DM-7537,0.631715
DM-7536,0.013956
DM-7535,0.918187
DM-7534,0.012528
DM-7533,0.015906
DM-7532,0.225417
DM-7531,0.011687
DM-7530,0.597138
DM-7529,0.020023
DM-7528,0.975577
DM-7527,0.021615
DM-7526,0.014172
DM-7525,0.234582
DM-7524,0.008847
DM-7523,0.006693
DM-7522,0.043691
DM-7521,0.006488
DM-7520,0.004199
DM-7519,0.178383
DM-7518,0.088505
DM-7517,0.016915
DM-7516,0.019569
DM-7515,0.004332
DM-7514,0.865224
DM-7513,0.00407
DM-7512,0.986979
DM-7511,0.951504
DM-7510,0.432063
DM-7509,0.016403
DM-7508,0.066812
DM-7507,0.011245
DM-7506,0.056652
DM-7505,0.98983
DM-7504,0.95222
DM-7503,0.981022
DM-7502,0.250179
DM-7501,0.902266
DM-7500,0.919063
DM-7499,0.112405
DM-7498,0.198996
DM-7497,0.936749
DM-7496,0.944995
DM-7495,0.45302
DM-7494,0.454714
DM-7493,0.983085
DM-7492,0.395835
DM-7491,0.979354
DM-7490,0.961822
DM-7489,0.44553
DM-7488,0.003824
DM-7487,0.008252
DM-7486,0.048858
DM-7485,0.778313
DM-7484,0.963231
DM-7483,0.080937
DM-7482,0.051845
DM-7481,0.051845
DM-7480,0.982955
DM-7479,0.101589
DM-7478,0.968856
DM-7477,0.08882
DM-7476,0.917303
DM-7475,0.336222
DM-7474,0.012821
DM-7473,0.990587
DM-7472,0.826712
DM-7471,0.35488
DM-7470,0.005385
DM-7469,0.930458
DM-7468,0.349366
DM-7467,0.854399
DM-7466,0.027796
DM-7465,0.177526
DM-7464,0.980581
DM-7463,0.31279
DM-7462,0.101589
DM-7461,0.014842
DM-7460,0.008577
DM-7459,0.803482
DM-7458,0.01017
DM-7457,0.008316
DM-7456,0.841305
DM-7455,0.887205
DM-7454,0.854399
DM-7453,0.83602
DM-7452,0.026759
DM-7451,0.048496
DM-7450,0.658994
DM-7449,0.775945
DM-7448,0.00522
DM-7447,0.121686
DM-7446,0.476092
DM-7445,0.827271
DM-7444,0.961822
DM-7443,0.817574
DM-7442,0.694924
DM-7441,0.968141
DM-7440,0.978875
DM-7439,0.806243
DM-7438,0.056236
DM-7437,0.012723
DM-7436,0.081228
DM-7435,0.015073
DM-7434,0.67971
DM-7433,0.93196
DM-7432,0.905657
DM-7431,0.951504
DM-7430,0.054601
DM-7429,0.101233
DM-7428,0.021451
DM-7427,0.100525
DM-7426,0.009634
DM-7425,0.047074
DM-7424,0.774583
DM-7423,0.854399
DM-7422,0.973037
DM-7421,0.008916
DM-7420,0.990587
DM-7419,0.124639
DM-7418,0.160266
DM-7417,0.153295
DM-7416,0.128088
DM-7415,0.151278
DM-7414,0.969091
DM-7413,0.988668
DM-7412,0.961822
DM-7411,0.169406
DM-7410,0.200871
DM-7409,0.169406
DM-7408,0.169406
DM-7407,0.894052
DM-7406,0.924142
DM-7405,0.197444
DM-7404,0.970909
DM-7403,0.989511
DM-7402,0.958226
DM-7401,0.625038
DM-7400,0.112405
DM-7399,0.907967
DM-7398,0.980431
DM-7397,0.071851
DM-7396,0.814053
DM-7395,0.778986
DM-7394,0.964855
DM-7393,0.812272
DM-7392,0.741674
DM-7391,0.179531
DM-7390,0.148294
DM-7389,0.308737
DM-7388,0.982288
DM-7387,0.730674
DM-7386,0.01302
DM-7385,0.253491
DM-7384,0.449393
DM-7383,0.007346
DM-7382,0.011778
DM-7381,0.023871
DM-7380,0.01292
DM-7379,0.009055
DM-7378,0.548915
DM-7377,0.012336
DM-7376,0.009936
DM-7375,0.024988
DM-7374,0.495117
DM-7373,0.313341
DM-7372,0.16398
DM-7371,0.421076
DM-7370,0.950041
DM-7369,0.947769
DM-7368,0.941223
DM-7367,0.982823
DM-7366,0.926835
DM-7365,0.887984
DM-7364,0.962953
DM-7363,0.125923
DM-7362,0.957912
DM-7361,0.919643
DM-7360,0.156105
DM-7359,0.209631
DM-7358,0.586523
DM-7357,0.866133
DM-7356,0.892937
DM-7355,0.944995
DM-7354,0.956634
DM-7353,0.873215
DM-7352,0.954647
DM-7351,0.006388
DM-7350,0.133415
DM-7349,0.005555
DM-7348,0.2522
DM-7347,0.680454
DM-7346,0.311322
DM-7345,0.365513
DM-7344,0.718989
DM-7343,0.649523
DM-7342,0.382718
DM-7341,0.832781
DM-7340,0.017849
DM-7339,0.964589
DM-7338,0.01292
DM-7337,0.010818
DM-7336,0.00659
DM-7335,0.235636
DM-7334,0.96862
DM-7333,0.657318
DM-7332,0.582729
DM-7331,0.887205
DM-7330,0.982014
DM-7329,0.837088
DM-7328,0.329006
DM-7327,0.00582
DM-7326,0.939913
DM-7325,0.829492
DM-7324,0.188623
DM-7323,0.727782
DM-7322,0.977883
DM-7321,0.876211
DM-7320,0.400867
DM-7319,0.454956
DM-7318,0.968141
DM-7317,0.003884
DM-7316,0.600657
DM-7315,0.227126
DM-7314,0.033086
DM-7313,0.0341
DM-7312,0.008847
DM-7311,0.132515
DM-7310,0.337777
DM-7309,0.016403
DM-7308,0.117167
DM-7307,0.108189
DM-7306,0.321353
DM-7305,0.207215
DM-7304,0.112405
DM-7303,0.535341
DM-7302,0.242385
DM-7301,0.018125
DM-7300,0.299515
DM-7299,0.024238
DM-7298,0.110471
DM-7297,0.062103
DM-7296,0.056862
DM-7295,0.011597
DM-7294,0.19962
DM-7293,0.173568
DM-7292,0.071851
DM-7291,0.038466
DM-7290,0.041153
DM-7289,0.057071
DM-7288,0.011778
DM-7287,0.052619
DM-7286,0.053601
DM-7285,0.790854
DM-7284,0.974435
DM-7283,0.783326
DM-7282,0.006693
DM-7281,0.479991
DM-7280,0.00506
DM-7279,0.004265
DM-7278,0.008985
DM-7277,0.00343
DM-7276,0.141281
DM-7275,0.003824
DM-7274,0.003824
DM-7273,0.011072
DM-7272,0.004755
DM-7271,0.038466
DM-7270,0.160003
DM-7269,0.048496
DM-7268,0.014282
DM-7267,0.907967
DM-7266,0.773559
DM-7265,0.038466
DM-7264,0.011072
DM-7263,0.870597
DM-7262,0.095687
DM-7261,0.072112
DM-7260,0.0538
DM-7259,0.046725
DM-7258,0.92079
DM-7257,0.121686
DM-7256,0.09401
DM-7255,0.811974
DM-7254,0.953966
DM-7253,0.107063
DM-7252,0.062331
DM-7251,0.771155
DM-7250,0.040541
DM-7249,0.018264
DM-7248,0.750553
DM-7247,0.451085
DM-7246,0.035679
DM-7245,0.068787
DM-7244,0.893309
DM-7243,0.023871
DM-7242,0.977197
DM-7241,0.339828
DM-7240,0.528777
DM-7239,0.00582
DM-7238,0.004538
DM-7237,0.086942
DM-7236,0.260954
DM-7235,0.538741
DM-7234,0.48121
DM-7233,0.556641
DM-7232,0.015906
DM-7231,0.669421
DM-7230,0.951142
DM-7229,0.715225
DM-7228,0.085709
DM-7227,0.954308
DM-7226,0.279435
DM-7225,0.94699
DM-7224,0.864768
DM-7223,0.952926
DM-7222,0.747616
DM-7221,0.014282
DM-7220,0.015785
DM-7219,0.039048
DM-7218,0.345381
DM-7216,0.879561
DM-7215,0.635251
DM-7214,0.03359
DM-7213,0.098773
DM-7212,0.00343
DM-7211,0.220342
DM-7210,0.658198
DM-7209,0.889529
DM-7208,0.117978
DM-7207,0.599427
DM-7206,0.216012
DM-7205,0.216012
DM-7204,0.216012
DM-7203,0.216012
DM-7202,0.895888
DM-7201,0.961534
DM-7200,0.004538
DM-7199,0.012528
DM-7198,0.950778
DM-7197,0.004982
DM-7196,0.986572
DM-7195,0.028653
DM-7194,0.207054
DM-7193,0.004905
DM-7192,0.003945
DM-7191,0.975577
DM-7190,0.006388
DM-7189,0.017045
DM-7188,0.313288
DM-7187,0.017309
DM-7186,0.012241
DM-7185,0.008916
DM-7184,0.01017
DM-7183,0.008847
DM-7182,0.962953
DM-7181,0.028653
DM-7180,0.003765
DM-7179,0.011158
DM-7178,0.720565
DM-7177,0.973443
DM-7176,0.983597
DM-7175,0.475605
DM-7174,0.385375
DM-7173,0.13707
DM-7172,0.023331
DM-7171,0.966156
DM-7170,0.981453
DM-7169,0.012625
DM-7168,0.006098
DM-7167,0.180107
DM-7166,0.013532
DM-7165,0.140336
DM-7164,0.195902
DM-7163,0.013223
DM-7162,0.972623
DM-7161,0.497559
DM-7160,0.952926
DM-7159,0.941654
DM-7158,0.985718
DM-7157,0.008062
DM-7156,0.012821
DM-7155,0.007233
DM-7154,0.036494
DM-7153,0.272411
DM-7152,0.184768
DM-7151,0.489259
DM-7150,0.264738
DM-7149,0.321353
DM-7148,0.959762
DM-7147,0.013223
DM-7146,0.559531
DM-7145,0.014392
DM-7144,0.977714
DM-7143,0.973241
DM-7142,0.006193
DM-7141,0.09739
DM-7140,0.899121
DM-7139,0.020023
DM-7138,0.058132
DM-7137,0.018689
DM-7136,0.044019
DM-7135,0.016277
DM-7134,0.008446
DM-7133,0.110856
DM-7132,0.009055
DM-7130,0.075041
DM-7129,0.427516
DM-7128,0.923039
DM-7127,0.803174
DM-7126,0.811078
DM-7125,0.949295
DM-7124,0.923592
DM-7123,0.96378
DM-7122,0.635477
DM-7121,0.024423
DM-7120,0.913984
DM-7119,0.037047
DM-7118,0.975762
DM-7117,0.011778
DM-7116,0.003884
DM-7115,0.215846
DM-7114,0.022457
DM-7113,0.776623
DM-7112,0.00522
DM-7111,0.009126
DM-7110,0.176388
DM-7109,0.035411
DM-7108,0.887984
DM-7107,0.435902
DM-7106,0.877056
DM-7105,0.048496
DM-7104,0.908293
DM-7103,0.839734
DM-7102,0.301722
DM-7101,0.066085
DM-7100,0.147555
DM-7099,0.909907
DM-7098,0.112016
DM-7097,0.96862
DM-7096,0.978875
DM-7095,0.982014
DM-7094,0.975202
DM-7093,0.171616
DM-7092,0.178669
DM-7091,0.9659
DM-7090,0.005555
DM-7089,0.006098
DM-7088,0.003222
DM-7087,0.170508
DM-7086,0.112795
DM-7085,0.011597
DM-7084,0.022117
DM-7083,0.724481
DM-7082,0.222531
DM-7081,0.882428
DM-7080,0.020023
DM-7079,0.305697
DM-7078,0.62309
DM-7077,0.086632
DM-7076,0.131619
DM-7075,0.131619
DM-7074,0.055209
DM-7073,0.14682
DM-7072,0.903635
DM-7071,0.239172
DM-7070,0.076408
DM-7069,0.282592
DM-7068,0.020646
DM-7067,0.199932
DM-7066,0.093017
DM-7065,0.965119
DM-7064,0.967899
DM-7063,0.859664
DM-7062,0.739611
DM-7061,0.03622
DM-7060,0.027376
DM-7059,0.023871
DM-7058,0.850469
DM-7057,0.018978
DM-7056,0.151278
DM-7055,0.020646
DM-7054,0.749087
DM-7053,0.766643
DM-7052,0.049589
DM-7051,0.008062
DM-7050,0.95222
DM-7049,0.822759
DM-7048,0.313472
DM-7047,0.281406
DM-7046,0.978549
DM-7045,0.072112
DM-7044,0.297572
DM-7043,0.981875
DM-7042,0.974629
DM-7041,0.892937
DM-7040,0.012054
DM-7039,0.963231
DM-7038,0.982691
DM-7037,0.010653
DM-7036,0.205934
DM-7035,0.937669
DM-7034,0.937669
DM-7033,0.940353
DM-7032,0.941223
DM-7031,0.949669
DM-7030,0.040541
DM-7029,0.008511
DM-7028,0.114765
DM-7027,0.021615
DM-7026,0.45423
DM-7025,0.958847
DM-7024,0.883236
DM-7023,0.024238
DM-7022,0.649245
DM-7021,0.52975
DM-7019,0.291233
DM-7018,0.959762
DM-7017,0.954308
DM-7016,0.01017
DM-7015,0.00986
DM-7014,0.265499
DM-7013,0.921358
DM-7012,0.923039
DM-7011,0.024054
DM-7010,0.340485
DM-7009,0.029312
DM-7008,0.036494
DM-7007,0.125923
DM-7006,0.016029
DM-7005,0.041774
DM-7004,0.036769
DM-7003,0.141281
DM-7002,0.160266
DM-7001,0.007696
DM-7000,0.671578
DM-6999,0.833325
DM-6998,0.039048
DM-6997,0.006388
DM-6996,0.437824
DM-6995,0.767341
DM-6994,0.981875
DM-6993,0.228501
DM-6992,0.967656
DM-6991,0.114765
DM-6990,0.912436
DM-6989,0.007012
DM-6988,0.968381
DM-6987,0.162912
DM-6986,0.885631
DM-6985,0.301568
DM-6984,0.855851
DM-6983,0.011687
DM-6982,0.023871
DM-6981,0.287118
DM-6980,0.007012
DM-6979,0.977197
DM-6978,0.872347
DM-6977,0.261331
DM-6976,0.00838
DM-6975,0.127653
DM-6974,0.00934
DM-6973,0.018405
DM-6972,0.011332
DM-6971,0.042404
DM-6970,0.238639
DM-6969,0.010987
DM-6968,0.964052
DM-6967,0.028871
DM-6966,0.819316
DM-6965,0.067056
DM-6964,0.972623
DM-6963,0.970688
DM-6962,0.651237
DM-6961,0.96378
DM-6960,0.913368
DM-6959,0.989182
DM-6958,0.232659
DM-6957,0.788257
DM-6956,0.955651
DM-6955,0.648132
DM-6954,0.006904
DM-6953,0.007012
DM-6952,0.00629
DM-6951,0.006388
DM-6950,0.010091
DM-6949,0.00506
DM-6948,0.018833
DM-6947,0.005911
DM-6946,0.007461
DM-6945,0.359842
DM-6944,0.957278
DM-6943,0.00934
DM-6942,0.497559
DM-6941,0.660939
DM-6940,0.630799
DM-6939,0.971564
DM-6938,0.881615
DM-6937,0.145115
DM-6936,0.869715
DM-6935,0.987568
DM-6934,0.973645
DM-6933,0.746509
DM-6932,0.960952
DM-6931,0.727782
DM-6930,0.885235
DM-6929,0.753104
DM-6928,0.560974
DM-6927,0.246171
DM-6926,0.011961
DM-6925,0.020646
DM-6924,0.232659
DM-6923,0.020489
DM-6922,0.00838
DM-6921,0.96741
DM-6920,0.006004
DM-6919,0.595728
DM-6918,0.921922
DM-6917,0.985496
DM-6916,0.101589
DM-6915,0.009126
DM-6914,0.00522
DM-6913,0.801625
DM-6912,0.935817
DM-6911,0.02461
DM-6910,0.007012
DM-6909,0.014957
DM-6908,0.007461
DM-6907,0.00365
DM-6906,0.008446
DM-6905,0.525612
DM-6904,0.958226
DM-6903,0.025179
DM-6902,0.00629
DM-6901,0.082107
DM-6900,0.008847
DM-6899,0.4206
DM-6898,0.0538
DM-6897,0.153803
DM-6896,0.782663
DM-6895,0.030676
DM-6894,0.015785
DM-6893,0.040846
DM-6892,0.31279
DM-6891,0.11358
DM-6890,0.054199
DM-6889,0.963231
DM-6888,0.073963
DM-6887,0.863852
DM-6886,0.008062
DM-6885,0.095687
DM-6884,0.974043
DM-6883,0.449393
DM-6882,0.988131
DM-6881,0.917303
DM-6880,0.944995
DM-6879,0.937211
DM-6878,0.964855
DM-6877,0.535098
DM-6876,0.921358
DM-6875,0.986572
DM-6874,0.988492
DM-6873,0.496094
DM-6872,0.281998
DM-6871,0.188922
DM-6870,0.404037
DM-6869,0.553988
DM-6868,0.935817
DM-6867,0.893309
DM-6866,0.962391
DM-6865,0.944995
DM-6864,0.150528
DM-6863,0.743913
DM-6862,0.978713
DM-6861,0.91611
DM-6860,0.833325
DM-6859,0.669096
DM-6858,0.823896
DM-6857,0.910863
DM-6856,0.479016
DM-6854,0.664758
DM-6853,0.277669
DM-6852,0.031859
DM-6851,0.690768
DM-6850,0.941223
DM-6849,0.756358
DM-6848,0.988842
DM-6847,0.91848
DM-6846,0.973037
DM-6845,0.785309
DM-6844,0.857291
DM-6843,0.959762
DM-6842,0.952574
DM-6841,0.716417
DM-6840,0.129403
DM-6839,0.784649
DM-6838,0.849472
DM-6837,0.932453
DM-6836,0.948537
DM-6835,0.369486
DM-6834,0.352035
DM-6833,0.037609
DM-6832,0.06256
DM-6831,0.066327
DM-6830,0.098425
DM-6829,0.784979
DM-6828,0.783326
DM-6827,0.067056
DM-6826,0.979036
DM-6825,0.947381
DM-6824,0.059428
DM-6823,0.824462
DM-6822,0.26971
DM-6821,0.153295
DM-6820,0.909907
DM-6819,0.009197
DM-6818,0.269903
DM-6817,0.062103
DM-6816,0.35081
DM-6815,0.942082
DM-6814,0.753829
DM-6813,0.048858
DM-6812,0.00629
DM-6811,0.366214
DM-6810,0.096706
DM-6809,0.125065
DM-6808,0.046725
DM-6807,0.886027
DM-6806,0.08389
DM-6805,0.123366
DM-6804,0.060975
DM-6803,0.0538
DM-6802,0.970909
DM-6801,0.97631
DM-6800,0.27833
DM-6799,0.045353
DM-6798,0.09739
DM-6797,0.105948
DM-6796,0.970909
DM-6795,0.366214
DM-6794,0.096706
DM-6793,0.125065
DM-6792,0.046725
DM-6791,0.986363
DM-6790,0.039639
DM-6789,0.08389
DM-6788,0.064183
DM-6787,0.973443
DM-6786,0.522446
DM-6785,0.416085
DM-6784,0.048496
DM-6783,0.84338
DM-6782,0.103749
DM-6781,0.049959
DM-6779,0.985271
DM-6778,0.771499
DM-6777,0.982691
DM-6776,0.976847
DM-6775,0.936749
DM-6774,0.029312
DM-6773,0.148047
DM-6772,0.110856
DM-6771,0.226612
DM-6770,0.170232
DM-6769,0.964321
DM-6768,0.960657
DM-6767,0.923592
DM-6766,0.899121
DM-6765,0.933915
DM-6764,0.970013
DM-6763,0.93196
DM-6762,0.928409
DM-6761,0.045692
DM-6760,0.148047
DM-6759,0.110856
DM-6758,0.226612
DM-6757,0.170232
DM-6756,0.967899
DM-6755,0.955319
DM-6754,0.667852
DM-6753,0.624322
DM-6752,0.651078
DM-6751,0.039343
DM-6750,0.150029
DM-6749,0.060529
DM-6748,0.980129
DM-6747,0.128963
DM-6746,0.014616
DM-6745,0.256273
DM-6744,0.203549
DM-6743,0.903635
DM-6742,0.83868
DM-6741,0.964052
DM-6740,0.038178
DM-6739,0.418697
DM-6738,0.046378
DM-6737,0.266453
DM-6736,0.0745
DM-6735,0.172172
DM-6734,0.516595
DM-6733,0.932944
DM-6732,0.21917
DM-6731,0.588889
DM-6730,0.973844
DM-6729,0.195287
DM-6728,0.253122
DM-6727,0.024988
DM-6726,0.138928
DM-6725,0.357007
DM-6724,0.482429
DM-6723,0.434701
DM-6722,0.004538
DM-6721,0.478529
DM-6720,0.062789
DM-6719,0.009486
DM-6718,0.018833
DM-6717,0.526343
DM-6716,0.840259
DM-6715,0.832237
DM-6714,0.881207
DM-6713,0.879974
DM-6712,0.900879
DM-6711,0.969324
DM-6710,0.95222
DM-6709,0.90764
DM-6708,0.256832
DM-6707,0.257205
DM-6706,0.913058
DM-6705,0.879974
DM-6704,0.949669
DM-6703,0.008644
DM-6702,0.430147
DM-6701,0.972831
DM-6700,0.443118
DM-6699,0.970013
DM-6698,0.952574
DM-6697,0.836555
DM-6696,0.985496
DM-6684,0.97649
DM-6683,0.781664
DM-6682,0.950411
DM-6681,0.871037
DM-6680,0.977371
DM-6679,0.721351
DM-6678,0.816406
DM-6677,0.976847
DM-6676,0.976669
DM-6675,0.799755
DM-6674,0.442877
DM-6673,0.768386
DM-6672,0.040541
DM-6671,0.977023
DM-6670,0.938576
DM-6669,0.887595
DM-6668,0.03259
DM-6667,0.47658
DM-6666,0.964052
DM-6665,0.899828
DM-6664,0.034359
DM-6663,0.979977
DM-6662,0.833325
DM-6661,0.007012
DM-6660,0.006904
DM-6659,0.008847
DM-6658,0.959459
DM-6657,0.004982
DM-6656,0.006693
DM-6655,0.941654
DM-6654,0.018264
DM-6653,0.051845
DM-6652,0.312108
DM-6651,0.914901
DM-6650,0.922482
DM-6649,0.932944
DM-6648,0.752377
DM-6647,0.07921
DM-6646,0.29584
DM-6645,0.834946
DM-6644,0.112795
DM-6643,0.363139
DM-6642,0.927363
DM-6641,0.256739
DM-6640,0.099121
DM-6639,0.014957
DM-6638,0.015306
DM-6637,0.277082
DM-6636,0.015073
DM-6635,0.006693
DM-6634,0.896614
DM-6633,0.010653
DM-6632,0.962391
DM-6631,0.046034
DM-6630,0.954984
DM-6629,0.989013
DM-6628,0.03622
DM-6627,0.037327
DM-6626,0.018689
DM-6625,0.726426
DM-6624,0.774583
DM-6623,0.647074
DM-6622,0.621885
DM-6621,0.36625
DM-6620,0.023331
DM-6619,0.970688
DM-6618,0.908618
DM-6617,0.019124
DM-6616,0.01142
DM-6615,0.077518
DM-6614,0.120853
DM-6613,0.006904
DM-6612,0.600657
DM-6611,0.865679
DM-6610,0.860604
DM-6609,0.865679
DM-6608,0.597021
DM-6607,0.944177
DM-6606,0.367299
DM-6605,0.868827
DM-6604,0.603698
DM-6603,0.955319
DM-6602,0.541409
DM-6601,0.190724
DM-6600,0.725454
DM-6599,0.0341
DM-6598,0.449876
DM-6597,0.015189
DM-6596,0.628211
DM-6595,0.018125
DM-6594,0.062331
DM-6593,0.023509
DM-6592,0.194368
DM-6591,0.86431
DM-6590,0.043366
DM-6589,0.272411
DM-6588,0.266835
DM-6587,0.019419
DM-6586,0.986572
DM-6585,0.030909
DM-6584,0.941654
DM-6583,0.818156
DM-6582,0.991015
DM-6581,0.007012
DM-6580,0.031619
DM-6578,0.428951
DM-6577,0.152789
DM-6576,0.011961
DM-6575,0.359139
DM-6574,0.0729
DM-6573,0.093678
DM-6572,0.010902
DM-6571,0.052814
DM-6570,0.008644
DM-6569,0.042404
DM-6568,0.830044
DM-6567,0.936749
DM-6566,0.764892
DM-6565,0.914291
DM-6564,0.15662
DM-6563,0.015785
DM-6562,0.019124
DM-6561,0.007012
DM-6559,0.227813
DM-6558,0.227813
DM-6557,0.227813
DM-6556,0.230573
DM-6555,0.230573
DM-6554,0.230573
DM-6553,0.766643
DM-6552,0.523177
DM-6551,0.894789
DM-6550,0.891434
DM-6549,0.664214
DM-6548,0.098079
DM-6547,0.69285
DM-6546,0.123789
DM-6545,0.964052
DM-6544,0.813461
DM-6543,0.098425
DM-6542,0.037327
DM-6541,0.104112
DM-6540,0.968381
DM-6539,0.597608
DM-6538,0.275519
DM-6537,0.121686
DM-6536,0.761361
DM-6535,0.287543
DM-6534,0.089455
DM-6533,0.086942
DM-6532,0.152789
DM-6531,0.116362
DM-6530,0.613468
DM-6529,0.008847
DM-6528,0.123366
DM-6527,0.039343
DM-6526,0.105948
DM-6525,0.018264
DM-6524,0.844922
DM-6523,0.155848
DM-6522,0.41834
DM-6521,0.981736
DM-6520,0.947769
DM-6519,0.00582
DM-6518,0.348999
DM-6517,0.055823
DM-6516,0.848471
DM-6515,0.034619
DM-6514,0.016153
DM-6513,0.060529
DM-6512,0.035411
DM-6511,0.957912
DM-6510,0.92944
DM-6509,0.075312
DM-6508,0.712832
DM-6507,0.894421
DM-6506,0.058993
DM-6505,0.032837
DM-6504,0.952574
DM-6503,0.750187
DM-6502,0.974435
DM-6501,0.015073
DM-6500,0.084191
DM-6499,0.201185
DM-6498,0.78695
DM-6497,0.058346
DM-6496,0.07836
DM-6495,0.08882
DM-6494,0.084493
DM-6493,0.773901
DM-6492,0.120853
DM-6491,0.01653
DM-6490,0.023509
DM-6489,0.565539
DM-6488,0.038466
DM-6487,0.01017
DM-6486,0.107437
DM-6485,0.009486
DM-6484,0.042088
DM-6483,0.582729
DM-6482,0.103749
DM-6481,0.593609
DM-6480,0.185357
DM-6479,0.921922
DM-6478,0.63624
DM-6476,0.110856
DM-6475,0.078926
DM-6474,0.955981
DM-6473,0.008644
DM-6472,0.934873
DM-6471,0.030444
DM-6470,0.294215
DM-6469,0.041462
DM-6468,0.020332
DM-6467,0.024054
DM-6466,0.035145
DM-6465,0.225076
DM-6464,0.156105
DM-6463,0.106319
DM-6462,0.914901
DM-6461,0.953622
DM-6460,0.922482
DM-6459,0.950411
DM-6458,0.967899
DM-6457,0.990874
DM-6456,0.959762
DM-6455,0.885235
DM-6454,0.957912
DM-6453,0.978219
DM-6452,0.910863
DM-6451,0.959154
DM-6450,0.954647
DM-6449,0.936285
DM-6448,0.934395
DM-6447,0.699049
DM-6446,0.237222
DM-6445,0.206894
DM-6444,0.08152
DM-6443,0.021287
DM-6442,0.034619
DM-6441,0.771155
DM-6440,0.980876
DM-6439,0.030676
DM-6438,0.100879
DM-6437,0.953622
DM-6436,0.959762
DM-6435,0.976847
DM-6434,0.767341
DM-6433,0.098079
DM-6432,0.826712
DM-6431,0.974435
DM-6430,0.945399
DM-6429,0.928409
DM-6428,0.895523
DM-6427,0.979977
DM-6426,0.319944
DM-6425,0.982955
DM-6424,0.923592
DM-6423,0.971347
DM-6422,0.571049
DM-6421,0.264548
DM-6420,0.882833
DM-6419,0.897695
DM-6418,0.766992
DM-6417,0.953275
DM-6416,0.981311
DM-6415,0.970013
DM-6414,0.979668
DM-6413,0.011245
DM-6412,0.954984
DM-6411,0.874077
DM-6410,0.989013
DM-6409,0.771843
DM-6408,0.919063
DM-6407,0.922482
DM-6406,0.141756
DM-6405,0.883638
DM-6404,0.743168
DM-6403,0.569613
DM-6401,0.966914
DM-6400,0.913984
DM-6399,0.744656
DM-6398,0.924142
DM-6397,0.90053
DM-6396,0.964321
DM-6395,0.961534
DM-6394,0.980876
DM-6393,0.827271
DM-6392,0.92944
DM-6391,0.31216
DM-6390,0.881615
DM-6389,0.309441
DM-6388,0.440469
DM-6387,0.887205
DM-6386,0.056236
DM-6385,0.955981
DM-6384,0.785638
DM-6383,0.550124
DM-6382,0.095349
DM-6381,0.967899
DM-6380,0.30819
DM-6379,0.975577
DM-6378,0.147801
DM-6377,0.815233
DM-6376,0.963506
DM-6375,0.978713
DM-6374,0.124213
DM-6373,0.78233
DM-6372,0.012625
DM-6371,0.621225
DM-6370,0.952574
DM-6369,0.289975
DM-6368,0.194674
DM-6367,0.954308
DM-6366,0.830594
DM-6365,0.771155
DM-6364,0.974239
DM-6363,0.076408
DM-6362,0.069542
DM-6361,0.055005
DM-6360,0.821044
DM-6359,0.202443
DM-6358,0.202443
DM-6357,0.202443
DM-6356,0.019569
DM-6355,0.024798
DM-6354,0.025565
DM-6353,0.919063
DM-6352,0.935817
DM-6351,0.152032
DM-6350,0.773216
DM-6349,0.883236
DM-6348,0.846451
DM-6347,0.956309
DM-6346,0.400515
DM-6345,0.988492
DM-6343,0.851953
DM-6342,0.964052
DM-6341,0.984575
DM-6340,0.958847
DM-6339,0.982557
DM-6338,0.979977
DM-6337,0.980431
DM-6336,0.958538
DM-6335,0.973241
DM-6334,0.983723
DM-6333,0.980281
DM-6332,0.977023
DM-6331,0.333639
DM-6330,0.012432
DM-6329,0.632843
DM-6328,0.181263
DM-6327,0.615897
DM-6326,0.938576
DM-6325,0.323674
DM-6324,0.955319
DM-6323,0.889529
DM-6322,0.028008
DM-6321,0.026156
DM-6320,0.107437
DM-6319,0.084795
DM-6318,0.012528
DM-6317,0.255344
DM-6316,0.160003
DM-6315,0.532182
DM-6314,0.018405
DM-6313,0.186243
DM-6312,0.913677
DM-6309,0.156105
DM-6308,0.857768
DM-6307,0.185652
DM-6306,0.0538
DM-6305,0.069795
DM-6304,0.550124
DM-6303,0.217338
DM-6302,0.123366
DM-6301,0.964052
DM-6300,0.016277
DM-6299,0.014842
DM-6298,0.181553
DM-6297,0.189821
DM-6296,0.575588
DM-6295,0.095013
DM-6294,0.941223
DM-6293,0.011961
DM-6292,0.006193
DM-6291,0.766643
DM-6290,0.136608
DM-6289,0.004905
DM-6288,0.238107
DM-6287,0.937669
DM-6286,0.871912
DM-6285,0.975577
DM-6284,0.080357
DM-6283,0.00659
DM-6282,0.006904
DM-6281,0.952926
DM-6280,0.004982
DM-6279,0.010328
DM-6278,0.066812
DM-6277,0.973645
DM-6276,0.979511
DM-6275,0.977714
DM-6274,0.962953
DM-6273,0.039343
DM-6272,0.060975
DM-6271,0.431345
DM-6270,0.92944
DM-6269,0.098773
DM-6268,0.58818
DM-6267,0.948917
DM-6266,0.933915
DM-6265,0.302803
DM-6264,0.971347
DM-6263,0.973645
DM-6262,0.973844
DM-6261,0.970013
DM-6260,0.958538
DM-6259,0.834407
DM-6258,0.951142
DM-6257,0.95222
DM-6256,0.692018
DM-6255,0.964321
DM-6254,0.979511
DM-6253,0.302185
DM-6252,0.254787
DM-6251,0.770119
DM-6250,0.044681
DM-6249,0.980431
DM-6248,0.063251
DM-6247,0.943348
DM-6246,0.009268
DM-6245,0.93196
DM-6244,0.089455
DM-6243,0.066085
DM-6242,0.0729
DM-6241,0.960361
DM-6240,0.965119
DM-6239,0.01057
DM-6238,0.267983
DM-6237,0.246896
DM-6236,0.246896
DM-6235,0.246896
DM-6234,0.599016
DM-6233,0.98347
DM-6232,0.981453
DM-6231,0.983723
DM-6230,0.985496
DM-6228,0.982423
DM-6227,0.945399
DM-6226,0.991153
DM-6225,0.986979
DM-6224,0.985496
DM-6223,0.442396
DM-6222,0.982151
DM-6221,0.982423
DM-6219,0.9659
DM-6218,0.966156
DM-6217,0.982557
DM-6216,0.974629
DM-6215,0.710226
DM-6214,0.394259
DM-6213,0.574216
DM-6212,0.794385
DM-6211,0.973241
DM-6210,0.971779
DM-6209,0.9462
DM-6208,0.973645
DM-6207,0.967899
DM-6206,0.979977
DM-6205,0.982823
DM-6204,0.91611
DM-6203,0.957596
DM-6202,0.981311
DM-6201,0.106691
DM-6200,0.74872
DM-6199,0.987375
DM-6198,0.926835
DM-6197,0.650634
DM-6196,0.987179
DM-6195,0.919643
DM-6194,0.912436
DM-6193,0.881615
DM-6192,0.890675
DM-6191,0.990292
DM-6190,0.484868
DM-6189,0.680029
DM-6188,0.468547
DM-6187,0.553505
DM-6186,0.884039
DM-6185,0.118793
DM-6184,0.383064
DM-6183,0.007577
DM-6182,0.842863
DM-6181,0.654398
DM-6180,0.973241
DM-6179,0.961822
DM-6178,0.00506
DM-6177,0.229708
DM-6176,0.055618
DM-6175,0.980281
DM-6174,0.848471
DM-6173,0.849971
DM-6172,0.939913
DM-6171,0.4436
DM-6170,0.452294
DM-6169,0.765243
DM-6168,0.381335
DM-6167,0.577972
DM-6166,0.436142
DM-6165,0.97024
DM-6164,0.987759
DM-6163,0.009784
DM-6162,0.100525
DM-6161,0.026355
DM-6160,0.008252
DM-6159,0.969091
DM-6158,0.421195
DM-6157,0.951142
DM-6156,0.412767
DM-6155,0.312895
DM-6154,0.084493
DM-6153,0.93196
DM-6152,0.783658
DM-6151,0.00514
DM-6150,0.007121
DM-6149,0.781997
DM-6148,0.482429
DM-6147,0.038178
DM-6146,0.674694
DM-6145,0.023871
DM-6144,0.037892
DM-6143,0.187728
DM-6142,0.874077
DM-6141,0.524395
DM-6140,0.354154
DM-6139,0.393036
DM-6138,0.771499
DM-6137,0.936285
DM-6136,0.044019
DM-6135,0.05921
DM-6134,0.023153
DM-6133,0.005302
DM-6132,0.086016
DM-6130,0.005302
DM-6129,0.297811
DM-6128,0.007121
DM-6127,0.101233
DM-6126,0.011869
DM-6125,0.170232
DM-6124,0.06804
DM-6123,0.886027
DM-6122,0.954647
DM-6121,0.379608
DM-6120,0.206254
DM-6119,0.024054
DM-6118,0.007346
DM-6117,0.881615
DM-6116,0.968381
DM-6114,0.006798
DM-6113,0.951504
DM-6112,0.157396
DM-6111,0.927363
DM-6110,0.03622
DM-6109,0.016915
DM-6108,0.128088
DM-6107,0.947769
DM-6106,0.817574
DM-6105,0.909586
DM-6104,0.147555
DM-6103,0.008062
DM-6102,0.962108
DM-6100,0.006798
DM-6099,0.587056
DM-6098,0.930962
DM-6097,0.07477
DM-6096,0.776962
DM-6095,0.062789
DM-6094,0.043366
DM-6093,0.033086
DM-6092,0.834946
DM-6091,0.247987
DM-6090,0.058561
DM-6089,0.016657
DM-6088,0.969091
DM-6087,0.774242
DM-6086,0.960361
DM-6085,0.011072
DM-6084,0.061424
DM-6083,0.913058
DM-6082,0.558809
DM-6081,0.527803
DM-6080,0.007577
DM-6079,0.928409
DM-6078,0.00582
DM-6077,0.63799
DM-6076,0.91611
DM-6075,0.957912
DM-6074,0.68784
DM-6073,0.448668
DM-6072,0.926304
DM-6071,0.945399
DM-6070,0.064183
DM-6069,0.975202
DM-6068,0.96862
DM-6067,0.971347
DM-6066,0.976847
DM-6065,0.986979
DM-6064,0.994698
DM-6063,0.040238
DM-6062,0.973645
DM-6061,0.037047
DM-6060,0.631424
DM-6059,0.964321
DM-6058,0.862004
DM-6057,0.104477
DM-6056,0.14731
DM-6055,0.038756
DM-6054,0.14247
DM-6053,0.003765
DM-6052,0.912436
DM-6051,0.062789
DM-6050,0.681356
DM-6048,0.765243
DM-6046,0.923039
DM-6045,0.013637
DM-6044,0.143908
DM-6043,0.914901
DM-6042,0.955981
DM-6041,0.860134
DM-6040,0.65495
DM-6039,0.140808
DM-6038,0.102305
DM-6037,0.132964
DM-6036,0.240239
DM-6035,0.977197
DM-6033,0.873215
DM-6032,0.977543
DM-6031,0.159217
DM-6030,0.828384
DM-6029,0.004265
DM-6028,0.008711
DM-6027,0.006488
DM-6026,0.692018
DM-6025,0.007577
DM-6024,0.015189
DM-6023,0.006798
DM-6022,0.097048
DM-6021,0.366214
DM-6020,0.096706
DM-6019,0.125065
DM-6018,0.046725
DM-6017,0.886027
DM-6016,0.08389
DM-6015,0.123366
DM-6014,0.060975
DM-6013,0.366214
DM-6012,0.096706
DM-6011,0.154058
DM-6010,0.046725
DM-6009,0.886027
DM-6008,0.08389
DM-6007,0.123366
DM-6006,0.060975
DM-6005,0.0538
DM-6004,0.964321
DM-6003,0.811377
DM-6002,0.816113
DM-6001,0.258888
DM-6000,0.355999
DM-5999,0.913368
DM-5998,0.909586
DM-5997,0.928926
DM-5996,0.592667
DM-5995,0.848972
DM-5994,0.94699
DM-5993,0.632049
DM-5992,0.434941
DM-5991,0.200558
DM-5990,0.017309
DM-5989,0.551574
DM-5988,0.575111
DM-5987,0.010489
DM-5986,0.221856
DM-5985,0.557845
DM-5984,0.573201
DM-5983,0.070049
DM-5982,0.48438
DM-5981,0.965381
DM-5980,0.017309
DM-5979,0.019271
DM-5978,0.854399
DM-5977,0.877477
DM-5976,0.01653
DM-5975,0.780997
DM-5974,0.056236
DM-5973,0.197135
DM-5972,0.878731
DM-5971,0.210442
DM-5970,0.698844
DM-5967,0.957278
DM-5966,0.733547
DM-5965,0.106319
DM-5964,0.978713
DM-5963,0.983343
DM-5962,0.887205
DM-5961,0.685739
DM-5960,0.831691
DM-5959,0.96862
DM-5958,0.993096
DM-5957,0.881615
DM-5956,0.226441
DM-5955,0.897336
DM-5954,0.643161
DM-5953,0.91848
DM-5952,0.960361
DM-5951,0.225076
DM-5950,0.954647
DM-5949,0.972415
DM-5948,0.993307
DM-5947,0.948917
DM-5946,0.972204
DM-5945,0.880797
DM-5944,0.968381
DM-5943,0.592549
DM-5942,0.901227
DM-5941,0.2304
DM-5940,0.137996
DM-5939,0.006798
DM-5938,0.721547
DM-5937,0.30965
DM-5936,0.011687
DM-5935,0.880797
DM-5934,0.914291
DM-5933,0.168036
DM-5932,0.902266
DM-5931,0.365796
DM-5930,0.019871
DM-5929,0.86431
DM-5928,0.671147
DM-5927,0.218336
DM-5926,0.06489
DM-5925,0.74872
DM-5924,0.024798
DM-5923,0.039937
DM-5922,0.969556
DM-5921,0.012336
DM-5920,0.392104
DM-5919,0.79534
DM-5918,0.934873
DM-5917,0.991554
DM-5916,0.985043
DM-5915,0.984336
DM-5914,0.626146
DM-5913,0.838151
DM-5912,0.396302
DM-5911,0.150029
DM-5910,0.23092
DM-5909,0.057493
DM-5908,0.48438
DM-5907,0.089455
DM-5906,0.030676
DM-5905,0.975202
DM-5904,0.117572
DM-5903,0.836555
DM-5902,0.233008
DM-5901,0.899121
DM-5900,0.059647
DM-5899,0.919063
DM-5898,0.014282
DM-5897,0.325413
DM-5896,0.184473
DM-5895,0.966663
DM-5894,0.049589
DM-5893,0.039343
DM-5892,0.969091
DM-5891,0.960063
DM-5890,0.635731
DM-5889,0.108945
DM-5888,0.136148
DM-5887,0.018264
DM-5886,0.742235
DM-5885,0.968381
DM-5884,0.733356
DM-5883,0.943764
DM-5882,0.014172
DM-5881,0.529263
DM-5880,0.255344
DM-5879,0.961244
DM-5878,0.012054
DM-5877,0.729712
DM-5876,0.412293
DM-5875,0.721547
DM-5874,0.715424
DM-5873,0.03138
DM-5872,0.977197
DM-5871,0.010408
DM-5870,0.00514
DM-5869,0.953622
DM-5868,0.946597
DM-5867,0.00659
DM-5866,0.235812
DM-5865,0.025179
DM-5864,0.888759
DM-5863,0.022286
DM-5862,0.028221
DM-5861,0.008916
DM-5860,0.144631
DM-5859,0.010408
DM-5858,0.985043
DM-5857,0.085404
DM-5856,0.00522
DM-5855,0.011158
DM-5854,0.007636
DM-5853,0.978219
DM-5852,0.456652
DM-5851,0.00407
DM-5850,0.910863
DM-5849,0.961244
DM-5848,0.957278
DM-5847,0.008711
DM-5846,0.525125
DM-5845,0.004682
DM-5844,0.963231
DM-5843,0.925769
DM-5842,0.891434
DM-5841,0.103749
DM-5840,0.407098
DM-5839,0.884039
DM-5838,0.007461
DM-5837,0.189821
DM-5836,0.57821
DM-5835,0.904651
DM-5834,0.985936
DM-5833,0.991554
DM-5832,0.926835
DM-5831,0.081813
DM-5830,0.757436
DM-5829,0.779322
DM-5828,0.046034
DM-5827,0.924142
DM-5826,0.475605
DM-5825,0.659734
DM-5824,0.006388
DM-5823,0.009126
DM-5822,0.00629
DM-5821,0.007938
DM-5820,0.005555
DM-5819,0.936285
DM-5818,0.973241
DM-5817,0.977371
DM-5816,0.101947
DM-5815,0.969091
DM-5814,0.012723
DM-5813,0.709523
DM-5812,0.958847
DM-5811,0.441191
DM-5810,0.298901
DM-5809,0.127653
DM-5808,0.047426
DM-5807,0.03622
DM-5806,0.020489
DM-5805,0.070049
DM-5804,0.019719
DM-5803,0.008252
DM-5802,0.015073
DM-5801,0.054803
DM-5800,0.060529
DM-5799,0.086016
DM-5798,0.96741
DM-5797,0.005911
DM-5796,0.60743
DM-5795,0.853425
DM-5794,0.93196
DM-5793,0.968141
DM-5792,0.944995
DM-5791,0.254787
DM-5790,0.981453
DM-5789,0.933915
DM-5788,0.012528
DM-5787,0.435421
DM-5786,0.009126
DM-5785,0.005642
DM-5784,0.131173
DM-5783,0.510741
DM-5782,0.015544
DM-5781,0.042404
DM-5780,0.907967
DM-5779,0.774583
DM-5778,0.866585
DM-5777,0.009559
DM-5776,0.009126
DM-5775,0.032837
DM-5774,0.789558
DM-5773,0.986979
DM-5772,0.920218
DM-5771,0.069289
DM-5770,0.173009
DM-5769,0.824462
DM-5768,0.090735
DM-5767,0.070049
DM-5766,0.732974
DM-5765,0.850965
DM-5764,0.086016
DM-5763,0.096365
DM-5762,0.059428
DM-5761,0.317109
DM-5760,0.029535
DM-5759,0.264169
DM-5758,0.00934
DM-5757,0.006488
DM-5756,0.525125
DM-5755,0.460532
DM-5754,0.014842
DM-5753,0.014172
DM-5752,0.429429
DM-5751,0.022117
DM-5750,0.913677
DM-5749,0.018547
DM-5748,0.023689
DM-5747,0.941223
DM-5746,0.574037
DM-5745,0.952926
DM-5744,0.924688
DM-5743,0.14731
DM-5742,0.896614
DM-5741,0.524395
DM-5740,0.788583
DM-5739,0.064653
DM-5738,0.964589
DM-5737,0.966914
DM-5736,0.80038
DM-5735,0.008916
DM-5734,0.026355
DM-5733,0.815233
DM-5732,0.610802
DM-5731,0.870157
DM-5730,0.007816
DM-5729,0.006488
DM-5728,0.819316
DM-5727,0.967656
DM-5726,0.377053
DM-5725,0.531696
DM-5724,0.908293
DM-5723,0.110088
DM-5722,0.014729
DM-5721,0.037327
DM-5720,0.375477
DM-5719,0.99014
DM-5718,0.964589
DM-5717,0.986151
DM-5716,0.967656
DM-5715,0.972623
DM-5714,0.246896
DM-5713,0.979195
DM-5712,0.92523
DM-5711,0.727589
DM-5710,0.965641
DM-5709,0.965641
DM-5708,0.964052
DM-5707,0.964052
DM-5706,0.964052
DM-5705,0.68742
DM-5704,0.676085
DM-5703,0.132515
DM-5702,0.930458
DM-5701,0.571049
DM-5700,0.008316
DM-5699,0.364099
DM-5698,0.622775
DM-5697,0.186539
DM-5696,0.260201
DM-5695,0.145844
DM-5694,0.538498
DM-5693,0.974435
DM-5692,0.910545
DM-5691,0.96741
DM-5690,0.02461
DM-5689,0.010014
DM-5688,0.095687
DM-5687,0.924142
DM-5686,0.058132
DM-5685,0.007346
DM-5684,0.068537
DM-5683,0.108566
DM-5682,0.043366
DM-5681,0.729712
DM-5680,0.317585
DM-5679,0.876211
DM-5678,0.973241
DM-5677,0.090414
DM-5676,0.775945
DM-5675,0.016657
DM-5674,0.936285
DM-5673,0.269133
DM-5672,0.241668
DM-5671,0.241668
DM-5670,0.269133
DM-5669,0.261519
DM-5668,0.269133
DM-5667,0.241668
DM-5666,0.269133
DM-5665,0.890675
DM-5664,0.049959
DM-5663,0.111241
DM-5662,0.913058
DM-5661,0.393269
DM-5660,0.045353
DM-5659,0.010818
DM-5658,0.250729
DM-5657,0.661704
DM-5656,0.00838
DM-5655,0.620966
DM-5654,0.406744
DM-5653,0.870157
DM-5652,0.917303
DM-5651,0.582729
DM-5650,0.977883
DM-5649,0.877056
DM-5646,0.085404
DM-5645,0.987759
DM-5644,0.917303
DM-5643,0.308398
DM-5642,0.767341
DM-5641,0.957278
DM-5640,0.90599
DM-5639,0.063019
DM-5638,0.042088
DM-5637,0.91611
DM-5636,0.012147
DM-5635,0.004755
DM-5634,0.053403
DM-5633,0.146575
DM-5632,0.169956
DM-5631,0.853425
DM-5630,0.963231
DM-5629,0.987179
DM-5628,0.446253
DM-5627,0.945801
DM-5626,0.920218
DM-5625,0.957278
DM-5624,0.907967
DM-5623,0.962673
DM-5622,0.984094
DM-5620,0.960952
DM-5618,0.737158
DM-5617,0.989347
DM-5616,0.969324
DM-5615,0.163445
DM-5614,0.986363
DM-5613,0.991422
DM-5612,0.992423
DM-5611,0.896614
DM-5610,0.987759
DM-5609,0.029535
DM-5608,0.987946
DM-5607,0.030909
DM-5606,0.850965
DM-5605,0.004399
DM-5604,0.028008
DM-5603,0.066327
DM-5602,0.048858
DM-5601,0.048858
DM-5600,0.048858
DM-5599,0.048858
DM-5598,0.048858
DM-5597,0.048858
DM-5596,0.048858
DM-5595,0.005302
DM-5594,0.009708
DM-5593,0.033337
DM-5592,0.004682
DM-5591,0.924142
DM-5590,0.007233
DM-5589,0.006388
DM-5588,0.962391
DM-5587,0.009055
DM-5586,0.010818
DM-5585,0.721939
DM-5584,0.884039
DM-5583,0.568416
DM-5582,0.5083
DM-5581,0.613931
DM-5580,0.816406
DM-5579,0.024423
DM-5578,0.925769
DM-5577,0.661704
DM-5576,0.863852
DM-5575,0.308503
DM-5574,0.347759
DM-5573,0.340574
DM-5572,0.203391
DM-5571,0.801004
DM-5570,0.450601
DM-5569,0.836555
DM-5568,0.228845
DM-5567,0.214691
DM-5566,0.45302
DM-5565,0.41941
DM-5564,0.393735
DM-5563,0.405449
DM-5562,0.389779
DM-5561,0.586286
DM-5560,0.610381
DM-5559,0.961244
DM-5558,0.985496
DM-5557,0.167219
DM-5556,0.934873
DM-5555,0.986151
DM-5554,0.948917
DM-5553,0.004134
DM-5552,0.308659
DM-5551,0.636014
DM-5550,0.726037
DM-5549,0.9462
DM-5548,0.982151
DM-5547,0.718594
DM-5546,0.779322
DM-5545,0.231267
DM-5544,0.698946
DM-5543,0.739046
DM-5542,0.00986
DM-5541,0.711832
DM-5540,0.793746
DM-5535,0.793426
DM-5534,0.797241
DM-5533,0.949669
DM-5532,0.926835
DM-5530,0.977714
DM-5529,0.910863
DM-5528,0.430626
DM-5527,0.010014
DM-5526,0.434221
DM-5525,0.010328
DM-5524,0.004332
DM-5523,0.13707
DM-5522,0.850965
DM-5521,0.902266
DM-5520,0.933431
DM-5519,0.979668
DM-5518,0.982423
DM-5517,0.736401
DM-5516,0.814348
DM-5515,0.357343
DM-5514,0.942507
DM-5512,0.756717
DM-5511,0.850469
DM-5510,0.904651
DM-5509,0.911495
DM-5508,0.852935
DM-5507,0.760651
DM-5506,0.071332
DM-5505,0.960952
DM-5504,0.873647
DM-5503,0.978219
DM-5502,0.959762
DM-5501,0.972204
DM-5500,0.014842
DM-5499,0.851459
DM-5498,0.924142
DM-5497,0.964321
DM-5496,0.949669
DM-5495,0.950411
DM-5494,0.95222
DM-5493,0.948155
DM-5492,0.985718
DM-5491,0.983971
DM-5490,0.983847
DM-5489,0.009708
DM-5488,0.785966
DM-5487,0.978875
DM-5486,0.538012
DM-5485,0.709623
DM-5484,0.00514
DM-5483,0.229363
DM-5482,0.933915
DM-5481,0.884439
DM-5480,0.831691
DM-5479,0.176388
DM-5478,0.902952
DM-5477,0.979668
DM-5476,0.96641
DM-5475,0.953622
DM-5474,0.010014
DM-5473,0.00659
DM-5472,0.110471
DM-5471,0.956309
DM-5470,0.984094
DM-5468,0.975202
DM-5467,0.889529
DM-5466,0.105211
DM-5465,0.019569
DM-5464,0.416797
DM-5463,0.016657
DM-5462,0.476092
DM-5461,0.078078
DM-5460,0.703651
DM-5459,0.968856
DM-5458,0.892937
DM-5457,0.977197
DM-5456,0.814643
DM-5455,0.908618
DM-5454,0.007938
DM-5453,0.017712
DM-5452,0.951142
DM-5451,0.739422
DM-5449,0.955651
DM-5448,0.420124
DM-5447,0.145115
DM-5446,0.902952
DM-5445,0.970688
DM-5444,0.91611
DM-5443,0.961534
DM-5442,0.027585
DM-5441,0.983214
DM-5440,0.909907
DM-5439,0.966156
DM-5438,0.594139
DM-5437,0.795658
DM-5436,0.614625
DM-5435,0.953275
DM-5433,0.228845
DM-5432,0.802865
DM-5431,0.418459
DM-5430,0.180107
DM-5429,0.318803
DM-5428,0.010653
DM-5427,0.087564
DM-5426,0.86431
DM-5425,0.907312
DM-5424,0.016277
DM-5423,0.96862
DM-5422,0.875787
DM-5421,0.100172
DM-5420,0.987375
DM-5419,0.010818
DM-5418,0.962953
DM-5417,0.32306
DM-5416,0.985936
DM-5415,0.978052
DM-5414,0.939025
DM-5413,0.357119
DM-5412,0.042088
DM-5411,0.009055
DM-5410,0.005911
DM-5409,0.006904
DM-5408,0.006693
DM-5407,0.96378
DM-5406,0.043691
DM-5405,0.933915
DM-5404,0.973037
DM-5403,0.84338
DM-5402,0.968141
DM-5401,0.909907
DM-5400,0.065605
DM-5399,0.917303
DM-5398,0.936749
DM-5397,0.927888
DM-5396,0.540924
DM-5395,0.986363
DM-5394,0.020332
DM-5393,0.262086
DM-5392,0.119614
DM-5391,0.67295
DM-5390,0.762778
DM-5389,0.923039
DM-5388,0.082697
DM-5387,0.036769
DM-5386,0.055005
DM-5385,0.02976
DM-5384,0.044681
DM-5383,0.884838
DM-5382,0.934395
DM-5381,0.34043
DM-5380,0.973443
DM-5379,0.491944
DM-5378,0.419648
DM-5377,0.288068
DM-5376,0.007938
DM-5374,0.968381
DM-5373,0.898767
DM-5372,0.052231
DM-5371,0.94699
DM-5370,0.803174
DM-5369,0.014172
DM-5368,0.423458
DM-5367,0.020489
DM-5366,0.123366
DM-5365,0.946597
DM-5364,0.03622
DM-5363,0.082107
DM-5362,0.030215
DM-5361,0.47317
DM-5360,0.152537
DM-5359,0.021287
DM-5358,0.113187
DM-5357,0.052619
DM-5356,0.050331
DM-5355,0.007577
DM-5354,0.977371
DM-5353,0.672117
DM-5352,0.010735
DM-5351,0.151278
DM-5350,0.973443
DM-5349,0.729905
DM-5348,0.905322
DM-5347,0.645371
DM-5346,0.895888
DM-5345,0.161585
DM-5344,0.164248
DM-5343,0.433981
DM-5342,0.938576
DM-5341,0.030676
DM-5340,0.022977
DM-5339,0.023509
DM-5338,0.023871
DM-5337,0.974629
DM-5336,0.007461
DM-5335,0.006488
DM-5334,0.950041
DM-5333,0.185062
DM-5332,0.892187
DM-5331,0.698021
DM-5330,0.805632
DM-5329,0.219672
DM-5328,0.785966
DM-5327,0.928409
DM-5326,0.006798
DM-5325,0.383353
DM-5324,0.96378
DM-5323,0.049589
DM-5322,0.124639
DM-5321,0.046725
DM-5320,0.925769
DM-5319,0.008446
DM-5318,0.967163
DM-5317,0.97539
DM-5316,0.975946
DM-5315,0.985496
DM-5314,0.847968
DM-5313,0.985718
DM-5312,0.089455
DM-5311,0.966156
DM-5310,0.765243
DM-5309,0.941223
DM-5308,0.661048
DM-5307,0.019419
DM-5306,0.023509
DM-5305,0.119203
DM-5304,0.826712
DM-5303,0.899475
DM-5302,0.330579
DM-5301,0.826712
DM-5300,0.981167
DM-5299,0.049959
DM-5298,0.954647
DM-5297,0.941223
DM-5296,0.023509
DM-5295,0.909265
DM-5294,0.139396
DM-5293,0.018833
DM-5292,0.041462
DM-5291,0.954308
DM-5290,0.095349
DM-5289,0.023331
DM-5288,0.660952
DM-5287,0.057282
DM-5286,0.093347
DM-5285,0.642152
DM-5284,0.766294
DM-5283,0.720762
DM-5282,0.028436
DM-5281,0.206094
DM-5280,0.057282
DM-5279,0.004007
DM-5278,0.687
DM-5277,0.958847
DM-5276,0.963231
DM-5275,0.892187
DM-5274,0.016785
DM-5273,0.928926
DM-5272,0.00582
DM-5271,0.048858
DM-5270,0.941654
DM-5269,0.5564
DM-5268,0.981595
DM-5267,0.970688
DM-5266,0.012432
DM-5265,0.102305
DM-5264,0.075858
DM-5263,0.959762
DM-5262,0.985718
DM-5261,0.015306
DM-5260,0.015306
DM-5259,0.015306
DM-5258,0.015306
DM-5257,0.015306
DM-5256,0.015306
DM-5255,0.015306
DM-5254,0.056029
DM-5253,0.13569
DM-5252,0.023689
DM-5251,0.008644
DM-5250,0.008511
DM-5249,0.09401
DM-5248,0.071851
DM-5247,0.012054
DM-5246,0.927888
DM-5245,0.886813
DM-5244,0.038756
DM-5243,0.719384
DM-5242,0.039937
DM-5241,0.572962
DM-5240,0.572962
DM-5239,0.572962
DM-5238,0.572962
DM-5237,0.572962
DM-5236,0.572962
DM-5235,0.626381
DM-5234,0.708818
DM-5233,0.100525
DM-5232,0.019719
DM-5231,0.019719
DM-5230,0.019719
DM-5229,0.019719
DM-5228,0.019719
DM-5227,0.019719
DM-5226,0.089455
DM-5225,0.924142
DM-5224,0.931463
DM-5223,0.897336
DM-5222,0.571288
DM-5221,0.014392
DM-5220,0.012625
DM-5219,0.135919
DM-5218,0.745028
DM-5217,0.957912
DM-5216,0.405331
DM-5215,0.583915
DM-5212,0.835484
DM-5211,0.003824
DM-5210,0.007233
DM-5209,0.952574
DM-5208,0.972831
DM-5207,0.008062
DM-5206,0.019419
DM-5205,0.915205
DM-5204,0.015664
DM-5203,0.269518
DM-5202,0.827271
DM-5201,0.005302
DM-5200,0.093017
DM-5199,0.638159
DM-5198,0.778649
DM-5197,0.884039
DM-5196,0.962673
DM-5195,0.03259
DM-5194,0.956634
DM-5193,0.81582
DM-5192,0.973645
DM-5191,0.887205
DM-5190,0.875787
DM-5189,0.93196
DM-5188,0.976669
DM-5187,0.763484
DM-5186,0.886027
DM-5185,0.052619
DM-5184,0.007938
DM-5183,0.03359
DM-5182,0.811676
DM-5181,0.004134
DM-5180,0.014616
DM-5179,0.00659
DM-5178,0.00629
DM-5177,0.008316
DM-5176,0.004134
DM-5175,0.706798
DM-5174,0.01142
DM-5172,0.148541
DM-5171,0.761716
DM-5170,0.006693
DM-5169,0.964589
DM-5168,0.008511
DM-5167,0.97024
DM-5166,0.977371
DM-5165,0.567937
DM-5164,0.21305
DM-5163,0.971129
DM-5162,0.323053
DM-5161,0.140808
DM-5160,0.07921
DM-5159,0.067793
DM-5158,0.007877
DM-5157,0.006388
DM-5156,0.217836
DM-5155,0.351506
DM-5154,0.276105
DM-5153,0.241847
DM-5152,0.148047
DM-5151,0.055823
DM-5150,0.885631
DM-5149,0.479016
DM-5148,0.006798
DM-5147,0.808974
DM-5146,0.535098
DM-5145,0.958226
DM-5144,0.965641
DM-5143,0.203708
DM-5142,0.876211
DM-5141,0.008316
DM-5140,0.150278
DM-5139,0.14682
DM-5138,0.123789
DM-5137,0.942507
DM-5136,0.030444
DM-5135,0.921358
DM-5134,0.336767
DM-5133,0.935346
DM-5132,0.004399
DM-5131,0.200245
DM-5130,0.01142
DM-5129,0.395134
DM-5128,0.977197
DM-5127,0.986151
DM-5126,0.039343
DM-5125,0.00522
DM-5124,0.533641
DM-5123,0.97649
DM-5122,0.00659
DM-5121,0.955651
DM-5120,0.853425
DM-5114,0.97649
DM-5112,0.984811
DM-5111,0.666551
DM-5110,0.680348
DM-5109,0.00573
DM-5108,0.009708
DM-5107,0.007938
DM-5106,0.00522
DM-5105,0.020177
DM-5104,0.94079
DM-5103,0.847968
DM-5102,0.057918
DM-5101,0.022803
DM-5100,0.96641
DM-5099,0.018264
DM-5098,0.945399
DM-5097,0.464659
DM-5096,0.757077
DM-5095,0.120026
DM-5094,0.045016
DM-5093,0.008511
DM-5092,0.600071
DM-5091,0.941223
DM-5090,0.950411
DM-5089,0.091382
DM-5088,0.136148
DM-5087,0.028221
DM-5086,0.005555
DM-5085,0.783326
DM-5084,0.017712
DM-5083,0.489748
DM-5082,0.397704
DM-5081,0.018405
DM-5080,0.989182
DM-5079,0.822189
DM-5078,0.013121
DM-5077,0.121269
DM-5076,0.857768
DM-5075,0.2786
DM-5074,0.582016
DM-5073,0.450843
DM-5072,0.426083
DM-5071,0.022457
DM-5070,0.022117
DM-5069,0.021948
DM-5068,0.022629
DM-5067,0.139396
DM-5066,0.130285
DM-5065,0.316739
DM-5064,0.333937
DM-5063,0.482429
DM-5062,0.954984
DM-5061,0.559771
DM-5060,0.897336
DM-5059,0.992767
DM-5058,0.858719
DM-5057,0.398641
DM-5056,0.584864
DM-5055,0.765243
DM-5054,0.838151
DM-5053,0.479991
DM-5052,0.990587
DM-5051,0.664214
DM-5050,0.030909
DM-5049,0.197135
DM-5048,0.522689
DM-5047,0.927888
DM-5046,0.83868
DM-5045,0.02976
DM-5044,0.105211
DM-5041,0.590779
DM-5040,0.029987
DM-5039,0.037327
DM-5038,0.689515
DM-5037,0.591251
DM-5036,0.131619
DM-5035,0.734501
DM-5033,0.979823
DM-5032,0.904987
DM-5031,0.929951
DM-5030,0.067547
DM-5029,0.940353
DM-5028,0.979354
DM-5027,0.475605
DM-5026,0.020023
DM-5025,0.911495
DM-5024,0.25303
DM-5023,0.875361
DM-5022,0.923039
DM-5021,0.003324
DM-5020,0.503906
DM-5019,0.924688
DM-5018,0.899828
DM-5017,0.146575
DM-5016,0.011597
DM-5015,0.707405
DM-5014,0.086016
DM-5013,0.136608
DM-5012,0.934395
DM-5011,0.954984
DM-5009,0.014282
DM-5008,0.984575
DM-5007,0.016277
DM-5006,0.018689
DM-5005,0.291787
DM-5004,0.091707
DM-5003,0.010987
DM-5002,0.304869
DM-5001,0.992539
DM-5000,0.048496
DM-4999,0.793746
DM-4998,0.00659
DM-4997,0.061199
DM-4996,0.017849
DM-4995,0.969785
DM-4994,0.993612
DM-4993,0.324416
DM-4992,0.359252
DM-4991,0.010735
DM-4990,0.792785
DM-4989,0.495606
DM-4988,0.581065
DM-4987,0.651379
DM-4986,0.955319
DM-4985,0.148047
DM-4984,0.871912
DM-4983,0.040846
DM-4982,0.698227
DM-4981,0.958226
DM-4980,0.848471
DM-4979,0.833866
DM-4978,0.969785
DM-4977,0.046725
DM-4976,0.764188
DM-4975,0.008711
DM-4974,0.851953
DM-4973,0.098425
DM-4972,0.076961
DM-4971,0.393735
DM-4970,0.985271
DM-4969,0.801315
DM-4968,0.852935
DM-4967,0.355439
DM-4966,0.873647
DM-4965,0.891811
DM-4964,0.382487
DM-4963,0.912124
DM-4962,0.481941
DM-4961,0.014172
DM-4960,0.142232
DM-4959,0.018833
DM-4958,0.090093
DM-4957,0.955981
DM-4956,0.854885
DM-4955,0.047426
DM-4954,0.022629
DM-4953,0.019871
DM-4952,0.929951
DM-4951,0.961822
DM-4950,0.988492
DM-4949,0.973645
DM-4948,0.331688
DM-4947,0.022286
DM-4946,0.015306
DM-4945,0.974821
DM-4944,0.945801
DM-4943,0.890294
DM-4942,0.041774
DM-4941,0.019124
DM-4940,0.739986
DM-4939,0.83602
DM-4938,0.008711
DM-4937,0.012147
DM-4936,0.018547
DM-4935,0.962953
DM-4934,0.944995
DM-4933,0.825027
DM-4932,0.026964
DM-4931,0.008446
DM-4930,0.956957
DM-4929,0.005642
DM-4928,0.010987
DM-4927,0.010902
DM-4926,0.037327
DM-4925,0.932944
DM-4924,0.07056
DM-4923,0.023153
DM-4922,0.032344
DM-4921,0.023331
DM-4920,0.052619
DM-4919,0.07477
DM-4918,0.121269
DM-4917,0.041153
DM-4916,0.101233
DM-4915,0.035145
DM-4914,0.966156
DM-4913,0.009055
DM-4912,0.780997
DM-4911,0.333965
DM-4910,0.266644
DM-4909,0.647074
DM-4908,0.705075
DM-4907,0.953966
DM-4906,0.063251
DM-4905,0.006004
DM-4904,0.011597
DM-4903,0.033086
DM-4902,0.680454
DM-4901,0.952574
DM-4900,0.917893
DM-4899,0.500488
DM-4898,0.958538
DM-4897,0.506347
DM-4896,0.042404
DM-4895,0.231614
DM-4894,0.047426
DM-4893,0.337231
DM-4892,0.205296
DM-4891,0.093017
DM-4890,0.974629
DM-4889,0.415136
DM-4888,0.067793
DM-4887,0.981311
DM-4886,0.942507
DM-4885,0.956309
DM-4884,0.973037
DM-4883,0.981453
DM-4882,0.021451
DM-4881,0.019271
DM-4880,0.863392
DM-4879,0.283781
DM-4878,0.744656
DM-4877,0.018264
DM-4876,0.72526
DM-4875,0.038756
DM-4874,0.955319
DM-4873,0.170784
DM-4872,0.276495
DM-4871,0.017849
DM-4870,0.74872
DM-4869,0.721939
DM-4868,0.717408
DM-4867,0.008985
DM-4866,0.0341
DM-4865,0.242206
DM-4864,0.936749
DM-4863,0.910863
DM-4862,0.018264
DM-4861,0.940353
DM-4860,0.00986
DM-4859,0.006098
DM-4858,0.008188
DM-4857,0.108566
DM-4856,0.038178
DM-4855,0.620966
DM-4854,0.026355
DM-4853,0.38168
DM-4852,0.961534
DM-4851,0.108189
DM-4850,0.033844
DM-4849,0.793746
DM-4848,0.035679
DM-4847,0.049589
DM-4846,0.025565
DM-4845,0.018264
DM-4844,0.404037
DM-4843,0.037609
DM-4842,0.136608
DM-4841,0.052038
DM-4840,0.026759
DM-4839,0.92944
DM-4838,0.012625
DM-4837,0.110088
DM-4836,0.018547
DM-4835,0.700485
DM-4834,0.949669
DM-4833,0.116764
DM-4832,0.040541
DM-4831,0.039639
DM-4830,0.726814
DM-4829,0.143668
DM-4828,0.978385
DM-4827,0.74872
DM-4826,0.982288
DM-4825,0.006904
DM-4824,0.012241
DM-4823,0.011245
DM-4822,0.047426
DM-4821,0.047074
DM-4820,0.955651
DM-4819,0.166134
DM-4818,0.006004
DM-4817,0.971129
DM-4816,0.056862
DM-4815,0.981167
DM-4814,0.149035
DM-4813,0.010818
DM-4812,0.977023
DM-4810,0.972204
DM-4809,0.711832
DM-4808,0.735262
DM-4807,0.154058
DM-4806,0.78695
DM-4805,0.163713
DM-4804,0.007233
DM-4803,0.145844
DM-4802,0.180974
DM-4801,0.091382
DM-4800,0.148541
DM-4799,0.018264
DM-4798,0.013121
DM-4797,0.028221
DM-4796,0.54577
DM-4795,0.904313
DM-4794,0.011961
DM-4793,0.97024
DM-4792,0.926304
DM-4790,0.925769
DM-4789,0.166404
DM-4788,0.145844
DM-4787,0.009268
DM-4786,0.05301
DM-4785,0.31321
DM-4784,0.58883
DM-4783,0.016915
DM-4782,0.901575
DM-4781,0.010653
DM-4780,0.010735
DM-4779,0.008644
DM-4778,0.944995
DM-4777,0.910227
DM-4776,0.848471
DM-4775,0.91848
DM-4774,0.787278
DM-4773,0.161849
DM-4772,0.022117
DM-4771,0.021451
DM-4770,0.022117
DM-4769,0.371137
DM-4768,0.035948
DM-4767,0.195902
DM-4766,0.220007
DM-4765,0.285272
DM-4764,0.104843
DM-4763,0.967899
DM-4762,0.947381
DM-4761,0.941223
DM-4760,0.977197
DM-4759,0.928409
DM-4758,0.805326
DM-4757,0.015073
DM-4756,0.940353
DM-4755,0.015425
DM-4754,0.921358
DM-4753,0.928409
DM-4752,0.024054
DM-4751,0.016277
DM-4750,0.005385
DM-4749,0.90599
DM-4748,0.972831
DM-4747,0.248534
DM-4746,0.978549
DM-4745,0.980729
DM-4744,0.774924
DM-4743,0.008985
DM-4742,0.23546
DM-4741,0.941223
DM-4740,0.148541
DM-4739,0.279632
DM-4738,0.904313
DM-4737,0.895523
DM-4736,0.153295
DM-4735,0.21305
DM-4734,0.032344
DM-4733,0.789883
DM-4732,0.010328
DM-4731,0.014392
DM-4730,0.872347
DM-4729,0.423458
DM-4728,0.018125
DM-4727,0.684053
DM-4726,0.878314
DM-4725,0.935817
DM-4724,0.67694
DM-4723,0.145601
DM-4722,0.177811
DM-4721,0.987375
DM-4720,0.949669
DM-4719,0.357392
DM-4718,0.743727
DM-4717,0.850965
DM-4716,0.076684
DM-4715,0.488283
DM-4714,0.018125
DM-4713,0.189221
DM-4712,0.733356
DM-4711,0.010091
DM-4710,0.01302
DM-4709,0.971564
DM-4708,0.953622
DM-4707,0.412175
DM-4706,0.930458
DM-4705,0.015306
DM-4704,0.009784
DM-4703,0.450118
DM-4702,0.885235
DM-4701,0.734881
DM-4700,0.754192
DM-4699,0.976129
DM-4698,0.951863
DM-4697,0.964589
DM-4696,0.883236
DM-4694,0.693058
DM-4693,0.525856
DM-4692,0.970465
DM-4691,0.122104
DM-4690,0.987946
DM-4689,0.987179
DM-4688,0.153549
DM-4687,0.901227
DM-4686,0.769427
DM-4685,0.967899
DM-4684,0.785309
DM-4683,0.97024
DM-4682,0.964321
DM-4681,0.988842
DM-4680,0.989013
DM-4679,0.974821
DM-4678,0.004682
DM-4677,0.994615
DM-4676,0.974629
DM-4675,0.978385
DM-4674,0.971129
DM-4673,0.060975
DM-4672,0.957278
DM-4671,0.838151
DM-4670,0.840259
DM-4669,0.01057
DM-4668,0.83868
DM-4667,0.681303
DM-4666,0.969091
DM-4665,0.930962
DM-4664,0.293607
DM-4663,0.657153
DM-4662,0.630002
DM-4661,0.600657
DM-4660,0.593609
DM-4659,0.672224
DM-4658,0.0341
DM-4657,0.059866
DM-4656,0.635053
DM-4655,0.401923
DM-4654,0.963231
DM-4653,0.971347
DM-4652,0.059428
DM-4651,0.953275
DM-4650,0.598312
DM-4649,0.841305
DM-4648,0.009268
DM-4647,0.076961
DM-4646,0.91118
DM-4645,0.062331
DM-4644,0.668934
DM-4643,0.933431
DM-4642,0.937211
DM-4641,0.909907
DM-4640,0.039343
DM-4639,0.955319
DM-4638,0.020332
DM-4637,0.31703
DM-4636,0.104477
DM-4635,0.956309
DM-4634,0.880797
DM-4633,0.603231
DM-4632,0.964321
DM-4631,0.970013
DM-4630,0.921358
DM-4629,0.932944
DM-4628,0.143668
DM-4627,0.011597
DM-4626,0.418578
DM-4625,0.991554
DM-4624,0.331363
DM-4623,0.302881
DM-4622,0.143908
DM-4621,0.756358
DM-4620,0.787931
DM-4619,0.698329
DM-4618,0.018405
DM-4617,0.745028
DM-4616,0.969091
DM-4615,0.819316
DM-4614,0.988492
DM-4613,0.101589
DM-4612,0.894421
DM-4611,0.405684
DM-4610,0.970013
DM-4609,0.410874
DM-4608,0.903294
DM-4607,0.015906
DM-4606,0.657164
DM-4605,0.013742
DM-4604,0.141994
DM-4603,0.904651
DM-4602,0.966663
DM-4601,0.972415
DM-4600,0.138928
DM-4599,0.009055
DM-4598,0.37502
DM-4597,0.655777
DM-4596,0.285422
DM-4595,0.970013
DM-4594,0.125493
DM-4593,0.939913
DM-4592,0.863852
DM-4591,0.942929
DM-4590,0.899121
DM-4589,0.876634
DM-4588,0.933431
DM-4586,0.27474
DM-4585,0.045353
DM-4584,0.026156
DM-4583,0.230054
DM-4582,0.039343
DM-4581,0.013325
DM-4580,0.080069
DM-4579,0.83762
DM-4578,0.982955
DM-4577,0.015906
DM-4576,0.062331
DM-4575,0.387459
DM-4574,0.013121
DM-4573,0.949669
DM-4572,0.038178
DM-4571,0.902266
DM-4570,0.67662
DM-4569,0.885631
DM-4568,0.186836
DM-4567,0.9462
DM-4566,0.045692
DM-4565,0.144149
DM-4564,0.923592
DM-4563,0.737536
DM-4562,0.544559
DM-4561,0.084795
DM-4560,0.066569
DM-4559,0.171338
DM-4558,0.974435
DM-4557,0.719975
DM-4556,0.008779
DM-4555,0.950778
DM-4554,0.960063
DM-4553,0.099121
DM-4552,0.988492
DM-4551,0.914291
DM-4550,0.577019
DM-4549,0.051463
DM-4548,0.665927
DM-4547,0.937211
DM-4546,0.277473
DM-4545,0.91611
DM-4544,0.912748
DM-4543,0.975577
DM-4542,0.989986
DM-4541,0.943764
DM-4540,0.92944
DM-4539,0.650297
DM-4538,0.936749
DM-4537,0.038756
DM-4536,0.506836
DM-4535,0.20466
DM-4534,0.027796
DM-4533,0.089773
DM-4532,0.906653
DM-4531,0.193452
DM-4530,0.004265
DM-4529,0.011687
DM-4528,0.954647
DM-4527,0.159217
DM-4526,0.985158
DM-4525,0.924142
DM-4524,0.851459
DM-4523,0.006488
DM-4522,0.008
DM-4521,0.125923
DM-4520,0.966663
DM-4519,0.976669
DM-4518,0.007121
DM-4517,0.018125
DM-4515,0.031619
DM-4514,0.79053
DM-4513,0.017177
DM-4512,0.700075
DM-4511,0.840783
DM-4510,0.011072
DM-4509,0.702938
DM-4508,0.833325
DM-4507,0.099121
DM-4506,0.024054
DM-4504,0.930962
DM-4503,0.100525
DM-4502,0.874935
DM-4501,0.015906
DM-4500,0.494629
DM-4499,0.924142
DM-4498,0.512693
DM-4497,0.920504
DM-4496,0.938576
DM-4495,0.116362
DM-4494,0.289874
DM-4493,0.684897
DM-4492,0.115162
DM-4491,0.896976
DM-4490,0.794066
DM-4489,0.039048
DM-4488,0.711631
DM-4487,0.044349
DM-4486,0.050518
DM-4485,0.084795
DM-4484,0.765593
DM-4483,0.846451
DM-4482,0.944995
DM-4481,0.051083
DM-4480,0.261897
DM-4479,0.962391
DM-4478,0.57081
DM-4477,0.01653
DM-4476,0.012723
DM-4475,0.054399
DM-4474,0.105579
DM-4473,0.755276
DM-4472,0.985271
DM-4471,0.982288
DM-4470,0.118385
DM-4469,0.86293
DM-4468,0.430147
DM-4467,0.771155
DM-4466,0.221182
DM-4465,0.369599
DM-4464,0.561696
DM-4463,0.173009
DM-4462,0.320183
DM-4461,0.024054
DM-4460,0.023509
DM-4459,0.024238
DM-4458,0.024423
DM-4457,0.949295
DM-4456,0.886027
DM-4455,0.969091
DM-4454,0.009708
DM-4453,0.093347
DM-4452,0.970688
DM-4451,0.989182
DM-4450,0.038178
DM-4449,0.984094
DM-4448,0.785638
DM-4447,0.477067
DM-4446,0.942082
DM-4445,0.712432
DM-4444,0.737914
DM-4443,0.158695
DM-4442,0.941223
DM-4441,0.099121
DM-4440,0.089455
DM-4439,0.020332
DM-4438,0.958226
DM-4437,0.966663
DM-4436,0.903635
DM-4435,0.909907
DM-4434,0.956634
DM-4433,0.073963
DM-4432,0.877477
DM-4431,0.966663
DM-4430,0.117167
DM-4429,0.957912
DM-4428,0.039639
DM-4426,0.084191
DM-4423,0.068787
DM-4421,0.027585
DM-4420,0.758511
DM-4419,0.696371
DM-4418,0.983723
DM-4417,0.094343
DM-4416,0.530723
DM-4415,0.868827
DM-4414,0.407569
DM-4413,0.856812
DM-4412,0.672224
DM-4411,0.084493
DM-4410,0.037609
DM-4409,0.036769
DM-4408,0.010014
DM-4407,0.004982
DM-4406,0.18418
DM-4405,0.811974
DM-4404,0.510741
DM-4403,0.04778
DM-4402,0.960657
DM-4401,0.981875
DM-4400,0.030676
DM-4399,0.010902
DM-4398,0.023153
DM-4397,0.019271
DM-4396,0.012241
DM-4395,0.104112
DM-4394,0.011869
DM-4393,0.924688
DM-4392,0.583678
DM-4391,0.011687
DM-4390,0.006693
DM-4389,0.121269
DM-4388,0.00514
DM-4387,0.004332
DM-4386,0.292658
DM-4385,0.027796
DM-4384,0.019271
DM-4383,0.899475
DM-4382,0.931463
DM-4381,0.014064
DM-4380,0.042404
DM-4379,0.987946
DM-4378,0.751648
DM-4377,0.979511
DM-4376,0.977023
DM-4375,0.384565
DM-4374,0.011961
DM-4373,0.655722
DM-4372,0.138928
DM-4371,0.205615
DM-4370,0.618579
DM-4369,0.108566
DM-4368,0.056652
DM-4367,0.024423
DM-4366,0.225417
DM-4365,0.951142
DM-4364,0.958226
DM-4363,0.727589
DM-4362,0.977543
DM-4361,0.009413
DM-4360,0.00838
DM-4359,0.006693
DM-4358,0.053999
DM-4357,0.964321
DM-4356,0.973037
DM-4354,0.608361
DM-4353,0.946597
DM-4352,0.987375
DM-4351,0.907312
DM-4350,0.567457
DM-4349,0.016657
DM-4348,0.985496
DM-4347,0.024054
DM-4346,0.141281
DM-4345,0.181844
DM-4344,0.004538
DM-4343,0.287668
DM-4342,0.567937
DM-4340,0.973037
DM-4339,0.962953
DM-4338,0.969556
DM-4337,0.975577
DM-4336,0.986363
DM-4335,0.01292
DM-4334,0.00407
DM-4333,0.962108
DM-4332,0.961822
DM-4331,0.466116
DM-4330,0.459319
DM-4329,0.159741
DM-4328,0.140808
DM-4327,0.011597
DM-4326,0.953622
DM-4325,0.898767
DM-4324,0.962673
DM-4323,0.798815
DM-4322,0.008446
DM-4321,0.006388
DM-4320,0.920218
DM-4319,0.009936
DM-4318,0.893681
DM-4317,0.416559
DM-4316,0.29798
DM-4315,0.586996
DM-4314,0.572245
DM-4313,0.7773
DM-4312,0.905657
DM-4311,0.936749
DM-4310,0.014282
DM-4309,0.954647
DM-4308,0.00573
DM-4307,0.854399
DM-4306,0.955651
DM-4305,0.018833
DM-4304,0.585397
DM-4303,0.122104
DM-4302,0.012625
DM-4301,0.923039
DM-4300,0.009559
DM-4299,0.174973
DM-4298,0.230054
DM-4297,0.012054
DM-4296,0.498535
DM-4295,0.683631
DM-4294,0.963231
DM-4293,0.148047
DM-4292,0.084795
DM-4291,0.13707
DM-4290,0.928409
DM-4289,0.873647
DM-4288,0.967899
DM-4287,0.955319
DM-4286,0.328422
DM-4284,0.959154
DM-4283,0.481941
DM-4282,0.613092
DM-4281,0.073165
DM-4280,0.237222
DM-4279,0.270288
DM-4278,0.360058
DM-4277,0.293101
DM-4276,0.473414
DM-4275,0.615666
DM-4274,0.898767
DM-4273,0.024798
DM-4272,0.023331
DM-4271,0.023509
DM-4270,0.022977
DM-4269,0.02461
DM-4268,0.988492
DM-4267,0.597138
DM-4266,0.0341
DM-4265,0.987179
DM-4264,0.949669
DM-4263,0.908618
DM-4262,0.962391
DM-4261,0.982691
DM-4260,0.948917
DM-4259,0.94079
DM-4258,0.171894
DM-4257,0.069289
DM-4256,0.009197
DM-4255,0.96741
DM-4254,0.966914
DM-4253,0.839734
DM-4252,0.954647
DM-4251,0.276691
DM-4250,0.014957
DM-4249,0.968856
DM-4248,0.778313
DM-4247,0.7773
DM-4246,0.352313
DM-4245,0.007121
DM-4244,0.008577
DM-4243,0.949669
DM-4240,0.982151
DM-4239,0.856332
DM-4238,0.01142
DM-4237,0.006388
DM-4236,0.041774
DM-4235,0.030909
DM-4234,0.194062
DM-4233,0.009784
DM-4232,0.013637
DM-4231,0.080937
DM-4230,0.020332
DM-4229,0.935817
DM-4228,0.772187
DM-4227,0.960657
DM-4226,0.975202
DM-4225,0.644281
DM-4224,0.009708
DM-4223,0.013428
DM-4222,0.136148
DM-4220,0.942082
DM-4219,0.851459
DM-4218,0.014504
DM-4217,0.08819
DM-4216,0.03138
DM-4215,0.045016
DM-4214,0.471467
DM-4213,0.046034
DM-4212,0.024238
DM-4211,0.018547
DM-4210,0.127218
DM-4209,0.562657
DM-4208,0.935817
DM-4207,0.024054
DM-4206,0.004399
DM-4205,0.008577
DM-4204,0.010735
DM-4203,0.00573
DM-4202,0.155591
DM-4201,0.954647
DM-4200,0.072637
DM-4199,0.101947
DM-4198,0.020332
DM-4197,0.008644
DM-4196,0.956957
DM-4195,0.854885
DM-4194,0.015544
DM-4193,0.873215
DM-4192,0.32611
DM-4191,0.165593
DM-4190,0.635703
DM-4189,0.035679
DM-4188,0.429429
DM-4187,0.988313
DM-4186,0.949669
DM-4185,0.244183
DM-4184,0.311951
DM-4183,0.776623
DM-4182,0.947381
DM-4181,0.969324
DM-4180,0.964855
DM-4179,0.7413
DM-4178,0.935346
DM-4177,0.791499
DM-4176,0.941654
DM-4175,0.883638
DM-4174,0.984336
DM-4173,0.832781
DM-4172,0.92523
DM-4171,0.939471
DM-4170,0.951142
DM-4168,0.321034
DM-4167,0.847463
DM-4166,0.573201
DM-4165,0.267504
DM-4164,0.980431
DM-4163,0.066327
DM-4162,0.791176
DM-4161,0.431584
DM-4160,0.014504
DM-4159,0.07921
DM-4158,0.44071
DM-4157,0.955981
DM-4156,0.948155
DM-4155,0.867036
DM-4154,0.037609
DM-4153,0.963506
DM-4152,0.697815
DM-4151,0.247623
DM-4150,0.968141
DM-4149,0.59749
DM-4148,0.082697
DM-4147,0.80502
DM-4146,0.975762
DM-4145,0.69285
DM-4144,0.072637
DM-4143,0.967163
DM-4142,0.939471
DM-4141,0.043043
DM-4140,0.950778
DM-4139,0.012625
DM-4138,0.947381
DM-4137,0.033844
DM-4136,0.964589
DM-4135,0.973443
DM-4134,0.889912
DM-4133,0.008711
DM-4132,0.327023
DM-4131,0.689096
DM-4130,0.014842
DM-4129,0.007346
DM-4128,0.012723
DM-4127,0.008188
DM-4126,0.718199
DM-4125,0.00659
DM-4124,0.445047
DM-4123,0.255715
DM-4122,0.048858
DM-4121,0.417746
DM-4120,0.161056
DM-4119,0.887984
DM-4118,0.957596
DM-4117,0.357455
DM-4116,0.865224
DM-4115,0.151278
DM-4114,0.009486
DM-4113,0.899828
DM-4112,0.140808
DM-4111,0.688678
DM-4110,0.252568
DM-4109,0.045016
DM-4108,0.013121
DM-4107,0.045016
DM-4106,0.958226
DM-4105,0.067056
DM-4104,0.039048
DM-4103,0.017177
DM-4102,0.776962
DM-4101,0.018978
DM-4100,0.042722
DM-4099,0.932453
DM-4098,0.879561
DM-4097,0.16132
DM-4096,0.408749
DM-4095,0.096025
DM-4094,0.979354
DM-4093,0.019569
DM-4092,0.915809
DM-4091,0.122104
DM-4090,0.177526
DM-4089,0.506836
DM-4088,0.639905
DM-4087,0.590307
DM-4086,0.437103
DM-4085,0.58261
DM-4084,0.985718
DM-4083,0.987568
DM-4082,0.986777
DM-4081,0.986979
DM-4080,0.024988
DM-4079,0.847463
DM-4078,0.936749
DM-4077,0.954647
DM-4076,0.176388
DM-4075,0.966156
DM-4073,0.014729
DM-4072,0.021781
DM-4071,0.007461
DM-4070,0.962953
DM-4069,0.327749
DM-4068,0.979195
DM-4067,0.951504
DM-4066,0.018833
DM-4065,0.659953
DM-4064,0.967656
DM-4063,0.01142
DM-4062,0.866585
DM-4061,0.928926
DM-4060,0.895888
DM-4059,0.586286
DM-4058,0.585101
DM-4057,0.970013
DM-4056,0.969091
DM-4055,0.962108
DM-4054,0.438545
DM-4053,0.234757
DM-4052,0.262275
DM-4051,0.052231
DM-4050,0.070816
DM-4049,0.717012
DM-4048,0.856812
DM-4047,0.179818
DM-4046,0.824462
DM-4045,0.983597
DM-4044,0.92523
DM-4043,0.970465
DM-4042,0.761006
DM-4041,0.824462
DM-4040,0.984811
DM-4039,0.964589
DM-4038,0.569374
DM-4037,0.063019
DM-4036,0.064653
DM-4035,0.06165
DM-4034,0.076408
DM-4033,0.009559
DM-4032,0.303371
DM-4031,0.008125
DM-4030,0.946597
DM-4029,0.798187
DM-4028,0.068537
DM-4027,0.598547
DM-4026,0.199932
DM-4025,0.402627
DM-4024,0.877056
DM-4023,0.360827
DM-4022,0.00522
DM-4021,0.054601
DM-4020,0.007577
DM-4019,0.009268
DM-4018,0.006904
DM-4017,0.033086
DM-4016,0.96378
DM-4015,0.623835
DM-4014,0.039048
DM-4013,0.969324
DM-4012,0.005555
DM-4011,0.842345
DM-4010,0.007877
DM-4009,0.966914
DM-4008,0.185652
DM-4007,0.010408
DM-4006,0.014842
DM-4005,0.020489
DM-4004,0.394551
DM-4003,0.957278
DM-4002,0.073696
DM-4001,0.980281
DM-4000,0.011778
DM-3999,0.022286
DM-3998,0.862468
DM-3997,0.022457
DM-3996,0.409339
DM-3995,0.71103
DM-3994,0.198375
DM-3993,0.00506
DM-3992,0.022977
DM-3990,0.773559
DM-3989,0.023509
DM-3988,0.52829
DM-3987,0.01017
DM-3986,0.743168
DM-3985,0.052231
DM-3984,0.018833
DM-3983,0.131619
DM-3982,0.209146
DM-3981,0.143668
DM-3980,0.896976
DM-3979,0.917303
DM-3978,0.973844
DM-3977,0.936749
DM-3976,0.956309
DM-3975,0.819893
DM-3974,0.664486
DM-3973,0.077239
DM-3972,0.91848
DM-3971,0.883638
DM-3970,0.006193
DM-3969,0.823896
DM-3968,0.952574
DM-3967,0.718594
DM-3966,0.144149
DM-3965,0.856332
DM-3962,0.940353
DM-3961,0.940353
DM-3960,0.222869
DM-3959,0.024988
DM-3958,0.953966
DM-3957,0.089773
DM-3956,0.909907
DM-3955,0.979195
DM-3954,0.176672
DM-3953,0.816113
DM-3952,0.892187
DM-3951,0.856332
DM-3950,0.975946
DM-3949,0.886027
DM-3948,0.735262
DM-3947,0.939025
DM-3946,0.112016
DM-3945,0.127653
DM-3944,0.438304
DM-3943,0.014392
DM-3942,0.9659
DM-3941,0.827828
DM-3940,0.811676
DM-3939,0.947381
DM-3938,0.866585
DM-3937,0.548432
DM-3936,0.005642
DM-3935,0.019271
DM-3934,0.630912
DM-3933,0.004134
DM-3932,0.006693
DM-3931,0.063251
DM-3930,0.696475
DM-3929,0.479016
DM-3928,0.011158
DM-3927,0.233357
DM-3926,0.870157
DM-3925,0.089137
DM-3924,0.969785
DM-3923,0.710025
DM-3922,0.363252
DM-3921,0.975762
DM-3920,0.049589
DM-3919,0.53437
DM-3918,0.842863
DM-3917,0.986572
DM-3916,0.367043
DM-3915,0.011332
DM-3914,0.97631
DM-3913,0.893309
DM-3912,0.041462
DM-3911,0.065605
DM-3910,0.102664
DM-3909,0.955319
DM-3908,0.933431
DM-3907,0.818156
DM-3906,0.980581
DM-3905,0.974239
DM-3904,0.010014
DM-3903,0.091382
DM-3902,0.185357
DM-3901,0.904987
DM-3900,0.813461
DM-3899,0.914291
DM-3898,0.178956
DM-3897,0.134094
DM-3896,0.100879
DM-3895,0.057705
DM-3894,0.045353
DM-3893,0.974629
DM-3892,0.890675
DM-3891,0.935346
DM-3890,0.011072
DM-3889,0.009268
DM-3888,0.098079
DM-3887,0.989347
DM-3886,0.980729
DM-3885,0.990587
DM-3884,0.934395
DM-3883,0.962953
DM-3882,0.971779
DM-3881,0.951142
DM-3880,0.069289
DM-3879,0.091058
DM-3878,0.892563
DM-3877,0.555676
DM-3876,0.980729
DM-3875,0.970013
DM-3874,0.971779
DM-3873,0.975946
DM-3872,0.968141
DM-3871,0.926835
DM-3870,0.975202
DM-3869,0.972415
DM-3868,0.048858
DM-3867,0.073696
DM-3866,0.101589
DM-3865,0.973443
DM-3864,0.984811
DM-3863,0.86431
DM-3862,0.971779
DM-3861,0.974239
DM-3860,0.983343
DM-3859,0.981453
DM-3858,0.983343
DM-3857,0.716814
DM-3856,0.013532
DM-3855,0.952926
DM-3854,0.00838
DM-3853,0.971347
DM-3852,0.981453
DM-3851,0.924688
DM-3850,0.006388
DM-3849,0.933431
DM-3848,0.101589
DM-3847,0.006798
DM-3846,0.180684
DM-3845,0.735262
DM-3844,0.193757
DM-3843,0.882022
DM-3842,0.849971
DM-3841,0.969091
DM-3840,0.982288
DM-3839,0.114369
DM-3838,0.981736
DM-3837,0.938576
DM-3836,0.9659
DM-3835,0.968141
DM-3834,0.711631
DM-3833,0.970013
DM-3832,0.924688
DM-3831,0.059866
DM-3830,0.960952
DM-3829,0.933431
DM-3828,0.662305
DM-3827,0.967656
DM-3826,0.890675
DM-3825,0.098773
DM-3824,0.011245
DM-3823,0.736969
DM-3822,0.976669
DM-3821,0.02976
DM-3820,0.948537
DM-3819,0.295484
DM-3818,0.271831
DM-3817,0.609548
DM-3816,0.008711
DM-3815,0.007696
DM-3814,0.952926
DM-3813,0.966156
DM-3812,0.713232
DM-3811,0.048858
DM-3810,0.928409
DM-3809,0.678859
DM-3808,0.333395
DM-3807,0.940353
DM-3806,0.186539
DM-3805,0.149283
DM-3804,0.017986
DM-3803,0.251832
DM-3802,0.004755
DM-3801,0.006904
DM-3800,0.008985
DM-3799,0.024054
DM-3798,0.019271
DM-3797,0.259826
DM-3796,0.021125
DM-3795,0.007461
DM-3794,0.91118
DM-3793,0.677794
DM-3792,0.006388
DM-3791,0.968856
DM-3790,0.942929
DM-3789,0.014282
DM-3788,0.951142
DM-3787,0.951863
DM-3786,0.951504
DM-3785,0.973037
DM-3784,0.919063
DM-3783,0.867036
DM-3782,0.842863
DM-3781,0.127653
DM-3780,0.965119
DM-3779,0.733738
DM-3778,0.103024
DM-3777,0.382487
DM-3776,0.452294
DM-3775,0.016029
DM-3774,0.024238
DM-3773,0.295078
DM-3772,0.017177
DM-3771,0.024054
DM-3770,0.966914
DM-3769,0.823328
DM-3768,0.338583
DM-3767,0.068537
DM-3766,0.932453
DM-3765,0.947381
DM-3764,0.009126
DM-3763,0.224565
DM-3762,0.957596
DM-3761,0.951504
DM-3760,0.839734
DM-3758,0.944177
DM-3757,0.944177
DM-3756,0.96641
DM-3755,0.972415
DM-3754,0.006004
DM-3753,0.92523
DM-3751,0.986151
DM-3750,0.813164
DM-3749,0.034359
DM-3748,0.026355
DM-3747,0.026355
DM-3746,0.023153
DM-3745,0.024423
DM-3744,0.023153
DM-3743,0.035948
DM-3742,0.036494
DM-3741,0.031619
DM-3740,0.035948
DM-3739,0.037047
DM-3738,0.026557
DM-3737,0.025179
DM-3736,0.025761
DM-3735,0.024054
DM-3734,0.026156
DM-3733,0.037327
DM-3732,0.040238
DM-3731,0.03259
DM-3730,0.036494
DM-3729,0.035679
DM-3728,0.043043
DM-3727,0.046725
DM-3725,0.037327
DM-3724,0.042722
DM-3723,0.041462
DM-3722,0.031144
DM-3721,0.034881
DM-3720,0.028436
DM-3719,0.029091
DM-3718,0.028436
DM-3717,0.0341
DM-3716,0.038178
DM-3715,0.03138
DM-3714,0.031859
DM-3713,0.030909
DM-3712,0.030444
DM-3711,0.0341
DM-3710,0.028436
DM-3709,0.029091
DM-3708,0.026759
DM-3707,0.230746
DM-3706,0.012241
DM-3705,0.795022
DM-3704,0.573081
DM-3703,0.070049
DM-3702,0.433502
DM-3701,0.853425
DM-3700,0.846451
DM-3699,0.811974
DM-3698,0.606964
DM-3697,0.031144
DM-3696,0.006004
DM-3695,0.271059
DM-3694,0.058132
DM-3693,0.083292
DM-3692,0.112795
DM-3691,0.019871
DM-3690,0.886813
DM-3689,0.965119
DM-3688,0.00514
DM-3687,0.539469
DM-3686,0.016029
DM-3685,0.950778
DM-3684,0.973241
DM-3683,0.935817
DM-3682,0.148047
DM-3681,0.955319
DM-3680,0.831143
DM-3679,0.966156
DM-3678,0.028653
DM-3677,0.07836
DM-3676,0.696784
DM-3675,0.906983
DM-3674,0.934395
DM-3673,0.963506
DM-3672,0.938124
DM-3670,0.010653
DM-3669,0.008847
DM-3668,0.013956
DM-3667,0.011332
DM-3666,0.952574
DM-3665,0.558748
DM-3664,0.157396
DM-3663,0.962953
DM-3662,0.910863
DM-3661,0.789883
DM-3660,0.702122
DM-3659,0.804713
DM-3658,0.939471
DM-3657,0.09947
DM-3656,0.008711
DM-3655,0.009936
DM-3654,0.863852
DM-3653,0.938124
DM-3652,0.987759
DM-3651,0.011961
DM-3650,0.868827
DM-3649,0.035679
DM-3648,0.939025
DM-3647,0.968141
DM-3646,0.510496
DM-3645,0.983343
DM-3644,0.984575
DM-3643,0.456168
DM-3642,0.887205
DM-3641,0.992062
DM-3640,0.858719
DM-3639,0.473414
DM-3638,0.011072
DM-3637,0.9659
DM-3636,0.90599
DM-3635,0.008916
DM-3634,0.987179
DM-3633,0.025761
DM-3632,0.492676
DM-3631,0.68679
DM-3630,0.810779
DM-3629,0.893681
DM-3628,0.695648
DM-3627,0.96741
DM-3626,0.723505
DM-3625,0.936285
DM-3624,0.92944
DM-3623,0.16398
DM-3622,0.983971
DM-3621,0.927888
DM-3620,0.926304
DM-3619,0.011961
DM-3618,0.00582
DM-3617,0.368178
DM-3616,0.816991
DM-3615,0.771843
DM-3614,0.032837
DM-3613,0.025371
DM-3612,0.012336
DM-3611,0.754915
DM-3610,0.826151
DM-3609,0.982151
DM-3608,0.96862
DM-3607,0.706393
DM-3606,0.452536
DM-3605,0.992539
DM-3604,0.985158
DM-3603,0.987568
DM-3602,0.975012
DM-3601,0.984575
DM-3600,0.978713
DM-3599,0.972204
DM-3598,0.006004
DM-3597,0.738669
DM-3596,0.869271
DM-3595,0.134776
DM-3593,0.979354
DM-3592,0.968856
DM-3591,0.986363
DM-3590,0.360039
DM-3589,0.032101
DM-3588,0.981595
DM-3587,0.988492
DM-3586,0.944587
DM-3585,0.884039
DM-3584,0.116764
DM-3583,0.980431
DM-3582,0.98347
DM-3581,0.900879
DM-3580,0.98983
DM-3579,0.978219
DM-3575,0.71123
DM-3574,0.956957
DM-3573,0.790207
DM-3572,0.975946
DM-3571,0.923039
DM-3569,0.895888
DM-3568,0.979036
DM-3566,0.826151
DM-3564,0.89841
DM-3563,0.582729
DM-3562,0.917303
DM-3561,0.073963
DM-3560,0.969556
DM-3559,0.979977
DM-3558,0.981167
DM-3557,0.829492
DM-3556,0.887595
DM-3555,0.049589
DM-3554,0.284974
DM-3553,0.954984
DM-3552,0.968141
DM-3551,0.557604
DM-3550,0.981875
DM-3549,0.278846
DM-3548,0.931463
DM-3547,0.189821
DM-3546,0.850965
DM-3545,0.891434
DM-3544,0.971779
DM-3543,0.949669
DM-3542,0.026156
DM-3541,0.91611
DM-3540,0.97649
DM-3539,0.008985
DM-3538,0.039639
DM-3537,0.350644
DM-3536,0.984456
DM-3535,0.771499
DM-3534,0.880386
DM-3533,0.187133
DM-3532,0.560253
DM-3531,0.018833
DM-3530,0.018125
DM-3529,0.020023
DM-3528,0.018833
DM-3527,0.969785
DM-3526,0.901227
DM-3525,0.969785
DM-3524,0.047426
DM-3523,0.852445
DM-3522,0.007012
DM-3520,0.939471
DM-3519,0.067793
DM-3518,0.894789
DM-3517,0.017045
DM-3516,0.982557
DM-3515,0.969556
DM-3514,0.713432
DM-3512,0.963231
DM-3511,0.956634
DM-3510,0.013325
DM-3508,0.963506
DM-3506,0.983723
DM-3505,0.968856
DM-3504,0.05921
DM-3502,0.925769
DM-3501,0.981311
DM-3500,0.985496
DM-3499,0.955981
DM-3498,0.963231
DM-3496,0.911495
DM-3495,0.971129
DM-3494,0.004399
DM-3493,0.020489
DM-3492,0.011245
DM-3491,0.009197
DM-3490,0.37502
DM-3489,0.972204
DM-3488,0.015189
DM-3487,0.743168
DM-3486,0.030215
DM-3485,0.03359
DM-3484,0.992184
DM-3483,0.025761
DM-3482,0.696578
DM-3481,0.791499
DM-3480,0.991289
DM-3479,0.993096
DM-3478,0.992879
DM-3477,0.991422
DM-3476,0.752559
DM-3475,0.849971
DM-3474,0.008316
DM-3473,0.545286
DM-3472,0.956309
DM-3471,0.863392
DM-3470,0.838151
DM-3469,0.981311
DM-3468,0.007233
DM-3467,0.766643
DM-3466,0.01302
DM-3465,0.010328
DM-3464,0.011687
DM-3463,0.010408
DM-3462,0.865224
DM-3461,0.012821
DM-3460,0.004538
DM-3459,0.032101
DM-3458,0.919643
DM-3457,0.971779
DM-3456,0.008188
DM-3455,0.007233
DM-3454,0.010735
DM-3453,0.009936
DM-3452,0.970465
DM-3451,0.010091
DM-3450,0.183301
DM-3449,0.048137
DM-3448,0.184473
DM-3447,0.97631
DM-3446,0.123789
DM-3445,0.948155
DM-3444,0.910227
DM-3443,0.007756
DM-3442,0.015664
DM-3441,0.681727
DM-3440,0.024798
DM-3439,0.908942
DM-3438,0.641928
DM-3437,0.888759
DM-3436,0.79053
DM-3435,0.987568
DM-3434,0.016785
DM-3433,0.120439
DM-3432,0.010489
DM-3431,0.953966
DM-3430,0.113187
DM-3429,0.867934
DM-3428,0.616903
DM-3427,0.288168
DM-3426,0.887595
DM-3425,0.983597
DM-3424,0.762424
DM-3423,0.014957
DM-3422,0.979823
DM-3421,0.103386
DM-3420,0.00483
DM-3419,0.025565
DM-3418,0.115561
DM-3417,0.01017
DM-3416,0.059647
DM-3415,0.938124
DM-3414,0.899828
DM-3413,0.00407
DM-3412,0.885631
DM-3411,0.295128
DM-3410,0.214034
DM-3409,0.181553
DM-3408,0.93196
DM-3407,0.799755
DM-3406,0.971992
DM-3405,0.012054
DM-3404,0.809276
DM-3403,0.019871
DM-3402,0.020964
DM-3401,0.631253
DM-3400,0.024054
DM-3399,0.646125
DM-3398,0.006798
DM-3397,0.857768
DM-3396,0.965381
DM-3395,0.040238
DM-3394,0.497559
DM-3393,0.003884
DM-3392,0.006904
DM-3391,0.901921
DM-3390,0.024423
DM-3389,0.007233
DM-3388,0.044349
DM-3387,0.120026
DM-3386,0.931463
DM-3385,0.039343
DM-3384,0.572484
DM-3383,0.188922
DM-3382,0.882833
DM-3381,0.138928
DM-3380,0.900179
DM-3379,0.204025
DM-3378,0.940353
DM-3377,0.038466
DM-3376,0.021287
DM-3375,0.033844
DM-3374,0.055823
DM-3373,0.541894
DM-3372,0.549641
DM-3371,0.577495
DM-3370,0.877896
DM-3369,0.757794
DM-3368,0.943348
DM-3367,0.882833
DM-3366,0.241132
DM-3365,0.793426
DM-3364,0.044019
DM-3363,0.008511
DM-3362,0.049959
DM-3361,0.013956
DM-3360,0.021781
DM-3359,0.928409
DM-3358,0.761006
DM-3357,0.225758
DM-3356,0.023689
DM-3355,0.762778
DM-3354,0.612541
DM-3353,0.950778
DM-3352,0.049589
DM-3351,0.042088
DM-3350,0.007233
DM-3349,0.111241
DM-3348,0.801004
DM-3347,0.957278
DM-3346,0.770119
DM-3345,0.040541
DM-3344,0.085404
DM-3343,0.071591
DM-3342,0.079782
DM-3341,0.07477
DM-3340,0.081228
DM-3339,0.08389
DM-3338,0.16398
DM-3337,0.127653
DM-3336,0.129843
DM-3335,0.111628
DM-3334,0.111628
DM-3333,0.121686
DM-3332,0.123366
DM-3331,0.103386
DM-3330,0.124639
DM-3329,0.122944
DM-3328,0.105579
DM-3327,0.104477
DM-3326,0.115561
DM-3325,0.110471
DM-3324,0.088505
DM-3323,0.058346
DM-3322,0.055005
DM-3321,0.055005
DM-3320,0.054199
DM-3319,0.060087
DM-3318,0.052231
DM-3317,0.05921
DM-3316,0.057918
DM-3315,0.053403
DM-3314,0.048858
DM-3313,0.051083
DM-3312,0.049222
DM-3311,0.060975
DM-3310,0.055413
DM-3309,0.054199
DM-3308,0.049589
DM-3307,0.050705
DM-3306,0.047074
DM-3305,0.045353
DM-3304,0.042722
DM-3303,0.042404
DM-3302,0.039343
DM-3301,0.039639
DM-3300,0.426919
DM-3299,0.409929
DM-3298,0.38437
DM-3297,0.421076
DM-3296,0.140336
DM-3295,0.130285
DM-3294,0.133868
DM-3293,0.120439
DM-3292,0.130285
DM-3291,0.114765
DM-3290,0.123789
DM-3289,0.116764
DM-3288,0.21767
DM-3287,0.208179
DM-3286,0.200871
DM-3285,0.180395
DM-3284,0.149531
DM-3283,0.137532
DM-3282,0.140808
DM-3281,0.131173
DM-3280,0.295128
DM-3279,0.313105
DM-3278,0.286369
DM-3277,0.271831
DM-3276,0.2819
DM-3275,0.272218
DM-3274,0.27513
DM-3273,0.731826
DM-3272,0.796925
DM-3271,0.727395
DM-3270,0.724675
DM-3269,0.70253
DM-3268,0.680135
DM-3267,0.734501
DM-3266,0.912748
DM-3265,0.471223
DM-3264,0.436382
DM-3263,0.94079
DM-3262,0.889529
DM-3261,0.008062
DM-3259,0.042722
DM-3258,0.00934
DM-3257,0.030215
DM-3256,0.054199
DM-3255,0.808067
DM-3254,0.97539
DM-3253,0.978875
DM-3249,0.977371
DM-3247,0.972831
DM-3246,0.970688
DM-3245,0.940353
DM-3243,0.048496
DM-3242,0.942929
DM-3241,0.037892
DM-3240,0.902952
DM-3239,0.944177
DM-3238,0.101947
DM-3237,0.008252
DM-3236,0.011158
DM-3235,0.917303
DM-3234,0.386185
DM-3233,0.871912
DM-3232,0.813461
DM-3231,0.6705
DM-3230,0.933915
DM-3229,0.809878
DM-3228,0.799442
DM-3227,0.022457
DM-3226,0.008446
DM-3225,0.01302
DM-3224,0.771155
DM-3223,0.907312
DM-3222,0.007877
DM-3221,0.005469
DM-3220,0.004538
DM-3219,0.009197
DM-3218,0.003483
DM-3217,0.964321
DM-3216,0.793106
DM-3215,0.96741
DM-3214,0.012528
DM-3213,0.011597
DM-3212,0.168583
DM-3209,0.059866
DM-3208,0.976129
DM-3207,0.970013
DM-3206,0.883236
DM-3205,0.578091
DM-3204,0.915507
DM-3203,0.005911
DM-3202,0.016277
DM-3201,0.007696
DM-3200,0.007938
DM-3199,0.903294
DM-3198,0.957596
DM-3197,0.073165
DM-3196,0.027585
DM-3195,0.021781
DM-3194,0.461988
DM-3193,0.924142
DM-3192,0.97649
DM-3191,0.436862
DM-3190,0.010014
DM-3189,0.007233
DM-3188,0.01302
DM-3187,0.098079
DM-3186,0.019871
DM-3185,0.968141
DM-3184,0.953275
DM-3183,0.004538
DM-3182,0.007233
DM-3181,0.098079
DM-3180,0.098079
DM-3179,0.107813
DM-3178,0.107063
DM-3177,0.09236
DM-3176,0.101233
DM-3175,0.071591
DM-3174,0.008188
DM-3173,0.01653
DM-3172,0.054199
DM-3171,0.979511
DM-3170,0.948917
DM-3168,0.014729
DM-3167,0.241311
DM-3166,0.021781
DM-3165,0.008577
DM-3164,0.94699
DM-3163,0.895157
DM-3162,0.943348
DM-3161,0.968856
DM-3160,0.044681
DM-3159,0.011508
DM-3158,0.92079
DM-3156,0.93196
DM-3155,0.955319
DM-3154,0.023153
DM-3153,0.020964
DM-3152,0.009055
DM-3151,0.91118
DM-3150,0.836555
DM-3149,0.065845
DM-3148,0.842863
DM-3147,0.926304
DM-3146,0.902266
DM-3145,0.008446
DM-3144,0.932944
DM-3143,0.006098
DM-3142,0.784319
DM-3141,0.137996
DM-3140,0.023689
DM-3139,0.108189
DM-3138,0.924688
DM-3137,0.156878
DM-3136,0.020023
DM-3135,0.795658
DM-3134,0.970909
DM-3133,0.194062
DM-3132,0.701304
DM-3131,0.4917
DM-3130,0.06165
DM-3129,0.159741
DM-3128,0.954984
DM-3127,0.480966
DM-3126,0.009784
DM-3125,0.683314
DM-3124,0.914291
DM-3123,0.969556
DM-3122,0.066085
DM-3121,0.979036
DM-3120,0.921922
DM-3119,0.942082
DM-3118,0.21767
DM-3117,0.637708
DM-3116,0.017442
DM-3115,0.858244
DM-3114,0.119614
DM-3113,0.5
DM-3112,0.008062
DM-3111,0.924688
DM-3110,0.764892
DM-3109,0.923592
DM-3108,0.091058
DM-3107,0.016785
DM-3106,0.026759
DM-3105,0.874077
DM-3104,0.026156
DM-3103,0.951863
DM-3102,0.067056
DM-3101,0.884439
DM-3100,0.354321
DM-3099,0.112016
DM-3098,0.064418
DM-3097,0.286568
DM-3096,0.018264
DM-3095,0.018405
DM-3094,0.018833
DM-3093,0.019719
DM-3092,0.018833
DM-3091,0.045353
DM-3090,0.948917
DM-3089,0.487307
DM-3088,0.533397
DM-3087,0.408513
DM-3086,0.409811
DM-3085,0.416085
DM-3084,0.428712
DM-3083,0.439988
DM-3082,0.099821
DM-3081,0.086323
DM-3080,0.093017
DM-3079,0.089455
DM-3078,0.095687
DM-3077,0.125065
DM-3076,0.112405
DM-3075,0.124639
DM-3074,0.113187
DM-3073,0.124639
DM-3072,0.118793
DM-3071,0.120439
DM-3070,0.129843
DM-3069,0.119203
DM-3068,0.128963
DM-3067,0.118793
DM-3066,0.128963
DM-3065,0.125493
DM-3064,0.126353
DM-3063,0.125065
DM-3062,0.110471
DM-3061,0.120439
DM-3060,0.111241
DM-3059,0.121269
DM-3058,0.117978
DM-3057,0.095349
DM-3056,0.098425
DM-3055,0.080357
DM-3054,0.090093
DM-3053,0.082994
DM-3052,0.080357
DM-3051,0.077239
DM-3050,0.076684
DM-3049,0.080937
DM-3048,0.073963
DM-3047,0.071591
DM-3046,0.084493
DM-3045,0.07836
DM-3044,0.078078
DM-3043,0.076684
DM-3042,0.080357
DM-3041,0.075312
DM-3040,0.189221
DM-3039,0.869271
DM-3038,0.127218
DM-3037,0.982823
DM-3036,0.528533
DM-3035,0.042722
DM-3034,0.176672
DM-3033,0.331782
DM-3032,0.20466
DM-3031,0.028871
DM-3030,0.480966
DM-3029,0.687945
DM-3028,0.013223
DM-3027,0.725649
DM-3026,0.605974
DM-3025,0.914901
DM-3024,0.504883
DM-3023,0.071074
DM-3022,0.051845
DM-3021,0.865679
DM-3020,0.972831
DM-3019,0.938576
DM-3018,0.28897
DM-3017,0.033337
DM-3016,0.847968
DM-3015,0.203075
DM-3014,0.049589
DM-3013,0.444324
DM-3012,0.333123
DM-3011,0.092688
DM-3010,0.887595
DM-3009,0.92523
DM-3008,0.932944
DM-3007,0.9659
DM-3006,0.030215
DM-3005,0.93196
DM-3004,0.939025
DM-3003,0.969785
DM-3002,0.857768
DM-3001,0.950041
DM-3000,0.787605
DM-2999,0.719778
DM-2998,0.807157
DM-2997,0.278453
DM-2996,0.926835
DM-2995,0.007012
DM-2994,0.017442
DM-2993,0.013532
DM-2992,0.936285
DM-2991,0.673192
DM-2990,0.953966
DM-2989,0.517815
DM-2988,0.775265
DM-2987,0.669367
DM-2986,0.939025
DM-2985,0.129403
DM-2984,0.408513
DM-2983,0.927363
DM-2982,0.004399
DM-2981,0.046378
DM-2980,0.92523
DM-2978,0.013532
DM-2977,0.935346
DM-2976,0.025371
DM-2975,0.063251
DM-2972,0.954308
DM-2971,0.876634
DM-2970,0.073165
DM-2969,0.936749
DM-2968,0.91848
DM-2967,0.039937
DM-2966,0.976669
DM-2965,0.285472
DM-2964,0.537527
DM-2963,0.132515
DM-2962,0.973241
DM-2961,0.83868
DM-2960,0.331769
DM-2959,0.942507
DM-2958,0.938124
DM-2957,0.57344
DM-2956,0.603932
DM-2955,0.822189
DM-2954,0.384565
DM-2953,0.732209
DM-2952,0.939025
DM-2951,0.962673
DM-2950,0.011869
DM-2949,0.744099
DM-2948,0.820757
DM-2947,0.004199
DM-2946,0.068289
DM-2945,0.00838
DM-2944,0.077797
DM-2943,0.012147
DM-2942,0.135004
DM-2941,0.015785
DM-2940,0.011332
DM-2939,0.872782
DM-2938,0.012432
DM-2937,0.151529
DM-2936,0.906653
DM-2935,0.008916
DM-2934,0.832781
DM-2933,0.014392
DM-2932,0.13707
DM-2931,0.242564
DM-2930,0.007461
DM-2929,0.011158
DM-2928,0.897336
DM-2927,0.844409
DM-2926,0.025565
DM-2925,0.180107
DM-2924,0.135232
DM-2923,0.044019
DM-2922,0.949295
DM-2921,0.028871
DM-2920,0.216012
DM-2919,0.020646
DM-2918,0.063715
DM-2917,0.017986
DM-2916,0.839734
DM-2915,0.136608
DM-2914,0.079782
DM-2913,0.026964
DM-2912,0.018405
DM-2911,0.083292
DM-2910,0.012241
DM-2909,0.048496
DM-2908,0.744285
DM-2907,0.030215
DM-2906,0.799442
DM-2905,0.526099
DM-2904,0.821617
DM-2903,0.842863
DM-2902,0.006904
DM-2901,0.005911
DM-2900,0.08882
DM-2899,0.043043
DM-2898,0.979823
DM-2897,0.895888
DM-2896,0.045353
DM-2895,0.933431
DM-2894,0.05921
DM-2893,0.983085
DM-2892,0.874935
DM-2891,0.018405
DM-2890,0.008446
DM-2889,0.102305
DM-2888,0.086016
DM-2887,0.006693
DM-2886,0.012625
DM-2885,0.010328
DM-2884,0.005555
DM-2883,0.023871
DM-2882,0.989511
DM-2881,0.986979
DM-2880,0.541651
DM-2879,0.172729
DM-2878,0.052619
DM-2877,0.032101
DM-2876,0.81582
DM-2875,0.006798
DM-2874,0.954984
DM-2873,0.00506
DM-2872,0.007816
DM-2871,0.930962
DM-2870,0.480235
DM-2869,0.480235
DM-2868,0.480235
DM-2867,0.480235
DM-2866,0.480235
DM-2865,0.494141
DM-2864,0.005911
DM-2863,0.068537
DM-2862,0.88642
DM-2861,0.936749
DM-2860,0.331823
DM-2859,0.00573
DM-2858,0.042404
DM-2857,0.015785
DM-2856,0.894052
DM-2855,0.919063
DM-2854,0.012723
DM-2853,0.879147
DM-2852,0.0538
DM-2851,0.563138
DM-2850,0.96378
DM-2849,0.930458
DM-2848,0.972415
DM-2847,0.974435
DM-2846,0.00506
DM-2845,0.96641
DM-2844,0.034619
DM-2843,0.705582
DM-2841,0.97631
DM-2840,0.944995
DM-2839,0.007461
DM-2838,0.957278
DM-2837,0.294114
DM-2836,0.017849
DM-2835,0.018405
DM-2834,0.019124
DM-2833,0.018125
DM-2832,0.021451
DM-2831,0.015664
DM-2830,0.273866
DM-2828,0.007121
DM-2827,0.982151
DM-2826,0.970909
DM-2825,0.780328
DM-2824,0.968856
DM-2823,0.972204
DM-2822,0.940353
DM-2821,0.957278
DM-2820,0.955319
DM-2819,0.569613
DM-2818,0.974435
DM-2817,0.618867
DM-2816,0.292292
DM-2815,0.453746
DM-2814,0.753467
DM-2813,0.970013
DM-2810,0.390941
DM-2809,0.926304
DM-2808,0.863852
DM-2807,0.954308
DM-2806,0.07836
DM-2805,0.91611
DM-2804,0.980129
DM-2803,0.789883
DM-2802,0.919353
DM-2801,0.912124
DM-2800,0.909907
DM-2799,0.018125
DM-2797,0.913677
DM-2796,0.012723
DM-2795,0.010653
DM-2794,0.648911
DM-2793,0.306579
DM-2792,0.034359
DM-2791,0.008446
DM-2790,0.078078
DM-2789,0.954984
DM-2788,0.041774
DM-2787,0.030215
DM-2786,0.839734
DM-2785,0.939471
DM-2784,0.942929
DM-2782,0.962391
DM-2781,0.585575
DM-2780,0.121686
DM-2779,0.57523
DM-2778,0.087876
DM-2777,0.073963
DM-2776,0.018978
DM-2775,0.15662
DM-2774,0.91118
DM-2773,0.101589
DM-2772,0.115162
DM-2771,0.663805
DM-2770,0.007461
DM-2769,0.055823
DM-2768,0.952574
DM-2767,0.006904
DM-2766,0.006693
DM-2765,0.830044
DM-2764,0.894421
DM-2763,0.948155
DM-2762,0.014616
DM-2761,0.00838
DM-2760,0.01017
DM-2759,0.812272
DM-2758,0.768733
DM-2757,0.09401
DM-2756,0.067056
DM-2755,0.130285
DM-2754,0.825027
DM-2753,0.439747
DM-2752,0.00986
DM-2751,0.943764
DM-2750,0.007461
DM-2749,0.798815
DM-2748,0.00365
DM-2747,0.149531
DM-2746,0.005469
DM-2745,0.992184
DM-2744,0.897695
DM-2743,0.245266
DM-2742,0.091382
DM-2741,0.959459
DM-2740,0.815233
DM-2739,0.015544
DM-2738,0.49707
DM-2737,0.282988
DM-2736,0.197599
DM-2735,0.03138
DM-2734,0.006488
DM-2733,0.885235
DM-2732,0.007012
DM-2731,0.83602
DM-2730,0.039639
DM-2729,0.021451
DM-2728,0.005385
DM-2727,0.109706
DM-2726,0.019124
DM-2725,0.018125
DM-2724,0.018264
DM-2723,0.018689
DM-2722,0.981453
DM-2720,0.45302
DM-2719,0.010653
DM-2718,0.721547
DM-2717,0.553747
DM-2716,0.006004
DM-2715,0.01057
DM-2714,0.342434
DM-2713,0.569853
DM-2712,0.814938
DM-2711,0.930458
DM-2710,0.048496
DM-2709,0.887595
DM-2708,0.008062
DM-2707,0.977371
DM-2706,0.9659
DM-2705,0.543106
DM-2704,0.057071
DM-2703,0.023871
DM-2702,0.015189
DM-2701,0.007121
DM-2700,0.00934
DM-2699,0.761716
DM-2698,0.010987
DM-2697,0.977883
DM-2696,0.950411
DM-2695,0.717606
DM-2694,0.733356
DM-2693,0.019271
DM-2692,0.980876
DM-2691,0.757077
DM-2690,0.932944
DM-2689,0.806548
DM-2688,0.429908
DM-2687,0.868381
DM-2686,0.987375
DM-2685,0.982014
DM-2684,0.969324
DM-2683,0.00483
DM-2682,0.007938
DM-2681,0.013637
DM-2680,0.056444
DM-2679,0.005385
DM-2678,0.04778
DM-2677,0.977714
DM-2676,0.100525
DM-2675,0.273283
DM-2674,0.211743
DM-2672,0.076132
DM-2671,0.071074
DM-2670,0.468304
DM-2669,0.953275
DM-2668,0.038178
DM-2667,0.973241
DM-2666,0.025179
DM-2665,0.984215
DM-2664,0.913677
DM-2663,0.419172
DM-2662,0.73659
DM-2661,0.977197
DM-2660,0.475118
DM-2659,0.909907
DM-2658,0.483892
DM-2657,0.869271
DM-2656,0.879147
DM-2655,0.977883
DM-2653,0.006693
DM-2652,0.953275
DM-2651,0.061199
DM-2650,0.025179
DM-2649,0.09739
DM-2648,0.509764
DM-2647,0.437343
DM-2646,0.782663
DM-2645,0.051463
DM-2644,0.312842
DM-2643,0.954647
DM-2642,0.019271
DM-2641,0.626581
DM-2640,0.324356
DM-2639,0.923039
DM-2638,0.117978
DM-2637,0.887205
DM-2636,0.267983
DM-2635,0.894052
DM-2634,0.626438
DM-2633,0.826712
DM-2632,0.966156
DM-2631,0.944177
DM-2630,0.886027
DM-2629,0.014957
DM-2628,0.008446
DM-2627,0.957596
DM-2626,0.008985
DM-2625,0.972831
DM-2624,0.771499
DM-2623,0.988131
DM-2622,0.97631
DM-2621,0.959762
DM-2620,0.008252
DM-2619,0.974629
DM-2618,0.007938
DM-2617,0.008316
DM-2616,0.014282
DM-2615,0.043043
DM-2614,0.688887
DM-2613,0.960657
DM-2612,0.797557
DM-2611,0.757436
DM-2610,0.953275
DM-2609,0.990732
DM-2608,0.991153
DM-2607,0.985718
DM-2606,0.057282
DM-2605,0.394434
DM-2604,0.020332
DM-2603,0.931463
DM-2602,0.929951
DM-2601,0.006904
DM-2600,0.982955
DM-2599,0.006904
DM-2598,0.685844
DM-2597,0.661704
DM-2596,0.351868
DM-2595,0.870157
DM-2594,0.301516
DM-2593,0.986363
DM-2592,0.649959
DM-2591,0.38096
DM-2590,0.756717
DM-2589,0.982014
DM-2588,0.010735
DM-2587,0.573917
DM-2586,0.985936
DM-2585,0.922482
DM-2584,0.846958
DM-2582,0.934395
DM-2581,0.035411
DM-2580,0.980581
DM-2579,0.00573
DM-2578,0.931463
DM-2577,0.395601
DM-2575,0.00514
DM-2574,0.833866
DM-2573,0.973443
DM-2572,0.79053
DM-2568,0.925769
DM-2566,0.171061
DM-2565,0.425367
DM-2564,0.570331
DM-2563,0.867934
DM-2562,0.60212
DM-2561,0.262842
DM-2560,0.259638
DM-2559,0.961534
DM-2558,0.955651
DM-2557,0.226099
DM-2556,0.037892
DM-2555,0.678327
DM-2554,0.015544
DM-2553,0.940353
DM-2552,0.004905
DM-2551,0.005555
DM-2550,0.009268
DM-2549,0.183301
DM-2548,0.028221
DM-2547,0.019871
DM-2546,0.003707
DM-2545,0.067793
DM-2544,0.007346
DM-2543,0.974821
DM-2542,0.921074
DM-2541,0.816991
DM-2540,0.946597
DM-2539,0.964589
DM-2538,0.978713
DM-2537,0.086942
DM-2536,0.470737
DM-2535,0.520984
DM-2534,0.940353
DM-2533,0.876211
DM-2532,0.932944
DM-2531,0.639398
DM-2530,0.783326
DM-2529,0.173009
DM-2528,0.880386
DM-2527,0.960952
DM-2526,0.969324
DM-2525,0.33876
DM-2524,0.186539
DM-2523,0.026964
DM-2522,0.977883
DM-2521,0.166404
DM-2520,0.975946
DM-2519,0.879974
DM-2518,0.364099
DM-2517,0.839734
DM-2516,0.044349
DM-2515,0.017442
DM-2514,0.375993
DM-2513,0.986363
DM-2512,0.979036
DM-2511,0.016029
DM-2510,0.981453
DM-2508,0.952926
DM-2507,0.975762
DM-2506,0.943764
DM-2505,0.979195
DM-2504,0.988668
DM-2503,0.670878
DM-2502,0.719778
DM-2500,0.966663
DM-2499,0.956634
DM-2498,0.311898
DM-2497,0.149283
DM-2496,0.008252
DM-2495,0.961822
DM-2494,0.348036
DM-2493,0.365457
DM-2492,0.03138
DM-2491,0.563618
DM-2490,0.038756
DM-2489,0.70028
DM-2488,0.071851
DM-2487,0.959154
DM-2486,0.872347
DM-2485,0.978052
DM-2484,0.910863
DM-2483,0.017986
DM-2482,0.021948
DM-2481,0.008985
DM-2480,0.902266
DM-2479,0.608594
DM-2478,0.094343
DM-2477,0.99517
DM-2476,0.043691
DM-2475,0.077797
DM-2473,0.024423
DM-2472,0.017986
DM-2471,0.037327
DM-2470,0.057918
DM-2469,0.879974
DM-2468,0.177526
DM-2467,0.68458
DM-2466,0.01302
DM-2465,0.08819
DM-2464,0.057705
DM-2463,0.045692
DM-2462,0.029091
DM-2461,0.966914
DM-2460,0.972415
DM-2459,0.678753
DM-2458,0.324985
DM-2457,0.13707
DM-2456,0.975762
DM-2455,0.013742
DM-2454,0.978713
DM-2453,0.980431
DM-2452,0.853425
DM-2451,0.020177
DM-2450,0.012528
DM-2449,0.05301
DM-2448,0.016657
DM-2447,0.033086
DM-2446,0.193452
DM-2445,0.008916
DM-2444,0.081813
DM-2443,0.027585
DM-2442,0.699254
DM-2441,0.524882
DM-2440,0.635279
DM-2439,0.800692
DM-2438,0.207536
DM-2437,0.709221
DM-2436,0.042088
DM-2435,0.022629
DM-2434,0.363986
DM-2433,0.830594
DM-2432,0.74872
DM-2431,0.951863
DM-2430,0.903294
DM-2429,0.029987
DM-2428,0.253122
DM-2427,0.922482
DM-2426,0.794066
DM-2425,0.945399
DM-2424,0.850965
DM-2423,0.008511
DM-2422,0.559771
DM-2421,0.964321
DM-2420,0.992304
DM-2419,0.978875
DM-2418,0.012432
DM-2417,0.008779
DM-2416,0.980581
DM-2415,0.9659
DM-2414,0.96741
DM-2413,0.003483
DM-2412,0.36693
DM-2411,0.00506
DM-2410,0.970688
DM-2409,0.008711
DM-2408,0.981875
DM-2407,0.921358
DM-2406,0.980581
DM-2405,0.988668
DM-2404,0.980129
DM-2397,0.971779
DM-2395,0.030909
DM-2394,0.00407
DM-2393,0.007938
DM-2392,0.94699
DM-2391,0.757436
DM-2390,0.167219
DM-2389,0.176672
DM-2388,0.010987
DM-2387,0.065605
DM-2386,0.013532
DM-2385,0.971779
DM-2384,0.141519
DM-2383,0.942929
DM-2382,0.064653
DM-2381,0.256087
DM-2380,0.669421
DM-2379,0.025179
DM-2378,0.021615
DM-2377,0.753104
DM-2376,0.845433
DM-2375,0.983597
DM-2374,0.007121
DM-2373,0.966663
DM-2372,0.008
DM-2371,0.759582
DM-2370,0.309963
DM-2369,0.022803
DM-2368,0.015306
DM-2367,0.139866
DM-2366,0.11358
DM-2365,0.870597
DM-2364,0.90599
DM-2363,0.267983
DM-2362,0.006488
DM-2360,0.163445
DM-2359,0.876211
DM-2358,0.511229
DM-2357,0.898767
DM-2356,0.934395
DM-2355,0.673192
DM-2354,0.673192
DM-2353,0.636401
DM-2352,0.070304
DM-2351,0.980729
DM-2350,0.954647
DM-2349,0.548432
DM-2348,0.040238
DM-2347,0.164248
DM-2346,0.009486
DM-2345,0.012054
DM-2344,0.123366
DM-2343,0.913058
DM-2342,0.511229
DM-2341,0.625531
DM-2340,0.703142
DM-2339,0.953275
DM-2338,0.899121
DM-2337,0.878731
DM-2336,0.567457
DM-2335,0.882428
DM-2334,0.516108
DM-2332,0.043366
DM-2331,0.422505
DM-2330,0.850469
DM-2329,0.293506
DM-2328,0.008916
DM-2327,0.932453
DM-2326,0.974821
DM-2325,0.969091
DM-2324,0.107063
DM-2323,0.63347
DM-2322,0.7478
DM-2321,0.014729
DM-2320,0.30715
DM-2317,0.96741
DM-2316,0.980729
DM-2315,0.007012
DM-2314,0.97539
DM-2313,0.488283
DM-2312,0.007121
DM-2311,0.006098
DM-2310,0.006388
DM-2309,0.45181
DM-2308,0.798501
DM-2307,0.151529
DM-2306,0.05921
DM-2305,0.043691
DM-2304,0.451085
DM-2303,0.007233
DM-2302,0.895523
DM-2301,0.974821
DM-2300,0.981022
DM-2299,0.985936
DM-2298,0.954647
DM-2297,0.262653
DM-2296,0.006004
DM-2295,0.477311
DM-2294,0.006388
DM-2293,0.129843
DM-2292,0.082994
DM-2291,0.888372
DM-2290,0.973241
DM-2289,0.919063
DM-2288,0.951142
DM-2287,0.112795
DM-2286,0.883638
DM-2282,0.940353
DM-2281,0.958226
DM-2280,0.00986
DM-2279,0.008577
DM-2278,0.082697
DM-2277,0.294519
DM-2276,0.630571
DM-2275,0.974821
DM-2274,0.949669
DM-2273,0.703549
DM-2272,0.973645
DM-2271,0.105948
DM-2270,0.875361
DM-2269,0.981595
DM-2268,0.980729
DM-2267,0.923592
DM-2266,0.930458
DM-2265,0.984575
DM-2264,0.19498
DM-2263,0.616936
DM-2262,0.912436
DM-2261,0.017045
DM-2260,0.005911
DM-2259,0.886027
DM-2258,0.907312
DM-2257,0.025761
DM-2256,0.772531
DM-2255,0.86293
DM-2254,0.842863
DM-2253,0.849971
DM-2252,0.951142
DM-2251,0.915809
DM-2250,0.957278
DM-2249,0.110471
DM-2248,0.978052
DM-2247,0.793426
DM-2246,0.975577
DM-2245,0.944995
DM-2244,0.600247
DM-2243,0.981311
DM-2242,0.00522
DM-2241,0.92944
DM-2240,0.132515
DM-2239,0.955319
DM-2238,0.129623
DM-2237,0.419648
DM-2236,0.704973
DM-2235,0.082107
DM-2234,0.019871
DM-2233,0.020646
DM-2232,0.021781
DM-2231,0.018833
DM-2230,0.008916
DM-2229,0.008188
DM-2228,0.012821
DM-2227,0.666497
DM-2226,0.695752
DM-2225,0.149531
DM-2224,0.11358
DM-2221,0.987568
DM-2220,0.786623
DM-2219,0.808067
DM-2218,0.910227
DM-2217,0.064418
DM-2216,0.897336
DM-2215,0.828384
DM-2214,0.673729
DM-2213,0.124213
DM-2212,0.965641
DM-2211,0.974239
DM-2210,0.569613
DM-2209,0.137996
DM-2208,0.926304
DM-2207,0.265119
DM-2206,0.875787
DM-2205,0.412767
DM-2204,0.009708
DM-2203,0.979354
DM-2202,0.117167
DM-2201,0.888372
DM-2200,0.028008
DM-2199,0.120439
DM-2197,0.394901
DM-2196,0.572245
DM-2195,0.786295
DM-2194,0.013532
DM-2193,0.496582
DM-2192,0.09947
DM-2191,0.752013
DM-2190,0.113973
DM-2189,0.892187
DM-2188,0.520009
DM-2187,0.765593
DM-2186,0.20947
DM-2185,0.052814
DM-2184,0.096706
DM-2183,0.006098
DM-2182,0.985608
DM-2181,0.990874
DM-2180,0.004682
DM-2178,0.936285
DM-2177,0.753104
DM-2176,0.983723
DM-2175,0.906983
DM-2173,0.00582
DM-2171,0.968141
DM-2170,0.008779
DM-2169,0.09947
DM-2168,0.942082
DM-2167,0.977023
DM-2166,0.463444
DM-2165,0.969785
DM-2164,0.710226
DM-2163,0.97539
DM-2162,0.00506
DM-2161,0.894789
DM-2160,0.025179
DM-2159,0.678859
DM-2158,0.947381
DM-2157,0.010249
DM-2156,0.459076
DM-2155,0.004007
DM-2154,0.038178
DM-2153,0.938124
DM-2152,0.657648
DM-2151,0.586996
DM-2150,0.404272
DM-2149,0.710628
DM-2148,0.259826
DM-2147,0.844922
DM-2146,0.218003
DM-2145,0.021948
DM-2144,0.071074
DM-2143,0.026156
DM-2142,0.587233
DM-2141,0.348202
DM-2140,0.104477
DM-2139,0.989013
DM-2138,0.811676
DM-2137,0.92944
DM-2136,0.971347
DM-2131,0.9659
DM-2130,0.979354
DM-2129,0.984215
DM-2126,0.049589
DM-2125,0.993203
DM-2124,0.987179
DM-2123,0.984927
DM-2122,0.028436
DM-2121,0.028871
DM-2120,0.027376
DM-2119,0.976129
DM-2118,0.981453
DM-2117,0.977023
DM-2116,0.978052
DM-2115,0.991153
DM-2113,0.926304
DM-2112,0.982823
DM-2110,0.948537
DM-2109,0.988313
DM-2108,0.853913
DM-2107,0.827828
DM-2103,0.971129
DM-2101,0.946597
DM-2098,0.055823
DM-2097,0.03259
DM-2096,0.865679
DM-2095,0.518059
DM-2094,0.726231
DM-2093,0.653182
DM-2092,0.97631
DM-2091,0.977714
DM-2090,0.983214
DM-2089,0.988492
DM-2088,0.980281
DM-2087,0.874077
DM-2086,0.942082
DM-2085,0.972204
DM-2084,0.976129
DM-2083,0.835484
DM-2082,0.993612
DM-2081,0.985936
DM-2080,0.367497
DM-2079,0.243283
DM-2078,0.613352
DM-2077,0.954984
DM-2075,0.771155
DM-2073,0.217836
DM-2071,0.963231
DM-2070,0.985496
DM-2069,0.991153
DM-2067,0.970465
DM-2066,0.210442
DM-2065,0.951863
DM-2064,0.921358
DM-2063,0.00573
DM-2061,0.681727
DM-2060,0.668231
DM-2059,0.971779
DM-2058,0.011332
DM-2057,0.877477
DM-2056,0.014172
DM-2055,0.957596
DM-2054,0.977714
DM-2053,0.984094
DM-2052,0.962108
DM-2051,0.969324
DM-2050,0.989986
DM-2049,0.983723
DM-2048,0.975946
DM-2047,0.986363
DM-2046,0.455441
DM-2045,0.109325
DM-2044,0.833866
DM-2043,0.761006
DM-2042,0.989986
DM-2041,0.986468
DM-2040,0.994445
DM-2039,0.993902
DM-2038,0.993096
DM-2037,0.991938
DM-2036,0.958847
DM-2035,0.981736
DM-2034,0.925769
DM-2033,0.917006
DM-2031,0.769773
DM-2030,0.97631
DM-2029,0.010014
DM-2027,0.089137
DM-2026,0.97024
DM-2025,0.676513
DM-2024,0.828384
DM-2023,0.962673
DM-2022,0.964321
DM-2021,0.989182
DM-2020,0.970465
DM-2019,0.814053
DM-2018,0.972204
DM-2017,0.938124
DM-2016,0.971129
DM-2015,0.989511
DM-2014,0.96862
DM-2013,0.133415
DM-2012,0.938124
DM-2011,0.929951
DM-2010,0.900179
DM-2009,0.764188
DM-2008,0.438064
DM-2007,0.414899
DM-2006,0.917893
DM-2005,0.327668
DM-2004,0.073165
DM-2003,0.863852
DM-2002,0.970909
DM-2001,0.977714
DM-2000,0.958538
DM-1999,0.978385
DM-1998,0.991015
DM-1997,0.933915
DM-1996,0.96641
DM-1995,0.181263
DM-1994,0.251096
DM-1993,0.975577
DM-1992,0.486819
DM-1991,0.981311
DM-1990,0.971564
DM-1989,0.979977
DM-1988,0.554712
DM-1987,0.983597
DM-1986,0.730482
DM-1985,0.005642
DM-1984,0.009197
DM-1983,0.087252
DM-1982,0.004399
DM-1981,0.940353
DM-1980,0.979823
DM-1979,0.977371
DM-1978,0.988492
DM-1977,0.991422
DM-1976,0.003945
DM-1975,0.010653
DM-1974,0.008985
DM-1973,0.086942
DM-1972,0.564819
DM-1971,0.048137
DM-1970,0.892563
DM-1969,0.899121
DM-1968,0.475362
DM-1967,0.845942
DM-1966,0.968381
DM-1965,0.982557
DM-1964,0.978385
DM-1962,0.147555
DM-1961,0.127653
DM-1959,0.987568
DM-1957,0.949669
DM-1956,0.963506
DM-1955,0.980129
DM-1954,0.387806
DM-1953,0.288018
DM-1952,0.004468
DM-1951,0.081813
DM-1950,0.975577
DM-1948,0.982423
DM-1947,0.858244
DM-1946,0.865679
DM-1945,0.960063
DM-1944,0.210117
DM-1943,0.306735
DM-1942,0.988668
DM-1941,0.987375
DM-1940,0.982691
DM-1939,0.96378
DM-1938,0.973037
DM-1937,0.018689
DM-1936,0.018264
DM-1935,0.020332
DM-1934,0.018978
DM-1933,0.017712
DM-1932,0.017577
DM-1931,0.018978
DM-1930,0.017712
DM-1929,0.017177
DM-1928,0.367813
DM-1927,0.510741
DM-1926,0.610802
DM-1925,0.944177
DM-1924,0.789883
DM-1923,0.878314
DM-1922,0.003945
DM-1921,0.910863
DM-1920,0.716814
DM-1919,0.470737
DM-1918,0.968141
DM-1917,0.783658
DM-1916,0.964855
DM-1915,0.908618
DM-1914,0.976847
DM-1913,0.348146
DM-1912,0.708213
DM-1910,0.725843
DM-1909,0.471223
DM-1907,0.080647
DM-1906,0.986151
DM-1905,0.006798
DM-1904,0.983971
DM-1903,0.981311
DM-1902,0.821617
DM-1901,0.978875
DM-1900,0.993096
DM-1899,0.972415
DM-1898,0.890675
DM-1897,0.885631
DM-1896,0.98983
DM-1895,0.013223
DM-1894,0.985271
DM-1893,0.027585
DM-1891,0.875361
DM-1890,0.981453
DM-1889,0.965641
DM-1888,0.007816
DM-1887,0.975946
DM-1886,0.004755
DM-1885,0.812272
DM-1884,0.952926
DM-1883,0.928926
DM-1881,0.871037
DM-1880,0.982823
DM-1878,0.798187
DM-1877,0.986979
DM-1876,0.99593
DM-1875,0.988668
DM-1874,0.979354
DM-1873,0.871912
DM-1872,0.954984
DM-1871,0.928409
DM-1869,0.012723
DM-1868,0.966156
DM-1867,0.914901
DM-1866,0.99014
DM-1865,0.395368
DM-1864,0.979668
DM-1863,0.977883
DM-1862,0.747984
DM-1861,0.984336
DM-1860,0.156105
DM-1859,0.032837
DM-1858,0.977371
DM-1857,0.92079
DM-1856,0.912436
DM-1855,0.959154
DM-1854,0.978052
DM-1853,0.892937
DM-1852,0.842863
DM-1851,0.927363
DM-1850,0.957912
DM-1849,0.985043
DM-1848,0.987946
DM-1847,0.932944
DM-1846,0.112016
DM-1845,0.959762
DM-1844,0.144631
DM-1843,0.196981
DM-1842,0.005555
DM-1841,0.006098
DM-1840,0.325732
DM-1839,0.298766
DM-1838,0.01057
DM-1837,0.793106
DM-1836,0.776284
DM-1835,0.437103
DM-1834,0.681409
DM-1833,0.630415
DM-1832,0.938124
DM-1831,0.657538
DM-1830,0.921922
DM-1829,0.878314
DM-1828,0.945801
DM-1826,0.479504
DM-1825,0.039343
DM-1824,0.749821
DM-1823,0.989347
DM-1822,0.014729
DM-1821,0.955981
DM-1820,0.872782
DM-1819,0.631594
DM-1818,0.318485
DM-1817,0.088505
DM-1816,0.042722
DM-1815,0.727975
DM-1814,0.695752
DM-1813,0.580233
DM-1812,0.647297
DM-1811,0.027796
DM-1810,0.049959
DM-1809,0.554229
DM-1808,0.301491
DM-1807,0.16132
DM-1806,0.301491
DM-1805,0.426322
DM-1804,0.731251
DM-1803,0.969556
DM-1802,0.037609
DM-1801,0.01653
DM-1800,0.00629
DM-1799,0.061199
DM-1798,0.087252
DM-1797,0.226441
DM-1796,0.27048
DM-1795,0.863852
DM-1794,0.790854
DM-1793,0.027376
DM-1792,0.008644
DM-1791,0.231962
DM-1790,0.481454
DM-1789,0.017442
DM-1788,0.834946
DM-1787,0.936285
DM-1786,0.971129
DM-1785,0.009634
DM-1784,0.025179
DM-1783,0.124639
DM-1782,0.96741
DM-1781,0.00514
DM-1780,0.022117
DM-1779,0.011961
DM-1778,0.013325
DM-1777,0.598899
DM-1776,0.800692
DM-1775,0.893681
DM-1774,0.754915
DM-1773,0.471223
DM-1772,0.944587
DM-1771,0.693161
DM-1770,0.989347
DM-1769,0.975202
DM-1767,0.36089
DM-1766,0.852935
DM-1765,0.938576
DM-1764,0.975946
DM-1763,0.098425
DM-1762,0.040541
DM-1761,0.831143
DM-1760,0.019871
DM-1759,0.005911
DM-1758,0.010735
DM-1757,0.004199
DM-1756,0.823328
DM-1755,0.766643
DM-1754,0.823328
DM-1752,0.00629
DM-1751,0.804406
DM-1750,0.017442
DM-1749,0.01057
DM-1748,0.006193
DM-1747,0.638272
DM-1746,0.006488
DM-1745,0.00986
DM-1744,0.008125
DM-1743,0.006388
DM-1742,0.019719
DM-1741,0.008511
DM-1740,0.153803
DM-1739,0.613815
DM-1738,0.017577
DM-1737,0.978385
DM-1736,0.942929
DM-1735,0.0745
DM-1734,0.975012
DM-1733,0.083591
DM-1732,0.00573
DM-1731,0.414899
DM-1730,0.012821
DM-1729,0.90261
DM-1728,0.057705
DM-1727,0.985043
DM-1726,0.964855
DM-1725,0.028436
DM-1724,0.057282
DM-1723,0.919063
DM-1722,0.08152
DM-1721,0.972623
DM-1720,0.286868
DM-1719,0.011687
DM-1718,0.010328
DM-1717,0.954308
DM-1716,0.027169
DM-1715,0.012054
DM-1714,0.951142
DM-1713,0.980876
DM-1712,0.99014
DM-1711,0.986363
DM-1710,0.004755
DM-1709,0.122104
DM-1708,0.981453
DM-1707,0.992184
DM-1706,0.472683
DM-1705,0.814938
DM-1704,0.574634
DM-1703,0.984456
DM-1702,0.0729
DM-1701,0.368178
DM-1700,0.354545
DM-1699,0.250913
DM-1698,0.972831
DM-1697,0.989347
DM-1696,0.967163
DM-1695,0.962673
DM-1694,0.978052
DM-1693,0.386879
DM-1692,0.589598
DM-1691,0.010489
DM-1690,0.019871
DM-1689,0.007636
DM-1688,0.479991
DM-1687,0.008847
DM-1686,0.010328
DM-1685,0.010091
DM-1684,0.052038
DM-1683,0.582966
DM-1682,0.080647
DM-1681,0.005911
DM-1680,0.018833
DM-1679,0.48438
DM-1678,0.016657
DM-1677,0.991684
DM-1676,0.90764
DM-1675,0.040238
DM-1674,0.328126
DM-1673,0.391406
DM-1672,0.033337
DM-1671,0.054803
DM-1670,0.958538
DM-1669,0.932944
DM-1668,0.259263
DM-1667,0.612657
DM-1666,0.928409
DM-1665,0.887984
DM-1664,0.970909
DM-1663,0.025957
DM-1662,0.540439
DM-1661,0.008062
DM-1660,0.018833
DM-1659,0.949295
DM-1658,0.72487
DM-1657,0.017849
DM-1656,0.962108
DM-1655,0.964589
DM-1654,0.057071
DM-1653,0.966914
DM-1652,0.952574
DM-1651,0.011869
DM-1650,0.00506
DM-1649,0.193147
DM-1648,0.979511
DM-1647,0.912436
DM-1646,0.006693
DM-1645,0.979977
DM-1644,0.00629
DM-1643,0.364438
DM-1642,0.017442
DM-1641,0.951504
DM-1640,0.016785
DM-1639,0.013428
DM-1638,0.010014
DM-1637,0.009486
DM-1636,0.971992
DM-1635,0.197444
DM-1634,0.771499
DM-1633,0.915507
DM-1632,0.080937
DM-1631,0.126785
DM-1630,0.258326
DM-1629,0.008577
DM-1628,0.014172
DM-1627,0.982691
DM-1626,0.125493
DM-1625,0.047074
DM-1624,0.450359
DM-1623,0.037047
DM-1622,0.030676
DM-1621,0.3512
DM-1620,0.118793
DM-1619,0.957912
DM-1618,0.971347
DM-1617,0.985496
DM-1616,0.967656
DM-1615,0.991554
DM-1614,0.822189
DM-1613,0.030676
DM-1611,0.553505
DM-1610,0.961244
DM-1609,0.954647
DM-1608,0.92944
DM-1607,0.593138
DM-1606,0.009413
DM-1605,0.006798
DM-1604,0.926835
DM-1603,0.025957
DM-1602,0.008252
DM-1601,0.439026
DM-1600,0.823896
DM-1599,0.771155
DM-1598,0.975012
DM-1597,0.023153
DM-1596,0.055413
DM-1595,0.964321
DM-1594,0.007696
DM-1593,0.225076
DM-1592,0.012821
DM-1591,0.21767
DM-1590,0.727782
DM-1589,0.956309
DM-1588,0.976129
DM-1587,0.973241
DM-1585,0.992304
DM-1584,0.978875
DM-1583,0.018405
DM-1582,0.017442
DM-1580,0.819316
DM-1579,0.954984
DM-1578,0.029091
DM-1577,0.950041
DM-1576,0.96862
DM-1575,0.117167
DM-1574,0.972415
DM-1573,0.539954
DM-1572,0.026759
DM-1571,0.902266
DM-1570,0.794066
DM-1569,0.018689
DM-1568,0.018547
DM-1567,0.018689
DM-1566,0.018689
DM-1565,0.013849
DM-1564,0.015189
DM-1563,0.957278
DM-1562,0.987375
DM-1561,0.96741
DM-1560,0.017309
DM-1559,0.011869
DM-1558,0.026759
DM-1557,0.932944
DM-1556,0.971347
DM-1555,0.875787
DM-1554,0.898767
DM-1553,0.972204
DM-1552,0.970909
DM-1551,0.662087
DM-1550,0.247078
DM-1549,0.016657
DM-1548,0.525856
DM-1547,0.182134
DM-1546,0.983085
DM-1545,0.071074
DM-1544,0.874507
DM-1543,0.036494
DM-1542,0.208985
DM-1541,0.351144
DM-1540,0.400749
DM-1539,0.916708
DM-1538,0.012821
DM-1537,0.005385
DM-1536,0.006798
DM-1535,0.023509
DM-1534,0.522689
DM-1533,0.91118
DM-1532,0.260578
DM-1531,0.078642
DM-1530,0.947381
DM-1529,0.963231
DM-1528,0.9462
DM-1527,0.942082
DM-1526,0.308398
DM-1525,0.014172
DM-1524,0.361108
DM-1523,0.22627
DM-1522,0.008
DM-1521,0.005302
DM-1520,0.005302
DM-1519,0.237399
DM-1518,0.522446
DM-1517,0.537527
DM-1516,0.569374
DM-1515,0.125065
DM-1514,0.835484
DM-1513,0.007012
DM-1512,0.721154
DM-1511,0.622
DM-1510,0.847968
DM-1509,0.437824
DM-1508,0.004755
DM-1507,0.897695
DM-1506,0.008779
DM-1505,0.016403
DM-1504,0.102664
DM-1503,0.41253
DM-1502,0.310485
DM-1501,0.293
DM-1500,0.348645
DM-1499,0.008985
DM-1498,0.738103
DM-1497,0.690037
DM-1496,0.964321
DM-1495,0.075041
DM-1493,0.360714
DM-1492,0.008252
DM-1491,0.030676
DM-1490,0.985384
DM-1489,0.946597
DM-1488,0.986979
DM-1486,0.018547
DM-1485,0.007346
DM-1484,0.710628
DM-1483,0.013325
DM-1482,0.661048
DM-1481,0.889529
DM-1480,0.006098
DM-1479,0.012147
DM-1478,0.00934
DM-1477,0.486819
DM-1476,0.026156
DM-1475,0.005642
DM-1474,0.42919
DM-1473,0.45302
DM-1472,0.011332
DM-1471,0.510496
DM-1470,0.801315
DM-1469,0.978549
DM-1468,0.976129
DM-1467,0.977197
DM-1466,0.978713
DM-1465,0.971129
DM-1464,0.974821
DM-1463,0.010818
DM-1462,0.021948
DM-1461,0.969556
DM-1460,0.086016
DM-1459,0.96741
DM-1458,0.970465
DM-1457,0.984215
DM-1456,0.162646
DM-1455,0.017442
DM-1454,0.017849
DM-1453,0.093678
DM-1452,0.084795
DM-1451,0.070049
DM-1450,0.209146
DM-1449,0.012147
DM-1448,0.951863
DM-1447,0.844409
DM-1446,0.83762
DM-1445,0.570092
DM-1444,0.044349
DM-1443,0.980431
DM-1442,0.922482
DM-1441,0.969091
DM-1440,0.985384
DM-1439,0.041774
DM-1438,0.036494
DM-1437,0.036494
DM-1436,0.021781
DM-1435,0.031144
DM-1434,0.845433
DM-1433,0.721939
DM-1432,0.979668
DM-1431,0.310381
DM-1430,0.010249
DM-1429,0.821044
DM-1428,0.045016
DM-1426,0.900879
DM-1425,0.386069
DM-1424,0.396535
DM-1423,0.947769
DM-1422,0.866585
DM-1421,0.968856
DM-1420,0.599485
DM-1419,0.037892
DM-1418,0.530236
DM-1417,0.139866
DM-1416,0.933915
DM-1415,0.422743
DM-1414,0.050331
DM-1413,0.23231
DM-1412,0.749454
DM-1411,0.128088
DM-1410,0.090414
DM-1409,0.022457
DM-1408,0.028436
DM-1407,0.016403
DM-1406,0.040846
DM-1405,0.979195
DM-1404,0.936749
DM-1403,0.08882
DM-1402,0.018405
DM-1401,0.036769
DM-1400,0.565779
DM-1399,0.900179
DM-1398,0.00407
DM-1397,0.009936
DM-1396,0.993096
DM-1395,0.982288
DM-1394,0.011508
DM-1393,0.76454
DM-1392,0.007461
DM-1391,0.599602
DM-1390,0.408277
DM-1389,0.116362
DM-1388,0.04778
DM-1387,0.048137
DM-1386,0.037892
DM-1385,0.766992
DM-1384,0.033844
DM-1383,0.13707
DM-1382,0.959762
DM-1381,0.007012
DM-1380,0.028653
DM-1379,0.038466
DM-1378,0.976669
DM-1377,0.97024
DM-1376,0.367384
DM-1375,0.826712
DM-1374,0.012528
DM-1373,0.01142
DM-1372,0.009559
DM-1371,0.194827
DM-1370,0.022629
DM-1369,0.014957
DM-1368,0.017849
DM-1367,0.017177
DM-1366,0.184473
DM-1365,0.008916
DM-1364,0.2587
DM-1363,0.630088
DM-1362,0.959762
DM-1361,0.889144
DM-1360,0.038178
DM-1359,0.720565
DM-1358,0.00934
DM-1357,0.295992
DM-1356,0.119614
DM-1355,0.868381
DM-1354,0.051463
DM-1353,0.982423
DM-1352,0.283881
DM-1351,0.016785
DM-1350,0.853913
DM-1349,0.145358
DM-1348,0.795975
DM-1347,0.973037
DM-1346,0.956309
DM-1345,0.36642
DM-1344,0.983971
DM-1343,0.884838
DM-1342,0.954647
DM-1341,0.284278
DM-1340,0.147065
DM-1339,0.038178
DM-1338,0.937669
DM-1337,0.881207
DM-1336,0.881615
DM-1335,0.94079
DM-1334,0.73029
DM-1333,0.016277
DM-1332,0.899121
DM-1331,0.020332
DM-1330,0.298594
DM-1329,0.969556
DM-1328,0.783326
DM-1326,0.050518
DM-1323,0.938576
DM-1322,0.07477
DM-1321,0.775945
DM-1320,0.956634
DM-1319,0.13707
DM-1318,0.032101
DM-1317,0.585457
DM-1316,0.773216
DM-1315,0.783326
DM-1314,0.033337
DM-1313,0.374104
DM-1312,0.207215
DM-1311,0.186836
DM-1310,0.29931
DM-1309,0.301465
DM-1308,0.112016
DM-1307,0.539954
DM-1306,0.125923
DM-1305,0.022286
DM-1304,0.023153
DM-1303,0.008985
DM-1302,0.165593
DM-1301,0.032344
DM-1300,0.024423
DM-1299,0.97649
DM-1298,0.990587
DM-1297,0.641591
DM-1296,0.906322
DM-1295,0.457621
DM-1294,0.393269
DM-1293,0.107437
DM-1292,0.930458
DM-1291,0.049589
DM-1290,0.895157
DM-1289,0.026156
DM-1288,0.217836
DM-1287,0.727782
DM-1286,0.745028
DM-1285,0.867485
DM-1284,0.012054
DM-1283,0.433022
DM-1282,0.928409
DM-1281,0.155848
DM-1280,0.950411
DM-1279,0.005302
DM-1278,0.7773
DM-1277,0.156105
DM-1276,0.163179
DM-1275,0.132964
DM-1274,0.943764
DM-1273,0.76454
DM-1272,0.979511
DM-1271,0.91848
DM-1270,0.748352
DM-1269,0.252016
DM-1268,0.885235
DM-1267,0.211743
DM-1266,0.797872
DM-1265,0.655997
DM-1264,0.115162
DM-1263,0.471223
DM-1262,0.930962
DM-1261,0.983847
DM-1260,0.96378
DM-1259,0.631992
DM-1258,0.492676
DM-1257,0.927363
DM-1256,0.973443
DM-1255,0.950041
DM-1254,0.988492
DM-1253,0.819026
DM-1252,0.971992
DM-1251,0.978385
DM-1250,0.975577
DM-1249,0.982691
DM-1248,0.025957
DM-1247,0.346984
DM-1246,0.958847
DM-1245,0.927888
DM-1244,0.942929
DM-1243,0.958847
DM-1242,0.942507
DM-1241,0.180684
DM-1240,0.948537
DM-1239,0.880797
DM-1238,0.916708
DM-1237,0.968856
DM-1236,0.94699
DM-1235,0.972831
DM-1234,0.982955
DM-1233,0.982557
DM-1232,0.974043
DM-1231,0.960952
DM-1230,0.917303
DM-1229,0.96641
DM-1228,0.989511
DM-1227,0.983971
DM-1226,0.912748
DM-1225,0.810179
DM-1224,0.308919
DM-1223,0.924688
DM-1222,0.705075
DM-1221,0.015073
DM-1220,0.13569
DM-1219,0.008316
DM-1218,0.850469
DM-1217,0.980729
DM-1216,0.696784
DM-1215,0.028221
DM-1214,0.642033
DM-1213,0.402862
DM-1212,0.054199
DM-1211,0.037609
DM-1210,0.963231
DM-1209,0.707607
DM-1208,0.917303
DM-1207,0.7324
DM-1206,0.678327
DM-1205,0.888759
DM-1204,0.958538
DM-1203,0.632673
DM-1202,0.53437
DM-1201,0.957596
DM-1200,0.496094
DM-1199,0.980129
DM-1198,0.01142
DM-1197,0.941223
DM-1196,0.019871
DM-1195,0.006193
DM-1194,0.948537
DM-1193,0.889144
DM-1192,0.967656
DM-1191,0.928926
DM-1190,0.163713
DM-1189,0.222193
DM-1188,0.972415
DM-1187,0.883638
DM-1186,0.018689
DM-1185,0.009413
DM-1184,0.05921
DM-1183,0.90599
DM-1182,0.957912
DM-1181,0.938124
DM-1180,0.426322
DM-1179,0.008446
DM-1178,0.516108
DM-1177,0.972204
DM-1176,0.296934
DM-1175,0.017849
DM-1174,0.710025
DM-1173,0.764892
DM-1172,0.732783
DM-1171,0.073165
DM-1170,0.957596
DM-1169,0.044681
DM-1168,0.135232
DM-1167,0.974629
DM-1166,0.937211
DM-1165,0.972204
DM-1164,0.933431
DM-1163,0.010408
DM-1162,0.954647
DM-1161,0.962108
DM-1160,0.982823
DM-1159,0.961244
DM-1158,0.97539
DM-1157,0.988842
DM-1156,0.979036
DM-1155,0.983971
DM-1154,0.988492
DM-1153,0.024423
DM-1152,0.267121
DM-1151,0.095687
DM-1150,0.935346
DM-1149,0.97631
DM-1148,0.985936
DM-1147,0.930962
DM-1146,0.140336
DM-1145,0.076684
DM-1144,0.008711
DM-1143,0.968141
DM-1142,0.954308
DM-1141,0.979511
DM-1140,0.961534
DM-1139,0.982288
DM-1138,0.987179
DM-1137,0.982014
DM-1136,0.137996
DM-1135,0.016029
DM-1134,0.056652
DM-1133,0.759225
DM-1132,0.411111
DM-1131,0.196518
DM-1130,0.979354
DM-1129,0.489748
DM-1128,0.099821
DM-1127,0.968141
DM-1126,0.985158
DM-1125,0.964855
DM-1124,0.859192
DM-1123,0.982151
DM-1122,0.906322
DM-1121,0.986979
DM-1120,0.630258
DM-1119,0.912124
DM-1118,0.796292
DM-1117,0.974043
DM-1116,0.932453
DM-1115,0.934873
DM-1114,0.801004
DM-1113,0.982955
DM-1112,0.974239
DM-1111,0.925769
DM-1110,0.886813
DM-1109,0.952574
DM-1108,0.403449
DM-1107,0.988842
DM-1106,0.067056
DM-1105,0.766992
DM-1104,0.230573
DM-1103,0.985384
DM-1102,0.965381
DM-1101,0.979511
DM-1100,0.671255
DM-1099,0.950778
DM-1098,0.015189
DM-1097,0.978875
DM-1096,0.969324
DM-1095,0.984094
DM-1094,0.980281
DM-1093,0.984456
DM-1092,0.993512
DM-1091,0.826151
DM-1090,0.012625
DM-1089,0.91181
DM-1088,0.628322
DM-1087,0.391988
DM-1086,0.034881
DM-1085,0.42179
DM-1084,0.914901
DM-1083,0.013121
DM-1082,0.92523
DM-1081,0.9462
DM-1080,0.820469
DM-1079,0.961822
DM-1078,0.308789
DM-1077,0.582729
DM-1076,0.050331
DM-1075,0.016277
DM-1074,0.715623
DM-1073,0.094343
DM-1072,0.979036
DM-1071,0.029091
DM-1070,0.048858
DM-1069,0.442396
DM-1068,0.964052
DM-1067,0.58676
DM-1066,0.604399
DM-1065,0.257392
DM-1064,0.779322
DM-1063,0.010328
DM-1062,0.627095
DM-1061,0.83602
DM-1060,0.993512
DM-1059,0.757794
DM-1058,0.07921
DM-1057,0.008711
DM-1056,0.953275
DM-1055,0.089773
DM-1054,0.041774
DM-1053,0.019871
DM-1052,0.203391
DM-1051,0.980129
DM-1047,0.90599
DM-1046,0.987759
DM-1045,0.901575
DM-1044,0.939913
DM-1043,0.926835
DM-1042,0.007816
DM-1041,0.857768
DM-1040,0.02976
DM-1039,0.008711
DM-1038,0.977371
DM-1037,0.978219
DM-1036,0.991684
DM-1035,0.952926
DM-1034,0.985936
DM-1033,0.99427
DM-1032,0.986979
DM-1031,0.984811
DM-1030,0.988492
DM-1029,0.011072
DM-1028,0.005302
DM-1027,0.014064
DM-1026,0.895888
DM-1025,0.920218
DM-1024,0.755997
DM-1023,0.145115
DM-1022,0.204978
DM-1021,0.955651
DM-1020,0.236693
DM-1019,0.270673
DM-1018,0.011072
DM-1017,0.008316
DM-1016,0.822759
DM-1015,0.219672
DM-1014,0.804406
DM-1013,0.296731
DM-1012,0.016277
DM-1011,0.155078
DM-1010,0.950411
DM-1009,0.637031
DM-1008,0.659186
DM-1007,0.899828
DM-1005,0.902266
DM-1004,0.111241
DM-1003,0.009708
DM-1002,0.922482
DM-1001,0.011158
DM-1000,0.011072
DM-999,0.432543
DM-998,0.845433
DM-997,0.024798
DM-996,0.185357
DM-995,0.980876
DM-994,0.96641
DM-993,0.011597
DM-992,0.971992
DM-991,0.16132
DM-990,0.014616
DM-989,0.01017
DM-988,0.624523
DM-987,0.989347
DM-986,0.635166
DM-985,0.956634
DM-984,0.868381
DM-983,0.09401
DM-982,0.964589
DM-981,0.948537
DM-980,0.939913
DM-979,0.038178
DM-978,0.943764
DM-977,0.943764
DM-976,0.841826
DM-975,0.882833
DM-974,0.684791
DM-973,0.894789
DM-972,0.747432
DM-971,0.806243
DM-970,0.0729
DM-969,0.520984
DM-968,0.020964
DM-967,0.008916
DM-966,0.007461
DM-965,0.164785
DM-964,0.968141
DM-963,0.018264
DM-962,0.047074
DM-961,0.010902
DM-960,0.016657
DM-959,0.029535
DM-958,0.805326
DM-957,0.878731
DM-956,0.011332
DM-955,0.580114
DM-954,0.365588
DM-953,0.630969
DM-952,0.913677
DM-951,0.327695
DM-950,0.01302
DM-949,0.008847
DM-948,0.008188
DM-947,0.028008
DM-946,0.397237
DM-945,0.003538
DM-944,0.029987
DM-943,0.649078
DM-942,0.007233
DM-941,0.009197
DM-940,0.012432
DM-939,0.047074
DM-938,0.010902
DM-937,0.825027
DM-936,0.616647
DM-935,0.044349
DM-934,0.961822
DM-933,0.012821
DM-932,0.015785
DM-931,0.006388
DM-930,0.627217
DM-929,0.397003
DM-928,0.144873
DM-927,0.05301
DM-926,0.503906
DM-925,0.082402
DM-924,0.257952
DM-923,0.136608
DM-922,0.141281
DM-921,0.147555
DM-920,0.227469
DM-919,0.406626
DM-918,0.369599
DM-917,0.29209
DM-916,0.160266
DM-915,0.073963
DM-914,0.080069
DM-913,0.116764
DM-912,0.066569
DM-911,0.128525
DM-910,0.051845
DM-908,0.00659
DM-907,0.00659
DM-906,0.008125
DM-905,0.874507
DM-903,0.043043
DM-902,0.011158
DM-901,0.008916
DM-900,0.548915
DM-899,0.235108
DM-898,0.036494
DM-896,0.923592
DM-895,0.07921
DM-894,0.35488
DM-893,0.008847
DM-892,0.036494
DM-891,0.224735
DM-890,0.844409
DM-889,0.965641
DM-888,0.871475
DM-887,0.969091
DM-885,0.378
DM-884,0.007233
DM-883,0.020023
DM-882,0.00629
DM-881,0.00629
DM-880,0.022629
DM-879,0.013956
DM-878,0.022977
DM-877,0.016915
DM-875,0.024423
DM-874,0.00582
DM-873,0.973844
DM-872,0.885631
DM-871,0.060308
DM-870,0.437103
DM-869,0.08819
DM-868,0.015425
DM-867,0.948537
DM-866,0.805632
DM-864,0.97631
DM-863,0.004468
DM-862,0.028871
DM-861,0.884039
DM-860,0.983723
DM-859,0.035145
DM-858,0.530723
DM-854,0.005911
DM-853,0.964855
DM-852,0.977543
DM-851,0.987179
DM-850,0.976847
DM-849,0.052619
DM-848,0.067056
DM-847,0.399343
DM-846,0.351089
DM-845,0.708414
DM-844,0.900879
DM-843,0.809276
DM-842,0.088505
DM-841,0.042088
DM-840,0.426322
DM-839,0.390708
DM-837,0.945801
DM-836,0.947769
DM-835,0.831143
DM-834,0.963506
DM-833,0.759225
DM-832,0.840783
DM-831,0.467332
DM-830,0.967656
DM-829,0.990292
DM-828,0.993307
DM-827,0.972831
DM-826,0.120026
DM-825,0.090735
DM-824,0.003377
DM-823,0.017712
DM-822,0.019124
DM-821,0.098425
DM-820,0.821044
DM-819,0.426322
DM-818,0.007877
DM-817,0.465145
DM-816,0.814348
DM-815,0.072374
DM-814,0.019719
DM-813,0.015073
DM-812,0.013325
DM-811,0.602763
DM-810,0.01302
DM-809,0.009784
DM-808,0.054601
DM-806,0.036769
DM-805,0.577257
DM-803,0.867036
DM-800,0.022117
DM-799,0.877896
DM-795,0.037609
DM-794,0.030909
DM-793,0.439507
DM-792,0.396535
DM-791,0.026355
DM-790,0.236869
DM-789,0.027376
DM-788,0.06165
DM-787,0.03359
DM-786,0.010328
DM-785,0.94699
DM-784,0.92523
DM-783,0.027796
DM-782,0.378804
DM-781,0.960063
DM-780,0.987375
DM-779,0.984215
DM-778,0.965381
DM-777,0.983343
DM-776,0.914291
DM-775,0.326432
DM-774,0.417271
DM-773,0.880386
DM-772,0.385375
DM-771,0.834946
DM-770,0.437343
DM-769,0.57081
DM-768,0.815233
DM-767,0.939913
DM-766,0.942082
DM-765,0.437583
DM-764,0.916708
DM-763,0.552781
DM-762,0.470737
DM-761,0.34172
DM-760,0.132066
DM-759,0.961244
DM-758,0.973844
DM-757,0.604866
DM-755,0.019569
DM-754,0.030444
DM-753,0.945801
DM-752,0.679498
DM-751,0.011508
DM-750,0.963231
DM-749,0.151781
DM-748,0.065128
DM-747,0.101589
DM-746,0.943348
DM-744,0.534855
DM-743,0.881615
DM-742,0.183301
DM-740,0.975012
DM-739,0.431105
DM-738,0.068537
DM-737,0.023871
DM-736,0.972831
DM-735,0.016915
DM-734,0.70028
DM-733,0.609059
DM-732,0.408041
DM-731,0.558327
DM-730,0.483892
DM-729,0.41182
DM-728,0.619673
DM-727,0.476336
DM-726,0.228845
DM-725,0.273963
DM-724,0.40157
DM-723,0.215021
DM-722,0.921922
DM-721,0.949295
DM-720,0.188922
DM-713,0.92523
DM-712,0.604632
DM-711,0.92944
DM-710,0.942507
DM-709,0.973241
DM-708,0.959154
DM-707,0.188026
DM-706,0.0745
DM-705,0.978875
DM-704,0.875787
DM-703,0.951504
DM-702,0.703549
DM-701,0.974435
DM-700,0.010818
DM-699,0.807157
DM-697,0.016277
DM-696,0.709019
DM-694,0.949295
DM-693,0.815233
DM-692,0.809276
DM-691,0.681303
DM-690,0.839208
DM-689,0.025179
DM-688,0.863852
DM-686,0.06256
DM-685,0.112405
DM-684,0.053999
DM-683,0.987946
DM-682,0.908293
DM-681,0.019419
DM-680,0.427755
DM-679,0.005555
DM-678,0.923592
DM-677,0.975202
DM-676,0.960952
DM-675,0.982288
DM-674,0.016153
DM-672,0.947381
DM-667,0.406155
DM-666,0.006098
DM-664,0.004468
DM-661,0.004007
DM-659,0.726426
DM-658,0.021948
DM-657,0.008916
DM-656,0.006098
DM-655,0.004134
DM-654,0.085709
DM-653,0.209793
DM-652,0.161056
DM-650,0.822759
DM-649,0.970465
DM-648,0.950041
DM-647,0.973645
DM-646,0.547222
DM-645,0.960361
DM-644,0.804713
DM-641,0.584864
DM-640,0.965119
DM-639,0.952926
DM-638,0.95222
DM-637,0.01142
DM-635,0.044349
DM-633,0.007461
DM-631,0.977023
DM-630,0.014172
DM-629,0.341734
DM-627,0.951142
DM-626,0.005642
DM-625,0.023331
DM-624,0.090735
DM-623,0.028008
DM-622,0.959459
DM-621,0.919643
DM-616,0.858244
DM-615,0.015544
DM-614,0.059428
DM-613,0.169406
DM-612,0.134776
DM-611,0.809878
DM-610,0.043366
DM-609,0.228329
DM-608,0.009126
DM-607,0.006388
DM-606,0.019271
DM-605,0.976669
DM-604,0.290868
DM-603,0.950411
DM-602,0.917303
DM-600,0.087252
DM-599,0.875361
DM-597,0.947381
DM-596,0.035411
DM-595,0.873215
DM-594,0.681621
DM-593,0.823328
DM-592,0.101589
DM-591,0.965119
DM-590,0.047074
DM-588,0.120026
DM-587,0.010249
DM-586,0.858719
DM-585,0.939913
DM-584,0.830594
DM-583,0.921358
DM-582,0.798501
DM-581,0.716219
DM-580,0.68658
DM-579,0.973037
DM-578,0.32594
DM-577,0.360376
DM-576,0.900879
DM-575,0.921922
DM-574,0.457137
DM-573,0.948537
DM-572,0.96378
DM-571,0.655997
DM-570,0.973443
DM-569,0.553264
DM-568,0.706697
DM-567,0.981736
DM-566,0.801625
DM-565,0.301054
DM-564,0.286169
DM-563,0.153803
DM-562,0.432782
DM-561,0.231962
DM-560,0.265309
DM-559,0.130285
DM-557,0.258326
DM-556,0.963506
DM-555,0.351868
DM-554,0.921922
DM-548,0.977714
DM-546,0.020177
DM-545,0.768386
DM-536,0.025565
DM-534,0.016403
DM-533,0.961822
DM-531,0.500977
DM-530,0.715225
DM-529,0.950411
DM-527,0.010489
DM-526,0.253122
DM-522,0.009126
DM-521,0.004399
DM-520,0.81582
DM-519,0.955981
DM-518,0.923039
DM-517,0.482917
DM-516,0.555435
DM-515,0.159741
DM-514,0.049589
DM-513,0.516108
DM-512,0.847968
DM-511,0.017849
DM-510,0.955319
DM-509,0.776962
DM-508,0.056236
DM-506,0.071332
DM-505,0.878314
DM-504,0.823896
DM-503,0.904313
DM-502,0.83602
DM-501,0.812867
DM-495,0.889144
DM-488,0.52074
DM-486,0.016403
DM-485,0.983847
DM-484,0.71123
DM-483,0.642489
DM-481,0.076408
DM-479,0.280641
DM-478,0.864768
DM-477,0.028653
DM-476,0.585575
DM-475,0.836555
DM-474,0.933915
DM-473,0.330309
DM-472,0.777975
DM-471,0.949669
DM-470,0.894789
DM-469,0.089455
DM-468,0.32461
DM-467,0.275422
DM-466,0.791176
DM-464,0.066812
DM-463,0.268366
DM-461,0.797872
DM-460,0.933915
DM-459,0.948537
DM-458,0.036769
DM-457,0.038756
DM-456,0.142232
DM-455,0.950041
DM-454,0.971779
DM-453,0.885631
DM-451,0.430626
DM-450,0.128525
DM-449,0.158695
DM-448,0.461745
DM-447,0.816991
DM-446,0.755997
DM-445,0.278747
DM-444,0.202759
DM-443,0.901227
DM-442,0.007012
DM-441,0.917598
DM-440,0.891434
DM-439,0.895523
DM-436,0.148541
DM-435,0.080937
DM-433,0.793746
DM-432,0.806548
DM-431,0.790207
DM-430,0.82559
DM-429,0.767341
DM-428,0.915507
DM-427,0.929951
DM-426,0.903635
DM-425,0.153549
DM-424,0.91118
DM-423,0.083292
DM-422,0.730482
DM-421,0.938576
DM-420,0.048858
DM-419,0.077239
DM-418,0.844409
DM-417,0.787278
DM-416,0.958226
DM-414,0.982823
DM-413,0.830594
DM-405,0.982288
DM-404,0.232484
DM-403,0.691706
DM-402,0.108945
DM-401,0.007233
DM-399,0.556882
DM-398,0.928926
DM-397,0.00838
DM-396,0.848972
DM-394,0.056652
DM-393,0.759225
DM-391,0.827271
DM-390,0.587233
DM-389,0.302777
DM-388,0.195902
DM-387,0.978052
DM-386,0.967656
DM-384,0.284974
DM-383,0.008252
DM-382,0.120853
DM-381,0.971129
DM-380,0.010014
DM-379,0.827828
DM-377,0.439026
DM-376,0.00986
DM-375,0.983971
DM-373,0.183887
DM-372,0.046725
DM-371,0.951863
DM-370,0.909265
DM-369,0.964321
DM-368,0.985936
DM-367,0.959762
DM-366,0.440229
DM-365,0.899828
DM-364,0.479991
DM-363,0.915507
DM-362,0.022117
DM-361,0.013223
DM-360,0.746139
DM-359,0.926304
DM-358,0.036769
DM-357,0.969556
DM-356,0.973241
DM-355,0.182134
DM-354,0.322393
DM-353,0.011961
DM-352,0.014957
DM-351,0.139396
DM-350,0.014957
DM-346,0.00629
DM-344,0.339007
DM-343,0.115961
DM-342,0.967656
DM-339,0.952574
DM-337,0.028436
DM-336,0.420124
DM-335,0.886813
DM-334,0.930962
DM-331,0.947769
DM-330,0.008779
DM-329,0.012625
DM-328,0.007816
DM-327,0.062789
DM-326,0.012241
DM-322,0.881615
DM-321,0.984456
DM-320,0.934395
DM-319,0.087876
DM-318,0.304248
DM-317,0.957912
DM-316,0.032101
DM-315,0.013849
DM-314,0.008446
DM-313,0.904651
DM-312,0.979354
DM-311,0.76207
DM-310,0.942929
DM-309,0.396419
DM-308,0.008188
DM-307,0.00483
DM-306,0.028008
DM-305,0.954647
DM-304,0.937669
DM-303,0.019271
DM-302,0.010653
DM-301,0.183887
DM-300,0.954984
DM-299,0.916708
DM-298,0.016029
DM-297,0.961534
DM-296,0.869271
DM-295,0.041462
DM-294,0.013121
DM-293,0.840259
DM-292,0.004399
DM-291,0.963231
DM-290,0.965119
DM-289,0.616128
DM-288,0.008125
DM-287,0.018405
DM-286,0.012432
DM-285,0.016029
DM-284,0.518059
DM-283,0.020804
DM-282,0.466846
DM-281,0.102664
DM-280,0.958847
DM-279,0.004755
DM-278,0.931463
DM-277,0.008985
DM-274,0.03138
DM-273,0.935817
DM-272,0.339609
DM-271,0.891811
DM-270,0.015906
DM-269,0.016785
DM-268,0.927363
DM-267,0.373305
DM-266,0.008252
DM-265,0.406862
DM-263,0.026355
DM-261,0.014064
DM-260,0.722527
DM-259,0.274546
DM-258,0.919063
DM-257,0.045016
DM-256,0.989182
DM-255,0.011597
DM-254,0.94079
DM-253,0.955981
DM-252,0.560734
DM-251,0.427755
DM-249,0.638075
DM-248,0.981167
DM-247,0.990732
DM-246,0.919643
DM-245,0.943348
DM-244,0.983723
DM-242,0.076684
DM-241,0.959459
DM-240,0.965119
DM-238,0.005469
DM-232,0.571527
DM-231,0.846958
DM-229,0.985043
DM-228,0.69035
DM-227,0.984927
DM-226,0.979977
DM-225,0.96862
DM-224,0.957278
DM-223,0.383872
DM-222,0.076408
DM-221,0.65426
DM-220,0.905322
DM-219,0.981167
DM-218,0.19962
DM-216,0.917893
DM-215,0.973645
DM-214,0.896976
DM-213,0.747247
DM-212,0.961822
DM-211,0.98983
DM-210,0.976129
DM-208,0.238107
DM-207,0.885631
DM-206,0.930962
DM-204,0.935346
DM-203,0.892187
DM-202,0.986363
DM-201,0.984456
DM-199,0.965119
DM-198,0.927888
DM-197,0.537041
DM-196,0.366703
DM-195,0.926835
DM-177,0.014842
DM-167,0.860604
DM-148,0.884039
DM-98,0.017442
DM-97,0.501953
DM-96,0.183301
DM-95,0.297406
DM-94,0.896976
DM-93,0.006904
DM-92,0.014392
DM-91,0.008125
DM-90,0.288707
DM-89,0.009634
DM-88,0.016153
DM-87,0.367668
DM-86,0.805632
DM-85,0.050705
DM-84,0.981167
DM-83,0.010328
DM-82,0.010489
DM-80,0.413832
DM-79,0.901227
DM-78,0.200871
DM-77,0.947769
DM-76,0.063019
DM-75,0.678327
DM-74,0.23092
DM-73,0.107437
DM-72,0.498535
DM-71,0.992184
DM-70,0.831691
DM-69,0.986363
DM-68,0.006004
DM-66,0.040846
DM-63,0.904987
DM-62,0.007121
DM-61,0.092033
DM-60,0.927888
DM-58,0.574156
DM-56,0.108189
DM-55,0.799755
DM-53,0.993902
DM-52,0.987759
DM-51,0.97649
DM-50,0.162115
DM-49,0.132515
DM-48,0.924688
DM-47,0.471223
DM-46,0.854399
DM-45,0.554712
DM-44,0.820757
DM-43,0.160792
DM-42,0.585101
DM-41,0.551332
DM-40,0.674372
DM-39,0.759047
DM-38,0.52829
DM-37,0.604282
DM-36,0.844922
DM-35,0.090735
DM-34,0.445047
DM-33,0.209793
DM-32,0.865224
DM-31,0.96741
DM-30,0.984336
DM-29,0.023153
DM-28,0.821617
DM-27,0.145844
DM-26,0.099121
DM-25,0.272605
DM-24,0.051083
DM-23,0.150528
DM-22,0.016153
DM-21,0.115162
DM-20,0.086942
DM-19,0.049959
DM-18,0.934395
DM-17,0.047074
DM-16,0.985271
DM-10,0.766294
DM-9,0.966914
DM-8,0.98347
DM-7,0.846451
DM-6,0.820182
DM-5,0.774924
DM-4,0.828384
DM-3,0.948917
DM-2,0.783658
DM-1,0.982288
