issue_key,prob_design
DM-27271,0.093347
DM-27270,0.006388
DM-27269,0.058132
DM-27268,0.09236
DM-27267,0.013223
DM-27266,0.158174
DM-27265,0.008779
DM-27264,0.475605
DM-27263,0.078078
DM-27262,0.021125
DM-27261,0.272025
DM-27260,0.700075
DM-27258,0.793106
DM-27257,0.080647
DM-27256,0.864768
DM-27255,0.963506
DM-27254,0.062789
DM-27253,0.967163
DM-27252,0.958847
DM-27251,0.448426
DM-27250,0.026355
DM-27249,0.039639
DM-27248,0.054199
DM-27247,0.234056
DM-27246,0.006388
DM-27245,0.399577
DM-27244,0.008847
DM-27243,0.010328
DM-27242,0.772187
DM-27241,0.980729
DM-27240,0.008316
DM-27239,0.200871
DM-27238,0.143188
DM-27237,0.082107
DM-27236,0.042722
DM-27235,0.084191
DM-27234,0.022803
DM-27233,0.024054
DM-27232,0.519278
DM-27231,0.923039
DM-27230,0.757077
DM-27229,0.023509
DM-27228,0.033086
DM-27227,0.018405
DM-27226,0.0729
DM-27225,0.025565
DM-27224,0.971564
DM-27223,0.481698
DM-27222,0.031859
DM-27221,0.88642
DM-27220,0.361221
DM-27219,0.077239
DM-27218,0.974629
DM-27217,0.72526
DM-27216,0.16398
DM-27215,0.225758
DM-27214,0.009559
DM-27213,0.216012
DM-27212,0.086016
DM-27211,0.00343
DM-27210,0.115961
DM-27209,0.010902
DM-27208,0.075312
DM-27207,0.033337
DM-27206,0.176956
DM-27205,0.029535
DM-27204,0.098079
DM-27203,0.061876
DM-27202,0.048137
DM-27201,0.27474
DM-27200,0.211417
DM-27199,0.124639
DM-27198,0.309441
DM-27197,0.019419
DM-27196,0.023153
DM-27195,0.174692
DM-27194,0.00573
DM-27193,0.020964
DM-27192,0.005642
DM-27191,0.03138
DM-27190,0.887984
DM-27189,0.867485
DM-27188,0.712432
DM-27187,0.029091
DM-27186,0.014064
DM-27185,0.004905
DM-27184,0.010249
DM-27183,0.049589
DM-27182,0.075858
DM-27181,0.063251
DM-27180,0.006193
DM-27179,0.750918
DM-27178,0.730482
DM-27177,0.048496
DM-27176,0.01292
DM-27175,0.016153
DM-27174,0.427038
DM-27173,0.076408
DM-27172,0.024988
DM-27171,0.085099
DM-27170,0.08389
DM-27169,0.168036
DM-27168,0.853425
DM-27167,0.908942
DM-27166,0.127218
DM-27165,0.007461
DM-27164,0.563378
DM-27163,0.005302
DM-27162,0.015785
DM-27161,0.146087
DM-27160,0.7413
DM-27159,0.007346
DM-27158,0.007121
DM-27157,0.00573
DM-27156,0.042404
DM-27155,0.08152
DM-27154,0.932453
DM-27153,0.886027
DM-27152,0.755997
DM-27151,0.185062
DM-27150,0.055413
DM-27149,0.009486
DM-27148,0.010408
DM-27147,0.949295
DM-27146,0.113187
DM-27145,0.042722
DM-27144,0.220007
DM-27143,0.328637
DM-27142,0.017309
DM-27141,0.451327
DM-27140,0.953275
DM-27139,0.051083
DM-27138,0.011332
DM-27137,0.01302
DM-27136,0.125493
DM-27135,0.019124
DM-27134,0.031859
DM-27133,0.008446
DM-27132,0.301131
DM-27131,0.01142
DM-27130,0.008847
DM-27129,0.038466
DM-27128,0.062103
DM-27127,0.022977
DM-27126,0.006798
DM-27125,0.969091
DM-27124,0.174973
DM-27123,0.030444
DM-27122,0.017177
DM-27121,0.006193
DM-27120,0.005911
DM-27119,0.008062
DM-27118,0.014504
DM-27117,0.763484
DM-27116,0.419172
DM-27115,0.092033
DM-27114,0.814643
DM-27113,0.007012
DM-27112,0.031859
DM-27111,0.679923
DM-27110,0.146575
DM-27109,0.754915
DM-27108,0.016277
DM-27107,0.934873
DM-27106,0.043043
DM-27105,0.971992
DM-27104,0.048858
DM-27103,0.007121
DM-27102,0.005555
DM-27101,0.103749
DM-27100,0.200558
DM-27099,0.014392
DM-27098,0.652629
DM-27097,0.070304
DM-27096,0.042088
DM-27095,0.216674
DM-27094,0.043366
DM-27093,0.967163
DM-27092,0.007121
DM-27091,0.9659
DM-27090,0.007816
DM-27089,0.01292
DM-27088,0.010328
DM-27087,0.449151
DM-27086,0.037892
DM-27085,0.00522
DM-27084,0.975762
DM-27083,0.063251
DM-27082,0.023153
DM-27081,0.007461
DM-27080,0.970013
DM-27079,0.779322
DM-27078,0.927363
DM-27077,0.190423
DM-27076,0.016153
DM-27075,0.08152
DM-27074,0.907967
DM-27073,0.986151
DM-27072,0.016403
DM-27071,0.017442
DM-27070,0.156105
DM-27069,0.485844
DM-27068,0.778649
DM-27067,0.042404
DM-27066,0.093017
DM-27065,0.021948
DM-27064,0.016029
DM-27063,0.048496
DM-27062,0.423816
DM-27061,0.021451
DM-27060,0.011508
DM-27059,0.031144
DM-27058,0.91181
DM-27057,0.981167
DM-27056,0.750918
DM-27055,0.987759
DM-27054,0.97539
DM-27053,0.970909
DM-27052,0.989182
DM-27051,0.950778
DM-27050,0.97631
DM-27049,0.008252
DM-27048,0.981595
DM-27047,0.023871
DM-27046,0.010014
DM-27045,0.357063
DM-27044,0.670285
DM-27043,0.063715
DM-27042,0.013428
DM-27041,0.067547
DM-27040,0.009784
DM-27039,0.555918
DM-27038,0.088505
DM-27037,0.970013
DM-27036,0.00934
DM-27035,0.977714
DM-27034,0.132515
DM-27033,0.691706
DM-27032,0.060752
DM-27031,0.493653
DM-27030,0.106319
DM-27029,0.016657
DM-27028,0.02976
DM-27027,0.643441
DM-27026,0.090093
DM-27025,0.882428
DM-27024,0.887984
DM-27023,0.867485
DM-27022,0.011778
DM-27021,0.01653
DM-27020,0.413596
DM-27019,0.056444
DM-27018,0.015073
DM-27017,0.244003
DM-27016,0.05921
DM-27015,0.313735
DM-27014,0.00461
DM-27013,0.215021
DM-27012,0.246533
DM-27011,0.078642
DM-27010,0.051463
DM-27009,0.967163
DM-27008,0.927363
DM-27007,0.026964
DM-27006,0.214362
DM-27005,0.037892
DM-27004,0.071332
DM-27003,0.74055
DM-27002,0.434701
DM-27001,0.019271
DM-27000,0.030676
DM-26999,0.037892
DM-26998,0.056444
DM-26997,0.022117
DM-26996,0.017309
DM-26995,0.02976
DM-26994,0.017577
DM-26993,0.373404
DM-26992,0.016915
DM-26991,0.082107
DM-26990,0.004134
DM-26989,0.042722
DM-26988,0.031859
DM-26987,0.019419
DM-26986,0.949669
DM-26983,0.697815
DM-26981,0.976847
DM-26980,0.416797
DM-26979,0.922482
DM-26978,0.095013
DM-26977,0.737536
DM-26976,0.00629
DM-26975,0.084191
DM-26974,0.009268
DM-26973,0.099121
DM-26972,0.517083
DM-26971,0.03359
DM-26970,0.004982
DM-26969,0.011158
DM-26968,0.969785
DM-26967,0.672305
DM-26966,0.756717
DM-26965,0.021615
DM-26964,0.916708
DM-26963,0.395251
DM-26962,0.834946
DM-26961,0.981167
DM-26960,0.043366
DM-26959,0.030909
DM-26958,0.005911
DM-26957,0.444565
DM-26956,0.03359
DM-26955,0.831143
DM-26954,0.810179
DM-26953,0.023331
DM-26952,0.637426
DM-26951,0.013223
DM-26950,0.033844
DM-26949,0.031619
DM-26948,0.823896
DM-26947,0.383988
DM-26946,0.00659
DM-26945,0.281208
DM-26944,0.17441
DM-26943,0.460532
DM-26942,0.031144
DM-26941,0.050331
DM-26940,0.018833
DM-26939,0.047426
DM-26938,0.013532
DM-26937,0.045692
DM-26936,0.589362
DM-26935,0.109325
DM-26934,0.07056
DM-26933,0.702938
DM-26932,0.501953
DM-26931,0.046725
DM-26930,0.060087
DM-26929,0.076684
DM-26928,0.803791
DM-26927,0.052619
DM-26926,0.025371
DM-26925,0.026964
DM-26924,0.746509
DM-26923,0.601711
DM-26922,0.398289
DM-26921,0.210766
DM-26920,0.872347
DM-26919,0.012723
DM-26918,0.013121
DM-26917,0.012821
DM-26916,0.011508
DM-26915,0.01292
DM-26914,0.011687
DM-26913,0.033844
DM-26912,0.103024
DM-26911,0.943764
DM-26910,0.96741
DM-26909,0.96862
DM-26908,0.034619
DM-26907,0.01302
DM-26906,0.021948
DM-26905,0.019871
DM-26904,0.448426
DM-26903,0.959762
DM-26902,0.855369
DM-26901,0.950778
DM-26900,0.74872
DM-26899,0.796292
DM-26898,0.077797
DM-26897,0.008847
DM-26896,0.01142
DM-26895,0.672439
DM-26894,0.027169
DM-26893,0.028653
DM-26892,0.014282
DM-26891,0.073963
DM-26890,0.009413
DM-26889,0.013637
DM-26888,0.034881
DM-26887,0.0745
DM-26886,0.024798
DM-26885,0.151529
DM-26884,0.016657
DM-26883,0.03359
DM-26882,0.014842
DM-26881,0.015425
DM-26880,0.01653
DM-26879,0.049959
DM-26878,0.054399
DM-26877,0.011597
DM-26876,0.239705
DM-26875,0.030215
DM-26874,0.016029
DM-26873,0.009486
DM-26872,0.015906
DM-26871,0.013223
DM-26870,0.004468
DM-26869,0.006798
DM-26868,0.008916
DM-26867,0.012432
DM-26866,0.105579
DM-26865,0.853425
DM-26864,0.38549
DM-26863,0.091382
DM-26862,0.023509
DM-26861,0.0729
DM-26860,0.953622
DM-26859,0.766643
DM-26858,0.166675
DM-26857,0.915507
DM-26856,0.037047
DM-26854,0.944177
DM-26853,0.00522
DM-26852,0.041462
DM-26851,0.016277
DM-26850,0.009784
DM-26849,0.032101
DM-26848,0.025565
DM-26847,0.026355
DM-26846,0.698844
DM-26845,0.011869
DM-26844,0.917303
DM-26843,0.737914
DM-26842,0.024423
DM-26841,0.877477
DM-26840,0.257578
DM-26839,0.237399
DM-26838,0.253584
DM-26837,0.075312
DM-26836,0.030215
DM-26835,0.919643
DM-26834,0.075585
DM-26833,0.161849
DM-26832,0.013849
DM-26831,0.013121
DM-26830,0.675122
DM-26829,0.016915
DM-26828,0.544559
DM-26827,0.099121
DM-26826,0.014616
DM-26825,0.157914
DM-26824,0.973241
DM-26823,0.068537
DM-26822,0.043366
DM-26821,0.09947
DM-26820,0.008577
DM-26819,0.753104
DM-26818,0.006904
DM-26817,0.985718
DM-26816,0.852935
DM-26815,0.024798
DM-26814,0.62892
DM-26813,0.827828
DM-26812,0.893681
DM-26811,0.08152
DM-26810,0.176104
DM-26809,0.932453
DM-26808,0.107063
DM-26807,0.101233
DM-26806,0.92079
DM-26805,0.304869
DM-26804,0.244363
DM-26803,0.891055
DM-26802,0.97649
DM-26801,0.882022
DM-26800,0.949669
DM-26799,0.074231
DM-26798,0.212722
DM-26797,0.089455
DM-26796,0.266644
DM-26795,0.346044
DM-26794,0.244363
DM-26793,0.054601
DM-26792,0.115162
DM-26791,0.128525
DM-26790,0.839208
DM-26789,0.502686
DM-26788,0.684264
DM-26787,0.93196
DM-26786,0.873647
DM-26785,0.314682
DM-26784,0.059647
DM-26783,0.00522
DM-26782,0.267408
DM-26781,0.012147
DM-26780,0.910863
DM-26779,0.082107
DM-26778,0.018833
DM-26777,0.655818
DM-26776,0.008252
DM-26775,0.605449
DM-26774,0.008916
DM-26773,0.009634
DM-26772,0.042722
DM-26771,0.639961
DM-26770,0.016915
DM-26769,0.014064
DM-26768,0.435181
DM-26767,0.871037
DM-26766,0.04778
DM-26765,0.887205
DM-26764,0.887984
DM-26763,0.867485
DM-26762,0.068289
DM-26761,0.039937
DM-26760,0.068289
DM-26759,0.006388
DM-26758,0.175538
DM-26757,0.040541
DM-26756,0.215681
DM-26755,0.235636
DM-26754,0.971992
DM-26753,0.771499
DM-26752,0.853425
DM-26751,0.914291
DM-26750,0.034359
DM-26749,0.056652
DM-26746,0.874077
DM-26745,0.004682
DM-26744,0.704364
DM-26743,0.097734
DM-26742,0.250363
DM-26741,0.200245
DM-26740,0.014729
DM-26739,0.731826
DM-26738,0.963231
DM-26737,0.023871
DM-26736,0.667148
DM-26735,0.030676
DM-26734,0.427516
DM-26733,0.330363
DM-26732,0.174973
DM-26731,0.317724
DM-26730,0.069289
DM-26729,0.005555
DM-26728,0.007816
DM-26727,0.007121
DM-26726,0.327211
DM-26725,0.014729
DM-26724,0.346901
DM-26723,0.004538
DM-26722,0.004538
DM-26721,0.087564
DM-26720,0.011961
DM-26719,0.035679
DM-26718,0.00365
DM-26717,0.039639
DM-26716,0.046034
DM-26715,0.244003
DM-26714,0.044681
DM-26713,0.098425
DM-26712,0.108189
DM-26711,0.004682
DM-26710,0.265119
DM-26709,0.757256
DM-26708,0.012821
DM-26707,0.335786
DM-26706,0.379034
DM-26705,0.73029
DM-26704,0.060087
DM-26703,0.039048
DM-26702,0.368747
DM-26701,0.046034
DM-26700,0.006098
DM-26699,0.003707
DM-26698,0.050331
DM-26697,0.028653
DM-26696,0.006798
DM-26695,0.220007
DM-26694,0.960657
DM-26693,0.400515
DM-26692,0.947381
DM-26691,0.968856
DM-26690,0.977714
DM-26689,0.942082
DM-26688,0.939025
DM-26687,0.015544
DM-26686,0.931463
DM-26685,0.96741
DM-26684,0.9462
DM-26683,0.346237
DM-26682,0.153803
DM-26681,0.110856
DM-26680,0.149035
DM-26679,0.007816
DM-26678,0.909907
DM-26677,0.008916
DM-26676,0.009936
DM-26675,0.028871
DM-26674,0.021287
DM-26673,0.012432
DM-26672,0.037609
DM-26671,0.095013
DM-26670,0.152789
DM-26669,0.020646
DM-26668,0.00461
DM-26667,0.157396
DM-26666,0.981875
DM-26665,0.029535
DM-26664,0.7413
DM-26663,0.084795
DM-26662,0.010249
DM-26661,0.967899
DM-26660,0.00629
DM-26658,0.98983
DM-26657,0.034881
DM-26656,0.221856
DM-26655,0.127653
DM-26654,0.004755
DM-26653,0.619126
DM-26652,0.649942
DM-26651,0.047426
DM-26650,0.007577
DM-26649,0.169956
DM-26648,0.150528
DM-26647,0.018264
DM-26646,0.155078
DM-26645,0.007233
DM-26644,0.020023
DM-26643,0.039343
DM-26642,0.013121
DM-26641,0.00659
DM-26640,0.138462
DM-26639,0.138462
DM-26638,0.978219
DM-26637,0.005911
DM-26636,0.929951
DM-26635,0.013121
DM-26634,0.071074
DM-26633,0.068787
DM-26632,0.177811
DM-26631,0.024988
DM-26630,0.013742
DM-26629,0.094678
DM-26628,0.955319
DM-26627,0.015425
DM-26626,0.057918
DM-26625,0.039639
DM-26624,0.039048
DM-26623,0.017309
DM-26622,0.90599
DM-26621,0.265119
DM-26620,0.010818
DM-26619,0.016657
DM-26618,0.887984
DM-26617,0.867485
DM-26616,0.00522
DM-26615,0.404155
DM-26614,0.761006
DM-26613,0.771155
DM-26612,0.084795
DM-26611,0.07921
DM-26610,0.075041
DM-26609,0.013849
DM-26608,0.486332
DM-26607,0.389779
DM-26606,0.404978
DM-26605,0.031859
DM-26604,0.013637
DM-26603,0.060087
DM-26602,0.933915
DM-26601,0.582491
DM-26600,0.083591
DM-26599,0.075858
DM-26598,0.020332
DM-26597,0.137996
DM-26596,0.124639
DM-26595,0.003884
DM-26594,0.024238
DM-26593,0.950411
DM-26592,0.202443
DM-26591,0.102305
DM-26590,0.043043
DM-26589,0.005469
DM-26588,0.010091
DM-26587,0.006488
DM-26586,0.005555
DM-26585,0.129843
DM-26584,0.00582
DM-26583,0.371308
DM-26582,0.046378
DM-26581,0.06804
DM-26580,0.013428
DM-26579,0.026557
DM-26578,0.039639
DM-26577,0.035411
DM-26576,0.799442
DM-26575,0.028008
DM-26574,0.027796
DM-26573,0.960063
DM-26572,0.075858
DM-26571,0.021287
DM-26570,0.899121
DM-26569,0.151529
DM-26568,0.011508
DM-26567,0.008316
DM-26566,0.035679
DM-26565,0.845433
DM-26564,0.957912
DM-26563,0.014729
DM-26562,0.023509
DM-26561,0.423935
DM-26557,0.035948
DM-26556,0.192236
DM-26555,0.008188
DM-26554,0.005911
DM-26553,0.097048
DM-26552,0.044681
DM-26551,0.008511
DM-26550,0.496582
DM-26549,0.017309
DM-26548,0.90599
DM-26547,0.518059
DM-26546,0.010328
DM-26545,0.037892
DM-26544,0.08882
DM-26543,0.079782
DM-26542,0.03622
DM-26541,0.183301
DM-26540,0.339828
DM-26539,0.008644
DM-26538,0.98347
DM-26537,0.794704
DM-26536,0.599133
DM-26535,0.035145
DM-26534,0.044681
DM-26533,0.141756
DM-26532,0.095349
DM-26531,0.03359
DM-26530,0.744285
DM-26529,0.040846
DM-26528,0.098773
DM-26527,0.863852
DM-26526,0.006693
DM-26525,0.007938
DM-26524,0.860134
DM-26523,0.014064
DM-26522,0.004538
DM-26521,0.044019
DM-26520,0.878314
DM-26519,0.020964
DM-26518,0.027376
DM-26517,0.943764
DM-26516,0.015189
DM-26515,0.067056
DM-26514,0.518059
DM-26513,0.090093
DM-26512,0.581065
DM-26511,0.96378
DM-26510,0.923592
DM-26509,0.662319
DM-26508,0.224395
DM-26507,0.353707
DM-26506,0.763131
DM-26505,0.552781
DM-26504,0.836555
DM-26503,0.962391
DM-26502,0.142709
DM-26501,0.883236
DM-26500,0.821617
DM-26499,0.009708
DM-26498,0.167763
DM-26497,0.588298
DM-26496,0.935817
DM-26495,0.093347
DM-26494,0.890675
DM-26493,0.03259
DM-26492,0.064183
DM-26491,0.263031
DM-26490,0.009559
DM-26489,0.020332
DM-26488,0.754915
DM-26487,0.010818
DM-26486,0.015189
DM-26485,0.936749
DM-26484,0.012054
DM-26483,0.008711
DM-26482,0.020964
DM-26481,0.011158
DM-26480,0.010014
DM-26479,0.004538
DM-26478,0.612426
DM-26477,0.971992
DM-26476,0.028653
DM-26475,0.413477
DM-26474,0.115162
DM-26473,0.046725
DM-26472,0.01142
DM-26471,0.004905
DM-26470,0.05301
DM-26469,0.009486
DM-26468,0.028653
DM-26467,0.018978
DM-26466,0.048858
DM-26465,0.012625
DM-26464,0.01653
DM-26458,0.318379
DM-26457,0.840783
DM-26456,0.189521
DM-26455,0.96641
DM-26454,0.030444
DM-26453,0.00407
DM-26452,0.018405
DM-26451,0.204342
DM-26450,0.950041
DM-26449,0.527803
DM-26448,0.011072
DM-26447,0.871475
DM-26446,0.007816
DM-26445,0.003324
DM-26444,0.039343
DM-26443,0.214034
DM-26442,0.231267
DM-26441,0.011778
DM-26440,0.866133
DM-26439,0.041462
DM-26438,0.007577
DM-26437,0.161056
DM-26436,0.004265
DM-26435,0.005469
DM-26434,0.464902
DM-26433,0.100172
DM-26432,0.165323
DM-26431,0.034359
DM-26430,0.031144
DM-26429,0.067056
DM-26428,0.00506
DM-26427,0.355663
DM-26426,0.018833
DM-26425,0.131619
DM-26424,0.011508
DM-26423,0.387111
DM-26422,0.05301
DM-26421,0.895157
DM-26420,0.076408
DM-26419,0.013532
DM-26418,0.009708
DM-26417,0.01142
DM-26416,0.019569
DM-26415,0.139396
DM-26414,0.017577
DM-26413,0.056652
DM-26412,0.69946
DM-26411,0.01292
DM-26410,0.019719
DM-26409,0.975012
DM-26408,0.116764
DM-26407,0.663396
DM-26406,0.821617
DM-26405,0.133868
DM-26404,0.143908
DM-26403,0.952574
DM-26402,0.908618
DM-26401,0.028871
DM-26400,0.868381
DM-26399,0.887984
DM-26398,0.005385
DM-26397,0.575588
DM-26396,0.328556
DM-26395,0.03138
DM-26394,0.015785
DM-26393,0.240239
DM-26392,0.01302
DM-26391,0.155848
DM-26390,0.745769
DM-26389,0.043691
DM-26388,0.043043
DM-26387,0.05301
DM-26386,0.184473
DM-26385,0.08152
DM-26384,0.037327
DM-26383,0.044681
DM-26382,0.281406
DM-26381,0.051083
DM-26380,0.039048
DM-26379,0.009936
DM-26378,0.974629
DM-26377,0.064183
DM-26376,0.40251
DM-26375,0.761006
DM-26374,0.035411
DM-26373,0.024988
DM-26372,0.006004
DM-26371,0.934395
DM-26370,0.685949
DM-26369,0.569853
DM-26368,0.026557
DM-26367,0.03259
DM-26366,0.931463
DM-26365,0.951504
DM-26364,0.243283
DM-26363,0.333069
DM-26362,0.021948
DM-26361,0.007461
DM-26360,0.071074
DM-26359,0.149035
DM-26358,0.23231
DM-26357,0.973844
DM-26356,0.038466
DM-26355,0.320874
DM-26354,0.950411
DM-26353,0.206894
DM-26352,0.755637
DM-26351,0.936749
DM-26350,0.110088
DM-26349,0.176388
DM-26348,0.055413
DM-26347,0.040541
DM-26346,0.037047
DM-26345,0.692018
DM-26344,0.087564
DM-26343,0.024054
DM-26342,0.883638
DM-26341,0.93196
DM-26340,0.943348
DM-26339,0.009936
DM-26338,0.039937
DM-26337,0.67971
DM-26336,0.989182
DM-26335,0.615752
DM-26334,0.103749
DM-26333,0.913058
DM-26332,0.317109
DM-26331,0.382141
DM-26330,0.118793
DM-26329,0.008847
DM-26328,0.012723
DM-26327,0.702326
DM-26326,0.662141
DM-26325,0.097048
DM-26324,0.411229
DM-26323,0.047074
DM-26322,0.465873
DM-26321,0.039048
DM-26320,0.20947
DM-26319,0.005642
DM-26318,0.013849
DM-26317,0.109706
DM-26316,0.04778
DM-26315,0.048496
DM-26314,0.027585
DM-26313,0.673943
DM-26312,0.878731
DM-26311,0.970909
DM-26310,0.695338
DM-26309,0.01017
DM-26308,0.026759
DM-26307,0.038756
DM-26306,0.28577
DM-26305,0.105948
DM-26304,0.072112
DM-26303,0.021287
DM-26302,0.977197
DM-26301,0.872782
DM-26300,0.025565
DM-26299,0.67694
DM-26298,0.475605
DM-26297,0.83762
DM-26296,0.816406
DM-26295,0.09739
DM-26294,0.534855
DM-26293,0.958847
DM-26292,0.059866
DM-26291,0.007461
DM-26290,0.011687
DM-26289,0.522689
DM-26288,0.831691
DM-26287,0.018264
DM-26286,0.92944
DM-26285,0.016403
DM-26284,0.126785
DM-26283,0.024798
DM-26282,0.868827
DM-26281,0.082994
DM-26280,0.357231
DM-26279,0.848471
DM-26278,0.613584
DM-26277,0.007233
DM-26276,0.830594
DM-26275,0.045353
DM-26274,0.004332
DM-26273,0.028008
DM-26272,0.033844
DM-26271,0.017045
DM-26270,0.716219
DM-26269,0.127218
DM-26268,0.020023
DM-26267,0.018264
DM-26266,0.008316
DM-26265,0.007346
DM-26264,0.013223
DM-26263,0.250913
DM-26262,0.00514
DM-26261,0.042722
DM-26260,0.050331
DM-26259,0.978219
DM-26258,0.009413
DM-26257,0.021451
DM-26256,0.07921
DM-26255,0.044019
DM-26254,0.847463
DM-26253,0.301465
DM-26252,0.389779
DM-26251,0.688887
DM-26250,0.654232
DM-26249,0.048137
DM-26248,0.012528
DM-26247,0.021781
DM-26246,0.00506
DM-26245,0.732974
DM-26244,0.107813
DM-26243,0.019419
DM-26242,0.253676
DM-26241,0.224906
DM-26240,0.153042
DM-26239,0.986777
DM-26238,0.014616
DM-26237,0.012432
DM-26236,0.904651
DM-26235,0.333286
DM-26234,0.045016
DM-26233,0.049959
DM-26232,0.031859
DM-26231,0.054199
DM-26230,0.004538
DM-26229,0.028871
DM-26228,0.016029
DM-26227,0.063019
DM-26226,0.021125
DM-26225,0.058346
DM-26224,0.136608
DM-26223,0.119614
DM-26222,0.468061
DM-26221,0.833866
DM-26220,0.865224
DM-26219,0.843895
DM-26218,0.557364
DM-26217,0.018405
DM-26216,0.030909
DM-26215,0.030909
DM-26214,0.107813
DM-26213,0.025761
DM-26212,0.011687
DM-26211,0.096365
DM-26210,0.051083
DM-26209,0.140336
DM-26208,0.0341
DM-26207,0.016403
DM-26206,0.016029
DM-26205,0.004982
DM-26204,0.006693
DM-26203,0.489259
DM-26202,0.153803
DM-26201,0.077518
DM-26200,0.018689
DM-26199,0.887984
DM-26198,0.029987
DM-26197,0.101589
DM-26196,0.084191
DM-26195,0.196826
DM-26194,0.035679
DM-26193,0.804098
DM-26192,0.944177
DM-26191,0.053403
DM-26190,0.951142
DM-26189,0.193147
DM-26188,0.628065
DM-26187,0.084795
DM-26186,0.973844
DM-26185,0.158956
DM-26184,0.00986
DM-26183,0.062331
DM-26182,0.003765
DM-26181,0.550124
DM-26180,0.028653
DM-26179,0.0745
DM-26178,0.785309
DM-26177,0.979511
DM-26176,0.114765
DM-26175,0.00838
DM-26174,0.906322
DM-26173,0.841305
DM-26172,0.968856
DM-26171,0.017712
DM-26170,0.266262
DM-26169,0.615839
DM-26168,0.095349
DM-26167,0.056862
DM-26166,0.00838
DM-26165,0.005469
DM-26164,0.674908
DM-26163,0.088505
DM-26162,0.143668
DM-26161,0.210117
DM-26160,0.008577
DM-26159,0.036494
DM-26158,0.251832
DM-26157,0.042088
DM-26156,0.09401
DM-26155,0.018833
DM-26154,0.334046
DM-26153,0.96378
DM-26152,0.028221
DM-26151,0.112405
DM-26150,0.015189
DM-26149,0.037327
DM-26148,0.024988
DM-26147,0.256646
DM-26146,0.072374
DM-26145,0.024054
DM-26144,0.052619
DM-26143,0.397003
DM-26142,0.039639
DM-26141,0.816699
DM-26140,0.969324
DM-26139,0.068787
DM-26138,0.147801
DM-26137,0.745769
DM-26136,0.09236
DM-26135,0.075585
DM-26134,0.185062
DM-26133,0.009634
DM-26132,0.048137
DM-26131,0.850469
DM-26130,0.004982
DM-26129,0.004755
DM-26128,0.004468
DM-26127,0.004755
DM-26126,0.007346
DM-26125,0.00514
DM-26124,0.006004
DM-26123,0.00483
DM-26122,0.00522
DM-26121,0.00506
DM-26120,0.004982
DM-26119,0.011072
DM-26118,0.004682
DM-26117,0.011961
DM-26116,0.673943
DM-26115,0.034881
DM-26114,0.466603
DM-26113,0.017309
DM-26112,0.087876
DM-26111,0.037327
DM-26110,0.017712
DM-26109,0.005911
DM-26108,0.960657
DM-26107,0.018264
DM-26106,0.169681
DM-26105,0.011332
DM-26104,0.018689
DM-26103,0.412293
DM-26102,0.068289
DM-26101,0.961534
DM-26100,0.91611
DM-26099,0.891811
DM-26098,0.011961
DM-26097,0.07836
DM-26096,0.044019
DM-26095,0.030676
DM-26094,0.025957
DM-26093,0.127218
DM-26092,0.342819
DM-26091,0.026355
DM-26090,0.003824
DM-26089,0.021287
DM-26088,0.095687
DM-26087,0.048137
DM-26086,0.022629
DM-26085,0.00934
DM-26084,0.055413
DM-26083,0.088505
DM-26082,0.325145
DM-26081,0.882022
DM-26080,0.015425
DM-26079,0.184768
DM-26078,0.331552
DM-26077,0.010987
DM-26076,0.907312
DM-26075,0.91181
DM-26074,0.059866
DM-26073,0.055413
DM-26072,0.971564
DM-26071,0.007696
DM-26070,0.102305
DM-26069,0.977543
DM-26068,0.048858
DM-26067,0.00483
DM-26066,0.019419
DM-26065,0.050331
DM-26064,0.010902
DM-26063,0.2676
DM-26062,0.051845
DM-26061,0.016277
DM-26060,0.643609
DM-26059,0.047074
DM-26058,0.212395
DM-26057,0.022117
DM-26056,0.021948
DM-26055,0.062331
DM-26054,0.057918
DM-26053,0.239705
DM-26052,0.101589
DM-26051,0.270288
DM-26050,0.205934
DM-26049,0.011072
DM-26048,0.333286
DM-26047,0.007346
DM-26046,0.052231
DM-26045,0.026964
DM-26044,0.014957
DM-26043,0.063948
DM-26042,0.24963
DM-26041,0.005642
DM-26040,0.040846
DM-26039,0.029987
DM-26038,0.006904
DM-26037,0.173288
DM-26036,0.037047
DM-26035,0.153549
DM-26034,0.015544
DM-26033,0.020964
DM-26032,0.008779
DM-26031,0.005385
DM-26030,0.851953
DM-26029,0.005555
DM-26028,0.849472
DM-26027,0.021451
DM-26025,0.0341
DM-26024,0.601477
DM-26022,0.035411
DM-26021,0.00573
DM-26020,0.04778
DM-26019,0.028653
DM-26018,0.026759
DM-26017,0.029987
DM-26016,0.039639
DM-26015,0.006098
DM-26014,0.143668
DM-26013,0.033337
DM-26012,0.094678
DM-26011,0.021781
DM-26010,0.834407
DM-26009,0.514644
DM-26008,0.121269
DM-26007,0.007121
DM-26006,0.008511
DM-26005,0.031619
DM-26004,0.954984
DM-26003,0.790854
DM-26002,0.120439
DM-26001,0.010249
DM-26000,0.016657
DM-25999,0.020332
DM-25998,0.040541
DM-25997,0.069038
DM-25996,0.007346
DM-25995,0.015189
DM-25994,0.026759
DM-25993,0.021451
DM-25992,0.498291
DM-25991,0.016657
DM-25990,0.116362
DM-25989,0.008316
DM-25988,0.007816
DM-25987,0.018125
DM-25986,0.015189
DM-25985,0.944177
DM-25984,0.00582
DM-25983,0.048137
DM-25982,0.416085
DM-25981,0.92523
DM-25980,0.01653
DM-25979,0.008577
DM-25978,0.067056
DM-25977,0.385028
DM-25976,0.074231
DM-25975,0.038178
DM-25974,0.09401
DM-25973,0.04778
DM-25972,0.029535
DM-25971,0.917303
DM-25970,0.006098
DM-25969,0.034359
DM-25968,0.013428
DM-25967,0.028653
DM-25966,0.025179
DM-25965,0.969091
DM-25964,0.984215
DM-25963,0.948537
DM-25962,0.128088
DM-25961,0.028871
DM-25960,0.017177
DM-25959,0.020177
DM-25958,0.072637
DM-25957,0.627495
DM-25956,0.805938
DM-25955,0.309806
DM-25954,0.122944
DM-25953,0.932944
DM-25952,0.919643
DM-25951,0.950411
DM-25950,0.036494
DM-25949,0.453262
DM-25948,0.92164
DM-25947,0.06165
DM-25946,0.785638
DM-25945,0.006904
DM-25944,0.841826
DM-25943,0.45641
DM-25942,0.871912
DM-25941,0.430866
DM-25940,0.435661
DM-25939,0.012625
DM-25938,0.021451
DM-25937,0.584745
DM-25936,0.007346
DM-25935,0.637652
DM-25934,0.00483
DM-25933,0.053403
DM-25932,0.300746
DM-25931,0.082107
DM-25930,0.013849
DM-25929,0.939025
DM-25928,0.004007
DM-25927,0.015906
DM-25926,0.974435
DM-25925,0.728748
DM-25924,0.94699
DM-25923,0.181553
DM-25922,0.01057
DM-25921,0.519521
DM-25920,0.887984
DM-25919,0.852445
DM-25918,0.33805
DM-25917,0.015073
DM-25916,0.155078
DM-25915,0.009708
DM-25914,0.00934
DM-25913,0.690768
DM-25912,0.134776
DM-25911,0.358634
DM-25910,0.028436
DM-25909,0.01302
DM-25908,0.633297
DM-25907,0.242744
DM-25906,0.678753
DM-25905,0.847968
DM-25904,0.021451
DM-25903,0.008252
DM-25902,0.005555
DM-25901,0.97024
DM-25900,0.322659
DM-25899,0.4917
DM-25898,0.058777
DM-25897,0.063019
DM-25896,0.211417
DM-25895,0.028871
DM-25894,0.037892
DM-25893,0.072637
DM-25892,0.970013
DM-25891,0.799442
DM-25890,0.5083
DM-25889,0.069038
DM-25888,0.03359
DM-25887,0.010653
DM-25886,0.241847
DM-25885,0.007346
DM-25884,0.244904
DM-25883,0.079782
DM-25882,0.00506
DM-25881,0.028871
DM-25880,0.047074
DM-25879,0.056236
DM-25878,0.105579
DM-25877,0.900879
DM-25872,0.120026
DM-25871,0.015073
DM-25870,0.436862
DM-25869,0.028871
DM-25868,0.015073
DM-25867,0.182426
DM-25866,0.979511
DM-25865,0.972204
DM-25864,0.974821
DM-25863,0.011158
DM-25862,0.962108
DM-25861,0.97539
DM-25860,0.859664
DM-25859,0.012054
DM-25858,0.059647
DM-25857,0.054399
DM-25856,0.086942
DM-25855,0.01292
DM-25854,0.015906
DM-25853,0.588416
DM-25852,0.021451
DM-25851,0.076961
DM-25850,0.207857
DM-25849,0.078926
DM-25848,0.538012
DM-25847,0.803482
DM-25846,0.793106
DM-25845,0.026557
DM-25844,0.927888
DM-25843,0.0341
DM-25842,0.901575
DM-25841,0.891434
DM-25840,0.221687
DM-25839,0.50293
DM-25838,0.093347
DM-25837,0.078642
DM-25836,0.020646
DM-25835,0.299412
DM-25834,0.033086
DM-25833,0.049589
DM-25832,0.029987
DM-25831,0.07343
DM-25830,0.284974
DM-25829,0.077518
DM-25828,0.146087
DM-25827,0.095349
DM-25826,0.807461
DM-25825,0.007121
DM-25824,0.146575
DM-25823,0.031144
DM-25822,0.143668
DM-25821,0.013956
DM-25820,0.039639
DM-25819,0.387459
DM-25818,0.212722
DM-25817,0.79534
DM-25816,0.046378
DM-25815,0.032837
DM-25814,0.132515
DM-25813,0.333286
DM-25812,0.008577
DM-25811,0.071851
DM-25810,0.011869
DM-25809,0.003707
DM-25808,0.012054
DM-25807,0.015906
DM-25806,0.569613
DM-25805,0.422743
DM-25804,0.746139
DM-25803,0.015906
DM-25802,0.043366
DM-25801,0.115961
DM-25800,0.055823
DM-25799,0.021781
DM-25798,0.747616
DM-25797,0.025371
DM-25796,0.021287
DM-25795,0.012336
DM-25794,0.318962
DM-25793,0.072374
DM-25792,0.016403
DM-25791,0.116362
DM-25790,0.735262
DM-25789,0.01653
DM-25788,0.005385
DM-25787,0.845942
DM-25786,0.008916
DM-25785,0.355439
DM-25784,0.025371
DM-25783,0.045353
DM-25782,0.14731
DM-25781,0.058777
DM-25780,0.038756
DM-25779,0.076684
DM-25778,0.386879
DM-25777,0.047074
DM-25776,0.959459
DM-25775,0.027585
DM-25774,0.989986
DM-25773,0.026557
DM-25772,0.043043
DM-25771,0.885631
DM-25770,0.044349
DM-25769,0.08152
DM-25768,0.016029
DM-25767,0.062331
DM-25766,0.054601
DM-25765,0.120026
DM-25764,0.045016
DM-25763,0.002935
DM-25762,0.050705
DM-25761,0.071074
DM-25760,0.057493
DM-25759,0.033844
DM-25758,0.323273
DM-25757,0.029091
DM-25756,0.028008
DM-25755,0.949669
DM-25754,0.005555
DM-25753,0.957912
DM-25752,0.220342
DM-25751,0.591959
DM-25750,0.020023
DM-25749,0.007938
DM-25748,0.653231
DM-25747,0.010818
DM-25746,0.014064
DM-25745,0.113973
DM-25744,0.05301
DM-25743,0.223038
DM-25742,0.985043
DM-25741,0.518059
DM-25740,0.068537
DM-25739,0.438785
DM-25738,0.105579
DM-25737,0.051845
DM-25736,0.004905
DM-25735,0.004332
DM-25734,0.017309
DM-25733,0.936285
DM-25732,0.125493
DM-25731,0.040238
DM-25730,0.091382
DM-25729,0.682997
DM-25728,0.839734
DM-25727,0.899121
DM-25726,0.301568
DM-25725,0.037327
DM-25724,0.107813
DM-25723,0.012241
DM-25722,0.677581
DM-25721,0.167491
DM-25720,0.014172
DM-25719,0.037047
DM-25718,0.256832
DM-25717,0.977023
DM-25716,0.739046
DM-25715,0.739046
DM-25714,0.021125
DM-25713,0.025179
DM-25712,0.07921
DM-25711,0.031619
DM-25710,0.759225
DM-25709,0.376852
DM-25708,0.008511
DM-25707,0.005911
DM-25706,0.354409
DM-25705,0.027796
DM-25704,0.917893
DM-25703,0.914291
DM-25702,0.020804
DM-25701,0.028871
DM-25700,0.012625
DM-25699,0.196209
DM-25698,0.017177
DM-25697,0.031144
DM-25696,0.085404
DM-25695,0.129403
DM-25694,0.066812
DM-25693,0.349817
DM-25692,0.482429
DM-25691,0.91118
DM-25690,0.048137
DM-25689,0.004468
DM-25688,0.152789
DM-25687,0.021125
DM-25686,0.495117
DM-25685,0.009197
DM-25684,0.00573
DM-25683,0.732209
DM-25681,0.041462
DM-25680,0.03138
DM-25679,0.019719
DM-25678,0.011961
DM-25677,0.028436
DM-25676,0.924142
DM-25675,0.260766
DM-25674,0.984575
DM-25673,0.402099
DM-25672,0.165323
DM-25671,0.257765
DM-25670,0.665628
DM-25669,0.166134
DM-25668,0.7413
DM-25667,0.432902
DM-25666,0.010489
DM-25665,0.242206
DM-25664,0.741674
DM-25663,0.197754
DM-25662,0.094343
DM-25661,0.076132
DM-25660,0.058777
DM-25659,0.233706
DM-25658,0.00986
DM-25657,0.093678
DM-25656,0.019719
DM-25655,0.871475
DM-25654,0.345381
DM-25653,0.216012
DM-25651,0.049222
DM-25650,0.011332
DM-25649,0.983971
DM-25648,0.037047
DM-25647,0.021451
DM-25646,0.819893
DM-25645,0.037047
DM-25644,0.154312
DM-25643,0.020489
DM-25642,0.928926
DM-25641,0.842863
DM-25640,0.295535
DM-25639,0.510741
DM-25638,0.422386
DM-25637,0.947769
DM-25636,0.979036
DM-25635,0.793106
DM-25634,0.333286
DM-25633,0.01653
DM-25632,0.018125
DM-25631,0.010328
DM-25630,0.369315
DM-25629,0.042404
DM-25628,0.019719
DM-25627,0.071074
DM-25626,0.009197
DM-25625,0.158695
DM-25624,0.177241
DM-25623,0.273769
DM-25622,0.356167
DM-25621,0.410165
DM-25620,0.097048
DM-25619,0.933915
DM-25618,0.033337
DM-25617,0.030215
DM-25616,0.322308
DM-25615,0.037609
DM-25614,0.146575
DM-25613,0.368178
DM-25612,0.067793
DM-25611,0.065128
DM-25610,0.065605
DM-25609,0.016277
DM-25608,0.558568
DM-25607,0.004755
DM-25606,0.014616
DM-25605,0.020964
DM-25604,0.092688
DM-25603,0.018547
DM-25602,0.180974
DM-25601,0.317453
DM-25600,0.057705
DM-25599,0.216012
DM-25598,0.034881
DM-25597,0.31342
DM-25596,0.009055
DM-25595,0.014842
DM-25594,0.00461
DM-25593,0.120853
DM-25592,0.850469
DM-25591,0.011597
DM-25590,0.075858
DM-25589,0.370909
DM-25588,0.754192
DM-25587,0.016153
DM-25586,0.017177
DM-25585,0.018264
DM-25584,0.019719
DM-25583,0.231267
DM-25582,0.023509
DM-25581,0.028871
DM-25580,0.047074
DM-25579,0.020023
DM-25578,0.032344
DM-25577,0.018689
DM-25576,0.317969
DM-25575,0.974435
DM-25574,0.041153
DM-25573,0.006098
DM-25572,0.009486
DM-25571,0.900179
DM-25570,0.011508
DM-25569,0.012241
DM-25568,0.011332
DM-25567,0.01142
DM-25566,0.012147
DM-25565,0.010902
DM-25564,0.037327
DM-25563,0.028653
DM-25562,0.014282
DM-25561,0.073963
DM-25560,0.009413
DM-25559,0.013637
DM-25558,0.077797
DM-25557,0.008847
DM-25556,0.0745
DM-25555,0.01142
DM-25554,0.672439
DM-25553,0.027169
DM-25552,0.024798
DM-25551,0.151529
DM-25550,0.034881
DM-25549,0.016657
DM-25548,0.040238
DM-25547,0.744285
DM-25546,0.014504
DM-25545,0.010408
DM-25544,0.009486
DM-25543,0.954308
DM-25542,0.034619
DM-25541,0.024238
DM-25540,0.010902
DM-25539,0.888372
DM-25538,0.058132
DM-25537,0.123366
DM-25536,0.868827
DM-25535,0.157137
DM-25534,0.64791
DM-25533,0.053601
DM-25532,0.797872
DM-25531,0.090093
DM-25530,0.015906
DM-25529,0.016657
DM-25528,0.016029
DM-25527,0.057282
DM-25526,0.007121
DM-25524,0.019271
DM-25523,0.98347
DM-25522,0.079496
DM-25521,0.250913
DM-25520,0.135919
DM-25519,0.453988
DM-25518,0.0729
DM-25517,0.00461
DM-25516,0.018405
DM-25515,0.010818
DM-25514,0.980281
DM-25513,0.00407
DM-25512,0.022629
DM-25511,0.035948
DM-25510,0.176104
DM-25509,0.674158
DM-25508,0.757794
DM-25507,0.893681
DM-25506,0.040238
DM-25505,0.855369
DM-25504,0.707809
DM-25503,0.423696
DM-25502,0.489015
DM-25501,0.637764
DM-25500,0.564339
DM-25499,0.685318
DM-25498,0.519034
DM-25497,0.021948
DM-25496,0.568895
DM-25495,0.703549
DM-25494,0.060308
DM-25493,0.011778
DM-25492,0.338282
DM-25491,0.020023
DM-25490,0.050705
DM-25489,0.951504
DM-25488,0.533884
DM-25487,0.900179
DM-25486,0.122944
DM-25485,0.231788
DM-25484,0.862004
DM-25483,0.901227
DM-25482,0.024054
DM-25481,0.291586
DM-25480,0.047426
DM-25479,0.238994
DM-25478,0.055413
DM-25477,0.039639
DM-25476,0.02976
DM-25475,0.950778
DM-25474,0.041153
DM-25473,0.034881
DM-25472,0.134776
DM-25471,0.452778
DM-25470,0.462716
DM-25469,0.029091
DM-25468,0.697815
DM-25467,0.084795
DM-25466,0.023689
DM-25465,0.985718
DM-25464,0.433742
DM-25463,0.035948
DM-25462,0.014504
DM-25461,0.008847
DM-25460,0.928409
DM-25459,0.949669
DM-25458,0.07836
DM-25457,0.144149
DM-25456,0.908293
DM-25455,0.512693
DM-25454,0.0341
DM-25453,0.176388
DM-25452,0.148541
DM-25451,0.022286
DM-25450,0.463444
DM-25449,0.944587
DM-25448,0.067793
DM-25447,0.949669
DM-25446,0.979511
DM-25445,0.03359
DM-25444,0.00407
DM-25443,0.962953
DM-25442,0.927888
DM-25441,0.042404
DM-25440,0.020177
DM-25439,0.009413
DM-25438,0.034881
DM-25437,0.934395
DM-25436,0.006488
DM-25435,0.942507
DM-25434,0.73029
DM-25433,0.042088
DM-25432,0.014842
DM-25431,0.093017
DM-25430,0.004538
DM-25429,0.02976
DM-25428,0.012336
DM-25427,0.494141
DM-25426,0.274157
DM-25425,0.025957
DM-25424,0.034881
DM-25423,0.005911
DM-25422,0.008446
DM-25421,0.939471
DM-25420,0.057493
DM-25419,0.048858
DM-25418,0.769427
DM-25417,0.013428
DM-25416,0.014282
DM-25415,0.007938
DM-25414,0.087876
DM-25413,0.62261
DM-25412,0.038466
DM-25411,0.012054
DM-25410,0.007121
DM-25408,0.896614
DM-25407,0.006098
DM-25406,0.026964
DM-25405,0.90053
DM-25404,0.154058
DM-25403,0.842863
DM-25402,0.261048
DM-25401,0.141756
DM-25400,0.109325
DM-25399,0.571169
DM-25398,0.33644
DM-25397,0.234757
DM-25396,0.715623
DM-25395,0.902952
DM-25394,0.889912
DM-25393,0.52829
DM-25392,0.005642
DM-25391,0.970909
DM-25390,0.708213
DM-25389,0.055413
DM-25388,0.853425
DM-25387,0.902952
DM-25386,0.884039
DM-25385,0.770465
DM-25384,0.115561
DM-25383,0.744285
DM-25382,0.025371
DM-25381,0.015906
DM-25380,0.098773
DM-25379,0.013532
DM-25378,0.705379
DM-25377,0.122523
DM-25376,0.158956
DM-25375,0.804098
DM-25374,0.154058
DM-25373,0.7413
DM-25372,0.019124
DM-25371,0.376451
DM-25370,0.364898
DM-25369,0.09739
DM-25368,0.277082
DM-25367,0.192236
DM-25366,0.190122
DM-25365,0.259263
DM-25364,0.084191
DM-25363,0.116764
DM-25362,0.104477
DM-25361,0.179531
DM-25360,0.233532
DM-25359,0.226955
DM-25358,0.152789
DM-25357,0.013428
DM-25356,0.045353
DM-25355,0.956309
DM-25354,0.979036
DM-25353,0.06256
DM-25352,0.719581
DM-25351,0.005469
DM-25350,0.057493
DM-25349,0.090414
DM-25348,0.367724
DM-25347,0.007233
DM-25346,0.558327
DM-25345,0.025371
DM-25344,0.324664
DM-25343,0.424412
DM-25342,0.340704
DM-25341,0.94079
DM-25340,0.429908
DM-25339,0.325574
DM-25338,0.912436
DM-25337,0.226955
DM-25336,0.055413
DM-25335,0.01292
DM-25333,0.065605
DM-25332,0.027585
DM-25331,0.969785
DM-25330,0.028008
DM-25329,0.004905
DM-25328,0.150029
DM-25327,0.0745
DM-25326,0.086632
DM-25325,0.023871
DM-25324,0.041462
DM-25323,0.011072
DM-25322,0.898767
DM-25321,0.329607
DM-25320,0.220007
DM-25319,0.359926
DM-25318,0.00343
DM-25317,0.041153
DM-25316,0.021451
DM-25315,0.502441
DM-25314,0.010014
DM-25313,0.793106
DM-25312,0.333286
DM-25311,0.029987
DM-25310,0.015073
DM-25309,0.242923
DM-25308,0.857291
DM-25307,0.056236
DM-25306,0.035411
DM-25305,0.019871
DM-25304,0.039343
DM-25303,0.373305
DM-25302,0.045692
DM-25301,0.004755
DM-25300,0.417984
DM-25299,0.144631
DM-25298,0.025957
DM-25297,0.045016
DM-25296,0.773216
DM-25295,0.928409
DM-25294,0.69946
DM-25293,0.101233
DM-25292,0.033086
DM-25291,0.0538
DM-25290,0.029987
DM-25288,0.022286
DM-25287,0.663805
DM-25286,0.034881
DM-25285,0.927363
DM-25284,0.028436
DM-25283,0.542984
DM-25282,0.026759
DM-25281,0.0538
DM-25280,0.010091
DM-25279,0.180107
DM-25278,0.062789
DM-25277,0.596595
DM-25276,0.272799
DM-25275,0.742048
DM-25274,0.016657
DM-25273,0.151529
DM-25272,0.846451
DM-25271,0.764892
DM-25270,0.782995
DM-25269,0.927363
DM-25268,0.795022
DM-25267,0.004332
DM-25266,0.19962
DM-25265,0.852935
DM-25264,0.18418
DM-25263,0.251832
DM-25262,0.004399
DM-25261,0.958226
DM-25260,0.033337
DM-25259,0.947769
DM-25258,0.296858
DM-25257,0.086323
DM-25256,0.138462
DM-25255,0.992988
DM-25254,0.974239
DM-25253,0.014504
DM-25252,0.983597
DM-25251,0.331552
DM-25250,0.834407
DM-25249,0.011597
DM-25248,0.992062
DM-25247,0.944995
DM-25246,0.945801
DM-25245,0.025565
DM-25244,0.171061
DM-25243,0.014957
DM-25242,0.370482
DM-25241,0.500488
DM-25240,0.954984
DM-25239,0.266835
DM-25238,0.036494
DM-25237,0.799755
DM-25236,0.939025
DM-25235,0.045016
DM-25234,0.148788
DM-25233,0.721154
DM-25232,0.950041
DM-25231,0.013121
DM-25230,0.008062
DM-25229,0.121686
DM-25228,0.25945
DM-25227,0.012821
DM-25226,0.891055
DM-25225,0.003765
DM-25224,0.011778
DM-25223,0.108189
DM-25222,0.008188
DM-25221,0.051463
DM-25220,0.010014
DM-25219,0.893309
DM-25218,0.263031
DM-25217,0.025371
DM-25216,0.007233
DM-25215,0.123366
DM-25214,0.033844
DM-25213,0.301362
DM-25212,0.011778
DM-25211,0.017712
DM-25210,0.011508
DM-25209,0.003273
DM-25208,0.007121
DM-25207,0.557604
DM-25206,0.414425
DM-25205,0.029987
DM-25204,0.029987
DM-25203,0.260389
DM-25202,0.673621
DM-25201,0.870597
DM-25200,0.540681
DM-25199,0.065605
DM-25198,0.011158
DM-25197,0.146575
DM-25196,0.471223
DM-25195,0.620708
DM-25194,0.211417
DM-25193,0.939913
DM-25192,0.282988
DM-25191,0.424412
DM-25190,0.121686
DM-25189,0.008446
DM-25188,0.896976
DM-25187,0.00659
DM-25186,0.020332
DM-25185,0.951504
DM-25184,0.038178
DM-25183,0.939913
DM-25182,0.289171
DM-25181,0.027376
DM-25180,0.829492
DM-25179,0.105211
DM-25178,0.914901
DM-25177,0.007938
DM-25176,0.012625
DM-25175,0.042722
DM-25174,0.84338
DM-25173,0.19498
DM-25172,0.215021
DM-25171,0.013121
DM-25170,0.006193
DM-25169,0.942929
DM-25168,0.017309
DM-25167,0.045016
DM-25166,0.078926
DM-25165,0.007696
DM-25164,0.060975
DM-25163,0.253491
DM-25162,0.047074
DM-25161,0.906983
DM-25160,0.519034
DM-25159,0.026355
DM-25158,0.913058
DM-25157,0.90599
DM-25156,0.008316
DM-25155,0.007346
DM-25154,0.015664
DM-25153,0.335569
DM-25152,0.049589
DM-25151,0.149283
DM-25150,0.035145
DM-25149,0.01302
DM-25148,0.932944
DM-25147,0.234056
DM-25146,0.31363
DM-25145,0.926835
DM-25144,0.385071
DM-25143,0.162115
DM-25142,0.593727
DM-25141,0.212069
DM-25140,0.909265
DM-25139,0.70477
DM-25137,0.009936
DM-25136,0.472683
DM-25135,0.007756
DM-25134,0.03359
DM-25133,0.025179
DM-25132,0.100525
DM-25131,0.909907
DM-25130,0.927888
DM-25129,0.027585
DM-25128,0.142232
DM-25127,0.894789
DM-25126,0.034881
DM-25125,0.027796
DM-25124,0.09739
DM-25121,0.406273
DM-25119,0.022803
DM-25118,0.976129
DM-25117,0.119614
DM-25116,0.015073
DM-25115,0.070304
DM-25114,0.029535
DM-25113,0.908293
DM-25112,0.03359
DM-25111,0.020023
DM-25110,0.676566
DM-25109,0.186836
DM-25108,0.09947
DM-25107,0.115561
DM-25106,0.07343
DM-25105,0.125065
DM-25104,0.657978
DM-25103,0.617282
DM-25102,0.125923
DM-25101,0.09739
DM-25100,0.860134
DM-25099,0.317003
DM-25098,0.029987
DM-25097,0.008711
DM-25096,0.104477
DM-25095,0.01653
DM-25094,0.007938
DM-25093,0.635187
DM-25092,0.076408
DM-25091,0.038178
DM-25090,0.683842
DM-25089,0.59408
DM-25088,0.022286
DM-25087,0.587233
DM-25086,0.040541
DM-25085,0.895888
DM-25084,0.194062
DM-25083,0.115961
DM-25082,0.042722
DM-25081,0.009126
DM-25080,0.267217
DM-25079,0.035948
DM-25078,0.015073
DM-25077,0.80502
DM-25076,0.935346
DM-25075,0.004399
DM-25074,0.065366
DM-25073,0.096706
DM-25072,0.907312
DM-25071,0.003594
DM-25070,0.092688
DM-25069,0.004199
DM-25068,0.901921
DM-25067,0.333286
DM-25066,0.019719
DM-25065,0.025565
DM-25064,0.081813
DM-25063,0.015425
DM-25062,0.017045
DM-25061,0.010735
DM-25060,0.721939
DM-25059,0.732974
DM-25058,0.938124
DM-25057,0.017986
DM-25056,0.021948
DM-25055,0.272411
DM-25054,0.016785
DM-25053,0.055005
DM-25052,0.055005
DM-25051,0.253306
DM-25050,0.007346
DM-25049,0.988492
DM-25048,0.013325
DM-25047,0.029987
DM-25046,0.322019
DM-25045,0.048496
DM-25044,0.156105
DM-25043,0.535341
DM-25042,0.061424
DM-25041,0.546496
DM-25040,0.008316
DM-25039,0.081813
DM-25038,0.62601
DM-25037,0.072637
DM-25036,0.020964
DM-25035,0.030676
DM-25034,0.025761
DM-25033,0.006488
DM-25032,0.022286
DM-25031,0.024054
DM-25030,0.643889
DM-25029,0.031144
DM-25028,0.017712
DM-25027,0.012241
DM-25026,0.519521
DM-25025,0.004265
DM-25024,0.093347
DM-25023,0.03622
DM-25022,0.060087
DM-25021,0.052231
DM-25020,0.016277
DM-25019,0.212722
DM-25018,0.029987
DM-25017,0.008446
DM-25016,0.005911
DM-25015,0.688364
DM-25014,0.007696
DM-25013,0.009413
DM-25012,0.76454
DM-25011,0.187133
DM-25010,0.039343
DM-25009,0.015425
DM-25008,0.119203
DM-25007,0.825027
DM-25006,0.191933
DM-25005,0.204342
DM-25004,0.62564
DM-25003,0.048858
DM-25002,0.089773
DM-25001,0.022803
DM-25000,0.024423
DM-24999,0.019419
DM-24998,0.497559
DM-24997,0.027169
DM-24996,0.987375
DM-24995,0.915507
DM-24994,0.055413
DM-24993,0.007696
DM-24992,0.800068
DM-24991,0.867036
DM-24988,0.075858
DM-24987,0.891055
DM-24986,0.16238
DM-24985,0.021781
DM-24984,0.422028
DM-24983,0.029091
DM-24982,0.089773
DM-24981,0.003884
DM-24980,0.003377
DM-24979,0.011597
DM-24978,0.007696
DM-24977,0.192539
DM-24976,0.581541
DM-24975,0.806548
DM-24974,0.045353
DM-24973,0.967656
DM-24972,0.147555
DM-24971,0.043043
DM-24970,0.019271
DM-24969,0.084795
DM-24968,0.158695
DM-24967,0.011245
DM-24966,0.021287
DM-24965,0.72487
DM-24964,0.032837
DM-24963,0.885631
DM-24962,0.007121
DM-24961,0.415373
DM-24960,0.006098
DM-24959,0.97024
DM-24958,0.83762
DM-24957,0.784649
DM-24956,0.017442
DM-24955,0.035411
DM-24954,0.013325
DM-24953,0.089137
DM-24952,0.033844
DM-24951,0.013637
DM-24950,0.191328
DM-24949,0.605449
DM-24948,0.205296
DM-24947,0.573201
DM-24946,0.035411
DM-24945,0.906653
DM-24944,0.005911
DM-24943,0.053403
DM-24942,0.015306
DM-24941,0.611933
DM-24940,0.393502
DM-24939,0.906653
DM-24938,0.977371
DM-24937,0.811676
DM-24936,0.874077
DM-24935,0.625656
DM-24934,0.022286
DM-24933,0.004134
DM-24932,0.013121
DM-24931,0.013532
DM-24930,0.684053
DM-24929,0.028436
DM-24928,0.058777
DM-24927,0.018833
DM-24926,0.017177
DM-24925,0.236516
DM-24924,0.061876
DM-24923,0.848972
DM-24922,0.745769
DM-24921,0.761361
DM-24920,0.886813
DM-24919,0.034881
DM-24918,0.005911
DM-24917,0.472927
DM-24916,0.732592
DM-24915,0.013532
DM-24914,0.030444
DM-24913,0.007233
DM-24912,0.027376
DM-24911,0.079496
DM-24910,0.140336
DM-24909,0.043691
DM-24908,0.086323
DM-24907,0.019124
DM-24906,0.048858
DM-24905,0.158174
DM-24904,0.016785
DM-24903,0.002981
DM-24902,0.044349
DM-24901,0.787605
DM-24900,0.402451
DM-24899,0.00506
DM-24892,0.01017
DM-24884,0.749821
DM-24883,0.108566
DM-24864,0.006098
DM-24863,0.835484
DM-24862,0.108566
DM-24861,0.046725
DM-24860,0.410165
DM-24859,0.006904
DM-24858,0.505371
DM-24857,0.009936
DM-24856,0.93196
DM-24855,0.006488
DM-24853,0.546496
DM-24852,0.376337
DM-24851,0.252384
DM-24850,0.060087
DM-24849,0.006193
DM-24848,0.021451
DM-24847,0.015664
DM-24846,0.019124
DM-24845,0.078078
DM-24844,0.159217
DM-24843,0.227126
DM-24842,0.039937
DM-24841,0.041153
DM-24840,0.620622
DM-24839,0.413951
DM-24838,0.348091
DM-24837,0.004755
DM-24836,0.116362
DM-24835,0.79053
DM-24834,0.963231
DM-24833,0.333286
DM-24832,0.027585
DM-24831,0.046725
DM-24830,0.615955
DM-24829,0.008511
DM-24828,0.156362
DM-24827,0.030909
DM-24826,0.681621
DM-24825,0.006004
DM-24824,0.028436
DM-24823,0.125493
DM-24822,0.020023
DM-24821,0.639286
DM-24820,0.050331
DM-24819,0.411584
DM-24818,0.03259
DM-24817,0.014282
DM-24816,0.095349
DM-24815,0.078926
DM-24814,0.661335
DM-24813,0.13569
DM-24812,0.626324
DM-24811,0.007577
DM-24810,0.04778
DM-24809,0.014064
DM-24808,0.053403
DM-24807,0.563138
DM-24806,0.746139
DM-24805,0.067793
DM-24804,0.049959
DM-24803,0.924688
DM-24802,0.196826
DM-24801,0.034881
DM-24800,0.030676
DM-24799,0.055823
DM-24798,0.023331
DM-24797,0.349755
DM-24796,0.010902
DM-24795,0.028436
DM-24794,0.012054
DM-24793,0.087564
DM-24792,0.657428
DM-24791,0.014064
DM-24790,0.014842
DM-24789,0.012625
DM-24788,0.985936
DM-24787,0.962673
DM-24786,0.009055
DM-24785,0.967163
DM-24784,0.03359
DM-24783,0.086016
DM-24782,0.046725
DM-24781,0.00582
DM-24780,0.129843
DM-24779,0.96378
DM-24778,0.093017
DM-24777,0.143668
DM-24776,0.356783
DM-24775,0.005385
DM-24774,0.979668
DM-24773,0.020177
DM-24772,0.779658
DM-24771,0.091707
DM-24770,0.021125
DM-24769,0.035948
DM-24768,0.009055
DM-24767,0.012625
DM-24766,0.079782
DM-24765,0.09947
DM-24764,0.893681
DM-24763,0.125065
DM-24762,0.014504
DM-24761,0.375077
DM-24760,0.04778
DM-24759,0.029535
DM-24758,0.018405
DM-24757,0.062331
DM-24756,0.024238
DM-24755,0.230573
DM-24754,0.048496
DM-24753,0.07343
DM-24752,0.004399
DM-24751,0.011778
DM-24750,0.19163
DM-24749,0.123789
DM-24748,0.465387
DM-24747,0.07477
DM-24746,0.008511
DM-24745,0.05921
DM-24744,0.007233
DM-24743,0.96862
DM-24742,0.080357
DM-24741,0.060087
DM-24740,0.318664
DM-24739,0.009559
DM-24738,0.050331
DM-24737,0.620622
DM-24736,0.079496
DM-24735,0.015785
DM-24734,0.927363
DM-24733,0.385143
DM-24732,0.841305
DM-24731,0.532182
DM-24730,0.150029
DM-24729,0.318273
DM-24728,0.007461
DM-24727,0.075858
DM-24726,0.009126
DM-24725,0.00659
DM-24724,0.013742
DM-24723,0.059866
DM-24722,0.051845
DM-24721,0.003707
DM-24720,0.956634
DM-24719,0.015306
DM-24718,0.013849
DM-24717,0.003124
DM-24716,0.036494
DM-24715,0.980431
DM-24714,0.015073
DM-24713,0.029312
DM-24712,0.009634
DM-24711,0.843895
DM-24710,0.547706
DM-24709,0.699049
DM-24708,0.012147
DM-24707,0.963231
DM-24706,0.967656
DM-24705,0.038466
DM-24704,0.840783
DM-24703,0.840783
DM-24702,0.509276
DM-24701,0.029091
DM-24700,0.36292
DM-24699,0.237046
DM-24698,0.019871
DM-24697,0.065366
DM-24696,0.03259
DM-24695,0.010735
DM-24694,0.026557
DM-24693,0.013637
DM-24692,0.473414
DM-24691,0.017177
DM-24690,0.72952
DM-24689,0.03138
DM-24688,0.878314
DM-24687,0.011961
DM-24686,0.014064
DM-24685,0.214034
DM-24684,0.987568
DM-24683,0.005469
DM-24682,0.826151
DM-24681,0.925769
DM-24680,0.042722
DM-24679,0.957278
DM-24678,0.010328
DM-24677,0.173288
DM-24676,0.96741
DM-24675,0.09401
DM-24674,0.584627
DM-24673,0.543348
DM-24672,0.626753
DM-24671,0.630742
DM-24670,0.878314
DM-24669,0.019569
DM-24668,0.010091
DM-24667,0.60964
DM-24666,0.039343
DM-24665,0.043691
DM-24664,0.13569
DM-24663,0.961244
DM-24662,0.051463
DM-24661,0.008644
DM-24660,0.983085
DM-24659,0.514156
DM-24658,0.017577
DM-24657,0.044349
DM-24656,0.030676
DM-24655,0.432303
DM-24654,0.269903
DM-24653,0.180107
DM-24652,0.821617
DM-24651,0.333286
DM-24650,0.865679
DM-24649,0.575588
DM-24648,0.019871
DM-24647,0.490236
DM-24646,0.255344
DM-24645,0.958226
DM-24644,0.658857
DM-24643,0.976129
DM-24642,0.971347
DM-24641,0.008985
DM-24640,0.066085
DM-24639,0.20947
DM-24638,0.009126
DM-24637,0.226441
DM-24636,0.153803
DM-24635,0.405449
DM-24634,0.02461
DM-24633,0.504394
DM-24632,0.027585
DM-24631,0.086942
DM-24630,0.021287
DM-24629,0.109325
DM-24628,0.017309
DM-24627,0.971992
DM-24626,0.294722
DM-24625,0.470493
DM-24624,0.979977
DM-24623,0.015544
DM-24622,0.687
DM-24621,0.006904
DM-24620,0.009936
DM-24619,0.014842
DM-24618,0.007233
DM-24617,0.00365
DM-24616,0.013325
DM-24615,0.032344
DM-24614,0.969091
DM-24613,0.934395
DM-24612,0.025371
DM-24611,0.041774
DM-24610,0.091382
DM-24609,0.244183
DM-24608,0.033086
DM-24607,0.393269
DM-24606,0.057493
DM-24605,0.013637
DM-24604,0.06489
DM-24603,0.011687
DM-24602,0.092033
DM-24601,0.012723
DM-24600,0.386763
DM-24599,0.974629
DM-24598,0.016277
DM-24597,0.072637
DM-24596,0.091058
DM-24595,0.007816
DM-24594,0.948917
DM-24593,0.022977
DM-24592,0.00659
DM-24591,0.212069
DM-24590,0.985936
DM-24589,0.046378
DM-24588,0.027796
DM-24587,0.056444
DM-24586,0.005302
DM-24585,0.016785
DM-24584,0.669113
DM-24583,0.332229
DM-24582,0.179243
DM-24581,0.010408
DM-24580,0.046725
DM-24579,0.049589
DM-24578,0.640327
DM-24577,0.026355
DM-24576,0.008316
DM-24575,0.513181
DM-24574,0.030215
DM-24573,0.957278
DM-24572,0.019271
DM-24571,0.005555
DM-24570,0.00522
DM-24569,0.055209
DM-24568,0.085709
DM-24567,0.071074
DM-24566,0.007121
DM-24565,0.236516
DM-24564,0.138928
DM-24563,0.003028
DM-24562,0.187728
DM-24561,0.048137
DM-24560,0.053601
DM-24559,0.025565
DM-24558,0.034881
DM-24557,0.022629
DM-24556,0.631168
DM-24555,0.067547
DM-24554,0.199932
DM-24553,0.880797
DM-24552,0.017309
DM-24551,0.107437
DM-24550,0.019419
DM-24549,0.334128
DM-24548,0.013532
DM-24547,0.024238
DM-24546,0.043366
DM-24545,0.043691
DM-24544,0.007938
DM-24543,0.203708
DM-24542,0.527073
DM-24541,0.158435
DM-24540,0.012723
DM-24539,0.037047
DM-24538,0.017986
DM-24537,0.616128
DM-24536,0.015189
DM-24535,0.035948
DM-24534,0.021451
DM-24533,0.853913
DM-24532,0.012528
DM-24531,0.013325
DM-24530,0.022977
DM-24529,0.153803
DM-24528,0.022117
DM-24527,0.680029
DM-24526,0.043043
DM-24525,0.014282
DM-24524,0.081813
DM-24523,0.009634
DM-24522,0.012241
DM-24521,0.007696
DM-24520,0.037609
DM-24519,0.218669
DM-24518,0.061424
DM-24517,0.006193
DM-24516,0.005555
DM-24515,0.522202
DM-24514,0.007233
DM-24513,0.0745
DM-24512,0.255065
DM-24511,0.473414
DM-24510,0.165054
DM-24509,0.558809
DM-24508,0.921358
DM-24507,0.006488
DM-24506,0.00343
DM-24505,0.021781
DM-24504,0.465873
DM-24503,0.093017
DM-24502,0.011961
DM-24501,0.058777
DM-24500,0.239349
DM-24499,0.827828
DM-24498,0.46636
DM-24497,0.008188
DM-24496,0.009126
DM-24495,0.058132
DM-24494,0.027376
DM-24493,0.009486
DM-24492,0.849971
DM-24491,0.441673
DM-24490,0.011332
DM-24489,0.078926
DM-24488,0.869271
DM-24487,0.009413
DM-24486,0.892187
DM-24485,0.972623
DM-24484,0.661431
DM-24483,0.012625
DM-24482,0.082402
DM-24481,0.037047
DM-24480,0.087876
DM-24479,0.132964
DM-24478,0.025371
DM-24477,0.02461
DM-24476,0.855369
DM-24475,0.961534
DM-24474,0.165054
DM-24473,0.018833
DM-24472,0.011158
DM-24471,0.051845
DM-24470,0.013532
DM-24469,0.143668
DM-24468,0.905657
DM-24467,0.04778
DM-24466,0.012336
DM-24465,0.039639
DM-24464,0.866133
DM-24463,0.024798
DM-24462,0.026355
DM-24461,0.008062
DM-24460,0.946597
DM-24459,0.223716
DM-24458,0.026355
DM-24457,0.010408
DM-24456,0.004199
DM-24455,0.821617
DM-24454,0.333286
DM-24453,0.038756
DM-24452,0.012528
DM-24451,0.057282
DM-24450,0.078642
DM-24449,0.004538
DM-24448,0.046378
DM-24447,0.048858
DM-24446,0.629679
DM-24445,0.690768
DM-24444,0.938576
DM-24443,0.405331
DM-24442,0.023689
DM-24441,0.045016
DM-24440,0.017986
DM-24439,0.049222
DM-24438,0.671255
DM-24437,0.82559
DM-24436,0.667906
DM-24435,0.015664
DM-24434,0.008188
DM-24433,0.859192
DM-24432,0.019419
DM-24431,0.050331
DM-24430,0.020023
DM-24429,0.013849
DM-24428,0.076132
DM-24427,0.020964
DM-24426,0.016657
DM-24425,0.041153
DM-24424,0.011961
DM-24423,0.018833
DM-24422,0.352759
DM-24421,0.056236
DM-24420,0.06804
DM-24419,0.231788
DM-24418,0.47317
DM-24417,0.032344
DM-24416,0.983214
DM-24415,0.882428
DM-24414,0.030215
DM-24413,0.70477
DM-24412,0.014392
DM-24411,0.099121
DM-24410,0.853425
DM-24409,0.348645
DM-24408,0.159741
DM-24407,0.974435
DM-24406,0.107437
DM-24405,0.382718
DM-24404,0.028221
DM-24403,0.938576
DM-24402,0.90053
DM-24401,0.047426
DM-24400,0.79053
DM-24399,0.009936
DM-24398,0.02461
DM-24397,0.021125
DM-24396,0.086323
DM-24395,0.007696
DM-24394,0.058132
DM-24393,0.075585
DM-24392,0.039937
DM-24391,0.063019
DM-24390,0.075041
DM-24389,0.362518
DM-24388,0.019271
DM-24387,0.892187
DM-24386,0.044349
DM-24385,0.028653
DM-24384,0.017045
DM-24383,0.178956
DM-24382,0.116362
DM-24381,0.045692
DM-24380,0.225417
DM-24379,0.008188
DM-24378,0.979036
DM-24377,0.96641
DM-24376,0.011869
DM-24375,0.005911
DM-24374,0.047426
DM-24373,0.923592
DM-24372,0.026759
DM-24371,0.374104
DM-24370,0.969091
DM-24369,0.065128
DM-24368,0.069795
DM-24367,0.850469
DM-24366,0.281504
DM-24365,0.813461
DM-24364,0.323647
DM-24363,0.791499
DM-24362,0.015785
DM-24361,0.105948
DM-24360,0.594787
DM-24359,0.019271
DM-24358,0.031144
DM-24357,0.192539
DM-24356,0.007233
DM-24355,0.965381
DM-24354,0.814938
DM-24353,0.098079
DM-24352,0.142232
DM-24351,0.57069
DM-24350,0.621857
DM-24349,0.619241
DM-24348,0.125923
DM-24347,0.015544
DM-24346,0.010818
DM-24345,0.949669
DM-24344,0.927888
DM-24343,0.449151
DM-24342,0.800692
DM-24341,0.92523
DM-24340,0.985158
DM-24339,0.690142
DM-24338,0.203391
DM-24337,0.023153
DM-24336,0.086632
DM-24335,0.045353
DM-24334,0.071332
DM-24333,0.023689
DM-24332,0.18418
DM-24331,0.010328
DM-24330,0.210442
DM-24329,0.108566
DM-24328,0.01057
DM-24327,0.03622
DM-24326,0.052231
DM-24325,0.142232
DM-24324,0.957278
DM-24323,0.669961
DM-24322,0.118793
DM-24321,0.024988
DM-24320,0.017986
DM-24319,0.761006
DM-24318,0.045016
DM-24317,0.905657
DM-24316,0.021615
DM-24315,0.768733
DM-24314,0.780662
DM-24313,0.53048
DM-24312,0.421076
DM-24311,0.146087
DM-24310,0.132515
DM-24309,0.06804
DM-24308,0.009197
DM-24307,0.965119
DM-24306,0.673406
DM-24305,0.98347
DM-24304,0.504883
DM-24303,0.912436
DM-24302,0.166947
DM-24301,0.283484
DM-24300,0.923039
DM-24299,0.00289
DM-24298,0.932944
DM-24297,0.784649
DM-24296,0.019871
DM-24295,0.025371
DM-24294,0.047074
DM-24293,0.444083
DM-24292,0.371593
DM-24291,0.903294
DM-24290,0.012054
DM-24289,0.926835
DM-24288,0.979823
DM-24287,0.877056
DM-24286,0.036769
DM-24285,0.005555
DM-24284,0.86293
DM-24283,0.126353
DM-24282,0.920218
DM-24281,0.299617
DM-24280,0.96378
DM-24279,0.916708
DM-24278,0.01653
DM-24277,0.120026
DM-24276,0.190724
DM-24275,0.085709
DM-24274,0.069542
DM-24273,0.084493
DM-24272,0.94699
DM-24271,0.987375
DM-24270,0.043043
DM-24269,0.00582
DM-24268,0.046034
DM-24267,0.015664
DM-24266,0.966156
DM-24265,0.350922
DM-24264,0.867036
DM-24263,0.980876
DM-24262,0.176672
DM-24261,0.026964
DM-24260,0.115162
DM-24259,0.230573
DM-24258,0.921922
DM-24257,0.858244
DM-24256,0.484868
DM-24255,0.975762
DM-24254,0.057918
DM-24253,0.785309
DM-24252,0.026964
DM-24251,0.109325
DM-24250,0.420124
DM-24249,0.00629
DM-24248,0.043691
DM-24247,0.012336
DM-24246,0.055823
DM-24245,0.376623
DM-24244,0.00522
DM-24243,0.931463
DM-24242,0.161849
DM-24241,0.227298
DM-24240,0.005642
DM-24239,0.945399
DM-24238,0.024798
DM-24237,0.983597
DM-24236,0.872347
DM-24235,0.208501
DM-24234,0.022629
DM-24233,0.166675
DM-24232,0.969091
DM-24231,0.082402
DM-24230,0.066812
DM-24229,0.954647
DM-24228,0.973645
DM-24227,0.139396
DM-24226,0.044019
DM-24225,0.181553
DM-24224,0.948155
DM-24223,0.020023
DM-24222,0.145601
DM-24221,0.009197
DM-24220,0.035145
DM-24219,0.276691
DM-24218,0.092688
DM-24217,0.248261
DM-24216,0.647241
DM-24215,0.018547
DM-24214,0.180974
DM-24213,0.317453
DM-24212,0.057705
DM-24211,0.450843
DM-24210,0.433742
DM-24209,0.502441
DM-24208,0.966663
DM-24207,0.077797
DM-24206,0.026759
DM-24205,0.014957
DM-24204,0.126353
DM-24203,0.038178
DM-24202,0.863392
DM-24201,0.043366
DM-24200,0.115162
DM-24199,0.571767
DM-24198,0.714628
DM-24197,0.727007
DM-24196,0.067056
DM-24195,0.777638
DM-24194,0.982423
DM-24193,0.051083
DM-24192,0.029091
DM-24191,0.029312
DM-24190,0.042722
DM-24189,0.077239
DM-24188,0.036769
DM-24187,0.735642
DM-24186,0.767341
DM-24185,0.006904
DM-24184,0.160529
DM-24183,0.026759
DM-24182,0.022457
DM-24181,0.157137
DM-24180,0.027585
DM-24179,0.11358
DM-24178,0.453746
DM-24177,0.803174
DM-24176,0.26971
DM-24175,0.943348
DM-24174,0.011332
DM-24173,0.895523
DM-24172,0.047074
DM-24171,0.025957
DM-24170,0.958847
DM-24169,0.024798
DM-24168,0.028653
DM-24167,0.014282
DM-24166,0.053403
DM-24165,0.009413
DM-24164,0.013637
DM-24163,0.034881
DM-24162,0.0341
DM-24161,0.077797
DM-24160,0.008847
DM-24159,0.0745
DM-24158,0.01142
DM-24157,0.672439
DM-24156,0.027169
DM-24155,0.151529
DM-24154,0.016657
DM-24153,0.042722
DM-24152,0.031619
DM-24151,0.014504
DM-24150,0.878731
DM-24149,0.71721
DM-24148,0.014282
DM-24147,0.737536
DM-24146,0.010987
DM-24145,0.011778
DM-24144,0.010987
DM-24143,0.011245
DM-24142,0.012054
DM-24141,0.011245
DM-24140,0.036769
DM-24139,0.016277
DM-24138,0.558568
DM-24137,0.004755
DM-24136,0.014616
DM-24135,0.020964
DM-24134,0.055618
DM-24133,0.024054
DM-24132,0.034619
DM-24131,0.007012
DM-24130,0.469764
DM-24129,0.017577
DM-24128,0.358915
DM-24127,0.043043
DM-24126,0.028871
DM-24125,0.520009
DM-24124,0.017712
DM-24123,0.183009
DM-24122,0.015906
DM-24121,0.948155
DM-24120,0.059866
DM-24119,0.114765
DM-24118,0.316765
DM-24117,0.03138
DM-24116,0.036769
DM-24115,0.039343
DM-24114,0.34715
DM-24113,0.031619
DM-24112,0.052619
DM-24111,0.090093
DM-24110,0.013849
DM-24109,0.114369
DM-24108,0.413477
DM-24107,0.072637
DM-24106,0.053206
DM-24105,0.023689
DM-24104,0.067793
DM-24103,0.980129
DM-24102,0.31342
DM-24101,0.009055
DM-24100,0.00461
DM-24099,0.034881
DM-24098,0.015425
DM-24097,0.059428
DM-24096,0.01653
DM-24095,0.018405
DM-24094,0.014957
DM-24093,0.36591
DM-24092,0.104112
DM-24091,0.054803
DM-24090,0.969556
DM-24089,0.029535
DM-24088,0.120026
DM-24087,0.125493
DM-24086,0.611962
DM-24085,0.302082
DM-24084,0.186539
DM-24083,0.029312
DM-24082,0.062331
DM-24081,0.087564
DM-24080,0.211091
DM-24079,0.57678
DM-24078,0.368178
DM-24077,0.067793
DM-24076,0.065128
DM-24075,0.081228
DM-24074,0.023331
DM-24073,0.026355
DM-24072,0.162912
DM-24071,0.933915
DM-24070,0.978385
DM-24069,0.065128
DM-24068,0.878314
DM-24067,0.016153
DM-24066,0.029987
DM-24065,0.018689
DM-24064,0.579995
DM-24062,0.011778
DM-24060,0.024423
DM-24059,0.111628
DM-24058,0.020177
DM-24057,0.004399
DM-24056,0.043366
DM-24055,0.048137
DM-24054,0.019569
DM-24053,0.984575
DM-24052,0.569134
DM-24051,0.183594
DM-24050,0.012821
DM-24049,0.035411
DM-24048,0.009784
DM-24047,0.041153
DM-24046,0.204025
DM-24045,0.041462
DM-24044,0.055618
DM-24043,0.019419
DM-24042,0.287868
DM-24041,0.303474
DM-24040,0.67104
DM-24039,0.80038
DM-24038,0.033086
DM-24037,0.00934
DM-24036,0.005302
DM-24035,0.082697
DM-24034,0.279435
DM-24033,0.022457
DM-24032,0.055005
DM-24031,0.026355
DM-24030,0.775945
DM-24029,0.008062
DM-24028,0.093347
DM-24027,0.007121
DM-24026,0.047074
DM-24025,0.240418
DM-24024,0.038178
DM-24023,0.834407
DM-24022,0.008316
DM-24021,0.928409
DM-24020,0.192236
DM-24019,0.070816
DM-24018,0.012821
DM-24017,0.880797
DM-24016,0.042404
DM-24015,0.041153
DM-24014,0.945399
DM-24013,0.014504
DM-24012,0.30549
DM-24011,0.39987
DM-24010,0.084493
DM-24009,0.458591
DM-24008,0.978385
DM-24007,0.190724
DM-24006,0.005555
DM-24005,0.059647
DM-24004,0.935346
DM-24003,0.925769
DM-24002,0.947769
DM-24001,0.76454
DM-24000,0.040846
DM-23999,0.112405
DM-23998,0.034359
DM-23997,0.922482
DM-23996,0.570571
DM-23995,0.375878
DM-23994,0.015906
DM-23993,0.007938
DM-23992,0.007696
DM-23991,0.009413
DM-23990,0.157914
DM-23989,0.076132
DM-23988,0.180974
DM-23987,0.378229
DM-23986,0.335759
DM-23985,0.014172
DM-23984,0.781997
DM-23983,0.00986
DM-23982,0.004538
DM-23981,0.007816
DM-23980,0.386763
DM-23979,0.760651
DM-23978,0.007938
DM-23977,0.850469
DM-23976,0.632403
DM-23975,0.026156
DM-23974,0.088505
DM-23973,0.572125
DM-23972,0.834946
DM-23971,0.010902
DM-23970,0.019871
DM-23969,0.145115
DM-23968,0.377655
DM-23967,0.030909
DM-23966,0.0538
DM-23965,0.008446
DM-23964,0.132066
DM-23963,0.030909
DM-23962,0.128525
DM-23961,0.127218
DM-23960,0.980281
DM-23959,0.014957
DM-23958,0.122944
DM-23957,0.112795
DM-23956,0.867036
DM-23955,0.07921
DM-23954,0.040238
DM-23953,0.047074
DM-23952,0.077239
DM-23951,0.044349
DM-23950,0.023153
DM-23949,0.986572
DM-23948,0.035145
DM-23947,0.036494
DM-23946,0.030215
DM-23945,0.269326
DM-23944,0.092033
DM-23943,0.965641
DM-23942,0.987568
DM-23941,0.067793
DM-23940,0.196518
DM-23939,0.010408
DM-23938,0.96641
DM-23937,0.014957
DM-23936,0.043691
DM-23935,0.899121
DM-23934,0.035145
DM-23933,0.855369
DM-23932,0.056236
DM-23931,0.287868
DM-23930,0.955651
DM-23929,0.017986
DM-23928,0.016657
DM-23927,0.112405
DM-23926,0.103749
DM-23925,0.916708
DM-23924,0.199932
DM-23923,0.830594
DM-23922,0.019719
DM-23921,0.092688
DM-23920,0.916708
DM-23919,0.467332
DM-23918,0.781997
DM-23917,0.978549
DM-23916,0.95222
DM-23915,0.008316
DM-23914,0.913058
DM-23913,0.954984
DM-23912,0.783658
DM-23911,0.03622
DM-23910,0.964855
DM-23909,0.457864
DM-23908,0.07343
DM-23907,0.020489
DM-23906,0.851953
DM-23905,0.600774
DM-23904,0.028221
DM-23903,0.038178
DM-23902,0.442155
DM-23901,0.069542
DM-23900,0.022286
DM-23899,0.91118
DM-23898,0.066569
DM-23897,0.051083
DM-23896,0.054399
DM-23895,0.869715
DM-23894,0.007121
DM-23893,0.139866
DM-23892,0.816991
DM-23891,0.225758
DM-23890,0.96641
DM-23889,0.021287
DM-23888,0.551574
DM-23887,0.081813
DM-23886,0.718594
DM-23885,0.03138
DM-23884,0.683684
DM-23883,0.004332
DM-23882,0.041774
DM-23881,0.373404
DM-23880,0.095687
DM-23879,0.109706
DM-23878,0.928409
DM-23877,0.960657
DM-23876,0.046034
DM-23875,0.068787
DM-23874,0.016403
DM-23873,0.011072
DM-23872,0.077797
DM-23871,0.01017
DM-23870,0.553988
DM-23869,0.744285
DM-23868,0.012054
DM-23867,0.007696
DM-23866,0.029535
DM-23865,0.193147
DM-23864,0.016153
DM-23863,0.022286
DM-23862,0.935346
DM-23861,0.003324
DM-23860,0.007121
DM-23859,0.25945
DM-23858,0.023871
DM-23857,0.118793
DM-23856,0.014504
DM-23855,0.006388
DM-23854,0.026557
DM-23853,0.049589
DM-23852,0.038756
DM-23851,0.970909
DM-23850,0.863392
DM-23849,0.028436
DM-23848,0.037609
DM-23847,0.747616
DM-23846,0.008316
DM-23845,0.631765
DM-23844,0.063251
DM-23843,0.742795
DM-23842,0.228845
DM-23841,0.024054
DM-23840,0.07477
DM-23839,0.005911
DM-23838,0.149531
DM-23837,0.01292
DM-23836,0.003945
DM-23835,0.901575
DM-23834,0.046034
DM-23833,0.063019
DM-23832,0.03622
DM-23831,0.023509
DM-23830,0.032344
DM-23829,0.003483
DM-23828,0.211091
DM-23827,0.007938
DM-23826,0.016403
DM-23825,0.743168
DM-23824,0.227469
DM-23823,0.019271
DM-23822,0.879561
DM-23821,0.703549
DM-23820,0.020964
DM-23819,0.022286
DM-23818,0.960657
DM-23817,0.282988
DM-23816,0.116362
DM-23815,0.041462
DM-23814,0.299925
DM-23813,0.037609
DM-23812,0.029312
DM-23811,0.016277
DM-23810,0.108189
DM-23809,0.027376
DM-23808,0.010653
DM-23807,0.033337
DM-23806,0.004468
DM-23805,0.013325
DM-23804,0.991289
DM-23803,0.744656
DM-23802,0.048496
DM-23801,0.011597
DM-23800,0.984575
DM-23799,0.049589
DM-23798,0.00629
DM-23797,0.947769
DM-23796,0.9659
DM-23795,0.784979
DM-23794,0.66888
DM-23793,0.026557
DM-23792,0.05301
DM-23791,0.028221
DM-23790,0.0538
DM-23789,0.015306
DM-23788,0.602763
DM-23787,0.418222
DM-23786,0.027585
DM-23785,0.151028
DM-23784,0.004265
DM-23783,0.037892
DM-23782,0.130729
DM-23781,0.126353
DM-23780,0.043691
DM-23779,0.018833
DM-23778,0.535584
DM-23777,0.024798
DM-23776,0.917303
DM-23775,0.019569
DM-23774,0.042088
DM-23773,0.040238
DM-23772,0.034359
DM-23771,0.614625
DM-23770,0.068787
DM-23769,0.010328
DM-23768,0.84338
DM-23767,0.944587
DM-23766,0.004332
DM-23765,0.006004
DM-23764,0.724481
DM-23763,0.046725
DM-23762,0.024423
DM-23761,0.980729
DM-23760,0.00659
DM-23759,0.174973
DM-23758,0.024238
DM-23757,0.048858
DM-23756,0.816991
DM-23755,0.020177
DM-23754,0.615319
DM-23753,0.025179
DM-23752,0.335079
DM-23751,0.42179
DM-23750,0.185652
DM-23749,0.128963
DM-23748,0.007233
DM-23747,0.026156
DM-23746,0.081813
DM-23745,0.298491
DM-23744,0.936285
DM-23743,0.138928
DM-23742,0.360039
DM-23741,0.957912
DM-23740,0.971992
DM-23739,0.74872
DM-23738,0.844409
DM-23737,0.956634
DM-23736,0.101589
DM-23735,0.00573
DM-23734,0.0341
DM-23733,0.973037
DM-23732,0.055413
DM-23731,0.97024
DM-23730,0.043691
DM-23729,0.110088
DM-23728,0.213705
DM-23727,0.070049
DM-23726,0.046034
DM-23725,0.036769
DM-23724,0.765944
DM-23723,0.859192
DM-23722,0.012625
DM-23721,0.097048
DM-23720,0.799442
DM-23719,0.194368
DM-23718,0.018264
DM-23717,0.003765
DM-23716,0.97539
DM-23715,0.053403
DM-23714,0.09739
DM-23713,0.101233
DM-23712,0.567937
DM-23711,0.604866
DM-23710,0.00659
DM-23709,0.057918
DM-23708,0.989182
DM-23707,0.923039
DM-23706,0.028436
DM-23705,0.989013
DM-23704,0.080937
DM-23703,0.00461
DM-23702,0.007121
DM-23701,0.039343
DM-23700,0.679923
DM-23699,0.023509
DM-23698,0.01292
DM-23697,0.080937
DM-23696,0.273963
DM-23695,0.074231
DM-23694,0.086942
DM-23693,0.685949
DM-23692,0.871475
DM-23691,0.141281
DM-23690,0.130729
DM-23689,0.022803
DM-23688,0.039639
DM-23687,0.013637
DM-23686,0.138462
DM-23685,0.021287
DM-23684,0.991422
DM-23683,0.061876
DM-23682,0.844922
DM-23681,0.033086
DM-23680,0.003765
DM-23679,0.219672
DM-23678,0.007121
DM-23677,0.016277
DM-23676,0.441432
DM-23675,0.697609
DM-23674,0.032101
DM-23673,0.208824
DM-23672,0.422981
DM-23671,0.694717
DM-23670,0.060752
DM-23669,0.105948
DM-23668,0.075585
DM-23667,0.01142
DM-23665,0.232659
DM-23664,0.006193
DM-23663,0.032837
DM-23662,0.503418
DM-23661,0.220007
DM-23660,0.022629
DM-23659,0.958226
DM-23658,0.166675
DM-23657,0.955651
DM-23656,0.196209
DM-23655,0.045016
DM-23654,0.011778
DM-23653,0.844409
DM-23652,0.06804
DM-23651,0.126353
DM-23650,0.21767
DM-23649,0.812867
DM-23648,0.023689
DM-23647,0.039639
DM-23646,0.974435
DM-23645,0.434701
DM-23644,0.47317
DM-23643,0.882833
DM-23642,0.027585
DM-23641,0.08819
DM-23640,0.920218
DM-23639,0.026557
DM-23638,0.014957
DM-23637,0.029091
DM-23636,0.059866
DM-23635,0.004007
DM-23634,0.177241
DM-23633,0.409457
DM-23632,0.077797
DM-23631,0.300438
DM-23630,0.012821
DM-23629,0.012528
DM-23628,0.063715
DM-23627,0.00461
DM-23626,0.069542
DM-23625,0.075041
DM-23624,0.096365
DM-23623,0.042404
DM-23622,0.068537
DM-23621,0.054199
DM-23620,0.021615
DM-23619,0.059647
DM-23618,0.158956
DM-23617,0.043366
DM-23616,0.095013
DM-23615,0.064653
DM-23614,0.587588
DM-23613,0.800068
DM-23612,0.026759
DM-23611,0.105948
DM-23610,0.007577
DM-23609,0.982423
DM-23608,0.111628
DM-23607,0.153042
DM-23606,0.007696
DM-23605,0.037609
DM-23604,0.943764
DM-23603,0.075041
DM-23602,0.009784
DM-23601,0.010987
DM-23600,0.004134
DM-23599,0.015785
DM-23598,0.009268
DM-23597,0.008511
DM-23596,0.015906
DM-23595,0.017177
DM-23594,0.908618
DM-23593,0.032837
DM-23592,0.010489
DM-23591,0.225929
DM-23590,0.961822
DM-23589,0.008446
DM-23588,0.010249
DM-23587,0.145115
DM-23586,0.640523
DM-23585,0.122104
DM-23584,0.004332
DM-23583,0.030676
DM-23582,0.014172
DM-23581,0.008644
DM-23580,0.034359
DM-23579,0.021451
DM-23578,0.043043
DM-23577,0.42656
DM-23576,0.023331
DM-23575,0.947769
DM-23574,0.006798
DM-23573,0.010014
DM-23572,0.008511
DM-23571,0.073696
DM-23570,0.01653
DM-23569,0.009559
DM-23568,0.429908
DM-23567,0.870597
DM-23566,0.715623
DM-23565,0.010014
DM-23564,0.025957
DM-23563,0.38445
DM-23562,0.699665
DM-23561,0.024423
DM-23560,0.576184
DM-23559,0.004332
DM-23558,0.004399
DM-23557,0.047074
DM-23556,0.007938
DM-23555,0.057282
DM-23554,0.09236
DM-23553,0.045353
DM-23552,0.011245
DM-23551,0.002591
DM-23550,0.373819
DM-23549,0.938576
DM-23548,0.595051
DM-23547,0.439026
DM-23546,0.733738
DM-23545,0.331444
DM-23544,0.037047
DM-23543,0.025371
DM-23542,0.103749
DM-23541,0.096025
DM-23540,0.979511
DM-23539,0.023509
DM-23538,0.005642
DM-23537,0.172729
DM-23536,0.039343
DM-23535,0.330296
DM-23534,0.808067
DM-23533,0.952926
DM-23532,0.024798
DM-23531,0.257205
DM-23530,0.004982
DM-23529,0.011245
DM-23528,0.044019
DM-23527,0.01142
DM-23526,0.02461
DM-23525,0.002981
DM-23524,0.040238
DM-23523,0.127653
DM-23522,0.004682
DM-23521,0.023689
DM-23520,0.944177
DM-23519,0.288369
DM-23518,0.004905
DM-23517,0.057493
DM-23516,0.009126
DM-23515,0.150278
DM-23514,0.848972
DM-23513,0.004265
DM-23512,0.047074
DM-23511,0.892187
DM-23510,0.013956
DM-23509,0.005642
DM-23508,0.035948
DM-23507,0.071332
DM-23506,0.914901
DM-23505,0.920218
DM-23504,0.874507
DM-23503,0.320024
DM-23502,0.513181
DM-23501,0.063715
DM-23500,0.03259
DM-23499,0.967899
DM-23498,0.028436
DM-23497,0.047426
DM-23496,0.060752
DM-23495,0.028436
DM-23494,0.028008
DM-23493,0.005385
DM-23492,0.007233
DM-23491,0.510252
DM-23490,0.006488
DM-23489,0.004682
DM-23488,0.92079
DM-23487,0.962391
DM-23486,0.982423
DM-23485,0.059647
DM-23484,0.003273
DM-23483,0.024238
DM-23482,0.013428
DM-23481,0.060529
DM-23480,0.01017
DM-23479,0.015664
DM-23478,0.329459
DM-23477,0.012241
DM-23476,0.00365
DM-23475,0.151529
DM-23474,0.206894
DM-23473,0.207215
DM-23472,0.246533
DM-23471,0.078642
DM-23470,0.069289
DM-23469,0.199308
DM-23468,0.552057
DM-23467,0.054199
DM-23466,0.008779
DM-23465,0.008985
DM-23464,0.313577
DM-23463,0.027169
DM-23462,0.121269
DM-23461,0.036769
DM-23460,0.023153
DM-23459,0.271831
DM-23458,0.026964
DM-23457,0.035145
DM-23456,0.023331
DM-23455,0.015544
DM-23454,0.162115
DM-23453,0.048858
DM-23452,0.084191
DM-23451,0.03359
DM-23450,0.01302
DM-23449,0.010408
DM-23448,0.063715
DM-23447,0.008711
DM-23446,0.745028
DM-23445,0.291687
DM-23444,0.014729
DM-23442,0.514156
DM-23441,0.036494
DM-23440,0.913058
DM-23439,0.060529
DM-23438,0.928409
DM-23437,0.403097
DM-23436,0.012625
DM-23435,0.91181
DM-23434,0.016403
DM-23433,0.859664
DM-23432,0.006488
DM-23431,0.040541
DM-23430,0.028653
DM-23429,0.06165
DM-23428,0.004682
DM-23427,0.164785
DM-23426,0.909907
DM-23425,0.038178
DM-23424,0.028008
DM-23423,0.425605
DM-23422,0.018978
DM-23421,0.082402
DM-23420,0.004332
DM-23419,0.973037
DM-23418,0.290779
DM-23417,0.042722
DM-23416,0.004755
DM-23415,0.162646
DM-23414,0.008711
DM-23413,0.029535
DM-23412,0.051845
DM-23411,0.061199
DM-23410,0.004265
DM-23409,0.057918
DM-23408,0.519521
DM-23407,0.259826
DM-23406,0.180684
DM-23405,0.029091
DM-23404,0.242923
DM-23403,0.501953
DM-23402,0.017849
DM-23401,0.058777
DM-23400,0.033844
DM-23399,0.00629
DM-23398,0.673836
DM-23397,0.008062
DM-23396,0.156105
DM-23395,0.031859
DM-23394,0.037892
DM-23393,0.015306
DM-23392,0.945399
DM-23391,0.947381
DM-23390,0.076961
DM-23389,0.080937
DM-23388,0.928926
DM-23387,0.83868
DM-23386,0.004755
DM-23385,0.892937
DM-23384,0.594198
DM-23383,0.948155
DM-23382,0.570331
DM-23381,0.62561
DM-23380,0.011158
DM-23379,0.832781
DM-23378,0.096706
DM-23377,0.024988
DM-23376,0.13707
DM-23375,0.009486
DM-23374,0.010987
DM-23373,0.008847
DM-23372,0.02461
DM-23371,0.02461
DM-23370,0.022117
DM-23369,0.011869
DM-23368,0.319161
DM-23367,0.07836
DM-23366,0.510741
DM-23365,0.063948
DM-23364,0.025179
DM-23363,0.022629
DM-23362,0.007461
DM-23361,0.304972
DM-23360,0.793746
DM-23359,0.023331
DM-23358,0.029091
DM-23357,0.018125
DM-23356,0.827828
DM-23355,0.990732
DM-23354,0.048496
DM-23353,0.15662
DM-23352,0.408513
DM-23351,0.005302
DM-23350,0.030676
DM-23349,0.128088
DM-23348,0.040846
DM-23347,0.126353
DM-23346,0.401219
DM-23345,0.076684
DM-23344,0.035679
DM-23343,0.051083
DM-23342,0.007461
DM-23341,0.024054
DM-23340,0.02976
DM-23339,0.039343
DM-23338,0.544559
DM-23337,0.112405
DM-23336,0.038756
DM-23335,0.019719
DM-23334,0.162912
DM-23333,0.104843
DM-23332,0.750553
DM-23331,0.057282
DM-23330,0.007696
DM-23329,0.007012
DM-23328,0.143668
DM-23327,0.061424
DM-23326,0.575827
DM-23325,0.280814
DM-23324,0.021125
DM-23323,0.022977
DM-23322,0.191933
DM-23321,0.90053
DM-23320,0.095013
DM-23319,0.035948
DM-23318,0.043366
DM-23317,0.0341
DM-23316,0.031619
DM-23315,0.708011
DM-23314,0.01653
DM-23313,0.014064
DM-23312,0.027169
DM-23311,0.667039
DM-23310,0.006693
DM-23309,0.019719
DM-23308,0.988842
DM-23307,0.086942
DM-23306,0.071332
DM-23305,0.103386
DM-23304,0.016785
DM-23303,0.099121
DM-23302,0.103386
DM-23301,0.068787
DM-23300,0.011869
DM-23298,0.034359
DM-23297,0.986151
DM-23296,0.022457
DM-23295,0.007577
DM-23294,0.039343
DM-23293,0.008577
DM-23292,0.07921
DM-23291,0.883638
DM-23290,0.051463
DM-23289,0.085404
DM-23288,0.076132
DM-23287,0.00934
DM-23286,0.060529
DM-23285,0.073963
DM-23284,0.085099
DM-23283,0.393036
DM-23282,0.00934
DM-23281,0.020804
DM-23280,0.040846
DM-23279,0.029987
DM-23278,0.00582
DM-23277,0.008446
DM-23276,0.003824
DM-23275,0.009708
DM-23274,0.02461
DM-23273,0.006388
DM-23272,0.029987
DM-23271,0.014172
DM-23270,0.523907
DM-23269,0.108189
DM-23268,0.024798
DM-23267,0.11358
DM-23266,0.408631
DM-23265,0.006488
DM-23264,0.147065
DM-23263,0.072637
DM-23262,0.003538
DM-23261,0.493653
DM-23260,0.010249
DM-23259,0.191933
DM-23258,0.00407
DM-23257,0.682362
DM-23256,0.096706
DM-23255,0.032837
DM-23254,0.007121
DM-23253,0.028221
DM-23252,0.185062
DM-23251,0.260766
DM-23250,0.040541
DM-23249,0.005642
DM-23248,0.930962
DM-23247,0.292595
DM-23246,0.197444
DM-23245,0.215351
DM-23244,0.712432
DM-23243,0.100879
DM-23242,0.048858
DM-23241,0.065845
DM-23240,0.008062
DM-23239,0.475118
DM-23238,0.013325
DM-23237,0.00522
DM-23236,0.081813
DM-23235,0.896976
DM-23234,0.897336
DM-23233,0.882428
DM-23232,0.977543
DM-23231,0.051463
DM-23230,0.869715
DM-23229,0.004199
DM-23228,0.022457
DM-23227,0.005555
DM-23226,0.020804
DM-23225,0.041462
DM-23224,0.095687
DM-23223,0.028871
DM-23222,0.00629
DM-23221,0.015189
DM-23220,0.011597
DM-23219,0.163179
DM-23218,0.014729
DM-23217,0.303216
DM-23216,0.019124
DM-23215,0.048858
DM-23214,0.510741
DM-23213,0.056652
DM-23212,0.008062
DM-23211,0.021948
DM-23210,0.028221
DM-23209,0.022803
DM-23208,0.027585
DM-23207,0.943764
DM-23206,0.003707
DM-23205,0.056652
DM-23204,0.957912
DM-23203,0.054199
DM-23202,0.168036
DM-23201,0.849472
DM-23200,0.04778
DM-23199,0.527803
DM-23198,0.066327
DM-23197,0.012054
DM-23196,0.623377
DM-23195,0.045016
DM-23194,0.087564
DM-23193,0.036494
DM-23192,0.028221
DM-23191,0.969324
DM-23190,0.188922
DM-23189,0.250913
DM-23188,0.101233
DM-23187,0.01142
DM-23186,0.048858
DM-23185,0.977023
DM-23184,0.438785
DM-23183,0.981595
DM-23182,0.011687
DM-23181,0.046378
DM-23180,0.396886
DM-23179,0.056236
DM-23178,0.07056
DM-23177,0.214034
DM-23176,0.022803
DM-23175,0.394857
DM-23174,0.92523
DM-23173,0.114369
DM-23172,0.055823
DM-23171,0.520984
DM-23170,0.962391
DM-23169,0.013325
DM-23168,0.036494
DM-23167,0.01017
DM-23166,0.014392
DM-23165,0.007816
DM-23164,0.029312
DM-23163,0.012147
DM-23162,0.041153
DM-23161,0.917893
DM-23160,0.030215
DM-23159,0.829492
DM-23158,0.01142
DM-23157,0.025761
DM-23156,0.575111
DM-23155,0.016277
DM-23154,0.018833
DM-23153,0.028008
DM-23152,0.012336
DM-23151,0.831143
DM-23150,0.009126
DM-23149,0.004468
DM-23148,0.867934
DM-23147,0.882833
DM-23146,0.187728
DM-23145,0.044681
DM-23144,0.03259
DM-23143,0.640216
DM-23142,0.068289
DM-23141,0.016403
DM-23140,0.890675
DM-23139,0.16238
DM-23138,0.021615
DM-23137,0.162912
DM-23136,0.035145
DM-23135,0.780662
DM-23134,0.965641
DM-23133,0.025179
DM-23132,0.024238
DM-23131,0.011961
DM-23130,0.02976
DM-23129,0.604165
DM-23128,0.084191
DM-23127,0.084191
DM-23126,0.045353
DM-23125,0.937669
DM-23124,0.033844
DM-23123,0.040846
DM-23122,0.620104
DM-23121,0.014392
DM-23120,0.91118
DM-23119,0.887205
DM-23118,0.965641
DM-23117,0.071591
DM-23116,0.477067
DM-23115,0.98347
DM-23114,0.229881
DM-23113,0.020646
DM-23112,0.008916
DM-23111,0.070049
DM-23110,0.044019
DM-23109,0.024423
DM-23108,0.096365
DM-23107,0.047074
DM-23106,0.816991
DM-23105,0.101233
DM-23104,0.929951
DM-23103,0.333286
DM-23102,0.013532
DM-23101,0.321979
DM-23100,0.787605
DM-23099,0.030215
DM-23098,0.086016
DM-23097,0.01057
DM-23096,0.72331
DM-23095,0.062331
DM-23094,0.768733
DM-23093,0.082994
DM-23092,0.011597
DM-23091,0.006693
DM-23090,0.039343
DM-23089,0.361221
DM-23088,0.020332
DM-23087,0.962108
DM-23086,0.646642
DM-23085,0.048137
DM-23084,0.011245
DM-23083,0.00934
DM-23082,0.088505
DM-23081,0.969556
DM-23080,0.964589
DM-23079,0.981453
DM-23078,0.447702
DM-23077,0.026964
DM-23076,0.034619
DM-23075,0.018405
DM-23074,0.322019
DM-23073,0.010735
DM-23072,0.023509
DM-23071,0.019271
DM-23070,0.181263
DM-23069,0.083591
DM-23068,0.174692
DM-23067,0.140808
DM-23066,0.014616
DM-23065,0.031859
DM-23064,0.372081
DM-23063,0.933431
DM-23062,0.36727
DM-23061,0.009486
DM-23060,0.007233
DM-23059,0.978549
DM-23058,0.376451
DM-23057,0.041774
DM-23056,0.029091
DM-23055,0.013532
DM-23054,0.006798
DM-23053,0.787605
DM-23052,0.886027
DM-23051,0.035679
DM-23050,0.009634
DM-23049,0.046378
DM-23048,0.004982
DM-23047,0.04778
DM-23046,0.943348
DM-23045,0.137532
DM-23044,0.119614
DM-23043,0.733356
DM-23042,0.038178
DM-23041,0.024423
DM-23040,0.045353
DM-23039,0.027376
DM-23038,0.842345
DM-23037,0.716814
DM-23036,0.017577
DM-23035,0.024423
DM-23034,0.158695
DM-23033,0.139396
DM-23032,0.076408
DM-23031,0.043043
DM-23030,0.035948
DM-23029,0.16238
DM-23028,0.043691
DM-23027,0.560734
DM-23026,0.014957
DM-23025,0.327883
DM-23024,0.911495
DM-23023,0.047426
DM-23022,0.958538
DM-23021,0.042722
DM-23020,0.526099
DM-23019,0.066085
DM-23018,0.012821
DM-23011,0.012147
DM-23010,0.012241
DM-23009,0.017986
DM-23008,0.095687
DM-23006,0.091058
DM-23005,0.061199
DM-23004,0.023153
DM-23003,0.072112
DM-23002,0.349977
DM-23001,0.014504
DM-23000,0.014616
DM-22999,0.011597
DM-22998,0.011597
DM-22997,0.012241
DM-22996,0.013428
DM-22995,0.047426
DM-22994,0.011072
DM-22993,0.014957
DM-22990,0.845433
DM-22989,0.007121
DM-22988,0.017177
DM-22987,0.898767
DM-22986,0.015906
DM-22985,0.335106
DM-22984,0.956309
DM-22983,0.045016
DM-22982,0.014172
DM-22981,0.012241
DM-22980,0.983085
DM-22979,0.791821
DM-22978,0.035948
DM-22977,0.982955
DM-22976,0.033337
DM-22975,0.067547
DM-22974,0.033086
DM-22973,0.96741
DM-22972,0.00986
DM-22971,0.078926
DM-22970,0.015425
DM-22969,0.008446
DM-22968,0.044681
DM-22967,0.78695
DM-22966,0.063948
DM-22965,0.022286
DM-22964,0.055005
DM-22963,0.876211
DM-22962,0.107813
DM-22961,0.009936
DM-22960,0.016277
DM-22959,0.890294
DM-22958,0.009559
DM-22957,0.645343
DM-22956,0.035679
DM-22955,0.02976
DM-22954,0.020646
DM-22953,0.671578
DM-22952,0.213377
DM-22951,0.020489
DM-22950,0.060529
DM-22949,0.372962
DM-22948,0.058561
DM-22947,0.464416
DM-22946,0.602763
DM-22945,0.299054
DM-22944,0.045353
DM-22943,0.497559
DM-22942,0.015664
DM-22941,0.017849
DM-22940,0.027376
DM-22939,0.037327
DM-22938,0.028008
DM-22937,0.006098
DM-22936,0.008062
DM-22935,0.018833
DM-22934,0.939913
DM-22933,0.01057
DM-22932,0.051845
DM-22931,0.007756
DM-22930,0.013121
DM-22929,0.31432
DM-22928,0.028436
DM-22927,0.019871
DM-22926,0.057493
DM-22925,0.980281
DM-22924,0.047074
DM-22923,0.012821
DM-22922,0.013849
DM-22921,0.912124
DM-22920,0.919063
DM-22919,0.014282
DM-22918,0.013742
DM-22917,0.012054
DM-22916,0.011961
DM-22915,0.004982
DM-22914,0.069795
DM-22913,0.040238
DM-22912,0.027169
DM-22911,0.52683
DM-22910,0.00659
DM-22909,0.023331
DM-22908,0.951142
DM-22907,0.467332
DM-22906,0.877056
DM-22905,0.008779
DM-22904,0.010408
DM-22903,0.012147
DM-22902,0.581184
DM-22901,0.005642
DM-22900,0.007636
DM-22899,0.020489
DM-22898,0.008985
DM-22897,0.450359
DM-22896,0.012625
DM-22895,0.011072
DM-22894,0.014172
DM-22893,0.006004
DM-22892,0.952926
DM-22891,0.007816
DM-22890,0.007696
DM-22889,0.136378
DM-22888,0.014392
DM-22887,0.016029
DM-22886,0.018125
DM-22885,0.103024
DM-22884,0.037327
DM-22883,0.010249
DM-22882,0.011961
DM-22881,0.224225
DM-22880,0.955319
DM-22879,0.109706
DM-22878,0.924688
DM-22877,0.906983
DM-22876,0.385606
DM-22875,0.038756
DM-22874,0.674426
DM-22873,0.252753
DM-22872,0.030909
DM-22871,0.150029
DM-22870,0.024798
DM-22869,0.146331
DM-22868,0.136148
DM-22867,0.728748
DM-22866,0.039639
DM-22865,0.042404
DM-22864,0.01142
DM-22863,0.01302
DM-22862,0.644232
DM-22861,0.016153
DM-22860,0.016277
DM-22859,0.016277
DM-22858,0.134321
DM-22857,0.025565
DM-22856,0.971347
DM-22855,0.970909
DM-22854,0.025957
DM-22853,0.220846
DM-22852,0.157655
DM-22851,0.00659
DM-22850,0.016657
DM-22849,0.039639
DM-22848,0.012625
DM-22847,0.039343
DM-22846,0.765593
DM-22845,0.031144
DM-22844,0.954647
DM-22843,0.581541
DM-22842,0.967163
DM-22841,0.933431
DM-22840,0.020646
DM-22839,0.009936
DM-22837,0.399343
DM-22836,0.562657
DM-22835,0.401688
DM-22834,0.861072
DM-22833,0.858719
DM-22832,0.024238
DM-22831,0.012147
DM-22830,0.96741
DM-22828,0.916708
DM-22827,0.982823
DM-22826,0.021781
DM-22825,0.004199
DM-22824,0.038466
DM-22823,0.024423
DM-22822,0.028436
DM-22821,0.00934
DM-22820,0.065366
DM-22819,0.055823
DM-22818,0.007121
DM-22817,0.620334
DM-22816,0.077239
DM-22815,0.045016
DM-22814,0.707809
DM-22813,0.692642
DM-22812,0.144149
DM-22811,0.029987
DM-22810,0.067056
DM-22809,0.804713
DM-22808,0.006388
DM-22807,0.002473
DM-22806,0.985718
DM-22805,0.003884
DM-22804,0.044019
DM-22803,0.005469
DM-22802,0.46952
DM-22801,0.071074
DM-22800,0.012054
DM-22799,0.016915
DM-22798,0.048496
DM-22797,0.01302
DM-22796,0.048137
DM-22795,0.020489
DM-22794,0.330606
DM-22793,0.010987
DM-22792,0.938576
DM-22791,0.110088
DM-22790,0.006193
DM-22789,0.743168
DM-22788,0.024054
DM-22787,0.03259
DM-22786,0.008316
DM-22785,0.007461
DM-22784,0.287368
DM-22783,0.029312
DM-22782,0.932453
DM-22781,0.029987
DM-22780,0.044019
DM-22779,0.939913
DM-22778,0.044019
DM-22777,0.019719
DM-22776,0.016153
DM-22775,0.882428
DM-22774,0.369969
DM-22773,0.020332
DM-22772,0.009197
DM-22771,0.91118
DM-22770,0.164785
DM-22769,0.138462
DM-22768,0.284775
DM-22767,0.030909
DM-22766,0.06256
DM-22765,0.878314
DM-22764,0.002935
DM-22763,0.361277
DM-22762,0.473657
DM-22761,0.984336
DM-22760,0.963506
DM-22759,0.980129
DM-22758,0.188922
DM-22757,0.006193
DM-22756,0.039343
DM-22755,0.922482
DM-22753,0.068289
DM-22752,0.950411
DM-22751,0.012432
DM-22750,0.004265
DM-22749,0.018125
DM-22748,0.237753
DM-22747,0.119614
DM-22746,0.97649
DM-22745,0.984575
DM-22744,0.094343
DM-22743,0.02461
DM-22742,0.040846
DM-22741,0.014392
DM-22740,0.007346
DM-22739,0.743541
DM-22738,0.371137
DM-22737,0.814053
DM-22736,0.094678
DM-22735,0.027585
DM-22734,0.650911
DM-22733,0.076132
DM-22732,0.023871
DM-22731,0.791499
DM-22730,0.008446
DM-22729,0.054601
DM-22728,0.015664
DM-22727,0.693992
DM-22726,0.19498
DM-22725,0.19498
DM-22724,0.969324
DM-22723,0.010902
DM-22722,0.018264
DM-22721,0.991684
DM-22720,0.392104
DM-22719,0.812867
DM-22718,0.010489
DM-22717,0.926304
DM-22716,0.026156
DM-22715,0.044681
DM-22714,0.023871
DM-22713,0.044681
DM-22712,0.029987
DM-22711,0.31321
DM-22710,0.975202
DM-22709,0.104843
DM-22708,0.021948
DM-22707,0.00483
DM-22706,0.197444
DM-22705,0.00461
DM-22704,0.007461
DM-22703,0.07921
DM-22702,0.137996
DM-22701,0.041462
DM-22700,0.115561
DM-22699,0.007346
DM-22698,0.923039
DM-22697,0.046034
DM-22696,0.114369
DM-22695,0.08882
DM-22694,0.027585
DM-22693,0.067793
DM-22692,0.041774
DM-22691,0.038466
DM-22690,0.317903
DM-22689,0.075041
DM-22688,0.00522
DM-22687,0.067056
DM-22686,0.019419
DM-22685,0.029312
DM-22684,0.018547
DM-22683,0.084795
DM-22682,0.084795
DM-22681,0.084795
DM-22680,0.010653
DM-22679,0.046378
DM-22678,0.735831
DM-22677,0.939913
DM-22676,0.059428
DM-22675,0.084795
DM-22674,0.084795
DM-22673,0.084493
DM-22672,0.084795
DM-22671,0.084795
DM-22669,0.084795
DM-22668,0.084795
DM-22667,0.249813
DM-22666,0.038178
DM-22665,0.016657
DM-22664,0.084493
DM-22663,0.9462
DM-22662,0.004755
DM-22661,0.006098
DM-22660,0.948537
DM-22659,0.042404
DM-22658,0.414069
DM-22657,0.96862
DM-22656,0.976847
DM-22655,0.886813
DM-22654,0.252937
DM-22653,0.752377
DM-22652,0.935817
DM-22651,0.768038
DM-22650,0.841826
DM-22649,0.075041
DM-22648,0.416322
DM-22647,0.010489
DM-22646,0.044019
DM-22645,0.034881
DM-22644,0.053403
DM-22643,0.022629
DM-22642,0.433022
DM-22641,0.00838
DM-22640,0.864768
DM-22639,0.041153
DM-22638,0.05301
DM-22637,0.861072
DM-22636,0.888372
DM-22635,0.941223
DM-22634,0.97649
DM-22633,0.97631
DM-22632,0.006388
DM-22631,0.593963
DM-22630,0.957278
DM-22629,0.021125
DM-22628,0.00573
DM-22627,0.00522
DM-22626,0.004905
DM-22625,0.004755
DM-22624,0.00483
DM-22623,0.00506
DM-22622,0.004199
DM-22621,0.00522
DM-22620,0.920218
DM-22618,0.004982
DM-22617,0.004755
DM-22616,0.00522
DM-22614,0.005555
DM-22613,0.007696
DM-22612,0.004905
DM-22611,0.017577
DM-22610,0.016403
DM-22609,0.978385
DM-22608,0.105948
DM-22607,0.037609
DM-22606,0.017442
DM-22605,0.016785
DM-22604,0.068289
DM-22603,0.0341
DM-22602,0.275325
DM-22601,0.053403
DM-22600,0.938124
DM-22599,0.960063
DM-22598,0.259263
DM-22597,0.072374
DM-22596,0.09739
DM-22595,0.006488
DM-22594,0.477554
DM-22593,0.982691
DM-22592,0.598928
DM-22591,0.753829
DM-22590,0.717804
DM-22589,0.057493
DM-22588,0.696784
DM-22587,0.393807
DM-22586,0.956634
DM-22585,0.069542
DM-22584,0.09947
DM-22583,0.005469
DM-22582,0.028436
DM-22581,0.163179
DM-22580,0.06165
DM-22579,0.164248
DM-22578,0.110471
DM-22577,0.227469
DM-22576,0.762778
DM-22575,0.575827
DM-22574,0.836555
DM-22573,0.149283
DM-22572,0.006004
DM-22571,0.027585
DM-22570,0.096706
DM-22569,0.0341
DM-22568,0.027169
DM-22567,0.015425
DM-22566,0.760295
DM-22565,0.031619
DM-22564,0.065845
DM-22563,0.961244
DM-22562,0.068289
DM-22561,0.672251
DM-22560,0.139396
DM-22559,0.882428
DM-22558,0.06165
DM-22557,0.323166
DM-22556,0.022457
DM-22555,0.012528
DM-22554,0.022457
DM-22553,0.016915
DM-22552,0.050331
DM-22551,0.0745
DM-22550,0.032101
DM-22549,0.100525
DM-22548,0.008446
DM-22547,0.458106
DM-22546,0.143188
DM-22545,0.078078
DM-22544,0.038756
DM-22543,0.099821
DM-22542,0.401453
DM-22541,0.848471
DM-22540,0.020804
DM-22539,0.015544
DM-22538,0.023689
DM-22537,0.006798
DM-22536,0.099821
DM-22535,0.692642
DM-22534,0.007577
DM-22533,0.052619
DM-22532,0.006388
DM-22531,0.049589
DM-22530,0.012723
DM-22529,0.153295
DM-22528,0.035679
DM-22527,0.780662
DM-22526,0.023509
DM-22525,0.028653
DM-22524,0.039343
DM-22523,0.003324
DM-22522,0.041774
DM-22521,0.06256
DM-22520,0.052619
DM-22519,0.014957
DM-22518,0.829492
DM-22517,0.125493
DM-22516,0.064183
DM-22515,0.114765
DM-22514,0.222362
DM-22513,0.573081
DM-22512,0.03138
DM-22511,0.022803
DM-22510,0.047074
DM-22509,0.165863
DM-22508,0.983085
DM-22507,0.964855
DM-22506,0.003945
DM-22505,0.638328
DM-22504,0.912124
DM-22503,0.00573
DM-22502,0.037047
DM-22501,0.031619
DM-22500,0.960657
DM-22499,0.955651
DM-22498,0.016277
DM-22497,0.170784
DM-22496,0.948155
DM-22495,0.005911
DM-22494,0.004468
DM-22493,0.026355
DM-22492,0.887595
DM-22491,0.080937
DM-22490,0.055823
DM-22489,0.889144
DM-22488,0.16132
DM-22487,0.975762
DM-22486,0.003824
DM-22485,0.00407
DM-22484,0.880386
DM-22483,0.037327
DM-22482,0.975577
DM-22481,0.007461
DM-22480,0.960952
DM-22479,0.007121
DM-22478,0.852935
DM-22477,0.045353
DM-22476,0.983214
DM-22475,0.404625
DM-22474,0.004399
DM-22473,0.303371
DM-22472,0.080357
DM-22471,0.020489
DM-22470,0.014729
DM-22469,0.019124
DM-22468,0.020804
DM-22467,0.015425
DM-22466,0.037609
DM-22465,0.003594
DM-22464,0.01292
DM-22463,0.082994
DM-22462,0.056236
DM-22461,0.908942
DM-22460,0.870157
DM-22459,0.157655
DM-22458,0.855851
DM-22457,0.448909
DM-22456,0.132066
DM-22455,0.900879
DM-22454,0.051463
DM-22453,0.008446
DM-22452,0.049589
DM-22451,0.947769
DM-22450,0.364891
DM-22449,0.870597
DM-22448,0.633637
DM-22447,0.807157
DM-22446,0.253122
DM-22445,0.953966
DM-22444,0.490724
DM-22443,0.767341
DM-22442,0.937211
DM-22441,0.7773
DM-22440,0.35502
DM-22439,0.124639
DM-22438,0.316475
DM-22437,0.645567
DM-22436,0.754553
DM-22435,0.822759
DM-22434,0.033844
DM-22433,0.009486
DM-22432,0.93196
DM-22431,0.734881
DM-22430,0.011508
DM-22429,0.027796
DM-22428,0.982151
DM-22427,0.004905
DM-22426,0.184473
DM-22425,0.481454
DM-22424,0.004468
DM-22423,0.972204
DM-22422,0.045692
DM-22421,0.00522
DM-22420,0.424293
DM-22419,0.370112
DM-22418,0.847968
DM-22417,0.010091
DM-22416,0.950411
DM-22415,0.061876
DM-22414,0.218669
DM-22413,0.014504
DM-22412,0.012054
DM-22411,0.052231
DM-22410,0.141281
DM-22409,0.241132
DM-22408,0.702734
DM-22407,0.557364
DM-22406,0.503418
DM-22405,0.073963
DM-22404,0.981736
DM-22403,0.560493
DM-22402,0.988668
DM-22401,0.250546
DM-22400,0.108945
DM-22399,0.944587
DM-22398,0.091707
DM-22397,0.9659
DM-22396,0.015189
DM-22395,0.141045
DM-22394,0.121686
DM-22393,0.260766
DM-22392,0.028008
DM-22391,0.044019
DM-22390,0.00506
DM-22389,0.006488
DM-22388,0.119203
DM-22387,0.027169
DM-22386,0.023871
DM-22385,0.010249
DM-22384,0.018833
DM-22383,0.754553
DM-22382,0.03259
DM-22381,0.876211
DM-22380,0.009936
DM-22379,0.191933
DM-22378,0.007461
DM-22377,0.004755
DM-22376,0.063715
DM-22375,0.843895
DM-22374,0.950411
DM-22373,0.033086
DM-22372,0.00407
DM-22371,0.025371
DM-22370,0.651812
DM-22369,0.713032
DM-22368,0.00986
DM-22367,0.679817
DM-22366,0.003324
DM-22365,0.025371
DM-22364,0.009197
DM-22363,0.107063
DM-22362,0.024423
DM-22361,0.05301
DM-22360,0.044349
DM-22359,0.065845
DM-22358,0.024423
DM-22354,0.05301
DM-22353,0.044349
DM-22352,0.02461
DM-22351,0.104477
DM-22350,0.01302
DM-22349,0.035679
DM-22348,0.05301
DM-22347,0.070816
DM-22346,0.032101
DM-22345,0.891055
DM-22343,0.05301
DM-22342,0.445288
DM-22341,0.009413
DM-22340,0.017309
DM-22339,0.152032
DM-22338,0.013428
DM-22337,0.201185
DM-22336,0.004982
DM-22335,0.053403
DM-22334,0.159479
DM-22333,0.00483
DM-22332,0.009936
DM-22331,0.09947
DM-22330,0.007233
DM-22329,0.368178
DM-22328,0.105211
DM-22327,0.035679
DM-22326,0.030909
DM-22325,0.026964
DM-22324,0.046378
DM-22323,0.03359
DM-22322,0.068787
DM-22321,0.037327
DM-22320,0.041462
DM-22319,0.035679
DM-22318,0.040541
DM-22317,0.036494
DM-22316,0.036494
DM-22315,0.018125
DM-22314,0.017309
DM-22313,0.017849
DM-22312,0.028221
DM-22311,0.037047
DM-22310,0.032837
DM-22309,0.030909
DM-22308,0.032344
DM-22307,0.011158
DM-22306,0.022117
DM-22305,0.482429
DM-22304,0.019124
DM-22303,0.007938
DM-22302,0.008062
DM-22301,0.406155
DM-22300,0.080357
DM-22299,0.593845
DM-22298,0.914901
DM-22297,0.028653
DM-22296,0.010987
DM-22295,0.980876
DM-22294,0.042088
DM-22293,0.097734
DM-22292,0.853913
DM-22291,0.075858
DM-22290,0.248899
DM-22289,0.666008
DM-22288,0.033337
DM-22287,0.020177
DM-22286,0.010249
DM-22285,0.03359
DM-22284,0.800692
DM-22283,0.010987
DM-22281,0.182426
DM-22279,0.025761
DM-22278,0.031619
DM-22277,0.008188
DM-22276,0.033337
DM-22275,0.026759
DM-22274,0.032837
DM-22273,0.462473
DM-22272,0.063251
DM-22271,0.317109
DM-22270,0.036494
DM-22269,0.131619
DM-22268,0.022457
DM-22267,0.020332
DM-22266,0.244003
DM-22265,0.009936
DM-22264,0.061876
DM-22263,0.027169
DM-22262,0.05921
DM-22261,0.048496
DM-22260,0.005302
DM-22259,0.01292
DM-22258,0.033086
DM-22257,0.824179
DM-22256,0.048858
DM-22255,0.041774
DM-22254,0.795658
DM-22253,0.586404
DM-22252,0.750553
DM-22251,0.047426
DM-22250,0.007938
DM-22249,0.045692
DM-22248,0.658747
DM-22247,0.073696
DM-22246,0.066327
DM-22245,0.031144
DM-22244,0.011778
DM-22243,0.043691
DM-22242,0.019124
DM-22241,0.020646
DM-22240,0.04778
DM-22239,0.017309
DM-22238,0.100525
DM-22237,0.13569
DM-22236,0.024054
DM-22235,0.025957
DM-22234,0.200558
DM-22233,0.561696
DM-22232,0.009784
DM-22231,0.246533
DM-22230,0.006693
DM-22229,0.141281
DM-22228,0.01057
DM-22227,0.007346
DM-22226,0.027585
DM-22225,0.011245
DM-22224,0.05921
DM-22223,0.020804
DM-22222,0.073696
DM-22221,0.020804
DM-22220,0.008062
DM-22219,0.127653
DM-22218,0.012432
DM-22217,0.005385
DM-22216,0.026156
DM-22215,0.044019
DM-22214,0.030909
DM-22213,0.024238
DM-22212,0.03622
DM-22211,0.654177
DM-22210,0.325119
DM-22209,0.004134
DM-22208,0.36977
DM-22207,0.069289
DM-22206,0.070816
DM-22205,0.009126
DM-22204,0.745213
DM-22203,0.031619
DM-22202,0.01017
DM-22201,0.028221
DM-22200,0.026355
DM-22199,0.336386
DM-22198,0.00461
DM-22197,0.414188
DM-22196,0.042404
DM-22195,0.153549
DM-22194,0.018547
DM-22193,0.135461
DM-22192,0.018125
DM-22191,0.011158
DM-22190,0.095349
DM-22189,0.158695
DM-22188,0.154567
DM-22187,0.06489
DM-22185,0.066812
DM-22184,0.024238
DM-22183,0.033086
DM-22182,0.008847
DM-22181,0.031859
DM-22180,0.04778
DM-22179,0.126353
DM-22178,0.00461
DM-22177,0.005911
DM-22176,0.018125
DM-22175,0.965641
DM-22174,0.823328
DM-22173,0.297776
DM-22172,0.653334
DM-22171,0.859192
DM-22170,0.945801
DM-22169,0.027796
DM-22168,0.021781
DM-22167,0.004332
DM-22166,0.002397
DM-22165,0.053403
DM-22164,0.008985
DM-22163,0.92944
DM-22162,0.113187
DM-22161,0.028436
DM-22160,0.003824
DM-22159,0.003538
DM-22158,0.00343
DM-22157,0.132964
DM-22156,0.894052
DM-22155,0.035145
DM-22154,0.022457
DM-22153,0.030215
DM-22152,0.009413
DM-22151,0.147555
DM-22150,0.183887
DM-22149,0.784649
DM-22148,0.007346
DM-22147,0.032344
DM-22146,0.029312
DM-22145,0.875787
DM-22144,0.122944
DM-22143,0.014957
DM-22142,0.018125
DM-22141,0.298696
DM-22140,0.717804
DM-22139,0.007012
DM-22138,0.007121
DM-22137,0.245085
DM-22136,0.00407
DM-22135,0.959154
DM-22134,0.012723
DM-22133,0.883638
DM-22132,0.330903
DM-22131,0.150528
DM-22130,0.019871
DM-22129,0.060975
DM-22128,0.65861
DM-22127,0.06165
DM-22126,0.03359
DM-22125,0.025565
DM-22124,0.017577
DM-22123,0.034881
DM-22122,0.294722
DM-22121,0.044681
DM-22120,0.012054
DM-22119,0.03259
DM-22118,0.046725
DM-22117,0.039639
DM-22116,0.015785
DM-22115,0.00659
DM-22114,0.018689
DM-22113,0.029312
DM-22112,0.467575
DM-22111,0.017309
DM-22110,0.010653
DM-22109,0.108945
DM-22108,0.00289
DM-22107,0.038178
DM-22106,0.015425
DM-22105,0.023331
DM-22104,0.948155
DM-22103,0.033337
DM-22102,0.158174
DM-22101,0.049959
DM-22100,0.794385
DM-22099,0.424889
DM-22098,0.293202
DM-22097,0.077518
DM-22096,0.017712
DM-22095,0.066085
DM-22094,0.940353
DM-22093,0.030676
DM-22092,0.021781
DM-22091,0.008985
DM-22090,0.008316
DM-22089,0.69987
DM-22088,0.264358
DM-22087,0.081228
DM-22086,0.075041
DM-22085,0.937669
DM-22084,0.081228
DM-22083,0.014842
DM-22082,0.026156
DM-22081,0.058346
DM-22080,0.416915
DM-22079,0.00407
DM-22078,0.951863
DM-22077,0.020023
DM-22076,0.128525
DM-22075,0.458106
DM-22074,0.750918
DM-22073,0.313315
DM-22072,0.128088
DM-22071,0.974821
DM-22070,0.386648
DM-22069,0.899121
DM-22068,0.933915
DM-22067,0.021948
DM-22066,0.024238
DM-22065,0.011778
DM-22064,0.063251
DM-22063,0.012147
DM-22062,0.707203
DM-22061,0.128525
DM-22060,0.495606
DM-22059,0.34516
DM-22058,0.052231
DM-22057,0.198996
DM-22056,0.132515
DM-22055,0.307566
DM-22054,0.079782
DM-22053,0.026964
DM-22052,0.084493
DM-22051,0.092688
DM-22050,0.014729
DM-22049,0.211091
DM-22048,0.072374
DM-22046,0.028221
DM-22045,0.035679
DM-22044,0.796609
DM-22043,0.462473
DM-22042,0.514156
DM-22041,0.915507
DM-22040,0.038466
DM-22039,0.107437
DM-22038,0.623864
DM-22037,0.166134
DM-22036,0.551574
DM-22035,0.062103
DM-22034,0.055413
DM-22033,0.003377
DM-22032,0.928409
DM-22031,0.018689
DM-22030,0.08152
DM-22029,0.035145
DM-22028,0.002632
DM-22027,0.007938
DM-22026,0.906322
DM-22025,0.708011
DM-22024,0.127653
DM-22023,0.809276
DM-22022,0.066327
DM-22021,0.21305
DM-22020,0.043366
DM-22019,0.694303
DM-22018,0.636636
DM-22017,0.084493
DM-22016,0.078078
DM-22015,0.102305
DM-22014,0.358858
DM-22013,0.039639
DM-22012,0.078078
DM-22011,0.963506
DM-22010,0.590307
DM-22009,0.335024
DM-22008,0.077797
DM-22007,0.974239
DM-22006,0.004982
DM-22005,0.010987
DM-22004,0.142232
DM-22003,0.219672
DM-22002,0.212722
DM-22001,0.00506
DM-22000,0.030215
DM-21999,0.020489
DM-21998,0.00659
DM-21997,0.024988
DM-21996,0.019419
DM-21995,0.887205
DM-21994,0.039048
DM-21993,0.015306
DM-21992,0.045016
DM-21991,0.007938
DM-21990,0.003824
DM-21989,0.034359
DM-21988,0.015785
DM-21987,0.012528
DM-21986,0.017177
DM-21985,0.092688
DM-21984,0.117167
DM-21983,0.145358
DM-21982,0.012723
DM-21981,0.049959
DM-21980,0.061424
DM-21979,0.006193
DM-21978,0.418935
DM-21977,0.076408
DM-21976,0.091058
DM-21975,0.518059
DM-21974,0.915507
DM-21973,0.109706
DM-21972,0.100525
DM-21971,0.022117
DM-21970,0.069795
DM-21969,0.750918
DM-21968,0.08882
DM-21967,0.131173
DM-21966,0.442636
DM-21965,0.008644
DM-21964,0.073696
DM-21963,0.021287
DM-21962,0.277865
DM-21961,0.028871
DM-21960,0.126353
DM-21959,0.038756
DM-21958,0.240775
DM-21957,0.090093
DM-21956,0.924142
DM-21955,0.020023
DM-21954,0.06804
DM-21953,0.112405
DM-21952,0.054601
DM-21951,0.083292
DM-21950,0.072112
DM-21949,0.00514
DM-21948,0.004332
DM-21947,0.07343
DM-21946,0.962391
DM-21945,0.916708
DM-21944,0.924688
DM-21943,0.962391
DM-21942,0.132066
DM-21941,0.283583
DM-21940,0.169406
DM-21939,0.864768
DM-21938,0.101589
DM-21937,0.892563
DM-21936,0.901921
DM-21935,0.11358
DM-21934,0.019719
DM-21933,0.097734
DM-21932,0.230227
DM-21931,0.983847
DM-21930,0.953622
DM-21929,0.00582
DM-21928,0.006693
DM-21927,0.985496
DM-21926,0.969324
DM-21925,0.048496
DM-21924,0.407805
DM-21923,0.073165
DM-21922,0.58818
DM-21921,0.014172
DM-21920,0.171894
DM-21919,0.92944
DM-21918,0.008985
DM-21917,0.596551
DM-21916,0.085099
DM-21915,0.764892
DM-21914,0.011158
DM-21913,0.006004
DM-21912,0.125065
DM-21911,0.893309
DM-21910,0.929951
DM-21909,0.550849
DM-21908,0.018264
DM-21907,0.936749
DM-21906,0.878731
DM-21905,0.013849
DM-21904,0.60152
DM-21903,0.056029
DM-21902,0.975012
DM-21901,0.983847
DM-21900,0.945399
DM-21899,0.016153
DM-21898,0.937211
DM-21897,0.940353
DM-21896,0.29088
DM-21895,0.004538
DM-21894,0.978875
DM-21893,0.979823
DM-21892,0.972415
DM-21891,0.082697
DM-21890,0.860134
DM-21889,0.903975
DM-21888,0.962953
DM-21887,0.022803
DM-21886,0.487795
DM-21885,0.938124
DM-21884,0.017577
DM-21883,0.012147
DM-21882,0.015664
DM-21881,0.022117
DM-21880,0.221687
DM-21879,0.685739
DM-21878,0.047426
DM-21877,0.719384
DM-21876,0.029535
DM-21875,0.946597
DM-21874,0.870157
DM-21873,0.035948
DM-21872,0.025761
DM-21871,0.779322
DM-21870,0.430626
DM-21869,0.059428
DM-21868,0.007577
DM-21867,0.087252
DM-21866,0.956957
DM-21865,0.947769
DM-21864,0.953275
DM-21863,0.16398
DM-21862,0.958226
DM-21861,0.949295
DM-21860,0.921922
DM-21859,0.00514
DM-21858,0.069038
DM-21857,0.007121
DM-21856,0.953275
DM-21855,0.045692
DM-21854,0.343892
DM-21853,0.006798
DM-21852,0.022803
DM-21851,0.978385
DM-21850,0.922482
DM-21849,0.922482
DM-21848,0.977543
DM-21847,0.013742
DM-21846,0.014729
DM-21845,0.00514
DM-21844,0.466116
DM-21843,0.002801
DM-21842,0.004982
DM-21841,0.006098
DM-21840,0.899475
DM-21839,0.005642
DM-21838,0.125065
DM-21837,0.210117
DM-21836,0.57821
DM-21835,0.951142
DM-21834,0.031859
DM-21833,0.003945
DM-21832,0.00514
DM-21831,0.018547
DM-21830,0.19163
DM-21829,0.011869
DM-21828,0.046725
DM-21827,0.042404
DM-21826,0.018978
DM-21825,0.4206
DM-21824,0.715424
DM-21823,0.905322
DM-21822,0.009936
DM-21821,0.023509
DM-21820,0.350533
DM-21819,0.196826
DM-21818,0.045353
DM-21817,0.399577
DM-21816,0.500488
DM-21815,0.015306
DM-21814,0.07056
DM-21813,0.021781
DM-21812,0.100879
DM-21811,0.329284
DM-21810,0.861538
DM-21809,0.023871
DM-21808,0.042088
DM-21807,0.90764
DM-21806,0.80502
DM-21805,0.005469
DM-21804,0.004682
DM-21803,0.981736
DM-21802,0.058346
DM-21801,0.015906
DM-21800,0.981736
DM-21799,0.076684
DM-21798,0.029312
DM-21797,0.042722
DM-21796,0.096365
DM-21795,0.82559
DM-21794,0.070049
DM-21793,0.037609
DM-21792,0.039937
DM-21791,0.013428
DM-21790,0.526586
DM-21789,0.020804
DM-21788,0.947381
DM-21787,0.011597
DM-21786,0.018125
DM-21785,0.07056
DM-21784,0.746509
DM-21782,0.07921
DM-21781,0.198996
DM-21780,0.183301
DM-21779,0.013849
DM-21778,0.039639
DM-21777,0.645902
DM-21776,0.441914
DM-21775,0.587825
DM-21774,0.922482
DM-21773,0.571049
DM-21772,0.183301
DM-21771,0.951504
DM-21770,0.608943
DM-21769,0.96378
DM-21768,0.9659
DM-21767,0.994615
DM-21766,0.267026
DM-21765,0.943348
DM-21764,0.982014
DM-21763,0.970013
DM-21762,0.802246
DM-21761,0.956957
DM-21760,0.866585
DM-21759,0.228845
DM-21758,0.956634
DM-21757,0.026964
DM-21756,0.044349
DM-21755,0.048137
DM-21754,0.057071
DM-21753,0.061424
DM-21752,0.114765
DM-21751,0.224395
DM-21750,0.079782
DM-21749,0.033086
DM-21748,0.006388
DM-21747,0.267408
DM-21746,0.021615
DM-21745,0.871475
DM-21744,0.006488
DM-21743,0.17245
DM-21742,0.064183
DM-21741,0.701713
DM-21740,0.96862
DM-21739,0.041153
DM-21738,0.087876
DM-21737,0.637313
DM-21736,0.121686
DM-21735,0.020177
DM-21734,0.034619
DM-21733,0.110471
DM-21732,0.296043
DM-21731,0.094343
DM-21730,0.056444
DM-21729,0.004332
DM-21728,0.187133
DM-21727,0.206254
DM-21726,0.236164
DM-21725,0.004265
DM-21724,0.00461
DM-21723,0.013325
DM-21722,0.002845
DM-21721,0.006693
DM-21720,0.027169
DM-21719,0.048137
DM-21718,0.90261
DM-21717,0.029535
DM-21716,0.130729
DM-21715,0.973443
DM-21714,0.989182
DM-21713,0.990292
DM-21712,0.956309
DM-21711,0.054601
DM-21710,0.983343
DM-21709,0.006488
DM-21708,0.813757
DM-21707,0.011597
DM-21706,0.139396
DM-21705,0.030676
DM-21704,0.037327
DM-21703,0.015664
DM-21702,0.008577
DM-21701,0.025957
DM-21700,0.00573
DM-21699,0.275519
DM-21698,0.012147
DM-21697,0.00514
DM-21696,0.583203
DM-21695,0.264738
DM-21694,0.169956
DM-21693,0.003707
DM-21692,0.012528
DM-21691,0.01302
DM-21690,0.015664
DM-21689,0.09236
DM-21688,0.793106
DM-21687,0.160792
DM-21686,0.223038
DM-21685,0.818737
DM-21684,0.540439
DM-21683,0.030444
DM-21682,0.008252
DM-21681,0.025371
DM-21680,0.021287
DM-21679,0.008511
DM-21678,0.029535
DM-21677,0.893681
DM-21664,0.461988
DM-21663,0.010653
DM-21662,0.016915
DM-21661,0.018978
DM-21660,0.797557
DM-21659,0.573798
DM-21658,0.952926
DM-21657,0.008188
DM-21656,0.010249
DM-21655,0.010653
DM-21654,0.009634
DM-21653,0.942507
DM-21648,0.94079
DM-21647,0.9462
DM-21646,0.009055
DM-21643,0.974239
DM-21642,0.014729
DM-21641,0.00986
DM-21640,0.071332
DM-21639,0.893681
DM-21637,0.690768
DM-21636,0.174129
DM-21635,0.017986
DM-21634,0.019271
DM-21633,0.207536
DM-21632,0.019871
DM-21631,0.013637
DM-21630,0.020023
DM-21629,0.014842
DM-21628,0.021125
DM-21627,0.019569
DM-21626,0.93196
DM-21625,0.649523
DM-21614,0.592667
DM-21613,0.517571
DM-21612,0.012821
DM-21611,0.007577
DM-21610,0.01057
DM-21609,0.01017
DM-21608,0.00986
DM-21607,0.871912
DM-21606,0.290981
DM-21605,0.975012
DM-21604,0.017849
DM-21603,0.062103
DM-21602,0.057282
DM-21601,0.011687
DM-21600,0.013121
DM-21599,0.01302
DM-21598,0.451327
DM-21597,0.984811
DM-21596,0.026355
DM-21595,0.012625
DM-21594,0.250363
DM-21593,0.981022
DM-21592,0.651209
DM-21591,0.928926
DM-21590,0.883638
DM-21589,0.928926
DM-21588,0.013849
DM-21587,0.016657
DM-21586,0.014729
DM-21585,0.018264
DM-21584,0.019569
DM-21583,0.964855
DM-21582,0.010014
DM-21581,0.025371
DM-21580,0.028221
DM-21579,0.017986
DM-21578,0.015664
DM-21577,0.023509
DM-21576,0.018405
DM-21575,0.98347
DM-21574,0.969091
DM-21572,0.965641
DM-21571,0.265024
DM-21570,0.051083
DM-21569,0.021125
DM-21568,0.015664
DM-21567,0.009708
DM-21566,0.133868
DM-21565,0.028008
DM-21564,0.015664
DM-21563,0.021451
DM-21562,0.013956
DM-21561,0.124639
DM-21560,0.01017
DM-21559,0.010091
DM-21558,0.010489
DM-21557,0.233881
DM-21556,0.364156
DM-21555,0.425128
DM-21554,0.480479
DM-21553,0.034881
DM-21552,0.008188
DM-21551,0.012054
DM-21550,0.009413
DM-21549,0.739799
DM-21548,0.948917
DM-21547,0.961822
DM-21546,0.013428
DM-21545,0.071591
DM-21544,0.01057
DM-21543,0.896614
DM-21542,0.97631
DM-21541,0.013428
DM-21540,0.195287
DM-21539,0.012821
DM-21538,0.933431
DM-21537,0.969324
DM-21536,0.908293
DM-21535,0.014064
DM-21534,0.022286
DM-21533,0.026156
DM-21532,0.872347
DM-21531,0.037047
DM-21530,0.386112
DM-21529,0.071074
DM-21528,0.003483
DM-21527,0.095349
DM-21526,0.013956
DM-21525,0.071591
DM-21524,0.983971
DM-21523,0.125923
DM-21522,0.034619
DM-21521,0.015785
DM-21520,0.716417
DM-21519,0.032837
DM-21518,0.512693
DM-21517,0.975202
DM-21516,0.014282
DM-21515,0.150029
DM-21506,0.047426
DM-21505,0.112016
DM-21504,0.302391
DM-21503,0.005302
DM-21502,0.006798
DM-21501,0.041153
DM-21500,0.005385
DM-21499,0.057918
DM-21498,0.044681
DM-21497,0.985271
DM-21496,0.987568
DM-21495,0.821044
DM-21494,0.954647
DM-21493,0.967656
DM-21492,0.028653
DM-21491,0.01292
DM-21490,0.007346
DM-21489,0.017309
DM-21488,0.005469
DM-21487,0.471467
DM-21486,0.065845
DM-21485,0.033337
DM-21484,0.022117
DM-21483,0.60871
DM-21482,0.009936
DM-21481,0.039937
DM-21480,0.345492
DM-21479,0.318061
DM-21478,0.379953
DM-21477,0.964589
DM-21476,0.517571
DM-21475,0.698638
DM-21474,0.084795
DM-21473,0.156105
DM-21472,0.07477
DM-21471,0.172172
DM-21470,0.015189
DM-21469,0.970013
DM-21468,0.868827
DM-21467,0.980129
DM-21466,0.082402
DM-21465,0.167219
DM-21464,0.092033
DM-21463,0.15662
DM-21462,0.227469
DM-21461,0.644337
DM-21460,0.05301
DM-21459,0.020646
DM-21458,0.00514
DM-21457,0.023509
DM-21456,0.011158
DM-21455,0.007233
DM-21454,0.007012
DM-21453,0.014842
DM-21452,0.004265
DM-21451,0.97539
DM-21450,0.141756
DM-21449,0.510252
DM-21448,0.965119
DM-21447,0.891811
DM-21446,0.692642
DM-21445,0.575349
DM-21444,0.985043
DM-21443,0.968856
DM-21442,0.960657
DM-21441,0.673192
DM-21440,0.485356
DM-21439,0.008511
DM-21438,0.960361
DM-21437,0.033844
DM-21436,0.011597
DM-21435,0.049222
DM-21434,0.171061
DM-21433,0.937211
DM-21432,0.064418
DM-21431,0.058993
DM-21430,0.054601
DM-21429,0.333611
DM-21428,0.599529
DM-21427,0.631822
DM-21426,0.025565
DM-21425,0.27406
DM-21424,0.029535
DM-21423,0.086942
DM-21422,0.00659
DM-21421,0.985718
DM-21420,0.006193
DM-21419,0.890675
DM-21418,0.150528
DM-21417,0.009413
DM-21416,0.076684
DM-21415,0.321034
DM-21414,0.196518
DM-21413,0.120853
DM-21412,0.438304
DM-21411,0.105211
DM-21410,0.73678
DM-21409,0.023689
DM-21408,0.134321
DM-21407,0.082994
DM-21406,0.03259
DM-21405,0.123366
DM-21404,0.019419
DM-21403,0.027796
DM-21402,0.019419
DM-21401,0.228673
DM-21400,0.095349
DM-21399,0.030444
DM-21398,0.066327
DM-21397,0.899475
DM-21396,0.961244
DM-21395,0.419767
DM-21394,0.266453
DM-21393,0.07343
DM-21392,0.434941
DM-21391,0.01142
DM-21390,0.891811
DM-21389,0.03138
DM-21388,0.119203
DM-21387,0.068537
DM-21386,0.021451
DM-21385,0.071332
DM-21384,0.896976
DM-21383,0.027585
DM-21382,0.985718
DM-21381,0.005385
DM-21380,0.068289
DM-21379,0.016403
DM-21378,0.254231
DM-21377,0.454714
DM-21376,0.609408
DM-21375,0.058346
DM-21374,0.083292
DM-21373,0.144873
DM-21372,0.272605
DM-21371,0.014172
DM-21370,0.951504
DM-21369,0.148047
DM-21368,0.049589
DM-21367,0.033844
DM-21366,0.653587
DM-21365,0.004682
DM-21364,0.040541
DM-21363,0.055413
DM-21362,0.130285
DM-21361,0.017177
DM-21360,0.061876
DM-21359,0.006488
DM-21358,0.276105
DM-21357,0.033337
DM-21356,0.009936
DM-21355,0.00582
DM-21354,0.140336
DM-21353,0.603932
DM-21352,0.148047
DM-21351,0.909907
DM-21350,0.96641
DM-21349,0.014842
DM-21348,0.058561
DM-21347,0.013849
DM-21346,0.051654
DM-21345,0.051654
DM-21344,0.027796
DM-21343,0.003173
DM-21342,0.017177
DM-21341,0.896614
DM-21340,0.515132
DM-21339,0.020964
DM-21338,0.28279
DM-21337,0.952926
DM-21336,0.863852
DM-21335,0.055823
DM-21334,0.042088
DM-21333,0.871475
DM-21332,0.007577
DM-21331,0.47171
DM-21330,0.052619
DM-21329,0.272025
DM-21328,0.541651
DM-21327,0.974821
DM-21326,0.595845
DM-21325,0.750553
DM-21324,0.020646
DM-21323,0.944587
DM-21322,0.630116
DM-21321,0.971129
DM-21320,0.038178
DM-21319,0.012054
DM-21318,0.011072
DM-21317,0.243822
DM-21316,0.106319
DM-21315,0.044349
DM-21314,0.022629
DM-21313,0.811676
DM-21312,0.978052
DM-21311,0.849472
DM-21310,0.003222
DM-21309,0.052619
DM-21308,0.080357
DM-21307,0.266071
DM-21306,0.024798
DM-21305,0.035948
DM-21304,0.942507
DM-21303,0.313577
DM-21302,0.982014
DM-21301,0.015189
DM-21300,0.769427
DM-21299,0.09236
DM-21298,0.028653
DM-21297,0.567098
DM-21296,0.126353
DM-21295,0.383742
DM-21294,0.040846
DM-21293,0.889144
DM-21292,0.89841
DM-21291,0.048137
DM-21290,0.501465
DM-21289,0.501465
DM-21288,0.673353
DM-21287,0.019124
DM-21286,0.119614
DM-21285,0.119203
DM-21284,0.42931
DM-21283,0.986777
DM-21282,0.760651
DM-21281,0.101233
DM-21280,0.076684
DM-21279,0.059647
DM-21278,0.420362
DM-21277,0.83868
DM-21276,0.47171
DM-21275,0.33231
DM-21274,0.180107
DM-21273,0.173849
DM-21272,0.039343
DM-21271,0.045692
DM-21270,0.093017
DM-21269,0.027376
DM-21268,0.011961
DM-21267,0.063482
DM-21266,0.181263
DM-21265,0.982691
DM-21264,0.809276
DM-21263,0.944587
DM-21262,0.834407
DM-21261,0.338569
DM-21260,0.977714
DM-21259,0.104843
DM-21258,0.011597
DM-21257,0.006693
DM-21256,0.015906
DM-21255,0.130285
DM-21254,0.57332
DM-21253,0.104477
DM-21252,0.475118
DM-21251,0.311532
DM-21250,0.228156
DM-21249,0.677901
DM-21248,0.010489
DM-21247,0.297674
DM-21246,0.802246
DM-21245,0.044019
DM-21244,0.057493
DM-21243,0.96862
DM-21242,0.08819
DM-21241,0.040238
DM-21240,0.016153
DM-21239,0.004755
DM-21238,0.006488
DM-21237,0.006193
DM-21236,0.073696
DM-21235,0.066812
DM-21234,0.066327
DM-21233,0.912436
DM-21232,0.973037
DM-21231,0.982423
DM-21230,0.028653
DM-21229,0.009708
DM-21228,0.96641
DM-21227,0.470007
DM-21226,0.050331
DM-21225,0.431584
DM-21224,0.025179
DM-21223,0.449634
DM-21222,0.243283
DM-21221,0.57821
DM-21220,0.020964
DM-21219,0.035145
DM-21218,0.08389
DM-21217,0.00934
DM-21216,0.007577
DM-21215,0.013428
DM-21214,0.045692
DM-21213,0.702734
DM-21212,0.076684
DM-21211,0.01653
DM-21210,0.00986
DM-21209,0.936749
DM-21208,0.045353
DM-21207,0.414188
DM-21206,0.014616
DM-21205,0.087876
DM-21204,0.648439
DM-21203,0.90764
DM-21202,0.020646
DM-21201,0.940353
DM-21200,0.014957
DM-21199,0.037327
DM-21198,0.044019
DM-21197,0.009413
DM-21196,0.033844
DM-21195,0.058777
DM-21194,0.859192
DM-21193,0.203708
DM-21192,0.27338
DM-21191,0.133868
DM-21190,0.133868
DM-21189,0.004905
DM-21188,0.282889
DM-21187,0.006098
DM-21186,0.086632
DM-21185,0.071332
DM-21184,0.204978
DM-21183,0.051083
DM-21182,0.018264
DM-21181,0.023689
DM-21180,0.031859
DM-21179,0.273574
DM-21178,0.020646
DM-21177,0.027796
DM-21176,0.601594
DM-21175,0.853913
DM-21174,0.600305
DM-21173,0.009126
DM-21172,0.005385
DM-21171,0.126353
DM-21170,0.010328
DM-21169,0.016029
DM-21168,0.179243
DM-21167,0.848972
DM-21166,0.848972
DM-21165,0.037047
DM-21164,0.470493
DM-21163,0.082994
DM-21162,0.816991
DM-21161,0.046378
DM-21160,0.464902
DM-21159,0.119614
DM-21158,0.26588
DM-21157,0.007346
DM-21156,0.003884
DM-21155,0.966914
DM-21154,0.009784
DM-21153,0.007233
DM-21152,0.096025
DM-21151,0.040541
DM-21150,0.227469
DM-21149,0.936285
DM-21148,0.982823
DM-21147,0.607139
DM-21146,0.900179
DM-21145,0.329911
DM-21144,0.03622
DM-21143,0.003324
DM-21142,0.265499
DM-21141,0.015189
DM-21140,0.008316
DM-21139,0.675336
DM-21138,0.07343
DM-21137,0.107437
DM-21136,0.182426
DM-21135,0.082697
DM-21134,0.090735
DM-21133,0.034881
DM-21132,0.028436
DM-21131,0.100525
DM-21130,0.202128
DM-21129,0.009055
DM-21128,0.018264
DM-21127,0.026156
DM-21126,0.191026
DM-21125,0.011245
DM-21124,0.004982
DM-21123,0.019271
DM-21122,0.024423
DM-21121,0.025957
DM-21120,0.066327
DM-21119,0.954308
DM-21118,0.758153
DM-21117,0.219003
DM-21116,0.826712
DM-21115,0.368292
DM-21114,0.811676
DM-21113,0.017177
DM-21112,0.979354
DM-21111,0.94699
DM-21110,0.079496
DM-21109,0.006098
DM-21108,0.889144
DM-21107,0.020489
DM-21106,0.366817
DM-21105,0.166134
DM-21104,0.018125
DM-21103,0.011778
DM-21102,0.093347
DM-21101,0.457137
DM-21100,0.144149
DM-21099,0.016153
DM-21098,0.947769
DM-21097,0.853425
DM-21096,0.990732
DM-21095,0.103749
DM-21094,0.009126
DM-21093,0.952926
DM-21092,0.013428
DM-21091,0.021615
DM-21090,0.174973
DM-21089,0.339718
DM-21088,0.848471
DM-21087,0.004332
DM-21086,0.979195
DM-21085,0.210442
DM-21084,0.512205
DM-21083,0.897695
DM-21082,0.538012
DM-21081,0.133415
DM-21080,0.077797
DM-21079,0.889912
DM-21078,0.004755
DM-21077,0.864768
DM-21076,0.942507
DM-21075,0.029091
DM-21074,0.113973
DM-21073,0.020964
DM-21072,0.00506
DM-21071,0.013849
DM-21070,0.012528
DM-21069,0.067547
DM-21068,0.003945
DM-21067,0.927363
DM-21066,0.956309
DM-21065,0.054601
DM-21064,0.094678
DM-21063,0.651577
DM-21062,0.94699
DM-21061,0.060529
DM-21060,0.003538
DM-21059,0.014729
DM-21058,0.179531
DM-21057,0.007012
DM-21056,0.022457
DM-21055,0.007461
DM-21054,0.029312
DM-21053,0.129843
DM-21052,0.055823
DM-21051,0.029535
DM-21050,0.461988
DM-21049,0.851953
DM-21048,0.004134
DM-21047,0.223716
DM-21046,0.073165
DM-21045,0.871912
DM-21044,0.449876
DM-21043,0.131619
DM-21042,0.917893
DM-21041,0.054199
DM-21040,0.116764
DM-21039,0.008577
DM-21038,0.086942
DM-21037,0.025371
DM-21036,0.027796
DM-21035,0.444083
DM-21034,0.026355
DM-21033,0.127218
DM-21032,0.133868
DM-21031,0.189821
DM-21030,0.722527
DM-21029,0.023331
DM-21028,0.032344
DM-21027,0.098773
DM-21026,0.056236
DM-21025,0.74872
DM-21024,0.00522
DM-21023,0.542136
DM-21022,0.112016
DM-21021,0.981736
DM-21020,0.142948
DM-21019,0.013956
DM-21018,0.022803
DM-21017,0.334698
DM-21016,0.790207
DM-21015,0.066085
DM-21014,0.056652
DM-21013,0.173849
DM-21012,0.00365
DM-21011,0.694095
DM-21010,0.003273
DM-21009,0.934395
DM-21008,0.014842
DM-21007,0.955651
DM-21006,0.136148
DM-21005,0.931463
DM-21004,0.046378
DM-21003,0.024238
DM-21002,0.049959
DM-21001,0.507568
DM-21000,0.006693
DM-20999,0.042088
DM-20998,0.150528
DM-20997,0.025371
DM-20996,0.004007
DM-20995,0.029091
DM-20994,0.271445
DM-20993,0.624752
DM-20992,0.868381
DM-20991,0.206254
DM-20990,0.043366
DM-20989,0.222869
DM-20988,0.68458
DM-20987,0.028008
DM-20986,0.049589
DM-20985,0.690559
DM-20984,0.532425
DM-20983,0.434461
DM-20982,0.907967
DM-20981,0.868827
DM-20980,0.019419
DM-20979,0.023331
DM-20978,0.034619
DM-20977,0.046725
DM-20976,0.011245
DM-20975,0.794385
DM-20974,0.950041
DM-20973,0.37359
DM-20972,0.022286
DM-20971,0.955651
DM-20970,0.022977
DM-20969,0.964855
DM-20968,0.026156
DM-20967,0.056652
DM-20966,0.07477
DM-20965,0.050705
DM-20964,0.013637
DM-20963,0.003594
DM-20962,0.007012
DM-20961,0.889529
DM-20960,0.963506
DM-20959,0.007233
DM-20958,0.137996
DM-20957,0.006098
DM-20956,0.00838
DM-20955,0.956309
DM-20954,0.196518
DM-20953,0.930458
DM-20952,0.065845
DM-20951,0.2522
DM-20950,0.167491
DM-20949,0.009055
DM-20948,0.043043
DM-20947,0.042088
DM-20946,0.022803
DM-20945,0.039048
DM-20944,0.008188
DM-20943,0.027169
DM-20942,0.764892
DM-20941,0.0538
DM-20940,0.012528
DM-20939,0.461988
DM-20938,0.037892
DM-20937,0.041153
DM-20936,0.708213
DM-20935,0.051083
DM-20934,0.005385
DM-20933,0.345326
DM-20932,0.03259
DM-20931,0.836555
DM-20930,0.204025
DM-20929,0.004332
DM-20928,0.003483
DM-20927,0.022803
DM-20926,0.063251
DM-20925,0.015544
DM-20924,0.818156
DM-20923,0.007577
DM-20922,0.00659
DM-20921,0.066085
DM-20920,0.517571
DM-20919,0.141756
DM-20918,0.058132
DM-20917,0.00582
DM-20916,0.109706
DM-20915,0.026156
DM-20914,0.009055
DM-20913,0.029987
DM-20912,0.568176
DM-20911,0.258139
DM-20910,0.97024
DM-20909,0.027585
DM-20908,0.019569
DM-20907,0.019419
DM-20906,0.024988
DM-20905,0.031619
DM-20904,0.038756
DM-20903,0.008062
DM-20902,0.006193
DM-20901,0.00461
DM-20900,0.198685
DM-20899,0.187133
DM-20898,0.006388
DM-20897,0.028008
DM-20895,0.966914
DM-20894,0.009055
DM-20893,0.08882
DM-20892,0.039937
DM-20891,0.136608
DM-20890,0.945399
DM-20889,0.625281
DM-20888,0.028871
DM-20887,0.914901
DM-20886,0.137532
DM-20885,0.01653
DM-20884,0.218836
DM-20883,0.887205
DM-20882,0.119203
DM-20881,0.122944
DM-20880,0.146575
DM-20879,0.541409
DM-20878,0.034619
DM-20877,0.037327
DM-20876,0.012147
DM-20875,0.019871
DM-20874,0.274935
DM-20873,0.043691
DM-20872,0.012625
DM-20871,0.025761
DM-20870,0.051083
DM-20869,0.024798
DM-20868,0.011687
DM-20867,0.037609
DM-20866,0.007012
DM-20865,0.865224
DM-20864,0.847463
DM-20863,0.044349
DM-20862,0.917303
DM-20861,0.971779
DM-20860,0.004134
DM-20859,0.58818
DM-20858,0.279238
DM-20857,0.051845
DM-20856,0.096025
DM-20855,0.034619
DM-20854,0.950411
DM-20853,0.923039
DM-20852,0.922482
DM-20851,0.00934
DM-20850,0.41182
DM-20849,0.078642
DM-20848,0.008188
DM-20847,0.03622
DM-20846,0.042088
DM-20845,0.695131
DM-20844,0.038178
DM-20843,0.059647
DM-20842,0.787605
DM-20841,0.016153
DM-20840,0.009936
DM-20839,0.00573
DM-20838,0.914901
DM-20837,0.962953
DM-20836,0.028653
DM-20835,0.361596
DM-20834,0.027376
DM-20833,0.00506
DM-20832,0.132964
DM-20831,0.044681
DM-20830,0.861538
DM-20829,0.909586
DM-20828,0.009784
DM-20827,0.238284
DM-20826,0.456168
DM-20825,0.019569
DM-20824,0.094678
DM-20823,0.223038
DM-20822,0.757077
DM-20821,0.839208
DM-20820,0.736021
DM-20819,0.037892
DM-20818,0.92523
DM-20817,0.054601
DM-20816,0.616993
DM-20815,0.062789
DM-20814,0.012147
DM-20813,0.030215
DM-20812,0.073696
DM-20811,0.020964
DM-20810,0.015189
DM-20809,0.007816
DM-20808,0.180684
DM-20807,0.080937
DM-20806,0.881615
DM-20805,0.004755
DM-20804,0.882833
DM-20803,0.009784
DM-20802,0.009126
DM-20801,0.008847
DM-20800,0.00573
DM-20799,0.007696
DM-20798,0.006488
DM-20797,0.010014
DM-20796,0.006098
DM-20795,0.007696
DM-20794,0.007938
DM-20793,0.007012
DM-20792,0.005642
DM-20791,0.007121
DM-20790,0.00582
DM-20789,0.003324
DM-20788,0.006488
DM-20787,0.00582
DM-20786,0.006904
DM-20785,0.006693
DM-20784,0.006798
DM-20783,0.008062
DM-20782,0.018833
DM-20781,0.05301
DM-20780,0.484136
DM-20779,0.007938
DM-20778,0.057918
DM-20777,0.522568
DM-20776,0.013121
DM-20775,0.016029
DM-20774,0.016029
DM-20773,0.018405
DM-20772,0.021125
DM-20771,0.00659
DM-20770,0.006193
DM-20769,0.034359
DM-20768,0.91611
DM-20767,0.0745
DM-20766,0.026759
DM-20765,0.032101
DM-20764,0.004265
DM-20763,0.903635
DM-20762,0.016657
DM-20761,0.043043
DM-20760,0.020804
DM-20759,0.955981
DM-20758,0.012241
DM-20757,0.024798
DM-20756,0.436142
DM-20755,0.059647
DM-20754,0.727589
DM-20753,0.324182
DM-20752,0.540439
DM-20751,0.01292
DM-20750,0.138928
DM-20749,0.015189
DM-20748,0.045016
DM-20747,0.082402
DM-20746,0.034619
DM-20745,0.039639
DM-20744,0.013637
DM-20743,0.067056
DM-20742,0.132515
DM-20741,0.072374
DM-20740,0.78695
DM-20739,0.012723
DM-20738,0.225929
DM-20737,0.021781
DM-20736,0.051463
DM-20735,0.011869
DM-20734,0.046378
DM-20733,0.011597
DM-20732,0.509276
DM-20731,0.014616
DM-20730,0.511717
DM-20729,0.84338
DM-20728,0.023509
DM-20727,0.045692
DM-20726,0.049222
DM-20725,0.116362
DM-20724,0.023509
DM-20723,0.903975
DM-20722,0.964052
DM-20721,0.021451
DM-20720,0.631367
DM-20719,0.348867
DM-20718,0.079782
DM-20717,0.078078
DM-20716,0.016915
DM-20715,0.47244
DM-20714,0.043691
DM-20713,0.66769
DM-20712,0.020804
DM-20711,0.043691
DM-20710,0.017712
DM-20709,0.031619
DM-20708,0.415373
DM-20707,0.558568
DM-20706,0.836555
DM-20705,0.010489
DM-20704,0.017309
DM-20703,0.958847
DM-20702,0.131173
DM-20701,0.034619
DM-20700,0.031619
DM-20699,0.039343
DM-20698,0.572484
DM-20697,0.14978
DM-20696,0.347925
DM-20695,0.012241
DM-20694,0.048137
DM-20693,0.02461
DM-20692,0.175538
DM-20691,0.021451
DM-20690,0.043366
DM-20689,0.025565
DM-20688,0.094678
DM-20687,0.868381
DM-20686,0.095013
DM-20685,0.09947
DM-20684,0.03138
DM-20683,0.203391
DM-20682,0.199932
DM-20681,0.189821
DM-20680,0.436142
DM-20679,0.428712
DM-20678,0.406391
DM-20677,0.113973
DM-20676,0.106319
DM-20675,0.097734
DM-20674,0.004982
DM-20673,0.056029
DM-20672,0.004538
DM-20671,0.978052
DM-20670,0.198375
DM-20669,0.506347
DM-20668,0.186539
DM-20667,0.042088
DM-20666,0.036494
DM-20665,0.019871
DM-20664,0.007577
DM-20663,0.042404
DM-20662,0.07056
DM-20661,0.106691
DM-20660,0.683208
DM-20659,0.007233
DM-20658,0.934873
DM-20657,0.95222
DM-20656,0.324985
DM-20655,0.103024
DM-20654,0.613931
DM-20653,0.338023
DM-20652,0.789558
DM-20651,0.222362
DM-20650,0.056652
DM-20649,0.01653
DM-20648,0.025565
DM-20647,0.037327
DM-20646,0.77081
DM-20645,0.020177
DM-20644,0.037892
DM-20643,0.019719
DM-20642,0.037327
DM-20641,0.020646
DM-20640,0.428712
DM-20639,0.025179
DM-20638,0.350908
DM-20637,0.021948
DM-20636,0.056236
DM-20635,0.235108
DM-20634,0.018547
DM-20633,0.103024
DM-20632,0.768733
DM-20631,0.296247
DM-20630,0.225758
DM-20629,0.530966
DM-20628,0.049959
DM-20627,0.138462
DM-20626,0.07056
DM-20625,0.048858
DM-20624,0.319865
DM-20623,0.010735
DM-20622,0.198996
DM-20621,0.0538
DM-20620,0.27513
DM-20619,0.273574
DM-20618,0.705988
DM-20617,0.085404
DM-20616,0.616243
DM-20615,0.037047
DM-20614,0.330444
DM-20613,0.65379
DM-20612,0.749087
DM-20611,0.028221
DM-20610,0.877056
DM-20609,0.067056
DM-20608,0.657978
DM-20607,0.845942
DM-20606,0.70619
DM-20605,0.205934
DM-20604,0.952574
DM-20603,0.79053
DM-20602,0.640523
DM-20601,0.361334
DM-20600,0.038466
DM-20599,0.082402
DM-20598,0.196826
DM-20597,0.039639
DM-20596,0.030444
DM-20595,0.967163
DM-20594,0.408675
DM-20593,0.735642
DM-20592,0.175821
DM-20591,0.335378
DM-20590,0.034619
DM-20589,0.034359
DM-20588,0.037047
DM-20587,0.07477
DM-20586,0.7773
DM-20585,0.059647
DM-20584,0.022977
DM-20583,0.971129
DM-20582,0.007577
DM-20581,0.040846
DM-20580,0.576348
DM-20579,0.030444
DM-20578,0.20947
DM-20577,0.120026
DM-20576,0.362236
DM-20575,0.030909
DM-20574,0.024238
DM-20573,0.023871
DM-20572,0.029987
DM-20571,0.013637
DM-20570,0.007938
DM-20569,0.08819
DM-20568,0.273186
DM-20567,0.91848
DM-20566,0.137996
DM-20565,0.021781
DM-20564,0.064183
DM-20563,0.779993
DM-20562,0.535827
DM-20561,0.81257
DM-20560,0.144631
DM-20559,0.489259
DM-20558,0.017309
DM-20557,0.05301
DM-20556,0.119614
DM-20555,0.013325
DM-20554,0.016785
DM-20553,0.022457
DM-20552,0.020489
DM-20551,0.028221
DM-20550,0.078926
DM-20549,0.033337
DM-20548,0.155078
DM-20547,0.00934
DM-20546,0.058561
DM-20545,0.025761
DM-20544,0.015073
DM-20543,0.039048
DM-20542,0.971564
DM-20541,0.024054
DM-20540,0.21767
DM-20539,0.151028
DM-20538,0.003707
DM-20537,0.008062
DM-20536,0.008644
DM-20535,0.055823
DM-20534,0.036769
DM-20533,0.069038
DM-20532,0.112405
DM-20531,0.203391
DM-20530,0.224735
DM-20529,0.150528
DM-20528,0.896251
DM-20527,0.027376
DM-20526,0.006798
DM-20525,0.024054
DM-20524,0.07056
DM-20523,0.757077
DM-20522,0.108189
DM-20521,0.078642
DM-20520,0.01653
DM-20519,0.021781
DM-20518,0.205615
DM-20517,0.278257
DM-20516,0.286169
DM-20515,0.174973
DM-20514,0.034881
DM-20513,0.148541
DM-20512,0.038178
DM-20511,0.965381
DM-20510,0.005385
DM-20509,0.128963
DM-20508,0.783988
DM-20507,0.586049
DM-20506,0.528047
DM-20505,0.0341
DM-20504,0.033844
DM-20503,0.037892
DM-20502,0.090414
DM-20501,0.908618
DM-20500,0.052619
DM-20499,0.132515
DM-20498,0.010653
DM-20497,0.057918
DM-20496,0.397003
DM-20495,0.121686
DM-20494,0.004982
DM-20493,0.024798
DM-20492,0.041774
DM-20491,0.017442
DM-20490,0.040541
DM-20489,0.023509
DM-20488,0.024238
DM-20487,0.008711
DM-20486,0.013223
DM-20485,0.123366
DM-20484,0.007577
DM-20483,0.129403
DM-20482,0.371707
DM-20481,0.155591
DM-20480,0.221014
DM-20479,0.122104
DM-20478,0.012336
DM-20477,0.005911
DM-20476,0.073696
DM-20475,0.026156
DM-20474,0.021615
DM-20473,0.035145
DM-20472,0.004265
DM-20471,0.009055
DM-20470,0.009708
DM-20469,0.004199
DM-20468,0.034619
DM-20467,0.00659
DM-20466,0.00659
DM-20465,0.011687
DM-20464,0.007696
DM-20463,0.007816
DM-20462,0.026557
DM-20461,0.019871
DM-20460,0.026557
DM-20459,0.971564
DM-20458,0.004199
DM-20457,0.037047
DM-20456,0.927363
DM-20455,0.015073
DM-20454,0.006388
DM-20453,0.071074
DM-20452,0.030909
DM-20451,0.00483
DM-20450,0.014616
DM-20449,0.26569
DM-20448,0.14978
DM-20447,0.958538
DM-20446,0.779658
DM-20445,0.564819
DM-20444,0.004982
DM-20443,0.971992
DM-20442,0.043691
DM-20441,0.013849
DM-20440,0.029535
DM-20439,0.040238
DM-20438,0.542136
DM-20437,0.739986
DM-20436,0.064418
DM-20435,0.073696
DM-20434,0.035948
DM-20433,0.027376
DM-20432,0.012241
DM-20431,0.657648
DM-20430,0.015189
DM-20429,0.849472
DM-20428,0.257952
DM-20427,0.956634
DM-20426,0.830594
DM-20425,0.049589
DM-20424,0.992539
DM-20423,0.669853
DM-20422,0.111628
DM-20421,0.439026
DM-20420,0.075585
DM-20419,0.451568
DM-20418,0.080357
DM-20417,0.400867
DM-20416,0.901227
DM-20415,0.839208
DM-20414,0.981022
DM-20413,0.915507
DM-20412,0.989511
DM-20411,0.645455
DM-20410,0.914901
DM-20409,0.970013
DM-20408,0.988131
DM-20407,0.716219
DM-20406,0.926835
DM-20405,0.806853
DM-20404,0.557845
DM-20403,0.947769
DM-20402,0.964589
DM-20401,0.980431
DM-20400,0.964321
DM-20399,0.981022
DM-20398,0.957596
DM-20397,0.861538
DM-20396,0.861072
DM-20395,0.865679
DM-20394,0.710025
DM-20393,0.135232
DM-20392,0.805632
DM-20391,0.987759
DM-20390,0.930962
DM-20389,0.7413
DM-20388,0.722527
DM-20387,0.971779
DM-20386,0.987759
DM-20385,0.933431
DM-20384,0.413477
DM-20383,0.038178
DM-20382,0.038756
DM-20381,0.012336
DM-20380,0.004199
DM-20379,0.015425
DM-20378,0.244183
DM-20377,0.005302
DM-20376,0.011961
DM-20375,0.076961
DM-20374,0.973241
DM-20373,0.033844
DM-20372,0.017712
DM-20371,0.276397
DM-20370,0.340192
DM-20369,0.060975
DM-20368,0.024054
DM-20367,0.300848
DM-20366,0.924142
DM-20365,0.17245
DM-20364,0.904987
DM-20363,0.024054
DM-20362,0.384277
DM-20361,0.508788
DM-20360,0.033337
DM-20359,0.072637
DM-20358,0.908618
DM-20357,0.360039
DM-20356,0.152032
DM-20355,0.030215
DM-20354,0.878314
DM-20353,0.007233
DM-20352,0.024054
DM-20351,0.023509
DM-20350,0.058777
DM-20349,0.112016
DM-20348,0.012336
DM-20347,0.008316
DM-20346,0.81257
DM-20345,0.798815
DM-20344,0.935817
DM-20343,0.952574
DM-20342,0.00483
DM-20341,0.028008
DM-20339,0.962673
DM-20338,0.439266
DM-20337,0.010653
DM-20336,0.95222
DM-20335,0.011332
DM-20334,0.648014
DM-20333,0.260201
DM-20332,0.014064
DM-20331,0.309858
DM-20330,0.309858
DM-20329,0.040238
DM-20328,0.339718
DM-20327,0.991153
DM-20326,0.058561
DM-20325,0.059428
DM-20323,0.128525
DM-20322,0.048137
DM-20321,0.039048
DM-20320,0.039048
DM-20319,0.01653
DM-20317,0.107063
DM-20316,0.442155
DM-20315,0.009634
DM-20314,0.131619
DM-20313,0.019871
DM-20312,0.039343
DM-20311,0.982151
DM-20310,0.068787
DM-20309,0.058777
DM-20308,0.766992
DM-20307,0.979668
DM-20306,0.799755
DM-20305,0.09401
DM-20304,0.019871
DM-20303,0.028436
DM-20302,0.020964
DM-20301,0.038466
DM-20300,0.950411
DM-20299,0.262464
DM-20298,0.960657
DM-20297,0.969785
DM-20296,0.449151
DM-20295,0.971779
DM-20294,0.865679
DM-20293,0.7413
DM-20292,0.044349
DM-20291,0.688049
DM-20290,0.030909
DM-20289,0.051463
DM-20288,0.009784
DM-20287,0.00461
DM-20286,0.960657
DM-20285,0.158174
DM-20284,0.003884
DM-20283,0.715225
DM-20282,0.952574
DM-20281,0.026964
DM-20280,0.009634
DM-20279,0.098079
DM-20278,0.031619
DM-20277,0.899121
DM-20276,0.015306
DM-20275,0.02976
DM-20274,0.874507
DM-20273,0.975762
DM-20272,0.007461
DM-20271,0.119614
DM-20270,0.104843
DM-20269,0.196209
DM-20268,0.28897
DM-20267,0.075312
DM-20266,0.69946
DM-20265,0.015306
DM-20264,0.44059
DM-20263,0.032344
DM-20262,0.905657
DM-20261,0.012147
DM-20260,0.015306
DM-20259,0.022457
DM-20258,0.007696
DM-20257,0.967899
DM-20256,0.475605
DM-20255,0.926304
DM-20254,0.29798
DM-20253,0.004007
DM-20252,0.003824
DM-20251,0.699049
DM-20250,0.095687
DM-20249,0.00407
DM-20248,0.019871
DM-20247,0.850469
DM-20246,0.025565
DM-20245,0.028653
DM-20244,0.004265
DM-20243,0.032101
DM-20242,0.003173
DM-20241,0.005911
DM-20240,0.008577
DM-20239,0.182717
DM-20238,0.087876
DM-20237,0.089773
DM-20236,0.021615
DM-20235,0.00461
DM-20234,0.023509
DM-20233,0.594581
DM-20232,0.020964
DM-20231,0.007816
DM-20230,0.94079
DM-20229,0.086323
DM-20228,0.11358
DM-20227,0.11358
DM-20226,0.015906
DM-20225,0.031619
DM-20224,0.034619
DM-20223,0.11358
DM-20222,0.005469
DM-20221,0.012432
DM-20220,0.017045
DM-20219,0.06256
DM-20218,0.038178
DM-20217,0.027169
DM-20216,0.370795
DM-20215,0.028436
DM-20214,0.046378
DM-20213,0.0341
DM-20212,0.066569
DM-20211,0.091058
DM-20210,0.023871
DM-20209,0.52342
DM-20208,0.914291
DM-20207,0.139866
DM-20206,0.038466
DM-20205,0.986979
DM-20204,0.130285
DM-20203,0.787278
DM-20202,0.024988
DM-20201,0.028221
DM-20200,0.02461
DM-20199,0.018978
DM-20198,0.884838
DM-20197,0.928409
DM-20196,0.402979
DM-20195,0.959459
DM-20194,0.756358
DM-20193,0.035948
DM-20192,0.964321
DM-20191,0.348202
DM-20190,0.948917
DM-20189,0.013956
DM-20188,0.079496
DM-20187,0.028221
DM-20186,0.795658
DM-20185,0.820757
DM-20184,0.964321
DM-20183,0.010091
DM-20182,0.084191
DM-20181,0.898053
DM-20180,0.951504
DM-20179,0.825027
DM-20178,0.956309
DM-20177,0.830594
DM-20176,0.862468
DM-20175,0.973844
DM-20174,0.967899
DM-20173,0.953622
DM-20172,0.456168
DM-20171,0.909265
DM-20170,0.124639
DM-20169,0.045353
DM-20168,0.958847
DM-20167,0.614336
DM-20166,0.698638
DM-20165,0.573649
DM-20164,0.608565
DM-20163,0.136148
DM-20162,0.851953
DM-20161,0.023509
DM-20160,0.153042
DM-20159,0.722135
DM-20158,0.964052
DM-20157,0.015425
DM-20156,0.083292
DM-20155,0.049959
DM-20154,0.971779
DM-20153,0.024798
DM-20152,0.130729
DM-20151,0.039937
DM-20150,0.009559
DM-20149,0.159479
DM-20148,0.235636
DM-20147,0.026156
DM-20146,0.205296
DM-20145,0.028871
DM-20144,0.973037
DM-20143,0.128963
DM-20142,0.947381
DM-20141,0.032101
DM-20140,0.695648
DM-20139,0.880797
DM-20138,0.098425
DM-20137,0.015544
DM-20136,0.063251
DM-20135,0.96378
DM-20134,0.022803
DM-20133,0.00514
DM-20132,0.224735
DM-20131,0.100525
DM-20129,0.110856
DM-20128,0.062789
DM-20127,0.084795
DM-20126,0.815233
DM-20125,0.369884
DM-20124,0.07836
DM-20123,0.520984
DM-20122,0.982557
DM-20121,0.035411
DM-20120,0.295942
DM-20119,0.103386
DM-20118,0.957596
DM-20117,0.993807
DM-20116,0.680772
DM-20115,0.054601
DM-20114,0.007461
DM-20113,0.350227
DM-20112,0.00659
DM-20111,0.18418
DM-20110,0.028221
DM-20109,0.148047
DM-20108,0.062331
DM-20107,0.147555
DM-20106,0.280222
DM-20105,0.00522
DM-20104,0.974629
DM-20103,0.978385
DM-20102,0.973443
DM-20101,0.281801
DM-20100,0.980129
DM-20099,0.987759
DM-20098,0.622402
DM-20097,0.0538
DM-20096,0.700895
DM-20095,0.988131
DM-20094,0.031619
DM-20093,0.992767
DM-20092,0.982014
DM-20091,0.989986
DM-20090,0.017986
DM-20089,0.007121
DM-20088,0.104112
DM-20087,0.827271
DM-20086,0.502441
DM-20085,0.083292
DM-20084,0.290176
DM-20083,0.154058
DM-20082,0.110088
DM-20081,0.206254
DM-20080,0.321673
DM-20079,0.563378
DM-20078,0.218003
DM-20077,0.053403
DM-20076,0.047074
DM-20075,0.454714
DM-20074,0.025957
DM-20073,0.395368
DM-20072,0.965119
DM-20071,0.107063
DM-20070,0.058993
DM-20069,0.662824
DM-20068,0.033337
DM-20067,0.017177
DM-20066,0.06256
DM-20065,0.803791
DM-20064,0.948917
DM-20063,0.992654
DM-20062,0.112795
DM-20061,0.961534
DM-20060,0.008916
DM-20059,0.641486
DM-20058,0.255715
DM-20057,0.647241
DM-20056,0.0538
DM-20055,0.060529
DM-20054,0.035948
DM-20053,0.245627
DM-20052,0.054199
DM-20051,0.015306
DM-20050,0.011961
DM-20049,0.051083
DM-20048,0.008446
DM-20047,0.038178
DM-20046,0.032837
DM-20045,0.003273
DM-20044,0.021287
DM-20043,0.066327
DM-20042,0.010735
DM-20041,0.122944
DM-20040,0.064418
DM-20039,0.025565
DM-20038,0.013637
DM-20037,0.005469
DM-20036,0.910545
DM-20035,0.063715
DM-20034,0.104477
DM-20033,0.016657
DM-20032,0.625667
DM-20031,0.926304
DM-20030,0.041462
DM-20029,0.980581
DM-20028,0.006693
DM-20027,0.422743
DM-20026,0.487795
DM-20025,0.0745
DM-20024,0.011778
DM-20023,0.084191
DM-20022,0.114369
DM-20021,0.028221
DM-20020,0.032837
DM-20019,0.008847
DM-20018,0.018264
DM-20017,0.063019
DM-20016,0.087564
DM-20015,0.757794
DM-20014,0.03259
DM-20013,0.895888
DM-20012,0.016277
DM-20011,0.310485
DM-20010,0.0538
DM-20009,0.148047
DM-20008,0.003765
DM-20007,0.134321
DM-20006,0.814643
DM-20005,0.026964
DM-20004,0.927363
DM-20003,0.413477
DM-20002,0.792785
DM-20001,0.035411
DM-20000,0.059428
DM-19999,0.022803
DM-19998,0.055413
DM-19997,0.044019
DM-19996,0.00659
DM-19995,0.004134
DM-19994,0.065128
DM-19993,0.024423
DM-19992,0.669313
DM-19991,0.037047
DM-19990,0.099121
DM-19989,0.587943
DM-19988,0.014064
DM-19987,0.900179
DM-19986,0.286668
DM-19985,0.004538
DM-19984,0.503418
DM-19983,0.96862
DM-19982,0.018689
DM-19981,0.977023
DM-19980,0.683631
DM-19979,0.69946
DM-19978,0.00582
DM-19977,0.927888
DM-19976,0.613352
DM-19975,0.118793
DM-19974,0.212722
DM-19973,0.013532
DM-19972,0.002935
DM-19971,0.008062
DM-19970,0.032101
DM-19969,0.131619
DM-19968,0.006098
DM-19967,0.091707
DM-19966,0.831143
DM-19965,0.044681
DM-19964,0.041774
DM-19963,0.855369
DM-19962,0.380817
DM-19961,0.018405
DM-19960,0.988313
DM-19959,0.984575
DM-19958,0.00838
DM-19957,0.551574
DM-19956,0.069038
DM-19955,0.039343
DM-19954,0.124213
DM-19953,0.428951
DM-19952,0.132964
DM-19951,0.029091
DM-19950,0.22051
DM-19944,0.317479
DM-19943,0.482185
DM-19942,0.006488
DM-19941,0.577734
DM-19940,0.08389
DM-19939,0.174973
DM-19938,0.178383
DM-19937,0.030215
DM-19936,0.125065
DM-19935,0.037327
DM-19934,0.149531
DM-19933,0.105948
DM-19932,0.023689
DM-19931,0.034881
DM-19930,0.276495
DM-19929,0.221687
DM-19928,0.641984
DM-19927,0.337913
DM-19926,0.171616
DM-19925,0.33112
DM-19924,0.858719
DM-19923,0.597109
DM-19922,0.426441
DM-19921,0.976129
DM-19920,0.014616
DM-19919,0.263694
DM-19918,0.492188
DM-19917,0.221351
DM-19916,0.108566
DM-19915,0.048496
DM-19914,0.01653
DM-19913,0.066569
DM-19912,0.065605
DM-19911,0.00514
DM-19910,0.007461
DM-19909,0.067793
DM-19908,0.605799
DM-19907,0.01017
DM-19906,0.007012
DM-19905,0.057918
DM-19904,0.536313
DM-19903,0.019124
DM-19902,0.003377
DM-19901,0.142709
DM-19900,0.098079
DM-19899,0.019419
DM-19898,0.039343
DM-19897,0.830594
DM-19896,0.052619
DM-19895,0.003377
DM-19894,0.729134
DM-19893,0.13707
DM-19892,0.035411
DM-19891,0.007577
DM-19890,0.277473
DM-19889,0.732592
DM-19888,0.894789
DM-19887,0.012625
DM-19886,0.186243
DM-19885,0.112016
DM-19884,0.007121
DM-19883,0.006388
DM-19882,0.82559
DM-19881,0.004399
DM-19880,0.015189
DM-19879,0.16238
DM-19878,0.200558
DM-19877,0.512693
DM-19876,0.006193
DM-19875,0.959762
DM-19874,0.90599
DM-19873,0.625552
DM-19872,0.633807
DM-19871,0.008985
DM-19870,0.038466
DM-19869,0.049222
DM-19868,0.019419
DM-19867,0.07343
DM-19866,0.036769
DM-19865,0.017712
DM-19864,0.955651
DM-19863,0.780662
DM-19862,0.073696
DM-19861,0.133415
DM-19860,0.061424
DM-19859,0.022803
DM-19858,0.007577
DM-19857,0.660282
DM-19856,0.101947
DM-19855,0.583619
DM-19854,0.78695
DM-19853,0.009413
DM-19852,0.554712
DM-19851,0.658857
DM-19850,0.219337
DM-19849,0.038466
DM-19848,0.974629
DM-19847,0.962953
DM-19846,0.020804
DM-19845,0.147065
DM-19844,0.948537
DM-19843,0.010653
DM-19842,0.023509
DM-19841,0.039639
DM-19840,0.004982
DM-19839,0.007461
DM-19838,0.90599
DM-19837,0.927888
DM-19836,0.021615
DM-19835,0.030444
DM-19834,0.63846
DM-19833,0.308711
DM-19832,0.896614
DM-19831,0.013532
DM-19830,0.017849
DM-19829,0.100525
DM-19828,0.011332
DM-19827,0.802556
DM-19826,0.74055
DM-19825,0.099121
DM-19824,0.560253
DM-19823,0.282592
DM-19822,0.297572
DM-19821,0.004682
DM-19820,0.223716
DM-19819,0.182134
DM-19818,0.011072
DM-19817,0.685844
DM-19816,0.030676
DM-19815,0.057918
DM-19814,0.143668
DM-19813,0.481698
DM-19812,0.688468
DM-19811,0.047426
DM-19810,0.910545
DM-19809,0.044681
DM-19808,0.808672
DM-19807,0.894052
DM-19806,0.024054
DM-19805,0.029312
DM-19804,0.316422
DM-19803,0.015906
DM-19802,0.011778
DM-19801,0.050331
DM-19800,0.012432
DM-19799,0.041153
DM-19798,0.039048
DM-19797,0.028871
DM-19796,0.043043
DM-19795,0.030215
DM-19794,0.047074
DM-19793,0.175256
DM-19792,0.408985
DM-19791,0.062789
DM-19790,0.0538
DM-19789,0.004682
DM-19788,0.004905
DM-19787,0.016403
DM-19786,0.013121
DM-19785,0.008779
DM-19784,0.01017
DM-19783,0.013325
DM-19782,0.010902
DM-19781,0.004538
DM-19780,0.693058
DM-19779,0.042088
DM-19778,0.020964
DM-19777,0.149531
DM-19776,0.038178
DM-19775,0.038466
DM-19774,0.365867
DM-19773,0.008062
DM-19772,0.19498
DM-19771,0.006004
DM-19770,0.701509
DM-19769,0.003075
DM-19768,0.015544
DM-19767,0.006798
DM-19766,0.006098
DM-19765,0.957596
DM-19764,0.721154
DM-19763,0.03359
DM-19762,0.049589
DM-19761,0.366505
DM-19760,0.017577
DM-19759,0.026964
DM-19758,0.369258
DM-19757,0.0538
DM-19756,0.0538
DM-19755,0.019124
DM-19754,0.043043
DM-19753,0.019719
DM-19752,0.005302
DM-19751,0.422981
DM-19750,0.146575
DM-19749,0.964052
DM-19748,0.832781
DM-19747,0.188623
DM-19746,0.969324
DM-19745,0.421076
DM-19744,0.020646
DM-19743,0.054199
DM-19742,0.028221
DM-19741,0.009126
DM-19740,0.012147
DM-19739,0.01292
DM-19738,0.819893
DM-19737,0.032837
DM-19736,0.256832
DM-19735,0.00407
DM-19734,0.004399
DM-19733,0.74055
DM-19732,0.006388
DM-19731,0.116764
DM-19730,0.08819
DM-19729,0.051083
DM-19728,0.058346
DM-19727,0.008711
DM-19726,0.06256
DM-19725,0.850965
DM-19724,0.018833
DM-19723,0.049959
DM-19722,0.044349
DM-19721,0.362969
DM-19720,0.02976
DM-19719,0.945399
DM-19718,0.051083
DM-19717,0.028221
DM-19716,0.052231
DM-19715,0.071851
DM-19714,0.08152
DM-19713,0.740174
DM-19712,0.863852
DM-19711,0.935817
DM-19710,0.046034
DM-19709,0.693888
DM-19708,0.585575
DM-19707,0.012432
DM-19706,0.546738
DM-19705,0.983971
DM-19704,0.010735
DM-19703,0.859664
DM-19702,0.941654
DM-19701,0.807461
DM-19700,0.83868
DM-19699,0.062789
DM-19698,0.17441
DM-19697,0.541409
DM-19696,0.031144
DM-19695,0.013956
DM-19694,0.030215
DM-19693,0.009055
DM-19692,0.139866
DM-19691,0.089773
DM-19690,0.063715
DM-19689,0.876211
DM-19688,0.090093
DM-19687,0.055618
DM-19686,0.848972
DM-19685,0.023331
DM-19684,0.720958
DM-19683,0.601125
DM-19682,0.014282
DM-19681,0.913058
DM-19680,0.962953
DM-19679,0.017442
DM-19678,0.139866
DM-19677,0.022457
DM-19676,0.175538
DM-19675,0.024988
DM-19674,0.026759
DM-19673,0.012723
DM-19672,0.070816
DM-19671,0.138928
DM-19670,0.008511
DM-19669,0.183009
DM-19668,0.021948
DM-19667,0.928926
DM-19666,0.031859
DM-19665,0.325387
DM-19664,0.008711
DM-19663,0.065128
DM-19662,0.00522
DM-19661,0.952926
DM-19660,0.007012
DM-19659,0.324771
DM-19658,0.005302
DM-19657,0.953275
DM-19656,0.958226
DM-19655,0.947381
DM-19654,0.017309
DM-19653,0.018405
DM-19652,0.233008
DM-19651,0.021615
DM-19650,0.048858
DM-19649,0.005302
DM-19648,0.828939
DM-19647,0.016029
DM-19646,0.086016
DM-19645,0.015306
DM-19644,0.765944
DM-19643,0.11358
DM-19642,0.049589
DM-19641,0.093347
DM-19640,0.038178
DM-19639,0.00514
DM-19638,0.931463
DM-19637,0.913677
DM-19636,0.16238
DM-19635,0.082697
DM-19634,0.008847
DM-19633,0.010091
DM-19632,0.98347
DM-19631,0.9659
DM-19630,0.964589
DM-19629,0.977714
DM-19628,0.97539
DM-19627,0.878314
DM-19626,0.385143
DM-19625,0.021781
DM-19624,0.00629
DM-19623,0.023689
DM-19622,0.00629
DM-19621,0.224735
DM-19620,0.711832
DM-19619,0.954308
DM-19618,0.510252
DM-19617,0.966663
DM-19616,0.147555
DM-19615,0.00838
DM-19614,0.02976
DM-19613,0.015906
DM-19612,0.006798
DM-19611,0.006193
DM-19610,0.024798
DM-19609,0.057071
DM-19608,0.041462
DM-19607,0.029312
DM-19606,0.940353
DM-19605,0.077239
DM-19604,0.814643
DM-19603,0.049959
DM-19602,0.010902
DM-19601,0.133868
DM-19600,0.032837
DM-19599,0.124213
DM-19598,0.01142
DM-19597,0.891811
DM-19596,0.792785
DM-19595,0.064653
DM-19594,0.173849
DM-19593,0.196826
DM-19592,0.60212
DM-19591,0.114765
DM-19590,0.971564
DM-19589,0.152537
DM-19588,0.959154
DM-19587,0.116362
DM-19586,0.974043
DM-19585,0.017986
DM-19584,0.968856
DM-19583,0.797241
DM-19582,0.933915
DM-19581,0.013637
DM-19580,0.032101
DM-19579,0.036769
DM-19578,0.745769
DM-19577,0.761361
DM-19576,0.090735
DM-19575,0.399812
DM-19574,0.794704
DM-19573,0.117167
DM-19572,0.025957
DM-19571,0.018833
DM-19570,0.017177
DM-19569,0.023509
DM-19568,0.008779
DM-19567,0.039639
DM-19566,0.015664
DM-19565,0.014616
DM-19564,0.014616
DM-19563,0.010987
DM-19562,0.006693
DM-19561,0.00659
DM-19560,0.024054
DM-19559,0.009936
DM-19558,0.027169
DM-19557,0.619155
DM-19556,0.905322
DM-19555,0.963231
DM-19554,0.609473
DM-19553,0.862004
DM-19552,0.012821
DM-19551,0.209793
DM-19550,0.159479
DM-19549,0.890294
DM-19548,0.029535
DM-19547,0.002551
DM-19546,0.305853
DM-19545,0.872782
DM-19544,0.120026
DM-19543,0.05921
DM-19542,0.816406
DM-19541,0.049589
DM-19540,0.579519
DM-19539,0.044019
DM-19538,0.120439
DM-19537,0.020646
DM-19536,0.973037
DM-19535,0.125065
DM-19534,0.038466
DM-19533,0.038466
DM-19532,0.060529
DM-19531,0.003377
DM-19530,0.016277
DM-19529,0.008711
DM-19528,0.042088
DM-19527,0.049222
DM-19526,0.038756
DM-19525,0.045016
DM-19524,0.030444
DM-19523,0.046725
DM-19522,0.05921
DM-19521,0.814643
DM-19520,0.672332
DM-19519,0.892937
DM-19518,0.682997
DM-19517,0.115561
DM-19516,0.036769
DM-19515,0.102305
DM-19514,0.762424
DM-19513,0.954647
DM-19512,0.15662
DM-19511,0.032344
DM-19510,0.935346
DM-19509,0.241132
DM-19508,0.655997
DM-19507,0.939913
DM-19506,0.008779
DM-19505,0.06489
DM-19504,0.681303
DM-19503,0.044681
DM-19502,0.764892
DM-19501,0.764892
DM-19500,0.464902
DM-19498,0.668285
DM-19497,0.532668
DM-19496,0.72526
DM-19495,0.445047
DM-19494,0.67854
DM-19493,0.67854
DM-19492,0.662169
DM-19491,0.267026
DM-19490,0.018264
DM-19489,0.970909
DM-19488,0.401453
DM-19487,0.534612
DM-19486,0.018264
DM-19485,0.021451
DM-19484,0.039937
DM-19483,0.582491
DM-19482,0.917303
DM-19481,0.184473
DM-19480,0.004134
DM-19479,0.951142
DM-19478,0.907967
DM-19477,0.069038
DM-19476,0.913677
DM-19475,0.137532
DM-19474,0.00573
DM-19473,0.940353
DM-19472,0.03259
DM-19471,0.055823
DM-19470,0.212069
DM-19469,0.051463
DM-19468,0.060752
DM-19467,0.954308
DM-19466,0.787605
DM-19465,0.152032
DM-19464,0.424173
DM-19463,0.036769
DM-19462,0.424651
DM-19461,0.810179
DM-19460,0.065605
DM-19459,0.063019
DM-19458,0.013532
DM-19457,0.105579
DM-19456,0.003765
DM-19455,0.059647
DM-19454,0.007012
DM-19453,0.910227
DM-19452,0.006693
DM-19451,0.068537
DM-19450,0.896614
DM-19449,0.048137
DM-19448,0.246896
DM-19447,0.130285
DM-19446,0.125923
DM-19445,0.164516
DM-19444,0.950041
DM-19443,0.371821
DM-19442,0.051083
DM-19441,0.027796
DM-19440,0.685213
DM-19439,0.39987
DM-19438,0.463201
DM-19437,0.932944
DM-19436,0.095013
DM-19435,0.108945
DM-19434,0.100172
DM-19433,0.07921
DM-19432,0.922482
DM-19431,0.796609
DM-19430,0.055413
DM-19429,0.899121
DM-19428,0.096706
DM-19427,0.323166
DM-19426,0.109325
DM-19425,0.339828
DM-19424,0.717606
DM-19423,0.323166
DM-19422,0.531209
DM-19421,0.913677
DM-19420,0.375134
DM-19419,0.210117
DM-19418,0.649134
DM-19417,0.780662
DM-19416,0.048137
DM-19415,0.373504
DM-19414,0.089773
DM-19413,0.028008
DM-19412,0.015664
DM-19411,0.03138
DM-19410,0.272993
DM-19409,0.037047
DM-19408,0.922482
DM-19407,0.939471
DM-19406,0.193757
DM-19405,0.030444
DM-19404,0.797872
DM-19403,0.862004
DM-19402,0.033086
DM-19401,0.038466
DM-19400,0.164516
DM-19399,0.070816
DM-19398,0.418697
DM-19397,0.08882
DM-19396,0.340036
DM-19395,0.101589
DM-19394,0.089455
DM-19393,0.015189
DM-19392,0.955651
DM-19391,0.411347
DM-19390,0.258513
DM-19389,0.017177
DM-19388,0.26341
DM-19387,0.05921
DM-19386,0.902952
DM-19385,0.029535
DM-19384,0.025761
DM-19383,0.004399
DM-19382,0.690559
DM-19381,0.423458
DM-19380,0.090735
DM-19379,0.096365
DM-19378,0.236869
DM-19377,0.134321
DM-19376,0.101589
DM-19375,0.138462
DM-19374,0.046378
DM-19373,0.851459
DM-19372,0.016657
DM-19371,0.01302
DM-19370,0.44746
DM-19369,0.047074
DM-19368,0.123366
DM-19367,0.029091
DM-19366,0.016915
DM-19365,0.072374
DM-19364,0.522933
DM-19363,0.729134
DM-19362,0.025957
DM-19361,0.203391
DM-19360,0.662687
DM-19359,0.135232
DM-19358,0.707
DM-19357,0.037892
DM-19356,0.016915
DM-19355,0.886813
DM-19354,0.880797
DM-19353,0.850469
DM-19352,0.083292
DM-19351,0.963231
DM-19350,0.82559
DM-19349,0.899121
DM-19347,0.011508
DM-19346,0.064653
DM-19345,0.761006
DM-19344,0.393618
DM-19343,0.09401
DM-19342,0.439747
DM-19341,0.816991
DM-19340,0.019871
DM-19339,0.165054
DM-19338,0.011072
DM-19337,0.016657
DM-19336,0.054601
DM-19335,0.018978
DM-19334,0.057493
DM-19331,0.014842
DM-19330,0.173849
DM-19329,0.073165
DM-19328,0.027796
DM-19327,0.020489
DM-19326,0.153803
DM-19325,0.023331
DM-19324,0.020489
DM-19323,0.443359
DM-19322,0.868827
DM-19321,0.059866
DM-19320,0.883236
DM-19319,0.447943
DM-19318,0.008779
DM-19317,0.338296
DM-19316,0.068787
DM-19315,0.112016
DM-19314,0.152789
DM-19313,0.264738
DM-19312,0.020023
DM-19311,0.020023
DM-19310,0.063019
DM-19309,0.235284
DM-19308,0.885235
DM-19307,0.379867
DM-19306,0.061424
DM-19305,0.944177
DM-19304,0.009784
DM-19303,0.030444
DM-19302,0.857768
DM-19301,0.961822
DM-19300,0.073963
DM-19299,0.185062
DM-19298,0.011687
DM-19297,0.060308
DM-19296,0.822189
DM-19295,0.465387
DM-19294,0.002935
DM-19293,0.024988
DM-19292,0.167763
DM-19291,0.413714
DM-19290,0.039639
DM-19289,0.044019
DM-19288,0.029312
DM-19287,0.662196
DM-19286,0.017577
DM-19285,0.010328
DM-19284,0.035411
DM-19283,0.761361
DM-19282,0.239883
DM-19281,0.18418
DM-19280,0.409457
DM-19279,0.014282
DM-19278,0.394084
DM-19277,0.026759
DM-19276,0.944177
DM-19275,0.946597
DM-19274,0.972415
DM-19273,0.192236
DM-19272,0.55447
DM-19271,0.682997
DM-19270,0.257018
DM-19269,0.198375
DM-19268,0.369599
DM-19267,0.083591
DM-19266,0.119614
DM-19265,0.014172
DM-19264,0.534612
DM-19263,0.955319
DM-19262,0.009486
DM-19261,0.019271
DM-19260,0.063019
DM-19259,0.00514
DM-19258,0.011332
DM-19257,0.483405
DM-19256,0.169681
DM-19255,0.924688
DM-19254,0.036494
DM-19253,0.008916
DM-19252,0.101589
DM-19251,0.320183
DM-19250,0.153042
DM-19249,0.833325
DM-19248,0.305905
DM-19247,0.075041
DM-19246,0.063948
DM-19245,0.84338
DM-19244,0.023331
DM-19243,0.635562
DM-19242,0.008188
DM-19241,0.01142
DM-19240,0.010328
DM-19239,0.594551
DM-19238,0.23793
DM-19237,0.257578
DM-19236,0.006693
DM-19235,0.130285
DM-19234,0.013849
DM-19233,0.004682
DM-19232,0.00986
DM-19231,0.009936
DM-19230,0.938576
DM-19229,0.038756
DM-19228,0.066085
DM-19227,0.008711
DM-19226,0.982691
DM-19225,0.009559
DM-19224,0.016403
DM-19223,0.008847
DM-19222,0.025957
DM-19221,0.008316
DM-19220,0.013428
DM-19219,0.562898
DM-19218,0.034881
DM-19217,0.963231
DM-19216,0.105211
DM-19215,0.071332
DM-19214,0.436142
DM-19213,0.00659
DM-19212,0.40157
DM-19211,0.878731
DM-19210,0.072374
DM-19209,0.115961
DM-19208,0.83762
DM-19207,0.511717
DM-19206,0.115162
DM-19205,0.034881
DM-19204,0.024423
DM-19203,0.018264
DM-19202,0.118385
DM-19201,0.449151
DM-19200,0.424173
DM-19199,0.428473
DM-19198,0.151028
DM-19197,0.136148
DM-19196,0.144149
DM-19195,0.009413
DM-19194,0.109706
DM-19193,0.014842
DM-19192,0.023871
DM-19191,0.057493
DM-19190,0.205934
DM-19189,0.244724
DM-19188,0.971564
DM-19187,0.816113
DM-19186,0.721351
DM-19185,0.003945
DM-19184,0.19962
DM-19183,0.597373
DM-19182,0.326862
DM-19181,0.293
DM-19180,0.026964
DM-19179,0.082697
DM-19178,0.221014
DM-19177,0.048496
DM-19176,0.065845
DM-19175,0.140336
DM-19174,0.030676
DM-19173,0.027585
DM-19172,0.140336
DM-19171,0.046378
DM-19170,0.036494
DM-19169,0.046378
DM-19168,0.886813
DM-19167,0.938576
DM-19166,0.098079
DM-19165,0.084191
DM-19164,0.498047
DM-19163,0.269326
DM-19162,0.011778
DM-19161,0.012147
DM-19160,0.014504
DM-19159,0.01302
DM-19158,0.014282
DM-19157,0.180395
DM-19156,0.574634
DM-19155,0.122104
DM-19154,0.475605
DM-19153,0.07056
DM-19152,0.032344
DM-19151,0.022803
DM-19150,0.041774
DM-19149,0.143188
DM-19148,0.316066
DM-19147,0.014282
DM-19146,0.062331
DM-19145,0.026557
DM-19144,0.052619
DM-19143,0.04778
DM-19142,0.023871
DM-19141,0.166947
DM-19140,0.083292
DM-19139,0.009055
DM-19138,0.022803
DM-19137,0.037892
DM-19136,0.971129
DM-19135,0.032837
DM-19134,0.029987
DM-19133,0.026557
DM-19132,0.066327
DM-19131,0.305283
DM-19130,0.049589
DM-19129,0.099121
DM-19128,0.026355
DM-19127,0.202128
DM-19126,0.028871
DM-19125,0.026759
DM-19124,0.017045
DM-19123,0.019271
DM-19122,0.03622
DM-19121,0.020804
DM-19120,0.040846
DM-19119,0.018547
DM-19118,0.172172
DM-19117,0.037892
DM-19116,0.118385
DM-19115,0.224395
DM-19114,0.062789
DM-19113,0.051083
DM-19112,0.523907
DM-19111,0.035145
DM-19110,0.023509
DM-19109,0.830594
DM-19108,0.895157
DM-19107,0.023153
DM-19106,0.313525
DM-19105,0.009936
DM-19104,0.281801
DM-19103,0.092688
DM-19102,0.078642
DM-19101,0.149531
DM-19100,0.175256
DM-19099,0.075858
DM-19098,0.026557
DM-19097,0.073165
DM-19096,0.049589
DM-19095,0.082994
DM-19094,0.252016
DM-19093,0.978385
DM-19092,0.029091
DM-19091,0.017177
DM-19090,0.154058
DM-19089,0.086632
DM-19088,0.086323
DM-19087,0.021451
DM-19086,0.029091
DM-19085,0.012241
DM-19084,0.154058
DM-19083,0.086632
DM-19082,0.086323
DM-19081,0.070304
DM-19080,0.029091
DM-19079,0.020964
DM-19078,0.154058
DM-19077,0.086632
DM-19076,0.086323
DM-19075,0.006488
DM-19074,0.070304
DM-19073,0.029091
DM-19072,0.017177
DM-19071,0.166675
DM-19070,0.086632
DM-19069,0.086323
DM-19068,0.021451
DM-19067,0.031619
DM-19066,0.626867
DM-19065,0.708414
DM-19064,0.475118
DM-19063,0.145601
DM-19062,0.143668
DM-19061,0.163179
DM-19060,0.072637
DM-19059,0.116362
DM-19058,0.040238
DM-19057,0.198996
DM-19056,0.068289
DM-19055,0.029091
DM-19054,0.017177
DM-19053,0.166675
DM-19052,0.539711
DM-19051,0.086323
DM-19050,0.021451
DM-19049,0.024238
DM-19048,0.130729
DM-19047,0.026964
DM-19046,0.609757
DM-19045,0.029091
DM-19044,0.020964
DM-19043,0.154058
DM-19042,0.539711
DM-19041,0.086323
DM-19040,0.021451
DM-19039,0.029091
DM-19038,0.017177
DM-19037,0.154058
DM-19036,0.539711
DM-19035,0.086323
DM-19034,0.021451
DM-19033,0.033337
DM-19032,0.011158
DM-19031,0.031144
DM-19030,0.292393
DM-19029,0.941654
DM-19028,0.663233
DM-19027,0.006904
DM-19026,0.080357
DM-19025,0.048137
DM-19024,0.042722
DM-19023,0.044019
DM-19022,0.038178
DM-19021,0.034881
DM-19020,0.403214
DM-19019,0.042722
DM-19018,0.769427
DM-19017,0.668231
DM-19016,0.68742
DM-19015,0.00573
DM-19014,0.062331
DM-19013,0.026557
DM-19012,0.052619
DM-19011,0.417746
DM-19010,0.166947
DM-19009,0.057071
DM-19008,0.022803
DM-19007,0.228156
DM-19006,0.062331
DM-19005,0.026557
DM-19004,0.052619
DM-19003,0.04778
DM-19002,0.166947
DM-19001,0.057071
DM-19000,0.022803
DM-18999,0.557604
DM-18998,0.026557
DM-18997,0.066327
DM-18996,0.018978
DM-18995,0.016029
DM-18994,0.03259
DM-18993,0.037609
DM-18992,0.03622
DM-18991,0.008188
DM-18990,0.031859
DM-18989,0.021615
DM-18988,0.028653
DM-18987,0.026964
DM-18986,0.015664
DM-18985,0.028436
DM-18984,0.020177
DM-18983,0.028871
DM-18982,0.018689
DM-18981,0.06489
DM-18980,0.026557
DM-18979,0.016153
DM-18978,0.03359
DM-18977,0.03622
DM-18976,0.01302
DM-18975,0.037892
DM-18974,0.022457
DM-18973,0.032344
DM-18972,0.027376
DM-18971,0.022286
DM-18970,0.033337
DM-18969,0.019271
DM-18968,0.028871
DM-18967,0.092688
DM-18966,0.021948
DM-18965,0.012241
DM-18964,0.016153
DM-18963,0.01142
DM-18962,0.024054
DM-18961,0.014957
DM-18960,0.024988
DM-18959,0.013325
DM-18958,0.045692
DM-18957,0.007121
DM-18956,0.018978
DM-18955,0.016915
DM-18954,0.018547
DM-18953,0.018547
DM-18952,0.955319
DM-18951,0.032837
DM-18950,0.050331
DM-18949,0.008062
DM-18948,0.048858
DM-18947,0.016785
DM-18946,0.015785
DM-18945,0.115961
DM-18944,0.020177
DM-18943,0.358578
DM-18942,0.94079
DM-18941,0.27474
DM-18940,0.238994
DM-18939,0.862468
DM-18938,0.017045
DM-18937,0.901575
DM-18936,0.087252
DM-18935,0.528777
DM-18934,0.065128
DM-18933,0.024054
DM-18932,0.988131
DM-18931,0.112016
DM-18930,0.078078
DM-18929,0.022457
DM-18928,0.024988
DM-18927,0.114765
DM-18926,0.513181
DM-18925,0.026557
DM-18924,0.014392
DM-18923,0.030676
DM-18922,0.051463
DM-18921,0.926304
DM-18920,0.344443
DM-18919,0.022286
DM-18918,0.231614
DM-18917,0.08819
DM-18916,0.006098
DM-18915,0.007696
DM-18914,0.003945
DM-18913,0.175821
DM-18912,0.032837
DM-18911,0.136608
DM-18910,0.992654
DM-18909,0.948155
DM-18908,0.052231
DM-18907,0.005642
DM-18906,0.007461
DM-18905,0.005302
DM-18904,0.013121
DM-18903,0.975012
DM-18902,0.009486
DM-18901,0.437103
DM-18900,0.061199
DM-18899,0.314893
DM-18898,0.066812
DM-18897,0.978052
DM-18896,0.02976
DM-18895,0.051845
DM-18893,0.044681
DM-18892,0.062331
DM-18891,0.042722
DM-18890,0.013223
DM-18889,0.099121
DM-18888,0.462473
DM-18887,0.073696
DM-18886,0.021615
DM-18885,0.0341
DM-18884,0.005302
DM-18883,0.987946
DM-18882,0.127653
DM-18881,0.043691
DM-18880,0.009126
DM-18879,0.03259
DM-18878,0.01057
DM-18877,0.937669
DM-18876,0.063482
DM-18875,0.017986
DM-18874,0.01292
DM-18873,0.08389
DM-18872,0.632049
DM-18871,0.255529
DM-18870,0.058777
DM-18869,0.043691
DM-18868,0.042404
DM-18867,0.612889
DM-18866,0.688887
DM-18865,0.074231
DM-18864,0.01142
DM-18863,0.030444
DM-18862,0.793746
DM-18861,0.060529
DM-18860,0.103749
DM-18859,0.01057
DM-18858,0.108566
DM-18857,0.375592
DM-18855,0.026156
DM-18854,0.720958
DM-18853,0.080357
DM-18852,0.896976
DM-18851,0.871475
DM-18850,0.844409
DM-18849,0.158174
DM-18848,0.002935
DM-18847,0.31342
DM-18846,0.31342
DM-18845,0.023871
DM-18844,0.015189
DM-18843,0.022286
DM-18842,0.086632
DM-18841,0.121269
DM-18840,0.148047
DM-18839,0.206574
DM-18838,0.020177
DM-18837,0.196826
DM-18836,0.062331
DM-18835,0.373747
DM-18834,0.830594
DM-18833,0.159217
DM-18832,0.834407
DM-18831,0.039639
DM-18830,0.039048
DM-18829,0.769773
DM-18828,0.799442
DM-18827,0.544075
DM-18826,0.074231
DM-18825,0.03359
DM-18824,0.769773
DM-18823,0.978052
DM-18822,0.980581
DM-18821,0.975202
DM-18820,0.971347
DM-18819,0.090414
DM-18818,0.320715
DM-18817,0.109325
DM-18816,0.746509
DM-18815,0.082697
DM-18814,0.069542
DM-18813,0.962953
DM-18812,0.990292
DM-18811,0.951863
DM-18810,0.958538
DM-18809,0.885631
DM-18808,0.859192
DM-18807,0.255715
DM-18806,0.975202
DM-18805,0.910227
DM-18804,0.967656
DM-18803,0.936749
DM-18802,0.736401
DM-18801,0.960952
DM-18800,0.954308
DM-18799,0.890294
DM-18798,0.990732
DM-18797,0.9462
DM-18796,0.928409
DM-18795,0.982151
DM-18794,0.843895
DM-18793,0.63307
DM-18792,0.958538
DM-18791,0.939913
DM-18790,0.773559
DM-18789,0.978875
DM-18788,0.974629
DM-18787,0.978052
DM-18786,0.975577
DM-18785,0.167219
DM-18784,0.931463
DM-18783,0.034619
DM-18782,0.047074
DM-18781,0.004682
DM-18780,0.168583
DM-18779,0.020646
DM-18778,0.989013
DM-18777,0.959762
DM-18776,0.948917
DM-18775,0.982151
DM-18774,0.974629
DM-18773,0.916708
DM-18772,0.97539
DM-18771,0.984811
DM-18770,0.932944
DM-18769,0.977883
DM-18768,0.987179
DM-18767,0.981875
DM-18766,0.9462
DM-18765,0.980876
DM-18764,0.97539
DM-18763,0.983597
DM-18762,0.842863
DM-18761,0.858719
DM-18760,0.338842
DM-18759,0.551332
DM-18758,0.144631
DM-18757,0.875787
DM-18756,0.985043
DM-18755,0.515864
DM-18754,0.014616
DM-18753,0.298287
DM-18752,0.957278
DM-18751,0.030676
DM-18750,0.246171
DM-18749,0.110088
DM-18748,0.002473
DM-18747,0.005642
DM-18746,0.005911
DM-18745,0.019124
DM-18744,0.819893
DM-18743,0.982423
DM-18742,0.042088
DM-18741,0.886027
DM-18740,0.003483
DM-18739,0.739422
DM-18738,0.307982
DM-18737,0.852935
DM-18736,0.047426
DM-18735,0.119203
DM-18734,0.529263
DM-18733,0.089455
DM-18732,0.231962
DM-18731,0.073963
DM-18730,0.123789
DM-18729,0.374962
DM-18728,0.129403
DM-18727,0.272218
DM-18726,0.018125
DM-18725,0.347039
DM-18724,0.293202
DM-18723,0.281603
DM-18722,0.974239
DM-18721,0.579757
DM-18720,0.984336
DM-18719,0.514156
DM-18718,0.492188
DM-18717,0.211091
DM-18716,0.017309
DM-18715,0.095013
DM-18714,0.009126
DM-18713,0.027169
DM-18712,0.050331
DM-18711,0.028871
DM-18710,0.021125
DM-18709,0.029987
DM-18708,0.01057
DM-18707,0.008644
DM-18706,0.009126
DM-18705,0.004332
DM-18704,0.019124
DM-18703,0.008316
DM-18702,0.990441
DM-18701,0.936749
DM-18700,0.982823
DM-18699,0.52829
DM-18698,0.962108
DM-18697,0.035948
DM-18696,0.933431
DM-18695,0.17441
DM-18694,0.037892
DM-18693,0.037892
DM-18692,0.944587
DM-18691,0.015785
DM-18690,0.131619
DM-18689,0.013637
DM-18688,0.764892
DM-18687,0.037047
DM-18686,0.00343
DM-18685,0.009936
DM-18684,0.401805
DM-18683,0.574395
DM-18682,0.122104
DM-18681,0.520496
DM-18680,0.098425
DM-18679,0.071332
DM-18678,0.013532
DM-18677,0.013849
DM-18676,0.359589
DM-18675,0.012241
DM-18674,0.660556
DM-18673,0.298594
DM-18672,0.040846
DM-18671,0.006193
DM-18670,0.00573
DM-18669,0.003273
DM-18668,0.623979
DM-18667,0.803482
DM-18666,0.961244
DM-18665,0.882428
DM-18664,0.004468
DM-18663,0.203075
DM-18662,0.772531
DM-18661,0.002801
DM-18660,0.980876
DM-18659,0.308086
DM-18658,0.974239
DM-18657,0.034619
DM-18656,0.006004
DM-18655,0.246896
DM-18654,0.061199
DM-18653,0.017045
DM-18652,0.004265
DM-18651,0.978385
DM-18650,0.922482
DM-18649,0.764188
DM-18648,0.932453
DM-18647,0.007938
DM-18646,0.937211
DM-18645,0.808974
DM-18644,0.008847
DM-18643,0.012723
DM-18642,0.022803
DM-18641,0.038466
DM-18640,0.009268
DM-18639,0.08882
DM-18638,0.021615
DM-18637,0.006388
DM-18636,0.144631
DM-18635,0.038466
DM-18634,0.990441
DM-18633,0.00659
DM-18632,0.179243
DM-18631,0.932453
DM-18630,0.063251
DM-18629,0.737536
DM-18628,0.051083
DM-18627,0.018833
DM-18626,0.26588
DM-18625,0.09947
DM-18624,0.213705
DM-18623,0.235812
DM-18622,0.789558
DM-18621,0.003824
DM-18620,0.132515
DM-18619,0.052619
DM-18618,0.035411
DM-18617,0.079782
DM-18616,0.009126
DM-18615,0.023871
DM-18614,0.007012
DM-18613,0.004468
DM-18612,0.014842
DM-18611,0.147801
DM-18610,0.944995
DM-18609,0.521715
DM-18608,0.701304
DM-18606,0.702734
DM-18605,0.006798
DM-18604,0.070049
DM-18603,0.014172
DM-18602,0.022629
DM-18601,0.061424
DM-18600,0.076132
DM-18599,0.008188
DM-18598,0.049959
DM-18597,0.557002
DM-18596,0.051083
DM-18595,0.021615
DM-18594,0.917303
DM-18593,0.007346
DM-18592,0.551574
DM-18591,0.00582
DM-18590,0.923592
DM-18589,0.069289
DM-18588,0.071074
DM-18587,0.047426
DM-18586,0.4206
DM-18585,0.026964
DM-18584,0.004982
DM-18583,0.041774
DM-18582,0.009559
DM-18581,0.061424
DM-18580,0.210442
DM-18579,0.185357
DM-18578,0.96741
DM-18577,0.065845
DM-18576,0.044681
DM-18575,0.309754
DM-18574,0.004755
DM-18573,0.007577
DM-18572,0.827271
DM-18571,0.132066
DM-18570,0.942082
DM-18569,0.048496
DM-18568,0.979977
DM-18567,0.450118
DM-18566,0.054199
DM-18565,0.014729
DM-18564,0.887205
DM-18563,0.228845
DM-18562,0.045692
DM-18561,0.115561
DM-18560,0.004265
DM-18559,0.025957
DM-18558,0.006004
DM-18557,0.004538
DM-18556,0.127653
DM-18555,0.959762
DM-18554,0.005469
DM-18553,0.022629
DM-18552,0.131173
DM-18551,0.010902
DM-18550,0.91611
DM-18549,0.977371
DM-18548,0.021287
DM-18547,0.874077
DM-18546,0.017712
DM-18545,0.415966
DM-18544,0.690663
DM-18543,0.173009
DM-18542,0.069289
DM-18541,0.015425
DM-18540,0.042088
DM-18539,0.991554
DM-18538,0.715026
DM-18537,0.020177
DM-18536,0.026964
DM-18535,0.977714
DM-18534,0.91611
DM-18533,0.113187
DM-18532,0.012821
DM-18531,0.06489
DM-18530,0.69368
DM-18529,0.343892
DM-18528,0.010987
DM-18527,0.034359
DM-18526,0.020332
DM-18525,0.195594
DM-18524,0.026759
DM-18523,0.041774
DM-18522,0.778986
DM-18521,0.971779
DM-18520,0.046378
DM-18519,0.781997
DM-18518,0.022286
DM-18517,0.009708
DM-18516,0.011072
DM-18515,0.057071
DM-18514,0.202759
DM-18513,0.045016
DM-18512,0.972415
DM-18511,0.188623
DM-18510,0.969091
DM-18509,0.109706
DM-18508,0.054601
DM-18507,0.064653
DM-18506,0.707203
DM-18505,0.383872
DM-18504,0.004332
DM-18503,0.015189
DM-18502,0.011158
DM-18501,0.051083
DM-18500,0.500488
DM-18499,0.980729
DM-18498,0.987568
DM-18497,0.006488
DM-18496,0.014842
DM-18495,0.075041
DM-18494,0.917303
DM-18493,0.032837
DM-18492,0.03138
DM-18491,0.00573
DM-18490,0.012821
DM-18489,0.004199
DM-18488,0.014064
DM-18487,0.077797
DM-18486,0.477554
DM-18485,0.008316
DM-18484,0.577972
DM-18483,0.080357
DM-18463,0.81582
DM-18458,0.086323
DM-18457,0.477067
DM-18456,0.030676
DM-18455,0.115961
DM-18454,0.064653
DM-18453,0.079782
DM-18452,0.586286
DM-18451,0.024238
DM-18450,0.812867
DM-18449,0.781997
DM-18448,0.061199
DM-18447,0.00573
DM-18446,0.400867
DM-18445,0.213377
DM-18444,0.662796
DM-18443,0.726426
DM-18442,0.566378
DM-18441,0.755637
DM-18440,0.127218
DM-18439,0.085404
DM-18438,0.026156
DM-18437,0.710025
DM-18436,0.974043
DM-18435,0.908618
DM-18434,0.04778
DM-18433,0.112405
DM-18432,0.021948
DM-18431,0.879561
DM-18430,0.043691
DM-18429,0.004134
DM-18428,0.889144
DM-18427,0.191933
DM-18426,0.971129
DM-18425,0.065366
DM-18424,0.035948
DM-18423,0.020964
DM-18422,0.046725
DM-18421,0.05301
DM-18420,0.90764
DM-18419,0.181553
DM-18418,0.080357
DM-18417,0.030444
DM-18416,0.52683
DM-18415,0.07343
DM-18414,0.156362
DM-18413,0.005469
DM-18412,0.619874
DM-18411,0.666062
DM-18410,0.27474
DM-18409,0.005385
DM-18408,0.088505
DM-18407,0.241132
DM-18406,0.730674
DM-18405,0.964855
DM-18404,0.00659
DM-18403,0.002801
DM-18402,0.044349
DM-18401,0.7413
DM-18400,0.013121
DM-18399,0.044681
DM-18398,0.057918
DM-18397,0.069795
DM-18396,0.981453
DM-18395,0.167219
DM-18394,0.007121
DM-18393,0.688259
DM-18392,0.371821
DM-18391,0.405449
DM-18390,0.718989
DM-18389,0.021287
DM-18388,0.026156
DM-18387,0.61659
DM-18386,0.013956
DM-18385,0.012241
DM-18384,0.059647
DM-18383,0.012241
DM-18382,0.116764
DM-18381,0.645399
DM-18380,0.147555
DM-18379,0.082402
DM-18378,0.979823
DM-18377,0.045353
DM-18376,0.109325
DM-18375,0.114369
DM-18374,0.045016
DM-18373,0.006904
DM-18372,0.008062
DM-18371,0.513912
DM-18370,0.205615
DM-18369,0.0729
DM-18368,0.027376
DM-18367,0.937211
DM-18366,0.541894
DM-18365,0.971564
DM-18364,0.696578
DM-18363,0.034619
DM-18362,0.340266
DM-18361,0.048496
DM-18360,0.065128
DM-18359,0.051463
DM-18358,0.056236
DM-18357,0.467818
DM-18356,0.408985
DM-18355,0.438785
DM-18354,0.004199
DM-18353,0.509764
DM-18352,0.270191
DM-18351,0.111241
DM-18350,0.021948
DM-18349,0.003824
DM-18348,0.050331
DM-18347,0.013532
DM-18346,0.025565
DM-18345,0.004468
DM-18344,0.900879
DM-18343,0.013956
DM-18342,0.044019
DM-18341,0.969785
DM-18340,0.044019
DM-18339,0.010987
DM-18338,0.07921
DM-18337,0.244003
DM-18336,0.049222
DM-18335,0.309441
DM-18334,0.653569
DM-18333,0.907967
DM-18332,0.016785
DM-18331,0.114369
DM-18330,0.319121
DM-18329,0.017309
DM-18328,0.073696
DM-18327,0.073165
DM-18326,0.466116
DM-18325,0.792785
DM-18324,0.020332
DM-18323,0.105211
DM-18322,0.97649
DM-18321,0.342352
DM-18320,0.137996
DM-18319,0.959154
DM-18318,0.107063
DM-18317,0.010902
DM-18316,0.008446
DM-18315,0.792785
DM-18314,0.012147
DM-18313,0.024238
DM-18312,0.089773
DM-18311,0.323273
DM-18310,0.279042
DM-18309,0.564819
DM-18308,0.041774
DM-18307,0.577019
DM-18306,0.976129
DM-18305,0.105948
DM-18304,0.495606
DM-18303,0.962108
DM-18302,0.008985
DM-18301,0.048858
DM-18300,0.022803
DM-18299,0.020332
DM-18298,0.429429
DM-18297,0.957596
DM-18295,0.107813
DM-18294,0.993996
DM-18293,0.017849
DM-18292,0.029535
DM-18291,0.078642
DM-18290,0.356335
DM-18289,0.970465
DM-18288,0.41182
DM-18287,0.953622
DM-18286,0.686055
DM-18284,0.935346
DM-18283,0.072637
DM-18282,0.145115
DM-18281,0.852935
DM-18280,0.16398
DM-18279,0.46636
DM-18278,0.08152
DM-18277,0.894052
DM-18276,0.031144
DM-18275,0.249813
DM-18274,0.417509
DM-18273,0.850469
DM-18272,0.186243
DM-18271,0.796292
DM-18270,0.062103
DM-18269,0.969324
DM-18268,0.018125
DM-18267,0.034619
DM-18266,0.031859
DM-18265,0.045016
DM-18264,0.053403
DM-18263,0.024988
DM-18262,0.589598
DM-18261,0.976669
DM-18260,0.755637
DM-18259,0.036769
DM-18258,0.131173
DM-18257,0.018547
DM-18256,0.03622
DM-18255,0.741674
DM-18254,0.260389
DM-18253,0.927888
DM-18252,0.194368
DM-18251,0.11358
DM-18250,0.080357
DM-18249,0.969324
DM-18248,0.063715
DM-18247,0.07836
DM-18246,0.069795
DM-18245,0.07056
DM-18244,0.033337
DM-18243,0.037609
DM-18242,0.023331
DM-18241,0.289372
DM-18240,0.011508
DM-18239,0.122944
DM-18238,0.638469
DM-18237,0.990587
DM-18236,0.702734
DM-18235,0.967899
DM-18234,0.967163
DM-18233,0.208501
DM-18232,0.214034
DM-18231,0.011158
DM-18230,0.00573
DM-18229,0.008446
DM-18228,0.005555
DM-18227,0.006193
DM-18226,0.029535
DM-18225,0.004755
DM-18224,0.003483
DM-18223,0.010489
DM-18222,0.004134
DM-18221,0.007346
DM-18220,0.008847
DM-18219,0.012528
DM-18218,0.00514
DM-18217,0.007696
DM-18216,0.006098
DM-18215,0.014957
DM-18214,0.010818
DM-18213,0.004905
DM-18212,0.006693
DM-18211,0.763484
DM-18210,0.237046
DM-18209,0.03622
DM-18208,0.817574
DM-18207,0.009708
DM-18206,0.873215
DM-18205,0.049222
DM-18204,0.968141
DM-18203,0.007012
DM-18202,0.941654
DM-18201,0.612078
DM-18200,0.203075
DM-18199,0.961822
DM-18198,0.029091
DM-18197,0.072112
DM-18196,0.006388
DM-18195,0.958847
DM-18194,0.672869
DM-18193,0.983847
DM-18192,0.210442
DM-18191,0.982423
DM-18190,0.976129
DM-18189,0.02461
DM-18188,0.590425
DM-18187,0.76769
DM-18186,0.096365
DM-18185,0.018547
DM-18184,0.581897
DM-18183,0.27513
DM-18182,0.9462
DM-18181,0.876634
DM-18180,0.028653
DM-18179,0.027169
DM-18178,0.028871
DM-18177,0.024054
DM-18176,0.07836
DM-18175,0.854399
DM-18174,0.003884
DM-18173,0.467332
DM-18172,0.096706
DM-18171,0.076408
DM-18170,0.135232
DM-18169,0.036494
DM-18168,0.023871
DM-18167,0.007938
DM-18166,0.97649
DM-18165,0.7773
DM-18164,0.934395
DM-18163,0.033844
DM-18162,0.023153
DM-18161,0.849472
DM-18160,0.070049
DM-18159,0.668772
DM-18158,0.120853
DM-18157,0.076408
DM-18156,0.022803
DM-18155,0.007696
DM-18154,0.055413
DM-18153,0.013325
DM-18152,0.591487
DM-18151,0.015425
DM-18150,0.007816
DM-18149,0.786623
DM-18148,0.064653
DM-18147,0.100525
DM-18146,0.903635
DM-18145,0.058561
DM-18144,0.039343
DM-18143,0.224735
DM-18142,0.04778
DM-18141,0.033844
DM-18140,0.197135
DM-18139,0.030909
DM-18138,0.272218
DM-18137,0.066327
DM-18136,0.02461
DM-18135,0.035411
DM-18134,0.326003
DM-18133,0.139866
DM-18132,0.012432
DM-18131,0.869271
DM-18130,0.026964
DM-18129,0.964321
DM-18128,0.291485
DM-18127,0.868827
DM-18126,0.201499
DM-18125,0.057493
DM-18124,0.030215
DM-18123,0.017986
DM-18122,0.045692
DM-18121,0.09947
DM-18120,0.033337
DM-18119,0.05921
DM-18118,0.295433
DM-18117,0.20466
DM-18116,0.005642
DM-18115,0.024423
DM-18114,0.763836
DM-18113,0.00483
DM-18112,0.189221
DM-18111,0.022286
DM-18110,0.912436
DM-18109,0.03138
DM-18108,0.65946
DM-18107,0.009197
DM-18106,0.836555
DM-18105,0.049959
DM-18104,0.02976
DM-18103,0.955319
DM-18102,0.009634
DM-18101,0.797241
DM-18100,0.032837
DM-18099,0.097048
DM-18098,0.04778
DM-18097,0.033844
DM-18096,0.012432
DM-18095,0.042088
DM-18094,0.023871
DM-18093,0.023153
DM-18092,0.015906
DM-18091,0.018125
DM-18090,0.011687
DM-18089,0.256459
DM-18088,0.061424
DM-18087,0.045016
DM-18086,0.104477
DM-18085,0.023153
DM-18084,0.031859
DM-18083,0.010735
DM-18082,0.012432
DM-18081,0.017712
DM-18080,0.021948
DM-18079,0.038466
DM-18078,0.189821
DM-18077,0.039639
DM-18076,0.041462
DM-18075,0.013637
DM-18074,0.013428
DM-18073,0.03622
DM-18072,0.029091
DM-18071,0.073963
DM-18070,0.081228
DM-18069,0.030909
DM-18068,0.445771
DM-18067,0.297368
DM-18066,0.027796
DM-18065,0.007346
DM-18064,0.051463
DM-18063,0.160266
DM-18062,0.034881
DM-18061,0.02976
DM-18060,0.848972
DM-18059,0.915507
DM-18058,0.237222
DM-18057,0.944587
DM-18056,0.970013
DM-18055,0.973037
DM-18054,0.941223
DM-18053,0.598782
DM-18052,0.089773
DM-18051,0.260389
DM-18050,0.422028
DM-18049,0.022457
DM-18048,0.023689
DM-18047,0.007816
DM-18046,0.025565
DM-18045,0.066327
DM-18044,0.028653
DM-18043,0.727975
DM-18042,0.130729
DM-18041,0.123789
DM-18040,0.007121
DM-18039,0.039639
DM-18038,0.904313
DM-18037,0.930962
DM-18036,0.062103
DM-18035,0.008316
DM-18034,0.372619
DM-18033,0.011508
DM-18032,0.245447
DM-18031,0.234231
DM-18030,0.691601
DM-18029,0.033337
DM-18028,0.037609
DM-18027,0.834407
DM-18026,0.024798
DM-18025,0.016915
DM-18024,0.152537
DM-18023,0.146575
DM-18022,0.005302
DM-18021,0.200871
DM-18020,0.964321
DM-18019,0.039343
DM-18018,0.008847
DM-18017,0.022977
DM-18016,0.028221
DM-18015,0.018689
DM-18014,0.024238
DM-18013,0.021781
DM-18012,0.122104
DM-18011,0.101233
DM-18010,0.939471
DM-18009,0.107063
DM-18008,0.832781
DM-18007,0.827828
DM-18006,0.92523
DM-18005,0.891434
DM-18004,0.982823
DM-18003,0.553023
DM-18002,0.947769
DM-18001,0.015906
DM-18000,0.978385
DM-17999,0.903635
DM-17998,0.157655
DM-17997,0.879561
DM-17995,0.023871
DM-17994,0.124639
DM-17993,0.959154
DM-17992,0.355747
DM-17991,0.047426
DM-17990,0.117978
DM-17989,0.076684
DM-17988,0.183887
DM-17987,0.012147
DM-17986,0.045016
DM-17985,0.017045
DM-17984,0.812272
DM-17983,0.970013
DM-17982,0.913677
DM-17981,0.986777
DM-17980,0.984336
DM-17979,0.865679
DM-17978,0.006798
DM-17977,0.185947
DM-17976,0.072112
DM-17975,0.069542
DM-17974,0.087252
DM-17973,0.651909
DM-17972,0.06256
DM-17971,0.052231
DM-17970,0.025761
DM-17969,0.372619
DM-17968,0.012054
DM-17967,0.136608
DM-17966,0.151529
DM-17965,0.545891
DM-17964,0.915507
DM-17963,0.016657
DM-17962,0.030676
DM-17961,0.626581
DM-17960,0.183594
DM-17959,0.066569
DM-17958,0.97539
DM-17957,0.100525
DM-17956,0.096365
DM-17955,0.057071
DM-17954,0.440951
DM-17953,0.150029
DM-17952,0.970688
DM-17951,0.613627
DM-17950,0.812272
DM-17949,0.973844
DM-17948,0.006004
DM-17947,0.056029
DM-17946,0.008316
DM-17945,0.013121
DM-17944,0.014392
DM-17943,0.087876
DM-17942,0.134776
DM-17941,0.366987
DM-17940,0.022117
DM-17939,0.025761
DM-17938,0.010328
DM-17937,0.941654
DM-17936,0.851953
DM-17935,0.00506
DM-17934,0.006488
DM-17933,0.863392
DM-17932,0.012054
DM-17931,0.012241
DM-17930,0.244003
DM-17929,0.816406
DM-17928,0.024988
DM-17927,0.014842
DM-17926,0.009708
DM-17925,0.012147
DM-17924,0.027169
DM-17923,0.464416
DM-17922,0.00573
DM-17921,0.004007
DM-17920,0.761006
DM-17919,0.281307
DM-17918,0.013532
DM-17917,0.046034
DM-17916,0.031859
DM-17915,0.035679
DM-17914,0.00483
DM-17913,0.710427
DM-17912,0.003483
DM-17911,0.124639
DM-17910,0.004199
DM-17909,0.221687
DM-17908,0.019124
DM-17907,0.950041
DM-17906,0.012723
DM-17905,0.028008
DM-17904,0.049959
DM-17903,0.006488
DM-17902,0.220678
DM-17901,0.205934
DM-17900,0.223038
DM-17899,0.185357
DM-17898,0.20466
DM-17897,0.234056
DM-17896,0.244724
DM-17895,0.139866
DM-17894,0.327991
DM-17893,0.143668
DM-17892,0.043691
DM-17891,0.27048
DM-17890,0.073165
DM-17889,0.141281
DM-17888,0.938576
DM-17887,0.620334
DM-17886,0.510252
DM-17885,0.986777
DM-17884,0.00573
DM-17883,0.033337
DM-17882,0.30819
DM-17881,0.01653
DM-17880,0.031859
DM-17879,0.007012
DM-17878,0.019569
DM-17877,0.013637
DM-17876,0.422743
DM-17875,0.725649
DM-17874,0.814053
DM-17873,0.046725
DM-17872,0.004755
DM-17871,0.006693
DM-17870,0.670527
DM-17869,0.141756
DM-17868,0.085404
DM-17867,0.969324
DM-17866,0.91611
DM-17865,0.96378
DM-17864,0.189521
DM-17863,0.011961
DM-17862,0.004332
DM-17861,0.955319
DM-17860,0.016915
DM-17859,0.010489
DM-17858,0.97024
DM-17857,0.01017
DM-17856,0.206894
DM-17855,0.628094
DM-17854,0.009559
DM-17853,0.013532
DM-17852,0.11358
DM-17851,0.428233
DM-17850,0.026964
DM-17849,0.09739
DM-17848,0.205934
DM-17847,0.117572
DM-17846,0.025371
DM-17845,0.00365
DM-17844,0.969091
DM-17843,0.018264
DM-17842,0.048858
DM-17841,0.432782
DM-17840,0.733356
DM-17839,0.938124
DM-17838,0.932453
DM-17837,0.007012
DM-17836,0.019569
DM-17835,0.126353
DM-17834,0.026759
DM-17833,0.915507
DM-17832,0.063019
DM-17831,0.060975
DM-17830,0.014957
DM-17829,0.879561
DM-17828,0.030215
DM-17827,0.025179
DM-17826,0.024423
DM-17825,0.011332
DM-17824,0.062789
DM-17823,0.013742
DM-17822,0.625552
DM-17821,0.910863
DM-17820,0.27048
DM-17819,0.080357
DM-17818,0.936285
DM-17817,0.957912
DM-17816,0.949669
DM-17815,0.035679
DM-17814,0.956957
DM-17813,0.981595
DM-17812,0.981453
DM-17811,0.707405
DM-17810,0.046725
DM-17796,0.011961
DM-17795,0.375649
DM-17794,0.025565
DM-17793,0.825027
DM-17792,0.101589
DM-17791,0.856812
DM-17790,0.083292
DM-17789,0.167763
DM-17788,0.121269
DM-17787,0.325092
DM-17786,0.343342
DM-17785,0.143188
DM-17784,0.394784
DM-17783,0.648035
DM-17782,0.104843
DM-17781,0.006098
DM-17780,0.006004
DM-17779,0.595257
DM-17778,0.174973
DM-17777,0.457621
DM-17776,0.016785
DM-17775,0.212722
DM-17774,0.004982
DM-17773,0.990587
DM-17772,0.004332
DM-17771,0.007696
DM-17770,0.006004
DM-17769,0.007233
DM-17768,0.053403
DM-17767,0.119203
DM-17766,0.004682
DM-17765,0.118385
DM-17764,0.610337
DM-17763,0.036769
DM-17762,0.013637
DM-17761,0.012432
DM-17760,0.025371
DM-17759,0.637158
DM-17758,0.291687
DM-17757,0.006388
DM-17756,0.720565
DM-17755,0.966663
DM-17754,0.774583
DM-17753,0.926835
DM-17752,0.007816
DM-17751,0.285571
DM-17750,0.517815
DM-17749,0.483892
DM-17748,0.052619
DM-17747,0.077797
DM-17746,0.02461
DM-17745,0.925769
DM-17744,0.089455
DM-17743,0.032344
DM-17742,0.968381
DM-17741,0.006798
DM-17740,0.011508
DM-17739,0.007012
DM-17738,0.072637
DM-17737,0.009413
DM-17736,0.038178
DM-17735,0.894421
DM-17734,0.226099
DM-17733,0.176104
DM-17732,0.151529
DM-17731,0.018405
DM-17730,0.059866
DM-17729,0.966156
DM-17728,0.369713
DM-17727,0.978219
DM-17726,0.046034
DM-17725,0.978219
DM-17724,0.880797
DM-17723,0.694303
DM-17722,0.2227
DM-17721,0.006193
DM-17720,0.056236
DM-17719,0.380184
DM-17718,0.050705
DM-17717,0.037327
DM-17716,0.140808
DM-17715,0.128963
DM-17714,0.059866
DM-17713,0.037327
DM-17712,0.532425
DM-17711,0.970465
DM-17710,0.92523
DM-17709,0.183009
DM-17708,0.891811
DM-17707,0.200245
DM-17706,0.530236
DM-17705,0.929951
DM-17704,0.035411
DM-17703,0.983343
DM-17702,0.956957
DM-17701,0.066085
DM-17700,0.234056
DM-17699,0.006004
DM-17698,0.013532
DM-17697,0.028653
DM-17696,0.052231
DM-17695,0.077239
DM-17694,0.265499
DM-17693,0.370168
DM-17692,0.069038
DM-17691,0.030909
DM-17690,0.017442
DM-17689,0.120026
DM-17688,0.938124
DM-17687,0.060087
DM-17686,0.080069
DM-17685,0.031144
DM-17684,0.220342
DM-17683,0.007938
DM-17682,0.027376
DM-17681,0.009055
DM-17680,0.094678
DM-17679,0.00506
DM-17678,0.080937
DM-17677,0.072374
DM-17676,0.069795
DM-17675,0.012054
DM-17674,0.921922
DM-17673,0.320077
DM-17672,0.049222
DM-17671,0.144149
DM-17670,0.039343
DM-17669,0.911495
DM-17668,0.0729
DM-17667,0.618723
DM-17666,0.094678
DM-17665,0.651687
DM-17664,0.034619
DM-17663,0.197135
DM-17662,0.008644
DM-17661,0.005911
DM-17660,0.29209
DM-17659,0.008644
DM-17658,0.027169
DM-17657,0.613294
DM-17656,0.104112
DM-17655,0.165593
DM-17654,0.318909
DM-17653,0.048496
DM-17652,0.928409
DM-17651,0.180395
DM-17650,0.004538
DM-17649,0.042722
DM-17648,0.020804
DM-17647,0.803791
DM-17646,0.071074
DM-17645,0.96641
DM-17644,0.009708
DM-17643,0.048496
DM-17642,0.089773
DM-17641,0.100879
DM-17640,0.883638
DM-17639,0.959459
DM-17638,0.895888
DM-17637,0.084493
DM-17636,0.054199
DM-17635,0.204342
DM-17634,0.043043
DM-17633,0.193147
DM-17632,0.234757
DM-17631,0.198064
DM-17630,0.132964
DM-17629,0.755637
DM-17628,0.94079
DM-17627,0.289975
DM-17626,0.01653
DM-17625,0.270673
DM-17624,0.017177
DM-17623,0.043043
DM-17622,0.170508
DM-17621,0.322419
DM-17620,0.062789
DM-17619,0.014172
DM-17618,0.13707
DM-17617,0.672654
DM-17616,0.060308
DM-17615,0.01653
DM-17614,0.021451
DM-17613,0.035948
DM-17612,0.274351
DM-17611,0.077518
DM-17610,0.112795
DM-17609,0.220678
DM-17608,0.226784
DM-17607,0.92944
DM-17606,0.022457
DM-17605,0.061424
DM-17604,0.039048
DM-17603,0.964321
DM-17602,0.545286
DM-17601,0.936285
DM-17600,0.013637
DM-17599,0.933431
DM-17598,0.938576
DM-17597,0.613873
DM-17596,0.147065
DM-17595,0.923592
DM-17594,0.019871
DM-17593,0.041462
DM-17592,0.0538
DM-17591,0.965381
DM-17590,0.362179
DM-17589,0.510008
DM-17588,0.043043
DM-17587,0.044681
DM-17586,0.383526
DM-17585,0.004399
DM-17584,0.888759
DM-17583,0.430985
DM-17582,0.816991
DM-17581,0.874077
DM-17580,0.008062
DM-17579,0.012241
DM-17578,0.010328
DM-17577,0.026156
DM-17576,0.132964
DM-17575,0.032101
DM-17574,0.26971
DM-17573,0.114765
DM-17572,0.040541
DM-17571,0.046725
DM-17570,0.939025
DM-17569,0.265499
DM-17568,0.982691
DM-17567,0.982423
DM-17566,0.532182
DM-17565,0.197754
DM-17564,0.432183
DM-17563,0.01057
DM-17562,0.006098
DM-17561,0.7413
DM-17560,0.055823
DM-17559,0.238639
DM-17558,0.055005
DM-17557,0.03138
DM-17556,0.922482
DM-17555,0.021948
DM-17554,0.013956
DM-17553,0.97631
DM-17552,0.018125
DM-17551,0.013428
DM-17550,0.034619
DM-17549,0.023153
DM-17548,0.050331
DM-17547,0.13569
DM-17546,0.289573
DM-17545,0.00461
DM-17544,0.004265
DM-17543,0.758511
DM-17542,0.085099
DM-17541,0.867934
DM-17540,0.011158
DM-17539,0.828939
DM-17538,0.148541
DM-17537,0.014616
DM-17536,0.049589
DM-17535,0.004134
DM-17534,0.736401
DM-17533,0.070816
DM-17532,0.395601
DM-17531,0.315736
DM-17530,0.021287
DM-17529,0.004905
DM-17528,0.084493
DM-17527,0.021287
DM-17526,0.056029
DM-17525,0.629476
DM-17524,0.167491
DM-17523,0.00514
DM-17522,0.640105
DM-17521,0.01302
DM-17520,0.007816
DM-17519,0.039048
DM-17518,0.016403
DM-17517,0.016657
DM-17516,0.505371
DM-17515,0.085404
DM-17514,0.038756
DM-17513,0.232659
DM-17512,0.184473
DM-17511,0.555556
DM-17510,0.013742
DM-17509,0.03138
DM-17508,0.897336
DM-17507,0.899828
DM-17506,0.046034
DM-17505,0.015073
DM-17504,0.010902
DM-17503,0.055823
DM-17502,0.06256
DM-17501,0.025761
DM-17500,0.154058
DM-17499,0.011332
DM-17498,0.395134
DM-17497,0.007233
DM-17496,0.045692
DM-17495,0.012336
DM-17494,0.055823
DM-17493,0.229708
DM-17492,0.013121
DM-17491,0.980431
DM-17490,0.105948
DM-17489,0.984215
DM-17488,0.338569
DM-17487,0.01653
DM-17486,0.01653
DM-17485,0.01653
DM-17484,0.01653
DM-17483,0.01653
DM-17482,0.01653
DM-17481,0.01653
DM-17480,0.003824
DM-17479,0.012336
DM-17478,0.607896
DM-17477,0.018547
DM-17476,0.072374
DM-17475,0.025957
DM-17474,0.020177
DM-17473,0.390011
DM-17472,0.404272
DM-17471,0.110471
DM-17470,0.382141
DM-17469,0.878731
DM-17468,0.96378
DM-17467,0.100525
DM-17466,0.024798
DM-17465,0.966914
DM-17464,0.132964
DM-17463,0.132066
DM-17462,0.154312
DM-17461,0.755997
DM-17460,0.013428
DM-17459,0.010818
DM-17458,0.010328
DM-17457,0.086942
DM-17456,0.625767
DM-17455,0.007461
DM-17454,0.003222
DM-17453,0.4436
DM-17452,0.00582
DM-17451,0.004982
DM-17450,0.05921
DM-17449,0.011869
DM-17448,0.284675
DM-17447,0.006388
DM-17446,0.002801
DM-17445,0.826151
DM-17444,0.008446
DM-17443,0.477067
DM-17442,0.978875
DM-17441,0.9462
DM-17440,0.814643
DM-17439,0.805326
DM-17438,0.007233
DM-17437,0.286369
DM-17436,0.352209
DM-17435,0.408041
DM-17434,0.398641
DM-17433,0.077797
DM-17432,0.298185
DM-17431,0.030909
DM-17430,0.158956
DM-17429,0.020646
DM-17428,0.01302
DM-17427,0.882833
DM-17426,0.011869
DM-17425,0.487307
DM-17424,0.214034
DM-17423,0.123366
DM-17422,0.024238
DM-17421,0.119614
DM-17420,0.018264
DM-17419,0.255715
DM-17418,0.773216
DM-17417,0.039048
DM-17416,0.014282
DM-17415,0.052619
DM-17414,0.061424
DM-17413,0.013956
DM-17412,0.231962
DM-17411,0.917303
DM-17410,0.330795
DM-17409,0.00659
DM-17408,0.923039
DM-17407,0.57069
DM-17406,0.896976
DM-17405,0.302391
DM-17404,0.326701
DM-17403,0.68784
DM-17402,0.010408
DM-17401,0.02461
DM-17400,0.022803
DM-17399,0.008711
DM-17398,0.019124
DM-17397,0.030909
DM-17396,0.125923
DM-17395,0.010091
DM-17394,0.017309
DM-17393,0.03622
DM-17392,0.846451
DM-17391,0.96378
DM-17390,0.009413
DM-17389,0.014064
DM-17388,0.086323
DM-17387,0.041153
DM-17386,0.028008
DM-17385,0.343452
DM-17384,0.01653
DM-17383,0.102664
DM-17382,0.027585
DM-17381,0.027376
DM-17380,0.958847
DM-17379,0.093347
DM-17378,0.243642
DM-17377,0.229881
DM-17376,0.021781
DM-17375,0.282295
DM-17374,0.098773
DM-17373,0.206254
DM-17372,0.917893
DM-17371,0.938576
DM-17370,0.040541
DM-17369,0.023689
DM-17368,0.277669
DM-17367,0.161849
DM-17366,0.394901
DM-17364,0.126353
DM-17356,0.854399
DM-17351,0.040541
DM-17350,0.033337
DM-17349,0.513668
DM-17348,0.490236
DM-17347,0.067301
DM-17346,0.114765
DM-17345,0.190724
DM-17344,0.132515
DM-17343,0.180395
DM-17342,0.016153
DM-17341,0.076961
DM-17340,0.083591
DM-17338,0.020804
DM-17337,0.035411
DM-17336,0.322366
DM-17335,0.067547
DM-17334,0.012625
DM-17333,0.282394
DM-17332,0.178097
DM-17331,0.07056
DM-17330,0.028653
DM-17329,0.184768
DM-17328,0.111241
DM-17327,0.976669
DM-17326,0.672439
DM-17325,0.191328
DM-17324,0.122944
DM-17323,0.061424
DM-17322,0.30054
DM-17321,0.969091
DM-17320,0.966156
DM-17319,0.977543
DM-17318,0.041462
DM-17317,0.92523
DM-17316,0.035948
DM-17315,0.026557
DM-17314,0.123789
DM-17313,0.027169
DM-17312,0.829492
DM-17311,0.602179
DM-17310,0.912436
DM-17309,0.140808
DM-17308,0.844922
DM-17307,0.035679
DM-17306,0.434941
DM-17305,0.056862
DM-17304,0.024054
DM-17303,0.418103
DM-17302,0.924688
DM-17301,0.482429
DM-17300,0.012147
DM-17299,0.146087
DM-17298,0.036494
DM-17297,0.075858
DM-17296,0.019419
DM-17295,0.895157
DM-17294,0.022117
DM-17293,0.073696
DM-17292,0.065845
DM-17291,0.040846
DM-17290,0.039937
DM-17289,0.027376
DM-17288,0.226784
DM-17287,0.689515
DM-17286,0.673406
DM-17285,0.107813
DM-17284,0.026355
DM-17283,0.01142
DM-17282,0.961534
DM-17281,0.246896
DM-17280,0.442877
DM-17279,0.060087
DM-17278,0.018405
DM-17277,0.687
DM-17276,0.97024
DM-17275,0.021615
DM-17274,0.008644
DM-17273,0.02461
DM-17272,0.92944
DM-17271,0.042088
DM-17270,0.146575
DM-17269,0.883638
DM-17268,0.079496
DM-17267,0.010408
DM-17266,0.020023
DM-17265,0.004199
DM-17264,0.972623
DM-17263,0.047426
DM-17262,0.848471
DM-17261,0.425844
DM-17260,0.901921
DM-17259,0.914901
DM-17258,0.010249
DM-17257,0.4206
DM-17256,0.448909
DM-17255,0.025179
DM-17254,0.031619
DM-17253,0.011778
DM-17252,0.373876
DM-17251,0.792464
DM-17250,0.018833
DM-17249,0.257765
DM-17248,0.84338
DM-17247,0.005642
DM-17246,0.886027
DM-17245,0.0745
DM-17244,0.029535
DM-17243,0.018547
DM-17242,0.080357
DM-17241,0.015664
DM-17240,0.014729
DM-17239,0.032837
DM-17238,0.018547
DM-17237,0.020332
DM-17236,0.085099
DM-17235,0.634996
DM-17234,0.57081
DM-17233,0.708213
DM-17232,0.966914
DM-17231,0.041153
DM-17230,0.055005
DM-17229,0.309024
DM-17228,0.741674
DM-17227,0.68658
DM-17226,0.012528
DM-17224,0.146087
DM-17223,0.226441
DM-17222,0.025371
DM-17221,0.258513
DM-17220,0.024988
DM-17219,0.471953
DM-17218,0.610047
DM-17217,0.035145
DM-17216,0.013849
DM-17215,0.926304
DM-17214,0.036769
DM-17213,0.031619
DM-17212,0.03622
DM-17211,0.518059
DM-17210,0.433742
DM-17209,0.058346
DM-17207,0.844409
DM-17206,0.508788
DM-17205,0.006798
DM-17204,0.006488
DM-17202,0.256087
DM-17201,0.084795
DM-17200,0.851459
DM-17199,0.31384
DM-17198,0.985496
DM-17197,0.147065
DM-17196,0.91181
DM-17195,0.00506
DM-17194,0.00629
DM-17193,0.113973
DM-17192,0.034359
DM-17191,0.972415
DM-17190,0.120853
DM-17189,0.144631
DM-17188,0.538983
DM-17187,0.739046
DM-17186,0.00365
DM-17185,0.872782
DM-17184,0.926835
DM-17183,0.041153
DM-17182,0.396769
DM-17181,0.273574
DM-17180,0.130285
DM-17179,0.821617
DM-17178,0.64969
DM-17177,0.022977
DM-17176,0.017986
DM-17175,0.085709
DM-17174,0.177241
DM-17173,0.004134
DM-17172,0.089137
DM-17171,0.356083
DM-17170,0.78695
DM-17169,0.204978
DM-17168,0.022629
DM-17167,0.035145
DM-17166,0.041153
DM-17165,0.041774
DM-17164,0.031619
DM-17163,0.039048
DM-17162,0.138928
DM-17161,0.926835
DM-17160,0.006798
DM-17159,0.070816
DM-17158,0.161056
DM-17157,0.0538
DM-17156,0.474388
DM-17155,0.126353
DM-17154,0.977371
DM-17153,0.006693
DM-17152,0.329122
DM-17151,0.89841
DM-17150,0.855369
DM-17149,0.011778
DM-17148,0.010408
DM-17147,0.007012
DM-17146,0.028221
DM-17145,0.018264
DM-17144,0.79053
DM-17143,0.055005
DM-17142,0.097048
DM-17141,0.113973
DM-17140,0.252568
DM-17139,0.119203
DM-17138,0.688678
DM-17137,0.020177
DM-17136,0.052619
DM-17135,0.573559
DM-17134,0.660501
DM-17133,0.137532
DM-17132,0.327292
DM-17131,0.035411
DM-17130,0.122104
DM-17129,0.036769
DM-17128,0.042404
DM-17127,0.181844
DM-17126,0.041462
DM-17125,0.052231
DM-17124,0.18418
DM-17123,0.05921
DM-17122,0.03259
DM-17121,0.041462
DM-17120,0.136148
DM-17119,0.092688
DM-17118,0.032344
DM-17117,0.346984
DM-17116,0.204025
DM-17115,0.570331
DM-17114,0.589362
DM-17113,0.982288
DM-17112,0.041774
DM-17111,0.013532
DM-17110,0.015425
DM-17101,0.264358
DM-17100,0.731059
DM-17099,0.853425
DM-17098,0.012336
DM-17097,0.137532
DM-17096,0.01057
DM-17095,0.062103
DM-17094,0.563738
DM-17093,0.010091
DM-17092,0.05921
DM-17091,0.879974
DM-17090,0.029535
DM-17089,0.087876
DM-17088,0.00582
DM-17087,0.836555
DM-17086,0.896251
DM-17085,0.862004
DM-17084,0.874507
DM-17083,0.081813
DM-17082,0.015664
DM-17081,0.823896
DM-17080,0.005385
DM-17079,0.839734
DM-17078,0.884039
DM-17077,0.118385
DM-17076,0.957278
DM-17075,0.023331
DM-17074,0.009784
DM-17073,0.062789
DM-17072,0.563378
DM-17071,0.032101
DM-17070,0.00461
DM-17069,0.882833
DM-17068,0.009268
DM-17067,0.50293
DM-17066,0.066327
DM-17065,0.919643
DM-17064,0.942929
DM-17063,0.937211
DM-17062,0.020646
DM-17061,0.953275
DM-17060,0.022629
DM-17059,0.804098
DM-17058,0.969556
DM-17057,0.039937
DM-17056,0.067056
DM-17055,0.00522
DM-17054,0.912436
DM-17053,0.92079
DM-17052,0.100879
DM-17051,0.393968
DM-17050,0.064418
DM-17049,0.013428
DM-17048,0.013325
DM-17047,0.894421
DM-17046,0.048858
DM-17045,0.122944
DM-17044,0.956957
DM-17043,0.496094
DM-17042,0.007577
DM-17041,0.518546
DM-17040,0.974629
DM-17039,0.041774
DM-17038,0.938576
DM-17037,0.044349
DM-17036,0.049589
DM-17035,0.963506
DM-17034,0.971347
DM-17033,0.989182
DM-17032,0.970909
DM-17031,0.039343
DM-17030,0.234231
DM-17029,0.229018
DM-17028,0.030215
DM-17027,0.861072
DM-17026,0.943764
DM-17025,0.935346
DM-17024,0.974043
DM-17023,0.957596
DM-17022,0.049959
DM-17021,0.778986
DM-17020,0.24817
DM-17019,0.012821
DM-17018,0.139866
DM-17017,0.070816
DM-17016,0.169681
DM-17015,0.869271
DM-17014,0.03138
DM-17013,0.882428
DM-17012,0.266644
DM-17011,0.286768
DM-17010,0.039639
DM-17009,0.30767
DM-17008,0.308398
DM-17007,0.112795
DM-17006,0.082402
DM-17005,0.119203
DM-17004,0.01142
DM-17003,0.013742
DM-17002,0.35869
DM-17001,0.295535
DM-17000,0.027585
DM-16999,0.347703
DM-16998,0.076684
DM-16997,0.582847
DM-16996,0.006693
DM-16995,0.166134
DM-16994,0.137996
DM-16993,0.153803
DM-16992,0.729134
DM-16991,0.696165
DM-16990,0.753104
DM-16989,0.736401
DM-16987,0.961534
DM-16986,0.988131
DM-16985,0.858719
DM-16984,0.969556
DM-16983,0.885235
DM-16982,0.970013
DM-16981,0.939025
DM-16980,0.969324
DM-16979,0.943764
DM-16978,0.909586
DM-16977,0.979977
DM-16976,0.988313
DM-16975,0.887595
DM-16974,0.972623
DM-16973,0.990441
DM-16972,0.94079
DM-16971,0.947769
DM-16970,0.992062
DM-16969,0.985496
DM-16968,0.96378
DM-16967,0.915205
DM-16966,0.992062
DM-16965,0.974821
DM-16964,0.984215
DM-16963,0.619068
DM-16962,0.867036
DM-16961,0.82559
DM-16960,0.357231
DM-16959,0.910227
DM-16958,0.889529
DM-16957,0.005911
DM-16956,0.019871
DM-16955,0.406744
DM-16954,0.62601
DM-16953,0.539226
DM-16952,0.306839
DM-16951,0.002632
DM-16950,0.963506
DM-16949,0.900879
DM-16948,0.980281
DM-16947,0.017986
DM-16946,0.708616
DM-16945,0.141281
DM-16944,0.400251
DM-16943,0.076408
DM-16942,0.821044
DM-16941,0.889529
DM-16940,0.94699
DM-16939,0.401688
DM-16938,0.654232
DM-16937,0.010987
DM-16936,0.104477
DM-16935,0.049589
DM-16934,0.659844
DM-16933,0.993512
DM-16932,0.991554
DM-16931,0.310616
DM-16930,0.004199
DM-16929,0.197754
DM-16928,0.82559
DM-16927,0.747616
DM-16926,0.759582
DM-16925,0.973037
DM-16924,0.007012
DM-16923,0.008577
DM-16922,0.003124
DM-16921,0.232659
DM-16920,0.380651
DM-16919,0.880797
DM-16918,0.121686
DM-16917,0.577674
DM-16916,0.878731
DM-16915,0.853425
DM-16914,0.857768
DM-16913,0.944587
DM-16912,0.235108
DM-16911,0.022803
DM-16910,0.946597
DM-16909,0.140336
DM-16908,0.120439
DM-16907,0.512937
DM-16906,0.09947
DM-16905,0.020332
DM-16904,0.422743
DM-16903,0.119203
DM-16902,0.851953
DM-16901,0.011961
DM-16900,0.00659
DM-16899,0.009268
DM-16898,0.07056
DM-16897,0.389779
DM-16896,0.071074
DM-16895,0.285173
DM-16894,0.058777
DM-16893,0.970909
DM-16892,0.244003
DM-16891,0.050705
DM-16890,0.664649
DM-16889,0.155335
DM-16888,0.082697
DM-16887,0.133415
DM-16886,0.982955
DM-16885,0.084191
DM-16884,0.124213
DM-16883,0.310276
DM-16882,0.941223
DM-16881,0.9462
DM-16880,0.017309
DM-16879,0.042088
DM-16878,0.28577
DM-16877,0.039048
DM-16876,0.164248
DM-16875,0.020332
DM-16874,0.021781
DM-16873,0.027796
DM-16872,0.069289
DM-16871,0.007461
DM-16870,0.184768
DM-16869,0.003824
DM-16868,0.021948
DM-16867,0.826712
DM-16866,0.395659
DM-16865,0.020023
DM-16864,0.048137
DM-16863,0.011508
DM-16862,0.013532
DM-16861,0.011072
DM-16860,0.018125
DM-16859,0.011961
DM-16858,0.010987
DM-16857,0.016277
DM-16856,0.012528
DM-16855,0.010091
DM-16854,0.005642
DM-16853,0.008577
DM-16852,0.011072
DM-16851,0.054399
DM-16850,0.058346
DM-16849,0.036769
DM-16848,0.028871
DM-16847,0.021781
DM-16846,0.017309
DM-16845,0.004982
DM-16844,0.848972
DM-16843,0.009055
DM-16842,0.962953
DM-16841,0.115162
DM-16840,0.689724
DM-16839,0.024054
DM-16838,0.157655
DM-16837,0.592431
DM-16836,0.006904
DM-16835,0.004538
DM-16834,0.005911
DM-16833,0.941654
DM-16832,0.978875
DM-16831,0.004134
DM-16830,0.828939
DM-16829,0.068787
DM-16828,0.075312
DM-16827,0.172172
DM-16826,0.894421
DM-16825,0.015544
DM-16824,0.029535
DM-16823,0.005385
DM-16822,0.899475
DM-16821,0.021125
DM-16820,0.021125
DM-16819,0.974821
DM-16818,0.080937
DM-16817,0.042404
DM-16816,0.938124
DM-16815,0.043691
DM-16814,0.758153
DM-16813,0.006193
DM-16812,0.049222
DM-16811,0.029535
DM-16810,0.008062
DM-16809,0.921922
DM-16808,0.163713
DM-16807,0.039343
DM-16806,0.005911
DM-16805,0.700485
DM-16804,0.776962
DM-16803,0.958226
DM-16802,0.03622
DM-16801,0.013121
DM-16800,0.745398
DM-16799,0.904313
DM-16798,0.981875
DM-16797,0.937669
DM-16796,0.985718
DM-16795,0.988492
DM-16794,0.604953
DM-16793,0.122523
DM-16792,0.960063
DM-16791,0.985718
DM-16790,0.973241
DM-16789,0.114369
DM-16788,0.986572
DM-16787,0.008711
DM-16786,0.017442
DM-16785,0.065128
DM-16784,0.298031
DM-16783,0.019871
DM-16782,0.012147
DM-16781,0.341555
DM-16780,0.025371
DM-16779,0.017309
DM-16778,0.089455
DM-16777,0.238284
DM-16776,0.197135
DM-16775,0.815233
DM-16774,0.28877
DM-16773,0.007696
DM-16772,0.043366
DM-16771,0.960657
DM-16770,0.138928
DM-16769,0.304455
DM-16768,0.191933
DM-16767,0.029091
DM-16766,0.404978
DM-16765,0.862468
DM-16764,0.039343
DM-16763,0.07921
DM-16762,0.309337
DM-16761,0.06804
DM-16760,0.058993
DM-16758,0.038756
DM-16757,0.076684
DM-16756,0.927363
DM-16755,0.773559
DM-16754,0.794385
DM-16753,0.091707
DM-16752,0.909907
DM-16751,0.928409
DM-16750,0.176104
DM-16749,0.778986
DM-16748,0.048858
DM-16747,0.980129
DM-16746,0.006004
DM-16745,0.935817
DM-16744,0.930962
DM-16743,0.028653
DM-16742,0.973844
DM-16741,0.957278
DM-16740,0.006098
DM-16739,0.017849
DM-16738,0.080357
DM-16737,0.178669
DM-16736,0.977714
DM-16735,0.033086
DM-16734,0.042722
DM-16733,0.005385
DM-16732,0.446012
DM-16731,0.004982
DM-16730,0.268366
DM-16729,0.110856
DM-16728,0.709019
DM-16727,0.223716
DM-16726,0.071591
DM-16725,0.163445
DM-16724,0.008644
DM-16723,0.916708
DM-16722,0.672547
DM-16721,0.45181
DM-16720,0.909586
DM-16719,0.539469
DM-16718,0.091707
DM-16717,0.009784
DM-16716,0.125923
DM-16714,0.895523
DM-16713,0.927888
DM-16712,0.950778
DM-16711,0.018833
DM-16710,0.021615
DM-16709,0.058777
DM-16708,0.01292
DM-16707,0.783658
DM-16706,0.793426
DM-16705,0.009486
DM-16704,0.080647
DM-16703,0.025371
DM-16702,0.046034
DM-16701,0.023153
DM-16700,0.033844
DM-16699,0.924142
DM-16698,0.023689
DM-16697,0.090735
DM-16696,0.002673
DM-16695,0.025761
DM-16694,0.971779
DM-16693,0.006004
DM-16692,0.083292
DM-16691,0.978219
DM-16690,0.016153
DM-16689,0.00407
DM-16688,0.00659
DM-16686,0.335677
DM-16685,0.272799
DM-16684,0.185652
DM-16683,0.291586
DM-16682,0.605449
DM-16681,0.598195
DM-16680,0.37242
DM-16679,0.710226
DM-16678,0.677261
DM-16677,0.082107
DM-16676,0.844922
DM-16675,0.938576
DM-16674,0.013849
DM-16673,0.02461
DM-16672,0.93196
DM-16671,0.018125
DM-16670,0.105211
DM-16668,0.953966
DM-16667,0.732974
DM-16666,0.985936
DM-16665,0.964052
DM-16664,0.933915
DM-16663,0.00838
DM-16662,0.477067
DM-16661,0.00506
DM-16660,0.900879
DM-16659,0.065366
DM-16658,0.003273
DM-16657,0.535098
DM-16656,0.003765
DM-16655,0.538498
DM-16654,0.115162
DM-16653,0.024988
DM-16652,0.045016
DM-16651,0.016785
DM-16650,0.169681
DM-16649,0.532425
DM-16648,0.992184
DM-16647,0.927363
DM-16646,0.397704
DM-16645,0.290377
DM-16644,0.949669
DM-16643,0.86431
DM-16642,0.793746
DM-16641,0.010902
DM-16640,0.011245
DM-16639,0.03359
DM-16638,0.018547
DM-16637,0.129843
DM-16636,0.783988
DM-16635,0.881615
DM-16634,0.824462
DM-16633,0.014957
DM-16632,0.0341
DM-16631,0.120853
DM-16630,0.371194
DM-16629,0.047074
DM-16628,0.115162
DM-16627,0.028653
DM-16626,0.032344
DM-16625,0.096706
DM-16623,0.110856
DM-16622,0.865679
DM-16621,0.039343
DM-16620,0.046378
DM-16619,0.152032
DM-16618,0.194368
DM-16617,0.901575
DM-16616,0.867036
DM-16615,0.958847
DM-16614,0.981453
DM-16613,0.013742
DM-16612,0.121269
DM-16611,0.035679
DM-16610,0.23092
DM-16609,0.977197
DM-16608,0.007233
DM-16607,0.09739
DM-16606,0.017309
DM-16605,0.087876
DM-16604,0.884838
DM-16603,0.00582
DM-16602,0.915507
DM-16601,0.926304
DM-16600,0.238639
DM-16599,0.020023
DM-16598,0.021615
DM-16597,0.027585
DM-16596,0.079496
DM-16595,0.026156
DM-16594,0.178956
DM-16593,0.005911
DM-16592,0.957596
DM-16591,0.168583
DM-16590,0.0341
DM-16589,0.087252
DM-16588,0.988842
DM-16587,0.951863
DM-16586,0.979977
DM-16585,0.79534
DM-16584,0.984575
DM-16583,0.984215
DM-16582,0.453746
DM-16581,0.992184
DM-16580,0.284179
DM-16579,0.284179
DM-16578,0.993512
DM-16577,0.993512
DM-16576,0.937211
DM-16575,0.979823
DM-16574,0.689933
DM-16573,0.056236
DM-16572,0.981875
DM-16571,0.991289
DM-16570,0.862468
DM-16569,0.833866
DM-16568,0.842863
DM-16567,0.982955
DM-16566,0.045016
DM-16565,0.041153
DM-16564,0.087564
DM-16563,0.023689
DM-16562,0.034359
DM-16561,0.010902
DM-16560,0.011597
DM-16559,0.241132
DM-16558,0.007696
DM-16557,0.713032
DM-16556,0.003538
DM-16555,0.00522
DM-16554,0.571049
DM-16553,0.006004
DM-16552,0.573201
DM-16551,0.104112
DM-16550,0.044019
DM-16549,0.136148
DM-16548,0.805938
DM-16547,0.328153
DM-16546,0.014957
DM-16545,0.690142
DM-16544,0.009126
DM-16543,0.025179
DM-16542,0.01017
DM-16541,0.519765
DM-16540,0.090735
DM-16539,0.910863
DM-16538,0.007816
DM-16537,0.009413
DM-16536,0.682997
DM-16535,0.907312
DM-16534,0.598312
DM-16533,0.811676
DM-16532,0.009486
DM-16531,0.013428
DM-16530,0.035145
DM-16529,0.055005
DM-16528,0.938576
DM-16527,0.792785
DM-16526,0.0729
DM-16525,0.125493
DM-16524,0.019419
DM-16523,0.048858
DM-16522,0.006693
DM-16521,0.010735
DM-16520,0.027796
DM-16519,0.00986
DM-16518,0.085099
DM-16517,0.055005
DM-16516,0.650467
DM-16515,0.104112
DM-16514,0.01302
DM-16513,0.845942
DM-16512,0.004399
DM-16511,0.876634
DM-16510,0.00582
DM-16509,0.384277
DM-16508,0.312685
DM-16507,0.394667
DM-16506,0.01653
DM-16505,0.011158
DM-16504,0.166947
DM-16503,0.962391
DM-16502,0.003765
DM-16501,0.024423
DM-16500,0.176956
DM-16498,0.097048
DM-16497,0.004399
DM-16496,0.110856
DM-16495,0.013637
DM-16494,0.596198
DM-16493,0.059428
DM-16492,0.740737
DM-16491,0.042088
DM-16490,0.033086
DM-16489,0.008916
DM-16488,0.962391
DM-16487,0.015664
DM-16486,0.873215
DM-16485,0.942082
DM-16484,0.247987
DM-16483,0.057918
DM-16482,0.488771
DM-16481,0.002715
DM-16480,0.115162
DM-16479,0.009197
DM-16478,0.608245
DM-16477,0.238462
DM-16476,0.675122
DM-16475,0.243463
DM-16474,0.007461
DM-16473,0.022457
DM-16472,0.022977
DM-16471,0.004399
DM-16470,0.660665
DM-16469,0.012528
DM-16468,0.03622
DM-16467,0.232659
DM-16466,0.023871
DM-16465,0.005302
DM-16464,0.322739
DM-16463,0.195902
DM-16462,0.071851
DM-16461,0.363703
DM-16460,0.923592
DM-16459,0.008446
DM-16458,0.011508
DM-16457,0.142232
DM-16456,0.015189
DM-16455,0.375134
DM-16454,0.020646
DM-16453,0.097734
DM-16452,0.947769
DM-16451,0.003707
DM-16450,0.630429
DM-16449,0.944995
DM-16448,0.007121
DM-16447,0.374562
DM-16446,0.675444
DM-16445,0.025371
DM-16444,0.112405
DM-16443,0.007816
DM-16442,0.226441
DM-16441,0.086942
DM-16440,0.117978
DM-16439,0.058346
DM-16438,0.081813
DM-16437,0.552057
DM-16436,0.279829
DM-16435,0.908618
DM-16434,0.224735
DM-16433,0.717606
DM-16432,0.834407
DM-16431,0.045692
DM-16430,0.976129
DM-16429,0.107437
DM-16428,0.973241
DM-16427,0.131619
DM-16426,0.01057
DM-16425,0.92523
DM-16424,0.071591
DM-16423,0.028008
DM-16422,0.037047
DM-16421,0.891811
DM-16420,0.248717
DM-16419,0.770119
DM-16418,0.067793
DM-16417,0.04778
DM-16416,0.369571
DM-16415,0.959762
DM-16414,0.013637
DM-16413,0.035679
DM-16412,0.024238
DM-16411,0.011508
DM-16410,0.956309
DM-16409,0.928409
DM-16408,0.406391
DM-16407,0.018833
DM-16406,0.084191
DM-16405,0.727201
DM-16404,0.948537
DM-16403,0.008062
DM-16402,0.490724
DM-16401,0.119203
DM-16400,0.429429
DM-16399,0.383526
DM-16398,0.003884
DM-16397,0.096706
DM-16396,0.257205
DM-16395,0.072112
DM-16394,0.127218
DM-16393,0.93196
DM-16392,0.007577
DM-16391,0.831143
DM-16390,0.025761
DM-16389,0.041462
DM-16388,0.427516
DM-16387,0.141756
DM-16386,0.007233
DM-16385,0.044019
DM-16384,0.025957
DM-16383,0.538741
DM-16382,0.961822
DM-16381,0.07056
DM-16380,0.022803
DM-16379,0.005911
DM-16378,0.398172
DM-16377,0.014504
DM-16376,0.062103
DM-16375,0.966156
DM-16374,0.109706
DM-16373,0.798501
DM-16372,0.969324
DM-16371,0.050331
DM-16370,0.030215
DM-16369,0.058132
DM-16368,0.19498
DM-16367,0.010249
DM-16366,0.03359
DM-16365,0.042404
DM-16364,0.003765
DM-16363,0.00522
DM-16362,0.624637
DM-16361,0.054199
DM-16360,0.02976
DM-16359,0.025761
DM-16358,0.926304
DM-16357,0.032344
DM-16356,0.05301
DM-16355,0.018689
DM-16354,0.401923
DM-16353,0.352146
DM-16352,0.315051
DM-16351,0.175821
DM-16350,0.038756
DM-16349,0.084493
DM-16348,0.115561
DM-16347,0.005302
DM-16346,0.048137
DM-16345,0.072112
DM-16344,0.713831
DM-16343,0.006388
DM-16342,0.122104
DM-16341,0.037892
DM-16340,0.057918
DM-16339,0.037047
DM-16338,0.17245
DM-16337,0.936749
DM-16336,0.014064
DM-16335,0.154567
DM-16334,0.432543
DM-16333,0.503418
DM-16332,0.007696
DM-16331,0.145115
DM-16330,0.063251
DM-16329,0.073696
DM-16328,0.13569
DM-16327,0.904987
DM-16326,0.013532
DM-16325,0.01302
DM-16324,0.085099
DM-16323,0.02976
DM-16322,0.015906
DM-16321,0.008316
DM-16320,0.035411
DM-16319,0.00573
DM-16318,0.152789
DM-16317,0.060087
DM-16316,0.114765
DM-16315,0.015906
DM-16314,0.034619
DM-16313,0.015664
DM-16312,0.055413
DM-16311,0.273186
DM-16310,0.983343
DM-16309,0.041153
DM-16308,0.028436
DM-16307,0.030444
DM-16306,0.369998
DM-16305,0.311217
DM-16304,0.048496
DM-16303,0.624036
DM-16302,0.004905
DM-16301,0.433502
DM-16300,0.955651
DM-16299,0.434941
DM-16298,0.986151
DM-16297,0.864768
DM-16296,0.032101
DM-16295,0.018264
DM-16294,0.096365
DM-16293,0.873215
DM-16292,0.833866
DM-16291,0.009486
DM-16290,0.07836
DM-16289,0.009126
DM-16288,0.010014
DM-16287,0.022629
DM-16286,0.073696
DM-16285,0.040541
DM-16284,0.496094
DM-16283,0.165863
DM-16282,0.332961
DM-16281,0.038466
DM-16280,0.018547
DM-16279,0.025371
DM-16278,0.023153
DM-16277,0.399812
DM-16276,0.119614
DM-16275,0.073963
DM-16274,0.045353
DM-16273,0.341418
DM-16272,0.341418
DM-16271,0.024054
DM-16270,0.9659
DM-16269,0.037047
DM-16268,0.974239
DM-16267,0.83762
DM-16266,0.862004
DM-16265,0.070304
DM-16264,0.939471
DM-16263,0.036769
DM-16262,0.394609
DM-16261,0.035145
DM-16260,0.048137
DM-16259,0.00522
DM-16258,0.013637
DM-16257,0.895888
DM-16256,0.181263
DM-16255,0.879561
DM-16254,0.153295
DM-16253,0.437583
DM-16252,0.177526
DM-16251,0.989511
DM-16250,0.975012
DM-16249,0.984094
DM-16248,0.026156
DM-16247,0.013223
DM-16246,0.006693
DM-16245,0.42656
DM-16244,0.077518
DM-16243,0.935346
DM-16242,0.00522
DM-16241,0.962108
DM-16240,0.146575
DM-16239,0.091707
DM-16238,0.119203
DM-16237,0.050331
DM-16236,0.055413
DM-16235,0.00573
DM-16234,0.029535
DM-16233,0.017177
DM-16232,0.02461
DM-16231,0.127218
DM-16230,0.301362
DM-16229,0.029312
DM-16228,0.012054
DM-16227,0.9659
DM-16226,0.006693
DM-16225,0.104843
DM-16224,0.950778
DM-16223,0.991153
DM-16222,0.388618
DM-16221,0.967163
DM-16220,0.066812
DM-16219,0.127218
DM-16218,0.35354
DM-16217,0.082402
DM-16216,0.065366
DM-16215,0.008316
DM-16214,0.026964
DM-16213,0.985043
DM-16212,0.072374
DM-16211,0.092033
DM-16210,0.039048
DM-16209,0.017309
DM-16208,0.027585
DM-16207,0.354712
DM-16206,0.402862
DM-16205,0.772874
DM-16204,0.401923
DM-16203,0.07056
DM-16202,0.315683
DM-16201,0.163179
DM-16200,0.505127
DM-16199,0.107813
DM-16198,0.09739
DM-16197,0.332094
DM-16196,0.277865
DM-16195,0.120026
DM-16194,0.82559
DM-16193,0.808672
DM-16192,0.230573
DM-16191,0.007461
DM-16190,0.057705
DM-16189,0.0538
DM-16188,0.03622
DM-16187,0.03259
DM-16186,0.183009
DM-16185,0.02461
DM-16184,0.031619
DM-16183,0.014282
DM-16182,0.007012
DM-16181,0.00573
DM-16180,0.008711
DM-16179,0.011597
DM-16178,0.008577
DM-16177,0.020964
DM-16176,0.114765
DM-16175,0.051083
DM-16174,0.005642
DM-16173,0.573201
DM-16172,0.011778
DM-16171,0.874077
DM-16170,0.00343
DM-16169,0.005469
DM-16168,0.006193
DM-16167,0.177526
DM-16166,0.395382
DM-16165,0.009055
DM-16164,0.010091
DM-16163,0.026759
DM-16162,0.040238
DM-16161,0.131619
DM-16160,0.01292
DM-16159,0.010902
DM-16158,0.327507
DM-16157,0.022457
DM-16156,0.960063
DM-16155,0.814348
DM-16154,0.24817
DM-16153,0.978052
DM-16152,0.957596
DM-16151,0.019719
DM-16150,0.057493
DM-16149,0.693888
DM-16148,0.221687
DM-16147,0.450843
DM-16146,0.100172
DM-16145,0.045016
DM-16144,0.052619
DM-16143,0.024423
DM-16142,0.039048
DM-16141,0.110856
DM-16140,0.857768
DM-16139,0.013637
DM-16138,0.035411
DM-16137,0.051083
DM-16136,0.032101
DM-16135,0.156105
DM-16134,0.964855
DM-16133,0.030676
DM-16132,0.970688
DM-16131,0.013223
DM-16130,0.755276
DM-16129,0.028221
DM-16128,0.175821
DM-16127,0.157137
DM-16126,0.018833
DM-16125,0.017986
DM-16124,0.014064
DM-16123,0.894421
DM-16122,0.980581
DM-16121,0.850965
DM-16120,0.966156
DM-16119,0.004134
DM-16118,0.006388
DM-16117,0.061424
DM-16116,0.013849
DM-16115,0.031859
DM-16114,0.259263
DM-16113,0.086632
DM-16112,0.009634
DM-16111,0.027585
DM-16110,0.022803
DM-16109,0.023331
DM-16108,0.025957
DM-16107,0.009268
DM-16106,0.009268
DM-16105,0.009486
DM-16104,0.026759
DM-16103,0.026355
DM-16102,0.007012
DM-16101,0.022629
DM-16100,0.022117
DM-16099,0.022629
DM-16098,0.019124
DM-16097,0.018978
DM-16096,0.025761
DM-16095,0.022457
DM-16094,0.036769
DM-16093,0.025761
DM-16092,0.028653
DM-16091,0.048496
DM-16090,0.015785
DM-16089,0.045692
DM-16088,0.059647
DM-16087,0.01057
DM-16086,0.046725
DM-16085,0.973645
DM-16084,0.022457
DM-16083,0.626696
DM-16082,0.00838
DM-16081,0.004265
DM-16080,0.007461
DM-16079,0.004982
DM-16078,0.075312
DM-16077,0.005911
DM-16076,0.08882
DM-16075,0.473414
DM-16074,0.504394
DM-16073,0.37542
DM-16072,0.090735
DM-16071,0.03259
DM-16070,0.082994
DM-16069,0.029312
DM-16068,0.00934
DM-16067,0.926835
DM-16066,0.007346
DM-16065,0.007012
DM-16064,0.350199
DM-16063,0.032344
DM-16062,0.010735
DM-16061,0.011332
DM-16060,0.203708
DM-16059,0.007938
DM-16058,0.025371
DM-16057,0.033086
DM-16056,0.091058
DM-16055,0.025957
DM-16054,0.091382
DM-16053,0.195287
DM-16052,0.96641
DM-16051,0.604253
DM-16050,0.049222
DM-16049,0.044681
DM-16048,0.954647
DM-16047,0.020964
DM-16046,0.145115
DM-16045,0.906653
DM-16044,0.072374
DM-16043,0.108189
DM-16042,0.461988
DM-16041,0.801936
DM-16040,0.01653
DM-16039,0.003884
DM-16038,0.195287
DM-16037,0.96378
DM-16036,0.862468
DM-16035,0.031619
DM-16034,0.008577
DM-16033,0.189521
DM-16032,0.010249
DM-16031,0.020177
DM-16030,0.008985
DM-16029,0.639229
DM-16028,0.004265
DM-16027,0.306008
DM-16026,0.495117
DM-16025,0.005911
DM-16024,0.030215
DM-16023,0.106319
DM-16022,0.940353
DM-16021,0.419886
DM-16020,0.120439
DM-16019,0.004399
DM-16018,0.00659
DM-16017,0.907967
DM-16016,0.984575
DM-16015,0.021125
DM-16014,0.171061
DM-16013,0.011245
DM-16012,0.004755
DM-16011,0.022629
DM-16010,0.00407
DM-16009,0.020964
DM-16008,0.026964
DM-16007,0.066569
DM-16006,0.060087
DM-16005,0.026557
DM-16004,0.033086
DM-16003,0.022803
DM-16002,0.041774
DM-16001,0.020804
DM-16000,0.928409
DM-15999,0.973037
DM-15998,0.048137
DM-15997,0.024988
DM-15996,0.203391
DM-15995,0.026557
DM-15994,0.033086
DM-15993,0.048858
DM-15992,0.016277
DM-15991,0.015306
DM-15990,0.939913
DM-15989,0.056236
DM-15988,0.01653
DM-15987,0.023509
DM-15986,0.035948
DM-15985,0.035679
DM-15984,0.16238
DM-15983,0.519521
DM-15982,0.003824
DM-15981,0.114765
DM-15980,0.118793
DM-15979,0.120853
DM-15978,0.319493
DM-15977,0.326137
DM-15976,0.336979
DM-15975,0.003324
DM-15974,0.070816
DM-15973,0.007346
DM-15972,0.127653
DM-15971,0.986979
DM-15970,0.979195
DM-15969,0.980281
DM-15968,0.807157
DM-15967,0.47098
DM-15966,0.107063
DM-15965,0.989013
DM-15964,0.968141
DM-15963,0.134776
DM-15962,0.043691
DM-15961,0.043043
DM-15960,0.048496
DM-15959,0.988492
DM-15958,0.982955
DM-15957,0.350644
DM-15956,0.045353
DM-15955,0.963231
DM-15954,0.987375
DM-15953,0.980431
DM-15952,0.978385
DM-15951,0.891434
DM-15950,0.960657
DM-15949,0.99371
DM-15948,0.985496
DM-15947,0.574813
DM-15946,0.996116
DM-15945,0.353094
DM-15944,0.960657
DM-15943,0.929951
DM-15942,0.985496
DM-15941,0.977197
DM-15940,0.98347
DM-15939,0.913677
DM-15938,0.986363
DM-15937,0.967656
DM-15936,0.981736
DM-15935,0.883638
DM-15934,0.910545
DM-15933,0.860134
DM-15932,0.326216
DM-15931,0.105579
DM-15930,0.105211
DM-15929,0.125923
DM-15928,0.065845
DM-15927,0.007816
DM-15926,0.097734
DM-15925,0.933431
DM-15924,0.072374
DM-15923,0.00582
DM-15922,0.024423
DM-15921,0.015544
DM-15920,0.155078
DM-15919,0.020023
DM-15918,0.229363
DM-15917,0.956309
DM-15916,0.015664
DM-15915,0.590071
DM-15914,0.079496
DM-15913,0.028008
DM-15912,0.805326
DM-15911,0.02976
DM-15910,0.132066
DM-15909,0.04778
DM-15908,0.00514
DM-15907,0.38827
DM-15906,0.461259
DM-15905,0.658747
DM-15904,0.361503
DM-15903,0.344085
DM-15902,0.013637
DM-15901,0.895888
DM-15900,0.969324
DM-15899,0.020489
DM-15898,0.002845
DM-15897,0.064653
DM-15896,0.644545
DM-15895,0.036769
DM-15894,0.039343
DM-15893,0.004982
DM-15892,0.004134
DM-15891,0.00838
DM-15890,0.499023
DM-15889,0.364325
DM-15888,0.695545
DM-15887,0.971992
DM-15886,0.025957
DM-15885,0.123789
DM-15884,0.942082
DM-15883,0.027169
DM-15882,0.042722
DM-15881,0.598077
DM-15880,0.494629
DM-15879,0.946597
DM-15878,0.036769
DM-15877,0.036769
DM-15876,0.036769
DM-15875,0.036769
DM-15874,0.075041
DM-15873,0.008711
DM-15872,0.91611
DM-15871,0.865679
DM-15870,0.722135
DM-15869,0.005642
DM-15868,0.848972
DM-15867,0.005302
DM-15866,0.020646
DM-15865,0.005302
DM-15864,0.639229
DM-15863,0.028221
DM-15862,0.197135
DM-15861,0.058132
DM-15860,0.017577
DM-15859,0.025957
DM-15858,0.007233
DM-15857,0.003884
DM-15856,0.048496
DM-15855,0.069289
DM-15854,0.03622
DM-15853,0.004332
DM-15852,0.909907
DM-15851,0.011158
DM-15850,0.656025
DM-15849,0.035679
DM-15848,0.462473
DM-15847,0.005385
DM-15846,0.087252
DM-15845,0.165323
DM-15844,0.111241
DM-15843,0.507324
DM-15842,0.058346
DM-15841,0.249082
DM-15840,0.367838
DM-15839,0.781997
DM-15838,0.040238
DM-15837,0.003124
DM-15836,0.942507
DM-15835,0.292797
DM-15834,0.005642
DM-15833,0.140808
DM-15832,0.024054
DM-15831,0.067793
DM-15830,0.79053
DM-15829,0.02461
DM-15828,0.850469
DM-15827,0.024054
DM-15826,0.417984
DM-15825,0.83602
DM-15824,0.076684
DM-15823,0.890675
DM-15822,0.880797
DM-15821,0.236869
DM-15820,0.031859
DM-15819,0.975012
DM-15818,0.052231
DM-15817,0.007938
DM-15816,0.015906
DM-15815,0.010987
DM-15814,0.011508
DM-15813,0.012528
DM-15812,0.010408
DM-15811,0.011597
DM-15810,0.018978
DM-15809,0.115961
DM-15808,0.177811
DM-15807,0.92079
DM-15806,0.674372
DM-15805,0.007121
DM-15804,0.038178
DM-15803,0.898767
DM-15802,0.027796
DM-15801,0.042088
DM-15800,0.012054
DM-15799,0.009055
DM-15798,0.0341
DM-15797,0.039937
DM-15796,0.031859
DM-15795,0.017442
DM-15794,0.007233
DM-15793,0.031144
DM-15792,0.881615
DM-15791,0.959762
DM-15790,0.022286
DM-15789,0.017177
DM-15788,0.046034
DM-15787,0.037892
DM-15786,0.213377
DM-15785,0.731442
DM-15784,0.094343
DM-15783,0.979668
DM-15782,0.506347
DM-15781,0.910227
DM-15780,0.040238
DM-15779,0.984575
DM-15778,0.971992
DM-15777,0.970013
DM-15776,0.951504
DM-15775,0.845942
DM-15774,0.770465
DM-15773,0.016029
DM-15772,0.0341
DM-15771,0.192236
DM-15770,0.136608
DM-15769,0.03622
DM-15768,0.006004
DM-15767,0.051463
DM-15766,0.147555
DM-15765,0.006098
DM-15764,0.003273
DM-15763,0.663996
DM-15762,0.0341
DM-15761,0.631424
DM-15760,0.19163
DM-15759,0.020804
DM-15758,0.024238
DM-15757,0.012723
DM-15756,0.019124
DM-15755,0.076684
DM-15754,0.856332
DM-15753,0.024798
DM-15752,0.423935
DM-15751,0.585812
DM-15750,0.029535
DM-15749,0.144149
DM-15748,0.420957
DM-15747,0.272605
DM-15746,0.834407
DM-15745,0.024798
DM-15744,0.057918
DM-15743,0.14978
DM-15742,0.883638
DM-15741,0.043366
DM-15740,0.014392
DM-15739,0.101233
DM-15738,0.832237
DM-15737,0.023689
DM-15736,0.987568
DM-15735,0.086632
DM-15734,0.020646
DM-15733,0.030676
DM-15732,0.943764
DM-15731,0.337204
DM-15730,0.38122
DM-15728,0.945399
DM-15727,0.010902
DM-15726,0.025761
DM-15725,0.059647
DM-15724,0.217338
DM-15723,0.021451
DM-15722,0.163713
DM-15721,0.051463
DM-15720,0.015785
DM-15719,0.014064
DM-15718,0.969556
DM-15717,0.004399
DM-15716,0.046378
DM-15715,0.115561
DM-15714,0.016657
DM-15713,0.043691
DM-15712,0.647798
DM-15711,0.039048
DM-15710,0.112405
DM-15709,0.648466
DM-15708,0.489748
DM-15707,0.853425
DM-15706,0.130729
DM-15705,0.942929
DM-15704,0.028221
DM-15703,0.953966
DM-15702,0.042088
DM-15701,0.01142
DM-15700,0.324985
DM-15699,0.060087
DM-15698,0.02976
DM-15697,0.942929
DM-15696,0.597373
DM-15695,0.075585
DM-15694,0.008577
DM-15693,0.006004
DM-15692,0.039639
DM-15691,0.031619
DM-15690,0.023331
DM-15689,0.013956
DM-15688,0.004905
DM-15687,0.030676
DM-15686,0.652131
DM-15685,0.924142
DM-15684,0.013742
DM-15683,0.012723
DM-15682,0.061199
DM-15681,0.02461
DM-15680,0.978219
DM-15679,0.83868
DM-15678,0.690559
DM-15677,0.103749
DM-15676,0.561936
DM-15675,0.468304
DM-15674,0.042088
DM-15673,0.007938
DM-15672,0.086323
DM-15671,0.068289
DM-15670,0.067547
DM-15669,0.542621
DM-15668,0.046034
DM-15667,0.086323
DM-15666,0.011778
DM-15665,0.643105
DM-15664,0.826151
DM-15663,0.269518
DM-15662,0.08882
DM-15661,0.203708
DM-15660,0.220007
DM-15659,0.017577
DM-15658,0.095349
DM-15657,0.883236
DM-15656,0.190423
DM-15655,0.063019
DM-15654,0.853913
DM-15653,0.914901
DM-15652,0.00522
DM-15651,0.094343
DM-15650,0.982288
DM-15649,0.033844
DM-15648,0.903294
DM-15647,0.051083
DM-15646,0.977543
DM-15645,0.028653
DM-15644,0.030676
DM-15643,0.415492
DM-15642,0.873215
DM-15641,0.276691
DM-15640,0.351005
DM-15639,0.959459
DM-15638,0.005555
DM-15637,0.847968
DM-15636,0.035948
DM-15635,0.339663
DM-15634,0.008644
DM-15633,0.206574
DM-15632,0.585101
DM-15631,0.402157
DM-15630,0.006388
DM-15629,0.984336
DM-15628,0.978385
DM-15627,0.079496
DM-15626,0.077797
DM-15625,0.078642
DM-15624,0.259826
DM-15623,0.399343
DM-15622,0.318777
DM-15621,0.004468
DM-15620,0.030215
DM-15619,0.226612
DM-15618,0.003824
DM-15617,0.037892
DM-15616,0.042404
DM-15615,0.102305
DM-15614,0.038466
DM-15613,0.005642
DM-15612,0.039048
DM-15611,0.913058
DM-15610,0.261142
DM-15609,0.214034
DM-15608,0.010735
DM-15607,0.969785
DM-15606,0.042404
DM-15605,0.047074
DM-15604,0.025957
DM-15603,0.021948
DM-15602,0.004755
DM-15601,0.010328
DM-15600,0.263599
DM-15599,0.939471
DM-15598,0.268941
DM-15597,0.076132
DM-15596,0.18743
DM-15595,0.213705
DM-15594,0.050331
DM-15593,0.009784
DM-15592,0.923592
DM-15591,0.056236
DM-15590,0.06256
DM-15589,0.006798
DM-15588,0.972623
DM-15587,0.008188
DM-15586,0.028008
DM-15585,0.696991
DM-15584,0.941223
DM-15583,0.889144
DM-15582,0.408867
DM-15581,0.285173
DM-15580,0.329931
DM-15579,0.09739
DM-15578,0.010489
DM-15577,0.006693
DM-15576,0.145601
DM-15575,0.145601
DM-15574,0.624093
DM-15573,0.272218
DM-15572,0.069542
DM-15571,0.256273
DM-15570,0.296756
DM-15569,0.13569
DM-15568,0.774583
DM-15567,0.946597
DM-15566,0.13569
DM-15565,0.086323
DM-15564,0.180395
DM-15563,0.977371
DM-15562,0.349692
DM-15561,0.9462
DM-15560,0.006693
DM-15559,0.007816
DM-15558,0.015544
DM-15557,0.952926
DM-15556,0.955319
DM-15555,0.445771
DM-15554,0.020023
DM-15553,0.044681
DM-15552,0.01653
DM-15551,0.672009
DM-15550,0.03138
DM-15549,0.012432
DM-15548,0.117978
DM-15547,0.024988
DM-15546,0.034619
DM-15545,0.041774
DM-15544,0.720172
DM-15543,0.019871
DM-15542,0.006798
DM-15541,0.08819
DM-15540,0.962673
DM-15539,0.007816
DM-15538,0.009268
DM-15537,0.895888
DM-15536,0.953966
DM-15535,0.897695
DM-15534,0.015664
DM-15533,0.96378
DM-15532,0.903635
DM-15531,0.015306
DM-15530,0.004399
DM-15529,0.085709
DM-15528,0.899828
DM-15527,0.006004
DM-15526,0.200871
DM-15525,0.931463
DM-15524,0.926835
DM-15523,0.020177
DM-15522,0.954984
DM-15521,0.014729
DM-15520,0.026759
DM-15519,0.027376
DM-15518,0.006004
DM-15517,0.022803
DM-15516,0.028221
DM-15515,0.296043
DM-15514,0.041774
DM-15513,0.006388
DM-15512,0.901227
DM-15511,0.01142
DM-15510,0.176956
DM-15509,0.016403
DM-15508,0.823896
DM-15507,0.954647
DM-15506,0.516108
DM-15505,0.90764
DM-15504,0.350428
DM-15503,0.832237
DM-15502,0.175256
DM-15501,0.025179
DM-15500,0.418935
DM-15499,0.953275
DM-15498,0.003707
DM-15497,0.839208
DM-15496,0.011332
DM-15495,0.944177
DM-15494,0.016785
DM-15493,0.005642
DM-15492,0.968141
DM-15491,0.00934
DM-15490,0.890675
DM-15489,0.977197
DM-15488,0.321247
DM-15487,0.699049
DM-15486,0.004682
DM-15485,0.055413
DM-15484,0.027796
DM-15483,0.369429
DM-15482,0.023153
DM-15481,0.40698
DM-15480,0.2522
DM-15479,0.011508
DM-15478,0.014282
DM-15477,0.066812
DM-15476,0.659076
DM-15475,0.974435
DM-15474,0.959154
DM-15473,0.877896
DM-15472,0.608361
DM-15471,0.862004
DM-15470,0.973037
DM-15469,0.984456
DM-15468,0.908618
DM-15467,0.762778
DM-15466,0.940353
DM-15465,0.190122
DM-15464,0.008779
DM-15463,0.038756
DM-15462,0.006004
DM-15461,0.269999
DM-15460,0.442877
DM-15459,0.883638
DM-15458,0.01057
DM-15457,0.198375
DM-15456,0.034359
DM-15455,0.00506
DM-15454,0.724481
DM-15453,0.336045
DM-15452,0.039343
DM-15451,0.003824
DM-15450,0.025565
DM-15449,0.034881
DM-15448,0.028221
DM-15447,0.002935
DM-15446,0.004007
DM-15445,0.080069
DM-15444,0.299617
DM-15443,0.003765
DM-15442,0.020964
DM-15441,0.024798
DM-15440,0.086323
DM-15439,0.003824
DM-15438,0.009413
DM-15437,0.003765
DM-15436,0.00629
DM-15435,0.135232
DM-15434,0.794704
DM-15433,0.039343
DM-15432,0.311322
DM-15431,0.722331
DM-15430,0.842863
DM-15429,0.006004
DM-15428,0.016785
DM-15427,0.806548
DM-15426,0.006488
DM-15425,0.025565
DM-15424,0.980281
DM-15423,0.017849
DM-15422,0.53607
DM-15421,0.144631
DM-15420,0.054199
DM-15419,0.016029
DM-15418,0.025179
DM-15417,0.072637
DM-15416,0.691081
DM-15415,0.007233
DM-15414,0.938124
DM-15413,0.011961
DM-15412,0.888372
DM-15411,0.905322
DM-15410,0.011508
DM-15409,0.021615
DM-15408,0.021451
DM-15407,0.062103
DM-15406,0.005911
DM-15405,0.112405
DM-15404,0.004905
DM-15403,0.640566
DM-15402,0.023689
DM-15401,0.013849
DM-15400,0.016277
DM-15399,0.00514
DM-15398,0.005385
DM-15397,0.018547
DM-15396,0.916708
DM-15395,0.97649
DM-15394,0.00986
DM-15393,0.96741
DM-15392,0.428712
DM-15391,0.00407
DM-15390,0.060308
DM-15389,0.016657
DM-15388,0.058993
DM-15387,0.971779
DM-15386,0.799755
DM-15385,0.025761
DM-15384,0.004265
DM-15383,0.00582
DM-15382,0.346762
DM-15381,0.017442
DM-15380,0.111241
DM-15379,0.111241
DM-15378,0.003124
DM-15377,0.843895
DM-15376,0.61832
DM-15375,0.895523
DM-15374,0.919063
DM-15373,0.032344
DM-15372,0.057918
DM-15371,0.031859
DM-15370,0.134776
DM-15369,0.984215
DM-15368,0.614683
DM-15367,0.747616
DM-15366,0.014842
DM-15365,0.978219
DM-15364,0.07056
DM-15363,0.021287
DM-15362,0.96741
DM-15361,0.800692
DM-15360,0.006798
DM-15359,0.931463
DM-15358,0.012241
DM-15357,0.166404
DM-15356,0.234407
DM-15355,0.002845
DM-15354,0.046034
DM-15353,0.91181
DM-15352,0.414662
DM-15351,0.774583
DM-15350,0.015189
DM-15349,0.039937
DM-15348,0.873647
DM-15347,0.008316
DM-15346,0.071851
DM-15345,0.202443
DM-15344,0.023871
DM-15343,0.057071
DM-15342,0.138462
DM-15341,0.065128
DM-15340,0.041774
DM-15339,0.008577
DM-15338,0.08389
DM-15337,0.009126
DM-15336,0.971129
DM-15335,0.330039
DM-15334,0.019719
DM-15333,0.033086
DM-15332,0.206574
DM-15331,0.86431
DM-15330,0.178669
DM-15329,0.783658
DM-15328,0.004332
DM-15327,0.022977
DM-15326,0.034619
DM-15325,0.906653
DM-15324,0.016403
DM-15323,0.004682
DM-15322,0.921358
DM-15321,0.025565
DM-15320,0.132964
DM-15319,0.031144
DM-15318,0.814053
DM-15317,0.963231
DM-15316,0.834407
DM-15315,0.720762
DM-15314,0.906322
DM-15313,0.93196
DM-15312,0.985496
DM-15311,0.924688
DM-15310,0.923039
DM-15309,0.899121
DM-15308,0.906653
DM-15307,0.504394
DM-15306,0.953622
DM-15305,0.035411
DM-15304,0.942082
DM-15303,0.934873
DM-15302,0.548432
DM-15301,0.00343
DM-15300,0.415136
DM-15299,0.008062
DM-15298,0.114765
DM-15297,0.01653
DM-15296,0.038178
DM-15295,0.007461
DM-15294,0.182426
DM-15293,0.003884
DM-15292,0.180684
DM-15291,0.062789
DM-15290,0.069795
DM-15289,0.014392
DM-15288,0.241311
DM-15287,0.629597
DM-15286,0.00483
DM-15285,0.062789
DM-15284,0.070049
DM-15283,0.014392
DM-15282,0.629597
DM-15281,0.106691
DM-15280,0.91181
DM-15279,0.052619
DM-15278,0.265309
DM-15277,0.020804
DM-15276,0.620737
DM-15275,0.930458
DM-15274,0.00573
DM-15273,0.028871
DM-15272,0.991015
DM-15271,0.805938
DM-15270,0.066569
DM-15269,0.992988
DM-15268,0.094343
DM-15267,0.560974
DM-15266,0.960657
DM-15265,0.043691
DM-15264,0.085709
DM-15263,0.019871
DM-15262,0.021451
DM-15261,0.020023
DM-15260,0.057493
DM-15259,0.057493
DM-15258,0.0538
DM-15257,0.971347
DM-15256,0.757794
DM-15255,0.00461
DM-15254,0.107063
DM-15253,0.840259
DM-15252,0.021125
DM-15251,0.960952
DM-15250,0.974043
DM-15249,0.040541
DM-15248,0.012054
DM-15247,0.073165
DM-15246,0.241847
DM-15245,0.016785
DM-15244,0.035411
DM-15243,0.949295
DM-15242,0.985271
DM-15241,0.007346
DM-15240,0.978219
DM-15239,0.965381
DM-15238,0.955981
DM-15237,0.966156
DM-15236,0.012054
DM-15235,0.022977
DM-15234,0.003945
DM-15233,0.010014
DM-15232,0.050331
DM-15231,0.009486
DM-15230,0.01142
DM-15229,0.542621
DM-15228,0.237753
DM-15227,0.950041
DM-15226,0.041462
DM-15225,0.012241
DM-15224,0.006488
DM-15223,0.002935
DM-15222,0.020023
DM-15221,0.651466
DM-15220,0.683631
DM-15219,0.004755
DM-15218,0.932453
DM-15217,0.166675
DM-15216,0.053403
DM-15215,0.016029
DM-15214,0.022457
DM-15213,0.00289
DM-15212,0.956309
DM-15211,0.645497
DM-15210,0.653127
DM-15209,0.646795
DM-15208,0.006488
DM-15207,0.199932
DM-15206,0.002935
DM-15205,0.062331
DM-15204,0.885235
DM-15203,0.058346
DM-15202,0.014392
DM-15201,0.513668
DM-15200,0.720172
DM-15199,0.952926
DM-15198,0.623377
DM-15197,0.006193
DM-15196,0.006193
DM-15195,0.915809
DM-15194,0.003538
DM-15193,0.028436
DM-15192,0.048858
DM-15191,0.005385
DM-15190,0.00629
DM-15189,0.988842
DM-15188,0.357511
DM-15187,0.754192
DM-15186,0.242923
DM-15185,0.892937
DM-15184,0.024054
DM-15183,0.075858
DM-15182,0.036494
DM-15181,0.008779
DM-15180,0.091382
DM-15179,0.012147
DM-15178,0.021451
DM-15177,0.006488
DM-15176,0.715424
DM-15175,0.012723
DM-15174,0.924142
DM-15173,0.029987
DM-15172,0.051083
DM-15171,0.007012
DM-15170,0.365542
DM-15169,0.066812
DM-15168,0.004905
DM-15167,0.936749
DM-15166,0.060308
DM-15165,0.143668
DM-15164,0.035948
DM-15163,0.858244
DM-15162,0.849971
DM-15161,0.402392
DM-15160,0.736401
DM-15159,0.459076
DM-15158,0.256832
DM-15157,0.899475
DM-15156,0.047074
DM-15155,0.00461
DM-15154,0.039937
DM-15153,0.041462
DM-15152,0.008316
DM-15151,0.133415
DM-15150,0.967899
DM-15149,0.011332
DM-15148,0.004265
DM-15147,0.025957
DM-15146,0.040846
DM-15145,0.006693
DM-15143,0.849971
DM-15142,0.198685
DM-15141,0.004755
DM-15140,0.010489
DM-15139,0.077518
DM-15138,0.009197
DM-15137,0.540681
DM-15136,0.012625
DM-15135,0.888759
DM-15134,0.00483
DM-15133,0.006798
DM-15132,0.033844
DM-15131,0.007816
DM-15130,0.437583
DM-15129,0.806548
DM-15128,0.69285
DM-15127,0.00343
DM-15126,0.24817
DM-15125,0.238462
DM-15124,0.094343
DM-15123,0.039343
DM-15122,0.68637
DM-15121,0.008188
DM-15120,0.023331
DM-15119,0.022977
DM-15118,0.037892
DM-15117,0.004755
DM-15116,0.222025
DM-15115,0.009936
DM-15114,0.007121
DM-15113,0.028436
DM-15112,0.851953
DM-15111,0.065128
DM-15110,0.139866
DM-15109,0.836555
DM-15108,0.105579
DM-15107,0.123789
DM-15106,0.185062
DM-15105,0.044019
DM-15104,0.051845
DM-15103,0.004007
DM-15102,0.061424
DM-15101,0.03359
DM-15100,0.037047
DM-15099,0.044681
DM-15098,0.009559
DM-15097,0.005555
DM-15096,0.016915
DM-15095,0.08389
DM-15094,0.015664
DM-15093,0.00934
DM-15092,0.008577
DM-15091,0.007121
DM-15090,0.012625
DM-15089,0.044681
DM-15088,0.014282
DM-15087,0.004332
DM-15086,0.005385
DM-15085,0.007577
DM-15084,0.072374
DM-15083,0.054199
DM-15082,0.310904
DM-15081,0.144149
DM-15080,0.120026
DM-15079,0.336876
DM-15078,0.108189
DM-15077,0.948537
DM-15076,0.983343
DM-15075,0.012625
DM-15074,0.028653
DM-15073,0.763131
DM-15072,0.007346
DM-15071,0.135232
DM-15070,0.00573
DM-15069,0.006693
DM-15068,0.035145
DM-15067,0.017309
DM-15066,0.015544
DM-15065,0.014282
DM-15064,0.017442
DM-15063,0.030215
DM-15062,0.013956
DM-15061,0.015785
DM-15060,0.015906
DM-15059,0.954647
DM-15058,0.017442
DM-15057,0.08819
DM-15056,0.007816
DM-15055,0.040238
DM-15054,0.90053
DM-15053,0.989347
DM-15052,0.098773
DM-15051,0.023331
DM-15050,0.033086
DM-15049,0.938124
DM-15048,0.152789
DM-15047,0.702734
DM-15046,0.01057
DM-15045,0.023153
DM-15044,0.014064
DM-15043,0.014616
DM-15042,0.069038
DM-15041,0.010818
DM-15040,0.010328
DM-15039,0.006904
DM-15038,0.075312
DM-15036,0.282988
DM-15035,0.024988
DM-15034,0.962391
DM-15033,0.061199
DM-15032,0.035679
DM-15031,0.005555
DM-15030,0.217338
DM-15029,0.036769
DM-15028,0.893681
DM-15027,0.039639
DM-15026,0.063019
DM-15025,0.54577
DM-15024,0.948537
DM-15023,0.028008
DM-15022,0.057918
DM-15021,0.030215
DM-15020,0.703142
DM-15019,0.016915
DM-15018,0.030215
DM-15017,0.950778
DM-15016,0.332392
DM-15015,0.268941
DM-15014,0.00461
DM-15013,0.439747
DM-15012,0.21767
DM-15011,0.088505
DM-15010,0.329446
DM-15009,0.958226
DM-15008,0.012241
DM-15007,0.041462
DM-15006,0.058132
DM-15005,0.026759
DM-15004,0.007233
DM-15003,0.909265
DM-15002,0.554229
DM-15001,0.258139
DM-15000,0.028436
DM-14999,0.033337
DM-14998,0.077239
DM-14997,0.511717
DM-14996,0.636014
DM-14995,0.227469
DM-14994,0.002981
DM-14993,0.519034
DM-14992,0.633297
DM-14991,0.035679
DM-14990,0.026355
DM-14989,0.022977
DM-14988,0.023509
DM-14987,0.007012
DM-14986,0.066569
DM-14985,0.070816
DM-14984,0.013121
DM-14983,0.763484
DM-14982,0.004982
DM-14981,0.143188
DM-14980,0.386879
DM-14979,0.526343
DM-14978,0.943764
DM-14977,0.976847
DM-14976,0.980876
DM-14975,0.973037
DM-14974,0.924142
DM-14973,0.961244
DM-14972,0.989013
DM-14971,0.964589
DM-14970,0.950778
DM-14969,0.657849
DM-14968,0.93196
DM-14967,0.989347
DM-14966,0.977714
DM-14965,0.983085
DM-14964,0.955319
DM-14963,0.989672
DM-14962,0.992184
DM-14961,0.923592
DM-14960,0.956309
DM-14959,0.987179
DM-14958,0.991153
DM-14957,0.982423
DM-14956,0.956634
DM-14955,0.677474
DM-14954,0.977197
DM-14953,0.858244
DM-14952,0.947381
DM-14951,0.980129
DM-14950,0.520496
DM-14949,0.884039
DM-14948,0.971992
DM-14947,0.80038
DM-14946,0.931463
DM-14945,0.907312
DM-14944,0.209146
DM-14943,0.950041
DM-14942,0.906983
DM-14941,0.029312
DM-14940,0.457137
DM-14939,0.446253
DM-14938,0.003884
DM-14937,0.847463
DM-14936,0.939913
DM-14935,0.303319
DM-14934,0.014729
DM-14933,0.637482
DM-14932,0.22919
DM-14931,0.007696
DM-14930,0.912436
DM-14929,0.008062
DM-14928,0.007121
DM-14927,0.034359
DM-14926,0.240418
DM-14925,0.009784
DM-14924,0.008985
DM-14923,0.085099
DM-14922,0.029987
DM-14921,0.037047
DM-14920,0.417746
DM-14919,0.008446
DM-14918,0.250363
DM-14917,0.981595
DM-14916,0.544801
DM-14915,0.008916
DM-14914,0.00629
DM-14913,0.913677
DM-14912,0.833325
DM-14911,0.989013
DM-14910,0.007696
DM-14909,0.038178
DM-14908,0.051845
DM-14907,0.801315
DM-14906,0.718594
DM-14905,0.974629
DM-14904,0.965641
DM-14903,0.90261
DM-14902,0.927888
DM-14901,0.861072
DM-14900,0.916708
DM-14899,0.183009
DM-14898,0.986151
DM-14897,0.333761
DM-14896,0.953275
DM-14895,0.376738
DM-14894,0.076684
DM-14893,0.201813
DM-14892,0.035948
DM-14891,0.047074
DM-14890,0.010489
DM-14889,0.027169
DM-14888,0.055413
DM-14887,0.014504
DM-14886,0.004007
DM-14885,0.008252
DM-14884,0.031619
DM-14883,0.096706
DM-14882,0.446736
DM-14881,0.023509
DM-14880,0.023331
DM-14879,0.025957
DM-14878,0.00934
DM-14877,0.968141
DM-14876,0.014172
DM-14875,0.287518
DM-14874,0.00582
DM-14873,0.992062
DM-14872,0.068787
DM-14871,0.475118
DM-14870,0.009268
DM-14869,0.057918
DM-14868,0.761716
DM-14867,0.007346
DM-14866,0.008316
DM-14865,0.914596
DM-14864,0.019871
DM-14863,0.783988
DM-14862,0.01057
DM-14861,0.483648
DM-14860,0.045016
DM-14859,0.007233
DM-14858,0.516839
DM-14857,0.726426
DM-14856,0.011778
DM-14855,0.413004
DM-14854,0.848471
DM-14853,0.249813
DM-14852,0.917303
DM-14851,0.00659
DM-14850,0.031144
DM-14849,0.005385
DM-14848,0.003884
DM-14847,0.008916
DM-14846,0.009486
DM-14845,0.006388
DM-14844,0.006693
DM-14843,0.022629
DM-14842,0.013956
DM-14841,0.019124
DM-14840,0.017577
DM-14839,0.240239
DM-14838,0.238284
DM-14837,0.29972
DM-14836,0.005302
DM-14835,0.006488
DM-14834,0.175256
DM-14833,0.040846
DM-14832,0.360883
DM-14831,0.531939
DM-14830,0.96862
DM-14829,0.992767
DM-14828,0.196209
DM-14827,0.035411
DM-14826,0.028653
DM-14825,0.919643
DM-14824,0.132964
DM-14823,0.950778
DM-14822,0.694924
DM-14821,0.648261
DM-14820,0.963231
DM-14819,0.975012
DM-14818,0.791499
DM-14817,0.826151
DM-14816,0.268845
DM-14815,0.029535
DM-14814,0.028008
DM-14813,0.27513
DM-14812,0.038756
DM-14811,0.018978
DM-14810,0.034881
DM-14809,0.006388
DM-14808,0.024798
DM-14807,0.072112
DM-14806,0.242564
DM-14805,0.275714
DM-14804,0.010735
DM-14803,0.408277
DM-14802,0.076961
DM-14801,0.027169
DM-14800,0.070049
DM-14799,0.189821
DM-14798,0.133868
DM-14797,0.037609
DM-14796,0.009126
DM-14795,0.017177
DM-14794,0.991812
DM-14793,0.911495
DM-14792,0.458349
DM-14791,0.004199
DM-14790,0.259263
DM-14789,0.949295
DM-14788,0.208824
DM-14786,0.461017
DM-14785,0.040541
DM-14784,0.012528
DM-14783,0.977714
DM-14782,0.769773
DM-14781,0.131173
DM-14780,0.00289
DM-14779,0.52683
DM-14778,0.011687
DM-14777,0.2522
DM-14776,0.022629
DM-14775,0.072637
DM-14774,0.033086
DM-14773,0.035145
DM-14772,0.122104
DM-14771,0.952926
DM-14770,0.004399
DM-14769,0.985718
DM-14768,0.040541
DM-14767,0.005555
DM-14766,0.017577
DM-14765,0.27973
DM-14764,0.039639
DM-14763,0.033337
DM-14762,0.169681
DM-14761,0.007696
DM-14760,0.68721
DM-14759,0.326755
DM-14758,0.003824
DM-14757,0.898767
DM-14756,0.91611
DM-14755,0.94079
DM-14754,0.023509
DM-14753,0.013849
DM-14752,0.056236
DM-14751,0.762424
DM-14750,0.087252
DM-14749,0.057071
DM-14748,0.040846
DM-14747,0.007012
DM-14746,0.017177
DM-14745,0.029312
DM-14744,0.01017
DM-14743,0.007121
DM-14742,0.824462
DM-14741,0.138462
DM-14740,0.810479
DM-14739,0.02461
DM-14738,0.040846
DM-14737,0.011687
DM-14736,0.970465
DM-14735,0.018978
DM-14734,0.510252
DM-14733,0.975012
DM-14732,0.004134
DM-14731,0.91848
DM-14730,0.981167
DM-14729,0.01057
DM-14728,0.133868
DM-14727,0.45423
DM-14726,0.067547
DM-14725,0.878314
DM-14724,0.185357
DM-14723,0.224055
DM-14722,0.09236
DM-14721,0.018978
DM-14720,0.251832
DM-14719,0.240596
DM-14718,0.157396
DM-14717,0.298287
DM-14716,0.0341
DM-14715,0.012723
DM-14714,0.01653
DM-14712,0.057918
DM-14711,0.88642
DM-14710,0.909265
DM-14709,0.198375
DM-14708,0.159741
DM-14707,0.295433
DM-14706,0.041462
DM-14705,0.011158
DM-14704,0.05921
DM-14703,0.296043
DM-14702,0.126353
DM-14701,0.041462
DM-14700,0.106319
DM-14699,0.027376
DM-14698,0.015544
DM-14697,0.050331
DM-14696,0.955319
DM-14695,0.010902
DM-14694,0.016277
DM-14693,0.009055
DM-14692,0.013637
DM-14691,0.899121
DM-14690,0.957912
DM-14689,0.022803
DM-14688,0.022117
DM-14687,0.795658
DM-14686,0.024054
DM-14685,0.011332
DM-14684,0.007233
DM-14683,0.882428
DM-14682,0.009268
DM-14681,0.555194
DM-14680,0.110088
DM-14679,0.043043
DM-14678,0.178669
DM-14677,0.057071
DM-14676,0.168309
DM-14675,0.017577
DM-14674,0.901921
DM-14673,0.004199
DM-14672,0.446495
DM-14671,0.054601
DM-14670,0.108945
DM-14669,0.0538
DM-14668,0.615261
DM-14667,0.168857
DM-14666,0.909265
DM-14665,0.839208
DM-14664,0.037327
DM-14663,0.720565
DM-14662,0.86293
DM-14661,0.534612
DM-14660,0.828384
DM-14659,0.050705
DM-14658,0.238462
DM-14657,0.021781
DM-14655,0.081228
DM-14654,0.029987
DM-14653,0.014842
DM-14652,0.008985
DM-14651,0.763131
DM-14650,0.293708
DM-14649,0.143668
DM-14648,0.583085
DM-14647,0.097734
DM-14646,0.505615
DM-14645,0.018833
DM-14643,0.021451
DM-14642,0.021451
DM-14641,0.021451
DM-14640,0.699254
DM-14639,0.248534
DM-14638,0.874935
DM-14637,0.581778
DM-14636,0.126353
DM-14635,0.763484
DM-14634,0.882833
DM-14633,0.046034
DM-14632,0.319433
DM-14631,0.912436
DM-14630,0.027796
DM-14629,0.247623
DM-14628,0.010014
DM-14627,0.260201
DM-14626,0.00659
DM-14625,0.089455
DM-14624,0.027796
DM-14623,0.475605
DM-14622,0.839734
DM-14621,0.240418
DM-14620,0.974043
DM-14619,0.03138
DM-14618,0.082697
DM-14617,0.002845
DM-14616,0.019871
DM-14615,0.020646
DM-14614,0.026156
DM-14613,0.0538
DM-14612,0.004468
DM-14611,0.872347
DM-14610,0.278061
DM-14609,0.895157
DM-14608,0.039048
DM-14607,0.500977
DM-14606,0.948155
DM-14605,0.535098
DM-14604,0.021451
DM-14603,0.014172
DM-14602,0.21767
DM-14601,0.026759
DM-14600,0.005642
DM-14599,0.027376
DM-14598,0.012147
DM-14597,0.012241
DM-14596,0.006388
DM-14595,0.00629
DM-14594,0.950041
DM-14593,0.189521
DM-14592,0.038178
DM-14591,0.05301
DM-14590,0.050331
DM-14589,0.027169
DM-14588,0.009126
DM-14587,0.022803
DM-14586,0.012821
DM-14585,0.00573
DM-14584,0.088505
DM-14583,0.219003
DM-14582,0.989013
DM-14581,0.916708
DM-14580,0.055413
DM-14579,0.016153
DM-14578,0.007938
DM-14577,0.007938
DM-14576,0.151028
DM-14575,0.079496
DM-14574,0.116764
DM-14573,0.965641
DM-14572,0.793426
DM-14571,0.008779
DM-14570,0.97649
DM-14569,0.002981
DM-14568,0.375535
DM-14567,0.984575
DM-14566,0.974043
DM-14565,0.981595
DM-14564,0.963231
DM-14563,0.038178
DM-14562,0.968381
DM-14561,0.063715
DM-14560,0.060975
DM-14559,0.931463
DM-14558,0.049589
DM-14557,0.045692
DM-14556,0.048137
DM-14555,0.158695
DM-14554,0.069542
DM-14553,0.028871
DM-14552,0.007577
DM-14551,0.980431
DM-14550,0.048496
DM-14549,0.940353
DM-14548,0.007696
DM-14547,0.022286
DM-14546,0.021948
DM-14545,0.014616
DM-14544,0.086323
DM-14543,0.021451
DM-14542,0.632446
DM-14541,0.057282
DM-14540,0.033844
DM-14539,0.148541
DM-14538,0.084191
DM-14537,0.496582
DM-14536,0.175538
DM-14535,0.82559
DM-14534,0.004982
DM-14533,0.013532
DM-14532,0.060087
DM-14531,0.324771
DM-14530,0.00514
DM-14529,0.006388
DM-14528,0.004265
DM-14527,0.59561
DM-14526,0.006488
DM-14525,0.006693
DM-14524,0.46563
DM-14523,0.903975
DM-14522,0.976129
DM-14521,0.014172
DM-14520,0.063251
DM-14519,0.071851
DM-14518,0.231962
DM-14517,0.010014
DM-14516,0.008
DM-14515,0.887205
DM-14514,0.938576
DM-14513,0.773559
DM-14512,0.337913
DM-14511,0.030444
DM-14510,0.928926
DM-14509,0.071851
DM-14508,0.538983
DM-14507,0.014957
DM-14506,0.00461
DM-14505,0.009055
DM-14504,0.902266
DM-14503,0.898767
DM-14502,0.47658
DM-14501,0.111241
DM-14500,0.757436
DM-14499,0.988668
DM-14497,0.014504
DM-14496,0.007012
DM-14495,0.387574
DM-14494,0.005642
DM-14493,0.012432
DM-14492,0.004538
DM-14491,0.00514
DM-14490,0.008446
DM-14489,0.132066
DM-14488,0.974239
DM-14487,0.947769
DM-14486,0.488527
DM-14485,0.932944
DM-14484,0.981595
DM-14483,0.742422
DM-14482,0.979036
DM-14481,0.982557
DM-14480,0.980581
DM-14479,0.247441
DM-14478,0.356738
DM-14477,0.682785
DM-14476,0.043043
DM-14475,0.018689
DM-14474,0.126785
DM-14473,0.021948
DM-14472,0.960657
DM-14471,0.030909
DM-14470,0.983085
DM-14469,0.979823
DM-14468,0.128088
DM-14467,0.956309
DM-14466,0.654122
DM-14465,0.023871
DM-14464,0.96862
DM-14463,0.159741
DM-14462,0.063482
DM-14460,0.005555
DM-14459,0.017712
DM-14458,0.816406
DM-14457,0.065605
DM-14456,0.974239
DM-14455,0.905657
DM-14454,0.959459
DM-14453,0.217338
DM-14452,0.988492
DM-14451,0.4917
DM-14450,0.948537
DM-14449,0.953622
DM-14448,0.9659
DM-14447,0.341034
DM-14446,0.936749
DM-14444,0.932453
DM-14443,0.97631
DM-14442,0.97539
DM-14441,0.00582
DM-14440,0.004682
DM-14439,0.013956
DM-14438,0.340424
DM-14437,0.245447
DM-14436,0.034619
DM-14435,0.657648
DM-14434,0.977023
DM-14433,0.362066
DM-14432,0.872347
DM-14431,0.975762
DM-14430,0.480479
DM-14429,0.071332
DM-14428,0.354768
DM-14409,0.962108
DM-14408,0.115961
DM-14407,0.889144
DM-14406,0.943348
DM-14405,0.612947
DM-14404,0.898053
DM-14403,0.652352
DM-14402,0.853913
DM-14401,0.935817
DM-14400,0.934873
DM-14399,0.006904
DM-14398,0.753467
DM-14397,0.023153
DM-14396,0.004682
DM-14395,0.004682
DM-14394,0.113973
DM-14393,0.019124
DM-14392,0.009936
DM-14391,0.52683
DM-14390,0.011597
DM-14389,0.96641
DM-14388,0.664758
DM-14387,0.08152
DM-14386,0.068289
DM-14385,0.003222
DM-14384,0.00582
DM-14383,0.005385
DM-14382,0.143188
DM-14381,0.00407
DM-14380,0.115561
DM-14379,0.00629
DM-14378,0.126353
DM-14377,0.006193
DM-14376,0.027796
DM-14375,0.063715
DM-14374,0.021948
DM-14373,0.019419
DM-14372,0.014064
DM-14371,0.013223
DM-14370,0.91848
DM-14369,0.006488
DM-14368,0.006098
DM-14367,0.620305
DM-14366,0.128088
DM-14365,0.150029
DM-14364,0.944587
DM-14363,0.930458
DM-14362,0.109706
DM-14361,0.932453
DM-14360,0.067547
DM-14359,0.015425
DM-14358,0.051463
DM-14357,0.426799
DM-14356,0.043691
DM-14355,0.004682
DM-14354,0.02461
DM-14353,0.011687
DM-14352,0.968381
DM-14351,0.014504
DM-14350,0.014616
DM-14349,0.008188
DM-14348,0.366023
DM-14347,0.065366
DM-14346,0.148541
DM-14345,0.048858
DM-14344,0.820469
DM-14343,0.017309
DM-14342,0.003028
DM-14341,0.016029
DM-14340,0.032344
DM-14339,0.023153
DM-14338,0.069795
DM-14337,0.048496
DM-14336,0.948537
DM-14335,0.983085
DM-14334,0.980876
DM-14333,0.921358
DM-14332,0.541166
DM-14331,0.957912
DM-14330,0.973037
DM-14329,0.009055
DM-14328,0.254787
DM-14327,0.013956
DM-14326,0.921922
DM-14325,0.005385
DM-14324,0.874507
DM-14323,0.076684
DM-14322,0.980431
DM-14321,0.844922
DM-14320,0.123789
DM-14319,0.013637
DM-14318,0.919063
DM-14317,0.915205
DM-14316,0.014842
DM-14315,0.101589
DM-14314,0.677261
DM-14313,0.045016
DM-14312,0.968381
DM-14311,0.004199
DM-14310,0.040541
DM-14309,0.373019
DM-14308,0.00659
DM-14307,0.045016
DM-14306,0.105211
DM-14305,0.260201
DM-14304,0.422266
DM-14303,0.007577
DM-14302,0.008062
DM-14301,0.755997
DM-14300,0.745398
DM-14299,0.327749
DM-14298,0.141281
DM-14297,0.644561
DM-14296,0.007121
DM-14295,0.788909
DM-14294,0.00986
DM-14293,0.768386
DM-14292,0.965641
DM-14291,0.131619
DM-14290,0.012054
DM-14289,0.126353
DM-14288,0.027585
DM-14287,0.007696
DM-14286,0.012821
DM-14285,0.024054
DM-14284,0.5083
DM-14283,0.00522
DM-14282,0.010818
DM-14281,0.906653
DM-14280,0.009197
DM-14279,0.006798
DM-14278,0.030909
DM-14277,0.008188
DM-14276,0.017309
DM-14275,0.026156
DM-14274,0.030444
DM-14273,0.050705
DM-14272,0.060087
DM-14271,0.224735
DM-14270,0.746139
DM-14269,0.026964
DM-14268,0.762424
DM-14267,0.203391
DM-14266,0.753829
DM-14265,0.674694
DM-14264,0.93196
DM-14263,0.946597
DM-14262,0.037327
DM-14261,0.020964
DM-14260,0.020332
DM-14259,0.605799
DM-14258,0.015073
DM-14257,0.003824
DM-14256,0.017309
DM-14255,0.0341
DM-14254,0.062331
DM-14253,0.756717
DM-14252,0.960361
DM-14251,0.974239
DM-14250,0.006693
DM-14249,0.008062
DM-14248,0.019871
DM-14247,0.431584
DM-14246,0.162646
DM-14245,0.032101
DM-14244,0.007696
DM-14243,0.023331
DM-14242,0.024423
DM-14241,0.921358
DM-14240,0.966914
DM-14239,0.030909
DM-14238,0.989672
DM-14237,0.049589
DM-14236,0.874935
DM-14235,0.004682
DM-14234,0.030909
DM-14233,0.025761
DM-14232,0.90599
DM-14231,0.176672
DM-14230,0.012723
DM-14229,0.080069
DM-14228,0.71423
DM-14227,0.003173
DM-14226,0.971564
DM-14225,0.966914
DM-14224,0.009413
DM-14223,0.138462
DM-14222,0.959459
DM-14221,0.982151
DM-14220,0.060975
DM-14219,0.982955
DM-14218,0.727975
DM-14217,0.011687
DM-14216,0.017849
DM-14215,0.012432
DM-14214,0.380989
DM-14213,0.32354
DM-14212,0.895157
DM-14211,0.972623
DM-14210,0.878731
DM-14209,0.98983
DM-14208,0.017309
DM-14207,0.033086
DM-14206,0.974629
DM-14205,0.029091
DM-14204,0.267983
DM-14203,0.043366
DM-14202,0.019271
DM-14201,0.015785
DM-14200,0.022803
DM-14199,0.006798
DM-14198,0.801936
DM-14197,0.025957
DM-14196,0.027585
DM-14195,0.026557
DM-14194,0.007012
DM-14193,0.115561
DM-14192,0.01292
DM-14191,0.984094
DM-14190,0.050705
DM-14189,0.004332
DM-14188,0.926835
DM-14187,0.75274
DM-14186,0.09401
DM-14185,0.942082
DM-14184,0.987946
DM-14183,0.846451
DM-14182,0.012336
DM-14181,0.032837
DM-14180,0.026355
DM-14179,0.9659
DM-14178,0.004538
DM-14177,0.006693
DM-14176,0.049589
DM-14175,0.00483
DM-14174,0.404037
DM-14173,0.008062
DM-14172,0.026557
DM-14171,0.05921
DM-14170,0.044681
DM-14169,0.737158
DM-14168,0.03622
DM-14167,0.933431
DM-14166,0.944995
DM-14165,0.921358
DM-14164,0.044019
DM-14163,0.903635
DM-14162,0.007233
DM-14161,0.084191
DM-14160,0.976847
DM-14159,0.011158
DM-14158,0.060975
DM-14157,0.066569
DM-14156,0.835484
DM-14155,0.033337
DM-14154,0.890675
DM-14153,0.012241
DM-14152,0.025761
DM-14151,0.852445
DM-14150,0.038466
DM-14149,0.170232
DM-14148,0.012528
DM-14147,0.052619
DM-14146,0.03622
DM-14145,0.743168
DM-14144,0.017309
DM-14143,0.182717
DM-14142,0.803791
DM-14141,0.681621
DM-14140,0.987179
DM-14139,0.086942
DM-14138,0.372106
DM-14137,0.032101
DM-14136,0.012054
DM-14135,0.022977
DM-14134,0.145115
DM-14133,0.047426
DM-14132,0.00514
DM-14131,0.00934
DM-14130,0.00506
DM-14129,0.017442
DM-14128,0.043366
DM-14127,0.063948
DM-14126,0.004468
DM-14125,0.021287
DM-14124,0.004399
DM-14123,0.026156
DM-14122,0.766294
DM-14121,0.041774
DM-14120,0.119203
DM-14119,0.017177
DM-14118,0.263789
DM-14117,0.016915
DM-14116,0.051083
DM-14115,0.008062
DM-14114,0.977883
DM-14113,0.028871
DM-14112,0.026964
DM-14111,0.07056
DM-14110,0.88642
DM-14109,0.157137
DM-14108,0.012054
DM-14107,0.06489
DM-14106,0.962953
DM-14105,0.963506
DM-14104,0.951863
DM-14103,0.005555
DM-14102,0.841305
DM-14101,0.034359
DM-14100,0.670608
DM-14099,0.019124
DM-14098,0.763836
DM-14097,0.007233
DM-14096,0.140336
DM-14095,0.977371
DM-14094,0.817574
DM-14093,0.023871
DM-14092,0.019719
DM-14091,0.022457
DM-14090,0.022117
DM-14089,0.019419
DM-14088,0.022286
DM-14087,0.021287
DM-14086,0.022457
DM-14085,0.024798
DM-14084,0.900179
DM-14083,0.01292
DM-14082,0.550849
DM-14081,0.014729
DM-14080,0.007233
DM-14079,0.170784
DM-14078,0.737536
DM-14077,0.051083
DM-14076,0.018125
DM-14075,0.012723
DM-14074,0.026355
DM-14073,0.009413
DM-14072,0.104112
DM-14071,0.025371
DM-14070,0.035948
DM-14069,0.030676
DM-14068,0.213377
DM-14067,0.029987
DM-14066,0.215681
DM-14065,0.075585
DM-14064,0.007121
DM-14063,0.027169
DM-14062,0.041774
DM-14061,0.026156
DM-14060,0.125923
DM-14059,0.057493
DM-14058,0.032837
DM-14057,0.924142
DM-14056,0.034359
DM-14055,0.023871
DM-14054,0.020489
DM-14053,0.83868
DM-14052,0.016403
DM-14051,0.005555
DM-14050,0.021287
DM-14049,0.024238
DM-14048,0.017045
DM-14047,0.021948
DM-14046,0.275909
DM-14045,0.509276
DM-14044,0.024988
DM-14043,0.067793
DM-14042,0.023871
DM-14041,0.006193
DM-14040,0.055413
DM-14039,0.086323
DM-14038,0.01653
DM-14037,0.067547
DM-14036,0.311846
DM-14035,0.666062
DM-14034,0.951863
DM-14033,0.711431
DM-14032,0.868381
DM-14031,0.14978
DM-14030,0.243283
DM-14029,0.973645
DM-14028,0.03138
DM-14027,0.09739
DM-14026,0.010249
DM-14025,0.004265
DM-14024,0.776623
DM-14023,0.253491
DM-14022,0.425605
DM-14021,0.41561
DM-14020,0.207536
DM-14019,0.025371
DM-14018,0.016403
DM-14017,0.008062
DM-14016,0.020023
DM-14015,0.330269
DM-14014,0.062789
DM-14013,0.873647
DM-14012,0.921358
DM-14011,0.091707
DM-14010,0.011597
DM-14009,0.00365
DM-14008,0.018405
DM-14007,0.005642
DM-14006,0.892187
DM-14005,0.655115
DM-14004,0.026759
DM-14003,0.171061
DM-14002,0.004538
DM-14001,0.256646
DM-14000,0.277179
DM-13999,0.456168
DM-13998,0.030444
DM-13997,0.029535
DM-13996,0.15662
DM-13995,0.024988
DM-13994,0.897695
DM-13993,0.118385
DM-13992,0.935817
DM-13991,0.842345
DM-13990,0.987946
DM-13989,0.007233
DM-13988,0.085404
DM-13987,0.100879
DM-13986,0.062331
DM-13985,0.611904
DM-13984,0.920218
DM-13983,0.350866
DM-13982,0.057493
DM-13981,0.29088
DM-13980,0.028871
DM-13979,0.551091
DM-13978,0.230227
DM-13977,0.37222
DM-13976,0.477554
DM-13975,0.009708
DM-13974,0.224055
DM-13973,0.166134
DM-13972,0.893309
DM-13971,0.188026
DM-13970,0.972415
DM-13969,0.029535
DM-13968,0.010902
DM-13967,0.913058
DM-13966,0.051083
DM-13965,0.312422
DM-13964,0.980876
DM-13963,0.017309
DM-13962,0.978875
DM-13961,0.013956
DM-13960,0.856332
DM-13959,0.039937
DM-13958,0.635788
DM-13957,0.038756
DM-13956,0.921922
DM-13955,0.113973
DM-13954,0.144631
DM-13953,0.025957
DM-13952,0.014504
DM-13951,0.006798
DM-13950,0.039639
DM-13949,0.605566
DM-13948,0.180684
DM-13947,0.037327
DM-13946,0.007233
DM-13945,0.355048
DM-13944,0.057071
DM-13943,0.010328
DM-13942,0.199308
DM-13941,0.46393
DM-13940,0.055823
DM-13939,0.984811
DM-13938,0.967656
DM-13937,0.989347
DM-13936,0.993307
DM-13935,0.985496
DM-13934,0.974435
DM-13933,0.992062
DM-13932,0.987946
DM-13931,0.974821
DM-13930,0.984811
DM-13929,0.979511
DM-13928,0.977371
DM-13927,0.986979
DM-13926,0.933915
DM-13925,0.986151
DM-13924,0.981453
DM-13923,0.975946
DM-13922,0.959154
DM-13921,0.041153
DM-13920,0.015189
DM-13919,0.584627
DM-13918,0.010818
DM-13917,0.013325
DM-13916,0.022117
DM-13915,0.679817
DM-13914,0.892937
DM-13913,0.921922
DM-13912,0.186836
DM-13911,0.956957
DM-13910,0.604516
DM-13909,0.045016
DM-13908,0.169681
DM-13907,0.016657
DM-13906,0.973443
DM-13905,0.026964
DM-13904,0.024988
DM-13903,0.004468
DM-13902,0.00483
DM-13901,0.003884
DM-13900,0.015664
DM-13899,0.00461
DM-13898,0.322953
DM-13897,0.892937
DM-13896,0.105579
DM-13895,0.102305
DM-13894,0.015544
DM-13893,0.022286
DM-13892,0.009055
DM-13891,0.004399
DM-13890,0.023509
DM-13889,0.010902
DM-13888,0.013223
DM-13887,0.684053
DM-13886,0.51562
DM-13885,0.92523
DM-13884,0.007938
DM-13883,0.958538
DM-13882,0.017577
DM-13881,0.035948
DM-13880,0.919643
DM-13879,0.132964
DM-13878,0.09236
DM-13877,0.174692
DM-13876,0.847463
DM-13875,0.948917
DM-13874,0.991684
DM-13873,0.029312
DM-13872,0.00407
DM-13871,0.764892
DM-13870,0.035679
DM-13869,0.655308
DM-13868,0.480966
DM-13867,0.00483
DM-13866,0.28398
DM-13865,0.903975
DM-13864,0.049589
DM-13863,0.022803
DM-13861,0.962953
DM-13860,0.942507
DM-13859,0.004755
DM-13858,0.007121
DM-13857,0.675444
DM-13856,0.058777
DM-13855,0.348479
DM-13854,0.42656
DM-13853,0.032101
DM-13852,0.033844
DM-13851,0.105948
DM-13850,0.041462
DM-13849,0.007938
DM-13848,0.019271
DM-13847,0.556882
DM-13846,0.046725
DM-13845,0.089773
DM-13844,0.004755
DM-13843,0.441191
DM-13842,0.948917
DM-13841,0.00522
DM-13840,0.119614
DM-13839,0.76769
DM-13838,0.072112
DM-13837,0.782663
DM-13836,0.055413
DM-13835,0.011245
DM-13834,0.031144
DM-13833,0.110088
DM-13832,0.804713
DM-13831,0.859664
DM-13830,0.918772
DM-13829,0.020964
DM-13828,0.278355
DM-13827,0.014729
DM-13826,0.056652
DM-13825,0.203708
DM-13824,0.025371
DM-13823,0.035679
DM-13822,0.160266
DM-13821,0.636749
DM-13820,0.438064
DM-13819,0.061876
DM-13818,0.018405
DM-13817,0.71423
DM-13816,0.054199
DM-13815,0.023689
DM-13814,0.954308
DM-13813,0.046725
DM-13812,0.185062
DM-13811,0.070304
DM-13810,0.062331
DM-13809,0.044681
DM-13808,0.019124
DM-13807,0.980581
DM-13806,0.052619
DM-13805,0.720172
DM-13804,0.021615
DM-13803,0.015664
DM-13802,0.895157
DM-13801,0.007346
DM-13800,0.016785
DM-13799,0.309441
DM-13798,0.099821
DM-13797,0.038466
DM-13796,0.008511
DM-13795,0.022803
DM-13794,0.969785
DM-13793,0.017309
DM-13792,0.519034
DM-13791,0.965119
DM-13790,0.872347
DM-13789,0.004982
DM-13788,0.23231
DM-13787,0.021287
DM-13786,0.008644
DM-13785,0.969556
DM-13784,0.979823
DM-13783,0.024238
DM-13782,0.36659
DM-13781,0.976669
DM-13780,0.003884
DM-13779,0.016915
DM-13778,0.553988
DM-13777,0.050331
DM-13776,0.006488
DM-13775,0.977714
DM-13774,0.044019
DM-13773,0.985496
DM-13772,0.005642
DM-13771,0.00365
DM-13770,0.900879
DM-13769,0.093017
DM-13768,0.004982
DM-13767,0.688049
DM-13766,0.30965
DM-13765,0.006004
DM-13764,0.188026
DM-13763,0.960657
DM-13762,0.648132
DM-13761,0.021615
DM-13760,0.00659
DM-13759,0.70619
DM-13758,0.061199
DM-13757,0.006798
DM-13756,0.024054
DM-13755,0.075041
DM-13754,0.46393
DM-13753,0.051845
DM-13752,0.979977
DM-13751,0.988842
DM-13750,0.759225
DM-13749,0.052425
DM-13748,0.944587
DM-13747,0.018689
DM-13746,0.824462
DM-13745,0.008985
DM-13744,0.129843
DM-13743,0.020332
DM-13742,0.002758
DM-13741,0.01142
DM-13740,0.976129
DM-13739,0.460046
DM-13738,0.011245
DM-13737,0.983214
DM-13736,0.003483
DM-13735,0.004538
DM-13734,0.008985
DM-13733,0.189821
DM-13732,0.142948
DM-13731,0.010735
DM-13730,0.028436
DM-13729,0.046034
DM-13728,0.906653
DM-13727,0.188026
DM-13726,0.00522
DM-13725,0.060975
DM-13724,0.050705
DM-13723,0.130729
DM-13722,0.194674
DM-13721,0.017177
DM-13720,0.071332
DM-13719,0.022629
DM-13718,0.542379
DM-13717,0.022803
DM-13716,0.007012
DM-13715,0.218669
DM-13714,0.496582
DM-13713,0.720172
DM-13712,0.30013
DM-13711,0.404978
DM-13710,0.16132
DM-13709,0.057705
DM-13708,0.670285
DM-13707,0.924142
DM-13706,0.897695
DM-13705,0.442155
DM-13704,0.612889
DM-13703,0.853425
DM-13702,0.965119
DM-13701,0.137764
DM-13700,0.02461
DM-13699,0.024988
DM-13698,0.115561
DM-13697,0.034359
DM-13696,0.132964
DM-13695,0.674158
DM-13694,0.006098
DM-13693,0.477554
DM-13692,0.057071
DM-13691,0.260201
DM-13690,0.868827
DM-13689,0.939025
DM-13688,0.982014
DM-13687,0.045692
DM-13686,0.00506
DM-13685,0.185357
DM-13684,0.985936
DM-13683,0.906653
DM-13682,0.030444
DM-13681,0.914596
DM-13680,0.082994
DM-13679,0.033844
DM-13678,0.104112
DM-13677,0.069038
DM-13676,0.297062
DM-13675,0.116362
DM-13674,0.092033
DM-13673,0.38122
DM-13672,0.982691
DM-13671,0.056236
DM-13670,0.037327
DM-13669,0.037047
DM-13668,0.039048
DM-13667,0.032837
DM-13666,0.082994
DM-13665,0.727975
DM-13664,0.041774
DM-13663,0.636664
DM-13662,0.034359
DM-13661,0.058346
DM-13660,0.233182
DM-13659,0.020964
DM-13658,0.866585
DM-13657,0.027169
DM-13656,0.956309
DM-13655,0.081228
DM-13654,0.016029
DM-13653,0.96862
DM-13652,0.842345
DM-13651,0.057071
DM-13650,0.024798
DM-13649,0.048137
DM-13648,0.098773
DM-13647,0.022457
DM-13646,0.020804
DM-13645,0.090414
DM-13644,0.00343
DM-13643,0.721743
DM-13642,0.023509
DM-13641,0.929951
DM-13640,0.985718
DM-13639,0.921358
DM-13638,0.72331
DM-13637,0.022286
DM-13636,0.907312
DM-13635,0.9462
DM-13634,0.597138
DM-13633,0.024988
DM-13632,0.058346
DM-13631,0.022977
DM-13630,0.004399
DM-13629,0.253861
DM-13628,0.038756
DM-13627,0.921922
DM-13626,0.015073
DM-13625,0.785966
DM-13624,0.954647
DM-13623,0.141756
DM-13622,0.008316
DM-13621,0.148047
DM-13620,0.219672
DM-13619,0.012528
DM-13618,0.02461
DM-13617,0.010735
DM-13616,0.003124
DM-13615,0.07477
DM-13614,0.00514
DM-13613,0.007696
DM-13612,0.563378
DM-13611,0.959762
DM-13610,0.015306
DM-13609,0.579995
DM-13608,0.00934
DM-13607,0.432063
DM-13606,0.018833
DM-13605,0.081813
DM-13604,0.004468
DM-13603,0.014842
DM-13602,0.056236
DM-13601,0.006798
DM-13600,0.009559
DM-13599,0.09236
DM-13598,0.013637
DM-13597,0.007938
DM-13596,0.818156
DM-13595,0.902266
DM-13594,0.00506
DM-13593,0.111241
DM-13592,0.104477
DM-13591,0.011869
DM-13590,0.010328
DM-13589,0.035948
DM-13588,0.973844
DM-13587,0.018405
DM-13586,0.006798
DM-13585,0.344664
DM-13584,0.790207
DM-13583,0.844409
DM-13582,0.281011
DM-13581,0.932453
DM-13580,0.022629
DM-13579,0.344223
DM-13578,0.018547
DM-13577,0.48438
DM-13576,0.182426
DM-13575,0.006193
DM-13574,0.793106
DM-13573,0.955981
DM-13572,0.009126
DM-13571,0.00343
DM-13570,0.939913
DM-13569,0.019871
DM-13568,0.00483
DM-13567,0.016657
DM-13566,0.118385
DM-13565,0.151278
DM-13564,0.014064
DM-13563,0.010653
DM-13562,0.478041
DM-13561,0.939025
DM-13560,0.853425
DM-13559,0.68763
DM-13558,0.436862
DM-13557,0.169956
DM-13556,0.172729
DM-13555,0.973844
DM-13554,0.018833
DM-13553,0.2587
DM-13552,0.314261
DM-13551,0.011687
DM-13550,0.004399
DM-13549,0.089455
DM-13548,0.013956
DM-13547,0.0538
DM-13546,0.971564
DM-13545,0.008847
DM-13544,0.057071
DM-13543,0.552057
DM-13542,0.03622
DM-13541,0.023509
DM-13540,0.007696
DM-13539,0.011869
DM-13538,0.134321
DM-13537,0.021615
DM-13536,0.96862
DM-13535,0.942929
DM-13534,0.652629
DM-13533,0.021451
DM-13532,0.018833
DM-13531,0.011778
DM-13530,0.317955
DM-13529,0.046725
DM-13528,0.05921
DM-13527,0.086323
DM-13526,0.012821
DM-13525,0.709623
DM-13524,0.524395
DM-13523,0.020489
DM-13522,0.012432
DM-13521,0.017045
DM-13520,0.057493
DM-13519,0.040846
DM-13518,0.03359
DM-13517,0.006904
DM-13516,0.955319
DM-13515,0.052619
DM-13514,0.036494
DM-13513,0.056236
DM-13512,0.067056
DM-13511,0.004905
DM-13510,0.015785
DM-13509,0.006798
DM-13508,0.886027
DM-13507,0.635774
DM-13506,0.753104
DM-13505,0.167219
DM-13504,0.603348
DM-13503,0.007696
DM-13502,0.026156
DM-13501,0.010091
DM-13500,0.49707
DM-13499,0.016029
DM-13498,0.120439
DM-13497,0.011072
DM-13496,0.944587
DM-13495,0.403214
DM-13494,0.004905
DM-13493,0.008062
DM-13492,0.844922
DM-13491,0.004905
DM-13490,0.930962
DM-13489,0.057493
DM-13488,0.05301
DM-13487,0.031859
DM-13486,0.010249
DM-13485,0.003483
DM-13484,0.198064
DM-13483,0.947381
DM-13482,0.871475
DM-13481,0.981875
DM-13480,0.018689
DM-13479,0.092688
DM-13478,0.944177
DM-13477,0.031144
DM-13476,0.97539
DM-13475,0.004007
DM-13474,0.005555
DM-13473,0.204978
DM-13472,0.054199
DM-13471,0.943348
DM-13470,0.117978
DM-13469,0.045016
DM-13468,0.677901
DM-13467,0.980431
DM-13466,0.669056
DM-13465,0.072112
DM-13464,0.858719
DM-13463,0.028221
DM-13462,0.044681
DM-13461,0.00407
DM-13460,0.246171
DM-13459,0.057918
DM-13458,0.089137
DM-13457,0.340979
DM-13456,0.154823
DM-13455,0.907967
DM-13454,0.915205
DM-13453,0.047074
DM-13452,0.980129
DM-13451,0.594787
DM-13450,0.971779
DM-13449,0.9659
DM-13448,0.044349
DM-13447,0.491456
DM-13446,0.152537
DM-13445,0.252753
DM-13444,0.090735
DM-13443,0.265119
DM-13442,0.935346
DM-13441,0.022803
DM-13440,0.015785
DM-13439,0.006798
DM-13438,0.57338
DM-13437,0.012625
DM-13436,0.021615
DM-13435,0.017986
DM-13434,0.005642
DM-13433,0.003222
DM-13432,0.640889
DM-13431,0.069289
DM-13430,0.054601
DM-13429,0.02976
DM-13428,0.063019
DM-13427,0.010653
DM-13426,0.033844
DM-13425,0.178383
DM-13424,0.814643
DM-13423,0.00986
DM-13422,0.091707
DM-13421,0.068289
DM-13420,0.333802
DM-13419,0.03259
DM-13418,0.002715
DM-13417,0.006388
DM-13416,0.045692
DM-13415,0.943348
DM-13414,0.973645
DM-13413,0.006193
DM-13412,0.00934
DM-13411,0.125923
DM-13410,0.013742
DM-13409,0.895157
DM-13408,0.014842
DM-13407,0.827271
DM-13406,0.028008
DM-13405,0.0745
DM-13404,0.012821
DM-13403,0.010735
DM-13402,0.510741
DM-13401,0.032837
DM-13400,0.016785
DM-13399,0.08819
DM-13398,0.862004
DM-13397,0.887595
DM-13396,0.009784
DM-13395,0.015189
DM-13394,0.073963
DM-13393,0.971347
DM-13392,0.978052
DM-13391,0.971779
DM-13390,0.961244
DM-13389,0.009268
DM-13388,0.007461
DM-13387,0.080937
DM-13386,0.915507
DM-13385,0.94079
DM-13384,0.009784
DM-13383,0.670069
DM-13382,0.021948
DM-13381,0.181553
DM-13380,0.027796
DM-13379,0.727007
DM-13378,0.344443
DM-13377,0.290981
DM-13376,0.36676
DM-13375,0.231093
DM-13374,0.888759
DM-13373,0.070816
DM-13372,0.080069
DM-13371,0.067547
DM-13370,0.712832
DM-13369,0.042404
DM-13368,0.907967
DM-13367,0.043043
DM-13366,0.974821
DM-13365,0.872347
DM-13364,0.2587
DM-13363,0.580828
DM-13362,0.930458
DM-13361,0.510252
DM-13360,0.016403
DM-13359,0.980281
DM-13358,0.786623
DM-13357,0.217338
DM-13356,0.006388
DM-13355,0.977197
DM-13354,0.604282
DM-13353,0.971779
DM-13352,0.962108
DM-13351,0.403097
DM-13350,0.085709
DM-13349,0.894052
DM-13348,0.041153
DM-13347,0.639398
DM-13346,0.011332
DM-13345,0.046034
DM-13344,0.078926
DM-13343,0.012336
DM-13342,0.958538
DM-13341,0.022286
DM-13340,0.081228
DM-13339,0.006798
DM-13338,0.039937
DM-13337,0.003884
DM-13336,0.011687
DM-13335,0.08152
DM-13334,0.019719
DM-13333,0.058561
DM-13332,0.013428
DM-13331,0.147065
DM-13330,0.870597
DM-13329,0.417984
DM-13328,0.013742
DM-13327,0.035145
DM-13326,0.018264
DM-13325,0.00659
DM-13324,0.270384
DM-13323,0.002801
DM-13322,0.004905
DM-13321,0.939913
DM-13320,0.880386
DM-13319,0.96641
DM-13318,0.818737
DM-13317,0.005642
DM-13316,0.007696
DM-13315,0.003377
DM-13314,0.00934
DM-13313,0.022286
DM-13311,0.02976
DM-13310,0.005911
DM-13309,0.070049
DM-13308,0.572962
DM-13307,0.050705
DM-13306,0.024423
DM-13305,0.022803
DM-13304,0.007577
DM-13303,0.966663
DM-13302,0.974821
DM-13301,0.976129
DM-13300,0.631878
DM-13299,0.024423
DM-13298,0.045016
DM-13297,0.004332
DM-13296,0.236516
DM-13295,0.063948
DM-13294,0.032344
DM-13293,0.921358
DM-13292,0.046378
DM-13291,0.022629
DM-13290,0.683842
DM-13289,0.587352
DM-13288,0.513668
DM-13287,0.958226
DM-13286,0.018547
DM-13285,0.009197
DM-13284,0.022117
DM-13283,0.138928
DM-13282,0.043366
DM-13281,0.01142
DM-13280,0.058561
DM-13279,0.018689
DM-13278,0.943764
DM-13277,0.504394
DM-13276,0.064418
DM-13275,0.950411
DM-13274,0.008985
DM-13273,0.154312
DM-13272,0.017849
DM-13271,0.923039
DM-13270,0.048496
DM-13269,0.035948
DM-13268,0.787605
DM-13267,0.756358
DM-13266,0.004332
DM-13265,0.008985
DM-13264,0.917303
DM-13263,0.014729
DM-13262,0.004399
DM-13261,0.048858
DM-13260,0.0745
DM-13259,0.564819
DM-13258,0.030215
DM-13257,0.130729
DM-13256,0.017577
DM-13255,0.027169
DM-13254,0.006004
DM-13253,0.063019
DM-13252,0.00659
DM-13251,0.974239
DM-13250,0.044349
DM-13249,0.011158
DM-13248,0.614394
DM-13247,0.045016
DM-13246,0.253676
DM-13245,0.912436
DM-13244,0.061424
DM-13243,0.014729
DM-13242,0.006098
DM-13241,0.009708
DM-13240,0.145601
DM-13239,0.006693
DM-13238,0.155078
DM-13237,0.891055
DM-13236,0.974435
DM-13235,0.076408
DM-13234,0.919643
DM-13233,0.76454
DM-13232,0.009634
DM-13231,0.041774
DM-13230,0.008916
DM-13229,0.025179
DM-13228,0.008316
DM-13227,0.021948
DM-13226,0.105579
DM-13225,0.500488
DM-13224,0.645343
DM-13223,0.003945
DM-13222,0.09401
DM-13221,0.002935
DM-13220,0.004468
DM-13219,0.395951
DM-13218,0.024798
DM-13217,0.647352
DM-13216,0.012625
DM-13215,0.056652
DM-13214,0.017849
DM-13213,0.044019
DM-13212,0.003273
DM-13211,0.010091
DM-13210,0.834407
DM-13209,0.004265
DM-13208,0.862468
DM-13207,0.973844
DM-13206,0.942929
DM-13205,0.182426
DM-13204,0.022117
DM-13203,0.490236
DM-13202,0.042088
DM-13201,0.005385
DM-13200,0.006193
DM-13199,0.021948
DM-13198,0.084493
DM-13197,0.985043
DM-13196,0.984336
DM-13195,0.010328
DM-13194,0.036769
DM-13193,0.00629
DM-13192,0.022977
DM-13191,0.803791
DM-13190,0.787931
DM-13189,0.565539
DM-13188,0.945399
DM-13187,0.008188
DM-13186,0.019871
DM-13185,0.010249
DM-13184,0.010902
DM-13183,0.021615
DM-13182,0.009936
DM-13181,0.039937
DM-13180,0.127218
DM-13179,0.089773
DM-13178,0.985043
DM-13177,0.796609
DM-13176,0.304248
DM-13175,0.18418
DM-13174,0.006693
DM-13173,0.968856
DM-13172,0.190724
DM-13171,0.355383
DM-13170,0.09401
DM-13169,0.278061
DM-13168,0.970909
DM-13167,0.910863
DM-13166,0.034619
DM-13165,0.005385
DM-13164,0.178383
DM-13163,0.953275
DM-13162,0.009936
DM-13161,0.008779
DM-13160,0.015425
DM-13159,0.953275
DM-13158,0.969785
DM-13157,0.947769
DM-13156,0.947381
DM-13155,0.00461
DM-13154,0.007938
DM-13153,0.03259
DM-13152,0.888372
DM-13151,0.152032
DM-13150,0.018689
DM-13149,0.027376
DM-13148,0.022457
DM-13147,0.05921
DM-13146,0.046725
DM-13145,0.014504
DM-13144,0.020804
DM-13143,0.02976
DM-13142,0.054601
DM-13141,0.003594
DM-13140,0.445047
DM-13139,0.456168
DM-13138,0.015425
DM-13137,0.019871
DM-13136,0.00934
DM-13135,0.777638
DM-13134,0.015544
DM-13133,0.007233
DM-13132,0.079496
DM-13131,0.008446
DM-13130,0.017309
DM-13129,0.007938
DM-13128,0.007461
DM-13127,0.009708
DM-13126,0.004682
DM-13125,0.170784
DM-13124,0.031619
DM-13123,0.012528
DM-13122,0.92164
DM-13121,0.19498
DM-13120,0.016029
DM-13119,0.889529
DM-13118,0.514644
DM-13117,0.329931
DM-13116,0.049589
DM-13115,0.560253
DM-13114,0.941223
DM-13113,0.979195
DM-13112,0.903975
DM-13111,0.032101
DM-13110,0.017309
DM-13109,0.891055
DM-13108,0.957596
DM-13107,0.13569
DM-13106,0.323487
DM-13105,0.015785
DM-13104,0.932944
DM-13103,0.044019
DM-13102,0.656438
DM-13101,0.043043
DM-13100,0.003884
DM-13099,0.003324
DM-13098,0.026156
DM-13097,0.018264
DM-13096,0.137996
DM-13095,0.869271
DM-13094,0.177526
DM-13093,0.004538
DM-13092,0.92944
DM-13091,0.264169
DM-13090,0.085709
DM-13089,0.020332
DM-13088,0.098425
DM-13087,0.010735
DM-13086,0.337749
DM-13085,0.955319
DM-13084,0.262086
DM-13083,0.01142
DM-13082,0.008188
DM-13081,0.004905
DM-13080,0.025371
DM-13079,0.028436
DM-13078,0.014172
DM-13077,0.97539
DM-13076,0.033337
DM-13075,0.146087
DM-13074,0.005469
DM-13073,0.253676
DM-13072,0.962108
DM-13071,0.00629
DM-13070,0.003377
DM-13069,0.021948
DM-13068,0.107063
DM-13067,0.647659
DM-13066,0.024054
DM-13065,0.628379
DM-13064,0.027169
DM-13063,0.106319
DM-13062,0.00407
DM-13061,0.191933
DM-13060,0.872347
DM-13059,0.035948
DM-13058,0.012054
DM-13057,0.016915
DM-13056,0.013325
DM-13055,0.013742
DM-13054,0.097734
DM-13053,0.062331
DM-13052,0.004982
DM-13051,0.027376
DM-13050,0.845433
DM-13049,0.048137
DM-13048,0.036769
DM-13047,0.038756
DM-13046,0.013428
DM-13045,0.096025
DM-13044,0.026156
DM-13043,0.806853
DM-13042,0.585101
DM-13041,0.340249
DM-13040,0.896251
DM-13039,0.854885
DM-13038,0.023871
DM-13037,0.004399
DM-13036,0.80502
DM-13035,0.362631
DM-13034,0.035411
DM-13033,0.966156
DM-13032,0.91848
DM-13031,0.892937
DM-13030,0.872782
DM-13029,0.033086
DM-13028,0.041774
DM-13027,0.022803
DM-13026,0.015306
DM-13025,0.048137
DM-13024,0.033086
DM-13023,0.041774
DM-13022,0.022803
DM-13021,0.015306
DM-13020,0.048137
DM-13019,0.033086
DM-13018,0.041774
DM-13017,0.022803
DM-13016,0.015306
DM-13015,0.077239
DM-13014,0.033086
DM-13013,0.041774
DM-13012,0.022803
DM-13011,0.015306
DM-13010,0.878314
DM-13009,0.253861
DM-13008,0.041774
DM-13007,0.022803
DM-13006,0.015306
DM-13005,0.048137
DM-13004,0.034619
DM-13003,0.022803
DM-13002,0.015306
DM-13001,0.009784
DM-13000,0.797872
DM-12999,0.033086
DM-12998,0.041774
DM-12997,0.022803
DM-12996,0.015306
DM-12995,0.045692
DM-12994,0.906653
DM-12993,0.009708
DM-12992,0.03259
DM-12991,0.075312
DM-12990,0.07836
DM-12989,0.147065
DM-12988,0.005385
DM-12987,0.017309
DM-12986,0.00506
DM-12985,0.009559
DM-12984,0.903294
DM-12983,0.009708
DM-12982,0.027796
DM-12981,0.207215
DM-12980,0.013532
DM-12979,0.013428
DM-12978,0.016785
DM-12977,0.006388
DM-12976,0.725649
DM-12975,0.014842
DM-12974,0.949669
DM-12973,0.766643
DM-12972,0.311532
DM-12971,0.020177
DM-12970,0.021948
DM-12969,0.137764
DM-12968,0.09739
DM-12967,0.00934
DM-12966,0.005642
DM-12965,0.01057
DM-12964,0.983597
DM-12963,0.021615
DM-12962,0.0729
DM-12961,0.005911
DM-12960,0.766643
DM-12959,0.066327
DM-12958,0.14978
DM-12957,0.024988
DM-12956,0.006193
DM-12955,0.149035
DM-12954,0.138928
DM-12953,0.30549
DM-12952,0.86293
DM-12951,0.847463
DM-12950,0.794066
DM-12949,0.005385
DM-12948,0.009055
DM-12947,0.013428
DM-12946,0.007816
DM-12945,0.012625
DM-12944,0.928926
DM-12943,0.043366
DM-12942,0.174973
DM-12941,0.357217
DM-12940,0.003273
DM-12939,0.030676
DM-12938,0.004332
DM-12937,0.003945
DM-12936,0.049589
DM-12935,0.225758
DM-12934,0.024988
DM-12933,0.096025
DM-12932,0.012723
DM-12931,0.014282
DM-12930,0.006488
DM-12929,0.023871
DM-12928,0.973037
DM-12927,0.937669
DM-12926,0.460532
DM-12925,0.102664
DM-12924,0.028008
DM-12923,0.914901
DM-12922,0.160266
DM-12921,0.116362
DM-12920,0.609989
DM-12919,0.479016
DM-12918,0.018978
DM-12917,0.004982
DM-12916,0.030909
DM-12915,0.018978
DM-12914,0.959154
DM-12913,0.012723
DM-12912,0.177526
DM-12911,0.009634
DM-12910,0.031859
DM-12909,0.007577
DM-12908,0.600774
DM-12907,0.842345
DM-12906,0.120439
DM-12905,0.120439
DM-12904,0.957278
DM-12903,0.047426
DM-12902,0.773559
DM-12901,0.969324
DM-12900,0.213377
DM-12899,0.048137
DM-12898,0.426799
DM-12897,0.009936
DM-12896,0.062331
DM-12895,0.965119
DM-12894,0.127218
DM-12893,0.86293
DM-12892,0.003028
DM-12891,0.855851
DM-12890,0.975762
DM-12889,0.891055
DM-12888,0.959459
DM-12887,0.083591
DM-12886,0.389895
DM-12885,0.057071
DM-12884,0.078078
DM-12883,0.20466
DM-12882,0.006193
DM-12881,0.004332
DM-12880,0.578448
DM-12879,0.232659
DM-12878,0.029535
DM-12877,0.088505
DM-12876,0.777638
DM-12875,0.010902
DM-12874,0.15662
DM-12873,0.094343
DM-12872,0.052619
DM-12871,0.964589
DM-12870,0.101947
DM-12869,0.010653
DM-12868,0.972831
DM-12867,0.980129
DM-12866,0.042404
DM-12865,0.008711
DM-12864,0.006098
DM-12863,0.9462
DM-12862,0.849472
DM-12861,0.010818
DM-12860,0.129403
DM-12859,0.953622
DM-12858,0.097734
DM-12857,0.039048
DM-12856,0.028653
DM-12855,0.019271
DM-12854,0.012054
DM-12853,0.91181
DM-12852,0.020332
DM-12851,0.9659
DM-12850,0.025371
DM-12849,0.009413
DM-12848,0.007938
DM-12847,0.97024
DM-12846,0.942929
DM-12845,0.397471
DM-12844,0.984575
DM-12843,0.982557
DM-12842,0.987375
DM-12841,0.975012
DM-12840,0.887595
DM-12839,0.977714
DM-12838,0.981736
DM-12837,0.985936
DM-12836,0.987946
DM-12835,0.797241
DM-12834,0.96862
DM-12833,0.990587
DM-12832,0.950411
DM-12831,0.779993
DM-12830,0.772531
DM-12829,0.132515
DM-12828,0.986777
DM-12827,0.992988
DM-12826,0.974821
DM-12825,0.969324
DM-12824,0.978219
DM-12823,0.964855
DM-12822,0.978713
DM-12821,0.0538
DM-12820,0.391639
DM-12819,0.614452
DM-12818,0.062103
DM-12817,0.016915
DM-12816,0.800068
DM-12815,0.050331
DM-12814,0.057071
DM-12813,0.971992
DM-12812,0.01653
DM-12811,0.023871
DM-12810,0.017045
DM-12809,0.03359
DM-12808,0.014172
DM-12807,0.488039
DM-12806,0.455199
DM-12805,0.010735
DM-12804,0.897336
DM-12803,0.02976
DM-12802,0.013428
DM-12801,0.071074
DM-12800,0.061876
DM-12799,0.551574
DM-12798,0.016277
DM-12797,0.382314
DM-12796,0.006388
DM-12795,0.747616
DM-12794,0.465387
DM-12793,0.11358
DM-12792,0.973443
DM-12791,0.969324
DM-12790,0.944177
DM-12789,0.982823
DM-12788,0.981311
DM-12787,0.983214
DM-12786,0.986979
DM-12784,0.983847
DM-12783,0.031859
DM-12782,0.010408
DM-12781,0.014504
DM-12780,0.028436
DM-12779,0.029091
DM-12778,0.680029
DM-12777,0.661267
DM-12776,0.01653
DM-12775,0.047426
DM-12774,0.014282
DM-12773,0.045016
DM-12772,0.026759
DM-12771,0.05301
DM-12770,0.017712
DM-12769,0.00343
DM-12768,0.095349
DM-12767,0.889529
DM-12766,0.006904
DM-12765,0.464416
DM-12764,0.974043
DM-12763,0.005385
DM-12762,0.858719
DM-12761,0.093017
DM-12760,0.028008
DM-12759,0.607547
DM-12758,0.908293
DM-12757,0.990874
DM-12755,0.932453
DM-12754,0.884039
DM-12753,0.97649
DM-12752,0.986979
DM-12751,0.989013
DM-12750,0.977023
DM-12749,0.987946
DM-12748,0.986363
DM-12747,0.86293
DM-12746,0.948917
DM-12745,0.957596
DM-12744,0.986979
DM-12743,0.031144
DM-12742,0.075312
DM-12741,0.978219
DM-12740,0.247623
DM-12739,0.941223
DM-12738,0.942507
DM-12737,0.981453
DM-12736,0.0538
DM-12735,0.955981
DM-12734,0.879147
DM-12733,0.81582
DM-12732,0.017986
DM-12731,0.791821
DM-12730,0.969324
DM-12729,0.793106
DM-12728,0.886027
DM-12727,0.031144
DM-12726,0.008062
DM-12725,0.109325
DM-12724,0.03138
DM-12723,0.114765
DM-12722,0.004538
DM-12721,0.052231
DM-12720,0.258513
DM-12719,0.972204
DM-12718,0.976129
DM-12717,0.97649
DM-12716,0.956957
DM-12715,0.97024
DM-12714,0.974629
DM-12713,0.785638
DM-12712,0.852445
DM-12711,0.988131
DM-12710,0.926835
DM-12707,0.951142
DM-12705,0.930458
DM-12704,0.520496
DM-12703,0.958847
DM-12702,0.822189
DM-12701,0.017177
DM-12700,0.024238
DM-12699,0.019569
DM-12698,0.039048
DM-12697,0.01302
DM-12695,0.499512
DM-12694,0.111628
DM-12693,0.011778
DM-12692,0.017177
DM-12691,0.07836
DM-12690,0.487795
DM-12689,0.089137
DM-12688,0.055005
DM-12687,0.724091
DM-12686,0.16398
DM-12685,0.049222
DM-12684,0.76769
DM-12683,0.763131
DM-12682,0.92079
DM-12681,0.750553
DM-12680,0.77081
DM-12679,0.246171
DM-12678,0.032101
DM-12677,0.254416
DM-12676,0.95222
DM-12675,0.086632
DM-12674,0.631523
DM-12673,0.065605
DM-12672,0.015906
DM-12671,0.882022
DM-12670,0.00461
DM-12669,0.009708
DM-12668,0.969324
DM-12667,0.958538
DM-12666,0.965119
DM-12665,0.014392
DM-12664,0.032837
DM-12663,0.099821
DM-12662,0.142709
DM-12661,0.01653
DM-12660,0.469764
DM-12659,0.013325
DM-12658,0.006798
DM-12657,0.947381
DM-12656,0.057493
DM-12655,0.487795
DM-12654,0.142709
DM-12653,0.018264
DM-12652,0.009055
DM-12651,0.750187
DM-12650,0.845942
DM-12649,0.255901
DM-12648,0.956309
DM-12647,0.891434
DM-12646,0.910227
DM-12645,0.60288
DM-12644,0.930458
DM-12643,0.057071
DM-12642,0.968856
DM-12641,0.046034
DM-12640,0.96741
DM-12639,0.077239
DM-12638,0.014729
DM-12637,0.489015
DM-12636,0.071591
DM-12635,0.932944
DM-12634,0.97539
DM-12633,0.949669
DM-12632,0.959154
DM-12631,0.499023
DM-12630,0.832237
DM-12629,0.14978
DM-12628,0.076408
DM-12627,0.930962
DM-12626,0.164785
DM-12625,0.96741
DM-12624,0.108189
DM-12623,0.975202
DM-12622,0.898053
DM-12621,0.423935
DM-12620,0.952926
DM-12619,0.788583
DM-12618,0.917303
DM-12617,0.960063
DM-12616,0.006004
DM-12615,0.971564
DM-12614,0.062103
DM-12613,0.982288
DM-12612,0.020177
DM-12611,0.011687
DM-12610,0.06165
DM-12609,0.671686
DM-12608,0.064418
DM-12607,0.426799
DM-12606,0.986151
DM-12605,0.054199
DM-12604,0.368803
DM-12603,0.955319
DM-12602,0.021287
DM-12601,0.973645
DM-12600,0.979511
DM-12599,0.802246
DM-12598,0.043043
DM-12597,0.053403
DM-12596,0.005385
DM-12595,0.031619
DM-12594,0.058346
DM-12593,0.042722
DM-12592,0.077797
DM-12591,0.005302
DM-12590,0.132964
DM-12589,0.011869
DM-12588,0.027796
DM-12587,0.640748
DM-12586,0.960657
DM-12585,0.933915
DM-12584,0.914901
DM-12583,0.962673
DM-12582,0.921358
DM-12581,0.748352
DM-12580,0.590307
DM-12579,0.789883
DM-12578,0.926835
DM-12577,0.958226
DM-12576,0.96741
DM-12575,0.943764
DM-12574,0.944995
DM-12573,0.938124
DM-12572,0.971992
DM-12571,0.49048
DM-12570,0.290176
DM-12569,0.011687
DM-12568,0.016657
DM-12567,0.227813
DM-12566,0.034619
DM-12565,0.014392
DM-12564,0.018405
DM-12563,0.247805
DM-12562,0.004755
DM-12561,0.005469
DM-12559,0.007233
DM-12558,0.011158
DM-12557,0.007938
DM-12556,0.008316
DM-12555,0.866133
DM-12554,0.049959
DM-12553,0.04778
DM-12552,0.005642
DM-12551,0.060087
DM-12550,0.59408
DM-12549,0.042404
DM-12548,0.287568
DM-12547,0.980281
DM-12546,0.00506
DM-12545,0.023871
DM-12544,0.062103
DM-12543,0.34043
DM-12542,0.176956
DM-12541,0.162912
DM-12540,0.020489
DM-12539,0.015664
DM-12538,0.029312
DM-12537,0.051463
DM-12536,0.613584
DM-12535,0.116764
DM-12534,0.026557
DM-12533,0.103024
DM-12532,0.40204
DM-12531,0.684264
DM-12530,0.045353
DM-12529,0.006798
DM-12528,0.020177
DM-12527,0.007346
DM-12526,0.19498
DM-12525,0.753467
DM-12524,0.00629
DM-12523,0.035411
DM-12522,0.031859
DM-12521,0.015425
DM-12520,0.009559
DM-12519,0.085404
DM-12518,0.040541
DM-12517,0.239883
DM-12516,0.007233
DM-12515,0.164785
DM-12514,0.054199
DM-12513,0.056444
DM-12512,0.028653
DM-12511,0.520984
DM-12510,0.030909
DM-12509,0.971779
DM-12508,0.882833
DM-12507,0.134321
DM-12506,0.005911
DM-12505,0.802556
DM-12504,0.147801
DM-12503,0.930962
DM-12502,0.732974
DM-12501,0.176672
DM-12500,0.027376
DM-12499,0.815526
DM-12498,0.437583
DM-12497,0.354475
DM-12496,0.414662
DM-12495,0.212395
DM-12494,0.018689
DM-12493,0.631111
DM-12492,0.005385
DM-12491,0.043366
DM-12490,0.012528
DM-12489,0.028221
DM-12488,0.454472
DM-12487,0.981022
DM-12486,0.912748
DM-12485,0.899475
DM-12484,0.728941
DM-12483,0.012625
DM-12482,0.170508
DM-12481,0.039937
DM-12480,0.468061
DM-12479,0.011245
DM-12478,0.772531
DM-12477,0.038178
DM-12476,0.625381
DM-12475,0.926835
DM-12474,0.765243
DM-12473,0.242564
DM-12472,0.33764
DM-12471,0.006004
DM-12470,0.016153
DM-12469,0.894052
DM-12468,0.021287
DM-12467,0.959154
DM-12466,0.168309
DM-12465,0.035679
DM-12464,0.962391
DM-12463,0.973844
DM-12462,0.017309
DM-12461,0.665519
DM-12460,0.011597
DM-12459,0.024054
DM-12458,0.039048
DM-12457,0.709824
DM-12456,0.014616
DM-12455,0.037892
DM-12454,0.012723
DM-12453,0.766294
DM-12452,0.210117
DM-12451,0.008446
DM-12450,0.965641
DM-12449,0.006004
DM-12448,0.141756
DM-12447,0.302803
DM-12446,0.434701
DM-12445,0.205934
DM-12444,0.086632
DM-12443,0.020023
DM-12442,0.096365
DM-12441,0.332256
DM-12440,0.014392
DM-12439,0.018405
DM-12438,0.022457
DM-12437,0.985271
DM-12436,0.078078
DM-12435,0.665485
DM-12434,0.03259
DM-12433,0.962673
DM-12432,0.00573
DM-12431,0.027796
DM-12430,0.11358
DM-12429,0.029091
DM-12428,0.286568
DM-12427,0.064418
DM-12426,0.048858
DM-12425,0.024988
DM-12424,0.930458
DM-12423,0.089455
DM-12422,0.038756
DM-12421,0.032344
DM-12420,0.361306
DM-12419,0.021948
DM-12418,0.037047
DM-12417,0.010249
DM-12416,0.944995
DM-12415,0.671901
DM-12414,0.208985
DM-12413,0.065366
DM-12412,0.913058
DM-12411,0.051845
DM-12410,0.056236
DM-12409,0.015785
DM-12408,0.028436
DM-12407,0.014172
DM-12406,0.011332
DM-12405,0.016029
DM-12404,0.980281
DM-12403,0.666171
DM-12402,0.963231
DM-12401,0.884838
DM-12400,0.863392
DM-12399,0.552298
DM-12398,0.049222
DM-12397,0.032344
DM-12396,0.639624
DM-12395,0.00365
DM-12394,0.07056
DM-12393,0.056236
DM-12392,0.056652
DM-12391,0.006098
DM-12390,0.014172
DM-12389,0.944587
DM-12388,0.024423
DM-12387,0.005555
DM-12386,0.007233
DM-12385,0.926304
DM-12384,0.015544
DM-12383,0.025761
DM-12382,0.060087
DM-12381,0.843895
DM-12380,0.028653
DM-12379,0.011508
DM-12378,0.917303
DM-12377,0.962953
DM-12376,0.937211
DM-12375,0.186836
DM-12374,0.016277
DM-12373,0.199932
DM-12372,0.240418
DM-12371,0.978052
DM-12370,0.901921
DM-12369,0.408041
DM-12368,0.916409
DM-12367,0.984094
DM-12366,0.939471
DM-12365,0.07056
DM-12364,0.033086
DM-12363,0.042088
DM-12362,0.138462
DM-12361,0.090735
DM-12360,0.632105
DM-12359,0.017442
DM-12358,0.91181
DM-12357,0.201813
DM-12356,0.91848
DM-12355,0.014392
DM-12354,0.043043
DM-12353,0.07343
DM-12352,0.075312
DM-12351,0.047074
DM-12350,0.024054
DM-12349,0.048137
DM-12348,0.033086
DM-12347,0.041774
DM-12346,0.025565
DM-12345,0.024238
DM-12344,0.007121
DM-12343,0.057493
DM-12342,0.075312
DM-12341,0.047074
DM-12340,0.024054
DM-12339,0.07343
DM-12338,0.075312
DM-12337,0.047074
DM-12336,0.024054
DM-12335,0.07343
DM-12334,0.075312
DM-12333,0.047074
DM-12332,0.024054
DM-12331,0.07343
DM-12330,0.075312
DM-12329,0.047074
DM-12328,0.024054
DM-12327,0.07343
DM-12326,0.075312
DM-12325,0.047074
DM-12324,0.024054
DM-12323,0.07343
DM-12322,0.075312
DM-12321,0.047074
DM-12320,0.024054
DM-12319,0.07343
DM-12318,0.075312
DM-12317,0.047074
DM-12316,0.024054
DM-12315,0.628814
DM-12314,0.062331
DM-12313,0.006904
DM-12312,0.008847
DM-12311,0.112016
DM-12310,0.027376
DM-12309,0.196826
DM-12308,0.075312
DM-12307,0.009268
DM-12306,0.014392
DM-12305,0.591841
DM-12304,0.654398
DM-12303,0.984575
DM-12302,0.987179
DM-12301,0.991289
DM-12300,0.987179
DM-12299,0.986363
DM-12298,0.983847
DM-12297,0.987568
DM-12296,0.980876
DM-12295,0.987568
DM-12294,0.483892
DM-12293,0.986363
DM-12292,0.97024
DM-12291,0.97024
DM-12290,0.788257
DM-12289,0.968856
DM-12288,0.975946
DM-12287,0.985496
DM-12286,0.985936
DM-12285,0.990292
DM-12284,0.992879
DM-12283,0.927363
DM-12282,0.981875
DM-12281,0.987568
DM-12280,0.981875
DM-12279,0.990441
DM-12278,0.971564
DM-12277,0.972623
DM-12276,0.972204
DM-12275,0.966663
DM-12274,0.037047
DM-12273,0.010489
DM-12272,0.00838
DM-12271,0.028436
DM-12270,0.006693
DM-12269,0.545286
DM-12268,0.007346
DM-12267,0.01142
DM-12266,0.008188
DM-12265,0.01142
DM-12264,0.408985
DM-12263,0.029987
DM-12262,0.957596
DM-12261,0.279192
DM-12260,0.00506
DM-12259,0.041774
DM-12258,0.015073
DM-12257,0.031144
DM-12256,0.022457
DM-12255,0.009708
DM-12254,0.656438
DM-12253,0.116362
DM-12252,0.225076
DM-12251,0.962953
DM-12250,0.533641
DM-12249,0.114765
DM-12248,0.133415
DM-12247,0.049222
DM-12246,0.045353
DM-12245,0.082402
DM-12244,0.440229
DM-12243,0.016657
DM-12242,0.043043
DM-12241,0.004755
DM-12240,0.010902
DM-12239,0.024798
DM-12238,0.116764
DM-12237,0.479016
DM-12236,0.026156
DM-12235,0.065845
DM-12234,0.046034
DM-12233,0.96378
DM-12232,0.068537
DM-12231,0.980431
DM-12230,0.010091
DM-12229,0.025371
DM-12228,0.223377
DM-12227,0.037609
DM-12226,0.2227
DM-12225,0.039048
DM-12224,0.029987
DM-12223,0.057918
DM-12222,0.862004
DM-12221,0.202443
DM-12220,0.123366
DM-12219,0.072112
DM-12218,0.656878
DM-12217,0.003222
DM-12216,0.004468
DM-12215,0.00483
DM-12214,0.07921
DM-12213,0.062103
DM-12212,0.023689
DM-12211,0.955981
DM-12210,0.103749
DM-12209,0.014064
DM-12208,0.002981
DM-12207,0.03259
DM-12206,0.112016
DM-12205,0.010408
DM-12204,0.024423
DM-12203,0.826151
DM-12202,0.00365
DM-12201,0.007696
DM-12200,0.020646
DM-12199,0.013223
DM-12198,0.022286
DM-12197,0.020489
DM-12196,0.938576
DM-12195,0.194674
DM-12194,0.970013
DM-12193,0.968141
DM-12192,0.852935
DM-12191,0.981022
DM-12190,0.593727
DM-12189,0.020023
DM-12188,0.034619
DM-12187,0.010987
DM-12186,0.036494
DM-12185,0.009708
DM-12184,0.095687
DM-12183,0.072637
DM-12182,0.039937
DM-12181,0.261897
DM-12180,0.013956
DM-12179,0.018264
DM-12178,0.018978
DM-12177,0.933915
DM-12176,0.407451
DM-12175,0.058132
DM-12174,0.027169
DM-12173,0.175256
DM-12172,0.015544
DM-12171,0.078642
DM-12170,0.544317
DM-12169,0.947381
DM-12168,0.010987
DM-12167,0.120439
DM-12166,0.022286
DM-12165,0.82559
DM-12164,0.941654
DM-12163,0.029987
DM-12162,0.022629
DM-12161,0.121686
DM-12160,0.015425
DM-12159,0.978219
DM-12157,0.881615
DM-12156,0.981595
DM-12155,0.989013
DM-12154,0.939025
DM-12153,0.674694
DM-12152,0.971129
DM-12151,0.992304
DM-12150,0.802865
DM-12149,0.727589
DM-12148,0.048137
DM-12147,0.028653
DM-12146,0.041774
DM-12145,0.025565
DM-12144,0.022286
DM-12143,0.048137
DM-12142,0.028653
DM-12141,0.882428
DM-12140,0.041774
DM-12139,0.039639
DM-12138,0.025565
DM-12137,0.022286
DM-12136,0.111628
DM-12135,0.988668
DM-12134,0.069795
DM-12133,0.041774
DM-12132,0.990292
DM-12131,0.025565
DM-12130,0.056236
DM-12129,0.884039
DM-12128,0.007577
DM-12127,0.045692
DM-12126,0.072374
DM-12125,0.049222
DM-12124,0.676513
DM-12123,0.024054
DM-12122,0.044019
DM-12121,0.007233
DM-12120,0.768386
DM-12119,0.028653
DM-12118,0.404155
DM-12117,0.008644
DM-12116,0.246896
DM-12115,0.069795
DM-12114,0.112016
DM-12113,0.94699
DM-12112,0.008316
DM-12111,0.980729
DM-12110,0.870597
DM-12109,0.208501
DM-12108,0.013428
DM-12107,0.308607
DM-12106,0.236869
DM-12105,0.035948
DM-12104,0.829492
DM-12103,0.022117
DM-12102,0.011597
DM-12101,0.004134
DM-12100,0.008062
DM-12099,0.013956
DM-12098,0.011869
DM-12097,0.069038
DM-12096,0.231788
DM-12095,0.003028
DM-12094,0.020023
DM-12093,0.761716
DM-12092,0.809276
DM-12091,0.935817
DM-12090,0.04778
DM-12089,0.00506
DM-12088,0.779658
DM-12087,0.480479
DM-12086,0.00986
DM-12085,0.007233
DM-12084,0.00986
DM-12083,0.009055
DM-12082,0.710226
DM-12081,0.008188
DM-12080,0.007346
DM-12079,0.045353
DM-12078,0.951504
DM-12077,0.94699
DM-12076,0.182717
DM-12075,0.973037
DM-12074,0.961244
DM-12073,0.068787
DM-12072,0.050705
DM-12071,0.853425
DM-12070,0.026156
DM-12069,0.097734
DM-12068,0.782995
DM-12067,0.16238
DM-12066,0.04778
DM-12065,0.683525
DM-12064,0.866585
DM-12063,0.949669
DM-12062,0.680772
DM-12061,0.154312
DM-12060,0.02976
DM-12059,0.042404
DM-12058,0.019124
DM-12057,0.015785
DM-12056,0.037892
DM-12055,0.933915
DM-12054,0.217338
DM-12053,0.705582
DM-12052,0.03622
DM-12051,0.065605
DM-12050,0.235812
DM-12049,0.059647
DM-12048,0.063251
DM-12047,0.026759
DM-12046,0.041462
DM-12045,0.006904
DM-12044,0.085099
DM-12043,0.07477
DM-12042,0.007696
DM-12041,0.009413
DM-12040,0.008644
DM-12039,0.951863
DM-12038,0.625352
DM-12037,0.049959
DM-12036,0.00582
DM-12035,0.447943
DM-12034,0.015906
DM-12033,0.448426
DM-12032,0.018689
DM-12031,0.814938
DM-12030,0.58747
DM-12029,0.086632
DM-12028,0.009708
DM-12027,0.636184
DM-12025,0.069542
DM-12024,0.065845
DM-12023,0.874935
DM-12022,0.012336
DM-12021,0.025565
DM-12020,0.031859
DM-12019,0.050331
DM-12018,0.192843
DM-12017,0.132066
DM-12016,0.010091
DM-12015,0.899828
DM-12014,0.109706
DM-12013,0.71413
DM-12012,0.091058
DM-12011,0.91118
DM-12010,0.031859
DM-12009,0.270673
DM-12008,0.689096
DM-12007,0.660829
DM-12006,0.098425
DM-12005,0.004199
DM-12004,0.292595
DM-12003,0.041153
DM-12002,0.803482
DM-12001,0.629034
DM-12000,0.393618
DM-11999,0.039048
DM-11998,0.703957
DM-11997,0.058346
DM-11996,0.647408
DM-11995,0.785309
DM-11994,0.014064
DM-11993,0.028008
DM-11992,0.171061
DM-11991,0.012432
DM-11990,0.009055
DM-11989,0.005911
DM-11988,0.011687
DM-11987,0.007012
DM-11986,0.009559
DM-11985,0.789558
DM-11984,0.045016
DM-11983,0.055413
DM-11982,0.091707
DM-11981,0.064653
DM-11980,0.024798
DM-11979,0.024988
DM-11978,0.048858
DM-11977,0.737914
DM-11976,0.645567
DM-11975,0.335024
DM-11974,0.017177
DM-11973,0.016277
DM-11972,0.004468
DM-11971,0.006693
DM-11970,0.030215
DM-11969,0.68658
DM-11968,0.188922
DM-11967,0.112795
DM-11966,0.144149
DM-11965,0.814053
DM-11964,0.006388
DM-11963,0.857768
DM-11962,0.615059
DM-11961,0.006004
DM-11960,0.148541
DM-11959,0.048137
DM-11958,0.220007
DM-11957,0.004755
DM-11956,0.125923
DM-11955,0.100525
DM-11954,0.056236
DM-11953,0.067793
DM-11952,0.969324
DM-11951,0.447943
DM-11950,0.749087
DM-11949,0.010328
DM-11948,0.027796
DM-11947,0.014504
DM-11946,0.026156
DM-11945,0.118385
DM-11944,0.048496
DM-11943,0.064183
DM-11942,0.429669
DM-11941,0.009936
DM-11940,0.036769
DM-11939,0.242385
DM-11938,0.00483
DM-11937,0.967899
DM-11936,0.725065
DM-11935,0.040238
DM-11934,0.809878
DM-11933,0.039639
DM-11932,0.007577
DM-11931,0.018833
DM-11930,0.008316
DM-11929,0.063482
DM-11928,0.070049
DM-11927,0.014392
DM-11926,0.028871
DM-11925,0.183301
DM-11924,0.165593
DM-11923,0.038756
DM-11922,0.244904
DM-11921,0.018125
DM-11920,0.089773
DM-11919,0.951142
DM-11918,0.003028
DM-11917,0.005302
DM-11916,0.003884
DM-11915,0.374448
DM-11914,0.461259
DM-11913,0.171061
DM-11912,0.986777
DM-11911,0.013637
DM-11910,0.030444
DM-11909,0.13707
DM-11908,0.004199
DM-11907,0.071074
DM-11906,0.082402
DM-11905,0.151529
DM-11904,0.217836
DM-11903,0.226784
DM-11902,0.033086
DM-11901,0.546738
DM-11900,0.497559
DM-11899,0.914901
DM-11898,0.687
DM-11897,0.805632
DM-11896,0.033844
DM-11895,0.819893
DM-11894,0.041153
DM-11893,0.020964
DM-11892,0.045353
DM-11891,0.751648
DM-11890,0.093678
DM-11889,0.045692
DM-11888,0.082994
DM-11887,0.110471
DM-11886,0.030444
DM-11885,0.023871
DM-11884,0.007012
DM-11883,0.063251
DM-11882,0.049222
DM-11881,0.978052
DM-11880,0.948917
DM-11879,0.718002
DM-11878,0.102305
DM-11877,0.050705
DM-11876,0.046378
DM-11875,0.023331
DM-11874,0.349033
DM-11873,0.16132
DM-11872,0.033086
DM-11871,0.019719
DM-11870,0.014616
DM-11869,0.037047
DM-11868,0.021451
DM-11867,0.123366
DM-11866,0.07836
DM-11865,0.935346
DM-11864,0.406744
DM-11863,0.011072
DM-11862,0.003765
DM-11861,0.020332
DM-11860,0.004468
DM-11859,0.575111
DM-11857,0.187728
DM-11856,0.089455
DM-11855,0.465145
DM-11854,0.988492
DM-11853,0.010902
DM-11852,0.926835
DM-11851,0.837088
DM-11850,0.130729
DM-11849,0.022977
DM-11848,0.47926
DM-11847,0.013223
DM-11846,0.846958
DM-11845,0.901227
DM-11844,0.979036
DM-11843,0.99014
DM-11842,0.909265
DM-11841,0.968381
DM-11840,0.882022
DM-11839,0.072112
DM-11838,0.989347
DM-11837,0.973241
DM-11836,0.937211
DM-11835,0.100172
DM-11834,0.004265
DM-11833,0.971564
DM-11832,0.015664
DM-11831,0.056862
DM-11830,0.958847
DM-11829,0.043043
DM-11828,0.142709
DM-11827,0.042404
DM-11826,0.228156
DM-11825,0.807461
DM-11824,0.257018
DM-11823,0.736401
DM-11822,0.018405
DM-11821,0.011869
DM-11820,0.676192
DM-11819,0.941223
DM-11818,0.029312
DM-11817,0.009268
DM-11816,0.514156
DM-11814,0.973443
DM-11813,0.026156
DM-11812,0.015073
DM-11811,0.043043
DM-11810,0.007121
DM-11809,0.191933
DM-11808,0.256832
DM-11807,0.038756
DM-11806,0.114369
DM-11805,0.031859
DM-11804,0.025565
DM-11803,0.407451
DM-11802,0.00659
DM-11801,0.975202
DM-11800,0.146087
DM-11799,0.016657
DM-11798,0.674265
DM-11797,0.051083
DM-11796,0.033086
DM-11795,0.023331
DM-11794,0.016029
DM-11793,0.00629
DM-11792,0.886027
DM-11791,0.010014
DM-11790,0.023871
DM-11789,0.472197
DM-11788,0.776962
DM-11787,0.039048
DM-11786,0.040846
DM-11785,0.042088
DM-11784,0.116764
DM-11783,0.075585
DM-11782,0.00407
DM-11781,0.006388
DM-11780,0.833325
DM-11779,0.009486
DM-11778,0.23092
DM-11777,0.019719
DM-11776,0.038178
DM-11775,0.438785
DM-11774,0.330471
DM-11773,0.005642
DM-11772,0.971992
DM-11771,0.00514
DM-11770,0.27973
DM-11769,0.71103
DM-11768,0.758153
DM-11767,0.92523
DM-11766,0.953966
DM-11765,0.065845
DM-11764,0.071591
DM-11763,0.007233
DM-11762,0.791176
DM-11761,0.446253
DM-11760,0.225076
DM-11759,0.776284
DM-11758,0.138928
DM-11757,0.0341
DM-11756,0.062331
DM-11755,0.016403
DM-11754,0.939913
DM-11753,0.259075
DM-11752,0.978219
DM-11751,0.978219
DM-11750,0.987759
DM-11749,0.987946
DM-11748,0.949295
DM-11747,0.102664
DM-11746,0.009197
DM-11745,0.954984
DM-11744,0.284775
DM-11743,0.031859
DM-11742,0.331769
DM-11741,0.942082
DM-11740,0.268941
DM-11739,0.049222
DM-11738,0.016657
DM-11737,0.067301
DM-11736,0.021781
DM-11735,0.011508
DM-11734,0.005302
DM-11733,0.76908
DM-11732,0.060752
DM-11731,0.010249
DM-11730,0.149035
DM-11729,0.008847
DM-11728,0.009784
DM-11727,0.099121
DM-11726,0.738292
DM-11725,0.562898
DM-11724,0.009197
DM-11723,0.927888
DM-11722,0.900179
DM-11721,0.036494
DM-11720,0.262275
DM-11719,0.29584
DM-11718,0.091382
DM-11717,0.909265
DM-11716,0.047426
DM-11715,0.424889
DM-11714,0.914291
DM-11713,0.053403
DM-11712,0.717804
DM-11711,0.944177
DM-11710,0.987179
DM-11709,0.984694
DM-11708,0.63114
DM-11707,0.007577
DM-11706,0.791499
DM-11705,0.963506
DM-11704,0.923039
DM-11703,0.947381
DM-11702,0.934873
DM-11701,0.504883
DM-11700,0.00483
DM-11699,0.975577
DM-11698,0.246171
DM-11697,0.016915
DM-11696,0.016153
DM-11695,0.02461
DM-11694,0.550124
DM-11693,0.009268
DM-11692,0.056029
DM-11691,0.007461
DM-11690,0.007816
DM-11689,0.008916
DM-11688,0.158435
DM-11687,0.030215
DM-11686,0.827271
DM-11685,0.877056
DM-11684,0.019569
DM-11683,0.005385
DM-11682,0.945801
DM-11681,0.009559
DM-11680,0.033086
DM-11679,0.964052
DM-11678,0.803791
DM-11677,0.005385
DM-11676,0.080647
DM-11675,0.202128
DM-11674,0.210766
DM-11673,0.289372
DM-11672,0.050331
DM-11671,0.906653
DM-11670,0.942082
DM-11669,0.126785
DM-11668,0.010014
DM-11667,0.113187
DM-11666,0.014504
DM-11665,0.004682
DM-11664,0.010987
DM-11663,0.008062
DM-11662,0.009055
DM-11661,0.007696
DM-11660,0.008062
DM-11659,0.944995
DM-11658,0.012336
DM-11657,0.891811
DM-11656,0.007346
DM-11655,0.298491
DM-11654,0.898053
DM-11653,0.015906
DM-11652,0.112795
DM-11651,0.065845
DM-11650,0.010489
DM-11649,0.097048
DM-11648,0.048137
DM-11647,0.103386
DM-11646,0.00522
DM-11645,0.003945
DM-11644,0.037609
DM-11643,0.022117
DM-11642,0.225417
DM-11641,0.057705
DM-11640,0.259075
DM-11639,0.091058
DM-11638,0.974239
DM-11637,0.00986
DM-11636,0.004332
DM-11635,0.079496
DM-11634,0.066327
DM-11633,0.009634
DM-11632,0.0341
DM-11631,0.0729
DM-11630,0.009784
DM-11629,0.008188
DM-11628,0.007346
DM-11627,0.05301
DM-11626,0.041774
DM-11625,0.007696
DM-11624,0.046725
DM-11623,0.063019
DM-11622,0.009126
DM-11621,0.084795
DM-11620,0.007696
DM-11619,0.004199
DM-11618,0.007816
DM-11617,0.015073
DM-11616,0.007938
DM-11615,0.022117
DM-11614,0.004982
DM-11613,0.003884
DM-11612,0.043043
DM-11611,0.004982
DM-11610,0.00522
DM-11609,0.004538
DM-11608,0.022117
DM-11607,0.006693
DM-11606,0.00514
DM-11605,0.029312
DM-11604,0.013637
DM-11603,0.411111
DM-11602,0.009126
DM-11601,0.955981
DM-11600,0.039048
DM-11599,0.986979
DM-11598,0.043691
DM-11597,0.113187
DM-11596,0.003324
DM-11595,0.007012
DM-11594,0.002715
DM-11593,0.859192
DM-11592,0.895523
DM-11591,0.101233
DM-11590,0.023509
DM-11589,0.008062
DM-11588,0.005911
DM-11587,0.325413
DM-11586,0.022117
DM-11585,0.178383
DM-11584,0.013849
DM-11583,0.008511
DM-11582,0.0745
DM-11581,0.010902
DM-11580,0.185357
DM-11579,0.094678
DM-11578,0.048858
DM-11577,0.003377
DM-11576,0.003765
DM-11575,0.183009
DM-11574,0.061199
DM-11573,0.139866
DM-11572,0.545286
DM-11571,0.786295
DM-11570,0.980729
DM-11569,0.002758
DM-11568,0.038178
DM-11567,0.011778
DM-11566,0.038178
DM-11565,0.629091
DM-11564,0.023331
DM-11563,0.00365
DM-11562,0.285372
DM-11561,0.017442
DM-11560,0.007346
DM-11559,0.137996
DM-11558,0.923592
DM-11557,0.016785
DM-11556,0.008644
DM-11555,0.104843
DM-11554,0.061876
DM-11553,0.026156
DM-11552,0.00986
DM-11551,0.026557
DM-11550,0.086016
DM-11549,0.781664
DM-11548,0.038178
DM-11547,0.043691
DM-11546,0.055413
DM-11545,0.060529
DM-11544,0.060308
DM-11543,0.291888
DM-11542,0.057918
DM-11541,0.620679
DM-11540,0.067547
DM-11539,0.038178
DM-11538,0.399577
DM-11537,0.917893
DM-11536,0.034619
DM-11535,0.08389
DM-11534,0.021781
DM-11533,0.204342
DM-11532,0.007012
DM-11531,0.982691
DM-11530,0.016029
DM-11529,0.029312
DM-11528,0.353268
DM-11527,0.066812
DM-11526,0.185357
DM-11525,0.879974
DM-11524,0.084191
DM-11523,0.903635
DM-11522,0.033337
DM-11521,0.711631
DM-11520,0.844409
DM-11519,0.366136
DM-11518,0.575827
DM-11517,0.284775
DM-11516,0.679817
DM-11515,0.01302
DM-11514,0.3671
DM-11513,0.988842
DM-11512,0.021287
DM-11511,0.399812
DM-11510,0.982691
DM-11509,0.960063
DM-11508,0.049222
DM-11507,0.007577
DM-11506,0.026759
DM-11505,0.051463
DM-11504,0.626503
DM-11503,0.003377
DM-11502,0.019719
DM-11501,0.00838
DM-11500,0.007461
DM-11499,0.308867
DM-11498,0.923039
DM-11497,0.166947
DM-11496,0.846958
DM-11495,0.984336
DM-11494,0.016277
DM-11493,0.005302
DM-11492,0.037609
DM-11491,0.789234
DM-11490,0.245447
DM-11489,0.018978
DM-11488,0.00986
DM-11487,0.040846
DM-11486,0.08389
DM-11485,0.969556
DM-11484,0.079782
DM-11483,0.010091
DM-11482,0.022117
DM-11481,0.044681
DM-11480,0.060308
DM-11479,0.077239
DM-11478,0.90764
DM-11477,0.119203
DM-11476,0.169681
DM-11475,0.080357
DM-11474,0.022117
DM-11473,0.250179
DM-11472,0.188026
DM-11471,0.705785
DM-11470,0.329284
DM-11469,0.007696
DM-11468,0.859664
DM-11467,0.00659
DM-11466,0.619759
DM-11465,0.00407
DM-11464,0.238639
DM-11463,0.003173
DM-11462,0.934395
DM-11461,0.743541
DM-11460,0.009197
DM-11459,0.019124
DM-11458,0.003824
DM-11457,0.003173
DM-11456,0.087876
DM-11455,0.784319
DM-11454,0.021615
DM-11453,0.889912
DM-11452,0.362941
DM-11451,0.024423
DM-11450,0.042404
DM-11449,0.040541
DM-11448,0.090093
DM-11447,0.004332
DM-11446,0.839734
DM-11445,0.029987
DM-11444,0.005469
DM-11443,0.005385
DM-11442,0.00483
DM-11441,0.03138
DM-11440,0.030215
DM-11439,0.030215
DM-11438,0.0341
DM-11437,0.029091
DM-11436,0.019569
DM-11435,0.024988
DM-11434,0.021125
DM-11433,0.379263
DM-11432,0.104112
DM-11431,0.039937
DM-11430,0.004905
DM-11429,0.008511
DM-11428,0.058993
DM-11427,0.018547
DM-11426,0.00659
DM-11425,0.035411
DM-11424,0.004468
DM-11423,0.034359
DM-11422,0.713831
DM-11421,0.00659
DM-11420,0.037327
DM-11419,0.00514
DM-11418,0.105579
DM-11417,0.004982
DM-11416,0.921358
DM-11415,0.079496
DM-11414,0.014842
DM-11413,0.405213
DM-11412,0.099821
DM-11411,0.005555
DM-11410,0.002935
DM-11409,0.031619
DM-11408,0.0729
DM-11407,0.963231
DM-11406,0.011961
DM-11405,0.365358
DM-11404,0.115561
DM-11403,0.070049
DM-11402,0.028436
DM-11401,0.06489
DM-11400,0.05921
DM-11399,0.048496
DM-11398,0.002935
DM-11397,0.242923
DM-11396,0.885631
DM-11395,0.023871
DM-11394,0.00343
DM-11393,0.053403
DM-11392,0.044681
DM-11391,0.082994
DM-11390,0.121269
DM-11389,0.984094
DM-11388,0.003594
DM-11387,0.615146
DM-11386,0.106319
DM-11385,0.01302
DM-11384,0.234056
DM-11383,0.004982
DM-11382,0.520009
DM-11381,0.042088
DM-11380,0.035411
DM-11379,0.038178
DM-11378,0.042722
DM-11377,0.860604
DM-11376,0.004982
DM-11375,0.007012
DM-11374,0.006798
DM-11373,0.030909
DM-11372,0.729905
DM-11371,0.072637
DM-11370,0.903294
DM-11369,0.005469
DM-11368,0.033844
DM-11367,0.00365
DM-11366,0.016785
DM-11365,0.011869
DM-11364,0.025179
DM-11363,0.833866
DM-11362,0.578924
DM-11361,0.937669
DM-11360,0.058346
DM-11359,0.861072
DM-11358,0.014842
DM-11357,0.117978
DM-11356,0.011245
DM-11355,0.002632
DM-11354,0.007696
DM-11353,0.00582
DM-11352,0.00514
DM-11351,0.008062
DM-11350,0.007577
DM-11349,0.005555
DM-11348,0.856332
DM-11347,0.066569
DM-11346,0.07056
DM-11345,0.873215
DM-11344,0.016657
DM-11343,0.237576
DM-11342,0.025761
DM-11341,0.006098
DM-11340,0.050705
DM-11339,0.006388
DM-11338,0.372619
DM-11337,0.011778
DM-11336,0.320449
DM-11335,0.011508
DM-11334,0.396652
DM-11333,0.043366
DM-11332,0.755637
DM-11331,0.036769
DM-11330,0.066812
DM-11329,0.050705
DM-11328,0.00343
DM-11327,0.956309
DM-11326,0.009634
DM-11325,0.402627
DM-11324,0.844409
DM-11323,0.367951
DM-11322,0.0745
DM-11321,0.958226
DM-11320,0.01292
DM-11319,0.032344
DM-11318,0.152284
DM-11317,0.011158
DM-11316,0.009413
DM-11315,0.009708
DM-11314,0.045692
DM-11313,0.016785
DM-11312,0.924688
DM-11311,0.020332
DM-11310,0.014064
DM-11309,0.038756
DM-11308,0.215351
DM-11307,0.913368
DM-11306,0.010987
DM-11305,0.049222
DM-11304,0.170508
DM-11303,0.007816
DM-11302,0.042088
DM-11301,0.895523
DM-11300,0.008188
DM-11299,0.004399
DM-11298,0.732018
DM-11297,0.066085
DM-11296,0.068787
DM-11295,0.960657
DM-11294,0.759939
DM-11293,0.054199
DM-11292,0.194062
DM-11291,0.281998
DM-11290,0.917303
DM-11289,0.042404
DM-11288,0.015425
DM-11287,0.079782
DM-11286,0.619975
DM-11285,0.009055
DM-11284,0.046725
DM-11283,0.964589
DM-11282,0.133415
DM-11281,0.049959
DM-11280,0.008062
DM-11279,0.085404
DM-11278,0.166675
DM-11277,0.025179
DM-11276,0.318
DM-11275,0.101233
DM-11274,0.024988
DM-11273,0.042088
DM-11272,0.287768
DM-11271,0.652269
DM-11270,0.009197
DM-11269,0.039343
DM-11268,0.044019
DM-11267,0.008577
DM-11266,0.015425
DM-11265,0.067547
DM-11264,0.054399
DM-11263,0.059647
DM-11262,0.272218
DM-11261,0.780997
DM-11260,0.950411
DM-11259,0.874507
DM-11258,0.877056
DM-11257,0.899121
DM-11256,0.102664
DM-11255,0.078642
DM-11254,0.946597
DM-11253,0.032344
DM-11252,0.004468
DM-11251,0.93196
DM-11250,0.00573
DM-11249,0.044349
DM-11248,0.013956
DM-11247,0.039048
DM-11246,0.954984
DM-11245,0.264169
DM-11244,0.705379
DM-11243,0.034359
DM-11242,0.52975
DM-11241,0.234407
DM-11240,0.953275
DM-11239,0.085709
DM-11238,0.90599
DM-11237,0.011245
DM-11236,0.109706
DM-11235,0.296349
DM-11234,0.014282
DM-11233,0.068289
DM-11232,0.005555
DM-11231,0.00483
DM-11230,0.042722
DM-11229,0.025957
DM-11228,0.960063
DM-11227,0.045016
DM-11226,0.408749
DM-11225,0.007346
DM-11224,0.00461
DM-11223,0.010987
DM-11222,0.858719
DM-11221,0.862004
DM-11220,0.007938
DM-11219,0.031859
DM-11218,0.010249
DM-11217,0.004755
DM-11216,0.956634
DM-11215,0.027585
DM-11214,0.012147
DM-11213,0.06256
DM-11212,0.022457
DM-11211,0.075041
DM-11210,0.057918
DM-11209,0.949295
DM-11208,0.090414
DM-11207,0.039343
DM-11206,0.566978
DM-11205,0.280419
DM-11204,0.068537
DM-11203,0.050331
DM-11202,0.637369
DM-11201,0.449393
DM-11200,0.221014
DM-11199,0.325413
DM-11198,0.307826
DM-11197,0.977543
DM-11196,0.45641
DM-11195,0.846958
DM-11194,0.94699
DM-11192,0.75274
DM-11191,0.024988
DM-11190,0.796925
DM-11189,0.013223
DM-11188,0.904651
DM-11187,0.014616
DM-11186,0.015073
DM-11185,0.014282
DM-11184,0.014504
DM-11183,0.044681
DM-11182,0.003884
DM-11181,0.352815
DM-11180,0.557123
DM-11179,0.246533
DM-11178,0.134776
DM-11177,0.060087
DM-11176,0.91611
DM-11175,0.067056
DM-11174,0.57821
DM-11173,0.092033
DM-11172,0.014172
DM-11171,0.826712
DM-11170,0.054601
DM-11169,0.054199
DM-11168,0.219003
DM-11167,0.149283
DM-11166,0.006098
DM-11165,0.013742
DM-11164,0.044681
DM-11163,0.051083
DM-11162,0.887205
DM-11161,0.014729
DM-11160,0.07477
DM-11159,0.801315
DM-11158,0.012241
DM-11157,0.75274
DM-11156,0.188026
DM-11155,0.895523
DM-11154,0.947769
DM-11153,0.791176
DM-11152,0.929951
DM-11151,0.166675
DM-11150,0.049589
DM-11149,0.278453
DM-11148,0.048137
DM-11147,0.011245
DM-11146,0.405684
DM-11145,0.163179
DM-11144,0.035411
DM-11143,0.105948
DM-11142,0.237046
DM-11141,0.224055
DM-11140,0.035411
DM-11139,0.905657
DM-11138,0.230054
DM-11137,0.006004
DM-11136,0.101233
DM-11135,0.115561
DM-11134,0.00506
DM-11133,0.867485
DM-11132,0.173849
DM-11131,0.949295
DM-11130,0.232659
DM-11129,0.779658
DM-11128,0.287968
DM-11127,0.786623
DM-11126,0.963506
DM-11125,0.014729
DM-11124,0.06256
DM-11123,0.062103
DM-11122,0.173568
DM-11121,0.964589
DM-11120,0.885235
DM-11119,0.964321
DM-11118,0.978549
DM-11117,0.039937
DM-11116,0.903975
DM-11115,0.93196
DM-11114,0.08389
DM-11113,0.04778
DM-11112,0.122944
DM-11111,0.028653
DM-11110,0.112795
DM-11109,0.055823
DM-11108,0.045353
DM-11107,0.408041
DM-11106,0.070304
DM-11105,0.067547
DM-11104,0.181844
DM-11103,0.01653
DM-11102,0.753829
DM-11101,0.177241
DM-11100,0.885235
DM-11099,0.010091
DM-11098,0.233881
DM-11097,0.123366
DM-11096,0.942082
DM-11095,0.921358
DM-11094,0.003765
DM-11093,0.009197
DM-11092,0.977023
DM-11091,0.003707
DM-11090,0.016277
DM-11089,0.071851
DM-11088,0.36506
DM-11087,0.440951
DM-11086,0.847463
DM-11085,0.664214
DM-11084,0.886813
DM-11083,0.921922
DM-11082,0.099821
DM-11081,0.590897
DM-11080,0.935817
DM-11079,0.827271
DM-11078,0.256087
DM-11077,0.4917
DM-11076,0.956309
DM-11075,0.98347
DM-11074,0.898053
DM-11073,0.923039
DM-11072,0.840259
DM-11071,0.905322
DM-11070,0.339499
DM-11069,0.971779
DM-11068,0.735642
DM-11067,0.937669
DM-11066,0.035679
DM-11065,0.014392
DM-11064,0.011072
DM-11063,0.021948
DM-11062,0.604632
DM-11061,0.052231
DM-11060,0.9659
DM-11059,0.112016
DM-11058,0.932944
DM-11057,0.069542
DM-11056,0.066569
DM-11055,0.945801
DM-11054,0.017712
DM-11053,0.215021
DM-11052,0.330795
DM-11051,0.022117
DM-11050,0.108189
DM-11049,0.731059
DM-11048,0.039048
DM-11047,0.508788
DM-11046,0.419648
DM-11045,0.03622
DM-11044,0.439747
DM-11043,0.014842
DM-11042,0.268558
DM-11041,0.964052
DM-11040,0.989672
DM-11039,0.943348
DM-11038,0.995095
DM-11037,0.696578
DM-11036,0.091058
DM-11035,0.310904
DM-11034,0.32595
DM-11033,0.006004
DM-11032,0.07921
DM-11031,0.017849
DM-11030,0.004755
DM-11029,0.016915
DM-11028,0.764188
DM-11027,0.90053
DM-11026,0.051845
DM-11025,0.038178
DM-11024,0.057918
DM-11023,0.010735
DM-11022,0.061424
DM-11021,0.945801
DM-11020,0.015425
DM-11019,0.041774
DM-11018,0.028008
DM-11017,0.543106
DM-11016,0.885235
DM-11015,0.290578
DM-11014,0.006904
DM-11013,0.017712
DM-11012,0.087876
DM-11011,0.020804
DM-11010,0.008847
DM-11009,0.013428
DM-11008,0.012241
DM-11007,0.178383
DM-11006,0.013532
DM-11005,0.019271
DM-11004,0.753104
DM-11003,0.005555
DM-11002,0.702938
DM-11001,0.035411
DM-11000,0.034619
DM-10999,0.045692
DM-10998,0.023689
DM-10997,0.118385
DM-10996,0.058777
DM-10995,0.016153
DM-10994,0.007012
DM-10993,0.954308
DM-10992,0.659186
DM-10991,0.962673
DM-10990,0.950411
DM-10989,0.008577
DM-10988,0.568056
DM-10987,0.626167
DM-10986,0.099821
DM-10985,0.150029
DM-10984,0.675122
DM-10983,0.544317
DM-10982,0.076961
DM-10981,0.974043
DM-10980,0.021451
DM-10979,0.377885
DM-10978,0.321886
DM-10977,0.043043
DM-10976,0.149283
DM-10975,0.38769
DM-10974,0.021287
DM-10973,0.225587
DM-10972,0.029535
DM-10971,0.085709
DM-10970,0.008446
DM-10969,0.175538
DM-10968,0.01142
DM-10967,0.178956
DM-10966,0.011869
DM-10965,0.009126
DM-10964,0.027376
DM-10963,0.307358
DM-10962,0.022117
DM-10961,0.0538
DM-10960,0.016277
DM-10959,0.021287
DM-10958,0.943348
DM-10957,0.192236
DM-10956,0.029312
DM-10955,0.395251
DM-10954,0.240775
DM-10953,0.011332
DM-10952,0.367215
DM-10951,0.01057
DM-10950,0.742048
DM-10949,0.905322
DM-10948,0.120439
DM-10947,0.026759
DM-10946,0.008062
DM-10945,0.041774
DM-10944,0.03138
DM-10943,0.028008
DM-10942,0.005385
DM-10941,0.150528
DM-10940,0.005642
DM-10939,0.021451
DM-10938,0.938124
DM-10937,0.330019
DM-10936,0.090414
DM-10935,0.055823
DM-10934,0.028653
DM-10933,0.021287
DM-10932,0.073696
DM-10931,0.010249
DM-10930,0.23092
DM-10929,0.168583
DM-10928,0.416322
DM-10927,0.018405
DM-10926,0.020964
DM-10925,0.003222
DM-10924,0.021615
DM-10923,0.684475
DM-10922,0.039937
DM-10921,0.032837
DM-10920,0.876634
DM-10919,0.017577
DM-10917,0.056862
DM-10916,0.252937
DM-10915,0.135232
DM-10914,0.045016
DM-10913,0.540924
DM-10912,0.798815
DM-10911,0.019871
DM-10910,0.087564
DM-10909,0.621203
DM-10908,0.978385
DM-10907,0.013956
DM-10906,0.07056
DM-10905,0.013121
DM-10904,0.435902
DM-10903,0.068289
DM-10902,0.005469
DM-10901,0.117978
DM-10900,0.018405
DM-10899,0.92079
DM-10898,0.988131
DM-10897,0.972623
DM-10896,0.240418
DM-10895,0.336745
DM-10894,0.078642
DM-10893,0.672977
DM-10892,0.045016
DM-10891,0.013849
DM-10890,0.191026
DM-10889,0.025957
DM-10888,0.028008
DM-10887,0.029091
DM-10886,0.031144
DM-10885,0.028653
DM-10884,0.028008
DM-10883,0.038466
DM-10882,0.034881
DM-10881,0.101233
DM-10880,0.036494
DM-10879,0.03359
DM-10878,0.039048
DM-10877,0.032344
DM-10876,0.032344
DM-10875,0.042722
DM-10874,0.032344
DM-10873,0.030215
DM-10872,0.030676
DM-10871,0.080937
DM-10870,0.217171
DM-10869,0.00934
DM-10868,0.015544
DM-10867,0.018547
DM-10866,0.750918
DM-10864,0.982288
DM-10863,0.947381
DM-10862,0.947381
DM-10861,0.879974
DM-10860,0.948537
DM-10859,0.979668
DM-10857,0.003273
DM-10856,0.5564
DM-10855,0.733738
DM-10854,0.970909
DM-10853,0.96378
DM-10852,0.017712
DM-10851,0.025179
DM-10850,0.029987
DM-10849,0.971992
DM-10848,0.042404
DM-10847,0.075041
DM-10846,0.505859
DM-10845,0.059647
DM-10844,0.031144
DM-10843,0.712432
DM-10842,0.9462
DM-10841,0.108566
DM-10840,0.165593
DM-10839,0.967163
DM-10838,0.910227
DM-10837,0.008446
DM-10836,0.071074
DM-10835,0.138462
DM-10834,0.00365
DM-10833,0.355607
DM-10832,0.688468
DM-10831,0.896614
DM-10830,0.163445
DM-10829,0.833325
DM-10828,0.030909
DM-10827,0.954647
DM-10826,0.063482
DM-10825,0.040846
DM-10824,0.011961
DM-10823,0.159217
DM-10822,0.946597
DM-10821,0.171061
DM-10820,0.874935
DM-10819,0.900879
DM-10818,0.008847
DM-10817,0.033844
DM-10816,0.581541
DM-10815,0.983971
DM-10814,0.969556
DM-10813,0.152789
DM-10812,0.923592
DM-10811,0.396419
DM-10810,0.329203
DM-10809,0.055618
DM-10808,0.016403
DM-10807,0.987568
DM-10806,0.103024
DM-10805,0.148047
DM-10804,0.026355
DM-10803,0.128088
DM-10802,0.012054
DM-10801,0.653956
DM-10800,0.231093
DM-10799,0.095687
DM-10798,0.675444
DM-10797,0.163445
DM-10796,0.947769
DM-10795,0.878731
DM-10794,0.824462
DM-10793,0.771155
DM-10792,0.008446
DM-10791,0.006193
DM-10790,0.035145
DM-10789,0.014504
DM-10788,0.110856
DM-10787,0.046725
DM-10786,0.965641
DM-10785,0.008062
DM-10784,0.640017
DM-10783,0.043366
DM-10782,0.014392
DM-10781,0.860604
DM-10780,0.221014
DM-10779,0.475605
DM-10778,0.218503
DM-10777,0.22051
DM-10776,0.96378
DM-10775,0.960063
DM-10774,0.906653
DM-10773,0.987375
DM-10772,0.970909
DM-10771,0.91848
DM-10770,0.936749
DM-10769,0.877477
DM-10768,0.450843
DM-10767,0.008847
DM-10766,0.938576
DM-10765,0.777638
DM-10764,0.097734
DM-10763,0.806853
DM-10762,0.068289
DM-10761,0.007816
DM-10760,0.048137
DM-10759,0.942082
DM-10758,0.962391
DM-10757,0.011072
DM-10756,0.003824
DM-10755,0.008316
DM-10754,0.101233
DM-10753,0.225417
DM-10752,0.011961
DM-10751,0.027169
DM-10750,0.809276
DM-10749,0.11358
DM-10748,0.040846
DM-10747,0.567457
DM-10746,0.917893
DM-10745,0.983847
DM-10744,0.983343
DM-10743,0.965381
DM-10742,0.989511
DM-10741,0.974043
DM-10740,0.042722
DM-10739,0.989672
DM-10738,0.008446
DM-10737,0.054803
DM-10736,0.974239
DM-10735,0.97631
DM-10734,0.004134
DM-10733,0.980431
DM-10732,0.070816
DM-10731,0.807157
DM-10730,0.561696
DM-10729,0.116362
DM-10728,0.941654
DM-10727,0.90261
DM-10726,0.982557
DM-10725,0.987179
DM-10724,0.97539
DM-10723,0.915507
DM-10722,0.980129
DM-10721,0.948917
DM-10720,0.986363
DM-10719,0.986151
DM-10718,0.982423
DM-10717,0.986151
DM-10716,0.983847
DM-10715,0.830594
DM-10714,0.977883
DM-10713,0.974043
DM-10712,0.976669
DM-10711,0.99014
DM-10710,0.978219
DM-10709,0.984811
DM-10708,0.989511
DM-10707,0.980431
DM-10705,0.977543
DM-10704,0.99486
DM-10703,0.975012
DM-10702,0.939025
DM-10701,0.982423
DM-10700,0.993307
DM-10699,0.72487
DM-10698,0.957912
DM-10697,0.972831
DM-10696,0.985158
DM-10695,0.978549
DM-10694,0.990732
DM-10693,0.972623
DM-10692,0.975946
DM-10691,0.253676
DM-10690,0.232484
DM-10689,0.043366
DM-10688,0.005642
DM-10687,0.242564
DM-10686,0.007577
DM-10685,0.971129
DM-10684,0.142232
DM-10683,0.959459
DM-10682,0.955651
DM-10681,0.110471
DM-10680,0.052619
DM-10679,0.095013
DM-10678,0.980129
DM-10677,0.170508
DM-10676,0.974821
DM-10649,0.738292
DM-10648,0.79534
DM-10647,0.382141
DM-10646,0.01017
DM-10645,0.706798
DM-10644,0.977543
DM-10643,0.84338
DM-10642,0.065366
DM-10641,0.253306
DM-10640,0.005911
DM-10639,0.819026
DM-10638,0.958847
DM-10637,0.884039
DM-10636,0.727975
DM-10635,0.924142
DM-10634,0.017309
DM-10633,0.008779
DM-10632,0.420838
DM-10631,0.008446
DM-10630,0.161585
DM-10629,0.063019
DM-10628,0.594316
DM-10627,0.405449
DM-10626,0.020964
DM-10625,0.012336
DM-10624,0.527317
DM-10623,0.010653
DM-10622,0.118793
DM-10621,0.022977
DM-10620,0.640833
DM-10619,0.953966
DM-10618,0.100172
DM-10617,0.109325
DM-10616,0.722135
DM-10615,0.011332
DM-10614,0.061424
DM-10613,0.042722
DM-10612,0.123789
DM-10611,0.549399
DM-10610,0.096025
DM-10609,0.044681
DM-10608,0.250179
DM-10607,0.256459
DM-10606,0.343067
DM-10605,0.047074
DM-10604,0.028221
DM-10603,0.926835
DM-10602,0.016029
DM-10601,0.133415
DM-10600,0.094678
DM-10599,0.0745
DM-10598,0.030444
DM-10597,0.00629
DM-10596,0.038466
DM-10595,0.011869
DM-10594,0.010818
DM-10593,0.004755
DM-10592,0.021948
DM-10591,0.167763
DM-10590,0.986777
DM-10589,0.272218
DM-10588,0.227813
DM-10587,0.003765
DM-10586,0.978219
DM-10585,0.970465
DM-10584,0.892187
DM-10583,0.990292
DM-10582,0.205615
DM-10581,0.985496
DM-10580,0.786623
DM-10579,0.534612
DM-10578,0.047426
DM-10577,0.003324
DM-10576,0.021125
DM-10575,0.020177
DM-10574,0.010408
DM-10573,0.250363
DM-10572,0.032837
DM-10571,0.30013
DM-10570,0.969091
DM-10569,0.037327
DM-10568,0.92944
DM-10567,0.075041
DM-10566,0.055413
DM-10565,0.024798
DM-10564,0.017712
DM-10563,0.978549
DM-10562,0.983847
DM-10561,0.706393
DM-10560,0.023331
DM-10559,0.015906
DM-10558,0.748352
DM-10557,0.103749
DM-10556,0.021451
DM-10555,0.902266
DM-10554,0.70416
DM-10553,0.01142
DM-10552,0.573798
DM-10551,0.540196
DM-10550,0.025371
DM-10549,0.541409
DM-10548,0.201813
DM-10547,0.00934
DM-10546,0.010653
DM-10545,0.010328
DM-10544,0.027796
DM-10543,0.021125
DM-10542,0.866133
DM-10541,0.514644
DM-10540,0.048858
DM-10539,0.004199
DM-10538,0.188026
DM-10537,0.05301
DM-10536,0.945399
DM-10535,0.004538
DM-10534,0.057705
DM-10533,0.189821
DM-10532,0.945801
DM-10531,0.924688
DM-10530,0.006798
DM-10529,0.083292
DM-10528,0.042722
DM-10527,0.837088
DM-10526,0.007461
DM-10525,0.007012
DM-10524,0.393851
DM-10523,0.004265
DM-10522,0.343122
DM-10521,0.076132
DM-10520,0.003945
DM-10519,0.026759
DM-10518,0.503418
DM-10517,0.019271
DM-10516,0.014729
DM-10515,0.165593
DM-10514,0.005555
DM-10513,0.07921
DM-10512,0.028008
DM-10511,0.024423
DM-10510,0.031619
DM-10509,0.816113
DM-10508,0.00506
DM-10507,0.140336
DM-10506,0.086016
DM-10505,0.124639
DM-10504,0.06256
DM-10503,0.906983
DM-10502,0.300848
DM-10501,0.73412
DM-10500,0.963506
DM-10499,0.936285
DM-10498,0.941223
DM-10497,0.00573
DM-10496,0.009784
DM-10495,0.893309
DM-10494,0.014616
DM-10493,0.170232
DM-10492,0.937211
DM-10491,0.003483
DM-10490,0.934395
DM-10489,0.008711
DM-10488,0.118385
DM-10487,0.012054
DM-10486,0.00582
DM-10485,0.039937
DM-10484,0.007696
DM-10483,0.915507
DM-10482,0.026759
DM-10481,0.097734
DM-10480,0.024054
DM-10479,0.071074
DM-10478,0.006798
DM-10477,0.004134
DM-10476,0.055823
DM-10475,0.165054
DM-10474,0.866585
DM-10473,0.935346
DM-10472,0.190423
DM-10471,0.092688
DM-10470,0.931463
DM-10469,0.35999
DM-10468,0.976129
DM-10467,0.024798
DM-10466,0.012625
DM-10465,0.012528
DM-10464,0.462473
DM-10463,0.238639
DM-10462,0.101233
DM-10461,0.003222
DM-10460,0.067056
DM-10459,0.026557
DM-10458,0.028221
DM-10457,0.279829
DM-10456,0.942507
DM-10455,0.026355
DM-10454,0.004755
DM-10453,0.010014
DM-10452,0.041774
DM-10451,0.011597
DM-10450,0.975012
DM-10449,0.03622
DM-10448,0.014064
DM-10447,0.014729
DM-10446,0.449876
DM-10445,0.084795
DM-10444,0.821617
DM-10443,0.064418
DM-10442,0.01017
DM-10441,0.002801
DM-10440,0.024423
DM-10439,0.003273
DM-10438,0.117572
DM-10437,0.366391
DM-10436,0.048496
DM-10435,0.117167
DM-10434,0.813461
DM-10433,0.007012
DM-10432,0.951504
DM-10431,0.876634
DM-10430,0.024238
DM-10429,0.47244
DM-10428,0.97631
DM-10427,0.985271
DM-10426,0.00506
DM-10425,0.962673
DM-10424,0.977197
DM-10423,0.979823
DM-10422,0.058132
DM-10421,0.144631
DM-10420,0.856812
DM-10419,0.01142
DM-10417,0.242564
DM-10416,0.205615
DM-10415,0.026964
DM-10414,0.917303
DM-10413,0.03622
DM-10412,0.785309
DM-10411,0.024238
DM-10410,0.006388
DM-10409,0.036494
DM-10408,0.004682
DM-10407,0.663887
DM-10406,0.054601
DM-10405,0.826712
DM-10404,0.113187
DM-10403,0.283583
DM-10402,0.014957
DM-10401,0.005555
DM-10400,0.020332
DM-10399,0.637369
DM-10398,0.071591
DM-10397,0.08389
DM-10396,0.091707
DM-10395,0.009559
DM-10394,0.004682
DM-10393,0.006004
DM-10392,0.095349
DM-10391,0.035411
DM-10390,0.617282
DM-10389,0.028008
DM-10388,0.008188
DM-10387,0.97539
DM-10386,0.090735
DM-10385,0.022117
DM-10384,0.942929
DM-10383,0.908618
DM-10382,0.553023
DM-10381,0.103386
DM-10380,0.013742
DM-10379,0.00461
DM-10378,0.76908
DM-10377,0.947769
DM-10376,0.085709
DM-10375,0.964855
DM-10374,0.069542
DM-10373,0.532425
DM-10372,0.828384
DM-10371,0.138462
DM-10370,0.88642
DM-10369,0.025957
DM-10367,0.340239
DM-10366,0.860604
DM-10364,0.002715
DM-10363,0.039343
DM-10362,0.102664
DM-10361,0.00573
DM-10360,0.522446
DM-10359,0.018547
DM-10358,0.019871
DM-10357,0.966914
DM-10356,0.91848
DM-10355,0.128525
DM-10354,0.932453
DM-10353,0.973645
DM-10352,0.011687
DM-10351,0.78233
DM-10350,0.052231
DM-10349,0.151278
DM-10348,0.010328
DM-10347,0.006693
DM-10346,0.871475
DM-10345,0.359027
DM-10344,0.009784
DM-10343,0.036769
DM-10342,0.27048
DM-10341,0.049959
DM-10340,0.015189
DM-10339,0.610337
DM-10338,0.004682
DM-10337,0.019569
DM-10336,0.006004
DM-10335,0.039639
DM-10334,0.076684
DM-10333,0.010328
DM-10332,0.095013
DM-10331,0.08152
DM-10330,0.044349
DM-10329,0.964321
DM-10328,0.012625
DM-10327,0.7413
DM-10326,0.942929
DM-10325,0.133868
DM-10323,0.230054
DM-10322,0.048496
DM-10321,0.24963
DM-10320,0.020646
DM-10319,0.007012
DM-10318,0.141756
DM-10317,0.266644
DM-10316,0.874935
DM-10315,0.009126
DM-10314,0.097048
DM-10313,0.663342
DM-10312,0.788583
DM-10311,0.00573
DM-10310,0.665845
DM-10309,0.052619
DM-10308,0.034359
DM-10307,0.024054
DM-10306,0.959459
DM-10305,0.187728
DM-10304,0.937669
DM-10303,0.006904
DM-10302,0.21767
DM-10301,0.549641
DM-10300,0.03359
DM-10299,0.012147
DM-10298,0.025179
DM-10297,0.010489
DM-10296,0.961534
DM-10295,0.025565
DM-10294,0.126353
DM-10293,0.010818
DM-10292,0.043691
DM-10291,0.898767
DM-10290,0.003765
DM-10289,0.004682
DM-10288,0.006488
DM-10287,0.540439
DM-10286,0.09947
DM-10285,0.585694
DM-10284,0.021287
DM-10283,0.031619
DM-10282,0.010735
DM-10281,0.015544
DM-10280,0.490236
DM-10279,0.006488
DM-10278,0.943764
DM-10277,0.08389
DM-10276,0.039937
DM-10275,0.007012
DM-10274,0.009784
DM-10273,0.082107
DM-10272,0.016785
DM-10271,0.026964
DM-10270,0.005469
DM-10269,0.011245
DM-10268,0.008188
DM-10267,0.902266
DM-10266,0.249447
DM-10265,0.046725
DM-10264,0.118793
DM-10263,0.067793
DM-10262,0.101233
DM-10261,0.95222
DM-10260,0.159741
DM-10259,0.640355
DM-10258,0.039048
DM-10257,0.059647
DM-10256,0.004468
DM-10255,0.029987
DM-10254,0.022629
DM-10253,0.00659
DM-10252,0.008711
DM-10251,0.01057
DM-10250,0.942929
DM-10248,0.979036
DM-10247,0.962391
DM-10246,0.68056
DM-10245,0.755276
DM-10244,0.010653
DM-10243,0.007461
DM-10242,0.224906
DM-10241,0.007577
DM-10240,0.850965
DM-10238,0.027376
DM-10237,0.008316
DM-10236,0.017442
DM-10235,0.00629
DM-10234,0.45423
DM-10233,0.013956
DM-10232,0.016403
DM-10231,0.00573
DM-10230,0.062331
DM-10229,0.006098
DM-10228,0.087564
DM-10227,0.01653
DM-10226,0.026557
DM-10225,0.044349
DM-10224,0.039048
DM-10223,0.846958
DM-10222,0.959154
DM-10221,0.136148
DM-10220,0.012336
DM-10219,0.841826
DM-10218,0.842863
DM-10217,0.504883
DM-10216,0.248717
DM-10215,0.899828
DM-10214,0.111241
DM-10213,0.258513
DM-10212,0.055005
DM-10211,0.836555
DM-10210,0.063482
DM-10209,0.031619
DM-10208,0.005642
DM-10207,0.034359
DM-10206,0.011332
DM-10205,0.034619
DM-10204,0.015906
DM-10203,0.018978
DM-10202,0.796925
DM-10201,0.933915
DM-10200,0.157914
DM-10199,0.986572
DM-10198,0.796925
DM-10197,0.057282
DM-10196,0.014842
DM-10195,0.754192
DM-10194,0.817574
DM-10193,0.010328
DM-10192,0.031859
DM-10191,0.021781
DM-10190,0.236693
DM-10189,0.052619
DM-10188,0.008644
DM-10187,0.009055
DM-10186,0.102664
DM-10185,0.037047
DM-10184,0.004468
DM-10183,0.008779
DM-10182,0.043366
DM-10181,0.946597
DM-10180,0.990292
DM-10179,0.980129
DM-10178,0.965381
DM-10177,0.054601
DM-10176,0.986151
DM-10175,0.016915
DM-10174,0.046378
DM-10173,0.004468
DM-10172,0.710427
DM-10171,0.037892
DM-10170,0.966663
DM-10169,0.973241
DM-10168,0.555194
DM-10167,0.975762
DM-10166,0.726037
DM-10165,0.932944
DM-10164,0.772531
DM-10163,0.070304
DM-10162,0.665628
DM-10161,0.010014
DM-10160,0.880386
DM-10159,0.906322
DM-10158,0.91611
DM-10157,0.959459
DM-10156,0.13707
DM-10155,0.774242
DM-10154,0.467332
DM-10153,0.832237
DM-10152,0.008511
DM-10151,0.199932
DM-10150,0.006488
DM-10149,0.003945
DM-10148,0.894052
DM-10147,0.02461
DM-10146,0.007346
DM-10145,0.986979
DM-10144,0.305076
DM-10143,0.99341
DM-10142,0.003483
DM-10141,0.910545
DM-10140,0.009126
DM-10139,0.164785
DM-10138,0.061424
DM-10137,0.033086
DM-10136,0.117167
DM-10135,0.83868
DM-10134,0.786623
DM-10133,0.867934
DM-10132,0.779322
DM-10131,0.062103
DM-10130,0.037892
DM-10129,0.157396
DM-10128,0.107437
DM-10127,0.058346
DM-10126,0.09401
DM-10125,0.199932
DM-10124,0.388386
DM-10123,0.013325
DM-10122,0.924688
DM-10121,0.976669
DM-10120,0.944177
DM-10119,0.96378
DM-10118,0.136148
DM-10117,0.017045
DM-10116,0.076961
DM-10115,0.004982
DM-10114,0.043043
DM-10113,0.888372
DM-10112,0.672977
DM-10111,0.117572
DM-10110,0.132515
DM-10109,0.236869
DM-10108,0.03622
DM-10107,0.00514
DM-10106,0.690559
DM-10105,0.00629
DM-10104,0.806853
DM-10103,0.017577
DM-10102,0.141281
DM-10101,0.006693
DM-10100,0.971564
DM-10099,0.985271
DM-10098,0.019271
DM-10097,0.95222
DM-10096,0.567457
DM-10095,0.041774
DM-10094,0.020332
DM-10093,0.034881
DM-10092,0.32178
DM-10091,0.018978
DM-10090,0.103749
DM-10089,0.981875
DM-10088,0.971992
DM-10087,0.977883
DM-10086,0.176104
DM-10085,0.503418
DM-10084,0.025761
DM-10083,0.925769
DM-10082,0.745398
DM-10081,0.522446
DM-10080,0.927888
DM-10079,0.95222
DM-10078,0.635166
DM-10077,0.763836
DM-10076,0.62261
DM-10075,0.966914
DM-10074,0.491212
DM-10073,0.110856
DM-10072,0.003124
DM-10071,0.084795
DM-10070,0.00986
DM-10069,0.55917
DM-10068,0.840259
DM-10067,0.862468
DM-10066,0.92523
DM-10065,0.391871
DM-10064,0.031619
DM-10063,0.937211
DM-10062,0.082107
DM-10061,0.465387
DM-10060,0.555676
DM-10059,0.200871
DM-10058,0.764892
DM-10057,0.209793
DM-10056,0.099121
DM-10055,0.246533
DM-10054,0.816406
DM-10053,0.007577
DM-10052,0.90599
DM-10051,0.059428
DM-10050,0.267983
DM-10049,0.858719
DM-10048,0.982691
DM-10047,0.035948
DM-10046,0.039639
DM-10045,0.942507
DM-10044,0.045016
DM-10043,0.045692
DM-10042,0.00365
DM-10041,0.015544
DM-10040,0.007233
DM-10039,0.028221
DM-10038,0.043043
DM-10037,0.01057
DM-10036,0.954647
DM-10035,0.789234
DM-10034,0.897336
DM-10033,0.00514
DM-10032,0.966663
DM-10031,0.705379
DM-10030,0.029987
DM-10029,0.118385
DM-10028,0.393036
DM-10027,0.906322
DM-10026,0.933431
DM-10025,0.979354
DM-10024,0.988842
DM-10023,0.984575
DM-10022,0.913677
DM-10021,0.816406
DM-10020,0.009634
DM-10019,0.020332
DM-10018,0.007346
DM-10017,0.014172
DM-10016,0.186836
DM-10015,0.578567
DM-10014,0.024988
DM-10013,0.089137
DM-10012,0.015544
DM-10011,0.010735
DM-10010,0.882833
DM-10009,0.008446
DM-10008,0.007121
DM-10007,0.153549
DM-10006,0.012821
DM-10005,0.785966
DM-10004,0.107437
DM-10003,0.876634
DM-10002,0.373647
DM-10001,0.735262
DM-10000,0.019271
DM-9999,0.294012
DM-9998,0.113187
DM-9997,0.443841
DM-9996,0.967656
DM-9995,0.955981
DM-9994,0.94079
DM-9993,0.738292
DM-9992,0.028653
DM-9991,0.050705
DM-9990,0.934395
DM-9989,0.534855
DM-9988,0.039639
DM-9987,0.447943
DM-9986,0.041462
DM-9985,0.027376
DM-9984,0.983971
DM-9983,0.819893
DM-9982,0.051845
DM-9981,0.480966
DM-9980,0.014957
DM-9979,0.971347
DM-9978,0.024798
DM-9977,0.94079
DM-9976,0.004538
DM-9975,0.083292
DM-9974,0.009634
DM-9973,0.00407
DM-9972,0.058777
DM-9971,0.024798
DM-9970,0.020489
DM-9969,0.041462
DM-9968,0.445047
DM-9967,0.026964
DM-9966,0.135232
DM-9965,0.005302
DM-9964,0.071332
DM-9963,0.19962
DM-9962,0.894789
DM-9961,0.858719
DM-9960,0.492676
DM-9959,0.144873
DM-9958,0.19498
DM-9957,0.128525
DM-9956,0.029535
DM-9955,0.929951
DM-9954,0.07921
DM-9953,0.005642
DM-9952,0.190423
DM-9950,0.040846
DM-9949,0.008188
DM-9948,0.612484
DM-9947,0.721743
DM-9946,0.02461
DM-9945,0.964855
DM-9944,0.006488
DM-9943,0.003538
DM-9942,0.906322
DM-9941,0.115561
DM-9940,0.761361
DM-9939,0.46952
DM-9938,0.754553
DM-9937,0.891434
DM-9936,0.928926
DM-9935,0.942507
DM-9934,0.162115
DM-9933,0.93196
DM-9932,0.842863
DM-9931,0.026156
DM-9930,0.211091
DM-9929,0.990587
DM-9928,0.089455
DM-9927,0.041774
DM-9926,0.042404
DM-9925,0.854399
DM-9924,0.066812
DM-9923,0.962953
DM-9922,0.025179
DM-9921,0.055823
DM-9920,0.004538
DM-9919,0.063251
DM-9918,0.021781
DM-9917,0.111628
DM-9916,0.029987
DM-9915,0.897336
DM-9914,0.014064
DM-9913,0.9659
DM-9912,0.105579
DM-9911,0.007461
DM-9910,0.026964
DM-9909,0.007577
DM-9908,0.016277
DM-9907,0.218003
DM-9906,0.072112
DM-9905,0.022117
DM-9904,0.042088
DM-9903,0.039048
DM-9902,0.006798
DM-9901,0.007938
DM-9900,0.098773
DM-9899,0.003594
DM-9898,0.009268
DM-9897,0.018833
DM-9896,0.007461
DM-9895,0.009486
DM-9894,0.211417
DM-9893,0.888372
DM-9892,0.934873
DM-9891,0.014064
DM-9890,0.205934
DM-9889,0.01057
DM-9888,0.932453
DM-9887,0.062789
DM-9886,0.817574
DM-9885,0.061424
DM-9884,0.321753
DM-9883,0.007121
DM-9882,0.951504
DM-9881,0.029091
DM-9880,0.972831
DM-9879,0.092688
DM-9878,0.884439
DM-9877,0.977197
DM-9876,0.010014
DM-9875,0.076961
DM-9874,0.024988
DM-9873,0.234056
DM-9872,0.086323
DM-9871,0.051463
DM-9870,0.027169
DM-9869,0.522689
DM-9868,0.035145
DM-9867,0.972204
DM-9866,0.111241
DM-9865,0.247623
DM-9864,0.855851
DM-9863,0.051845
DM-9862,0.017045
DM-9861,0.009413
DM-9860,0.361277
DM-9859,0.419172
DM-9858,0.053403
DM-9857,0.942082
DM-9856,0.037047
DM-9855,0.051083
DM-9854,0.042722
DM-9853,0.027169
DM-9852,0.03259
DM-9851,0.945399
DM-9850,0.948155
DM-9849,0.010489
DM-9848,0.034881
DM-9847,0.631594
DM-9846,0.168857
DM-9845,0.004538
DM-9844,0.942082
DM-9843,0.122523
DM-9842,0.066327
DM-9841,0.094343
DM-9840,0.036769
DM-9839,0.044019
DM-9838,0.031144
DM-9837,0.029535
DM-9836,0.07056
DM-9835,0.022977
DM-9834,0.016029
DM-9833,0.045692
DM-9832,0.909907
DM-9831,0.008316
DM-9830,0.656218
DM-9829,0.007816
DM-9828,0.046034
DM-9827,0.028653
DM-9826,0.020332
DM-9825,0.03138
DM-9824,0.00365
DM-9823,0.026964
DM-9822,0.020332
DM-9821,0.02976
DM-9820,0.020489
DM-9819,0.972623
DM-9818,0.986572
DM-9817,0.012528
DM-9816,0.926835
DM-9815,0.206574
DM-9814,0.034359
DM-9813,0.015189
DM-9812,0.129843
DM-9811,0.016029
DM-9810,0.122523
DM-9809,0.980129
DM-9808,0.004682
DM-9807,0.176672
DM-9806,0.006904
DM-9805,0.009559
DM-9804,0.161056
DM-9803,0.838151
DM-9802,0.022117
DM-9801,0.004755
DM-9800,0.922482
DM-9799,0.046034
DM-9798,0.005642
DM-9797,0.010091
DM-9796,0.017177
DM-9795,0.006004
DM-9794,0.882428
DM-9793,0.874507
DM-9792,0.014729
DM-9791,0.056862
DM-9790,0.020964
DM-9789,0.012147
DM-9788,0.934395
DM-9787,0.771155
DM-9786,0.037047
DM-9785,0.004007
DM-9784,0.026964
DM-9783,0.172729
DM-9782,0.886027
DM-9781,0.920218
DM-9780,0.198064
DM-9779,0.892187
DM-9778,0.00582
DM-9777,0.010735
DM-9776,0.054199
DM-9775,0.561936
DM-9774,0.008062
DM-9773,0.039048
DM-9772,0.02461
DM-9771,0.011778
DM-9770,0.051845
DM-9769,0.835484
DM-9768,0.172172
DM-9767,0.006693
DM-9766,0.932453
DM-9765,0.007696
DM-9764,0.009559
DM-9763,0.014172
DM-9762,0.048858
DM-9761,0.029535
DM-9760,0.039343
DM-9759,0.013956
DM-9758,0.01292
DM-9757,0.071591
DM-9756,0.054601
DM-9755,0.021451
DM-9754,0.312422
DM-9753,0.833325
DM-9752,0.048496
DM-9751,0.090093
DM-9750,0.671794
DM-9749,0.022457
DM-9748,0.032344
DM-9747,0.00506
DM-9746,0.03259
DM-9745,0.226441
DM-9744,0.028436
DM-9743,0.013742
DM-9742,0.007461
DM-9741,0.979195
DM-9740,0.034881
DM-9739,0.011158
DM-9738,0.013532
DM-9737,0.96641
DM-9736,0.004468
DM-9735,0.957912
DM-9734,0.936749
DM-9733,0.036769
DM-9732,0.02976
DM-9731,0.013223
DM-9730,0.015306
DM-9729,0.959762
DM-9728,0.051845
DM-9727,0.014616
DM-9726,0.00343
DM-9725,0.038756
DM-9724,0.003483
DM-9723,0.034881
DM-9722,0.494629
DM-9721,0.40592
DM-9720,0.019271
DM-9719,0.189221
DM-9718,0.022803
DM-9717,0.963231
DM-9716,0.906322
DM-9715,0.031144
DM-9714,0.039937
DM-9713,0.073165
DM-9712,0.053403
DM-9711,0.972831
DM-9710,0.013849
DM-9709,0.889529
DM-9708,0.043691
DM-9707,0.207857
DM-9706,0.007696
DM-9705,0.853913
DM-9704,0.962391
DM-9703,0.380759
DM-9702,0.02461
DM-9701,0.098773
DM-9700,0.018978
DM-9699,0.229881
DM-9698,0.008316
DM-9697,0.011961
DM-9696,0.003884
DM-9695,0.006904
DM-9694,0.256087
DM-9693,0.030676
DM-9692,0.159741
DM-9691,0.003222
DM-9690,0.090735
DM-9689,0.004468
DM-9687,0.155078
DM-9686,0.062103
DM-9685,0.987375
DM-9684,0.003377
DM-9683,0.016153
DM-9682,0.02461
DM-9681,0.046034
DM-9680,0.961244
DM-9679,0.984811
DM-9678,0.959459
DM-9677,0.003707
DM-9676,0.969556
DM-9675,0.05301
DM-9674,0.003075
DM-9673,0.007346
DM-9672,0.00514
DM-9671,0.367951
DM-9670,0.081228
DM-9669,0.028221
DM-9668,0.805632
DM-9667,0.992062
DM-9666,0.986979
DM-9665,0.992539
DM-9664,0.375363
DM-9663,0.808672
DM-9662,0.697197
DM-9661,0.975762
DM-9660,0.975577
DM-9659,0.990732
DM-9658,0.991554
DM-9657,0.992767
DM-9656,0.972831
DM-9655,0.946597
DM-9654,0.855369
DM-9653,0.009268
DM-9652,0.077797
DM-9651,0.934873
DM-9650,0.152032
DM-9649,0.396886
DM-9648,0.015785
DM-9647,0.008511
DM-9646,0.036494
DM-9645,0.276495
DM-9644,0.023331
DM-9643,0.066327
DM-9642,0.063482
DM-9641,0.069542
DM-9640,0.038756
DM-9639,0.04778
DM-9638,0.007577
DM-9637,0.028436
DM-9636,0.257765
DM-9635,0.024988
DM-9634,0.978875
DM-9633,0.254231
DM-9632,0.299822
DM-9631,0.841826
DM-9630,0.829492
DM-9629,0.672869
DM-9628,0.188324
DM-9627,0.388067
DM-9626,0.54359
DM-9625,0.989672
DM-9624,0.388618
DM-9623,0.468304
DM-9622,0.118385
DM-9621,0.568176
DM-9620,0.407805
DM-9619,0.078926
DM-9618,0.011245
DM-9617,0.776962
DM-9616,0.023153
DM-9615,0.557845
DM-9614,0.050331
DM-9613,0.982823
DM-9612,0.91611
DM-9611,0.035948
DM-9610,0.789558
DM-9609,0.017177
DM-9608,0.006098
DM-9607,0.981022
DM-9606,0.010014
DM-9605,0.006693
DM-9604,0.098079
DM-9603,0.904651
DM-9602,0.990732
DM-9601,0.007012
DM-9600,0.039343
DM-9599,0.819316
DM-9598,0.024238
DM-9597,0.923039
DM-9596,0.129403
DM-9595,0.123366
DM-9594,0.006798
DM-9593,0.033337
DM-9592,0.649945
DM-9591,0.023871
DM-9590,0.004332
DM-9589,0.002935
DM-9588,0.017849
DM-9587,0.812272
DM-9586,0.959154
DM-9585,0.026156
DM-9584,0.309311
DM-9583,0.023331
DM-9582,0.007696
DM-9581,0.006193
DM-9580,0.702938
DM-9579,0.008316
DM-9578,0.004905
DM-9577,0.035411
DM-9576,0.014504
DM-9575,0.017309
DM-9574,0.899121
DM-9573,0.011869
DM-9572,0.062789
DM-9571,0.953622
DM-9570,0.191933
DM-9569,0.039048
DM-9568,0.056236
DM-9567,0.624358
DM-9566,0.012821
DM-9565,0.417984
DM-9564,0.035948
DM-9563,0.7237
DM-9562,0.917893
DM-9561,0.035411
DM-9560,0.092688
DM-9559,0.977023
DM-9558,0.013742
DM-9557,0.022457
DM-9556,0.007346
DM-9555,0.198375
DM-9554,0.059428
DM-9553,0.125065
DM-9552,0.003945
DM-9551,0.128525
DM-9550,0.022286
DM-9549,0.008985
DM-9548,0.010818
DM-9547,0.028871
DM-9546,0.03622
DM-9545,0.014282
DM-9544,0.008188
DM-9543,0.005385
DM-9542,0.110088
DM-9541,0.006388
DM-9540,0.003884
DM-9539,0.990732
DM-9538,0.011687
DM-9537,0.025957
DM-9536,0.421314
DM-9535,0.094343
DM-9534,0.891434
DM-9533,0.97024
DM-9532,0.984811
DM-9531,0.013956
DM-9530,0.959762
DM-9529,0.007012
DM-9528,0.039343
DM-9527,0.025371
DM-9526,0.036769
DM-9525,0.439507
DM-9524,0.038466
DM-9523,0.085404
DM-9522,0.105948
DM-9521,0.105211
DM-9520,0.158435
DM-9519,0.008316
DM-9518,0.019871
DM-9517,0.758153
DM-9516,0.02976
DM-9515,0.029987
DM-9514,0.030444
DM-9513,0.027796
DM-9512,0.030215
DM-9511,0.030215
DM-9510,0.035411
DM-9509,0.005385
DM-9508,0.816406
DM-9507,0.032837
DM-9506,0.733165
DM-9505,0.230227
DM-9504,0.008779
DM-9503,0.002632
DM-9502,0.007696
DM-9501,0.004399
DM-9500,0.003273
DM-9499,0.078642
DM-9498,0.895157
DM-9497,0.002473
DM-9496,0.011869
DM-9495,0.03359
DM-9494,0.006388
DM-9493,0.007012
DM-9492,0.006004
DM-9491,0.770119
DM-9490,0.00514
DM-9489,0.832237
DM-9488,0.010091
DM-9487,0.040238
DM-9486,0.032344
DM-9485,0.016029
DM-9484,0.030444
DM-9483,0.00934
DM-9482,0.979668
DM-9481,0.028871
DM-9480,0.046725
DM-9479,0.42179
DM-9478,0.885631
DM-9477,0.015306
DM-9476,0.00407
DM-9475,0.015664
DM-9474,0.009126
DM-9473,0.140336
DM-9472,0.006693
DM-9471,0.004399
DM-9470,0.011869
DM-9469,0.026759
DM-9468,0.002473
DM-9467,0.010249
DM-9466,0.063948
DM-9465,0.012821
DM-9464,0.03622
DM-9463,0.003483
DM-9462,0.041462
DM-9461,0.751648
DM-9460,0.47171
DM-9459,0.07477
DM-9458,0.012147
DM-9457,0.026964
DM-9456,0.919643
DM-9455,0.224395
DM-9454,0.533641
DM-9453,0.003273
DM-9452,0.971779
DM-9451,0.041153
DM-9450,0.713631
DM-9449,0.288669
DM-9448,0.373419
DM-9447,0.051845
DM-9446,0.00514
DM-9445,0.008711
DM-9444,0.041774
DM-9443,0.018405
DM-9442,0.030444
DM-9441,0.051083
DM-9440,0.181553
DM-9439,0.021451
DM-9438,0.281998
DM-9437,0.149531
DM-9436,0.012054
DM-9435,0.354321
DM-9434,0.006488
DM-9433,0.006004
DM-9432,0.041462
DM-9431,0.018125
DM-9430,0.00365
DM-9429,0.013637
DM-9428,0.048858
DM-9427,0.009708
DM-9426,0.901921
DM-9425,0.860604
DM-9424,0.104112
DM-9423,0.076961
DM-9422,0.067793
DM-9421,0.035411
DM-9420,0.277277
DM-9419,0.841305
DM-9418,0.788583
DM-9417,0.045016
DM-9416,0.147065
DM-9415,0.007696
DM-9414,0.260578
DM-9413,0.675444
DM-9412,0.007346
DM-9411,0.018978
DM-9410,0.143427
DM-9409,0.688678
DM-9408,0.017045
DM-9407,0.014392
DM-9406,0.781664
DM-9405,0.962391
DM-9404,0.007121
DM-9403,0.035679
DM-9402,0.21767
DM-9401,0.009708
DM-9400,0.719581
DM-9399,0.00514
DM-9398,0.031859
DM-9397,0.628863
DM-9396,0.01302
DM-9395,0.030676
DM-9394,0.042088
DM-9393,0.006693
DM-9392,0.024988
DM-9391,0.048137
DM-9390,0.453988
DM-9389,0.325976
DM-9388,0.014729
DM-9387,0.960657
DM-9386,0.004982
DM-9384,0.328698
DM-9383,0.146575
DM-9382,0.011778
DM-9381,0.08152
DM-9380,0.093347
DM-9379,0.014616
DM-9378,0.958226
DM-9377,0.002551
DM-9376,0.006004
DM-9375,0.80502
DM-9374,0.015544
DM-9373,0.228156
DM-9372,0.051845
DM-9371,0.059428
DM-9370,0.005302
DM-9369,0.037609
DM-9368,0.112016
DM-9367,0.875787
DM-9366,0.039937
DM-9365,0.960952
DM-9364,0.010091
DM-9363,0.070816
DM-9362,0.880797
DM-9361,0.098079
DM-9360,0.226784
DM-9359,0.004332
DM-9358,0.004982
DM-9357,0.67822
DM-9356,0.821617
DM-9355,0.051083
DM-9354,0.016915
DM-9353,0.016785
DM-9352,0.003538
DM-9351,0.005555
DM-9350,0.030676
DM-9349,0.005555
DM-9348,0.779322
DM-9347,0.004982
DM-9346,0.007816
DM-9345,0.017309
DM-9344,0.008062
DM-9343,0.012625
DM-9342,0.023689
DM-9341,0.007012
DM-9340,0.011158
DM-9339,0.006693
DM-9338,0.323514
DM-9337,0.785309
DM-9336,0.020489
DM-9335,0.009936
DM-9334,0.016153
DM-9333,0.019719
DM-9332,0.004982
DM-9331,0.97631
DM-9330,0.842863
DM-9329,0.865224
DM-9328,0.924688
DM-9327,0.667148
DM-9326,0.017309
DM-9325,0.013428
DM-9324,0.355831
DM-9323,0.531453
DM-9322,0.008985
DM-9321,0.058346
DM-9320,0.221687
DM-9319,0.022286
DM-9318,0.895157
DM-9317,0.085709
DM-9316,0.008779
DM-9315,0.005642
DM-9314,0.008985
DM-9313,0.045692
DM-9312,0.975202
DM-9311,0.040541
DM-9310,0.922482
DM-9309,0.130729
DM-9308,0.034881
DM-9307,0.0341
DM-9306,0.034359
DM-9305,0.235108
DM-9304,0.033337
DM-9303,0.045016
DM-9302,0.326594
DM-9301,0.950778
DM-9300,0.003824
DM-9299,0.620047
DM-9298,0.008711
DM-9297,0.007461
DM-9296,0.26569
DM-9295,0.90261
DM-9294,0.00506
DM-9293,0.141756
DM-9292,0.058132
DM-9291,0.005555
DM-9290,0.826712
DM-9289,0.051845
DM-9288,0.042722
DM-9287,0.072112
DM-9286,0.014064
DM-9285,0.937211
DM-9284,0.44746
DM-9283,0.488771
DM-9282,0.792464
DM-9281,0.023689
DM-9280,0.015306
DM-9279,0.026156
DM-9278,0.016657
DM-9277,0.025761
DM-9276,0.018978
DM-9275,0.008711
DM-9274,0.108189
DM-9273,0.938576
DM-9272,0.297266
DM-9271,0.002935
DM-9270,0.383064
DM-9269,0.897336
DM-9268,0.048496
DM-9267,0.977714
DM-9266,0.974239
DM-9265,0.958847
DM-9264,0.111241
DM-9263,0.770465
DM-9262,0.72526
DM-9261,0.179531
DM-9260,0.041153
DM-9259,0.00986
DM-9258,0.310877
DM-9257,0.742422
DM-9256,0.006193
DM-9255,0.572006
DM-9254,0.004682
DM-9253,0.203075
DM-9252,0.008577
DM-9251,0.01292
DM-9250,0.016915
DM-9249,0.83762
DM-9248,0.573201
DM-9247,0.829492
DM-9246,0.193452
DM-9245,0.733356
DM-9244,0.049959
DM-9243,0.009055
DM-9242,0.003324
DM-9241,0.137532
DM-9240,0.023509
DM-9239,0.032101
DM-9238,0.021125
DM-9237,0.032101
DM-9236,0.067056
DM-9235,0.099821
DM-9234,0.646962
DM-9233,0.181844
DM-9232,0.057918
DM-9231,0.900879
DM-9230,0.146575
DM-9229,0.03259
DM-9228,0.648439
DM-9227,0.145358
DM-9226,0.514644
DM-9225,0.979511
DM-9224,0.981022
DM-9223,0.130729
DM-9222,0.973037
DM-9221,0.198996
DM-9220,0.726231
DM-9219,0.773901
DM-9218,0.098079
DM-9217,0.948155
DM-9216,0.80502
DM-9215,0.936285
DM-9214,0.195287
DM-9213,0.026964
DM-9212,0.034359
DM-9210,0.787931
DM-9209,0.225929
DM-9208,0.038756
DM-9207,0.848471
DM-9206,0.006004
DM-9205,0.122523
DM-9204,0.201185
DM-9203,0.029091
DM-9202,0.029987
DM-9201,0.028436
DM-9200,0.028221
DM-9199,0.070304
DM-9198,0.071332
DM-9197,0.006693
DM-9196,0.004332
DM-9195,0.092688
DM-9194,0.907312
DM-9193,0.988313
DM-9192,0.943348
DM-9191,0.051083
DM-9190,0.105579
DM-9189,0.132964
DM-9188,0.051845
DM-9187,0.052231
DM-9186,0.071074
DM-9185,0.020332
DM-9184,0.32611
DM-9183,0.178669
DM-9182,0.140336
DM-9181,0.023509
DM-9180,0.049959
DM-9179,0.039048
DM-9178,0.034619
DM-9177,0.016403
DM-9176,0.03138
DM-9175,0.090093
DM-9174,0.933915
DM-9173,0.13707
DM-9172,0.131173
DM-9171,0.224225
DM-9170,0.029091
DM-9169,0.030676
DM-9168,0.052619
DM-9167,0.579281
DM-9166,0.039048
DM-9165,0.016277
DM-9164,0.033086
DM-9163,0.004134
DM-9162,0.006193
DM-9161,0.006098
DM-9160,0.013121
DM-9159,0.013956
DM-9158,0.49707
DM-9157,0.088505
DM-9156,0.017577
DM-9155,0.062331
DM-9153,0.906322
DM-9152,0.178097
DM-9151,0.341253
DM-9150,0.951142
DM-9149,0.973037
DM-9148,0.011508
DM-9147,0.788257
DM-9146,0.983597
DM-9145,0.114369
DM-9144,0.003377
DM-9143,0.059647
DM-9142,0.007346
DM-9141,0.116764
DM-9140,0.085099
DM-9139,0.037609
DM-9138,0.013121
DM-9137,0.037047
DM-9136,0.81582
DM-9135,0.196209
DM-9134,0.030676
DM-9133,0.984094
DM-9132,0.808672
DM-9131,0.036494
DM-9130,0.96641
DM-9129,0.026557
DM-9128,0.223038
DM-9127,0.594551
DM-9126,0.012241
DM-9125,0.021287
DM-9124,0.812272
DM-9123,0.004134
DM-9122,0.003945
DM-9121,0.177526
DM-9120,0.008446
DM-9119,0.880797
DM-9118,0.108566
DM-9117,0.165593
DM-9116,0.015425
DM-9115,0.512205
DM-9114,0.00659
DM-9113,0.031859
DM-9112,0.978219
DM-9111,0.14731
DM-9110,0.010328
DM-9109,0.013956
DM-9108,0.01653
DM-9107,0.019569
DM-9106,0.028871
DM-9105,0.955319
DM-9104,0.927363
DM-9103,0.017442
DM-9102,0.012528
DM-9101,0.096365
DM-9100,0.059866
DM-9099,0.924688
DM-9098,0.156105
DM-9097,0.017309
DM-9096,0.012241
DM-9095,0.893309
DM-9094,0.486819
DM-9093,0.023509
DM-9092,0.717012
DM-9091,0.259638
DM-9090,0.879561
DM-9089,0.803174
DM-9088,0.752013
DM-9087,0.492676
DM-9086,0.974435
DM-9085,0.014729
DM-9084,0.858244
DM-9083,0.404507
DM-9082,0.926835
DM-9081,0.009126
DM-9080,0.002935
DM-9079,0.019871
DM-9078,0.006904
DM-9077,0.045692
DM-9076,0.07836
DM-9075,0.270288
DM-9074,0.010091
DM-9073,0.055005
DM-9072,0.136148
DM-9071,0.101589
DM-9070,0.00343
DM-9069,0.966914
DM-9068,0.013742
DM-9067,0.016153
DM-9066,0.019271
DM-9065,0.950041
DM-9064,0.016029
DM-9063,0.210117
DM-9062,0.035411
DM-9061,0.176956
DM-9060,0.912124
DM-9059,0.930458
DM-9058,0.030444
DM-9057,0.315314
DM-9056,0.878314
DM-9055,0.005302
DM-9054,0.809878
DM-9053,0.444083
DM-9052,0.01017
DM-9051,0.03359
DM-9050,0.343507
DM-9049,0.423458
DM-9048,0.093017
DM-9047,0.588889
DM-9046,0.901227
DM-9045,0.906322
DM-9044,0.674158
DM-9043,0.030444
DM-9042,0.016657
DM-9041,0.008511
DM-9040,0.936749
DM-9039,0.939913
DM-9038,0.051845
DM-9037,0.742422
DM-9036,0.022286
DM-9035,0.104112
DM-9034,0.948537
DM-9033,0.164516
DM-9032,0.513181
DM-9031,0.063948
DM-9030,0.765243
DM-9029,0.200245
DM-9028,0.045353
DM-9027,0.019569
DM-9026,0.006098
DM-9025,0.006098
DM-9024,0.650412
DM-9023,0.545286
DM-9022,0.981736
DM-9021,0.904987
DM-9020,0.973241
DM-9019,0.057493
DM-9018,0.183009
DM-9017,0.204342
DM-9016,0.892187
DM-9015,0.954647
DM-9014,0.033844
DM-9013,0.055005
DM-9012,0.865679
DM-9011,0.082107
DM-9010,0.948155
DM-9009,0.915507
DM-9008,0.021451
DM-9007,0.58676
DM-9006,0.01142
DM-9005,0.010987
DM-9004,0.026964
DM-9003,0.47025
DM-9002,0.372391
DM-9001,0.194062
DM-9000,0.026355
DM-8999,0.01292
DM-8998,0.055209
DM-8997,0.006388
DM-8996,0.954308
DM-8995,0.840259
DM-8994,0.800692
DM-8993,0.004399
DM-8992,0.044349
DM-8991,0.080937
DM-8990,0.008188
DM-8989,0.004332
DM-8988,0.809276
DM-8987,0.136148
DM-8986,0.408041
DM-8985,0.640776
DM-8984,0.047426
DM-8983,0.007577
DM-8982,0.00838
DM-8981,0.055005
DM-8980,0.403214
DM-8979,0.007938
DM-8978,0.030909
DM-8977,0.112016
DM-8976,0.973844
DM-8975,0.064183
DM-8974,0.637369
DM-8973,0.022803
DM-8972,0.005555
DM-8971,0.470493
DM-8970,0.007816
DM-8969,0.335065
DM-8968,0.184473
DM-8967,0.342681
DM-8966,0.017577
DM-8965,0.057493
DM-8964,0.014064
DM-8963,0.003324
DM-8962,0.008316
DM-8961,0.011687
DM-8960,0.011332
DM-8959,0.937211
DM-8958,0.132066
DM-8957,0.00573
DM-8956,0.158174
DM-8955,0.363703
DM-8954,0.505859
DM-8953,0.492188
DM-8952,0.245808
DM-8951,0.040238
DM-8950,0.731059
DM-8949,0.007577
DM-8948,0.004538
DM-8947,0.855851
DM-8946,0.101947
DM-8945,0.817283
DM-8944,0.197135
DM-8943,0.053403
DM-8942,0.836555
DM-8941,0.823328
DM-8940,0.923039
DM-8939,0.118385
DM-8938,0.938576
DM-8937,0.958226
DM-8936,0.024798
DM-8935,0.506836
DM-8934,0.701611
DM-8933,0.00506
DM-8932,0.245085
DM-8931,0.110471
DM-8930,0.994698
DM-8929,0.338624
DM-8928,0.984094
DM-8927,0.952574
DM-8926,0.973443
DM-8925,0.487307
DM-8924,0.177241
DM-8923,0.224055
DM-8922,0.087252
DM-8921,0.857291
DM-8920,0.145115
DM-8919,0.530236
DM-8918,0.141756
DM-8917,0.083591
DM-8916,0.414662
DM-8915,0.023509
DM-8914,0.594272
DM-8913,0.043043
DM-8912,0.034881
DM-8911,0.879974
DM-8910,0.01653
DM-8909,0.039048
DM-8908,0.017045
DM-8907,0.030444
DM-8906,0.025179
DM-8905,0.029091
DM-8904,0.036769
DM-8903,0.022117
DM-8902,0.033337
DM-8901,0.030215
DM-8900,0.026557
DM-8899,0.023331
DM-8898,0.029091
DM-8897,0.023689
DM-8896,0.66356
DM-8895,0.021615
DM-8894,0.033844
DM-8893,0.024238
DM-8892,0.016403
DM-8891,0.039048
DM-8890,0.299745
DM-8889,0.742048
DM-8888,0.139866
DM-8887,0.35928
DM-8886,0.694303
DM-8885,0.730674
DM-8884,0.018833
DM-8883,0.165054
DM-8882,0.017849
DM-8881,0.016657
DM-8880,0.018689
DM-8879,0.017712
DM-8878,0.021781
DM-8877,0.066812
DM-8876,0.024054
DM-8875,0.042088
DM-8874,0.028008
DM-8873,0.039937
DM-8872,0.057918
DM-8871,0.036494
DM-8870,0.033844
DM-8869,0.040541
DM-8868,0.03622
DM-8867,0.047074
DM-8866,0.048137
DM-8865,0.036494
DM-8864,0.03359
DM-8863,0.022457
DM-8862,0.051463
DM-8861,0.024798
DM-8860,0.031144
DM-8859,0.026964
DM-8858,0.023509
DM-8857,0.087876
DM-8856,0.03259
DM-8855,0.037047
DM-8854,0.046034
DM-8853,0.032837
DM-8852,0.027169
DM-8851,0.08389
DM-8850,0.044681
DM-8849,0.017849
DM-8848,0.020964
DM-8847,0.026355
DM-8846,0.027376
DM-8845,0.023689
DM-8844,0.656548
DM-8843,0.125493
DM-8842,0.038466
DM-8841,0.012147
DM-8840,0.03259
DM-8839,0.031144
DM-8838,0.050705
DM-8837,0.739422
DM-8836,0.981595
DM-8835,0.109706
DM-8834,0.3043
DM-8833,0.023871
DM-8832,0.010902
DM-8831,0.847463
DM-8830,0.004755
DM-8829,0.125923
DM-8828,0.098079
DM-8827,0.104477
DM-8826,0.087876
DM-8825,0.024238
DM-8824,0.90053
DM-8823,0.92079
DM-8822,0.007233
DM-8821,0.240239
DM-8820,0.901921
DM-8819,0.964855
DM-8818,0.011778
DM-8817,0.33939
DM-8816,0.65202
DM-8815,0.96741
DM-8814,0.979511
DM-8813,0.99014
DM-8812,0.953966
DM-8811,0.040238
DM-8810,0.050894
DM-8809,0.03259
DM-8808,0.007121
DM-8807,0.020804
DM-8806,0.013428
DM-8805,0.965381
DM-8804,0.572962
DM-8803,0.032344
DM-8802,0.068787
DM-8801,0.077239
DM-8800,0.037892
DM-8799,0.614192
DM-8798,0.077797
DM-8797,0.321886
DM-8796,0.779993
DM-8795,0.783658
DM-8794,0.252937
DM-8793,0.807764
DM-8792,0.079496
DM-8791,0.012336
DM-8790,0.003707
DM-8789,0.028436
DM-8777,0.908618
DM-8776,0.853425
DM-8775,0.957596
DM-8774,0.982557
DM-8773,0.988313
DM-8772,0.973241
DM-8771,0.98983
DM-8770,0.991153
DM-8769,0.926835
DM-8768,0.86431
DM-8767,0.976847
DM-8765,0.981595
DM-8764,0.90599
DM-8762,0.365513
DM-8761,0.060975
DM-8760,0.090414
DM-8759,0.048496
DM-8758,0.05301
DM-8757,0.059428
DM-8756,0.059647
DM-8755,0.071591
DM-8754,0.08389
DM-8753,0.056236
DM-8752,0.065605
DM-8751,0.006098
DM-8750,0.496582
DM-8749,0.011778
DM-8748,0.028008
DM-8747,0.026557
DM-8746,0.026355
DM-8745,0.018405
DM-8744,0.028436
DM-8743,0.050705
DM-8742,0.869715
DM-8741,0.968381
DM-8738,0.76454
DM-8737,0.897695
DM-8736,0.641815
DM-8735,0.048858
DM-8734,0.094678
DM-8733,0.854885
DM-8731,0.781997
DM-8730,0.575349
DM-8729,0.08819
DM-8728,0.014172
DM-8727,0.329823
DM-8726,0.640411
DM-8725,0.089455
DM-8724,0.065128
DM-8723,0.652172
DM-8722,0.76908
DM-8721,0.974043
DM-8720,0.063019
DM-8719,0.046725
DM-8718,0.981453
DM-8717,0.666822
DM-8716,0.958847
DM-8715,0.030676
DM-8714,0.003824
DM-8713,0.227641
DM-8712,0.903294
DM-8711,0.103386
DM-8710,0.050331
DM-8709,0.013121
DM-8708,0.702122
DM-8707,0.013532
DM-8706,0.00514
DM-8705,0.009784
DM-8704,0.273769
DM-8703,0.94699
DM-8702,0.972831
DM-8701,0.095013
DM-8700,0.950411
DM-8699,0.9462
DM-8698,0.027585
DM-8697,0.006388
DM-8696,0.048137
DM-8695,0.004905
DM-8694,0.964321
DM-8693,0.021781
DM-8692,0.015425
DM-8691,0.032344
DM-8690,0.009413
DM-8689,0.003707
DM-8688,0.012432
DM-8687,0.160266
DM-8686,0.307982
DM-8685,0.011687
DM-8684,0.040238
DM-8683,0.970013
DM-8682,0.975946
DM-8681,0.256832
DM-8680,0.035948
DM-8679,0.015785
DM-8678,0.077797
DM-8677,0.067301
DM-8676,0.085709
DM-8675,0.078926
DM-8674,0.011869
DM-8673,0.008644
DM-8672,0.730097
DM-8671,0.942507
DM-8670,0.059647
DM-8669,0.982288
DM-8668,0.586523
DM-8667,0.007816
DM-8666,0.027376
DM-8665,0.107813
DM-8664,0.982823
DM-8663,0.884039
DM-8662,0.010818
DM-8661,0.041774
DM-8660,0.073963
DM-8659,0.098079
DM-8658,0.027169
DM-8657,0.00629
DM-8656,0.007577
DM-8655,0.858719
DM-8654,0.014064
DM-8653,0.349977
DM-8652,0.018833
DM-8651,0.891055
DM-8650,0.016657
DM-8649,0.210442
DM-8648,0.00573
DM-8647,0.022117
DM-8646,0.237576
DM-8645,0.629945
DM-8644,0.023871
DM-8643,0.045016
DM-8642,0.022457
DM-8641,0.09236
DM-8640,0.004905
DM-8639,0.99014
DM-8638,0.986151
DM-8637,0.902266
DM-8636,0.851953
DM-8635,0.011158
DM-8634,0.950041
DM-8633,0.988131
DM-8632,0.273574
DM-8631,0.902952
DM-8630,0.008188
DM-8629,0.007346
DM-8628,0.004134
DM-8627,0.043691
DM-8626,0.006098
DM-8625,0.461988
DM-8624,0.07343
DM-8623,0.564819
DM-8622,0.704567
DM-8621,0.873647
DM-8620,0.156105
DM-8619,0.025761
DM-8618,0.873215
DM-8617,0.028653
DM-8616,0.01302
DM-8615,0.007461
DM-8614,0.007461
DM-8613,0.020964
DM-8612,0.005642
DM-8611,0.00629
DM-8610,0.895888
DM-8609,0.017177
DM-8608,0.021781
DM-8607,0.005911
DM-8606,0.043366
DM-8605,0.012528
DM-8604,0.757436
DM-8603,0.72331
DM-8602,0.00934
DM-8601,0.043691
DM-8600,0.941654
DM-8599,0.060087
DM-8598,0.005385
DM-8597,0.027585
DM-8596,0.071332
DM-8595,0.139631
DM-8594,0.306423
DM-8593,0.888759
DM-8592,0.954984
DM-8591,0.012528
DM-8590,0.017177
DM-8589,0.203075
DM-8588,0.040238
DM-8587,0.766992
DM-8586,0.72331
DM-8584,0.985718
DM-8583,0.105211
DM-8582,0.959762
DM-8581,0.038466
DM-8580,0.012241
DM-8579,0.207215
DM-8578,0.009055
DM-8577,0.743168
DM-8576,0.675765
DM-8575,0.982691
DM-8574,0.93196
DM-8573,0.0538
DM-8572,0.016915
DM-8571,0.028871
DM-8570,0.970465
DM-8569,0.824462
DM-8568,0.977883
DM-8567,0.05301
DM-8566,0.039343
DM-8565,0.119614
DM-8564,0.413359
DM-8563,0.165323
DM-8562,0.92079
DM-8561,0.008446
DM-8560,0.124639
DM-8559,0.354824
DM-8558,0.093678
DM-8557,0.007461
DM-8556,0.759582
DM-8555,0.066812
DM-8554,0.027376
DM-8553,0.128088
DM-8552,0.915507
DM-8551,0.041462
DM-8550,0.032344
DM-8549,0.039639
DM-8548,0.022286
DM-8547,0.016277
DM-8546,0.010902
DM-8545,0.011072
DM-8544,0.983723
DM-8543,0.02461
DM-8542,0.048858
DM-8541,0.991015
DM-8540,0.008577
DM-8539,0.084493
DM-8538,0.046034
DM-8537,0.94699
DM-8536,0.165323
DM-8535,0.953622
DM-8534,0.186243
DM-8533,0.009197
DM-8532,0.010091
DM-8531,0.670824
DM-8530,0.987568
DM-8529,0.939471
DM-8528,0.075585
DM-8527,0.134321
DM-8526,0.031859
DM-8525,0.450359
DM-8523,0.060087
DM-8522,0.97024
DM-8521,0.067547
DM-8520,0.880797
DM-8519,0.962673
DM-8518,0.913058
DM-8517,0.964321
DM-8516,0.990292
DM-8515,0.99539
DM-8514,0.046725
DM-8513,0.827828
DM-8512,0.97631
DM-8511,0.99341
DM-8510,0.92079
DM-8509,0.989013
DM-8508,0.980281
DM-8507,0.35883
DM-8506,0.979511
DM-8505,0.957912
DM-8504,0.919063
DM-8503,0.900179
DM-8502,0.977197
DM-8501,0.58059
DM-8500,0.157655
DM-8499,0.067301
DM-8498,0.80502
DM-8497,0.371707
DM-8496,0.058993
DM-8495,0.731059
DM-8494,0.062331
DM-8493,0.943764
DM-8492,0.891811
DM-8491,0.933915
DM-8490,0.316633
DM-8489,0.947381
DM-8488,0.896614
DM-8487,0.94699
DM-8486,0.99014
DM-8485,0.986979
DM-8484,0.971992
DM-8483,0.958847
DM-8482,0.944587
DM-8481,0.97649
DM-8480,0.986979
DM-8479,0.985936
DM-8478,0.981736
DM-8477,0.969556
DM-8476,0.927888
DM-8475,0.983847
DM-8474,0.992654
DM-8473,0.919931
DM-8472,0.425128
DM-8471,0.984811
DM-8470,0.969324
DM-8469,0.086016
DM-8468,0.846451
DM-8467,0.065845
DM-8466,0.028871
DM-8465,0.022457
DM-8464,0.018689
DM-8463,0.017309
DM-8462,0.023153
DM-8461,0.00514
DM-8460,0.018125
DM-8459,0.015189
DM-8458,0.019569
DM-8457,0.026156
DM-8456,0.022457
DM-8455,0.023153
DM-8454,0.018978
DM-8453,0.041153
DM-8452,0.015664
DM-8451,0.016915
DM-8450,0.91848
DM-8449,0.004982
DM-8448,0.850965
DM-8447,0.062331
DM-8446,0.214362
DM-8445,0.847968
DM-8444,0.871475
DM-8443,0.856812
DM-8442,0.036494
DM-8441,0.080357
DM-8440,0.879147
DM-8439,0.875361
DM-8438,0.026557
DM-8437,0.628236
DM-8436,0.935346
DM-8435,0.00407
DM-8434,0.019124
DM-8433,0.498535
DM-8432,0.00573
DM-8431,0.013532
DM-8430,0.707809
DM-8429,0.91611
DM-8428,0.51562
DM-8427,0.037327
DM-8426,0.003273
DM-8425,0.246533
DM-8424,0.020332
DM-8423,0.034359
DM-8422,0.027169
DM-8421,0.028221
DM-8420,0.063948
DM-8419,0.007577
DM-8418,0.273186
DM-8417,0.031619
DM-8416,0.210117
DM-8415,0.019419
DM-8414,0.971564
DM-8413,0.061424
DM-8412,0.125065
DM-8411,0.015306
DM-8410,0.065366
DM-8409,0.116764
DM-8408,0.966914
DM-8406,0.017986
DM-8405,0.678753
DM-8404,0.558207
DM-8403,0.005469
DM-8402,0.080069
DM-8401,0.006388
DM-8400,0.842345
DM-8399,0.42656
DM-8398,0.033086
DM-8397,0.953275
DM-8396,0.927363
DM-8395,0.046034
DM-8394,0.046378
DM-8393,0.74055
DM-8392,0.640699
DM-8391,0.132964
DM-8390,0.008644
DM-8389,0.977197
DM-8388,0.044019
DM-8387,0.045353
DM-8386,0.16398
DM-8385,0.09236
DM-8384,0.032344
DM-8383,0.129623
DM-8382,0.034359
DM-8381,0.032344
DM-8380,0.105948
DM-8379,0.130729
DM-8378,0.052231
DM-8377,0.120026
DM-8376,0.008985
DM-8375,0.936749
DM-8374,0.939471
DM-8373,0.075858
DM-8372,0.957278
DM-8371,0.015664
DM-8370,0.173009
DM-8369,0.085404
DM-8368,0.114369
DM-8367,0.016403
DM-8366,0.954647
DM-8365,0.11358
DM-8364,0.012432
DM-8363,0.89841
DM-8362,0.161585
DM-8361,0.00838
DM-8360,0.119203
DM-8359,0.031859
DM-8358,0.013849
DM-8357,0.00986
DM-8356,0.00986
DM-8355,0.025371
DM-8354,0.917303
DM-8353,0.26341
DM-8352,0.078926
DM-8351,0.965381
DM-8350,0.945399
DM-8349,0.888372
DM-8348,0.005385
DM-8347,0.949669
DM-8346,0.02976
DM-8345,0.303216
DM-8344,0.084795
DM-8343,0.090093
DM-8342,0.134321
DM-8341,0.015664
DM-8340,0.032837
DM-8339,0.979354
DM-8338,0.006904
DM-8337,0.007346
DM-8336,0.279238
DM-8335,0.030676
DM-8334,0.137532
DM-8333,0.979823
DM-8332,0.964052
DM-8331,0.992879
DM-8330,0.991422
DM-8329,0.908293
DM-8328,0.266071
DM-8327,0.25128
DM-8326,0.988492
DM-8325,0.173568
DM-8324,0.981167
DM-8323,0.975202
DM-8322,0.978875
DM-8321,0.969556
DM-8320,0.880797
DM-8319,0.984094
DM-8318,0.906322
DM-8317,0.982423
DM-8316,0.132515
DM-8315,0.00343
DM-8314,0.002397
DM-8313,0.004468
DM-8312,0.002591
DM-8311,0.012336
DM-8310,0.063251
DM-8309,0.276691
DM-8308,0.006904
DM-8307,0.118793
DM-8306,0.261708
DM-8305,0.138462
DM-8304,0.029091
DM-8303,0.023331
DM-8302,0.004905
DM-8301,0.769773
DM-8300,0.006388
DM-8299,0.979354
DM-8298,0.003124
DM-8297,0.292899
DM-8296,0.881615
DM-8295,0.035948
DM-8294,0.023153
DM-8293,0.01017
DM-8292,0.967163
DM-8291,0.883638
DM-8290,0.950041
DM-8289,0.083292
DM-8288,0.004682
DM-8287,0.831691
DM-8286,0.972415
DM-8285,0.022117
DM-8284,0.085404
DM-8283,0.984094
DM-8282,0.136148
DM-8281,0.021287
DM-8280,0.023871
DM-8279,0.028221
DM-8278,0.041153
DM-8277,0.060087
DM-8276,0.706798
DM-8275,0.246896
DM-8274,0.038756
DM-8273,0.007233
DM-8272,0.174973
DM-8271,0.674801
DM-8270,0.011332
DM-8269,0.169406
DM-8268,0.021287
DM-8267,0.012821
DM-8266,0.023509
DM-8265,0.005642
DM-8264,0.025565
DM-8263,0.016403
DM-8262,0.016403
DM-8261,0.002981
DM-8260,0.35031
DM-8259,0.077518
DM-8258,0.667581
DM-8257,0.063715
DM-8256,0.056236
DM-8255,0.00514
DM-8254,0.098773
DM-8253,0.007938
DM-8252,0.063715
DM-8251,0.003075
DM-8250,0.086323
DM-8249,0.981875
DM-8248,0.128088
DM-8247,0.910227
DM-8246,0.00522
DM-8245,0.020804
DM-8244,0.007696
DM-8243,0.498535
DM-8242,0.123366
DM-8241,0.013223
DM-8240,0.757794
DM-8239,0.004468
DM-8238,0.008316
DM-8237,0.741674
DM-8236,0.043366
DM-8235,0.018264
DM-8234,0.042088
DM-8233,0.264358
DM-8232,0.588061
DM-8231,0.933431
DM-8230,0.010735
DM-8229,0.016403
DM-8228,0.909586
DM-8227,0.806243
DM-8226,0.00407
DM-8225,0.020804
DM-8224,0.004332
DM-8223,0.080647
DM-8222,0.122523
DM-8221,0.00659
DM-8220,0.060308
DM-8219,0.004905
DM-8218,0.924688
DM-8216,0.012528
DM-8215,0.473414
DM-8214,0.015664
DM-8213,0.011869
DM-8212,0.875787
DM-8211,0.591841
DM-8210,0.003538
DM-8209,0.011778
DM-8208,0.242564
DM-8207,0.942082
DM-8206,0.020646
DM-8205,0.011508
DM-8204,0.025371
DM-8203,0.950041
DM-8202,0.919643
DM-8201,0.927888
DM-8200,0.970013
DM-8199,0.738292
DM-8198,0.930962
DM-8197,0.07056
DM-8196,0.152284
DM-8195,0.218669
DM-8194,0.007938
DM-8193,0.015664
DM-8192,0.729134
DM-8191,0.016657
DM-8190,0.488039
DM-8189,0.07836
DM-8188,0.125923
DM-8187,0.009486
DM-8186,0.176388
DM-8185,0.991015
DM-8184,0.973443
DM-8183,0.032344
DM-8182,0.007461
DM-8181,0.012147
DM-8180,0.021781
DM-8179,0.427755
DM-8178,0.044681
DM-8177,0.018689
DM-8176,0.020646
DM-8175,0.059866
DM-8174,0.018978
DM-8173,0.26322
DM-8172,0.014957
DM-8171,0.018978
DM-8170,0.347316
DM-8169,0.411347
DM-8168,0.772531
DM-8167,0.853425
DM-8166,0.056652
DM-8165,0.019419
DM-8164,0.92523
DM-8163,0.021287
DM-8162,0.080937
DM-8161,0.037892
DM-8160,0.483405
DM-8159,0.005555
DM-8158,0.010091
DM-8157,0.964052
DM-8156,0.07921
DM-8155,0.03622
DM-8154,0.513668
DM-8153,0.297368
DM-8152,0.075041
DM-8151,0.978052
DM-8150,0.011687
DM-8149,0.987946
DM-8148,0.055413
DM-8147,0.003324
DM-8146,0.799755
DM-8145,0.227469
DM-8144,0.045692
DM-8143,0.494629
DM-8142,0.083292
DM-8141,0.021451
DM-8140,0.979977
DM-8139,0.043691
DM-8138,0.434221
DM-8137,0.260766
DM-8136,0.980281
DM-8135,0.082402
DM-8134,0.09236
DM-8133,0.063482
DM-8132,0.0729
DM-8131,0.80038
DM-8130,0.011158
DM-8129,0.00934
DM-8128,0.624637
DM-8127,0.890675
DM-8126,0.978713
DM-8125,0.983214
DM-8124,0.008847
DM-8123,0.012821
DM-8122,0.003594
DM-8121,0.028436
DM-8120,0.012336
DM-8119,0.00522
DM-8118,0.01653
DM-8117,0.01142
DM-8116,0.013223
DM-8115,0.029312
DM-8114,0.641759
DM-8113,0.136148
DM-8112,0.517083
DM-8111,0.087564
DM-8110,0.951504
DM-8109,0.315947
DM-8108,0.96641
DM-8107,0.945399
DM-8106,0.024238
DM-8105,0.065366
DM-8104,0.010091
DM-8103,0.009936
DM-8102,0.583203
DM-8101,0.108945
DM-8100,0.216674
DM-8099,0.344306
DM-8098,0.095687
DM-8097,0.01017
DM-8096,0.331012
DM-8095,0.008511
DM-8094,0.075858
DM-8093,0.937211
DM-8092,0.862468
DM-8091,0.028221
DM-8090,0.067301
DM-8089,0.036494
DM-8088,0.128525
DM-8087,0.015425
DM-8086,0.017712
DM-8085,0.007233
DM-8084,0.004982
DM-8083,0.009936
DM-8082,0.004199
DM-8081,0.057071
DM-8080,0.814053
DM-8079,0.013325
DM-8078,0.014504
DM-8077,0.006098
DM-8076,0.133868
DM-8075,0.00483
DM-8074,0.140808
DM-8073,0.020804
DM-8072,0.007696
DM-8071,0.117167
DM-8070,0.973443
DM-8069,0.908618
DM-8068,0.772874
DM-8067,0.714827
DM-8066,0.173009
DM-8065,0.896251
DM-8064,0.91611
DM-8063,0.07343
DM-8062,0.040541
DM-8061,0.016657
DM-8060,0.009936
DM-8059,0.021451
DM-8058,0.017577
DM-8057,0.104477
DM-8056,0.76908
DM-8055,0.680879
DM-8054,0.729905
DM-8053,0.079782
DM-8052,0.026156
DM-8051,0.011332
DM-8050,0.060529
DM-8049,0.927363
DM-8048,0.021948
DM-8047,0.009413
DM-8046,0.287168
DM-8045,0.026355
DM-8044,0.052231
DM-8043,0.035948
DM-8042,0.008062
DM-8041,0.524151
DM-8040,0.913984
DM-8039,0.986572
DM-8038,0.015906
DM-8037,0.914901
DM-8036,0.041153
DM-8035,0.029091
DM-8034,0.043043
DM-8033,0.006193
DM-8032,0.014729
DM-8031,0.022803
DM-8030,0.008062
DM-8029,0.007346
DM-8028,0.102305
DM-8027,0.007816
DM-8026,0.015425
DM-8025,0.821044
DM-8023,0.01057
DM-8022,0.621943
DM-8021,0.00506
DM-8020,0.821617
DM-8019,0.061424
DM-8018,0.205296
DM-8017,0.046378
DM-8016,0.660364
DM-8015,0.010902
DM-8014,0.72487
DM-8013,0.008252
DM-8012,0.061424
DM-8011,0.041774
DM-8010,0.313788
DM-8009,0.086323
DM-8008,0.004468
DM-8007,0.173568
DM-8006,0.023509
DM-8005,0.039048
DM-8004,0.006693
DM-8003,0.005642
DM-8002,0.011778
DM-8001,0.962953
DM-8000,0.006798
DM-7999,0.944587
DM-7998,0.024054
DM-7997,0.862004
DM-7996,0.899828
DM-7995,0.153042
DM-7994,0.902266
DM-7993,0.007938
DM-7992,0.904313
DM-7991,0.806548
DM-7990,0.900179
DM-7989,0.002434
DM-7988,0.976129
DM-7987,0.807461
DM-7986,0.004399
DM-7985,0.803791
DM-7984,0.952926
DM-7983,0.689515
DM-7982,0.039639
DM-7981,0.955651
DM-7980,0.016403
DM-7979,0.190122
DM-7978,0.030215
DM-7977,0.054601
DM-7976,0.003324
DM-7975,0.707607
DM-7974,0.845433
DM-7973,0.042722
DM-7972,0.030909
DM-7971,0.016029
DM-7970,0.022286
DM-7969,0.030444
DM-7968,0.039639
DM-7967,0.036769
DM-7966,0.015664
DM-7965,0.040846
DM-7964,0.03359
DM-7963,0.028871
DM-7962,0.974629
DM-7961,0.049589
DM-7960,0.075312
DM-7959,0.388966
DM-7958,0.020646
DM-7957,0.518059
DM-7956,0.114765
DM-7955,0.325444
DM-7954,0.30549
DM-7953,0.933431
DM-7952,0.818156
DM-7951,0.048496
DM-7950,0.336386
DM-7949,0.141756
DM-7948,0.016915
DM-7947,0.043691
DM-7946,0.047426
DM-7945,0.852445
DM-7944,0.0341
DM-7943,0.018264
DM-7942,0.004007
DM-7941,0.010328
DM-7940,0.012528
DM-7939,0.003483
DM-7938,0.020332
DM-7937,0.013849
DM-7936,0.007233
DM-7935,0.738103
DM-7934,0.024238
DM-7933,0.965381
DM-7932,0.937669
DM-7931,0.883236
DM-7930,0.634727
DM-7929,0.030215
DM-7928,0.557725
DM-7927,0.638103
DM-7926,0.848972
DM-7925,0.979354
DM-7924,0.002981
DM-7923,0.863852
DM-7922,0.006488
DM-7921,0.103749
DM-7920,0.923039
DM-7919,0.816406
DM-7918,0.004755
DM-7917,0.045353
DM-7916,0.068537
DM-7915,0.219337
DM-7914,0.054199
DM-7913,0.159741
DM-7912,0.104843
DM-7911,0.766643
DM-7910,0.981736
DM-7909,0.054199
DM-7908,0.718989
DM-7907,0.23092
DM-7906,0.989511
DM-7905,0.169406
DM-7904,0.652463
DM-7903,0.833866
DM-7902,0.024054
DM-7901,0.020332
DM-7900,0.084191
DM-7899,0.845433
DM-7898,0.475605
DM-7897,0.532668
DM-7896,0.090735
DM-7895,0.003028
DM-7894,0.2763
DM-7893,0.314281
DM-7892,0.514644
DM-7891,0.499023
DM-7890,0.038178
DM-7889,0.261897
DM-7888,0.2304
DM-7887,0.26569
DM-7886,0.067056
DM-7885,0.060752
DM-7884,0.853425
DM-7883,0.010902
DM-7882,0.964052
DM-7881,0.986363
DM-7880,0.966156
DM-7879,0.989986
DM-7878,0.131619
DM-7877,0.986777
DM-7876,0.061199
DM-7875,0.055005
DM-7874,0.949295
DM-7873,0.788909
DM-7872,0.963231
DM-7871,0.917303
DM-7870,0.975012
DM-7869,0.018547
DM-7868,0.66628
DM-7867,0.971129
DM-7866,0.054601
DM-7865,0.050705
DM-7864,0.192843
DM-7863,0.727975
DM-7862,0.758153
DM-7861,0.921922
DM-7860,0.941654
DM-7858,0.896251
DM-7857,0.951142
DM-7856,0.020489
DM-7855,0.638779
DM-7854,0.086942
DM-7853,0.313
DM-7852,0.00483
DM-7851,0.903975
DM-7850,0.056652
DM-7849,0.967163
DM-7848,0.033844
DM-7847,0.974043
DM-7846,0.867934
DM-7845,0.24963
DM-7844,0.048858
DM-7843,0.080069
DM-7842,0.060087
DM-7841,0.046725
DM-7840,0.314577
DM-7839,0.972831
DM-7838,0.017577
DM-7837,0.023153
DM-7836,0.921358
DM-7835,0.126785
DM-7834,0.005911
DM-7833,0.014729
DM-7832,0.148047
DM-7831,0.982423
DM-7830,0.010902
DM-7829,0.888372
DM-7828,0.087564
DM-7827,0.307046
DM-7826,0.036769
DM-7825,0.01142
DM-7824,0.320077
DM-7823,0.984336
DM-7822,0.924142
DM-7821,0.407687
DM-7820,0.979668
DM-7819,0.979668
DM-7818,0.979036
DM-7817,0.979036
DM-7816,0.979036
DM-7815,0.979668
DM-7814,0.979668
DM-7813,0.987568
DM-7812,0.979036
DM-7811,0.765243
DM-7810,0.118793
DM-7809,0.935346
DM-7808,0.841305
DM-7807,0.908618
DM-7806,0.014504
DM-7805,0.002715
DM-7804,0.190423
DM-7803,0.021781
DM-7802,0.967899
DM-7801,0.07477
DM-7800,0.968856
DM-7799,0.046378
DM-7798,0.601125
DM-7797,0.056652
DM-7796,0.966663
DM-7795,0.953622
DM-7794,0.992423
DM-7793,0.985271
DM-7792,0.986572
DM-7791,0.917893
DM-7790,0.020177
DM-7789,0.077797
DM-7788,0.015189
DM-7787,0.003538
DM-7786,0.215681
DM-7785,0.060087
DM-7784,0.003222
DM-7783,0.028653
DM-7782,0.063251
DM-7781,0.040238
DM-7780,0.014957
DM-7779,0.128088
DM-7778,0.027376
DM-7777,0.921358
DM-7776,0.900179
DM-7775,0.01142
DM-7774,0.006488
DM-7773,0.103386
DM-7772,0.087564
DM-7771,0.874077
DM-7770,0.004199
DM-7769,0.007233
DM-7768,0.008316
DM-7767,0.007461
DM-7766,0.531209
DM-7765,0.003273
DM-7764,0.00483
DM-7763,0.00629
DM-7762,0.877477
DM-7761,0.111628
DM-7760,0.006193
DM-7759,0.010489
DM-7758,0.850965
DM-7757,0.750918
DM-7756,0.008711
DM-7755,0.00582
DM-7754,0.057493
DM-7753,0.005555
DM-7752,0.246533
DM-7751,0.703753
DM-7750,0.967899
DM-7749,0.033086
DM-7748,0.689306
DM-7747,0.008188
DM-7746,0.952926
DM-7745,0.015306
DM-7744,0.07056
DM-7743,0.006798
DM-7742,0.007816
DM-7741,0.008847
DM-7740,0.004265
DM-7739,0.796292
DM-7738,0.009559
DM-7737,0.033086
DM-7736,0.004399
DM-7735,0.003377
DM-7734,0.038466
DM-7733,0.008985
DM-7732,0.176388
DM-7731,0.195594
DM-7730,0.177241
DM-7729,0.170508
DM-7728,0.137996
DM-7727,0.236516
DM-7726,0.004332
DM-7725,0.01302
DM-7724,0.017309
DM-7723,0.013849
DM-7722,0.503906
DM-7721,0.03138
DM-7720,0.446253
DM-7719,0.019719
DM-7718,0.007696
DM-7717,0.665845
DM-7716,0.006693
DM-7715,0.011961
DM-7714,0.05301
DM-7713,0.096706
DM-7712,0.065605
DM-7711,0.043691
DM-7710,0.004682
DM-7709,0.015073
DM-7708,0.886813
DM-7707,0.089137
DM-7706,0.015664
DM-7705,0.01057
DM-7704,0.295027
DM-7703,0.005469
DM-7702,0.004007
DM-7701,0.008711
DM-7700,0.00522
DM-7699,0.014729
DM-7698,0.913677
DM-7697,0.00343
DM-7696,0.680454
DM-7694,0.071851
DM-7693,0.009559
DM-7692,0.749087
DM-7691,0.011687
DM-7690,0.119203
DM-7689,0.014392
DM-7688,0.006004
DM-7687,0.077239
DM-7686,0.00514
DM-7685,0.560012
DM-7684,0.75274
DM-7683,0.007577
DM-7682,0.927888
DM-7681,0.090093
DM-7680,0.006004
DM-7679,0.007233
DM-7678,0.903294
DM-7677,0.836555
DM-7676,0.012054
DM-7675,0.955981
DM-7674,0.884039
DM-7673,0.190724
DM-7672,0.171894
DM-7671,0.076408
DM-7670,0.2227
DM-7669,0.507324
DM-7668,0.114369
DM-7667,0.417271
DM-7666,0.006193
DM-7665,0.14439
DM-7664,0.009559
DM-7663,0.877056
DM-7662,0.339663
DM-7661,0.020964
DM-7660,0.950041
DM-7659,0.096706
DM-7658,0.030215
DM-7657,0.589598
DM-7656,0.006193
DM-7655,0.003028
DM-7654,0.977023
DM-7653,0.023331
DM-7652,0.064418
DM-7651,0.050331
DM-7650,0.984094
DM-7649,0.037892
DM-7648,0.978052
DM-7647,0.955319
DM-7646,0.989347
DM-7645,0.990292
DM-7644,0.987946
DM-7643,0.978219
DM-7642,0.987375
DM-7641,0.994445
DM-7640,0.749821
DM-7639,0.909265
DM-7638,0.984575
DM-7637,0.956634
DM-7636,0.978549
DM-7635,0.989986
DM-7634,0.980129
DM-7633,0.952574
DM-7632,0.981595
DM-7631,0.985043
DM-7630,0.00483
DM-7629,0.467575
DM-7628,0.365117
DM-7627,0.631452
DM-7626,0.797557
DM-7625,0.926835
DM-7624,0.394434
DM-7623,0.402392
DM-7622,0.003273
DM-7621,0.065128
DM-7620,0.033337
DM-7619,0.007577
DM-7618,0.057071
DM-7617,0.358606
DM-7616,0.007816
DM-7615,0.116764
DM-7614,0.326486
DM-7613,0.958538
DM-7612,0.986363
DM-7611,0.050331
DM-7610,0.019124
DM-7609,0.011508
DM-7608,0.007816
DM-7606,0.314577
DM-7605,0.932453
DM-7604,0.012054
DM-7603,0.069795
DM-7602,0.147065
DM-7601,0.92523
DM-7600,0.98347
DM-7599,0.967656
DM-7598,0.974435
DM-7597,0.968381
DM-7596,0.515376
DM-7595,0.006004
DM-7594,0.004007
DM-7593,0.04778
DM-7592,0.321204
DM-7591,0.046378
DM-7590,0.037892
DM-7589,0.00986
DM-7588,0.047426
DM-7587,0.143188
DM-7586,0.022977
DM-7585,0.008577
DM-7584,0.007461
DM-7583,0.004134
DM-7582,0.012432
DM-7581,0.014957
DM-7580,0.926304
DM-7579,0.950411
DM-7578,0.862468
DM-7577,0.0538
DM-7576,0.020023
DM-7575,0.991015
DM-7574,0.975202
DM-7573,0.94699
DM-7572,0.906653
DM-7571,0.010091
DM-7570,0.659021
DM-7569,0.004265
DM-7568,0.137996
DM-7567,0.047426
DM-7566,0.129403
DM-7565,0.078926
DM-7564,0.013742
DM-7563,0.948917
DM-7562,0.591605
DM-7561,0.689515
DM-7560,0.678647
DM-7559,0.950041
DM-7558,0.61451
DM-7557,0.936285
DM-7556,0.017309
DM-7555,0.960063
DM-7554,0.416559
DM-7553,0.803791
DM-7552,0.064418
DM-7551,0.061876
DM-7550,0.092688
DM-7549,0.008916
DM-7548,0.007461
DM-7547,0.003075
DM-7546,0.901227
DM-7545,0.010818
DM-7544,0.972623
DM-7543,0.003945
DM-7542,0.046034
DM-7541,0.011597
DM-7540,0.009268
DM-7539,0.009486
DM-7538,0.016277
DM-7537,0.121269
DM-7536,0.007577
DM-7535,0.461988
DM-7534,0.009413
DM-7533,0.014729
DM-7532,0.218336
DM-7531,0.009268
DM-7530,0.154567
DM-7529,0.018547
DM-7528,0.967656
DM-7527,0.014957
DM-7526,0.010902
DM-7525,0.075858
DM-7524,0.005911
DM-7523,0.00514
DM-7522,0.029987
DM-7521,0.00514
DM-7520,0.003273
DM-7519,0.082697
DM-7518,0.030676
DM-7517,0.010735
DM-7516,0.014729
DM-7515,0.003324
DM-7514,0.126353
DM-7513,0.003483
DM-7512,0.986363
DM-7511,0.869715
DM-7510,0.088505
DM-7509,0.011245
DM-7508,0.025565
DM-7507,0.009268
DM-7506,0.054601
DM-7505,0.990732
DM-7504,0.937669
DM-7503,0.980281
DM-7502,0.048496
DM-7501,0.698227
DM-7500,0.810479
DM-7499,0.039343
DM-7498,0.027376
DM-7497,0.621807
DM-7496,0.927363
DM-7495,0.093017
DM-7494,0.032101
DM-7493,0.973241
DM-7492,0.057071
DM-7491,0.882833
DM-7490,0.950411
DM-7489,0.065128
DM-7488,0.002981
DM-7487,0.005911
DM-7486,0.02976
DM-7485,0.700895
DM-7484,0.922482
DM-7483,0.034359
DM-7482,0.028008
DM-7481,0.028008
DM-7480,0.972831
DM-7479,0.032344
DM-7478,0.970688
DM-7477,0.039048
DM-7476,0.842863
DM-7475,0.143188
DM-7474,0.009559
DM-7473,0.990732
DM-7472,0.613381
DM-7471,0.030444
DM-7470,0.00407
DM-7469,0.806853
DM-7468,0.141281
DM-7467,0.753467
DM-7466,0.022286
DM-7465,0.083292
DM-7464,0.980581
DM-7463,0.092033
DM-7462,0.098425
DM-7461,0.013223
DM-7460,0.00506
DM-7459,0.567218
DM-7458,0.007012
DM-7457,0.006693
DM-7456,0.193147
DM-7455,0.525612
DM-7454,0.310067
DM-7453,0.178383
DM-7452,0.017849
DM-7451,0.039048
DM-7450,0.424889
DM-7449,0.082402
DM-7448,0.003884
DM-7447,0.030909
DM-7446,0.203075
DM-7445,0.08152
DM-7444,0.950041
DM-7443,0.769773
DM-7442,0.09236
DM-7441,0.967899
DM-7440,0.979823
DM-7439,0.331769
DM-7438,0.024238
DM-7437,0.01017
DM-7436,0.034881
DM-7435,0.010091
DM-7434,0.082697
DM-7433,0.926304
DM-7432,0.601242
DM-7431,0.943764
DM-7430,0.032101
DM-7429,0.049589
DM-7428,0.012054
DM-7427,0.028871
DM-7426,0.008577
DM-7425,0.012723
DM-7424,0.426441
DM-7423,0.519034
DM-7422,0.965381
DM-7421,0.006004
DM-7420,0.981311
DM-7419,0.020177
DM-7418,0.016915
DM-7417,0.015906
DM-7416,0.017577
DM-7415,0.018547
DM-7414,0.896614
DM-7413,0.984811
DM-7412,0.948917
DM-7411,0.060087
DM-7410,0.066812
DM-7409,0.060087
DM-7408,0.060087
DM-7407,0.598195
DM-7406,0.869715
DM-7405,0.050705
DM-7404,0.917006
DM-7403,0.985718
DM-7402,0.929951
DM-7401,0.266835
DM-7400,0.070816
DM-7399,0.659844
DM-7398,0.97631
DM-7397,0.031859
DM-7396,0.225417
DM-7395,0.611831
DM-7394,0.941654
DM-7393,0.458591
DM-7392,0.376165
DM-7391,0.032344
DM-7390,0.054601
DM-7389,0.079496
DM-7388,0.978875
DM-7387,0.069289
DM-7386,0.00986
DM-7385,0.103749
DM-7384,0.074231
DM-7383,0.004982
DM-7382,0.007696
DM-7381,0.013428
DM-7380,0.008446
DM-7379,0.006388
DM-7378,0.202443
DM-7377,0.008779
DM-7376,0.007938
DM-7375,0.018833
DM-7374,0.134776
DM-7373,0.162646
DM-7372,0.055413
DM-7371,0.09739
DM-7370,0.941654
DM-7369,0.930962
DM-7368,0.924688
DM-7367,0.978052
DM-7366,0.893309
DM-7365,0.813461
DM-7364,0.944587
DM-7363,0.049589
DM-7362,0.854399
DM-7361,0.864768
DM-7360,0.104477
DM-7359,0.204342
DM-7358,0.214691
DM-7357,0.731826
DM-7356,0.921358
DM-7355,0.920218
DM-7354,0.961534
DM-7353,0.587233
DM-7352,0.951863
DM-7351,0.004265
DM-7350,0.03622
DM-7349,0.004332
DM-7348,0.170784
DM-7347,0.319334
DM-7346,0.068787
DM-7345,0.085404
DM-7344,0.319652
DM-7343,0.287168
DM-7342,0.21305
DM-7341,0.667581
DM-7340,0.006004
DM-7339,0.970688
DM-7338,0.00986
DM-7337,0.007233
DM-7336,0.004538
DM-7335,0.021451
DM-7334,0.957278
DM-7333,0.656988
DM-7332,0.23793
DM-7331,0.726814
DM-7330,0.981453
DM-7329,0.602734
DM-7328,0.060975
DM-7327,0.003173
DM-7326,0.914291
DM-7325,0.167763
DM-7324,0.034881
DM-7323,0.540681
DM-7322,0.974629
DM-7321,0.896976
DM-7320,0.093347
DM-7319,0.117167
DM-7318,0.921922
DM-7317,0.002935
DM-7316,0.140336
DM-7315,0.033844
DM-7314,0.021125
DM-7313,0.026557
DM-7312,0.007233
DM-7311,0.030909
DM-7310,0.037892
DM-7309,0.011597
DM-7308,0.022803
DM-7307,0.023153
DM-7306,0.05301
DM-7305,0.032101
DM-7304,0.021948
DM-7303,0.050705
DM-7302,0.035948
DM-7301,0.010735
DM-7300,0.042088
DM-7299,0.011961
DM-7298,0.028221
DM-7297,0.015425
DM-7296,0.014616
DM-7295,0.007233
DM-7294,0.028221
DM-7293,0.02976
DM-7292,0.021781
DM-7291,0.014504
DM-7290,0.013223
DM-7289,0.021451
DM-7288,0.008985
DM-7287,0.030909
DM-7286,0.031859
DM-7285,0.642825
DM-7284,0.97631
DM-7283,0.561215
DM-7282,0.00506
DM-7281,0.312685
DM-7280,0.003824
DM-7279,0.003273
DM-7278,0.006388
DM-7277,0.002981
DM-7276,0.0745
DM-7275,0.002845
DM-7274,0.003075
DM-7273,0.007233
DM-7272,0.003945
DM-7271,0.014729
DM-7270,0.043366
DM-7269,0.017849
DM-7268,0.008511
DM-7267,0.779993
DM-7266,0.832781
DM-7265,0.025565
DM-7264,0.007577
DM-7263,0.253122
DM-7262,0.024054
DM-7261,0.023871
DM-7260,0.027169
DM-7259,0.026355
DM-7258,0.345768
DM-7257,0.067301
DM-7256,0.027796
DM-7255,0.65957
DM-7254,0.950041
DM-7253,0.0341
DM-7252,0.025957
DM-7251,0.551574
DM-7250,0.022286
DM-7249,0.010735
DM-7248,0.509764
DM-7247,0.055005
DM-7246,0.009936
DM-7245,0.019871
DM-7244,0.446253
DM-7243,0.012625
DM-7242,0.974435
DM-7241,0.02976
DM-7240,0.293
DM-7239,0.00407
DM-7238,0.003324
DM-7237,0.051463
DM-7236,0.105579
DM-7235,0.151529
DM-7234,0.075041
DM-7233,0.155078
DM-7232,0.008985
DM-7231,0.225417
DM-7230,0.781997
DM-7229,0.312475
DM-7228,0.034359
DM-7227,0.826151
DM-7226,0.139866
DM-7225,0.803482
DM-7224,0.58059
DM-7223,0.895157
DM-7222,0.485356
DM-7221,0.010653
DM-7220,0.011597
DM-7219,0.023871
DM-7218,0.122944
DM-7216,0.157137
DM-7215,0.235636
DM-7214,0.014282
DM-7213,0.026557
DM-7212,0.002845
DM-7211,0.108945
DM-7210,0.475362
DM-7209,0.613787
DM-7208,0.052231
DM-7207,0.215681
DM-7206,0.085404
DM-7205,0.085404
DM-7204,0.085404
DM-7203,0.085404
DM-7202,0.870157
DM-7201,0.906653
DM-7200,0.003273
DM-7199,0.010328
DM-7198,0.935346
DM-7197,0.00343
DM-7196,0.979823
DM-7195,0.015906
DM-7194,0.102305
DM-7193,0.003124
DM-7192,0.002801
DM-7191,0.977197
DM-7190,0.004538
DM-7189,0.013637
DM-7188,0.053403
DM-7187,0.007012
DM-7186,0.009486
DM-7185,0.006388
DM-7184,0.007346
DM-7183,0.006098
DM-7182,0.951504
DM-7181,0.023689
DM-7180,0.00289
DM-7179,0.008316
DM-7178,0.28597
DM-7177,0.965381
DM-7176,0.982014
DM-7175,0.281307
DM-7174,0.105211
DM-7173,0.048858
DM-7172,0.01142
DM-7171,0.964589
DM-7170,0.980581
DM-7169,0.00986
DM-7168,0.004399
DM-7167,0.046725
DM-7166,0.00986
DM-7165,0.039343
DM-7164,0.120439
DM-7163,0.00934
DM-7162,0.969556
DM-7161,0.128088
DM-7160,0.935817
DM-7159,0.937211
DM-7158,0.980129
DM-7157,0.00582
DM-7156,0.008711
DM-7155,0.00573
DM-7154,0.026759
DM-7153,0.128525
DM-7152,0.03259
DM-7151,0.103386
DM-7150,0.100525
DM-7149,0.044019
DM-7148,0.922482
DM-7147,0.009126
DM-7146,0.052231
DM-7145,0.014282
DM-7144,0.981453
DM-7143,0.944177
DM-7142,0.00514
DM-7141,0.031619
DM-7140,0.604399
DM-7139,0.015073
DM-7138,0.032101
DM-7137,0.015664
DM-7136,0.018833
DM-7135,0.017986
DM-7134,0.006004
DM-7133,0.0538
DM-7132,0.00506
DM-7130,0.056236
DM-7129,0.214034
DM-7128,0.719384
DM-7127,0.703753
DM-7126,0.238994
DM-7125,0.937669
DM-7124,0.792785
DM-7123,0.90261
DM-7122,0.17245
DM-7121,0.015785
DM-7120,0.428473
DM-7119,0.015073
DM-7118,0.975946
DM-7117,0.008446
DM-7116,0.002935
DM-7115,0.048496
DM-7114,0.016657
DM-7113,0.336767
DM-7112,0.003707
DM-7111,0.006798
DM-7110,0.047426
DM-7109,0.023871
DM-7108,0.529263
DM-7107,0.158435
DM-7106,0.576542
DM-7105,0.025957
DM-7104,0.68679
DM-7103,0.738669
DM-7102,0.056236
DM-7101,0.049222
DM-7100,0.071591
DM-7099,0.307462
DM-7098,0.017849
DM-7097,0.959154
DM-7096,0.976847
DM-7095,0.984811
DM-7094,0.970013
DM-7093,0.086016
DM-7092,0.098773
DM-7091,0.923592
DM-7090,0.00461
DM-7089,0.004332
DM-7088,0.002673
DM-7087,0.08882
DM-7086,0.048858
DM-7085,0.010091
DM-7084,0.014064
DM-7083,0.529993
DM-7082,0.026964
DM-7081,0.458349
DM-7080,0.016657
DM-7079,0.071074
DM-7078,0.350977
DM-7077,0.024054
DM-7076,0.03622
DM-7075,0.030676
DM-7074,0.02461
DM-7073,0.037047
DM-7072,0.798187
DM-7071,0.071074
DM-7070,0.029312
DM-7069,0.042088
DM-7068,0.011508
DM-7067,0.124639
DM-7066,0.016915
DM-7065,0.960361
DM-7064,0.959762
DM-7063,0.803174
DM-7062,0.764188
DM-7061,0.023153
DM-7060,0.026964
DM-7059,0.016785
DM-7058,0.799442
DM-7057,0.012528
DM-7056,0.076408
DM-7055,0.011508
DM-7054,0.22919
DM-7053,0.595992
DM-7052,0.033844
DM-7051,0.006388
DM-7050,0.932453
DM-7049,0.606149
DM-7048,0.084493
DM-7047,0.0341
DM-7046,0.96641
DM-7045,0.048137
DM-7044,0.086323
DM-7043,0.982823
DM-7042,0.970688
DM-7041,0.829492
DM-7040,0.010249
DM-7039,0.959459
DM-7038,0.977714
DM-7037,0.007233
DM-7036,0.016277
DM-7035,0.928926
DM-7034,0.927888
DM-7033,0.907967
DM-7032,0.907967
DM-7031,0.93196
DM-7030,0.020023
DM-7029,0.007233
DM-7028,0.016029
DM-7027,0.013849
DM-7026,0.183594
DM-7025,0.950411
DM-7024,0.147555
DM-7023,0.019569
DM-7022,0.457621
DM-7021,0.029535
DM-7019,0.164785
DM-7018,0.929951
DM-7017,0.829492
DM-7016,0.007121
DM-7015,0.00573
DM-7014,0.075585
DM-7013,0.718397
DM-7012,0.844409
DM-7011,0.015785
DM-7010,0.164248
DM-7009,0.020964
DM-7008,0.018264
DM-7007,0.086632
DM-7006,0.01017
DM-7005,0.042722
DM-7004,0.026355
DM-7003,0.039048
DM-7002,0.104477
DM-7001,0.007461
DM-7000,0.058346
DM-6999,0.465873
DM-6998,0.036769
DM-6997,0.00522
DM-6996,0.137996
DM-6995,0.543106
DM-6994,0.977883
DM-6993,0.069542
DM-6992,0.956309
DM-6991,0.076684
DM-6990,0.901921
DM-6989,0.00506
DM-6988,0.854885
DM-6987,0.057071
DM-6986,0.637257
DM-6985,0.029091
DM-6984,0.450359
DM-6983,0.007938
DM-6982,0.011961
DM-6981,0.044349
DM-6980,0.004199
DM-6979,0.9659
DM-6978,0.453746
DM-6977,0.084493
DM-6976,0.007346
DM-6975,0.045692
DM-6974,0.006488
DM-6973,0.011687
DM-6972,0.004905
DM-6971,0.024238
DM-6970,0.122944
DM-6969,0.004682
DM-6968,0.948537
DM-6967,0.01057
DM-6966,0.757077
DM-6965,0.051083
DM-6964,0.968856
DM-6963,0.967899
DM-6962,0.340989
DM-6961,0.942929
DM-6960,0.814053
DM-6959,0.986151
DM-6958,0.015785
DM-6957,0.049959
DM-6956,0.958847
DM-6955,0.175256
DM-6954,0.005302
DM-6953,0.005555
DM-6952,0.004332
DM-6951,0.004982
DM-6950,0.00582
DM-6949,0.00407
DM-6948,0.013956
DM-6947,0.005302
DM-6946,0.00522
DM-6945,0.197135
DM-6944,0.920218
DM-6943,0.006388
DM-6942,0.233008
DM-6941,0.248352
DM-6940,0.468791
DM-6939,0.96641
DM-6938,0.525125
DM-6937,0.049589
DM-6936,0.580352
DM-6935,0.981736
DM-6934,0.951142
DM-6933,0.432782
DM-6932,0.951142
DM-6931,0.572962
DM-6930,0.757436
DM-6929,0.5083
DM-6928,0.531453
DM-6927,0.061876
DM-6926,0.008916
DM-6925,0.017577
DM-6924,0.236164
DM-6923,0.014957
DM-6922,0.005385
DM-6921,0.96741
DM-6920,0.004905
DM-6919,0.490236
DM-6918,0.882022
DM-6917,0.982823
DM-6916,0.045016
DM-6915,0.006488
DM-6914,0.004399
DM-6913,0.698844
DM-6912,0.936749
DM-6911,0.021615
DM-6910,0.00506
DM-6909,0.009708
DM-6908,0.004399
DM-6907,0.003075
DM-6906,0.006193
DM-6905,0.075041
DM-6904,0.895157
DM-6903,0.019419
DM-6902,0.004755
DM-6901,0.028008
DM-6900,0.007577
DM-6899,0.055005
DM-6898,0.026759
DM-6897,0.026557
DM-6896,0.279435
DM-6895,0.029312
DM-6894,0.013956
DM-6893,0.026156
DM-6892,0.094343
DM-6891,0.051083
DM-6890,0.019419
DM-6889,0.947381
DM-6888,0.014504
DM-6887,0.791821
DM-6886,0.005302
DM-6885,0.025179
DM-6884,0.952926
DM-6883,0.216674
DM-6882,0.987946
DM-6881,0.759939
DM-6880,0.882833
DM-6879,0.884838
DM-6878,0.926304
DM-6877,0.345354
DM-6876,0.83602
DM-6875,0.984811
DM-6874,0.981022
DM-6873,0.286568
DM-6872,0.075858
DM-6871,0.076684
DM-6870,0.301773
DM-6869,0.202128
DM-6868,0.611005
DM-6867,0.197135
DM-6866,0.40592
DM-6865,0.919063
DM-6864,0.03359
DM-6863,0.048858
DM-6862,0.967163
DM-6861,0.739611
DM-6860,0.280222
DM-6859,0.486332
DM-6858,0.786295
DM-6857,0.869271
DM-6856,0.139396
DM-6854,0.267026
DM-6853,0.045016
DM-6852,0.015189
DM-6851,0.222025
DM-6850,0.907312
DM-6849,0.646181
DM-6848,0.989013
DM-6847,0.506347
DM-6846,0.973037
DM-6845,0.182717
DM-6844,0.496582
DM-6843,0.921358
DM-6842,0.950778
DM-6841,0.35488
DM-6840,0.031859
DM-6839,0.398055
DM-6838,0.685529
DM-6837,0.708313
DM-6836,0.923039
DM-6835,0.079496
DM-6834,0.090093
DM-6833,0.024238
DM-6832,0.030215
DM-6831,0.031859
DM-6830,0.093017
DM-6829,0.396068
DM-6828,0.4436
DM-6827,0.0538
DM-6826,0.974435
DM-6825,0.919643
DM-6824,0.034619
DM-6823,0.60054
DM-6822,0.103386
DM-6821,0.048496
DM-6820,0.556641
DM-6819,0.005469
DM-6818,0.082107
DM-6817,0.026355
DM-6816,0.063948
DM-6815,0.913058
DM-6814,0.271445
DM-6813,0.027585
DM-6812,0.00522
DM-6811,0.073963
DM-6810,0.026557
DM-6809,0.045353
DM-6808,0.02461
DM-6807,0.331228
DM-6806,0.028436
DM-6805,0.025565
DM-6804,0.034619
DM-6803,0.026355
DM-6802,0.928409
DM-6801,0.940353
DM-6800,0.086632
DM-6799,0.028871
DM-6798,0.025565
DM-6797,0.0341
DM-6796,0.928409
DM-6795,0.073963
DM-6794,0.026557
DM-6793,0.045353
DM-6792,0.02461
DM-6791,0.979354
DM-6790,0.020489
DM-6789,0.028436
DM-6788,0.043691
DM-6787,0.976129
DM-6786,0.190724
DM-6785,0.103749
DM-6784,0.023153
DM-6783,0.636918
DM-6782,0.0745
DM-6781,0.052814
DM-6779,0.980129
DM-6778,0.278453
DM-6777,0.979823
DM-6776,0.970688
DM-6775,0.855369
DM-6774,0.020332
DM-6773,0.045353
DM-6772,0.039343
DM-6771,0.046378
DM-6770,0.040846
DM-6769,0.935817
DM-6768,0.897695
DM-6767,0.845942
DM-6766,0.395601
DM-6765,0.698638
DM-6764,0.897695
DM-6763,0.470493
DM-6762,0.803482
DM-6761,0.025371
DM-6760,0.045353
DM-6759,0.039343
DM-6758,0.046378
DM-6757,0.040846
DM-6756,0.942507
DM-6755,0.90599
DM-6754,0.079496
DM-6753,0.093347
DM-6752,0.07477
DM-6751,0.030215
DM-6750,0.058777
DM-6749,0.039048
DM-6748,0.975762
DM-6747,0.037327
DM-6746,0.010091
DM-6745,0.077239
DM-6744,0.143908
DM-6743,0.507324
DM-6742,0.108945
DM-6741,0.929951
DM-6740,0.020177
DM-6739,0.115162
DM-6738,0.020964
DM-6737,0.033337
DM-6736,0.028653
DM-6735,0.041462
DM-6734,0.104477
DM-6733,0.91611
DM-6732,0.029987
DM-6731,0.20466
DM-6730,0.968856
DM-6729,0.063019
DM-6728,0.142232
DM-6727,0.016785
DM-6726,0.046378
DM-6725,0.076684
DM-6724,0.137532
DM-6723,0.285571
DM-6722,0.003707
DM-6721,0.327863
DM-6720,0.044349
DM-6719,0.006388
DM-6718,0.01057
DM-6717,0.182134
DM-6716,0.785966
DM-6715,0.516595
DM-6714,0.826712
DM-6713,0.441914
DM-6712,0.565299
DM-6711,0.9462
DM-6710,0.871037
DM-6709,0.905322
DM-6708,0.048496
DM-6707,0.062789
DM-6706,0.773901
DM-6705,0.428712
DM-6704,0.933431
DM-6703,0.007346
DM-6702,0.069542
DM-6701,0.96862
DM-6700,0.159741
DM-6699,0.948917
DM-6698,0.882833
DM-6697,0.708011
DM-6696,0.983214
DM-6684,0.958226
DM-6683,0.109706
DM-6682,0.858719
DM-6681,0.593845
DM-6680,0.973443
DM-6679,0.27914
DM-6678,0.179818
DM-6677,0.964855
DM-6676,0.971347
DM-6675,0.457137
DM-6674,0.102305
DM-6673,0.485356
DM-6672,0.015189
DM-6671,0.965119
DM-6670,0.846958
DM-6669,0.740174
DM-6668,0.022977
DM-6667,0.18743
DM-6666,0.960952
DM-6665,0.789234
DM-6664,0.023689
DM-6663,0.980581
DM-6662,0.302237
DM-6661,0.004982
DM-6660,0.00506
DM-6659,0.007012
DM-6658,0.956309
DM-6657,0.004134
DM-6656,0.00514
DM-6655,0.899121
DM-6654,0.011687
DM-6653,0.035679
DM-6652,0.141756
DM-6651,0.844922
DM-6650,0.83868
DM-6649,0.897336
DM-6648,0.532668
DM-6647,0.044349
DM-6646,0.09401
DM-6645,0.513668
DM-6644,0.045016
DM-6643,0.220342
DM-6642,0.709019
DM-6641,0.100879
DM-6640,0.040238
DM-6639,0.01292
DM-6638,0.01017
DM-6637,0.0729
DM-6636,0.014064
DM-6635,0.004468
DM-6634,0.835484
DM-6633,0.007461
DM-6632,0.951142
DM-6631,0.030909
DM-6630,0.858244
DM-6629,0.988492
DM-6628,0.016029
DM-6627,0.022286
DM-6626,0.013637
DM-6625,0.269518
DM-6624,0.363167
DM-6623,0.187728
DM-6622,0.17441
DM-6621,0.071851
DM-6620,0.018547
DM-6619,0.9659
DM-6618,0.850469
DM-6617,0.010818
DM-6616,0.007577
DM-6615,0.045692
DM-6614,0.025371
DM-6613,0.005469
DM-6612,0.266071
DM-6611,0.23634
DM-6610,0.279042
DM-6609,0.244003
DM-6608,0.135232
DM-6607,0.761716
DM-6606,0.110088
DM-6605,0.672009
DM-6604,0.227298
DM-6603,0.942929
DM-6602,0.174129
DM-6601,0.063715
DM-6600,0.191328
DM-6599,0.028653
DM-6598,0.105579
DM-6597,0.010489
DM-6596,0.378919
DM-6595,0.014172
DM-6594,0.047426
DM-6593,0.009936
DM-6592,0.117167
DM-6591,0.852445
DM-6590,0.022117
DM-6589,0.042404
DM-6588,0.071074
DM-6587,0.012625
DM-6586,0.985718
DM-6585,0.022629
DM-6584,0.832781
DM-6583,0.41941
DM-6582,0.991812
DM-6581,0.006193
DM-6580,0.020646
DM-6578,0.2763
DM-6577,0.07343
DM-6576,0.009413
DM-6575,0.032344
DM-6574,0.049222
DM-6573,0.09236
DM-6572,0.008188
DM-6571,0.035679
DM-6570,0.005469
DM-6569,0.029312
DM-6568,0.847463
DM-6567,0.944177
DM-6566,0.244003
DM-6565,0.844922
DM-6564,0.052619
DM-6563,0.010408
DM-6562,0.012147
DM-6561,0.004982
DM-6559,0.074231
DM-6558,0.074231
DM-6557,0.074231
DM-6556,0.07477
DM-6555,0.07477
DM-6554,0.07477
DM-6553,0.44071
DM-6552,0.148047
DM-6551,0.882428
DM-6550,0.808974
DM-6549,0.559049
DM-6548,0.029091
DM-6547,0.212722
DM-6546,0.06256
DM-6545,0.959459
DM-6544,0.186539
DM-6543,0.064183
DM-6542,0.045016
DM-6541,0.03359
DM-6540,0.951863
DM-6539,0.490724
DM-6538,0.069289
DM-6537,0.052231
DM-6536,0.678114
DM-6535,0.20947
DM-6534,0.022457
DM-6533,0.025179
DM-6532,0.032344
DM-6531,0.070304
DM-6530,0.194368
DM-6529,0.008711
DM-6528,0.025565
DM-6527,0.021451
DM-6526,0.062331
DM-6525,0.014282
DM-6524,0.437583
DM-6523,0.091707
DM-6522,0.117978
DM-6521,0.978549
DM-6520,0.891811
DM-6519,0.004332
DM-6518,0.085404
DM-6517,0.059866
DM-6516,0.070304
DM-6515,0.026355
DM-6514,0.010328
DM-6513,0.041462
DM-6512,0.034881
DM-6511,0.933431
DM-6510,0.871912
DM-6509,0.043691
DM-6508,0.125923
DM-6507,0.826712
DM-6506,0.024238
DM-6505,0.019124
DM-6504,0.91118
DM-6503,0.241847
DM-6502,0.971129
DM-6501,0.011072
DM-6500,0.023689
DM-6499,0.126353
DM-6498,0.564819
DM-6497,0.044349
DM-6496,0.032837
DM-6495,0.042088
DM-6494,0.068537
DM-6493,0.601125
DM-6492,0.037892
DM-6491,0.015073
DM-6490,0.022977
DM-6489,0.267695
DM-6488,0.020489
DM-6487,0.007577
DM-6486,0.062331
DM-6485,0.007012
DM-6484,0.026964
DM-6483,0.248534
DM-6482,0.057282
DM-6481,0.129843
DM-6480,0.110471
DM-6479,0.715821
DM-6478,0.426083
DM-6476,0.067793
DM-6475,0.032101
DM-6474,0.842345
DM-6473,0.006193
DM-6472,0.739046
DM-6471,0.028871
DM-6470,0.107437
DM-6469,0.011245
DM-6468,0.012054
DM-6467,0.016785
DM-6466,0.021451
DM-6465,0.070816
DM-6464,0.052231
DM-6463,0.082402
DM-6462,0.90764
DM-6461,0.953622
DM-6460,0.942929
DM-6459,0.907312
DM-6458,0.932453
DM-6457,0.989511
DM-6456,0.962953
DM-6455,0.928409
DM-6454,0.96378
DM-6453,0.978385
DM-6452,0.898053
DM-6451,0.930962
DM-6450,0.915507
DM-6449,0.853425
DM-6448,0.845942
DM-6447,0.212395
DM-6446,0.216674
DM-6445,0.079496
DM-6444,0.043043
DM-6443,0.015544
DM-6442,0.024988
DM-6441,0.255901
DM-6440,0.974629
DM-6439,0.015425
DM-6438,0.070304
DM-6437,0.771499
DM-6436,0.960952
DM-6435,0.973844
DM-6434,0.318273
DM-6433,0.034619
DM-6432,0.416322
DM-6431,0.959762
DM-6430,0.932453
DM-6429,0.902266
DM-6428,0.851953
DM-6427,0.982151
DM-6426,0.088505
DM-6425,0.977023
DM-6424,0.761361
DM-6423,0.954984
DM-6422,0.457864
DM-6421,0.082402
DM-6420,0.833325
DM-6419,0.750918
DM-6418,0.813164
DM-6417,0.955651
DM-6416,0.987568
DM-6415,0.982823
DM-6414,0.987759
DM-6413,0.009055
DM-6412,0.938576
DM-6411,0.64793
DM-6410,0.991153
DM-6409,0.422386
DM-6408,0.784319
DM-6407,0.864768
DM-6406,0.046725
DM-6405,0.896251
DM-6404,0.664649
DM-6403,0.188026
DM-6401,0.958538
DM-6400,0.71423
DM-6399,0.434461
DM-6398,0.937211
DM-6397,0.234933
DM-6396,0.938576
DM-6395,0.948917
DM-6394,0.981453
DM-6393,0.311852
DM-6392,0.867485
DM-6391,0.090414
DM-6390,0.268174
DM-6389,0.033844
DM-6388,0.132515
DM-6387,0.372948
DM-6386,0.029312
DM-6385,0.845433
DM-6384,0.221351
DM-6383,0.108189
DM-6382,0.041153
DM-6381,0.921922
DM-6380,0.08882
DM-6379,0.966914
DM-6378,0.086632
DM-6377,0.653901
DM-6376,0.962953
DM-6375,0.953275
DM-6374,0.087252
DM-6373,0.266835
DM-6372,0.006798
DM-6371,0.122104
DM-6370,0.453988
DM-6369,0.118793
DM-6368,0.039639
DM-6367,0.944587
DM-6366,0.511717
DM-6365,0.127653
DM-6364,0.953622
DM-6363,0.029535
DM-6362,0.030444
DM-6361,0.024423
DM-6360,0.420838
DM-6359,0.067547
DM-6358,0.067547
DM-6357,0.067547
DM-6356,0.012821
DM-6355,0.014616
DM-6354,0.019719
DM-6353,0.698432
DM-6352,0.890294
DM-6351,0.064653
DM-6350,0.70619
DM-6349,0.619817
DM-6348,0.104843
DM-6347,0.946597
DM-6346,0.075041
DM-6345,0.988492
DM-6343,0.76908
DM-6342,0.926304
DM-6341,0.984336
DM-6340,0.941654
DM-6339,0.979977
DM-6338,0.978385
DM-6337,0.975946
DM-6336,0.927888
DM-6335,0.973443
DM-6334,0.979668
DM-6333,0.972204
DM-6332,0.973241
DM-6331,0.098425
DM-6330,0.00582
DM-6329,0.426799
DM-6328,0.039639
DM-6327,0.380068
DM-6326,0.779658
DM-6325,0.07343
DM-6324,0.740925
DM-6323,0.601594
DM-6322,0.013428
DM-6321,0.018547
DM-6320,0.030215
DM-6319,0.021948
DM-6318,0.010328
DM-6317,0.120439
DM-6316,0.026759
DM-6315,0.20947
DM-6314,0.013223
DM-6313,0.066327
DM-6312,0.78695
DM-6309,0.060975
DM-6308,0.716219
DM-6307,0.033844
DM-6306,0.049959
DM-6305,0.051845
DM-6304,0.077518
DM-6303,0.082697
DM-6302,0.056029
DM-6301,0.960952
DM-6300,0.010987
DM-6299,0.012336
DM-6298,0.086323
DM-6297,0.080647
DM-6296,0.392337
DM-6295,0.050331
DM-6294,0.885235
DM-6293,0.007461
DM-6292,0.004538
DM-6291,0.7011
DM-6290,0.047426
DM-6289,0.00514
DM-6288,0.20466
DM-6287,0.885235
DM-6286,0.752377
DM-6285,0.964855
DM-6284,0.034881
DM-6283,0.004682
DM-6282,0.004538
DM-6281,0.573201
DM-6280,0.003377
DM-6279,0.006798
DM-6278,0.049959
DM-6277,0.980431
DM-6276,0.983847
DM-6275,0.975762
DM-6274,0.960063
DM-6273,0.021451
DM-6272,0.034619
DM-6271,0.19498
DM-6270,0.928409
DM-6269,0.043043
DM-6268,0.279829
DM-6267,0.913677
DM-6266,0.9462
DM-6265,0.084795
DM-6264,0.944177
DM-6263,0.9462
DM-6262,0.947381
DM-6261,0.963506
DM-6260,0.903975
DM-6259,0.213705
DM-6258,0.888372
DM-6257,0.577019
DM-6256,0.076961
DM-6255,0.920218
DM-6254,0.966914
DM-6253,0.050331
DM-6252,0.128088
DM-6251,0.274935
DM-6250,0.027796
DM-6249,0.979668
DM-6248,0.024798
DM-6247,0.810479
DM-6246,0.00582
DM-6245,0.888372
DM-6244,0.043366
DM-6243,0.045353
DM-6242,0.043043
DM-6241,0.966663
DM-6240,0.946597
DM-6239,0.008062
DM-6238,0.063251
DM-6237,0.078078
DM-6236,0.078078
DM-6235,0.078078
DM-6234,0.203391
DM-6233,0.979195
DM-6232,0.964052
DM-6231,0.984094
DM-6230,0.982288
DM-6228,0.984215
DM-6227,0.812272
DM-6226,0.990732
DM-6225,0.985271
DM-6224,0.989347
DM-6223,0.090735
DM-6222,0.981595
DM-6221,0.979977
DM-6219,0.943348
DM-6218,0.901227
DM-6217,0.978713
DM-6216,0.975012
DM-6215,0.442636
DM-6214,0.06804
DM-6213,0.084191
DM-6212,0.240061
DM-6211,0.957912
DM-6210,0.886813
DM-6209,0.957278
DM-6208,0.974043
DM-6207,0.934395
DM-6206,0.970909
DM-6205,0.982151
DM-6204,0.879147
DM-6203,0.695958
DM-6202,0.975762
DM-6201,0.031144
DM-6200,0.77081
DM-6199,0.985271
DM-6198,0.900179
DM-6197,0.128963
DM-6196,0.984336
DM-6195,0.924142
DM-6194,0.691185
DM-6193,0.321087
DM-6192,0.510741
DM-6191,0.991015
DM-6190,0.158174
DM-6189,0.23546
DM-6188,0.076684
DM-6187,0.161849
DM-6186,0.771155
DM-6185,0.060308
DM-6184,0.34715
DM-6183,0.004399
DM-6182,0.310381
DM-6181,0.194674
DM-6180,0.959154
DM-6179,0.945399
DM-6178,0.003765
DM-6177,0.100879
DM-6176,0.067793
DM-6175,0.979823
DM-6174,0.740925
DM-6173,0.681939
DM-6172,0.665845
DM-6171,0.344829
DM-6170,0.228501
DM-6169,0.551091
DM-6168,0.196826
DM-6167,0.130285
DM-6166,0.136148
DM-6165,0.970909
DM-6164,0.991684
DM-6163,0.007938
DM-6162,0.059866
DM-6161,0.012147
DM-6160,0.006693
DM-6159,0.957596
DM-6158,0.125065
DM-6157,0.855369
DM-6156,0.115561
DM-6155,0.077797
DM-6154,0.016153
DM-6153,0.909586
DM-6152,0.58059
DM-6151,0.003538
DM-6150,0.00573
DM-6149,0.40439
DM-6148,0.197135
DM-6147,0.018405
DM-6146,0.450601
DM-6145,0.017986
DM-6144,0.028221
DM-6143,0.035679
DM-6142,0.154058
DM-6141,0.105579
DM-6140,0.118793
DM-6139,0.104477
DM-6138,0.325735
DM-6137,0.92523
DM-6136,0.018833
DM-6135,0.038756
DM-6134,0.015306
DM-6133,0.004134
DM-6132,0.019124
DM-6130,0.004265
DM-6129,0.109706
DM-6128,0.005642
DM-6127,0.045692
DM-6126,0.011072
DM-6125,0.075041
DM-6124,0.023331
DM-6123,0.668664
DM-6122,0.888372
DM-6121,0.266071
DM-6120,0.045016
DM-6119,0.013428
DM-6118,0.005555
DM-6117,0.597608
DM-6116,0.9659
DM-6114,0.004332
DM-6113,0.871475
DM-6112,0.076961
DM-6111,0.879561
DM-6110,0.033844
DM-6109,0.014616
DM-6108,0.033844
DM-6107,0.940353
DM-6106,0.208501
DM-6105,0.904987
DM-6104,0.120439
DM-6103,0.005911
DM-6102,0.964589
DM-6100,0.00514
DM-6099,0.168857
DM-6098,0.752013
DM-6097,0.015306
DM-6096,0.071074
DM-6095,0.017986
DM-6094,0.027585
DM-6093,0.022117
DM-6092,0.104477
DM-6091,0.023331
DM-6090,0.028221
DM-6089,0.011158
DM-6088,0.961534
DM-6087,0.2763
DM-6086,0.931463
DM-6085,0.010489
DM-6084,0.046378
DM-6083,0.445047
DM-6082,0.45181
DM-6081,0.081228
DM-6080,0.006193
DM-6079,0.751283
DM-6078,0.005385
DM-6077,0.100525
DM-6076,0.504394
DM-6075,0.941654
DM-6074,0.343466
DM-6073,0.209146
DM-6072,0.615435
DM-6071,0.95222
DM-6070,0.023331
DM-6069,0.921358
DM-6068,0.928926
DM-6067,0.954308
DM-6066,0.969556
DM-6065,0.971129
DM-6064,0.99371
DM-6063,0.017986
DM-6062,0.970013
DM-6061,0.030444
DM-6060,0.174129
DM-6059,0.892563
DM-6058,0.684897
DM-6057,0.067547
DM-6056,0.070816
DM-6055,0.016403
DM-6054,0.060308
DM-6053,0.003075
DM-6052,0.572245
DM-6051,0.034881
DM-6050,0.306423
DM-6048,0.180395
DM-6046,0.626238
DM-6045,0.00934
DM-6044,0.047426
DM-6043,0.78233
DM-6042,0.943764
DM-6041,0.781997
DM-6040,0.202443
DM-6039,0.065845
DM-6038,0.054199
DM-6037,0.078926
DM-6036,0.095013
DM-6035,0.960952
DM-6033,0.645818
DM-6032,0.917303
DM-6031,0.07836
DM-6030,0.680879
DM-6029,0.003028
DM-6028,0.008711
DM-6027,0.004332
DM-6026,0.45641
DM-6025,0.00522
DM-6024,0.014282
DM-6023,0.004982
DM-6022,0.014064
DM-6021,0.073963
DM-6020,0.026557
DM-6019,0.045353
DM-6018,0.02461
DM-6017,0.331228
DM-6016,0.028436
DM-6015,0.025565
DM-6014,0.034619
DM-6013,0.073963
DM-6012,0.026557
DM-6011,0.045692
DM-6010,0.02461
DM-6009,0.331228
DM-6008,0.028436
DM-6007,0.025565
DM-6006,0.034619
DM-6005,0.026355
DM-6004,0.93196
DM-6003,0.333449
DM-6002,0.609757
DM-6001,0.056652
DM-6000,0.126353
DM-5999,0.835484
DM-5998,0.55447
DM-5997,0.831691
DM-5996,0.077518
DM-5995,0.256459
DM-5994,0.887984
DM-5993,0.162115
DM-5992,0.086016
DM-5991,0.105948
DM-5990,0.013532
DM-5989,0.143188
DM-5988,0.132964
DM-5987,0.008847
DM-5986,0.037047
DM-5985,0.111241
DM-5984,0.248352
DM-5983,0.026759
DM-5982,0.086632
DM-5981,0.947381
DM-5980,0.013121
DM-5979,0.013223
DM-5978,0.680985
DM-5977,0.408749
DM-5976,0.010987
DM-5975,0.395368
DM-5974,0.057493
DM-5973,0.073963
DM-5972,0.657346
DM-5971,0.102305
DM-5970,0.431105
DM-5967,0.827271
DM-5966,0.368747
DM-5965,0.075585
DM-5964,0.97024
DM-5963,0.984336
DM-5962,0.848972
DM-5961,0.198064
DM-5960,0.190724
DM-5959,0.958847
DM-5958,0.993203
DM-5957,0.602851
DM-5956,0.055005
DM-5955,0.755637
DM-5954,0.296858
DM-5953,0.688678
DM-5952,0.948155
DM-5951,0.093347
DM-5950,0.887595
DM-5949,0.933915
DM-5948,0.993096
DM-5947,0.908293
DM-5946,0.925769
DM-5945,0.801936
DM-5944,0.844922
DM-5943,0.086942
DM-5942,0.868381
DM-5941,0.223377
DM-5940,0.074231
DM-5939,0.00506
DM-5938,0.228845
DM-5937,0.054601
DM-5936,0.008511
DM-5935,0.543106
DM-5934,0.825027
DM-5933,0.042722
DM-5932,0.683842
DM-5931,0.225417
DM-5930,0.016915
DM-5929,0.694095
DM-5928,0.290779
DM-5927,0.025371
DM-5926,0.055413
DM-5925,0.269133
DM-5924,0.013956
DM-5923,0.019419
DM-5922,0.958847
DM-5921,0.008985
DM-5920,0.114765
DM-5919,0.547706
DM-5918,0.907312
DM-5917,0.992062
DM-5916,0.981736
DM-5915,0.981595
DM-5914,0.205934
DM-5913,0.427994
DM-5912,0.130285
DM-5911,0.05921
DM-5910,0.055005
DM-5909,0.039048
DM-5908,0.262558
DM-5907,0.03259
DM-5906,0.018833
DM-5905,0.971779
DM-5904,0.05301
DM-5903,0.846451
DM-5902,0.103749
DM-5901,0.843895
DM-5900,0.022457
DM-5899,0.928409
DM-5898,0.010987
DM-5897,0.040846
DM-5896,0.072637
DM-5895,0.963506
DM-5894,0.017177
DM-5893,0.020964
DM-5892,0.960063
DM-5891,0.932453
DM-5890,0.247987
DM-5889,0.064653
DM-5888,0.09947
DM-5887,0.012336
DM-5886,0.118793
DM-5885,0.869271
DM-5884,0.223716
DM-5883,0.800692
DM-5882,0.011597
DM-5881,0.218336
DM-5880,0.110088
DM-5879,0.929951
DM-5878,0.007233
DM-5877,0.636042
DM-5876,0.321373
DM-5875,0.276886
DM-5874,0.577853
DM-5873,0.023689
DM-5872,0.977883
DM-5871,0.007577
DM-5870,0.004399
DM-5869,0.935346
DM-5868,0.90599
DM-5867,0.004538
DM-5866,0.06256
DM-5865,0.018264
DM-5864,0.857291
DM-5863,0.017712
DM-5862,0.008847
DM-5861,0.007233
DM-5860,0.037892
DM-5859,0.007816
DM-5858,0.984575
DM-5857,0.040541
DM-5856,0.003377
DM-5855,0.008316
DM-5854,0.006193
DM-5853,0.979977
DM-5852,0.096365
DM-5851,0.002845
DM-5850,0.780662
DM-5849,0.933431
DM-5848,0.886027
DM-5847,0.006488
DM-5846,0.257018
DM-5845,0.003824
DM-5844,0.950778
DM-5843,0.877056
DM-5842,0.882833
DM-5841,0.083591
DM-5840,0.161849
DM-5839,0.90053
DM-5838,0.005302
DM-5837,0.063482
DM-5836,0.25128
DM-5835,0.774583
DM-5834,0.981875
DM-5833,0.989347
DM-5832,0.911495
DM-5831,0.025371
DM-5830,0.238816
DM-5829,0.193757
DM-5828,0.041153
DM-5827,0.887205
DM-5826,0.478041
DM-5825,0.258888
DM-5824,0.00506
DM-5823,0.006193
DM-5822,0.004755
DM-5821,0.00629
DM-5820,0.004332
DM-5819,0.657676
DM-5818,0.934395
DM-5817,0.971992
DM-5816,0.064183
DM-5815,0.958847
DM-5814,0.010818
DM-5813,0.47317
DM-5812,0.956634
DM-5811,0.125923
DM-5810,0.11358
DM-5809,0.045692
DM-5808,0.031144
DM-5807,0.037047
DM-5806,0.007233
DM-5805,0.038178
DM-5804,0.009784
DM-5803,0.005302
DM-5802,0.010818
DM-5801,0.031859
DM-5800,0.018125
DM-5799,0.045016
DM-5798,0.957596
DM-5797,0.004007
DM-5796,0.111628
DM-5795,0.810479
DM-5794,0.5564
DM-5793,0.91118
DM-5792,0.755637
DM-5791,0.09236
DM-5790,0.979195
DM-5789,0.927363
DM-5788,0.01017
DM-5787,0.048496
DM-5786,0.00659
DM-5785,0.003765
DM-5784,0.037892
DM-5783,0.337531
DM-5782,0.012625
DM-5781,0.013121
DM-5780,0.575349
DM-5779,0.716417
DM-5778,0.699049
DM-5777,0.007696
DM-5776,0.006193
DM-5775,0.026557
DM-5774,0.316475
DM-5773,0.984575
DM-5772,0.895888
DM-5771,0.056029
DM-5770,0.080647
DM-5769,0.692434
DM-5768,0.058561
DM-5767,0.03622
DM-5766,0.52829
DM-5765,0.579519
DM-5764,0.042404
DM-5763,0.03138
DM-5762,0.050331
DM-5761,0.055413
DM-5760,0.013532
DM-5759,0.085709
DM-5758,0.006904
DM-5757,0.004682
DM-5756,0.377713
DM-5755,0.342352
DM-5754,0.011158
DM-5753,0.012054
DM-5752,0.334644
DM-5751,0.016029
DM-5750,0.776284
DM-5749,0.011687
DM-5748,0.018264
DM-5747,0.700485
DM-5746,0.250546
DM-5745,0.949295
DM-5744,0.61173
DM-5743,0.041462
DM-5742,0.637443
DM-5741,0.055823
DM-5740,0.240418
DM-5739,0.072374
DM-5738,0.96378
DM-5737,0.948917
DM-5736,0.700485
DM-5735,0.005385
DM-5734,0.018125
DM-5733,0.696784
DM-5732,0.219337
DM-5731,0.793746
DM-5730,0.00659
DM-5729,0.005385
DM-5728,0.545528
DM-5727,0.939025
DM-5726,0.154058
DM-5725,0.330687
DM-5724,0.478529
DM-5723,0.017177
DM-5722,0.006488
DM-5721,0.016915
DM-5720,0.078642
DM-5719,0.989511
DM-5718,0.672977
DM-5717,0.986151
DM-5716,0.890675
DM-5715,0.959154
DM-5714,0.05301
DM-5713,0.978219
DM-5712,0.58261
DM-5711,0.167219
DM-5710,0.949295
DM-5709,0.949295
DM-5708,0.9462
DM-5707,0.9462
DM-5706,0.9462
DM-5705,0.116362
DM-5704,0.04778
DM-5703,0.059866
DM-5702,0.88642
DM-5701,0.173288
DM-5700,0.005911
DM-5699,0.195287
DM-5698,0.371536
DM-5697,0.069542
DM-5696,0.013742
DM-5695,0.096025
DM-5694,0.095013
DM-5693,0.976847
DM-5692,0.749821
DM-5691,0.890675
DM-5690,0.010735
DM-5689,0.006798
DM-5688,0.046034
DM-5687,0.795975
DM-5686,0.028221
DM-5685,0.005642
DM-5684,0.032837
DM-5683,0.061199
DM-5682,0.023689
DM-5681,0.577138
DM-5680,0.08389
DM-5679,0.86293
DM-5678,0.963506
DM-5677,0.035948
DM-5676,0.180395
DM-5675,0.008511
DM-5674,0.935346
DM-5673,0.050331
DM-5672,0.053403
DM-5671,0.053403
DM-5670,0.050331
DM-5669,0.0745
DM-5668,0.050331
DM-5667,0.053403
DM-5666,0.050331
DM-5665,0.711832
DM-5664,0.035145
DM-5663,0.032101
DM-5662,0.778649
DM-5661,0.149283
DM-5660,0.033086
DM-5659,0.008779
DM-5658,0.091058
DM-5657,0.191933
DM-5656,0.006193
DM-5655,0.087252
DM-5654,0.092688
DM-5653,0.247987
DM-5652,0.718397
DM-5651,0.097048
DM-5650,0.973037
DM-5649,0.806853
DM-5646,0.076132
DM-5645,0.985496
DM-5644,0.822189
DM-5643,0.043043
DM-5642,0.290477
DM-5641,0.951504
DM-5640,0.763484
DM-5639,0.043366
DM-5638,0.020023
DM-5637,0.765243
DM-5636,0.00986
DM-5635,0.003765
DM-5634,0.019569
DM-5633,0.029091
DM-5632,0.094343
DM-5631,0.364212
DM-5630,0.938124
DM-5629,0.981022
DM-5628,0.064653
DM-5627,0.936285
DM-5626,0.485112
DM-5625,0.738669
DM-5624,0.703957
DM-5623,0.950041
DM-5622,0.986572
DM-5620,0.857768
DM-5618,0.572364
DM-5617,0.990732
DM-5616,0.956309
DM-5615,0.021948
DM-5614,0.981453
DM-5613,0.992184
DM-5612,0.991153
DM-5611,0.778313
DM-5610,0.98983
DM-5609,0.028221
DM-5608,0.984575
DM-5607,0.017849
DM-5606,0.677367
DM-5605,0.003377
DM-5604,0.018547
DM-5603,0.043366
DM-5602,0.035411
DM-5601,0.035411
DM-5600,0.035411
DM-5599,0.035411
DM-5598,0.035411
DM-5597,0.035411
DM-5596,0.035411
DM-5595,0.003707
DM-5594,0.008711
DM-5593,0.020646
DM-5592,0.003324
DM-5591,0.902266
DM-5590,0.005302
DM-5589,0.004682
DM-5588,0.919063
DM-5587,0.007233
DM-5586,0.008779
DM-5585,0.348645
DM-5584,0.679817
DM-5583,0.178383
DM-5582,0.08152
DM-5581,0.337204
DM-5580,0.193452
DM-5579,0.011332
DM-5578,0.844922
DM-5577,0.321513
DM-5576,0.633279
DM-5575,0.115961
DM-5574,0.113973
DM-5573,0.158174
DM-5572,0.098079
DM-5571,0.492188
DM-5570,0.11358
DM-5569,0.83602
DM-5568,0.042404
DM-5567,0.055823
DM-5566,0.279632
DM-5565,0.271445
DM-5564,0.250179
DM-5563,0.270673
DM-5562,0.254972
DM-5561,0.308294
DM-5560,0.325199
DM-5559,0.91848
DM-5558,0.973037
DM-5557,0.042088
DM-5556,0.814348
DM-5555,0.987375
DM-5554,0.931463
DM-5553,0.003028
DM-5552,0.082994
DM-5551,0.409457
DM-5550,0.475605
DM-5549,0.93196
DM-5548,0.962391
DM-5547,0.457137
DM-5546,0.5083
DM-5545,0.040238
DM-5544,0.399343
DM-5543,0.417034
DM-5542,0.007696
DM-5541,0.341089
DM-5540,0.442877
DM-5535,0.518059
DM-5534,0.503418
DM-5533,0.893681
DM-5532,0.888372
DM-5530,0.974435
DM-5529,0.841826
DM-5528,0.147065
DM-5527,0.008577
DM-5526,0.067056
DM-5525,0.005911
DM-5524,0.003124
DM-5523,0.100172
DM-5522,0.745028
DM-5521,0.495117
DM-5520,0.848471
DM-5519,0.977371
DM-5518,0.977197
DM-5517,0.515132
DM-5516,0.500488
DM-5515,0.099121
DM-5514,0.791499
DM-5512,0.375248
DM-5511,0.586049
DM-5510,0.586641
DM-5509,0.648967
DM-5508,0.497803
DM-5507,0.434941
DM-5506,0.018264
DM-5505,0.903294
DM-5504,0.743913
DM-5503,0.973645
DM-5502,0.891055
DM-5501,0.960063
DM-5500,0.011072
DM-5499,0.583797
DM-5498,0.850965
DM-5497,0.939913
DM-5496,0.927888
DM-5495,0.86431
DM-5494,0.92079
DM-5493,0.912436
DM-5492,0.982955
DM-5491,0.977883
DM-5490,0.978875
DM-5489,0.006488
DM-5488,0.786295
DM-5487,0.973037
DM-5486,0.392686
DM-5485,0.555918
DM-5484,0.003483
DM-5483,0.111628
DM-5482,0.921922
DM-5481,0.496582
DM-5480,0.675551
DM-5479,0.061876
DM-5478,0.721743
DM-5477,0.977197
DM-5476,0.951863
DM-5475,0.86431
DM-5474,0.007696
DM-5473,0.004682
DM-5472,0.037327
DM-5471,0.948917
DM-5470,0.978549
DM-5468,0.973241
DM-5467,0.79053
DM-5466,0.03622
DM-5465,0.013742
DM-5464,0.092688
DM-5463,0.01292
DM-5462,0.077239
DM-5461,0.02976
DM-5460,0.159217
DM-5459,0.960063
DM-5458,0.818156
DM-5457,0.974821
DM-5456,0.683842
DM-5455,0.914291
DM-5454,0.006193
DM-5453,0.010653
DM-5452,0.887205
DM-5451,0.37222
DM-5449,0.715424
DM-5448,0.186836
DM-5447,0.143188
DM-5446,0.712232
DM-5445,0.958847
DM-5444,0.873647
DM-5443,0.958847
DM-5442,0.017712
DM-5441,0.983214
DM-5440,0.889529
DM-5439,0.963231
DM-5438,0.121269
DM-5437,0.502686
DM-5436,0.348867
DM-5435,0.91118
DM-5433,0.079782
DM-5432,0.383757
DM-5431,0.289874
DM-5430,0.066327
DM-5429,0.096706
DM-5428,0.007938
DM-5427,0.053206
DM-5426,0.561696
DM-5425,0.891434
DM-5424,0.011961
DM-5423,0.975012
DM-5422,0.805632
DM-5421,0.047074
DM-5420,0.989347
DM-5419,0.007938
DM-5418,0.947381
DM-5417,0.148047
DM-5416,0.972623
DM-5415,0.974629
DM-5414,0.910863
DM-5413,0.154058
DM-5412,0.024988
DM-5411,0.008062
DM-5410,0.004007
DM-5409,0.00573
DM-5408,0.004682
DM-5407,0.944995
DM-5406,0.0341
DM-5405,0.880797
DM-5404,0.962673
DM-5403,0.668664
DM-5402,0.9462
DM-5401,0.834946
DM-5400,0.057493
DM-5399,0.797557
DM-5398,0.895157
DM-5397,0.698227
DM-5396,0.4917
DM-5395,0.986777
DM-5394,0.017177
DM-5393,0.046034
DM-5392,0.113187
DM-5391,0.550849
DM-5390,0.497559
DM-5389,0.056652
DM-5388,0.026964
DM-5387,0.028871
DM-5386,0.048496
DM-5385,0.021451
DM-5384,0.021287
DM-5383,0.754553
DM-5382,0.881615
DM-5381,0.138928
DM-5380,0.960361
DM-5379,0.168857
DM-5378,0.135919
DM-5377,0.074231
DM-5376,0.00483
DM-5374,0.957278
DM-5373,0.801936
DM-5372,0.031619
DM-5371,0.796925
DM-5370,0.469277
DM-5369,0.008188
DM-5368,0.299925
DM-5367,0.015664
DM-5366,0.127218
DM-5365,0.942507
DM-5364,0.014282
DM-5363,0.021125
DM-5362,0.016785
DM-5361,0.086323
DM-5360,0.027376
DM-5359,0.012528
DM-5358,0.048137
DM-5357,0.015073
DM-5356,0.035145
DM-5355,0.00522
DM-5354,0.972415
DM-5353,0.454956
DM-5352,0.006098
DM-5351,0.026759
DM-5350,0.942507
DM-5349,0.485356
DM-5348,0.853913
DM-5347,0.273963
DM-5346,0.908942
DM-5345,0.039048
DM-5344,0.080647
DM-5343,0.154058
DM-5342,0.891434
DM-5341,0.021781
DM-5340,0.016153
DM-5339,0.01653
DM-5338,0.017177
DM-5337,0.950041
DM-5336,0.006004
DM-5335,0.004399
DM-5334,0.628821
DM-5333,0.084493
DM-5332,0.811078
DM-5331,0.166947
DM-5330,0.47317
DM-5329,0.057071
DM-5328,0.670608
DM-5327,0.661267
DM-5326,0.004982
DM-5325,0.102664
DM-5324,0.860604
DM-5323,0.022977
DM-5322,0.058346
DM-5321,0.016915
DM-5320,0.741674
DM-5319,0.006193
DM-5318,0.968856
DM-5317,0.946597
DM-5316,0.959154
DM-5315,0.987375
DM-5314,0.489259
DM-5313,0.986363
DM-5312,0.030676
DM-5311,0.941223
DM-5310,0.468304
DM-5309,0.894789
DM-5308,0.324878
DM-5307,0.020023
DM-5306,0.023871
DM-5305,0.082107
DM-5304,0.416085
DM-5303,0.832781
DM-5302,0.140808
DM-5301,0.772531
DM-5300,0.986777
DM-5299,0.020177
DM-5298,0.927363
DM-5297,0.939025
DM-5296,0.012336
DM-5295,0.793746
DM-5294,0.050705
DM-5293,0.016277
DM-5292,0.015544
DM-5291,0.945801
DM-5290,0.041462
DM-5289,0.014957
DM-5288,0.127218
DM-5287,0.027585
DM-5286,0.044681
DM-5285,0.114369
DM-5284,0.112016
DM-5283,0.189521
DM-5282,0.016403
DM-5281,0.064418
DM-5280,0.022629
DM-5279,0.003222
DM-5278,0.158956
DM-5277,0.959762
DM-5276,0.866585
DM-5275,0.217836
DM-5274,0.007696
DM-5273,0.813461
DM-5272,0.003538
DM-5271,0.015544
DM-5270,0.914291
DM-5269,0.271252
DM-5268,0.983847
DM-5267,0.96641
DM-5266,0.009559
DM-5265,0.051845
DM-5264,0.015073
DM-5263,0.944995
DM-5262,0.97631
DM-5261,0.007461
DM-5260,0.007461
DM-5259,0.007461
DM-5258,0.007461
DM-5257,0.007461
DM-5256,0.007461
DM-5255,0.007461
DM-5254,0.047074
DM-5253,0.080357
DM-5252,0.011869
DM-5251,0.00573
DM-5250,0.005469
DM-5249,0.075585
DM-5248,0.032101
DM-5247,0.007012
DM-5246,0.496582
DM-5245,0.462959
DM-5244,0.014616
DM-5243,0.117572
DM-5242,0.032344
DM-5241,0.104843
DM-5240,0.104843
DM-5239,0.104843
DM-5238,0.104843
DM-5237,0.104843
DM-5236,0.104843
DM-5235,0.139396
DM-5234,0.155078
DM-5233,0.046034
DM-5232,0.013637
DM-5231,0.013637
DM-5230,0.013637
DM-5229,0.013637
DM-5228,0.013637
DM-5227,0.013637
DM-5226,0.045016
DM-5225,0.866585
DM-5224,0.809577
DM-5223,0.683842
DM-5222,0.204978
DM-5221,0.011072
DM-5220,0.010249
DM-5219,0.059428
DM-5218,0.467332
DM-5217,0.884039
DM-5216,0.141281
DM-5215,0.127218
DM-5212,0.546496
DM-5211,0.003075
DM-5210,0.005911
DM-5209,0.83602
DM-5208,0.964855
DM-5207,0.006904
DM-5206,0.018978
DM-5205,0.751648
DM-5204,0.010091
DM-5203,0.037327
DM-5202,0.434221
DM-5201,0.003824
DM-5200,0.050331
DM-5199,0.498535
DM-5198,0.091382
DM-5197,0.666388
DM-5196,0.958847
DM-5195,0.026557
DM-5194,0.957912
DM-5193,0.572245
DM-5192,0.973241
DM-5191,0.201185
DM-5190,0.098079
DM-5189,0.080357
DM-5188,0.9659
DM-5187,0.288469
DM-5186,0.308711
DM-5185,0.028008
DM-5184,0.006488
DM-5183,0.021615
DM-5182,0.274157
DM-5181,0.003075
DM-5180,0.010091
DM-5179,0.00506
DM-5178,0.004755
DM-5177,0.006098
DM-5176,0.003483
DM-5175,0.069038
DM-5174,0.010014
DM-5172,0.060087
DM-5171,0.297164
DM-5170,0.00514
DM-5169,0.939025
DM-5168,0.007012
DM-5167,0.959762
DM-5166,0.971779
DM-5165,0.125493
DM-5164,0.048137
DM-5163,0.950041
DM-5162,0.207215
DM-5161,0.06804
DM-5160,0.048496
DM-5159,0.052619
DM-5158,0.004682
DM-5157,0.00483
DM-5156,0.121686
DM-5155,0.115961
DM-5154,0.098425
DM-5153,0.057493
DM-5152,0.040238
DM-5151,0.023871
DM-5150,0.597021
DM-5149,0.122523
DM-5148,0.005642
DM-5147,0.768733
DM-5146,0.190724
DM-5145,0.926304
DM-5144,0.948155
DM-5143,0.125065
DM-5142,0.807461
DM-5141,0.006004
DM-5140,0.040238
DM-5139,0.052619
DM-5138,0.039937
DM-5137,0.777638
DM-5136,0.027796
DM-5135,0.898767
DM-5134,0.354992
DM-5133,0.917303
DM-5132,0.00365
DM-5131,0.021781
DM-5130,0.007696
DM-5129,0.133415
DM-5128,0.96378
DM-5127,0.985496
DM-5126,0.046725
DM-5125,0.004134
DM-5124,0.130285
DM-5123,0.970688
DM-5122,0.004982
DM-5121,0.887595
DM-5120,0.410165
DM-5114,0.944995
DM-5112,0.984575
DM-5111,0.117978
DM-5110,0.122104
DM-5109,0.004007
DM-5108,0.006693
DM-5107,0.005911
DM-5106,0.003884
DM-5105,0.017045
DM-5104,0.767341
DM-5103,0.342792
DM-5102,0.021125
DM-5101,0.015073
DM-5100,0.951863
DM-5099,0.008316
DM-5098,0.844922
DM-5097,0.271638
DM-5096,0.331039
DM-5095,0.024423
DM-5094,0.028653
DM-5093,0.006488
DM-5092,0.087252
DM-5091,0.503418
DM-5090,0.936285
DM-5089,0.042088
DM-5088,0.072374
DM-5087,0.022803
DM-5086,0.003594
DM-5085,0.478529
DM-5084,0.01302
DM-5083,0.293911
DM-5082,0.117167
DM-5081,0.015189
DM-5080,0.988313
DM-5079,0.212722
DM-5078,0.011778
DM-5077,0.042722
DM-5076,0.613352
DM-5075,0.063715
DM-5074,0.166134
DM-5073,0.132964
DM-5072,0.117572
DM-5071,0.016153
DM-5070,0.015544
DM-5069,0.015073
DM-5068,0.016277
DM-5067,0.090093
DM-5066,0.062103
DM-5065,0.105211
DM-5064,0.047074
DM-5063,0.094343
DM-5062,0.944587
DM-5061,0.194062
DM-5060,0.791821
DM-5059,0.993307
DM-5058,0.511229
DM-5057,0.139396
DM-5056,0.039639
DM-5055,0.112795
DM-5054,0.49707
DM-5053,0.427277
DM-5052,0.984694
DM-5051,0.220007
DM-5050,0.019124
DM-5049,0.081813
DM-5048,0.082402
DM-5047,0.714827
DM-5046,0.569134
DM-5045,0.028008
DM-5044,0.049589
DM-5041,0.040238
DM-5040,0.014172
DM-5039,0.015785
DM-5038,0.181844
DM-5037,0.026964
DM-5036,0.020804
DM-5035,0.055005
DM-5033,0.975012
DM-5032,0.839208
DM-5031,0.896251
DM-5030,0.055413
DM-5029,0.471223
DM-5028,0.963231
DM-5027,0.077518
DM-5026,0.012241
DM-5025,0.783658
DM-5024,0.056236
DM-5023,0.381335
DM-5022,0.698432
DM-5021,0.002758
DM-5020,0.132515
DM-5019,0.899828
DM-5018,0.401453
DM-5017,0.07921
DM-5016,0.010328
DM-5015,0.444565
DM-5014,0.044349
DM-5013,0.113187
DM-5012,0.884838
DM-5011,0.949295
DM-5009,0.010653
DM-5008,0.985936
DM-5007,0.010489
DM-5006,0.015785
DM-5005,0.193147
DM-5004,0.018833
DM-5003,0.007696
DM-5002,0.105948
DM-5001,0.99014
DM-5000,0.026156
DM-4999,0.360545
DM-4998,0.00483
DM-4997,0.036769
DM-4996,0.013742
DM-4995,0.894421
DM-4994,0.994089
DM-4993,0.144149
DM-4992,0.060087
DM-4991,0.006798
DM-4990,0.474144
DM-4989,0.042722
DM-4988,0.09236
DM-4987,0.149283
DM-4986,0.92523
DM-4985,0.020804
DM-4984,0.708112
DM-4983,0.030909
DM-4982,0.194062
DM-4981,0.899475
DM-4980,0.340787
DM-4979,0.226441
DM-4978,0.954984
DM-4977,0.030909
DM-4976,0.566258
DM-4975,0.006693
DM-4974,0.70791
DM-4973,0.049959
DM-4972,0.035948
DM-4971,0.09739
DM-4970,0.985496
DM-4969,0.286369
DM-4968,0.708616
DM-4967,0.06804
DM-4966,0.639201
DM-4965,0.834946
DM-4964,0.09947
DM-4963,0.789883
DM-4962,0.261519
DM-4961,0.00986
DM-4960,0.048858
DM-4959,0.013428
DM-4958,0.062331
DM-4957,0.929951
DM-4956,0.316581
DM-4955,0.025957
DM-4954,0.008779
DM-4953,0.019419
DM-4952,0.890294
DM-4951,0.959154
DM-4950,0.989347
DM-4949,0.929951
DM-4948,0.154567
DM-4947,0.020023
DM-4946,0.010653
DM-4945,0.967899
DM-4944,0.91118
DM-4943,0.643805
DM-4942,0.026156
DM-4941,0.013121
DM-4940,0.239527
DM-4939,0.429908
DM-4938,0.006098
DM-4937,0.009708
DM-4936,0.00934
DM-4935,0.949295
DM-4934,0.882833
DM-4933,0.654467
DM-4932,0.020177
DM-4931,0.00582
DM-4930,0.955319
DM-4929,0.004134
DM-4928,0.009486
DM-4927,0.006193
DM-4926,0.035145
DM-4925,0.917303
DM-4924,0.051463
DM-4923,0.018125
DM-4922,0.024054
DM-4921,0.013121
DM-4920,0.017849
DM-4919,0.03138
DM-4918,0.037609
DM-4917,0.020964
DM-4916,0.058132
DM-4915,0.022629
DM-4914,0.969091
DM-4913,0.00522
DM-4912,0.28897
DM-4911,0.07836
DM-4910,0.05921
DM-4909,0.106319
DM-4908,0.202128
DM-4907,0.88642
DM-4906,0.049222
DM-4905,0.003824
DM-4904,0.009055
DM-4903,0.019419
DM-4902,0.118793
DM-4901,0.934873
DM-4900,0.895523
DM-4899,0.174129
DM-4898,0.96378
DM-4897,0.235108
DM-4896,0.011332
DM-4895,0.07056
DM-4894,0.025565
DM-4893,0.241489
DM-4892,0.051845
DM-4891,0.059428
DM-4890,0.964855
DM-4889,0.138928
DM-4888,0.038466
DM-4887,0.982014
DM-4886,0.933431
DM-4885,0.916708
DM-4884,0.947381
DM-4883,0.964321
DM-4882,0.012432
DM-4881,0.016029
DM-4880,0.842863
DM-4879,0.098079
DM-4878,0.557364
DM-4877,0.014504
DM-4876,0.188324
DM-4875,0.023689
DM-4874,0.849971
DM-4873,0.078078
DM-4872,0.052619
DM-4871,0.013532
DM-4870,0.212069
DM-4869,0.158695
DM-4868,0.226784
DM-4867,0.006693
DM-4866,0.02461
DM-4865,0.08882
DM-4864,0.896976
DM-4863,0.565059
DM-4862,0.017986
DM-4861,0.949669
DM-4860,0.007346
DM-4859,0.00582
DM-4858,0.006004
DM-4857,0.046725
DM-4856,0.019871
DM-4855,0.540196
DM-4854,0.016657
DM-4853,0.09401
DM-4852,0.960952
DM-4851,0.02976
DM-4850,0.020964
DM-4849,0.80038
DM-4848,0.025761
DM-4847,0.026964
DM-4846,0.017309
DM-4845,0.013637
DM-4844,0.195594
DM-4843,0.022117
DM-4842,0.078078
DM-4841,0.0341
DM-4840,0.019871
DM-4839,0.845942
DM-4838,0.009486
DM-4837,0.054199
DM-4836,0.01292
DM-4835,0.240418
DM-4834,0.843895
DM-4833,0.039937
DM-4832,0.020804
DM-4831,0.02461
DM-4830,0.154058
DM-4829,0.026156
DM-4828,0.956634
DM-4827,0.153549
DM-4826,0.97631
DM-4825,0.00506
DM-4824,0.006904
DM-4823,0.007012
DM-4822,0.022117
DM-4821,0.028653
DM-4820,0.819893
DM-4819,0.09739
DM-4818,0.004468
DM-4817,0.961822
DM-4816,0.043043
DM-4815,0.975202
DM-4814,0.053403
DM-4813,0.007938
DM-4812,0.968856
DM-4810,0.973645
DM-4809,0.081813
DM-4808,0.379838
DM-4807,0.027376
DM-4806,0.369884
DM-4805,0.0341
DM-4804,0.004265
DM-4803,0.092688
DM-4802,0.039639
DM-4801,0.054199
DM-4800,0.05301
DM-4799,0.012821
DM-4798,0.008446
DM-4797,0.018125
DM-4796,0.104477
DM-4795,0.781664
DM-4794,0.008252
DM-4793,0.948155
DM-4792,0.679391
DM-4790,0.30013
DM-4789,0.038178
DM-4788,0.025957
DM-4787,0.007577
DM-4786,0.026156
DM-4785,0.046725
DM-4784,0.163445
DM-4783,0.011869
DM-4782,0.657043
DM-4781,0.008711
DM-4780,0.007577
DM-4779,0.00582
DM-4778,0.923592
DM-4777,0.789883
DM-4776,0.492676
DM-4775,0.803174
DM-4774,0.270095
DM-4773,0.077797
DM-4772,0.01653
DM-4771,0.015906
DM-4770,0.016785
DM-4769,0.068289
DM-4768,0.025565
DM-4767,0.022286
DM-4766,0.044681
DM-4765,0.078926
DM-4764,0.04778
DM-4763,0.952574
DM-4762,0.851953
DM-4761,0.912748
DM-4760,0.97539
DM-4759,0.889529
DM-4758,0.38341
DM-4757,0.011778
DM-4756,0.7773
DM-4755,0.009784
DM-4754,0.221014
DM-4753,0.73659
DM-4752,0.023689
DM-4751,0.007696
DM-4750,0.004134
DM-4749,0.821617
DM-4748,0.982557
DM-4747,0.071074
DM-4746,0.978219
DM-4745,0.981453
DM-4744,0.21305
DM-4743,0.00506
DM-4742,0.058346
DM-4741,0.880797
DM-4740,0.082402
DM-4739,0.236164
DM-4738,0.323273
DM-4737,0.210442
DM-4736,0.083591
DM-4735,0.033844
DM-4734,0.028221
DM-4733,0.679817
DM-4732,0.007816
DM-4731,0.010328
DM-4730,0.711631
DM-4729,0.082697
DM-4728,0.010902
DM-4727,0.118793
DM-4726,0.760651
DM-4725,0.90261
DM-4724,0.193147
DM-4723,0.047426
DM-4722,0.093347
DM-4721,0.985718
DM-4720,0.941223
DM-4719,0.085404
DM-4718,0.320236
DM-4717,0.303835
DM-4716,0.062789
DM-4715,0.268174
DM-4714,0.016153
DM-4713,0.03359
DM-4712,0.147065
DM-4711,0.007696
DM-4710,0.012432
DM-4709,0.9659
DM-4708,0.947381
DM-4707,0.176388
DM-4706,0.873215
DM-4705,0.010735
DM-4704,0.00934
DM-4703,0.150029
DM-4702,0.709824
DM-4701,0.461502
DM-4700,0.122944
DM-4699,0.970688
DM-4698,0.925769
DM-4697,0.904313
DM-4696,0.176956
DM-4694,0.058346
DM-4693,0.555194
DM-4692,0.969556
DM-4691,0.025761
DM-4690,0.974043
DM-4689,0.969556
DM-4688,0.090414
DM-4687,0.788583
DM-4686,0.176388
DM-4685,0.919063
DM-4684,0.480235
DM-4683,0.897695
DM-4682,0.856332
DM-4681,0.989986
DM-4680,0.987375
DM-4679,0.97631
DM-4678,0.003765
DM-4677,0.995462
DM-4676,0.957912
DM-4675,0.97631
DM-4674,0.955981
DM-4673,0.02461
DM-4672,0.859192
DM-4671,0.310538
DM-4670,0.538741
DM-4669,0.007121
DM-4668,0.278159
DM-4667,0.254602
DM-4666,0.961534
DM-4665,0.907312
DM-4664,0.105211
DM-4663,0.52975
DM-4662,0.455683
DM-4661,0.489748
DM-4660,0.440229
DM-4659,0.482917
DM-4658,0.022803
DM-4657,0.025565
DM-4656,0.257765
DM-4655,0.077518
DM-4654,0.931463
DM-4653,0.949669
DM-4652,0.022977
DM-4651,0.889144
DM-4650,0.117978
DM-4649,0.550849
DM-4648,0.006193
DM-4647,0.102664
DM-4646,0.436142
DM-4645,0.026156
DM-4644,0.130285
DM-4643,0.802865
DM-4642,0.749821
DM-4641,0.826712
DM-4640,0.035145
DM-4639,0.920218
DM-4638,0.018547
DM-4637,0.156878
DM-4636,0.07836
DM-4635,0.921358
DM-4634,0.625295
DM-4633,0.269518
DM-4632,0.955319
DM-4631,0.960361
DM-4630,0.70028
DM-4629,0.885631
DM-4628,0.030215
DM-4627,0.007816
DM-4626,0.128088
DM-4625,0.987946
DM-4624,0.118793
DM-4623,0.069542
DM-4622,0.039048
DM-4621,0.293303
DM-4620,0.362631
DM-4619,0.693369
DM-4618,0.012336
DM-4617,0.497559
DM-4616,0.954647
DM-4615,0.428951
DM-4614,0.987568
DM-4613,0.021287
DM-4612,0.531939
DM-4611,0.068537
DM-4610,0.963231
DM-4609,0.276691
DM-4608,0.579162
DM-4607,0.011332
DM-4606,0.298287
DM-4605,0.009126
DM-4604,0.063019
DM-4603,0.524151
DM-4602,0.939471
DM-4601,0.962108
DM-4600,0.037047
DM-4599,0.004755
DM-4598,0.086942
DM-4597,0.392803
DM-4596,0.090414
DM-4595,0.965641
DM-4594,0.056652
DM-4593,0.919063
DM-4592,0.384219
DM-4591,0.847463
DM-4590,0.359364
DM-4589,0.36077
DM-4588,0.839208
DM-4586,0.102664
DM-4585,0.017849
DM-4584,0.009197
DM-4583,0.115162
DM-4582,0.021615
DM-4581,0.008446
DM-4580,0.032837
DM-4579,0.689828
DM-4578,0.979354
DM-4577,0.01017
DM-4576,0.064653
DM-4575,0.037327
DM-4574,0.007577
DM-4573,0.731826
DM-4572,0.020023
DM-4571,0.550607
DM-4570,0.138462
DM-4569,0.826991
DM-4568,0.039937
DM-4567,0.868827
DM-4566,0.026964
DM-4565,0.037892
DM-4564,0.68784
DM-4563,0.144149
DM-4562,0.194062
DM-4561,0.028653
DM-4560,0.027169
DM-4559,0.028653
DM-4558,0.977023
DM-4557,0.519521
DM-4556,0.007233
DM-4555,0.930458
DM-4554,0.958538
DM-4553,0.027796
DM-4552,0.987179
DM-4551,0.443118
DM-4550,0.13707
DM-4549,0.013742
DM-4548,0.461017
DM-4547,0.926304
DM-4546,0.050331
DM-4545,0.819316
DM-4544,0.816406
DM-4543,0.96378
DM-4542,0.989511
DM-4541,0.898053
DM-4540,0.432423
DM-4539,0.122523
DM-4538,0.91181
DM-4537,0.031619
DM-4536,0.055413
DM-4535,0.05921
DM-4534,0.030676
DM-4533,0.047074
DM-4532,0.741674
DM-4531,0.028653
DM-4530,0.004199
DM-4529,0.008779
DM-4528,0.934395
DM-4527,0.069795
DM-4526,0.986151
DM-4525,0.884439
DM-4524,0.171894
DM-4523,0.004468
DM-4522,0.006193
DM-4521,0.037892
DM-4520,0.945399
DM-4519,0.977197
DM-4518,0.004905
DM-4517,0.010987
DM-4515,0.019419
DM-4514,0.345961
DM-4513,0.013121
DM-4512,0.214034
DM-4511,0.060529
DM-4510,0.00629
DM-4509,0.419529
DM-4508,0.630799
DM-4507,0.020177
DM-4506,0.010328
DM-4504,0.794385
DM-4503,0.018125
DM-4502,0.163713
DM-4501,0.007816
DM-4500,0.044349
DM-4499,0.120026
DM-4498,0.083591
DM-4497,0.204342
DM-4496,0.140808
DM-4495,0.023153
DM-4494,0.045692
DM-4493,0.044349
DM-4492,0.021125
DM-4491,0.195287
DM-4490,0.090414
DM-4489,0.016403
DM-4488,0.067547
DM-4487,0.026557
DM-4486,0.030676
DM-4485,0.022803
DM-4484,0.080647
DM-4483,0.152789
DM-4482,0.917893
DM-4481,0.020804
DM-4480,0.035679
DM-4479,0.890294
DM-4478,0.026355
DM-4477,0.011072
DM-4476,0.008577
DM-4475,0.019271
DM-4474,0.024423
DM-4473,0.090414
DM-4472,0.986777
DM-4471,0.97649
DM-4470,0.085709
DM-4469,0.238107
DM-4468,0.154058
DM-4467,0.492676
DM-4466,0.071332
DM-4465,0.100525
DM-4464,0.155848
DM-4463,0.058777
DM-4462,0.119614
DM-4461,0.017309
DM-4460,0.016915
DM-4459,0.017442
DM-4458,0.017849
DM-4457,0.814643
DM-4456,0.552057
DM-4455,0.973241
DM-4454,0.006693
DM-4453,0.053403
DM-4452,0.955651
DM-4451,0.989013
DM-4450,0.018689
DM-4449,0.984215
DM-4448,0.560012
DM-4447,0.081813
DM-4446,0.840783
DM-4445,0.101947
DM-4444,0.193452
DM-4443,0.076408
DM-4442,0.736021
DM-4441,0.030676
DM-4440,0.030676
DM-4439,0.016915
DM-4438,0.611672
DM-4437,0.940353
DM-4436,0.58948
DM-4435,0.563378
DM-4434,0.917303
DM-4433,0.044349
DM-4432,0.405684
DM-4431,0.944177
DM-4430,0.043043
DM-4429,0.823328
DM-4428,0.020332
DM-4426,0.017577
DM-4423,0.036769
DM-4421,0.015189
DM-4420,0.267217
DM-4419,0.44553
DM-4418,0.982014
DM-4417,0.032344
DM-4416,0.189821
DM-4415,0.513668
DM-4414,0.11358
DM-4413,0.338186
DM-4412,0.188623
DM-4411,0.041462
DM-4410,0.019419
DM-4409,0.023871
DM-4408,0.007938
DM-4407,0.003538
DM-4406,0.069289
DM-4405,0.709019
DM-4404,0.098773
DM-4403,0.030676
DM-4402,0.919643
DM-4401,0.982288
DM-4400,0.017577
DM-4399,0.007577
DM-4398,0.019124
DM-4397,0.012336
DM-4396,0.009486
DM-4395,0.043691
DM-4394,0.007696
DM-4393,0.896976
DM-4392,0.19962
DM-4391,0.009634
DM-4390,0.00506
DM-4389,0.054199
DM-4388,0.003945
DM-4387,0.003377
DM-4386,0.081813
DM-4385,0.033086
DM-4384,0.014064
DM-4383,0.681621
DM-4382,0.899121
DM-4381,0.011245
DM-4380,0.012054
DM-4379,0.98983
DM-4378,0.410165
DM-4377,0.974239
DM-4376,0.972623
DM-4375,0.126353
DM-4374,0.008711
DM-4373,0.330424
DM-4372,0.027376
DM-4371,0.113973
DM-4370,0.358129
DM-4369,0.048137
DM-4368,0.024423
DM-4367,0.014172
DM-4366,0.070049
DM-4365,0.462473
DM-4364,0.930962
DM-4363,0.216177
DM-4362,0.976669
DM-4361,0.006004
DM-4360,0.007012
DM-4359,0.004982
DM-4358,0.054199
DM-4357,0.884039
DM-4356,0.959459
DM-4354,0.151529
DM-4353,0.919643
DM-4352,0.986979
DM-4351,0.778313
DM-4350,0.089455
DM-4349,0.009708
DM-4348,0.982151
DM-4347,0.014392
DM-4346,0.054601
DM-4345,0.161849
DM-4344,0.00343
DM-4343,0.048496
DM-4342,0.464902
DM-4340,0.975762
DM-4339,0.449272
DM-4338,0.856812
DM-4337,0.975946
DM-4336,0.982014
DM-4335,0.009413
DM-4334,0.002715
DM-4333,0.922482
DM-4332,0.743168
DM-4331,0.24963
DM-4330,0.234407
DM-4329,0.125493
DM-4328,0.093347
DM-4327,0.008577
DM-4326,0.878731
DM-4325,0.242206
DM-4324,0.914291
DM-4323,0.643189
DM-4322,0.005911
DM-4321,0.004265
DM-4320,0.906653
DM-4319,0.007233
DM-4318,0.525369
DM-4317,0.080937
DM-4316,0.049959
DM-4315,0.418697
DM-4314,0.283186
DM-4313,0.219672
DM-4312,0.590661
DM-4311,0.699665
DM-4310,0.012147
DM-4309,0.890675
DM-4308,0.004134
DM-4307,0.710829
DM-4306,0.924688
DM-4305,0.013742
DM-4304,0.153042
DM-4303,0.033086
DM-4302,0.010902
DM-4301,0.761006
DM-4300,0.006193
DM-4299,0.045692
DM-4298,0.080937
DM-4297,0.008511
DM-4296,0.210117
DM-4295,0.325038
DM-4294,0.674908
DM-4293,0.048137
DM-4292,0.028653
DM-4291,0.035411
DM-4290,0.781331
DM-4289,0.464902
DM-4288,0.933431
DM-4287,0.885235
DM-4286,0.238994
DM-4284,0.943348
DM-4283,0.133415
DM-4282,0.241668
DM-4281,0.02976
DM-4280,0.073696
DM-4279,0.091382
DM-4278,0.125923
DM-4277,0.105211
DM-4276,0.215351
DM-4275,0.355747
DM-4274,0.851953
DM-4273,0.017442
DM-4272,0.016915
DM-4271,0.016915
DM-4270,0.016785
DM-4269,0.017442
DM-4268,0.986572
DM-4267,0.121269
DM-4266,0.023509
DM-4265,0.982823
DM-4264,0.791821
DM-4263,0.740174
DM-4262,0.940353
DM-4261,0.985718
DM-4260,0.842863
DM-4259,0.894052
DM-4258,0.080357
DM-4257,0.056444
DM-4256,0.006388
DM-4255,0.955651
DM-4254,0.956309
DM-4253,0.663124
DM-4252,0.894789
DM-4251,0.043366
DM-4250,0.009197
DM-4249,0.682785
DM-4248,0.251832
DM-4247,0.318167
DM-4246,0.076684
DM-4245,0.006693
DM-4244,0.006488
DM-4243,0.916409
DM-4240,0.980876
DM-4239,0.119614
DM-4238,0.005385
DM-4237,0.004682
DM-4236,0.030909
DM-4235,0.015073
DM-4234,0.070816
DM-4233,0.005302
DM-4232,0.011072
DM-4231,0.024054
DM-4230,0.014957
DM-4229,0.711431
DM-4228,0.321247
DM-4227,0.866585
DM-4226,0.965119
DM-4225,0.121686
DM-4224,0.007938
DM-4223,0.00934
DM-4222,0.072637
DM-4220,0.91118
DM-4219,0.660682
DM-4218,0.011072
DM-4217,0.057071
DM-4216,0.023509
DM-4215,0.03138
DM-4214,0.356517
DM-4213,0.022457
DM-4212,0.017309
DM-4211,0.007938
DM-4210,0.080069
DM-4209,0.244904
DM-4208,0.850469
DM-4207,0.011158
DM-4206,0.003028
DM-4205,0.007012
DM-4204,0.007346
DM-4203,0.00407
DM-4202,0.046378
DM-4201,0.953275
DM-4200,0.037047
DM-4199,0.058346
DM-4198,0.013121
DM-4197,0.004468
DM-4196,0.955319
DM-4195,0.65274
DM-4194,0.01057
DM-4193,0.606149
DM-4192,0.116362
DM-4191,0.084795
DM-4190,0.148788
DM-4189,0.009634
DM-4188,0.06489
DM-4187,0.989986
DM-4186,0.932944
DM-4185,0.067301
DM-4184,0.060752
DM-4183,0.180395
DM-4182,0.835484
DM-4181,0.9462
DM-4180,0.962673
DM-4179,0.333337
DM-4178,0.912748
DM-4177,0.233357
DM-4176,0.882833
DM-4175,0.652906
DM-4174,0.984575
DM-4173,0.403919
DM-4172,0.468304
DM-4171,0.945399
DM-4170,0.927888
DM-4168,0.047426
DM-4167,0.524638
DM-4166,0.155591
DM-4165,0.146087
DM-4164,0.983343
DM-4163,0.04778
DM-4162,0.64646
DM-4161,0.213377
DM-4160,0.010735
DM-4159,0.071851
DM-4158,0.180107
DM-4157,0.934395
DM-4156,0.924688
DM-4155,0.646572
DM-4154,0.025371
DM-4153,0.94079
DM-4152,0.214691
DM-4151,0.082697
DM-4150,0.914901
DM-4149,0.106691
DM-4148,0.036769
DM-4147,0.488283
DM-4146,0.949669
DM-4145,0.085099
DM-4144,0.030215
DM-4143,0.967656
DM-4142,0.920218
DM-4141,0.022117
DM-4140,0.889912
DM-4139,0.008511
DM-4138,0.879561
DM-4137,0.027585
DM-4136,0.961822
DM-4135,0.974821
DM-4134,0.365726
DM-4133,0.006004
DM-4132,0.149283
DM-4131,0.489259
DM-4130,0.011778
DM-4129,0.004905
DM-4128,0.009559
DM-4127,0.00483
DM-4126,0.260389
DM-4125,0.004332
DM-4124,0.132964
DM-4123,0.069289
DM-4122,0.029987
DM-4121,0.140808
DM-4120,0.028008
DM-4119,0.630258
DM-4118,0.903294
DM-4117,0.071851
DM-4116,0.334426
DM-4115,0.051083
DM-4114,0.00659
DM-4113,0.603231
DM-4112,0.042088
DM-4111,0.426799
DM-4110,0.089455
DM-4109,0.031619
DM-4108,0.012241
DM-4107,0.031144
DM-4106,0.921922
DM-4105,0.03138
DM-4104,0.025761
DM-4103,0.014172
DM-4102,0.380414
DM-4101,0.015785
DM-4100,0.023331
DM-4099,0.289573
DM-4098,0.882833
DM-4097,0.146575
DM-4096,0.114765
DM-4095,0.061424
DM-4094,0.974435
DM-4093,0.012336
DM-4092,0.627152
DM-4091,0.030909
DM-4090,0.037327
DM-4089,0.142709
DM-4088,0.094678
DM-4087,0.215021
DM-4086,0.261519
DM-4085,0.197135
DM-4084,0.986572
DM-4083,0.988842
DM-4082,0.987179
DM-4081,0.985936
DM-4080,0.017309
DM-4079,0.240061
DM-4078,0.862004
DM-4077,0.924688
DM-4076,0.032344
DM-4075,0.846451
DM-4073,0.010735
DM-4072,0.019419
DM-4071,0.004982
DM-4070,0.954647
DM-4069,0.101589
DM-4068,0.969556
DM-4067,0.932944
DM-4066,0.017849
DM-4065,0.270866
DM-4064,0.955319
DM-4063,0.006388
DM-4062,0.278061
DM-4061,0.783988
DM-4060,0.747063
DM-4059,0.397471
DM-4058,0.453746
DM-4057,0.96378
DM-4056,0.938576
DM-4055,0.938576
DM-4054,0.067301
DM-4053,0.08819
DM-4052,0.081228
DM-4051,0.019719
DM-4050,0.025957
DM-4049,0.096365
DM-4048,0.513668
DM-4047,0.027169
DM-4046,0.053403
DM-4045,0.981453
DM-4044,0.832781
DM-4043,0.963506
DM-4042,0.190423
DM-4041,0.574634
DM-4040,0.976129
DM-4039,0.942507
DM-4038,0.364438
DM-4037,0.036494
DM-4036,0.033086
DM-4035,0.033844
DM-4034,0.038178
DM-4033,0.005469
DM-4032,0.085404
DM-4031,0.004199
DM-4030,0.914291
DM-4029,0.413714
DM-4028,0.037327
DM-4027,0.073963
DM-4026,0.071074
DM-4025,0.238107
DM-4024,0.84338
DM-4023,0.211417
DM-4022,0.003594
DM-4021,0.024238
DM-4020,0.00522
DM-4019,0.006904
DM-4018,0.00573
DM-4017,0.020177
DM-4016,0.948155
DM-4015,0.091707
DM-4014,0.021781
DM-4013,0.956957
DM-4012,0.003765
DM-4011,0.580828
DM-4010,0.005911
DM-4009,0.953275
DM-4008,0.06256
DM-4007,0.00573
DM-4006,0.011072
DM-4005,0.01017
DM-4004,0.188623
DM-4003,0.92523
DM-4002,0.032837
DM-4001,0.977023
DM-4000,0.00986
DM-3999,0.015785
DM-3998,0.768733
DM-3997,0.015906
DM-3996,0.105211
DM-3995,0.298594
DM-3994,0.063715
DM-3993,0.003377
DM-3992,0.016029
DM-3990,0.552057
DM-3989,0.016153
DM-3988,0.092033
DM-3987,0.007012
DM-3986,0.291914
DM-3985,0.034881
DM-3984,0.017309
DM-3983,0.068537
DM-3982,0.054601
DM-3981,0.045016
DM-3980,0.827828
DM-3979,0.798815
DM-3978,0.924142
DM-3977,0.850469
DM-3976,0.952926
DM-3975,0.154058
DM-3974,0.139396
DM-3973,0.026964
DM-3972,0.375592
DM-3971,0.334929
DM-3970,0.004199
DM-3969,0.800068
DM-3968,0.894052
DM-3967,0.29798
DM-3966,0.024054
DM-3965,0.322419
DM-3962,0.923039
DM-3961,0.674667
DM-3960,0.080357
DM-3959,0.011961
DM-3958,0.921922
DM-3957,0.062103
DM-3956,0.420838
DM-3955,0.973443
DM-3954,0.052619
DM-3953,0.560012
DM-3952,0.661267
DM-3951,0.23144
DM-3950,0.962953
DM-3949,0.524882
DM-3948,0.514644
DM-3947,0.781664
DM-3946,0.028221
DM-3945,0.033086
DM-3944,0.190423
DM-3943,0.010818
DM-3942,0.942929
DM-3941,0.460046
DM-3940,0.753104
DM-3939,0.917303
DM-3938,0.361221
DM-3937,0.182134
DM-3936,0.004332
DM-3935,0.008985
DM-3934,0.193757
DM-3933,0.002758
DM-3932,0.00461
DM-3931,0.055413
DM-3930,0.076408
DM-3929,0.242026
DM-3928,0.009634
DM-3927,0.075858
DM-3926,0.807764
DM-3925,0.077518
DM-3924,0.951504
DM-3923,0.36523
DM-3922,0.139396
DM-3921,0.961534
DM-3920,0.044019
DM-3919,0.246896
DM-3918,0.83602
DM-3917,0.98983
DM-3916,0.343452
DM-3915,0.007816
DM-3914,0.964589
DM-3913,0.55447
DM-3912,0.024054
DM-3911,0.050331
DM-3910,0.053403
DM-3909,0.927888
DM-3908,0.894789
DM-3907,0.783658
DM-3906,0.984456
DM-3905,0.958226
DM-3904,0.007938
DM-3903,0.020489
DM-3902,0.058346
DM-3901,0.742795
DM-3900,0.623893
DM-3899,0.859664
DM-3898,0.042088
DM-3897,0.042404
DM-3896,0.039048
DM-3895,0.032344
DM-3894,0.029091
DM-3893,0.971564
DM-3892,0.704567
DM-3891,0.891811
DM-3890,0.008188
DM-3889,0.006693
DM-3888,0.03359
DM-3887,0.991289
DM-3886,0.981453
DM-3885,0.989511
DM-3884,0.935346
DM-3883,0.95222
DM-3882,0.983847
DM-3881,0.945801
DM-3880,0.032344
DM-3879,0.069289
DM-3878,0.806853
DM-3877,0.227641
DM-3876,0.982423
DM-3875,0.963506
DM-3874,0.979354
DM-3873,0.964855
DM-3872,0.958847
DM-3871,0.883236
DM-3870,0.975012
DM-3869,0.951863
DM-3868,0.039343
DM-3867,0.032101
DM-3866,0.0745
DM-3865,0.96378
DM-3864,0.980876
DM-3863,0.257578
DM-3862,0.948155
DM-3861,0.975577
DM-3860,0.986979
DM-3859,0.983847
DM-3858,0.984094
DM-3857,0.336903
DM-3856,0.010408
DM-3855,0.89841
DM-3854,0.007346
DM-3853,0.968856
DM-3852,0.980431
DM-3851,0.870597
DM-3850,0.00573
DM-3849,0.861072
DM-3848,0.038178
DM-3847,0.005302
DM-3846,0.046378
DM-3845,0.539469
DM-3844,0.078642
DM-3843,0.854399
DM-3842,0.566978
DM-3841,0.962953
DM-3840,0.977543
DM-3839,0.024988
DM-3838,0.980876
DM-3837,0.226099
DM-3836,0.892937
DM-3835,0.91611
DM-3834,0.150528
DM-3833,0.97631
DM-3832,0.705379
DM-3831,0.031619
DM-3830,0.846451
DM-3829,0.884838
DM-3828,0.665628
DM-3827,0.970688
DM-3826,0.462959
DM-3825,0.035948
DM-3824,0.007233
DM-3823,0.31279
DM-3822,0.977714
DM-3821,0.018833
DM-3820,0.82559
DM-3819,0.051083
DM-3818,0.058777
DM-3817,0.106691
DM-3816,0.004755
DM-3815,0.00659
DM-3814,0.827271
DM-3813,0.954984
DM-3812,0.52829
DM-3811,0.028221
DM-3810,0.433502
DM-3809,0.113973
DM-3808,0.072374
DM-3807,0.828939
DM-3806,0.054199
DM-3805,0.069542
DM-3804,0.01142
DM-3803,0.068787
DM-3802,0.003222
DM-3801,0.005385
DM-3800,0.00629
DM-3799,0.019871
DM-3798,0.013637
DM-3797,0.047074
DM-3796,0.016153
DM-3795,0.005555
DM-3794,0.895157
DM-3793,0.140336
DM-3792,0.004134
DM-3791,0.96741
DM-3790,0.775605
DM-3789,0.013428
DM-3788,0.941223
DM-3787,0.929951
DM-3786,0.941654
DM-3785,0.913677
DM-3784,0.890675
DM-3783,0.082107
DM-3782,0.374505
DM-3781,0.039343
DM-3780,0.948917
DM-3779,0.431584
DM-3778,0.048858
DM-3777,0.269326
DM-3776,0.158174
DM-3775,0.012147
DM-3774,0.020177
DM-3773,0.045692
DM-3772,0.015544
DM-3771,0.016153
DM-3770,0.901921
DM-3769,0.474631
DM-3768,0.710226
DM-3767,0.071332
DM-3766,0.902266
DM-3765,0.902952
DM-3764,0.006388
DM-3763,0.169681
DM-3762,0.944995
DM-3761,0.913677
DM-3760,0.827271
DM-3758,0.760651
DM-3757,0.942507
DM-3756,0.955651
DM-3755,0.696784
DM-3754,0.00461
DM-3753,0.528533
DM-3751,0.986777
DM-3750,0.419767
DM-3749,0.024423
DM-3748,0.019719
DM-3747,0.020332
DM-3746,0.017849
DM-3745,0.018405
DM-3744,0.017712
DM-3743,0.014842
DM-3742,0.015306
DM-3741,0.014504
DM-3740,0.015906
DM-3739,0.015544
DM-3738,0.014392
DM-3737,0.013121
DM-3736,0.013532
DM-3735,0.013428
DM-3734,0.014064
DM-3733,0.016915
DM-3732,0.018405
DM-3731,0.016277
DM-3730,0.016915
DM-3729,0.016277
DM-3728,0.017309
DM-3727,0.018833
DM-3725,0.016153
DM-3724,0.017177
DM-3723,0.016657
DM-3722,0.015425
DM-3721,0.016657
DM-3720,0.014842
DM-3719,0.015073
DM-3718,0.014172
DM-3717,0.016029
DM-3716,0.016915
DM-3715,0.015306
DM-3714,0.015306
DM-3713,0.014729
DM-3712,0.014729
DM-3711,0.015785
DM-3710,0.014282
DM-3709,0.014282
DM-3708,0.013637
DM-3707,0.060529
DM-3706,0.006904
DM-3705,0.880386
DM-3704,0.144631
DM-3703,0.032101
DM-3702,0.303835
DM-3701,0.811676
DM-3700,0.683842
DM-3699,0.752013
DM-3698,0.196518
DM-3697,0.021287
DM-3696,0.004007
DM-3695,0.069795
DM-3694,0.038178
DM-3693,0.029987
DM-3692,0.071591
DM-3691,0.012241
DM-3690,0.675069
DM-3689,0.946597
DM-3688,0.003707
DM-3687,0.071074
DM-3686,0.014616
DM-3685,0.931463
DM-3684,0.953622
DM-3683,0.757436
DM-3682,0.043043
DM-3681,0.935346
DM-3680,0.642208
DM-3679,0.964052
DM-3678,0.019871
DM-3677,0.039343
DM-3676,0.149531
DM-3675,0.645399
DM-3674,0.914291
DM-3673,0.925769
DM-3672,0.945801
DM-3670,0.007577
DM-3669,0.007696
DM-3668,0.011869
DM-3667,0.009784
DM-3666,0.877896
DM-3665,0.122523
DM-3664,0.030444
DM-3663,0.947769
DM-3662,0.314051
DM-3661,0.478041
DM-3660,0.345105
DM-3659,0.637426
DM-3658,0.902266
DM-3657,0.017309
DM-3656,0.006004
DM-3655,0.007938
DM-3654,0.796292
DM-3653,0.848972
DM-3652,0.985496
DM-3651,0.008062
DM-3650,0.553023
DM-3649,0.022629
DM-3648,0.557604
DM-3647,0.963231
DM-3646,0.201813
DM-3645,0.985271
DM-3644,0.985271
DM-3643,0.155848
DM-3642,0.729905
DM-3641,0.992539
DM-3640,0.716615
DM-3639,0.186539
DM-3638,0.008188
DM-3637,0.938124
DM-3636,0.893309
DM-3635,0.005469
DM-3634,0.986979
DM-3633,0.015189
DM-3632,0.260954
DM-3631,0.186539
DM-3630,0.623492
DM-3629,0.758153
DM-3628,0.611498
DM-3627,0.970465
DM-3626,0.339051
DM-3625,0.904313
DM-3624,0.904987
DM-3623,0.024238
DM-3622,0.983597
DM-3621,0.908618
DM-3620,0.886813
DM-3619,0.006193
DM-3618,0.004538
DM-3617,0.028221
DM-3616,0.090735
DM-3615,0.030909
DM-3614,0.021948
DM-3613,0.014172
DM-3612,0.008916
DM-3611,0.337435
DM-3610,0.357287
DM-3609,0.982288
DM-3608,0.933915
DM-3607,0.581303
DM-3606,0.107063
DM-3605,0.993902
DM-3604,0.975202
DM-3603,0.984575
DM-3602,0.977543
DM-3601,0.988492
DM-3600,0.97539
DM-3599,0.957596
DM-3598,0.003884
DM-3597,0.208824
DM-3596,0.20466
DM-3595,0.018264
DM-3593,0.964052
DM-3592,0.949669
DM-3591,0.979036
DM-3590,0.175821
DM-3589,0.028221
DM-3588,0.975202
DM-3587,0.984811
DM-3586,0.876634
DM-3585,0.605799
DM-3584,0.038466
DM-3583,0.832781
DM-3582,0.982955
DM-3581,0.871912
DM-3580,0.991153
DM-3579,0.966156
DM-3575,0.052619
DM-3574,0.866585
DM-3573,0.375248
DM-3572,0.973844
DM-3571,0.732974
DM-3569,0.703549
DM-3568,0.978713
DM-3566,0.165323
DM-3564,0.159741
DM-3563,0.077518
DM-3562,0.279238
DM-3561,0.045353
DM-3560,0.959762
DM-3559,0.980431
DM-3558,0.983343
DM-3557,0.733738
DM-3556,0.724675
DM-3555,0.03138
DM-3554,0.067056
DM-3553,0.919643
DM-3552,0.96641
DM-3551,0.333829
DM-3550,0.968381
DM-3549,0.119614
DM-3548,0.90053
DM-3547,0.045016
DM-3546,0.573917
DM-3545,0.545044
DM-3544,0.943764
DM-3543,0.882428
DM-3542,0.024988
DM-3541,0.896251
DM-3540,0.972831
DM-3539,0.006098
DM-3538,0.021451
DM-3537,0.213377
DM-3536,0.988842
DM-3535,0.450359
DM-3534,0.560734
DM-3533,0.022117
DM-3532,0.282196
DM-3531,0.014616
DM-3530,0.014392
DM-3529,0.015073
DM-3528,0.014392
DM-3527,0.963506
DM-3526,0.847463
DM-3525,0.960657
DM-3524,0.015073
DM-3523,0.119203
DM-3522,0.00514
DM-3520,0.913677
DM-3519,0.01292
DM-3518,0.565779
DM-3517,0.013742
DM-3516,0.968381
DM-3515,0.962108
DM-3514,0.099121
DM-3512,0.942507
DM-3511,0.702122
DM-3510,0.010408
DM-3508,0.832237
DM-3506,0.970465
DM-3505,0.793746
DM-3504,0.017577
DM-3502,0.423838
DM-3501,0.978385
DM-3500,0.980876
DM-3499,0.408985
DM-3498,0.921922
DM-3496,0.718989
DM-3495,0.947381
DM-3494,0.003377
DM-3493,0.012625
DM-3492,0.008577
DM-3491,0.005642
DM-3490,0.203075
DM-3489,0.960952
DM-3488,0.008985
DM-3487,0.460532
DM-3486,0.015306
DM-3485,0.016153
DM-3484,0.991015
DM-3483,0.017986
DM-3482,0.232484
DM-3481,0.345298
DM-3480,0.989986
DM-3479,0.992879
DM-3478,0.991812
DM-3477,0.988668
DM-3476,0.144631
DM-3475,0.134321
DM-3474,0.006388
DM-3473,0.076408
DM-3472,0.948155
DM-3471,0.776623
DM-3470,0.583797
DM-3469,0.982557
DM-3468,0.005385
DM-3467,0.153549
DM-3466,0.008316
DM-3465,0.008316
DM-3464,0.006798
DM-3463,0.008577
DM-3462,0.73431
DM-3461,0.007121
DM-3460,0.003124
DM-3459,0.017442
DM-3458,0.505371
DM-3457,0.960657
DM-3456,0.006193
DM-3455,0.004982
DM-3454,0.007816
DM-3453,0.008316
DM-3452,0.870157
DM-3451,0.006193
DM-3450,0.070049
DM-3449,0.036494
DM-3448,0.137996
DM-3447,0.96862
DM-3446,0.0745
DM-3445,0.916708
DM-3444,0.544075
DM-3443,0.006004
DM-3442,0.009413
DM-3441,0.234407
DM-3440,0.020804
DM-3439,0.709824
DM-3438,0.046034
DM-3437,0.192843
DM-3436,0.191933
DM-3435,0.986151
DM-3434,0.009486
DM-3433,0.03259
DM-3432,0.008188
DM-3431,0.930458
DM-3430,0.130285
DM-3429,0.677901
DM-3428,0.128088
DM-3427,0.085404
DM-3426,0.414425
DM-3425,0.980281
DM-3424,0.367043
DM-3423,0.010902
DM-3422,0.950411
DM-3421,0.040238
DM-3420,0.00343
DM-3419,0.018833
DM-3418,0.029091
DM-3417,0.007121
DM-3416,0.025761
DM-3415,0.903975
DM-3414,0.880386
DM-3413,0.003173
DM-3412,0.508056
DM-3411,0.058777
DM-3410,0.042722
DM-3409,0.024238
DM-3408,0.904313
DM-3407,0.30054
DM-3406,0.952926
DM-3405,0.007577
DM-3404,0.568775
DM-3403,0.013532
DM-3402,0.014729
DM-3401,0.267026
DM-3400,0.013742
DM-3399,0.174973
DM-3398,0.00483
DM-3397,0.402157
DM-3396,0.9462
DM-3395,0.033844
DM-3394,0.146575
DM-3393,0.002845
DM-3392,0.004905
DM-3391,0.84338
DM-3390,0.011961
DM-3389,0.005642
DM-3388,0.026759
DM-3387,0.057918
DM-3386,0.858719
DM-3385,0.026355
DM-3384,0.138462
DM-3383,0.063251
DM-3382,0.838151
DM-3381,0.066327
DM-3380,0.44746
DM-3379,0.093347
DM-3378,0.854399
DM-3377,0.029312
DM-3376,0.015906
DM-3375,0.027169
DM-3374,0.03138
DM-3373,0.035948
DM-3372,0.268366
DM-3371,0.284874
DM-3370,0.318194
DM-3369,0.306268
DM-3368,0.90599
DM-3367,0.564819
DM-3366,0.042722
DM-3365,0.130285
DM-3364,0.027376
DM-3363,0.006193
DM-3362,0.043691
DM-3361,0.005555
DM-3360,0.010987
DM-3359,0.19163
DM-3358,0.383713
DM-3357,0.058346
DM-3356,0.011332
DM-3355,0.260954
DM-3354,0.234933
DM-3353,0.943348
DM-3352,0.028436
DM-3351,0.026759
DM-3350,0.00629
DM-3349,0.047074
DM-3348,0.173568
DM-3347,0.955319
DM-3346,0.289372
DM-3345,0.026557
DM-3344,0.045353
DM-3343,0.045016
DM-3342,0.043043
DM-3341,0.038756
DM-3340,0.042088
DM-3339,0.043366
DM-3338,0.0745
DM-3337,0.066085
DM-3336,0.072112
DM-3335,0.063715
DM-3334,0.058346
DM-3333,0.065128
DM-3332,0.06804
DM-3331,0.06165
DM-3330,0.061876
DM-3329,0.066569
DM-3328,0.056236
DM-3327,0.050705
DM-3326,0.057918
DM-3325,0.058346
DM-3324,0.054601
DM-3323,0.037609
DM-3322,0.039343
DM-3321,0.036769
DM-3320,0.0341
DM-3319,0.039639
DM-3318,0.037892
DM-3317,0.039937
DM-3316,0.037047
DM-3315,0.03622
DM-3314,0.036769
DM-3313,0.035679
DM-3312,0.03259
DM-3311,0.023509
DM-3310,0.022629
DM-3309,0.022803
DM-3308,0.021125
DM-3307,0.021125
DM-3306,0.020964
DM-3305,0.020023
DM-3304,0.018978
DM-3303,0.030676
DM-3302,0.02976
DM-3301,0.031144
DM-3300,0.146087
DM-3299,0.13569
DM-3298,0.125493
DM-3297,0.13707
DM-3296,0.075041
DM-3295,0.080069
DM-3294,0.076961
DM-3293,0.070816
DM-3292,0.087876
DM-3291,0.083591
DM-3290,0.082107
DM-3289,0.07477
DM-3288,0.098079
DM-3287,0.102305
DM-3286,0.094343
DM-3285,0.090735
DM-3284,0.089773
DM-3283,0.08882
DM-3282,0.086016
DM-3281,0.079782
DM-3280,0.150528
DM-3279,0.158174
DM-3278,0.155591
DM-3277,0.131619
DM-3276,0.147065
DM-3275,0.142709
DM-3274,0.148541
DM-3273,0.333069
DM-3272,0.412412
DM-3271,0.351589
DM-3270,0.336004
DM-3269,0.322953
DM-3268,0.308398
DM-3267,0.353428
DM-3266,0.665302
DM-3265,0.273283
DM-3264,0.254231
DM-3263,0.491456
DM-3262,0.803791
DM-3261,0.00582
DM-3259,0.027376
DM-3258,0.006488
DM-3257,0.023509
DM-3256,0.016277
DM-3255,0.245447
DM-3254,0.958847
DM-3253,0.974239
DM-3249,0.955651
DM-3247,0.956957
DM-3246,0.948155
DM-3245,0.722135
DM-3243,0.025957
DM-3242,0.877056
DM-3241,0.025179
DM-3240,0.833866
DM-3239,0.938576
DM-3238,0.072112
DM-3237,0.004982
DM-3236,0.010489
DM-3235,0.457621
DM-3234,0.167219
DM-3233,0.708818
DM-3232,0.388038
DM-3231,0.521958
DM-3230,0.926304
DM-3229,0.719581
DM-3228,0.327131
DM-3227,0.017442
DM-3226,0.006098
DM-3225,0.011961
DM-3224,0.15662
DM-3223,0.5
DM-3222,0.00659
DM-3221,0.005302
DM-3220,0.003273
DM-3219,0.00629
DM-3218,0.002801
DM-3217,0.978549
DM-3216,0.277669
DM-3215,0.958847
DM-3214,0.008711
DM-3213,0.007121
DM-3212,0.052231
DM-3209,0.032101
DM-3208,0.958538
DM-3207,0.943764
DM-3206,0.71721
DM-3205,0.048496
DM-3204,0.323594
DM-3203,0.00407
DM-3202,0.009936
DM-3201,0.00522
DM-3200,0.006004
DM-3199,0.826151
DM-3198,0.95222
DM-3197,0.039048
DM-3196,0.021451
DM-3195,0.025761
DM-3194,0.100172
DM-3193,0.773216
DM-3192,0.973241
DM-3191,0.214034
DM-3190,0.007121
DM-3189,0.004982
DM-3188,0.005642
DM-3187,0.017177
DM-3186,0.010489
DM-3185,0.962391
DM-3184,0.91611
DM-3183,0.003222
DM-3182,0.004982
DM-3181,0.036494
DM-3180,0.037609
DM-3179,0.038178
DM-3178,0.039048
DM-3177,0.03622
DM-3176,0.037609
DM-3175,0.029987
DM-3174,0.00514
DM-3173,0.013325
DM-3172,0.031144
DM-3171,0.985271
DM-3170,0.887595
DM-3168,0.013428
DM-3167,0.082994
DM-3166,0.014282
DM-3165,0.006098
DM-3164,0.559049
DM-3163,0.295027
DM-3162,0.820757
DM-3161,0.966914
DM-3160,0.019271
DM-3159,0.007696
DM-3158,0.281406
DM-3156,0.745769
DM-3155,0.886027
DM-3154,0.023689
DM-3153,0.014842
DM-3152,0.009197
DM-3151,0.720172
DM-3150,0.750553
DM-3149,0.056652
DM-3148,0.291283
DM-3147,0.811676
DM-3146,0.538012
DM-3145,0.007816
DM-3144,0.882428
DM-3143,0.004199
DM-3142,0.351089
DM-3141,0.041153
DM-3140,0.012241
DM-3139,0.025957
DM-3138,0.878731
DM-3137,0.063251
DM-3136,0.013849
DM-3135,0.29972
DM-3134,0.94699
DM-3133,0.073963
DM-3132,0.19163
DM-3131,0.095349
DM-3130,0.050705
DM-3129,0.057071
DM-3128,0.799442
DM-3127,0.072374
DM-3126,0.008062
DM-3125,0.387516
DM-3124,0.898767
DM-3123,0.904651
DM-3122,0.035411
DM-3121,0.964052
DM-3120,0.653168
DM-3119,0.754192
DM-3118,0.066085
DM-3117,0.319068
DM-3116,0.017309
DM-3115,0.719581
DM-3114,0.046034
DM-3113,0.363995
DM-3112,0.006388
DM-3111,0.464173
DM-3110,0.450843
DM-3109,0.686475
DM-3108,0.046725
DM-3107,0.014172
DM-3106,0.018689
DM-3105,0.751283
DM-3104,0.016915
DM-3103,0.827828
DM-3102,0.035411
DM-3101,0.128525
DM-3100,0.082107
DM-3099,0.025761
DM-3098,0.026557
DM-3097,0.127218
DM-3096,0.014172
DM-3095,0.014282
DM-3094,0.014504
DM-3093,0.014842
DM-3092,0.014392
DM-3091,0.022117
DM-3090,0.919643
DM-3089,0.093017
DM-3088,0.097734
DM-3087,0.087876
DM-3086,0.077797
DM-3085,0.085404
DM-3084,0.085404
DM-3083,0.08819
DM-3082,0.064653
DM-3081,0.062331
DM-3080,0.064183
DM-3079,0.056652
DM-3078,0.060529
DM-3077,0.073165
DM-3076,0.071851
DM-3075,0.075858
DM-3074,0.065605
DM-3073,0.068537
DM-3072,0.069038
DM-3071,0.08819
DM-3070,0.073165
DM-3069,0.073963
DM-3068,0.073963
DM-3067,0.065605
DM-3066,0.069542
DM-3065,0.070304
DM-3064,0.089773
DM-3063,0.072112
DM-3062,0.071332
DM-3061,0.072112
DM-3060,0.062789
DM-3059,0.065605
DM-3058,0.068537
DM-3057,0.072374
DM-3056,0.058777
DM-3055,0.058346
DM-3054,0.057918
DM-3053,0.04778
DM-3052,0.048137
DM-3051,0.04778
DM-3050,0.046034
DM-3049,0.048858
DM-3048,0.046034
DM-3047,0.045353
DM-3046,0.048137
DM-3045,0.049589
DM-3044,0.048496
DM-3043,0.045692
DM-3042,0.049222
DM-3041,0.045353
DM-3040,0.102664
DM-3039,0.327453
DM-3038,0.021125
DM-3037,0.971347
DM-3036,0.09236
DM-3035,0.034359
DM-3034,0.04778
DM-3033,0.072637
DM-3032,0.050331
DM-3031,0.016277
DM-3030,0.221014
DM-3029,0.538498
DM-3028,0.011158
DM-3027,0.31695
DM-3026,0.050331
DM-3025,0.704567
DM-3024,0.092033
DM-3023,0.029987
DM-3022,0.020646
DM-3021,0.273574
DM-3020,0.888372
DM-3019,0.510252
DM-3018,0.069795
DM-3017,0.013532
DM-3016,0.720958
DM-3015,0.09947
DM-3014,0.032101
DM-3013,0.116764
DM-3012,0.060087
DM-3011,0.046725
DM-3010,0.336222
DM-3009,0.772874
DM-3008,0.923039
DM-3007,0.92944
DM-3006,0.03138
DM-3005,0.913677
DM-3004,0.926304
DM-3003,0.969324
DM-3002,0.716219
DM-3001,0.90599
DM-3000,0.221687
DM-2999,0.31363
DM-2998,0.826712
DM-2997,0.041462
DM-2996,0.660877
DM-2995,0.00506
DM-2994,0.012147
DM-2993,0.012054
DM-2992,0.919643
DM-2991,0.288168
DM-2990,0.91118
DM-2989,0.137996
DM-2988,0.582254
DM-2987,0.053403
DM-2986,0.251648
DM-2985,0.018833
DM-2984,0.132964
DM-2983,0.749087
DM-2982,0.00343
DM-2981,0.028653
DM-2980,0.871037
DM-2978,0.007233
DM-2977,0.780328
DM-2976,0.016277
DM-2975,0.034881
DM-2972,0.92944
DM-2971,0.892563
DM-2970,0.068289
DM-2969,0.917303
DM-2968,0.74872
DM-2967,0.023871
DM-2966,0.888759
DM-2965,0.066569
DM-2964,0.116362
DM-2963,0.034359
DM-2962,0.950778
DM-2961,0.310276
DM-2960,0.103024
DM-2959,0.812867
DM-2958,0.882428
DM-2957,0.24726
DM-2956,0.032101
DM-2955,0.724481
DM-2954,0.038178
DM-2953,0.066812
DM-2952,0.823896
DM-2951,0.939471
DM-2950,0.008062
DM-2949,0.432063
DM-2948,0.700895
DM-2947,0.002981
DM-2946,0.027169
DM-2945,0.006798
DM-2944,0.045353
DM-2943,0.009197
DM-2942,0.115961
DM-2941,0.015664
DM-2940,0.009268
DM-2939,0.76454
DM-2938,0.010014
DM-2937,0.055005
DM-2936,0.777638
DM-2935,0.006004
DM-2934,0.590307
DM-2933,0.012054
DM-2932,0.044019
DM-2931,0.066327
DM-2930,0.006693
DM-2929,0.009268
DM-2928,0.718397
DM-2927,0.787278
DM-2926,0.017309
DM-2925,0.11358
DM-2924,0.072637
DM-2923,0.021781
DM-2922,0.701713
DM-2921,0.019719
DM-2920,0.105211
DM-2919,0.016277
DM-2918,0.02976
DM-2917,0.010902
DM-2916,0.050331
DM-2915,0.067547
DM-2914,0.033844
DM-2913,0.017577
DM-2912,0.014729
DM-2911,0.03138
DM-2910,0.007346
DM-2909,0.042088
DM-2908,0.682045
DM-2907,0.018689
DM-2906,0.603698
DM-2905,0.193452
DM-2904,0.583441
DM-2903,0.675015
DM-2902,0.003884
DM-2901,0.003945
DM-2900,0.028436
DM-2899,0.017712
DM-2898,0.972415
DM-2897,0.526586
DM-2896,0.017986
DM-2895,0.912436
DM-2894,0.03622
DM-2893,0.977371
DM-2892,0.675658
DM-2891,0.014282
DM-2890,0.008985
DM-2889,0.046034
DM-2888,0.037327
DM-2887,0.003945
DM-2886,0.010408
DM-2885,0.00514
DM-2884,0.003483
DM-2883,0.016403
DM-2882,0.991289
DM-2881,0.983847
DM-2880,0.390941
DM-2879,0.030909
DM-2878,0.030909
DM-2877,0.018978
DM-2876,0.743541
DM-2875,0.006098
DM-2874,0.910545
DM-2873,0.00343
DM-2872,0.00514
DM-2871,0.793426
DM-2870,0.137996
DM-2869,0.137996
DM-2868,0.137996
DM-2867,0.137996
DM-2866,0.137996
DM-2865,0.113973
DM-2864,0.004332
DM-2863,0.038466
DM-2862,0.616359
DM-2861,0.89841
DM-2860,0.038756
DM-2859,0.00407
DM-2858,0.010653
DM-2857,0.013223
DM-2856,0.83762
DM-2855,0.604282
DM-2854,0.009559
DM-2853,0.804098
DM-2852,0.022457
DM-2851,0.307254
DM-2850,0.963506
DM-2849,0.932944
DM-2848,0.96378
DM-2847,0.97024
DM-2846,0.003594
DM-2845,0.936749
DM-2844,0.021287
DM-2843,0.05921
DM-2841,0.951504
DM-2840,0.540681
DM-2839,0.005385
DM-2838,0.941223
DM-2837,0.109706
DM-2836,0.014172
DM-2835,0.014616
DM-2834,0.014729
DM-2833,0.014392
DM-2832,0.016403
DM-2831,0.010987
DM-2830,0.069795
DM-2828,0.005469
DM-2827,0.983214
DM-2826,0.904651
DM-2825,0.350116
DM-2824,0.959154
DM-2823,0.946597
DM-2822,0.879561
DM-2821,0.909265
DM-2820,0.804406
DM-2819,0.254046
DM-2818,0.964589
DM-2817,0.195902
DM-2816,0.069289
DM-2815,0.139866
DM-2814,0.334916
DM-2813,0.975762
DM-2810,0.128088
DM-2809,0.862004
DM-2808,0.72331
DM-2807,0.935817
DM-2806,0.030676
DM-2805,0.122523
DM-2804,0.965381
DM-2803,0.380529
DM-2802,0.753829
DM-2801,0.52975
DM-2800,0.763836
DM-2799,0.014282
DM-2797,0.870157
DM-2796,0.008577
DM-2795,0.007816
DM-2794,0.157137
DM-2793,0.092688
DM-2792,0.014957
DM-2791,0.006004
DM-2790,0.048858
DM-2789,0.932453
DM-2788,0.025179
DM-2787,0.024988
DM-2786,0.075312
DM-2785,0.909265
DM-2784,0.386416
DM-2782,0.86293
DM-2781,0.055005
DM-2780,0.033086
DM-2779,0.126785
DM-2778,0.039639
DM-2777,0.033337
DM-2776,0.010735
DM-2775,0.091058
DM-2774,0.879561
DM-2773,0.037892
DM-2772,0.038466
DM-2771,0.087876
DM-2770,0.00506
DM-2769,0.030215
DM-2768,0.876211
DM-2767,0.004682
DM-2766,0.004538
DM-2765,0.437103
DM-2764,0.462473
DM-2763,0.971129
DM-2762,0.012625
DM-2761,0.006004
DM-2760,0.007461
DM-2759,0.719975
DM-2758,0.097048
DM-2757,0.039639
DM-2756,0.025179
DM-2755,0.082994
DM-2754,0.742795
DM-2753,0.210117
DM-2752,0.007816
DM-2751,0.725065
DM-2750,0.00659
DM-2749,0.719778
DM-2748,0.002935
DM-2747,0.042404
DM-2746,0.003884
DM-2745,0.993096
DM-2744,0.812272
DM-2743,0.137996
DM-2742,0.026355
DM-2741,0.93196
DM-2740,0.705379
DM-2739,0.011332
DM-2738,0.303577
DM-2737,0.108566
DM-2736,0.048858
DM-2735,0.020646
DM-2734,0.004468
DM-2733,0.635958
DM-2732,0.00514
DM-2731,0.662687
DM-2730,0.020804
DM-2729,0.021948
DM-2728,0.004199
DM-2727,0.042722
DM-2726,0.014504
DM-2725,0.014616
DM-2724,0.014504
DM-2723,0.014504
DM-2722,0.975202
DM-2720,0.090735
DM-2719,0.008062
DM-2718,0.128963
DM-2717,0.208179
DM-2716,0.004538
DM-2715,0.009486
DM-2714,0.053403
DM-2713,0.185062
DM-2712,0.132964
DM-2711,0.291888
DM-2710,0.025957
DM-2709,0.889144
DM-2708,0.005642
DM-2707,0.984811
DM-2706,0.951142
DM-2705,0.119614
DM-2704,0.031619
DM-2703,0.020332
DM-2702,0.009634
DM-2701,0.005555
DM-2700,0.00659
DM-2699,0.595963
DM-2698,0.006904
DM-2697,0.966914
DM-2696,0.919063
DM-2695,0.601359
DM-2694,0.337358
DM-2693,0.011158
DM-2692,0.973037
DM-2691,0.621656
DM-2690,0.787278
DM-2689,0.62395
DM-2688,0.166404
DM-2687,0.178383
DM-2686,0.981595
DM-2685,0.981453
DM-2684,0.966914
DM-2683,0.003594
DM-2682,0.006798
DM-2681,0.010735
DM-2680,0.025761
DM-2679,0.003824
DM-2678,0.024798
DM-2677,0.980581
DM-2676,0.029535
DM-2675,0.077239
DM-2674,0.120026
DM-2672,0.029535
DM-2671,0.029987
DM-2670,0.219672
DM-2669,0.929951
DM-2668,0.026355
DM-2667,0.959459
DM-2666,0.014616
DM-2665,0.981736
DM-2664,0.809276
DM-2663,0.200871
DM-2662,0.520009
DM-2661,0.977543
DM-2660,0.103386
DM-2659,0.593727
DM-2658,0.078642
DM-2657,0.69368
DM-2656,0.704364
DM-2655,0.965381
DM-2653,0.005302
DM-2652,0.816406
DM-2651,0.017577
DM-2650,0.020023
DM-2649,0.054601
DM-2648,0.399226
DM-2647,0.104477
DM-2646,0.578329
DM-2645,0.024798
DM-2644,0.105211
DM-2643,0.928926
DM-2642,0.015425
DM-2641,0.439266
DM-2640,0.080647
DM-2639,0.884838
DM-2638,0.051083
DM-2637,0.883638
DM-2636,0.069289
DM-2635,0.854885
DM-2634,0.29381
DM-2633,0.077797
DM-2632,0.964052
DM-2631,0.742048
DM-2630,0.479991
DM-2629,0.01302
DM-2628,0.007012
DM-2627,0.949295
DM-2626,0.007121
DM-2625,0.962673
DM-2624,0.069795
DM-2623,0.982014
DM-2622,0.958538
DM-2621,0.933431
DM-2620,0.007012
DM-2619,0.966156
DM-2618,0.004399
DM-2617,0.004682
DM-2616,0.01017
DM-2615,0.02976
DM-2614,0.749821
DM-2613,0.951863
DM-2612,0.604807
DM-2611,0.333503
DM-2610,0.886027
DM-2609,0.990441
DM-2608,0.991422
DM-2607,0.988668
DM-2606,0.051845
DM-2605,0.125493
DM-2604,0.014957
DM-2603,0.320715
DM-2602,0.45302
DM-2601,0.005642
DM-2600,0.982288
DM-2599,0.00506
DM-2598,0.094678
DM-2597,0.269133
DM-2596,0.131173
DM-2595,0.708818
DM-2594,0.073165
DM-2593,0.987946
DM-2592,0.115162
DM-2591,0.046034
DM-2590,0.169406
DM-2589,0.973037
DM-2588,0.007696
DM-2587,0.097048
DM-2586,0.987568
DM-2585,0.753829
DM-2584,0.36608
DM-2582,0.936749
DM-2581,0.020646
DM-2580,0.97024
DM-2579,0.003824
DM-2578,0.901227
DM-2577,0.093678
DM-2575,0.004199
DM-2574,0.822189
DM-2573,0.975762
DM-2572,0.484868
DM-2568,0.643217
DM-2566,0.036494
DM-2565,0.082994
DM-2564,0.087876
DM-2563,0.145115
DM-2562,0.147555
DM-2561,0.066085
DM-2560,0.049959
DM-2559,0.952926
DM-2558,0.88642
DM-2557,0.042722
DM-2556,0.008062
DM-2555,0.270095
DM-2554,0.009708
DM-2553,0.468547
DM-2552,0.003884
DM-2551,0.003483
DM-2550,0.007012
DM-2549,0.086942
DM-2548,0.021781
DM-2547,0.012054
DM-2546,0.002845
DM-2545,0.018833
DM-2544,0.003594
DM-2543,0.969324
DM-2542,0.780328
DM-2541,0.547706
DM-2540,0.884439
DM-2539,0.927363
DM-2538,0.948537
DM-2537,0.028008
DM-2536,0.087252
DM-2535,0.061876
DM-2534,0.848471
DM-2533,0.305477
DM-2532,0.953622
DM-2531,0.37605
DM-2530,0.551815
DM-2529,0.096365
DM-2528,0.876211
DM-2527,0.96741
DM-2526,0.962953
DM-2525,0.130729
DM-2524,0.060308
DM-2523,0.015306
DM-2522,0.982691
DM-2521,0.052619
DM-2520,0.970013
DM-2519,0.387574
DM-2518,0.206574
DM-2517,0.528533
DM-2516,0.033844
DM-2515,0.014957
DM-2514,0.116764
DM-2513,0.975946
DM-2512,0.969091
DM-2511,0.011687
DM-2510,0.980281
DM-2508,0.897336
DM-2507,0.969324
DM-2506,0.854399
DM-2505,0.969556
DM-2504,0.983847
DM-2503,0.032837
DM-2502,0.219337
DM-2500,0.954984
DM-2499,0.857291
DM-2498,0.085404
DM-2497,0.056236
DM-2496,0.006798
DM-2495,0.923039
DM-2494,0.055005
DM-2493,0.057705
DM-2492,0.009268
DM-2491,0.398992
DM-2490,0.030444
DM-2489,0.202443
DM-2488,0.027796
DM-2487,0.968856
DM-2486,0.868381
DM-2485,0.97631
DM-2484,0.889912
DM-2483,0.013849
DM-2482,0.015664
DM-2481,0.007121
DM-2480,0.765593
DM-2479,0.277669
DM-2478,0.025179
DM-2477,0.996116
DM-2476,0.027376
DM-2475,0.030909
DM-2473,0.019719
DM-2472,0.01292
DM-2471,0.019271
DM-2470,0.020804
DM-2469,0.108945
DM-2468,0.044019
DM-2467,0.389082
DM-2466,0.012432
DM-2465,0.059647
DM-2464,0.031144
DM-2463,0.019569
DM-2462,0.012336
DM-2461,0.924688
DM-2460,0.937211
DM-2459,0.111241
DM-2458,0.048137
DM-2457,0.039343
DM-2456,0.963506
DM-2455,0.01017
DM-2454,0.975202
DM-2453,0.907967
DM-2452,0.707
DM-2451,0.011158
DM-2450,0.010328
DM-2449,0.017045
DM-2448,0.008779
DM-2447,0.021125
DM-2446,0.052231
DM-2445,0.00659
DM-2444,0.0341
DM-2443,0.018689
DM-2442,0.212395
DM-2441,0.244003
DM-2440,0.219672
DM-2439,0.531453
DM-2438,0.057071
DM-2437,0.34554
DM-2436,0.017986
DM-2435,0.019124
DM-2434,0.073165
DM-2433,0.310172
DM-2432,0.154567
DM-2431,0.954984
DM-2430,0.72487
DM-2429,0.014392
DM-2428,0.488039
DM-2427,0.90599
DM-2426,0.662293
DM-2425,0.944587
DM-2424,0.646955
DM-2423,0.006098
DM-2422,0.305283
DM-2421,0.954647
DM-2420,0.993096
DM-2419,0.980729
DM-2418,0.009486
DM-2417,0.00629
DM-2416,0.969785
DM-2415,0.971992
DM-2414,0.949295
DM-2413,0.002715
DM-2412,0.032101
DM-2411,0.003824
DM-2410,0.960952
DM-2409,0.005469
DM-2408,0.980129
DM-2407,0.834407
DM-2406,0.94079
DM-2405,0.981595
DM-2404,0.974043
DM-2397,0.906653
DM-2395,0.021287
DM-2394,0.002845
DM-2393,0.006388
DM-2392,0.863852
DM-2391,0.332365
DM-2390,0.025957
DM-2389,0.076684
DM-2388,0.008577
DM-2387,0.026759
DM-2386,0.010653
DM-2385,0.976669
DM-2384,0.068537
DM-2383,0.896251
DM-2382,0.035411
DM-2381,0.046725
DM-2380,0.157655
DM-2379,0.014504
DM-2378,0.013428
DM-2377,0.611962
DM-2376,0.790854
DM-2375,0.986572
DM-2374,0.005469
DM-2373,0.948537
DM-2372,0.00659
DM-2371,0.277865
DM-2370,0.0538
DM-2369,0.018264
DM-2368,0.012336
DM-2367,0.073963
DM-2366,0.053403
DM-2365,0.90261
DM-2364,0.924142
DM-2363,0.266262
DM-2362,0.005385
DM-2360,0.148047
DM-2359,0.373305
DM-2358,0.123366
DM-2357,0.868381
DM-2356,0.883236
DM-2355,0.325306
DM-2354,0.325306
DM-2353,0.30054
DM-2352,0.030909
DM-2351,0.980581
DM-2350,0.955981
DM-2349,0.060529
DM-2348,0.024423
DM-2347,0.056236
DM-2346,0.007233
DM-2345,0.010328
DM-2344,0.087252
DM-2343,0.787278
DM-2342,0.050331
DM-2341,0.212069
DM-2340,0.386358
DM-2339,0.936749
DM-2338,0.685213
DM-2337,0.439988
DM-2336,0.132066
DM-2335,0.625495
DM-2334,0.069289
DM-2332,0.031859
DM-2331,0.143188
DM-2330,0.839208
DM-2329,0.107063
DM-2328,0.007012
DM-2327,0.896614
DM-2326,0.960952
DM-2325,0.948155
DM-2324,0.055823
DM-2323,0.115561
DM-2322,0.07056
DM-2321,0.010653
DM-2320,0.097048
DM-2317,0.936749
DM-2316,0.979195
DM-2315,0.00483
DM-2314,0.968141
DM-2313,0.189521
DM-2312,0.004682
DM-2311,0.004399
DM-2310,0.00461
DM-2309,0.085709
DM-2308,0.424054
DM-2307,0.040846
DM-2306,0.024988
DM-2305,0.017309
DM-2304,0.323701
DM-2303,0.005385
DM-2302,0.698227
DM-2301,0.962108
DM-2300,0.951863
DM-2299,0.984575
DM-2298,0.942929
DM-2297,0.109325
DM-2296,0.00365
DM-2295,0.198064
DM-2294,0.005385
DM-2293,0.035679
DM-2292,0.043691
DM-2291,0.810479
DM-2290,0.956309
DM-2289,0.919931
DM-2288,0.794704
DM-2287,0.03138
DM-2286,0.658418
DM-2282,0.896976
DM-2281,0.946597
DM-2280,0.007346
DM-2279,0.007012
DM-2278,0.032837
DM-2277,0.095349
DM-2276,0.170508
DM-2275,0.975577
DM-2274,0.858719
DM-2273,0.243642
DM-2272,0.927363
DM-2271,0.070816
DM-2270,0.677687
DM-2269,0.977023
DM-2268,0.981736
DM-2267,0.905322
DM-2266,0.870597
DM-2265,0.983085
DM-2264,0.063482
DM-2263,0.216012
DM-2262,0.30819
DM-2261,0.012336
DM-2260,0.004468
DM-2259,0.750187
DM-2258,0.572245
DM-2257,0.01302
DM-2256,0.577734
DM-2255,0.194674
DM-2254,0.662469
DM-2253,0.71602
DM-2252,0.942929
DM-2251,0.844922
DM-2250,0.948537
DM-2249,0.062789
DM-2248,0.972415
DM-2247,0.085404
DM-2246,0.935346
DM-2245,0.940353
DM-2244,0.120853
DM-2243,0.983343
DM-2242,0.003707
DM-2241,0.830594
DM-2240,0.071074
DM-2239,0.890294
DM-2238,0.039937
DM-2237,0.073963
DM-2236,0.167219
DM-2235,0.045353
DM-2234,0.015073
DM-2233,0.015906
DM-2232,0.013428
DM-2231,0.014957
DM-2230,0.008985
DM-2229,0.007233
DM-2228,0.007346
DM-2227,0.336331
DM-2226,0.443962
DM-2225,0.104843
DM-2224,0.082107
DM-2221,0.985043
DM-2220,0.470737
DM-2219,0.548432
DM-2218,0.557484
DM-2217,0.024238
DM-2216,0.803174
DM-2215,0.50415
DM-2214,0.318485
DM-2213,0.156105
DM-2212,0.967899
DM-2211,0.967656
DM-2210,0.346223
DM-2209,0.0729
DM-2208,0.401688
DM-2207,0.097734
DM-2206,0.697815
DM-2205,0.275422
DM-2204,0.006488
DM-2203,0.977023
DM-2202,0.058777
DM-2201,0.183594
DM-2200,0.028008
DM-2199,0.041462
DM-2197,0.08152
DM-2196,0.091058
DM-2195,0.382314
DM-2194,0.009559
DM-2193,0.530723
DM-2192,0.038178
DM-2191,0.184473
DM-2190,0.080937
DM-2189,0.738669
DM-2188,0.156105
DM-2187,0.242206
DM-2186,0.045016
DM-2185,0.018978
DM-2184,0.012336
DM-2183,0.00506
DM-2182,0.979823
DM-2181,0.990732
DM-2180,0.00343
DM-2178,0.901227
DM-2177,0.838151
DM-2176,0.983085
DM-2175,0.781664
DM-2173,0.004199
DM-2171,0.91848
DM-2170,0.004905
DM-2169,0.049959
DM-2168,0.914901
DM-2167,0.977197
DM-2166,0.219003
DM-2165,0.950041
DM-2164,0.30054
DM-2163,0.969556
DM-2162,0.003483
DM-2161,0.869271
DM-2160,0.017986
DM-2159,0.086632
DM-2158,0.842863
DM-2157,0.007816
DM-2156,0.134321
DM-2155,0.003377
DM-2154,0.022457
DM-2153,0.689306
DM-2152,0.154058
DM-2151,0.118385
DM-2150,0.047426
DM-2149,0.172172
DM-2148,0.061876
DM-2147,0.582254
DM-2146,0.037892
DM-2145,0.012054
DM-2144,0.05301
DM-2143,0.019569
DM-2142,0.160266
DM-2141,0.145601
DM-2140,0.073696
DM-2139,0.987568
DM-2138,0.151028
DM-2137,0.480966
DM-2136,0.930962
DM-2131,0.946597
DM-2130,0.927363
DM-2129,0.944995
DM-2126,0.021451
DM-2125,0.988313
DM-2124,0.987946
DM-2123,0.983723
DM-2122,0.014729
DM-2121,0.015073
DM-2120,0.014282
DM-2119,0.937211
DM-2118,0.985936
DM-2117,0.970688
DM-2116,0.961534
DM-2115,0.991422
DM-2113,0.867934
DM-2112,0.885631
DM-2110,0.720958
DM-2109,0.990441
DM-2108,0.506347
DM-2107,0.301156
DM-2103,0.964855
DM-2101,0.243283
DM-2098,0.039639
DM-2097,0.026156
DM-2096,0.143188
DM-2095,0.175821
DM-2094,0.290176
DM-2093,0.088505
DM-2092,0.928409
DM-2091,0.927888
DM-2090,0.982557
DM-2089,0.985496
DM-2088,0.979511
DM-2087,0.272799
DM-2086,0.494629
DM-2085,0.844922
DM-2084,0.967163
DM-2083,0.315947
DM-2082,0.992654
DM-2081,0.981595
DM-2080,0.174973
DM-2079,0.115561
DM-2078,0.121269
DM-2077,0.943764
DM-2075,0.347316
DM-2073,0.052619
DM-2071,0.917893
DM-2070,0.985271
DM-2069,0.988313
DM-2067,0.96741
DM-2066,0.078926
DM-2065,0.945399
DM-2064,0.870597
DM-2063,0.003707
DM-2061,0.617859
DM-2060,0.024423
DM-2059,0.964052
DM-2058,0.007577
DM-2057,0.605566
DM-2056,0.011687
DM-2055,0.932944
DM-2054,0.83602
DM-2053,0.981022
DM-2052,0.957912
DM-2051,0.965641
DM-2050,0.991289
DM-2049,0.984456
DM-2048,0.977883
DM-2047,0.987759
DM-2046,0.288168
DM-2045,0.051845
DM-2044,0.486332
DM-2043,0.145358
DM-2042,0.98983
DM-2041,0.985496
DM-2040,0.99486
DM-2039,0.993512
DM-2038,0.993512
DM-2037,0.992423
DM-2036,0.96641
DM-2035,0.973241
DM-2034,0.623262
DM-2033,0.826151
DM-2031,0.431345
DM-2030,0.970909
DM-2029,0.007577
DM-2027,0.032101
DM-2026,0.929951
DM-2025,0.212069
DM-2024,0.149035
DM-2023,0.92079
DM-2022,0.924142
DM-2021,0.988668
DM-2020,0.939471
DM-2019,0.332487
DM-2018,0.959459
DM-2017,0.809577
DM-2016,0.95222
DM-2015,0.98983
DM-2014,0.962108
DM-2013,0.062789
DM-2012,0.851953
DM-2011,0.832237
DM-2010,0.543348
DM-2009,0.210766
DM-2008,0.071332
DM-2007,0.055823
DM-2006,0.631935
DM-2005,0.101233
DM-2004,0.019569
DM-2003,0.419529
DM-2002,0.951504
DM-2001,0.970465
DM-2000,0.951863
DM-1999,0.974239
DM-1998,0.987946
DM-1997,0.86293
DM-1996,0.939913
DM-1995,0.11358
DM-1994,0.077518
DM-1993,0.967899
DM-1992,0.27338
DM-1991,0.97631
DM-1990,0.965381
DM-1989,0.97539
DM-1988,0.331343
DM-1987,0.977883
DM-1986,0.582254
DM-1985,0.003945
DM-1984,0.006488
DM-1983,0.032344
DM-1982,0.003124
DM-1981,0.702122
DM-1980,0.969556
DM-1979,0.974435
DM-1978,0.989511
DM-1977,0.992184
DM-1976,0.00289
DM-1975,0.008188
DM-1974,0.005302
DM-1973,0.031859
DM-1972,0.329318
DM-1971,0.027796
DM-1970,0.817866
DM-1969,0.732209
DM-1968,0.278257
DM-1967,0.440469
DM-1966,0.958538
DM-1965,0.982557
DM-1964,0.972204
DM-1962,0.060975
DM-1961,0.031619
DM-1959,0.990587
DM-1957,0.9462
DM-1956,0.947769
DM-1955,0.979036
DM-1954,0.109325
DM-1953,0.311767
DM-1952,0.003483
DM-1951,0.021125
DM-1950,0.957596
DM-1948,0.969556
DM-1947,0.08819
DM-1946,0.656796
DM-1945,0.935817
DM-1944,0.060529
DM-1943,0.085099
DM-1942,0.987375
DM-1941,0.985043
DM-1940,0.979668
DM-1939,0.945399
DM-1938,0.965641
DM-1937,0.014957
DM-1936,0.014616
DM-1935,0.015906
DM-1934,0.014842
DM-1933,0.013849
DM-1932,0.013849
DM-1931,0.014842
DM-1930,0.013637
DM-1929,0.013956
DM-1928,0.07343
DM-1927,0.089137
DM-1926,0.108566
DM-1925,0.849971
DM-1924,0.227126
DM-1923,0.357399
DM-1922,0.003377
DM-1921,0.764892
DM-1920,0.206574
DM-1919,0.289422
DM-1918,0.954647
DM-1917,0.441673
DM-1916,0.961822
DM-1915,0.856332
DM-1914,0.978219
DM-1913,0.080069
DM-1912,0.17441
DM-1910,0.179531
DM-1909,0.225246
DM-1907,0.080357
DM-1906,0.985271
DM-1905,0.00483
DM-1904,0.980876
DM-1903,0.982823
DM-1902,0.33928
DM-1901,0.973241
DM-1900,0.99371
DM-1899,0.945399
DM-1898,0.21305
DM-1897,0.060529
DM-1896,0.985271
DM-1895,0.011158
DM-1894,0.985936
DM-1893,0.006798
DM-1891,0.232659
DM-1890,0.960063
DM-1889,0.888759
DM-1888,0.005555
DM-1887,0.975762
DM-1886,0.00343
DM-1885,0.553505
DM-1884,0.924142
DM-1883,0.932453
DM-1881,0.105579
DM-1880,0.98347
DM-1878,0.610047
DM-1877,0.986979
DM-1876,0.996176
DM-1875,0.990441
DM-1874,0.981311
DM-1873,0.144149
DM-1872,0.930962
DM-1871,0.907312
DM-1869,0.009197
DM-1868,0.934395
DM-1867,0.763131
DM-1866,0.989182
DM-1865,0.127653
DM-1864,0.966156
DM-1863,0.977714
DM-1862,0.278846
DM-1861,0.811078
DM-1860,0.046725
DM-1859,0.019419
DM-1858,0.887595
DM-1857,0.570331
DM-1856,0.896614
DM-1855,0.78233
DM-1854,0.978875
DM-1853,0.137532
DM-1852,0.081228
DM-1851,0.383988
DM-1850,0.887595
DM-1849,0.986979
DM-1848,0.989986
DM-1847,0.622287
DM-1846,0.102664
DM-1845,0.951142
DM-1844,0.044681
DM-1843,0.069289
DM-1842,0.004199
DM-1841,0.004538
DM-1840,0.037047
DM-1839,0.041153
DM-1838,0.008188
DM-1837,0.125493
DM-1836,0.262653
DM-1835,0.098079
DM-1834,0.193452
DM-1833,0.164248
DM-1832,0.744285
DM-1831,0.087252
DM-1830,0.405096
DM-1829,0.336004
DM-1828,0.552298
DM-1826,0.262086
DM-1825,0.023153
DM-1824,0.584864
DM-1823,0.991938
DM-1822,0.011072
DM-1821,0.92523
DM-1820,0.845942
DM-1819,0.239349
DM-1818,0.076684
DM-1817,0.046034
DM-1816,0.025371
DM-1815,0.248899
DM-1814,0.447943
DM-1813,0.132964
DM-1812,0.233357
DM-1811,0.013956
DM-1810,0.036769
DM-1809,0.279533
DM-1808,0.055005
DM-1807,0.071591
DM-1806,0.055005
DM-1805,0.053403
DM-1804,0.320406
DM-1803,0.924688
DM-1802,0.025179
DM-1801,0.012625
DM-1800,0.004134
DM-1799,0.029091
DM-1798,0.037047
DM-1797,0.097048
DM-1796,0.06804
DM-1795,0.539711
DM-1794,0.314577
DM-1793,0.017849
DM-1792,0.005911
DM-1791,0.067301
DM-1790,0.136148
DM-1789,0.013428
DM-1788,0.742422
DM-1787,0.940353
DM-1786,0.962953
DM-1785,0.004982
DM-1784,0.009559
DM-1783,0.044349
DM-1782,0.936285
DM-1781,0.003707
DM-1780,0.017442
DM-1779,0.009486
DM-1778,0.009197
DM-1777,0.113187
DM-1776,0.640664
DM-1775,0.828384
DM-1774,0.630685
DM-1773,0.098079
DM-1772,0.822189
DM-1771,0.319626
DM-1770,0.987946
DM-1769,0.975577
DM-1767,0.069542
DM-1766,0.417034
DM-1765,0.930962
DM-1764,0.971564
DM-1763,0.065605
DM-1762,0.033086
DM-1761,0.747616
DM-1760,0.014504
DM-1759,0.00461
DM-1758,0.008188
DM-1757,0.003377
DM-1756,0.2763
DM-1755,0.444806
DM-1754,0.293202
DM-1752,0.004682
DM-1751,0.678966
DM-1750,0.012054
DM-1749,0.007938
DM-1748,0.00483
DM-1747,0.44071
DM-1746,0.005385
DM-1745,0.008062
DM-1744,0.00573
DM-1743,0.004399
DM-1742,0.014064
DM-1741,0.00522
DM-1740,0.109706
DM-1739,0.297062
DM-1738,0.015189
DM-1737,0.971347
DM-1736,0.70069
DM-1735,0.045353
DM-1734,0.9659
DM-1733,0.031859
DM-1732,0.004199
DM-1731,0.077797
DM-1730,0.01017
DM-1729,0.785638
DM-1728,0.028221
DM-1727,0.985043
DM-1726,0.858719
DM-1725,0.028871
DM-1724,0.015306
DM-1723,0.777975
DM-1722,0.055823
DM-1721,0.803791
DM-1720,0.08819
DM-1719,0.010091
DM-1718,0.008711
DM-1717,0.932453
DM-1716,0.012432
DM-1715,0.007233
DM-1714,0.842863
DM-1713,0.968856
DM-1712,0.992062
DM-1711,0.989013
DM-1710,0.003028
DM-1709,0.08882
DM-1708,0.831143
DM-1707,0.99486
DM-1706,0.168036
DM-1705,0.323487
DM-1704,0.159217
DM-1703,0.975946
DM-1702,0.017849
DM-1701,0.039048
DM-1700,0.023509
DM-1699,0.071074
DM-1698,0.937211
DM-1697,0.991938
DM-1696,0.955651
DM-1695,0.962108
DM-1694,0.983343
DM-1693,0.066327
DM-1692,0.367497
DM-1691,0.008779
DM-1690,0.010987
DM-1689,0.004332
DM-1688,0.143668
DM-1687,0.005642
DM-1686,0.00838
DM-1685,0.007233
DM-1684,0.022457
DM-1683,0.136148
DM-1682,0.042404
DM-1681,0.00407
DM-1680,0.010987
DM-1679,0.141756
DM-1678,0.010014
DM-1677,0.98983
DM-1676,0.711832
DM-1675,0.020489
DM-1674,0.037327
DM-1673,0.40028
DM-1672,0.026759
DM-1671,0.043691
DM-1670,0.951142
DM-1669,0.884838
DM-1668,0.073165
DM-1667,0.479504
DM-1666,0.870597
DM-1665,0.809878
DM-1664,0.972623
DM-1663,0.019719
DM-1662,0.112016
DM-1661,0.006388
DM-1660,0.012054
DM-1659,0.950778
DM-1658,0.34574
DM-1657,0.013849
DM-1656,0.863392
DM-1655,0.920218
DM-1654,0.036769
DM-1653,0.962673
DM-1652,0.899475
DM-1651,0.010014
DM-1650,0.004538
DM-1649,0.03359
DM-1648,0.977883
DM-1647,0.888372
DM-1646,0.00582
DM-1645,0.977023
DM-1644,0.00483
DM-1643,0.116362
DM-1642,0.013637
DM-1641,0.952926
DM-1640,0.014504
DM-1639,0.011508
DM-1638,0.006798
DM-1637,0.007233
DM-1636,0.941223
DM-1635,0.048858
DM-1634,0.091058
DM-1633,0.547948
DM-1632,0.0538
DM-1631,0.081228
DM-1630,0.065366
DM-1629,0.007938
DM-1628,0.012336
DM-1627,0.982151
DM-1626,0.0538
DM-1625,0.01292
DM-1624,0.072374
DM-1623,0.026759
DM-1622,0.009559
DM-1621,0.130729
DM-1620,0.034881
DM-1619,0.885631
DM-1618,0.942507
DM-1617,0.984094
DM-1616,0.967656
DM-1615,0.99014
DM-1614,0.377541
DM-1613,0.018125
DM-1611,0.215021
DM-1610,0.831691
DM-1609,0.881207
DM-1608,0.863392
DM-1607,0.163179
DM-1606,0.007816
DM-1605,0.005911
DM-1604,0.890294
DM-1603,0.019419
DM-1602,0.006693
DM-1601,0.075858
DM-1600,0.501465
DM-1599,0.091382
DM-1598,0.949295
DM-1597,0.018547
DM-1596,0.03622
DM-1595,0.944177
DM-1594,0.005469
DM-1593,0.063019
DM-1592,0.010408
DM-1591,0.072637
DM-1590,0.654812
DM-1589,0.916708
DM-1588,0.968856
DM-1587,0.962108
DM-1585,0.991554
DM-1584,0.975012
DM-1583,0.01302
DM-1582,0.013428
DM-1580,0.594551
DM-1579,0.943764
DM-1578,0.019271
DM-1577,0.90764
DM-1576,0.939471
DM-1575,0.043043
DM-1574,0.96862
DM-1573,0.130285
DM-1572,0.017442
DM-1571,0.599544
DM-1570,0.325547
DM-1569,0.014392
DM-1568,0.014392
DM-1567,0.014172
DM-1566,0.014064
DM-1565,0.011778
DM-1564,0.008511
DM-1563,0.825027
DM-1562,0.989347
DM-1561,0.956634
DM-1560,0.007696
DM-1559,0.008916
DM-1558,0.018264
DM-1557,0.739799
DM-1556,0.949669
DM-1555,0.450843
DM-1554,0.83868
DM-1553,0.965381
DM-1552,0.961534
DM-1551,0.23634
DM-1550,0.170784
DM-1549,0.014172
DM-1548,0.206894
DM-1547,0.046034
DM-1546,0.980729
DM-1545,0.030909
DM-1544,0.431225
DM-1543,0.021287
DM-1542,0.070816
DM-1541,0.045353
DM-1540,0.050705
DM-1539,0.821617
DM-1538,0.009268
DM-1537,0.004134
DM-1536,0.004905
DM-1535,0.020023
DM-1534,0.112016
DM-1533,0.80837
DM-1532,0.035411
DM-1531,0.023331
DM-1530,0.819316
DM-1529,0.936285
DM-1528,0.925769
DM-1527,0.92079
DM-1526,0.078642
DM-1525,0.010653
DM-1524,0.046034
DM-1523,0.071591
DM-1522,0.006098
DM-1521,0.003594
DM-1520,0.004134
DM-1519,0.101947
DM-1518,0.141281
DM-1517,0.061199
DM-1516,0.106691
DM-1515,0.045353
DM-1514,0.087876
DM-1513,0.004905
DM-1512,0.825027
DM-1511,0.406155
DM-1510,0.851459
DM-1509,0.371137
DM-1508,0.00343
DM-1507,0.616359
DM-1506,0.00659
DM-1505,0.008125
DM-1504,0.03138
DM-1503,0.184768
DM-1502,0.063482
DM-1501,0.066812
DM-1500,0.075858
DM-1499,0.006388
DM-1498,0.143188
DM-1497,0.109706
DM-1496,0.895157
DM-1495,0.037892
DM-1493,0.093678
DM-1492,0.006193
DM-1491,0.016029
DM-1490,0.983597
DM-1489,0.148541
DM-1488,0.977883
DM-1486,0.014392
DM-1485,0.005385
DM-1484,0.191933
DM-1483,0.010014
DM-1482,0.231614
DM-1481,0.729327
DM-1480,0.004399
DM-1479,0.010249
DM-1478,0.006693
DM-1477,0.091707
DM-1476,0.020177
DM-1475,0.004538
DM-1474,0.102305
DM-1473,0.326271
DM-1472,0.008577
DM-1471,0.165593
DM-1470,0.128088
DM-1469,0.966156
DM-1468,0.977023
DM-1467,0.966914
DM-1466,0.978713
DM-1465,0.962673
DM-1464,0.963231
DM-1463,0.004982
DM-1462,0.013121
DM-1461,0.926835
DM-1460,0.073696
DM-1459,0.936749
DM-1458,0.96378
DM-1457,0.983597
DM-1456,0.050705
DM-1455,0.013637
DM-1454,0.013742
DM-1453,0.014842
DM-1452,0.03259
DM-1451,0.036769
DM-1450,0.077797
DM-1449,0.008188
DM-1448,0.943348
DM-1447,0.661486
DM-1446,0.781664
DM-1445,0.049589
DM-1444,0.026759
DM-1443,0.951142
DM-1442,0.475118
DM-1441,0.949295
DM-1440,0.981453
DM-1439,0.028436
DM-1438,0.025565
DM-1437,0.025761
DM-1436,0.015785
DM-1435,0.021287
DM-1434,0.246896
DM-1433,0.166675
DM-1432,0.977197
DM-1431,0.052231
DM-1430,0.009268
DM-1429,0.709019
DM-1428,0.018978
DM-1426,0.814938
DM-1425,0.186836
DM-1424,0.120439
DM-1423,0.72952
DM-1422,0.175256
DM-1421,0.942929
DM-1420,0.071074
DM-1419,0.015073
DM-1418,0.130729
DM-1417,0.042722
DM-1416,0.715026
DM-1415,0.119614
DM-1414,0.021125
DM-1413,0.025565
DM-1412,0.066327
DM-1411,0.030444
DM-1410,0.024798
DM-1409,0.011072
DM-1408,0.01302
DM-1407,0.010489
DM-1406,0.035679
DM-1405,0.960952
DM-1404,0.877477
DM-1403,0.096365
DM-1402,0.007577
DM-1401,0.032837
DM-1400,0.069038
DM-1399,0.610105
DM-1398,0.003222
DM-1397,0.007233
DM-1396,0.991684
DM-1395,0.977023
DM-1394,0.008062
DM-1393,0.467818
DM-1392,0.00582
DM-1391,0.256459
DM-1390,0.056652
DM-1389,0.025957
DM-1388,0.019719
DM-1387,0.02976
DM-1386,0.026759
DM-1385,0.241132
DM-1384,0.027796
DM-1383,0.070304
DM-1382,0.947381
DM-1381,0.00522
DM-1380,0.012723
DM-1379,0.030909
DM-1378,0.974435
DM-1377,0.97649
DM-1376,0.215351
DM-1375,0.211417
DM-1374,0.009413
DM-1373,0.009197
DM-1372,0.00659
DM-1371,0.042722
DM-1370,0.016657
DM-1369,0.011961
DM-1368,0.009634
DM-1367,0.014842
DM-1366,0.062103
DM-1365,0.007012
DM-1364,0.029091
DM-1363,0.33644
DM-1362,0.962391
DM-1361,0.918187
DM-1360,0.033337
DM-1359,0.167491
DM-1358,0.006904
DM-1357,0.156105
DM-1356,0.066327
DM-1355,0.794385
DM-1354,0.028008
DM-1353,0.978052
DM-1352,0.195902
DM-1351,0.012054
DM-1350,0.669475
DM-1349,0.017442
DM-1348,0.385722
DM-1347,0.957912
DM-1346,0.937669
DM-1345,0.171894
DM-1344,0.984456
DM-1343,0.555918
DM-1342,0.884838
DM-1341,0.130285
DM-1340,0.039937
DM-1339,0.017309
DM-1338,0.934395
DM-1337,0.883638
DM-1336,0.771843
DM-1335,0.937669
DM-1334,0.703549
DM-1333,0.014172
DM-1332,0.876211
DM-1331,0.00986
DM-1330,0.03622
DM-1329,0.951142
DM-1328,0.242385
DM-1326,0.036494
DM-1323,0.828384
DM-1322,0.046378
DM-1321,0.273574
DM-1320,0.939025
DM-1319,0.039343
DM-1318,0.019271
DM-1317,0.183301
DM-1316,0.491456
DM-1315,0.346154
DM-1314,0.014957
DM-1313,0.190724
DM-1312,0.068787
DM-1311,0.02976
DM-1310,0.040541
DM-1309,0.148541
DM-1308,0.048496
DM-1307,0.271831
DM-1306,0.035145
DM-1305,0.011245
DM-1304,0.019569
DM-1303,0.006693
DM-1302,0.085404
DM-1301,0.022977
DM-1300,0.019871
DM-1299,0.97649
DM-1298,0.991422
DM-1297,0.614568
DM-1296,0.810479
DM-1295,0.166675
DM-1294,0.162115
DM-1293,0.033844
DM-1292,0.811974
DM-1291,0.023331
DM-1290,0.640973
DM-1289,0.021125
DM-1288,0.433981
DM-1287,0.139866
DM-1286,0.249082
DM-1285,0.172729
DM-1284,0.008062
DM-1283,0.041462
DM-1282,0.52683
DM-1281,0.034359
DM-1280,0.759225
DM-1279,0.004199
DM-1278,0.239349
DM-1277,0.107063
DM-1276,0.113973
DM-1275,0.093017
DM-1274,0.924688
DM-1273,0.364382
DM-1272,0.938124
DM-1271,0.789234
DM-1270,0.336331
DM-1269,0.068787
DM-1268,0.492188
DM-1267,0.106319
DM-1266,0.252753
DM-1265,0.471223
DM-1264,0.051845
DM-1263,0.110088
DM-1262,0.682785
DM-1261,0.983085
DM-1260,0.948917
DM-1259,0.298083
DM-1258,0.135232
DM-1257,0.328206
DM-1256,0.707
DM-1255,0.906653
DM-1254,0.977883
DM-1253,0.179531
DM-1252,0.898053
DM-1251,0.962391
DM-1250,0.561936
DM-1249,0.980581
DM-1248,0.014616
DM-1247,0.100525
DM-1246,0.951142
DM-1245,0.875361
DM-1244,0.941223
DM-1243,0.733356
DM-1242,0.855851
DM-1241,0.041153
DM-1240,0.891434
DM-1239,0.671686
DM-1238,0.884039
DM-1237,0.96862
DM-1236,0.909907
DM-1235,0.956957
DM-1234,0.983971
DM-1233,0.985043
DM-1232,0.966663
DM-1231,0.889912
DM-1230,0.714429
DM-1229,0.950411
DM-1228,0.989511
DM-1227,0.984336
DM-1226,0.841305
DM-1225,0.201499
DM-1224,0.044019
DM-1223,0.665628
DM-1222,0.159217
DM-1221,0.012821
DM-1220,0.049222
DM-1219,0.006904
DM-1218,0.640467
DM-1217,0.979354
DM-1216,0.198064
DM-1215,0.016785
DM-1214,0.65285
DM-1213,0.067056
DM-1212,0.03138
DM-1211,0.030444
DM-1210,0.928409
DM-1209,0.191328
DM-1208,0.83762
DM-1207,0.173849
DM-1206,0.363421
DM-1205,0.474631
DM-1204,0.899475
DM-1203,0.544075
DM-1202,0.500488
DM-1201,0.910545
DM-1200,0.203075
DM-1199,0.977883
DM-1198,0.00986
DM-1197,0.91118
DM-1196,0.012625
DM-1195,0.00573
DM-1194,0.936749
DM-1193,0.53437
DM-1192,0.965119
DM-1191,0.898767
DM-1190,0.057071
DM-1189,0.075585
DM-1188,0.962391
DM-1187,0.899828
DM-1186,0.014504
DM-1185,0.006798
DM-1184,0.019871
DM-1183,0.884838
DM-1182,0.935817
DM-1181,0.912436
DM-1180,0.571049
DM-1179,0.006798
DM-1178,0.308867
DM-1177,0.969091
DM-1176,0.128088
DM-1175,0.01302
DM-1174,0.627609
DM-1173,0.218003
DM-1172,0.155335
DM-1171,0.026964
DM-1170,0.879974
DM-1169,0.024238
DM-1168,0.037609
DM-1167,0.969091
DM-1166,0.891434
DM-1165,0.961244
DM-1164,0.721743
DM-1163,0.00986
DM-1162,0.926304
DM-1161,0.9462
DM-1160,0.983971
DM-1159,0.928409
DM-1158,0.973037
DM-1157,0.990292
DM-1156,0.978549
DM-1155,0.99014
DM-1154,0.991289
DM-1153,0.019569
DM-1152,0.148047
DM-1151,0.048496
DM-1150,0.945801
DM-1149,0.959459
DM-1148,0.989511
DM-1147,0.442396
DM-1146,0.038178
DM-1145,0.022629
DM-1144,0.006693
DM-1143,0.959154
DM-1142,0.959154
DM-1141,0.982014
DM-1140,0.965641
DM-1139,0.980876
DM-1138,0.988313
DM-1137,0.980431
DM-1136,0.0538
DM-1135,0.010735
DM-1134,0.034881
DM-1133,0.443359
DM-1132,0.058346
DM-1131,0.108945
DM-1130,0.969324
DM-1129,0.166134
DM-1128,0.039048
DM-1127,0.964052
DM-1126,0.984336
DM-1125,0.951504
DM-1124,0.530723
DM-1123,0.981875
DM-1122,0.761361
DM-1121,0.988131
DM-1120,0.292595
DM-1119,0.910863
DM-1118,0.48438
DM-1117,0.973645
DM-1116,0.888372
DM-1115,0.870597
DM-1114,0.654232
DM-1113,0.988668
DM-1112,0.972204
DM-1111,0.526343
DM-1110,0.580501
DM-1109,0.939025
DM-1108,0.109325
DM-1107,0.978549
DM-1106,0.035145
DM-1105,0.271445
DM-1104,0.055005
DM-1103,0.973037
DM-1102,0.948155
DM-1101,0.974435
DM-1100,0.378804
DM-1099,0.958847
DM-1098,0.010489
DM-1097,0.970465
DM-1096,0.959459
DM-1095,0.981595
DM-1094,0.974821
DM-1093,0.984575
DM-1092,0.992062
DM-1091,0.694303
DM-1090,0.007346
DM-1089,0.795022
DM-1088,0.28279
DM-1087,0.411111
DM-1086,0.02461
DM-1085,0.219337
DM-1084,0.725649
DM-1083,0.007577
DM-1082,0.856332
DM-1081,0.894052
DM-1080,0.28577
DM-1079,0.955319
DM-1078,0.123366
DM-1077,0.405449
DM-1076,0.028436
DM-1075,0.010249
DM-1074,0.576542
DM-1073,0.025957
DM-1072,0.96862
DM-1071,0.020332
DM-1070,0.026557
DM-1069,0.108945
DM-1068,0.877896
DM-1067,0.174973
DM-1066,0.119614
DM-1065,0.043043
DM-1064,0.270288
DM-1063,0.008446
DM-1062,0.103749
DM-1061,0.505371
DM-1060,0.994358
DM-1059,0.29523
DM-1058,0.034881
DM-1057,0.00629
DM-1056,0.950778
DM-1055,0.086016
DM-1054,0.029987
DM-1053,0.010902
DM-1052,0.035679
DM-1051,0.976847
DM-1047,0.831143
DM-1046,0.985718
DM-1045,0.816991
DM-1044,0.851953
DM-1043,0.83868
DM-1042,0.005302
DM-1041,0.664431
DM-1040,0.021125
DM-1039,0.006193
DM-1038,0.979511
DM-1037,0.982151
DM-1036,0.989672
DM-1035,0.809878
DM-1034,0.984215
DM-1033,0.993096
DM-1032,0.979511
DM-1031,0.981453
DM-1030,0.988492
DM-1029,0.00934
DM-1028,0.004399
DM-1027,0.012147
DM-1026,0.811078
DM-1025,0.789883
DM-1024,0.057918
DM-1023,0.026759
DM-1022,0.165593
DM-1021,0.431764
DM-1020,0.100525
DM-1019,0.090093
DM-1018,0.008916
DM-1017,0.006098
DM-1016,0.686265
DM-1015,0.080937
DM-1014,0.735262
DM-1013,0.046725
DM-1012,0.009268
DM-1011,0.031619
DM-1010,0.796609
DM-1009,0.319148
DM-1008,0.368633
DM-1007,0.398055
DM-1005,0.547464
DM-1004,0.026759
DM-1003,0.007121
DM-1002,0.680454
DM-1001,0.007696
DM-1000,0.010328
DM-999,0.107813
DM-998,0.584212
DM-997,0.022803
DM-996,0.063019
DM-995,0.973241
DM-994,0.926304
DM-993,0.00934
DM-992,0.968856
DM-991,0.033844
DM-990,0.011508
DM-989,0.008446
DM-988,0.371821
DM-987,0.987946
DM-986,0.23092
DM-985,0.917303
DM-984,0.583441
DM-983,0.046034
DM-982,0.962953
DM-981,0.933915
DM-980,0.716219
DM-979,0.013532
DM-978,0.850469
DM-977,0.825027
DM-976,0.364212
DM-975,0.777638
DM-974,0.412293
DM-973,0.527803
DM-972,0.829768
DM-971,0.749821
DM-970,0.022117
DM-969,0.089455
DM-968,0.014392
DM-967,0.006904
DM-966,0.005469
DM-965,0.07921
DM-964,0.754553
DM-963,0.017045
DM-962,0.026156
DM-961,0.006004
DM-960,0.013223
DM-959,0.035411
DM-958,0.353707
DM-957,0.409457
DM-956,0.008188
DM-955,0.301928
DM-954,0.041774
DM-953,0.179818
DM-952,0.893681
DM-951,0.043366
DM-950,0.009634
DM-949,0.007233
DM-948,0.006098
DM-947,0.015906
DM-946,0.157137
DM-945,0.002935
DM-944,0.01302
DM-943,0.180684
DM-942,0.004755
DM-941,0.006388
DM-940,0.009634
DM-939,0.039639
DM-938,0.007816
DM-937,0.914291
DM-936,0.188324
DM-935,0.0341
DM-934,0.958847
DM-933,0.01057
DM-932,0.011869
DM-931,0.00461
DM-930,0.481698
DM-929,0.098425
DM-928,0.037047
DM-927,0.019271
DM-926,0.058346
DM-925,0.029091
DM-924,0.03359
DM-923,0.032101
DM-922,0.033844
DM-921,0.035145
DM-920,0.037327
DM-919,0.045016
DM-918,0.056236
DM-917,0.066085
DM-916,0.036494
DM-915,0.019719
DM-914,0.020177
DM-913,0.017712
DM-912,0.024238
DM-911,0.022803
DM-910,0.032101
DM-908,0.004199
DM-907,0.00483
DM-906,0.00522
DM-905,0.669637
DM-903,0.023871
DM-902,0.008316
DM-901,0.005911
DM-900,0.235108
DM-899,0.079496
DM-898,0.036769
DM-896,0.821044
DM-895,0.057705
DM-894,0.142709
DM-893,0.006798
DM-892,0.03259
DM-891,0.110856
DM-890,0.678007
DM-889,0.965381
DM-888,0.642152
DM-887,0.910545
DM-885,0.03622
DM-884,0.00506
DM-883,0.011961
DM-882,0.00514
DM-881,0.004199
DM-880,0.012147
DM-879,0.00986
DM-878,0.021287
DM-877,0.008916
DM-875,0.012528
DM-874,0.004199
DM-873,0.959459
DM-872,0.688678
DM-871,0.031859
DM-870,0.108189
DM-869,0.041774
DM-868,0.010818
DM-867,0.932944
DM-866,0.32338
DM-864,0.982423
DM-863,0.003028
DM-862,0.027796
DM-861,0.718989
DM-860,0.950041
DM-859,0.011332
DM-858,0.187133
DM-854,0.003824
DM-853,0.938576
DM-852,0.96378
DM-851,0.983597
DM-850,0.964855
DM-849,0.035679
DM-848,0.043043
DM-847,0.125493
DM-846,0.130729
DM-845,0.067056
DM-844,0.195902
DM-843,0.208824
DM-842,0.032101
DM-841,0.028221
DM-840,0.214034
DM-839,0.112405
DM-837,0.930962
DM-836,0.888372
DM-835,0.257392
DM-834,0.936749
DM-833,0.403567
DM-832,0.266453
DM-831,0.279632
DM-830,0.961822
DM-829,0.991153
DM-828,0.99478
DM-827,0.966914
DM-826,0.036494
DM-825,0.045692
DM-824,0.002632
DM-823,0.013742
DM-822,0.014504
DM-821,0.06804
DM-820,0.358129
DM-819,0.076132
DM-818,0.007121
DM-817,0.213705
DM-816,0.449876
DM-815,0.039937
DM-814,0.015906
DM-813,0.00986
DM-812,0.010328
DM-811,0.431584
DM-810,0.008779
DM-809,0.009055
DM-808,0.044349
DM-806,0.025761
DM-805,0.451568
DM-803,0.826151
DM-800,0.015664
DM-799,0.737914
DM-795,0.028008
DM-794,0.019271
DM-793,0.07921
DM-792,0.057918
DM-791,0.01653
DM-790,0.057918
DM-789,0.017577
DM-788,0.027585
DM-787,0.017045
DM-786,0.005469
DM-785,0.881207
DM-784,0.919643
DM-783,0.015306
DM-782,0.099121
DM-781,0.733738
DM-780,0.981736
DM-779,0.974629
DM-778,0.884838
DM-777,0.980281
DM-776,0.729134
DM-775,0.086016
DM-774,0.086632
DM-773,0.419291
DM-772,0.168309
DM-771,0.592195
DM-770,0.202443
DM-769,0.111241
DM-768,0.506591
DM-767,0.887984
DM-766,0.847463
DM-765,0.038466
DM-764,0.851953
DM-763,0.389779
DM-762,0.116764
DM-761,0.080357
DM-760,0.026964
DM-759,0.949295
DM-758,0.96862
DM-757,0.082107
DM-755,0.008188
DM-754,0.009268
DM-753,0.942082
DM-752,0.210117
DM-751,0.00838
DM-750,0.944587
DM-749,0.121269
DM-748,0.028653
DM-747,0.034619
DM-746,0.920218
DM-744,0.151529
DM-743,0.796925
DM-742,0.035679
DM-740,0.973844
DM-739,0.29931
DM-738,0.032101
DM-737,0.019871
DM-736,0.962673
DM-735,0.011869
DM-734,0.179818
DM-733,0.161849
DM-732,0.095687
DM-731,0.153042
DM-730,0.125493
DM-729,0.108566
DM-728,0.098773
DM-727,0.080937
DM-726,0.055005
DM-725,0.068537
DM-724,0.069542
DM-723,0.056652
DM-722,0.71123
DM-721,0.895888
DM-720,0.108945
DM-713,0.882022
DM-712,0.273769
DM-711,0.880797
DM-710,0.826712
DM-709,0.921922
DM-708,0.96641
DM-707,0.108189
DM-706,0.036769
DM-705,0.970688
DM-704,0.80502
DM-703,0.949295
DM-702,0.571767
DM-701,0.974043
DM-700,0.00838
DM-699,0.228329
DM-697,0.013637
DM-696,0.61057
DM-694,0.951142
DM-693,0.602588
DM-692,0.634204
DM-691,0.291787
DM-690,0.766643
DM-689,0.012241
DM-688,0.736401
DM-686,0.058561
DM-685,0.015785
DM-684,0.048496
DM-683,0.984811
DM-682,0.902952
DM-681,0.014957
DM-680,0.202759
DM-679,0.004134
DM-678,0.830044
DM-677,0.956634
DM-676,0.955981
DM-675,0.985043
DM-674,0.011245
DM-672,0.920218
DM-667,0.048858
DM-666,0.004332
DM-664,0.004265
DM-661,0.00289
DM-659,0.488771
DM-658,0.017177
DM-657,0.007012
DM-656,0.004265
DM-655,0.003028
DM-654,0.066569
DM-653,0.132515
DM-652,0.093017
DM-650,0.097048
DM-649,0.966156
DM-648,0.602763
DM-647,0.96641
DM-646,0.273769
DM-645,0.953275
DM-644,0.689619
DM-641,0.052619
DM-640,0.941223
DM-639,0.903975
DM-638,0.906653
DM-637,0.007461
DM-635,0.016657
DM-633,0.00582
DM-631,0.954647
DM-630,0.011597
DM-629,0.067056
DM-627,0.92523
DM-626,0.004265
DM-625,0.017177
DM-624,0.037047
DM-623,0.017045
DM-622,0.930458
DM-621,0.707809
DM-616,0.62621
DM-615,0.012147
DM-614,0.027376
DM-613,0.061876
DM-612,0.044349
DM-611,0.858244
DM-610,0.033086
DM-609,0.241132
DM-608,0.00659
DM-607,0.004199
DM-606,0.015306
DM-605,0.935346
DM-604,0.238107
DM-603,0.892187
DM-602,0.751283
DM-600,0.033844
DM-599,0.541409
DM-597,0.737158
DM-596,0.020804
DM-595,0.651022
DM-594,0.38827
DM-593,0.551574
DM-592,0.031859
DM-591,0.963231
DM-590,0.037892
DM-588,0.063482
DM-587,0.007233
DM-586,0.872782
DM-585,0.554109
DM-584,0.840783
DM-583,0.910545
DM-582,0.229018
DM-581,0.139396
DM-580,0.223038
DM-579,0.944177
DM-578,0.216342
DM-577,0.169131
DM-576,0.169131
DM-575,0.856812
DM-574,0.205615
DM-573,0.905657
DM-572,0.92079
DM-571,0.543833
DM-570,0.930962
DM-569,0.176956
DM-568,0.36977
DM-567,0.981022
DM-566,0.351882
DM-565,0.073165
DM-564,0.031144
DM-563,0.046378
DM-562,0.06489
DM-561,0.048496
DM-560,0.032837
DM-559,0.072112
DM-557,0.06804
DM-556,0.935346
DM-555,0.093347
DM-554,0.865224
DM-548,0.964589
DM-546,0.018125
DM-545,0.695752
DM-536,0.019419
DM-534,0.011072
DM-533,0.948917
DM-531,0.080069
DM-530,0.77081
DM-529,0.906983
DM-527,0.006098
DM-526,0.080937
DM-522,0.007461
DM-521,0.003075
DM-520,0.535584
DM-519,0.93196
DM-518,0.778649
DM-517,0.125279
DM-516,0.24599
DM-515,0.068289
DM-514,0.029091
DM-513,0.134321
DM-512,0.448909
DM-511,0.009634
DM-510,0.92944
DM-509,0.11358
DM-508,0.021287
DM-506,0.024238
DM-505,0.325521
DM-504,0.479504
DM-503,0.733356
DM-502,0.608601
DM-501,0.829492
DM-495,0.694717
DM-488,0.375477
DM-486,0.010818
DM-485,0.979823
DM-484,0.562657
DM-483,0.259826
DM-481,0.052619
DM-479,0.118385
DM-478,0.856812
DM-477,0.018978
DM-476,0.332256
DM-475,0.444806
DM-474,0.824462
DM-473,0.203391
DM-472,0.405096
DM-471,0.926835
DM-470,0.522933
DM-469,0.037609
DM-468,0.07477
DM-467,0.076684
DM-466,0.647687
DM-464,0.037327
DM-463,0.085404
DM-461,0.591015
DM-460,0.829492
DM-459,0.932944
DM-458,0.021125
DM-457,0.032837
DM-456,0.117572
DM-455,0.870157
DM-454,0.964855
DM-453,0.553053
DM-451,0.150278
DM-450,0.042088
DM-449,0.055823
DM-448,0.082697
DM-447,0.424651
DM-446,0.213377
DM-445,0.086016
DM-444,0.042088
DM-443,0.819893
DM-442,0.004682
DM-441,0.895523
DM-440,0.728169
DM-439,0.862468
DM-436,0.07921
DM-435,0.048496
DM-433,0.47171
DM-432,0.64484
DM-431,0.660528
DM-430,0.325038
DM-429,0.493653
DM-428,0.870157
DM-427,0.811078
DM-426,0.719186
DM-425,0.015189
DM-424,0.128525
DM-423,0.028221
DM-422,0.065128
DM-421,0.804098
DM-420,0.014957
DM-419,0.037609
DM-418,0.470737
DM-417,0.541409
DM-416,0.945399
DM-414,0.957278
DM-413,0.297266
DM-405,0.968856
DM-404,0.086016
DM-403,0.459561
DM-402,0.184768
DM-401,0.00629
DM-399,0.112405
DM-398,0.498535
DM-397,0.006193
DM-396,0.590307
DM-394,0.029091
DM-393,0.338057
DM-391,0.54698
DM-390,0.417746
DM-389,0.122523
DM-388,0.158174
DM-387,0.976129
DM-386,0.950411
DM-384,0.148541
DM-383,0.005302
DM-382,0.042088
DM-381,0.971779
DM-380,0.008446
DM-379,0.761361
DM-377,0.066569
DM-376,0.00659
DM-375,0.975946
DM-373,0.048858
DM-372,0.018978
DM-371,0.635194
DM-370,0.666171
DM-369,0.952926
DM-368,0.985936
DM-367,0.921922
DM-366,0.086016
DM-365,0.641366
DM-364,0.272799
DM-363,0.389924
DM-362,0.018978
DM-361,0.010735
DM-360,0.509764
DM-359,0.91848
DM-358,0.015906
DM-357,0.909907
DM-356,0.968381
DM-355,0.042088
DM-354,0.124213
DM-353,0.010489
DM-352,0.010489
DM-351,0.029091
DM-350,0.009197
DM-346,0.004682
DM-344,0.055413
DM-343,0.033844
DM-342,0.871475
DM-339,0.839734
DM-337,0.017577
DM-336,0.054199
DM-335,0.645455
DM-334,0.807461
DM-331,0.940353
DM-330,0.006098
DM-329,0.00934
DM-328,0.00582
DM-327,0.053403
DM-326,0.01057
DM-322,0.173849
DM-321,0.984811
DM-320,0.176388
DM-319,0.049222
DM-318,0.104843
DM-317,0.927888
DM-316,0.014064
DM-315,0.01017
DM-314,0.006798
DM-313,0.719975
DM-312,0.964052
DM-311,0.363139
DM-310,0.816991
DM-309,0.069038
DM-308,0.006098
DM-307,0.003538
DM-306,0.017577
DM-305,0.895523
DM-304,0.690037
DM-303,0.015189
DM-302,0.008252
DM-301,0.073696
DM-300,0.939913
DM-299,0.648689
DM-298,0.008446
DM-297,0.917893
DM-296,0.65957
DM-295,0.022117
DM-294,0.008188
DM-293,0.547706
DM-292,0.003028
DM-291,0.946597
DM-290,0.951142
DM-289,0.165054
DM-288,0.00573
DM-287,0.014064
DM-286,0.007816
DM-285,0.012625
DM-284,0.265499
DM-283,0.015306
DM-282,0.515132
DM-281,0.060087
DM-280,0.953966
DM-279,0.003377
DM-278,0.39946
DM-277,0.006193
DM-274,0.015906
DM-273,0.878731
DM-272,0.079782
DM-271,0.849971
DM-270,0.012723
DM-269,0.013742
DM-268,0.884039
DM-267,0.117167
DM-266,0.006098
DM-265,0.152537
DM-263,0.016403
DM-261,0.01292
DM-260,0.664105
DM-259,0.13707
DM-258,0.521471
DM-257,0.051845
DM-256,0.989347
DM-255,0.009126
DM-254,0.884439
DM-253,0.933431
DM-252,0.080937
DM-251,0.048496
DM-249,0.204978
DM-248,0.987759
DM-247,0.99371
DM-246,0.937211
DM-245,0.944995
DM-244,0.981595
DM-242,0.057071
DM-241,0.948155
DM-240,0.95222
DM-238,0.003945
DM-232,0.114369
DM-231,0.245627
DM-229,0.980129
DM-228,0.272799
DM-227,0.987568
DM-226,0.977714
DM-225,0.908618
DM-224,0.91181
DM-223,0.061876
DM-222,0.019271
DM-221,0.263694
DM-220,0.852935
DM-219,0.979354
DM-218,0.100172
DM-216,0.376795
DM-215,0.969091
DM-214,0.400984
DM-213,0.275325
DM-212,0.919063
DM-211,0.988492
DM-210,0.967163
DM-208,0.026355
DM-207,0.711832
DM-206,0.907967
DM-204,0.908942
DM-203,0.835484
DM-202,0.986363
DM-201,0.985271
DM-199,0.954647
DM-198,0.425128
DM-197,0.108566
DM-196,0.065128
DM-195,0.917303
DM-177,0.010818
DM-167,0.45423
DM-148,0.179243
DM-98,0.013223
DM-97,0.080647
DM-96,0.052231
DM-95,0.087564
DM-94,0.695752
DM-93,0.00483
DM-92,0.011961
DM-91,0.005469
DM-90,0.042722
DM-89,0.00629
DM-88,0.015189
DM-87,0.168857
DM-86,0.123789
DM-85,0.039937
DM-84,0.973443
DM-83,0.006693
DM-82,0.007461
DM-80,0.098773
DM-79,0.793746
DM-78,0.08819
DM-77,0.881615
DM-76,0.032344
DM-75,0.681303
DM-74,0.056236
DM-73,0.032101
DM-72,0.139396
DM-71,0.987759
DM-70,0.743168
DM-69,0.991554
DM-68,0.003824
DM-66,0.016153
DM-63,0.547464
DM-62,0.004007
DM-61,0.03259
DM-60,0.792143
DM-58,0.361503
DM-56,0.031859
DM-55,0.23092
DM-53,0.992304
DM-52,0.985936
DM-51,0.909586
DM-50,0.078078
DM-49,0.045016
DM-48,0.895157
DM-47,0.057493
DM-46,0.40028
DM-45,0.056652
DM-44,0.123366
DM-43,0.027585
DM-42,0.085099
DM-41,0.092033
DM-40,0.08389
DM-39,0.103386
DM-38,0.046034
DM-37,0.052619
DM-36,0.338952
DM-35,0.028436
DM-34,0.061199
DM-33,0.030676
DM-32,0.071332
DM-31,0.88642
DM-30,0.987568
DM-29,0.013223
DM-28,0.145601
DM-27,0.028653
DM-26,0.034619
DM-25,0.068289
DM-24,0.023689
DM-23,0.038178
DM-22,0.010014
DM-21,0.050331
DM-20,0.026759
DM-19,0.027376
DM-18,0.630344
DM-17,0.030215
DM-16,0.990292
DM-10,0.281998
DM-9,0.961534
DM-8,0.982014
DM-7,0.286169
DM-6,0.361503
DM-5,0.524882
DM-4,0.404272
DM-3,0.847463
DM-2,0.652989
DM-1,0.979036
