issue_key,prob_design
DNN-27698,0.070049
DNN-27697,0.040541
DNN-27696,0.043691
DNN-27695,0.087252
DNN-27694,0.064418
DNN-27688,0.059647
DNN-27687,0.09401
DNN-27686,0.32306
DNN-27681,0.032101
DNN-27676,0.052619
DNN-27673,0.073165
DNN-27669,0.039639
DNN-27662,0.029987
DNN-27660,0.028221
DNN-27659,0.038466
DNN-27654,0.031859
DNN-27652,0.478041
DNN-27650,0.021615
DNN-27649,0.027376
DNN-27648,0.396302
DNN-27647,0.119614
DNN-27645,0.056652
DNN-27632,0.054199
DNN-27631,0.037327
DNN-27630,0.020964
DNN-27629,0.070304
DNN-27628,0.078642
DNN-27621,0.149283
DNN-27590,0.026355
DNN-27589,0.045016
DNN-27587,0.050331
DNN-27582,0.030909
DNN-27579,0.066327
DNN-27560,0.051845
DNN-27559,0.049959
DNN-27558,0.024798
DNN-27557,0.073165
DNN-27556,0.050331
DNN-27545,0.046725
DNN-27544,0.028871
DNN-27525,0.024238
DNN-27522,0.039343
DNN-27520,0.022803
DNN-27519,0.047074
DNN-27517,0.030444
DNN-27515,0.028871
DNN-27514,0.221014
DNN-27492,0.043043
DNN-27481,0.097734
DNN-27463,0.06804
DNN-27461,0.065128
DNN-27448,0.038178
DNN-27444,0.257018
DNN-27438,0.036769
DNN-27424,0.048858
DNN-27408,0.017849
DNN-27406,0.108189
DNN-27401,0.043366
DNN-27399,0.067547
DNN-27398,0.028871
DNN-27397,0.076684
DNN-27396,0.048137
DNN-27395,0.059428
DNN-27394,0.032344
DNN-27381,0.038466
DNN-27380,0.038178
DNN-27355,0.024423
DNN-27354,0.032101
DNN-27344,0.03359
DNN-27332,0.073696
DNN-27330,0.082697
DNN-27328,0.089137
DNN-27320,0.219672
DNN-27319,0.039639
DNN-27313,0.056652
DNN-27305,0.058777
DNN-27303,0.075041
DNN-27292,0.196826
DNN-27284,0.045353
DNN-27262,0.057918
DNN-27260,0.063019
DNN-27254,0.022977
DNN-27253,0.034359
DNN-27246,0.699665
DNN-27244,0.078926
DNN-27237,0.353094
DNN-27233,0.258326
DNN-27211,0.023153
DNN-27210,0.040541
DNN-27209,0.047426
DNN-27208,0.158174
DNN-27204,0.077518
DNN-27195,0.084191
DNN-27188,0.048137
DNN-27184,0.040846
DNN-27181,0.066569
DNN-27175,0.042722
DNN-27173,0.025179
DNN-27171,0.128963
DNN-27164,0.446495
DNN-27163,0.034619
DNN-27162,0.063482
DNN-27129,0.241668
DNN-27128,0.064183
DNN-27118,0.345989
DNN-27116,0.070816
DNN-27115,0.041462
DNN-27111,0.027169
DNN-27109,0.07343
DNN-27107,0.063715
DNN-27072,0.379838
DNN-27071,0.357792
DNN-27058,0.0341
DNN-27057,0.060975
DNN-27056,0.086016
DNN-27051,0.026355
DNN-27050,0.057071
DNN-27046,0.013121
DNN-27045,0.044019
DNN-27020,0.072112
DNN-27019,0.096706
DNN-27018,0.044349
DNN-27017,0.132964
DNN-27016,0.019719
DNN-27014,0.094678
DNN-27013,0.025565
DNN-27004,0.055413
DNN-27003,0.033086
DNN-26996,0.045692
DNN-26995,0.08152
DNN-26994,0.103749
DNN-26983,0.122523
DNN-26966,0.042404
DNN-26963,0.051083
DNN-26958,0.025179
DNN-26941,0.049222
DNN-26932,0.071332
DNN-26930,0.068787
DNN-26928,0.050705
DNN-26927,0.204342
DNN-26919,0.046725
DNN-26906,0.029535
DNN-26905,0.059428
DNN-26858,0.038466
DNN-26856,0.040541
DNN-26852,0.065366
DNN-26850,0.291787
DNN-26848,0.322699
DNN-26847,0.271928
DNN-26844,0.030215
DNN-26843,0.025761
DNN-26839,0.139631
DNN-26831,0.295738
DNN-26829,0.05301
DNN-26820,0.241311
DNN-26816,0.207215
DNN-26811,0.037609
DNN-26810,0.487795
DNN-26808,0.074231
DNN-26791,0.055005
DNN-26778,0.044019
DNN-26777,0.047074
DNN-26775,0.228501
DNN-26765,0.029535
DNN-26755,0.050705
DNN-26751,0.028436
DNN-26749,0.018689
DNN-26738,0.213705
DNN-26733,0.05301
DNN-26730,0.138462
DNN-26722,0.724286
DNN-26721,0.030909
DNN-26720,0.041774
DNN-26719,0.044681
DNN-26717,0.318432
DNN-26716,0.071074
DNN-26715,0.077518
DNN-26714,0.174973
DNN-26711,0.105211
DNN-26710,0.126785
DNN-26709,0.151278
DNN-26708,0.325105
DNN-26701,0.07836
DNN-26696,0.03359
DNN-26694,0.051845
DNN-26682,0.082107
DNN-26660,0.05301
DNN-26659,0.060087
DNN-26658,0.045353
DNN-26657,0.180107
DNN-26656,0.058993
DNN-26653,0.029091
DNN-26643,0.107063
DNN-26638,0.332314
DNN-26637,0.058993
DNN-26622,0.047426
DNN-26617,0.04778
DNN-26613,0.086323
DNN-26612,0.050705
DNN-26602,0.055005
DNN-26598,0.093017
DNN-26585,0.085099
DNN-26565,0.041153
DNN-26558,0.04778
DNN-26549,0.044349
DNN-26542,0.023689
DNN-26538,0.044349
DNN-26537,0.066812
DNN-26536,0.068787
DNN-26535,0.028008
DNN-26534,0.047426
DNN-26528,0.056029
DNN-26527,0.042404
DNN-26526,0.165054
DNN-26525,0.038466
DNN-26523,0.028871
DNN-26515,0.042088
DNN-26509,0.045353
DNN-26508,0.048137
DNN-26504,0.5564
DNN-26494,0.060529
DNN-26491,0.023509
DNN-26490,0.048137
DNN-26482,0.020489
DNN-26481,0.022803
DNN-26479,0.046725
DNN-26474,0.033844
DNN-26468,0.056236
DNN-26462,0.02976
DNN-26461,0.166134
DNN-26445,0.123789
DNN-26442,0.033844
DNN-26441,0.057071
DNN-26434,0.045692
DNN-26426,0.115162
DNN-26425,0.032101
DNN-26424,0.05921
DNN-26420,0.137996
DNN-26418,0.054399
DNN-26414,0.051845
DNN-26408,0.044681
DNN-26397,0.137532
DNN-26385,0.055413
DNN-26382,0.036494
DNN-26379,0.178956
DNN-26364,0.038178
DNN-26363,0.063482
DNN-26349,0.020023
DNN-26337,0.033337
DNN-26330,0.069542
DNN-26329,0.043366
DNN-26286,0.040238
DNN-26271,0.022803
DNN-26267,0.047426
DNN-26266,0.040238
DNN-26254,0.028436
DNN-26252,0.140808
DNN-26248,0.146331
DNN-26246,0.363534
DNN-26245,0.36977
DNN-26237,0.051083
DNN-26235,0.666768
DNN-26234,0.032101
DNN-26233,0.059866
DNN-26222,0.042404
DNN-26215,0.045353
DNN-26207,0.075041
DNN-26203,0.075858
DNN-26198,0.540439
DNN-26193,0.056862
DNN-26189,0.030444
DNN-26184,0.026557
DNN-26183,0.058346
DNN-26179,0.057071
DNN-26159,0.029535
DNN-26152,0.044019
DNN-26151,0.033337
DNN-26144,0.053403
DNN-26137,0.567937
DNN-26136,0.031619
DNN-26135,0.045353
DNN-26127,0.144149
DNN-26126,0.026964
DNN-26125,0.06165
DNN-26106,0.097734
DNN-26100,0.033086
DNN-26088,0.024988
DNN-26086,0.055413
DNN-26085,0.066569
DNN-26077,0.03138
DNN-26074,0.022629
DNN-26073,0.033844
DNN-26072,0.03138
DNN-26071,0.049959
DNN-26066,0.042404
DNN-26064,0.075041
DNN-26063,0.056652
DNN-26056,0.037047
DNN-26053,0.296654
DNN-26046,0.871912
DNN-26044,0.036494
DNN-26042,0.029312
DNN-26041,0.035145
DNN-26040,0.061876
DNN-26037,0.022117
DNN-26036,0.040541
DNN-26035,0.042404
DNN-26025,0.028871
DNN-26024,0.028008
DNN-26023,0.028653
DNN-26019,0.064183
DNN-26003,0.025761
DNN-26002,0.053403
DNN-25997,0.036494
DNN-25991,0.039343
DNN-25978,0.023689
DNN-25964,0.183594
DNN-25963,0.022286
DNN-25947,0.044019
DNN-25946,0.06804
DNN-25945,0.045016
DNN-25944,0.226612
DNN-25943,0.037609
DNN-25942,0.075312
DNN-25941,0.193452
DNN-25927,0.096025
DNN-25926,0.050331
DNN-25911,0.033337
DNN-25896,0.034619
DNN-25887,0.211091
DNN-25878,0.044681
DNN-25868,0.092033
DNN-25866,0.03259
DNN-25858,0.193147
DNN-25853,0.185652
DNN-25852,0.029091
DNN-25851,0.049959
DNN-25850,0.039048
DNN-25837,0.050705
DNN-25828,0.050331
DNN-25827,0.037609
DNN-25824,0.451327
DNN-25819,0.076132
DNN-25812,0.039343
DNN-25803,0.022286
DNN-25798,0.025565
DNN-25797,0.03622
DNN-25795,0.092033
DNN-25794,0.058346
DNN-25792,0.078078
DNN-25784,0.020332
DNN-25772,0.082994
DNN-25771,0.072637
DNN-25770,0.105579
DNN-25764,0.06256
DNN-25763,0.047074
DNN-25761,0.037047
DNN-25759,0.335419
DNN-25741,0.045692
DNN-25740,0.040846
DNN-25725,0.098425
DNN-25722,0.677367
DNN-25716,0.048137
DNN-25715,0.035679
DNN-25714,0.122944
DNN-25710,0.068537
DNN-25707,0.044349
DNN-25691,0.100172
DNN-25686,0.033086
DNN-25668,0.335405
DNN-25667,0.044019
DNN-25666,0.099121
DNN-25648,0.075312
DNN-25647,0.040846
DNN-25646,0.067056
DNN-25637,0.035411
DNN-25626,0.017442
DNN-25616,0.150278
DNN-25613,0.183009
DNN-25612,0.255901
DNN-25611,0.032344
DNN-25596,0.074231
DNN-25584,0.060308
DNN-25579,0.030909
DNN-25572,0.037609
DNN-25569,0.070049
DNN-25566,0.056236
DNN-25554,0.362743
DNN-25553,0.038756
DNN-25545,0.169131
DNN-25533,0.030215
DNN-25532,0.043043
DNN-25508,0.041462
DNN-25476,0.038466
DNN-25463,0.042088
DNN-25462,0.057918
DNN-25459,0.045353
DNN-25449,0.089455
DNN-25448,0.056444
DNN-25447,0.057071
DNN-25446,0.030676
DNN-25445,0.032837
DNN-25444,0.028653
DNN-25443,0.024988
DNN-25434,0.173009
DNN-25429,0.120026
DNN-25425,0.05301
DNN-25424,0.019719
DNN-25423,0.832237
DNN-25422,0.057282
DNN-25421,0.040238
DNN-25411,0.040846
DNN-25410,0.408513
DNN-25401,0.028221
DNN-25400,0.033086
DNN-25396,0.091058
DNN-25381,0.057705
DNN-25369,0.032101
DNN-25367,0.051463
DNN-25364,0.107437
DNN-25360,0.112405
DNN-25355,0.071332
DNN-25350,0.036494
DNN-25349,0.031144
DNN-25348,0.040238
DNN-25339,0.013121
DNN-25337,0.044349
DNN-25335,0.037327
DNN-25334,0.026557
DNN-25332,0.033844
DNN-25331,0.025565
DNN-25328,0.028221
DNN-25320,0.301773
DNN-25319,0.023153
DNN-25318,0.112016
DNN-25313,0.043691
DNN-25309,0.056236
DNN-25299,0.039048
DNN-25291,0.457137
DNN-25281,0.012625
DNN-25279,0.336658
DNN-25273,0.091382
DNN-25272,0.051463
DNN-25271,0.049959
DNN-25270,0.051845
DNN-25256,0.075858
DNN-25254,0.08152
DNN-25241,0.041774
DNN-25231,0.036494
DNN-25230,0.023689
DNN-25228,0.057493
DNN-25188,0.029091
DNN-25186,0.022286
DNN-25183,0.017045
DNN-25179,0.042404
DNN-25176,0.054601
DNN-25174,0.035679
DNN-25172,0.016915
DNN-25166,0.100172
DNN-25163,0.087564
DNN-25145,0.030909
DNN-25134,0.050331
DNN-25133,0.060087
DNN-25132,0.048858
DNN-25119,0.057493
DNN-25118,0.036769
DNN-25107,0.051083
DNN-25101,0.064183
DNN-25100,0.070304
DNN-25099,0.090414
DNN-25098,0.053403
DNN-25097,0.008985
DNN-25093,0.030909
DNN-25073,0.158435
DNN-25069,0.041774
DNN-25055,0.043043
DNN-25041,0.188324
DNN-25038,0.176388
DNN-25030,0.049222
DNN-25024,0.049959
DNN-25021,0.039048
DNN-25000,0.112016
DNN-24997,0.220342
DNN-24995,0.126569
DNN-24990,0.047074
DNN-24989,0.043043
DNN-24988,0.081228
DNN-24984,0.037609
DNN-24983,0.067547
DNN-24982,0.064183
DNN-24969,0.036769
DNN-24965,0.118385
DNN-24964,0.057918
DNN-24960,0.417984
DNN-24959,0.086016
DNN-24956,0.051083
DNN-24941,0.031144
DNN-24938,0.028653
DNN-24932,0.07836
DNN-24931,0.07056
DNN-24927,0.066812
DNN-24926,0.047074
DNN-24922,0.032101
DNN-24921,0.125923
DNN-24920,0.094343
DNN-24919,0.035948
DNN-24914,0.069038
DNN-24911,0.04778
DNN-24903,0.417509
DNN-24900,0.06256
DNN-24899,0.494629
DNN-24898,0.058993
DNN-24896,0.141994
DNN-24894,0.039639
DNN-24889,0.036769
DNN-24888,0.028653
DNN-24885,0.039937
DNN-24884,0.041774
DNN-24883,0.043691
DNN-24881,0.151278
DNN-24879,0.259075
DNN-24866,0.020177
DNN-24851,0.263031
DNN-24848,0.114765
DNN-24847,0.08882
DNN-24845,0.023871
DNN-24835,0.047426
DNN-24834,0.032101
DNN-24833,0.040541
DNN-24824,0.059428
DNN-24815,0.213377
DNN-24806,0.048137
DNN-24781,0.029312
DNN-24780,0.036769
DNN-24779,0.036769
DNN-24767,0.105948
DNN-24764,0.063251
DNN-24760,0.037327
DNN-24756,0.040541
DNN-24751,0.032344
DNN-24748,0.037047
DNN-24746,0.047074
DNN-24738,0.082402
DNN-24737,0.344443
DNN-24736,0.256646
DNN-24735,0.282196
DNN-24731,0.041774
DNN-24730,0.026964
DNN-24729,0.153549
DNN-24728,0.066812
DNN-24725,0.060308
DNN-24724,0.045353
DNN-24704,0.026557
DNN-24703,0.040846
DNN-24701,0.115961
DNN-24699,0.035145
DNN-24697,0.065128
DNN-24695,0.683842
DNN-24694,0.036769
DNN-24693,0.048137
DNN-24688,0.084191
DNN-24682,0.046725
DNN-24680,0.063715
DNN-24673,0.045353
DNN-24672,0.045692
DNN-24671,0.060529
DNN-24664,0.055823
DNN-24636,0.066812
DNN-24634,0.028221
DNN-24632,0.132066
DNN-24628,0.089773
DNN-24627,0.034619
DNN-24626,0.041462
DNN-24613,0.081813
DNN-24611,0.466116
DNN-24610,0.425844
DNN-24587,0.040238
DNN-24586,0.165863
DNN-24577,0.026964
DNN-24571,0.023689
DNN-24568,0.141519
DNN-24539,0.025957
DNN-24532,0.028221
DNN-24531,0.087876
DNN-24524,0.061876
DNN-24523,0.045692
DNN-24521,0.026355
DNN-24520,0.051463
DNN-24519,0.073165
DNN-24518,0.029535
DNN-24517,0.043043
DNN-24515,0.046378
DNN-24514,0.054199
DNN-24513,0.078926
DNN-24512,0.073165
DNN-24511,0.075585
DNN-24510,0.065845
DNN-24509,0.064183
DNN-24508,0.066085
DNN-24507,0.039048
DNN-24506,0.096706
DNN-24505,0.033086
DNN-24504,0.070304
DNN-24503,0.653151
DNN-24502,0.045692
DNN-24501,0.034619
DNN-24500,0.024054
DNN-24498,0.403332
DNN-24496,0.05301
DNN-24490,0.039639
DNN-24489,0.071591
DNN-24488,0.041462
DNN-24485,0.163179
DNN-24483,0.106691
DNN-24482,0.211743
DNN-24481,0.100172
DNN-24478,0.027376
DNN-24476,0.494629
DNN-24475,0.107437
DNN-24470,0.333849
DNN-24465,0.045016
DNN-24464,0.075585
DNN-24455,0.104112
DNN-24448,0.040541
DNN-24447,0.021948
DNN-24446,0.041774
DNN-24445,0.025565
DNN-24442,0.035679
DNN-24423,0.079496
DNN-24422,0.129843
DNN-24420,0.121269
DNN-24411,0.02976
DNN-24404,0.042722
DNN-24394,0.035411
DNN-24392,0.022977
DNN-24377,0.055823
DNN-24374,0.040541
DNN-24369,0.066569
DNN-24367,0.046725
DNN-24363,0.05301
DNN-24355,0.022629
DNN-24353,0.056862
DNN-24352,0.366476
DNN-24351,0.3422
DNN-24349,0.100525
DNN-24346,0.091707
DNN-24344,0.386532
DNN-24343,0.5083
DNN-24342,0.553747
DNN-24337,0.045353
DNN-24335,0.025957
DNN-24334,0.214856
DNN-24333,0.337013
DNN-24332,0.024798
DNN-24330,0.080937
DNN-24329,0.065366
DNN-24328,0.062103
DNN-24327,0.023689
DNN-24326,0.100525
DNN-24316,0.139631
DNN-24315,0.050705
DNN-24308,0.115961
DNN-24301,0.071074
DNN-24299,0.041153
DNN-24295,0.024238
DNN-24285,0.049589
DNN-24280,0.118385
DNN-24279,0.013532
DNN-24271,0.061876
DNN-24270,0.03138
DNN-24269,0.033337
DNN-24268,0.02976
DNN-24267,0.046034
DNN-24266,0.035411
DNN-24264,0.06165
DNN-24262,0.079496
DNN-24260,0.026355
DNN-24258,0.044681
DNN-24255,0.049589
DNN-24251,0.039048
DNN-24250,0.06489
DNN-24249,0.034619
DNN-24246,0.029091
DNN-24238,0.045353
DNN-24237,0.024798
DNN-24235,0.046725
DNN-24232,0.041462
DNN-24231,0.040846
DNN-24228,0.159217
DNN-24227,0.032344
DNN-24226,0.056236
DNN-24225,0.51562
DNN-24224,0.033086
DNN-24223,0.435181
DNN-24222,0.036769
DNN-24220,0.017577
DNN-24218,0.062331
DNN-24216,0.024238
DNN-24215,0.023331
DNN-24214,0.063019
DNN-24213,0.14247
DNN-24212,0.043691
DNN-24211,0.045016
DNN-24210,0.090093
DNN-24208,0.051463
DNN-24204,0.065845
DNN-24197,0.035145
DNN-24195,0.045353
DNN-24191,0.0538
DNN-24189,0.050331
DNN-24187,0.021781
DNN-24186,0.050705
DNN-24168,0.028221
DNN-24165,0.025761
DNN-24164,0.048858
DNN-24162,0.027796
DNN-24161,0.051083
DNN-24153,0.043691
DNN-24152,0.048858
DNN-24151,0.065128
DNN-24148,0.051083
DNN-24145,0.113187
DNN-24144,0.278257
DNN-24143,0.037047
DNN-24141,0.039343
DNN-24139,0.031859
DNN-24138,0.033844
DNN-24136,0.037047
DNN-24134,0.035411
DNN-24133,0.039343
DNN-24131,0.086323
DNN-24129,0.030909
DNN-24128,0.03359
DNN-24127,0.055005
DNN-24126,0.027796
DNN-24125,0.031619
DNN-24124,0.029312
DNN-24122,0.031144
DNN-24121,0.02976
DNN-24119,0.019871
DNN-24117,0.065605
DNN-24116,0.039937
DNN-24115,0.064418
DNN-24111,0.075041
DNN-24109,0.063948
DNN-24105,0.0341
DNN-24101,0.025761
DNN-24100,0.028871
DNN-24099,0.228501
DNN-24096,0.057282
DNN-24095,0.068289
DNN-24094,0.082107
DNN-24093,0.327547
DNN-24092,0.084493
DNN-24091,0.029535
DNN-24090,0.030909
DNN-24089,0.06489
DNN-24081,0.059428
DNN-24080,0.030676
DNN-24077,0.075312
DNN-24076,0.027796
DNN-24075,0.037327
DNN-24071,0.024054
DNN-24068,0.28587
DNN-24067,0.032837
DNN-24066,0.52683
DNN-24063,0.558086
DNN-24062,0.720368
DNN-24061,0.228673
DNN-24060,0.118793
DNN-24059,0.044681
DNN-24058,0.748904
DNN-24057,0.0538
DNN-24055,0.027796
DNN-24054,0.028436
DNN-24053,0.152284
DNN-24043,0.139866
DNN-24041,0.084191
DNN-24003,0.058346
DNN-24002,0.372391
DNN-24001,0.038178
DNN-23999,0.040846
DNN-23998,0.139866
DNN-23997,0.029091
DNN-23995,0.033844
DNN-23994,0.350866
DNN-23993,0.0341
DNN-23992,0.074231
DNN-23969,0.146575
DNN-23967,0.032101
DNN-23966,0.023153
DNN-23965,0.028221
DNN-23957,0.044349
DNN-23953,0.042404
DNN-23952,0.204978
DNN-23951,0.061424
DNN-23950,0.028653
DNN-23949,0.0341
DNN-23947,0.035411
DNN-23945,0.044349
DNN-23944,0.556882
DNN-23941,0.035948
DNN-23940,0.041774
DNN-23932,0.040846
DNN-23929,0.035679
DNN-23926,0.019569
DNN-23925,0.03622
DNN-23924,0.168857
DNN-23922,0.06256
DNN-23918,0.029091
DNN-23908,0.044019
DNN-23905,0.063482
DNN-23904,0.024238
DNN-23903,0.496094
DNN-23902,0.042088
DNN-23897,0.080647
DNN-23895,0.033086
DNN-23894,0.086942
DNN-23893,0.038756
DNN-23892,0.042722
DNN-23891,0.037327
DNN-23888,0.042404
DNN-23886,0.047074
DNN-23885,0.037047
DNN-23883,0.035948
DNN-23882,0.056652
DNN-23878,0.037327
DNN-23877,0.052619
DNN-23875,0.063251
DNN-23866,0.035948
DNN-23857,0.053403
DNN-23856,0.041774
DNN-23855,0.037609
DNN-23854,0.06256
DNN-23853,0.029987
DNN-23852,0.044681
DNN-23851,0.067547
DNN-23850,0.025565
DNN-23849,0.013428
DNN-23848,0.032101
DNN-23846,0.082697
DNN-23845,0.017986
DNN-23844,0.021781
DNN-23843,0.061199
DNN-23841,0.038466
DNN-23840,0.018405
DNN-23838,0.074231
DNN-23837,0.063019
DNN-23836,0.050331
DNN-23835,0.046034
DNN-23834,0.051463
DNN-23832,0.041774
DNN-23830,0.025565
DNN-23824,0.077518
DNN-23819,0.069289
DNN-23814,0.060308
DNN-23811,0.024988
DNN-23810,0.038756
DNN-23808,0.063715
DNN-23805,0.028221
DNN-23793,0.025179
DNN-23788,0.035411
DNN-23772,0.040846
DNN-23769,0.113973
DNN-23768,0.030909
DNN-23766,0.031144
DNN-23765,0.108189
DNN-23763,0.067056
DNN-23755,0.029091
DNN-23753,0.026156
DNN-23750,0.040238
DNN-23747,0.030215
DNN-23742,0.027796
DNN-23739,0.23634
DNN-23737,0.400749
DNN-23736,0.039639
DNN-23729,0.040238
DNN-23728,0.033337
DNN-23726,0.189221
DNN-23725,0.065128
DNN-23722,0.026355
DNN-23718,0.023871
DNN-23717,0.33066
DNN-23715,0.063948
DNN-23714,0.024988
DNN-23713,0.020646
DNN-23712,0.023153
DNN-23692,0.294798
DNN-23685,0.622459
DNN-23684,0.195287
DNN-23675,0.558086
DNN-23672,0.039343
DNN-23671,0.072374
DNN-23670,0.038178
DNN-23667,0.048137
DNN-23666,0.039048
DNN-23664,0.052231
DNN-23661,0.089455
DNN-23660,0.049222
DNN-23659,0.024988
DNN-23653,0.037327
DNN-23652,0.037892
DNN-23651,0.057493
DNN-23650,0.433262
DNN-23643,0.028653
DNN-23641,0.03359
DNN-23640,0.189521
DNN-23634,0.063019
DNN-23630,0.038178
DNN-23621,0.178956
DNN-23620,0.057493
DNN-23615,0.081228
DNN-23614,0.046725
DNN-23613,0.060529
DNN-23600,0.043043
DNN-23580,0.076408
DNN-23577,0.151529
DNN-23571,0.443359
DNN-23570,0.081813
DNN-23559,0.047074
DNN-23551,0.045692
DNN-23550,0.392104
DNN-23549,0.422028
DNN-23546,0.045692
DNN-23536,0.117978
DNN-23535,0.177811
DNN-23534,0.399109
DNN-23532,0.125493
DNN-23528,0.041774
DNN-23524,0.051463
DNN-23522,0.035948
DNN-23509,0.028653
DNN-23499,0.531696
DNN-23493,0.103386
DNN-23492,0.096706
DNN-23491,0.040238
DNN-23486,0.031859
DNN-23466,0.566019
DNN-23453,0.122523
DNN-23452,0.060087
DNN-23448,0.038178
DNN-23447,0.159217
DNN-23446,0.028221
DNN-23445,0.029312
DNN-23438,0.029091
DNN-23431,0.150278
DNN-23430,0.105948
DNN-23429,0.086323
DNN-23427,0.047074
DNN-23423,0.037892
DNN-23422,0.041153
DNN-23419,0.811078
DNN-23417,0.035948
DNN-23413,0.077797
DNN-23410,0.03359
DNN-23395,0.737158
DNN-23386,0.271059
DNN-23384,0.017442
DNN-23383,0.061876
DNN-23381,0.083292
DNN-23380,0.033086
DNN-23378,0.037892
DNN-23377,0.077518
DNN-23376,0.114369
DNN-23374,0.035411
DNN-23369,0.369088
DNN-23368,0.186539
DNN-23359,0.08152
DNN-23358,0.400515
DNN-23338,0.038466
DNN-23301,0.066085
DNN-23299,0.050705
DNN-23298,0.039639
DNN-23296,0.031144
DNN-23295,0.783988
DNN-23294,0.037327
DNN-23292,0.055823
DNN-23291,0.0538
DNN-23289,0.03622
DNN-23283,0.067547
DNN-23281,0.059647
DNN-23269,0.05301
DNN-23264,0.040541
DNN-23257,0.030215
DNN-23250,0.103024
DNN-23247,0.043043
DNN-23245,0.09947
DNN-23236,0.050705
DNN-23226,0.05301
DNN-23225,0.027376
DNN-23224,0.056029
DNN-23217,0.03359
DNN-23216,0.06256
DNN-23202,0.072374
DNN-23200,0.045353
DNN-23199,0.072374
DNN-23194,0.109325
DNN-23193,0.04778
DNN-23190,0.052619
DNN-23189,0.037892
DNN-23188,0.038466
DNN-23187,0.318962
DNN-23162,0.806243
DNN-23154,0.04778
DNN-23150,0.037327
DNN-23144,0.238639
DNN-23139,0.077518
DNN-23134,0.057918
DNN-23132,0.02461
DNN-23130,0.055005
DNN-23127,0.035679
DNN-23123,0.040846
DNN-23121,0.464173
DNN-23115,0.062103
DNN-23112,0.13707
DNN-23110,0.037327
DNN-23109,0.055005
DNN-23094,0.688678
DNN-23083,0.031619
DNN-23082,0.05921
DNN-23081,0.551815
DNN-23080,0.050705
DNN-23079,0.060087
DNN-23075,0.060529
DNN-23074,0.371365
DNN-23070,0.024798
DNN-23063,0.087876
DNN-23043,0.047426
DNN-23036,0.045692
DNN-23034,0.032101
DNN-23033,0.037892
DNN-23004,0.035411
DNN-22999,0.048137
DNN-22993,0.041462
DNN-22992,0.63641
DNN-22970,0.035948
DNN-22968,0.087564
DNN-22960,0.029987
DNN-22959,0.034881
DNN-22958,0.790207
DNN-22957,0.04778
DNN-22954,0.026557
DNN-22945,0.046725
DNN-22944,0.026156
DNN-22933,0.082697
DNN-22919,0.185947
DNN-22918,0.084191
DNN-22911,0.037327
DNN-22893,0.100172
DNN-22888,0.073696
DNN-22887,0.057071
DNN-22886,0.030909
DNN-22885,0.051463
DNN-22884,0.03259
DNN-22883,0.035948
DNN-22882,0.042404
DNN-22881,0.024238
DNN-22880,0.026964
DNN-22879,0.224906
DNN-22878,0.048137
DNN-22876,0.039048
DNN-22875,0.041153
DNN-22874,0.051845
DNN-22873,0.049589
DNN-22872,0.030909
DNN-22871,0.025761
DNN-22870,0.037327
DNN-22869,0.039937
DNN-22868,0.516108
DNN-22867,0.028871
DNN-22866,0.049222
DNN-22865,0.07477
DNN-22864,0.015425
DNN-22863,0.044681
DNN-22862,0.039937
DNN-22861,0.038178
DNN-22860,0.04778
DNN-22859,0.028436
DNN-22858,0.039639
DNN-22857,0.0341
DNN-22856,0.033844
DNN-22855,0.09236
DNN-22854,0.038756
DNN-22853,0.0341
DNN-22852,0.042088
DNN-22851,0.022629
DNN-22850,0.019719
DNN-22849,0.032101
DNN-22848,0.029091
DNN-22847,0.040846
DNN-22846,0.09401
DNN-22845,0.048496
DNN-22844,0.021451
DNN-22843,0.038756
DNN-22842,0.020489
DNN-22841,0.320476
DNN-22840,0.429669
DNN-22839,0.034881
DNN-22838,0.073165
DNN-22837,0.075585
DNN-22836,0.065845
DNN-22824,0.045016
DNN-22820,0.165054
DNN-22818,0.057282
DNN-22814,0.811974
DNN-22813,0.077797
DNN-22811,0.046034
DNN-22810,0.024238
DNN-22809,0.068787
DNN-22807,0.063715
DNN-22806,0.03138
DNN-22805,0.038466
DNN-22803,0.08882
DNN-22802,0.049222
DNN-22801,0.027796
DNN-22800,0.052231
DNN-22799,0.025565
DNN-22798,0.075585
DNN-22797,0.047426
DNN-22794,0.023871
DNN-22792,0.024238
DNN-22791,0.042088
DNN-22788,0.180974
DNN-22787,0.061199
DNN-22786,0.025371
DNN-22770,0.372163
DNN-22767,0.046725
DNN-22766,0.026964
DNN-22765,0.046034
DNN-22763,0.151028
DNN-22761,0.031619
DNN-22760,0.086016
DNN-22756,0.049589
DNN-22753,0.054399
DNN-22749,0.203549
DNN-22736,0.054199
DNN-22727,0.069289
DNN-22725,0.036769
DNN-22724,0.060975
DNN-22723,0.05301
DNN-22721,0.03622
DNN-22720,0.048137
DNN-22719,0.361165
DNN-22718,0.252384
DNN-22717,0.059866
DNN-22716,0.042404
DNN-22715,0.155591
DNN-22714,0.066327
DNN-22713,0.06489
DNN-22712,0.062331
DNN-22711,0.021451
DNN-22710,0.058132
DNN-22709,0.487307
DNN-22708,0.041153
DNN-22707,0.175256
DNN-22706,0.085404
DNN-22705,0.075858
DNN-22704,0.215021
DNN-22703,0.029091
DNN-22702,0.022803
DNN-22701,0.294621
DNN-22700,0.038756
DNN-22699,0.52829
DNN-22698,0.029987
DNN-22694,0.041774
DNN-22688,0.066569
DNN-22681,0.096706
DNN-22679,0.048137
DNN-22677,0.072637
DNN-22669,0.048137
DNN-22668,0.050705
DNN-22664,0.050331
DNN-22661,0.015306
DNN-22659,0.025565
DNN-22658,0.115961
DNN-22655,0.063482
DNN-22654,0.022629
DNN-22645,0.021948
DNN-22640,0.061876
DNN-22638,0.15662
DNN-22636,0.0538
DNN-22623,0.041153
DNN-22621,0.691914
DNN-22620,0.067301
DNN-22619,0.02976
DNN-22618,0.048858
DNN-22607,0.038466
DNN-22605,0.169681
DNN-22604,0.059866
DNN-22602,0.039048
DNN-22598,0.165323
DNN-22597,0.080647
DNN-22596,0.052619
DNN-22593,0.077239
DNN-22572,0.767341
DNN-22571,0.464416
DNN-22569,0.036494
DNN-22568,0.046034
DNN-22567,0.050705
DNN-22559,0.037047
DNN-22552,0.040846
DNN-22551,0.032837
DNN-22547,0.06256
DNN-22546,0.055823
DNN-22545,0.055823
DNN-22544,0.03138
DNN-22538,0.029091
DNN-22537,0.040846
DNN-22536,0.279681
DNN-22535,0.051845
DNN-22534,0.051845
DNN-22533,0.03622
DNN-22532,0.026964
DNN-22531,0.041153
DNN-22526,0.045016
DNN-22525,0.051463
DNN-22524,0.063948
DNN-22523,0.029987
DNN-22521,0.025957
DNN-22519,0.026964
DNN-22518,0.038756
DNN-22512,0.047074
DNN-22510,0.038466
DNN-22508,0.085099
DNN-22503,0.042088
DNN-22488,0.051845
DNN-22480,0.099121
DNN-22478,0.020804
DNN-22477,0.025565
DNN-22474,0.041774
DNN-22473,0.113187
DNN-22471,0.039639
DNN-22469,0.039639
DNN-22466,0.038178
DNN-22463,0.123789
DNN-22462,0.0745
DNN-22451,0.038466
DNN-22450,0.028653
DNN-22446,0.030444
DNN-22436,0.044681
DNN-22433,0.05921
DNN-22432,0.083591
DNN-22431,0.041153
DNN-22430,0.035679
DNN-22418,0.082402
DNN-22410,0.039048
DNN-22396,0.343012
DNN-22391,0.476092
DNN-22390,0.842345
DNN-22386,0.029535
DNN-22381,0.064418
DNN-22380,0.5794
DNN-22379,0.749087
DNN-22377,0.052619
DNN-22374,0.024054
DNN-22373,0.027585
DNN-22371,0.040846
DNN-22368,0.09947
DNN-22367,0.030215
DNN-22362,0.07056
DNN-22353,0.156105
DNN-22343,0.061876
DNN-22342,0.065605
DNN-22341,0.065605
DNN-22340,0.066569
DNN-22338,0.066569
DNN-22337,0.444806
DNN-22336,0.085709
DNN-22332,0.075041
DNN-22331,0.081228
DNN-22329,0.043366
DNN-22328,0.02976
DNN-22319,0.043691
DNN-22317,0.550124
DNN-22314,0.032101
DNN-22313,0.060752
DNN-22309,0.055618
DNN-22307,0.041153
DNN-22305,0.046725
DNN-22284,0.055618
DNN-22282,0.027169
DNN-22272,0.390476
DNN-22271,0.124639
DNN-22261,0.041462
DNN-22257,0.042722
DNN-22256,0.054601
DNN-22255,0.027169
DNN-22254,0.372391
DNN-22249,0.033337
DNN-22248,0.021615
DNN-22244,0.052231
DNN-22242,0.03622
DNN-22241,0.034359
DNN-22228,0.028008
DNN-22226,0.049222
DNN-22222,0.046034
DNN-22221,0.067793
DNN-22220,0.060752
DNN-22219,0.03359
DNN-22217,0.040846
DNN-22215,0.039343
DNN-22214,0.059866
DNN-22213,0.063019
DNN-22210,0.113973
DNN-22206,0.026759
DNN-22205,0.035411
DNN-22204,0.065366
DNN-22203,0.060752
DNN-22197,0.186243
DNN-22196,0.142709
DNN-22195,0.050331
DNN-22194,0.031619
DNN-22193,0.352759
DNN-22187,0.052231
DNN-22183,0.796292
DNN-22182,0.230746
DNN-22181,0.106319
DNN-22180,0.035145
DNN-22178,0.049222
DNN-22176,0.029535
DNN-22174,0.049959
DNN-22168,0.049589
DNN-22167,0.030909
DNN-22166,0.028008
DNN-22163,0.049959
DNN-22162,0.049959
DNN-22161,0.060975
DNN-22160,0.025179
DNN-22157,0.032344
DNN-22156,0.029987
DNN-22146,0.025371
DNN-22145,0.042088
DNN-22138,0.196518
DNN-22136,0.02976
DNN-22134,0.210766
DNN-22132,0.037047
DNN-22130,0.138928
DNN-22129,0.07836
DNN-22126,0.030676
DNN-22125,0.451085
DNN-22124,0.034881
DNN-22123,0.052231
DNN-22122,0.03622
DNN-22121,0.050705
DNN-22120,0.319944
DNN-22119,0.198685
DNN-22118,0.388154
DNN-22117,0.334729
DNN-22116,0.047074
DNN-22115,0.075312
DNN-22114,0.02461
DNN-22113,0.029987
DNN-22112,0.027169
DNN-22111,0.037327
DNN-22110,0.036769
DNN-22109,0.049222
DNN-22108,0.047426
DNN-22103,0.045016
DNN-22102,0.042722
DNN-22101,0.058993
DNN-22100,0.06489
DNN-22099,0.092688
DNN-22098,0.040238
DNN-22097,0.060752
DNN-22096,0.055823
DNN-22095,0.060752
DNN-22094,0.06256
DNN-22093,0.07343
DNN-22092,0.06804
DNN-22091,0.120853
DNN-22090,0.07343
DNN-22089,0.056236
DNN-22088,0.044019
DNN-22084,0.060975
DNN-22083,0.060087
DNN-22081,0.033844
DNN-22078,0.028871
DNN-22077,0.106319
DNN-22076,0.773559
DNN-22074,0.216674
DNN-22068,0.072637
DNN-22067,0.050331
DNN-22066,0.058346
DNN-22064,0.051463
DNN-22060,0.06804
DNN-22059,0.023331
DNN-22058,0.063251
DNN-22057,0.047426
DNN-22056,0.073963
DNN-22051,0.035411
DNN-22050,0.059866
DNN-22049,0.043691
DNN-22047,0.055005
DNN-22046,0.065605
DNN-22044,0.140336
DNN-22043,0.023331
DNN-22040,0.066569
DNN-22039,0.046034
DNN-22038,0.041774
DNN-22036,0.034619
DNN-22035,0.0341
DNN-22034,0.051463
DNN-22033,0.045016
DNN-22031,0.025179
DNN-22030,0.106319
DNN-22027,0.063251
DNN-22026,0.058346
DNN-22024,0.0745
DNN-22023,0.019569
DNN-22022,0.043366
DNN-22021,0.035411
DNN-22020,0.048496
DNN-22019,0.06256
DNN-22018,0.124213
DNN-22017,0.0729
DNN-22016,0.050705
DNN-22010,0.033086
DNN-22009,0.132066
DNN-22008,0.031619
DNN-22007,0.044019
DNN-22006,0.049222
DNN-22005,0.035679
DNN-22004,0.028221
DNN-22003,0.067547
DNN-22002,0.056029
DNN-22001,0.059647
DNN-22000,0.022286
DNN-21998,0.019271
DNN-21997,0.052231
DNN-21996,0.024423
DNN-21994,0.039639
DNN-21992,0.037609
DNN-21991,0.054601
DNN-21990,0.0538
DNN-21989,0.039048
DNN-21988,0.03259
DNN-21987,0.481941
DNN-21985,0.031144
DNN-21984,0.030909
DNN-21983,0.072112
DNN-21980,0.03622
DNN-21979,0.026759
DNN-21978,0.029091
DNN-21976,0.049589
DNN-21973,0.028871
DNN-21972,0.019124
DNN-21971,0.389198
DNN-21970,0.029987
DNN-21969,0.278747
DNN-21968,0.131619
DNN-21967,0.171061
DNN-21966,0.082107
DNN-21965,0.07836
DNN-21963,0.181553
DNN-21961,0.040238
DNN-21960,0.082697
DNN-21959,0.031144
DNN-21958,0.063019
DNN-21957,0.030215
DNN-21956,0.13707
DNN-21955,0.189221
DNN-21954,0.049959
DNN-21953,0.042722
DNN-21951,0.072374
DNN-21949,0.071591
DNN-21940,0.031619
DNN-21939,0.955651
DNN-21937,0.035679
DNN-21934,0.243822
DNN-21932,0.292494
DNN-21930,0.032101
DNN-21929,0.057282
DNN-21926,0.03138
DNN-21925,0.041774
DNN-21923,0.058993
DNN-21920,0.051463
DNN-21912,0.030444
DNN-21911,0.030444
DNN-21906,0.029535
DNN-21903,0.041153
DNN-21902,0.055823
DNN-21901,0.263031
DNN-21900,0.061199
DNN-21899,0.041774
DNN-21896,0.179531
DNN-21895,0.03259
DNN-21893,0.020804
DNN-21891,0.041462
DNN-21890,0.035411
DNN-21887,0.684686
DNN-21886,0.029091
DNN-21885,0.03359
DNN-21884,0.037047
DNN-21877,0.278846
DNN-21876,0.027376
DNN-21875,0.066085
DNN-21874,0.450843
DNN-21873,0.048858
DNN-21872,0.029091
DNN-21866,0.062789
DNN-21864,0.069542
DNN-21863,0.035145
DNN-21860,0.033844
DNN-21855,0.035145
DNN-21854,0.042088
DNN-21852,0.020332
DNN-21851,0.046378
DNN-21850,0.726426
DNN-21849,0.112016
DNN-21848,0.047426
DNN-21846,0.095013
DNN-21839,0.107063
DNN-21838,0.027376
DNN-21837,0.041462
DNN-21836,0.045692
DNN-21835,0.024238
DNN-21834,0.041462
DNN-21828,0.040846
DNN-21821,0.036494
DNN-21819,0.041774
DNN-21817,0.038178
DNN-21814,0.049589
DNN-21813,0.037327
DNN-21812,0.026557
DNN-21810,0.031859
DNN-21809,0.053403
DNN-21808,0.079782
DNN-21807,0.05921
DNN-21806,0.044681
DNN-21805,0.058561
DNN-21804,0.035411
DNN-21802,0.037327
DNN-21801,0.118793
DNN-21800,0.028008
DNN-21799,0.015785
DNN-21794,0.651973
DNN-21791,0.042722
DNN-21790,0.159741
DNN-21789,0.028436
DNN-21788,0.058561
DNN-21784,0.070816
DNN-21783,0.025761
DNN-21782,0.151278
DNN-21781,0.034881
DNN-21780,0.050705
DNN-21776,0.055618
DNN-21774,0.059647
DNN-21771,0.038466
DNN-21770,0.025761
DNN-21764,0.457621
DNN-21761,0.109325
DNN-21760,0.061424
DNN-21758,0.055823
DNN-21756,0.090093
DNN-21755,0.046378
DNN-21752,0.036769
DNN-21751,0.081813
DNN-21750,0.080937
DNN-21749,0.297878
DNN-21747,0.029091
DNN-21746,0.102664
DNN-21745,0.184768
DNN-21744,0.107437
DNN-21743,0.018978
DNN-21738,0.06256
DNN-21737,0.134094
DNN-21736,0.052231
DNN-21734,0.036769
DNN-21733,0.829492
DNN-21731,0.024238
DNN-21730,0.401688
DNN-21729,0.174129
DNN-21728,0.229018
DNN-21726,0.029091
DNN-21725,0.022286
DNN-21724,0.029091
DNN-21723,0.082994
DNN-21722,0.066812
DNN-21721,0.057493
DNN-21720,0.023509
DNN-21719,0.058777
DNN-21714,0.081228
DNN-21713,0.063019
DNN-21712,0.038756
DNN-21708,0.042722
DNN-21704,0.054601
DNN-21703,0.03259
DNN-21702,0.091058
DNN-21700,0.022977
DNN-21699,0.027376
DNN-21697,0.030215
DNN-21696,0.026759
DNN-21695,0.037892
DNN-21694,0.050705
DNN-21692,0.051845
DNN-21691,0.037047
DNN-21690,0.062103
DNN-21687,0.051845
DNN-21686,0.031859
DNN-21684,0.038178
DNN-21683,0.082697
DNN-21679,0.041462
DNN-21678,0.031619
DNN-21677,0.251648
DNN-21675,0.041153
DNN-21669,0.07343
DNN-21668,0.072637
DNN-21667,0.153803
DNN-21666,0.018264
DNN-21665,0.023871
DNN-21664,0.066812
DNN-21663,0.020177
DNN-21662,0.034881
DNN-21661,0.091382
DNN-21660,0.049959
DNN-21657,0.059428
DNN-21655,0.040238
DNN-21654,0.082697
DNN-21653,0.03138
DNN-21652,0.806548
DNN-21649,0.259263
DNN-21647,0.049222
DNN-21642,0.077518
DNN-21641,0.021125
DNN-21640,0.03622
DNN-21639,0.047074
DNN-21638,0.05301
DNN-21637,0.060087
DNN-21634,0.062103
DNN-21632,0.03259
DNN-21631,0.036494
DNN-21630,0.117572
DNN-21629,0.04778
DNN-21628,0.045353
DNN-21627,0.053403
DNN-21625,0.056652
DNN-21624,0.058132
DNN-21623,0.034619
DNN-21622,0.044019
DNN-21621,0.039048
DNN-21620,0.051845
DNN-21619,0.757077
DNN-21618,0.027796
DNN-21612,0.063019
DNN-21609,0.154567
DNN-21605,0.037327
DNN-21604,0.020804
DNN-21602,0.059647
DNN-21601,0.045353
DNN-21599,0.054601
DNN-21598,0.035411
DNN-21597,0.122944
DNN-21596,0.050331
DNN-21595,0.08882
DNN-21594,0.039937
DNN-21593,0.210442
DNN-21592,0.165054
DNN-21589,0.098079
DNN-21588,0.040846
DNN-21586,0.069542
DNN-21585,0.04778
DNN-21584,0.085404
DNN-21583,0.131173
DNN-21582,0.026759
DNN-21581,0.049959
DNN-21580,0.045016
DNN-21579,0.037047
DNN-21578,0.047074
DNN-21577,0.050705
DNN-21574,0.027376
DNN-21573,0.035948
DNN-21571,0.040846
DNN-21570,0.052231
DNN-21569,0.028871
DNN-21568,0.0341
DNN-21567,0.030215
DNN-21564,0.479016
DNN-21563,0.040541
DNN-21561,0.053403
DNN-21556,0.040238
DNN-21555,0.033337
DNN-21554,0.056236
DNN-21553,0.027376
DNN-21552,0.06804
DNN-21551,0.082994
DNN-21550,0.075585
DNN-21548,0.058346
DNN-21547,0.051845
DNN-21543,0.139396
DNN-21542,0.03138
DNN-21540,0.156878
DNN-21538,0.037047
DNN-21535,0.054803
DNN-21533,0.048137
DNN-21532,0.043366
DNN-21527,0.038178
DNN-21526,0.062789
DNN-21525,0.05301
DNN-21524,0.535584
DNN-21522,0.076408
DNN-21521,0.118385
DNN-21517,0.232136
DNN-21516,0.051845
DNN-21513,0.164516
DNN-21512,0.234231
DNN-21510,0.034881
DNN-21509,0.029091
DNN-21507,0.685634
DNN-21506,0.057071
DNN-21505,0.07056
DNN-21503,0.049222
DNN-21502,0.260766
DNN-21500,0.056652
DNN-21499,0.039048
DNN-21490,0.085099
DNN-21483,0.090093
DNN-21481,0.259826
DNN-21479,0.119614
DNN-21478,0.079782
DNN-21467,0.045353
DNN-21464,0.037047
DNN-21463,0.073165
DNN-21461,0.026964
DNN-21460,0.045353
DNN-21457,0.082107
DNN-21456,0.034359
DNN-21455,0.038178
DNN-21454,0.045692
DNN-21453,0.072374
DNN-21452,0.211743
DNN-21451,0.042088
DNN-21450,0.048137
DNN-21449,0.037327
DNN-21448,0.037047
DNN-21447,0.038756
DNN-21446,0.051463
DNN-21445,0.055823
DNN-21444,0.223886
DNN-21441,0.030909
DNN-21440,0.07343
DNN-21439,0.057918
DNN-21438,0.06804
DNN-21437,0.059647
DNN-21436,0.07056
DNN-21435,0.047426
DNN-21434,0.058777
DNN-21432,0.05301
DNN-21431,0.037892
DNN-21430,0.030676
DNN-21429,0.056652
DNN-21427,0.065845
DNN-21426,0.05301
DNN-21423,0.06489
DNN-21421,0.199932
DNN-21420,0.248352
DNN-21419,0.100172
DNN-21418,0.13569
DNN-21417,0.17245
DNN-21416,0.073165
DNN-21415,0.183301
DNN-21414,0.087876
DNN-21413,0.739234
DNN-21412,0.513181
DNN-21408,0.037609
DNN-21406,0.04778
DNN-21403,0.03259
DNN-21400,0.026355
DNN-21399,0.041774
DNN-21398,0.095013
DNN-21397,0.023153
DNN-21396,0.020177
DNN-21395,0.024054
DNN-21394,0.02461
DNN-21391,0.058346
DNN-21389,0.050331
DNN-21388,0.06489
DNN-21387,0.64784
DNN-21383,0.227985
DNN-21382,0.681091
DNN-21380,0.096706
DNN-21378,0.070049
DNN-21377,0.054199
DNN-21376,0.0538
DNN-21375,0.094678
DNN-21374,0.035145
DNN-21373,0.052231
DNN-21371,0.094678
DNN-21370,0.027169
DNN-21369,0.091382
DNN-21368,0.064183
DNN-21367,0.030676
DNN-21366,0.032344
DNN-21363,0.037609
DNN-21361,0.059647
DNN-21360,0.065366
DNN-21359,0.068537
DNN-21356,0.066812
DNN-21354,0.055413
DNN-21353,0.104477
DNN-21352,0.036769
DNN-21350,0.062331
DNN-21349,0.045692
DNN-21348,0.037327
DNN-21346,0.093347
DNN-21345,0.223208
DNN-21344,0.13569
DNN-21343,0.122104
DNN-21342,0.038756
DNN-21341,0.060752
DNN-21340,0.034619
DNN-21339,0.035679
DNN-21338,0.064183
DNN-21337,0.033844
DNN-21336,0.033086
DNN-21335,0.049589
DNN-21334,0.050331
DNN-21333,0.041153
DNN-21332,0.037047
DNN-21331,0.053601
DNN-21328,0.09401
DNN-21326,0.04778
DNN-21325,0.844409
DNN-21323,0.093017
DNN-21321,0.928409
DNN-21320,0.064418
DNN-21319,0.042404
DNN-21318,0.134776
DNN-21314,0.055413
DNN-21313,0.037047
DNN-21312,0.082402
DNN-21311,0.063482
DNN-21309,0.03359
DNN-21308,0.785638
DNN-21306,0.049222
DNN-21305,0.026964
DNN-21303,0.065845
DNN-21300,0.028871
DNN-21299,0.34505
DNN-21298,0.048496
DNN-21297,0.785638
DNN-21296,0.037892
DNN-21294,0.039048
DNN-21292,0.071332
DNN-21289,0.318081
DNN-21288,0.045016
DNN-21286,0.058993
DNN-21285,0.058777
DNN-21284,0.040238
DNN-21282,0.039639
DNN-21280,0.054199
DNN-21277,0.027585
DNN-21276,0.039639
DNN-21274,0.040846
DNN-21272,0.052619
DNN-21271,0.072112
DNN-21269,0.090414
DNN-21268,0.040846
DNN-21266,0.148541
DNN-21264,0.038178
DNN-21263,0.050331
DNN-21261,0.045692
DNN-21258,0.25128
DNN-21257,0.043691
DNN-21256,0.033337
DNN-21255,0.038756
DNN-21254,0.037047
DNN-21253,0.038466
DNN-21252,0.057918
DNN-21251,0.048137
DNN-21250,0.046378
DNN-21248,0.023871
DNN-21247,0.026964
DNN-21246,0.076408
DNN-21245,0.567697
DNN-21243,0.053403
DNN-21242,0.061199
DNN-21240,0.100879
DNN-21237,0.033844
DNN-21235,0.106319
DNN-21234,0.033086
DNN-21232,0.035679
DNN-21228,0.053403
DNN-21225,0.195287
DNN-21223,0.043043
DNN-21221,0.037327
DNN-21220,0.050331
DNN-21219,0.019419
DNN-21216,0.061424
DNN-21215,0.031144
DNN-21214,0.03138
DNN-21213,0.06165
DNN-21212,0.033086
DNN-21211,0.045353
DNN-21210,0.035145
DNN-21208,0.030215
DNN-21207,0.076408
DNN-21205,0.062331
DNN-21204,0.042404
DNN-21203,0.027376
DNN-21200,0.038466
DNN-21198,0.044019
DNN-21192,0.336549
DNN-21191,0.361615
DNN-21190,0.039048
DNN-21187,0.036769
DNN-21186,0.067301
DNN-21185,0.107063
DNN-21184,0.017577
DNN-21183,0.017577
DNN-21182,0.030444
DNN-21180,0.054601
DNN-21179,0.035411
DNN-21178,0.033337
DNN-21177,0.047074
DNN-21176,0.040238
DNN-21175,0.041462
DNN-21174,0.024988
DNN-21173,0.084191
DNN-21171,0.028436
DNN-21170,0.187728
DNN-21169,0.030215
DNN-21168,0.055209
DNN-21167,0.46393
DNN-21166,0.070049
DNN-21165,0.04778
DNN-21164,0.040846
DNN-21163,0.306112
DNN-21162,0.086942
DNN-21161,0.159479
DNN-21160,0.07343
DNN-21159,0.089773
DNN-21158,0.066812
DNN-21157,0.096025
DNN-21153,0.128525
DNN-21151,0.120853
DNN-21150,0.049589
DNN-21149,0.025957
DNN-21148,0.028871
DNN-21147,0.078642
DNN-21146,0.098773
DNN-21140,0.039343
DNN-21139,0.027169
DNN-21138,0.0341
DNN-21137,0.030909
DNN-21136,0.602529
DNN-21134,0.075585
DNN-21133,0.03359
DNN-21132,0.031619
DNN-21130,0.300848
DNN-21129,0.058346
DNN-21128,0.588298
DNN-21127,0.049222
DNN-21126,0.069289
DNN-21125,0.026355
DNN-21123,0.036769
DNN-21122,0.048137
DNN-21120,0.031619
DNN-21118,0.042722
DNN-21116,0.046725
DNN-21115,0.048496
DNN-21114,0.037892
DNN-21113,0.047074
DNN-21110,0.023689
DNN-21107,0.064653
DNN-21101,0.03138
DNN-21097,0.037327
DNN-21096,0.045692
DNN-21094,0.045353
DNN-21093,0.091058
DNN-21092,0.085709
DNN-21091,0.049222
DNN-21089,0.0341
DNN-21088,0.036769
DNN-21087,0.035679
DNN-21086,0.032837
DNN-21084,0.030215
DNN-21082,0.084191
DNN-21081,0.035145
DNN-21080,0.066812
DNN-21079,0.055823
DNN-21078,0.051083
DNN-21077,0.031144
DNN-21075,0.020177
DNN-21074,0.082402
DNN-21073,0.061876
DNN-21072,0.037047
DNN-21071,0.038178
DNN-21070,0.039639
DNN-21069,0.021451
DNN-21066,0.034881
DNN-21065,0.039937
DNN-21064,0.02461
DNN-21063,0.030215
DNN-21061,0.063715
DNN-21060,0.484868
DNN-21058,0.067056
DNN-21057,0.067793
DNN-21054,0.046378
DNN-21053,0.019871
DNN-21052,0.028221
DNN-21051,0.040846
DNN-21050,0.13569
DNN-21049,0.050331
DNN-21048,0.040541
DNN-21047,0.087564
DNN-21039,0.03359
DNN-21036,0.055005
DNN-21035,0.042404
DNN-21034,0.047074
DNN-21033,0.030909
DNN-21032,0.028653
DNN-21030,0.291586
DNN-21029,0.036769
DNN-21028,0.145115
DNN-21027,0.030444
DNN-21025,0.043366
DNN-21023,0.067056
DNN-21022,0.03359
DNN-21021,0.030909
DNN-21020,0.595963
DNN-21019,0.140336
DNN-21017,0.037892
DNN-21016,0.033086
DNN-21015,0.774583
DNN-21014,0.325655
DNN-21013,0.075858
DNN-21012,0.400749
DNN-21011,0.203708
DNN-21010,0.133415
DNN-21009,0.052619
DNN-21008,0.287405
DNN-21006,0.120853
DNN-21003,0.560012
DNN-21002,0.030909
DNN-21001,0.08882
DNN-21000,0.086016
DNN-20999,0.044681
DNN-20998,0.052231
DNN-20996,0.041153
DNN-20995,0.038466
DNN-20994,0.03622
DNN-20992,0.086016
DNN-20991,0.039048
DNN-20986,0.052619
DNN-20985,0.306916
DNN-20984,0.380529
DNN-20983,0.109706
DNN-20980,0.045016
DNN-20979,0.058777
DNN-20978,0.049589
DNN-20977,0.048496
DNN-20976,0.050705
DNN-20975,0.058777
DNN-20974,0.055823
DNN-20973,0.056444
DNN-20972,0.020964
DNN-20971,0.043043
DNN-20970,0.037327
DNN-20969,0.044681
DNN-20968,0.024798
DNN-20967,0.053403
DNN-20966,0.069289
DNN-20965,0.045016
DNN-20964,0.039937
DNN-20963,0.23092
DNN-20962,0.052619
DNN-20960,0.148294
DNN-20956,0.035948
DNN-20953,0.109706
DNN-20952,0.189521
DNN-20951,0.051463
DNN-20950,0.045353
DNN-20945,0.048137
DNN-20941,0.043043
DNN-20938,0.745398
DNN-20937,0.046034
DNN-20935,0.040846
DNN-20934,0.340204
DNN-20932,0.070816
DNN-20929,0.057071
DNN-20928,0.082697
DNN-20927,0.058132
DNN-20926,0.045016
DNN-20925,0.040846
DNN-20922,0.060087
DNN-20908,0.046378
DNN-20907,0.040238
DNN-20906,0.067301
DNN-20905,0.034881
DNN-20903,0.05921
DNN-20902,0.062789
DNN-20900,0.079496
DNN-20899,0.025179
DNN-20898,0.017045
DNN-20897,0.035411
DNN-20896,0.021125
DNN-20895,0.014504
DNN-20894,0.014504
DNN-20893,0.019871
DNN-20892,0.480479
DNN-20891,0.038466
DNN-20890,0.175538
DNN-20889,0.281801
DNN-20887,0.040846
DNN-20886,0.146087
DNN-20885,0.166134
DNN-20884,0.041774
DNN-20883,0.034359
DNN-20880,0.034619
DNN-20879,0.047074
DNN-20877,0.083591
DNN-20876,0.028008
DNN-20875,0.087252
DNN-20874,0.043366
DNN-20873,0.035411
DNN-20870,0.045353
DNN-20866,0.031619
DNN-20864,0.045016
DNN-20861,0.044681
DNN-20860,0.761361
DNN-20859,0.035679
DNN-20858,0.053403
DNN-20857,0.049959
DNN-20855,0.033337
DNN-20847,0.260201
DNN-20846,0.043043
DNN-20844,0.049589
DNN-20843,0.040541
DNN-20841,0.075041
DNN-20840,0.069542
DNN-20839,0.066327
DNN-20838,0.046034
DNN-20837,0.076408
DNN-20834,0.035948
DNN-20833,0.026759
DNN-20832,0.032344
DNN-20831,0.045353
DNN-20830,0.043691
DNN-20829,0.104843
DNN-20828,0.039343
DNN-20827,0.060087
DNN-20823,0.045016
DNN-20822,0.045016
DNN-20821,0.070304
DNN-20820,0.043366
DNN-20818,0.07477
DNN-20817,0.064418
DNN-20816,0.07921
DNN-20815,0.060308
DNN-20814,0.043043
DNN-20813,0.049959
DNN-20812,0.064653
DNN-20811,0.086323
DNN-20810,0.06256
DNN-20809,0.752013
DNN-20808,0.034619
DNN-20807,0.057918
DNN-20806,0.580828
DNN-20805,0.069542
DNN-20804,0.086016
DNN-20803,0.048137
DNN-20802,0.026557
DNN-20801,0.040846
DNN-20800,0.067793
DNN-20796,0.043691
DNN-20795,0.047074
DNN-20793,0.036494
DNN-20792,0.026759
DNN-20791,0.040541
DNN-20789,0.174973
DNN-20788,0.061876
DNN-20787,0.051463
DNN-20786,0.03138
DNN-20785,0.067056
DNN-20784,0.060975
DNN-20783,0.03622
DNN-20782,0.043043
DNN-20781,0.026964
DNN-20777,0.063482
DNN-20776,0.114765
DNN-20775,0.167491
DNN-20774,0.045692
DNN-20773,0.486819
DNN-20772,0.050331
DNN-20771,0.067056
DNN-20770,0.023331
DNN-20767,0.051083
DNN-20765,0.122523
DNN-20763,0.030909
DNN-20762,0.048496
DNN-20760,0.122944
DNN-20758,0.045353
DNN-20755,0.040541
DNN-20754,0.031619
DNN-20753,0.043691
DNN-20752,0.041153
DNN-20751,0.033086
DNN-20750,0.048496
DNN-20749,0.05301
DNN-20747,0.024988
DNN-20746,0.165323
DNN-20744,0.247805
DNN-20743,0.38549
DNN-20742,0.071332
DNN-20741,0.059647
DNN-20739,0.134776
DNN-20736,0.06804
DNN-20733,0.038178
DNN-20732,0.847463
DNN-20731,0.037047
DNN-20730,0.092033
DNN-20729,0.05301
DNN-20728,0.091707
DNN-20727,0.024988
DNN-20726,0.046034
DNN-20725,0.049959
DNN-20724,0.092688
DNN-20723,0.030444
DNN-20722,0.02976
DNN-20721,0.033844
DNN-20720,0.110471
DNN-20719,0.032344
DNN-20718,0.050331
DNN-20717,0.03138
DNN-20716,0.035679
DNN-20715,0.050331
DNN-20714,0.03138
DNN-20713,0.057071
DNN-20712,0.029535
DNN-20711,0.044019
DNN-20710,0.050705
DNN-20709,0.033337
DNN-20708,0.78233
DNN-20707,0.566738
DNN-20706,0.072637
DNN-20705,0.058346
DNN-20704,0.033337
DNN-20703,0.042088
DNN-20702,0.086016
DNN-20697,0.048858
DNN-20692,0.427516
DNN-20691,0.038178
DNN-20690,0.058346
DNN-20689,0.029312
DNN-20685,0.082402
DNN-20683,0.02976
DNN-20682,0.192539
DNN-20681,0.034359
DNN-20680,0.034619
DNN-20679,0.034359
DNN-20678,0.038178
DNN-20677,0.06489
DNN-20676,0.060529
DNN-20675,0.06165
DNN-20674,0.030215
DNN-20672,0.030444
DNN-20671,0.047426
DNN-20670,0.039048
DNN-20669,0.041153
DNN-20664,0.048137
DNN-20663,0.099121
DNN-20660,0.489259
DNN-20659,0.076408
DNN-20658,0.366703
DNN-20657,0.037609
DNN-20656,0.053403
DNN-20655,0.051083
DNN-20654,0.092033
DNN-20653,0.0745
DNN-20652,0.060087
DNN-20651,0.051463
DNN-20650,0.690559
DNN-20649,0.122104
DNN-20648,0.026557
DNN-20647,0.09739
DNN-20646,0.219003
DNN-20645,0.02461
DNN-20644,0.014957
DNN-20642,0.060087
DNN-20641,0.230746
DNN-20640,0.049959
DNN-20633,0.033086
DNN-20632,0.067547
DNN-20631,0.021615
DNN-20628,0.037047
DNN-20627,0.041462
DNN-20626,0.067056
DNN-20625,0.672439
DNN-20624,0.031859
DNN-20623,0.056652
DNN-20622,0.034881
DNN-20621,0.048137
DNN-20620,0.295382
DNN-20619,0.0745
DNN-20618,0.049222
DNN-20614,0.053403
DNN-20612,0.048496
DNN-20611,0.053403
DNN-20610,0.039937
DNN-20609,0.043691
DNN-20608,0.035145
DNN-20607,0.044681
DNN-20606,0.048496
DNN-20604,0.0538
DNN-20603,0.037047
DNN-20602,0.059866
DNN-20601,0.056862
DNN-20597,0.031859
DNN-20596,0.035145
DNN-20595,0.115162
DNN-20594,0.031619
DNN-20593,0.057282
DNN-20592,0.041774
DNN-20590,0.041774
DNN-20585,0.035679
DNN-20584,0.277375
DNN-20583,0.058561
DNN-20582,0.035145
DNN-20571,0.488771
DNN-20570,0.060529
DNN-20569,0.099821
DNN-20568,0.049959
DNN-20567,0.038466
DNN-20566,0.179531
DNN-20565,0.039937
DNN-20564,0.646795
DNN-20562,0.053403
DNN-20560,0.047426
DNN-20559,0.708213
DNN-20558,0.049222
DNN-20557,0.037327
DNN-20556,0.080069
DNN-20554,0.060087
DNN-20553,0.063019
DNN-20552,0.038756
DNN-20550,0.038466
DNN-20549,0.042404
DNN-20548,0.057918
DNN-20546,0.050331
DNN-20545,0.055413
DNN-20544,0.048858
DNN-20543,0.371821
DNN-20542,0.039343
DNN-20541,0.079496
DNN-20540,0.058777
DNN-20539,0.066327
DNN-20538,0.176104
DNN-20537,0.036769
DNN-20536,0.03259
DNN-20535,0.044349
DNN-20534,0.150528
DNN-20530,0.057705
DNN-20529,0.066812
DNN-20528,0.067793
DNN-20527,0.040846
DNN-20526,0.029535
DNN-20525,0.039048
DNN-20524,0.04778
DNN-20523,0.056236
DNN-20522,0.205934
DNN-20521,0.361841
DNN-20520,0.044681
DNN-20517,0.052619
DNN-20515,0.693058
DNN-20514,0.063948
DNN-20513,0.854399
DNN-20512,0.128088
DNN-20511,0.093678
DNN-20510,0.036769
DNN-20508,0.081228
DNN-20506,0.06165
DNN-20504,0.042088
DNN-20498,0.158695
DNN-20497,0.036494
DNN-20495,0.03138
DNN-20494,0.039048
DNN-20493,0.084795
DNN-20492,0.084795
DNN-20491,0.023153
DNN-20489,0.025371
DNN-20488,0.030676
DNN-20486,0.055618
DNN-20485,0.055823
DNN-20484,0.040541
DNN-20483,0.057071
DNN-20482,0.03259
DNN-20481,0.0538
DNN-20480,0.045692
DNN-20479,0.093347
DNN-20476,0.039937
DNN-20474,0.133415
DNN-20472,0.048858
DNN-20471,0.056652
DNN-20470,0.353094
DNN-20469,0.03138
DNN-20468,0.168857
DNN-20467,0.057493
DNN-20466,0.072112
DNN-20465,0.030909
DNN-20464,0.637539
DNN-20463,0.116362
DNN-20462,0.0538
DNN-20461,0.057493
DNN-20460,0.078078
DNN-20459,0.032837
DNN-20457,0.123789
DNN-20456,0.512205
DNN-20455,0.064653
DNN-20454,0.033337
DNN-20453,0.042088
DNN-20452,0.254046
DNN-20449,0.038756
DNN-20448,0.073696
DNN-20447,0.059866
DNN-20446,0.03622
DNN-20439,0.164248
DNN-20436,0.082697
DNN-20433,0.08152
DNN-20432,0.041774
DNN-20431,0.283087
DNN-20430,0.071851
DNN-20429,0.06165
DNN-20428,0.245447
DNN-20427,0.025565
DNN-20424,0.055618
DNN-20423,0.048496
DNN-20420,0.062331
DNN-20418,0.020964
DNN-20417,0.037892
DNN-20416,0.139866
DNN-20415,0.041153
DNN-20414,0.052231
DNN-20413,0.063019
DNN-20412,0.075585
DNN-20411,0.040541
DNN-20410,0.03259
DNN-20406,0.096025
DNN-20404,0.055823
DNN-20403,0.042722
DNN-20399,0.031144
DNN-20389,0.887595
DNN-20388,0.059428
DNN-20387,0.03138
DNN-20386,0.046034
DNN-20385,0.038756
DNN-20384,0.025761
DNN-20382,0.049589
DNN-20381,0.433022
DNN-20380,0.020646
DNN-20377,0.089455
DNN-20376,0.030909
DNN-20375,0.041462
DNN-20374,0.108945
DNN-20373,0.066327
DNN-20372,0.255901
DNN-20370,0.206574
DNN-20368,0.033337
DNN-20367,0.039343
DNN-20366,0.657813
DNN-20365,0.04778
DNN-20364,0.036769
DNN-20363,0.180684
DNN-20361,0.086323
DNN-20360,0.09401
DNN-20358,0.03259
DNN-20356,0.967899
DNN-20355,0.593609
DNN-20354,0.52342
DNN-20353,0.06489
DNN-20351,0.033337
DNN-20350,0.036494
DNN-20348,0.050705
DNN-20347,0.060752
DNN-20346,0.025179
DNN-20343,0.072112
DNN-20342,0.062331
DNN-20341,0.057071
DNN-20340,0.05921
DNN-20339,0.022629
DNN-20338,0.044349
DNN-20337,0.044681
DNN-20335,0.049959
DNN-20334,0.078078
DNN-20333,0.090414
DNN-20332,0.155848
DNN-20331,0.04778
DNN-20330,0.050331
DNN-20329,0.044349
DNN-20328,0.039937
DNN-20325,0.03138
DNN-20324,0.045353
DNN-20323,0.064418
DNN-20321,0.037609
DNN-20320,0.090735
DNN-20319,0.039937
DNN-20316,0.055823
DNN-20315,0.058346
DNN-20314,0.033337
DNN-20313,0.04778
DNN-20312,0.019719
DNN-20310,0.032344
DNN-20309,0.039343
DNN-20308,0.033844
DNN-20307,0.052231
DNN-20305,0.027169
DNN-20304,0.030215
DNN-20303,0.05921
DNN-20300,0.061199
DNN-20299,0.03622
DNN-20298,0.052619
DNN-20297,0.277865
DNN-20296,0.042088
DNN-20295,0.066085
DNN-20294,0.045353
DNN-20293,0.595963
DNN-20292,0.063715
DNN-20291,0.052231
DNN-20290,0.031144
DNN-20289,0.031619
DNN-20287,0.047074
DNN-20286,0.039343
DNN-20285,0.127218
DNN-20284,0.101947
DNN-20283,0.036769
DNN-20281,0.042722
DNN-20279,0.055823
DNN-20278,0.105211
DNN-20276,0.438304
DNN-20275,0.045353
DNN-20274,0.068289
DNN-20272,0.058561
DNN-20269,0.036769
DNN-20268,0.342462
DNN-20266,0.044681
DNN-20265,0.072637
DNN-20262,0.040238
DNN-20261,0.033086
DNN-20259,0.040238
DNN-20258,0.812272
DNN-20257,0.055005
DNN-20256,0.086632
DNN-20254,0.086323
DNN-20253,0.038466
DNN-20252,0.023871
DNN-20250,0.043691
DNN-20249,0.051845
DNN-20244,0.039639
DNN-20243,0.027376
DNN-20242,0.025371
DNN-20241,0.025371
DNN-20240,0.043691
DNN-20239,0.027376
DNN-20238,0.028653
DNN-20237,0.056862
DNN-20235,0.042404
DNN-20234,0.053403
DNN-20233,0.055413
DNN-20231,0.942507
DNN-20230,0.08389
DNN-20227,0.058777
DNN-20226,0.036494
DNN-20224,0.049959
DNN-20221,0.021948
DNN-20220,0.104112
DNN-20219,0.141281
DNN-20208,0.049959
DNN-20200,0.11358
DNN-20199,0.020804
DNN-20195,0.025957
DNN-20194,0.03259
DNN-20192,0.057493
DNN-20191,0.271445
DNN-20190,0.196209
DNN-20188,0.666062
DNN-20187,0.214362
DNN-20186,0.056444
DNN-20179,0.042088
DNN-20176,0.216508
DNN-20172,0.038178
DNN-20171,0.028871
DNN-20167,0.079496
DNN-20164,0.043366
DNN-20158,0.022803
DNN-20156,0.041462
DNN-20151,0.034619
DNN-20150,0.047426
DNN-20147,0.084493
DNN-20144,0.027585
DNN-20141,0.050705
DNN-20140,0.054199
DNN-20139,0.055005
DNN-20136,0.037892
DNN-20135,0.07343
DNN-20134,0.064653
DNN-20129,0.041153
DNN-20127,0.034619
DNN-20126,0.025179
DNN-20125,0.040541
DNN-20124,0.446012
DNN-20121,0.046725
DNN-20119,0.077239
DNN-20117,0.312082
DNN-20115,0.0538
DNN-20114,0.03622
DNN-20112,0.032101
DNN-20111,0.051083
DNN-20101,0.049222
DNN-20100,0.058993
DNN-20099,0.060087
DNN-20096,0.035679
DNN-20093,0.048496
DNN-20092,0.064418
DNN-20091,0.069795
DNN-20090,0.078642
DNN-20088,0.085404
DNN-20087,0.065845
DNN-20086,0.065845
DNN-20082,0.256459
DNN-20081,0.074231
DNN-20080,0.051463
DNN-20079,0.054803
DNN-20077,0.058132
DNN-20076,0.65484
DNN-20075,0.125065
DNN-20074,0.339718
DNN-20072,0.043366
DNN-20068,0.100525
DNN-20067,0.045692
DNN-20066,0.036769
DNN-20064,0.090093
DNN-20063,0.078642
DNN-20062,0.042088
DNN-20061,0.048858
DNN-20060,0.028008
DNN-20059,0.071074
DNN-20058,0.05301
DNN-20057,0.076408
DNN-20053,0.059866
DNN-20052,0.255715
DNN-20048,0.091382
DNN-20046,0.057918
DNN-20045,0.133868
DNN-20044,0.038466
DNN-20043,0.028871
DNN-20042,0.021125
DNN-20041,0.038178
DNN-20040,0.025957
DNN-20039,0.05301
DNN-20038,0.029535
DNN-20037,0.065845
DNN-20036,0.030676
DNN-20034,0.0341
DNN-20029,0.796609
DNN-20016,0.042088
DNN-19976,0.0341
DNN-19975,0.111241
DNN-19973,0.068289
DNN-19972,0.058777
DNN-19971,0.040846
DNN-19962,0.072112
DNN-19961,0.043366
DNN-19960,0.248534
DNN-19959,0.087252
DNN-19958,0.046378
DNN-19957,0.069289
DNN-19949,0.021287
DNN-19948,0.021451
DNN-19947,0.028436
DNN-19946,0.028653
DNN-19945,0.055005
DNN-19943,0.346016
DNN-19942,0.07477
DNN-19940,0.155591
DNN-19939,0.045353
DNN-19936,0.045692
DNN-19935,0.056862
DNN-19934,0.030676
DNN-19933,0.029535
DNN-19932,0.055413
DNN-19930,0.033086
DNN-19929,0.061199
DNN-19928,0.065128
DNN-19927,0.075585
DNN-19926,0.051845
DNN-19924,0.047426
DNN-19921,0.058993
DNN-19918,0.039048
DNN-19917,0.052619
DNN-19915,0.039343
DNN-19912,0.043043
DNN-19900,0.311689
DNN-19899,0.068787
DNN-19897,0.037047
DNN-19896,0.068537
DNN-19891,0.072374
DNN-19885,0.516108
DNN-19883,0.050705
DNN-19882,0.036494
DNN-19881,0.040238
DNN-19880,0.045692
DNN-19879,0.057071
DNN-19878,0.025371
DNN-19877,0.054601
DNN-19876,0.28597
DNN-19875,0.430147
DNN-19874,0.055005
DNN-19873,0.568416
DNN-19865,0.041774
DNN-19862,0.058777
DNN-19858,0.265499
DNN-19857,0.374562
DNN-19854,0.075585
DNN-19853,0.076961
DNN-19850,0.178383
DNN-19849,0.039048
DNN-19848,0.070049
DNN-19847,0.046378
DNN-19845,0.029987
DNN-19844,0.036494
DNN-19837,0.092688
DNN-19835,0.043691
DNN-19834,0.043043
DNN-19832,0.040541
DNN-19830,0.072374
DNN-19829,0.056862
DNN-19827,0.062789
DNN-19826,0.344333
DNN-19825,0.512693
DNN-19824,0.39129
DNN-19823,0.040541
DNN-19820,0.072637
DNN-19818,0.089137
DNN-19816,0.065845
DNN-19815,0.09236
DNN-19814,0.084795
DNN-19813,0.035145
DNN-19812,0.100525
DNN-19811,0.061424
DNN-19810,0.061199
DNN-19807,0.057071
DNN-19802,0.053403
DNN-19800,0.090414
DNN-19797,0.043366
DNN-19796,0.045353
DNN-19794,0.020804
DNN-19791,0.029535
DNN-19788,0.094678
DNN-19785,0.071591
DNN-19784,0.064418
DNN-19783,0.048496
DNN-19782,0.053403
DNN-19781,0.033844
DNN-19780,0.028221
DNN-19778,0.042088
DNN-19777,0.060308
DNN-19776,0.052231
DNN-19768,0.044019
DNN-19767,0.037047
DNN-19762,0.036769
DNN-19760,0.13569
DNN-19758,0.041774
DNN-19753,0.0538
DNN-19747,0.040541
DNN-19742,0.110471
DNN-19741,0.872782
DNN-19739,0.044349
DNN-19738,0.045353
DNN-19733,0.187133
DNN-19730,0.045692
DNN-19729,0.053403
DNN-19725,0.139866
DNN-19724,0.047074
DNN-19723,0.049959
DNN-19719,0.020646
DNN-19718,0.041462
DNN-19716,0.074231
DNN-19714,0.212069
DNN-19713,0.063482
DNN-19710,0.052619
DNN-19708,0.200245
DNN-19703,0.093017
DNN-19700,0.057918
DNN-19699,0.055005
DNN-19698,0.031619
DNN-19697,0.045692
DNN-19696,0.050705
DNN-19695,0.072112
DNN-19693,0.044019
DNN-19692,0.044019
DNN-19691,0.031859
DNN-19690,0.025957
DNN-19688,0.043366
DNN-19686,0.039343
DNN-19682,0.047074
DNN-19681,0.030215
DNN-19679,0.03259
DNN-19678,0.046034
DNN-19675,0.430147
DNN-19674,0.186539
DNN-19673,0.057705
DNN-19668,0.215021
DNN-19667,0.039048
DNN-19666,0.032101
DNN-19665,0.060752
DNN-19664,0.107063
DNN-19661,0.046034
DNN-19659,0.048858
DNN-19656,0.036769
DNN-19654,0.030676
DNN-19653,0.057282
DNN-19652,0.035411
DNN-19651,0.043691
DNN-19612,0.103386
DNN-19606,0.069795
DNN-19605,0.434941
DNN-19603,0.034619
DNN-19602,0.046378
DNN-19601,0.061876
DNN-19599,0.042404
DNN-19598,0.055005
DNN-19597,0.031859
DNN-19596,0.039343
DNN-19595,0.07477
DNN-19593,0.103749
DNN-19592,0.058561
DNN-19591,0.311715
DNN-19590,0.037047
DNN-19585,0.082697
DNN-19578,0.227298
DNN-19570,0.043043
DNN-19569,0.069289
DNN-19568,0.063715
DNN-19565,0.101589
DNN-19564,0.075585
DNN-19563,0.035948
DNN-19562,0.075585
DNN-19561,0.066569
DNN-19560,0.042088
DNN-19559,0.832237
DNN-19543,0.058993
DNN-19536,0.275714
DNN-19533,0.032837
DNN-19524,0.104843
DNN-19520,0.049222
DNN-19519,0.039048
DNN-19517,0.046725
DNN-19514,0.086323
DNN-19512,0.029091
DNN-19509,0.308998
DNN-19508,0.256646
DNN-19507,0.035679
DNN-19499,0.029987
DNN-19488,0.075858
DNN-19487,0.034619
DNN-19483,0.057493
DNN-19481,0.039639
DNN-19479,0.030215
DNN-19477,0.539711
DNN-19476,0.869271
DNN-19475,0.403567
DNN-19468,0.080069
DNN-19465,0.071074
DNN-19463,0.06804
DNN-19462,0.081228
DNN-19461,0.05921
DNN-19460,0.047426
DNN-19459,0.050331
DNN-19458,0.044019
DNN-19457,0.171894
DNN-19445,0.059428
DNN-19444,0.064653
DNN-19443,0.07477
DNN-19436,0.031859
DNN-19435,0.039937
DNN-19434,0.057705
DNN-19428,0.037892
DNN-19427,0.054601
DNN-19426,0.063715
DNN-19425,0.023331
DNN-19424,0.584864
DNN-19411,0.032344
DNN-19410,0.077797
DNN-19408,0.062103
DNN-19405,0.034359
DNN-19399,0.026964
DNN-19386,0.057071
DNN-19384,0.03359
DNN-19383,0.045692
DNN-19382,0.021451
DNN-19321,0.683631
DNN-19316,0.019871
DNN-19315,0.047074
DNN-10835,0.066569
DNN-10834,0.104112
DNN-10833,0.13707
DNN-10832,0.040238
DNN-10831,0.133415
DNN-10830,0.023509
DNN-10829,0.039343
DNN-10828,0.042722
DNN-10827,0.621081
DNN-10826,0.016915
DNN-10825,0.039937
DNN-10824,0.035145
DNN-10823,0.050705
DNN-10822,0.534127
DNN-10821,0.362066
DNN-10820,0.656583
DNN-10819,0.171616
DNN-10818,0.054601
DNN-10817,0.500977
DNN-10816,0.027376
DNN-10815,0.052231
DNN-10814,0.057071
DNN-10813,0.029312
DNN-10812,0.038466
DNN-10811,0.039343
DNN-10810,0.054199
DNN-10809,0.09947
DNN-10808,0.437103
DNN-10807,0.058132
DNN-10806,0.07921
DNN-10805,0.027376
DNN-10804,0.146575
DNN-10803,0.08389
DNN-10802,0.05921
DNN-10801,0.063482
DNN-10800,0.181844
DNN-10799,0.036494
DNN-10798,0.06165
DNN-10797,0.037609
DNN-10796,0.063482
DNN-10795,0.087876
DNN-10794,0.080647
DNN-10793,0.09401
DNN-10792,0.549882
DNN-10791,0.039937
DNN-10790,0.030444
DNN-10789,0.344664
DNN-10788,0.785638
DNN-10787,0.025761
DNN-10786,0.063948
DNN-10785,0.042404
DNN-10784,0.028221
DNN-10783,0.071851
DNN-10782,0.044019
DNN-10781,0.055823
DNN-10780,0.022629
DNN-10779,0.504394
DNN-10778,0.057493
DNN-10777,0.066812
DNN-10776,0.130729
DNN-10775,0.054601
DNN-10774,0.058993
DNN-10773,0.052231
DNN-10772,0.051083
DNN-10771,0.0729
DNN-10770,0.057282
DNN-10769,0.692434
DNN-10768,0.34414
DNN-10767,0.040238
DNN-10766,0.041462
DNN-10765,0.06804
DNN-10764,0.070304
DNN-10763,0.044349
DNN-10762,0.034881
DNN-10761,0.07921
DNN-10760,0.04778
DNN-10759,0.191026
DNN-10758,0.024988
DNN-10757,0.0341
DNN-10756,0.082994
DNN-10755,0.472197
DNN-10754,0.117167
DNN-10753,0.087252
DNN-10752,0.023331
DNN-10751,0.026759
DNN-10750,0.048496
DNN-10749,0.696784
DNN-10748,0.306527
DNN-10747,0.046725
DNN-10746,0.014729
DNN-10745,0.030215
DNN-10744,0.039937
DNN-10743,0.089455
DNN-10742,0.035411
DNN-10741,0.059647
DNN-10740,0.273671
DNN-10739,0.532668
DNN-10738,0.042088
DNN-10737,0.030909
DNN-10736,0.141519
DNN-10735,0.067056
DNN-10734,0.065366
DNN-10733,0.066085
DNN-10732,0.058561
DNN-10731,0.299208
DNN-10730,0.035679
DNN-10729,0.049959
DNN-10728,0.058561
DNN-10727,0.268941
DNN-10725,0.076684
DNN-10724,0.049589
DNN-10723,0.260013
DNN-10722,0.056444
DNN-10721,0.063251
DNN-10720,0.035679
DNN-10719,0.035948
DNN-10718,0.048137
DNN-10717,0.311846
DNN-10716,0.060087
DNN-10715,0.101589
DNN-10714,0.039639
DNN-10713,0.095013
DNN-10712,0.183301
DNN-10711,0.082107
DNN-10710,0.109706
DNN-10709,0.097734
DNN-10708,0.068289
DNN-10707,0.086323
DNN-10706,0.078642
DNN-10705,0.081813
DNN-10704,0.297419
DNN-10703,0.029535
DNN-10702,0.017849
DNN-10701,0.755457
DNN-10700,0.017177
DNN-10699,0.030215
DNN-10698,0.070049
DNN-10697,0.040541
DNN-10696,0.050705
DNN-10695,0.064183
DNN-10694,0.057282
DNN-10693,0.485844
DNN-10692,0.241489
DNN-10691,0.185652
DNN-10690,0.054199
DNN-10689,0.047074
DNN-10688,0.044019
DNN-10687,0.045692
DNN-10686,0.017849
DNN-10685,0.074231
DNN-10684,0.044349
DNN-10683,0.023871
DNN-10682,0.042722
DNN-10681,0.060752
DNN-10680,0.304455
DNN-10679,0.016915
DNN-10678,0.02461
DNN-10677,0.132066
DNN-10676,0.06165
DNN-10675,0.08389
DNN-10674,0.028871
DNN-10673,0.044019
DNN-10672,0.056652
DNN-10671,0.025761
DNN-10670,0.020804
DNN-10669,0.051083
DNN-10668,0.034619
DNN-10667,0.333639
DNN-10666,0.241489
DNN-10665,0.142709
DNN-10664,0.5083
DNN-10663,0.049959
DNN-10662,0.121686
DNN-10661,0.06165
DNN-10660,0.044349
DNN-10659,0.255715
DNN-10658,0.021451
DNN-10657,0.443118
DNN-10656,0.063482
DNN-10655,0.016403
DNN-10654,0.055413
DNN-10653,0.025565
DNN-10652,0.125923
DNN-10651,0.045353
DNN-10650,0.03259
DNN-10649,0.013325
DNN-10648,0.023331
DNN-10647,0.0341
DNN-10646,0.044681
DNN-10645,0.060087
DNN-10644,0.024798
DNN-10643,0.026759
DNN-10642,0.151028
DNN-10641,0.067793
DNN-10640,0.025179
DNN-10638,0.147801
DNN-10637,0.240418
DNN-10636,0.034619
DNN-10635,0.055823
DNN-10634,0.157914
DNN-10633,0.033086
DNN-10632,0.307693
DNN-10631,0.038756
DNN-10630,0.037609
DNN-10629,0.082107
DNN-10628,0.166675
DNN-10627,0.03622
DNN-10626,0.043366
DNN-10625,0.117572
DNN-10624,0.048137
DNN-10623,0.034359
DNN-10621,0.0341
DNN-10620,0.039937
DNN-10619,0.035679
DNN-10618,0.362518
DNN-10617,0.370339
DNN-10616,0.805632
DNN-10615,0.119614
DNN-10614,0.056236
DNN-10612,0.049589
DNN-10611,0.360939
DNN-10610,0.059428
DNN-10609,0.0341
DNN-10608,0.080069
DNN-10607,0.02976
DNN-10606,0.356335
DNN-10605,0.03138
DNN-10604,0.033086
DNN-10603,0.785309
DNN-10602,0.602296
DNN-10600,0.017177
DNN-10599,0.092688
DNN-10598,0.044681
DNN-10597,0.014957
DNN-10596,0.103749
DNN-10595,0.042722
DNN-10594,0.0729
DNN-10593,0.402392
DNN-10592,0.723114
DNN-10591,0.099821
DNN-10590,0.02461
DNN-10589,0.042404
DNN-10588,0.06804
DNN-10587,0.085709
DNN-10586,0.0538
DNN-10584,0.037609
DNN-10583,0.609175
DNN-10581,0.260013
DNN-10580,0.062789
DNN-10579,0.054199
DNN-10578,0.07836
DNN-10577,0.058561
DNN-10576,0.205934
DNN-10575,0.023689
DNN-10574,0.047426
DNN-10573,0.023153
DNN-10571,0.024054
DNN-10570,0.0341
DNN-10569,0.032344
DNN-10568,0.019871
DNN-10567,0.033086
DNN-10566,0.090414
DNN-10565,0.022977
DNN-10564,0.034359
DNN-10563,0.0745
DNN-10562,0.018125
DNN-10561,0.017849
DNN-10560,0.031619
DNN-10559,0.029312
DNN-10558,0.053403
DNN-10557,0.046034
DNN-10556,0.049589
DNN-10555,0.028008
DNN-10554,0.311139
DNN-10553,0.163445
DNN-10552,0.235988
DNN-10551,0.052231
DNN-10550,0.101233
DNN-10549,0.216674
DNN-10548,0.037047
DNN-10547,0.063251
DNN-10546,0.022977
DNN-10545,0.505859
DNN-10544,0.053999
DNN-10543,0.166675
DNN-10542,0.160529
DNN-10541,0.167763
DNN-10540,0.504883
DNN-10539,0.335473
DNN-10538,0.554953
DNN-10537,0.049589
DNN-10536,0.179818
DNN-10535,0.064418
DNN-10534,0.465387
DNN-10533,0.218836
DNN-10532,0.066085
DNN-10531,0.132964
DNN-10530,0.488283
DNN-10529,0.084191
DNN-10528,0.01292
DNN-10527,0.019271
DNN-10526,0.485844
DNN-10525,0.548674
DNN-10524,0.033086
DNN-10523,0.039639
DNN-10522,0.048496
DNN-10521,0.035411
DNN-10520,0.044019
DNN-10519,0.121269
DNN-10518,0.031619
DNN-10517,0.039343
DNN-10516,0.117167
DNN-10515,0.016785
DNN-10514,0.076684
DNN-10513,0.132066
DNN-10512,0.029312
DNN-10511,0.045016
DNN-10510,0.026156
DNN-10509,0.028653
DNN-10508,0.027796
DNN-10507,0.655942
DNN-10506,0.021451
DNN-10505,0.064183
DNN-10504,0.029987
DNN-10503,0.02461
DNN-10502,0.015664
DNN-10501,0.021948
DNN-10500,0.03138
DNN-10499,0.052231
DNN-10498,0.250546
DNN-10497,0.183594
DNN-10496,0.026759
DNN-10495,0.03138
DNN-10493,0.019871
DNN-10492,0.046725
DNN-10491,0.039937
DNN-10490,0.016277
DNN-10489,0.240418
DNN-10488,0.07921
DNN-10487,0.021781
DNN-10486,0.011597
DNN-10485,0.036494
DNN-10484,0.021615
DNN-10483,0.057282
DNN-10482,0.034619
DNN-10481,0.039639
DNN-10480,0.035411
DNN-10479,0.031619
DNN-10478,0.043691
DNN-10477,0.020964
DNN-10476,0.017577
DNN-10475,0.014729
DNN-10474,0.018547
DNN-10473,0.027169
DNN-10472,0.043043
DNN-10471,0.308034
DNN-10470,0.063019
DNN-10469,0.217171
DNN-10468,0.030215
DNN-10467,0.136148
DNN-10466,0.027376
DNN-10465,0.014957
DNN-10464,0.028436
DNN-10463,0.063482
DNN-10462,0.719679
DNN-10461,0.038466
DNN-10460,0.115961
DNN-10459,0.340047
DNN-10458,0.310564
DNN-10457,0.091382
DNN-10456,0.066812
DNN-10455,0.101947
DNN-10454,0.120026
DNN-10453,0.161056
DNN-10452,0.647687
DNN-10451,0.902266
DNN-10450,0.04778
DNN-10449,0.544317
DNN-10448,0.020646
DNN-10447,0.016029
DNN-10446,0.072112
DNN-10445,0.03138
DNN-10444,0.021948
DNN-10443,0.048496
DNN-10442,0.045692
DNN-10441,0.822759
DNN-10440,0.051463
DNN-10439,0.054601
DNN-10438,0.359477
DNN-10437,0.160266
DNN-10436,0.019569
DNN-10435,0.021948
DNN-10431,0.139631
DNN-10430,0.165323
DNN-10429,0.020332
DNN-10428,0.07921
DNN-10427,0.02976
DNN-10426,0.022629
DNN-10425,0.137996
DNN-10424,0.340293
DNN-10423,0.033337
DNN-10422,0.089137
DNN-10421,0.122104
DNN-10420,0.189821
DNN-10419,0.730674
DNN-10418,0.016657
DNN-10417,0.044349
DNN-10415,0.014842
DNN-10414,0.019124
DNN-10413,0.092033
DNN-10412,0.027376
DNN-10411,0.040541
DNN-10410,0.062103
DNN-10409,0.044019
DNN-10408,0.03138
DNN-10407,0.0341
DNN-10406,0.070816
DNN-10405,0.961244
DNN-10404,0.038178
DNN-10403,0.055618
DNN-10402,0.019569
DNN-10401,0.030909
DNN-10400,0.024238
DNN-10399,0.02976
DNN-10397,0.294469
DNN-10396,0.039639
DNN-10395,0.03359
DNN-10394,0.163445
DNN-10393,0.361277
DNN-10392,0.062789
DNN-10391,0.04778
DNN-10390,0.103749
DNN-10389,0.046034
DNN-10388,0.069038
DNN-10387,0.723505
DNN-10386,0.045692
DNN-10385,0.164785
DNN-10384,0.159479
DNN-10383,0.036769
DNN-10382,0.051083
DNN-10381,0.039937
DNN-10380,0.012432
DNN-10379,0.019569
DNN-10378,0.015785
DNN-10377,0.057705
DNN-10376,0.027169
DNN-10375,0.118385
DNN-10373,0.304972
DNN-10372,0.038756
DNN-10371,0.014392
DNN-10370,0.030215
DNN-10369,0.042722
DNN-10368,0.00986
DNN-10367,0.051083
DNN-10366,0.017849
DNN-10364,0.037327
DNN-10363,0.137996
DNN-10361,0.023871
DNN-10359,0.384219
DNN-10358,0.00986
DNN-10357,0.028008
DNN-10356,0.033337
DNN-10355,0.024238
DNN-10354,0.016029
DNN-10353,0.098773
DNN-10352,0.876634
DNN-10351,0.06165
DNN-10350,0.0729
DNN-10349,0.041774
DNN-10347,0.030215
DNN-10346,0.01142
DNN-10345,0.02976
DNN-10344,0.217338
DNN-10343,0.030676
DNN-10341,0.039343
DNN-10340,0.039937
DNN-10339,0.052619
DNN-10338,0.055823
DNN-10337,0.037047
DNN-10336,0.036494
DNN-10335,0.029987
DNN-10334,0.035145
DNN-10333,0.031859
DNN-10332,0.045353
DNN-10331,0.02976
DNN-10330,0.035411
DNN-10329,0.033844
DNN-10328,0.040846
DNN-10327,0.035679
DNN-10326,0.02461
DNN-10325,0.069795
DNN-10324,0.039937
DNN-10323,0.073963
DNN-10322,0.063482
DNN-10321,0.044681
DNN-10320,0.052231
DNN-10319,0.039048
DNN-10318,0.049589
DNN-10317,0.02976
DNN-10316,0.02976
DNN-10315,0.035679
DNN-10314,0.04778
DNN-10313,0.029091
DNN-10312,0.012723
DNN-10311,0.040238
DNN-10310,0.03259
DNN-10308,0.085404
DNN-10307,0.024423
DNN-10306,0.029535
DNN-10305,0.030444
DNN-10304,0.023331
DNN-10303,0.052619
DNN-10302,0.168583
DNN-10301,0.077797
DNN-10300,0.129403
DNN-10298,0.011687
DNN-10297,0.080357
DNN-10296,0.025179
DNN-10295,0.018264
DNN-10294,0.018833
DNN-10293,0.014172
DNN-10292,0.032344
DNN-10291,0.208501
DNN-10290,0.238107
DNN-10289,0.029987
DNN-10288,0.025371
DNN-10287,0.037609
DNN-10286,0.050705
DNN-10285,0.071332
DNN-10284,0.347703
DNN-10283,0.191026
DNN-10282,0.029535
DNN-10280,0.027796
DNN-10278,0.087564
DNN-10277,0.040541
DNN-10276,0.041462
DNN-10275,0.053403
DNN-10274,0.051463
DNN-10273,0.022629
DNN-10272,0.082107
DNN-10271,0.022977
DNN-10269,0.063715
DNN-10265,0.031859
DNN-10263,0.020489
DNN-10262,0.47658
DNN-10261,0.022457
DNN-10260,0.020804
DNN-10259,0.03622
DNN-10258,0.053403
DNN-10257,0.019419
DNN-10256,0.029312
DNN-10255,0.020177
DNN-10254,0.084795
DNN-10253,0.17245
DNN-10251,0.14247
DNN-10250,0.719384
DNN-10249,0.018264
DNN-10247,0.058777
DNN-10246,0.080647
DNN-10245,0.035145
DNN-10243,0.040846
DNN-10242,0.046725
DNN-10240,0.621885
DNN-10239,0.177526
DNN-10238,0.100879
DNN-10237,0.054601
DNN-10236,0.026964
DNN-10235,0.09739
DNN-10234,0.062331
DNN-10231,0.036769
DNN-10230,0.169406
DNN-10229,0.128963
DNN-10228,0.047074
DNN-10227,0.093347
DNN-10226,0.051845
DNN-10224,0.060087
DNN-10223,0.022977
DNN-10222,0.051083
DNN-10221,0.851953
DNN-10220,0.052231
DNN-10219,0.103024
DNN-10218,0.220342
DNN-10217,0.098079
DNN-10216,0.083292
DNN-10215,0.211091
DNN-10214,0.08389
DNN-10212,0.399577
DNN-10211,0.395251
DNN-10210,0.073165
DNN-10209,0.042088
DNN-10208,0.031619
DNN-10207,0.043366
DNN-10206,0.448909
DNN-10203,0.108189
DNN-10202,0.352982
DNN-10201,0.240239
DNN-10200,0.223547
DNN-10199,0.122104
DNN-10198,0.356559
DNN-10197,0.528777
DNN-10196,0.31629
DNN-10195,0.127653
DNN-10194,0.022803
DNN-10193,0.034881
DNN-10192,0.398641
DNN-10191,0.338296
DNN-10189,0.521958
DNN-10188,0.035411
DNN-10187,0.028436
DNN-10186,0.098425
DNN-10185,0.044349
DNN-10184,0.048496
DNN-10182,0.022286
DNN-10181,0.305594
DNN-10179,0.098079
DNN-10178,0.097048
DNN-10177,0.194062
DNN-10176,0.258326
DNN-10175,0.018405
DNN-10174,0.01302
DNN-10173,0.034881
DNN-10172,0.029535
DNN-10171,0.047426
DNN-10170,0.07477
DNN-10169,0.154058
DNN-10168,0.135919
DNN-10167,0.321247
DNN-10165,0.046378
DNN-10164,0.048137
DNN-10162,0.026964
DNN-10161,0.272508
DNN-10160,0.172172
DNN-10159,0.340704
DNN-10158,0.044019
DNN-10157,0.049589
DNN-10156,0.054399
DNN-10155,0.032344
DNN-10154,0.271445
DNN-10153,0.095687
DNN-10152,0.134321
DNN-10151,0.023871
DNN-10150,0.04778
DNN-10148,0.462473
DNN-10147,0.099121
DNN-10146,0.044349
DNN-10145,0.06256
DNN-10144,0.070049
DNN-10143,0.051083
DNN-10142,0.023871
DNN-10141,0.259263
DNN-10140,0.225076
DNN-10139,0.029535
DNN-10138,0.264643
DNN-10137,0.079496
DNN-10136,0.047074
DNN-10135,0.022803
DNN-10134,0.565539
DNN-10133,0.0745
DNN-10132,0.076684
DNN-10131,0.265309
DNN-10130,0.133415
DNN-10129,0.160266
DNN-10128,0.034359
DNN-10127,0.084191
DNN-10126,0.175538
DNN-10125,0.075585
DNN-10124,0.798815
DNN-10123,0.150778
DNN-10122,0.052619
DNN-10121,0.047426
DNN-10120,0.518059
DNN-10119,0.039937
DNN-10118,0.115961
DNN-10117,0.071851
DNN-10116,0.700485
DNN-10115,0.021287
DNN-10114,0.036769
DNN-10113,0.582491
DNN-10112,0.058993
DNN-10111,0.025957
DNN-10110,0.840259
DNN-10109,0.117572
DNN-10108,0.130729
DNN-10107,0.121686
DNN-10106,0.119614
DNN-10105,0.031619
DNN-10104,0.705785
DNN-10103,0.04778
DNN-10101,0.038466
DNN-10100,0.157396
DNN-10099,0.030909
DNN-10098,0.043691
DNN-10097,0.034359
DNN-10096,0.314735
DNN-10095,0.010328
DNN-10094,0.056444
DNN-10093,0.029091
DNN-10092,0.062331
DNN-10091,0.114369
DNN-10090,0.641198
DNN-10087,0.638596
DNN-10086,0.197444
DNN-10085,0.073696
DNN-10084,0.068537
DNN-10083,0.030676
DNN-10082,0.068537
DNN-10081,0.2227
DNN-10079,0.048496
DNN-10078,0.051463
DNN-10077,0.168857
DNN-10076,0.181844
DNN-10075,0.344003
DNN-10074,0.177241
DNN-10073,0.020804
DNN-10072,0.082994
DNN-10071,0.033337
DNN-10070,0.041774
DNN-10069,0.139866
DNN-10068,0.19163
DNN-10067,0.111241
DNN-10066,0.045016
DNN-10065,0.054199
DNN-10064,0.460532
DNN-10063,0.037609
DNN-10061,0.043043
DNN-10060,0.028221
DNN-10059,0.370909
DNN-10058,0.070816
DNN-10055,0.24599
DNN-10054,0.564579
DNN-10053,0.913677
DNN-10051,0.386532
DNN-10050,0.257952
DNN-10049,0.186836
DNN-10048,0.228156
DNN-10047,0.224735
DNN-10046,0.635336
DNN-10045,0.042088
DNN-10044,0.082107
DNN-10043,0.616128
DNN-10042,0.254416
DNN-10041,0.057282
DNN-10040,0.03259
DNN-10039,0.429908
DNN-10038,0.131619
DNN-10037,0.063019
DNN-10036,0.076408
DNN-10035,0.07836
DNN-10034,0.058346
DNN-10033,0.286868
DNN-10032,0.205615
DNN-10031,0.151529
DNN-10030,0.17441
DNN-10029,0.304662
DNN-10028,0.248899
DNN-10027,0.034881
DNN-10026,0.256087
DNN-10025,0.191026
DNN-10024,0.137532
DNN-10023,0.110856
DNN-10022,0.250913
DNN-10021,0.035145
DNN-10020,0.122523
DNN-10019,0.225929
DNN-10018,0.518546
DNN-10016,0.059647
DNN-10013,0.059866
DNN-10012,0.77081
DNN-10011,0.126785
DNN-10009,0.039937
DNN-10007,0.352926
DNN-10006,0.810479
DNN-10005,0.026759
DNN-10004,0.025761
DNN-10003,0.035948
DNN-10000,0.320316
DNN-9999,0.141756
DNN-9998,0.076684
DNN-9997,0.115162
DNN-9996,0.073963
DNN-9995,0.09739
DNN-9994,0.298568
DNN-9993,0.268078
DNN-9992,0.893681
DNN-9991,0.562417
DNN-9990,0.869271
DNN-9989,0.621311
DNN-9988,0.823896
DNN-9987,0.063948
DNN-9986,0.018833
DNN-9985,0.047426
DNN-9984,0.023331
DNN-9983,0.268366
DNN-9982,0.027585
DNN-9981,0.330876
DNN-9980,0.20947
DNN-9979,0.017045
DNN-9978,0.033337
DNN-9977,0.303887
DNN-9976,0.018125
DNN-9975,0.039048
DNN-9974,0.669205
DNN-9973,0.148047
DNN-9972,0.050705
DNN-9971,0.04778
DNN-9970,0.07921
DNN-9969,0.126785
DNN-9968,0.035411
DNN-9967,0.042722
DNN-9966,0.356783
DNN-9965,0.067547
DNN-9964,0.065128
DNN-9963,0.043691
DNN-9962,0.037609
DNN-9960,0.089455
DNN-9959,0.150029
DNN-9958,0.046034
DNN-9957,0.02976
DNN-9956,0.019569
DNN-9955,0.023689
DNN-9954,0.057918
DNN-9953,0.024798
DNN-9952,0.052231
DNN-9951,0.054803
DNN-9950,0.057493
DNN-9949,0.017309
DNN-9947,0.044681
DNN-9945,0.023689
DNN-9944,0.023871
DNN-9943,0.016657
DNN-9942,0.012723
DNN-9941,0.077797
DNN-9940,0.035948
DNN-9939,0.144149
DNN-9938,0.010818
DNN-9937,0.072112
DNN-9936,0.030215
DNN-9935,0.045016
DNN-9933,0.057282
DNN-9932,0.03138
DNN-9931,0.057071
DNN-9930,0.07056
DNN-9929,0.086632
DNN-9928,0.026964
DNN-9926,0.036494
DNN-9925,0.104843
DNN-9924,0.060975
DNN-9923,0.04778
DNN-9922,0.034619
DNN-9920,0.066569
DNN-9919,0.028008
DNN-9918,0.068787
DNN-9917,0.540924
DNN-9916,0.041153
DNN-9915,0.037047
DNN-9910,0.425367
DNN-9909,0.122523
DNN-9907,0.024238
DNN-9906,0.047426
DNN-9905,0.0538
DNN-9904,0.105948
DNN-9903,0.273283
DNN-9902,0.141756
DNN-9901,0.058777
DNN-9900,0.025371
DNN-9899,0.072112
DNN-9897,0.307514
DNN-9895,0.157137
DNN-9894,0.023509
DNN-9893,0.123366
DNN-9892,0.048858
DNN-9891,0.051463
DNN-9890,0.028653
DNN-9888,0.429669
DNN-9887,0.040541
DNN-9886,0.018547
DNN-9883,0.051845
DNN-9882,0.250546
DNN-9881,0.043043
DNN-9880,0.106691
DNN-9877,0.041462
DNN-9876,0.025761
DNN-9875,0.070816
DNN-9874,0.242564
DNN-9873,0.066085
DNN-9872,0.049959
DNN-9871,0.100172
DNN-9868,0.068289
DNN-9867,0.059647
DNN-9866,0.059647
DNN-9865,0.058346
DNN-9864,0.046725
DNN-9863,0.030215
DNN-9862,0.045016
DNN-9861,0.03359
DNN-9860,0.049589
DNN-9859,0.030215
DNN-9858,0.046725
DNN-9856,0.023871
DNN-9855,0.918772
DNN-9854,0.166947
DNN-9853,0.045016
DNN-9852,0.037892
DNN-9851,0.114765
DNN-9850,0.045353
DNN-9849,0.287368
DNN-9848,0.038756
DNN-9847,0.585812
DNN-9846,0.086942
DNN-9845,0.035948
DNN-9844,0.048137
DNN-9843,0.353205
DNN-9842,0.054601
DNN-9841,0.709774
DNN-9839,0.056652
DNN-9838,0.08882
DNN-9837,0.03259
DNN-9836,0.100879
DNN-9835,0.052619
DNN-9834,0.032344
DNN-9833,0.048137
DNN-9832,0.592667
DNN-9830,0.524882
DNN-9829,0.106319
DNN-9827,0.135232
DNN-9826,0.198064
DNN-9825,0.066085
DNN-9823,0.244543
DNN-9822,0.190724
DNN-9821,0.075312
DNN-9820,0.051845
DNN-9819,0.026557
DNN-9818,0.090414
DNN-9817,0.023871
DNN-9815,0.022629
DNN-9813,0.175821
DNN-9812,0.35488
DNN-9811,0.559049
DNN-9810,0.150778
DNN-9809,0.015785
DNN-9808,0.059428
DNN-9807,0.943764
DNN-9806,0.389082
DNN-9805,0.045016
DNN-9804,0.731059
DNN-9803,0.48438
DNN-9802,0.03622
DNN-9778,0.229018
DNN-9761,0.32822
DNN-9760,0.036769
DNN-9759,0.390243
DNN-9758,0.223547
DNN-9757,0.148541
DNN-9756,0.446495
DNN-9755,0.144873
DNN-9754,0.340814
DNN-9753,0.024054
DNN-9752,0.030676
DNN-9751,0.085709
DNN-9750,0.034619
DNN-9749,0.055618
DNN-9747,0.073696
DNN-9746,0.039639
DNN-9745,0.293708
DNN-9744,0.088505
DNN-9743,0.030676
DNN-9742,0.017849
DNN-9741,0.037047
DNN-9740,0.414662
DNN-9739,0.048858
DNN-9738,0.318194
DNN-9737,0.03359
DNN-9736,0.379378
DNN-9735,0.047074
DNN-9734,0.404037
DNN-9733,0.149035
DNN-9731,0.040846
DNN-9730,0.064653
DNN-9729,0.038178
DNN-9728,0.051845
DNN-9727,0.324015
DNN-9725,0.04778
DNN-9724,0.078926
DNN-9722,0.233008
DNN-9721,0.043043
DNN-9720,0.086323
DNN-9717,0.071591
DNN-9716,0.59408
DNN-9715,0.032837
DNN-9714,0.075858
DNN-9713,0.046378
DNN-9712,0.224735
DNN-9711,0.023509
DNN-9710,0.045016
DNN-9709,0.025957
DNN-9708,0.115162
DNN-9707,0.040238
DNN-9705,0.154567
DNN-9704,0.351367
DNN-9703,0.064653
DNN-9702,0.02461
DNN-9701,0.041774
DNN-9700,0.044019
DNN-9699,0.040541
DNN-9698,0.06256
DNN-9697,0.042404
DNN-9696,0.037327
DNN-9695,0.080937
DNN-9694,0.168036
DNN-9693,0.153803
DNN-9692,0.249813
DNN-9691,0.107437
DNN-9689,0.032837
DNN-9688,0.026759
DNN-9687,0.065845
DNN-9686,0.112405
DNN-9685,0.038178
DNN-9684,0.102305
DNN-9682,0.081228
DNN-9681,0.079496
DNN-9680,0.054199
DNN-9679,0.036494
DNN-9678,0.247441
DNN-9677,0.847968
DNN-9675,0.024423
DNN-9674,0.378229
DNN-9673,0.178383
DNN-9672,0.593845
DNN-9671,0.650856
DNN-9670,0.18418
DNN-9668,0.028871
DNN-9667,0.066569
DNN-9666,0.409693
DNN-9665,0.013428
DNN-9664,0.196518
DNN-9663,0.030444
DNN-9662,0.167763
DNN-9661,0.180974
DNN-9660,0.086942
DNN-9658,0.078078
DNN-9657,0.093347
DNN-9656,0.038466
DNN-9655,0.034881
DNN-9654,0.149283
DNN-9653,0.280616
DNN-9652,0.142709
DNN-9651,0.011158
DNN-9650,0.059647
DNN-9649,0.173568
DNN-9648,0.029987
DNN-9647,0.039639
DNN-9646,0.026759
DNN-9645,0.020177
DNN-9644,0.066812
DNN-9643,0.078926
DNN-9642,0.037047
DNN-9641,0.022117
DNN-9640,0.293404
DNN-9638,0.337313
DNN-9637,0.291687
DNN-9636,0.104112
DNN-9635,0.022803
DNN-9634,0.188026
DNN-9633,0.380759
DNN-9632,0.075858
DNN-9630,0.673883
DNN-9629,0.434941
DNN-9628,0.173288
DNN-9627,0.066085
DNN-9626,0.816406
DNN-9625,0.025371
DNN-9624,0.386995
DNN-9623,0.163179
DNN-9622,0.029312
DNN-9620,0.023689
DNN-9619,0.156878
DNN-9618,0.03138
DNN-9617,0.123366
DNN-9614,0.017442
DNN-9613,0.094678
DNN-9612,0.053999
DNN-9611,0.461988
DNN-9610,0.07056
DNN-9609,0.446495
DNN-9608,0.07056
DNN-9607,0.034359
DNN-9606,0.047074
DNN-9605,0.111628
DNN-9604,0.051463
DNN-9603,0.161056
DNN-9602,0.601008
DNN-9598,0.058777
DNN-9597,0.071851
DNN-9596,0.277277
DNN-9594,0.180684
DNN-9593,0.077239
DNN-9591,0.113973
DNN-9590,0.109706
DNN-9589,0.035679
DNN-9588,0.588416
DNN-9587,0.221519
DNN-9586,0.186243
DNN-9585,0.193452
DNN-9584,0.737347
DNN-9583,0.201499
DNN-9582,0.071074
DNN-9581,0.078078
DNN-9580,0.035948
DNN-9577,0.016657
DNN-9576,0.333368
DNN-9575,0.342407
DNN-9574,0.308665
DNN-9573,0.041462
DNN-9572,0.033086
DNN-9571,0.072112
DNN-9570,0.03259
DNN-9569,0.021781
DNN-9568,0.599016
DNN-9567,0.102305
DNN-9566,0.135232
DNN-9565,0.028436
DNN-9564,0.035145
DNN-9563,0.138928
DNN-9562,0.146087
DNN-9560,0.037047
DNN-9559,0.202128
DNN-9558,0.031144
DNN-9557,0.012336
DNN-9556,0.067547
DNN-9554,0.280912
DNN-9553,0.025371
DNN-9552,0.058777
DNN-9551,0.442155
DNN-9550,0.341857
DNN-9549,0.093017
DNN-9548,0.039048
DNN-9547,0.474144
DNN-9546,0.027169
DNN-9545,0.065605
DNN-9544,0.375592
DNN-9543,0.037327
DNN-9542,0.020489
DNN-9541,0.471223
DNN-9540,0.026156
DNN-9538,0.14439
DNN-9537,0.068787
DNN-9536,0.055413
DNN-9535,0.053403
DNN-9533,0.121269
DNN-9532,0.035948
DNN-9531,0.114369
DNN-9530,0.281603
DNN-9529,0.08882
DNN-9528,0.109325
DNN-9527,0.105948
DNN-9526,0.087252
DNN-9525,0.075041
DNN-9524,0.065845
DNN-9523,0.023871
DNN-9522,0.035145
DNN-9521,0.581303
DNN-9520,0.061876
DNN-9518,0.019719
DNN-9517,0.032837
DNN-9516,0.089455
DNN-9515,0.123789
DNN-9514,0.081813
DNN-9513,0.864768
DNN-9512,0.020023
DNN-9511,0.448426
DNN-9510,0.023509
DNN-9509,0.026759
DNN-9508,0.068537
DNN-9507,0.036494
DNN-9506,0.06165
DNN-9504,0.550366
DNN-9503,0.168583
DNN-9502,0.265976
DNN-9501,0.306008
DNN-9500,0.113187
DNN-9499,0.044019
DNN-9498,0.017177
DNN-9497,0.06256
DNN-9496,0.020489
DNN-9495,0.115561
DNN-9494,0.095687
DNN-9493,0.054601
DNN-9492,0.094678
DNN-9490,0.034881
DNN-9489,0.129843
DNN-9488,0.051083
DNN-9487,0.039343
DNN-9486,0.187728
DNN-9485,0.05301
DNN-9484,0.01653
DNN-9483,0.362518
DNN-9482,0.31384
DNN-9481,0.599837
DNN-9480,0.655915
DNN-9479,0.052619
DNN-9478,0.133868
DNN-9477,0.107063
DNN-9476,0.118793
DNN-9475,0.156878
DNN-9473,0.282741
DNN-9472,0.286419
DNN-9471,0.192843
DNN-9470,0.314682
DNN-9469,0.23231
DNN-9468,0.061876
DNN-9467,0.050331
DNN-9466,0.082402
DNN-9465,0.42919
DNN-9464,0.23231
DNN-9463,0.561936
DNN-9462,0.482917
DNN-9461,0.463444
DNN-9460,0.146575
DNN-9459,0.163179
DNN-9458,0.175256
DNN-9457,0.169131
DNN-9456,0.183009
DNN-9455,0.834946
DNN-9454,0.225417
DNN-9453,0.163445
DNN-9452,0.127653
DNN-9451,0.13569
DNN-9450,0.145115
DNN-9449,0.140572
DNN-9448,0.188922
DNN-9447,0.925769
DNN-9446,0.158174
DNN-9445,0.111628
DNN-9444,0.052619
DNN-9443,0.044019
DNN-9442,0.052231
DNN-9441,0.240418
DNN-9439,0.019271
DNN-9438,0.067056
DNN-9437,0.780997
DNN-9436,0.215846
DNN-9435,0.36139
DNN-9433,0.057282
DNN-9432,0.757436
DNN-9431,0.043691
DNN-9429,0.429908
DNN-9428,0.245266
DNN-9427,0.176104
DNN-9426,0.117167
DNN-9425,0.020023
DNN-9424,0.104477
DNN-9423,0.033337
DNN-9422,0.025371
DNN-9420,0.018125
DNN-9419,0.025761
DNN-9417,0.023509
DNN-9416,0.046034
DNN-9415,0.076408
DNN-9414,0.097048
DNN-9413,0.025179
DNN-9412,0.017177
DNN-9411,0.039937
DNN-9410,0.036494
DNN-9409,0.075312
DNN-9408,0.258326
DNN-9406,0.066327
DNN-9405,0.056236
DNN-9404,0.109706
DNN-9403,0.446495
DNN-9402,0.078078
DNN-9401,0.190122
DNN-9400,0.121269
DNN-9399,0.164516
DNN-9398,0.100525
DNN-9397,0.178956
DNN-9396,0.111241
DNN-9395,0.120439
DNN-9394,0.069795
DNN-9393,0.044019
DNN-9392,0.048496
DNN-9391,0.023689
DNN-9390,0.04778
DNN-9389,0.198375
DNN-9388,0.060308
DNN-9387,0.037892
DNN-9386,0.080647
DNN-9385,0.072112
DNN-9384,0.223547
DNN-9383,0.083292
DNN-9382,0.018264
DNN-9380,0.037047
DNN-9379,0.052619
DNN-9378,0.046034
DNN-9377,0.035679
DNN-9376,0.024798
DNN-9373,0.047074
DNN-9372,0.045692
DNN-9371,0.099121
DNN-9370,0.037892
DNN-9369,0.042404
DNN-9368,0.135232
DNN-9366,0.190122
DNN-9365,0.196518
DNN-9364,0.014729
DNN-9363,0.108189
DNN-9362,0.019271
DNN-9361,0.041153
DNN-9360,0.041153
DNN-9359,0.301156
DNN-9358,0.045692
DNN-9357,0.020023
DNN-9356,0.033337
DNN-9355,0.049959
DNN-9354,0.067301
DNN-9353,0.022286
DNN-9351,0.018689
DNN-9350,0.0729
DNN-9349,0.045692
DNN-9348,0.031144
DNN-9347,0.015906
DNN-9346,0.141045
DNN-9344,0.595375
DNN-9343,0.834946
DNN-9342,0.235284
DNN-9341,0.383872
DNN-9340,0.022117
DNN-9339,0.174129
DNN-9338,0.050331
DNN-9337,0.023153
DNN-9335,0.022286
DNN-9334,0.025179
DNN-9333,0.018264
DNN-9331,0.181263
DNN-9330,0.041153
DNN-9329,0.031144
DNN-9328,0.03138
DNN-9327,0.051845
DNN-9325,0.08152
DNN-9324,0.131396
DNN-9323,0.026557
DNN-9322,0.098773
DNN-9321,0.033337
DNN-9320,0.033337
DNN-9319,0.046378
DNN-9318,0.040238
DNN-9317,0.030909
DNN-9316,0.056236
DNN-9315,0.044019
DNN-9314,0.026156
DNN-9313,0.347869
DNN-9312,0.04778
DNN-9311,0.062103
DNN-9310,0.096706
DNN-9309,0.048137
DNN-9308,0.080937
DNN-9307,0.028871
DNN-9306,0.546254
DNN-9305,0.047426
DNN-9304,0.0538
DNN-9302,0.030676
DNN-9301,0.057493
DNN-9299,0.053403
DNN-9298,0.066569
DNN-9297,0.045353
DNN-9296,0.028221
DNN-9295,0.048137
DNN-9293,0.221351
DNN-9292,0.033086
DNN-9291,0.310146
DNN-9290,0.076132
DNN-9289,0.034881
DNN-9288,0.658225
DNN-9287,0.097048
DNN-9286,0.029535
DNN-9285,0.324824
DNN-9284,0.037892
DNN-9283,0.662551
DNN-9282,0.033844
DNN-9281,0.091707
DNN-9280,0.034619
DNN-9279,0.050331
DNN-9278,0.031859
DNN-9277,0.045016
DNN-9276,0.247805
DNN-9275,0.032344
DNN-9273,0.045016
DNN-9272,0.033337
DNN-9271,0.016657
DNN-9270,0.020332
DNN-9269,0.273963
DNN-9266,0.259075
DNN-9265,0.037327
DNN-9264,0.046034
DNN-9263,0.07343
DNN-9262,0.296476
DNN-9261,0.151028
DNN-9258,0.099821
DNN-9256,0.032837
DNN-9255,0.078642
DNN-9254,0.022117
DNN-9253,0.024988
DNN-9252,0.046034
DNN-9251,0.039048
DNN-9250,0.031619
DNN-9249,0.033844
DNN-9248,0.055413
DNN-9247,0.046034
DNN-9246,0.021451
DNN-9245,0.098079
DNN-9244,0.096365
DNN-9243,0.034359
DNN-9242,0.078926
DNN-9241,0.040846
DNN-9240,0.119614
DNN-9239,0.173288
DNN-9238,0.035948
DNN-9237,0.062789
DNN-9236,0.023331
DNN-9235,0.076684
DNN-9234,0.817574
DNN-9233,0.663778
DNN-9232,0.292899
DNN-9231,0.32354
DNN-9230,0.046378
DNN-9229,0.053403
DNN-9228,0.718199
DNN-9227,0.368178
DNN-9226,0.017849
DNN-9225,0.059866
DNN-9223,0.046378
DNN-9222,0.362066
DNN-9221,0.039937
DNN-9220,0.031859
DNN-9219,0.054199
DNN-9218,0.048137
DNN-9217,0.555194
DNN-9216,0.043366
DNN-9215,0.042722
DNN-9214,0.713432
DNN-9213,0.027796
DNN-9212,0.051845
DNN-9211,0.021125
DNN-9209,0.128525
DNN-9208,0.045016
DNN-9207,0.03359
DNN-9206,0.039937
DNN-9204,0.038178
DNN-9203,0.3512
DNN-9202,0.06165
DNN-9201,0.043366
DNN-9200,0.043691
DNN-9199,0.0341
DNN-9198,0.06256
DNN-9197,0.037047
DNN-9196,0.082402
DNN-9195,0.023509
DNN-9194,0.024423
DNN-9193,0.361841
DNN-9192,0.029312
DNN-9191,0.093347
DNN-9190,0.025371
DNN-9189,0.059428
DNN-9188,0.051083
DNN-9187,0.098773
DNN-9186,0.053206
DNN-9185,0.225587
DNN-9184,0.029312
DNN-9183,0.23092
DNN-9182,0.027796
DNN-9181,0.09947
DNN-9180,0.132739
DNN-9179,0.512693
DNN-9178,0.025179
DNN-9177,0.051845
DNN-9175,0.016403
DNN-9174,0.073963
DNN-9173,0.146331
DNN-9172,0.047074
DNN-9171,0.102664
DNN-9170,0.065845
DNN-9169,0.318273
DNN-9168,0.28582
DNN-9167,0.052231
DNN-9166,0.039639
DNN-9165,0.042722
DNN-9164,0.021125
DNN-9163,0.028436
DNN-9162,0.033337
DNN-9161,0.020964
DNN-9160,0.030215
DNN-9159,0.020023
DNN-9158,0.059866
DNN-9157,0.086323
DNN-9156,0.041774
DNN-9155,0.040238
DNN-9154,0.044681
DNN-9152,0.159741
DNN-9151,0.063948
DNN-9150,0.033337
DNN-9149,0.723895
DNN-9148,0.103749
DNN-9147,0.067547
DNN-9145,0.691549
DNN-9143,0.075585
DNN-9142,0.028221
DNN-9140,0.447702
DNN-9139,0.079496
DNN-9138,0.351534
DNN-9136,0.043043
DNN-9135,0.789234
DNN-9134,0.046034
DNN-9133,0.112405
DNN-9130,0.093017
DNN-9129,0.023509
DNN-9128,0.117167
DNN-9127,0.575827
DNN-9126,0.18743
DNN-9125,0.239705
DNN-9124,0.247805
DNN-9123,0.03359
DNN-9122,0.146087
DNN-9121,0.071591
DNN-9120,0.03138
DNN-9119,0.199932
DNN-9118,0.167491
DNN-9117,0.214691
DNN-9116,0.017177
DNN-9115,0.046725
DNN-9114,0.012432
DNN-9113,0.039639
DNN-9112,0.072637
DNN-9111,0.027376
DNN-9110,0.015906
DNN-9109,0.061876
DNN-9108,0.029987
DNN-9107,0.043366
DNN-9106,0.025761
DNN-9105,0.014504
DNN-9104,0.056236
DNN-9103,0.017849
DNN-9102,0.035145
DNN-9101,0.034359
DNN-9100,0.029091
DNN-9099,0.050331
DNN-9098,0.044019
DNN-9097,0.055413
DNN-9096,0.023153
DNN-9095,0.035679
DNN-9094,0.034881
DNN-9093,0.021451
DNN-9092,0.035411
DNN-9091,0.06165
DNN-9090,0.026557
DNN-9089,0.020023
DNN-9088,0.017177
DNN-9087,0.022117
DNN-9086,0.020804
DNN-9085,0.03138
DNN-9084,0.021287
DNN-9083,0.020804
DNN-9082,0.024054
DNN-9081,0.122944
DNN-9080,0.07477
DNN-9079,0.022977
DNN-9078,0.037327
DNN-9077,0.040238
DNN-9076,0.019419
DNN-9075,0.042404
DNN-9074,0.031859
DNN-9073,0.018689
DNN-9072,0.032344
DNN-9071,0.03138
DNN-9070,0.066569
DNN-9069,0.04778
DNN-9068,0.029091
DNN-9067,0.051083
DNN-9066,0.050331
DNN-9065,0.049589
DNN-9064,0.199308
DNN-9063,0.420124
DNN-9062,0.056652
DNN-9061,0.148047
DNN-9060,0.073165
DNN-9059,0.195902
DNN-9058,0.065366
DNN-9057,0.028436
DNN-9056,0.077518
DNN-9055,0.02976
DNN-9054,0.046725
DNN-9052,0.682997
DNN-9051,0.080069
DNN-9050,0.040541
DNN-9049,0.04778
DNN-9048,0.043043
DNN-9047,0.109325
DNN-9046,0.09739
DNN-9044,0.206254
DNN-9043,0.078926
DNN-9042,0.192236
DNN-9041,0.036494
DNN-9040,0.033337
DNN-9039,0.046034
DNN-9038,0.054199
DNN-9036,0.110088
DNN-9035,0.023331
DNN-9034,0.019871
DNN-9033,0.055209
DNN-9032,0.048496
DNN-9031,0.029312
DNN-9029,0.081813
DNN-9028,0.033086
DNN-9027,0.039639
DNN-9026,0.124213
DNN-9025,0.029091
DNN-9024,0.046378
DNN-9023,0.032837
DNN-9022,0.152789
DNN-9021,0.049589
DNN-9020,0.033337
DNN-9018,0.048137
DNN-9017,0.312632
DNN-9016,0.036769
DNN-9015,0.080069
DNN-9014,0.169406
DNN-9013,0.723505
DNN-9012,0.051083
DNN-9011,0.301979
DNN-9010,0.571288
DNN-9009,0.70202
DNN-9008,0.097048
DNN-9007,0.112405
DNN-9006,0.057918
DNN-9005,0.037327
DNN-9004,0.020023
DNN-9003,0.008711
DNN-9001,0.127218
DNN-9000,0.082402
DNN-8999,0.876634
DNN-8998,0.093347
DNN-8997,0.032101
DNN-8996,0.134094
DNN-8995,0.091382
DNN-8994,0.049959
DNN-8993,0.131173
DNN-8992,0.064653
DNN-8991,0.383757
DNN-8990,0.013956
DNN-8989,0.281307
DNN-8988,0.075858
DNN-8987,0.028871
DNN-8986,0.057705
DNN-8985,0.335922
DNN-8984,0.057282
DNN-8983,0.058346
DNN-8982,0.287168
DNN-8981,0.029987
DNN-8980,0.036494
DNN-8979,0.031859
DNN-8978,0.045016
DNN-8977,0.038756
DNN-8976,0.066085
DNN-8975,0.407569
DNN-8974,0.058777
DNN-8973,0.022457
DNN-8971,0.074231
DNN-8970,0.076961
DNN-8969,0.026759
DNN-8968,0.037047
DNN-8967,0.024798
DNN-8966,0.028436
DNN-8965,0.052231
DNN-8964,0.041153
DNN-8963,0.030215
DNN-8962,0.060752
DNN-8961,0.046034
DNN-8960,0.041774
DNN-8959,0.061424
DNN-8958,0.057705
DNN-8957,0.048137
DNN-8955,0.037892
DNN-8954,0.038178
DNN-8953,0.057493
DNN-8952,0.044019
DNN-8950,0.19163
DNN-8949,0.054199
DNN-8948,0.46636
DNN-8947,0.085404
DNN-8946,0.291687
DNN-8945,0.080357
DNN-8944,0.108945
DNN-8943,0.498047
DNN-8942,0.069542
DNN-8941,0.042088
DNN-8940,0.018547
DNN-8939,0.09739
DNN-8938,0.019719
DNN-8937,0.087252
DNN-8936,0.034619
DNN-8935,0.38445
DNN-8934,0.109325
DNN-8933,0.258326
DNN-8932,0.039639
DNN-8931,0.022117
DNN-8930,0.049589
DNN-8929,0.045353
DNN-8928,0.084493
DNN-8927,0.020489
DNN-8926,0.472197
DNN-8925,0.072374
DNN-8924,0.057493
DNN-8923,0.022629
DNN-8922,0.043043
DNN-8920,0.103386
DNN-8919,0.058993
DNN-8918,0.073963
DNN-8916,0.823328
DNN-8914,0.046725
DNN-8913,0.024423
DNN-8912,0.252937
DNN-8911,0.020646
DNN-8908,0.123789
DNN-8907,0.064183
DNN-8906,0.110856
DNN-8905,0.108945
DNN-8904,0.037327
DNN-8903,0.063482
DNN-8902,0.100525
DNN-8901,0.041774
DNN-8900,0.312488
DNN-8899,0.056236
DNN-8898,0.09947
DNN-8897,0.045353
DNN-8896,0.044019
DNN-8895,0.61341
DNN-8894,0.032344
DNN-8893,0.043366
DNN-8892,0.320243
DNN-8891,0.137996
DNN-8890,0.395835
DNN-8889,0.047426
DNN-8888,0.06804
DNN-8887,0.071332
DNN-8886,0.09739
DNN-8884,0.184473
DNN-8883,0.05301
DNN-8882,0.015189
DNN-8881,0.064183
DNN-8880,0.115162
DNN-8879,0.148541
DNN-8878,0.045692
DNN-8877,0.035145
DNN-8876,0.018833
DNN-8875,0.043043
DNN-8874,0.136608
DNN-8873,0.124001
DNN-8872,0.050331
DNN-8871,0.042404
DNN-8870,0.045016
DNN-8869,0.082107
DNN-8868,0.512693
DNN-8867,0.137996
DNN-8866,0.06489
DNN-8865,0.04778
DNN-8864,0.135232
DNN-8863,0.052231
DNN-8861,0.063948
DNN-8860,0.247623
DNN-8859,0.257392
DNN-8856,0.037892
DNN-8855,0.03359
DNN-8854,0.031859
DNN-8853,0.075041
DNN-8852,0.037892
DNN-8851,0.038178
DNN-8850,0.111628
DNN-8849,0.674855
DNN-8848,0.231093
DNN-8847,0.090093
DNN-8846,0.036769
DNN-8845,0.082697
DNN-8844,0.137996
DNN-8842,0.246896
DNN-8841,0.062789
DNN-8840,0.039639
DNN-8839,0.057705
DNN-8838,0.28877
DNN-8836,0.105948
DNN-8835,0.20466
DNN-8834,0.05921
DNN-8832,0.041462
DNN-8830,0.558809
DNN-8829,0.032344
DNN-8828,0.178097
DNN-8827,0.074231
DNN-8826,0.204025
DNN-8825,0.072374
DNN-8824,0.108566
DNN-8820,0.025565
DNN-8819,0.183594
DNN-8818,0.063715
DNN-8817,0.125493
DNN-8816,0.241132
DNN-8815,0.301773
DNN-8814,0.061876
DNN-8813,0.035948
DNN-8812,0.040541
DNN-8811,0.465873
DNN-8810,0.086942
DNN-8809,0.046725
DNN-8808,0.546738
DNN-8806,0.07477
DNN-8805,0.038756
DNN-8804,0.071332
DNN-8803,0.046725
DNN-8802,0.039343
DNN-8798,0.056029
DNN-8797,0.095349
DNN-8796,0.067547
DNN-8795,0.100879
DNN-8794,0.049959
DNN-8793,0.213705
DNN-8792,0.049589
DNN-8791,0.091707
DNN-8790,0.157655
DNN-8789,0.066569
DNN-8787,0.4436
DNN-8786,0.036769
DNN-8783,0.698227
DNN-8782,0.420362
DNN-8780,0.132066
DNN-8779,0.124639
DNN-8778,0.078642
DNN-8776,0.458591
DNN-8775,0.132515
DNN-8774,0.065845
DNN-8773,0.09947
DNN-8772,0.051463
DNN-8771,0.107063
DNN-8770,0.026156
DNN-8769,0.209146
DNN-8768,0.082107
DNN-8767,0.038756
DNN-8766,0.03259
DNN-8764,0.151781
DNN-8763,0.044349
DNN-8762,0.040238
DNN-8760,0.057493
DNN-8758,0.337968
DNN-8757,0.338487
DNN-8756,0.166675
DNN-8754,0.052619
DNN-8753,0.03259
DNN-8749,0.05921
DNN-8748,0.05921
DNN-8747,0.049222
DNN-8746,0.015425
DNN-8745,0.020646
DNN-8743,0.027796
DNN-8742,0.031144
DNN-8741,0.030215
DNN-8740,0.034619
DNN-8738,0.666008
DNN-8737,0.054199
DNN-8736,0.340376
DNN-8735,0.037327
DNN-8734,0.658637
DNN-8733,0.091058
DNN-8732,0.047074
DNN-8731,0.051083
DNN-8730,0.032101
DNN-8729,0.064653
DNN-8728,0.051083
DNN-8725,0.081813
DNN-8724,0.049589
DNN-8721,0.195594
DNN-8720,0.057071
DNN-8719,0.050331
DNN-8718,0.379493
DNN-8717,0.044681
DNN-8716,0.467332
DNN-8715,0.014392
DNN-8714,0.632049
DNN-8713,0.506347
DNN-8711,0.044681
DNN-8710,0.033086
DNN-8709,0.082697
DNN-8704,0.041462
DNN-8703,0.050705
DNN-8701,0.022457
DNN-8700,0.063251
DNN-8699,0.070816
DNN-8698,0.075585
DNN-8697,0.352425
DNN-8693,0.112016
DNN-8692,0.108566
DNN-8691,0.029312
DNN-8690,0.194062
DNN-8689,0.654287
DNN-8688,0.032344
DNN-8687,0.018978
DNN-8686,0.028221
DNN-8685,0.449393
DNN-8684,0.040238
DNN-8683,0.033086
DNN-8682,0.049959
DNN-8681,0.042722
DNN-8680,0.045353
DNN-8679,0.033086
DNN-8678,0.040541
DNN-8677,0.027585
DNN-8675,0.255158
DNN-8674,0.124213
DNN-8672,0.03138
DNN-8671,0.029535
DNN-8670,0.097048
DNN-8669,0.020964
DNN-8668,0.420838
DNN-8667,0.196209
DNN-8666,0.039639
DNN-8663,0.254972
DNN-8662,0.037327
DNN-8661,0.053403
DNN-8660,0.055413
DNN-8659,0.124639
DNN-8657,0.02461
DNN-8656,0.789558
DNN-8654,0.028221
DNN-8653,0.153803
DNN-8652,0.028436
DNN-8651,0.03259
DNN-8650,0.075585
DNN-8649,0.035948
DNN-8648,0.041462
DNN-8647,0.076132
DNN-8646,0.039937
DNN-8644,0.069795
DNN-8643,0.096365
DNN-8642,0.048496
DNN-8641,0.208824
DNN-8640,0.030676
DNN-8639,0.06165
DNN-8638,0.077518
DNN-8637,0.050331
DNN-8636,0.035948
DNN-8635,0.056862
DNN-8634,0.037609
DNN-8632,0.322019
DNN-8630,0.371137
DNN-8629,0.069038
DNN-8628,0.176104
DNN-8627,0.027796
DNN-8626,0.244003
DNN-8622,0.028008
DNN-8621,0.071591
DNN-8619,0.053403
DNN-8618,0.143188
DNN-8617,0.041462
DNN-8616,0.066085
DNN-8615,0.209793
DNN-8614,0.044019
DNN-8613,0.038178
DNN-8612,0.086016
DNN-8611,0.03622
DNN-8610,0.147555
DNN-8609,0.086016
DNN-8608,0.521471
DNN-8607,0.09236
DNN-8606,0.164785
DNN-8605,0.043043
DNN-8604,0.067301
DNN-8603,0.029987
DNN-8602,0.101233
DNN-8601,0.107813
DNN-8599,0.06489
DNN-8597,0.036769
DNN-8596,0.062103
DNN-8595,0.027796
DNN-8594,0.153042
DNN-8593,0.132964
DNN-8592,0.024054
DNN-8590,0.298287
DNN-8589,0.062331
DNN-8588,0.131619
DNN-8587,0.053403
DNN-8586,0.064183
DNN-8585,0.064418
DNN-8584,0.029535
DNN-8583,0.52342
DNN-8582,0.444083
DNN-8580,0.061424
DNN-8579,0.07921
DNN-8578,0.038756
DNN-8577,0.636297
DNN-8576,0.040541
DNN-8575,0.045692
DNN-8573,0.349311
DNN-8572,0.039343
DNN-8571,0.82559
DNN-8569,0.058132
DNN-8568,0.126353
DNN-8567,0.035411
DNN-8566,0.21305
DNN-8565,0.599133
DNN-8564,0.05301
DNN-8562,0.126353
DNN-8561,0.174692
DNN-8560,0.216012
DNN-8559,0.643945
DNN-8558,0.056862
DNN-8557,0.025371
DNN-8556,0.039937
DNN-8555,0.041462
DNN-8552,0.096706
DNN-8551,0.065845
DNN-8550,0.046725
DNN-8549,0.042088
DNN-8547,0.049959
DNN-8546,0.038466
DNN-8545,0.192843
DNN-8544,0.040541
DNN-8543,0.039048
DNN-8542,0.041462
DNN-8540,0.069289
DNN-8539,0.047426
DNN-8536,0.020023
DNN-8535,0.041153
DNN-8534,0.218836
DNN-8533,0.109706
DNN-8532,0.02461
DNN-8531,0.131619
DNN-8530,0.042722
DNN-8529,0.216674
DNN-8528,0.108189
DNN-8527,0.037327
DNN-8526,0.077518
DNN-8525,0.020964
DNN-8524,0.22919
DNN-8523,0.282988
DNN-8522,0.060087
DNN-8519,0.076408
DNN-8518,0.029312
DNN-8517,0.034359
DNN-8516,0.039343
DNN-8515,0.05921
DNN-8513,0.496094
DNN-8512,0.073696
DNN-8511,0.0341
DNN-8510,0.021948
DNN-8508,0.02976
DNN-8506,0.362405
DNN-8505,0.139866
DNN-8504,0.051845
DNN-8503,0.034881
DNN-8500,0.070049
DNN-8499,0.868381
DNN-8498,0.034881
DNN-8497,0.049589
DNN-8496,0.087252
DNN-8495,0.104112
DNN-8493,0.070304
DNN-8492,0.096365
DNN-8491,0.039343
DNN-8489,0.033844
DNN-8488,0.06165
DNN-8487,0.057705
DNN-8486,0.039343
DNN-8485,0.032101
DNN-8484,0.048496
DNN-8483,0.242385
DNN-8482,0.045353
DNN-8481,0.051845
DNN-8480,0.015306
DNN-8479,0.384681
DNN-8478,0.042088
DNN-8477,0.022803
DNN-8475,0.0538
DNN-8474,0.038178
DNN-8473,0.039937
DNN-8472,0.081228
DNN-8471,0.045016
DNN-8470,0.061876
DNN-8469,0.080647
DNN-8468,0.036769
DNN-8467,0.107063
DNN-8465,0.023689
DNN-8464,0.042088
DNN-8463,0.077518
DNN-8462,0.457621
DNN-8460,0.023871
DNN-8459,0.050331
DNN-8456,0.031859
DNN-8455,0.040541
DNN-8454,0.477554
DNN-8453,0.040541
DNN-8452,0.126353
DNN-8451,0.291737
DNN-8450,0.510741
DNN-8449,0.06489
DNN-8448,0.493653
DNN-8447,0.688595
DNN-8446,0.724675
DNN-8445,0.047074
DNN-8442,0.056236
DNN-8441,0.036769
DNN-8440,0.236164
DNN-8439,0.530723
DNN-8438,0.060975
DNN-8437,0.057705
DNN-8436,0.128963
DNN-8435,0.039343
DNN-8434,0.661814
DNN-8433,0.626696
DNN-8432,0.056029
DNN-8431,0.053403
DNN-8430,0.040238
DNN-8429,0.02976
DNN-8428,0.432063
DNN-8425,0.025957
DNN-8423,0.083591
DNN-8422,0.259638
DNN-8421,0.034881
DNN-8420,0.054601
DNN-8419,0.47658
DNN-8418,0.024798
DNN-8417,0.797241
DNN-8416,0.489748
DNN-8415,0.222869
DNN-8414,0.072637
DNN-8413,0.027796
DNN-8412,0.307624
DNN-8411,0.042088
DNN-8410,0.020646
DNN-8408,0.045016
DNN-8407,0.051463
DNN-8406,0.022977
DNN-8405,0.049959
DNN-8403,0.096706
DNN-8402,0.040238
DNN-8401,0.129403
DNN-8400,0.057071
DNN-8399,0.032344
DNN-8398,0.045016
DNN-8396,0.125923
DNN-8395,0.034619
DNN-8394,0.020804
DNN-8393,0.029987
DNN-8392,0.047426
DNN-8391,0.150528
DNN-8390,0.139396
DNN-8386,0.059866
DNN-8385,0.032101
DNN-8384,0.039343
DNN-8383,0.829492
DNN-8382,0.066085
DNN-8381,0.217836
DNN-8379,0.175821
DNN-8378,0.277669
DNN-8377,0.038756
DNN-8376,0.020646
DNN-8375,0.036769
DNN-8374,0.743541
DNN-8373,0.071851
DNN-8372,0.598899
DNN-8371,0.027796
DNN-8369,0.357119
DNN-8368,0.042088
DNN-8367,0.044349
DNN-8366,0.067793
DNN-8365,0.048137
DNN-8364,0.205934
DNN-8363,0.118385
DNN-8362,0.020332
DNN-8361,0.057071
DNN-8360,0.051463
DNN-8359,0.042722
DNN-8358,0.200245
DNN-8357,0.04778
DNN-8356,0.073696
DNN-8355,0.222025
DNN-8354,0.060752
DNN-8353,0.069038
DNN-8352,0.062331
DNN-8351,0.132066
DNN-8350,0.08152
DNN-8349,0.048496
DNN-8348,0.091382
DNN-8347,0.058346
DNN-8346,0.021125
DNN-8345,0.034619
DNN-8344,0.08819
DNN-8343,0.546738
DNN-8341,0.03259
DNN-8340,0.027585
DNN-8339,0.025761
DNN-8338,0.033337
DNN-8337,0.034359
DNN-8333,0.124639
DNN-8332,0.051083
DNN-8331,0.037892
DNN-8330,0.037327
DNN-8329,0.039937
DNN-8328,0.044681
DNN-8327,0.028871
DNN-8326,0.057493
DNN-8325,0.02461
DNN-8324,0.122523
DNN-8322,0.311139
DNN-8321,0.058993
DNN-8320,0.049589
DNN-8319,0.098425
DNN-8318,0.049959
DNN-8316,0.068787
DNN-8315,0.049959
DNN-8314,0.020489
DNN-8313,0.069542
DNN-8312,0.045353
DNN-8311,0.048137
DNN-8310,0.030676
DNN-8308,0.056444
DNN-8306,0.064653
DNN-8305,0.038466
DNN-8304,0.054601
DNN-8303,0.039343
DNN-8301,0.159741
DNN-8300,0.173009
DNN-8299,0.04778
DNN-8298,0.090093
DNN-8297,0.047074
DNN-8296,0.037327
DNN-8295,0.043691
DNN-8294,0.178097
DNN-8293,0.019569
DNN-8292,0.050331
DNN-8291,0.045016
DNN-8290,0.051083
DNN-8289,0.020964
DNN-8288,0.037892
DNN-8287,0.028008
DNN-8286,0.055209
DNN-8285,0.057918
DNN-8284,0.054601
DNN-8283,0.042722
DNN-8282,0.070816
DNN-8281,0.039937
DNN-8279,0.021781
DNN-8278,0.093347
DNN-8276,0.116362
DNN-8275,0.063019
DNN-8273,0.024798
DNN-8270,0.080937
DNN-8267,0.042088
DNN-8266,0.047426
DNN-8265,0.034619
DNN-8264,0.082107
DNN-8263,0.055823
DNN-8259,0.446012
DNN-8258,0.252384
DNN-8257,0.094343
DNN-8256,0.210117
DNN-8255,0.239527
DNN-8254,0.556641
DNN-8253,0.13569
DNN-8250,0.039937
DNN-8249,0.042404
DNN-8248,0.073963
DNN-8247,0.064418
DNN-8246,0.07056
DNN-8245,0.300181
DNN-8244,0.013428
DNN-8243,0.065845
DNN-8242,0.085099
DNN-8241,0.041774
DNN-8240,0.026964
DNN-8239,0.018833
DNN-8238,0.049589
DNN-8237,0.094343
DNN-8236,0.039937
DNN-8235,0.056236
DNN-8233,0.041153
DNN-8232,0.049589
DNN-8231,0.056652
DNN-8230,0.092033
DNN-8229,0.035145
DNN-8228,0.024238
DNN-8227,0.091707
DNN-8226,0.046378
DNN-8225,0.034619
DNN-8224,0.102664
DNN-8223,0.025957
DNN-8222,0.057493
DNN-8221,0.212395
DNN-8220,0.309076
DNN-8219,0.063251
DNN-8218,0.03622
DNN-8217,0.070049
DNN-8216,0.051083
DNN-8215,0.076408
DNN-8214,0.066812
DNN-8213,0.057918
DNN-8212,0.017442
DNN-8208,0.277473
DNN-8207,0.042722
DNN-8206,0.644952
DNN-8205,0.040238
DNN-8204,0.229363
DNN-8203,0.023509
DNN-8202,0.032101
DNN-8201,0.078926
DNN-8200,0.046378
DNN-8199,0.081813
DNN-8197,0.017849
DNN-8196,0.037327
DNN-8195,0.058132
DNN-8194,0.073165
DNN-8193,0.023153
DNN-8192,0.015785
DNN-8191,0.093347
DNN-8190,0.037047
DNN-8189,0.054199
DNN-8188,0.048858
DNN-8186,0.038466
DNN-8182,0.035411
DNN-8181,0.045353
DNN-8179,0.039343
DNN-8176,0.018264
DNN-8175,0.028653
DNN-8174,0.044681
DNN-8173,0.085709
DNN-8171,0.056236
DNN-8170,0.026557
DNN-8169,0.033086
DNN-8168,0.031144
DNN-8167,0.041774
DNN-8166,0.562898
DNN-8165,0.100172
DNN-8164,0.233881
DNN-8163,0.188324
DNN-8162,0.061424
DNN-8161,0.044019
DNN-8160,0.575349
DNN-8159,0.03259
DNN-8158,0.017986
DNN-8156,0.052231
DNN-8155,0.059647
DNN-8154,0.046378
DNN-8153,0.611614
DNN-8152,0.096025
DNN-8151,0.035411
DNN-8150,0.021781
DNN-8149,0.024238
DNN-8148,0.030909
DNN-8147,0.028221
DNN-8146,0.391173
DNN-8145,0.044681
DNN-8144,0.067301
DNN-8142,0.03138
DNN-8141,0.871037
DNN-8140,0.083591
DNN-8139,0.034359
DNN-8138,0.083292
DNN-8137,0.029535
DNN-8136,0.042404
DNN-8135,0.069795
DNN-8134,0.044681
DNN-8133,0.038756
DNN-8132,0.029312
DNN-8131,0.042088
DNN-8130,0.031144
DNN-8129,0.032101
DNN-8128,0.02976
DNN-8125,0.773216
DNN-8123,0.03259
DNN-8122,0.418935
DNN-8121,0.261897
DNN-8120,0.125493
DNN-8119,0.040846
DNN-8118,0.046034
DNN-8117,0.035411
DNN-8116,0.267217
DNN-8115,0.023509
DNN-8114,0.060529
DNN-8113,0.040238
DNN-8112,0.045353
DNN-8111,0.058777
DNN-8110,0.268078
DNN-8107,0.057493
DNN-8106,0.071591
DNN-8103,0.574156
DNN-8102,0.02976
DNN-8101,0.037609
DNN-8100,0.073696
DNN-8098,0.399577
DNN-8097,0.04778
DNN-8096,0.353986
DNN-8095,0.016403
DNN-8094,0.07056
DNN-8093,0.038466
DNN-8092,0.235284
DNN-8091,0.030909
DNN-8090,0.014729
DNN-8087,0.016785
DNN-8086,0.060752
DNN-8085,0.030909
DNN-8084,0.090414
DNN-8083,0.833866
DNN-8082,0.07343
DNN-8081,0.039937
DNN-8080,0.045353
DNN-8079,0.049222
DNN-8078,0.026759
DNN-8076,0.189821
DNN-8075,0.113973
DNN-8074,0.065605
DNN-8073,0.067547
DNN-8072,0.103386
DNN-8071,0.045016
DNN-8070,0.043691
DNN-8069,0.019719
DNN-8068,0.071851
DNN-8067,0.067793
DNN-8066,0.039343
DNN-8065,0.029535
DNN-8064,0.049222
DNN-8063,0.16398
DNN-8062,0.037892
DNN-8061,0.098425
DNN-8059,0.580114
DNN-8058,0.479016
DNN-8057,0.381335
DNN-8056,0.049589
DNN-8055,0.045016
DNN-8054,0.017177
DNN-8053,0.03259
DNN-8052,0.028436
DNN-8051,0.018264
DNN-8050,0.059647
DNN-8049,0.046034
DNN-8048,0.049589
DNN-8047,0.076132
DNN-8046,0.065128
DNN-8045,0.170784
DNN-8044,0.018978
DNN-8043,0.139162
DNN-8042,0.03259
DNN-8041,0.037609
DNN-8039,0.0729
DNN-8038,0.055413
DNN-8036,0.040238
DNN-8035,0.023689
DNN-8034,0.046378
DNN-8033,0.058346
DNN-8032,0.011961
DNN-8031,0.034619
DNN-8030,0.535098
DNN-8029,0.040238
DNN-8028,0.075312
DNN-8027,0.622
DNN-8026,0.428951
DNN-8025,0.063715
DNN-8024,0.024988
DNN-8023,0.03359
DNN-8022,0.015425
DNN-8020,0.102664
DNN-8019,0.044349
DNN-8018,0.055005
DNN-8015,0.043691
DNN-8014,0.20466
DNN-8013,0.645064
DNN-8012,0.065845
DNN-8011,0.63624
DNN-8010,0.433502
DNN-8009,0.209146
DNN-8008,0.242026
DNN-8006,0.031144
DNN-8005,0.02461
DNN-8004,0.026557
DNN-8003,0.025761
DNN-8002,0.080069
DNN-8001,0.051083
DNN-8000,0.043043
DNN-7999,0.046378
DNN-7998,0.375821
DNN-7997,0.021948
DNN-7996,0.07343
DNN-7995,0.058346
DNN-7994,0.315117
DNN-7993,0.055005
DNN-7991,0.039343
DNN-7990,0.055209
DNN-7989,0.066085
DNN-7988,0.055823
DNN-7987,0.334644
DNN-7986,0.096365
DNN-7985,0.047074
DNN-7984,0.042722
DNN-7983,0.024798
DNN-7982,0.035948
DNN-7981,0.039937
DNN-7980,0.382487
DNN-7979,0.041774
DNN-7978,0.055823
DNN-7976,0.030676
DNN-7975,0.059428
DNN-7974,0.044681
DNN-7973,0.042088
DNN-7972,0.044019
DNN-7971,0.044019
DNN-7970,0.035411
DNN-7969,0.229018
DNN-7968,0.046034
DNN-7967,0.028871
DNN-7966,0.076408
DNN-7964,0.091707
DNN-7963,0.04778
DNN-7962,0.039639
DNN-7961,0.066327
DNN-7960,0.405213
DNN-7958,0.026759
DNN-7957,0.150029
DNN-7956,0.024423
DNN-7955,0.030676
DNN-7954,0.027796
DNN-7953,0.043043
DNN-7950,0.090093
DNN-7949,0.031144
DNN-7948,0.038466
DNN-7947,0.038178
DNN-7946,0.026355
DNN-7945,0.063482
DNN-7944,0.035679
DNN-7943,0.034359
DNN-7942,0.312842
DNN-7941,0.080357
DNN-7940,0.010987
DNN-7939,0.085709
DNN-7938,0.085099
DNN-7937,0.033844
DNN-7936,0.044019
DNN-7934,0.042088
DNN-7933,0.041462
DNN-7931,0.025957
DNN-7930,0.041462
DNN-7929,0.697403
DNN-7928,0.801004
DNN-7927,0.099821
DNN-7926,0.075041
DNN-7925,0.048858
DNN-7924,0.046378
DNN-7923,0.128525
DNN-7922,0.023689
DNN-7921,0.101589
DNN-7919,0.020964
DNN-7918,0.035145
DNN-7917,0.040846
DNN-7916,0.035948
DNN-7915,0.034619
DNN-7914,0.060975
DNN-7913,0.051083
DNN-7912,0.032344
DNN-7911,0.023331
DNN-7910,0.323514
DNN-7909,0.234933
DNN-7908,0.320502
DNN-7907,0.048496
DNN-7906,0.056444
DNN-7905,0.049959
DNN-7904,0.052619
DNN-7903,0.039639
DNN-7902,0.017577
DNN-7901,0.059428
DNN-7900,0.026759
DNN-7897,0.324102
DNN-7896,0.045353
DNN-7895,0.044019
DNN-7894,0.08882
DNN-7893,0.041774
DNN-7892,0.058561
DNN-7891,0.026355
DNN-7890,0.035679
DNN-7889,0.046034
DNN-7888,0.033844
DNN-7887,0.05921
DNN-7886,0.037327
DNN-7883,0.219672
DNN-7879,0.03259
DNN-7878,0.155335
DNN-7877,0.046378
DNN-7876,0.804406
DNN-7875,0.401923
DNN-7874,0.157396
DNN-7873,0.073963
DNN-7872,0.052619
DNN-7871,0.256273
DNN-7870,0.244183
DNN-7869,0.238639
DNN-7868,0.048137
DNN-7867,0.0341
DNN-7865,0.046034
DNN-7864,0.054803
DNN-7863,0.044681
DNN-7862,0.041462
DNN-7861,0.399812
DNN-7860,0.04778
DNN-7859,0.36591
DNN-7858,0.106319
DNN-7857,0.058993
DNN-7856,0.058561
DNN-7855,0.242385
DNN-7854,0.039048
DNN-7853,0.047426
DNN-7852,0.055005
DNN-7851,0.055823
DNN-7850,0.055413
DNN-7849,0.051083
DNN-7848,0.19962
DNN-7847,0.620622
DNN-7846,0.067056
DNN-7845,0.040846
DNN-7844,0.173568
DNN-7843,0.614683
DNN-7842,0.264738
DNN-7840,0.387922
DNN-7839,0.041774
DNN-7838,0.066569
DNN-7837,0.147555
DNN-7836,0.049589
DNN-7835,0.283881
DNN-7834,0.046725
DNN-7833,0.281208
DNN-7832,0.039048
DNN-7831,0.041774
DNN-7830,0.098425
DNN-7829,0.087564
DNN-7828,0.060087
DNN-7827,0.043366
DNN-7826,0.046725
DNN-7825,0.022286
DNN-7824,0.054199
DNN-7823,0.320808
DNN-7822,0.621541
DNN-7821,0.028653
DNN-7820,0.658327
DNN-7819,0.750553
DNN-7818,0.769773
DNN-7817,0.078926
DNN-7816,0.040846
DNN-7815,0.023689
DNN-7814,0.048137
DNN-7813,0.048858
DNN-7812,0.046034
DNN-7811,0.055413
DNN-7809,0.043043
DNN-7808,0.032837
DNN-7807,0.675497
DNN-7806,0.830319
DNN-7805,0.599016
DNN-7804,0.732783
DNN-7803,0.03359
DNN-7802,0.867485
DNN-7801,0.095687
DNN-7800,0.068537
DNN-7799,0.846958
DNN-7798,0.880797
DNN-7797,0.882022
DNN-7796,0.872347
DNN-7795,0.055823
DNN-7794,0.055823
DNN-7793,0.034881
DNN-7792,0.040846
DNN-7791,0.06256
DNN-7790,0.122104
DNN-7789,0.08152
DNN-7788,0.065128
DNN-7787,0.046725
DNN-7786,0.137532
DNN-7785,0.148294
DNN-7784,0.075312
DNN-7783,0.084493
DNN-7782,0.060975
DNN-7781,0.055823
DNN-7780,0.030215
DNN-7779,0.045016
DNN-7778,0.07836
DNN-7777,0.067056
DNN-7776,0.055005
DNN-7775,0.057071
DNN-7774,0.026156
DNN-7773,0.071851
DNN-7772,0.671686
DNN-7771,0.491212
DNN-7770,0.186243
DNN-7769,0.161849
DNN-7768,0.045016
DNN-7767,0.020646
DNN-7766,0.027585
DNN-7765,0.038756
DNN-7764,0.052231
DNN-7763,0.039639
DNN-7762,0.825027
DNN-7761,0.823896
DNN-7760,0.041462
DNN-7759,0.06165
DNN-7758,0.03138
DNN-7757,0.064183
DNN-7756,0.021781
DNN-7755,0.019271
DNN-7754,0.066327
DNN-7753,0.046034
DNN-7752,0.031619
DNN-7751,0.90261
DNN-7750,0.740737
DNN-7749,0.212722
DNN-7748,0.030444
DNN-7747,0.02976
DNN-7746,0.665411
DNN-7744,0.101947
DNN-7743,0.068537
DNN-7742,0.029987
DNN-7741,0.745769
DNN-7740,0.605916
DNN-7739,0.935817
DNN-7738,0.039639
DNN-7737,0.073963
DNN-7736,0.085709
DNN-7735,0.117167
DNN-7734,0.128088
DNN-7733,0.040541
DNN-7732,0.69451
DNN-7731,0.043691
DNN-7730,0.069038
DNN-7729,0.033844
DNN-7728,0.056862
DNN-7727,0.035679
DNN-7726,0.067301
DNN-7725,0.038756
DNN-7724,0.052231
DNN-7723,0.347039
DNN-7722,0.022286
DNN-7721,0.060529
DNN-7720,0.04778
DNN-7719,0.030444
DNN-7718,0.101233
DNN-7717,0.039343
DNN-7716,0.056652
DNN-7715,0.044019
DNN-7714,0.068537
DNN-7713,0.096706
DNN-7712,0.072637
DNN-7711,0.046725
DNN-7710,0.046725
DNN-7709,0.086632
DNN-7708,0.024238
DNN-7707,0.060308
DNN-7706,0.063948
DNN-7705,0.034619
DNN-7704,0.075041
DNN-7703,0.048137
DNN-7702,0.027585
DNN-7701,0.049589
DNN-7700,0.065845
DNN-7699,0.063019
DNN-7698,0.059866
DNN-7697,0.059647
DNN-7694,0.055209
DNN-7693,0.207536
DNN-7692,0.036769
DNN-7691,0.052619
DNN-7690,0.08152
DNN-7689,0.066569
DNN-7688,0.09739
DNN-7687,0.037892
DNN-7686,0.078642
DNN-7685,0.066085
DNN-7684,0.019419
DNN-7683,0.071074
DNN-7682,0.214856
DNN-7681,0.022286
DNN-7680,0.22627
DNN-7679,0.089773
DNN-7678,0.075312
DNN-7677,0.057282
DNN-7676,0.045692
DNN-7675,0.065366
DNN-7674,0.045692
DNN-7673,0.064653
DNN-7672,0.040238
DNN-7671,0.09947
DNN-7670,0.037047
DNN-7669,0.100525
DNN-7668,0.060975
DNN-7667,0.064418
DNN-7666,0.057918
DNN-7665,0.034619
DNN-7664,0.038466
DNN-7663,0.254231
DNN-7662,0.360264
DNN-7661,0.090735
DNN-7660,0.130729
DNN-7659,0.041153
DNN-7657,0.67694
DNN-7656,0.027585
DNN-7655,0.044681
DNN-7654,0.062103
DNN-7652,0.083591
DNN-7651,0.075041
DNN-7650,0.510252
DNN-7649,0.025761
DNN-7648,0.058777
DNN-7647,0.045016
DNN-7646,0.04778
DNN-7645,0.015189
DNN-7644,0.030215
DNN-7643,0.054803
DNN-7642,0.326822
DNN-7641,0.035679
DNN-7640,0.059647
DNN-7638,0.053403
DNN-7637,0.132739
DNN-7636,0.567457
DNN-7635,0.02976
DNN-7634,0.25945
DNN-7632,0.103024
DNN-7631,0.059866
DNN-7630,0.042404
DNN-7629,0.171338
DNN-7628,0.034359
DNN-7627,0.537527
DNN-7626,0.41324
DNN-7625,0.036494
DNN-7624,0.05301
DNN-7623,0.018264
DNN-7622,0.072374
DNN-7621,0.097048
DNN-7620,0.038756
DNN-7619,0.054803
DNN-7618,0.061876
DNN-7617,0.089137
DNN-7616,0.019871
DNN-7615,0.034619
DNN-7614,0.101947
DNN-7612,0.031619
DNN-7610,0.233706
DNN-7609,0.413004
DNN-7608,0.227813
DNN-7606,0.040846
DNN-7605,0.052619
DNN-7604,0.030444
DNN-7603,0.076684
DNN-7602,0.041462
DNN-7600,0.056236
DNN-7599,0.433742
DNN-7598,0.252753
DNN-7597,0.070304
DNN-7596,0.046725
DNN-7595,0.071851
DNN-7594,0.039343
DNN-7593,0.370112
DNN-7592,0.046378
DNN-7591,0.037047
DNN-7590,0.336822
DNN-7589,0.340211
DNN-7588,0.06804
DNN-7587,0.155848
DNN-7586,0.170784
DNN-7585,0.091707
DNN-7584,0.044019
DNN-7583,0.020646
DNN-7582,0.045692
DNN-7581,0.041153
DNN-7580,0.03138
DNN-7579,0.03259
DNN-7578,0.154567
DNN-7577,0.043366
DNN-7576,0.023871
DNN-7575,0.028221
DNN-7574,0.077797
DNN-7573,0.053403
DNN-7572,0.054199
DNN-7571,0.130285
DNN-7570,0.061876
DNN-7569,0.287568
DNN-7568,0.624408
DNN-7567,0.157914
DNN-7566,0.107813
DNN-7565,0.310485
DNN-7564,0.091707
DNN-7563,0.051083
DNN-7559,0.030676
DNN-7558,0.023331
DNN-7557,0.027796
DNN-7556,0.411111
DNN-7555,0.408277
DNN-7554,0.075585
DNN-7553,0.027796
DNN-7552,0.368292
DNN-7550,0.080937
DNN-7549,0.025761
DNN-7548,0.798815
DNN-7547,0.082107
DNN-7546,0.188026
DNN-7545,0.082402
DNN-7544,0.312213
DNN-7543,0.043691
DNN-7542,0.046034
DNN-7541,0.028221
DNN-7540,0.032837
DNN-7539,0.036494
DNN-7536,0.030444
DNN-7535,0.024238
DNN-7534,0.049959
DNN-7533,0.14439
DNN-7532,0.062103
DNN-7531,0.069289
DNN-7530,0.027169
DNN-7529,0.119203
DNN-7528,0.083292
DNN-7527,0.267791
DNN-7526,0.461988
DNN-7525,0.056029
DNN-7524,0.084493
DNN-7523,0.043043
DNN-7522,0.06256
DNN-7521,0.019124
DNN-7520,0.031144
DNN-7518,0.042722
DNN-7517,0.029312
DNN-7516,0.054399
DNN-7515,0.05301
DNN-7514,0.051463
DNN-7513,0.069289
DNN-7512,0.034619
DNN-7511,0.187728
DNN-7510,0.080647
DNN-7509,0.083591
DNN-7508,0.239349
DNN-7507,0.026156
DNN-7506,0.045692
DNN-7505,0.040541
DNN-7504,0.055823
DNN-7503,0.263789
DNN-7502,0.051845
DNN-7501,0.048137
DNN-7500,0.033337
DNN-7499,0.028871
DNN-7498,0.073165
DNN-7497,0.080069
DNN-7495,0.028871
DNN-7494,0.0341
DNN-7493,0.043043
DNN-7492,0.042088
DNN-7491,0.041462
DNN-7490,0.074231
DNN-7489,0.024238
DNN-7487,0.621771
DNN-7486,0.735452
DNN-7485,0.601828
DNN-7484,0.029312
DNN-7483,0.073963
DNN-7482,0.040238
DNN-7481,0.808067
DNN-7480,0.821044
DNN-7479,0.167763
DNN-7478,0.717804
DNN-7477,0.777975
DNN-7476,0.743354
DNN-7475,0.801936
DNN-7471,0.854399
DNN-7470,0.849472
DNN-7466,0.058132
DNN-7464,0.037327
DNN-7463,0.045016
DNN-7462,0.023331
DNN-7461,0.039048
DNN-7460,0.028653
DNN-7459,0.03359
DNN-7458,0.410638
DNN-7457,0.036769
DNN-7456,0.037609
DNN-7455,0.0538
DNN-7454,0.018689
DNN-7453,0.0745
DNN-7452,0.045692
DNN-7451,0.046378
DNN-7450,0.039639
DNN-7449,0.065128
DNN-7447,0.42656
DNN-7446,0.09947
DNN-7445,0.066085
DNN-7444,0.108945
DNN-7443,0.022457
DNN-7442,0.024238
DNN-7441,0.038466
DNN-7440,0.110856
DNN-7439,0.025179
DNN-7438,0.743541
DNN-7437,0.042088
DNN-7436,0.041462
DNN-7435,0.247078
DNN-7434,0.038756
DNN-7433,0.165054
DNN-7432,0.087564
DNN-7431,0.033337
DNN-7430,0.035679
DNN-7429,0.065845
DNN-7428,0.018689
DNN-7427,0.152284
DNN-7426,0.024238
DNN-7425,0.019569
DNN-7424,0.037327
DNN-7423,0.051463
DNN-7422,0.044349
DNN-7421,0.06804
DNN-7420,0.056236
DNN-7419,0.039343
DNN-7418,0.028008
DNN-7417,0.038466
DNN-7416,0.076132
DNN-7415,0.041462
DNN-7414,0.044019
DNN-7413,0.026355
DNN-7412,0.184768
DNN-7411,0.281801
DNN-7410,0.073963
DNN-7409,0.033086
DNN-7408,0.036494
DNN-7407,0.046725
DNN-7406,0.132066
DNN-7405,0.022457
DNN-7404,0.058561
DNN-7403,0.839734
DNN-7402,0.046725
DNN-7401,0.175538
DNN-7400,0.057071
DNN-7399,0.044349
DNN-7398,0.047426
DNN-7397,0.166404
DNN-7396,0.189821
DNN-7395,0.762424
DNN-7394,0.459561
DNN-7393,0.155078
DNN-7392,0.227298
DNN-7391,0.372619
DNN-7390,0.474631
DNN-7389,0.38445
DNN-7388,0.0341
DNN-7387,0.042722
DNN-7386,0.045016
DNN-7385,0.054199
DNN-7384,0.32332
DNN-7383,0.350588
DNN-7382,0.305775
DNN-7381,0.266262
DNN-7380,0.235988
DNN-7379,0.214691
DNN-7378,0.860134
DNN-7377,0.049959
DNN-7376,0.079782
DNN-7375,0.045692
DNN-7374,0.031144
DNN-7373,0.055005
DNN-7372,0.425605
DNN-7371,0.050705
DNN-7370,0.183594
DNN-7369,0.0745
DNN-7368,0.205934
DNN-7367,0.036494
DNN-7366,0.303061
DNN-7365,0.285472
DNN-7364,0.260295
DNN-7363,0.469277
DNN-7362,0.377082
DNN-7361,0.385837
DNN-7360,0.103024
DNN-7358,0.037609
DNN-7357,0.345326
DNN-7356,0.059428
DNN-7355,0.06165
DNN-7354,0.037609
DNN-7353,0.031859
DNN-7352,0.029987
DNN-7350,0.135232
DNN-7349,0.046725
DNN-7348,0.038178
DNN-7347,0.059428
DNN-7345,0.046034
DNN-7344,0.022629
DNN-7343,0.070816
DNN-7342,0.543348
DNN-7341,0.361728
DNN-7340,0.117978
DNN-7339,0.276105
DNN-7338,0.254231
DNN-7337,0.339609
DNN-7336,0.040846
DNN-7335,0.244183
DNN-7334,0.051463
DNN-7333,0.047074
DNN-7332,0.317982
DNN-7331,0.027376
DNN-7330,0.066085
DNN-7329,0.028871
DNN-7328,0.179243
DNN-7327,0.186243
DNN-7326,0.260578
DNN-7325,0.18418
DNN-7324,0.366363
DNN-7323,0.885631
DNN-7322,0.649634
DNN-7321,0.627267
DNN-7320,0.864768
DNN-7319,0.602997
DNN-7317,0.23231
DNN-7316,0.043691
DNN-7315,0.045016
DNN-7314,0.056444
DNN-7313,0.028871
DNN-7312,0.038178
DNN-7311,0.045692
DNN-7310,0.051845
DNN-7309,0.036494
DNN-7308,0.030215
DNN-7307,0.168583
DNN-7306,0.640861
DNN-7305,0.37399
DNN-7304,0.27513
DNN-7303,0.243283
DNN-7302,0.756358
DNN-7301,0.852445
DNN-7300,0.822189
DNN-7299,0.065605
DNN-7298,0.037609
DNN-7297,0.063948
DNN-7296,0.046725
DNN-7295,0.0745
DNN-7294,0.042404
DNN-7293,0.354768
DNN-7292,0.0729
DNN-7291,0.635166
DNN-7290,0.057918
DNN-7289,0.068787
DNN-7288,0.045692
DNN-7287,0.041462
DNN-7286,0.053403
DNN-7285,0.029091
DNN-7284,0.434941
DNN-7283,0.036769
DNN-7282,0.044349
DNN-7281,0.06804
DNN-7280,0.121686
DNN-7279,0.536556
DNN-7278,0.202128
DNN-7277,0.039639
DNN-7276,0.7237
DNN-7275,0.057071
DNN-7274,0.085099
DNN-7273,0.027585
DNN-7272,0.059866
DNN-7270,0.065605
DNN-7269,0.041153
DNN-7268,0.036494
DNN-7267,0.037327
DNN-7266,0.051463
DNN-7265,0.035948
DNN-7264,0.027585
DNN-7263,0.065128
DNN-7262,0.062789
DNN-7261,0.046378
DNN-7260,0.030676
DNN-7259,0.039937
DNN-7258,0.049222
DNN-7257,0.035411
DNN-7256,0.030909
DNN-7255,0.05301
DNN-7254,0.043691
DNN-7253,0.224055
DNN-7252,0.339335
DNN-7251,0.071074
DNN-7250,0.270673
DNN-7249,0.217005
DNN-7248,0.075585
DNN-7247,0.043691
DNN-7246,0.054601
DNN-7245,0.085099
DNN-7244,0.031859
DNN-7243,0.110088
DNN-7242,0.037327
DNN-7240,0.03359
DNN-7239,0.031619
DNN-7238,0.726037
DNN-7237,0.078078
DNN-7236,0.026964
DNN-7235,0.064418
DNN-7233,0.037047
DNN-7232,0.382833
DNN-7231,0.414662
DNN-7230,0.041153
DNN-7229,0.062103
DNN-7228,0.020177
DNN-7227,0.049959
DNN-7226,0.045016
DNN-7225,0.067301
DNN-7223,0.037892
DNN-7222,0.120026
DNN-7221,0.936285
DNN-7220,0.036769
DNN-7219,0.081228
DNN-7218,0.174129
DNN-7217,0.062789
DNN-7216,0.061199
DNN-7215,0.04778
DNN-7214,0.200871
DNN-7213,0.224735
DNN-7212,0.499512
DNN-7211,0.020332
DNN-7210,0.052619
DNN-7209,0.203708
DNN-7208,0.240596
DNN-7207,0.082994
DNN-7206,0.034881
DNN-7205,0.055209
DNN-7204,0.039343
DNN-7203,0.0341
DNN-7202,0.037327
DNN-7200,0.028221
DNN-7199,0.920504
DNN-7198,0.091058
DNN-7197,0.075041
DNN-7196,0.454956
DNN-7195,0.127653
DNN-7194,0.048858
DNN-7193,0.242923
DNN-7191,0.020964
DNN-7190,0.489259
DNN-7189,0.370453
DNN-7188,0.304714
DNN-7187,0.049959
DNN-7186,0.012723
DNN-7185,0.045692
DNN-7183,0.057705
DNN-7182,0.072112
DNN-7181,0.045692
DNN-7180,0.080069
DNN-7179,0.030215
DNN-7178,0.038756
DNN-7177,0.022803
DNN-7176,0.044349
DNN-7175,0.037609
DNN-7174,0.024798
DNN-7173,0.039639
DNN-7172,0.039343
DNN-7171,0.126353
DNN-7170,0.843895
DNN-7169,0.075041
DNN-7168,0.029091
DNN-7167,0.06256
DNN-7166,0.150029
DNN-7165,0.181263
DNN-7164,0.262086
DNN-7163,0.17245
DNN-7162,0.117167
DNN-7160,0.080937
DNN-7158,0.169681
DNN-7156,0.189821
DNN-7155,0.128525
DNN-7154,0.180107
DNN-7153,0.263126
DNN-7152,0.272218
DNN-7151,0.609873
DNN-7150,0.085709
DNN-7149,0.085099
DNN-7148,0.595257
DNN-7147,0.387459
DNN-7146,0.315159
DNN-7145,0.175821
DNN-7143,0.420838
DNN-7142,0.774242
DNN-7141,0.302082
DNN-7139,0.365004
DNN-7138,0.31127
DNN-7137,0.195287
DNN-7136,0.28398
DNN-7135,0.867485
DNN-7134,0.051845
DNN-7133,0.041462
DNN-7132,0.203866
DNN-7131,0.185357
DNN-7130,0.037609
DNN-7129,0.046034
DNN-7128,0.058561
DNN-7127,0.267408
DNN-7126,0.143188
DNN-7125,0.054399
DNN-7124,0.115162
DNN-7123,0.037047
DNN-7122,0.025371
DNN-7121,0.028008
DNN-7120,0.806853
DNN-7119,0.051083
DNN-7118,0.033844
DNN-7117,0.08152
DNN-7116,0.171616
DNN-7115,0.150528
DNN-7114,0.05301
DNN-7113,0.268558
DNN-7112,0.221687
DNN-7111,0.175821
DNN-7110,0.032837
DNN-7109,0.043366
DNN-7108,0.050331
DNN-7107,0.615435
DNN-7106,0.240061
DNN-7105,0.191328
DNN-7104,0.421076
DNN-7103,0.18743
DNN-7102,0.439507
DNN-7101,0.051845
DNN-7100,0.048496
DNN-7099,0.068537
DNN-7098,0.772187
DNN-7097,0.07343
DNN-7096,0.043691
DNN-7095,0.134776
DNN-7094,0.39257
DNN-7093,0.265499
DNN-7092,0.041153
DNN-7091,0.0729
DNN-7090,0.037892
DNN-7089,0.058993
DNN-7088,0.056236
DNN-7086,0.212069
DNN-7085,0.156362
DNN-7084,0.051845
DNN-7083,0.049222
DNN-7082,0.030909
DNN-7081,0.082402
DNN-7080,0.051083
DNN-7079,0.332852
DNN-7078,0.049589
DNN-7077,0.020804
DNN-7076,0.042404
DNN-7075,0.157137
DNN-7074,0.03138
DNN-7072,0.050331
DNN-7071,0.334562
DNN-7070,0.178669
DNN-7069,0.162646
DNN-7068,0.052619
DNN-7067,0.068537
DNN-7066,0.027585
DNN-7065,0.047074
DNN-7064,0.066327
DNN-7063,0.026557
DNN-7062,0.027796
DNN-7061,0.027585
DNN-7059,0.023871
DNN-7058,0.128088
DNN-7057,0.039639
DNN-7056,0.911495
DNN-7055,0.951863
DNN-7054,0.101233
DNN-7053,0.033337
DNN-7052,0.037047
DNN-7051,0.032344
DNN-7050,0.037609
DNN-7049,0.035145
DNN-7048,0.042088
DNN-7047,0.037609
DNN-7046,0.043043
DNN-7045,0.850965
DNN-7044,0.046034
DNN-7043,0.038178
DNN-7041,0.051083
DNN-7040,0.073696
DNN-7039,0.06165
DNN-7038,0.075312
DNN-7037,0.048858
DNN-7036,0.043366
DNN-7035,0.070049
DNN-7034,0.031144
DNN-7033,0.120853
DNN-7032,0.028008
DNN-7031,0.061424
DNN-7030,0.046034
DNN-7029,0.028436
DNN-7028,0.396535
DNN-7027,0.076684
DNN-7026,0.055618
DNN-7024,0.026156
DNN-7023,0.474631
DNN-7022,0.052619
DNN-7021,0.09236
DNN-7020,0.640383
DNN-7019,0.063715
DNN-7018,0.063482
DNN-7017,0.06165
DNN-7016,0.040541
DNN-7015,0.042404
DNN-7014,0.030444
DNN-7013,0.037047
DNN-7012,0.061199
DNN-7011,0.037892
DNN-7010,0.059428
DNN-7009,0.248717
DNN-7008,0.029312
DNN-7007,0.055209
DNN-7006,0.095687
DNN-7005,0.079496
DNN-7004,0.051845
DNN-7003,0.056444
DNN-7002,0.058132
DNN-7001,0.935817
DNN-7000,0.03622
DNN-6999,0.033844
DNN-6998,0.317426
DNN-6997,0.197754
DNN-6996,0.080647
DNN-6995,0.042088
DNN-6994,0.031144
DNN-6993,0.019871
DNN-6991,0.018547
DNN-6990,0.095349
DNN-6989,0.064183
DNN-6988,0.057705
DNN-6987,0.030444
DNN-6986,0.047074
DNN-6985,0.039639
DNN-6984,0.045353
DNN-6983,0.017045
DNN-6982,0.051463
DNN-6981,0.0729
DNN-6980,0.051845
DNN-6979,0.028221
DNN-6977,0.506836
DNN-6976,0.101233
DNN-6975,0.040541
DNN-6974,0.043043
DNN-6973,0.070816
DNN-6972,0.036494
DNN-6971,0.380299
DNN-6970,0.039639
DNN-6968,0.050331
DNN-6967,0.023153
DNN-6966,0.059866
DNN-6965,0.057071
DNN-6964,0.256925
DNN-6963,0.03359
DNN-6962,0.785638
DNN-6960,0.132964
DNN-6959,0.238639
DNN-6957,0.037327
DNN-6956,0.479504
DNN-6955,0.049222
DNN-6954,0.13319
DNN-6953,0.106319
DNN-6952,0.025179
DNN-6951,0.065605
DNN-6950,0.217005
DNN-6949,0.062103
DNN-6948,0.045353
DNN-6947,0.017177
DNN-6946,0.093678
DNN-6945,0.557123
DNN-6944,0.105211
DNN-6943,0.067793
DNN-6942,0.636353
DNN-6941,0.406862
DNN-6940,0.068537
DNN-6939,0.176388
DNN-6938,0.323086
DNN-6937,0.201813
DNN-6936,0.188623
DNN-6935,0.221351
DNN-6934,0.091382
DNN-6933,0.075312
DNN-6932,0.321833
DNN-6931,0.273477
DNN-6930,0.192236
DNN-6929,0.218336
DNN-6928,0.276886
DNN-6927,0.690142
DNN-6926,0.401688
DNN-6924,0.041462
DNN-6923,0.031859
DNN-6921,0.055005
DNN-6920,0.09401
DNN-6919,0.567457
DNN-6918,0.046378
DNN-6917,0.036494
DNN-6916,0.09739
DNN-6915,0.198996
DNN-6914,0.128525
DNN-6913,0.166404
DNN-6912,0.060087
DNN-6911,0.058346
DNN-6910,0.017986
DNN-6909,0.019419
DNN-6908,0.047426
DNN-6907,0.0538
DNN-6906,0.060308
DNN-6905,0.044019
DNN-6904,0.152789
DNN-6903,0.037047
DNN-6902,0.030909
DNN-6901,0.025565
DNN-6900,0.035411
DNN-6899,0.031619
DNN-6898,0.222362
DNN-6897,0.106319
DNN-6896,0.044349
DNN-6895,0.020332
DNN-6894,0.038756
DNN-6893,0.155591
DNN-6892,0.037327
DNN-6891,0.034359
DNN-6889,0.065366
DNN-6888,0.120853
DNN-6887,0.034359
DNN-6886,0.049959
DNN-6885,0.023509
DNN-6884,0.046725
DNN-6883,0.038466
DNN-6882,0.084191
DNN-6881,0.044019
DNN-6880,0.032837
DNN-6879,0.032837
DNN-6878,0.710427
DNN-6877,0.046378
DNN-6876,0.041462
DNN-6875,0.069038
DNN-6873,0.047426
DNN-6872,0.069542
DNN-6870,0.035145
DNN-6869,0.063715
DNN-6868,0.051083
DNN-6867,0.031859
DNN-6866,0.058132
DNN-6865,0.065366
DNN-6864,0.043691
DNN-6863,0.017309
DNN-6862,0.040846
DNN-6861,0.033337
DNN-6860,0.096365
DNN-6859,0.054199
DNN-6858,0.069795
DNN-6857,0.043691
DNN-6856,0.03622
DNN-6855,0.041774
DNN-6854,0.04778
DNN-6852,0.063019
DNN-6851,0.049959
DNN-6850,0.608361
DNN-6849,0.016029
DNN-6848,0.02461
DNN-6846,0.042404
DNN-6845,0.046725
DNN-6844,0.036494
DNN-6843,0.528777
DNN-6842,0.06256
DNN-6841,0.043691
DNN-6840,0.042722
DNN-6839,0.041774
DNN-6838,0.037609
DNN-6837,0.037047
DNN-6836,0.092033
DNN-6835,0.044019
DNN-6834,0.028436
DNN-6833,0.057071
DNN-6832,0.108566
DNN-6831,0.018833
DNN-6830,0.095349
DNN-6829,0.073963
DNN-6828,0.030215
DNN-6827,0.082697
DNN-6826,0.139162
DNN-6825,0.057493
DNN-6824,0.031144
DNN-6823,0.045692
DNN-6822,0.135004
DNN-6821,0.699768
DNN-6819,0.040541
DNN-6818,0.063715
DNN-6817,0.035145
DNN-6816,0.0538
DNN-6815,0.048858
DNN-6814,0.175256
DNN-6813,0.039048
DNN-6812,0.051845
DNN-6811,0.020489
DNN-6810,0.022977
DNN-6809,0.025179
DNN-6808,0.026759
DNN-6807,0.170784
DNN-6806,0.278846
DNN-6805,0.141519
DNN-6804,0.042088
DNN-6803,0.737725
DNN-6802,0.661253
DNN-6801,0.084191
DNN-6800,0.043691
DNN-6799,0.045692
DNN-6798,0.425128
DNN-6797,0.42919
DNN-6796,0.096025
DNN-6795,0.048137
DNN-6794,0.566258
DNN-6793,0.713032
DNN-6792,0.369201
DNN-6791,0.03359
DNN-6790,0.369201
DNN-6789,0.555435
DNN-6788,0.452778
DNN-6787,0.614625
DNN-6786,0.258607
DNN-6785,0.545286
DNN-6784,0.72487
DNN-6783,0.6137
DNN-6782,0.832781
DNN-6781,0.802246
DNN-6780,0.548915
DNN-6779,0.036494
DNN-6778,0.040238
DNN-6777,0.037327
DNN-6776,0.056236
DNN-6775,0.08152
DNN-6774,0.033844
DNN-6773,0.025957
DNN-6772,0.147801
DNN-6771,0.039937
DNN-6770,0.048137
DNN-6769,0.045692
DNN-6768,0.093678
DNN-6767,0.097048
DNN-6766,0.044349
DNN-6765,0.028008
DNN-6764,0.067056
DNN-6763,0.022977
DNN-6762,0.085709
DNN-6761,0.028653
DNN-6760,0.085404
DNN-6759,0.193757
DNN-6758,0.075585
DNN-6757,0.09739
DNN-6756,0.477554
DNN-6755,0.38168
DNN-6754,0.166404
DNN-6753,0.037609
DNN-6752,0.012336
DNN-6751,0.086942
DNN-6750,0.063019
DNN-6748,0.049222
DNN-6747,0.042404
DNN-6746,0.057071
DNN-6745,0.051463
DNN-6744,0.046378
DNN-6743,0.057705
DNN-6742,0.039343
DNN-6741,0.07477
DNN-6740,0.017986
DNN-6739,0.029535
DNN-6738,0.120853
DNN-6737,0.060529
DNN-6735,0.090093
DNN-6734,0.03259
DNN-6732,0.111241
DNN-6731,0.072637
DNN-6730,0.070304
DNN-6729,0.233357
DNN-6728,0.046725
DNN-6727,0.060752
DNN-6726,0.028008
DNN-6725,0.7324
DNN-6724,0.026355
DNN-6722,0.06165
DNN-6721,0.049222
DNN-6720,0.355663
DNN-6719,0.530236
DNN-6718,0.211743
DNN-6717,0.736969
DNN-6716,0.226099
DNN-6715,0.642264
DNN-6714,0.258607
DNN-6713,0.710929
DNN-6712,0.860134
DNN-6711,0.059866
DNN-6710,0.048858
DNN-6709,0.092688
DNN-6708,0.026557
DNN-6707,0.061424
DNN-6706,0.09947
DNN-6705,0.040846
DNN-6704,0.052619
DNN-6703,0.339061
DNN-6702,0.051845
DNN-6701,0.057705
DNN-6700,0.576065
DNN-6699,0.350699
DNN-6698,0.016153
DNN-6697,0.615203
DNN-6696,0.035948
DNN-6695,0.149035
DNN-6694,0.076684
DNN-6693,0.079496
DNN-6692,0.122104
DNN-6691,0.052231
DNN-6690,0.04778
DNN-6689,0.032837
DNN-6688,0.033086
DNN-6687,0.030676
DNN-6686,0.016785
DNN-6685,0.040541
DNN-6684,0.034359
DNN-6683,0.037047
DNN-6682,0.028008
DNN-6681,0.028221
DNN-6680,0.027796
DNN-6679,0.038756
DNN-6678,0.028221
DNN-6677,0.025957
DNN-6676,0.021781
DNN-6675,0.727007
DNN-6674,0.020177
DNN-6673,0.123366
DNN-6672,0.110856
DNN-6670,0.063019
DNN-6669,0.058346
DNN-6668,0.721743
DNN-6667,0.370909
DNN-6666,0.618896
DNN-6665,0.039937
DNN-6664,0.039639
DNN-6663,0.101947
DNN-6662,0.052231
DNN-6661,0.067793
DNN-6660,0.065605
DNN-6659,0.040238
DNN-6658,0.877056
DNN-6657,0.667093
DNN-6656,0.427038
DNN-6655,0.856332
DNN-6654,0.715921
DNN-6653,0.695597
DNN-6652,0.543348
DNN-6651,0.665709
DNN-6650,0.74055
DNN-6649,0.227469
DNN-6648,0.941223
DNN-6647,0.898053
DNN-6646,0.956309
DNN-6645,0.526343
DNN-6644,0.791821
DNN-6643,0.793426
DNN-6642,0.667852
DNN-6640,0.739234
DNN-6639,0.900879
DNN-6638,0.924688
DNN-6637,0.797557
DNN-6636,0.041462
DNN-6635,0.247623
DNN-6634,0.020177
DNN-6633,0.041153
DNN-6632,0.068537
DNN-6631,0.768733
DNN-6630,0.652186
DNN-6629,0.637087
DNN-6628,0.76908
DNN-6627,0.728362
DNN-6626,0.055618
DNN-6625,0.024988
DNN-6624,0.036769
DNN-6623,0.066085
DNN-6622,0.056444
DNN-6621,0.090093
DNN-6620,0.045353
DNN-6619,0.045692
DNN-6618,0.65408
DNN-6617,0.042088
DNN-6616,0.649495
DNN-6615,0.08882
DNN-6614,0.185062
DNN-6613,0.024423
DNN-6611,0.02976
DNN-6610,0.017309
DNN-6609,0.217005
DNN-6608,0.058993
DNN-6607,0.0745
DNN-6605,0.131173
DNN-6604,0.055413
DNN-6603,0.063948
DNN-6602,0.066569
DNN-6601,0.03359
DNN-6600,0.045692
DNN-6599,0.020489
DNN-6598,0.054199
DNN-6597,0.037327
DNN-6596,0.070304
DNN-6595,0.149035
DNN-6594,0.059428
DNN-6593,0.034359
DNN-6592,0.060529
DNN-6590,0.04778
DNN-6589,0.252016
DNN-6588,0.410638
DNN-6587,0.278846
DNN-6585,0.226955
DNN-6584,0.080647
DNN-6583,0.051845
DNN-6582,0.028221
DNN-6581,0.055209
DNN-6580,0.02976
DNN-6578,0.057071
DNN-6577,0.104843
DNN-6576,0.054199
DNN-6575,0.038178
DNN-6574,0.035411
DNN-6573,0.035679
DNN-6572,0.054601
DNN-6571,0.069038
DNN-6570,0.117572
DNN-6569,0.347177
DNN-6568,0.030444
DNN-6567,0.043691
DNN-6566,0.029535
DNN-6565,0.415847
DNN-6564,0.037892
DNN-6563,0.075585
DNN-6562,0.413477
DNN-6561,0.533397
DNN-6560,0.237576
DNN-6559,0.100525
DNN-6558,0.062331
DNN-6557,0.495117
DNN-6556,0.058993
DNN-6555,0.032837
DNN-6554,0.075585
DNN-6553,0.062103
DNN-6552,0.019271
DNN-6551,0.048137
DNN-6550,0.03622
DNN-6549,0.043691
DNN-6548,0.022286
DNN-6547,0.052231
DNN-6546,0.078642
DNN-6545,0.336229
DNN-6544,0.030215
DNN-6543,0.070304
DNN-6542,0.042722
DNN-6541,0.043043
DNN-6540,0.019419
DNN-6539,0.044349
DNN-6538,0.046378
DNN-6537,0.030215
DNN-6536,0.046725
DNN-6535,0.09947
DNN-6534,0.036769
DNN-6533,0.038466
DNN-6532,0.040238
DNN-6531,0.049589
DNN-6530,0.040541
DNN-6529,0.073963
DNN-6528,0.031144
DNN-6527,0.020023
DNN-6526,0.052619
DNN-6525,0.041462
DNN-6524,0.047074
DNN-6523,0.107437
DNN-6522,0.090414
DNN-6521,0.88642
DNN-6520,0.770465
DNN-6519,0.73431
DNN-6518,0.045016
DNN-6517,0.065605
DNN-6516,0.090735
DNN-6515,0.039639
DNN-6514,0.062103
DNN-6513,0.253491
DNN-6512,0.03359
DNN-6511,0.091382
DNN-6510,0.048496
DNN-6509,0.168583
DNN-6508,0.058777
DNN-6507,0.078642
DNN-6506,0.82559
DNN-6505,0.052619
DNN-6504,0.057493
DNN-6503,0.281307
DNN-6502,0.046034
DNN-6501,0.056236
DNN-6500,0.038756
DNN-6499,0.035948
DNN-6498,0.048137
DNN-6497,0.039937
DNN-6496,0.027585
DNN-6495,0.038466
DNN-6494,0.052231
DNN-6493,0.031619
DNN-6492,0.048858
DNN-6491,0.076961
DNN-6488,0.058132
DNN-6487,0.045353
DNN-6486,0.046725
DNN-6485,0.056444
DNN-6484,0.045353
DNN-6483,0.023331
DNN-6482,0.112405
DNN-6481,0.774242
DNN-6480,0.124639
DNN-6479,0.052619
DNN-6478,0.060087
DNN-6477,0.028871
DNN-6476,0.047074
DNN-6475,0.035145
DNN-6474,0.037047
DNN-6473,0.083591
DNN-6472,0.042404
DNN-6471,0.049959
DNN-6470,0.029987
DNN-6469,0.021451
DNN-6468,0.041153
DNN-6467,0.052619
DNN-6466,0.050331
DNN-6465,0.033844
DNN-6464,0.063948
DNN-6463,0.048137
DNN-6462,0.148788
DNN-6461,0.04778
DNN-6457,0.025565
DNN-6455,0.046034
DNN-6454,0.022457
DNN-6453,0.035679
DNN-6452,0.028871
DNN-6451,0.038756
DNN-6450,0.091058
DNN-6449,0.046725
DNN-6448,0.103749
DNN-6447,0.099821
DNN-6446,0.13707
DNN-6445,0.061424
DNN-6444,0.119614
DNN-6443,0.073963
DNN-6442,0.030215
DNN-6441,0.058777
DNN-6439,0.132515
DNN-6438,0.073165
DNN-6437,0.398641
DNN-6436,0.054601
DNN-6435,0.020332
DNN-6434,0.041153
DNN-6433,0.035411
DNN-6432,0.106691
DNN-6431,0.051845
DNN-6430,0.018125
DNN-6429,0.072374
DNN-6428,0.110471
DNN-6427,0.016657
DNN-6426,0.034359
DNN-6425,0.046034
DNN-6424,0.07343
DNN-6423,0.171894
DNN-6422,0.176956
DNN-6421,0.039343
DNN-6420,0.061199
DNN-6419,0.030444
DNN-6418,0.050331
DNN-6417,0.175538
DNN-6416,0.037609
DNN-6415,0.175256
DNN-6414,0.044681
DNN-6412,0.050331
DNN-6411,0.026355
DNN-6410,0.108566
DNN-6409,0.19163
DNN-6408,0.037327
DNN-6407,0.039639
DNN-6406,0.029987
DNN-6405,0.036494
DNN-6404,0.026557
DNN-6403,0.037609
DNN-6402,0.035411
DNN-6401,0.045353
DNN-6400,0.546738
DNN-6399,0.051083
DNN-6398,0.021451
DNN-6396,0.173009
DNN-6395,0.758868
DNN-6394,0.765944
DNN-6393,0.028653
DNN-6392,0.041774
DNN-6391,0.045016
DNN-6390,0.040846
DNN-6389,0.059428
DNN-6387,0.788909
DNN-6386,0.934873
DNN-6385,0.539469
DNN-6384,0.894789
DNN-6383,0.058777
DNN-6382,0.045692
DNN-6381,0.050705
DNN-6380,0.462473
DNN-6379,0.060087
DNN-6378,0.037892
DNN-6377,0.077797
DNN-6376,0.034881
DNN-6375,0.031859
DNN-6374,0.029987
DNN-6373,0.070816
DNN-6372,0.059647
DNN-6371,0.051845
DNN-6370,0.031144
DNN-6369,0.036769
DNN-6368,0.037892
DNN-6367,0.071591
DNN-6366,0.574395
DNN-6365,0.056444
DNN-6364,0.727589
DNN-6362,0.022457
DNN-6361,0.049222
DNN-6359,0.041462
DNN-6358,0.037892
DNN-6357,0.024423
DNN-6356,0.01292
DNN-6354,0.151278
DNN-6353,0.142709
DNN-6352,0.103749
DNN-6351,0.043043
DNN-6350,0.069795
DNN-6349,0.022117
DNN-6348,0.033337
DNN-6347,0.036494
DNN-6346,0.035679
DNN-6345,0.025179
DNN-6344,0.034619
DNN-6343,0.049589
DNN-6342,0.028871
DNN-6341,0.051083
DNN-6340,0.042404
DNN-6339,0.017577
DNN-6338,0.028221
DNN-6337,0.054601
DNN-6336,0.043366
DNN-6335,0.023153
DNN-6333,0.278355
DNN-6332,0.241311
DNN-6331,0.044019
DNN-6330,0.266835
DNN-6329,0.042404
DNN-6328,0.026759
DNN-6327,0.039343
DNN-6326,0.100879
DNN-6325,0.030444
DNN-6324,0.086942
DNN-6323,0.041153
DNN-6322,0.051083
DNN-6321,0.791821
DNN-6320,0.048137
DNN-6319,0.381796
DNN-6318,0.730482
DNN-6317,0.044681
DNN-6316,0.065845
DNN-6315,0.027585
DNN-6314,0.107063
DNN-6313,0.040238
DNN-6312,0.058993
DNN-6311,0.028221
DNN-6310,0.059647
DNN-6309,0.056444
DNN-6308,0.03138
DNN-6307,0.048496
DNN-6306,0.024988
DNN-6305,0.061424
DNN-6304,0.062103
DNN-6303,0.358353
DNN-6302,0.075585
DNN-6301,0.450843
DNN-6300,0.076684
DNN-6299,0.022977
DNN-6298,0.026156
DNN-6297,0.626124
DNN-6296,0.056862
DNN-6295,0.097734
DNN-6294,0.057705
DNN-6293,0.703549
DNN-6292,0.044681
DNN-6291,0.054199
DNN-6290,0.050705
DNN-6289,0.081813
DNN-6288,0.62458
DNN-6287,0.121686
DNN-6286,0.183301
DNN-6285,0.18743
DNN-6284,0.379838
DNN-6283,0.012821
DNN-6282,0.339828
DNN-6281,0.022457
DNN-6280,0.051463
DNN-6279,0.039639
DNN-6278,0.078078
DNN-6277,0.060529
DNN-6276,0.191328
DNN-6275,0.162912
DNN-6274,0.067056
DNN-6273,0.035948
DNN-6272,0.03259
DNN-6271,0.045692
DNN-6270,0.03138
DNN-6269,0.022629
DNN-6268,0.201185
DNN-6267,0.036769
DNN-6266,0.166675
DNN-6265,0.820757
DNN-6264,0.057493
DNN-6263,0.062331
DNN-6262,0.044681
DNN-6261,0.043366
DNN-6260,0.036494
DNN-6259,0.032101
DNN-6258,0.055823
DNN-6257,0.029987
DNN-6256,0.042722
DNN-6255,0.059866
DNN-6254,0.024798
DNN-6253,0.078926
DNN-6252,0.529263
DNN-6251,0.043043
DNN-6250,0.09947
DNN-6249,0.09739
DNN-6248,0.052619
DNN-6247,0.039639
DNN-6246,0.627837
DNN-6245,0.095687
DNN-6244,0.070304
DNN-6243,0.046725
DNN-6242,0.048137
DNN-6241,0.044019
DNN-6240,0.044349
DNN-6239,0.079496
DNN-6238,0.166675
DNN-6236,0.011597
DNN-6235,0.615435
DNN-6234,0.112795
DNN-6233,0.034619
DNN-6232,0.044681
DNN-6231,0.052231
DNN-6230,0.040238
DNN-6229,0.048496
DNN-6228,0.07343
DNN-6227,0.062331
DNN-6226,0.686685
DNN-6225,0.024423
DNN-6224,0.084493
DNN-6223,0.055823
DNN-6222,0.033844
DNN-6221,0.854885
DNN-6220,0.041462
DNN-6219,0.039937
DNN-6218,0.09401
DNN-6217,0.041774
DNN-6216,0.157396
DNN-6214,0.039937
DNN-6213,0.053403
DNN-6212,0.041462
DNN-6211,0.027169
DNN-6210,0.020332
DNN-6209,0.031859
DNN-6208,0.520984
DNN-6207,0.026355
DNN-6206,0.039343
DNN-6205,0.096706
DNN-6204,0.048858
DNN-6203,0.0729
DNN-6202,0.048496
DNN-6201,0.117572
DNN-6200,0.542621
DNN-6199,0.810779
DNN-6198,0.271059
DNN-6197,0.415847
DNN-6196,0.024798
DNN-6195,0.441673
DNN-6194,0.034359
DNN-6193,0.022117
DNN-6192,0.05301
DNN-6191,0.031859
DNN-6190,0.029312
DNN-6189,0.044349
DNN-6187,0.043366
DNN-6186,0.061424
DNN-6185,0.055005
DNN-6184,0.297062
DNN-6183,0.159479
DNN-6182,0.047074
DNN-6181,0.72662
DNN-6180,0.054803
DNN-6179,0.041462
DNN-6178,0.027585
DNN-6174,0.041774
DNN-6173,0.081228
DNN-6172,0.078926
DNN-6171,0.091058
DNN-6170,0.0745
DNN-6169,0.041462
DNN-6168,0.093017
DNN-6167,0.072374
DNN-6166,0.211417
DNN-6164,0.482429
DNN-6163,0.067301
DNN-6162,0.040541
DNN-6161,0.071851
DNN-6160,0.406626
DNN-6159,0.046725
DNN-6158,0.030676
DNN-6157,0.034881
DNN-6156,0.070304
DNN-6155,0.482917
DNN-6152,0.0729
DNN-6151,0.101589
DNN-6150,0.039048
DNN-6148,0.168309
DNN-6146,0.042722
DNN-6145,0.027169
DNN-6144,0.091382
DNN-6143,0.142709
DNN-6142,0.029987
DNN-6141,0.019569
DNN-6140,0.068787
DNN-6139,0.083292
DNN-6138,0.032344
DNN-6137,0.773216
DNN-6136,0.952574
DNN-6135,0.056444
DNN-6134,0.086016
DNN-6133,0.052231
DNN-6132,0.013637
DNN-6131,0.072374
DNN-6130,0.029987
DNN-6129,0.035679
DNN-6128,0.086016
DNN-6127,0.110088
DNN-6126,0.166675
DNN-6125,0.050705
DNN-6124,0.32306
DNN-6123,0.038756
DNN-6122,0.020177
DNN-6121,0.042404
DNN-6120,0.380068
DNN-6119,0.07056
DNN-6117,0.057282
DNN-6116,0.03359
DNN-6115,0.194674
DNN-6114,0.057493
DNN-6113,0.168857
DNN-6112,0.080937
DNN-6111,0.035948
DNN-6109,0.046378
DNN-6107,0.055005
DNN-6106,0.021451
DNN-6105,0.043043
DNN-6104,0.043691
DNN-6103,0.049959
DNN-6102,0.59302
DNN-6101,0.0538
DNN-6100,0.761006
DNN-6099,0.112016
DNN-6098,0.238462
DNN-6096,0.029987
DNN-6095,0.013637
DNN-6094,0.275714
DNN-6093,0.11358
DNN-6092,0.456168
DNN-6091,0.69987
DNN-6090,0.056029
DNN-6088,0.028436
DNN-6087,0.047426
DNN-6086,0.024054
DNN-6085,0.107813
DNN-6084,0.402157
DNN-6082,0.08819
DNN-6081,0.586049
DNN-6080,0.029987
DNN-6079,0.078078
DNN-6078,0.104112
DNN-6077,0.261708
DNN-6076,0.079496
DNN-6075,0.06489
DNN-6074,0.058132
DNN-6073,0.139866
DNN-6072,0.092033
DNN-6071,0.087564
DNN-6070,0.048137
DNN-6069,0.070816
DNN-6068,0.026355
DNN-6066,0.038178
DNN-6065,0.047426
DNN-6064,0.180684
DNN-6063,0.035145
DNN-6062,0.046725
DNN-6061,0.031859
DNN-6060,0.045692
DNN-6059,0.060308
DNN-6058,0.063948
DNN-6057,0.039937
DNN-6055,0.023509
DNN-6054,0.041153
DNN-6053,0.056236
DNN-6052,0.030215
DNN-6051,0.046725
DNN-6050,0.020177
DNN-6049,0.030444
DNN-6048,0.851459
DNN-6047,0.046378
DNN-6046,0.031144
DNN-6044,0.048137
DNN-6043,0.051845
DNN-6042,0.040238
DNN-6041,0.053403
DNN-6040,0.046725
DNN-6039,0.024988
DNN-6038,0.050331
DNN-6037,0.054601
DNN-6036,0.0341
DNN-6035,0.049222
DNN-6034,0.049222
DNN-6033,0.026355
DNN-6032,0.048858
DNN-6031,0.06256
DNN-6030,0.09401
DNN-6029,0.0538
DNN-6027,0.085709
DNN-6026,0.066085
DNN-6025,0.085709
DNN-6024,0.060975
DNN-6022,0.385837
DNN-6021,0.090093
DNN-6020,0.319838
DNN-6019,0.227298
DNN-6018,0.032101
DNN-6017,0.282196
DNN-6016,0.093017
DNN-6015,0.086016
DNN-6014,0.021615
DNN-6013,0.058132
DNN-6012,0.063019
DNN-6011,0.035411
DNN-6009,0.086016
DNN-6008,0.055005
DNN-6007,0.03359
DNN-6006,0.042722
DNN-6005,0.063715
DNN-6004,0.064418
DNN-6003,0.073165
DNN-6002,0.36591
DNN-6001,0.055618
DNN-6000,0.049589
DNN-5999,0.03622
DNN-5998,0.77081
DNN-5997,0.034881
DNN-5996,0.198375
DNN-5994,0.089773
DNN-5993,0.048858
DNN-5992,0.450843
DNN-5991,0.157914
DNN-5990,0.087252
DNN-5989,0.410165
DNN-5988,0.022286
DNN-5987,0.300643
DNN-5986,0.269133
DNN-5985,0.025371
DNN-5984,0.058561
DNN-5982,0.192539
DNN-5981,0.030909
DNN-5980,0.09236
DNN-5979,0.062331
DNN-5978,0.062331
DNN-5977,0.055005
DNN-5976,0.524395
DNN-5974,0.182717
DNN-5973,0.027169
DNN-5972,0.509764
DNN-5971,0.035679
DNN-5970,0.065366
DNN-5969,0.064653
DNN-5968,0.069289
DNN-5967,0.046378
DNN-5966,0.049959
DNN-5965,0.437103
DNN-5964,0.086632
DNN-5963,0.019871
DNN-5962,0.070049
DNN-5959,0.057705
DNN-5958,0.842863
DNN-5957,0.053403
DNN-5956,0.060529
DNN-5955,0.048137
DNN-5954,0.057493
DNN-5953,0.05301
DNN-5952,0.066085
DNN-5951,0.054199
DNN-5950,0.037892
DNN-5949,0.028008
DNN-5947,0.045353
DNN-5946,0.225417
DNN-5943,0.942929
DNN-5942,0.024988
DNN-5941,0.272121
DNN-5940,0.037047
DNN-5939,0.032837
DNN-5938,0.045692
DNN-5937,0.068787
DNN-5936,0.049589
DNN-5935,0.067793
DNN-5934,0.079496
DNN-5933,0.139631
DNN-5932,0.05921
DNN-5931,0.074231
DNN-5930,0.045016
DNN-5928,0.021451
DNN-5927,0.051083
DNN-5926,0.256273
DNN-5925,0.054601
DNN-5924,0.03359
DNN-5923,0.053403
DNN-5922,0.035411
DNN-5921,0.047426
DNN-5920,0.050331
DNN-5919,0.051083
DNN-5918,0.040238
DNN-5917,0.024988
DNN-5916,0.034359
DNN-5915,0.070049
DNN-5914,0.060308
DNN-5913,0.048137
DNN-5912,0.045016
DNN-5911,0.075585
DNN-5910,0.056862
DNN-5909,0.09739
DNN-5908,0.05921
DNN-5907,0.080069
DNN-5906,0.094343
DNN-5905,0.060975
DNN-5904,0.138928
DNN-5903,0.058132
DNN-5902,0.052619
DNN-5901,0.019719
DNN-5899,0.052231
DNN-5898,0.045692
DNN-5897,0.031619
DNN-5896,0.282592
DNN-5895,0.071851
DNN-5894,0.058993
DNN-5893,0.361841
DNN-5892,0.056652
DNN-5891,0.056236
DNN-5890,0.090093
DNN-5889,0.537527
DNN-5888,0.038756
DNN-5887,0.051083
DNN-5886,0.038466
DNN-5885,0.044681
DNN-5883,0.057493
DNN-5882,0.042404
DNN-5881,0.091058
DNN-5880,0.048496
DNN-5879,0.038466
DNN-5878,0.06256
DNN-5877,0.035679
DNN-5876,0.077797
DNN-5875,0.047074
DNN-5874,0.033337
DNN-5873,0.03622
DNN-5870,0.058346
DNN-5869,0.048858
DNN-5868,0.060975
DNN-5866,0.023509
DNN-5865,0.044681
DNN-5864,0.056236
DNN-5863,0.039639
DNN-5862,0.094678
DNN-5861,0.37777
DNN-5860,0.03622
DNN-5859,0.044349
DNN-5858,0.103749
DNN-5857,0.052231
DNN-5856,0.021615
DNN-5855,0.048858
DNN-5854,0.05301
DNN-5853,0.687525
DNN-5852,0.021451
DNN-5851,0.056652
DNN-5849,0.025179
DNN-5848,0.876211
DNN-5847,0.044349
DNN-5846,0.091058
DNN-5845,0.040238
DNN-5844,0.038466
DNN-5843,0.03138
DNN-5841,0.038178
DNN-5840,0.658308
DNN-5839,0.089773
DNN-5838,0.063019
DNN-5837,0.025179
DNN-5836,0.069038
DNN-5835,0.032837
DNN-5834,0.026156
DNN-5833,0.163445
DNN-5832,0.043691
DNN-5831,0.099821
DNN-5830,0.060308
DNN-5829,0.069289
DNN-5828,0.052231
DNN-5827,0.736021
DNN-5826,0.033086
DNN-5824,0.030444
DNN-5823,0.056236
DNN-5822,0.013849
DNN-5821,0.043366
DNN-5820,0.326919
DNN-5819,0.042088
DNN-5818,0.046378
DNN-5817,0.058561
DNN-5816,0.014282
DNN-5815,0.255901
DNN-5814,0.05921
DNN-5813,0.032344
DNN-5812,0.059428
DNN-5811,0.040238
DNN-5810,0.055005
DNN-5809,0.046725
DNN-5808,0.043691
DNN-5806,0.083591
DNN-5805,0.05921
DNN-5804,0.05301
DNN-5803,0.043043
DNN-5802,0.057071
DNN-5801,0.030215
DNN-5800,0.039343
DNN-5799,0.037892
DNN-5798,0.028436
DNN-5797,0.268462
DNN-5796,0.022803
DNN-5795,0.020332
DNN-5794,0.032837
DNN-5793,0.035145
DNN-5792,0.063948
DNN-5791,0.06256
DNN-5790,0.359758
DNN-5789,0.052231
DNN-5788,0.045692
DNN-5787,0.055618
DNN-5786,0.100879
DNN-5785,0.038756
DNN-5783,0.229881
DNN-5782,0.043691
DNN-5781,0.141045
DNN-5780,0.200558
DNN-5779,0.107063
DNN-5778,0.170232
DNN-5776,0.173568
DNN-5775,0.050331
DNN-5774,0.068537
DNN-5773,0.085404
DNN-5772,0.031859
DNN-5771,0.055005
DNN-5770,0.044019
DNN-5769,0.021287
DNN-5768,0.076684
DNN-5767,0.076408
DNN-5766,0.081813
DNN-5765,0.061199
DNN-5764,0.071591
DNN-5763,0.04778
DNN-5762,0.055005
DNN-5761,0.120026
DNN-5760,0.051463
DNN-5759,0.071332
DNN-5758,0.081228
DNN-5757,0.016657
DNN-5756,0.086323
DNN-5755,0.175256
DNN-5754,0.125065
DNN-5753,0.132515
DNN-5752,0.043366
DNN-5751,0.026156
DNN-5750,0.026964
DNN-5749,0.020489
DNN-5748,0.031144
DNN-5747,0.021287
DNN-5745,0.030909
DNN-5744,0.039343
DNN-5743,0.121686
DNN-5742,0.057493
DNN-5741,0.05301
DNN-5740,0.050331
DNN-5739,0.046378
DNN-5738,0.038756
DNN-5737,0.067301
DNN-5736,0.322086
DNN-5735,0.032344
DNN-5734,0.062103
DNN-5732,0.218503
DNN-5731,0.051845
DNN-5730,0.105211
DNN-5729,0.040238
DNN-5728,0.07343
DNN-5727,0.037327
DNN-5726,0.387227
DNN-5725,0.039048
DNN-5724,0.043691
DNN-5723,0.030909
DNN-5722,0.710829
DNN-5721,0.035948
DNN-5720,0.0729
DNN-5719,0.327762
DNN-5718,0.067793
DNN-5717,0.058346
DNN-5716,0.045692
DNN-5715,0.297266
DNN-5714,0.056652
DNN-5713,0.055823
DNN-5712,0.065605
DNN-5711,0.039639
DNN-5710,0.06804
DNN-5709,0.025957
DNN-5708,0.041153
DNN-5707,0.052231
DNN-5706,0.069038
DNN-5705,0.055823
DNN-5704,0.048858
DNN-5703,0.031619
DNN-5702,0.206894
DNN-5701,0.046034
DNN-5700,0.023153
DNN-5699,0.0538
DNN-5698,0.268654
DNN-5697,0.064653
DNN-5696,0.033086
DNN-5695,0.040846
DNN-5694,0.076132
DNN-5693,0.043043
DNN-5692,0.033086
DNN-5691,0.044349
DNN-5690,0.030909
DNN-5689,0.152032
DNN-5688,0.09401
DNN-5687,0.039639
DNN-5686,0.038466
DNN-5685,0.037047
DNN-5682,0.396535
DNN-5681,0.057071
DNN-5680,0.025761
DNN-5679,0.046725
DNN-5678,0.104843
DNN-5677,0.022286
DNN-5676,0.035948
DNN-5675,0.024238
DNN-5674,0.056862
DNN-5673,0.037047
DNN-5672,0.076132
DNN-5671,0.098079
DNN-5670,0.044681
DNN-5669,0.065366
DNN-5668,0.026759
DNN-5667,0.052619
DNN-5666,0.03622
DNN-5665,0.668556
DNN-5663,0.747247
DNN-5662,0.051463
DNN-5661,0.053403
DNN-5660,0.039639
DNN-5659,0.037047
DNN-5658,0.023689
DNN-5657,0.041774
DNN-5656,0.062103
DNN-5655,0.028871
DNN-5654,0.043366
DNN-5653,0.081813
DNN-5652,0.08819
DNN-5651,0.067793
DNN-5650,0.021287
DNN-5649,0.155335
DNN-5648,0.039639
DNN-5647,0.028221
DNN-5646,0.027376
DNN-5645,0.059428
DNN-5643,0.383988
DNN-5642,0.036769
DNN-5641,0.131619
DNN-5640,0.328072
DNN-5639,0.063251
DNN-5638,0.057493
DNN-5637,0.071332
DNN-5636,0.119203
DNN-5635,0.192236
DNN-5634,0.061876
DNN-5633,0.054199
DNN-5632,0.04778
DNN-5631,0.035145
DNN-5630,0.043043
DNN-5629,0.049589
DNN-5627,0.241489
DNN-5626,0.030676
DNN-5625,0.013532
DNN-5624,0.015906
DNN-5623,0.365117
DNN-5622,0.069795
DNN-5621,0.111628
DNN-5620,0.345326
DNN-5619,0.038178
DNN-5618,0.040238
DNN-5617,0.047074
DNN-5616,0.089455
DNN-5615,0.037892
DNN-5614,0.070816
DNN-5613,0.178669
DNN-5612,0.021125
DNN-5611,0.042088
DNN-5610,0.499023
DNN-5609,0.0341
DNN-5608,0.092688
DNN-5607,0.063482
DNN-5606,0.028221
DNN-5605,0.063715
DNN-5604,0.03622
DNN-5603,0.039048
DNN-5602,0.044681
DNN-5601,0.161056
DNN-5600,0.051463
DNN-5599,0.553988
DNN-5598,0.086942
DNN-5597,0.032837
DNN-5596,0.029987
DNN-5595,0.043366
DNN-5594,0.043043
DNN-5593,0.088505
DNN-5592,0.069542
DNN-5591,0.027376
DNN-5590,0.039343
DNN-5588,0.035145
DNN-5587,0.023509
DNN-5586,0.032344
DNN-5585,0.03259
DNN-5584,0.044681
DNN-5582,0.089137
DNN-5580,0.048137
DNN-5579,0.051845
DNN-5578,0.053601
DNN-5577,0.057705
DNN-5576,0.072112
DNN-5575,0.040846
DNN-5574,0.099121
DNN-5573,0.037047
DNN-5572,0.046034
DNN-5569,0.120439
DNN-5568,0.091382
DNN-5567,0.033337
DNN-5565,0.034881
DNN-5564,0.087876
DNN-5563,0.099821
DNN-5562,0.077239
DNN-5561,0.095013
DNN-5560,0.014842
DNN-5559,0.078926
DNN-5558,0.072637
DNN-5557,0.029091
DNN-5556,0.037609
DNN-5555,0.072374
DNN-5554,0.031859
DNN-5553,0.057071
DNN-5552,0.078926
DNN-5551,0.06804
DNN-5549,0.290779
DNN-5548,0.05301
DNN-5547,0.058132
DNN-5546,0.052231
DNN-5545,0.121269
DNN-5544,0.026355
DNN-5543,0.586996
DNN-5542,0.066327
DNN-5541,0.037609
DNN-5540,0.044019
DNN-5539,0.057493
DNN-5538,0.049589
DNN-5537,0.043691
DNN-5536,0.027796
DNN-5535,0.107437
DNN-5534,0.119203
DNN-5533,0.128963
DNN-5532,0.090414
DNN-5531,0.171061
DNN-5529,0.039937
DNN-5528,0.035411
DNN-5527,0.02461
DNN-5526,0.036769
DNN-5525,0.099821
DNN-5524,0.067793
DNN-5523,0.084795
DNN-5522,0.043043
DNN-5520,0.065605
DNN-5519,0.063482
DNN-5518,0.034359
DNN-5517,0.139866
DNN-5516,0.064653
DNN-5515,0.066812
DNN-5514,0.039343
DNN-5513,0.30819
DNN-5512,0.069289
DNN-5511,0.035411
DNN-5510,0.032344
DNN-5509,0.019124
DNN-5508,0.063482
DNN-5507,0.033086
DNN-5506,0.072112
DNN-5505,0.783326
DNN-5504,0.076132
DNN-5503,0.279042
DNN-5502,0.059866
DNN-5501,0.070049
DNN-5500,0.060308
DNN-5499,0.300335
DNN-5498,0.204978
DNN-5497,0.682997
DNN-5496,0.064653
DNN-5495,0.041153
DNN-5494,0.810179
DNN-5493,0.045692
DNN-5492,0.23634
DNN-5491,0.16398
DNN-5490,0.261897
DNN-5489,0.598547
DNN-5488,0.062331
DNN-5487,0.048496
DNN-5486,0.140808
DNN-5485,0.075041
DNN-5483,0.03359
DNN-5482,0.048496
DNN-5481,0.402862
DNN-5480,0.096365
DNN-5479,0.060087
DNN-5478,0.805632
DNN-5477,0.049959
DNN-5476,0.087876
DNN-5475,0.03259
DNN-5474,0.049959
DNN-5473,0.035948
DNN-5472,0.02461
DNN-5471,0.030909
DNN-5470,0.016277
DNN-5469,0.043366
DNN-5468,0.034359
DNN-5467,0.060752
DNN-5466,0.058777
DNN-5465,0.420838
DNN-5464,0.126785
DNN-5463,0.017712
DNN-5462,0.041153
DNN-5461,0.041774
DNN-5460,0.081813
DNN-5459,0.03138
DNN-5458,0.030676
DNN-5457,0.043691
DNN-5456,0.057705
DNN-5455,0.912124
DNN-5454,0.060752
DNN-5453,0.050331
DNN-5452,0.043691
DNN-5451,0.254046
DNN-5450,0.066569
DNN-5449,0.04778
DNN-5448,0.035411
DNN-5447,0.036494
DNN-5445,0.029312
DNN-5444,0.567218
DNN-5443,0.042722
DNN-5442,0.038756
DNN-5441,0.716615
DNN-5439,0.280025
DNN-5438,0.039937
DNN-5437,0.057918
DNN-5436,0.033337
DNN-5435,0.031144
DNN-5434,0.030215
DNN-5433,0.016915
DNN-5432,0.076132
DNN-5431,0.060087
DNN-5430,0.038466
DNN-5429,0.049589
DNN-5428,0.095349
DNN-5427,0.073165
DNN-5426,0.035679
DNN-5425,0.033844
DNN-5424,0.050705
DNN-5423,0.020646
DNN-5422,0.802556
DNN-5421,0.200558
DNN-5420,0.405213
DNN-5419,0.119614
DNN-5418,0.056236
DNN-5417,0.070049
DNN-5416,0.522933
DNN-5415,0.030444
DNN-5414,0.027376
DNN-5413,0.022629
DNN-5412,0.041774
DNN-5411,0.042722
DNN-5410,0.0538
DNN-5409,0.03259
DNN-5408,0.102305
DNN-5407,0.043691
DNN-5406,0.054601
DNN-5405,0.114765
DNN-5404,0.039048
DNN-5403,0.040238
DNN-5400,0.035948
DNN-5399,0.08819
DNN-5398,0.029535
DNN-5397,0.041153
DNN-5396,0.030444
DNN-5395,0.025371
DNN-5394,0.067056
DNN-5393,0.036494
DNN-5392,0.018125
DNN-5391,0.038178
DNN-5389,0.03359
DNN-5388,0.048496
DNN-5387,0.685634
DNN-5386,0.058993
DNN-5385,0.033844
DNN-5384,0.028008
DNN-5383,0.059428
DNN-5382,0.065366
DNN-5381,0.798815
DNN-5380,0.049959
DNN-5379,0.050331
DNN-5378,0.046378
DNN-5375,0.021615
DNN-5374,0.106319
DNN-5373,0.201499
DNN-5372,0.058561
DNN-5371,0.026557
DNN-5370,0.049222
DNN-5369,0.674399
DNN-5368,0.098079
DNN-5367,0.540924
DNN-5366,0.068787
DNN-5365,0.069289
DNN-5364,0.215351
DNN-5363,0.042088
DNN-5362,0.025565
DNN-5361,0.030444
DNN-5360,0.038178
DNN-5359,0.033844
DNN-5358,0.046378
DNN-5356,0.028436
DNN-5355,0.114369
DNN-5354,0.051845
DNN-5353,0.046378
DNN-5352,0.109706
DNN-5351,0.037609
DNN-5350,0.058777
DNN-5349,0.060308
DNN-5348,0.254787
DNN-5347,0.022286
DNN-5346,0.027796
DNN-5345,0.036494
DNN-5344,0.043691
DNN-5343,0.072637
DNN-5342,0.029535
DNN-5341,0.051272
DNN-5340,0.031619
DNN-5339,0.037047
DNN-5338,0.015425
DNN-5337,0.73412
DNN-5336,0.494629
DNN-5335,0.042722
DNN-5334,0.033337
DNN-5331,0.03138
DNN-5329,0.058993
DNN-5328,0.054399
DNN-5327,0.037892
DNN-5326,0.051083
DNN-5325,0.068537
DNN-5324,0.560734
DNN-5322,0.041774
DNN-5321,0.079496
DNN-5320,0.043691
DNN-5319,0.153549
DNN-5318,0.026557
DNN-5317,0.048496
DNN-5316,0.045692
DNN-5315,0.144631
DNN-5314,0.07921
DNN-5313,0.049222
DNN-5312,0.158435
DNN-5311,0.066327
DNN-5310,0.105579
DNN-5309,0.041153
DNN-5308,0.426322
DNN-5307,0.029091
DNN-5306,0.109706
DNN-5305,0.020023
DNN-5304,0.041153
DNN-5303,0.028653
DNN-5302,0.023871
DNN-5301,0.041153
DNN-5300,0.089137
DNN-5299,0.115162
DNN-5298,0.053601
DNN-5297,0.437824
DNN-5296,0.024238
DNN-5295,0.033337
DNN-5294,0.021451
DNN-5293,0.023509
DNN-5292,0.047426
DNN-5291,0.042722
DNN-5290,0.104112
DNN-5288,0.046034
DNN-5287,0.165863
DNN-5285,0.04778
DNN-5284,0.038178
DNN-5283,0.070304
DNN-5282,0.039639
DNN-5281,0.089773
DNN-5280,0.141519
DNN-5279,0.361728
DNN-5278,0.038466
DNN-5277,0.104112
DNN-5276,0.035411
DNN-5275,0.022977
DNN-5274,0.023689
DNN-5273,0.016277
DNN-5272,0.0729
DNN-5271,0.035948
DNN-5270,0.679551
DNN-5269,0.69233
DNN-5268,0.424173
DNN-5267,0.029312
DNN-5266,0.328853
DNN-5265,0.154823
DNN-5264,0.169406
DNN-5263,0.025371
DNN-5262,0.218669
DNN-5261,0.070049
DNN-5260,0.062103
DNN-5259,0.030909
DNN-5258,0.037327
DNN-5257,0.070816
DNN-5256,0.496582
DNN-5255,0.046725
DNN-5254,0.020804
DNN-5253,0.695958
DNN-5252,0.034881
DNN-5251,0.024054
DNN-5250,0.059428
DNN-5249,0.03138
DNN-5248,0.045353
DNN-5247,0.056652
DNN-5246,0.055823
DNN-5245,0.022629
DNN-5244,0.051083
DNN-5243,0.0341
DNN-5242,0.069038
DNN-5241,0.03259
DNN-5240,0.053403
DNN-5238,0.028436
DNN-5237,0.031859
DNN-5236,0.037047
DNN-5235,0.035411
DNN-5234,0.024798
DNN-5232,0.785309
DNN-5231,0.095013
DNN-5230,0.045353
DNN-5229,0.047074
DNN-5228,0.018689
DNN-5227,0.030909
DNN-5226,0.084493
DNN-5225,0.117572
DNN-5224,0.039343
DNN-5223,0.060308
DNN-5222,0.111628
DNN-5221,0.020177
DNN-5220,0.078926
DNN-5219,0.210442
DNN-5218,0.026557
DNN-5217,0.027169
DNN-5216,0.620047
DNN-5215,0.022977
DNN-5214,0.093347
DNN-5213,0.023153
DNN-5212,0.022803
DNN-5211,0.019124
DNN-5210,0.065366
DNN-5209,0.029312
DNN-5208,0.033086
DNN-5207,0.411111
DNN-5206,0.043366
DNN-5205,0.044019
DNN-5204,0.046034
DNN-5203,0.051845
DNN-5202,0.051845
DNN-5201,0.0538
DNN-5199,0.454956
DNN-5198,0.221687
DNN-5197,0.164248
DNN-5196,0.144631
DNN-5195,0.090093
DNN-5194,0.031859
DNN-5193,0.066569
DNN-5192,0.35248
DNN-5191,0.131842
DNN-5190,0.301671
DNN-5189,0.242206
DNN-5188,0.05301
DNN-5187,0.048858
DNN-5186,0.038178
DNN-5185,0.713032
DNN-5184,0.049589
DNN-5183,0.033086
DNN-5182,0.018978
DNN-5181,0.043366
DNN-5180,0.041462
DNN-5179,0.034881
DNN-5178,0.044349
DNN-5177,0.060087
DNN-5176,0.0341
DNN-5175,0.031859
DNN-5174,0.025761
DNN-5173,0.039343
DNN-5172,0.05921
DNN-5171,0.020804
DNN-5169,0.120439
DNN-5168,0.126785
DNN-5167,0.512205
DNN-5166,0.198996
DNN-5165,0.107063
DNN-5164,0.148788
DNN-5163,0.917303
DNN-5162,0.260484
DNN-5161,0.025565
DNN-5160,0.050331
DNN-5159,0.034619
DNN-5158,0.054601
DNN-5157,0.037327
DNN-5156,0.046725
DNN-5155,0.028008
DNN-5154,0.032837
DNN-5153,0.075041
DNN-5152,0.095687
DNN-5151,0.031619
DNN-5150,0.058993
DNN-5149,0.107063
DNN-5148,0.055413
DNN-5147,0.070304
DNN-5146,0.07056
DNN-5145,0.045692
DNN-5144,0.040846
DNN-5143,0.719975
DNN-5142,0.115961
DNN-5141,0.042088
DNN-5140,0.680879
DNN-5139,0.628293
DNN-5138,0.036494
DNN-5137,0.018264
DNN-5136,0.04778
DNN-5135,0.049222
DNN-5134,0.019569
DNN-5133,0.05921
DNN-5132,0.022977
DNN-5130,0.104112
DNN-5129,0.035411
DNN-5128,0.029987
DNN-5127,0.694406
DNN-5126,0.512205
DNN-5125,0.020646
DNN-5124,0.171338
DNN-5123,0.601125
DNN-5122,0.056862
DNN-5121,0.115162
DNN-5120,0.073165
DNN-5119,0.116362
DNN-5118,0.138229
DNN-5117,0.288068
DNN-5116,0.043366
DNN-5115,0.361954
DNN-5114,0.19498
DNN-5113,0.69285
DNN-5112,0.683525
DNN-5109,0.067793
DNN-5108,0.043366
DNN-5107,0.231614
DNN-5106,0.140101
DNN-5105,0.115162
DNN-5104,0.394201
DNN-5103,0.04778
DNN-5102,0.417746
DNN-5101,0.067547
DNN-5100,0.171616
DNN-5099,0.059647
DNN-5098,0.045692
DNN-5097,0.25618
DNN-5096,0.220175
DNN-5095,0.235108
DNN-5094,0.132964
DNN-5093,0.026759
DNN-5092,0.13569
DNN-5091,0.227813
DNN-5090,0.158956
DNN-5089,0.196209
DNN-5088,0.241489
DNN-5087,0.414188
DNN-5086,0.051463
DNN-5085,0.032344
DNN-5084,0.058561
DNN-5083,0.037892
DNN-5082,0.049959
DNN-5081,0.066085
DNN-5080,0.61855
DNN-5079,0.06256
DNN-5078,0.076684
DNN-5077,0.034359
DNN-5076,0.094343
DNN-5075,0.051463
DNN-5074,0.145115
DNN-5073,0.160529
DNN-5072,0.060308
DNN-5071,0.024054
DNN-5070,0.621369
DNN-5069,0.071591
DNN-5068,0.145115
DNN-5067,0.3492
DNN-5066,0.126353
DNN-5065,0.015073
DNN-5064,0.060975
DNN-5063,0.032344
DNN-5062,0.093017
DNN-5061,0.085709
DNN-5060,0.020023
DNN-5059,0.263599
DNN-5057,0.200871
DNN-5056,0.161849
DNN-5055,0.211417
DNN-5054,0.16398
DNN-5053,0.039937
DNN-5052,0.280025
DNN-5051,0.044349
DNN-5050,0.158695
DNN-5049,0.048137
DNN-5048,0.163713
DNN-5047,0.494629
DNN-5046,0.11358
DNN-5044,0.096365
DNN-5043,0.104477
DNN-5042,0.252016
DNN-5040,0.032344
DNN-5039,0.041153
DNN-5038,0.223886
DNN-5037,0.094678
DNN-5036,0.022803
DNN-5035,0.026557
DNN-5034,0.065128
DNN-5033,0.408041
DNN-5031,0.027796
DNN-5028,0.058561
DNN-5027,0.081813
DNN-5024,0.048496
DNN-5023,0.103749
DNN-5022,0.045353
DNN-5021,0.035411
DNN-5020,0.06489
DNN-5019,0.035679
DNN-5018,0.188922
DNN-5017,0.034881
DNN-5016,0.454714
DNN-5015,0.075041
DNN-5013,0.062789
DNN-5012,0.042088
DNN-5011,0.08389
DNN-5010,0.069289
DNN-5009,0.267313
DNN-5008,0.027169
DNN-5007,0.106319
DNN-5006,0.05301
DNN-5005,0.052619
DNN-5003,0.136608
DNN-5002,0.601477
DNN-5001,0.447219
DNN-5000,0.207857
DNN-4999,0.112795
DNN-4998,0.151781
DNN-4997,0.486332
DNN-4996,0.749637
DNN-4995,0.223208
DNN-4994,0.184473
DNN-4993,0.171616
DNN-4992,0.204978
DNN-4991,0.173568
DNN-4990,0.841826
DNN-4989,0.040846
DNN-4988,0.065845
DNN-4987,0.052231
DNN-4986,0.037047
DNN-4985,0.103749
DNN-4984,0.031619
DNN-4983,0.03259
DNN-4982,0.238816
DNN-4981,0.037327
DNN-4980,0.639511
DNN-4979,0.045692
DNN-4978,0.735262
DNN-4977,0.758511
DNN-4976,0.039937
DNN-4975,0.037609
DNN-4974,0.053403
DNN-4973,0.060752
DNN-4972,0.492676
DNN-4971,0.040541
DNN-4970,0.084191
DNN-4969,0.037609
DNN-4968,0.158435
DNN-4967,0.29972
DNN-4966,0.386532
DNN-4965,0.716219
DNN-4964,0.044019
DNN-4963,0.558086
DNN-4962,0.039048
DNN-4961,0.255158
DNN-4960,0.019419
DNN-4959,0.075041
DNN-4958,0.290679
DNN-4957,0.052231
DNN-4956,0.035145
DNN-4955,0.069038
DNN-4954,0.055823
DNN-4953,0.056236
DNN-4952,0.06165
DNN-4951,0.075585
DNN-4950,0.161849
DNN-4949,0.186836
DNN-4948,0.063251
DNN-4947,0.030444
DNN-4946,0.075041
DNN-4945,0.152284
DNN-4944,0.029091
DNN-4943,0.07343
DNN-4942,0.103749
DNN-4941,0.030444
DNN-4940,0.107063
DNN-4939,0.182134
DNN-4938,0.046725
DNN-4937,0.052619
DNN-4936,0.034619
DNN-4935,0.044681
DNN-4934,0.033086
DNN-4933,0.039639
DNN-4932,0.026557
DNN-4931,0.030676
DNN-4930,0.828384
DNN-4929,0.295535
DNN-4928,0.040238
DNN-4927,0.285272
DNN-4926,0.142232
DNN-4925,0.28279
DNN-4924,0.106691
DNN-4923,0.122523
DNN-4922,0.597843
DNN-4921,0.717012
DNN-4920,0.039639
DNN-4919,0.116764
DNN-4918,0.100879
DNN-4917,0.169406
DNN-4916,0.079496
DNN-4915,0.119203
DNN-4914,0.053601
DNN-4913,0.03259
DNN-4912,0.293708
DNN-4911,0.562657
DNN-4910,0.774583
DNN-4909,0.666022
DNN-4908,0.352425
DNN-4907,0.703244
DNN-4906,0.699254
DNN-4905,0.765243
DNN-4904,0.923039
DNN-4903,0.069038
DNN-4901,0.910227
DNN-4899,0.027585
DNN-4897,0.752013
DNN-4896,0.043691
DNN-4895,0.042722
DNN-4894,0.708112
DNN-4893,0.018689
DNN-4892,0.207215
DNN-4891,0.246896
DNN-4890,0.214691
DNN-4888,0.777638
DNN-4887,0.035411
DNN-4886,0.043366
DNN-4885,0.346453
DNN-4884,0.203708
DNN-4883,0.316686
DNN-4882,0.048858
DNN-4881,0.289573
DNN-4880,0.194674
DNN-4879,0.292595
DNN-4878,0.733547
DNN-4877,0.304817
DNN-4876,0.830044
DNN-4875,0.23793
DNN-4874,0.055618
DNN-4873,0.632786
DNN-4872,0.307201
DNN-4871,0.0341
DNN-4870,0.732209
DNN-4869,0.056862
DNN-4868,0.075312
DNN-4867,0.23546
DNN-4865,0.057493
DNN-4863,0.055005
DNN-4862,0.044349
DNN-4861,0.039937
DNN-4860,0.053601
DNN-4859,0.030215
DNN-4858,0.624866
DNN-4857,0.101589
DNN-4856,0.069289
DNN-4855,0.492676
DNN-4854,0.036769
DNN-4853,0.039048
DNN-4852,0.075312
DNN-4851,0.191328
DNN-4850,0.037609
DNN-4849,0.025957
DNN-4848,0.070816
DNN-4847,0.543106
DNN-4846,0.045692
DNN-4845,0.053403
DNN-4844,0.210766
DNN-4843,0.072637
DNN-4842,0.109325
DNN-4841,0.026557
DNN-4840,0.041462
DNN-4839,0.029312
DNN-4838,0.101233
DNN-4837,0.063019
DNN-4834,0.038466
DNN-4833,0.204342
DNN-4832,0.017712
DNN-4831,0.089455
DNN-4830,0.105948
DNN-4829,0.052619
DNN-4828,0.029987
DNN-4827,0.06804
DNN-4826,0.037327
DNN-4825,0.065128
DNN-4824,0.045353
DNN-4823,0.027169
DNN-4822,0.050705
DNN-4821,0.060529
DNN-4820,0.112795
DNN-4818,0.06804
DNN-4817,0.021451
DNN-4816,0.105948
DNN-4815,0.027585
DNN-4814,0.095687
DNN-4813,0.038466
DNN-4812,0.032101
DNN-4811,0.064183
DNN-4810,0.059428
DNN-4809,0.032344
DNN-4808,0.038466
DNN-4807,0.043366
DNN-4806,0.086016
DNN-4805,0.039937
DNN-4804,0.021615
DNN-4803,0.057282
DNN-4802,0.049589
DNN-4801,0.240061
DNN-4799,0.021125
DNN-4798,0.060087
DNN-4797,0.24599
DNN-4796,0.363026
DNN-4795,0.068537
DNN-4794,0.023331
DNN-4793,0.0538
DNN-4792,0.047426
DNN-4791,0.050705
DNN-4789,0.5083
DNN-4788,0.265214
DNN-4787,0.067056
DNN-4786,0.805938
DNN-4785,0.059647
DNN-4784,0.029091
DNN-4783,0.041774
DNN-4782,0.048496
DNN-4781,0.033844
DNN-4780,0.035679
DNN-4779,0.165593
DNN-4778,0.2587
DNN-4777,0.037327
DNN-4776,0.094678
DNN-4775,0.045692
DNN-4774,0.040238
DNN-4773,0.121686
DNN-4772,0.05921
DNN-4771,0.101589
DNN-4770,0.049222
DNN-4769,0.041462
DNN-4768,0.063251
DNN-4766,0.025957
DNN-4765,0.065128
DNN-4764,0.023331
DNN-4763,0.027376
DNN-4762,0.02976
DNN-4761,0.031859
DNN-4759,0.033086
DNN-4758,0.045353
DNN-4757,0.032837
DNN-4756,0.059866
DNN-4755,0.611962
DNN-4754,0.240596
DNN-4753,0.051845
DNN-4745,0.078642
DNN-4743,0.02461
DNN-4742,0.030444
DNN-4741,0.065366
DNN-4740,0.07836
DNN-4739,0.021781
DNN-4738,0.060308
DNN-4737,0.072637
DNN-4736,0.032837
DNN-4735,0.397704
DNN-4734,0.051463
DNN-4733,0.038466
DNN-4732,0.166404
DNN-4731,0.558568
DNN-4730,0.143668
DNN-4729,0.066085
DNN-4728,0.060752
DNN-4727,0.435181
DNN-4726,0.042722
DNN-4725,0.030909
DNN-4720,0.065128
DNN-4719,0.047426
DNN-4718,0.028653
DNN-4715,0.016403
DNN-4714,0.496094
DNN-4713,0.197135
DNN-4712,0.719778
DNN-4710,0.059428
DNN-4709,0.043366
DNN-4708,0.046378
DNN-4707,0.069289
DNN-4706,0.022286
DNN-4705,0.070816
DNN-4704,0.746693
DNN-4703,0.07836
DNN-4702,0.023331
DNN-4701,0.044019
DNN-4700,0.024238
DNN-4699,0.02976
DNN-4698,0.017045
DNN-4697,0.071591
DNN-4696,0.034619
DNN-4695,0.066327
DNN-4694,0.054199
DNN-4693,0.022629
DNN-4692,0.064418
DNN-4691,0.044681
DNN-4690,0.264928
DNN-4689,0.045353
DNN-4688,0.082107
DNN-4687,0.020964
DNN-4686,0.022803
DNN-4685,0.022803
DNN-4684,0.846958
DNN-4683,0.09739
DNN-4682,0.129843
DNN-4681,0.048496
DNN-4679,0.067793
DNN-4678,0.065366
DNN-4677,0.055005
DNN-4676,0.230746
DNN-4675,0.02976
DNN-4674,0.111628
DNN-4673,0.046725
DNN-4672,0.253676
DNN-4671,0.032101
DNN-4670,0.039048
DNN-4669,0.051463
DNN-4668,0.035145
DNN-4667,0.047074
DNN-4666,0.037047
DNN-4665,0.046034
DNN-4664,0.704364
DNN-4663,0.030215
DNN-4662,0.244003
DNN-4661,0.023153
DNN-4660,0.057705
DNN-4659,0.017045
DNN-4658,0.058561
DNN-4657,0.076132
DNN-4656,0.080069
DNN-4655,0.157137
DNN-4654,0.00934
DNN-4653,0.020177
DNN-4652,0.018125
DNN-4651,0.038756
DNN-4650,0.055005
DNN-4649,0.032837
DNN-4648,0.873647
DNN-4647,0.075585
DNN-4646,0.063482
DNN-4645,0.087252
DNN-4644,0.041153
DNN-4643,0.223547
DNN-4642,0.094678
DNN-4641,0.138928
DNN-4640,0.115961
DNN-4639,0.131619
DNN-4638,0.107063
DNN-4637,0.138928
DNN-4636,0.137532
DNN-4635,0.125065
DNN-4634,0.147065
DNN-4633,0.134321
DNN-4632,0.108945
DNN-4631,0.125923
DNN-4630,0.112795
DNN-4629,0.116362
DNN-4628,0.093678
DNN-4627,0.120853
DNN-4626,0.11358
DNN-4625,0.120439
DNN-4624,0.110856
DNN-4623,0.085099
DNN-4622,0.094343
DNN-4621,0.623721
DNN-4620,0.029312
DNN-4619,0.146575
DNN-4618,0.257205
DNN-4617,0.025371
DNN-4616,0.514156
DNN-4615,0.044681
DNN-4614,0.701304
DNN-4613,0.632162
DNN-4612,0.033086
DNN-4611,0.03359
DNN-4610,0.301413
DNN-4609,0.089773
DNN-4608,0.131619
DNN-4607,0.061424
DNN-4606,0.036494
DNN-4605,0.045353
DNN-4604,0.016915
DNN-4603,0.069289
DNN-4602,0.056444
DNN-4601,0.054199
DNN-4600,0.155335
DNN-4599,0.205615
DNN-4598,0.055413
DNN-4597,0.026156
DNN-4596,0.035411
DNN-4595,0.038466
DNN-4594,0.098425
DNN-4593,0.184473
DNN-4592,0.306942
DNN-4591,0.044349
DNN-4590,0.354824
DNN-4589,0.068537
DNN-4588,0.058777
DNN-4587,0.0729
DNN-4586,0.056236
DNN-4585,0.717012
DNN-4583,0.031144
DNN-4582,0.063251
DNN-4581,0.03622
DNN-4580,0.016403
DNN-4579,0.039937
DNN-4578,0.234056
DNN-4577,0.033844
DNN-4576,0.031144
DNN-4575,0.048858
DNN-4574,0.042722
DNN-4573,0.220175
DNN-4572,0.062789
DNN-4571,0.03259
DNN-4570,0.045353
DNN-4569,0.059428
DNN-4568,0.054199
DNN-4567,0.041153
DNN-4566,0.047426
DNN-4565,0.071074
DNN-4564,0.035411
DNN-4563,0.030676
DNN-4562,0.063482
DNN-4561,0.061876
DNN-4560,0.053403
DNN-4559,0.248534
DNN-4558,0.035948
DNN-4557,0.035679
DNN-4556,0.047426
DNN-4555,0.051845
DNN-4554,0.048858
DNN-4553,0.015544
DNN-4552,0.048858
DNN-4551,0.0729
DNN-4550,0.069038
DNN-4549,0.112795
DNN-4548,0.104843
DNN-4547,0.058346
DNN-4546,0.048496
DNN-4545,0.562898
DNN-4544,0.045016
DNN-4543,0.020804
DNN-4541,0.318161
DNN-4540,0.055413
DNN-4539,0.0538
DNN-4538,0.063948
DNN-4537,0.099821
DNN-4536,0.032344
DNN-4535,0.011869
DNN-4534,0.070304
DNN-4533,0.133868
DNN-4532,0.158695
DNN-4531,0.330363
DNN-4530,0.32744
DNN-4529,0.151781
DNN-4528,0.293404
DNN-4527,0.273963
DNN-4526,0.266357
DNN-4525,0.275325
DNN-4524,0.057071
DNN-4523,0.205615
DNN-4522,0.240775
DNN-4521,0.299566
DNN-4520,0.481454
DNN-4519,0.437343
DNN-4518,0.137996
DNN-4517,0.231962
DNN-4516,0.042404
DNN-4515,0.041153
DNN-4514,0.236516
DNN-4513,0.623492
DNN-4512,0.175538
DNN-4511,0.06165
DNN-4510,0.039048
DNN-4509,0.09947
DNN-4508,0.061199
DNN-4507,0.060308
DNN-4506,0.022457
DNN-4505,0.250913
DNN-4504,0.027796
DNN-4503,0.243103
DNN-4502,0.054199
DNN-4501,0.087876
DNN-4500,0.072637
DNN-4499,0.043691
DNN-4498,0.467332
DNN-4497,0.057282
DNN-4496,0.06804
DNN-4495,0.017442
DNN-4493,0.141045
DNN-4492,0.040541
DNN-4491,0.049589
DNN-4490,0.437824
DNN-4489,0.037892
DNN-4488,0.035411
DNN-4487,0.038178
DNN-4486,0.027376
DNN-4485,0.074231
DNN-4484,0.097734
DNN-4483,0.118385
DNN-4482,0.035145
DNN-4481,0.039639
DNN-4480,0.045692
DNN-4479,0.080937
DNN-4478,0.066085
DNN-4477,0.042404
DNN-4476,0.032344
DNN-4475,0.051463
DNN-4474,0.038178
DNN-4473,0.0538
DNN-4472,0.022457
DNN-4471,0.108566
DNN-4470,0.042088
DNN-4469,0.033337
DNN-4468,0.041462
DNN-4467,0.33158
DNN-4465,0.890294
DNN-4464,0.487795
DNN-4463,0.242026
DNN-4462,0.029091
DNN-4460,0.177811
DNN-4459,0.037609
DNN-4457,0.03622
DNN-4456,0.066085
DNN-4455,0.303861
DNN-4454,0.03138
DNN-4453,0.039343
DNN-4452,0.040238
DNN-4451,0.044019
DNN-4450,0.020646
DNN-4449,0.319334
DNN-4448,0.118793
DNN-4447,0.0341
DNN-4446,0.041774
DNN-4445,0.0538
DNN-4444,0.039639
DNN-4443,0.494141
DNN-4442,0.0341
DNN-4441,0.037892
DNN-4440,0.046725
DNN-4439,0.071074
DNN-4438,0.341061
DNN-4437,0.071851
DNN-4436,0.078642
DNN-4435,0.029312
DNN-4434,0.154058
DNN-4433,0.842863
DNN-4432,0.040846
DNN-4431,0.047074
DNN-4430,0.120853
DNN-4429,0.055823
DNN-4428,0.075312
DNN-4427,0.041774
DNN-4426,0.071332
DNN-4425,0.056862
DNN-4424,0.043691
DNN-4423,0.017045
DNN-4422,0.043691
DNN-4421,0.161849
DNN-4420,0.061199
DNN-4419,0.033086
DNN-4418,0.038466
DNN-4417,0.057282
DNN-4415,0.063019
DNN-4414,0.06804
DNN-4413,0.042088
DNN-4412,0.03622
DNN-4411,0.018125
DNN-4410,0.041462
DNN-4405,0.25128
DNN-4386,0.016915
DNN-4384,0.620966
DNN-4380,0.605099
DNN-4379,0.435661
DNN-4378,0.748536
DNN-4376,0.687105
DNN-4374,0.661021
DNN-4373,0.726231
DNN-4372,0.680414
DNN-4371,0.664567
DNN-4370,0.742048
DNN-4369,0.040846
DNN-4368,0.122944
DNN-4367,0.044349
DNN-4366,0.058132
DNN-4363,0.145601
DNN-4362,0.340677
DNN-4361,0.296043
DNN-4360,0.056862
DNN-4359,0.049222
DNN-4358,0.064418
DNN-4357,0.065366
DNN-4356,0.031859
DNN-4355,0.145115
DNN-4354,0.174973
DNN-4353,0.203708
DNN-4352,0.052619
DNN-4351,0.044681
DNN-4350,0.076132
DNN-4349,0.173849
DNN-4348,0.218836
DNN-4347,0.157914
DNN-4346,0.435421
DNN-4345,0.177526
DNN-4344,0.137532
DNN-4343,0.243463
DNN-4342,0.166404
DNN-4341,0.232659
DNN-4340,0.226612
DNN-4339,0.198064
DNN-4338,0.168309
DNN-4337,0.321853
DNN-4336,0.161056
DNN-4335,0.114765
DNN-4334,0.148047
DNN-4333,0.171338
DNN-4332,0.200245
DNN-4331,0.141756
DNN-4330,0.214034
DNN-4329,0.205934
DNN-4328,0.181263
DNN-4327,0.15662
DNN-4326,0.197444
DNN-4325,0.170508
DNN-4324,0.185652
DNN-4323,0.173288
DNN-4322,0.200871
DNN-4321,0.139866
DNN-4320,0.247623
DNN-4319,0.252568
DNN-4318,0.217338
DNN-4317,0.219505
DNN-4316,0.150528
DNN-4315,0.267791
DNN-4314,0.240418
DNN-4313,0.345989
DNN-4312,0.251464
DNN-4311,0.123789
DNN-4310,0.155848
DNN-4309,0.398172
DNN-4308,0.226612
DNN-4307,0.26971
DNN-4306,0.153549
DNN-4305,0.318035
DNN-4304,0.134321
DNN-4303,0.452778
DNN-4302,0.231267
DNN-4301,0.158174
DNN-4300,0.273089
DNN-4299,0.609757
DNN-4298,0.14247
DNN-4297,0.105579
DNN-4296,0.114765
DNN-4295,0.130285
DNN-4294,0.110088
DNN-4293,0.125923
DNN-4292,0.100525
DNN-4291,0.060975
DNN-4290,0.140572
DNN-4289,0.071332
DNN-4288,0.725843
DNN-4287,0.436382
DNN-4286,0.098773
DNN-4285,0.047074
DNN-4284,0.038178
DNN-4283,0.025565
DNN-4282,0.127218
DNN-4281,0.041462
DNN-4280,0.050705
DNN-4279,0.055005
DNN-4276,0.030909
DNN-4275,0.023153
DNN-4274,0.079496
DNN-4272,0.041774
DNN-4271,0.034881
DNN-4270,0.029091
DNN-4269,0.064183
DNN-4267,0.07056
DNN-4266,0.064418
DNN-4265,0.019719
DNN-4264,0.02976
DNN-4263,0.064418
DNN-4262,0.048137
DNN-4261,0.533154
DNN-4260,0.038178
DNN-4259,0.158174
DNN-4258,0.057705
DNN-4257,0.040541
DNN-4256,0.077797
DNN-4255,0.688259
DNN-4253,0.034359
DNN-4252,0.03622
DNN-4251,0.048137
DNN-4250,0.088505
DNN-4249,0.21305
DNN-4248,0.351923
DNN-4246,0.096706
DNN-4245,0.039639
DNN-4244,0.074231
DNN-4243,0.029987
DNN-4242,0.082402
DNN-4241,0.029987
DNN-4240,0.289171
DNN-4239,0.102664
DNN-4238,0.072374
DNN-4237,0.023689
DNN-4236,0.246533
DNN-4235,0.166675
DNN-4234,0.173288
DNN-4233,0.201499
DNN-4232,0.221519
DNN-4231,0.196209
DNN-4230,0.17245
DNN-4229,0.180974
DNN-4228,0.297802
DNN-4227,0.083292
DNN-4226,0.039343
DNN-4225,0.019271
DNN-4224,0.629888
DNN-4223,0.038756
DNN-4222,0.045016
DNN-4221,0.043691
DNN-4220,0.025957
DNN-4219,0.085099
DNN-4217,0.737536
DNN-4216,0.049222
DNN-4215,0.023871
DNN-4214,0.13569
DNN-4213,0.043043
DNN-4212,0.182426
DNN-4211,0.021287
DNN-4210,0.021125
DNN-4209,0.103386
DNN-4208,0.185357
DNN-4207,0.068289
DNN-4206,0.062331
DNN-4204,0.021451
DNN-4203,0.045692
DNN-4202,0.087876
DNN-4201,0.417034
DNN-4200,0.473657
DNN-4199,0.054601
DNN-4198,0.015664
DNN-4197,0.069795
DNN-4196,0.048137
DNN-4195,0.095349
DNN-4194,0.110856
DNN-4193,0.037609
DNN-4192,0.728941
DNN-4191,0.208179
DNN-4190,0.145115
DNN-4189,0.214691
DNN-4188,0.340814
DNN-4187,0.261331
DNN-4186,0.147555
DNN-4185,0.369088
DNN-4184,0.264169
DNN-4183,0.309284
DNN-4182,0.727007
DNN-4181,0.295586
DNN-4180,0.100172
DNN-4179,0.264453
DNN-4178,0.320678
DNN-4177,0.166134
DNN-4176,0.324229
DNN-4175,0.223377
DNN-4174,0.441191
DNN-4172,0.069289
DNN-4171,0.048496
DNN-4170,0.032101
DNN-4169,0.065845
DNN-4168,0.076684
DNN-4167,0.03622
DNN-4166,0.036769
DNN-4165,0.034619
DNN-4164,0.017177
DNN-4163,0.033337
DNN-4162,0.397938
DNN-4161,0.115961
DNN-4160,0.033337
DNN-4159,0.051463
DNN-4158,0.059866
DNN-4157,0.036769
DNN-4156,0.106691
DNN-4155,0.084795
DNN-4153,0.184473
DNN-4152,0.061199
DNN-4151,0.072112
DNN-4150,0.075585
DNN-4149,0.03622
DNN-4147,0.06256
DNN-4146,0.051463
DNN-4145,0.061199
DNN-4144,0.767341
DNN-4143,0.027585
DNN-4142,0.024798
DNN-4141,0.054199
DNN-4140,0.121269
DNN-4139,0.051083
DNN-4138,0.026355
DNN-4137,0.948917
DNN-4136,0.033844
DNN-4135,0.053403
DNN-4134,0.049222
DNN-4133,0.070816
DNN-4132,0.049959
DNN-4131,0.051845
DNN-4130,0.025371
DNN-4128,0.032837
DNN-4127,0.076961
DNN-4126,0.07477
DNN-4125,0.132515
DNN-4124,0.385259
DNN-4123,0.254416
DNN-4122,0.049222
DNN-4121,0.043043
DNN-4120,0.619241
DNN-4119,0.118793
DNN-4118,0.038466
DNN-4117,0.039048
DNN-4116,0.040846
DNN-4115,0.071074
DNN-4114,0.077797
DNN-4113,0.077797
DNN-4112,0.018833
DNN-4111,0.038178
DNN-4110,0.692746
DNN-4109,0.057071
DNN-4108,0.041153
DNN-4107,0.022803
DNN-4106,0.062103
DNN-4105,0.02461
DNN-4104,0.050331
DNN-4103,0.093678
DNN-4102,0.235988
DNN-4101,0.017712
DNN-4100,0.017986
DNN-4099,0.026759
DNN-4098,0.080357
DNN-4097,0.039048
DNN-4096,0.027796
DNN-4095,0.089137
DNN-4094,0.047074
DNN-4093,0.02976
DNN-4092,0.061424
DNN-4091,0.0341
DNN-4090,0.510252
DNN-4089,0.056236
DNN-4088,0.5564
DNN-4087,0.021287
DNN-4085,0.678167
DNN-4084,0.033844
DNN-4083,0.065845
DNN-4082,0.084795
DNN-4081,0.043366
DNN-4080,0.244724
DNN-4079,0.033844
DNN-4078,0.037327
DNN-4077,0.010489
DNN-4076,0.181553
DNN-4075,0.024988
DNN-4074,0.041774
DNN-4073,0.375363
DNN-4072,0.035679
DNN-4071,0.064418
DNN-4070,0.066569
DNN-4069,0.039937
DNN-4068,0.028871
DNN-4067,0.026557
DNN-4065,0.023331
DNN-4064,0.044019
DNN-4063,0.072112
DNN-4062,0.06489
DNN-4061,0.025371
DNN-4060,0.039639
DNN-4058,0.012723
DNN-4057,0.03359
DNN-4056,0.028653
DNN-4055,0.046378
DNN-4053,0.08819
DNN-4052,0.100172
DNN-4051,0.027376
DNN-4049,0.019871
DNN-4047,0.045692
DNN-4045,0.044019
DNN-4044,0.038178
DNN-4043,0.026964
DNN-4042,0.035679
DNN-4040,0.114369
DNN-4039,0.031619
DNN-4038,0.045016
DNN-4037,0.039639
DNN-4036,0.028653
DNN-4035,0.051845
DNN-4034,0.029987
DNN-4033,0.24599
DNN-4032,0.038466
DNN-4031,0.065128
DNN-4030,0.068537
DNN-4029,0.104477
DNN-4028,0.035411
DNN-4027,0.037609
DNN-4026,0.048137
DNN-4025,0.034359
DNN-4024,0.108189
DNN-4023,0.077518
DNN-4022,0.033086
DNN-4021,0.053403
DNN-4020,0.028653
DNN-4018,0.097734
DNN-4017,0.028221
DNN-4016,0.132515
DNN-4015,0.215021
DNN-4014,0.223038
DNN-4013,0.039639
DNN-4012,0.05921
DNN-4011,0.765944
DNN-4010,0.041153
DNN-4009,0.031144
DNN-4008,0.037327
DNN-4007,0.033337
DNN-4005,0.049959
DNN-4004,0.063715
DNN-4003,0.213705
DNN-4002,0.025761
DNN-4001,0.050331
DNN-4000,0.015785
DNN-3999,0.026355
DNN-3998,0.033337
DNN-3996,0.0538
DNN-3995,0.029987
DNN-3994,0.076684
DNN-3992,0.069289
DNN-3991,0.033844
DNN-3990,0.057493
DNN-3989,0.073165
DNN-3988,0.090414
DNN-3987,0.022286
DNN-3986,0.046034
DNN-3985,0.034619
DNN-3984,0.026156
DNN-3983,0.051845
DNN-3982,0.044681
DNN-3981,0.066327
DNN-3980,0.169406
DNN-3979,0.043366
DNN-3978,0.05921
DNN-3977,0.086942
DNN-3976,0.033086
DNN-3975,0.072637
DNN-3974,0.017577
DNN-3973,0.060087
DNN-3972,0.021125
DNN-3971,0.067793
DNN-3970,0.064418
DNN-3969,0.078078
DNN-3968,0.048496
DNN-3967,0.066327
DNN-3966,0.051463
DNN-3965,0.585338
DNN-3964,0.039048
DNN-3963,0.034359
DNN-3962,0.073696
DNN-3961,0.040541
DNN-3960,0.036494
DNN-3959,0.057071
DNN-3958,0.37605
DNN-3957,0.039937
DNN-3955,0.030676
DNN-3954,0.03259
DNN-3953,0.054199
DNN-3952,0.049589
DNN-3951,0.022803
DNN-3950,0.024988
DNN-3949,0.05301
DNN-3946,0.02461
DNN-3945,0.076684
DNN-3944,0.056444
DNN-3943,0.03259
DNN-3942,0.033337
DNN-3941,0.046378
DNN-3940,0.161585
DNN-3939,0.026156
DNN-3938,0.020332
DNN-3937,0.072374
DNN-3936,0.056236
DNN-3935,0.107437
DNN-3933,0.051083
DNN-3932,0.038756
DNN-3931,0.076961
DNN-3930,0.47658
DNN-3928,0.092688
DNN-3927,0.408041
DNN-3926,0.048496
DNN-3925,0.042404
DNN-3924,0.017442
DNN-3923,0.912436
DNN-3922,0.034619
DNN-3921,0.040541
DNN-3920,0.087564
DNN-3919,0.065128
DNN-3917,0.565059
DNN-3916,0.037892
DNN-3915,0.040238
DNN-3914,0.439747
DNN-3913,0.040541
DNN-3912,0.105948
DNN-3911,0.534855
DNN-3910,0.437343
DNN-3909,0.719581
DNN-3908,0.042722
DNN-3907,0.052231
DNN-3906,0.247805
DNN-3905,0.058132
DNN-3904,0.713032
DNN-3903,0.041462
DNN-3902,0.038756
DNN-3901,0.032101
DNN-3900,0.024423
DNN-3899,0.041774
DNN-3898,0.261708
DNN-3897,0.063482
DNN-3896,0.117978
DNN-3895,0.115561
DNN-3894,0.066327
DNN-3892,0.056444
DNN-3891,0.038466
DNN-3890,0.05921
DNN-3889,0.019871
DNN-3887,0.034359
DNN-3886,0.076684
DNN-3885,0.174129
DNN-3884,0.384797
DNN-3883,0.0729
DNN-3882,0.033086
DNN-3881,0.038466
DNN-3880,0.047074
DNN-3879,0.019871
DNN-3878,0.046725
DNN-3877,0.293202
DNN-3876,0.261142
DNN-3874,0.043366
DNN-3873,0.043691
DNN-3871,0.045353
DNN-3870,0.034359
DNN-3869,0.089773
DNN-3868,0.057282
DNN-3867,0.043366
DNN-3866,0.033337
DNN-3865,0.018833
DNN-3864,0.028008
DNN-3863,0.072637
DNN-3862,0.031859
DNN-3861,0.032837
DNN-3860,0.03138
DNN-3859,0.081228
DNN-3858,0.444565
DNN-3857,0.029091
DNN-3856,0.021451
DNN-3855,0.029987
DNN-3854,0.017177
DNN-3853,0.009126
DNN-3852,0.021287
DNN-3851,0.035948
DNN-3850,0.726037
DNN-3849,0.052619
DNN-3848,0.06165
DNN-3846,0.239527
DNN-3845,0.315841
DNN-3844,0.057705
DNN-3842,0.235812
DNN-3841,0.20834
DNN-3840,0.16132
DNN-3839,0.191328
DNN-3838,0.166675
DNN-3837,0.118793
DNN-3836,0.082107
DNN-3835,0.101589
DNN-3834,0.215846
DNN-3833,0.049222
DNN-3832,0.025179
DNN-3831,0.052619
DNN-3830,0.189821
DNN-3828,0.016915
DNN-3827,0.063482
DNN-3826,0.043366
DNN-3825,0.024423
DNN-3824,0.037892
DNN-3823,0.108566
DNN-3822,0.207536
DNN-3821,0.210117
DNN-3820,0.197135
DNN-3819,0.233706
DNN-3818,0.393968
DNN-3817,0.090414
DNN-3816,0.066569
DNN-3815,0.03259
DNN-3814,0.140808
DNN-3813,0.037892
DNN-3812,0.350282
DNN-3811,0.0538
DNN-3810,0.045016
DNN-3809,0.042722
DNN-3808,0.29088
DNN-3807,0.221014
DNN-3806,0.162912
DNN-3805,0.575588
DNN-3804,0.066569
DNN-3803,0.109706
DNN-3802,0.014729
DNN-3801,0.192539
DNN-3800,0.067056
DNN-3799,0.499512
DNN-3798,0.305801
DNN-3797,0.891055
DNN-3796,0.042088
DNN-3795,0.03622
DNN-3794,0.086323
DNN-3793,0.034881
DNN-3792,0.031859
DNN-3790,0.035679
DNN-3789,0.065605
DNN-3788,0.768733
DNN-3787,0.017045
DNN-3786,0.024423
DNN-3785,0.065845
DNN-3784,0.061199
DNN-3783,0.067301
DNN-3782,0.52902
DNN-3781,0.028436
DNN-3780,0.063251
DNN-3779,0.041462
DNN-3778,0.622918
DNN-3777,0.042404
DNN-3776,0.830319
DNN-3775,0.168857
DNN-3774,0.042088
DNN-3773,0.20466
DNN-3772,0.064183
DNN-3771,0.029987
DNN-3770,0.026964
DNN-3769,0.048496
DNN-3768,0.044681
DNN-3767,0.041774
DNN-3766,0.098773
DNN-3765,0.280715
DNN-3764,0.118793
DNN-3763,0.112795
DNN-3762,0.044349
DNN-3761,0.212722
DNN-3760,0.027376
DNN-3759,0.296552
DNN-3758,0.070049
DNN-3757,0.090735
DNN-3756,0.028653
DNN-3755,0.045353
DNN-3754,0.058993
DNN-3753,0.077239
DNN-3752,0.025761
DNN-3751,0.037047
DNN-3750,0.042404
DNN-3749,0.026557
DNN-3748,0.249082
DNN-3747,0.132515
DNN-3746,0.040541
DNN-3745,0.022629
DNN-3744,0.046378
DNN-3743,0.049959
DNN-3742,0.078926
DNN-3741,0.044019
DNN-3740,0.753829
DNN-3739,0.048137
DNN-3738,0.072637
DNN-3737,0.056236
DNN-3736,0.07056
DNN-3735,0.113187
DNN-3733,0.087876
DNN-3732,0.065128
DNN-3731,0.361165
DNN-3729,0.061199
DNN-3727,0.106319
DNN-3726,0.262086
DNN-3724,0.037609
DNN-3723,0.025371
DNN-3722,0.149531
DNN-3721,0.015306
DNN-3720,0.082994
DNN-3719,0.028008
DNN-3718,0.07477
DNN-3716,0.043366
DNN-3715,0.280222
DNN-3714,0.022977
DNN-3712,0.083292
DNN-3711,0.021615
DNN-3710,0.030215
DNN-3709,0.084493
DNN-3708,0.336767
DNN-3707,0.188922
DNN-3706,0.353903
DNN-3705,0.122944
DNN-3704,0.04778
DNN-3703,0.022629
DNN-3702,0.520009
DNN-3701,0.029312
DNN-3700,0.126785
DNN-3698,0.038178
DNN-3697,0.027796
DNN-3695,0.063948
DNN-3694,0.056862
DNN-3693,0.051083
DNN-3692,0.037047
DNN-3691,0.046378
DNN-3690,0.678327
DNN-3689,0.731059
DNN-3688,0.128963
DNN-3687,0.037327
DNN-3686,0.091382
DNN-3685,0.027585
DNN-3684,0.040846
DNN-3683,0.067056
DNN-3681,0.042404
DNN-3680,0.031619
DNN-3679,0.216508
DNN-3678,0.378689
DNN-3676,0.768386
DNN-3675,0.150278
DNN-3674,0.122523
DNN-3673,0.139631
DNN-3672,0.134776
DNN-3671,0.433742
DNN-3670,0.107813
DNN-3669,0.305179
DNN-3668,0.253306
DNN-3667,0.348978
DNN-3666,0.267408
DNN-3665,0.274643
DNN-3664,0.21767
DNN-3663,0.317109
DNN-3662,0.175256
DNN-3661,0.154823
DNN-3660,0.207215
DNN-3659,0.140336
DNN-3658,0.149035
DNN-3657,0.183887
DNN-3656,0.151028
DNN-3655,0.165593
DNN-3654,0.541409
DNN-3653,0.117572
DNN-3652,0.23231
DNN-3651,0.046378
DNN-3650,0.061424
DNN-3649,0.047074
DNN-3648,0.039343
DNN-3647,0.034359
DNN-3646,0.036494
DNN-3645,0.046725
DNN-3644,0.072374
DNN-3643,0.670959
DNN-3642,0.337749
DNN-3641,0.189221
DNN-3640,0.243642
DNN-3639,0.764892
DNN-3638,0.302288
DNN-3637,0.215351
DNN-3636,0.38885
DNN-3635,0.451327
DNN-3634,0.285472
DNN-3633,0.377541
DNN-3632,0.347426
DNN-3631,0.194062
DNN-3630,0.189221
DNN-3629,0.146087
DNN-3628,0.135232
DNN-3627,0.142232
DNN-3626,0.127218
DNN-3625,0.188623
DNN-3624,0.187133
DNN-3623,0.272025
DNN-3622,0.268941
DNN-3621,0.212069
DNN-3620,0.294824
DNN-3619,0.402862
DNN-3618,0.069038
DNN-3617,0.055413
DNN-3616,0.042404
DNN-3615,0.044019
DNN-3614,0.062103
DNN-3613,0.060087
DNN-3612,0.040541
DNN-3611,0.506347
DNN-3610,0.345436
DNN-3609,0.705379
DNN-3608,0.030676
DNN-3607,0.064653
DNN-3606,0.040846
DNN-3605,0.028221
DNN-3604,0.128525
DNN-3603,0.051083
DNN-3602,0.018978
DNN-3601,0.071332
DNN-3600,0.039048
DNN-3599,0.133868
DNN-3598,0.479504
DNN-3597,0.033844
DNN-3596,0.037327
DNN-3595,0.033086
DNN-3594,0.056444
DNN-3593,0.118793
DNN-3592,0.059428
DNN-3591,0.287768
DNN-3590,0.261331
DNN-3589,0.040238
DNN-3588,0.021781
DNN-3587,0.025761
DNN-3586,0.049959
DNN-3585,0.02976
DNN-3584,0.056236
DNN-3583,0.048137
DNN-3581,0.063948
DNN-3580,0.055618
DNN-3579,0.048858
DNN-3578,0.032344
DNN-3577,0.028871
DNN-3576,0.048137
DNN-3575,0.018264
DNN-3574,0.026156
DNN-3573,0.049222
DNN-3572,0.069795
DNN-3571,0.067793
DNN-3570,0.076684
DNN-3569,0.050331
DNN-3568,0.058346
DNN-3567,0.028871
DNN-3566,0.022803
DNN-3565,0.063482
DNN-3564,0.041774
DNN-3563,0.461502
DNN-3562,0.040541
DNN-3560,0.037609
DNN-3559,0.105948
DNN-3558,0.077239
DNN-3557,0.024798
DNN-3556,0.039639
DNN-3555,0.055413
DNN-3554,0.754915
DNN-3553,0.115961
DNN-3552,0.073165
DNN-3551,0.109325
DNN-3550,0.025371
DNN-3549,0.046725
DNN-3548,0.049589
DNN-3547,0.204342
DNN-3546,0.037047
DNN-3545,0.056652
DNN-3544,0.023689
DNN-3543,0.038756
DNN-3542,0.035948
DNN-3541,0.096706
DNN-3539,0.857291
DNN-3538,0.609524
DNN-3537,0.801936
DNN-3536,0.140808
DNN-3535,0.070816
DNN-3534,0.056236
DNN-3533,0.028653
DNN-3532,0.048496
DNN-3531,0.245808
DNN-3530,0.111628
DNN-3529,0.027376
DNN-3528,0.295942
DNN-3527,0.154567
DNN-3526,0.14731
DNN-3525,0.757436
DNN-3524,0.442636
DNN-3523,0.043366
DNN-3522,0.063251
DNN-3521,0.057918
DNN-3520,0.028008
DNN-3519,0.034881
DNN-3518,0.048858
DNN-3517,0.042722
DNN-3515,0.279829
DNN-3514,0.022977
DNN-3513,0.054399
DNN-3512,0.022629
DNN-3511,0.164248
DNN-3510,0.332473
DNN-3509,0.082697
DNN-3508,0.041153
DNN-3507,0.086632
DNN-3506,0.291182
DNN-3505,0.057705
DNN-3504,0.057705
DNN-3503,0.07477
DNN-3502,0.294316
DNN-3500,0.378229
DNN-3499,0.278453
DNN-3498,0.630002
DNN-3497,0.124213
DNN-3496,0.171061
DNN-3494,0.178383
DNN-3493,0.287868
DNN-3492,0.246533
DNN-3491,0.336277
DNN-3489,0.035679
DNN-3488,0.035411
DNN-3487,0.035145
DNN-3486,0.037609
DNN-3485,0.064418
DNN-3484,0.028008
DNN-3483,0.076132
DNN-3482,0.0341
DNN-3481,0.104843
DNN-3480,0.055413
DNN-3479,0.216012
DNN-3478,0.072637
DNN-3477,0.156878
DNN-3476,0.190423
DNN-3475,0.026156
DNN-3474,0.08882
DNN-3473,0.568895
DNN-3472,0.129843
DNN-3471,0.069038
DNN-3470,0.143908
DNN-3469,0.258888
DNN-3468,0.055823
DNN-3467,0.045353
DNN-3466,0.054199
DNN-3465,0.338268
DNN-3464,0.125065
DNN-3463,0.52975
DNN-3462,0.561936
DNN-3461,0.296514
DNN-3460,0.555918
DNN-3459,0.669178
DNN-3458,0.761006
DNN-3457,0.404507
DNN-3456,0.666756
DNN-3455,0.555194
DNN-3454,0.238284
DNN-3453,0.406626
DNN-3452,0.337476
DNN-3451,0.047074
DNN-3450,0.049959
DNN-3449,0.041774
DNN-3448,0.049959
DNN-3447,0.177526
DNN-3446,0.446253
DNN-3445,0.078078
DNN-3444,0.055209
DNN-3443,0.06165
DNN-3442,0.047426
DNN-3441,0.075312
DNN-3440,0.043691
DNN-3439,0.777975
DNN-3438,0.06165
DNN-3437,0.041462
DNN-3436,0.027796
DNN-3435,0.032101
DNN-3434,0.033844
DNN-3433,0.336794
DNN-3432,0.027376
DNN-3431,0.056862
DNN-3430,0.032101
DNN-3429,0.0341
DNN-3428,0.059866
DNN-3427,0.028653
DNN-3426,0.034881
DNN-3425,0.03622
DNN-3424,0.779658
DNN-3423,0.032101
DNN-3422,0.034881
DNN-3421,0.041462
DNN-3420,0.957278
DNN-3419,0.658098
DNN-3418,0.043366
DNN-3417,0.036494
DNN-3416,0.426083
DNN-3415,0.030444
DNN-3414,0.035145
DNN-3412,0.058777
DNN-3411,0.070816
DNN-3410,0.339444
DNN-3409,0.024423
DNN-3408,0.037892
DNN-3407,0.089773
DNN-3406,0.065845
DNN-3405,0.028871
DNN-3404,0.26588
DNN-3403,0.038756
DNN-3402,0.119614
DNN-3401,0.046378
DNN-3400,0.038466
DNN-3399,0.022286
DNN-3398,0.028436
DNN-3397,0.040541
DNN-3396,0.158174
DNN-3395,0.527317
DNN-3394,0.189821
DNN-3393,0.305076
DNN-3392,0.339444
DNN-3391,0.307774
DNN-3390,0.044681
DNN-3389,0.060087
DNN-3388,0.0745
DNN-3387,0.028871
DNN-3386,0.63202
DNN-3385,0.039639
DNN-3384,0.115961
DNN-3383,0.034881
DNN-3382,0.030909
DNN-3380,0.123789
DNN-3379,0.021287
DNN-3378,0.029312
DNN-3377,0.073165
DNN-3376,0.039639
DNN-3375,0.486819
DNN-3374,0.274449
DNN-3373,0.036769
DNN-3372,0.105211
DNN-3371,0.795658
DNN-3370,0.058132
DNN-3369,0.026156
DNN-3368,0.018264
DNN-3367,0.073696
DNN-3366,0.038178
DNN-3365,0.087252
DNN-3364,0.058993
DNN-3363,0.113973
DNN-3362,0.031144
DNN-3361,0.041153
DNN-3360,0.246352
DNN-3359,0.014842
DNN-3358,0.060752
DNN-3357,0.027169
DNN-3356,0.040846
DNN-3355,0.127653
DNN-3354,0.038756
DNN-3353,0.03359
DNN-3352,0.037047
DNN-3351,0.071332
DNN-3350,0.085099
DNN-3349,0.178956
DNN-3347,0.550607
DNN-3346,0.129843
DNN-3345,0.046034
DNN-3344,0.060087
DNN-3343,0.477554
DNN-3342,0.532668
DNN-3341,0.104843
DNN-3340,0.245627
DNN-3339,0.050705
DNN-3338,0.024798
DNN-3337,0.032101
DNN-3336,0.148541
DNN-3335,0.059647
DNN-3334,0.053403
DNN-3333,0.050331
DNN-3331,0.131619
DNN-3330,0.101947
DNN-3329,0.040541
DNN-3328,0.080937
DNN-3327,0.037047
DNN-3326,0.029312
DNN-3325,0.025957
DNN-3324,0.228156
DNN-3323,0.028871
DNN-3322,0.190122
DNN-3321,0.040846
DNN-3320,0.184473
DNN-3319,0.025761
DNN-3318,0.095013
DNN-3317,0.790207
DNN-3316,0.084795
DNN-3315,0.142709
DNN-3314,0.145358
DNN-3313,0.818737
DNN-3311,0.050705
DNN-3310,0.040541
DNN-3309,0.042404
DNN-3308,0.286419
DNN-3307,0.025371
DNN-3306,0.086016
DNN-3305,0.054803
DNN-3304,0.03259
DNN-3303,0.178669
DNN-3302,0.048858
DNN-3300,0.07836
DNN-3299,0.089773
DNN-3298,0.06489
DNN-3297,0.029535
DNN-3296,0.035948
DNN-3294,0.073165
DNN-3293,0.047074
DNN-3292,0.036769
DNN-3291,0.045692
DNN-3290,0.06165
DNN-3289,0.044681
DNN-3287,0.037892
DNN-3286,0.034881
DNN-3285,0.023871
DNN-3284,0.0538
DNN-3283,0.03259
DNN-3282,0.060975
DNN-3281,0.055618
DNN-3280,0.108945
DNN-3278,0.545286
DNN-3277,0.051463
DNN-3276,0.024988
DNN-3274,0.069289
DNN-3273,0.585575
DNN-3272,0.675069
DNN-3271,0.267504
DNN-3270,0.334725
DNN-3269,0.346762
DNN-3268,0.304197
DNN-3267,0.450843
DNN-3266,0.267887
DNN-3265,0.071591
DNN-3264,0.085404
DNN-3263,0.719778
DNN-3262,0.057071
DNN-3261,0.04778
DNN-3260,0.060752
DNN-3259,0.03359
DNN-3258,0.046725
DNN-3257,0.065366
DNN-3256,0.025957
DNN-3254,0.024988
DNN-3253,0.022457
DNN-3252,0.040541
DNN-3251,0.149035
DNN-3249,0.05301
DNN-3248,0.064418
DNN-3247,0.224055
DNN-3246,0.104477
DNN-3245,0.373876
DNN-3244,0.139162
DNN-3243,0.500488
DNN-3242,0.132515
DNN-3241,0.046034
DNN-3240,0.055005
DNN-3239,0.046034
DNN-3238,0.110088
DNN-3237,0.200871
DNN-3236,0.234582
DNN-3235,0.200245
DNN-3234,0.164248
DNN-3233,0.140808
DNN-3232,0.362856
DNN-3230,0.088505
DNN-3229,0.034619
DNN-3228,0.065605
DNN-3227,0.070304
DNN-3226,0.085709
DNN-3225,0.316713
DNN-3223,0.057493
DNN-3222,0.039343
DNN-3221,0.054199
DNN-3220,0.018978
DNN-3219,0.039343
DNN-3218,0.026355
DNN-3217,0.410638
DNN-3216,0.080357
DNN-3215,0.077797
DNN-3214,0.082994
DNN-3213,0.018125
DNN-3212,0.121269
DNN-3211,0.281208
DNN-3210,0.09739
DNN-3208,0.031144
DNN-3207,0.049959
DNN-3206,0.051083
DNN-3205,0.048137
DNN-3204,0.046725
DNN-3203,0.103024
DNN-3202,0.033337
DNN-3201,0.185357
DNN-3200,0.239883
DNN-3199,0.195902
DNN-3198,0.271928
DNN-3197,0.180974
DNN-3196,0.843895
DNN-3195,0.724481
DNN-3194,0.265024
DNN-3193,0.722918
DNN-3192,0.959762
DNN-3191,0.659474
DNN-3190,0.145601
DNN-3189,0.056236
DNN-3188,0.034619
DNN-3187,0.334087
DNN-3186,0.669961
DNN-3185,0.372049
DNN-3184,0.295586
DNN-3183,0.048137
DNN-3182,0.049222
DNN-3181,0.056862
DNN-3180,0.160003
DNN-3179,0.231093
DNN-3178,0.922203
DNN-3177,0.2676
DNN-3176,0.525856
DNN-3175,0.149035
DNN-3174,0.217171
DNN-3173,0.550607
DNN-3172,0.060308
DNN-3171,0.606964
DNN-3170,0.606964
DNN-3169,0.076408
DNN-3168,0.103749
DNN-3167,0.050331
DNN-3166,0.050331
DNN-3165,0.043691
DNN-3164,0.067793
DNN-3163,0.487307
DNN-3162,0.326862
DNN-3161,0.236164
DNN-3160,0.400515
DNN-3159,0.066085
DNN-3158,0.061424
DNN-3157,0.485356
DNN-3156,0.047426
DNN-3155,0.02461
DNN-3154,0.189521
DNN-3153,0.071074
DNN-3151,0.029091
DNN-3150,0.053403
DNN-3149,0.040846
DNN-3147,0.031144
DNN-3146,0.08819
DNN-3144,0.022117
DNN-3143,0.025565
DNN-3140,0.065128
DNN-3139,0.074231
DNN-3138,0.040541
DNN-3137,0.099821
DNN-3136,0.137996
DNN-3135,0.826151
DNN-3134,0.619586
DNN-3133,0.519034
DNN-3131,0.130285
DNN-3130,0.162646
DNN-3129,0.312685
DNN-3128,0.229708
DNN-3127,0.565299
DNN-3126,0.205615
DNN-3125,0.133415
DNN-3124,0.352425
DNN-3123,0.33565
DNN-3122,0.712232
DNN-3121,0.222362
DNN-3120,0.136378
DNN-3119,0.087876
DNN-3118,0.326245
DNN-3117,0.21305
DNN-3116,0.360151
DNN-3115,0.674479
DNN-3113,0.058132
DNN-3112,0.025565
DNN-3111,0.040541
DNN-3110,0.043691
DNN-3109,0.026759
DNN-3108,0.015544
DNN-3107,0.035948
DNN-3105,0.218336
DNN-3103,0.070816
DNN-3102,0.042088
DNN-3101,0.02461
DNN-3100,0.206254
DNN-3099,0.265309
DNN-3097,0.039343
DNN-3096,0.042088
DNN-3095,0.086016
DNN-3093,0.031619
DNN-3091,0.112016
DNN-3090,0.425605
DNN-3089,0.06804
DNN-3088,0.714429
DNN-3087,0.560493
DNN-3086,0.099121
DNN-3085,0.027169
DNN-3084,0.036494
DNN-3083,0.022457
DNN-3082,0.041153
DNN-3080,0.033844
DNN-3079,0.041774
DNN-3078,0.033086
DNN-3077,0.018833
DNN-3076,0.042088
DNN-3075,0.221519
DNN-3074,0.033337
DNN-3073,0.057705
DNN-3072,0.028221
DNN-3071,0.040541
DNN-3070,0.042722
DNN-3069,0.038466
DNN-3068,0.031619
DNN-3067,0.030444
DNN-3066,0.040541
DNN-3065,0.05301
DNN-3064,0.058561
DNN-3063,0.04778
DNN-3062,0.036494
DNN-3061,0.035411
DNN-3060,0.719975
DNN-3059,0.409693
DNN-3056,0.340177
DNN-3050,0.040238
DNN-3049,0.064653
DNN-3048,0.033337
DNN-3047,0.063715
DNN-3046,0.447219
DNN-3045,0.046034
DNN-3044,0.037892
DNN-3043,0.014504
DNN-3042,0.228156
DNN-3039,0.223716
DNN-3038,0.024238
DNN-3037,0.039048
DNN-3036,0.155591
DNN-3035,0.203708
DNN-3034,0.025371
DNN-3031,0.790854
DNN-3030,0.217005
DNN-3029,0.029535
DNN-3028,0.042088
DNN-3027,0.045353
DNN-3026,0.025565
DNN-3025,0.049959
DNN-3024,0.066812
DNN-3023,0.036494
DNN-3022,0.111628
DNN-3021,0.096365
DNN-3020,0.188026
DNN-3019,0.136148
DNN-3017,0.334753
DNN-3016,0.246715
DNN-3014,0.043043
DNN-3012,0.03622
DNN-3011,0.049222
DNN-3010,0.017177
DNN-3008,0.072637
DNN-3006,0.030215
DNN-3005,0.049222
DNN-3004,0.017045
DNN-3002,0.299208
DNN-2999,0.563858
DNN-2998,0.641001
DNN-2997,0.323126
DNN-2996,0.189521
DNN-2995,0.151278
DNN-2992,0.164248
DNN-2991,0.028436
DNN-2989,0.025565
DNN-2988,0.086632
DNN-2987,0.032837
DNN-2986,0.030444
DNN-2981,0.058346
DNN-2980,0.025761
DNN-2979,0.221351
DNN-2978,0.062103
DNN-2977,0.139866
DNN-2976,0.069038
DNN-2975,0.035679
DNN-2974,0.037047
DNN-2973,0.046378
DNN-2972,0.038756
DNN-2970,0.032837
DNN-2969,0.572962
DNN-2968,0.167491
DNN-2967,0.178383
DNN-2966,0.026156
DNN-2965,0.056236
DNN-2964,0.128963
DNN-2963,0.064653
DNN-2962,0.028653
DNN-2960,0.026557
DNN-2959,0.046034
DNN-2958,0.050705
DNN-2957,0.044681
DNN-2956,0.067793
DNN-2954,0.061424
DNN-2953,0.122944
DNN-2950,0.043366
DNN-2949,0.046378
DNN-2946,0.052231
DNN-2944,0.044681
DNN-2943,0.040846
DNN-2942,0.083292
DNN-2941,0.049589
DNN-2939,0.041153
DNN-2937,0.049222
DNN-2934,0.040238
DNN-2933,0.030444
DNN-2932,0.040846
DNN-2931,0.115961
DNN-3,0.06489
DNN-2,0.022803
DNN-1,0.170508
