issue_key,prob_design
FAB-18279,0.577495
FAB-18278,0.455925
FAB-18277,0.012723
FAB-18276,0.009055
FAB-18275,0.457379
FAB-18274,0.194368
FAB-18273,0.087252
FAB-18272,0.011869
FAB-18271,0.052231
FAB-18270,0.017849
FAB-18269,0.014729
FAB-18268,0.725649
FAB-18267,0.011687
FAB-18265,0.626996
FAB-18264,0.018125
FAB-18263,0.018405
FAB-18262,0.017045
FAB-18261,0.029312
FAB-18260,0.011687
FAB-18259,0.031859
FAB-18258,0.017986
FAB-18257,0.163445
FAB-18256,0.034881
FAB-18255,0.051463
FAB-18254,0.133868
FAB-18253,0.989347
FAB-18252,0.581303
FAB-18251,0.010014
FAB-18250,0.176672
FAB-18249,0.009634
FAB-18248,0.011961
FAB-18247,0.009784
FAB-18246,0.981453
FAB-18245,0.010818
FAB-18244,0.023153
FAB-18243,0.878314
FAB-18242,0.028436
FAB-18241,0.042722
FAB-18240,0.060087
FAB-18239,0.01057
FAB-18238,0.014504
FAB-18237,0.012821
FAB-18236,0.010408
FAB-18235,0.035145
FAB-18234,0.052619
FAB-18233,0.009268
FAB-18232,0.010902
FAB-18231,0.036769
FAB-18230,0.180107
FAB-18229,0.150528
FAB-18228,0.541409
FAB-18227,0.084191
FAB-18226,0.13569
FAB-18225,0.074231
FAB-18224,0.110856
FAB-18223,0.085404
FAB-18222,0.143188
FAB-18221,0.083591
FAB-18220,0.073963
FAB-18219,0.084795
FAB-18218,0.130285
FAB-18217,0.104112
FAB-18216,0.138462
FAB-18215,0.700895
FAB-18214,0.018125
FAB-18213,0.220678
FAB-18212,0.913677
FAB-18210,0.016915
FAB-18209,0.014064
FAB-18208,0.167763
FAB-18207,0.023871
FAB-18206,0.437103
FAB-18205,0.319599
FAB-18204,0.963506
FAB-18203,0.010489
FAB-18200,0.019419
FAB-18198,0.910863
FAB-18196,0.972415
FAB-18195,0.952926
FAB-18194,0.021948
FAB-18193,0.860604
FAB-18192,0.019271
FAB-18191,0.008062
FAB-18190,0.011597
FAB-18189,0.231614
FAB-18188,0.058777
FAB-18187,0.672009
FAB-18186,0.636014
FAB-18185,0.700075
FAB-18184,0.01653
FAB-18183,0.122523
FAB-18182,0.071851
FAB-18181,0.128525
FAB-18180,0.499512
FAB-18179,0.04778
FAB-18178,0.977023
FAB-18177,0.017577
FAB-18176,0.650023
FAB-18175,0.852935
FAB-18174,0.046378
FAB-18172,0.808067
FAB-18171,0.621722
FAB-18170,0.851459
FAB-18169,0.217005
FAB-18168,0.018547
FAB-18167,0.015664
FAB-18166,0.060308
FAB-18165,0.837088
FAB-18164,0.080357
FAB-18163,0.165054
FAB-18162,0.031619
FAB-18161,0.091382
FAB-18160,0.036494
FAB-18158,0.048858
FAB-18157,0.242564
FAB-18156,0.03138
FAB-18155,0.048858
FAB-18154,0.134776
FAB-18153,0.013325
FAB-18152,0.962391
FAB-18151,0.011687
FAB-18150,0.768038
FAB-18149,0.032837
FAB-18148,0.127653
FAB-18147,0.924142
FAB-18146,0.021615
FAB-18145,0.92944
FAB-18144,0.034881
FAB-18143,0.041462
FAB-18142,0.056652
FAB-18141,0.039937
FAB-18140,0.029091
FAB-18139,0.026964
FAB-18138,0.032101
FAB-18137,0.036494
FAB-18136,0.034359
FAB-18135,0.261519
FAB-18134,0.009634
FAB-18133,0.733929
FAB-18132,0.127218
FAB-18131,0.303938
FAB-18130,0.159741
FAB-18129,0.065366
FAB-18128,0.040541
FAB-18127,0.299054
FAB-18126,0.676727
FAB-18125,0.218003
FAB-18124,0.018405
FAB-18123,0.438304
FAB-18122,0.020332
FAB-18121,0.137996
FAB-18120,0.343755
FAB-18119,0.720565
FAB-18118,0.010818
FAB-18117,0.913984
FAB-18116,0.063948
FAB-18115,0.659761
FAB-18114,0.009708
FAB-18113,0.894052
FAB-18112,0.037327
FAB-18111,0.805938
FAB-18110,0.015664
FAB-18109,0.886027
FAB-18108,0.675551
FAB-18107,0.236516
FAB-18106,0.843895
FAB-18105,0.066085
FAB-18104,0.755276
FAB-18103,0.017986
FAB-18102,0.017177
FAB-18101,0.022629
FAB-18100,0.30965
FAB-18099,0.624551
FAB-18098,0.164516
FAB-18097,0.913058
FAB-18096,0.076684
FAB-18095,0.018978
FAB-18094,0.935817
FAB-18093,0.055413
FAB-18092,0.063251
FAB-18091,0.105211
FAB-18090,0.249813
FAB-18089,0.212395
FAB-18088,0.056652
FAB-18087,0.076132
FAB-18086,0.939025
FAB-18085,0.544317
FAB-18084,0.102305
FAB-18083,0.356447
FAB-18082,0.060087
FAB-18081,0.056236
FAB-18080,0.025179
FAB-18079,0.133868
FAB-18078,0.811078
FAB-18077,0.519521
FAB-18076,0.144149
FAB-18075,0.461259
FAB-18074,0.106691
FAB-18073,0.611034
FAB-18072,0.020177
FAB-18071,0.20947
FAB-18070,0.972204
FAB-18069,0.104112
FAB-18068,0.013637
FAB-18067,0.517083
FAB-18066,0.08152
FAB-18065,0.386648
FAB-18064,0.009055
FAB-18063,0.79534
FAB-18062,0.819316
FAB-18061,0.051083
FAB-18060,0.010014
FAB-18059,0.077797
FAB-18058,0.901575
FAB-18057,0.135232
FAB-18056,0.021781
FAB-18055,0.0341
FAB-18054,0.012432
FAB-18053,0.24726
FAB-18052,0.075312
FAB-18051,0.043366
FAB-18050,0.042722
FAB-18049,0.965119
FAB-18048,0.94079
FAB-18047,0.857768
FAB-18046,0.147065
FAB-18045,0.115162
FAB-18044,0.079496
FAB-18043,0.010653
FAB-18042,0.466603
FAB-18041,0.336222
FAB-18040,0.525369
FAB-18039,0.017045
FAB-18038,0.015073
FAB-18037,0.763131
FAB-18036,0.299515
FAB-18035,0.135232
FAB-18034,0.955981
FAB-18033,0.067056
FAB-18032,0.659076
FAB-18031,0.468791
FAB-18030,0.047426
FAB-18029,0.055005
FAB-18028,0.030444
FAB-18027,0.803174
FAB-18026,0.023509
FAB-18024,0.096025
FAB-18023,0.449876
FAB-18022,0.040238
FAB-18021,0.154058
FAB-18020,0.00986
FAB-18019,0.103749
FAB-18018,0.013325
FAB-18017,0.127218
FAB-18015,0.071074
FAB-18014,0.037892
FAB-18013,0.095687
FAB-18012,0.124639
FAB-18011,0.026964
FAB-18010,0.048496
FAB-18009,0.117978
FAB-18008,0.094678
FAB-18007,0.013121
FAB-18006,0.223377
FAB-18005,0.253676
FAB-18004,0.816406
FAB-18003,0.183009
FAB-18002,0.043366
FAB-18001,0.0538
FAB-18000,0.942082
FAB-17999,0.024054
FAB-17998,0.558327
FAB-17996,0.209793
FAB-17995,0.102305
FAB-17994,0.118385
FAB-17993,0.259826
FAB-17992,0.909265
FAB-17991,0.962108
FAB-17990,0.008916
FAB-17989,0.054199
FAB-17988,0.260013
FAB-17987,0.079496
FAB-17986,0.050705
FAB-17985,0.223038
FAB-17984,0.228845
FAB-17983,0.863852
FAB-17982,0.078926
FAB-17981,0.953275
FAB-17980,0.511473
FAB-17979,0.904313
FAB-17978,0.21305
FAB-17977,0.832781
FAB-17976,0.900179
FAB-17975,0.91181
FAB-17974,0.944995
FAB-17973,0.970465
FAB-17972,0.198996
FAB-17971,0.086942
FAB-17970,0.020964
FAB-17969,0.033086
FAB-17968,0.119614
FAB-17967,0.877477
FAB-17966,0.966663
FAB-17965,0.610105
FAB-17964,0.091382
FAB-17963,0.051845
FAB-17962,0.014172
FAB-17961,0.30632
FAB-17960,0.677794
FAB-17959,0.029987
FAB-17958,0.391871
FAB-17957,0.023331
FAB-17956,0.036769
FAB-17955,0.139866
FAB-17954,0.029987
FAB-17953,0.216012
FAB-17952,0.012625
FAB-17951,0.015073
FAB-17950,0.946597
FAB-17949,0.031859
FAB-17948,0.055005
FAB-17947,0.020177
FAB-17946,0.07343
FAB-17945,0.013849
FAB-17944,0.019871
FAB-17943,0.165593
FAB-17942,0.964855
FAB-17941,0.011961
FAB-17940,0.013532
FAB-17939,0.016029
FAB-17938,0.092033
FAB-17937,0.44071
FAB-17936,0.379148
FAB-17935,0.01653
FAB-17934,0.971992
FAB-17933,0.013532
FAB-17932,0.098425
FAB-17931,0.187728
FAB-17930,0.052231
FAB-17929,0.888759
FAB-17928,0.039343
FAB-17927,0.347509
FAB-17926,0.007938
FAB-17925,0.020489
FAB-17924,0.014504
FAB-17922,0.021287
FAB-17921,0.700075
FAB-17920,0.067301
FAB-17919,0.923039
FAB-17918,0.064653
FAB-17917,0.023331
FAB-17916,0.845942
FAB-17915,0.062789
FAB-17914,0.097048
FAB-17913,0.036494
FAB-17912,0.031144
FAB-17911,0.107437
FAB-17910,0.843895
FAB-17909,0.024238
FAB-17908,0.067547
FAB-17907,0.016153
FAB-17906,0.954647
FAB-17905,0.020332
FAB-17904,0.959154
FAB-17903,0.624408
FAB-17902,0.335844
FAB-17901,0.397704
FAB-17900,0.013223
FAB-17899,0.01292
FAB-17898,0.043366
FAB-17897,0.750736
FAB-17896,0.027796
FAB-17895,0.044349
FAB-17894,0.777975
FAB-17893,0.062789
FAB-17892,0.045692
FAB-17891,0.975946
FAB-17890,0.942929
FAB-17889,0.226955
FAB-17888,0.025957
FAB-17887,0.035411
FAB-17886,0.019569
FAB-17885,0.874077
FAB-17884,0.054601
FAB-17883,0.020804
FAB-17882,0.18418
FAB-17881,0.052619
FAB-17880,0.695545
FAB-17879,0.008577
FAB-17878,0.06804
FAB-17877,0.033086
FAB-17876,0.012241
FAB-17875,0.018833
FAB-17874,0.083591
FAB-17873,0.844922
FAB-17872,0.115162
FAB-17871,0.742048
FAB-17870,0.829492
FAB-17869,0.016153
FAB-17868,0.871037
FAB-17867,0.014392
FAB-17866,0.01017
FAB-17865,0.891055
FAB-17864,0.012432
FAB-17863,0.46223
FAB-17862,0.062789
FAB-17861,0.397354
FAB-17860,0.709824
FAB-17859,0.313788
FAB-17858,0.603348
FAB-17857,0.073696
FAB-17856,0.054199
FAB-17855,0.053403
FAB-17854,0.157914
FAB-17853,0.144631
FAB-17852,0.869271
FAB-17851,0.253676
FAB-17850,0.944995
FAB-17849,0.887595
FAB-17848,0.102664
FAB-17847,0.010653
FAB-17846,0.700485
FAB-17844,0.019719
FAB-17843,0.377311
FAB-17841,0.940353
FAB-17840,0.958226
FAB-17839,0.972623
FAB-17838,0.955651
FAB-17837,0.06165
FAB-17836,0.018405
FAB-17835,0.010987
FAB-17834,0.157137
FAB-17833,0.024988
FAB-17832,0.047426
FAB-17831,0.121269
FAB-17830,0.352853
FAB-17829,0.022977
FAB-17828,0.307098
FAB-17827,0.020964
FAB-17826,0.018405
FAB-17825,0.123789
FAB-17824,0.057493
FAB-17823,0.019569
FAB-17822,0.01017
FAB-17821,0.012147
FAB-17820,0.013849
FAB-17819,0.017849
FAB-17818,0.199932
FAB-17817,0.308086
FAB-17816,0.018125
FAB-17815,0.013532
FAB-17814,0.111628
FAB-17813,0.865679
FAB-17812,0.136608
FAB-17811,0.825027
FAB-17810,0.009055
FAB-17809,0.094678
FAB-17808,0.019419
FAB-17807,0.488283
FAB-17806,0.985936
FAB-17805,0.015189
FAB-17804,0.017045
FAB-17803,0.165323
FAB-17802,0.036494
FAB-17801,0.316739
FAB-17800,0.028436
FAB-17799,0.065845
FAB-17798,0.141756
FAB-17797,0.133868
FAB-17796,0.060975
FAB-17795,0.054199
FAB-17794,0.029312
FAB-17793,0.092688
FAB-17792,0.047426
FAB-17791,0.018978
FAB-17790,0.109706
FAB-17789,0.033086
FAB-17788,0.014282
FAB-17787,0.968141
FAB-17786,0.319493
FAB-17785,0.952574
FAB-17784,0.015189
FAB-17783,0.235812
FAB-17782,0.539954
FAB-17781,0.329446
FAB-17780,0.047426
FAB-17779,0.465145
FAB-17777,0.129843
FAB-17776,0.010987
FAB-17775,0.027796
FAB-17774,0.022117
FAB-17773,0.052231
FAB-17772,0.487307
FAB-17771,0.045353
FAB-17770,0.878731
FAB-17768,0.907967
FAB-17767,0.831691
FAB-17766,0.152032
FAB-17765,0.246715
FAB-17764,0.852445
FAB-17763,0.167763
FAB-17762,0.017442
FAB-17761,0.189521
FAB-17760,0.895888
FAB-17759,0.192236
FAB-17758,0.575588
FAB-17757,0.796609
FAB-17756,0.970465
FAB-17755,0.019271
FAB-17754,0.962391
FAB-17753,0.880797
FAB-17752,0.007346
FAB-17751,0.014842
FAB-17750,0.749821
FAB-17749,0.131619
FAB-17748,0.815233
FAB-17747,0.336934
FAB-17746,0.923039
FAB-17745,0.841305
FAB-17744,0.981311
FAB-17743,0.821617
FAB-17742,0.302391
FAB-17741,0.906653
FAB-17740,0.513668
FAB-17739,0.112795
FAB-17738,0.138928
FAB-17737,0.017712
FAB-17736,0.034359
FAB-17735,0.054601
FAB-17733,0.459804
FAB-17732,0.177811
FAB-17731,0.939913
FAB-17730,0.180107
FAB-17729,0.229018
FAB-17728,0.061876
FAB-17727,0.018978
FAB-17726,0.015785
FAB-17725,0.014172
FAB-17724,0.014392
FAB-17723,0.037892
FAB-17722,0.24817
FAB-17721,0.299822
FAB-17720,0.267217
FAB-17719,0.176104
FAB-17718,0.090093
FAB-17716,0.017712
FAB-17715,0.075858
FAB-17714,0.02461
FAB-17713,0.028871
FAB-17712,0.982423
FAB-17711,0.376967
FAB-17710,0.048496
FAB-17709,0.912436
FAB-17708,0.067301
FAB-17707,0.059866
FAB-17706,0.012821
FAB-17705,0.217338
FAB-17704,0.174692
FAB-17703,0.051083
FAB-17702,0.896251
FAB-17701,0.222531
FAB-17700,0.021615
FAB-17699,0.290276
FAB-17698,0.167219
FAB-17697,0.183887
FAB-17696,0.510741
FAB-17695,0.014616
FAB-17694,0.120853
FAB-17693,0.938576
FAB-17692,0.137996
FAB-17691,0.168857
FAB-17690,0.968381
FAB-17689,0.982151
FAB-17688,0.963231
FAB-17687,0.049959
FAB-17686,0.018547
FAB-17685,0.89841
FAB-17684,0.053403
FAB-17683,0.139866
FAB-17682,0.599368
FAB-17681,0.911495
FAB-17680,0.927363
FAB-17679,0.127218
FAB-17678,0.109325
FAB-17677,0.796609
FAB-17676,0.592784
FAB-17675,0.06489
FAB-17674,0.062103
FAB-17673,0.049589
FAB-17672,0.672117
FAB-17671,0.073696
FAB-17670,0.888759
FAB-17669,0.726814
FAB-17668,0.704567
FAB-17667,0.828384
FAB-17666,0.033086
FAB-17665,0.021287
FAB-17664,0.893309
FAB-17663,0.829492
FAB-17662,0.380644
FAB-17661,0.018547
FAB-17660,0.881207
FAB-17659,0.919063
FAB-17658,0.914901
FAB-17657,0.937211
FAB-17656,0.009268
FAB-17655,0.011332
FAB-17654,0.079782
FAB-17653,0.01142
FAB-17652,0.013223
FAB-17651,0.011158
FAB-17650,0.017849
FAB-17649,0.386069
FAB-17648,0.832237
FAB-17647,0.97539
FAB-17645,0.012723
FAB-17644,0.093347
FAB-17643,0.072637
FAB-17642,0.143668
FAB-17641,0.025371
FAB-17640,0.205615
FAB-17639,0.925769
FAB-17638,0.904651
FAB-17637,0.914291
FAB-17636,0.914596
FAB-17635,0.038466
FAB-17634,0.963231
FAB-17633,0.250546
FAB-17632,0.09739
FAB-17631,0.015664
FAB-17630,0.019271
FAB-17629,0.013428
FAB-17628,0.986777
FAB-17627,0.012723
FAB-17626,0.009413
FAB-17625,0.013956
FAB-17624,0.018833
FAB-17623,0.008779
FAB-17622,0.653348
FAB-17621,0.119614
FAB-17620,0.646251
FAB-17619,0.955651
FAB-17618,0.466846
FAB-17617,0.07343
FAB-17616,0.263599
FAB-17615,0.945801
FAB-17614,0.889529
FAB-17613,0.039639
FAB-17612,0.011245
FAB-17611,0.017577
FAB-17610,0.018978
FAB-17609,0.478773
FAB-17608,0.012241
FAB-17607,0.033337
FAB-17606,0.016029
FAB-17605,0.013121
FAB-17604,0.051463
FAB-17603,0.106319
FAB-17602,0.016153
FAB-17601,0.016657
FAB-17600,0.909586
FAB-17599,0.813461
FAB-17598,0.260954
FAB-17597,0.052231
FAB-17596,0.090414
FAB-17595,0.136148
FAB-17594,0.016785
FAB-17593,0.013223
FAB-17592,0.901575
FAB-17591,0.92944
FAB-17590,0.025957
FAB-17589,0.017849
FAB-17588,0.024798
FAB-17587,0.183594
FAB-17586,0.047074
FAB-17585,0.013742
FAB-17584,0.055823
FAB-17583,0.871475
FAB-17582,0.506347
FAB-17581,0.016657
FAB-17580,0.386185
FAB-17579,0.595198
FAB-17578,0.01653
FAB-17577,0.114765
FAB-17576,0.896614
FAB-17575,0.018833
FAB-17574,0.466846
FAB-17573,0.262653
FAB-17572,0.880386
FAB-17571,0.864768
FAB-17570,0.896976
FAB-17569,0.883236
FAB-17568,0.836555
FAB-17567,0.889912
FAB-17566,0.076684
FAB-17565,0.211417
FAB-17564,0.04778
FAB-17563,0.93196
FAB-17562,0.095013
FAB-17561,0.067301
FAB-17560,0.033086
FAB-17559,0.017986
FAB-17557,0.021615
FAB-17556,0.082402
FAB-17555,0.013637
FAB-17554,0.041153
FAB-17553,0.154312
FAB-17552,0.425844
FAB-17551,0.016915
FAB-17550,0.216012
FAB-17549,0.017045
FAB-17548,0.014282
FAB-17547,0.706798
FAB-17546,0.907312
FAB-17545,0.874077
FAB-17544,0.83602
FAB-17543,0.858719
FAB-17542,0.065366
FAB-17541,0.016915
FAB-17540,0.019419
FAB-17539,0.017986
FAB-17538,0.021287
FAB-17537,0.347039
FAB-17536,0.324824
FAB-17535,0.020489
FAB-17534,0.015544
FAB-17533,0.203708
FAB-17532,0.046034
FAB-17531,0.016403
FAB-17530,0.019871
FAB-17529,0.027585
FAB-17528,0.370681
FAB-17527,0.104477
FAB-17526,0.046725
FAB-17525,0.013742
FAB-17524,0.369543
FAB-17523,0.017442
FAB-17522,0.828939
FAB-17521,0.022803
FAB-17520,0.959154
FAB-17519,0.066812
FAB-17518,0.016915
FAB-17517,0.012625
FAB-17516,0.17441
FAB-17515,0.016915
FAB-17514,0.363562
FAB-17513,0.026759
FAB-17512,0.017442
FAB-17511,0.02461
FAB-17510,0.753104
FAB-17509,0.018264
FAB-17508,0.080069
FAB-17507,0.011245
FAB-17506,0.031619
FAB-17504,0.052619
FAB-17503,0.240418
FAB-17502,0.605566
FAB-17501,0.898053
FAB-17500,0.043691
FAB-17499,0.052619
FAB-17498,0.010818
FAB-17497,0.450359
FAB-17496,0.061199
FAB-17495,0.0745
FAB-17494,0.254972
FAB-17493,0.120853
FAB-17492,0.022457
FAB-17491,0.033844
FAB-17490,0.039048
FAB-17489,0.089455
FAB-17488,0.611092
FAB-17487,0.827271
FAB-17486,0.68637
FAB-17485,0.091707
FAB-17484,0.350255
FAB-17483,0.009708
FAB-17482,0.117167
FAB-17481,0.084493
FAB-17480,0.086942
FAB-17479,0.018978
FAB-17478,0.024798
FAB-17477,0.041774
FAB-17476,0.017986
FAB-17475,0.776623
FAB-17474,0.712832
FAB-17473,0.076408
FAB-17472,0.666062
FAB-17471,0.008985
FAB-17470,0.079782
FAB-17469,0.920218
FAB-17468,0.904651
FAB-17467,0.42656
FAB-17466,0.758511
FAB-17465,0.009708
FAB-17464,0.014957
FAB-17463,0.547706
FAB-17462,0.861538
FAB-17461,0.051845
FAB-17460,0.035411
FAB-17459,0.011072
FAB-17458,0.019271
FAB-17457,0.093017
FAB-17456,0.096706
FAB-17454,0.012625
FAB-17453,0.013956
FAB-17452,0.091707
FAB-17451,0.020964
FAB-17450,0.013532
FAB-17449,0.046378
FAB-17448,0.020489
FAB-17447,0.039937
FAB-17446,0.016785
FAB-17445,0.20466
FAB-17444,0.014504
FAB-17443,0.935346
FAB-17442,0.032344
FAB-17441,0.010249
FAB-17440,0.892187
FAB-17439,0.80502
FAB-17438,0.039343
FAB-17437,0.012241
FAB-17436,0.878314
FAB-17435,0.884439
FAB-17434,0.926304
FAB-17433,0.80837
FAB-17432,0.877056
FAB-17431,0.102305
FAB-17430,0.937669
FAB-17429,0.023153
FAB-17428,0.069795
FAB-17427,0.101233
FAB-17426,0.019871
FAB-17425,0.127653
FAB-17424,0.049589
FAB-17423,0.038756
FAB-17422,0.22919
FAB-17421,0.956957
FAB-17420,0.054601
FAB-17419,0.014616
FAB-17418,0.01142
FAB-17417,0.642881
FAB-17416,0.481941
FAB-17415,0.966156
FAB-17414,0.956634
FAB-17413,0.0341
FAB-17412,0.019871
FAB-17411,0.289472
FAB-17410,0.022803
FAB-17409,0.020804
FAB-17408,0.084191
FAB-17407,0.27474
FAB-17406,0.828384
FAB-17405,0.031144
FAB-17404,0.048137
FAB-17403,0.856332
FAB-17402,0.098079
FAB-17401,0.709221
FAB-17400,0.075312
FAB-17399,0.140572
FAB-17397,0.321194
FAB-17395,0.29972
FAB-17394,0.396769
FAB-17393,0.731251
FAB-17392,0.822189
FAB-17391,0.228156
FAB-17390,0.370112
FAB-17389,0.189521
FAB-17388,0.401923
FAB-17387,0.153803
FAB-17386,0.763131
FAB-17385,0.204025
FAB-17384,0.128525
FAB-17383,0.406273
FAB-17382,0.988313
FAB-17381,0.832237
FAB-17380,0.082107
FAB-17379,0.008711
FAB-17378,0.0538
FAB-17377,0.054803
FAB-17376,0.015664
FAB-17375,0.013849
FAB-17374,0.28897
FAB-17373,0.950411
FAB-17372,0.015425
FAB-17371,0.012432
FAB-17370,0.067301
FAB-17369,0.075858
FAB-17368,0.098079
FAB-17367,0.087252
FAB-17366,0.046725
FAB-17365,0.06804
FAB-17364,0.060308
FAB-17363,0.068289
FAB-17362,0.058561
FAB-17361,0.345712
FAB-17360,0.042088
FAB-17359,0.053403
FAB-17358,0.050705
FAB-17357,0.016029
FAB-17356,0.107063
FAB-17355,0.069038
FAB-17354,0.123366
FAB-17353,0.071591
FAB-17352,0.07921
FAB-17351,0.082107
FAB-17350,0.072112
FAB-17349,0.048858
FAB-17348,0.040541
FAB-17347,0.057493
FAB-17346,0.050705
FAB-17345,0.044349
FAB-17344,0.034881
FAB-17343,0.017309
FAB-17342,0.049222
FAB-17341,0.049959
FAB-17340,0.025179
FAB-17339,0.860134
FAB-17338,0.042722
FAB-17337,0.009486
FAB-17336,0.013849
FAB-17335,0.439507
FAB-17334,0.144631
FAB-17333,0.102305
FAB-17332,0.112016
FAB-17331,0.141281
FAB-17330,0.142232
FAB-17329,0.083591
FAB-17328,0.132066
FAB-17327,0.024054
FAB-17326,0.073165
FAB-17325,0.090735
FAB-17324,0.091707
FAB-17323,0.081813
FAB-17322,0.103024
FAB-17321,0.084493
FAB-17320,0.076961
FAB-17319,0.082107
FAB-17318,0.076961
FAB-17317,0.01142
FAB-17316,0.013849
FAB-17315,0.01142
FAB-17314,0.040238
FAB-17313,0.025761
FAB-17312,0.07477
FAB-17311,0.051083
FAB-17310,0.709422
FAB-17309,0.01292
FAB-17308,0.787605
FAB-17307,0.020804
FAB-17306,0.009936
FAB-17305,0.017177
FAB-17304,0.016657
FAB-17303,0.792143
FAB-17302,0.059428
FAB-17301,0.38318
FAB-17300,0.238284
FAB-17299,0.307618
FAB-17298,0.945801
FAB-17297,0.124213
FAB-17295,0.056652
FAB-17294,0.197444
FAB-17293,0.015306
FAB-17292,0.036769
FAB-17291,0.075858
FAB-17290,0.038178
FAB-17289,0.023689
FAB-17288,0.010653
FAB-17287,0.916708
FAB-17286,0.137532
FAB-17285,0.009055
FAB-17284,0.045692
FAB-17283,0.199308
FAB-17282,0.021451
FAB-17281,0.011245
FAB-17280,0.033086
FAB-17279,0.585338
FAB-17278,0.834946
FAB-17277,0.026355
FAB-17276,0.025565
FAB-17275,0.521471
FAB-17274,0.104843
FAB-17273,0.030444
FAB-17272,0.289171
FAB-17271,0.153295
FAB-17270,0.057493
FAB-17269,0.09236
FAB-17268,0.031859
FAB-17267,0.206574
FAB-17266,0.676406
FAB-17265,0.781331
FAB-17264,0.01653
FAB-17263,0.046725
FAB-17262,0.110856
FAB-17261,0.024238
FAB-17260,0.735831
FAB-17259,0.101947
FAB-17258,0.054199
FAB-17257,0.069795
FAB-17256,0.041462
FAB-17255,0.06256
FAB-17251,0.073696
FAB-17248,0.060308
FAB-17247,0.040238
FAB-17246,0.067301
FAB-17245,0.365669
FAB-17244,0.049589
FAB-17243,0.014842
FAB-17242,0.03622
FAB-17241,0.023689
FAB-17240,0.045692
FAB-17239,0.057918
FAB-17238,0.531453
FAB-17237,0.015906
FAB-17236,0.159217
FAB-17235,0.654232
FAB-17234,0.226784
FAB-17233,0.014064
FAB-17232,0.76769
FAB-17231,0.017045
FAB-17229,0.010328
FAB-17228,0.122523
FAB-17227,0.023871
FAB-17226,0.018125
FAB-17225,0.743168
FAB-17224,0.020332
FAB-17223,0.055005
FAB-17222,0.012147
FAB-17221,0.759582
FAB-17220,0.014729
FAB-17219,0.013637
FAB-17218,0.966156
FAB-17217,0.06489
FAB-17216,0.293607
FAB-17215,0.398875
FAB-17214,0.017045
FAB-17213,0.026355
FAB-17212,0.012147
FAB-17211,0.019719
FAB-17210,0.01292
FAB-17209,0.012336
FAB-17208,0.015306
FAB-17207,0.013637
FAB-17206,0.015664
FAB-17205,0.017442
FAB-17204,0.012432
FAB-17203,0.017712
FAB-17202,0.036769
FAB-17201,0.669718
FAB-17200,0.018833
FAB-17199,0.308815
FAB-17197,0.039937
FAB-17196,0.047426
FAB-17195,0.031859
FAB-17193,0.038756
FAB-17192,0.062103
FAB-17191,0.049959
FAB-17190,0.057071
FAB-17189,0.041153
FAB-17188,0.114369
FAB-17187,0.045353
FAB-17186,0.043691
FAB-17185,0.048137
FAB-17184,0.021781
FAB-17183,0.611266
FAB-17182,0.048858
FAB-17181,0.046725
FAB-17180,0.658418
FAB-17179,0.085099
FAB-17178,0.092033
FAB-17177,0.022977
FAB-17176,0.291082
FAB-17175,0.058346
FAB-17174,0.018833
FAB-17173,0.185947
FAB-17172,0.256087
FAB-17171,0.206254
FAB-17170,0.029312
FAB-17169,0.038466
FAB-17168,0.038466
FAB-17167,0.697815
FAB-17166,0.084795
FAB-17165,0.030676
FAB-17164,0.015073
FAB-17163,0.874935
FAB-17162,0.029987
FAB-17161,0.057071
FAB-17160,0.559531
FAB-17159,0.055413
FAB-17158,0.024054
FAB-17157,0.014842
FAB-17156,0.013956
FAB-17155,0.019569
FAB-17154,0.021125
FAB-17153,0.016277
FAB-17152,0.019271
FAB-17151,0.019124
FAB-17150,0.016785
FAB-17149,0.016403
FAB-17148,0.017442
FAB-17147,0.006904
FAB-17146,0.017849
FAB-17145,0.325655
FAB-17144,0.03138
FAB-17142,0.713631
FAB-17141,0.554712
FAB-17140,0.145601
FAB-17139,0.035948
FAB-17137,0.030676
FAB-17136,0.025761
FAB-17135,0.985158
FAB-17133,0.038466
FAB-17132,0.040541
FAB-17131,0.017849
FAB-17130,0.028653
FAB-17129,0.090735
FAB-17128,0.043366
FAB-17126,0.014729
FAB-17125,0.012054
FAB-17124,0.018547
FAB-17123,0.072637
FAB-17122,0.191933
FAB-17121,0.051083
FAB-17120,0.103386
FAB-17119,0.014172
FAB-17118,0.120026
FAB-17117,0.037609
FAB-17116,0.143188
FAB-17115,0.080647
FAB-17114,0.029535
FAB-17113,0.010014
FAB-17111,0.742048
FAB-17109,0.011961
FAB-17108,0.013428
FAB-17107,0.022629
FAB-17105,0.880386
FAB-17104,0.06165
FAB-17103,0.035411
FAB-17102,0.082402
FAB-17101,0.012336
FAB-17100,0.008577
FAB-17099,0.013428
FAB-17098,0.015906
FAB-17097,0.075041
FAB-17095,0.014282
FAB-17094,0.098773
FAB-17093,0.09401
FAB-17092,0.056652
FAB-17089,0.101947
FAB-17088,0.051083
FAB-17087,0.054199
FAB-17086,0.065128
FAB-17085,0.076684
FAB-17084,0.059647
FAB-17083,0.059866
FAB-17076,0.045692
FAB-17075,0.069795
FAB-17074,0.063482
FAB-17073,0.06256
FAB-17072,0.060308
FAB-17071,0.042404
FAB-17070,0.308086
FAB-17069,0.379493
FAB-17068,0.06256
FAB-17067,0.012054
FAB-17066,0.049959
FAB-17065,0.0745
FAB-17064,0.125923
FAB-17063,0.080647
FAB-17062,0.063482
FAB-17061,0.183301
FAB-17060,0.019569
FAB-17059,0.019271
FAB-17058,0.011072
FAB-17057,0.520009
FAB-17056,0.016029
FAB-17055,0.085404
FAB-17052,0.171061
FAB-17051,0.055005
FAB-17050,0.010902
FAB-17049,0.08819
FAB-17048,0.123366
FAB-17047,0.573201
FAB-17046,0.193147
FAB-17043,0.833866
FAB-17042,0.013532
FAB-17041,0.215021
FAB-17040,0.01653
FAB-17039,0.024798
FAB-17038,0.137996
FAB-17037,0.022286
FAB-17036,0.731442
FAB-17035,0.012336
FAB-17034,0.014172
FAB-17033,0.376222
FAB-17032,0.039937
FAB-17031,0.0538
FAB-17030,0.082402
FAB-17029,0.018547
FAB-17028,0.057705
FAB-17027,0.017577
FAB-17026,0.014616
FAB-17025,0.219672
FAB-17024,0.040846
FAB-17023,0.015785
FAB-17022,0.012054
FAB-17021,0.136148
FAB-17020,0.022977
FAB-17019,0.019271
FAB-17018,0.020804
FAB-17017,0.015544
FAB-17016,0.016277
FAB-17015,0.019271
FAB-17014,0.018978
FAB-17013,0.92944
FAB-17012,0.016277
FAB-17011,0.039048
FAB-17010,0.063715
FAB-17009,0.333395
FAB-17008,0.289472
FAB-17007,0.01292
FAB-17006,0.049589
FAB-17005,0.745769
FAB-17004,0.069038
FAB-17003,0.122104
FAB-17002,0.129843
FAB-17001,0.068537
FAB-17000,0.915809
FAB-16999,0.014957
FAB-16998,0.013532
FAB-16997,0.007577
FAB-16996,0.017045
FAB-16995,0.159741
FAB-16994,0.015073
FAB-16993,0.028008
FAB-16992,0.024798
FAB-16991,0.014172
FAB-16990,0.021948
FAB-16989,0.014842
FAB-16988,0.01302
FAB-16987,0.022803
FAB-16986,0.191933
FAB-16985,0.630344
FAB-16984,0.014064
FAB-16983,0.017045
FAB-16982,0.01057
FAB-16981,0.012432
FAB-16980,0.01653
FAB-16978,0.927363
FAB-16977,0.056236
FAB-16976,0.030444
FAB-16975,0.016277
FAB-16974,0.020646
FAB-16972,0.194368
FAB-16971,0.587943
FAB-16970,0.023153
FAB-16969,0.009708
FAB-16968,0.09947
FAB-16966,0.475605
FAB-16965,0.021781
FAB-16964,0.094343
FAB-16963,0.056862
FAB-16961,0.026759
FAB-16960,0.017177
FAB-16959,0.034881
FAB-16958,0.037892
FAB-16957,0.015544
FAB-16956,0.046378
FAB-16955,0.012336
FAB-16954,0.022457
FAB-16953,0.022803
FAB-16952,0.098773
FAB-16951,0.824462
FAB-16950,0.234582
FAB-16949,0.032344
FAB-16947,0.029312
FAB-16946,0.034881
FAB-16945,0.029987
FAB-16944,0.051083
FAB-16943,0.017045
FAB-16942,0.386532
FAB-16941,0.098773
FAB-16940,0.010091
FAB-16939,0.018833
FAB-16938,0.07921
FAB-16937,0.664227
FAB-16936,0.008577
FAB-16935,0.032344
FAB-16934,0.034881
FAB-16933,0.011961
FAB-16932,0.022977
FAB-16930,0.057282
FAB-16929,0.025179
FAB-16928,0.055005
FAB-16927,0.014504
FAB-16926,0.25945
FAB-16925,0.022457
FAB-16924,0.014729
FAB-16923,0.015544
FAB-16922,0.075041
FAB-16921,0.221687
FAB-16920,0.094678
FAB-16917,0.100525
FAB-16916,0.124213
FAB-16915,0.183301
FAB-16914,0.198064
FAB-16913,0.161849
FAB-16912,0.158174
FAB-16911,0.371479
FAB-16910,0.303732
FAB-16909,0.015425
FAB-16908,0.637482
FAB-16907,0.638948
FAB-16906,0.977543
FAB-16904,0.028871
FAB-16903,0.014504
FAB-16902,0.037892
FAB-16901,0.039048
FAB-16900,0.055005
FAB-16899,0.064418
FAB-16898,0.057493
FAB-16897,0.695338
FAB-16896,0.406155
FAB-16895,0.503906
FAB-16894,0.0745
FAB-16893,0.077797
FAB-16892,0.051083
FAB-16891,0.099121
FAB-16890,0.688049
FAB-16889,0.084795
FAB-16887,0.142232
FAB-16886,0.015425
FAB-16885,0.717012
FAB-16884,0.055413
FAB-16883,0.011072
FAB-16882,0.016403
FAB-16881,0.033086
FAB-16880,0.022977
FAB-16879,0.026557
FAB-16878,0.017442
FAB-16877,0.178097
FAB-16876,0.166947
FAB-16875,0.73678
FAB-16874,0.545286
FAB-16873,0.013121
FAB-16872,0.132515
FAB-16869,0.062789
FAB-16868,0.086323
FAB-16867,0.908618
FAB-16866,0.013325
FAB-16865,0.432543
FAB-16864,0.370225
FAB-16863,0.748352
FAB-16862,0.107437
FAB-16861,0.574156
FAB-16860,0.409457
FAB-16859,0.914291
FAB-16858,0.956634
FAB-16857,0.012821
FAB-16856,0.014064
FAB-16855,0.880386
FAB-16854,0.060752
FAB-16853,0.740174
FAB-16852,0.066812
FAB-16850,0.06804
FAB-16849,0.075585
FAB-16848,0.014064
FAB-16847,0.018833
FAB-16846,0.014729
FAB-16844,0.013325
FAB-16843,0.015306
FAB-16842,0.978713
FAB-16841,0.909265
FAB-16840,0.842863
FAB-16838,0.026156
FAB-16836,0.025957
FAB-16835,0.086632
FAB-16834,0.021615
FAB-16833,0.112016
FAB-16832,0.493653
FAB-16831,0.704364
FAB-16830,0.587233
FAB-16829,0.289372
FAB-16828,0.367554
FAB-16827,0.875787
FAB-16826,0.022977
FAB-16825,0.043043
FAB-16824,0.045353
FAB-16823,0.018405
FAB-16822,0.012821
FAB-16821,0.159741
FAB-16820,0.017712
FAB-16819,0.042404
FAB-16818,0.210766
FAB-16816,0.015425
FAB-16815,0.570331
FAB-16814,0.498047
FAB-16813,0.151028
FAB-16812,0.012147
FAB-16811,0.012723
FAB-16810,0.023689
FAB-16806,0.028221
FAB-16805,0.022457
FAB-16804,0.455925
FAB-16803,0.451327
FAB-16802,0.78695
FAB-16801,0.811676
FAB-16800,0.889912
FAB-16799,0.846958
FAB-16796,0.012147
FAB-16795,0.013637
FAB-16794,0.018125
FAB-16793,0.015544
FAB-16791,0.072112
FAB-16790,0.093347
FAB-16789,0.012528
FAB-16788,0.232659
FAB-16787,0.048137
FAB-16786,0.07056
FAB-16785,0.04778
FAB-16784,0.017442
FAB-16783,0.01057
FAB-16782,0.014842
FAB-16781,0.019569
FAB-16780,0.077518
FAB-16779,0.013849
FAB-16778,0.015664
FAB-16777,0.015664
FAB-16776,0.022629
FAB-16775,0.282691
FAB-16774,0.09236
FAB-16773,0.159217
FAB-16772,0.885631
FAB-16771,0.850469
FAB-16770,0.956634
FAB-16769,0.039343
FAB-16768,0.405684
FAB-16767,0.03259
FAB-16766,0.500488
FAB-16765,0.039048
FAB-16764,0.020646
FAB-16763,0.507324
FAB-16762,0.021781
FAB-16761,0.234933
FAB-16760,0.912748
FAB-16759,0.013637
FAB-16758,0.056236
FAB-16757,0.081813
FAB-16756,0.056029
FAB-16754,0.362969
FAB-16753,0.972831
FAB-16752,0.011687
FAB-16750,0.512205
FAB-16749,0.246171
FAB-16748,0.012241
FAB-16747,0.041774
FAB-16746,0.355663
FAB-16743,0.047426
FAB-16742,0.035411
FAB-16741,0.012625
FAB-16740,0.015073
FAB-16739,0.080069
FAB-16738,0.467818
FAB-16737,0.706798
FAB-16736,0.023871
FAB-16735,0.363252
FAB-16734,0.014957
FAB-16733,0.821044
FAB-16732,0.013742
FAB-16731,0.014957
FAB-16729,0.057493
FAB-16728,0.032344
FAB-16726,0.013532
FAB-16725,0.055413
FAB-16724,0.068289
FAB-16723,0.022629
FAB-16722,0.490724
FAB-16721,0.181553
FAB-16720,0.152537
FAB-16719,0.699665
FAB-16718,0.442636
FAB-16717,0.433981
FAB-16716,0.018405
FAB-16715,0.44553
FAB-16714,0.19163
FAB-16713,0.095013
FAB-16710,0.111628
FAB-16709,0.047426
FAB-16708,0.017986
FAB-16706,0.217005
FAB-16705,0.20466
FAB-16704,0.039048
FAB-16703,0.011869
FAB-16702,0.018405
FAB-16701,0.014172
FAB-16699,0.027376
FAB-16698,0.021125
FAB-16694,0.082697
FAB-16691,0.010091
FAB-16688,0.01302
FAB-16687,0.055823
FAB-16686,0.050331
FAB-16685,0.063251
FAB-16684,0.008711
FAB-16683,0.063251
FAB-16682,0.086016
FAB-16681,0.162912
FAB-16679,0.051845
FAB-16678,0.220342
FAB-16674,0.009055
FAB-16672,0.068787
FAB-16671,0.029535
FAB-16670,0.021287
FAB-16668,0.070304
FAB-16666,0.210117
FAB-16665,0.161056
FAB-16664,0.072374
FAB-16663,0.158435
FAB-16662,0.194368
FAB-16661,0.923039
FAB-16660,0.020023
FAB-16659,0.007461
FAB-16657,0.014392
FAB-16656,0.026355
FAB-16654,0.029987
FAB-16653,0.01292
FAB-16652,0.018264
FAB-16651,0.016403
FAB-16650,0.026759
FAB-16648,0.185652
FAB-16647,0.060529
FAB-16646,0.026964
FAB-16645,0.105948
FAB-16644,0.253676
FAB-16643,0.018978
FAB-16642,0.029312
FAB-16641,0.542136
FAB-16639,0.010408
FAB-16638,0.037609
FAB-16637,0.037609
FAB-16636,0.042088
FAB-16634,0.078642
FAB-16632,0.016915
FAB-16631,0.015544
FAB-16630,0.009784
FAB-16628,0.026156
FAB-16627,0.035145
FAB-16626,0.057071
FAB-16625,0.032837
FAB-16624,0.922482
FAB-16623,0.028653
FAB-16621,0.017986
FAB-16619,0.042088
FAB-16618,0.113973
FAB-16617,0.037609
FAB-16616,0.01142
FAB-16615,0.022117
FAB-16614,0.041462
FAB-16613,0.053403
FAB-16611,0.009055
FAB-16610,0.035679
FAB-16609,0.039048
FAB-16608,0.012241
FAB-16607,0.012147
FAB-16606,0.047074
FAB-16605,0.013742
FAB-16604,0.822189
FAB-16603,0.020964
FAB-16601,0.049222
FAB-16600,0.060529
FAB-16599,0.948155
FAB-16598,0.018833
FAB-16597,0.013325
FAB-16596,0.854399
FAB-16595,0.030909
FAB-16594,0.101947
FAB-16593,0.792143
FAB-16592,0.033086
FAB-16591,0.071074
FAB-16590,0.141281
FAB-16589,0.056652
FAB-16588,0.025761
FAB-16587,0.054399
FAB-16586,0.050331
FAB-16585,0.030444
FAB-16584,0.042404
FAB-16583,0.049959
FAB-16582,0.038756
FAB-16581,0.061876
FAB-16580,0.530723
FAB-16579,0.032101
FAB-16578,0.234582
FAB-16577,0.028871
FAB-16574,0.043691
FAB-16573,0.145601
FAB-16572,0.009559
FAB-16571,0.013121
FAB-16570,0.046378
FAB-16569,0.120439
FAB-16568,0.034619
FAB-16567,0.026355
FAB-16566,0.098773
FAB-16565,0.037892
FAB-16564,0.048137
FAB-16563,0.20466
FAB-16562,0.179531
FAB-16561,0.091058
FAB-16560,0.039343
FAB-16559,0.9462
FAB-16558,0.014064
FAB-16557,0.039048
FAB-16556,0.212395
FAB-16555,0.9659
FAB-16554,0.013956
FAB-16553,0.040238
FAB-16552,0.053403
FAB-16551,0.804098
FAB-16550,0.440951
FAB-16549,0.054601
FAB-16548,0.020332
FAB-16547,0.246171
FAB-16546,0.023689
FAB-16545,0.058777
FAB-16544,0.78695
FAB-16543,0.011332
FAB-16542,0.894421
FAB-16541,0.029312
FAB-16540,0.011961
FAB-16539,0.017986
FAB-16538,0.343122
FAB-16537,0.023153
FAB-16536,0.154823
FAB-16535,0.111241
FAB-16534,0.218669
FAB-16533,0.078926
FAB-16532,0.284377
FAB-16531,0.658006
FAB-16530,0.368519
FAB-16529,0.150029
FAB-16528,0.050331
FAB-16526,0.091058
FAB-16525,0.281406
FAB-16524,0.141756
FAB-16523,0.015906
FAB-16522,0.007696
FAB-16518,0.628236
FAB-16516,0.010489
FAB-16515,0.017442
FAB-16514,0.392337
FAB-16513,0.008577
FAB-16511,0.030909
FAB-16510,0.028436
FAB-16509,0.039048
FAB-16508,0.056652
FAB-16507,0.010987
FAB-16506,0.19962
FAB-16505,0.037609
FAB-16504,0.041774
FAB-16503,0.043043
FAB-16502,0.011072
FAB-16501,0.020023
FAB-16492,0.013428
FAB-16490,0.018978
FAB-16489,0.030909
FAB-16488,0.219337
FAB-16487,0.017442
FAB-16486,0.014172
FAB-16485,0.867036
FAB-16484,0.016657
FAB-16483,0.009197
FAB-16482,0.039343
FAB-16481,0.057918
FAB-16480,0.049589
FAB-16479,0.233008
FAB-16478,0.560493
FAB-16477,0.134776
FAB-16476,0.046725
FAB-16475,0.0538
FAB-16474,0.017442
FAB-16472,0.01292
FAB-16471,0.082107
FAB-16470,0.024238
FAB-16469,0.009708
FAB-16468,0.011961
FAB-16467,0.083591
FAB-16466,0.92079
FAB-16465,0.983214
FAB-16464,0.986363
FAB-16463,0.7237
FAB-16462,0.944587
FAB-16461,0.978052
FAB-16460,0.961822
FAB-16459,0.884039
FAB-16458,0.888759
FAB-16457,0.786623
FAB-16456,0.077518
FAB-16455,0.047074
FAB-16454,0.517571
FAB-16453,0.053403
FAB-16452,0.364664
FAB-16451,0.049222
FAB-16450,0.017712
FAB-16449,0.029091
FAB-16448,0.085404
FAB-16447,0.067547
FAB-16446,0.080069
FAB-16445,0.071851
FAB-16444,0.816406
FAB-16443,0.127653
FAB-16442,0.069289
FAB-16441,0.868381
FAB-16440,0.861538
FAB-16439,0.066812
FAB-16438,0.317056
FAB-16437,0.035948
FAB-16436,0.021948
FAB-16435,0.524882
FAB-16434,0.035679
FAB-16432,0.011158
FAB-16431,0.032344
FAB-16430,0.101947
FAB-16429,0.051083
FAB-16428,0.054199
FAB-16427,0.065128
FAB-16426,0.076684
FAB-16425,0.059647
FAB-16424,0.059866
FAB-16423,0.063019
FAB-16422,0.06804
FAB-16417,0.045692
FAB-16416,0.069795
FAB-16415,0.063482
FAB-16414,0.06256
FAB-16413,0.060308
FAB-16412,0.042404
FAB-16411,0.17441
FAB-16410,0.403919
FAB-16409,0.027169
FAB-16408,0.591251
FAB-16407,0.008446
FAB-16406,0.071591
FAB-16405,0.008985
FAB-16404,0.254416
FAB-16402,0.096365
FAB-16401,0.069038
FAB-16400,0.014957
FAB-16399,0.007938
FAB-16398,0.34505
FAB-16397,0.097734
FAB-16396,0.013956
FAB-16395,0.012241
FAB-16394,0.008779
FAB-16393,0.493653
FAB-16392,0.013325
FAB-16391,0.156105
FAB-16390,0.026156
FAB-16389,0.032344
FAB-16386,0.040846
FAB-16385,0.037609
FAB-16384,0.045353
FAB-16383,0.032837
FAB-16382,0.401688
FAB-16381,0.551574
FAB-16379,0.016403
FAB-16378,0.030909
FAB-16377,0.056236
FAB-16376,0.109325
FAB-16375,0.00629
FAB-16374,0.013428
FAB-16373,0.015785
FAB-16372,0.089137
FAB-16371,0.011158
FAB-16370,0.013532
FAB-16369,0.015425
FAB-16368,0.008577
FAB-16367,0.014616
FAB-16366,0.715623
FAB-16365,0.018125
FAB-16364,0.085099
FAB-16363,0.013325
FAB-16362,0.044681
FAB-16361,0.026355
FAB-16360,0.063251
FAB-16359,0.190724
FAB-16358,0.118385
FAB-16357,0.01017
FAB-16356,0.705988
FAB-16355,0.871037
FAB-16354,0.029535
FAB-16353,0.24726
FAB-16352,0.009708
FAB-16351,0.079496
FAB-16350,0.009268
FAB-16349,0.08819
FAB-16348,0.478529
FAB-16347,0.036494
FAB-16346,0.047074
FAB-16345,0.224055
FAB-16344,0.087564
FAB-16343,0.085404
FAB-16342,0.072637
FAB-16341,0.043043
FAB-16340,0.097048
FAB-16339,0.011597
FAB-16338,0.845942
FAB-16336,0.373533
FAB-16335,0.011508
FAB-16334,0.015306
FAB-16333,0.011597
FAB-16332,0.029987
FAB-16331,0.023153
FAB-16330,0.016029
FAB-16329,0.015906
FAB-16328,0.055413
FAB-16327,0.018978
FAB-16326,0.034359
FAB-16325,0.029312
FAB-16324,0.056652
FAB-16322,0.231267
FAB-16321,0.289673
FAB-16320,0.096706
FAB-16319,0.055005
FAB-16318,0.075041
FAB-16317,0.046378
FAB-16316,0.185357
FAB-16314,0.300694
FAB-16313,0.031144
FAB-16312,0.047426
FAB-16311,0.211091
FAB-16310,0.637257
FAB-16309,0.116764
FAB-16308,0.028221
FAB-16307,0.125493
FAB-16306,0.124639
FAB-16305,0.038178
FAB-16304,0.03259
FAB-16303,0.087876
FAB-16302,0.034619
FAB-16301,0.046725
FAB-16300,0.083591
FAB-16299,0.011245
FAB-16298,0.110856
FAB-16297,0.205296
FAB-16296,0.009486
FAB-16295,0.040541
FAB-16294,0.052231
FAB-16293,0.089455
FAB-16292,0.019419
FAB-16291,0.048496
FAB-16290,0.089137
FAB-16289,0.094678
FAB-16288,0.981022
FAB-16287,0.180684
FAB-16286,0.145115
FAB-16285,0.065128
FAB-16284,0.087876
FAB-16283,0.017712
FAB-16282,0.208179
FAB-16281,0.910863
FAB-16280,0.07056
FAB-16279,0.053403
FAB-16278,0.086632
FAB-16277,0.020177
FAB-16276,0.075858
FAB-16275,0.043366
FAB-16274,0.096025
FAB-16273,0.384103
FAB-16272,0.085099
FAB-16271,0.012336
FAB-16270,0.020332
FAB-16269,0.013223
FAB-16268,0.406391
FAB-16267,0.412767
FAB-16266,0.010091
FAB-16265,0.100879
FAB-16264,0.887595
FAB-16263,0.219003
FAB-16262,0.944177
FAB-16261,0.951863
FAB-16260,0.082994
FAB-16259,0.096025
FAB-16258,0.162912
FAB-16256,0.089137
FAB-16255,0.01142
FAB-16254,0.047074
FAB-16253,0.880797
FAB-16252,0.037609
FAB-16251,0.114369
FAB-16250,0.022629
FAB-16249,0.069289
FAB-16248,0.007012
FAB-16247,0.108945
FAB-16246,0.742048
FAB-16245,0.022117
FAB-16244,0.718792
FAB-16243,0.059866
FAB-16242,0.017045
FAB-16241,0.242385
FAB-16240,0.988131
FAB-16239,0.488771
FAB-16238,0.083591
FAB-16236,0.042404
FAB-16235,0.841305
FAB-16234,0.012528
FAB-16233,0.018125
FAB-16232,0.024988
FAB-16231,0.429908
FAB-16230,0.016915
FAB-16229,0.067793
FAB-16228,0.053403
FAB-16227,0.056236
FAB-16226,0.950411
FAB-16225,0.690559
FAB-16224,0.108945
FAB-16223,0.141281
FAB-16222,0.046034
FAB-16220,0.027796
FAB-16219,0.069038
FAB-16218,0.039639
FAB-16216,0.888759
FAB-16215,0.898767
FAB-16214,0.08152
FAB-16213,0.63968
FAB-16212,0.015073
FAB-16211,0.083591
FAB-16210,0.044681
FAB-16209,0.01653
FAB-16208,0.014282
FAB-16207,0.685739
FAB-16206,0.887984
FAB-16205,0.087876
FAB-16204,0.092033
FAB-16203,0.579876
FAB-16202,0.240418
FAB-16201,0.119203
FAB-16200,0.122523
FAB-16199,0.146087
FAB-16198,0.015906
FAB-16197,0.010489
FAB-16195,0.341281
FAB-16194,0.098425
FAB-16193,0.404743
FAB-16192,0.060752
FAB-16191,0.116362
FAB-16190,0.728362
FAB-16189,0.080069
FAB-16184,0.013532
FAB-16183,0.195902
FAB-16182,0.896251
FAB-16181,0.974821
FAB-16180,0.022117
FAB-16179,0.124213
FAB-16178,0.180684
FAB-16177,0.216674
FAB-16176,0.990441
FAB-16175,0.960952
FAB-16174,0.985718
FAB-16173,0.033337
FAB-16172,0.728748
FAB-16171,0.692226
FAB-16170,0.139866
FAB-16169,0.662032
FAB-16167,0.108566
FAB-16166,0.348423
FAB-16165,0.016915
FAB-16162,0.010987
FAB-16161,0.630742
FAB-16160,0.853913
FAB-16159,0.086632
FAB-16158,0.043043
FAB-16157,0.033337
FAB-16156,0.009413
FAB-16155,0.156105
FAB-16154,0.919643
FAB-16153,0.057918
FAB-16152,0.136148
FAB-16151,0.072112
FAB-16150,0.014729
FAB-16149,0.014392
FAB-16147,0.032837
FAB-16146,0.9462
FAB-16145,0.073696
FAB-16144,0.007577
FAB-16143,0.079496
FAB-16142,0.00659
FAB-16141,0.256087
FAB-16140,0.008577
FAB-16139,0.008916
FAB-16138,0.020177
FAB-16137,0.0341
FAB-16135,0.044349
FAB-16134,0.674801
FAB-16133,0.187728
FAB-16132,0.548674
FAB-16131,0.047426
FAB-16130,0.103024
FAB-16129,0.018833
FAB-16128,0.021948
FAB-16126,0.19163
FAB-16125,0.035145
FAB-16124,0.869271
FAB-16123,0.063948
FAB-16122,0.067547
FAB-16121,0.019569
FAB-16120,0.107437
FAB-16119,0.120853
FAB-16118,0.100879
FAB-16117,0.108566
FAB-16116,0.214691
FAB-16115,0.044349
FAB-16114,0.016785
FAB-16113,0.05921
FAB-16112,0.07477
FAB-16111,0.073165
FAB-16110,0.08152
FAB-16109,0.845942
FAB-16108,0.830594
FAB-16107,0.101947
FAB-16106,0.427277
FAB-16104,0.137532
FAB-16103,0.005911
FAB-16102,0.574872
FAB-16100,0.013428
FAB-16099,0.935346
FAB-16098,0.016657
FAB-16097,0.014172
FAB-16096,0.052231
FAB-16095,0.066327
FAB-16093,0.012336
FAB-16092,0.072374
FAB-16090,0.010987
FAB-16088,0.071591
FAB-16087,0.030909
FAB-16086,0.032101
FAB-16085,0.027376
FAB-16084,0.036494
FAB-16083,0.045692
FAB-16082,0.040846
FAB-16081,0.032344
FAB-16080,0.03359
FAB-16079,0.03138
FAB-16078,0.035411
FAB-16077,0.076961
FAB-16076,0.03622
FAB-16075,0.027585
FAB-16074,0.644617
FAB-16073,0.056236
FAB-16072,0.044349
FAB-16071,0.079782
FAB-16070,0.054601
FAB-16069,0.118385
FAB-16068,0.138928
FAB-16067,0.115961
FAB-16066,0.112016
FAB-16065,0.086632
FAB-16064,0.175821
FAB-16063,0.840259
FAB-16062,0.23634
FAB-16061,0.941223
FAB-16060,0.216012
FAB-16059,0.336985
FAB-16058,0.150278
FAB-16056,0.009197
FAB-16055,0.013532
FAB-16054,0.012147
FAB-16053,0.682574
FAB-16052,0.010987
FAB-16051,0.012821
FAB-16050,0.044681
FAB-16049,0.08152
FAB-16048,0.985271
FAB-16047,0.101233
FAB-16046,0.890675
FAB-16045,0.040846
FAB-16044,0.018125
FAB-16043,0.985718
FAB-16042,0.669421
FAB-16041,0.034359
FAB-16040,0.012147
FAB-16038,0.014172
FAB-16037,0.241668
FAB-16036,0.013325
FAB-16035,0.965119
FAB-16034,0.158174
FAB-16033,0.063251
FAB-16032,0.056652
FAB-16031,0.018978
FAB-16030,0.022629
FAB-16029,0.094678
FAB-16028,0.064183
FAB-16027,0.093678
FAB-16026,0.92523
FAB-16025,0.971564
FAB-16024,0.977023
FAB-16023,0.960657
FAB-16022,0.091058
FAB-16021,0.030215
FAB-16020,0.018264
FAB-16019,0.770465
FAB-16018,0.012147
FAB-16017,0.100525
FAB-16016,0.09739
FAB-16015,0.101947
FAB-16014,0.051083
FAB-16013,0.054199
FAB-16012,0.065128
FAB-16011,0.076684
FAB-16010,0.059647
FAB-16009,0.059866
FAB-16008,0.063019
FAB-16007,0.06804
FAB-16002,0.045692
FAB-16001,0.069795
FAB-16000,0.063482
FAB-15999,0.06256
FAB-15998,0.060308
FAB-15997,0.042404
FAB-15996,0.17441
FAB-15995,0.397354
FAB-15994,0.129843
FAB-15993,0.019124
FAB-15992,0.184473
FAB-15991,0.350421
FAB-15989,0.014504
FAB-15988,0.199308
FAB-15987,0.199308
FAB-15986,0.199308
FAB-15985,0.014842
FAB-15984,0.076961
FAB-15983,0.069795
FAB-15982,0.066085
FAB-15981,0.085709
FAB-15980,0.065128
FAB-15979,0.753104
FAB-15978,0.118385
FAB-15977,0.260954
FAB-15976,0.041774
FAB-15975,0.024988
FAB-15974,0.021781
FAB-15973,0.015664
FAB-15971,0.03138
FAB-15970,0.044681
FAB-15969,0.038178
FAB-15967,0.147065
FAB-15966,0.014064
FAB-15965,0.845433
FAB-15964,0.009126
FAB-15963,0.011687
FAB-15962,0.012336
FAB-15959,0.620679
FAB-15958,0.013121
FAB-15957,0.855851
FAB-15956,0.020489
FAB-15955,0.025565
FAB-15954,0.018125
FAB-15953,0.025957
FAB-15952,0.028653
FAB-15951,0.846451
FAB-15950,0.456168
FAB-15949,0.297776
FAB-15948,0.947381
FAB-15947,0.665411
FAB-15946,0.910545
FAB-15945,0.408041
FAB-15944,0.013532
FAB-15943,0.012054
FAB-15942,0.010653
FAB-15941,0.007121
FAB-15940,0.043043
FAB-15939,0.016029
FAB-15938,0.018689
FAB-15937,0.011961
FAB-15936,0.014172
FAB-15935,0.018125
FAB-15934,0.153549
FAB-15933,0.209793
FAB-15932,0.078642
FAB-15931,0.014282
FAB-15930,0.017849
FAB-15927,0.131619
FAB-15926,0.012336
FAB-15924,0.022629
FAB-15923,0.255344
FAB-15922,0.947769
FAB-15921,0.032344
FAB-15920,0.012723
FAB-15919,0.026156
FAB-15918,0.058346
FAB-15917,0.052619
FAB-15916,0.044349
FAB-15915,0.013121
FAB-15914,0.011158
FAB-15912,0.555676
FAB-15911,0.025957
FAB-15909,0.019271
FAB-15908,0.035145
FAB-15907,0.851459
FAB-15906,0.048496
FAB-15905,0.009708
FAB-15904,0.044349
FAB-15903,0.071332
FAB-15902,0.206574
FAB-15901,0.080357
FAB-15900,0.984215
FAB-15899,0.796292
FAB-15898,0.715623
FAB-15897,0.017986
FAB-15896,0.056236
FAB-15894,0.733547
FAB-15893,0.132515
FAB-15892,0.020964
FAB-15891,0.227298
FAB-15890,0.114369
FAB-15889,0.190423
FAB-15888,0.026759
FAB-15887,0.075041
FAB-15885,0.096706
FAB-15884,0.011245
FAB-15881,0.015664
FAB-15880,0.910227
FAB-15878,0.018405
FAB-15876,0.797557
FAB-15874,0.076961
FAB-15873,0.111241
FAB-15872,0.384334
FAB-15871,0.015425
FAB-15870,0.02976
FAB-15868,0.015073
FAB-15865,0.332202
FAB-15864,0.080357
FAB-15863,0.01057
FAB-15862,0.100879
FAB-15861,0.066569
FAB-15860,0.071074
FAB-15859,0.068289
FAB-15858,0.189221
FAB-15857,0.063715
FAB-15856,0.072112
FAB-15855,0.071591
FAB-15854,0.084493
FAB-15853,0.082994
FAB-15852,0.016153
FAB-15851,0.035145
FAB-15850,0.067056
FAB-15848,0.022803
FAB-15847,0.112795
FAB-15846,0.080937
FAB-15841,0.529993
FAB-15840,0.123366
FAB-15838,0.965641
FAB-15837,0.031144
FAB-15836,0.026355
FAB-15835,0.013223
FAB-15834,0.045692
FAB-15832,0.102664
FAB-15831,0.019419
FAB-15830,0.01142
FAB-15829,0.055005
FAB-15828,0.067547
FAB-15827,0.026156
FAB-15825,0.014504
FAB-15824,0.96741
FAB-15822,0.022629
FAB-15821,0.836555
FAB-15820,0.752377
FAB-15819,0.067793
FAB-15818,0.016657
FAB-15817,0.517571
FAB-15816,0.040846
FAB-15815,0.358072
FAB-15814,0.188922
FAB-15813,0.018264
FAB-15812,0.013742
FAB-15811,0.011158
FAB-15810,0.318803
FAB-15809,0.039639
FAB-15808,0.113973
FAB-15807,0.522446
FAB-15806,0.011961
FAB-15805,0.09739
FAB-15804,0.022629
FAB-15803,0.111628
FAB-15802,0.047426
FAB-15801,0.034881
FAB-15800,0.008711
FAB-15799,0.064653
FAB-15798,0.082402
FAB-15797,0.130729
FAB-15796,0.008916
FAB-15795,0.025371
FAB-15794,0.05301
FAB-15792,0.982151
FAB-15791,0.977714
FAB-15790,0.909907
FAB-15789,0.031859
FAB-15788,0.05301
FAB-15787,0.29088
FAB-15786,0.038178
FAB-15785,0.07477
FAB-15784,0.031619
FAB-15783,0.017442
FAB-15782,0.625867
FAB-15781,0.829492
FAB-15780,0.016657
FAB-15779,0.129403
FAB-15778,0.020646
FAB-15777,0.120026
FAB-15776,0.044019
FAB-15775,0.051463
FAB-15774,0.067301
FAB-15773,0.086632
FAB-15772,0.058346
FAB-15771,0.03259
FAB-15770,0.045016
FAB-15769,0.010249
FAB-15768,0.006693
FAB-15767,0.015544
FAB-15766,0.209793
FAB-15765,0.037609
FAB-15764,0.009559
FAB-15763,0.012432
FAB-15761,0.091382
FAB-15760,0.531939
FAB-15759,0.026156
FAB-15758,0.054601
FAB-15757,0.013742
FAB-15756,0.011597
FAB-15755,0.024798
FAB-15754,0.039937
FAB-15753,0.023153
FAB-15752,0.069795
FAB-15751,0.057918
FAB-15750,0.06804
FAB-15749,0.071332
FAB-15748,0.07056
FAB-15747,0.112795
FAB-15746,0.054601
FAB-15745,0.93196
FAB-15744,0.133868
FAB-15742,0.159741
FAB-15741,0.136608
FAB-15740,0.008577
FAB-15739,0.06165
FAB-15738,0.083292
FAB-15737,0.297164
FAB-15736,0.360545
FAB-15735,0.314682
FAB-15734,0.047426
FAB-15733,0.104477
FAB-15732,0.116764
FAB-15731,0.037327
FAB-15730,0.081228
FAB-15729,0.080069
FAB-15728,0.022457
FAB-15727,0.039048
FAB-15726,0.011332
FAB-15725,0.24817
FAB-15724,0.30013
FAB-15723,0.027376
FAB-15722,0.123789
FAB-15721,0.079496
FAB-15719,0.70202
FAB-15718,0.051463
FAB-15717,0.012147
FAB-15716,0.051845
FAB-15715,0.034619
FAB-15714,0.130729
FAB-15713,0.772874
FAB-15712,0.155591
FAB-15711,0.688573
FAB-15710,0.984336
FAB-15709,0.048496
FAB-15708,0.165054
FAB-15707,0.049222
FAB-15706,0.047074
FAB-15705,0.066327
FAB-15704,0.178097
FAB-15703,0.103749
FAB-15702,0.578686
FAB-15701,0.054601
FAB-15700,0.521715
FAB-15699,0.013428
FAB-15698,0.014172
FAB-15697,0.067793
FAB-15693,0.067547
FAB-15692,0.203708
FAB-15691,0.011597
FAB-15690,0.037327
FAB-15689,0.031144
FAB-15688,0.01292
FAB-15687,0.047426
FAB-15686,0.06804
FAB-15685,0.018978
FAB-15684,0.024798
FAB-15683,0.122523
FAB-15682,0.103749
FAB-15681,0.07836
FAB-15680,0.043366
FAB-15679,0.099121
FAB-15678,0.022286
FAB-15677,0.034619
FAB-15676,0.040846
FAB-15675,0.040541
FAB-15674,0.049222
FAB-15673,0.024988
FAB-15672,0.072112
FAB-15671,0.19163
FAB-15670,0.063715
FAB-15669,0.018125
FAB-15668,0.734881
FAB-15667,0.016403
FAB-15666,0.015425
FAB-15665,0.016277
FAB-15663,0.792464
FAB-15662,0.259638
FAB-15661,0.071332
FAB-15660,0.321966
FAB-15659,0.729134
FAB-15658,0.042722
FAB-15657,0.035679
FAB-15656,0.072374
FAB-15655,0.077239
FAB-15654,0.019271
FAB-15653,0.52975
FAB-15652,0.120439
FAB-15651,0.041774
FAB-15650,0.037327
FAB-15648,0.927363
FAB-15646,0.03138
FAB-15645,0.014282
FAB-15644,0.080357
FAB-15643,0.021948
FAB-15642,0.643385
FAB-15641,0.034619
FAB-15640,0.128963
FAB-15639,0.078078
FAB-15638,0.519034
FAB-15637,0.223377
FAB-15636,0.042722
FAB-15635,0.938576
FAB-15634,0.96741
FAB-15633,0.006798
FAB-15632,0.405684
FAB-15630,0.879147
FAB-15629,0.017309
FAB-15628,0.013428
FAB-15627,0.049589
FAB-15626,0.020177
FAB-15625,0.041462
FAB-15624,0.016403
FAB-15623,0.067793
FAB-15622,0.044681
FAB-15621,0.012147
FAB-15620,0.023871
FAB-15617,0.012147
FAB-15616,0.091058
FAB-15614,0.045353
FAB-15613,0.391173
FAB-15612,0.044349
FAB-15610,0.035948
FAB-15608,0.010014
FAB-15607,0.011332
FAB-15606,0.025371
FAB-15605,0.03359
FAB-15604,0.01653
FAB-15603,0.275325
FAB-15602,0.014392
FAB-15601,0.016403
FAB-15600,0.110471
FAB-15599,0.189221
FAB-15597,0.107813
FAB-15596,0.124213
FAB-15595,0.899475
FAB-15591,0.012528
FAB-15589,0.053403
FAB-15588,0.06165
FAB-15587,0.962953
FAB-15586,0.979354
FAB-15585,0.063251
FAB-15584,0.544317
FAB-15583,0.025761
FAB-15582,0.01653
FAB-15581,0.105948
FAB-15578,0.013428
FAB-15577,0.025179
FAB-15576,0.954647
FAB-15575,0.014064
FAB-15574,0.912124
FAB-15573,0.007816
FAB-15572,0.111628
FAB-15571,0.095349
FAB-15570,0.020332
FAB-15569,0.805938
FAB-15568,0.017577
FAB-15566,0.421076
FAB-15564,0.015906
FAB-15563,0.059866
FAB-15562,0.763484
FAB-15561,0.055005
FAB-15560,0.024423
FAB-15559,0.048137
FAB-15558,0.013325
FAB-15557,0.013532
FAB-15556,0.020177
FAB-15555,0.012821
FAB-15554,0.02976
FAB-15553,0.210442
FAB-15552,0.386879
FAB-15551,0.032837
FAB-15550,0.368292
FAB-15549,0.019719
FAB-15548,0.372962
FAB-15547,0.039343
FAB-15546,0.671794
FAB-15545,0.539711
FAB-15544,0.270577
FAB-15542,0.724091
FAB-15541,0.219003
FAB-15540,0.015544
FAB-15539,0.014729
FAB-15537,0.344761
FAB-15536,0.41253
FAB-15535,0.059647
FAB-15534,0.413004
FAB-15533,0.136608
FAB-15532,0.675497
FAB-15530,0.045016
FAB-15529,0.055005
FAB-15528,0.479991
FAB-15527,0.048496
FAB-15526,0.058777
FAB-15525,0.881615
FAB-15524,0.034359
FAB-15523,0.015544
FAB-15522,0.03259
FAB-15521,0.719581
FAB-15520,0.065605
FAB-15519,0.046725
FAB-15518,0.010489
FAB-15517,0.043366
FAB-15516,0.014616
FAB-15515,0.012625
FAB-15514,0.052231
FAB-15513,0.09236
FAB-15512,0.120853
FAB-15511,0.063715
FAB-15506,0.018405
FAB-15505,0.095013
FAB-15504,0.268462
FAB-15503,0.014842
FAB-15502,0.084493
FAB-15501,0.016277
FAB-15500,0.234582
FAB-15499,0.975012
FAB-15492,0.307254
FAB-15491,0.121269
FAB-15490,0.886813
FAB-15489,0.009708
FAB-15488,0.139866
FAB-15487,0.013637
FAB-15486,0.010735
FAB-15485,0.017712
FAB-15484,0.059647
FAB-15483,0.024054
FAB-15482,0.025179
FAB-15481,0.977023
FAB-15480,0.073696
FAB-15479,0.881615
FAB-15478,0.022117
FAB-15477,0.125493
FAB-15476,0.896251
FAB-15475,0.015425
FAB-15473,0.014392
FAB-15472,0.023871
FAB-15471,0.014729
FAB-15469,0.068289
FAB-15468,0.041153
FAB-15467,0.029535
FAB-15466,0.055413
FAB-15465,0.024798
FAB-15464,0.014504
FAB-15463,0.19962
FAB-15462,0.145601
FAB-15461,0.871912
FAB-15460,0.014957
FAB-15458,0.04778
FAB-15457,0.015785
FAB-15455,0.051083
FAB-15454,0.012054
FAB-15453,0.025565
FAB-15452,0.152284
FAB-15451,0.020023
FAB-15450,0.017577
FAB-15449,0.013532
FAB-15448,0.008916
FAB-15446,0.09401
FAB-15444,0.226612
FAB-15443,0.0341
FAB-15442,0.276984
FAB-15441,0.074231
FAB-15440,0.066327
FAB-15439,0.020646
FAB-15438,0.422028
FAB-15437,0.049959
FAB-15436,0.012241
FAB-15434,0.862004
FAB-15432,0.024798
FAB-15429,0.009784
FAB-15428,0.027169
FAB-15427,0.96862
FAB-15426,0.014172
FAB-15425,0.022457
FAB-15424,0.073165
FAB-15422,0.895888
FAB-15421,0.171894
FAB-15420,0.064418
FAB-15419,0.362123
FAB-15418,0.015425
FAB-15417,0.62498
FAB-15416,0.117978
FAB-15415,0.267026
FAB-15414,0.069038
FAB-15413,0.368292
FAB-15412,0.360489
FAB-15411,0.013956
FAB-15410,0.095687
FAB-15409,0.077239
FAB-15408,0.033844
FAB-15407,0.967163
FAB-15406,0.077518
FAB-15405,0.07921
FAB-15404,0.017045
FAB-15403,0.056236
FAB-15402,0.852445
FAB-15401,0.639863
FAB-15399,0.125923
FAB-15397,0.514644
FAB-15396,0.013223
FAB-15395,0.020332
FAB-15394,0.055413
FAB-15393,0.813164
FAB-15392,0.118385
FAB-15391,0.13569
FAB-15390,0.972415
FAB-15389,0.015906
FAB-15388,0.889144
FAB-15387,0.013121
FAB-15386,0.770465
FAB-15385,0.049959
FAB-15384,0.014392
FAB-15383,0.013742
FAB-15382,0.509276
FAB-15381,0.105948
FAB-15380,0.018405
FAB-15379,0.006388
FAB-15378,0.017442
FAB-15377,0.016277
FAB-15376,0.034619
FAB-15375,0.012432
FAB-15374,0.014064
FAB-15373,0.013742
FAB-15372,0.022117
FAB-15371,0.011869
FAB-15370,0.011072
FAB-15369,0.069289
FAB-15368,0.011245
FAB-15367,0.123789
FAB-15366,0.866585
FAB-15365,0.060087
FAB-15364,0.894052
FAB-15363,0.087252
FAB-15362,0.308294
FAB-15361,0.022117
FAB-15360,0.015306
FAB-15359,0.008062
FAB-15358,0.029535
FAB-15357,0.01302
FAB-15356,0.013325
FAB-15355,0.112795
FAB-15354,0.40028
FAB-15353,0.0538
FAB-15352,0.045353
FAB-15351,0.292494
FAB-15350,0.940353
FAB-15349,0.059428
FAB-15348,0.038178
FAB-15347,0.039343
FAB-15346,0.06804
FAB-15345,0.125493
FAB-15344,0.156105
FAB-15343,0.526343
FAB-15342,0.287568
FAB-15341,0.292191
FAB-15340,0.08389
FAB-15338,0.83868
FAB-15337,0.908618
FAB-15336,0.020177
FAB-15335,0.091707
FAB-15334,0.292848
FAB-15333,0.176956
FAB-15332,0.051083
FAB-15331,0.064653
FAB-15329,0.00934
FAB-15328,0.076961
FAB-15327,0.082402
FAB-15325,0.013637
FAB-15324,0.015664
FAB-15323,0.020177
FAB-15322,0.521958
FAB-15321,0.014729
FAB-15320,0.015189
FAB-15318,0.01653
FAB-15317,0.973844
FAB-15316,0.082697
FAB-15315,0.412293
FAB-15314,0.207857
FAB-15313,0.07343
FAB-15311,0.01057
FAB-15310,0.68458
FAB-15309,0.219337
FAB-15308,0.168857
FAB-15307,0.007346
FAB-15306,0.367497
FAB-15305,0.124213
FAB-15304,0.369884
FAB-15303,0.206574
FAB-15302,0.026156
FAB-15301,0.006488
FAB-15300,0.069542
FAB-15299,0.091058
FAB-15298,0.016153
FAB-15297,0.944995
FAB-15296,0.418222
FAB-15295,0.022803
FAB-15292,0.010489
FAB-15291,0.01142
FAB-15289,0.036769
FAB-15288,0.113973
FAB-15286,0.34726
FAB-15285,0.017849
FAB-15284,0.537284
FAB-15283,0.017849
FAB-15282,0.014282
FAB-15279,0.667202
FAB-15278,0.847463
FAB-15277,0.015785
FAB-15274,0.723895
FAB-15271,0.131619
FAB-15270,0.029535
FAB-15269,0.018547
FAB-15268,0.78695
FAB-15267,0.030215
FAB-15266,0.859192
FAB-15265,0.017045
FAB-15264,0.988313
FAB-15263,0.264453
FAB-15262,0.020332
FAB-15261,0.01302
FAB-15260,0.028436
FAB-15259,0.057071
FAB-15258,0.561455
FAB-15257,0.980581
FAB-15256,0.00934
FAB-15255,0.926304
FAB-15253,0.067056
FAB-15252,0.025371
FAB-15251,0.044349
FAB-15247,0.317145
FAB-15246,0.554953
FAB-15245,0.095687
FAB-15244,0.208824
FAB-15243,0.351812
FAB-15241,0.014392
FAB-15240,0.013121
FAB-15239,0.114369
FAB-15238,0.014842
FAB-15237,0.016403
FAB-15236,0.040541
FAB-15235,0.084795
FAB-15234,0.163445
FAB-15231,0.050331
FAB-15230,0.11358
FAB-15229,0.97024
FAB-15228,0.29584
FAB-15226,0.167491
FAB-15225,0.09236
FAB-15223,0.7413
FAB-15222,0.267026
FAB-15221,0.889912
FAB-15220,0.212722
FAB-15219,0.498535
FAB-15218,0.136608
FAB-15217,0.96862
FAB-15216,0.430147
FAB-15215,0.039343
FAB-15214,0.150029
FAB-15210,0.015073
FAB-15209,0.082994
FAB-15208,0.009634
FAB-15207,0.16398
FAB-15206,0.201185
FAB-15204,0.100525
FAB-15203,0.026156
FAB-15202,0.147555
FAB-15201,0.013637
FAB-15200,0.017442
FAB-15199,0.051083
FAB-15198,0.11358
FAB-15197,0.05301
FAB-15196,0.01142
FAB-15195,0.050331
FAB-15194,0.697403
FAB-15193,0.24817
FAB-15191,0.211743
FAB-15189,0.5
FAB-15183,0.011245
FAB-15182,0.761361
FAB-15181,0.930458
FAB-15180,0.084493
FAB-15179,0.021948
FAB-15178,0.006798
FAB-15177,0.014064
FAB-15176,0.091707
FAB-15175,0.141281
FAB-15174,0.071332
FAB-15173,0.214034
FAB-15172,0.106691
FAB-15171,0.029987
FAB-15170,0.126785
FAB-15169,0.052231
FAB-15168,0.233532
FAB-15167,0.202443
FAB-15166,0.017986
FAB-15165,0.938576
FAB-15164,0.223377
FAB-15163,0.16398
FAB-15162,0.175821
FAB-15161,0.109706
FAB-15160,0.022629
FAB-15159,0.07477
FAB-15158,0.930458
FAB-15157,0.014729
FAB-15156,0.189221
FAB-15155,0.021615
FAB-15153,0.120439
FAB-15152,0.100879
FAB-15151,0.017442
FAB-15149,0.040238
FAB-15148,0.815233
FAB-15147,0.189521
FAB-15146,0.139631
FAB-15144,0.104843
FAB-15143,0.013742
FAB-15142,0.073696
FAB-15140,0.048858
FAB-15139,0.028008
FAB-15138,0.229708
FAB-15137,0.117167
FAB-15135,0.019719
FAB-15134,0.055823
FAB-15133,0.09947
FAB-15132,0.010818
FAB-15131,0.06804
FAB-15130,0.92523
FAB-15128,0.013742
FAB-15127,0.903635
FAB-15126,0.028008
FAB-15125,0.119614
FAB-15124,0.020023
FAB-15123,0.26588
FAB-15122,0.048496
FAB-15121,0.099821
FAB-15120,0.021781
FAB-15119,0.012241
FAB-15118,0.040238
FAB-15117,0.117572
FAB-15115,0.262653
FAB-15114,0.100879
FAB-15113,0.010091
FAB-15112,0.836555
FAB-15111,0.0538
FAB-15110,0.495117
FAB-15109,0.029312
FAB-15108,0.014957
FAB-15107,0.010408
FAB-15106,0.363647
FAB-15105,0.941654
FAB-15104,0.022286
FAB-15103,0.065845
FAB-15102,0.339116
FAB-15101,0.813461
FAB-15099,0.288569
FAB-15098,0.725649
FAB-15097,0.023509
FAB-15096,0.016153
FAB-15095,0.016657
FAB-15094,0.135232
FAB-15093,0.018689
FAB-15091,0.126785
FAB-15090,0.175256
FAB-15089,0.182717
FAB-15088,0.084493
FAB-15087,0.836555
FAB-15086,0.37439
FAB-15085,0.075041
FAB-15084,0.032837
FAB-15079,0.015425
FAB-15078,0.368292
FAB-15076,0.885235
FAB-15075,0.910863
FAB-15073,0.032344
FAB-15071,0.164248
FAB-15070,0.220846
FAB-15068,0.943764
FAB-15067,0.101589
FAB-15066,0.385375
FAB-15065,0.761006
FAB-15064,0.060087
FAB-15063,0.094343
FAB-15062,0.053403
FAB-15061,0.034359
FAB-15060,0.797557
FAB-15059,0.240775
FAB-15058,0.120026
FAB-15057,0.240775
FAB-15055,0.055413
FAB-15054,0.09739
FAB-15053,0.103386
FAB-15052,0.066569
FAB-15051,0.113187
FAB-15050,0.489748
FAB-15049,0.123366
FAB-15048,0.710025
FAB-15047,0.01292
FAB-15046,0.015189
FAB-15045,0.151028
FAB-15044,0.19962
FAB-15043,0.104112
FAB-15042,0.171061
FAB-15041,0.975762
FAB-15039,0.015785
FAB-15038,0.038756
FAB-15037,0.024423
FAB-15036,0.054803
FAB-15035,0.301054
FAB-15034,0.038756
FAB-15033,0.021781
FAB-15032,0.013121
FAB-15031,0.020332
FAB-15030,0.060308
FAB-15029,0.0729
FAB-15026,0.014616
FAB-15025,0.043366
FAB-15024,0.821044
FAB-15023,0.90599
FAB-15022,0.289372
FAB-15021,0.943764
FAB-15020,0.256832
FAB-15019,0.136148
FAB-15018,0.02461
FAB-15017,0.023871
FAB-15016,0.031859
FAB-15015,0.052619
FAB-15014,0.095013
FAB-15013,0.964855
FAB-15012,0.033844
FAB-15011,0.762424
FAB-15010,0.125923
FAB-15008,0.012432
FAB-15006,0.101947
FAB-15004,0.054199
FAB-15003,0.068289
FAB-15002,0.041462
FAB-15000,0.070304
FAB-14999,0.063019
FAB-14998,0.06804
FAB-14993,0.045692
FAB-14992,0.069795
FAB-14991,0.063482
FAB-14990,0.061199
FAB-14989,0.060308
FAB-14988,0.038756
FAB-14987,0.067301
FAB-14986,0.249447
FAB-14985,0.101947
FAB-14984,0.051083
FAB-14982,0.054199
FAB-14981,0.068787
FAB-14979,0.059647
FAB-14978,0.059866
FAB-14977,0.063019
FAB-14976,0.06804
FAB-14971,0.045692
FAB-14970,0.069795
FAB-14969,0.063482
FAB-14968,0.073963
FAB-14967,0.060308
FAB-14966,0.047074
FAB-14965,0.167491
FAB-14964,0.401923
FAB-14963,0.016915
FAB-14962,0.039937
FAB-14960,0.013223
FAB-14959,0.216012
FAB-14958,0.942507
FAB-14957,0.794066
FAB-14956,0.014957
FAB-14955,0.276495
FAB-14954,0.924688
FAB-14953,0.009634
FAB-14952,0.104843
FAB-14951,0.94699
FAB-14950,0.016915
FAB-14949,0.954647
FAB-14948,0.017986
FAB-14947,0.020023
FAB-14946,0.090735
FAB-14945,0.049959
FAB-14944,0.020646
FAB-14943,0.017986
FAB-14942,0.016915
FAB-14941,0.020332
FAB-14940,0.282493
FAB-14939,0.92079
FAB-14938,0.882428
FAB-14937,0.014729
FAB-14936,0.015425
FAB-14935,0.011778
FAB-14934,0.094678
FAB-14933,0.063019
FAB-14932,0.082994
FAB-14931,0.010489
FAB-14930,0.226955
FAB-14929,0.027585
FAB-14928,0.024423
FAB-14927,0.022117
FAB-14926,0.016403
FAB-14925,0.062331
FAB-14924,0.017045
FAB-14923,0.018547
FAB-14922,0.106691
FAB-14921,0.103024
FAB-14920,0.919063
FAB-14918,0.91611
FAB-14917,0.039048
FAB-14916,0.016029
FAB-14915,0.317955
FAB-14914,0.837088
FAB-14913,0.048496
FAB-14909,0.025565
FAB-14908,0.262842
FAB-14907,0.292747
FAB-14906,0.04778
FAB-14905,0.049222
FAB-14904,0.024238
FAB-14902,0.059647
FAB-14901,0.101947
FAB-14900,0.07836
FAB-14898,0.051083
FAB-14896,0.073963
FAB-14889,0.054199
FAB-14888,0.053403
FAB-14887,0.104112
FAB-14884,0.058777
FAB-14883,0.043043
FAB-14882,0.094678
FAB-14881,0.191328
FAB-14880,0.049589
FAB-14879,0.239705
FAB-14878,0.016029
FAB-14877,0.057705
FAB-14876,0.071074
FAB-14875,0.044019
FAB-14874,0.311139
FAB-14873,0.043691
FAB-14872,0.708616
FAB-14871,0.951863
FAB-14870,0.059866
FAB-14869,0.792785
FAB-14867,0.049589
FAB-14866,0.015425
FAB-14865,0.010653
FAB-14863,0.008577
FAB-14862,0.080937
FAB-14861,0.073165
FAB-14859,0.017177
FAB-14858,0.009055
FAB-14857,0.572245
FAB-14856,0.143188
FAB-14855,0.154058
FAB-14854,0.870597
FAB-14853,0.017849
FAB-14852,0.065845
FAB-14851,0.079496
FAB-14849,0.017442
FAB-14848,0.276397
FAB-14847,0.378746
FAB-14845,0.216012
FAB-14844,0.13569
FAB-14843,0.052231
FAB-14842,0.016657
FAB-14841,0.619123
FAB-14840,0.514644
FAB-14839,0.029987
FAB-14838,0.027376
FAB-14836,0.032101
FAB-14835,0.022629
FAB-14834,0.060087
FAB-14833,0.014282
FAB-14832,0.018547
FAB-14831,0.08882
FAB-14830,0.011508
FAB-14829,0.014729
FAB-14827,0.035411
FAB-14826,0.114369
FAB-14825,0.011687
FAB-14824,0.05921
FAB-14823,0.278846
FAB-14822,0.022977
FAB-14821,0.030909
FAB-14820,0.083591
FAB-14819,0.013325
FAB-14818,0.017177
FAB-14817,0.01653
FAB-14816,0.011508
FAB-14815,0.94699
FAB-14814,0.025761
FAB-14813,0.677047
FAB-14812,0.425605
FAB-14811,0.607343
FAB-14810,0.056652
FAB-14809,0.035948
FAB-14808,0.055005
FAB-14807,0.027169
FAB-14806,0.016029
FAB-14805,0.52829
FAB-14804,0.809878
FAB-14803,0.01302
FAB-14802,0.027169
FAB-14801,0.085709
FAB-14800,0.09401
FAB-14799,0.819316
FAB-14797,0.36376
FAB-14796,0.032101
FAB-14795,0.038178
FAB-14794,0.360151
FAB-14793,0.337531
FAB-14792,0.062789
FAB-14791,0.182134
FAB-14790,0.560493
FAB-14789,0.068289
FAB-14788,0.53607
FAB-14787,0.388154
FAB-14786,0.886027
FAB-14784,0.029535
FAB-14783,0.060752
FAB-14781,0.016277
FAB-14780,0.057493
FAB-14779,0.043043
FAB-14778,0.05921
FAB-14777,0.011072
FAB-14776,0.012625
FAB-14775,0.022977
FAB-14774,0.013532
FAB-14772,0.158956
FAB-14770,0.489259
FAB-14769,0.042404
FAB-14768,0.093017
FAB-14767,0.08389
FAB-14766,0.077797
FAB-14765,0.092033
FAB-14764,0.034359
FAB-14763,0.103386
FAB-14762,0.019719
FAB-14760,0.118793
FAB-14759,0.09236
FAB-14758,0.936285
FAB-14757,0.417984
FAB-14756,0.055823
FAB-14755,0.075041
FAB-14754,0.106691
FAB-14753,0.094678
FAB-14752,0.014392
FAB-14751,0.083292
FAB-14750,0.610686
FAB-14749,0.353651
FAB-14748,0.015664
FAB-14747,0.039343
FAB-14746,0.016403
FAB-14745,0.082994
FAB-14744,0.932944
FAB-14743,0.036494
FAB-14742,0.010489
FAB-14740,0.012625
FAB-14739,0.03359
FAB-14738,0.039937
FAB-14737,0.010735
FAB-14735,0.011597
FAB-14734,0.049222
FAB-14733,0.075858
FAB-14732,0.099121
FAB-14725,0.929951
FAB-14724,0.044019
FAB-14723,0.071591
FAB-14721,0.017986
FAB-14720,0.071851
FAB-14719,0.045692
FAB-14718,0.5
FAB-14717,0.939471
FAB-14716,0.052231
FAB-14715,0.011961
FAB-14714,0.246896
FAB-14712,0.011961
FAB-14711,0.036494
FAB-14710,0.166134
FAB-14709,0.043043
FAB-14708,0.433981
FAB-14707,0.204025
FAB-14706,0.204025
FAB-14705,0.117167
FAB-14704,0.477067
FAB-14703,0.120026
FAB-14702,0.012723
FAB-14701,0.043043
FAB-14700,0.120026
FAB-14699,0.064183
FAB-14698,0.021615
FAB-14697,0.041153
FAB-14696,0.011961
FAB-14695,0.008511
FAB-14694,0.043366
FAB-14693,0.216012
FAB-14692,0.021451
FAB-14691,0.03138
FAB-14690,0.013325
FAB-14689,0.045016
FAB-14688,0.012528
FAB-14687,0.019569
FAB-14686,0.027169
FAB-14685,0.045692
FAB-14684,0.028871
FAB-14683,0.027169
FAB-14682,0.00629
FAB-14681,0.042088
FAB-14680,0.012723
FAB-14679,0.685844
FAB-14678,0.013742
FAB-14677,0.38445
FAB-14676,0.906983
FAB-14675,0.049589
FAB-14674,0.052231
FAB-14673,0.063948
FAB-14672,0.061424
FAB-14671,0.057282
FAB-14670,0.041462
FAB-14669,0.061424
FAB-14668,0.060087
FAB-14667,0.0538
FAB-14666,0.052231
FAB-14665,0.058777
FAB-14664,0.072112
FAB-14663,0.075858
FAB-14662,0.070304
FAB-14661,0.045692
FAB-14660,0.046034
FAB-14659,0.051463
FAB-14658,0.043691
FAB-14657,0.049589
FAB-14656,0.070049
FAB-14655,0.044349
FAB-14654,0.943348
FAB-14653,0.013742
FAB-14648,0.015073
FAB-14647,0.023509
FAB-14646,0.089137
FAB-14645,0.138928
FAB-14644,0.035679
FAB-14643,0.014616
FAB-14642,0.02976
FAB-14641,0.015425
FAB-14640,0.130285
FAB-14639,0.036494
FAB-14637,0.022117
FAB-14634,0.023689
FAB-14633,0.023153
FAB-14632,0.140808
FAB-14630,0.093017
FAB-14629,0.026964
FAB-14628,0.200871
FAB-14627,0.173849
FAB-14625,0.025565
FAB-14624,0.257765
FAB-14623,0.035411
FAB-14622,0.012432
FAB-14621,0.378229
FAB-14620,0.045692
FAB-14619,0.091058
FAB-14618,0.47171
FAB-14616,0.7478
FAB-14615,0.937669
FAB-14614,0.827828
FAB-14613,0.915809
FAB-14612,0.917006
FAB-14611,0.892563
FAB-14610,0.70069
FAB-14609,0.705582
FAB-14608,0.44071
FAB-14607,0.013637
FAB-14606,0.237753
FAB-14605,0.956634
FAB-14604,0.026759
FAB-14603,0.056862
FAB-14602,0.035679
FAB-14601,0.025565
FAB-14600,0.029535
FAB-14599,0.049222
FAB-14598,0.043366
FAB-14597,0.02461
FAB-14596,0.048496
FAB-14594,0.013532
FAB-14593,0.051083
FAB-14592,0.047074
FAB-14590,0.500488
FAB-14589,0.038178
FAB-14588,0.553505
FAB-14587,0.013742
FAB-14586,0.292292
FAB-14585,0.043691
FAB-14584,0.117572
FAB-14583,0.039639
FAB-14582,0.029312
FAB-14581,0.602763
FAB-14580,0.011687
FAB-14579,0.042722
FAB-14578,0.107813
FAB-14577,0.017442
FAB-14576,0.339882
FAB-14575,0.074231
FAB-14574,0.025371
FAB-14573,0.051845
FAB-14572,0.027796
FAB-14571,0.097734
FAB-14570,0.247078
FAB-14569,0.037047
FAB-14568,0.114369
FAB-14567,0.037609
FAB-14566,0.048496
FAB-14565,0.546254
FAB-14564,0.019569
FAB-14563,0.067056
FAB-14562,0.039937
FAB-14561,0.059428
FAB-14560,0.057071
FAB-14559,0.050705
FAB-14558,0.173009
FAB-14557,0.014172
FAB-14556,0.066327
FAB-14555,0.347371
FAB-14554,0.084191
FAB-14553,0.285571
FAB-14552,0.009708
FAB-14551,0.014729
FAB-14550,0.044019
FAB-14549,0.020489
FAB-14548,0.914596
FAB-14547,0.756717
FAB-14546,0.299566
FAB-14545,0.938124
FAB-14543,0.356615
FAB-14541,0.019719
FAB-14540,0.096706
FAB-14539,0.085099
FAB-14538,0.008446
FAB-14536,0.978875
FAB-14534,0.014172
FAB-14532,0.040238
FAB-14531,0.15662
FAB-14530,0.36625
FAB-14528,0.592667
FAB-14526,0.058346
FAB-14523,0.039937
FAB-14521,0.039343
FAB-14520,0.015544
FAB-14519,0.092688
FAB-14518,0.155335
FAB-14517,0.879147
FAB-14516,0.694406
FAB-14515,0.977883
FAB-14514,0.055618
FAB-14513,0.425128
FAB-14512,0.039937
FAB-14511,0.223377
FAB-14510,0.03138
FAB-14509,0.020332
FAB-14508,0.937211
FAB-14507,0.116764
FAB-14506,0.014282
FAB-14505,0.029091
FAB-14504,0.480966
FAB-14503,0.008644
FAB-14502,0.013532
FAB-14501,0.052619
FAB-14500,0.017577
FAB-14499,0.013121
FAB-14498,0.030215
FAB-14497,0.013956
FAB-14494,0.636042
FAB-14493,0.285472
FAB-14492,0.305853
FAB-14491,0.204342
FAB-14489,0.03259
FAB-14488,0.066085
FAB-14487,0.042404
FAB-14486,0.100525
FAB-14485,0.864768
FAB-14484,0.019271
FAB-14483,0.011687
FAB-14482,0.013428
FAB-14481,0.812867
FAB-14480,0.551574
FAB-14479,0.372163
FAB-14478,0.220342
FAB-14477,0.9659
FAB-14476,0.012147
FAB-14475,0.039048
FAB-14474,0.051463
FAB-14473,0.461017
FAB-14472,0.013121
FAB-14471,0.117167
FAB-14470,0.010653
FAB-14469,0.010014
FAB-14468,0.119614
FAB-14467,0.085709
FAB-14466,0.150029
FAB-14464,0.017045
FAB-14463,0.011245
FAB-14462,0.043043
FAB-14461,0.01142
FAB-14459,0.023509
FAB-14458,0.019419
FAB-14457,0.181263
FAB-14456,0.181263
FAB-14455,0.229363
FAB-14454,0.014282
FAB-14453,0.010091
FAB-14451,0.010653
FAB-14450,0.092033
FAB-14449,0.090093
FAB-14447,0.071591
FAB-14446,0.181553
FAB-14445,0.012528
FAB-14444,0.006004
FAB-14443,0.040238
FAB-14441,0.008062
FAB-14439,0.019419
FAB-14438,0.013849
FAB-14437,0.916409
FAB-14436,0.016657
FAB-14435,0.168309
FAB-14434,0.010091
FAB-14433,0.072374
FAB-14432,0.101233
FAB-14431,0.104843
FAB-14430,0.104112
FAB-14429,0.229881
FAB-14428,0.255901
FAB-14427,0.589835
FAB-14425,0.489748
FAB-14424,0.015664
FAB-14423,0.015906
FAB-14422,0.207536
FAB-14421,0.049959
FAB-14420,0.583203
FAB-14419,0.024798
FAB-14418,0.200871
FAB-14417,0.032101
FAB-14416,0.783658
FAB-14415,0.103386
FAB-14413,0.023509
FAB-14412,0.125923
FAB-14411,0.840783
FAB-14410,0.019271
FAB-14409,0.043043
FAB-14408,0.042722
FAB-14407,0.047426
FAB-14406,0.13569
FAB-14405,0.08882
FAB-14404,0.759761
FAB-14403,0.058132
FAB-14402,0.019719
FAB-14401,0.011961
FAB-14400,0.449876
FAB-14399,0.0341
FAB-14398,0.228845
FAB-14397,0.041462
FAB-14396,0.914901
FAB-14395,0.030676
FAB-14394,0.081813
FAB-14393,0.112016
FAB-14392,0.987375
FAB-14391,0.978385
FAB-14390,0.522446
FAB-14389,0.942929
FAB-14388,0.639849
FAB-14387,0.379838
FAB-14386,0.702122
FAB-14385,0.931463
FAB-14384,0.5
FAB-14383,0.294215
FAB-14382,0.01142
FAB-14381,0.008188
FAB-14380,0.038466
FAB-14379,0.145601
FAB-14378,0.125493
FAB-14377,0.730674
FAB-14376,0.062789
FAB-14375,0.090735
FAB-14374,0.069795
FAB-14373,0.041774
FAB-14372,0.095349
FAB-14371,0.142709
FAB-14370,0.037609
FAB-14369,0.013956
FAB-14368,0.069038
FAB-14367,0.039937
FAB-14366,0.593491
FAB-14365,0.885235
FAB-14364,0.94699
FAB-14363,0.803174
FAB-14362,0.01302
FAB-14361,0.914596
FAB-14360,0.020804
FAB-14359,0.02976
FAB-14358,0.38168
FAB-14357,0.058561
FAB-14356,0.008125
FAB-14354,0.759225
FAB-14353,0.01142
FAB-14350,0.071591
FAB-14349,0.011158
FAB-14348,0.072112
FAB-14347,0.029312
FAB-14346,0.020023
FAB-14345,0.022977
FAB-14344,0.021781
FAB-14343,0.01057
FAB-14342,0.091058
FAB-14340,0.91611
FAB-14339,0.901921
FAB-14338,0.842863
FAB-14337,0.875361
FAB-14336,0.908942
FAB-14335,0.910863
FAB-14334,0.959154
FAB-14333,0.022457
FAB-14332,0.019124
FAB-14331,0.011158
FAB-14330,0.188324
FAB-14329,0.026156
FAB-14328,0.796925
FAB-14327,0.025371
FAB-14326,0.013956
FAB-14325,0.033844
FAB-14324,0.282196
FAB-14323,0.011778
FAB-14322,0.796292
FAB-14321,0.069542
FAB-14320,0.115162
FAB-14318,0.035679
FAB-14317,0.016029
FAB-14316,0.038178
FAB-14315,0.032344
FAB-14314,0.026355
FAB-14313,0.067793
FAB-14312,0.048137
FAB-14311,0.040238
FAB-14310,0.038178
FAB-14309,0.566498
FAB-14308,0.0341
FAB-14307,0.639877
FAB-14306,0.017045
FAB-14305,0.018978
FAB-14304,0.009936
FAB-14302,0.073963
FAB-14300,0.014729
FAB-14299,0.463444
FAB-14298,0.03622
FAB-14297,0.140808
FAB-14296,0.957596
FAB-14295,0.449876
FAB-14294,0.826151
FAB-14293,0.258513
FAB-14291,0.691237
FAB-14290,0.264928
FAB-14289,0.175256
FAB-14288,0.358423
FAB-14287,0.027585
FAB-14286,0.205296
FAB-14285,0.665329
FAB-14284,0.895523
FAB-14282,0.037609
FAB-14281,0.623893
FAB-14280,0.011072
FAB-14278,0.012241
FAB-14277,0.122944
FAB-14276,0.55447
FAB-14275,0.022977
FAB-14274,0.013637
FAB-14273,0.00629
FAB-14272,0.900179
FAB-14271,0.012336
FAB-14270,0.108566
FAB-14269,0.087564
FAB-14268,0.049222
FAB-14267,0.013428
FAB-14266,0.066812
FAB-14265,0.594787
FAB-14264,0.891055
FAB-14262,0.823896
FAB-14261,0.239349
FAB-14259,0.076408
FAB-14257,0.019719
FAB-14256,0.025179
FAB-14255,0.022629
FAB-14254,0.969324
FAB-14253,0.007938
FAB-14252,0.133868
FAB-14251,0.057493
FAB-14250,0.444806
FAB-14249,0.194062
FAB-14248,0.326003
FAB-14247,0.753648
FAB-14242,0.948917
FAB-14241,0.00986
FAB-14240,0.013223
FAB-14239,0.128525
FAB-14238,0.19498
FAB-14237,0.017309
FAB-14236,0.132515
FAB-14235,0.260013
FAB-14234,0.140572
FAB-14233,0.132515
FAB-14232,0.051845
FAB-14231,0.063251
FAB-14230,0.07836
FAB-14229,0.164785
FAB-14228,0.048858
FAB-14227,0.207215
FAB-14226,0.078078
FAB-14225,0.103386
FAB-14224,0.052231
FAB-14223,0.05921
FAB-14222,0.042088
FAB-14221,0.109706
FAB-14220,0.067301
FAB-14219,0.174129
FAB-14218,0.199308
FAB-14217,0.201185
FAB-14215,0.889529
FAB-14214,0.084191
FAB-14212,0.045692
FAB-14211,0.039343
FAB-14210,0.0341
FAB-14209,0.095349
FAB-14208,0.035145
FAB-14207,0.275909
FAB-14206,0.364099
FAB-14205,0.063019
FAB-14204,0.057282
FAB-14202,0.063251
FAB-14201,0.338733
FAB-14200,0.038178
FAB-14199,0.035145
FAB-14198,0.069038
FAB-14197,0.60964
FAB-14196,0.096025
FAB-14195,0.197135
FAB-14193,0.014729
FAB-14192,0.046378
FAB-14189,0.016915
FAB-14188,0.624408
FAB-14187,0.011508
FAB-14186,0.029312
FAB-14184,0.181553
FAB-14182,0.792785
FAB-14181,0.065128
FAB-14180,0.76454
FAB-14179,0.023689
FAB-14178,0.014064
FAB-14176,0.031859
FAB-14174,0.033337
FAB-14173,0.033086
FAB-14172,0.017177
FAB-14171,0.870157
FAB-14169,0.020646
FAB-14168,0.049959
FAB-14167,0.012241
FAB-14166,0.016029
FAB-14165,0.010489
FAB-14163,0.024054
FAB-14162,0.041462
FAB-14160,0.080647
FAB-14159,0.04778
FAB-14158,0.085709
FAB-14157,0.021125
FAB-14156,0.826151
FAB-14155,0.281603
FAB-14154,0.765243
FAB-14151,0.072637
FAB-14150,0.826712
FAB-14149,0.048496
FAB-14148,0.064653
FAB-14147,0.029535
FAB-14146,0.037327
FAB-14145,0.014392
FAB-14143,0.130729
FAB-14142,0.014172
FAB-14141,0.195594
FAB-14140,0.024423
FAB-14139,0.194062
FAB-14138,0.012054
FAB-14136,0.018833
FAB-14135,0.147065
FAB-14134,0.100525
FAB-14132,0.039937
FAB-14131,0.046378
FAB-14130,0.019569
FAB-14129,0.012528
FAB-14128,0.174129
FAB-14127,0.012432
FAB-14126,0.101947
FAB-14125,0.112405
FAB-14124,0.095687
FAB-14123,0.625938
FAB-14122,0.021287
FAB-14121,0.017712
FAB-14120,0.014957
FAB-14119,0.017442
FAB-14118,0.018978
FAB-14117,0.018405
FAB-14116,0.016657
FAB-14115,0.017577
FAB-14114,0.020646
FAB-14113,0.07343
FAB-14112,0.195287
FAB-14111,0.020646
FAB-14110,0.014282
FAB-14109,0.014172
FAB-14108,0.015664
FAB-14107,0.026759
FAB-14106,0.021125
FAB-14105,0.014616
FAB-14104,0.012241
FAB-14103,0.014957
FAB-14102,0.112795
FAB-14101,0.019419
FAB-14100,0.061876
FAB-14099,0.012821
FAB-14098,0.013428
FAB-14096,0.011869
FAB-14094,0.011869
FAB-14086,0.886027
FAB-14085,0.042404
FAB-14084,0.97631
FAB-14083,0.695545
FAB-14082,0.303938
FAB-14081,0.05921
FAB-14080,0.790854
FAB-14077,0.942507
FAB-14076,0.97024
FAB-14075,0.058346
FAB-14074,0.018978
FAB-14073,0.593727
FAB-14072,0.044019
FAB-14071,0.011597
FAB-14070,0.059428
FAB-14066,0.059428
FAB-14065,0.064653
FAB-14064,0.028436
FAB-14063,0.017045
FAB-14062,0.057918
FAB-14061,0.045692
FAB-14058,0.101589
FAB-14057,0.05301
FAB-14056,0.446495
FAB-14054,0.027796
FAB-14053,0.072637
FAB-14052,0.037327
FAB-14050,0.019719
FAB-14049,0.027796
FAB-14048,0.016153
FAB-14047,0.071851
FAB-14046,0.076408
FAB-14045,0.784649
FAB-14042,0.013428
FAB-14041,0.015906
FAB-14040,0.097734
FAB-14037,0.030215
FAB-14036,0.422981
FAB-14035,0.072637
FAB-14033,0.02976
FAB-14032,0.014504
FAB-14031,0.012241
FAB-14030,0.013428
FAB-14029,0.075041
FAB-14028,0.029312
FAB-14027,0.045016
FAB-14026,0.056862
FAB-14025,0.091707
FAB-14024,0.068787
FAB-14023,0.300595
FAB-14022,0.038756
FAB-14019,0.063019
FAB-14018,0.065366
FAB-14017,0.035948
FAB-14016,0.233008
FAB-14015,0.080069
FAB-14014,0.042088
FAB-14013,0.047426
FAB-14012,0.976129
FAB-14011,0.039343
FAB-14010,0.037892
FAB-14009,0.063482
FAB-14008,0.056236
FAB-14007,0.051463
FAB-14005,0.029091
FAB-14004,0.051845
FAB-14003,0.060529
FAB-14002,0.036769
FAB-14001,0.509764
FAB-13998,0.016153
FAB-13997,0.017577
FAB-13996,0.019124
FAB-13995,0.015073
FAB-13994,0.128088
FAB-13993,0.971992
FAB-13992,0.149035
FAB-13991,0.068289
FAB-13990,0.09236
FAB-13989,0.079496
FAB-13988,0.089773
FAB-13987,0.131173
FAB-13986,0.327668
FAB-13985,0.056236
FAB-13984,0.06165
FAB-13983,0.071591
FAB-13982,0.025761
FAB-13981,0.948155
FAB-13980,0.939471
FAB-13979,0.942929
FAB-13978,0.071074
FAB-13977,0.045353
FAB-13976,0.044019
FAB-13975,0.035679
FAB-13974,0.072112
FAB-13973,0.008188
FAB-13972,0.050331
FAB-13971,0.051845
FAB-13970,0.04778
FAB-13969,0.046034
FAB-13968,0.118793
FAB-13967,0.042404
FAB-13966,0.029312
FAB-13965,0.049589
FAB-13964,0.0341
FAB-13963,0.049959
FAB-13962,0.038756
FAB-13961,0.033844
FAB-13960,0.020023
FAB-13959,0.025565
FAB-13958,0.106319
FAB-13957,0.082994
FAB-13956,0.040238
FAB-13955,0.008711
FAB-13952,0.442155
FAB-13951,0.041774
FAB-13950,0.331769
FAB-13949,0.366136
FAB-13948,0.012241
FAB-13946,0.046034
FAB-13945,0.453988
FAB-13944,0.01057
FAB-13942,0.035411
FAB-13941,0.057493
FAB-13940,0.84338
FAB-13939,0.034881
FAB-13937,0.048858
FAB-13936,0.475605
FAB-13935,0.023689
FAB-13934,0.061876
FAB-13933,0.019124
FAB-13932,0.012528
FAB-13931,0.039343
FAB-13930,0.72952
FAB-13929,0.031859
FAB-13928,0.158174
FAB-13926,0.015306
FAB-13924,0.031859
FAB-13923,0.015664
FAB-13922,0.358213
FAB-13921,0.468791
FAB-13920,0.017712
FAB-13919,0.01142
FAB-13918,0.018833
FAB-13917,0.014064
FAB-13916,0.020332
FAB-13915,0.038466
FAB-13914,0.069542
FAB-13913,0.008316
FAB-13911,0.020177
FAB-13910,0.023331
FAB-13908,0.041153
FAB-13907,0.010818
FAB-13906,0.019871
FAB-13904,0.078078
FAB-13902,0.039343
FAB-13901,0.855851
FAB-13900,0.094343
FAB-13899,0.018833
FAB-13898,0.178383
FAB-13897,0.011332
FAB-13896,0.010091
FAB-13895,0.203075
FAB-13894,0.248717
FAB-13893,0.5
FAB-13892,0.036769
FAB-13891,0.368178
FAB-13889,0.014504
FAB-13888,0.039639
FAB-13887,0.026557
FAB-13886,0.025957
FAB-13885,0.045016
FAB-13884,0.091058
FAB-13883,0.030676
FAB-13882,0.034619
FAB-13881,0.034881
FAB-13880,0.160003
FAB-13879,0.068537
FAB-13878,0.049589
FAB-13877,0.893681
FAB-13876,0.022286
FAB-13875,0.022286
FAB-13872,0.012147
FAB-13871,0.010902
FAB-13870,0.012336
FAB-13869,0.684053
FAB-13868,0.009936
FAB-13867,0.018264
FAB-13866,0.136608
FAB-13865,0.223038
FAB-13863,0.559771
FAB-13862,0.235988
FAB-13861,0.075312
FAB-13860,0.024798
FAB-13858,0.014172
FAB-13857,0.06804
FAB-13856,0.068537
FAB-13855,0.179818
FAB-13854,0.018264
FAB-13853,0.066569
FAB-13852,0.078642
FAB-13850,0.036494
FAB-13848,0.08882
FAB-13847,0.007233
FAB-13846,0.133415
FAB-13845,0.058132
FAB-13844,0.975762
FAB-13843,0.022117
FAB-13842,0.867036
FAB-13841,0.722135
FAB-13840,0.874077
FAB-13839,0.930458
FAB-13838,0.768733
FAB-13837,0.823044
FAB-13836,0.115561
FAB-13835,0.055005
FAB-13834,0.050331
FAB-13833,0.037609
FAB-13832,0.047074
FAB-13831,0.08882
FAB-13830,0.094343
FAB-13829,0.090093
FAB-13828,0.284079
FAB-13827,0.688887
FAB-13826,0.022629
FAB-13825,0.012723
FAB-13824,0.058132
FAB-13823,0.018833
FAB-13822,0.033844
FAB-13821,0.017712
FAB-13820,0.022117
FAB-13819,0.016277
FAB-13818,0.032837
FAB-13817,0.633269
FAB-13815,0.993902
FAB-13814,0.791176
FAB-13813,0.012723
FAB-13812,0.952926
FAB-13811,0.046034
FAB-13810,0.244363
FAB-13809,0.404037
FAB-13808,0.041462
FAB-13807,0.102664
FAB-13805,0.035411
FAB-13804,0.629853
FAB-13803,0.196209
FAB-13802,0.307943
FAB-13801,0.014842
FAB-13800,0.844922
FAB-13799,0.955651
FAB-13797,0.197135
FAB-13793,0.039937
FAB-13792,0.672332
FAB-13791,0.422743
FAB-13790,0.021781
FAB-13788,0.012821
FAB-13787,0.020023
FAB-13786,0.353986
FAB-13785,0.098773
FAB-13784,0.01302
FAB-13783,0.012054
FAB-13782,0.757436
FAB-13781,0.008062
FAB-13780,0.071851
FAB-13779,0.013956
FAB-13778,0.019271
FAB-13777,0.049959
FAB-13776,0.065128
FAB-13775,0.009708
FAB-13774,0.073165
FAB-13773,0.866133
FAB-13772,0.344885
FAB-13771,0.132964
FAB-13770,0.063715
FAB-13769,0.057705
FAB-13767,0.013742
FAB-13766,0.01302
FAB-13765,0.042088
FAB-13764,0.206894
FAB-13763,0.057918
FAB-13762,0.07836
FAB-13761,0.050705
FAB-13760,0.05301
FAB-13758,0.052231
FAB-13757,0.007696
FAB-13755,0.017712
FAB-13753,0.013849
FAB-13752,0.056236
FAB-13751,0.044349
FAB-13750,0.03622
FAB-13749,0.012821
FAB-13748,0.927363
FAB-13747,0.006193
FAB-13746,0.017309
FAB-13745,0.016153
FAB-13744,0.043691
FAB-13743,0.938124
FAB-13741,0.00986
FAB-13739,0.014957
FAB-13738,0.132066
FAB-13737,0.010902
FAB-13736,0.015189
FAB-13734,0.179243
FAB-13733,0.921074
FAB-13732,0.448426
FAB-13731,0.323701
FAB-13730,0.076961
FAB-13729,0.056236
FAB-13728,0.988492
FAB-13727,0.182426
FAB-13726,0.119203
FAB-13725,0.043043
FAB-13724,0.944995
FAB-13723,0.064183
FAB-13722,0.054199
FAB-13721,0.012336
FAB-13720,0.016785
FAB-13719,0.6137
FAB-13718,0.012528
FAB-13717,0.278453
FAB-13716,0.905322
FAB-13715,0.016657
FAB-13714,0.76454
FAB-13713,0.367043
FAB-13712,0.822759
FAB-13711,0.016277
FAB-13710,0.056652
FAB-13709,0.016029
FAB-13708,0.198064
FAB-13707,0.137532
FAB-13706,0.064183
FAB-13705,0.161585
FAB-13704,0.079782
FAB-13703,0.132739
FAB-13702,0.181553
FAB-13701,0.865679
FAB-13700,0.428712
FAB-13698,0.018264
FAB-13697,0.046725
FAB-13696,0.013742
FAB-13694,0.030909
FAB-13693,0.116764
FAB-13691,0.108189
FAB-13690,0.020646
FAB-13689,0.520984
FAB-13688,0.322019
FAB-13687,0.095349
FAB-13686,0.958847
FAB-13685,0.258326
FAB-13684,0.085709
FAB-13683,0.921922
FAB-13682,0.043043
FAB-13681,0.286169
FAB-13680,0.115162
FAB-13679,0.483892
FAB-13677,0.023689
FAB-13676,0.034881
FAB-13675,0.195287
FAB-13674,0.057493
FAB-13671,0.044019
FAB-13670,0.049589
FAB-13669,0.141994
FAB-13668,0.030909
FAB-13667,0.951142
FAB-13666,0.130285
FAB-13665,0.462473
FAB-13664,0.03622
FAB-13663,0.108566
FAB-13662,0.019419
FAB-13661,0.092688
FAB-13660,0.188922
FAB-13659,0.015189
FAB-13657,0.047074
FAB-13656,0.057918
FAB-13655,0.026759
FAB-13654,0.067301
FAB-13653,0.019271
FAB-13652,0.012625
FAB-13651,0.008916
FAB-13650,0.041462
FAB-13649,0.075585
FAB-13648,0.075585
FAB-13647,0.065128
FAB-13646,0.069542
FAB-13645,0.171338
FAB-13644,0.136148
FAB-13643,0.041153
FAB-13642,0.020023
FAB-13641,0.033844
FAB-13640,0.294722
FAB-13639,0.049222
FAB-13638,0.068537
FAB-13637,0.012336
FAB-13636,0.966663
FAB-13635,0.012054
FAB-13634,0.024423
FAB-13633,0.031619
FAB-13632,0.076684
FAB-13631,0.749454
FAB-13629,0.014729
FAB-13627,0.061424
FAB-13625,0.035145
FAB-13624,0.08389
FAB-13623,0.065845
FAB-13622,0.106319
FAB-13621,0.030215
FAB-13619,0.967656
FAB-13618,0.016029
FAB-13617,0.846958
FAB-13616,0.779658
FAB-13614,0.282988
FAB-13613,0.461988
FAB-13612,0.016785
FAB-13611,0.108945
FAB-13610,0.050705
FAB-13609,0.218336
FAB-13608,0.063482
FAB-13607,0.504883
FAB-13606,0.981453
FAB-13605,0.29798
FAB-13604,0.064418
FAB-13603,0.068289
FAB-13602,0.012336
FAB-13601,0.105579
FAB-13598,0.018125
FAB-13597,0.321407
FAB-13596,0.229363
FAB-13595,0.0745
FAB-13594,0.018833
FAB-13593,0.018547
FAB-13592,0.016153
FAB-13591,0.029312
FAB-13587,0.982288
FAB-13584,0.982691
FAB-13583,0.784319
FAB-13582,0.986777
FAB-13581,0.870157
FAB-13580,0.272218
FAB-13579,0.852935
FAB-13575,0.098425
FAB-13574,0.063019
FAB-13573,0.055413
FAB-13572,0.059647
FAB-13571,0.101947
FAB-13570,0.071851
FAB-13568,0.051083
FAB-13567,0.040541
FAB-13566,0.075041
FAB-13561,0.054199
FAB-13560,0.045692
FAB-13559,0.069795
FAB-13558,0.063482
FAB-13557,0.074231
FAB-13556,0.060308
FAB-13555,0.04778
FAB-13554,0.098079
FAB-13553,0.198996
FAB-13552,0.200558
FAB-13550,0.437824
FAB-13549,0.309024
FAB-13548,0.010489
FAB-13547,0.444083
FAB-13546,0.97024
FAB-13545,0.157396
FAB-13544,0.952926
FAB-13543,0.886027
FAB-13542,0.013532
FAB-13541,0.186836
FAB-13540,0.03359
FAB-13539,0.018547
FAB-13538,0.657978
FAB-13537,0.014282
FAB-13535,0.026156
FAB-13534,0.067301
FAB-13533,0.011508
FAB-13532,0.357792
FAB-13531,0.304856
FAB-13530,0.153803
FAB-13529,0.946597
FAB-13528,0.158956
FAB-13527,0.53048
FAB-13526,0.710829
FAB-13525,0.897336
FAB-13524,0.982151
FAB-13523,0.889529
FAB-13522,0.172729
FAB-13521,0.645846
FAB-13520,0.976129
FAB-13519,0.818737
FAB-13518,0.926835
FAB-13517,0.848972
FAB-13516,0.872782
FAB-13515,0.906983
FAB-13514,0.248717
FAB-13513,0.024238
FAB-13512,0.579281
FAB-13511,0.823044
FAB-13510,0.292595
FAB-13509,0.205296
FAB-13508,0.785638
FAB-13507,0.629205
FAB-13506,0.924688
FAB-13505,0.882428
FAB-13504,0.777975
FAB-13503,0.870597
FAB-13502,0.874935
FAB-13501,0.323768
FAB-13500,0.82559
FAB-13499,0.011597
FAB-13498,0.016029
FAB-13497,0.014504
FAB-13496,0.091058
FAB-13495,0.058777
FAB-13494,0.014957
FAB-13493,0.014392
FAB-13492,0.014504
FAB-13491,0.012528
FAB-13489,0.017177
FAB-13488,0.055209
FAB-13487,0.032101
FAB-13486,0.080069
FAB-13485,0.071591
FAB-13484,0.012723
FAB-13483,0.073963
FAB-13482,0.030676
FAB-13481,0.519034
FAB-13474,0.038466
FAB-13472,0.011778
FAB-13471,0.01653
FAB-13470,0.013223
FAB-13469,0.012054
FAB-13468,0.01302
FAB-13467,0.487795
FAB-13466,0.008062
FAB-13465,0.335024
FAB-13464,0.013532
FAB-13463,0.781331
FAB-13461,0.017177
FAB-13460,0.155591
FAB-13459,0.036769
FAB-13458,0.013956
FAB-13457,0.015425
FAB-13456,0.012723
FAB-13455,0.807461
FAB-13454,0.018125
FAB-13453,0.011961
FAB-13452,0.012723
FAB-13451,0.022457
FAB-13450,0.019124
FAB-13449,0.354936
FAB-13448,0.271638
FAB-13447,0.056444
FAB-13446,0.012432
FAB-13445,0.011961
FAB-13444,0.362856
FAB-13443,0.016403
FAB-13442,0.23793
FAB-13441,0.019271
FAB-13440,0.020023
FAB-13439,0.00986
FAB-13438,0.021615
FAB-13437,0.983343
FAB-13434,0.131619
FAB-13433,0.072374
FAB-13432,0.078078
FAB-13430,0.149035
FAB-13428,0.015073
FAB-13427,0.019271
FAB-13425,0.025179
FAB-13424,0.013325
FAB-13422,0.091058
FAB-13420,0.010735
FAB-13419,0.013121
FAB-13418,0.942929
FAB-13417,0.050705
FAB-13416,0.597843
FAB-13415,0.071591
FAB-13414,0.03359
FAB-13412,0.03622
FAB-13411,0.019419
FAB-13409,0.059647
FAB-13408,0.101947
FAB-13407,0.076684
FAB-13406,0.048496
FAB-13405,0.051083
FAB-13404,0.040541
FAB-13403,0.075041
FAB-13396,0.054199
FAB-13395,0.045692
FAB-13394,0.069795
FAB-13393,0.063482
FAB-13392,0.079496
FAB-13391,0.058777
FAB-13390,0.045692
FAB-13389,0.092033
FAB-13388,0.163179
FAB-13386,0.021948
FAB-13383,0.028436
FAB-13382,0.031859
FAB-13381,0.430147
FAB-13379,0.823896
FAB-13378,0.022286
FAB-13377,0.017442
FAB-13376,0.021781
FAB-13375,0.014392
FAB-13374,0.016403
FAB-13373,0.011245
FAB-13372,0.018689
FAB-13371,0.043043
FAB-13370,0.019124
FAB-13369,0.088505
FAB-13368,0.012821
FAB-13367,0.052231
FAB-13366,0.017712
FAB-13365,0.027169
FAB-13363,0.190122
FAB-13362,0.046034
FAB-13361,0.479991
FAB-13360,0.052231
FAB-13359,0.012821
FAB-13357,0.058993
FAB-13356,0.012821
FAB-13355,0.038756
FAB-13354,0.0729
FAB-13353,0.038756
FAB-13352,0.032837
FAB-13351,0.013223
FAB-13350,0.115162
FAB-13349,0.054601
FAB-13348,0.050705
FAB-13345,0.064653
FAB-13344,0.019124
FAB-13343,0.089137
FAB-13342,0.023331
FAB-13341,0.023331
FAB-13340,0.010014
FAB-13339,0.013849
FAB-13338,0.012147
FAB-13337,0.097734
FAB-13336,0.783658
FAB-13335,0.012821
FAB-13334,0.046034
FAB-13333,0.118793
FAB-13332,0.076961
FAB-13331,0.519278
FAB-13330,0.048137
FAB-13329,0.059866
FAB-13328,0.272411
FAB-13327,0.151278
FAB-13325,0.115561
FAB-13321,0.046725
FAB-13320,0.068289
FAB-13318,0.029091
FAB-13314,0.245266
FAB-13313,0.015073
FAB-13312,0.316475
FAB-13311,0.834407
FAB-13307,0.227469
FAB-13306,0.009126
FAB-13305,0.042088
FAB-13304,0.039937
FAB-13303,0.058346
FAB-13302,0.009486
FAB-13301,0.141281
FAB-13300,0.015906
FAB-13299,0.155078
FAB-13298,0.015425
FAB-13297,0.030215
FAB-13295,0.009708
FAB-13292,0.008985
FAB-13291,0.07343
FAB-13290,0.066569
FAB-13289,0.01057
FAB-13288,0.013121
FAB-13287,0.015664
FAB-13286,0.223038
FAB-13283,0.019124
FAB-13282,0.018264
FAB-13281,0.246352
FAB-13280,0.193757
FAB-13279,0.045353
FAB-13278,0.009055
FAB-13277,0.163713
FAB-13276,0.032837
FAB-13275,0.023509
FAB-13274,0.017442
FAB-13273,0.013532
FAB-13272,0.017309
FAB-13271,0.012723
FAB-13270,0.228845
FAB-13269,0.015785
FAB-13268,0.014282
FAB-13267,0.665628
FAB-13266,0.21305
FAB-13265,0.248899
FAB-13264,0.213377
FAB-13262,0.007346
FAB-13261,0.026156
FAB-13260,0.013428
FAB-13259,0.03359
FAB-13258,0.008446
FAB-13257,0.010818
FAB-13256,0.051083
FAB-13255,0.621893
FAB-13254,0.043043
FAB-13253,0.869715
FAB-13251,0.007121
FAB-13249,0.016277
FAB-13247,0.178097
FAB-13246,0.177526
FAB-13245,0.174129
FAB-13244,0.277865
FAB-13242,0.020023
FAB-13241,0.042088
FAB-13240,0.033337
FAB-13239,0.008316
FAB-13237,0.123789
FAB-13234,0.046725
FAB-13232,0.011597
FAB-13231,0.37202
FAB-13230,0.060752
FAB-13228,0.063019
FAB-13226,0.010489
FAB-13225,0.059428
FAB-13224,0.015906
FAB-13223,0.016915
FAB-13215,0.819893
FAB-13214,0.066812
FAB-13213,0.907312
FAB-13212,0.375821
FAB-13210,0.035679
FAB-13209,0.969324
FAB-13208,0.03138
FAB-13207,0.018833
FAB-13206,0.27914
FAB-13204,0.084493
FAB-13203,0.97631
FAB-13202,0.014729
FAB-13201,0.041462
FAB-13200,0.097734
FAB-13199,0.043043
FAB-13196,0.083292
FAB-13193,0.00934
FAB-13192,0.331769
FAB-13191,0.075858
FAB-13190,0.124213
FAB-13189,0.014392
FAB-13188,0.753104
FAB-13187,0.018264
FAB-13186,0.014842
FAB-13185,0.894052
FAB-13184,0.015544
FAB-13182,0.012054
FAB-13181,0.010653
FAB-13180,0.862004
FAB-13179,0.100525
FAB-13178,0.013637
FAB-13177,0.953966
FAB-13176,0.658857
FAB-13175,0.080357
FAB-13173,0.749454
FAB-13171,0.050705
FAB-13170,0.032837
FAB-13167,0.013428
FAB-13166,0.055005
FAB-13165,0.035411
FAB-13164,0.028008
FAB-13163,0.013956
FAB-13162,0.045692
FAB-13161,0.608827
FAB-13160,0.011687
FAB-13159,0.013532
FAB-13158,0.015544
FAB-13155,0.0538
FAB-13153,0.03359
FAB-13152,0.014957
FAB-13151,0.007121
FAB-13150,0.030909
FAB-13149,0.036769
FAB-13147,0.256273
FAB-13146,0.014729
FAB-13145,0.372277
FAB-13143,0.031859
FAB-13142,0.017986
FAB-13141,0.011332
FAB-13140,0.475118
FAB-13139,0.013121
FAB-13138,0.016277
FAB-13137,0.019124
FAB-13136,0.015073
FAB-13135,0.022803
FAB-13132,0.071591
FAB-13131,0.065366
FAB-13129,0.035948
FAB-13128,0.059647
FAB-13127,0.101947
FAB-13126,0.075585
FAB-13125,0.048496
FAB-13124,0.051083
FAB-13123,0.040541
FAB-13122,0.072112
FAB-13121,0.054199
FAB-13120,0.052231
FAB-13119,0.069795
FAB-13116,0.063482
FAB-13115,0.078642
FAB-13114,0.058777
FAB-13113,0.045353
FAB-13112,0.092033
FAB-13111,0.168857
FAB-13108,0.012528
FAB-13107,0.020964
FAB-13105,0.211417
FAB-13104,0.043691
FAB-13103,0.185357
FAB-13100,0.029312
FAB-13099,0.040846
FAB-13098,0.188324
FAB-13096,0.05921
FAB-13095,0.048496
FAB-13094,0.330228
FAB-13093,0.071332
FAB-13092,0.048137
FAB-13091,0.118793
FAB-13090,0.035145
FAB-13089,0.017309
FAB-13088,0.053403
FAB-13087,0.942929
FAB-13086,0.011332
FAB-13085,0.012625
FAB-13084,0.022803
FAB-13083,0.015906
FAB-13082,0.904651
FAB-13081,0.237753
FAB-13080,0.917303
FAB-13079,0.258888
FAB-13078,0.895523
FAB-13077,0.076408
FAB-13076,0.956634
FAB-13074,0.013121
FAB-13073,0.014842
FAB-13072,0.011508
FAB-13071,0.042722
FAB-13070,0.017712
FAB-13069,0.011332
FAB-13068,0.067547
FAB-13067,0.214362
FAB-13066,0.125923
FAB-13064,0.013121
FAB-13062,0.286868
FAB-13061,0.171338
FAB-13060,0.044681
FAB-13059,0.082107
FAB-13058,0.244543
FAB-13057,0.037609
FAB-13056,0.07477
FAB-13055,0.050331
FAB-13054,0.082402
FAB-13053,0.053999
FAB-13052,0.021451
FAB-13050,0.015664
FAB-13046,0.033844
FAB-13045,0.056652
FAB-13044,0.051463
FAB-13043,0.189521
FAB-13042,0.06804
FAB-13041,0.090093
FAB-13040,0.899828
FAB-13039,0.793426
FAB-13038,0.235988
FAB-13037,0.845433
FAB-13036,0.374448
FAB-13034,0.178097
FAB-13033,0.048496
FAB-13032,0.050705
FAB-13031,0.788583
FAB-13029,0.00629
FAB-13028,0.014392
FAB-13027,0.221182
FAB-13026,0.019419
FAB-13025,0.278944
FAB-13024,0.844409
FAB-13023,0.166947
FAB-13022,0.014282
FAB-13021,0.944995
FAB-13020,0.015306
FAB-13019,0.014616
FAB-13018,0.063482
FAB-13017,0.010489
FAB-13016,0.86431
FAB-13015,0.017309
FAB-13014,0.011245
FAB-13013,0.0538
FAB-13012,0.041462
FAB-13011,0.182134
FAB-13010,0.772531
FAB-13009,0.011072
FAB-13008,0.027585
FAB-13007,0.405331
FAB-13006,0.953966
FAB-13005,0.622345
FAB-13004,0.26341
FAB-13003,0.046378
FAB-13002,0.035679
FAB-13001,0.016403
FAB-13000,0.022117
FAB-12999,0.896976
FAB-12998,0.461017
FAB-12997,0.152789
FAB-12996,0.207536
FAB-12995,0.70416
FAB-12994,0.033337
FAB-12993,0.861538
FAB-12992,0.205934
FAB-12991,0.462959
FAB-12990,0.850965
FAB-12989,0.040541
FAB-12988,0.031144
FAB-12987,0.015189
FAB-12986,0.859664
FAB-12985,0.30715
FAB-12984,0.910863
FAB-12983,0.895157
FAB-12982,0.607918
FAB-12981,0.016403
FAB-12980,0.54698
FAB-12979,0.050705
FAB-12978,0.057071
FAB-12977,0.067301
FAB-12976,0.007233
FAB-12975,0.014957
FAB-12974,0.008985
FAB-12973,0.019871
FAB-12972,0.238284
FAB-12971,0.16132
FAB-12970,0.048137
FAB-12969,0.098773
FAB-12968,0.025761
FAB-12967,0.178097
FAB-12966,0.962108
FAB-12965,0.021125
FAB-12964,0.049959
FAB-12963,0.251832
FAB-12962,0.09739
FAB-12957,0.942507
FAB-12956,0.042088
FAB-12955,0.04778
FAB-12953,0.037892
FAB-12952,0.022286
FAB-12951,0.056029
FAB-12950,0.386069
FAB-12949,0.242923
FAB-12948,0.060308
FAB-12947,0.969556
FAB-12946,0.795658
FAB-12945,0.067301
FAB-12944,0.067547
FAB-12943,0.015664
FAB-12942,0.289874
FAB-12941,0.678114
FAB-12940,0.086942
FAB-12939,0.270866
FAB-12938,0.245085
FAB-12937,0.225417
FAB-12936,0.157655
FAB-12935,0.325413
FAB-12934,0.046725
FAB-12933,0.520009
FAB-12932,0.097734
FAB-12931,0.040541
FAB-12930,0.060308
FAB-12929,0.064653
FAB-12928,0.093017
FAB-12927,0.011072
FAB-12926,0.264169
FAB-12925,0.831691
FAB-12924,0.183009
FAB-12923,0.010249
FAB-12922,0.221687
FAB-12921,0.011158
FAB-12919,0.021781
FAB-12918,0.112405
FAB-12917,0.06256
FAB-12916,0.429429
FAB-12915,0.093017
FAB-12914,0.162912
FAB-12913,0.818447
FAB-12912,0.019569
FAB-12911,0.131173
FAB-12910,0.071332
FAB-12909,0.037047
FAB-12908,0.057071
FAB-12907,0.010818
FAB-12906,0.014172
FAB-12905,0.071332
FAB-12904,0.719384
FAB-12902,0.128963
FAB-12901,0.057071
FAB-12900,0.018833
FAB-12899,0.259826
FAB-12898,0.18743
FAB-12897,0.052231
FAB-12896,0.101233
FAB-12895,0.13707
FAB-12894,0.016785
FAB-12893,0.014172
FAB-12892,0.894052
FAB-12891,0.048496
FAB-12890,0.018125
FAB-12889,0.083591
FAB-12888,0.157655
FAB-12887,0.077239
FAB-12885,0.032101
FAB-12884,0.013428
FAB-12883,0.011072
FAB-12882,0.016915
FAB-12881,0.79053
FAB-12880,0.057705
FAB-12879,0.212395
FAB-12878,0.052231
FAB-12877,0.056236
FAB-12876,0.219337
FAB-12875,0.038756
FAB-12874,0.823896
FAB-12873,0.011961
FAB-12872,0.454472
FAB-12871,0.536556
FAB-12870,0.013956
FAB-12869,0.006488
FAB-12868,0.066569
FAB-12867,0.747616
FAB-12866,0.538012
FAB-12865,0.015189
FAB-12864,0.011687
FAB-12863,0.075585
FAB-12862,0.013637
FAB-12861,0.014172
FAB-12860,0.013637
FAB-12859,0.16238
FAB-12858,0.023689
FAB-12857,0.01292
FAB-12855,0.025957
FAB-12854,0.065845
FAB-12853,0.803482
FAB-12852,0.052231
FAB-12851,0.064418
FAB-12850,0.935346
FAB-12849,0.569853
FAB-12848,0.009486
FAB-12847,0.251464
FAB-12844,0.947769
FAB-12843,0.072374
FAB-12842,0.078642
FAB-12841,0.688992
FAB-12840,0.639849
FAB-12839,0.75274
FAB-12838,0.021615
FAB-12835,0.169956
FAB-12834,0.160003
FAB-12833,0.157137
FAB-12831,0.013121
FAB-12830,0.084493
FAB-12829,0.562417
FAB-12826,0.052231
FAB-12824,0.019271
FAB-12823,0.015906
FAB-12822,0.015906
FAB-12819,0.01653
FAB-12816,0.022117
FAB-12815,0.107063
FAB-12814,0.012528
FAB-12813,0.533641
FAB-12812,0.011332
FAB-12811,0.057918
FAB-12809,0.012054
FAB-12807,0.015073
FAB-12806,0.144873
FAB-12805,0.357343
FAB-12804,0.019569
FAB-12803,0.03138
FAB-12802,0.977714
FAB-12801,0.105211
FAB-12800,0.701713
FAB-12798,0.092033
FAB-12797,0.067547
FAB-12796,0.017045
FAB-12795,0.00986
FAB-12794,0.010902
FAB-12793,0.45423
FAB-12792,0.840259
FAB-12791,0.071074
FAB-12790,0.833325
FAB-12789,0.066812
FAB-12788,0.22051
FAB-12787,0.966156
FAB-12786,0.944587
FAB-12785,0.233182
FAB-12784,0.897336
FAB-12783,0.822759
FAB-12782,0.792785
FAB-12781,0.763484
FAB-12780,0.425844
FAB-12779,0.407098
FAB-12778,0.536556
FAB-12777,0.984215
FAB-12776,0.070816
FAB-12775,0.019719
FAB-12774,0.865224
FAB-12773,0.200245
FAB-12772,0.932453
FAB-12771,0.757794
FAB-12770,0.975202
FAB-12769,0.238639
FAB-12768,0.048858
FAB-12767,0.015544
FAB-12766,0.019719
FAB-12765,0.112405
FAB-12763,0.009486
FAB-12762,0.091058
FAB-12761,0.093678
FAB-12760,0.042404
FAB-12759,0.075585
FAB-12758,0.109325
FAB-12757,0.028221
FAB-12756,0.080357
FAB-12755,0.038756
FAB-12754,0.241847
FAB-12753,0.058777
FAB-12752,0.0538
FAB-12751,0.228501
FAB-12749,0.019719
FAB-12748,0.068787
FAB-12747,0.011332
FAB-12745,0.024054
FAB-12744,0.047426
FAB-12743,0.276495
FAB-12742,0.270673
FAB-12741,0.184768
FAB-12740,0.316898
FAB-12739,0.78695
FAB-12734,0.018405
FAB-12733,0.014064
FAB-12732,0.019419
FAB-12731,0.984456
FAB-12730,0.035948
FAB-12729,0.81257
FAB-12728,0.565059
FAB-12727,0.118793
FAB-12725,0.080069
FAB-12724,0.079782
FAB-12723,0.022803
FAB-12721,0.075312
FAB-12720,0.067056
FAB-12719,0.129843
FAB-12718,0.099821
FAB-12717,0.164785
FAB-12716,0.155078
FAB-12715,0.625181
FAB-12714,0.546738
FAB-12713,0.810779
FAB-12712,0.076961
FAB-12711,0.116362
FAB-12710,0.830594
FAB-12709,0.064183
FAB-12708,0.124639
FAB-12707,0.008916
FAB-12705,0.431345
FAB-12704,0.054601
FAB-12703,0.011778
FAB-12702,0.014282
FAB-12700,0.766294
FAB-12699,0.023871
FAB-12698,0.043043
FAB-12697,0.018125
FAB-12696,0.952926
FAB-12695,0.015785
FAB-12694,0.052231
FAB-12692,0.878731
FAB-12691,0.014172
FAB-12690,0.062331
FAB-12689,0.008916
FAB-12688,0.66796
FAB-12687,0.197754
FAB-12686,0.32178
FAB-12685,0.128088
FAB-12682,0.520253
FAB-12680,0.012821
FAB-12679,0.868381
FAB-12678,0.063948
FAB-12677,0.051083
FAB-12675,0.939913
FAB-12673,0.664649
FAB-12672,0.715623
FAB-12670,0.013325
FAB-12669,0.048496
FAB-12668,0.013428
FAB-12667,0.016403
FAB-12666,0.022629
FAB-12665,0.111241
FAB-12664,0.025957
FAB-12663,0.038178
FAB-12660,0.041462
FAB-12659,0.014392
FAB-12658,0.011332
FAB-12657,0.078926
FAB-12656,0.088505
FAB-12655,0.010735
FAB-12653,0.103024
FAB-12652,0.191328
FAB-12651,0.090735
FAB-12650,0.018689
FAB-12649,0.038756
FAB-12648,0.060529
FAB-12647,0.018978
FAB-12646,0.170232
FAB-12645,0.0538
FAB-12644,0.011245
FAB-12643,0.09947
FAB-12642,0.129843
FAB-12641,0.597725
FAB-12640,0.267983
FAB-12639,0.353038
FAB-12638,0.009784
FAB-12637,0.570571
FAB-12636,0.977371
FAB-12635,0.058346
FAB-12634,0.826151
FAB-12632,0.013223
FAB-12631,0.765067
FAB-12630,0.042722
FAB-12629,0.008985
FAB-12628,0.011778
FAB-12627,0.848972
FAB-12626,0.010735
FAB-12625,0.007816
FAB-12624,0.041153
FAB-12623,0.01302
FAB-12622,0.016657
FAB-12621,0.823896
FAB-12620,0.928926
FAB-12619,0.056652
FAB-12618,0.008711
FAB-12617,0.32178
FAB-12616,0.110471
FAB-12615,0.073165
FAB-12614,0.735642
FAB-12613,0.019271
FAB-12612,0.053403
FAB-12611,0.76769
FAB-12610,0.054199
FAB-12608,0.07343
FAB-12607,0.01653
FAB-12606,0.03359
FAB-12604,0.016029
FAB-12603,0.017045
FAB-12602,0.059647
FAB-12601,0.045692
FAB-12600,0.974629
FAB-12599,0.008916
FAB-12598,0.009055
FAB-12595,0.063948
FAB-12594,0.055413
FAB-12593,0.069542
FAB-12592,0.089455
FAB-12591,0.583203
FAB-12590,0.086632
FAB-12589,0.015189
FAB-12588,0.010249
FAB-12587,0.052619
FAB-12586,0.892187
FAB-12585,0.891811
FAB-12584,0.857768
FAB-12583,0.904651
FAB-12582,0.892187
FAB-12581,0.896614
FAB-12579,0.926304
FAB-12578,0.015306
FAB-12577,0.024238
FAB-12576,0.743913
FAB-12575,0.987946
FAB-12574,0.818737
FAB-12573,0.872347
FAB-12572,0.024238
FAB-12571,0.857291
FAB-12570,0.853425
FAB-12569,0.774924
FAB-12566,0.047074
FAB-12565,0.016403
FAB-12563,0.925769
FAB-12560,0.013121
FAB-12559,0.148047
FAB-12558,0.172172
FAB-12557,0.05921
FAB-12556,0.027585
FAB-12555,0.938576
FAB-12553,0.272411
FAB-12552,0.805632
FAB-12551,0.831691
FAB-12550,0.241132
FAB-12548,0.063482
FAB-12547,0.03138
FAB-12546,0.077239
FAB-12545,0.014729
FAB-12544,0.014842
FAB-12543,0.013325
FAB-12540,0.007816
FAB-12536,0.01292
FAB-12535,0.138462
FAB-12534,0.792143
FAB-12533,0.095013
FAB-12532,0.156105
FAB-12531,0.926835
FAB-12530,0.118385
FAB-12529,0.012147
FAB-12528,0.208179
FAB-12526,0.075858
FAB-12525,0.066569
FAB-12524,0.01302
FAB-12523,0.013121
FAB-12522,0.095013
FAB-12521,0.017177
FAB-12520,0.012432
FAB-12519,0.646962
FAB-12518,0.958538
FAB-12517,0.014729
FAB-12516,0.009559
FAB-12515,0.025957
FAB-12514,0.219003
FAB-12513,0.154058
FAB-12511,0.152032
FAB-12509,0.101233
FAB-12508,0.103386
FAB-12507,0.938576
FAB-12506,0.021287
FAB-12505,0.950041
FAB-12502,0.07477
FAB-12501,0.876634
FAB-12500,0.969324
FAB-12497,0.019871
FAB-12494,0.010408
FAB-12493,0.015073
FAB-12492,0.380817
FAB-12491,0.225758
FAB-12490,0.944177
FAB-12489,0.128963
FAB-12488,0.121686
FAB-12487,0.049589
FAB-12486,0.136148
FAB-12484,0.900879
FAB-12483,0.917893
FAB-12481,0.010653
FAB-12478,0.768038
FAB-12477,0.547222
FAB-12476,0.205615
FAB-12475,0.03138
FAB-12474,0.057493
FAB-12473,0.065605
FAB-12472,0.012723
FAB-12471,0.013532
FAB-12470,0.006693
FAB-12466,0.017849
FAB-12465,0.060529
FAB-12464,0.009197
FAB-12463,0.032344
FAB-12462,0.034881
FAB-12461,0.970465
FAB-12460,0.925769
FAB-12459,0.882428
FAB-12458,0.791499
FAB-12455,0.936749
FAB-12454,0.947769
FAB-12453,0.033086
FAB-12452,0.032837
FAB-12451,0.131619
FAB-12449,0.632446
FAB-12447,0.01292
FAB-12445,0.024054
FAB-12444,0.063948
FAB-12443,0.026964
FAB-12442,0.787931
FAB-12441,0.944587
FAB-12440,0.011158
FAB-12439,0.042722
FAB-12438,0.015425
FAB-12437,0.010818
FAB-12436,0.016915
FAB-12434,0.012147
FAB-12429,0.419886
FAB-12428,0.130285
FAB-12427,0.010014
FAB-12423,0.01142
FAB-12421,0.075041
FAB-12420,0.841305
FAB-12419,0.009634
FAB-12418,0.051463
FAB-12417,0.017045
FAB-12416,0.015664
FAB-12415,0.037327
FAB-12414,0.013532
FAB-12413,0.042088
FAB-12412,0.010408
FAB-12411,0.052619
FAB-12410,0.089137
FAB-12409,0.063019
FAB-12408,0.055413
FAB-12403,0.013325
FAB-12402,0.010902
FAB-12401,0.014282
FAB-12400,0.912124
FAB-12399,0.630173
FAB-12397,0.059428
FAB-12396,0.101947
FAB-12395,0.067547
FAB-12394,0.048496
FAB-12393,0.047426
FAB-12392,0.039639
FAB-12391,0.071591
FAB-12390,0.054199
FAB-12389,0.056652
FAB-12388,0.069795
FAB-12385,0.063715
FAB-12384,0.065366
FAB-12383,0.057493
FAB-12382,0.039048
FAB-12381,0.09947
FAB-12380,0.197135
FAB-12378,0.095687
FAB-12377,0.18743
FAB-12376,0.014392
FAB-12375,0.026759
FAB-12372,0.583441
FAB-12371,0.039048
FAB-12370,0.942082
FAB-12369,0.5564
FAB-12368,0.860134
FAB-12367,0.974043
FAB-12366,0.742048
FAB-12365,0.062103
FAB-12364,0.905657
FAB-12363,0.884838
FAB-12362,0.658308
FAB-12361,0.848471
FAB-12359,0.629362
FAB-12358,0.719975
FAB-12357,0.945399
FAB-12356,0.809577
FAB-12355,0.020804
FAB-12354,0.242026
FAB-12353,0.049959
FAB-12352,0.932944
FAB-12351,0.009559
FAB-12350,0.006904
FAB-12349,0.095687
FAB-12345,0.011072
FAB-12343,0.021615
FAB-12342,0.007938
FAB-12341,0.0538
FAB-12340,0.026156
FAB-12339,0.888372
FAB-12338,0.012723
FAB-12337,0.020177
FAB-12335,0.039937
FAB-12334,0.032101
FAB-12333,0.078078
FAB-12332,0.031619
FAB-12331,0.522933
FAB-12330,0.019419
FAB-12327,0.011245
FAB-12326,0.117572
FAB-12325,0.028871
FAB-12324,0.011778
FAB-12323,0.051463
FAB-12322,0.645092
FAB-12320,0.012821
FAB-12319,0.012241
FAB-12318,0.01653
FAB-12317,0.006388
FAB-12316,0.169406
FAB-12315,0.022457
FAB-12314,0.034619
FAB-12313,0.303164
FAB-12312,0.248717
FAB-12311,0.176388
FAB-12310,0.198996
FAB-12309,0.059647
FAB-12307,0.013223
FAB-12306,0.014392
FAB-12305,0.030444
FAB-12304,0.014842
FAB-12303,0.150029
FAB-12302,0.00573
FAB-12301,0.150278
FAB-12300,0.009634
FAB-12299,0.012241
FAB-12298,0.020804
FAB-12297,0.054601
FAB-12296,0.00986
FAB-12295,0.026964
FAB-12294,0.044681
FAB-12293,0.035948
FAB-12292,0.124213
FAB-12291,0.010987
FAB-12290,0.015906
FAB-12288,0.011245
FAB-12287,0.030909
FAB-12286,0.014172
FAB-12285,0.037047
FAB-12283,0.755637
FAB-12282,0.943764
FAB-12281,0.277277
FAB-12280,0.441673
FAB-12279,0.130729
FAB-12276,0.016403
FAB-12275,0.015306
FAB-12274,0.049222
FAB-12273,0.042088
FAB-12272,0.009936
FAB-12271,0.029312
FAB-12270,0.086016
FAB-12269,0.852935
FAB-12267,0.964321
FAB-12266,0.059647
FAB-12265,0.655557
FAB-12264,0.050705
FAB-12262,0.140808
FAB-12261,0.747616
FAB-12260,0.904651
FAB-12259,0.927888
FAB-12258,0.930962
FAB-12257,0.021781
FAB-12255,0.015425
FAB-12254,0.037327
FAB-12252,0.029987
FAB-12251,0.039343
FAB-12250,0.373819
FAB-12248,0.015906
FAB-12247,0.326473
FAB-12246,0.976129
FAB-12245,0.008711
FAB-12244,0.010902
FAB-12243,0.054199
FAB-12242,0.01292
FAB-12241,0.104112
FAB-12240,0.01017
FAB-12238,0.012432
FAB-12237,0.025371
FAB-12236,0.01302
FAB-12234,0.086016
FAB-12233,0.215351
FAB-12232,0.906322
FAB-12231,0.017849
FAB-12230,0.02461
FAB-12229,0.024798
FAB-12228,0.145115
FAB-12227,0.205296
FAB-12226,0.392686
FAB-12225,0.021125
FAB-12224,0.052231
FAB-12222,0.129843
FAB-12221,0.993203
FAB-12220,0.171338
FAB-12219,0.58818
FAB-12218,0.015189
FAB-12217,0.015189
FAB-12216,0.018125
FAB-12215,0.021615
FAB-12214,0.652352
FAB-12213,0.009486
FAB-12212,0.040238
FAB-12211,0.145115
FAB-12210,0.275812
FAB-12209,0.040238
FAB-12206,0.126353
FAB-12205,0.007938
FAB-12204,0.019569
FAB-12203,0.01057
FAB-12202,0.016915
FAB-12201,0.061199
FAB-12200,0.033844
FAB-12199,0.739799
FAB-12198,0.015425
FAB-12196,0.023871
FAB-12195,0.141756
FAB-12194,0.011597
FAB-12193,0.008847
FAB-12192,0.031619
FAB-12191,0.049959
FAB-12190,0.03138
FAB-12189,0.055005
FAB-12188,0.060529
FAB-12187,0.014957
FAB-12186,0.021615
FAB-12185,0.043691
FAB-12184,0.076132
FAB-12183,0.949295
FAB-12182,0.035948
FAB-12181,0.080069
FAB-12180,0.012241
FAB-12179,0.014392
FAB-12178,0.017712
FAB-12177,0.921358
FAB-12176,0.015306
FAB-12175,0.108566
FAB-12174,0.773216
FAB-12173,0.34798
FAB-12172,0.010489
FAB-12171,0.015544
FAB-12170,0.031144
FAB-12169,0.052619
FAB-12168,0.013849
FAB-12167,0.212069
FAB-12166,0.079496
FAB-12165,0.0538
FAB-12163,0.012528
FAB-12162,0.018264
FAB-12161,0.974435
FAB-12159,0.013121
FAB-12158,0.019871
FAB-12156,0.007577
FAB-12155,0.974239
FAB-12154,0.012054
FAB-12153,0.036769
FAB-12150,0.039639
FAB-12149,0.058132
FAB-12148,0.048496
FAB-12147,0.052619
FAB-12146,0.101947
FAB-12145,0.051845
FAB-12144,0.054199
FAB-12143,0.069795
FAB-12142,0.073165
FAB-12141,0.064653
FAB-12140,0.07836
FAB-12139,0.05921
FAB-12138,0.045353
FAB-12137,0.09236
FAB-12136,0.169131
FAB-12135,0.06256
FAB-12134,0.014172
FAB-12132,0.010902
FAB-12130,0.013849
FAB-12128,0.016029
FAB-12127,0.014282
FAB-12126,0.011869
FAB-12125,0.077239
FAB-12124,0.047074
FAB-12122,0.015785
FAB-12121,0.017045
FAB-12114,0.059428
FAB-12113,0.07343
FAB-12109,0.011961
FAB-12108,0.009268
FAB-12106,0.013325
FAB-12105,0.073696
FAB-12104,0.019124
FAB-12103,0.622606
FAB-12102,0.040238
FAB-12101,0.012336
FAB-12100,0.732592
FAB-12099,0.014616
FAB-12098,0.011778
FAB-12097,0.020804
FAB-12096,0.021948
FAB-12095,0.017309
FAB-12094,0.015073
FAB-12093,0.013956
FAB-12092,0.873215
FAB-12091,0.776962
FAB-12090,0.067793
FAB-12089,0.937669
FAB-12087,0.017986
FAB-12086,0.567457
FAB-12085,0.096365
FAB-12084,0.265738
FAB-12083,0.028653
FAB-12082,0.028653
FAB-12081,0.016785
FAB-12080,0.073165
FAB-12079,0.832781
FAB-12078,0.051463
FAB-12077,0.008847
FAB-12076,0.018547
FAB-12075,0.063948
FAB-12073,0.016403
FAB-12070,0.016403
FAB-12069,0.026964
FAB-12068,0.014729
FAB-12067,0.010091
FAB-12066,0.013428
FAB-12065,0.015073
FAB-12064,0.094678
FAB-12063,0.047426
FAB-12062,0.007696
FAB-12061,0.038756
FAB-12060,0.014729
FAB-12059,0.762424
FAB-12058,0.046378
FAB-12056,0.533641
FAB-12055,0.46223
FAB-12054,0.01302
FAB-12053,0.182134
FAB-12052,0.008779
FAB-12051,0.026156
FAB-12050,0.019719
FAB-12049,0.850469
FAB-12048,0.798815
FAB-12047,0.013532
FAB-12046,0.062789
FAB-12045,0.65379
FAB-12044,0.042404
FAB-12043,0.751283
FAB-12042,0.021451
FAB-12040,0.015189
FAB-12039,0.588771
FAB-12038,0.981875
FAB-12036,0.028871
FAB-12035,0.274838
FAB-12034,0.019871
FAB-12033,0.122104
FAB-12032,0.055005
FAB-12031,0.020646
FAB-12030,0.67662
FAB-12029,0.013849
FAB-12028,0.20947
FAB-12027,0.014616
FAB-12025,0.010249
FAB-12024,0.078926
FAB-12023,0.008985
FAB-12022,0.020489
FAB-12021,0.022117
FAB-12019,0.047426
FAB-12018,0.010408
FAB-12016,0.949295
FAB-12015,0.858244
FAB-12014,0.037609
FAB-12013,0.873215
FAB-12012,0.788257
FAB-12011,0.974043
FAB-12010,0.017045
FAB-12008,0.012821
FAB-12007,0.948537
FAB-12006,0.948917
FAB-12005,0.021781
FAB-12004,0.058993
FAB-12003,0.013637
FAB-12002,0.011072
FAB-12001,0.08882
FAB-12000,0.177811
FAB-11999,0.011072
FAB-11997,0.129403
FAB-11996,0.601067
FAB-11995,0.082994
FAB-11994,0.71721
FAB-11993,0.029091
FAB-11992,0.02461
FAB-11991,0.023871
FAB-11990,0.126785
FAB-11989,0.90053
FAB-11988,0.086942
FAB-11987,0.120026
FAB-11986,0.090735
FAB-11985,0.077518
FAB-11984,0.844409
FAB-11983,0.036769
FAB-11982,0.571886
FAB-11981,0.710226
FAB-11980,0.974629
FAB-11979,0.014957
FAB-11978,0.047426
FAB-11977,0.007461
FAB-11976,0.016657
FAB-11975,0.090735
FAB-11974,0.017309
FAB-11973,0.027585
FAB-11972,0.022629
FAB-11971,0.014957
FAB-11970,0.247441
FAB-11968,0.018125
FAB-11967,0.021287
FAB-11966,0.014504
FAB-11965,0.983971
FAB-11964,0.988842
FAB-11963,0.938576
FAB-11962,0.013849
FAB-11961,0.018405
FAB-11960,0.118385
FAB-11959,0.016153
FAB-11958,0.019419
FAB-11957,0.020023
FAB-11956,0.506347
FAB-11955,0.023689
FAB-11954,0.142232
FAB-11953,0.057282
FAB-11952,0.953275
FAB-11951,0.799755
FAB-11950,0.057282
FAB-11949,0.122944
FAB-11948,0.802865
FAB-11947,0.011332
FAB-11946,0.109706
FAB-11945,0.035679
FAB-11944,0.015189
FAB-11943,0.985043
FAB-11942,0.974629
FAB-11941,0.943348
FAB-11940,0.882833
FAB-11939,0.020177
FAB-11938,0.015906
FAB-11937,0.571288
FAB-11936,0.069038
FAB-11935,0.278846
FAB-11931,0.876634
FAB-11930,0.765593
FAB-11929,0.109706
FAB-11928,0.885235
FAB-11927,0.010653
FAB-11925,0.046725
FAB-11922,0.014172
FAB-11921,0.336713
FAB-11920,0.350421
FAB-11919,0.482917
FAB-11918,0.522933
FAB-11917,0.049589
FAB-11916,0.747984
FAB-11915,0.157137
FAB-11914,0.013637
FAB-11913,0.030215
FAB-11911,0.037609
FAB-11910,0.167219
FAB-11909,0.148541
FAB-11908,0.50293
FAB-11907,0.020332
FAB-11906,0.012723
FAB-11905,0.698227
FAB-11904,0.038466
FAB-11903,0.867485
FAB-11902,0.018689
FAB-11901,0.713432
FAB-11900,0.057918
FAB-11899,0.029535
FAB-11898,0.014282
FAB-11897,0.086323
FAB-11896,0.120439
FAB-11895,0.008847
FAB-11894,0.013121
FAB-11893,0.183887
FAB-11892,0.025179
FAB-11891,0.025371
FAB-11889,0.109706
FAB-11888,0.013742
FAB-11887,0.012241
FAB-11886,0.243642
FAB-11885,0.725649
FAB-11884,0.035411
FAB-11883,0.016277
FAB-11882,0.020489
FAB-11881,0.015544
FAB-11880,0.025761
FAB-11879,0.335562
FAB-11878,0.015906
FAB-11877,0.012054
FAB-11876,0.016029
FAB-11875,0.973844
FAB-11874,0.010735
FAB-11873,0.213377
FAB-11872,0.240775
FAB-11871,0.010408
FAB-11870,0.020023
FAB-11869,0.057493
FAB-11868,0.705379
FAB-11867,0.090735
FAB-11866,0.014616
FAB-11865,0.155078
FAB-11864,0.50293
FAB-11863,0.091707
FAB-11862,0.010735
FAB-11861,0.270384
FAB-11860,0.108945
FAB-11859,0.092688
FAB-11858,0.014392
FAB-11856,0.016403
FAB-11855,0.129843
FAB-11854,0.890294
FAB-11853,0.977023
FAB-11852,0.070816
FAB-11848,0.902266
FAB-11847,0.070049
FAB-11846,0.011158
FAB-11845,0.012625
FAB-11844,0.019871
FAB-11843,0.173288
FAB-11841,0.01017
FAB-11840,0.843895
FAB-11838,0.111628
FAB-11837,0.27474
FAB-11836,0.028008
FAB-11835,0.085404
FAB-11834,0.013637
FAB-11832,0.856332
FAB-11831,0.050705
FAB-11830,0.219672
FAB-11829,0.081228
FAB-11828,0.581065
FAB-11827,0.292899
FAB-11826,0.017177
FAB-11825,0.015664
FAB-11824,0.010818
FAB-11821,0.015544
FAB-11820,0.312409
FAB-11819,0.343452
FAB-11818,0.010653
FAB-11817,0.129403
FAB-11816,0.012336
FAB-11815,0.01292
FAB-11814,0.018125
FAB-11813,0.131173
FAB-11812,0.029987
FAB-11811,0.940353
FAB-11810,0.012147
FAB-11809,0.931463
FAB-11807,0.972415
FAB-11806,0.124213
FAB-11805,0.26971
FAB-11804,0.96862
FAB-11803,0.185652
FAB-11802,0.736211
FAB-11801,0.340015
FAB-11799,0.847968
FAB-11798,0.917303
FAB-11797,0.013742
FAB-11796,0.037047
FAB-11795,0.171338
FAB-11794,0.041774
FAB-11792,0.839208
FAB-11783,0.954984
FAB-11781,0.0745
FAB-11780,0.867036
FAB-11779,0.023509
FAB-11778,0.055005
FAB-11777,0.175538
FAB-11776,0.13569
FAB-11775,0.021781
FAB-11774,0.254416
FAB-11773,0.119614
FAB-11772,0.086632
FAB-11771,0.619414
FAB-11770,0.607721
FAB-11769,0.851459
FAB-11768,0.67971
FAB-11767,0.887595
FAB-11766,0.538983
FAB-11765,0.059866
FAB-11764,0.051083
FAB-11763,0.014957
FAB-11762,0.818156
FAB-11761,0.190122
FAB-11760,0.939913
FAB-11759,0.008062
FAB-11758,0.008062
FAB-11757,0.423696
FAB-11756,0.153803
FAB-11755,0.143188
FAB-11754,0.267983
FAB-11753,0.021615
FAB-11747,0.087564
FAB-11746,0.151781
FAB-11745,0.97631
FAB-11744,0.944995
FAB-11743,0.014842
FAB-11742,0.033337
FAB-11740,0.008316
FAB-11739,0.441432
FAB-11738,0.922203
FAB-11737,0.766992
FAB-11735,0.964052
FAB-11734,0.031859
FAB-11733,0.012625
FAB-11732,0.806853
FAB-11731,0.854885
FAB-11730,0.051845
FAB-11729,0.03622
FAB-11728,0.034359
FAB-11727,0.010987
FAB-11726,0.355635
FAB-11725,0.440469
FAB-11724,0.037892
FAB-11723,0.432543
FAB-11722,0.015544
FAB-11721,0.013956
FAB-11720,0.01292
FAB-11719,0.92523
FAB-11718,0.016657
FAB-11717,0.397471
FAB-11716,0.035948
FAB-11715,0.184473
FAB-11714,0.215681
FAB-11712,0.017577
FAB-11711,0.065845
FAB-11710,0.026759
FAB-11709,0.022803
FAB-11708,0.017577
FAB-11707,0.035145
FAB-11706,0.035411
FAB-11705,0.019719
FAB-11704,0.157396
FAB-11703,0.715424
FAB-11702,0.960361
FAB-11701,0.860134
FAB-11700,0.124639
FAB-11699,0.747247
FAB-11698,0.279632
FAB-11697,0.786295
FAB-11696,0.086942
FAB-11695,0.777638
FAB-11694,0.753467
FAB-11693,0.018125
FAB-11692,0.073165
FAB-11691,0.020804
FAB-11689,0.00934
FAB-11688,0.010408
FAB-11687,0.889529
FAB-11686,0.036769
FAB-11685,0.019871
FAB-11684,0.012147
FAB-11683,0.013223
FAB-11682,0.029312
FAB-11680,0.919063
FAB-11679,0.924142
FAB-11678,0.83602
FAB-11677,0.965641
FAB-11676,0.750187
FAB-11675,0.917893
FAB-11674,0.716615
FAB-11673,0.948917
FAB-11672,0.924688
FAB-11671,0.784319
FAB-11670,0.776623
FAB-11669,0.754192
FAB-11668,0.086323
FAB-11667,0.152789
FAB-11666,0.233706
FAB-11665,0.941223
FAB-11663,0.132964
FAB-11662,0.551574
FAB-11661,0.017849
FAB-11660,0.01057
FAB-11659,0.013637
FAB-11658,0.010818
FAB-11657,0.029312
FAB-11656,0.014392
FAB-11653,0.625095
FAB-11652,0.013532
FAB-11651,0.092688
FAB-11650,0.846958
FAB-11649,0.575588
FAB-11648,0.025957
FAB-11647,0.053403
FAB-11646,0.698638
FAB-11645,0.158174
FAB-11643,0.044349
FAB-11642,0.066569
FAB-11641,0.054199
FAB-11640,0.039937
FAB-11639,0.0729
FAB-11638,0.048496
FAB-11637,0.028008
FAB-11636,0.026557
FAB-11635,0.017045
FAB-11634,0.782663
FAB-11633,0.011869
FAB-11632,0.104477
FAB-11631,0.011961
FAB-11630,0.086016
FAB-11629,0.761361
FAB-11628,0.094678
FAB-11627,0.090414
FAB-11626,0.04778
FAB-11625,0.056652
FAB-11624,0.09236
FAB-11623,0.089455
FAB-11622,0.188623
FAB-11621,0.397237
FAB-11620,0.127653
FAB-11619,0.973443
FAB-11618,0.296043
FAB-11617,0.623406
FAB-11616,0.159479
FAB-11615,0.16238
FAB-11614,0.218003
FAB-11613,0.107813
FAB-11612,0.159479
FAB-11611,0.122944
FAB-11610,0.051845
FAB-11609,0.071851
FAB-11608,0.031619
FAB-11607,0.649967
FAB-11606,0.141756
FAB-11605,0.009559
FAB-11604,0.011869
FAB-11603,0.977714
FAB-11602,0.978052
FAB-11601,0.021125
FAB-11600,0.136608
FAB-11599,0.945399
FAB-11598,0.087564
FAB-11597,0.97649
FAB-11596,0.93196
FAB-11594,0.014842
FAB-11593,0.910545
FAB-11592,0.635449
FAB-11591,0.891055
FAB-11590,0.797557
FAB-11589,0.437824
FAB-11588,0.308138
FAB-11587,0.090093
FAB-11586,0.947769
FAB-11585,0.932453
FAB-11583,0.01057
FAB-11582,0.178669
FAB-11581,0.017577
FAB-11580,0.012336
FAB-11578,0.011961
FAB-11577,0.009634
FAB-11576,0.296247
FAB-11575,0.020964
FAB-11574,0.439266
FAB-11573,0.551574
FAB-11571,0.144149
FAB-11570,0.017442
FAB-11569,0.086942
FAB-11568,0.036769
FAB-11567,0.041462
FAB-11566,0.05301
FAB-11565,0.040846
FAB-11564,0.038178
FAB-11563,0.945801
FAB-11562,0.980581
FAB-11561,0.966156
FAB-11560,0.755997
FAB-11559,0.977714
FAB-11558,0.016277
FAB-11557,0.94079
FAB-11556,0.507324
FAB-11554,0.091058
FAB-11553,0.19163
FAB-11552,0.871475
FAB-11551,0.115961
FAB-11550,0.971347
FAB-11549,0.654011
FAB-11548,0.967163
FAB-11547,0.070304
FAB-11546,0.021948
FAB-11545,0.009197
FAB-11544,0.923592
FAB-11543,0.138928
FAB-11542,0.010408
FAB-11541,0.970013
FAB-11540,0.942082
FAB-11539,0.919063
FAB-11538,0.017712
FAB-11537,0.01142
FAB-11536,0.212069
FAB-11535,0.122104
FAB-11534,0.713432
FAB-11533,0.902266
FAB-11532,0.506347
FAB-11531,0.716219
FAB-11530,0.129403
FAB-11529,0.183594
FAB-11528,0.010489
FAB-11527,0.926835
FAB-11526,0.938576
FAB-11525,0.944995
FAB-11524,0.943764
FAB-11523,0.285272
FAB-11522,0.347966
FAB-11521,0.104112
FAB-11520,0.892563
FAB-11519,0.532668
FAB-11518,0.016277
FAB-11517,0.010735
FAB-11516,0.016915
FAB-11515,0.063482
FAB-11514,0.469277
FAB-11513,0.049959
FAB-11512,0.056652
FAB-11511,0.011597
FAB-11510,0.96641
FAB-11509,0.018833
FAB-11508,0.967899
FAB-11507,0.128525
FAB-11506,0.007938
FAB-11504,0.020023
FAB-11503,0.829492
FAB-11502,0.045353
FAB-11501,0.009126
FAB-11500,0.949669
FAB-11499,0.186539
FAB-11498,0.935346
FAB-11494,0.519034
FAB-11493,0.128088
FAB-11492,0.910863
FAB-11491,0.903975
FAB-11490,0.969091
FAB-11489,0.593374
FAB-11488,0.01292
FAB-11487,0.020964
FAB-11486,0.361954
FAB-11484,0.069289
FAB-11483,0.025761
FAB-11482,0.198064
FAB-11480,0.015073
FAB-11478,0.82559
FAB-11477,0.628806
FAB-11476,0.050705
FAB-11474,0.906983
FAB-11473,0.007938
FAB-11472,0.035679
FAB-11471,0.627495
FAB-11470,0.928409
FAB-11469,0.482429
FAB-11468,0.009055
FAB-11467,0.984927
FAB-11466,0.069542
FAB-11465,0.181263
FAB-11464,0.705785
FAB-11463,0.930458
FAB-11462,0.572245
FAB-11461,0.97649
FAB-11460,0.961534
FAB-11459,0.881615
FAB-11458,0.016785
FAB-11457,0.13569
FAB-11456,0.260954
FAB-11455,0.859192
FAB-11454,0.014729
FAB-11453,0.755276
FAB-11450,0.687
FAB-11449,0.921922
FAB-11448,0.910545
FAB-11447,0.428712
FAB-11445,0.631047
FAB-11444,0.013849
FAB-11443,0.013532
FAB-11442,0.33112
FAB-11441,0.010014
FAB-11440,0.654094
FAB-11439,0.012054
FAB-11438,0.108189
FAB-11437,0.197135
FAB-11436,0.949669
FAB-11435,0.068787
FAB-11434,0.785638
FAB-11431,0.116764
FAB-11428,0.204342
FAB-11427,0.903635
FAB-11426,0.937669
FAB-11425,0.924142
FAB-11424,0.932453
FAB-11423,0.942507
FAB-11422,0.908293
FAB-11421,0.979977
FAB-11420,0.980431
FAB-11419,0.951142
FAB-11418,0.950778
FAB-11417,0.857291
FAB-11416,0.738858
FAB-11415,0.988492
FAB-11414,0.01302
FAB-11413,0.347205
FAB-11412,0.963506
FAB-11411,0.040541
FAB-11410,0.819316
FAB-11409,0.969785
FAB-11407,0.089773
FAB-11406,0.057918
FAB-11405,0.009559
FAB-11404,0.016403
FAB-11403,0.044349
FAB-11402,0.007012
FAB-11401,0.014282
FAB-11400,0.962108
FAB-11399,0.030215
FAB-11398,0.301465
FAB-11397,0.187728
FAB-11388,0.974239
FAB-11387,0.011158
FAB-11386,0.028436
FAB-11384,0.011508
FAB-11383,0.103024
FAB-11382,0.899828
FAB-11381,0.959762
FAB-11380,0.615203
FAB-11378,0.669205
FAB-11377,0.010328
FAB-11376,0.09947
FAB-11374,0.986151
FAB-11373,0.950411
FAB-11372,0.958847
FAB-11371,0.983723
FAB-11370,0.957596
FAB-11369,0.98347
FAB-11368,0.986979
FAB-11367,0.015073
FAB-11366,0.89841
FAB-11365,0.950041
FAB-11364,0.971992
FAB-11363,0.117167
FAB-11361,0.964052
FAB-11360,0.977371
FAB-11359,0.982423
FAB-11358,0.962108
FAB-11357,0.97631
FAB-11356,0.986777
FAB-11355,0.744656
FAB-11354,0.972415
FAB-11353,0.077797
FAB-11352,0.02461
FAB-11351,0.97024
FAB-11350,0.98347
FAB-11349,0.987375
FAB-11348,0.91848
FAB-11347,0.942929
FAB-11346,0.969324
FAB-11345,0.719778
FAB-11344,0.799442
FAB-11343,0.915507
FAB-11342,0.978549
FAB-11341,0.926835
FAB-11340,0.942507
FAB-11339,0.971129
FAB-11338,0.124213
FAB-11337,0.023509
FAB-11336,0.045353
FAB-11335,0.00934
FAB-11334,0.049222
FAB-11333,0.54359
FAB-11332,0.016915
FAB-11331,0.047426
FAB-11330,0.022803
FAB-11329,0.015544
FAB-11328,0.272411
FAB-11327,0.014282
FAB-11326,0.450843
FAB-11325,0.585397
FAB-11324,0.845433
FAB-11323,0.968381
FAB-11322,0.063948
FAB-11321,0.485356
FAB-11320,0.897695
FAB-11319,0.032101
FAB-11318,0.197135
FAB-11317,0.91848
FAB-11316,0.029091
FAB-11315,0.014064
FAB-11314,0.021948
FAB-11313,0.049222
FAB-11312,0.026355
FAB-11311,0.022629
FAB-11310,0.932944
FAB-11309,0.013532
FAB-11308,0.700485
FAB-11307,0.945801
FAB-11306,0.125923
FAB-11305,0.730866
FAB-11302,0.259263
FAB-11301,0.168309
FAB-11300,0.75274
FAB-11299,0.691601
FAB-11298,0.397003
FAB-11297,0.785309
FAB-11296,0.446495
FAB-11295,0.90053
FAB-11294,0.816991
FAB-11293,0.866133
FAB-11292,0.538012
FAB-11291,0.913677
FAB-11287,0.923039
FAB-11286,0.913368
FAB-11285,0.981595
FAB-11283,0.016403
FAB-11282,0.034881
FAB-11281,0.939471
FAB-11280,0.044681
FAB-11278,0.0538
FAB-11277,0.340362
FAB-11276,0.024238
FAB-11275,0.914901
FAB-11274,0.023153
FAB-11273,0.019719
FAB-11272,0.183887
FAB-11271,0.256459
FAB-11269,0.509764
FAB-11268,0.920218
FAB-11267,0.913984
FAB-11266,0.915507
FAB-11265,0.080069
FAB-11255,0.958847
FAB-11254,0.737536
FAB-11253,0.031859
FAB-11252,0.82755
FAB-11249,0.886813
FAB-11247,0.141756
FAB-11246,0.987375
FAB-11245,0.761006
FAB-11243,0.007346
FAB-11242,0.029535
FAB-11241,0.140336
FAB-11240,0.922482
FAB-11239,0.63163
FAB-11238,0.2676
FAB-11237,0.958538
FAB-11236,0.151529
FAB-11235,0.07477
FAB-11234,0.037892
FAB-11233,0.014392
FAB-11228,0.010249
FAB-11223,0.015544
FAB-11220,0.048137
FAB-11219,0.023331
FAB-11218,0.905322
FAB-11217,0.017712
FAB-11216,0.015906
FAB-11215,0.021451
FAB-11214,0.030909
FAB-11213,0.048137
FAB-11212,0.836555
FAB-11211,0.664595
FAB-11210,0.80837
FAB-11209,0.104112
FAB-11203,0.012723
FAB-11201,0.915205
FAB-11199,0.016153
FAB-11198,0.304455
FAB-11196,0.011597
FAB-11193,0.923592
FAB-11192,0.01057
FAB-11191,0.021287
FAB-11189,0.906653
FAB-11186,0.132964
FAB-11185,0.214691
FAB-11183,0.062789
FAB-11182,0.222362
FAB-11176,0.027169
FAB-11175,0.960361
FAB-11174,0.904313
FAB-11173,0.946597
FAB-11172,0.890675
FAB-11171,0.969556
FAB-11170,0.121686
FAB-11169,0.992304
FAB-11168,0.011687
FAB-11167,0.380989
FAB-11166,0.012625
FAB-11164,0.012723
FAB-11163,0.830594
FAB-11162,0.354601
FAB-11161,0.964589
FAB-11158,0.009784
FAB-11157,0.186539
FAB-11155,0.950041
FAB-11154,0.052619
FAB-11153,0.992767
FAB-11152,0.039937
FAB-11151,0.053403
FAB-11150,0.035411
FAB-11149,0.989347
FAB-11148,0.068787
FAB-11147,0.08882
FAB-11146,0.093017
FAB-11145,0.988313
FAB-11144,0.990587
FAB-11143,0.013428
FAB-11141,0.569374
FAB-11140,0.094343
FAB-11138,0.021451
FAB-11136,0.020964
FAB-11133,0.076684
FAB-11131,0.029091
FAB-11130,0.027585
FAB-11129,0.044681
FAB-11127,0.030676
FAB-11126,0.036494
FAB-11125,0.054399
FAB-11124,0.037047
FAB-11123,0.281998
FAB-11122,0.703346
FAB-11121,0.020332
FAB-11120,0.03259
FAB-11118,0.152789
FAB-11117,0.032837
FAB-11115,0.014504
FAB-11114,0.550124
FAB-11113,0.107813
FAB-11112,0.769773
FAB-11111,0.622574
FAB-11110,0.023331
FAB-11109,0.006798
FAB-11108,0.009413
FAB-11106,0.012821
FAB-11105,0.226441
FAB-11104,0.144149
FAB-11103,0.954647
FAB-11102,0.464416
FAB-11101,0.340184
FAB-11100,0.091382
FAB-11099,0.05921
FAB-11097,0.043691
FAB-11096,0.069795
FAB-11094,0.021125
FAB-11091,0.021781
FAB-11088,0.007461
FAB-11087,0.04778
FAB-11086,0.00934
FAB-11085,0.033337
FAB-11084,0.02976
FAB-11083,0.733738
FAB-11081,0.819316
FAB-11080,0.932944
FAB-11076,0.068537
FAB-11073,0.014616
FAB-11072,0.079496
FAB-11062,0.046378
FAB-11061,0.033844
FAB-11060,0.097048
FAB-11058,0.012432
FAB-11057,0.007696
FAB-11055,0.040846
FAB-11054,0.041774
FAB-11053,0.095349
FAB-11052,0.076684
FAB-11051,0.145601
FAB-11050,0.034881
FAB-11049,0.216342
FAB-11047,0.590543
FAB-11046,0.022457
FAB-11044,0.009784
FAB-11043,0.013428
FAB-11042,0.013637
FAB-11041,0.01653
FAB-11039,0.015073
FAB-11038,0.109706
FAB-11037,0.054199
FAB-11036,0.026759
FAB-11035,0.049589
FAB-11034,0.051083
FAB-11033,0.087564
FAB-11031,0.038178
FAB-11030,0.033337
FAB-11029,0.092688
FAB-11028,0.007938
FAB-11026,0.917893
FAB-11025,0.917893
FAB-11024,0.060975
FAB-11023,0.287368
FAB-11022,0.287368
FAB-11021,0.007816
FAB-11020,0.014842
FAB-11019,0.987946
FAB-11018,0.009936
FAB-11017,0.052619
FAB-11015,0.101947
FAB-11014,0.045353
FAB-11013,0.0538
FAB-11012,0.058346
FAB-11011,0.075585
FAB-11010,0.063948
FAB-11009,0.075041
FAB-11008,0.056652
FAB-11007,0.042088
FAB-11006,0.099821
FAB-11005,0.150528
FAB-11004,0.04778
FAB-11003,0.019124
FAB-11002,0.03138
FAB-11001,0.010987
FAB-11000,0.03259
FAB-10999,0.137532
FAB-10998,0.062789
FAB-10997,0.067301
FAB-10996,0.519521
FAB-10995,0.077797
FAB-10994,0.039048
FAB-10993,0.024988
FAB-10992,0.586049
FAB-10991,0.016915
FAB-10990,0.019271
FAB-10989,0.022977
FAB-10988,0.00986
FAB-10987,0.120026
FAB-10986,0.056652
FAB-10985,0.128088
FAB-10984,0.086942
FAB-10983,0.892563
FAB-10982,0.173009
FAB-10981,0.211091
FAB-10979,0.059428
FAB-10978,0.161585
FAB-10977,0.790207
FAB-10976,0.060752
FAB-10975,0.169406
FAB-10974,0.055823
FAB-10973,0.942929
FAB-10972,0.926835
FAB-10971,0.011961
FAB-10970,0.83602
FAB-10969,0.048496
FAB-10968,0.060975
FAB-10967,0.276691
FAB-10963,0.061876
FAB-10962,0.415136
FAB-10961,0.021948
FAB-10960,0.739799
FAB-10957,0.012821
FAB-10956,0.015544
FAB-10955,0.012336
FAB-10954,0.037609
FAB-10953,0.018405
FAB-10952,0.060087
FAB-10951,0.057493
FAB-10949,0.022457
FAB-10948,0.013223
FAB-10946,0.012147
FAB-10945,0.013428
FAB-10942,0.040541
FAB-10939,0.018547
FAB-10938,0.015544
FAB-10937,0.077518
FAB-10936,0.019871
FAB-10933,0.021287
FAB-10929,0.059647
FAB-10928,0.012723
FAB-10926,0.403802
FAB-10924,0.06165
FAB-10923,0.01653
FAB-10922,0.015906
FAB-10921,0.016029
FAB-10920,0.027796
FAB-10914,0.325574
FAB-10913,0.010408
FAB-10912,0.01292
FAB-10911,0.008711
FAB-10909,0.020489
FAB-10908,0.014504
FAB-10907,0.0538
FAB-10903,0.075312
FAB-10901,0.050331
FAB-10900,0.049959
FAB-10899,0.014616
FAB-10896,0.060752
FAB-10891,0.026355
FAB-10890,0.221351
FAB-10889,0.962673
FAB-10888,0.062331
FAB-10887,0.021615
FAB-10886,0.008985
FAB-10885,0.017986
FAB-10883,0.008985
FAB-10882,0.02976
FAB-10879,0.259075
FAB-10877,0.048858
FAB-10876,0.052619
FAB-10875,0.037327
FAB-10874,0.011778
FAB-10873,0.039639
FAB-10871,0.097734
FAB-10870,0.013849
FAB-10869,0.011508
FAB-10868,0.099821
FAB-10867,0.034359
FAB-10866,0.009559
FAB-10864,0.014172
FAB-10862,0.01292
FAB-10861,0.855369
FAB-10860,0.017309
FAB-10859,0.015785
FAB-10857,0.145601
FAB-10855,0.221687
FAB-10854,0.01142
FAB-10853,0.051083
FAB-10852,0.810779
FAB-10851,0.982691
FAB-10850,0.457137
FAB-10847,0.011687
FAB-10846,0.195287
FAB-10844,0.675336
FAB-10843,0.033086
FAB-10842,0.017442
FAB-10841,0.017849
FAB-10840,0.018547
FAB-10837,0.084493
FAB-10836,0.018264
FAB-10835,0.070816
FAB-10834,0.113973
FAB-10833,0.041774
FAB-10832,0.059866
FAB-10831,0.041462
FAB-10830,0.144873
FAB-10829,0.069542
FAB-10828,0.83868
FAB-10827,0.057705
FAB-10826,0.081813
FAB-10825,0.697815
FAB-10824,0.165323
FAB-10823,0.980581
FAB-10822,0.92164
FAB-10820,0.069795
FAB-10819,0.013532
FAB-10818,0.140336
FAB-10816,0.020023
FAB-10815,0.005642
FAB-10812,0.053403
FAB-10811,0.008985
FAB-10810,0.090093
FAB-10807,0.01653
FAB-10805,0.01653
FAB-10804,0.023871
FAB-10802,0.016657
FAB-10801,0.066085
FAB-10799,0.013223
FAB-10798,0.494141
FAB-10797,0.146575
FAB-10796,0.942929
FAB-10794,0.861072
FAB-10791,0.071074
FAB-10790,0.07477
FAB-10789,0.046725
FAB-10788,0.011508
FAB-10786,0.056652
FAB-10785,0.056236
FAB-10784,0.056652
FAB-10783,0.016029
FAB-10782,0.042404
FAB-10781,0.016915
FAB-10778,0.020023
FAB-10772,0.006693
FAB-10771,0.020646
FAB-10768,0.012625
FAB-10764,0.101947
FAB-10762,0.049222
FAB-10761,0.054601
FAB-10760,0.064653
FAB-10759,0.073963
FAB-10753,0.06489
FAB-10752,0.079496
FAB-10751,0.057705
FAB-10750,0.045353
FAB-10749,0.093678
FAB-10748,0.148047
FAB-10747,0.020177
FAB-10746,0.432782
FAB-10744,0.023509
FAB-10743,0.013325
FAB-10742,0.027169
FAB-10738,0.015906
FAB-10735,0.089773
FAB-10734,0.992423
FAB-10732,0.050331
FAB-10730,0.951863
FAB-10729,0.942929
FAB-10727,0.039639
FAB-10726,0.91611
FAB-10725,0.882833
FAB-10724,0.798501
FAB-10723,0.795022
FAB-10722,0.026355
FAB-10720,0.899475
FAB-10719,0.61231
FAB-10718,0.058346
FAB-10716,0.012241
FAB-10715,0.012241
FAB-10714,0.077239
FAB-10713,0.011332
FAB-10711,0.951863
FAB-10710,0.022977
FAB-10709,0.011508
FAB-10708,0.024238
FAB-10705,0.013742
FAB-10703,0.009413
FAB-10702,0.011158
FAB-10701,0.024988
FAB-10699,0.032837
FAB-10698,0.094343
FAB-10697,0.089137
FAB-10695,0.039639
FAB-10693,0.044681
FAB-10692,0.010408
FAB-10691,0.008577
FAB-10690,0.00986
FAB-10689,0.59514
FAB-10688,0.06256
FAB-10687,0.127653
FAB-10686,0.020646
FAB-10685,0.012723
FAB-10684,0.043691
FAB-10683,0.726426
FAB-10682,0.491212
FAB-10681,0.712232
FAB-10680,0.936749
FAB-10679,0.050331
FAB-10678,0.063715
FAB-10677,0.117572
FAB-10675,0.973645
FAB-10673,0.165593
FAB-10672,0.151529
FAB-10670,0.007461
FAB-10666,0.024423
FAB-10665,0.264169
FAB-10664,0.015664
FAB-10663,0.145115
FAB-10662,0.198064
FAB-10661,0.197754
FAB-10660,0.70028
FAB-10659,0.015189
FAB-10658,0.00659
FAB-10657,0.010489
FAB-10655,0.014957
FAB-10654,0.026759
FAB-10653,0.086942
FAB-10652,0.017309
FAB-10651,0.042722
FAB-10650,0.325842
FAB-10648,0.032101
FAB-10647,0.031859
FAB-10646,0.077239
FAB-10645,0.044019
FAB-10644,0.028436
FAB-10643,0.047426
FAB-10642,0.066085
FAB-10641,0.014392
FAB-10640,0.020489
FAB-10639,0.111241
FAB-10638,0.012241
FAB-10637,0.066569
FAB-10634,0.009708
FAB-10633,0.051845
FAB-10632,0.080937
FAB-10631,0.013637
FAB-10630,0.012147
FAB-10629,0.011072
FAB-10628,0.024238
FAB-10626,0.012528
FAB-10623,0.02976
FAB-10620,0.032344
FAB-10619,0.014504
FAB-10618,0.022117
FAB-10617,0.015073
FAB-10614,0.044349
FAB-10613,0.045692
FAB-10612,0.010735
FAB-10611,0.263979
FAB-10604,0.014504
FAB-10603,0.008188
FAB-10601,0.229881
FAB-10600,0.006488
FAB-10599,0.024238
FAB-10598,0.503906
FAB-10597,0.038756
FAB-10596,0.264928
FAB-10594,0.103749
FAB-10593,0.444324
FAB-10592,0.056652
FAB-10590,0.2227
FAB-10589,0.017442
FAB-10588,0.012336
FAB-10587,0.206574
FAB-10586,0.015785
FAB-10583,0.73029
FAB-10582,0.017577
FAB-10581,0.231267
FAB-10580,0.136148
FAB-10579,0.010489
FAB-10578,0.012432
FAB-10577,0.043691
FAB-10576,0.017712
FAB-10574,0.016915
FAB-10573,0.112795
FAB-10572,0.637595
FAB-10571,0.011597
FAB-10570,0.026964
FAB-10569,0.017986
FAB-10567,0.086323
FAB-10565,0.009634
FAB-10564,0.338132
FAB-10563,0.024798
FAB-10562,0.676192
FAB-10560,0.015425
FAB-10559,0.008985
FAB-10558,0.016915
FAB-10557,0.030215
FAB-10555,0.066085
FAB-10554,0.072112
FAB-10553,0.123789
FAB-10552,0.5083
FAB-10550,0.01302
FAB-10548,0.424889
FAB-10546,0.00934
FAB-10545,0.16132
FAB-10544,0.015425
FAB-10541,0.023689
FAB-10540,0.012241
FAB-10539,0.044019
FAB-10538,0.0729
FAB-10537,0.019719
FAB-10536,0.041153
FAB-10535,0.052231
FAB-10534,0.080647
FAB-10533,0.012723
FAB-10532,0.043043
FAB-10531,0.038178
FAB-10530,0.06489
FAB-10529,0.147065
FAB-10528,0.07056
FAB-10527,0.139396
FAB-10526,0.270288
FAB-10524,0.271252
FAB-10523,0.013532
FAB-10521,0.012241
FAB-10520,0.958226
FAB-10519,0.176104
FAB-10516,0.032101
FAB-10515,0.011778
FAB-10514,0.068537
FAB-10513,0.033337
FAB-10512,0.018547
FAB-10509,0.077239
FAB-10506,0.085404
FAB-10505,0.026964
FAB-10504,0.680029
FAB-10502,0.050331
FAB-10501,0.017177
FAB-10500,0.017577
FAB-10499,0.029987
FAB-10496,0.035948
FAB-10493,0.027376
FAB-10492,0.069289
FAB-10490,0.034881
FAB-10489,0.008062
FAB-10488,0.022629
FAB-10487,0.293354
FAB-10486,0.250913
FAB-10484,0.379263
FAB-10483,0.013121
FAB-10482,0.35184
FAB-10480,0.930962
FAB-10479,0.920218
FAB-10478,0.965381
FAB-10476,0.03622
FAB-10475,0.029312
FAB-10471,0.061199
FAB-10470,0.177811
FAB-10469,0.01653
FAB-10467,0.214362
FAB-10466,0.073696
FAB-10465,0.012241
FAB-10463,0.008577
FAB-10462,0.022629
FAB-10460,0.611665
FAB-10459,0.961244
FAB-10458,0.961244
FAB-10457,0.05301
FAB-10454,0.011245
FAB-10452,0.008711
FAB-10451,0.010653
FAB-10450,0.856812
FAB-10449,0.423458
FAB-10448,0.311113
FAB-10447,0.13707
FAB-10446,0.733738
FAB-10445,0.007816
FAB-10444,0.020177
FAB-10443,0.117167
FAB-10442,0.045692
FAB-10441,0.046378
FAB-10440,0.14439
FAB-10439,0.133415
FAB-10438,0.040238
FAB-10436,0.069038
FAB-10433,0.015906
FAB-10432,0.293303
FAB-10431,0.036494
FAB-10430,0.134321
FAB-10428,0.03259
FAB-10427,0.014729
FAB-10426,0.008316
FAB-10425,0.012336
FAB-10424,0.019871
FAB-10423,0.710226
FAB-10420,0.007121
FAB-10416,0.083292
FAB-10415,0.016403
FAB-10414,0.153549
FAB-10413,0.013428
FAB-10412,0.015664
FAB-10409,0.010902
FAB-10408,0.017849
FAB-10407,0.03359
FAB-10406,0.017442
FAB-10403,0.022117
FAB-10399,0.078642
FAB-10396,0.864768
FAB-10395,0.023153
FAB-10393,0.355411
FAB-10392,0.035145
FAB-10390,0.016657
FAB-10389,0.037609
FAB-10388,0.071851
FAB-10387,0.060529
FAB-10383,0.52756
FAB-10382,0.714827
FAB-10381,0.035948
FAB-10379,0.024798
FAB-10378,0.485356
FAB-10377,0.073696
FAB-10376,0.076684
FAB-10375,0.748352
FAB-10374,0.063948
FAB-10371,0.013325
FAB-10370,0.330849
FAB-10369,0.517571
FAB-10368,0.137996
FAB-10366,0.932453
FAB-10365,0.739422
FAB-10364,0.913058
FAB-10363,0.658198
FAB-10360,0.824462
FAB-10359,0.016029
FAB-10358,0.757794
FAB-10356,0.015073
FAB-10355,0.195287
FAB-10353,0.014282
FAB-10349,0.015073
FAB-10348,0.021948
FAB-10347,0.021451
FAB-10346,0.059647
FAB-10345,0.028008
FAB-10344,0.068289
FAB-10343,0.011332
FAB-10342,0.01302
FAB-10340,0.012432
FAB-10339,0.103386
FAB-10338,0.274157
FAB-10337,0.155335
FAB-10336,0.965381
FAB-10335,0.657937
FAB-10334,0.016657
FAB-10333,0.253306
FAB-10332,0.881207
FAB-10331,0.079496
FAB-10330,0.063251
FAB-10329,0.209793
FAB-10328,0.120026
FAB-10327,0.758153
FAB-10326,0.841305
FAB-10323,0.387459
FAB-10318,0.202128
FAB-10317,0.021125
FAB-10316,0.021781
FAB-10315,0.051083
FAB-10314,0.020489
FAB-10313,0.035679
FAB-10309,0.03359
FAB-10308,0.239883
FAB-10307,0.28577
FAB-10306,0.007461
FAB-10304,0.007461
FAB-10303,0.027169
FAB-10302,0.108189
FAB-10301,0.433502
FAB-10299,0.021287
FAB-10297,0.01142
FAB-10296,0.024054
FAB-10295,0.104477
FAB-10294,0.143188
FAB-10293,0.025179
FAB-10292,0.029312
FAB-10291,0.017309
FAB-10290,0.05301
FAB-10289,0.924142
FAB-10288,0.045016
FAB-10287,0.035679
FAB-10286,0.023153
FAB-10285,0.127218
FAB-10284,0.020646
FAB-10283,0.023871
FAB-10282,0.414069
FAB-10281,0.027169
FAB-10280,0.051463
FAB-10278,0.021781
FAB-10277,0.018125
FAB-10276,0.013532
FAB-10275,0.016785
FAB-10274,0.855369
FAB-10272,0.063482
FAB-10271,0.047074
FAB-10270,0.132066
FAB-10268,0.009055
FAB-10267,0.021615
FAB-10266,0.054601
FAB-10265,0.48438
FAB-10264,0.163445
FAB-10263,0.029535
FAB-10262,0.185947
FAB-10261,0.47658
FAB-10260,0.029535
FAB-10259,0.035948
FAB-10258,0.069038
FAB-10256,0.042404
FAB-10255,0.085404
FAB-10253,0.017442
FAB-10252,0.057493
FAB-10251,0.759939
FAB-10250,0.022117
FAB-10249,0.023689
FAB-10248,0.266262
FAB-10247,0.417271
FAB-10246,0.027585
FAB-10245,0.103386
FAB-10244,0.026557
FAB-10243,0.59408
FAB-10242,0.110088
FAB-10240,0.040846
FAB-10239,0.020489
FAB-10238,0.06256
FAB-10237,0.009708
FAB-10236,0.057918
FAB-10235,0.438064
FAB-10234,0.073165
FAB-10232,0.022977
FAB-10231,0.122523
FAB-10230,0.296451
FAB-10229,0.017309
FAB-10222,0.283285
FAB-10221,0.010408
FAB-10220,0.062331
FAB-10219,0.048137
FAB-10218,0.012625
FAB-10217,0.017045
FAB-10216,0.01302
FAB-10215,0.035145
FAB-10214,0.942507
FAB-10213,0.023509
FAB-10212,0.012821
FAB-10211,0.09947
FAB-10210,0.063251
FAB-10207,0.010987
FAB-10206,0.046034
FAB-10204,0.008711
FAB-10203,0.029987
FAB-10202,0.90261
FAB-10201,0.055413
FAB-10200,0.010653
FAB-10199,0.063715
FAB-10198,0.0538
FAB-10194,0.068787
FAB-10192,0.080937
FAB-10191,0.238284
FAB-10190,0.489748
FAB-10187,0.111628
FAB-10185,0.035145
FAB-10184,0.18418
FAB-10183,0.054601
FAB-10182,0.095013
FAB-10181,0.355327
FAB-10177,0.010489
FAB-10176,0.015664
FAB-10175,0.175538
FAB-10174,0.072374
FAB-10173,0.042088
FAB-10172,0.960657
FAB-10171,0.432063
FAB-10170,0.013637
FAB-10169,0.933431
FAB-10168,0.077518
FAB-10167,0.030444
FAB-10166,0.030444
FAB-10164,0.823328
FAB-10163,0.037047
FAB-10162,0.111628
FAB-10161,0.254416
FAB-10159,0.03622
FAB-10158,0.14439
FAB-10157,0.482185
FAB-10156,0.606498
FAB-10155,0.107437
FAB-10154,0.075585
FAB-10153,0.099121
FAB-10152,0.048496
FAB-10151,0.029987
FAB-10150,0.866585
FAB-10149,0.030215
FAB-10148,0.068289
FAB-10147,0.024054
FAB-10146,0.237046
FAB-10145,0.208501
FAB-10144,0.082994
FAB-10142,0.152284
FAB-10141,0.018547
FAB-10140,0.886027
FAB-10139,0.134321
FAB-10138,0.91611
FAB-10137,0.230227
FAB-10136,0.484868
FAB-10135,0.115961
FAB-10134,0.144631
FAB-10133,0.017442
FAB-10132,0.852445
FAB-10131,0.675444
FAB-10130,0.227126
FAB-10129,0.834407
FAB-10128,0.244724
FAB-10124,0.06256
FAB-10121,0.028221
FAB-10120,0.939471
FAB-10119,0.795975
FAB-10118,0.150528
FAB-10117,0.172172
FAB-10116,0.228845
FAB-10115,0.056236
FAB-10114,0.039343
FAB-10113,0.110856
FAB-10112,0.322286
FAB-10111,0.839208
FAB-10110,0.961244
FAB-10109,0.100879
FAB-10108,0.028436
FAB-10107,0.035411
FAB-10105,0.019419
FAB-10104,0.065845
FAB-10103,0.018264
FAB-10102,0.016915
FAB-10096,0.120026
FAB-10095,0.804098
FAB-10094,0.164516
FAB-10093,0.105579
FAB-10092,0.137532
FAB-10090,0.04778
FAB-10089,0.046034
FAB-10088,0.069038
FAB-10087,0.039639
FAB-10086,0.041462
FAB-10085,0.936749
FAB-10084,0.182717
FAB-10083,0.718792
FAB-10082,0.355235
FAB-10081,0.906653
FAB-10080,0.174973
FAB-10078,0.171061
FAB-10077,0.315209
FAB-10076,0.017442
FAB-10073,0.010408
FAB-10072,0.014729
FAB-10071,0.082402
FAB-10070,0.373647
FAB-10069,0.011508
FAB-10068,0.96378
FAB-10067,0.678966
FAB-10066,0.153042
FAB-10064,0.080357
FAB-10062,0.882022
FAB-10061,0.850965
FAB-10060,0.045692
FAB-10059,0.043366
FAB-10058,0.031619
FAB-10057,0.191328
FAB-10056,0.030444
FAB-10055,0.333503
FAB-10054,0.948155
FAB-10053,0.101947
FAB-10052,0.021451
FAB-10051,0.949669
FAB-10050,0.188324
FAB-10049,0.047074
FAB-10048,0.69285
FAB-10047,0.006388
FAB-10046,0.011597
FAB-10044,0.018125
FAB-10042,0.075585
FAB-10041,0.258139
FAB-10040,0.020177
FAB-10038,0.119614
FAB-10037,0.222362
FAB-10036,0.895523
FAB-10035,0.183594
FAB-10031,0.134776
FAB-10030,0.013121
FAB-10029,0.952926
FAB-10028,0.059866
FAB-10027,0.051083
FAB-10026,0.782995
FAB-10025,0.180684
FAB-10024,0.018125
FAB-10023,0.041153
FAB-10022,0.018833
FAB-10021,0.02976
FAB-10020,0.124213
FAB-10019,0.013532
FAB-10018,0.029091
FAB-10017,0.169406
FAB-10013,0.009268
FAB-10012,0.016785
FAB-10011,0.117572
FAB-10010,0.02461
FAB-10008,0.150528
FAB-10007,0.09236
FAB-10006,0.027796
FAB-10005,0.017177
FAB-10004,0.065605
FAB-10003,0.014616
FAB-10002,0.058346
FAB-10000,0.018689
FAB-9998,0.168857
FAB-9997,0.677047
FAB-9996,0.926304
FAB-9995,0.066812
FAB-9994,0.181263
FAB-9993,0.276105
FAB-9992,0.318008
FAB-9991,0.036494
FAB-9990,0.031144
FAB-9989,0.240775
FAB-9988,0.065366
FAB-9987,0.010818
FAB-9984,0.065366
FAB-9982,0.130285
FAB-9981,0.890675
FAB-9980,0.966914
FAB-9979,0.016785
FAB-9978,0.009268
FAB-9977,0.045016
FAB-9976,0.102305
FAB-9974,0.015544
FAB-9973,0.013637
FAB-9972,0.010489
FAB-9971,0.03622
FAB-9970,0.892563
FAB-9969,0.044681
FAB-9968,0.015306
FAB-9966,0.103386
FAB-9964,0.012723
FAB-9962,0.027376
FAB-9961,0.022286
FAB-9960,0.013637
FAB-9958,0.333042
FAB-9957,0.038756
FAB-9956,0.034881
FAB-9955,0.532668
FAB-9953,0.055413
FAB-9951,0.955651
FAB-9950,0.042722
FAB-9949,0.306579
FAB-9948,0.392337
FAB-9947,0.015189
FAB-9946,0.621713
FAB-9945,0.038466
FAB-9944,0.901921
FAB-9942,0.018125
FAB-9941,0.014504
FAB-9939,0.478529
FAB-9937,0.028436
FAB-9936,0.968141
FAB-9934,0.502441
FAB-9933,0.043691
FAB-9932,0.011158
FAB-9931,0.027585
FAB-9927,0.697815
FAB-9925,0.742048
FAB-9924,0.158174
FAB-9923,0.657758
FAB-9922,0.795658
FAB-9921,0.376509
FAB-9919,0.254602
FAB-9918,0.701509
FAB-9917,0.647631
FAB-9916,0.119614
FAB-9915,0.015785
FAB-9914,0.009055
FAB-9913,0.028221
FAB-9912,0.101233
FAB-9911,0.046378
FAB-9910,0.051845
FAB-9909,0.011245
FAB-9908,0.821617
FAB-9907,0.028436
FAB-9906,0.035145
FAB-9905,0.065128
FAB-9904,0.093678
FAB-9903,0.059866
FAB-9901,0.051463
FAB-9898,0.436622
FAB-9895,0.012821
FAB-9894,0.015306
FAB-9893,0.062331
FAB-9892,0.013223
FAB-9891,0.973443
FAB-9890,0.021781
FAB-9889,0.015189
FAB-9886,0.038466
FAB-9885,0.108566
FAB-9882,0.055005
FAB-9881,0.028871
FAB-9880,0.014064
FAB-9879,0.237222
FAB-9878,0.015664
FAB-9877,0.016277
FAB-9876,0.33231
FAB-9875,0.246533
FAB-9873,0.132066
FAB-9870,0.5083
FAB-9866,0.149035
FAB-9865,0.01142
FAB-9863,0.187133
FAB-9862,0.054601
FAB-9860,0.076684
FAB-9858,0.0538
FAB-9857,0.060529
FAB-9856,0.951504
FAB-9855,0.17441
FAB-9854,0.012147
FAB-9853,0.066569
FAB-9852,0.435421
FAB-9851,0.521471
FAB-9850,0.015906
FAB-9848,0.790854
FAB-9847,0.956309
FAB-9845,0.954647
FAB-9844,0.104843
FAB-9843,0.800692
FAB-9842,0.057071
FAB-9841,0.028221
FAB-9840,0.084795
FAB-9839,0.061424
FAB-9838,0.040846
FAB-9837,0.530723
FAB-9836,0.142709
FAB-9835,0.041462
FAB-9834,0.920218
FAB-9833,0.206894
FAB-9829,0.044019
FAB-9827,0.621347
FAB-9826,0.047426
FAB-9825,0.902952
FAB-9824,0.016277
FAB-9823,0.01653
FAB-9821,0.055823
FAB-9820,0.037609
FAB-9818,0.117572
FAB-9817,0.517083
FAB-9816,0.014392
FAB-9815,0.427516
FAB-9814,0.052231
FAB-9813,0.69181
FAB-9812,0.025371
FAB-9811,0.033844
FAB-9810,0.050705
FAB-9809,0.053403
FAB-9807,0.344664
FAB-9806,0.031144
FAB-9805,0.031859
FAB-9804,0.035411
FAB-9803,0.052619
FAB-9802,0.127653
FAB-9801,0.064418
FAB-9800,0.010014
FAB-9799,0.020177
FAB-9798,0.013637
FAB-9797,0.101233
FAB-9796,0.070049
FAB-9795,0.071851
FAB-9794,0.039048
FAB-9793,0.013325
FAB-9792,0.025179
FAB-9791,0.084493
FAB-9790,0.073696
FAB-9789,0.013325
FAB-9788,0.076132
FAB-9787,0.610744
FAB-9786,0.01017
FAB-9785,0.14682
FAB-9784,0.853913
FAB-9783,0.021125
FAB-9782,0.010489
FAB-9781,0.096706
FAB-9780,0.078926
FAB-9779,0.130285
FAB-9778,0.026759
FAB-9776,0.028871
FAB-9775,0.111241
FAB-9774,0.058993
FAB-9773,0.035948
FAB-9772,0.501953
FAB-9771,0.012432
FAB-9766,0.361165
FAB-9765,0.565539
FAB-9764,0.982823
FAB-9763,0.864768
FAB-9762,0.019871
FAB-9761,0.358241
FAB-9760,0.024988
FAB-9759,0.803174
FAB-9758,0.058132
FAB-9757,0.905657
FAB-9756,0.016403
FAB-9755,0.035411
FAB-9753,0.084795
FAB-9752,0.103024
FAB-9751,0.013223
FAB-9750,0.01142
FAB-9749,0.974239
FAB-9748,0.96378
FAB-9747,0.882022
FAB-9746,0.784319
FAB-9745,0.101589
FAB-9744,0.086632
FAB-9743,0.065128
FAB-9742,0.023331
FAB-9741,0.020489
FAB-9740,0.763131
FAB-9739,0.944587
FAB-9738,0.048137
FAB-9737,0.961534
FAB-9735,0.046034
FAB-9733,0.854885
FAB-9732,0.061199
FAB-9729,0.132066
FAB-9728,0.197444
FAB-9727,0.162646
FAB-9725,0.193147
FAB-9724,0.981875
FAB-9723,0.972415
FAB-9722,0.033337
FAB-9721,0.072112
FAB-9720,0.061876
FAB-9719,0.024238
FAB-9718,0.356559
FAB-9716,0.018547
FAB-9715,0.006488
FAB-9714,0.043043
FAB-9713,0.035679
FAB-9712,0.090735
FAB-9711,0.326178
FAB-9709,0.014282
FAB-9708,0.073696
FAB-9707,0.033337
FAB-9706,0.010014
FAB-9705,0.039048
FAB-9704,0.076132
FAB-9703,0.022803
FAB-9702,0.009413
FAB-9698,0.010653
FAB-9697,0.014392
FAB-9696,0.254972
FAB-9695,0.480479
FAB-9694,0.128525
FAB-9693,0.015906
FAB-9692,0.080937
FAB-9691,0.048858
FAB-9690,0.012625
FAB-9689,0.091382
FAB-9688,0.191026
FAB-9687,0.037047
FAB-9686,0.617455
FAB-9685,0.032837
FAB-9684,0.087252
FAB-9683,0.686475
FAB-9682,0.207536
FAB-9681,0.485844
FAB-9677,0.896614
FAB-9676,0.978052
FAB-9675,0.088505
FAB-9674,0.234407
FAB-9673,0.968141
FAB-9672,0.110856
FAB-9671,0.086323
FAB-9670,0.967656
FAB-9669,0.043691
FAB-9667,0.013637
FAB-9666,0.039343
FAB-9665,0.021451
FAB-9664,0.040238
FAB-9663,0.027169
FAB-9662,0.021451
FAB-9660,0.073165
FAB-9659,0.58059
FAB-9658,0.91118
FAB-9657,0.601125
FAB-9656,0.69285
FAB-9655,0.165054
FAB-9654,0.51562
FAB-9653,0.008779
FAB-9652,0.098079
FAB-9651,0.03259
FAB-9650,0.015906
FAB-9649,0.962391
FAB-9648,0.028008
FAB-9647,0.936749
FAB-9646,0.012241
FAB-9645,0.537284
FAB-9644,0.980431
FAB-9643,0.014064
FAB-9642,0.017712
FAB-9641,0.9659
FAB-9640,0.227298
FAB-9639,0.070049
FAB-9638,0.354098
FAB-9637,0.06256
FAB-9636,0.058777
FAB-9635,0.013742
FAB-9633,0.063715
FAB-9632,0.066327
FAB-9631,0.051845
FAB-9630,0.082697
FAB-9629,0.923592
FAB-9628,0.117167
FAB-9624,0.309858
FAB-9623,0.197754
FAB-9622,0.020332
FAB-9621,0.016785
FAB-9620,0.03138
FAB-9619,0.037609
FAB-9618,0.028871
FAB-9617,0.016915
FAB-9616,0.068537
FAB-9615,0.047074
FAB-9614,0.28597
FAB-9613,0.28877
FAB-9612,0.011597
FAB-9611,0.075312
FAB-9610,0.024988
FAB-9609,0.405213
FAB-9608,0.865224
FAB-9607,0.027169
FAB-9605,0.063482
FAB-9604,0.054601
FAB-9603,0.028221
FAB-9600,0.039937
FAB-9599,0.046378
FAB-9595,0.014064
FAB-9594,0.060752
FAB-9593,0.062331
FAB-9592,0.037892
FAB-9591,0.055823
FAB-9590,0.950411
FAB-9589,0.914291
FAB-9588,0.068289
FAB-9587,0.064653
FAB-9586,0.013637
FAB-9585,0.019419
FAB-9584,0.020177
FAB-9582,0.08882
FAB-9581,0.878314
FAB-9580,0.926835
FAB-9579,0.956634
FAB-9578,0.01142
FAB-9577,0.724481
FAB-9575,0.145115
FAB-9573,0.153549
FAB-9572,0.039343
FAB-9571,0.281801
FAB-9570,0.768733
FAB-9568,0.59408
FAB-9567,0.021948
FAB-9564,0.018405
FAB-9563,0.809577
FAB-9562,0.013849
FAB-9561,0.016029
FAB-9560,0.2522
FAB-9559,0.042722
FAB-9558,0.047074
FAB-9557,0.015544
FAB-9556,0.944995
FAB-9553,0.01057
FAB-9552,0.010014
FAB-9551,0.955319
FAB-9550,0.090735
FAB-9549,0.011687
FAB-9548,0.011158
FAB-9547,0.014842
FAB-9546,0.124213
FAB-9545,0.040541
FAB-9544,0.919643
FAB-9542,0.020489
FAB-9541,0.015544
FAB-9539,0.013742
FAB-9538,0.054199
FAB-9536,0.014842
FAB-9535,0.028221
FAB-9534,0.030444
FAB-9532,0.511717
FAB-9531,0.887205
FAB-9527,0.212722
FAB-9526,0.888372
FAB-9525,0.03359
FAB-9524,0.556882
FAB-9523,0.187133
FAB-9522,0.048137
FAB-9521,0.710528
FAB-9520,0.516108
FAB-9517,0.010408
FAB-9516,0.957912
FAB-9515,0.099821
FAB-9514,0.524882
FAB-9513,0.039343
FAB-9510,0.007012
FAB-9508,0.080937
FAB-9507,0.079496
FAB-9506,0.012241
FAB-9505,0.06165
FAB-9504,0.971129
FAB-9503,0.018125
FAB-9499,0.908618
FAB-9496,0.174973
FAB-9495,0.009784
FAB-9494,0.011072
FAB-9492,0.010818
FAB-9491,0.921358
FAB-9488,0.015906
FAB-9487,0.207536
FAB-9486,0.006904
FAB-9485,0.051845
FAB-9483,0.095349
FAB-9481,0.009268
FAB-9479,0.071074
FAB-9478,0.134321
FAB-9477,0.03259
FAB-9475,0.007696
FAB-9474,0.050705
FAB-9473,0.078642
FAB-9472,0.919063
FAB-9470,0.028008
FAB-9469,0.969324
FAB-9468,0.010902
FAB-9466,0.053403
FAB-9465,0.185652
FAB-9464,0.522446
FAB-9463,0.893309
FAB-9462,0.011508
FAB-9460,0.101233
FAB-9458,0.057493
FAB-9457,0.040541
FAB-9456,0.055823
FAB-9455,0.097734
FAB-9454,0.021615
FAB-9453,0.010902
FAB-9452,0.874935
FAB-9451,0.273574
FAB-9448,0.011778
FAB-9446,0.895523
FAB-9444,0.861538
FAB-9443,0.92944
FAB-9442,0.935346
FAB-9441,0.01057
FAB-9440,0.049589
FAB-9439,0.112795
FAB-9438,0.008316
FAB-9436,0.181553
FAB-9430,0.106319
FAB-9427,0.457137
FAB-9426,0.03259
FAB-9425,0.857768
FAB-9422,0.014392
FAB-9419,0.011072
FAB-9417,0.05301
FAB-9415,0.014957
FAB-9414,0.048858
FAB-9413,0.021451
FAB-9409,0.06165
FAB-9408,0.019871
FAB-9406,0.013637
FAB-9405,0.552057
FAB-9404,0.011332
FAB-9403,0.086323
FAB-9401,0.080357
FAB-9400,0.477067
FAB-9399,0.092033
FAB-9397,0.257018
FAB-9396,0.536313
FAB-9395,0.46636
FAB-9394,0.257765
FAB-9393,0.049589
FAB-9391,0.146087
FAB-9390,0.017849
FAB-9389,0.01302
FAB-9388,0.390824
FAB-9387,0.067301
FAB-9386,0.018689
FAB-9385,0.023689
FAB-9384,0.094678
FAB-9383,0.025957
FAB-9379,0.011869
FAB-9372,0.015073
FAB-9371,0.452052
FAB-9370,0.571049
FAB-9369,0.011332
FAB-9363,0.058346
FAB-9362,0.030215
FAB-9361,0.027585
FAB-9357,0.026557
FAB-9356,0.026557
FAB-9355,0.026557
FAB-9354,0.027796
FAB-9353,0.026557
FAB-9352,0.026557
FAB-9351,0.07836
FAB-9349,0.041774
FAB-9348,0.173009
FAB-9347,0.084493
FAB-9346,0.09739
FAB-9345,0.076408
FAB-9344,0.108566
FAB-9343,0.049959
FAB-9342,0.625688
FAB-9336,0.104843
FAB-9334,0.879974
FAB-9332,0.127218
FAB-9331,0.284278
FAB-9330,0.06489
FAB-9329,0.044349
FAB-9328,0.010489
FAB-9326,0.087876
FAB-9324,0.045016
FAB-9323,0.925769
FAB-9322,0.787278
FAB-9318,0.709019
FAB-9317,0.169131
FAB-9316,0.117167
FAB-9315,0.039639
FAB-9314,0.035411
FAB-9313,0.035679
FAB-9312,0.042088
FAB-9311,0.022117
FAB-9310,0.544559
FAB-9309,0.072112
FAB-9308,0.080069
FAB-9307,0.049959
FAB-9306,0.082697
FAB-9305,0.110856
FAB-9303,0.994089
FAB-9302,0.708616
FAB-9301,0.011687
FAB-9298,0.015544
FAB-9297,0.062331
FAB-9296,0.016403
FAB-9295,0.030215
FAB-9294,0.021451
FAB-9293,0.134776
FAB-9292,0.030909
FAB-9291,0.007461
FAB-9290,0.022977
FAB-9289,0.010249
FAB-9288,0.019569
FAB-9286,0.006488
FAB-9285,0.066085
FAB-9283,0.025371
FAB-9281,0.013849
FAB-9279,0.017442
FAB-9278,0.275812
FAB-9277,0.039639
FAB-9276,0.013223
FAB-9266,0.049589
FAB-9265,0.051083
FAB-9264,0.064653
FAB-9263,0.075312
FAB-9262,0.021287
FAB-9261,0.020023
FAB-9260,0.041774
FAB-9259,0.025761
FAB-9257,0.170784
FAB-9256,0.022977
FAB-9255,0.087876
FAB-9254,0.327984
FAB-9253,0.893309
FAB-9252,0.871037
FAB-9251,0.19498
FAB-9250,0.021948
FAB-9249,0.50293
FAB-9248,0.018833
FAB-9247,0.065845
FAB-9246,0.018689
FAB-9245,0.951504
FAB-9242,0.008779
FAB-9240,0.840783
FAB-9236,0.008446
FAB-9233,0.023153
FAB-9232,0.115162
FAB-9231,0.078078
FAB-9230,0.01653
FAB-9228,0.055209
FAB-9227,0.131173
FAB-9226,0.020804
FAB-9225,0.386416
FAB-9224,0.254231
FAB-9223,0.017309
FAB-9222,0.01142
FAB-9221,0.014842
FAB-9220,0.051845
FAB-9219,0.138462
FAB-9217,0.051083
FAB-9216,0.072374
FAB-9214,0.014172
FAB-9213,0.025179
FAB-9212,0.013956
FAB-9211,0.034619
FAB-9210,0.071591
FAB-9209,0.016029
FAB-9208,0.179243
FAB-9207,0.012528
FAB-9206,0.013428
FAB-9205,0.713032
FAB-9204,0.122944
FAB-9203,0.208824
FAB-9202,0.788583
FAB-9201,0.524151
FAB-9199,0.014064
FAB-9198,0.050705
FAB-9196,0.060529
FAB-9193,0.056236
FAB-9192,0.015425
FAB-9190,0.046034
FAB-9189,0.03138
FAB-9187,0.021615
FAB-9185,0.042722
FAB-9184,0.034881
FAB-9183,0.015189
FAB-9182,0.967656
FAB-9181,0.768733
FAB-9180,0.979823
FAB-9179,0.01057
FAB-9178,0.013121
FAB-9177,0.008916
FAB-9176,0.015906
FAB-9174,0.008847
FAB-9173,0.974821
FAB-9172,0.021781
FAB-9171,0.008577
FAB-9168,0.971347
FAB-9167,0.050331
FAB-9166,0.025761
FAB-9165,0.051845
FAB-9164,0.029312
FAB-9163,0.028436
FAB-9162,0.023871
FAB-9161,0.012821
FAB-9160,0.007696
FAB-9159,0.019271
FAB-9158,0.037327
FAB-9157,0.022629
FAB-9156,0.016403
FAB-9155,0.01292
FAB-9154,0.022286
FAB-9153,0.023153
FAB-9152,0.028008
FAB-9151,0.024988
FAB-9150,0.025565
FAB-9149,0.024238
FAB-9148,0.020489
FAB-9146,0.015906
FAB-9145,0.013637
FAB-9144,0.0538
FAB-9143,0.017045
FAB-9142,0.018264
FAB-9141,0.022629
FAB-9140,0.021948
FAB-9139,0.015906
FAB-9138,0.029535
FAB-9137,0.011687
FAB-9136,0.015189
FAB-9135,0.048496
FAB-9134,0.019271
FAB-9133,0.022117
FAB-9132,0.056652
FAB-9131,0.055823
FAB-9130,0.011687
FAB-9129,0.010408
FAB-9128,0.561455
FAB-9127,0.018405
FAB-9126,0.014064
FAB-9125,0.011961
FAB-9124,0.017442
FAB-9123,0.06256
FAB-9122,0.100525
FAB-9120,0.050705
FAB-9119,0.042404
FAB-9118,0.023509
FAB-9117,0.019569
FAB-9116,0.036494
FAB-9115,0.041462
FAB-9114,0.096365
FAB-9113,0.03622
FAB-9112,0.92523
FAB-9111,0.983597
FAB-9110,0.204025
FAB-9109,0.965119
FAB-9108,0.633934
FAB-9107,0.194062
FAB-9105,0.054803
FAB-9104,0.039048
FAB-9103,0.042088
FAB-9102,0.426083
FAB-9101,0.059866
FAB-9100,0.01292
FAB-9099,0.860134
FAB-9098,0.7773
FAB-9097,0.919643
FAB-9096,0.984811
FAB-9093,0.017577
FAB-9091,0.58818
FAB-9090,0.061424
FAB-9089,0.431345
FAB-9088,0.138928
FAB-9087,0.042722
FAB-9086,0.402862
FAB-9085,0.923039
FAB-9084,0.100172
FAB-9083,0.117167
FAB-9082,0.028871
FAB-9081,0.186243
FAB-9080,0.101589
FAB-9074,0.017986
FAB-9073,0.130285
FAB-9067,0.0538
FAB-9066,0.916708
FAB-9065,0.018833
FAB-9064,0.021125
FAB-9063,0.307722
FAB-9061,0.057071
FAB-9060,0.035411
FAB-9059,0.018547
FAB-9057,0.938576
FAB-9056,0.753829
FAB-9055,0.405213
FAB-9052,0.143188
FAB-9050,0.160266
FAB-9048,0.256273
FAB-9047,0.110471
FAB-9046,0.147555
FAB-9045,0.09947
FAB-9044,0.508788
FAB-9043,0.067547
FAB-9042,0.563378
FAB-9039,0.053403
FAB-9037,0.056236
FAB-9035,0.056236
FAB-9033,0.07921
FAB-9032,0.249905
FAB-9030,0.048496
FAB-9028,0.016657
FAB-9027,0.033844
FAB-9026,0.025957
FAB-9024,0.024423
FAB-9022,0.043691
FAB-9021,0.018125
FAB-9017,0.080647
FAB-9016,0.942507
FAB-9015,0.730674
FAB-9014,0.188026
FAB-9013,0.841826
FAB-9012,0.084493
FAB-9011,0.010014
FAB-9010,0.892187
FAB-9009,0.031859
FAB-9008,0.071074
FAB-9007,0.198996
FAB-9006,0.367497
FAB-9005,0.648369
FAB-9004,0.605799
FAB-9003,0.871037
FAB-9002,0.217005
FAB-9001,0.823896
FAB-9000,0.315789
FAB-8999,0.79053
FAB-8998,0.908618
FAB-8997,0.099821
FAB-8996,0.914291
FAB-8994,0.069542
FAB-8993,0.95222
FAB-8992,0.779993
FAB-8991,0.27474
FAB-8990,0.144149
FAB-8989,0.901575
FAB-8988,0.654729
FAB-8987,0.979511
FAB-8984,0.014842
FAB-8980,0.075858
FAB-8978,0.058777
FAB-8976,0.043366
FAB-8975,0.079496
FAB-8972,0.00934
FAB-8971,0.061424
FAB-8970,0.086323
FAB-8967,0.08152
FAB-8964,0.009634
FAB-8962,0.949669
FAB-8960,0.622287
FAB-8959,0.034881
FAB-8958,0.015544
FAB-8956,0.009936
FAB-8951,0.211743
FAB-8950,0.255901
FAB-8949,0.260013
FAB-8947,0.027169
FAB-8934,0.027376
FAB-8933,0.019569
FAB-8932,0.033844
FAB-8930,0.92944
FAB-8926,0.117978
FAB-8925,0.482917
FAB-8923,0.276886
FAB-8922,0.070304
FAB-8920,0.062103
FAB-8918,0.025761
FAB-8917,0.943348
FAB-8916,0.0538
FAB-8915,0.010249
FAB-8914,0.09739
FAB-8913,0.046725
FAB-8911,0.01017
FAB-8909,0.124213
FAB-8908,0.016403
FAB-8907,0.063019
FAB-8906,0.042722
FAB-8905,0.064418
FAB-8904,0.092033
FAB-8895,0.154567
FAB-8893,0.063019
FAB-8892,0.101947
FAB-8891,0.101947
FAB-8890,0.045353
FAB-8889,0.05301
FAB-8888,0.057493
FAB-8887,0.069289
FAB-8886,0.060752
FAB-8885,0.074231
FAB-8884,0.056236
FAB-8883,0.039937
FAB-8882,0.098425
FAB-8881,0.133415
FAB-8877,0.019271
FAB-8873,0.077797
FAB-8871,0.046725
FAB-8870,0.094678
FAB-8869,0.935346
FAB-8864,0.907967
FAB-8863,0.948917
FAB-8857,0.914901
FAB-8855,0.2587
FAB-8854,0.016785
FAB-8853,0.010987
FAB-8850,0.028871
FAB-8848,0.016657
FAB-8846,0.90053
FAB-8844,0.014957
FAB-8843,0.018833
FAB-8841,0.801315
FAB-8838,0.979977
FAB-8837,0.967163
FAB-8836,0.937669
FAB-8835,0.011597
FAB-8834,0.059866
FAB-8833,0.740737
FAB-8832,0.150528
FAB-8831,0.607314
FAB-8830,0.7237
FAB-8825,0.561696
FAB-8824,0.135232
FAB-8823,0.893309
FAB-8820,0.962673
FAB-8819,0.965381
FAB-8818,0.886813
FAB-8817,0.972415
FAB-8815,0.985936
FAB-8814,0.979668
FAB-8812,0.965119
FAB-8810,0.680029
FAB-8809,0.030444
FAB-8808,0.712432
FAB-8807,0.7237
FAB-8806,0.846958
FAB-8805,0.772187
FAB-8804,0.029091
FAB-8803,0.030444
FAB-8801,0.913984
FAB-8800,0.934873
FAB-8799,0.051083
FAB-8798,0.009634
FAB-8797,0.120439
FAB-8796,0.698844
FAB-8794,0.983723
FAB-8793,0.986572
FAB-8792,0.992654
FAB-8790,0.155848
FAB-8788,0.972204
FAB-8787,0.970465
FAB-8786,0.120439
FAB-8785,0.095349
FAB-8784,0.011508
FAB-8779,0.988492
FAB-8775,0.035145
FAB-8774,0.028871
FAB-8769,0.046034
FAB-8768,0.935817
FAB-8766,0.071074
FAB-8765,0.164516
FAB-8763,0.073963
FAB-8762,0.038466
FAB-8761,0.023331
FAB-8760,0.011961
FAB-8759,0.065128
FAB-8758,0.032344
FAB-8757,0.013121
FAB-8756,0.299515
FAB-8755,0.146575
FAB-8748,0.087564
FAB-8747,0.064418
FAB-8745,0.0538
FAB-8744,0.054601
FAB-8742,0.223716
FAB-8741,0.080647
FAB-8740,0.090093
FAB-8739,0.015073
FAB-8738,0.175256
FAB-8737,0.039937
FAB-8733,0.087252
FAB-8732,0.029987
FAB-8731,0.018125
FAB-8730,0.010328
FAB-8729,0.99014
FAB-8728,0.009055
FAB-8727,0.983971
FAB-8722,0.018547
FAB-8720,0.031619
FAB-8718,0.96862
FAB-8707,0.024238
FAB-8706,0.094678
FAB-8705,0.028653
FAB-8703,0.198064
FAB-8701,0.025565
FAB-8700,0.054199
FAB-8698,0.025957
FAB-8697,0.059428
FAB-8696,0.144149
FAB-8695,0.147555
FAB-8694,0.118793
FAB-8691,0.009268
FAB-8689,0.80038
FAB-8688,0.025761
FAB-8686,0.055413
FAB-8685,0.651964
FAB-8684,0.969324
FAB-8683,0.819316
FAB-8682,0.038178
FAB-8680,0.864768
FAB-8679,0.023871
FAB-8676,0.022457
FAB-8675,0.021125
FAB-8674,0.954984
FAB-8673,0.27048
FAB-8671,0.089137
FAB-8670,0.976129
FAB-8668,0.162646
FAB-8666,0.199308
FAB-8665,0.977197
FAB-8664,0.205934
FAB-8660,0.911495
FAB-8659,0.060975
FAB-8658,0.057071
FAB-8657,0.040846
FAB-8655,0.048137
FAB-8654,0.044681
FAB-8649,0.019569
FAB-8648,0.019271
FAB-8647,0.107063
FAB-8646,0.062331
FAB-8645,0.014957
FAB-8644,0.068537
FAB-8643,0.988131
FAB-8642,0.086016
FAB-8641,0.906983
FAB-8640,0.045016
FAB-8638,0.035411
FAB-8637,0.010818
FAB-8636,0.021451
FAB-8635,0.075858
FAB-8634,0.483405
FAB-8633,0.006693
FAB-8632,0.103024
FAB-8631,0.021287
FAB-8630,0.010408
FAB-8629,0.924142
FAB-8628,0.007461
FAB-8626,0.017712
FAB-8624,0.279829
FAB-8623,0.198375
FAB-8622,0.760295
FAB-8621,0.015906
FAB-8618,0.14439
FAB-8614,0.225417
FAB-8613,0.124639
FAB-8612,0.021615
FAB-8611,0.017045
FAB-8610,0.884439
FAB-8609,0.359139
FAB-8608,0.236869
FAB-8605,0.010987
FAB-8603,0.82559
FAB-8602,0.013121
FAB-8601,0.014729
FAB-8600,0.017986
FAB-8598,0.009784
FAB-8597,0.66061
FAB-8595,0.015189
FAB-8594,0.014172
FAB-8593,0.016657
FAB-8591,0.010014
FAB-8590,0.040541
FAB-8589,0.02976
FAB-8588,0.32544
FAB-8586,0.085099
FAB-8584,0.023689
FAB-8583,0.817574
FAB-8577,0.072112
FAB-8576,0.063251
FAB-8575,0.023871
FAB-8573,0.009126
FAB-8572,0.042722
FAB-8570,0.060087
FAB-8569,0.311061
FAB-8568,0.014504
FAB-8567,0.012241
FAB-8566,0.328045
FAB-8564,0.048137
FAB-8562,0.009559
FAB-8561,0.015544
FAB-8560,0.361897
FAB-8559,0.028221
FAB-8557,0.048137
FAB-8555,0.019719
FAB-8554,0.020332
FAB-8553,0.792143
FAB-8552,0.022457
FAB-8551,0.012241
FAB-8549,0.762424
FAB-8545,0.014504
FAB-8544,0.015664
FAB-8543,0.098079
FAB-8541,0.020489
FAB-8540,0.149035
FAB-8539,0.012723
FAB-8537,0.846958
FAB-8536,0.011508
FAB-8535,0.928926
FAB-8534,0.937669
FAB-8533,0.923039
FAB-8532,0.954984
FAB-8531,0.937669
FAB-8530,0.926835
FAB-8526,0.856332
FAB-8524,0.011508
FAB-8522,0.965641
FAB-8521,0.910227
FAB-8520,0.080069
FAB-8518,0.008062
FAB-8517,0.134776
FAB-8516,0.358746
FAB-8513,0.52829
FAB-8512,0.944587
FAB-8511,0.038466
FAB-8510,0.012241
FAB-8509,0.028436
FAB-8508,0.085404
FAB-8507,0.168309
FAB-8506,0.085404
FAB-8505,0.417746
FAB-8504,0.103386
FAB-8503,0.017177
FAB-8502,0.018547
FAB-8500,0.781664
FAB-8499,0.428473
FAB-8498,0.353763
FAB-8497,0.009559
FAB-8496,0.040541
FAB-8493,0.009486
FAB-8492,0.012147
FAB-8489,0.014392
FAB-8488,0.47171
FAB-8486,0.037327
FAB-8485,0.025957
FAB-8484,0.025179
FAB-8483,0.017045
FAB-8482,0.979823
FAB-8481,0.014064
FAB-8480,0.068787
FAB-8479,0.044681
FAB-8476,0.061876
FAB-8473,0.017986
FAB-8471,0.070049
FAB-8461,0.947769
FAB-8460,0.198685
FAB-8459,0.109706
FAB-8458,0.023689
FAB-8456,0.01653
FAB-8455,0.095013
FAB-8453,0.011158
FAB-8451,0.046034
FAB-8449,0.015425
FAB-8447,0.612078
FAB-8446,0.02461
FAB-8445,0.067793
FAB-8444,0.087252
FAB-8443,0.013849
FAB-8441,0.132964
FAB-8440,0.035411
FAB-8439,0.049959
FAB-8437,0.141756
FAB-8436,0.010249
FAB-8435,0.042088
FAB-8434,0.051463
FAB-8433,0.459561
FAB-8431,0.011687
FAB-8430,0.018125
FAB-8429,0.034359
FAB-8428,0.789883
FAB-8426,0.064418
FAB-8424,0.011597
FAB-8423,0.012625
FAB-8419,0.035145
FAB-8418,0.056652
FAB-8417,0.389082
FAB-8416,0.271638
FAB-8414,0.151028
FAB-8413,0.037047
FAB-8412,0.037327
FAB-8411,0.0538
FAB-8410,0.059428
FAB-8409,0.048137
FAB-8408,0.013428
FAB-8407,0.010489
FAB-8405,0.074231
FAB-8404,0.008644
FAB-8402,0.886813
FAB-8398,0.982014
FAB-8397,0.980876
FAB-8396,0.986363
FAB-8395,0.987946
FAB-8394,0.008577
FAB-8393,0.014392
FAB-8386,0.011961
FAB-8384,0.156105
FAB-8383,0.016915
FAB-8382,0.360376
FAB-8381,0.189521
FAB-8380,0.08389
FAB-8379,0.311636
FAB-8377,0.912748
FAB-8374,0.013637
FAB-8372,0.976129
FAB-8371,0.029535
FAB-8370,0.96741
FAB-8369,0.038178
FAB-8368,0.0745
FAB-8367,0.037327
FAB-8366,0.017849
FAB-8365,0.028436
FAB-8364,0.027376
FAB-8363,0.016657
FAB-8362,0.016915
FAB-8361,0.789234
FAB-8360,0.038756
FAB-8359,0.111241
FAB-8358,0.035948
FAB-8357,0.034619
FAB-8356,0.021451
FAB-8354,0.014064
FAB-8350,0.754915
FAB-8349,0.567697
FAB-8348,0.009936
FAB-8347,0.039639
FAB-8342,0.118793
FAB-8341,0.011245
FAB-8340,0.222025
FAB-8339,0.092033
FAB-8338,0.258139
FAB-8337,0.080647
FAB-8336,0.012723
FAB-8335,0.961534
FAB-8334,0.248352
FAB-8332,0.059647
FAB-8328,0.026964
FAB-8327,0.085404
FAB-8324,0.056236
FAB-8323,0.154312
FAB-8321,0.056029
FAB-8320,0.057071
FAB-8319,0.05301
FAB-8318,0.014392
FAB-8317,0.736969
FAB-8316,0.012147
FAB-8315,0.012723
FAB-8313,0.072637
FAB-8312,0.677367
FAB-8311,0.011961
FAB-8310,0.066569
FAB-8309,0.011508
FAB-8307,0.067793
FAB-8306,0.043043
FAB-8305,0.049589
FAB-8304,0.063715
FAB-8297,0.101947
FAB-8296,0.041774
FAB-8295,0.0538
FAB-8294,0.063019
FAB-8293,0.070049
FAB-8287,0.066085
FAB-8286,0.073165
FAB-8284,0.05921
FAB-8283,0.048858
FAB-8279,0.087876
FAB-8278,0.142232
FAB-8277,0.032344
FAB-8275,0.263031
FAB-8274,0.028871
FAB-8273,0.041462
FAB-8272,0.0341
FAB-8271,0.05301
FAB-8270,0.971347
FAB-8269,0.989182
FAB-8268,0.715424
FAB-8265,0.03259
FAB-8264,0.031619
FAB-8263,0.132964
FAB-8260,0.086942
FAB-8259,0.08389
FAB-8258,0.096025
FAB-8257,0.086323
FAB-8256,0.086323
FAB-8255,0.246896
FAB-8254,0.017986
FAB-8253,0.140336
FAB-8252,0.185062
FAB-8251,0.165323
FAB-8250,0.196209
FAB-8249,0.176956
FAB-8248,0.239172
FAB-8246,0.171338
FAB-8245,0.037892
FAB-8244,0.156878
FAB-8243,0.053403
FAB-8242,0.054803
FAB-8240,0.043366
FAB-8239,0.180974
FAB-8231,0.086016
FAB-8230,0.05921
FAB-8228,0.05301
FAB-8226,0.015189
FAB-8225,0.043043
FAB-8224,0.072374
FAB-8223,0.058346
FAB-8219,0.121686
FAB-8214,0.086323
FAB-8213,0.009486
FAB-8210,0.145601
FAB-8209,0.069542
FAB-8208,0.094343
FAB-8207,0.088505
FAB-8206,0.144631
FAB-8205,0.13707
FAB-8204,0.015425
FAB-8202,0.01292
FAB-8201,0.124213
FAB-8200,0.109706
FAB-8199,0.092033
FAB-8197,0.018689
FAB-8195,0.014504
FAB-8194,0.018978
FAB-8193,0.028436
FAB-8192,0.086632
FAB-8190,0.066085
FAB-8188,0.583085
FAB-8187,0.309624
FAB-8186,0.133415
FAB-8185,0.071591
FAB-8184,0.066085
FAB-8183,0.084493
FAB-8182,0.075858
FAB-8181,0.06489
FAB-8180,0.343892
FAB-8179,0.527803
FAB-8178,0.269326
FAB-8177,0.349762
FAB-8176,0.921358
FAB-8175,0.167219
FAB-8174,0.067793
FAB-8173,0.057071
FAB-8172,0.427277
FAB-8171,0.984456
FAB-8170,0.758511
FAB-8169,0.182717
FAB-8168,0.193757
FAB-8167,0.736401
FAB-8166,0.879147
FAB-8165,0.259732
FAB-8164,0.149283
FAB-8163,0.043691
FAB-8162,0.484868
FAB-8161,0.396185
FAB-8160,0.333178
FAB-8159,0.012241
FAB-8158,0.049589
FAB-8156,0.349824
FAB-8153,0.01653
FAB-8152,0.013428
FAB-8149,0.068537
FAB-8148,0.009126
FAB-8147,0.563138
FAB-8144,0.013428
FAB-8141,0.811676
FAB-8140,0.73848
FAB-8139,0.274157
FAB-8138,0.014504
FAB-8137,0.014729
FAB-8136,0.848972
FAB-8135,0.014616
FAB-8133,0.045692
FAB-8132,0.010249
FAB-8131,0.96378
FAB-8130,0.086942
FAB-8126,0.062789
FAB-8125,0.829492
FAB-8122,0.067547
FAB-8117,0.096025
FAB-8114,0.045692
FAB-8113,0.012241
FAB-8112,0.141281
FAB-8111,0.034881
FAB-8110,0.051845
FAB-8109,0.046725
FAB-8108,0.040238
FAB-8107,0.037327
FAB-8106,0.091382
FAB-8105,0.568416
FAB-8104,0.061424
FAB-8103,0.010987
FAB-8102,0.049589
FAB-8099,0.051463
FAB-8098,0.657538
FAB-8097,0.493164
FAB-8096,0.014616
FAB-8095,0.014504
FAB-8094,0.330255
FAB-8093,0.811676
FAB-8091,0.015906
FAB-8090,0.05301
FAB-8089,0.335351
FAB-8088,0.01653
FAB-8086,0.011245
FAB-8085,0.918187
FAB-8083,0.018125
FAB-8082,0.005911
FAB-8081,0.046725
FAB-8080,0.013637
FAB-8075,0.016785
FAB-8072,0.018547
FAB-8069,0.056236
FAB-8067,0.128525
FAB-8066,0.043043
FAB-8065,0.023509
FAB-8064,0.806548
FAB-8062,0.083591
FAB-8061,0.019569
FAB-8055,0.015906
FAB-8053,0.970465
FAB-8046,0.880797
FAB-8045,0.048858
FAB-8044,0.014957
FAB-8043,0.025565
FAB-8042,0.961244
FAB-8041,0.050705
FAB-8040,0.040238
FAB-8038,0.044349
FAB-8037,0.042722
FAB-8036,0.008779
FAB-8035,0.187133
FAB-8031,0.984215
FAB-8028,0.017986
FAB-8027,0.017712
FAB-8026,0.054199
FAB-8025,0.053403
FAB-8020,0.277669
FAB-8019,0.011508
FAB-8017,0.018547
FAB-8016,0.712632
FAB-8014,0.044019
FAB-8013,0.019871
FAB-8012,0.400749
FAB-8011,0.156105
FAB-8010,0.017986
FAB-8009,0.194368
FAB-8007,0.845942
FAB-8006,0.019569
FAB-8000,0.010902
FAB-7999,0.969785
FAB-7997,0.114369
FAB-7996,0.680879
FAB-7995,0.035948
FAB-7992,0.016403
FAB-7991,0.07477
FAB-7988,0.012336
FAB-7987,0.052619
FAB-7986,0.050705
FAB-7985,0.007233
FAB-7982,0.01017
FAB-7979,0.014392
FAB-7977,0.032344
FAB-7976,0.678966
FAB-7974,0.035679
FAB-7973,0.079496
FAB-7971,0.015306
FAB-7969,0.017309
FAB-7966,0.006193
FAB-7964,0.487307
FAB-7963,0.013742
FAB-7961,0.023871
FAB-7959,0.031619
FAB-7958,0.750553
FAB-7957,0.010653
FAB-7956,0.014504
FAB-7955,0.007012
FAB-7954,0.016785
FAB-7953,0.135232
FAB-7952,0.020964
FAB-7951,0.941654
FAB-7947,0.016403
FAB-7942,0.010818
FAB-7941,0.039343
FAB-7939,0.027585
FAB-7936,0.055413
FAB-7935,0.050331
FAB-7933,0.042404
FAB-7930,0.414899
FAB-7929,0.111628
FAB-7928,0.00934
FAB-7927,0.097048
FAB-7926,0.138462
FAB-7925,0.047426
FAB-7924,0.020804
FAB-7923,0.463201
FAB-7920,0.123366
FAB-7919,0.862468
FAB-7918,0.257765
FAB-7916,0.057918
FAB-7915,0.081228
FAB-7914,0.234407
FAB-7913,0.175821
FAB-7912,0.06804
FAB-7910,0.076684
FAB-7909,0.072374
FAB-7908,0.008779
FAB-7907,0.272508
FAB-7906,0.183594
FAB-7905,0.151529
FAB-7904,0.240775
FAB-7903,0.197754
FAB-7902,0.17441
FAB-7901,0.221519
FAB-7900,0.187133
FAB-7899,0.360714
FAB-7898,0.308346
FAB-7897,0.260954
FAB-7896,0.288469
FAB-7895,0.056444
FAB-7892,0.439747
FAB-7891,0.439747
FAB-7889,0.007233
FAB-7888,0.015425
FAB-7886,0.011961
FAB-7881,0.014504
FAB-7879,0.048496
FAB-7878,0.056236
FAB-7877,0.349255
FAB-7876,0.014064
FAB-7872,0.139396
FAB-7871,0.015906
FAB-7866,0.032101
FAB-7865,0.008644
FAB-7863,0.016915
FAB-7862,0.764188
FAB-7861,0.146575
FAB-7856,0.011869
FAB-7853,0.887205
FAB-7847,0.019124
FAB-7845,0.120439
FAB-7842,0.015906
FAB-7840,0.017442
FAB-7838,0.041774
FAB-7837,0.013223
FAB-7836,0.007346
FAB-7835,0.011158
FAB-7834,0.044019
FAB-7833,0.010091
FAB-7832,0.180974
FAB-7831,0.941654
FAB-7830,0.967163
FAB-7829,0.063019
FAB-7828,0.049589
FAB-7827,0.913677
FAB-7824,0.530723
FAB-7821,0.06256
FAB-7818,0.284974
FAB-7817,0.092033
FAB-7816,0.013849
FAB-7815,0.041462
FAB-7811,0.029312
FAB-7810,0.128088
FAB-7808,0.010653
FAB-7804,0.065845
FAB-7803,0.533397
FAB-7802,0.571288
FAB-7801,0.019871
FAB-7799,0.012528
FAB-7797,0.030676
FAB-7795,0.101947
FAB-7792,0.057918
FAB-7791,0.039343
FAB-7790,0.054199
FAB-7788,0.078078
FAB-7787,0.063019
FAB-7786,0.058777
FAB-7785,0.055823
FAB-7784,0.085709
FAB-7783,0.07056
FAB-7782,0.052231
FAB-7781,0.077797
FAB-7780,0.100172
FAB-7779,0.557845
FAB-7777,0.010818
FAB-7775,0.016277
FAB-7774,0.024423
FAB-7773,0.034359
FAB-7772,0.040846
FAB-7771,0.899121
FAB-7770,0.016785
FAB-7769,0.011508
FAB-7767,0.018264
FAB-7766,0.360123
FAB-7764,0.104112
FAB-7762,0.016403
FAB-7761,0.849472
FAB-7760,0.190724
FAB-7759,0.05301
FAB-7758,0.013223
FAB-7757,0.011245
FAB-7756,0.029312
FAB-7755,0.023153
FAB-7754,0.017309
FAB-7753,0.037327
FAB-7752,0.01057
FAB-7750,0.596316
FAB-7746,0.026156
FAB-7744,0.734501
FAB-7740,0.067793
FAB-7739,0.009197
FAB-7738,0.080937
FAB-7737,0.065605
FAB-7734,0.050331
FAB-7733,0.014172
FAB-7732,0.014729
FAB-7731,0.020332
FAB-7730,0.009559
FAB-7729,0.795658
FAB-7728,0.016403
FAB-7727,0.876634
FAB-7725,0.021287
FAB-7724,0.011597
FAB-7723,0.017712
FAB-7722,0.065366
FAB-7721,0.084493
FAB-7718,0.73029
FAB-7717,0.433022
FAB-7716,0.338023
FAB-7715,0.041462
FAB-7713,0.014957
FAB-7712,0.252568
FAB-7710,0.158435
FAB-7709,0.133415
FAB-7708,0.875361
FAB-7707,0.016277
FAB-7705,0.851953
FAB-7704,0.057918
FAB-7703,0.010489
FAB-7702,0.067056
FAB-7701,0.032344
FAB-7700,0.197135
FAB-7698,0.028653
FAB-7696,0.169131
FAB-7695,0.104843
FAB-7694,0.107063
FAB-7692,0.972415
FAB-7691,0.143188
FAB-7688,0.494629
FAB-7686,0.051083
FAB-7685,0.019569
FAB-7684,0.017577
FAB-7683,0.015664
FAB-7680,0.017177
FAB-7679,0.039937
FAB-7678,0.028221
FAB-7677,0.045692
FAB-7676,0.015425
FAB-7675,0.01292
FAB-7674,0.039639
FAB-7673,0.027169
FAB-7672,0.010902
FAB-7671,0.031619
FAB-7669,0.385143
FAB-7668,0.033086
FAB-7667,0.057493
FAB-7665,0.020332
FAB-7664,0.619471
FAB-7663,0.139396
FAB-7661,0.961534
FAB-7657,0.049589
FAB-7653,0.010902
FAB-7652,0.071074
FAB-7651,0.061424
FAB-7650,0.045692
FAB-7649,0.06256
FAB-7647,0.101589
FAB-7645,0.007938
FAB-7644,0.986979
FAB-7643,0.219672
FAB-7641,0.015544
FAB-7640,0.053403
FAB-7639,0.051845
FAB-7638,0.030215
FAB-7636,0.02976
FAB-7635,0.099821
FAB-7634,0.067547
FAB-7633,0.348645
FAB-7632,0.051083
FAB-7631,0.033086
FAB-7630,0.413004
FAB-7629,0.026156
FAB-7627,0.141281
FAB-7625,0.736021
FAB-7624,0.055413
FAB-7623,0.817574
FAB-7622,0.034881
FAB-7621,0.100879
FAB-7618,0.07477
FAB-7617,0.31563
FAB-7616,0.913677
FAB-7615,0.919643
FAB-7614,0.489748
FAB-7613,0.080937
FAB-7612,0.72331
FAB-7610,0.065366
FAB-7608,0.860604
FAB-7607,0.185652
FAB-7605,0.011072
FAB-7604,0.016029
FAB-7601,0.970013
FAB-7600,0.071591
FAB-7598,0.91181
FAB-7595,0.151028
FAB-7594,0.046725
FAB-7593,0.867036
FAB-7592,0.007938
FAB-7591,0.140336
FAB-7589,0.055413
FAB-7588,0.014616
FAB-7587,0.63392
FAB-7586,0.019569
FAB-7585,0.159217
FAB-7584,0.015306
FAB-7582,0.469764
FAB-7581,0.968141
FAB-7580,0.701917
FAB-7579,0.06256
FAB-7575,0.014504
FAB-7574,0.231962
FAB-7573,0.972623
FAB-7572,0.050331
FAB-7571,0.036494
FAB-7570,0.135232
FAB-7569,0.009559
FAB-7568,0.244003
FAB-7567,0.975577
FAB-7566,0.015189
FAB-7565,0.022803
FAB-7563,0.110856
FAB-7562,0.045016
FAB-7561,0.5083
FAB-7560,0.012147
FAB-7559,0.845433
FAB-7558,0.057071
FAB-7557,0.157655
FAB-7556,0.013325
FAB-7555,0.020964
FAB-7554,0.249082
FAB-7553,0.870157
FAB-7552,0.609757
FAB-7551,0.982423
FAB-7549,0.040541
FAB-7548,0.615406
FAB-7547,0.504639
FAB-7544,0.017177
FAB-7543,0.153042
FAB-7542,0.029987
FAB-7541,0.020964
FAB-7540,0.461745
FAB-7539,0.278061
FAB-7538,0.026557
FAB-7537,0.034619
FAB-7535,0.126353
FAB-7533,0.016277
FAB-7529,0.836555
FAB-7527,0.052619
FAB-7526,0.052619
FAB-7525,0.456168
FAB-7523,0.026355
FAB-7522,0.019871
FAB-7521,0.060975
FAB-7520,0.622861
FAB-7519,0.90599
FAB-7518,0.016277
FAB-7515,0.075858
FAB-7511,0.009559
FAB-7510,0.698638
FAB-7506,0.982691
FAB-7505,0.811676
FAB-7503,0.012625
FAB-7502,0.040846
FAB-7501,0.012336
FAB-7500,0.938124
FAB-7497,0.104843
FAB-7495,0.250179
FAB-7494,0.019419
FAB-7493,0.019419
FAB-7492,0.015544
FAB-7491,0.06489
FAB-7490,0.839208
FAB-7487,0.010328
FAB-7484,0.08882
FAB-7482,0.776284
FAB-7481,0.014616
FAB-7480,0.049222
FAB-7479,0.042088
FAB-7477,0.018405
FAB-7476,0.008916
FAB-7475,0.137996
FAB-7473,0.09236
FAB-7472,0.045353
FAB-7470,0.012625
FAB-7469,0.688887
FAB-7468,0.881615
FAB-7463,0.074231
FAB-7462,0.069542
FAB-7461,0.108945
FAB-7460,0.304042
FAB-7457,0.073696
FAB-7456,0.011869
FAB-7455,0.248352
FAB-7454,0.186539
FAB-7453,0.022286
FAB-7450,0.839208
FAB-7449,0.023509
FAB-7446,0.008316
FAB-7445,0.022977
FAB-7444,0.939025
FAB-7443,0.055823
FAB-7442,0.064183
FAB-7441,0.011961
FAB-7438,0.035679
FAB-7436,0.010014
FAB-7435,0.079782
FAB-7434,0.015189
FAB-7433,0.94079
FAB-7432,0.013742
FAB-7431,0.015664
FAB-7430,0.046378
FAB-7428,0.020332
FAB-7427,0.521958
FAB-7426,0.035145
FAB-7425,0.111628
FAB-7424,0.108566
FAB-7423,0.073696
FAB-7422,0.089455
FAB-7421,0.072374
FAB-7420,0.016657
FAB-7419,0.989347
FAB-7418,0.902952
FAB-7417,0.071591
FAB-7416,0.515132
FAB-7415,0.787931
FAB-7414,0.07343
FAB-7412,0.008446
FAB-7411,0.042722
FAB-7410,0.63273
FAB-7409,0.086942
FAB-7408,0.06489
FAB-7407,0.851953
FAB-7406,0.875787
FAB-7405,0.027585
FAB-7403,0.305076
FAB-7399,0.017986
FAB-7398,0.140336
FAB-7397,0.007461
FAB-7396,0.256646
FAB-7395,0.151028
FAB-7394,0.018547
FAB-7393,0.010653
FAB-7391,0.631481
FAB-7390,0.013532
FAB-7389,0.041774
FAB-7384,0.069542
FAB-7382,0.956634
FAB-7380,0.033086
FAB-7378,0.105948
FAB-7377,0.977371
FAB-7376,0.049959
FAB-7375,0.101589
FAB-7374,0.105579
FAB-7373,0.098773
FAB-7372,0.087564
FAB-7371,0.039937
FAB-7370,0.05301
FAB-7369,0.043366
FAB-7368,0.188922
FAB-7367,0.980876
FAB-7366,0.010489
FAB-7365,0.039343
FAB-7364,0.057071
FAB-7363,0.041774
FAB-7362,0.045692
FAB-7361,0.044019
FAB-7360,0.052231
FAB-7352,0.015906
FAB-7343,0.639685
FAB-7342,0.086632
FAB-7341,0.755637
FAB-7340,0.039343
FAB-7339,0.030676
FAB-7338,0.028871
FAB-7337,0.394434
FAB-7335,0.01017
FAB-7334,0.08882
FAB-7333,0.097734
FAB-7332,0.532425
FAB-7331,0.519278
FAB-7330,0.091382
FAB-7329,0.101589
FAB-7328,0.019569
FAB-7327,0.013532
FAB-7326,0.17441
FAB-7325,0.07343
FAB-7322,0.08819
FAB-7308,0.915507
FAB-7306,0.792464
FAB-7304,0.090414
FAB-7303,0.154058
FAB-7302,0.271928
FAB-7301,0.105948
FAB-7299,0.022117
FAB-7298,0.052619
FAB-7297,0.076961
FAB-7296,0.94079
FAB-7295,0.011597
FAB-7293,0.020023
FAB-7291,0.010987
FAB-7290,0.010987
FAB-7289,0.461988
FAB-7288,0.011687
FAB-7287,0.044019
FAB-7286,0.047074
FAB-7285,0.040846
FAB-7284,0.040846
FAB-7283,0.044019
FAB-7282,0.095687
FAB-7281,0.124213
FAB-7280,0.042088
FAB-7279,0.024798
FAB-7278,0.959154
FAB-7276,0.013223
FAB-7275,0.019569
FAB-7273,0.76908
FAB-7271,0.039639
FAB-7270,0.045353
FAB-7269,0.054601
FAB-7268,0.050705
FAB-7267,0.039639
FAB-7266,0.046378
FAB-7265,0.061424
FAB-7264,0.060308
FAB-7263,0.045692
FAB-7262,0.080937
FAB-7261,0.0538
FAB-7260,0.055413
FAB-7259,0.046034
FAB-7258,0.045353
FAB-7257,0.046725
FAB-7256,0.054199
FAB-7255,0.053403
FAB-7254,0.040238
FAB-7253,0.046378
FAB-7252,0.045353
FAB-7251,0.038466
FAB-7249,0.887595
FAB-7247,0.123789
FAB-7246,0.116362
FAB-7245,0.177526
FAB-7243,0.314998
FAB-7242,0.017045
FAB-7241,0.016277
FAB-7240,0.149531
FAB-7239,0.065366
FAB-7237,0.860604
FAB-7236,0.011508
FAB-7229,0.055823
FAB-7226,0.982151
FAB-7224,0.965641
FAB-7223,0.012336
FAB-7222,0.008062
FAB-7221,0.907312
FAB-7220,0.014282
FAB-7219,0.140808
FAB-7216,0.083591
FAB-7215,0.060975
FAB-7214,0.058132
FAB-7213,0.051463
FAB-7212,0.037327
FAB-7211,0.099821
FAB-7210,0.066085
FAB-7209,0.060975
FAB-7208,0.011508
FAB-7207,0.126353
FAB-7206,0.060975
FAB-7205,0.637821
FAB-7204,0.059647
FAB-7203,0.072637
FAB-7202,0.108189
FAB-7201,0.039937
FAB-7200,0.035679
FAB-7199,0.047426
FAB-7198,0.050705
FAB-7197,0.042404
FAB-7196,0.043366
FAB-7195,0.045016
FAB-7194,0.039639
FAB-7193,0.037892
FAB-7192,0.056236
FAB-7191,0.063482
FAB-7190,0.049589
FAB-7189,0.040846
FAB-7188,0.036494
FAB-7187,0.063019
FAB-7186,0.049959
FAB-7185,0.041462
FAB-7184,0.037327
FAB-7182,0.893309
FAB-7181,0.066569
FAB-7180,0.09236
FAB-7179,0.311532
FAB-7178,0.093678
FAB-7177,0.096365
FAB-7176,0.066327
FAB-7175,0.102305
FAB-7174,0.105579
FAB-7173,0.165863
FAB-7169,0.495117
FAB-7160,0.009634
FAB-7159,0.187728
FAB-7158,0.221351
FAB-7157,0.239172
FAB-7156,0.061199
FAB-7155,0.085709
FAB-7154,0.092033
FAB-7153,0.491212
FAB-7152,0.0538
FAB-7151,0.048137
FAB-7150,0.051845
FAB-7149,0.123789
FAB-7148,0.013956
FAB-7147,0.948537
FAB-7146,0.128963
FAB-7144,0.00573
FAB-7143,0.23546
FAB-7142,0.049589
FAB-7141,0.046034
FAB-7140,0.099121
FAB-7139,0.252568
FAB-7138,0.06256
FAB-7137,0.029987
FAB-7136,0.940353
FAB-7135,0.943764
FAB-7134,0.158695
FAB-7133,0.427994
FAB-7132,0.152284
FAB-7131,0.068289
FAB-7130,0.289874
FAB-7126,0.028008
FAB-7125,0.012625
FAB-7123,0.0745
FAB-7122,0.063715
FAB-7121,0.036769
FAB-7120,0.035948
FAB-7119,0.801004
FAB-7118,0.052231
FAB-7117,0.073165
FAB-7116,0.064653
FAB-7115,0.36591
FAB-7114,0.968856
FAB-7112,0.010735
FAB-7111,0.037609
FAB-7110,0.037609
FAB-7109,0.160792
FAB-7108,0.06804
FAB-7107,0.644463
FAB-7106,0.584508
FAB-7105,0.048858
FAB-7104,0.010489
FAB-7103,0.019271
FAB-7102,0.007577
FAB-7100,0.014729
FAB-7099,0.091382
FAB-7098,0.010653
FAB-7096,0.020804
FAB-7095,0.566978
FAB-7094,0.011332
FAB-7093,0.010091
FAB-7092,0.03359
FAB-7090,0.280025
FAB-7089,0.010489
FAB-7088,0.614235
FAB-7086,0.079782
FAB-7083,0.920218
FAB-7082,0.044019
FAB-7081,0.065845
FAB-7080,0.077518
FAB-7079,0.082402
FAB-7078,0.076684
FAB-7077,0.082402
FAB-7076,0.076408
FAB-7075,0.08152
FAB-7074,0.075585
FAB-7073,0.0538
FAB-7072,0.051463
FAB-7071,0.055413
FAB-7070,0.0538
FAB-7069,0.96862
FAB-7068,0.216012
FAB-7066,0.948537
FAB-7065,0.020332
FAB-7064,0.013637
FAB-7063,0.076408
FAB-7061,0.054199
FAB-7060,0.066085
FAB-7059,0.06804
FAB-7058,0.065845
FAB-7056,0.026759
FAB-7054,0.395601
FAB-7049,0.375706
FAB-7048,0.044349
FAB-7046,0.009197
FAB-7042,0.488771
FAB-7041,0.010735
FAB-7040,0.009559
FAB-7039,0.067793
FAB-7038,0.064653
FAB-7037,0.067301
FAB-7036,0.066327
FAB-7032,0.007233
FAB-7031,0.867485
FAB-7030,0.81582
FAB-7029,0.143668
FAB-7028,0.787605
FAB-7027,0.04778
FAB-7026,0.049959
FAB-7025,0.082994
FAB-7024,0.050331
FAB-7023,0.017442
FAB-7022,0.52975
FAB-7021,0.016153
FAB-7020,0.016785
FAB-7019,0.009055
FAB-7018,0.353484
FAB-7017,0.008316
FAB-7012,0.055823
FAB-7011,0.076408
FAB-7006,0.083292
FAB-7005,0.705785
FAB-7004,0.042404
FAB-7002,0.011158
FAB-7000,0.504394
FAB-6999,0.014282
FAB-6997,0.183594
FAB-6996,0.048858
FAB-6995,0.063019
FAB-6990,0.011508
FAB-6989,0.415729
FAB-6987,0.014504
FAB-6986,0.882428
FAB-6984,0.029091
FAB-6980,0.018978
FAB-6979,0.125923
FAB-6978,0.142232
FAB-6977,0.011072
FAB-6975,0.013532
FAB-6974,0.940353
FAB-6973,0.009784
FAB-6970,0.073696
FAB-6969,0.007121
FAB-6967,0.059647
FAB-6966,0.784979
FAB-6965,0.042088
FAB-6962,0.017309
FAB-6961,0.138928
FAB-6959,0.822759
FAB-6956,0.011869
FAB-6954,0.058346
FAB-6951,0.971129
FAB-6948,0.010735
FAB-6946,0.053403
FAB-6944,0.126785
FAB-6942,0.758511
FAB-6941,0.136608
FAB-6940,0.018405
FAB-6938,0.01142
FAB-6937,0.014282
FAB-6936,0.526099
FAB-6935,0.416559
FAB-6934,0.010735
FAB-6933,0.049959
FAB-6931,0.007938
FAB-6929,0.030909
FAB-6927,0.499512
FAB-6925,0.0538
FAB-6924,0.008062
FAB-6923,0.968856
FAB-6922,0.075858
FAB-6921,0.015544
FAB-6920,0.017849
FAB-6918,0.026355
FAB-6916,0.058777
FAB-6913,0.055005
FAB-6912,0.123789
FAB-6911,0.905657
FAB-6910,0.043691
FAB-6909,0.386358
FAB-6908,0.021615
FAB-6907,0.06165
FAB-6905,0.011508
FAB-6904,0.033337
FAB-6903,0.038466
FAB-6902,0.026557
FAB-6901,0.034881
FAB-6900,0.589598
FAB-6899,0.014957
FAB-6897,0.182426
FAB-6895,0.008779
FAB-6894,0.846958
FAB-6893,0.926835
FAB-6892,0.854885
FAB-6891,0.975762
FAB-6890,0.900879
FAB-6889,0.055823
FAB-6887,0.132964
FAB-6885,0.06165
FAB-6881,0.030215
FAB-6879,0.022117
FAB-6878,0.022803
FAB-6877,0.486819
FAB-6875,0.022286
FAB-6873,0.042404
FAB-6872,0.065605
FAB-6870,0.078926
FAB-6869,0.014729
FAB-6868,0.960361
FAB-6863,0.360011
FAB-6862,0.098079
FAB-6859,0.880386
FAB-6856,0.833866
FAB-6855,0.059866
FAB-6854,0.014172
FAB-6853,0.015425
FAB-6852,0.061199
FAB-6851,0.041774
FAB-6850,0.010987
FAB-6849,0.017577
FAB-6846,0.010328
FAB-6845,0.010091
FAB-6841,0.0538
FAB-6840,0.884039
FAB-6839,0.425605
FAB-6838,0.0729
FAB-6834,0.016915
FAB-6833,0.026355
FAB-6832,0.887984
FAB-6831,0.016153
FAB-6830,0.056652
FAB-6829,0.063482
FAB-6828,0.071591
FAB-6827,0.063019
FAB-6826,0.055005
FAB-6825,0.057282
FAB-6824,0.084493
FAB-6823,0.072637
FAB-6822,0.072637
FAB-6820,0.132964
FAB-6819,0.881615
FAB-6818,0.011072
FAB-6816,0.023331
FAB-6815,0.009784
FAB-6813,0.095687
FAB-6811,0.125923
FAB-6810,0.968141
FAB-6808,0.753829
FAB-6807,0.188623
FAB-6806,0.148047
FAB-6804,0.198996
FAB-6803,0.030215
FAB-6801,0.081813
FAB-6800,0.076132
FAB-6799,0.011961
FAB-6798,0.044681
FAB-6797,0.047426
FAB-6796,0.040541
FAB-6795,0.040238
FAB-6794,0.042722
FAB-6793,0.093347
FAB-6792,0.115561
FAB-6791,0.041774
FAB-6790,0.024238
FAB-6789,0.020023
FAB-6788,0.407805
FAB-6787,0.035145
FAB-6786,0.276886
FAB-6785,0.041774
FAB-6784,0.018125
FAB-6782,0.023331
FAB-6781,0.055823
FAB-6780,0.014392
FAB-6779,0.010987
FAB-6777,0.019271
FAB-6775,0.075312
FAB-6774,0.013532
FAB-6773,0.042404
FAB-6772,0.009197
FAB-6771,0.521471
FAB-6769,0.023871
FAB-6766,0.012821
FAB-6765,0.01017
FAB-6764,0.049222
FAB-6762,0.015425
FAB-6761,0.182717
FAB-6760,0.081813
FAB-6757,0.017177
FAB-6756,0.039048
FAB-6755,0.019871
FAB-6754,0.894789
FAB-6753,0.159741
FAB-6752,0.898053
FAB-6751,0.941654
FAB-6750,0.823328
FAB-6749,0.960952
FAB-6747,0.010489
FAB-6746,0.018689
FAB-6744,0.010902
FAB-6742,0.904651
FAB-6741,0.237576
FAB-6740,0.305179
FAB-6739,0.9462
FAB-6738,0.013742
FAB-6737,0.977371
FAB-6736,0.910863
FAB-6735,0.932453
FAB-6734,0.986363
FAB-6733,0.903294
FAB-6732,0.018405
FAB-6731,0.017986
FAB-6730,0.128525
FAB-6728,0.01653
FAB-6727,0.06489
FAB-6725,0.020646
FAB-6724,0.09401
FAB-6723,0.759582
FAB-6721,0.015073
FAB-6720,0.421076
FAB-6719,0.964321
FAB-6718,0.551332
FAB-6717,0.261142
FAB-6716,0.749454
FAB-6715,0.699254
FAB-6714,0.02461
FAB-6713,0.036494
FAB-6712,0.018978
FAB-6711,0.010735
FAB-6705,0.024798
FAB-6700,0.109325
FAB-6699,0.038756
FAB-6697,0.049222
FAB-6696,0.007938
FAB-6694,0.363195
FAB-6692,0.010249
FAB-6691,0.013532
FAB-6690,0.028871
FAB-6687,0.404978
FAB-6685,0.081813
FAB-6684,0.989672
FAB-6680,0.013956
FAB-6678,0.010091
FAB-6677,0.011778
FAB-6676,0.208824
FAB-6671,0.011072
FAB-6670,0.694095
FAB-6669,0.019569
FAB-6668,0.323113
FAB-6666,0.09401
FAB-6665,0.159479
FAB-6664,0.370909
FAB-6662,0.727975
FAB-6660,0.072374
FAB-6659,0.190122
FAB-6657,0.009784
FAB-6651,0.932944
FAB-6650,0.058132
FAB-6649,0.101233
FAB-6648,0.067056
FAB-6645,0.080937
FAB-6644,0.69285
FAB-6641,0.930962
FAB-6640,0.858719
FAB-6636,0.29381
FAB-6635,0.052619
FAB-6634,0.252384
FAB-6633,0.97649
FAB-6632,0.069289
FAB-6631,0.94079
FAB-6630,0.942082
FAB-6629,0.934873
FAB-6628,0.964855
FAB-6627,0.527317
FAB-6626,0.057071
FAB-6625,0.030444
FAB-6624,0.047074
FAB-6622,0.006693
FAB-6621,0.021451
FAB-6620,0.682468
FAB-6619,0.060308
FAB-6618,0.040541
FAB-6617,0.043366
FAB-6616,0.405684
FAB-6613,0.695545
FAB-6611,0.016153
FAB-6610,0.49707
FAB-6608,0.02461
FAB-6607,0.029535
FAB-6606,0.010902
FAB-6605,0.026964
FAB-6604,0.011687
FAB-6602,0.418816
FAB-6600,0.045692
FAB-6598,0.048137
FAB-6597,0.692434
FAB-6596,0.721743
FAB-6595,0.014392
FAB-6592,0.105579
FAB-6591,0.488283
FAB-6588,0.094343
FAB-6587,0.058346
FAB-6585,0.984456
FAB-6580,0.684897
FAB-6579,0.191933
FAB-6578,0.022803
FAB-6576,0.069795
FAB-6574,0.82559
FAB-6572,0.119614
FAB-6571,0.023509
FAB-6570,0.039048
FAB-6568,0.022803
FAB-6567,0.049589
FAB-6566,0.115162
FAB-6565,0.970013
FAB-6563,0.972415
FAB-6560,0.314787
FAB-6559,0.442155
FAB-6558,0.126353
FAB-6557,0.015189
FAB-6556,0.218669
FAB-6555,0.930962
FAB-6554,0.091058
FAB-6553,0.946597
FAB-6552,0.649023
FAB-6550,0.035948
FAB-6549,0.210442
FAB-6548,0.095349
FAB-6547,0.808974
FAB-6546,0.044019
FAB-6545,0.128088
FAB-6544,0.0538
FAB-6543,0.144631
FAB-6542,0.039639
FAB-6541,0.063251
FAB-6540,0.147555
FAB-6539,0.021451
FAB-6538,0.041462
FAB-6537,0.845433
FAB-6536,0.080069
FAB-6535,0.04778
FAB-6534,0.059647
FAB-6533,0.063251
FAB-6532,0.040846
FAB-6531,0.049959
FAB-6530,0.035948
FAB-6528,0.013428
FAB-6527,0.68215
FAB-6526,0.637482
FAB-6525,0.020332
FAB-6524,0.389663
FAB-6522,0.049959
FAB-6521,0.009268
FAB-6520,0.251832
FAB-6518,0.736969
FAB-6517,0.042722
FAB-6516,0.051083
FAB-6515,0.355999
FAB-6514,0.011687
FAB-6513,0.032101
FAB-6512,0.025761
FAB-6511,0.065605
FAB-6510,0.07921
FAB-6509,0.014172
FAB-6505,0.023689
FAB-6504,0.064653
FAB-6503,0.044349
FAB-6502,0.950041
FAB-6501,0.096706
FAB-6500,0.489748
FAB-6499,0.23231
FAB-6498,0.498535
FAB-6497,0.350838
FAB-6496,0.389663
FAB-6495,0.071074
FAB-6494,0.072112
FAB-6493,0.076408
FAB-6492,0.140808
FAB-6491,0.134776
FAB-6490,0.342929
FAB-6489,0.075312
FAB-6488,0.013428
FAB-6487,0.353428
FAB-6486,0.958538
FAB-6485,0.828384
FAB-6483,0.322099
FAB-6482,0.158174
FAB-6478,0.013532
FAB-6476,0.014064
FAB-6474,0.009936
FAB-6473,0.32923
FAB-6470,0.531939
FAB-6462,0.046378
FAB-6457,0.010987
FAB-6456,0.543106
FAB-6455,0.744285
FAB-6454,0.822759
FAB-6453,0.841305
FAB-6452,0.520984
FAB-6451,0.9462
FAB-6450,0.386995
FAB-6449,0.020646
FAB-6448,0.092033
FAB-6447,0.047426
FAB-6446,0.16398
FAB-6444,0.169956
FAB-6443,0.106319
FAB-6442,0.129403
FAB-6441,0.673836
FAB-6440,0.848972
FAB-6439,0.620162
FAB-6438,0.722331
FAB-6437,0.926304
FAB-6434,0.095349
FAB-6433,0.063482
FAB-6432,0.071074
FAB-6431,0.164248
FAB-6430,0.015906
FAB-6427,0.694613
FAB-6426,0.045353
FAB-6422,0.032837
FAB-6421,0.100525
FAB-6419,0.921358
FAB-6418,0.978052
FAB-6416,0.080357
FAB-6414,0.014729
FAB-6413,0.867036
FAB-6412,0.931463
FAB-6411,0.924142
FAB-6410,0.944995
FAB-6409,0.937211
FAB-6408,0.045353
FAB-6407,0.015664
FAB-6404,0.131173
FAB-6402,0.786295
FAB-6401,0.404037
FAB-6400,0.786623
FAB-6399,0.022286
FAB-6398,0.780662
FAB-6397,0.024423
FAB-6395,0.008916
FAB-6394,0.126785
FAB-6393,0.228845
FAB-6392,0.164785
FAB-6390,0.954984
FAB-6389,0.113973
FAB-6388,0.091707
FAB-6387,0.009486
FAB-6386,0.07477
FAB-6384,0.015073
FAB-6381,0.435301
FAB-6380,0.017986
FAB-6379,0.205296
FAB-6378,0.047074
FAB-6377,0.041153
FAB-6376,0.040846
FAB-6375,0.043043
FAB-6374,0.097734
FAB-6373,0.117572
FAB-6372,0.042088
FAB-6371,0.024054
FAB-6369,0.477067
FAB-6367,0.197754
FAB-6366,0.038178
FAB-6365,0.171894
FAB-6364,0.80038
FAB-6363,0.046034
FAB-6362,0.095013
FAB-6361,0.035145
FAB-6360,0.035145
FAB-6359,0.035145
FAB-6357,0.012625
FAB-6355,0.009784
FAB-6354,0.020964
FAB-6353,0.012625
FAB-6351,0.009634
FAB-6350,0.016153
FAB-6349,0.023871
FAB-6348,0.01057
FAB-6347,0.084493
FAB-6346,0.928926
FAB-6345,0.008779
FAB-6344,0.742795
FAB-6341,0.016277
FAB-6338,0.020646
FAB-6336,0.956957
FAB-6335,0.018405
FAB-6334,0.145115
FAB-6333,0.016657
FAB-6331,0.018264
FAB-6330,0.049589
FAB-6329,0.211743
FAB-6327,0.892937
FAB-6326,0.022803
FAB-6325,0.012723
FAB-6324,0.884039
FAB-6323,0.094343
FAB-6319,0.109706
FAB-6318,0.38145
FAB-6317,0.720172
FAB-6316,0.06256
FAB-6315,0.214691
FAB-6309,0.00986
FAB-6308,0.007816
FAB-6307,0.023871
FAB-6306,0.015073
FAB-6298,0.111628
FAB-6297,0.180107
FAB-6296,0.048496
FAB-6295,0.058346
FAB-6294,0.008847
FAB-6292,0.011508
FAB-6291,0.09947
FAB-6289,0.043366
FAB-6288,0.017577
FAB-6287,0.093017
FAB-6286,0.303938
FAB-6283,0.064183
FAB-6281,0.033086
FAB-6280,0.0538
FAB-6279,0.039343
FAB-6277,0.119203
FAB-6276,0.010987
FAB-6274,0.165593
FAB-6273,0.082402
FAB-6269,0.272315
FAB-6267,0.012432
FAB-6265,0.872782
FAB-6264,0.920218
FAB-6263,0.811676
FAB-6262,0.031619
FAB-6261,0.067301
FAB-6260,0.019871
FAB-6259,0.108566
FAB-6256,0.120026
FAB-6255,0.060975
FAB-6254,0.828939
FAB-6251,0.015306
FAB-6250,0.016915
FAB-6249,0.798815
FAB-6243,0.933915
FAB-6241,0.037609
FAB-6240,0.013849
FAB-6239,0.017177
FAB-6237,0.768733
FAB-6236,0.966914
FAB-6234,0.157396
FAB-6233,0.974043
FAB-6232,0.551332
FAB-6231,0.852935
FAB-6230,0.972204
FAB-6229,0.889529
FAB-6228,0.311375
FAB-6227,0.973844
FAB-6225,0.944587
FAB-6224,0.990732
FAB-6223,0.527317
FAB-6220,0.024054
FAB-6219,0.05301
FAB-6218,0.075041
FAB-6216,0.102664
FAB-6215,0.107437
FAB-6213,0.146087
FAB-6212,0.57081
FAB-6211,0.915507
FAB-6210,0.069542
FAB-6209,0.369144
FAB-6207,0.015544
FAB-6206,0.038178
FAB-6204,0.771499
FAB-6203,0.110471
FAB-6202,0.883638
FAB-6199,0.647464
FAB-6197,0.967899
FAB-6195,0.044681
FAB-6194,0.019419
FAB-6193,0.127653
FAB-6192,0.702938
FAB-6191,0.250179
FAB-6190,0.120026
FAB-6189,0.938576
FAB-6188,0.082994
FAB-6186,0.025565
FAB-6183,0.100172
FAB-6182,0.01057
FAB-6176,0.639989
FAB-6175,0.339855
FAB-6174,0.909265
FAB-6173,0.01302
FAB-6172,0.097048
FAB-6171,0.947769
FAB-6170,0.119614
FAB-6169,0.060975
FAB-6166,0.021948
FAB-6164,0.080647
FAB-6163,0.071851
FAB-6162,0.016657
FAB-6161,0.587233
FAB-6160,0.197135
FAB-6159,0.950778
FAB-6158,0.044349
FAB-6156,0.023153
FAB-6155,0.019569
FAB-6154,0.072112
FAB-6153,0.075858
FAB-6152,0.622345
FAB-6151,0.455199
FAB-6145,0.026156
FAB-6144,0.093017
FAB-6143,0.095013
FAB-6142,0.577972
FAB-6141,0.816991
FAB-6140,0.382603
FAB-6139,0.647687
FAB-6138,0.124639
FAB-6137,0.637934
FAB-6136,0.71123
FAB-6135,0.939025
FAB-6134,0.818156
FAB-6133,0.013428
FAB-6132,0.143668
FAB-6131,0.016657
FAB-6127,0.019419
FAB-6126,0.150528
FAB-6125,0.778986
FAB-6124,0.093678
FAB-6123,0.316528
FAB-6122,0.804713
FAB-6121,0.076408
FAB-6120,0.346624
FAB-6119,0.019124
FAB-6118,0.053403
FAB-6116,0.172729
FAB-6115,0.24599
FAB-6114,0.658479
FAB-6113,0.013121
FAB-6112,0.015073
FAB-6110,0.037047
FAB-6109,0.028008
FAB-6108,0.080069
FAB-6107,0.528047
FAB-6106,0.111241
FAB-6103,0.061876
FAB-6102,0.071332
FAB-6100,0.969556
FAB-6099,0.075041
FAB-6096,0.169406
FAB-6095,0.057282
FAB-6094,0.02976
FAB-6093,0.08882
FAB-6092,0.020964
FAB-6091,0.050705
FAB-6090,0.095013
FAB-6089,0.973443
FAB-6088,0.868381
FAB-6087,0.516595
FAB-6083,0.013121
FAB-6082,0.054601
FAB-6081,0.121686
FAB-6080,0.020332
FAB-6078,0.945399
FAB-6077,0.044349
FAB-6076,0.012723
FAB-6075,0.217338
FAB-6074,0.427994
FAB-6073,0.032344
FAB-6072,0.047426
FAB-6071,0.055413
FAB-6070,0.040238
FAB-6069,0.055413
FAB-6067,0.010408
FAB-6066,0.145115
FAB-6064,0.07477
FAB-6063,0.242564
FAB-6060,0.034619
FAB-6059,0.017577
FAB-6058,0.016785
FAB-6057,0.014504
FAB-6056,0.011597
FAB-6055,0.019569
FAB-6054,0.030215
FAB-6053,0.212069
FAB-6051,0.395368
FAB-6048,0.025565
FAB-6047,0.012241
FAB-6046,0.145601
FAB-6045,0.019271
FAB-6044,0.818737
FAB-6043,0.88642
FAB-6042,0.957596
FAB-6041,0.00934
FAB-6040,0.88642
FAB-6039,0.032101
FAB-6036,0.158956
FAB-6034,0.043691
FAB-6033,0.098079
FAB-6032,0.022803
FAB-6031,0.16238
FAB-6030,0.028221
FAB-6029,0.057071
FAB-6028,0.070049
FAB-6027,0.016785
FAB-6026,0.580352
FAB-6025,0.021451
FAB-6024,0.012241
FAB-6023,0.106691
FAB-6022,0.062789
FAB-6021,0.034359
FAB-6020,0.882022
FAB-6019,0.141519
FAB-6018,0.112016
FAB-6017,0.016785
FAB-6014,0.816406
FAB-6012,0.284974
FAB-6011,0.219505
FAB-6010,0.017849
FAB-6009,0.581541
FAB-6007,0.334535
FAB-6006,0.031144
FAB-6005,0.095349
FAB-6004,0.032344
FAB-6002,0.024423
FAB-6001,0.062789
FAB-6000,0.679179
FAB-5999,0.633098
FAB-5998,0.03259
FAB-5997,0.505371
FAB-5996,0.025371
FAB-5995,0.048137
FAB-5994,0.038466
FAB-5993,0.038178
FAB-5992,0.028221
FAB-5991,0.043043
FAB-5990,0.100525
FAB-5989,0.120439
FAB-5988,0.038466
FAB-5987,0.024798
FAB-5986,0.024798
FAB-5985,0.078642
FAB-5981,0.021615
FAB-5980,0.024988
FAB-5979,0.201185
FAB-5978,0.287368
FAB-5977,0.062789
FAB-5976,0.168857
FAB-5975,0.010653
FAB-5973,0.008062
FAB-5972,0.016403
FAB-5971,0.253491
FAB-5970,0.009413
FAB-5969,0.117572
FAB-5968,0.02976
FAB-5967,0.035411
FAB-5966,0.503906
FAB-5965,0.013956
FAB-5964,0.116362
FAB-5962,0.219003
FAB-5960,0.111628
FAB-5957,0.007816
FAB-5955,0.955651
FAB-5954,0.055823
FAB-5953,0.210442
FAB-5952,0.633665
FAB-5951,0.47658
FAB-5950,0.27338
FAB-5949,0.037892
FAB-5946,0.056652
FAB-5945,0.014957
FAB-5944,0.079782
FAB-5942,0.357536
FAB-5941,0.142232
FAB-5940,0.194062
FAB-5939,0.023331
FAB-5938,0.092033
FAB-5937,0.017986
FAB-5934,0.014729
FAB-5933,0.014504
FAB-5932,0.657978
FAB-5931,0.029987
FAB-5930,0.078642
FAB-5929,0.925769
FAB-5927,0.064418
FAB-5926,0.669745
FAB-5925,0.052619
FAB-5924,0.102305
FAB-5923,0.029091
FAB-5922,0.964321
FAB-5921,0.013325
FAB-5920,0.063715
FAB-5916,0.009559
FAB-5914,0.011961
FAB-5913,0.033337
FAB-5912,0.016403
FAB-5911,0.944587
FAB-5907,0.446736
FAB-5906,0.039343
FAB-5905,0.048496
FAB-5904,0.044681
FAB-5903,0.024798
FAB-5902,0.07343
FAB-5901,0.011778
FAB-5900,0.441914
FAB-5899,0.011158
FAB-5895,0.01302
FAB-5893,0.01057
FAB-5891,0.019719
FAB-5888,0.054601
FAB-5887,0.008062
FAB-5884,0.889529
FAB-5880,0.830594
FAB-5875,0.151529
FAB-5874,0.109706
FAB-5873,0.696991
FAB-5872,0.742422
FAB-5871,0.782995
FAB-5870,0.947769
FAB-5869,0.842863
FAB-5868,0.859192
FAB-5867,0.799129
FAB-5866,0.018405
FAB-5865,0.135232
FAB-5864,0.944995
FAB-5863,0.928409
FAB-5862,0.405213
FAB-5861,0.104112
FAB-5859,0.059428
FAB-5858,0.01142
FAB-5857,0.055413
FAB-5856,0.082994
FAB-5855,0.09739
FAB-5854,0.103749
FAB-5853,0.060752
FAB-5851,0.014504
FAB-5850,0.024238
FAB-5849,0.021948
FAB-5848,0.013428
FAB-5845,0.022977
FAB-5844,0.024798
FAB-5843,0.386532
FAB-5842,0.788909
FAB-5841,0.123366
FAB-5840,0.061876
FAB-5836,0.021287
FAB-5835,0.019271
FAB-5833,0.619183
FAB-5832,0.045692
FAB-5831,0.123366
FAB-5830,0.015189
FAB-5829,0.956957
FAB-5828,0.906653
FAB-5827,0.934873
FAB-5826,0.949669
FAB-5825,0.959762
FAB-5824,0.022977
FAB-5822,0.010987
FAB-5819,0.225758
FAB-5818,0.783326
FAB-5817,0.177526
FAB-5816,0.849971
FAB-5815,0.567457
FAB-5814,0.970013
FAB-5813,0.38769
FAB-5812,0.794385
FAB-5811,0.610337
FAB-5810,0.321567
FAB-5809,0.901575
FAB-5808,0.696784
FAB-5807,0.416085
FAB-5806,0.827271
FAB-5804,0.019569
FAB-5803,0.01302
FAB-5802,0.199932
FAB-5801,0.112016
FAB-5800,0.197444
FAB-5799,0.020177
FAB-5798,0.039639
FAB-5797,0.046725
FAB-5796,0.042088
FAB-5795,0.013428
FAB-5793,0.015906
FAB-5791,0.747247
FAB-5790,0.049959
FAB-5789,0.057071
FAB-5788,0.046378
FAB-5787,0.21767
FAB-5785,0.828939
FAB-5784,0.341171
FAB-5783,0.129403
FAB-5781,0.362581
FAB-5780,0.964589
FAB-5779,0.990732
FAB-5778,0.716417
FAB-5777,0.150528
FAB-5776,0.008446
FAB-5774,0.59302
FAB-5771,0.325903
FAB-5770,0.012723
FAB-5769,0.879147
FAB-5768,0.842863
FAB-5767,0.4436
FAB-5766,0.679179
FAB-5765,0.785638
FAB-5764,0.457621
FAB-5763,0.607896
FAB-5762,0.298542
FAB-5759,0.013637
FAB-5758,0.127218
FAB-5757,0.011778
FAB-5756,0.955319
FAB-5753,0.015306
FAB-5752,0.649634
FAB-5748,0.006798
FAB-5747,0.063482
FAB-5745,0.049959
FAB-5744,0.071332
FAB-5743,0.033086
FAB-5742,0.036494
FAB-5741,0.013223
FAB-5739,0.015306
FAB-5738,0.917598
FAB-5737,0.791499
FAB-5736,0.274935
FAB-5735,0.145601
FAB-5734,0.023509
FAB-5732,0.135232
FAB-5731,0.063251
FAB-5730,0.740925
FAB-5728,0.080069
FAB-5727,0.592431
FAB-5725,0.744099
FAB-5724,0.235812
FAB-5723,0.019419
FAB-5722,0.027796
FAB-5721,0.956634
FAB-5720,0.284179
FAB-5718,0.796925
FAB-5716,0.061876
FAB-5715,0.161056
FAB-5714,0.951863
FAB-5713,0.010489
FAB-5712,0.052231
FAB-5711,0.007233
FAB-5710,0.032837
FAB-5709,0.010328
FAB-5708,0.045692
FAB-5706,0.014504
FAB-5705,0.394901
FAB-5703,0.302391
FAB-5702,0.015425
FAB-5701,0.874077
FAB-5700,0.011687
FAB-5699,0.012336
FAB-5698,0.061424
FAB-5695,0.974043
FAB-5694,0.049959
FAB-5693,0.044681
FAB-5692,0.168857
FAB-5691,0.320928
FAB-5690,0.07836
FAB-5689,0.821617
FAB-5688,0.923592
FAB-5687,0.416797
FAB-5686,0.161849
FAB-5685,0.279829
FAB-5684,0.214691
FAB-5683,0.077797
FAB-5682,0.046034
FAB-5680,0.956957
FAB-5677,0.987946
FAB-5676,0.198064
FAB-5672,0.602588
FAB-5671,0.024054
FAB-5670,0.381796
FAB-5669,0.063019
FAB-5668,0.939025
FAB-5667,0.960952
FAB-5666,0.19498
FAB-5665,0.185357
FAB-5664,0.969785
FAB-5663,0.016029
FAB-5662,0.022977
FAB-5661,0.887595
FAB-5660,0.046378
FAB-5659,0.101233
FAB-5657,0.020646
FAB-5656,0.913368
FAB-5655,0.041153
FAB-5654,0.917303
FAB-5653,0.039639
FAB-5652,0.040238
FAB-5651,0.017309
FAB-5650,0.071851
FAB-5649,0.054199
FAB-5648,0.069795
FAB-5647,0.056652
FAB-5646,0.127218
FAB-5645,0.744656
FAB-5644,0.449393
FAB-5643,0.013325
FAB-5642,0.974629
FAB-5640,0.017045
FAB-5638,0.580114
FAB-5637,0.970465
FAB-5636,0.315051
FAB-5635,0.23634
FAB-5634,0.069795
FAB-5633,0.018264
FAB-5631,0.021781
FAB-5630,0.950041
FAB-5627,0.009486
FAB-5624,0.152789
FAB-5623,0.061199
FAB-5621,0.064183
FAB-5620,0.574992
FAB-5619,0.090735
FAB-5618,0.01292
FAB-5617,0.050705
FAB-5616,0.058132
FAB-5615,0.065845
FAB-5614,0.08152
FAB-5613,0.049589
FAB-5612,0.845942
FAB-5609,0.087252
FAB-5608,0.009413
FAB-5607,0.014616
FAB-5606,0.007696
FAB-5605,0.07921
FAB-5604,0.017442
FAB-5603,0.016277
FAB-5602,0.084191
FAB-5601,0.351868
FAB-5599,0.039343
FAB-5596,0.081228
FAB-5594,0.839208
FAB-5593,0.989986
FAB-5592,0.062103
FAB-5591,0.017177
FAB-5590,0.175538
FAB-5589,0.923039
FAB-5588,0.813461
FAB-5587,0.951142
FAB-5586,0.879974
FAB-5585,0.724481
FAB-5584,0.877896
FAB-5583,0.9462
FAB-5582,0.202759
FAB-5581,0.823044
FAB-5580,0.051463
FAB-5579,0.08152
FAB-5578,0.048858
FAB-5576,0.068537
FAB-5575,0.968856
FAB-5573,0.095349
FAB-5571,0.154058
FAB-5570,0.871475
FAB-5569,0.758153
FAB-5568,0.752377
FAB-5562,0.011072
FAB-5561,0.7773
FAB-5560,0.140572
FAB-5559,0.038756
FAB-5558,0.101947
FAB-5556,0.945399
FAB-5554,0.03622
FAB-5552,0.04778
FAB-5551,0.013325
FAB-5550,0.044349
FAB-5549,0.040541
FAB-5548,0.08819
FAB-5547,0.380184
FAB-5546,0.545528
FAB-5545,0.878314
FAB-5544,0.786295
FAB-5543,0.305076
FAB-5542,0.083292
FAB-5541,0.021781
FAB-5540,0.056236
FAB-5539,0.060975
FAB-5537,0.696784
FAB-5536,0.058777
FAB-5535,0.986572
FAB-5534,0.816991
FAB-5533,0.334712
FAB-5532,0.136608
FAB-5531,0.065605
FAB-5530,0.057282
FAB-5529,0.013428
FAB-5528,0.750553
FAB-5526,0.073696
FAB-5525,0.010489
FAB-5524,0.700895
FAB-5522,0.193452
FAB-5520,0.153042
FAB-5519,0.100525
FAB-5518,0.075041
FAB-5517,0.303267
FAB-5513,0.651244
FAB-5509,0.041774
FAB-5507,0.069795
FAB-5505,0.066327
FAB-5503,0.021125
FAB-5502,0.010014
FAB-5500,0.027376
FAB-5499,0.701713
FAB-5498,0.024054
FAB-5497,0.06165
FAB-5496,0.868827
FAB-5494,0.207215
FAB-5487,0.209793
FAB-5486,0.010902
FAB-5485,0.015906
FAB-5484,0.015073
FAB-5483,0.548674
FAB-5482,0.971779
FAB-5481,0.819893
FAB-5480,0.976129
FAB-5479,0.035145
FAB-5478,0.045353
FAB-5476,0.018264
FAB-5475,0.819316
FAB-5474,0.113973
FAB-5472,0.040846
FAB-5471,0.04778
FAB-5470,0.046725
FAB-5469,0.046378
FAB-5468,0.044349
FAB-5467,0.083292
FAB-5466,0.9462
FAB-5465,0.701304
FAB-5464,0.020332
FAB-5461,0.053403
FAB-5460,0.947381
FAB-5459,0.010489
FAB-5458,0.013121
FAB-5454,0.007696
FAB-5453,0.257952
FAB-5452,0.943764
FAB-5451,0.962953
FAB-5450,0.109325
FAB-5449,0.016153
FAB-5448,0.352689
FAB-5446,0.014957
FAB-5443,0.011332
FAB-5441,0.809276
FAB-5439,0.040541
FAB-5438,0.018547
FAB-5436,0.023153
FAB-5435,0.055005
FAB-5433,0.211743
FAB-5431,0.026964
FAB-5430,0.31944
FAB-5429,0.018978
FAB-5425,0.07836
FAB-5424,0.721351
FAB-5422,0.063482
FAB-5421,0.04778
FAB-5420,0.052619
FAB-5419,0.335569
FAB-5418,0.060087
FAB-5417,0.021948
FAB-5416,0.029091
FAB-5414,0.043043
FAB-5413,0.019871
FAB-5412,0.013223
FAB-5411,0.008316
FAB-5407,0.028221
FAB-5406,0.184473
FAB-5404,0.051845
FAB-5402,0.065605
FAB-5399,0.026557
FAB-5398,0.036769
FAB-5397,0.329014
FAB-5396,0.027585
FAB-5394,0.036494
FAB-5392,0.010489
FAB-5391,0.012625
FAB-5386,0.237576
FAB-5385,0.046725
FAB-5384,0.128963
FAB-5383,0.015785
FAB-5381,0.014616
FAB-5380,0.013532
FAB-5378,0.952926
FAB-5369,0.022629
FAB-5368,0.015073
FAB-5367,0.047074
FAB-5365,0.006098
FAB-5364,0.04778
FAB-5362,0.046378
FAB-5358,0.013637
FAB-5357,0.008316
FAB-5356,0.012336
FAB-5355,0.610918
FAB-5354,0.019419
FAB-5353,0.034359
FAB-5352,0.019871
FAB-5350,0.032344
FAB-5348,0.011778
FAB-5345,0.07056
FAB-5342,0.014504
FAB-5341,0.009559
FAB-5340,0.009936
FAB-5339,0.01653
FAB-5336,0.115162
FAB-5335,0.748352
FAB-5333,0.02461
FAB-5332,0.017045
FAB-5331,0.013637
FAB-5330,0.031619
FAB-5329,0.018547
FAB-5328,0.089455
FAB-5327,0.116764
FAB-5326,0.889144
FAB-5325,0.961822
FAB-5323,0.851459
FAB-5322,0.014064
FAB-5320,0.047426
FAB-5319,0.214362
FAB-5318,0.057071
FAB-5317,0.065366
FAB-5316,0.398172
FAB-5313,0.021451
FAB-5311,0.010987
FAB-5309,0.009268
FAB-5308,0.100172
FAB-5307,0.098773
FAB-5306,0.056652
FAB-5304,0.014729
FAB-5302,0.397704
FAB-5301,0.794704
FAB-5298,0.25945
FAB-5297,0.007938
FAB-5296,0.047426
FAB-5293,0.014392
FAB-5289,0.024798
FAB-5288,0.937211
FAB-5286,0.016785
FAB-5285,0.012054
FAB-5284,0.067056
FAB-5283,0.159217
FAB-5282,0.011332
FAB-5280,0.019271
FAB-5279,0.014504
FAB-5277,0.014504
FAB-5276,0.256087
FAB-5275,0.014392
FAB-5274,0.293202
FAB-5273,0.729905
FAB-5272,0.017045
FAB-5271,0.046725
FAB-5270,0.023153
FAB-5269,0.042088
FAB-5268,0.025565
FAB-5267,0.080357
FAB-5266,0.057705
FAB-5265,0.03359
FAB-5264,0.419172
FAB-5263,0.032837
FAB-5262,0.051845
FAB-5261,0.045692
FAB-5259,0.019871
FAB-5258,0.937669
FAB-5252,0.012625
FAB-5247,0.406155
FAB-5246,0.016153
FAB-5245,0.03259
FAB-5244,0.04778
FAB-5241,0.100172
FAB-5240,0.017309
FAB-5236,0.627894
FAB-5234,0.046034
FAB-5230,0.037047
FAB-5226,0.020964
FAB-5225,0.928926
FAB-5224,0.017577
FAB-5223,0.903975
FAB-5222,0.066327
FAB-5221,0.011869
FAB-5219,0.012432
FAB-5218,0.015306
FAB-5217,0.005555
FAB-5216,0.022629
FAB-5213,0.010653
FAB-5210,0.01292
FAB-5208,0.190423
FAB-5207,0.012432
FAB-5204,0.014842
FAB-5200,0.010818
FAB-5199,0.531209
FAB-5198,0.020332
FAB-5196,0.017177
FAB-5195,0.012821
FAB-5194,0.021615
FAB-5191,0.04778
FAB-5190,0.095013
FAB-5189,0.017986
FAB-5186,0.701509
FAB-5185,0.043043
FAB-5184,0.010818
FAB-5180,0.015664
FAB-5179,0.011687
FAB-5177,0.797241
FAB-5175,0.011072
FAB-5166,0.01653
FAB-5165,0.160266
FAB-5164,0.216342
FAB-5163,0.182717
FAB-5161,0.123366
FAB-5160,0.025761
FAB-5159,0.015073
FAB-5158,0.015073
FAB-5157,0.048137
FAB-5155,0.017309
FAB-5154,0.011597
FAB-5153,0.181844
FAB-5152,0.015544
FAB-5149,0.011961
FAB-5147,0.33269
FAB-5146,0.713232
FAB-5145,0.341885
FAB-5141,0.00986
FAB-5140,0.008644
FAB-5139,0.042404
FAB-5134,0.012625
FAB-5131,0.982955
FAB-5130,0.018547
FAB-5127,0.040846
FAB-5126,0.063251
FAB-5125,0.020964
FAB-5124,0.173009
FAB-5123,0.007012
FAB-5122,0.033844
FAB-5121,0.145115
FAB-5120,0.677261
FAB-5114,0.010653
FAB-5113,0.030215
FAB-5112,0.015073
FAB-5111,0.012054
FAB-5108,0.416085
FAB-5107,0.01017
FAB-5106,0.109325
FAB-5105,0.027169
FAB-5104,0.024238
FAB-5103,0.031144
FAB-5102,0.23793
FAB-5101,0.076961
FAB-5100,0.019124
FAB-5099,0.819893
FAB-5098,0.096025
FAB-5097,0.60542
FAB-5096,0.982014
FAB-5095,0.592549
FAB-5094,0.865679
FAB-5093,0.97024
FAB-5092,0.640917
FAB-5091,0.90599
FAB-5090,0.869715
FAB-5089,0.529993
FAB-5088,0.192843
FAB-5087,0.067301
FAB-5086,0.912124
FAB-5085,0.112405
FAB-5084,0.191026
FAB-5083,0.362856
FAB-5082,0.974821
FAB-5081,0.664758
FAB-5080,0.743541
FAB-5079,0.912124
FAB-5064,0.03259
FAB-5062,0.011332
FAB-5059,0.087252
FAB-5056,0.042722
FAB-5055,0.012147
FAB-5054,0.189221
FAB-5053,0.138928
FAB-5052,0.075041
FAB-5051,0.041462
FAB-5050,0.925769
FAB-5049,0.110471
FAB-5047,0.014957
FAB-5046,0.027169
FAB-5045,0.010987
FAB-5044,0.325896
FAB-5043,0.781331
FAB-5042,0.764188
FAB-5041,0.042722
FAB-5007,0.110856
FAB-5004,0.145601
FAB-4980,0.771843
FAB-4979,0.812272
FAB-4978,0.945399
FAB-4977,0.421076
FAB-4976,0.418935
FAB-4975,0.675015
FAB-4974,0.373876
FAB-4972,0.985718
FAB-4971,0.114369
FAB-4957,0.039937
FAB-4946,0.039048
FAB-4937,0.089137
FAB-4863,0.035411
FAB-4845,0.177526
FAB-4843,0.143668
FAB-4838,0.173849
FAB-4837,0.665139
FAB-4824,0.048496
FAB-4815,0.035948
FAB-4814,0.067793
FAB-4813,0.787931
FAB-4812,0.791176
FAB-4811,0.057282
FAB-4810,0.150528
FAB-4809,0.112795
FAB-4808,0.077518
FAB-4807,0.093678
FAB-4806,0.122523
FAB-4805,0.112795
FAB-4804,0.117167
FAB-4803,0.137996
FAB-4802,0.19163
FAB-4801,0.16398
FAB-4800,0.176104
FAB-4799,0.26322
FAB-4798,0.274546
FAB-4797,0.258888
FAB-4796,0.247078
FAB-4795,0.260389
FAB-4793,0.135232
FAB-4792,0.128088
FAB-4791,0.122104
FAB-4790,0.116764
FAB-4789,0.096025
FAB-4788,0.105579
FAB-4787,0.142232
FAB-4786,0.125493
FAB-4785,0.094343
FAB-4784,0.100525
FAB-4783,0.134321
FAB-4782,0.085404
FAB-4781,0.057071
FAB-4780,0.065605
FAB-4779,0.116764
FAB-4778,0.071332
FAB-4777,0.065366
FAB-4776,0.073963
FAB-4775,0.071591
FAB-4774,0.085709
FAB-4773,0.084191
FAB-4772,0.212395
FAB-4771,0.147065
FAB-4770,0.091382
FAB-4769,0.103024
FAB-4735,0.07343
FAB-4734,0.065366
FAB-4733,0.063948
FAB-4732,0.128088
FAB-4731,0.093678
FAB-4730,0.073963
FAB-4729,0.060087
FAB-4728,0.046725
FAB-4727,0.058777
FAB-4726,0.082402
FAB-4725,0.048858
FAB-4724,0.045692
FAB-4723,0.05921
FAB-4722,0.033844
FAB-4721,0.025565
FAB-4720,0.037609
FAB-4719,0.055413
FAB-4718,0.046378
FAB-4717,0.114369
FAB-4716,0.045353
FAB-4715,0.080069
FAB-4714,0.141756
FAB-4713,0.401688
FAB-4712,0.082994
FAB-4711,0.111241
FAB-4710,0.115162
FAB-4709,0.091382
FAB-4708,0.163713
FAB-4707,0.181553
FAB-4706,0.153549
FAB-4705,0.331336
FAB-4704,0.149531
FAB-4703,0.066812
FAB-4702,0.069038
FAB-4700,0.269518
FAB-4699,0.165593
FAB-4698,0.058993
FAB-4697,0.124213
FAB-4696,0.299208
FAB-4695,0.105211
FAB-4693,0.044349
FAB-4692,0.103749
FAB-4691,0.114765
FAB-4690,0.178097
FAB-4689,0.202759
FAB-4688,0.050331
FAB-4685,0.091707
FAB-4684,0.115961
FAB-4683,0.121269
FAB-4682,0.16398
FAB-4681,0.089455
FAB-4680,0.095349
FAB-4679,0.102664
FAB-4678,0.117167
FAB-4677,0.123366
FAB-4676,0.133868
FAB-4675,0.112405
FAB-4674,0.122523
FAB-4673,0.140336
FAB-4672,0.107063
FAB-4671,0.120026
FAB-4670,0.062103
FAB-4669,0.070049
FAB-4667,0.149283
FAB-4666,0.177811
FAB-4665,0.126785
FAB-4664,0.140808
FAB-4663,0.127218
FAB-4662,0.080937
FAB-4661,0.116764
FAB-4660,0.111628
FAB-4659,0.081228
FAB-4658,0.082402
FAB-4657,0.152537
FAB-4656,0.112016
FAB-4655,0.0729
FAB-4654,0.086016
FAB-4653,0.121269
FAB-4652,0.091707
FAB-4651,0.066812
FAB-4650,0.068289
FAB-4649,0.108945
FAB-4648,0.139866
FAB-4647,0.059647
FAB-4646,0.071591
FAB-4608,0.678114
FAB-4605,0.839208
FAB-4601,0.127653
FAB-4577,0.039937
FAB-4576,0.025179
FAB-4575,0.025565
FAB-4574,0.035145
FAB-4573,0.035145
FAB-4572,0.023871
FAB-4571,0.030444
FAB-4530,0.072637
FAB-4516,0.083591
FAB-4511,0.082994
FAB-4469,0.939471
FAB-4468,0.121686
FAB-4467,0.039048
FAB-4466,0.127218
FAB-4465,0.21917
FAB-4464,0.049589
FAB-4463,0.056652
FAB-4456,0.044681
FAB-4444,0.024798
FAB-4422,0.804098
FAB-4417,0.076961
FAB-4414,0.07477
FAB-4406,0.111241
FAB-4405,0.104112
FAB-4403,0.407805
FAB-4402,0.509764
FAB-4401,0.473657
FAB-4399,0.069542
FAB-4398,0.231267
FAB-4397,0.079496
FAB-4396,0.039639
FAB-4395,0.073696
FAB-4394,0.051463
FAB-4393,0.039639
FAB-4392,0.053403
FAB-4391,0.038756
FAB-4390,0.052619
FAB-4389,0.058346
FAB-4388,0.029987
FAB-4387,0.048137
FAB-4386,0.050705
FAB-4385,0.043366
FAB-4384,0.053403
FAB-4383,0.057705
FAB-4382,0.065605
FAB-4381,0.057071
FAB-4380,0.062789
FAB-4379,0.115162
FAB-4356,0.385028
FAB-4349,0.156105
FAB-4336,0.034619
FAB-4335,0.053601
FAB-4325,0.540924
FAB-4323,0.069289
FAB-4322,0.051845
FAB-4305,0.754192
FAB-4299,0.125493
FAB-4281,0.066569
FAB-4280,0.214691
FAB-4279,0.068787
FAB-4278,0.031144
FAB-4276,0.073963
FAB-4263,0.153042
FAB-4241,0.746878
FAB-4233,0.046034
FAB-4232,0.038466
FAB-4231,0.053403
FAB-4230,0.038756
FAB-4228,0.060752
FAB-4227,0.081813
FAB-4225,0.028871
FAB-4224,0.030444
FAB-4223,0.058777
FAB-4222,0.055005
FAB-4221,0.047426
FAB-4219,0.046034
FAB-4217,0.058132
FAB-4216,0.057493
FAB-4215,0.060752
FAB-4212,0.09947
FAB-4208,0.058561
FAB-4198,0.416322
FAB-4197,0.49707
FAB-4193,0.289372
FAB-4191,0.031619
FAB-4190,0.19498
FAB-4184,0.042404
FAB-4183,0.073963
FAB-4182,0.100172
FAB-4173,0.120026
FAB-4169,0.599837
FAB-4168,0.514644
FAB-4167,0.961534
FAB-4114,0.100879
FAB-4113,0.110088
FAB-4108,0.978052
FAB-4107,0.978385
FAB-4106,0.08882
FAB-4105,0.206254
FAB-4104,0.627152
FAB-4103,0.208179
FAB-4102,0.562657
FAB-4101,0.128088
FAB-4100,0.96378
FAB-4098,0.044349
FAB-4095,0.063948
FAB-4069,0.051463
FAB-4068,0.051845
FAB-4067,0.052619
FAB-4065,0.049222
FAB-4064,0.069542
FAB-4063,0.103386
FAB-4062,0.047074
FAB-4061,0.049222
FAB-4060,0.132964
FAB-4059,0.044681
FAB-4058,0.05921
FAB-4057,0.040238
FAB-4056,0.063019
FAB-4055,0.042404
FAB-4053,0.070304
FAB-4052,0.048137
FAB-4051,0.057071
FAB-4050,0.051845
FAB-4049,0.049222
FAB-4048,0.071332
FAB-4047,0.173568
FAB-4046,0.164516
FAB-4045,0.086016
FAB-4044,0.082402
FAB-4043,0.087876
FAB-4042,0.018125
FAB-4041,0.082402
FAB-4040,0.083292
FAB-4039,0.082994
FAB-4038,0.118385
FAB-4037,0.036494
FAB-4036,0.123366
FAB-4033,0.022457
FAB-4032,0.029312
FAB-4031,0.275909
FAB-4030,0.579162
FAB-4029,0.015306
FAB-4026,0.91611
FAB-4022,0.017712
FAB-4021,0.70253
FAB-4020,0.575111
FAB-4018,0.017177
FAB-4013,0.011597
FAB-4012,0.012625
FAB-4008,0.024238
FAB-4007,0.133415
FAB-4005,0.023331
FAB-4004,0.015189
FAB-4003,0.014729
FAB-4002,0.276691
FAB-3998,0.055413
FAB-3997,0.921922
FAB-3996,0.043691
FAB-3995,0.040541
FAB-3993,0.680772
FAB-3992,0.013223
FAB-3991,0.652041
FAB-3990,0.895523
FAB-3989,0.089137
FAB-3988,0.890675
FAB-3987,0.279042
FAB-3986,0.014064
FAB-3984,0.080069
FAB-3983,0.058561
FAB-3981,0.360151
FAB-3980,0.302494
FAB-3976,0.019124
FAB-3973,0.009708
FAB-3972,0.019871
FAB-3970,0.060308
FAB-3968,0.572723
FAB-3967,0.054803
FAB-3964,0.052619
FAB-3963,0.065366
FAB-3959,0.869715
FAB-3957,0.086323
FAB-3955,0.027585
FAB-3954,0.751466
FAB-3953,0.03138
FAB-3951,0.850965
FAB-3950,0.018125
FAB-3949,0.118385
FAB-3948,0.559771
FAB-3947,0.012147
FAB-3946,0.009708
FAB-3942,0.021781
FAB-3941,0.00986
FAB-3939,0.223377
FAB-3938,0.08152
FAB-3937,0.070304
FAB-3934,0.254416
FAB-3932,0.775605
FAB-3931,0.071074
FAB-3928,0.01017
FAB-3927,0.151529
FAB-3926,0.021781
FAB-3925,0.023871
FAB-3923,0.02976
FAB-3922,0.024054
FAB-3921,0.200558
FAB-3917,0.010818
FAB-3916,0.072112
FAB-3915,0.038756
FAB-3910,0.023689
FAB-3908,0.019569
FAB-3907,0.043366
FAB-3906,0.016029
FAB-3904,0.056236
FAB-3901,0.104843
FAB-3900,0.011245
FAB-3899,0.06165
FAB-3894,0.017712
FAB-3893,0.075041
FAB-3892,0.043043
FAB-3891,0.198375
FAB-3890,0.046725
FAB-3888,0.915809
FAB-3887,0.026964
FAB-3884,0.942507
FAB-3882,0.035411
FAB-3880,0.09401
FAB-3878,0.07477
FAB-3877,0.074231
FAB-3876,0.076408
FAB-3875,0.066085
FAB-3874,0.067547
FAB-3873,0.079496
FAB-3872,0.09401
FAB-3871,0.071851
FAB-3870,0.091058
FAB-3869,0.863392
FAB-3866,0.185062
FAB-3865,0.143188
FAB-3863,0.095349
FAB-3861,0.129843
FAB-3860,0.229881
FAB-3859,0.163713
FAB-3858,0.897695
FAB-3857,0.110088
FAB-3856,0.863392
FAB-3855,0.143668
FAB-3854,0.142232
FAB-3853,0.100172
FAB-3852,0.113187
FAB-3851,0.108566
FAB-3850,0.039048
FAB-3849,0.542621
FAB-3848,0.06256
FAB-3847,0.919063
FAB-3846,0.085404
FAB-3844,0.186539
FAB-3841,0.011597
FAB-3840,0.008644
FAB-3839,0.23092
FAB-3837,0.022457
FAB-3836,0.500977
FAB-3835,0.05921
FAB-3834,0.177526
FAB-3833,0.082402
FAB-3832,0.071851
FAB-3831,0.030215
FAB-3830,0.864768
FAB-3826,0.278257
FAB-3825,0.067547
FAB-3824,0.291989
FAB-3823,0.073696
FAB-3822,0.231962
FAB-3821,0.166404
FAB-3820,0.173288
FAB-3819,0.070049
FAB-3818,0.070816
FAB-3817,0.071851
FAB-3816,0.113187
FAB-3815,0.072374
FAB-3814,0.103024
FAB-3813,0.07921
FAB-3812,0.068787
FAB-3811,0.057493
FAB-3810,0.160266
FAB-3809,0.058993
FAB-3808,0.071851
FAB-3807,0.08882
FAB-3805,0.045016
FAB-3804,0.016403
FAB-3803,0.092033
FAB-3802,0.077239
FAB-3801,0.077797
FAB-3800,0.090735
FAB-3799,0.096365
FAB-3798,0.108189
FAB-3797,0.035145
FAB-3796,0.035948
FAB-3795,0.086942
FAB-3794,0.035679
FAB-3793,0.036494
FAB-3792,0.03259
FAB-3791,0.03622
FAB-3790,0.107813
FAB-3789,0.129403
FAB-3787,0.92079
FAB-3786,0.01653
FAB-3785,0.334291
FAB-3781,0.04778
FAB-3779,0.602646
FAB-3777,0.060529
FAB-3776,0.066085
FAB-3775,0.849472
FAB-3774,0.985043
FAB-3773,0.794704
FAB-3772,0.096365
FAB-3771,0.202128
FAB-3770,0.105579
FAB-3769,0.015189
FAB-3766,0.044681
FAB-3765,0.011332
FAB-3764,0.011869
FAB-3763,0.034619
FAB-3762,0.036494
FAB-3761,0.390824
FAB-3760,0.037892
FAB-3758,0.252937
FAB-3755,0.048496
FAB-3754,0.243463
FAB-3753,0.089773
FAB-3751,0.291888
FAB-3750,0.021287
FAB-3749,0.141281
FAB-3747,0.007577
FAB-3745,0.793746
FAB-3744,0.039937
FAB-3742,0.300848
FAB-3741,0.009413
FAB-3740,0.016785
FAB-3739,0.399343
FAB-3738,0.029535
FAB-3737,0.021615
FAB-3736,0.132066
FAB-3735,0.030909
FAB-3733,0.011778
FAB-3732,0.011245
FAB-3730,0.039048
FAB-3729,0.100879
FAB-3728,0.017442
FAB-3727,0.01302
FAB-3726,0.088505
FAB-3725,0.051845
FAB-3724,0.035411
FAB-3723,0.035411
FAB-3722,0.101233
FAB-3721,0.059647
FAB-3720,0.043043
FAB-3715,0.047074
FAB-3714,0.947769
FAB-3713,0.012528
FAB-3712,0.018405
FAB-3711,0.022286
FAB-3710,0.038756
FAB-3709,0.081813
FAB-3708,0.01653
FAB-3707,0.022457
FAB-3706,0.016277
FAB-3705,0.01653
FAB-3704,0.017849
FAB-3703,0.015544
FAB-3702,0.013325
FAB-3701,0.018405
FAB-3700,0.031144
FAB-3699,0.445288
FAB-3698,0.019124
FAB-3697,0.058993
FAB-3696,0.059647
FAB-3695,0.017177
FAB-3694,0.019719
FAB-3692,0.022977
FAB-3691,0.011961
FAB-3690,0.008644
FAB-3689,0.008252
FAB-3687,0.024423
FAB-3686,0.013223
FAB-3685,0.008916
FAB-3684,0.009268
FAB-3682,0.263979
FAB-3681,0.022457
FAB-3680,0.025761
FAB-3679,0.024423
FAB-3678,0.959154
FAB-3677,0.144149
FAB-3675,0.081228
FAB-3674,0.076132
FAB-3673,0.094678
FAB-3672,0.045692
FAB-3671,0.010408
FAB-3669,0.012625
FAB-3668,0.087252
FAB-3667,0.097734
FAB-3666,0.044019
FAB-3665,0.037892
FAB-3664,0.037047
FAB-3663,0.036494
FAB-3661,0.460046
FAB-3660,0.086632
FAB-3659,0.033337
FAB-3658,0.115561
FAB-3656,0.032344
FAB-3654,0.06256
FAB-3647,0.069289
FAB-3646,0.008062
FAB-3645,0.020646
FAB-3643,0.023689
FAB-3642,0.044349
FAB-3641,0.020646
FAB-3638,0.066812
FAB-3637,0.014729
FAB-3636,0.018978
FAB-3635,0.103386
FAB-3634,0.987179
FAB-3633,0.35421
FAB-3631,0.081228
FAB-3630,0.08389
FAB-3629,0.166675
FAB-3628,0.277571
FAB-3627,0.046034
FAB-3626,0.614799
FAB-3625,0.560974
FAB-3624,0.685318
FAB-3623,0.770465
FAB-3622,0.037047
FAB-3621,0.964589
FAB-3620,0.489259
FAB-3619,0.075585
FAB-3618,0.039048
FAB-3617,0.051083
FAB-3616,0.013325
FAB-3615,0.016277
FAB-3614,0.013325
FAB-3613,0.015073
FAB-3612,0.131173
FAB-3610,0.066327
FAB-3608,0.008062
FAB-3607,0.011869
FAB-3606,0.13569
FAB-3605,0.204025
FAB-3604,0.067793
FAB-3603,0.058346
FAB-3602,0.030444
FAB-3601,0.032101
FAB-3600,0.032101
FAB-3599,0.033337
FAB-3598,0.03259
FAB-3597,0.033844
FAB-3596,0.03622
FAB-3595,0.038466
FAB-3594,0.051083
FAB-3593,0.051083
FAB-3592,0.02976
FAB-3591,0.031619
FAB-3590,0.031619
FAB-3589,0.03259
FAB-3588,0.058132
FAB-3587,0.064183
FAB-3586,0.066085
FAB-3585,0.067056
FAB-3584,0.060975
FAB-3583,0.266071
FAB-3582,0.023871
FAB-3578,0.955651
FAB-3577,0.131619
FAB-3576,0.026759
FAB-3575,0.026759
FAB-3573,0.011158
FAB-3572,0.500977
FAB-3571,0.015073
FAB-3567,0.009055
FAB-3566,0.199932
FAB-3565,0.107437
FAB-3564,0.070049
FAB-3563,0.012821
FAB-3562,0.012723
FAB-3561,0.013428
FAB-3560,0.010818
FAB-3559,0.436142
FAB-3557,0.021615
FAB-3556,0.034359
FAB-3555,0.021125
FAB-3551,0.07343
FAB-3550,0.01302
FAB-3549,0.014616
FAB-3548,0.071332
FAB-3546,0.068289
FAB-3545,0.055005
FAB-3543,0.015544
FAB-3540,0.847463
FAB-3538,0.065845
FAB-3537,0.118385
FAB-3536,0.251464
FAB-3535,0.082402
FAB-3534,0.08389
FAB-3532,0.016915
FAB-3531,0.072112
FAB-3530,0.039048
FAB-3529,0.023871
FAB-3528,0.009486
FAB-3527,0.013428
FAB-3526,0.120853
FAB-3525,0.013223
FAB-3524,0.291132
FAB-3523,0.669718
FAB-3522,0.071851
FAB-3521,0.015544
FAB-3520,0.017045
FAB-3517,0.250913
FAB-3516,0.086942
FAB-3515,0.167219
FAB-3514,0.042722
FAB-3513,0.012241
FAB-3512,0.048496
FAB-3511,0.041462
FAB-3510,0.041774
FAB-3509,0.037047
FAB-3508,0.073165
FAB-3507,0.099121
FAB-3506,0.327749
FAB-3505,0.108189
FAB-3504,0.534855
FAB-3502,0.037327
FAB-3501,0.903294
FAB-3500,0.963231
FAB-3499,0.915507
FAB-3498,0.35248
FAB-3497,0.027376
FAB-3496,0.015425
FAB-3495,0.010489
FAB-3494,0.076684
FAB-3493,0.014504
FAB-3488,0.105948
FAB-3487,0.025179
FAB-3485,0.063715
FAB-3481,0.008916
FAB-3480,0.017309
FAB-3476,0.024238
FAB-3475,0.349699
FAB-3474,0.023689
FAB-3473,0.04778
FAB-3471,0.064653
FAB-3469,0.198064
FAB-3467,0.019569
FAB-3466,0.025761
FAB-3465,0.854399
FAB-3464,0.021125
FAB-3462,0.574634
FAB-3461,0.018125
FAB-3460,0.01057
FAB-3456,0.864768
FAB-3455,0.365627
FAB-3454,0.013956
FAB-3453,0.345326
FAB-3452,0.277473
FAB-3451,0.254046
FAB-3450,0.017309
FAB-3449,0.09401
FAB-3448,0.019871
FAB-3447,0.015073
FAB-3446,0.009055
FAB-3445,0.015425
FAB-3444,0.017577
FAB-3443,0.009268
FAB-3442,0.063251
FAB-3441,0.546012
FAB-3440,0.005911
FAB-3439,0.009268
FAB-3438,0.015664
FAB-3436,0.012821
FAB-3434,0.057918
FAB-3431,0.122104
FAB-3430,0.465873
FAB-3429,0.087876
FAB-3428,0.056236
FAB-3427,0.11358
FAB-3426,0.13569
FAB-3422,0.010653
FAB-3420,0.029987
FAB-3419,0.00986
FAB-3418,0.125923
FAB-3414,0.060529
FAB-3413,0.057918
FAB-3412,0.051083
FAB-3411,0.063482
FAB-3410,0.056652
FAB-3407,0.131173
FAB-3406,0.06256
FAB-3405,0.067056
FAB-3404,0.047426
FAB-3403,0.052619
FAB-3402,0.314471
FAB-3401,0.078642
FAB-3400,0.054199
FAB-3399,0.066569
FAB-3398,0.195594
FAB-3394,0.012054
FAB-3391,0.012821
FAB-3390,0.022977
FAB-3389,0.98347
FAB-3388,0.985828
FAB-3387,0.103386
FAB-3386,0.380068
FAB-3385,0.062331
FAB-3384,0.779658
FAB-3383,0.018405
FAB-3382,0.025761
FAB-3381,0.097734
FAB-3380,0.084191
FAB-3375,0.887984
FAB-3373,0.235812
FAB-3372,0.129843
FAB-3370,0.210117
FAB-3368,0.012432
FAB-3367,0.819893
FAB-3366,0.019124
FAB-3365,0.01017
FAB-3364,0.943764
FAB-3363,0.068289
FAB-3362,0.0745
FAB-3361,0.080937
FAB-3360,0.073963
FAB-3359,0.240775
FAB-3358,0.018547
FAB-3356,0.022286
FAB-3355,0.905657
FAB-3354,0.021451
FAB-3353,0.018405
FAB-3352,0.033337
FAB-3351,0.029535
FAB-3350,0.080357
FAB-3349,0.008711
FAB-3348,0.070304
FAB-3347,0.03259
FAB-3346,0.011332
FAB-3344,0.030444
FAB-3343,0.25945
FAB-3342,0.015073
FAB-3341,0.050705
FAB-3340,0.006098
FAB-3339,0.714628
FAB-3338,0.413004
FAB-3337,0.785966
FAB-3336,0.986777
FAB-3335,0.021287
FAB-3334,0.107437
FAB-3333,0.043043
FAB-3330,0.029535
FAB-3329,0.0341
FAB-3328,0.014842
FAB-3326,0.200871
FAB-3324,0.142709
FAB-3323,0.130285
FAB-3322,0.156105
FAB-3321,0.223377
FAB-3320,0.059428
FAB-3319,0.421314
FAB-3318,0.01057
FAB-3317,0.014957
FAB-3316,0.015073
FAB-3315,0.025957
FAB-3314,0.018405
FAB-3312,0.017577
FAB-3311,0.037047
FAB-3310,0.026964
FAB-3309,0.108945
FAB-3308,0.572245
FAB-3307,0.021451
FAB-3306,0.307462
FAB-3305,0.085404
FAB-3304,0.124213
FAB-3302,0.183594
FAB-3300,0.022286
FAB-3299,0.932453
FAB-3298,0.015189
FAB-3297,0.018405
FAB-3296,0.880386
FAB-3295,0.819893
FAB-3294,0.769773
FAB-3293,0.836555
FAB-3292,0.013223
FAB-3291,0.050331
FAB-3289,0.015073
FAB-3288,0.084795
FAB-3287,0.016403
FAB-3285,0.009486
FAB-3284,0.020332
FAB-3283,0.093347
FAB-3282,0.011245
FAB-3281,0.079782
FAB-3280,0.287768
FAB-3279,0.016277
FAB-3278,0.5083
FAB-3274,0.939471
FAB-3273,0.06165
FAB-3272,0.021287
FAB-3271,0.077797
FAB-3270,0.110856
FAB-3269,0.025761
FAB-3267,0.0745
FAB-3266,0.087564
FAB-3264,0.204025
FAB-3263,0.021125
FAB-3262,0.951142
FAB-3259,0.974435
FAB-3258,0.618089
FAB-3257,0.023871
FAB-3254,0.023509
FAB-3252,0.010735
FAB-3251,0.016657
FAB-3250,0.010408
FAB-3249,0.012821
FAB-3248,0.132964
FAB-3247,0.046725
FAB-3246,0.030215
FAB-3245,0.017177
FAB-3244,0.053403
FAB-3243,0.521958
FAB-3242,0.032837
FAB-3241,0.028008
FAB-3240,0.015189
FAB-3238,0.104112
FAB-3235,0.222025
FAB-3233,0.680454
FAB-3232,0.016277
FAB-3230,0.233706
FAB-3229,0.012147
FAB-3227,0.014957
FAB-3226,0.040541
FAB-3225,0.029987
FAB-3223,0.970688
FAB-3222,0.793746
FAB-3221,0.844409
FAB-3220,0.115162
FAB-3218,0.943348
FAB-3216,0.017849
FAB-3215,0.018405
FAB-3213,0.158695
FAB-3210,0.010489
FAB-3208,0.936285
FAB-3207,0.012336
FAB-3206,0.014957
FAB-3204,0.255158
FAB-3203,0.050705
FAB-3201,0.014729
FAB-3200,0.044349
FAB-3199,0.029535
FAB-3198,0.035679
FAB-3196,0.024238
FAB-3195,0.016277
FAB-3194,0.033086
FAB-3193,0.019419
FAB-3191,0.428473
FAB-3190,0.012528
FAB-3189,0.017849
FAB-3187,0.012723
FAB-3186,0.07921
FAB-3185,0.021287
FAB-3184,0.020489
FAB-3183,0.238639
FAB-3182,0.013742
FAB-3181,0.014729
FAB-3180,0.011072
FAB-3179,0.015906
FAB-3178,0.020332
FAB-3177,0.016403
FAB-3176,0.017849
FAB-3175,0.01302
FAB-3173,0.024054
FAB-3172,0.018689
FAB-3171,0.0745
FAB-3170,0.026759
FAB-3168,0.007461
FAB-3167,0.980129
FAB-3166,0.949669
FAB-3161,0.034619
FAB-3160,0.076408
FAB-3158,0.008847
FAB-3156,0.128963
FAB-3155,0.606149
FAB-3154,0.099121
FAB-3153,0.067547
FAB-3152,0.014064
FAB-3151,0.973645
FAB-3149,0.012528
FAB-3148,0.018405
FAB-3147,0.095013
FAB-3146,0.168309
FAB-3145,0.086632
FAB-3144,0.076132
FAB-3143,0.924688
FAB-3142,0.90053
FAB-3141,0.621354
FAB-3140,0.499023
FAB-3139,0.049589
FAB-3138,0.891811
FAB-3136,0.095013
FAB-3134,0.949669
FAB-3133,0.037609
FAB-3132,0.038756
FAB-3131,0.035411
FAB-3128,0.575827
FAB-3127,0.194062
FAB-3126,0.441191
FAB-3125,0.050705
FAB-3124,0.015664
FAB-3123,0.067793
FAB-3122,0.052231
FAB-3120,0.132515
FAB-3119,0.048496
FAB-3118,0.010987
FAB-3117,0.013532
FAB-3114,0.146575
FAB-3113,0.011332
FAB-3112,0.243283
FAB-3111,0.920218
FAB-3110,0.013532
FAB-3109,0.041153
FAB-3107,0.015306
FAB-3106,0.09401
FAB-3105,0.020964
FAB-3101,0.044681
FAB-3099,0.005911
FAB-3098,0.077797
FAB-3095,0.960063
FAB-3094,0.009708
FAB-3093,0.007696
FAB-3092,0.014064
FAB-3091,0.016785
FAB-3090,0.985271
FAB-3089,0.682785
FAB-3087,0.017309
FAB-3086,0.018405
FAB-3085,0.977543
FAB-3081,0.123366
FAB-3079,0.100172
FAB-3078,0.079496
FAB-3077,0.178669
FAB-3075,0.100879
FAB-3067,0.806243
FAB-3066,0.624895
FAB-3058,0.516595
FAB-3057,0.94699
FAB-3056,0.583441
FAB-3055,0.010091
FAB-3054,0.723505
FAB-3053,0.013532
FAB-3049,0.017849
FAB-3048,0.578686
FAB-3047,0.049222
FAB-3046,0.091382
FAB-3045,0.013223
FAB-3042,0.010489
FAB-3041,0.137996
FAB-3040,0.207857
FAB-3039,0.901921
FAB-3037,0.315156
FAB-3036,0.975577
FAB-3035,0.585812
FAB-3034,0.048858
FAB-3031,0.277865
FAB-3030,0.959762
FAB-3029,0.021781
FAB-3025,0.051845
FAB-3019,0.012625
FAB-3017,0.542136
FAB-3016,0.886813
FAB-3015,0.015189
FAB-3014,0.150528
FAB-3012,0.156362
FAB-3009,0.107063
FAB-3005,0.008577
FAB-3002,0.060087
FAB-3001,0.036494
FAB-3000,0.372163
FAB-2999,0.29209
FAB-2998,0.980281
FAB-2997,0.017045
FAB-2996,0.550849
FAB-2995,0.960952
FAB-2989,0.537527
FAB-2988,0.038466
FAB-2987,0.242206
FAB-2986,0.387401
FAB-2985,0.904987
FAB-2984,0.047074
FAB-2982,0.010408
FAB-2980,0.877896
FAB-2978,0.409929
FAB-2977,0.012528
FAB-2974,0.960361
FAB-2972,0.956309
FAB-2971,0.010818
FAB-2970,0.582254
FAB-2969,0.968381
FAB-2968,0.562417
FAB-2966,0.034359
FAB-2965,0.016029
FAB-2964,0.165323
FAB-2963,0.027169
FAB-2962,0.017442
FAB-2961,0.089137
FAB-2960,0.757436
FAB-2959,0.105579
FAB-2958,0.247987
FAB-2957,0.028653
FAB-2954,0.040541
FAB-2952,0.015544
FAB-2951,0.010091
FAB-2950,0.01142
FAB-2949,0.334877
FAB-2947,0.183594
FAB-2946,0.081228
FAB-2945,0.094343
FAB-2944,0.020332
FAB-2943,0.028221
FAB-2942,0.023331
FAB-2937,0.07477
FAB-2936,0.862004
FAB-2935,0.033337
FAB-2933,0.186539
FAB-2932,0.355439
FAB-2931,0.565059
FAB-2929,0.015544
FAB-2928,0.07056
FAB-2927,0.09236
FAB-2926,0.013428
FAB-2925,0.028653
FAB-2924,0.058346
FAB-2922,0.006488
FAB-2921,0.012821
FAB-2917,0.214362
FAB-2916,0.321726
FAB-2915,0.013428
FAB-2914,0.899828
FAB-2913,0.128088
FAB-2912,0.188623
FAB-2911,0.009486
FAB-2910,0.011597
FAB-2908,0.032837
FAB-2906,0.975202
FAB-2905,0.010408
FAB-2904,0.010818
FAB-2903,0.122944
FAB-2902,0.017177
FAB-2901,0.016403
FAB-2897,0.029535
FAB-2893,0.060087
FAB-2891,0.221351
FAB-2890,0.011245
FAB-2889,0.063948
FAB-2888,0.017577
FAB-2886,0.044019
FAB-2885,0.049589
FAB-2884,0.951504
FAB-2883,0.494141
FAB-2880,0.041774
FAB-2879,0.956309
FAB-2878,0.28577
FAB-2877,0.943348
FAB-2876,0.015425
FAB-2875,0.047074
FAB-2874,0.54359
FAB-2873,0.010328
FAB-2870,0.507812
FAB-2869,0.924142
FAB-2867,0.082697
FAB-2866,0.918772
FAB-2865,0.015073
FAB-2863,0.067547
FAB-2862,0.436142
FAB-2861,0.499023
FAB-2860,0.969324
FAB-2859,0.953966
FAB-2858,0.187728
FAB-2857,0.026964
FAB-2855,0.017712
FAB-2854,0.015785
FAB-2852,0.104112
FAB-2851,0.009708
FAB-2850,0.112405
FAB-2849,0.078926
FAB-2848,0.215021
FAB-2847,0.015785
FAB-2846,0.410402
FAB-2844,0.098425
FAB-2843,0.410638
FAB-2838,0.062103
FAB-2837,0.051083
FAB-2830,0.013849
FAB-2829,0.012723
FAB-2828,0.020804
FAB-2826,0.854885
FAB-2824,0.009708
FAB-2823,0.051845
FAB-2822,0.015906
FAB-2821,0.034881
FAB-2820,0.048137
FAB-2819,0.266453
FAB-2818,0.561936
FAB-2817,0.132964
FAB-2816,0.277082
FAB-2815,0.111241
FAB-2814,0.026156
FAB-2811,0.165323
FAB-2810,0.287468
FAB-2809,0.556882
FAB-2808,0.016277
FAB-2807,0.018689
FAB-2806,0.155591
FAB-2804,0.615965
FAB-2803,0.051083
FAB-2801,0.056236
FAB-2800,0.251832
FAB-2798,0.016277
FAB-2789,0.010249
FAB-2788,0.024054
FAB-2784,0.188026
FAB-2783,0.044019
FAB-2780,0.636692
FAB-2779,0.100525
FAB-2778,0.308919
FAB-2777,0.139866
FAB-2775,0.144149
FAB-2773,0.207536
FAB-2772,0.438304
FAB-2770,0.881615
FAB-2769,0.091707
FAB-2768,0.206254
FAB-2767,0.017577
FAB-2766,0.083292
FAB-2764,0.173568
FAB-2762,0.008916
FAB-2761,0.022457
FAB-2760,0.750553
FAB-2759,0.055005
FAB-2758,0.215351
FAB-2756,0.017986
FAB-2755,0.015664
FAB-2750,0.046378
FAB-2749,0.014729
FAB-2748,0.024238
FAB-2747,0.017712
FAB-2746,0.027796
FAB-2745,0.035948
FAB-2744,0.561696
FAB-2743,0.026355
FAB-2742,0.196518
FAB-2741,0.01302
FAB-2740,0.023153
FAB-2739,0.01292
FAB-2738,0.008779
FAB-2736,0.563858
FAB-2735,0.084795
FAB-2734,0.532425
FAB-2733,0.017177
FAB-2732,0.115961
FAB-2731,0.140336
FAB-2730,0.016403
FAB-2729,0.057071
FAB-2728,0.047074
FAB-2727,0.315209
FAB-2725,0.118385
FAB-2724,0.021451
FAB-2723,0.068787
FAB-2721,0.015306
FAB-2718,0.063482
FAB-2714,0.194062
FAB-2710,0.054601
FAB-2709,0.043691
FAB-2708,0.03622
FAB-2707,0.028008
FAB-2706,0.016403
FAB-2705,0.014729
FAB-2703,0.052619
FAB-2702,0.048858
FAB-2701,0.764188
FAB-2700,0.087876
FAB-2699,0.010818
FAB-2697,0.012054
FAB-2696,0.014172
FAB-2695,0.039937
FAB-2694,0.022457
FAB-2693,0.039639
FAB-2692,0.027169
FAB-2691,0.010902
FAB-2689,0.011508
FAB-2688,0.103024
FAB-2687,0.00838
FAB-2683,0.016657
FAB-2682,0.016153
FAB-2680,0.054199
FAB-2679,0.042722
FAB-2678,0.011332
FAB-2676,0.125065
FAB-2674,0.014957
FAB-2673,0.013637
FAB-2672,0.015664
FAB-2671,0.030215
FAB-2670,0.067547
FAB-2669,0.081228
FAB-2667,0.058346
FAB-2666,0.521958
FAB-2665,0.009055
FAB-2664,0.009784
FAB-2663,0.096706
FAB-2662,0.122944
FAB-2661,0.035145
FAB-2660,0.016153
FAB-2659,0.018547
FAB-2658,0.014616
FAB-2657,0.927363
FAB-2655,0.010489
FAB-2653,0.017045
FAB-2652,0.031859
FAB-2651,0.019569
FAB-2649,0.022977
FAB-2648,0.108945
FAB-2647,0.525369
FAB-2646,0.870157
FAB-2645,0.060752
FAB-2643,0.020964
FAB-2642,0.018405
FAB-2641,0.014392
FAB-2640,0.015785
FAB-2638,0.106319
FAB-2636,0.016657
FAB-2635,0.028871
FAB-2634,0.013223
FAB-2633,0.011332
FAB-2632,0.028871
FAB-2631,0.236516
FAB-2630,0.108945
FAB-2629,0.014392
FAB-2626,0.680879
FAB-2625,0.942507
FAB-2624,0.013956
FAB-2623,0.014729
FAB-2622,0.019871
FAB-2621,0.010987
FAB-2618,0.015906
FAB-2616,0.009784
FAB-2615,0.032837
FAB-2614,0.017442
FAB-2613,0.01142
FAB-2612,0.047426
FAB-2611,0.646906
FAB-2609,0.503906
FAB-2608,0.110471
FAB-2607,0.180107
FAB-2606,0.085404
FAB-2605,0.01017
FAB-2604,0.012054
FAB-2603,0.22919
FAB-2602,0.935817
FAB-2600,0.024423
FAB-2597,0.0538
FAB-2595,0.015306
FAB-2594,0.013849
FAB-2591,0.077518
FAB-2590,0.11358
FAB-2589,0.168857
FAB-2588,0.010014
FAB-2587,0.579876
FAB-2585,0.702938
FAB-2584,0.077797
FAB-2583,0.01057
FAB-2582,0.013742
FAB-2581,0.041462
FAB-2580,0.040541
FAB-2579,0.114369
FAB-2578,0.05301
FAB-2577,0.038178
FAB-2576,0.014729
FAB-2575,0.030444
FAB-2574,0.107437
FAB-2570,0.659186
FAB-2569,0.011869
FAB-2567,0.950041
FAB-2565,0.083591
FAB-2560,0.009126
FAB-2557,0.343851
FAB-2556,0.045692
FAB-2554,0.179531
FAB-2552,0.206574
FAB-2547,0.072637
FAB-2546,0.122104
FAB-2545,0.112405
FAB-2544,0.721743
FAB-2540,0.093678
FAB-2539,0.020332
FAB-2537,0.051845
FAB-2536,0.015425
FAB-2533,0.008644
FAB-2532,0.945399
FAB-2531,0.008916
FAB-2530,0.019419
FAB-2529,0.016403
FAB-2528,0.013742
FAB-2527,0.016153
FAB-2526,0.076408
FAB-2524,0.050331
FAB-2514,0.00934
FAB-2511,0.099121
FAB-2504,0.013223
FAB-2503,0.600188
FAB-2501,0.008125
FAB-2500,0.01292
FAB-2499,0.043691
FAB-2498,0.024238
FAB-2493,0.290075
FAB-2490,0.950778
FAB-2489,0.215681
FAB-2487,0.015785
FAB-2486,0.015306
FAB-2485,0.011869
FAB-2484,0.605508
FAB-2483,0.042722
FAB-2480,0.035679
FAB-2479,0.276105
FAB-2478,0.020804
FAB-2477,0.075312
FAB-2473,0.042088
FAB-2472,0.048858
FAB-2471,0.037609
FAB-2470,0.052619
FAB-2468,0.063019
FAB-2467,0.012147
FAB-2466,0.036769
FAB-2465,0.762778
FAB-2464,0.071591
FAB-2463,0.014064
FAB-2462,0.01653
FAB-2461,0.010408
FAB-2460,0.049959
FAB-2459,0.139396
FAB-2458,0.130729
FAB-2457,0.062103
FAB-2455,0.008062
FAB-2454,0.932944
FAB-2453,0.006488
FAB-2452,0.718002
FAB-2451,0.010489
FAB-2450,0.830594
FAB-2448,0.916708
FAB-2447,0.948537
FAB-2446,0.134321
FAB-2445,0.146087
FAB-2444,0.912748
FAB-2443,0.708414
FAB-2442,0.012528
FAB-2441,0.960063
FAB-2440,0.961244
FAB-2439,0.110856
FAB-2438,0.781331
FAB-2437,0.098773
FAB-2432,0.073165
FAB-2430,0.019719
FAB-2429,0.017442
FAB-2428,0.028653
FAB-2427,0.059647
FAB-2424,0.039343
FAB-2423,0.016785
FAB-2422,0.016153
FAB-2421,0.49707
FAB-2420,0.732974
FAB-2418,0.089773
FAB-2417,0.271928
FAB-2412,0.064183
FAB-2411,0.024798
FAB-2410,0.117978
FAB-2409,0.018405
FAB-2408,0.011778
FAB-2407,0.178956
FAB-2406,0.016915
FAB-2404,0.318061
FAB-2400,0.926304
FAB-2399,0.080069
FAB-2398,0.011961
FAB-2397,0.077239
FAB-2396,0.045692
FAB-2394,0.059866
FAB-2393,0.204342
FAB-2392,0.080069
FAB-2391,0.044349
FAB-2388,0.031859
FAB-2381,0.015425
FAB-2380,0.018547
FAB-2378,0.017577
FAB-2377,0.116362
FAB-2375,0.017177
FAB-2374,0.011869
FAB-2368,0.01302
FAB-2367,0.030909
FAB-2366,0.101947
FAB-2365,0.010735
FAB-2364,0.054601
FAB-2362,0.912124
FAB-2361,0.038178
FAB-2360,0.013532
FAB-2359,0.020332
FAB-2357,0.01017
FAB-2356,0.014729
FAB-2354,0.037047
FAB-2352,0.084191
FAB-2351,0.319884
FAB-2350,0.046034
FAB-2349,0.077239
FAB-2348,0.020804
FAB-2346,0.133415
FAB-2345,0.028436
FAB-2344,0.013956
FAB-2342,0.076684
FAB-2341,0.016153
FAB-2340,0.877056
FAB-2339,0.071851
FAB-2338,0.011245
FAB-2337,0.017712
FAB-2336,0.097734
FAB-2335,0.718199
FAB-2332,0.972623
FAB-2330,0.012625
FAB-2327,0.108566
FAB-2325,0.070049
FAB-2324,0.037047
FAB-2323,0.798815
FAB-2322,0.086942
FAB-2321,0.028436
FAB-2319,0.681091
FAB-2318,0.862004
FAB-2317,0.992423
FAB-2316,0.256273
FAB-2315,0.025565
FAB-2314,0.956957
FAB-2313,0.072112
FAB-2312,0.102664
FAB-2311,0.130729
FAB-2310,0.037892
FAB-2309,0.038466
FAB-2308,0.487307
FAB-2307,0.093017
FAB-2306,0.982691
FAB-2305,0.493653
FAB-2304,0.968856
FAB-2303,0.115162
FAB-2302,0.185357
FAB-2301,0.058993
FAB-2300,0.946597
FAB-2299,0.86431
FAB-2298,0.187728
FAB-2297,0.317109
FAB-2296,0.181553
FAB-2295,0.044681
FAB-2294,0.153803
FAB-2293,0.906983
FAB-2292,0.570571
FAB-2291,0.816991
FAB-2290,0.090414
FAB-2289,0.977883
FAB-2288,0.328045
FAB-2287,0.255344
FAB-2286,0.903294
FAB-2285,0.353428
FAB-2284,0.889912
FAB-2283,0.495117
FAB-2282,0.508788
FAB-2281,0.187133
FAB-2280,0.562417
FAB-2279,0.47658
FAB-2278,0.411111
FAB-2277,0.525856
FAB-2276,0.903635
FAB-2275,0.988131
FAB-2274,0.532182
FAB-2272,0.013223
FAB-2271,0.011961
FAB-2270,0.013849
FAB-2269,0.665247
FAB-2268,0.010653
FAB-2267,0.130285
FAB-2266,0.024423
FAB-2265,0.298185
FAB-2264,0.114369
FAB-2263,0.06165
FAB-2262,0.081813
FAB-2261,0.471223
FAB-2260,0.013121
FAB-2259,0.018547
FAB-2257,0.013121
FAB-2255,0.063715
FAB-2254,0.067547
FAB-2253,0.087876
FAB-2251,0.165323
FAB-2250,0.589598
FAB-2249,0.01142
FAB-2248,0.83762
FAB-2247,0.987568
FAB-2246,0.012054
FAB-2245,0.018689
FAB-2244,0.010091
FAB-2243,0.253491
FAB-2242,0.013223
FAB-2241,0.924688
FAB-2239,0.006693
FAB-2238,0.034881
FAB-2237,0.140336
FAB-2236,0.305801
FAB-2235,0.178383
FAB-2234,0.101589
FAB-2232,0.061424
FAB-2231,0.007577
FAB-2230,0.204342
FAB-2229,0.818447
FAB-2228,0.547464
FAB-2226,0.039639
FAB-2225,0.07836
FAB-2223,0.677901
FAB-2222,0.069038
FAB-2221,0.017712
FAB-2220,0.036769
FAB-2219,0.093017
FAB-2218,0.012528
FAB-2215,0.042404
FAB-2214,0.012054
FAB-2213,0.053403
FAB-2212,0.951863
FAB-2211,0.021781
FAB-2210,0.096025
FAB-2209,0.01292
FAB-2208,0.94079
FAB-2207,0.291737
FAB-2206,0.11358
FAB-2205,0.100525
FAB-2204,0.476092
FAB-2203,0.020489
FAB-2202,0.420838
FAB-2201,0.056862
FAB-2200,0.017577
FAB-2199,0.192539
FAB-2198,0.080937
FAB-2197,0.042722
FAB-2196,0.037047
FAB-2195,0.019419
FAB-2194,0.016403
FAB-2193,0.102305
FAB-2192,0.009486
FAB-2191,0.008644
FAB-2190,0.314116
FAB-2189,0.481941
FAB-2187,0.059866
FAB-2186,0.302288
FAB-2185,0.436862
FAB-2184,0.014064
FAB-2183,0.021451
FAB-2182,0.014392
FAB-2178,0.951863
FAB-2177,0.920218
FAB-2176,0.09401
FAB-2175,0.012528
FAB-2174,0.965641
FAB-2173,0.020964
FAB-2172,0.030215
FAB-2170,0.034619
FAB-2169,0.056029
FAB-2168,0.015785
FAB-2167,0.016785
FAB-2166,0.020177
FAB-2165,0.016277
FAB-2163,0.050705
FAB-2162,0.052231
FAB-2157,0.144631
FAB-2156,0.060752
FAB-2155,0.19163
FAB-2152,0.0538
FAB-2151,0.042088
FAB-2150,0.048496
FAB-2149,0.047426
FAB-2147,0.358044
FAB-2146,0.035411
FAB-2145,0.552057
FAB-2144,0.261708
FAB-2143,0.91848
FAB-2142,0.161585
FAB-2140,0.30917
FAB-2139,0.132515
FAB-2138,0.009708
FAB-2137,0.012432
FAB-2136,0.016153
FAB-2135,0.046378
FAB-2133,0.008316
FAB-2131,0.984575
FAB-2130,0.518546
FAB-2128,0.202759
FAB-2127,0.659953
FAB-2126,0.359926
FAB-2125,0.949669
FAB-2124,0.877056
FAB-2123,0.260013
FAB-2122,0.058132
FAB-2120,0.053403
FAB-2118,0.043691
FAB-2117,0.818737
FAB-2116,0.068289
FAB-2115,0.175538
FAB-2114,0.448426
FAB-2113,0.893309
FAB-2112,0.292696
FAB-2111,0.129843
FAB-2108,0.046378
FAB-2107,0.048858
FAB-2106,0.034359
FAB-2105,0.486332
FAB-2104,0.080357
FAB-2103,0.71721
FAB-2102,0.41941
FAB-2101,0.061876
FAB-2100,0.148541
FAB-2099,0.067793
FAB-2098,0.086942
FAB-2097,0.093678
FAB-2096,0.037327
FAB-2094,0.971129
FAB-2091,0.833866
FAB-2090,0.982557
FAB-2089,0.990441
FAB-2088,0.970909
FAB-2087,0.721743
FAB-2086,0.057493
FAB-2085,0.015785
FAB-2083,0.008252
FAB-2081,0.037609
FAB-2080,0.787931
FAB-2079,0.863852
FAB-2078,0.871475
FAB-2077,0.94699
FAB-2076,0.032837
FAB-2075,0.131619
FAB-2074,0.067793
FAB-2073,0.874077
FAB-2072,0.965381
FAB-2071,0.147801
FAB-2069,0.923592
FAB-2068,0.874507
FAB-2067,0.804098
FAB-2063,0.908293
FAB-2062,0.943764
FAB-2061,0.058346
FAB-2060,0.014064
FAB-2059,0.603114
FAB-2056,0.067793
FAB-2055,0.02461
FAB-2054,0.021948
FAB-2053,0.038756
FAB-2052,0.955319
FAB-2051,0.073696
FAB-2048,0.219672
FAB-2047,0.132964
FAB-2046,0.05921
FAB-2045,0.030215
FAB-2037,0.95222
FAB-2036,0.73431
FAB-2035,0.007938
FAB-2033,0.037609
FAB-2032,0.408041
FAB-2031,0.038178
FAB-2030,0.026355
FAB-2029,0.036494
FAB-2028,0.238107
FAB-2027,0.066327
FAB-2026,0.019569
FAB-2025,0.24963
FAB-2024,0.170508
FAB-2022,0.792785
FAB-2021,0.049222
FAB-2019,0.034881
FAB-2018,0.78695
FAB-2017,0.257578
FAB-2015,0.174129
FAB-2011,0.016277
FAB-2010,0.013637
FAB-2009,0.879974
FAB-2008,0.012625
FAB-2007,0.139396
FAB-2005,0.978549
FAB-2004,0.013325
FAB-2003,0.025761
FAB-2002,0.067301
FAB-2001,0.018125
FAB-1999,0.831691
FAB-1998,0.344388
FAB-1997,0.100172
FAB-1994,0.153042
FAB-1992,0.671147
FAB-1990,0.423458
FAB-1988,0.009936
FAB-1987,0.015189
FAB-1986,0.322666
FAB-1985,0.572723
FAB-1984,0.209793
FAB-1983,0.279829
FAB-1980,0.010653
FAB-1979,0.795658
FAB-1978,0.988842
FAB-1977,0.010489
FAB-1976,0.039343
FAB-1975,0.821044
FAB-1974,0.636754
FAB-1973,0.892187
FAB-1972,0.863852
FAB-1971,0.499512
FAB-1970,0.864768
FAB-1969,0.982288
FAB-1966,0.926835
FAB-1964,0.016403
FAB-1962,0.306423
FAB-1961,0.060529
FAB-1960,0.699254
FAB-1958,0.052231
FAB-1957,0.054601
FAB-1956,0.051083
FAB-1955,0.211743
FAB-1953,0.007816
FAB-1951,0.009784
FAB-1948,0.013956
FAB-1947,0.117572
FAB-1946,0.04778
FAB-1945,0.009936
FAB-1944,0.833866
FAB-1940,0.115561
FAB-1939,0.016657
FAB-1938,0.37319
FAB-1937,0.020023
FAB-1936,0.935346
FAB-1935,0.123789
FAB-1934,0.252568
FAB-1933,0.015544
FAB-1931,0.005642
FAB-1930,0.971129
FAB-1929,0.071074
FAB-1928,0.07343
FAB-1926,0.389779
FAB-1925,0.104112
FAB-1924,0.880386
FAB-1920,0.058346
FAB-1919,0.152032
FAB-1917,0.158174
FAB-1916,0.025957
FAB-1915,0.013223
FAB-1914,0.037047
FAB-1913,0.181263
FAB-1912,0.503906
FAB-1911,0.051845
FAB-1910,0.205296
FAB-1909,0.057282
FAB-1908,0.053403
FAB-1907,0.802865
FAB-1906,0.621196
FAB-1905,0.080069
FAB-1904,0.096025
FAB-1903,0.058777
FAB-1902,0.063251
FAB-1901,0.168857
FAB-1900,0.066569
FAB-1898,0.060975
FAB-1893,0.033337
FAB-1891,0.05301
FAB-1890,0.122523
FAB-1889,0.007233
FAB-1887,0.845942
FAB-1886,0.601594
FAB-1885,0.016915
FAB-1883,0.962953
FAB-1882,0.017712
FAB-1881,0.012625
FAB-1880,0.180974
FAB-1879,0.383064
FAB-1878,0.441191
FAB-1876,0.284377
FAB-1875,0.917303
FAB-1873,0.057493
FAB-1872,0.017309
FAB-1871,0.010987
FAB-1870,0.901575
FAB-1869,0.921358
FAB-1867,0.606382
FAB-1863,0.176388
FAB-1862,0.128963
FAB-1861,0.956957
FAB-1860,0.012241
FAB-1859,0.459076
FAB-1858,0.842863
FAB-1857,0.032837
FAB-1856,0.475605
FAB-1855,0.567937
FAB-1852,0.910545
FAB-1851,0.043691
FAB-1850,0.11358
FAB-1849,0.957596
FAB-1848,0.017045
FAB-1847,0.027585
FAB-1846,0.895157
FAB-1845,0.142232
FAB-1844,0.06256
FAB-1843,0.117572
FAB-1842,0.084795
FAB-1841,0.649023
FAB-1840,0.05921
FAB-1839,0.062331
FAB-1838,0.083292
FAB-1837,0.013637
FAB-1835,0.012336
FAB-1834,0.020804
FAB-1833,0.817574
FAB-1832,0.546012
FAB-1829,0.253306
FAB-1825,0.848471
FAB-1822,0.582372
FAB-1820,0.031144
FAB-1819,0.062789
FAB-1818,0.577257
FAB-1817,0.060308
FAB-1816,0.026759
FAB-1812,0.060752
FAB-1809,0.043043
FAB-1808,0.012147
FAB-1807,0.084795
FAB-1806,0.72331
FAB-1805,0.745398
FAB-1801,0.016785
FAB-1800,0.012336
FAB-1799,0.62681
FAB-1796,0.015664
FAB-1795,0.008779
FAB-1793,0.01292
FAB-1792,0.538498
FAB-1791,0.055005
FAB-1790,0.049959
FAB-1789,0.048858
FAB-1788,0.584983
FAB-1785,0.01302
FAB-1784,0.018264
FAB-1783,0.979668
FAB-1781,0.011332
FAB-1780,0.050705
FAB-1779,0.028871
FAB-1778,0.065845
FAB-1777,0.735642
FAB-1776,0.089455
FAB-1775,0.066085
FAB-1774,0.894052
FAB-1773,0.066812
FAB-1772,0.03138
FAB-1771,0.077518
FAB-1769,0.034359
FAB-1768,0.029535
FAB-1767,0.086632
FAB-1766,0.043366
FAB-1765,0.019569
FAB-1764,0.021451
FAB-1763,0.009784
FAB-1762,0.970465
FAB-1761,0.042088
FAB-1760,0.914291
FAB-1758,0.010818
FAB-1757,0.575349
FAB-1755,0.641156
FAB-1754,0.829492
FAB-1753,0.860134
FAB-1752,0.876634
FAB-1751,0.08152
FAB-1748,0.832781
FAB-1747,0.015073
FAB-1746,0.099821
FAB-1745,0.090093
FAB-1744,0.022457
FAB-1743,0.117978
FAB-1742,0.849472
FAB-1741,0.939471
FAB-1740,0.01017
FAB-1739,0.044019
FAB-1738,0.882022
FAB-1737,0.978549
FAB-1736,0.030909
FAB-1735,0.034619
FAB-1733,0.013223
FAB-1730,0.009559
FAB-1729,0.066569
FAB-1728,0.011508
FAB-1724,0.096365
FAB-1723,0.016277
FAB-1722,0.040238
FAB-1721,0.233357
FAB-1717,0.0341
FAB-1716,0.048137
FAB-1715,0.104112
FAB-1713,0.166947
FAB-1711,0.019569
FAB-1710,0.055413
FAB-1709,0.616705
FAB-1706,0.07921
FAB-1705,0.030676
FAB-1702,0.009936
FAB-1700,0.369201
FAB-1699,0.08389
FAB-1698,0.047074
FAB-1697,0.039639
FAB-1696,0.006098
FAB-1695,0.474631
FAB-1694,0.058993
FAB-1693,0.03138
FAB-1690,0.942082
FAB-1689,0.016785
FAB-1688,0.018547
FAB-1687,0.01653
FAB-1686,0.018833
FAB-1685,0.062331
FAB-1684,0.055413
FAB-1683,0.014729
FAB-1681,0.136148
FAB-1679,0.676192
FAB-1678,0.968856
FAB-1675,0.698227
FAB-1674,0.479504
FAB-1673,0.219003
FAB-1672,0.287168
FAB-1671,0.065605
FAB-1670,0.870157
FAB-1669,0.085099
FAB-1668,0.27474
FAB-1667,0.863392
FAB-1666,0.051083
FAB-1665,0.019569
FAB-1664,0.888759
FAB-1663,0.455683
FAB-1662,0.082994
FAB-1661,0.022286
FAB-1660,0.020646
FAB-1659,0.022977
FAB-1658,0.029091
FAB-1657,0.015425
FAB-1656,0.032101
FAB-1653,0.067301
FAB-1651,0.008446
FAB-1650,0.033844
FAB-1649,0.055618
FAB-1648,0.037609
FAB-1647,0.446495
FAB-1646,0.541651
FAB-1645,0.70253
FAB-1644,0.176104
FAB-1643,0.061199
FAB-1642,0.46223
FAB-1641,0.516595
FAB-1640,0.239172
FAB-1639,0.336876
FAB-1638,0.957278
FAB-1637,0.988668
FAB-1636,0.017045
FAB-1635,0.21305
FAB-1634,0.696578
FAB-1633,0.087564
FAB-1632,0.015906
FAB-1631,0.206574
FAB-1630,0.197754
FAB-1629,0.121686
FAB-1628,0.098079
FAB-1627,0.103024
FAB-1626,0.056236
FAB-1625,0.293
FAB-1624,0.009486
FAB-1623,0.080357
FAB-1619,0.191933
FAB-1618,0.141281
FAB-1617,0.051463
FAB-1616,0.046378
FAB-1615,0.089137
FAB-1614,0.874507
FAB-1613,0.066812
FAB-1612,0.208179
FAB-1611,0.464416
FAB-1610,0.036769
FAB-1609,0.038178
FAB-1608,0.614163
FAB-1607,0.060975
FAB-1606,0.017849
FAB-1604,0.049222
FAB-1603,0.047074
FAB-1600,0.015664
FAB-1595,0.165863
FAB-1585,0.975012
FAB-1583,0.091058
FAB-1582,0.171061
FAB-1581,0.887595
FAB-1580,0.705379
FAB-1579,0.253122
FAB-1576,0.060529
FAB-1575,0.047426
FAB-1574,0.475849
FAB-1573,0.3027
FAB-1572,0.013121
FAB-1571,0.951863
FAB-1569,0.025179
FAB-1568,0.038466
FAB-1567,0.024054
FAB-1566,0.036769
FAB-1565,0.030676
FAB-1564,0.797872
FAB-1563,0.525856
FAB-1562,0.11358
FAB-1560,0.78233
FAB-1559,0.91848
FAB-1558,0.92944
FAB-1557,0.937211
FAB-1556,0.96641
FAB-1554,0.991153
FAB-1553,0.396419
FAB-1548,0.52975
FAB-1547,0.808067
FAB-1544,0.946597
FAB-1543,0.898767
FAB-1542,0.934873
FAB-1541,0.00986
FAB-1540,0.025565
FAB-1539,0.101947
FAB-1538,0.030676
FAB-1537,0.328045
FAB-1536,0.783326
FAB-1535,0.025761
FAB-1534,0.030444
FAB-1533,0.242385
FAB-1532,0.013532
FAB-1529,0.110471
FAB-1528,0.076961
FAB-1526,0.2227
FAB-1524,0.518059
FAB-1523,0.181263
FAB-1521,0.556159
FAB-1518,0.347316
FAB-1516,0.644225
FAB-1515,0.008711
FAB-1514,0.020177
FAB-1513,0.024798
FAB-1512,0.832237
FAB-1510,0.978385
FAB-1509,0.142709
FAB-1508,0.123366
FAB-1507,0.479016
FAB-1506,0.707607
FAB-1505,0.755637
FAB-1504,0.849472
FAB-1503,0.549641
FAB-1502,0.786295
FAB-1501,0.235988
FAB-1500,0.48438
FAB-1498,0.014616
FAB-1497,0.337859
FAB-1495,0.159741
FAB-1494,0.738858
FAB-1493,0.857291
FAB-1492,0.438785
FAB-1489,0.132964
FAB-1487,0.012821
FAB-1482,0.012723
FAB-1481,0.022457
FAB-1480,0.013325
FAB-1475,0.171616
FAB-1474,0.18418
FAB-1472,0.985158
FAB-1459,0.898053
FAB-1458,0.015306
FAB-1457,0.343672
FAB-1455,0.50952
FAB-1452,0.023689
FAB-1451,0.294012
FAB-1450,0.014842
FAB-1449,0.616012
FAB-1447,0.009784
FAB-1446,0.741674
FAB-1445,0.971992
FAB-1444,0.045692
FAB-1443,0.699049
FAB-1441,0.947769
FAB-1440,0.140336
FAB-1439,0.180974
FAB-1438,0.880386
FAB-1436,0.171061
FAB-1435,0.221014
FAB-1434,0.072637
FAB-1433,0.972831
FAB-1432,0.593845
FAB-1431,0.888372
FAB-1430,0.764892
FAB-1428,0.982823
FAB-1425,0.139396
FAB-1423,0.016915
FAB-1422,0.866133
FAB-1420,0.686055
FAB-1419,0.168857
FAB-1418,0.222531
FAB-1416,0.867485
FAB-1415,0.019271
FAB-1413,0.018125
FAB-1412,0.011158
FAB-1411,0.010653
FAB-1410,0.071591
FAB-1407,0.09401
FAB-1405,0.525856
FAB-1395,0.936749
FAB-1394,0.943348
FAB-1392,0.401923
FAB-1391,0.21305
FAB-1390,0.961534
FAB-1389,0.632247
FAB-1388,0.602646
FAB-1385,0.053601
FAB-1384,0.97631
FAB-1382,0.957596
FAB-1378,0.652795
FAB-1377,0.272605
FAB-1374,0.694613
FAB-1373,0.823896
FAB-1371,0.805632
FAB-1370,0.017045
FAB-1369,0.03259
FAB-1368,0.033337
FAB-1367,0.064653
FAB-1366,0.126353
FAB-1365,0.851953
FAB-1364,0.842345
FAB-1363,0.617743
FAB-1362,0.585575
FAB-1361,0.039343
FAB-1360,0.201185
FAB-1359,0.876211
FAB-1358,0.03259
FAB-1357,0.757794
FAB-1356,0.988313
FAB-1355,0.328758
FAB-1354,0.987179
FAB-1352,0.214691
FAB-1351,0.388386
FAB-1350,0.031859
FAB-1349,0.445771
FAB-1348,0.061199
FAB-1346,0.325618
FAB-1345,0.580352
FAB-1342,0.307098
FAB-1341,0.163713
FAB-1340,0.040541
FAB-1339,0.869715
FAB-1337,0.068537
FAB-1336,0.069289
FAB-1335,0.137996
FAB-1334,0.315209
FAB-1333,0.956957
FAB-1332,0.401219
FAB-1331,0.219337
FAB-1330,0.650911
FAB-1329,0.992184
FAB-1328,0.951504
FAB-1327,0.837088
FAB-1326,0.979036
FAB-1325,0.921922
FAB-1324,0.989013
FAB-1323,0.879974
FAB-1322,0.947381
FAB-1321,0.992304
FAB-1320,0.900879
FAB-1318,0.086632
FAB-1317,0.036769
FAB-1316,0.338186
FAB-1314,0.128525
FAB-1313,0.813164
FAB-1312,0.015073
FAB-1311,0.019719
FAB-1310,0.061199
FAB-1309,0.075041
FAB-1308,0.495117
FAB-1307,0.022977
FAB-1306,0.16238
FAB-1305,0.010818
FAB-1304,0.972415
FAB-1302,0.919643
FAB-1300,0.80038
FAB-1299,0.529993
FAB-1298,0.949669
FAB-1297,0.479504
FAB-1296,0.076961
FAB-1295,0.869271
FAB-1292,0.971347
FAB-1291,0.051463
FAB-1290,0.063482
FAB-1289,0.869715
FAB-1288,0.973241
FAB-1287,0.475118
FAB-1286,0.41324
FAB-1285,0.30584
FAB-1282,0.018125
FAB-1281,0.524395
FAB-1280,0.718002
FAB-1279,0.947769
FAB-1278,0.933915
FAB-1277,0.763836
FAB-1276,0.831691
FAB-1275,0.010902
FAB-1274,0.513668
FAB-1270,0.929951
FAB-1269,0.841305
FAB-1268,0.873215
FAB-1267,0.955651
FAB-1266,0.926835
FAB-1265,0.969324
FAB-1262,0.13569
FAB-1261,0.928409
FAB-1260,0.956634
FAB-1259,0.95222
FAB-1258,0.015073
FAB-1257,0.874077
FAB-1256,0.553023
FAB-1255,0.850469
FAB-1253,0.012723
FAB-1252,0.042404
FAB-1251,0.019124
FAB-1247,0.842345
FAB-1246,0.915809
FAB-1244,0.770465
FAB-1243,0.052619
FAB-1242,0.05301
FAB-1241,0.297011
FAB-1238,0.319865
FAB-1237,0.961534
FAB-1236,0.744656
FAB-1234,0.328341
FAB-1233,0.252937
FAB-1232,0.143188
FAB-1230,0.012723
FAB-1229,0.957278
FAB-1227,0.653016
FAB-1225,0.040846
FAB-1224,0.244183
FAB-1223,0.715424
FAB-1219,0.980729
FAB-1218,0.839208
FAB-1217,0.880386
FAB-1216,0.247805
FAB-1214,0.288168
FAB-1213,0.362856
FAB-1212,0.247987
FAB-1211,0.712832
FAB-1210,0.169131
FAB-1209,0.162115
FAB-1207,0.016029
FAB-1206,0.261237
FAB-1205,0.900879
FAB-1203,0.011245
FAB-1201,0.157137
FAB-1200,0.014616
FAB-1199,0.814053
FAB-1198,0.275909
FAB-1196,0.020332
FAB-1195,0.040541
FAB-1194,0.799442
FAB-1192,0.008577
FAB-1191,0.024988
FAB-1190,0.984456
FAB-1189,0.025957
FAB-1188,0.011778
FAB-1187,0.967656
FAB-1185,0.962953
FAB-1180,0.929951
FAB-1179,0.136608
FAB-1178,0.124213
FAB-1177,0.427038
FAB-1176,0.058993
FAB-1175,0.62111
FAB-1174,0.08389
FAB-1173,0.009413
FAB-1172,0.123789
FAB-1171,0.150029
FAB-1169,0.945399
FAB-1168,0.965381
FAB-1167,0.479016
FAB-1166,0.895157
FAB-1165,0.052619
FAB-1164,0.114765
FAB-1163,0.007577
FAB-1162,0.014064
FAB-1161,0.021287
FAB-1158,0.022457
FAB-1154,0.54577
FAB-1152,0.971779
FAB-1151,0.992304
FAB-1150,0.169406
FAB-1149,0.213377
FAB-1146,0.490236
FAB-1145,0.009268
FAB-1142,0.152032
FAB-1141,0.861072
FAB-1140,0.923592
FAB-1139,0.009486
FAB-1136,0.012432
FAB-1135,0.305594
FAB-1134,0.204342
FAB-1133,0.122523
FAB-1131,0.010987
FAB-1130,0.103386
FAB-1128,0.675658
FAB-1127,0.819316
FAB-1126,0.016277
FAB-1125,0.444083
FAB-1124,0.876211
FAB-1123,0.858719
FAB-1122,0.987568
FAB-1121,0.065605
FAB-1120,0.09236
FAB-1119,0.042404
FAB-1117,0.817574
FAB-1116,0.727782
FAB-1115,0.16398
FAB-1114,0.294621
FAB-1113,0.691393
FAB-1111,0.912124
FAB-1109,0.067547
FAB-1097,0.013532
FAB-1096,0.730674
FAB-1095,0.179818
FAB-1094,0.335242
FAB-1092,0.01302
FAB-1088,0.144631
FAB-1087,0.061424
FAB-1085,0.094678
FAB-1082,0.477554
FAB-1081,0.406273
FAB-1080,0.169131
FAB-1079,0.511473
FAB-1078,0.981453
FAB-1077,0.980431
FAB-1076,0.072374
FAB-1075,0.138928
FAB-1074,0.106691
FAB-1072,0.128088
FAB-1071,0.823044
FAB-1070,0.065605
FAB-1069,0.957912
FAB-1068,0.037892
FAB-1067,0.825027
FAB-1066,0.907967
FAB-1065,0.179818
FAB-1064,0.893681
FAB-1063,0.935817
FAB-1061,0.429669
FAB-1060,0.926304
FAB-1059,0.991812
FAB-1058,0.044681
FAB-1057,0.06804
FAB-1056,0.017442
FAB-1055,0.765593
FAB-1054,0.110856
FAB-1047,0.91181
FAB-1046,0.880386
FAB-1045,0.958538
FAB-1043,0.100172
FAB-1041,0.085709
FAB-1040,0.010902
FAB-1039,0.096025
FAB-1038,0.943348
FAB-1036,0.957278
FAB-1035,0.243283
FAB-1034,0.950041
FAB-1033,0.559049
FAB-1031,0.099121
FAB-1029,0.067547
FAB-1025,0.308972
FAB-1024,0.208824
FAB-1023,0.09401
FAB-1022,0.148047
FAB-1021,0.835484
FAB-1020,0.855369
FAB-1019,0.575349
FAB-1018,0.702734
FAB-1017,0.985271
FAB-1016,0.626467
FAB-1015,0.110471
FAB-1014,0.013956
FAB-1013,0.075041
FAB-1012,0.277571
FAB-1011,0.888372
FAB-1010,0.842345
FAB-1009,0.92523
FAB-1008,0.96641
FAB-1007,0.952926
FAB-1006,0.710628
FAB-1005,0.043366
FAB-1004,0.035948
FAB-1003,0.041774
FAB-1002,0.040541
FAB-1001,0.258513
FAB-1000,0.061876
FAB-999,0.040541
FAB-998,0.166947
FAB-997,0.022629
FAB-996,0.354824
FAB-995,0.540439
FAB-994,0.08882
FAB-993,0.052231
FAB-990,0.016029
FAB-984,0.113187
FAB-981,0.023331
FAB-980,0.033086
FAB-979,0.500977
FAB-978,0.098773
FAB-977,0.065128
FAB-976,0.067547
FAB-975,0.058132
FAB-974,0.092688
FAB-973,0.029535
FAB-972,0.93196
FAB-971,0.03359
FAB-970,0.125923
FAB-969,0.178669
FAB-968,0.353066
FAB-967,0.013532
FAB-964,0.75274
FAB-959,0.186539
FAB-957,0.90764
FAB-956,0.955651
FAB-955,0.972831
FAB-954,0.987946
FAB-953,0.370453
FAB-951,0.015544
FAB-950,0.264169
FAB-948,0.285571
FAB-947,0.012625
FAB-944,0.987179
FAB-942,0.982288
FAB-940,0.014729
FAB-939,0.010249
FAB-938,0.045016
FAB-937,0.072374
FAB-936,0.032837
FAB-935,0.016657
FAB-934,0.133415
FAB-933,0.017045
FAB-932,0.053403
FAB-931,0.043691
FAB-930,0.852445
FAB-925,0.987179
FAB-924,0.569613
FAB-923,0.024054
FAB-922,0.065366
FAB-920,0.018833
FAB-918,0.013428
FAB-917,0.150278
FAB-916,0.179818
FAB-915,0.467332
FAB-914,0.912748
FAB-913,0.811676
FAB-912,0.021287
FAB-911,0.020646
FAB-910,0.020646
FAB-909,0.018125
FAB-908,0.048496
FAB-907,0.020332
FAB-906,0.663015
FAB-905,0.795658
FAB-904,0.13569
FAB-903,0.018833
FAB-902,0.146087
FAB-901,0.105948
FAB-900,0.213377
FAB-899,0.015906
FAB-898,0.022286
FAB-897,0.804713
FAB-896,0.944587
FAB-895,0.886027
FAB-892,0.230573
FAB-890,0.966914
FAB-889,0.885631
FAB-888,0.257578
FAB-887,0.886027
FAB-886,0.270866
FAB-885,0.076684
FAB-884,0.9659
FAB-883,0.047074
FAB-881,0.349089
FAB-878,0.067547
FAB-875,0.88642
FAB-872,0.734881
FAB-871,0.872782
FAB-868,0.057071
FAB-866,0.010818
FAB-855,0.040541
FAB-854,0.027169
FAB-853,0.039639
FAB-852,0.03138
FAB-851,0.060308
FAB-850,0.027376
FAB-849,0.218336
FAB-848,0.097734
FAB-847,0.090093
FAB-846,0.978713
FAB-845,0.031619
FAB-844,0.042722
FAB-843,0.017712
FAB-842,0.979511
FAB-841,0.978385
FAB-840,0.337859
FAB-839,0.231614
FAB-838,0.892937
FAB-835,0.905322
FAB-833,0.945801
FAB-832,0.977197
FAB-831,0.818156
FAB-830,0.932944
FAB-829,0.984927
FAB-828,0.532911
FAB-827,0.132964
FAB-826,0.962953
FAB-824,0.987179
FAB-822,0.010408
FAB-821,0.499023
FAB-820,0.90053
FAB-819,0.632843
FAB-818,0.929951
FAB-817,0.807461
FAB-816,0.835484
FAB-815,0.878731
FAB-814,0.944587
FAB-813,0.692018
FAB-812,0.085404
FAB-811,0.670932
FAB-810,0.059428
FAB-808,0.798187
FAB-806,0.107437
FAB-805,0.307046
FAB-799,0.231267
FAB-798,0.953275
FAB-797,0.158956
FAB-796,0.042088
FAB-795,0.128088
FAB-794,0.6137
FAB-793,0.834946
FAB-792,0.456652
FAB-791,0.646293
FAB-790,0.422266
FAB-789,0.393618
FAB-788,0.934873
FAB-787,0.255344
FAB-786,0.603114
FAB-785,0.775265
FAB-783,0.93196
FAB-782,0.092688
FAB-781,0.718594
FAB-780,0.612657
FAB-777,0.132964
FAB-775,0.74872
FAB-774,0.891811
FAB-773,0.91848
FAB-772,0.967899
FAB-771,0.327924
FAB-770,0.849472
FAB-769,0.979195
FAB-768,0.891434
FAB-767,0.972415
FAB-766,0.438064
FAB-764,0.90599
FAB-762,0.942082
FAB-761,0.97024
FAB-758,0.989986
FAB-757,0.991015
FAB-756,0.973645
FAB-755,0.018547
FAB-754,0.988131
FAB-752,0.162115
FAB-751,0.018547
FAB-748,0.014616
FAB-746,0.415136
FAB-745,0.874077
FAB-744,0.86431
FAB-743,0.587233
FAB-742,0.718397
FAB-741,0.978385
FAB-740,0.05301
FAB-735,0.010902
FAB-734,0.034881
FAB-733,0.028008
FAB-732,0.149035
FAB-731,0.141281
FAB-729,0.067793
FAB-728,0.302597
FAB-727,0.011072
FAB-726,0.055005
FAB-724,0.931463
FAB-722,0.154058
FAB-721,0.200245
FAB-720,0.184473
FAB-719,0.141281
FAB-718,0.360264
FAB-717,0.111628
FAB-716,0.370112
FAB-715,0.899121
FAB-714,0.846958
FAB-713,0.768038
FAB-712,0.033337
FAB-710,0.014392
FAB-708,0.590248
FAB-707,0.020964
FAB-706,0.199308
FAB-705,0.872347
FAB-704,0.991422
FAB-702,0.628977
FAB-701,0.416203
FAB-694,0.071851
FAB-693,0.043043
FAB-692,0.025761
FAB-691,0.096706
FAB-690,0.176956
FAB-689,0.246896
FAB-688,0.636353
FAB-686,0.972623
FAB-684,0.010902
FAB-683,0.97024
FAB-682,0.908618
FAB-678,0.677047
FAB-674,0.078078
FAB-673,0.070304
FAB-672,0.861072
FAB-671,0.607314
FAB-670,0.15662
FAB-669,0.218669
FAB-668,0.200245
FAB-667,0.094343
FAB-666,0.617628
FAB-665,0.816406
FAB-664,0.203391
FAB-663,0.418459
FAB-662,0.257952
FAB-661,0.396068
FAB-660,0.223377
FAB-659,0.403802
FAB-658,0.050331
FAB-657,0.310485
FAB-656,0.891811
FAB-655,0.112016
FAB-654,0.923039
FAB-653,0.264928
FAB-652,0.079782
FAB-651,0.032344
FAB-643,0.036494
FAB-642,0.078926
FAB-640,0.024238
FAB-639,0.19163
FAB-637,0.828384
FAB-636,0.273963
FAB-634,0.975946
FAB-633,0.935817
FAB-632,0.011072
FAB-631,0.92079
FAB-624,0.018405
FAB-622,0.009486
FAB-621,0.895157
FAB-619,0.54577
FAB-618,0.031619
FAB-617,0.124639
FAB-615,0.90053
FAB-614,0.954647
FAB-613,0.718002
FAB-612,0.031619
FAB-611,0.235636
FAB-610,0.040846
FAB-609,0.896976
FAB-608,0.118793
FAB-607,0.146087
FAB-606,0.028653
FAB-605,0.668448
FAB-604,0.079496
FAB-603,0.176956
FAB-602,0.962953
FAB-601,0.057071
FAB-600,0.622574
FAB-599,0.0538
FAB-598,0.083292
FAB-597,0.0745
FAB-596,0.385143
FAB-593,0.050705
FAB-592,0.082107
FAB-591,0.161849
FAB-590,0.134321
FAB-589,0.054601
FAB-588,0.952574
FAB-587,0.241311
FAB-585,0.825027
FAB-584,0.977714
FAB-583,0.964052
FAB-582,0.850965
FAB-581,0.944587
FAB-580,0.685949
FAB-579,0.014172
FAB-578,0.054199
FAB-576,0.015544
FAB-575,0.079496
FAB-574,0.664867
FAB-573,0.040846
FAB-572,0.038756
FAB-571,0.032344
FAB-570,0.043691
FAB-569,0.043366
FAB-568,0.034881
FAB-567,0.03259
FAB-566,0.067793
FAB-565,0.039048
FAB-563,0.056862
FAB-562,0.058132
FAB-561,0.490236
FAB-560,0.20466
FAB-559,0.263031
FAB-558,0.119203
FAB-557,0.409929
FAB-555,0.821903
FAB-554,0.229363
FAB-553,0.470493
FAB-552,0.877056
FAB-551,0.210766
FAB-550,0.227985
FAB-549,0.198996
FAB-547,0.134321
FAB-546,0.859192
FAB-545,0.133415
FAB-544,0.163445
FAB-543,0.024423
FAB-541,0.018547
FAB-540,0.020646
FAB-539,0.761361
FAB-538,0.012528
FAB-537,0.060087
FAB-536,0.949669
FAB-534,0.67854
FAB-532,0.208179
FAB-531,0.06256
FAB-526,0.084191
FAB-524,0.237576
FAB-523,0.041774
FAB-522,0.193452
FAB-521,0.945399
FAB-520,0.054601
FAB-519,0.945399
FAB-518,0.107437
FAB-517,0.962391
FAB-516,0.954647
FAB-515,0.178383
FAB-514,0.171616
FAB-513,0.876634
FAB-512,0.024423
FAB-511,0.981453
FAB-507,0.095687
FAB-506,0.007816
FAB-505,0.976669
FAB-502,0.093678
FAB-500,0.829492
FAB-499,0.818156
FAB-498,0.921358
FAB-497,0.710226
FAB-496,0.520009
FAB-495,0.933431
FAB-492,0.965381
FAB-491,0.01302
FAB-490,0.01057
FAB-489,0.593138
FAB-488,0.719186
FAB-487,0.710427
FAB-486,0.913984
FAB-485,0.031619
FAB-484,0.423935
FAB-483,0.704364
FAB-482,0.011778
FAB-481,0.048496
FAB-480,0.649384
FAB-479,0.170508
FAB-478,0.324771
FAB-477,0.03138
FAB-475,0.605508
FAB-474,0.942507
FAB-473,0.924688
FAB-472,0.867036
FAB-470,0.554953
FAB-469,0.047074
FAB-468,0.189821
FAB-467,0.389198
FAB-466,0.961822
FAB-448,0.319904
FAB-446,0.016657
FAB-445,0.880386
FAB-444,0.278649
FAB-443,0.383872
FAB-442,0.948155
FAB-441,0.628835
FAB-440,0.888759
FAB-439,0.014282
FAB-437,0.944177
FAB-435,0.021615
FAB-434,0.104112
FAB-431,0.009708
FAB-430,0.103749
FAB-429,0.736401
FAB-428,0.007938
FAB-427,0.026355
FAB-426,0.912124
FAB-425,0.077518
FAB-424,0.028653
FAB-423,0.966663
FAB-421,0.958538
FAB-420,0.143188
FAB-419,0.938124
FAB-418,0.959762
FAB-417,0.060087
FAB-416,0.872347
FAB-415,0.085709
FAB-414,0.444083
FAB-411,0.011778
FAB-408,0.729134
FAB-406,0.003707
FAB-405,0.009055
FAB-402,0.0729
FAB-401,0.91848
FAB-400,0.167491
FAB-399,0.975202
FAB-398,0.412175
FAB-397,0.859664
FAB-395,0.919643
FAB-394,0.014504
FAB-393,0.021615
FAB-390,0.311008
FAB-387,0.098079
FAB-386,0.94699
FAB-385,0.00934
FAB-384,0.935817
FAB-383,0.093017
FAB-382,0.071591
FAB-381,0.539954
FAB-380,0.014957
FAB-379,0.018547
FAB-378,0.977371
FAB-377,0.055413
FAB-376,0.120853
FAB-375,0.082107
FAB-372,0.382257
FAB-371,0.045692
FAB-370,0.120026
FAB-369,0.063715
FAB-368,0.010987
FAB-366,0.032101
FAB-365,0.076684
FAB-364,0.545528
FAB-359,0.983971
FAB-358,0.012723
FAB-357,0.264169
FAB-356,0.891055
FAB-355,0.969324
FAB-354,0.981736
FAB-353,0.992879
FAB-352,0.131173
FAB-351,0.947381
FAB-350,0.436382
FAB-349,0.280321
FAB-348,0.94079
FAB-347,0.009126
FAB-346,0.018833
FAB-345,0.921358
FAB-344,0.054199
FAB-343,0.062103
FAB-342,0.511717
FAB-341,0.164248
FAB-340,0.32013
FAB-339,0.048858
FAB-338,0.846451
FAB-337,0.022457
FAB-336,0.019271
FAB-335,0.011961
FAB-334,0.023689
FAB-333,0.019271
FAB-332,0.036769
FAB-331,0.022977
FAB-330,0.008511
FAB-329,0.007577
FAB-327,0.834946
FAB-326,0.904987
FAB-325,0.971129
FAB-324,0.708616
FAB-319,0.955651
FAB-318,0.754915
FAB-316,0.017442
FAB-315,0.098425
FAB-314,0.242206
FAB-313,0.901227
FAB-312,0.625781
FAB-311,0.978219
FAB-310,0.028436
FAB-309,0.008916
FAB-308,0.014064
FAB-307,0.021125
FAB-306,0.018405
FAB-305,0.066812
FAB-303,0.012336
FAB-302,0.014172
FAB-301,0.0341
FAB-300,0.022977
FAB-299,0.016657
FAB-297,0.063251
FAB-295,0.011072
FAB-294,0.981453
FAB-293,0.965381
FAB-292,0.970013
FAB-291,0.989986
FAB-290,0.977197
FAB-289,0.043043
FAB-286,0.013223
FAB-284,0.827828
FAB-283,0.967656
FAB-282,0.912436
FAB-281,0.907967
FAB-280,0.404743
FAB-279,0.075312
FAB-277,0.076132
FAB-276,0.046034
FAB-275,0.814643
FAB-274,0.139866
FAB-273,0.35796
FAB-270,0.017442
FAB-269,0.017309
FAB-268,0.015664
FAB-264,0.020964
FAB-263,0.139866
FAB-262,0.016915
FAB-261,0.049959
FAB-260,0.075041
FAB-259,0.023331
FAB-258,0.895157
FAB-257,0.011869
FAB-256,0.012821
FAB-255,0.014172
FAB-254,0.985271
FAB-253,0.984094
FAB-252,0.981453
FAB-251,0.982288
FAB-248,0.07836
FAB-246,0.007816
FAB-245,0.020332
FAB-244,0.052619
FAB-243,0.018978
FAB-242,0.881207
FAB-240,0.022803
FAB-238,0.018547
FAB-234,0.049589
FAB-222,0.04778
FAB-220,0.219672
FAB-217,0.03359
FAB-216,0.026557
FAB-215,0.967163
FAB-214,0.049589
FAB-210,0.348728
FAB-209,0.016915
FAB-208,0.013849
FAB-207,0.708616
FAB-206,0.11358
FAB-205,0.106691
FAB-204,0.949669
FAB-203,0.03622
FAB-202,0.072112
FAB-201,0.03359
FAB-200,0.112795
FAB-199,0.986572
FAB-198,0.017309
FAB-197,0.789883
FAB-196,0.891811
FAB-195,0.909907
FAB-194,0.655612
FAB-193,0.5083
FAB-192,0.615839
FAB-190,0.910545
FAB-189,0.015425
FAB-187,0.891055
FAB-186,0.555435
FAB-185,0.681939
FAB-184,0.35354
FAB-183,0.854885
FAB-182,0.857768
FAB-181,0.549882
FAB-179,0.896614
FAB-178,0.012147
FAB-174,0.418222
FAB-173,0.879974
FAB-172,0.96378
FAB-171,0.947769
FAB-170,0.195594
FAB-169,0.017849
FAB-167,0.963231
FAB-164,0.882833
FAB-159,0.654619
FAB-158,0.219672
FAB-157,0.102305
FAB-152,0.024988
FAB-150,0.080357
FAB-149,0.078926
FAB-148,0.674158
FAB-145,0.071332
FAB-143,0.165054
FAB-140,0.600305
FAB-139,0.011332
FAB-131,0.285272
FAB-130,0.332852
FAB-129,0.185652
FAB-127,0.013428
FAB-124,0.979668
FAB-122,0.046378
FAB-120,0.046378
FAB-113,0.070304
FAB-111,0.512693
FAB-109,0.679817
FAB-108,0.042722
FAB-106,0.981453
FAB-105,0.989347
FAB-104,0.890294
FAB-103,0.343589
FAB-101,0.016403
FAB-100,0.416322
FAB-99,0.841305
FAB-98,0.015664
FAB-97,0.909907
FAB-96,0.451085
FAB-95,0.052231
FAB-94,0.797241
FAB-93,0.808672
FAB-92,0.852445
FAB-91,0.206894
FAB-90,0.362518
FAB-89,0.066812
FAB-88,0.146087
FAB-87,0.871037
FAB-86,0.115561
FAB-85,0.452052
FAB-84,0.046034
FAB-83,0.037892
FAB-82,0.009634
FAB-81,0.702734
FAB-79,0.653569
FAB-78,0.231614
FAB-77,0.133415
FAB-76,0.879561
FAB-74,0.103024
FAB-73,0.139396
FAB-70,0.061876
FAB-69,0.010735
FAB-67,0.969324
FAB-65,0.955651
FAB-64,0.599954
FAB-63,0.685529
FAB-62,0.803482
FAB-61,0.937669
FAB-60,0.985936
FAB-59,0.915809
FAB-58,0.962391
FAB-57,0.981311
FAB-56,0.979823
FAB-55,0.965119
FAB-52,0.975762
FAB-50,0.92079
FAB-49,0.874507
FAB-48,0.990292
FAB-47,0.311322
FAB-46,0.098425
FAB-45,0.067301
FAB-44,0.88642
FAB-43,0.978385
FAB-42,0.080069
FAB-41,0.908618
FAB-40,0.138462
FAB-39,0.0341
FAB-38,0.957912
FAB-37,0.975012
FAB-36,0.046378
FAB-35,0.130285
FAB-34,0.281406
FAB-33,0.968856
FAB-32,0.987946
FAB-31,0.399343
FAB-30,0.910545
FAB-29,0.046378
FAB-28,0.275909
FAB-26,0.428712
FAB-25,0.343369
FAB-24,0.039048
FAB-23,0.472197
FAB-22,0.903975
FAB-21,0.038178
FAB-19,0.928926
FAB-18,0.971347
FAB-15,0.051463
FAB-14,0.023689
FAB-12,0.041153
FAB-10,0.982288
FAB-9,0.739234
FAB-8,0.428233
FAB-7,0.768038
FAB-5,0.016277
FAB-4,0.012054
FAB-3,0.007696
FAB-2,0.00838
FAB-1,0.013742
