issue_key,prob_design
MESOS-10194,0.009055
MESOS-10193,0.127653
MESOS-10192,0.011597
MESOS-10191,0.096025
MESOS-10190,0.007938
MESOS-10189,0.956957
MESOS-10188,0.00582
MESOS-10187,0.926835
MESOS-10186,0.00582
MESOS-10185,0.514888
MESOS-10184,0.006388
MESOS-10183,0.00522
MESOS-10182,0.004538
MESOS-10181,0.101589
MESOS-10180,0.069795
MESOS-10179,0.947769
MESOS-10178,0.086942
MESOS-10177,0.964589
MESOS-10176,0.044019
MESOS-10175,0.962391
MESOS-10174,0.093017
MESOS-10173,0.07056
MESOS-10172,0.028436
MESOS-10171,0.863852
MESOS-10170,0.148788
MESOS-10169,0.014282
MESOS-10168,0.92079
MESOS-10167,0.008062
MESOS-10166,0.616416
MESOS-10165,0.004265
MESOS-10164,0.004134
MESOS-10163,0.975577
MESOS-10162,0.903975
MESOS-10161,0.950778
MESOS-10160,0.480966
MESOS-10159,0.005469
MESOS-10158,0.013428
MESOS-10157,0.118793
MESOS-10156,0.171894
MESOS-10155,0.139866
MESOS-10154,0.13569
MESOS-10153,0.130729
MESOS-10152,0.140336
MESOS-10151,0.170508
MESOS-10150,0.961244
MESOS-10149,0.973844
MESOS-10148,0.903294
MESOS-10147,0.22051
MESOS-10146,0.009126
MESOS-10145,0.978219
MESOS-10144,0.007577
MESOS-10143,0.008446
MESOS-10142,0.92523
MESOS-10141,0.571527
MESOS-10140,0.006388
MESOS-10139,0.00986
MESOS-10138,0.019719
MESOS-10137,0.005642
MESOS-10136,0.008446
MESOS-10135,0.015306
MESOS-10134,0.00659
MESOS-10133,0.003945
MESOS-10132,0.009413
MESOS-10131,0.00934
MESOS-10130,0.936749
MESOS-10129,0.004682
MESOS-10128,0.01057
MESOS-10127,0.010902
MESOS-10126,0.019569
MESOS-10125,0.009708
MESOS-10124,0.278649
MESOS-10123,0.008511
MESOS-10122,0.650745
MESOS-10121,0.01292
MESOS-10120,0.005642
MESOS-10119,0.041462
MESOS-10118,0.006693
MESOS-10117,0.211091
MESOS-10116,0.006904
MESOS-10115,0.086016
MESOS-10114,0.012625
MESOS-10113,0.013121
MESOS-10112,0.420362
MESOS-10111,0.007816
MESOS-10110,0.014282
MESOS-10109,0.011158
MESOS-10108,0.745769
MESOS-10107,0.011869
MESOS-10106,0.989013
MESOS-10105,0.751283
MESOS-10104,0.00986
MESOS-10103,0.009268
MESOS-10102,0.007121
MESOS-10101,0.142709
MESOS-10100,0.006488
MESOS-10099,0.042088
MESOS-10098,0.008062
MESOS-10097,0.008847
MESOS-10096,0.010091
MESOS-10095,0.147555
MESOS-10094,0.005642
MESOS-10093,0.005469
MESOS-10092,0.011508
MESOS-10091,0.009936
MESOS-10090,0.016785
MESOS-10089,0.010653
MESOS-10088,0.011869
MESOS-10087,0.923039
MESOS-10086,0.955651
MESOS-10085,0.046725
MESOS-10084,0.021451
MESOS-10083,0.759939
MESOS-10082,0.0341
MESOS-10081,0.458106
MESOS-10080,0.375764
MESOS-10079,0.090093
MESOS-10077,0.57344
MESOS-10076,0.492676
MESOS-10075,0.027585
MESOS-10074,0.979511
MESOS-10073,0.100879
MESOS-10072,0.147065
MESOS-10071,0.23793
MESOS-10070,0.138928
MESOS-10069,0.55941
MESOS-10068,0.007121
MESOS-10067,0.822189
MESOS-10066,0.012723
MESOS-10065,0.950778
MESOS-10064,0.032344
MESOS-10063,0.631438
MESOS-10062,0.169131
MESOS-10061,0.821044
MESOS-10060,0.892187
MESOS-10059,0.251096
MESOS-10058,0.947769
MESOS-10057,0.767341
MESOS-10056,0.971129
MESOS-10055,0.342475
MESOS-10054,0.399812
MESOS-10053,0.2763
MESOS-10052,0.425009
MESOS-10051,0.966156
MESOS-10050,0.902266
MESOS-10049,0.040238
MESOS-10048,0.212722
MESOS-10047,0.305024
MESOS-10046,0.660145
MESOS-10045,0.143427
MESOS-10044,0.142709
MESOS-10043,0.063251
MESOS-10042,0.003594
MESOS-10041,0.007816
MESOS-10040,0.840259
MESOS-10039,0.42322
MESOS-10038,0.961244
MESOS-10037,0.926835
MESOS-10036,0.966156
MESOS-10035,0.948917
MESOS-10034,0.972623
MESOS-10033,0.977197
MESOS-10032,0.416322
MESOS-10031,0.008711
MESOS-10030,0.073165
MESOS-10029,0.006904
MESOS-10028,0.006098
MESOS-10027,0.004332
MESOS-10026,0.942929
MESOS-10025,0.010818
MESOS-10024,0.009634
MESOS-10023,0.195594
MESOS-10022,0.00582
MESOS-10021,0.008188
MESOS-10020,0.008125
MESOS-10019,0.008916
MESOS-10018,0.010249
MESOS-10017,0.456168
MESOS-10016,0.379263
MESOS-10015,0.026759
MESOS-10014,0.009936
MESOS-10013,0.923039
MESOS-10011,0.010653
MESOS-10010,0.712832
MESOS-10009,0.92523
MESOS-10008,0.008711
MESOS-10007,0.012528
MESOS-10006,0.009486
MESOS-10005,0.906983
MESOS-10004,0.894052
MESOS-10003,0.819893
MESOS-10002,0.906653
MESOS-10001,0.646906
MESOS-10000,0.061424
MESOS-9999,0.899828
MESOS-9998,0.090414
MESOS-9997,0.4917
MESOS-9996,0.039639
MESOS-9995,0.044019
MESOS-9994,0.138928
MESOS-9993,0.715225
MESOS-9992,0.504883
MESOS-9991,0.087252
MESOS-9990,0.439988
MESOS-9989,0.049959
MESOS-9988,0.666822
MESOS-9987,0.090414
MESOS-9986,0.038466
MESOS-9985,0.084191
MESOS-9984,0.063251
MESOS-9983,0.287518
MESOS-9982,0.418459
MESOS-9981,0.988842
MESOS-9980,0.010408
MESOS-9979,0.612889
MESOS-9978,0.018978
MESOS-9977,0.013428
MESOS-9976,0.010818
MESOS-9975,0.009486
MESOS-9974,0.175821
MESOS-9973,0.312662
MESOS-9972,0.272799
MESOS-9971,0.00514
MESOS-9970,0.956309
MESOS-9969,0.006488
MESOS-9968,0.006798
MESOS-9967,0.010091
MESOS-9966,0.009268
MESOS-9965,0.015544
MESOS-9964,0.822759
MESOS-9963,0.042404
MESOS-9962,0.007461
MESOS-9961,0.007696
MESOS-9960,0.013428
MESOS-9959,0.937669
MESOS-9958,0.013637
MESOS-9957,0.259075
MESOS-9956,0.018125
MESOS-9955,0.793106
MESOS-9954,0.019124
MESOS-9953,0.194674
MESOS-9952,0.009126
MESOS-9951,0.011508
MESOS-9950,0.006488
MESOS-9949,0.913677
MESOS-9948,0.086016
MESOS-9947,0.014729
MESOS-9946,0.008577
MESOS-9945,0.315841
MESOS-9944,0.009055
MESOS-9943,0.413004
MESOS-9942,0.710025
MESOS-9941,0.013428
MESOS-9940,0.024423
MESOS-9939,0.004538
MESOS-9938,0.92079
MESOS-9937,0.010249
MESOS-9936,0.016915
MESOS-9935,0.010987
MESOS-9934,0.013849
MESOS-9933,0.010408
MESOS-9932,0.279435
MESOS-9931,0.006193
MESOS-9930,0.00659
MESOS-9929,0.025371
MESOS-9928,0.009708
MESOS-9927,0.009126
MESOS-9926,0.006693
MESOS-9925,0.00573
MESOS-9924,0.015306
MESOS-9923,0.005911
MESOS-9922,0.016153
MESOS-9921,0.360405
MESOS-9920,0.016403
MESOS-9919,0.056652
MESOS-9918,0.272025
MESOS-9917,0.964589
MESOS-9916,0.965381
MESOS-9915,0.951863
MESOS-9914,0.981453
MESOS-9913,0.973037
MESOS-9912,0.00506
MESOS-9911,0.016153
MESOS-9910,0.008916
MESOS-9909,0.012147
MESOS-9908,0.93196
MESOS-9907,0.070049
MESOS-9906,0.008644
MESOS-9905,0.012147
MESOS-9904,0.010091
MESOS-9903,0.011245
MESOS-9902,0.004399
MESOS-9901,0.006488
MESOS-9900,0.891811
MESOS-9899,0.010091
MESOS-9898,0.921922
MESOS-9897,0.907312
MESOS-9896,0.306527
MESOS-9895,0.010489
MESOS-9894,0.004134
MESOS-9893,0.008316
MESOS-9892,0.105579
MESOS-9891,0.08389
MESOS-9890,0.006798
MESOS-9889,0.01302
MESOS-9888,0.009559
MESOS-9887,0.010408
MESOS-9886,0.007233
MESOS-9885,0.020023
MESOS-9884,0.285173
MESOS-9883,0.850965
MESOS-9882,0.011961
MESOS-9881,0.007938
MESOS-9880,0.114765
MESOS-9879,0.817574
MESOS-9878,0.873647
MESOS-9877,0.009268
MESOS-9876,0.373419
MESOS-9875,0.008847
MESOS-9874,0.097734
MESOS-9873,0.890675
MESOS-9872,0.971564
MESOS-9871,0.333313
MESOS-9870,0.011687
MESOS-9869,0.975762
MESOS-9868,0.012625
MESOS-9867,0.011245
MESOS-9866,0.127653
MESOS-9865,0.910863
MESOS-9864,0.942929
MESOS-9863,0.017849
MESOS-9862,0.019871
MESOS-9861,0.011245
MESOS-9860,0.064418
MESOS-9859,0.586286
MESOS-9858,0.126353
MESOS-9857,0.70028
MESOS-9856,0.010328
MESOS-9855,0.952926
MESOS-9854,0.005469
MESOS-9853,0.902952
MESOS-9852,0.012432
MESOS-9851,0.013956
MESOS-9850,0.80837
MESOS-9849,0.847463
MESOS-9848,0.236516
MESOS-9847,0.009634
MESOS-9846,0.962108
MESOS-9845,0.924688
MESOS-9844,0.368747
MESOS-9843,0.398641
MESOS-9842,0.272025
MESOS-9841,0.872782
MESOS-9840,0.590307
MESOS-9839,0.469277
MESOS-9838,0.007577
MESOS-9837,0.868827
MESOS-9836,0.008316
MESOS-9835,0.010014
MESOS-9834,0.0538
MESOS-9833,0.183009
MESOS-9832,0.006798
MESOS-9831,0.014392
MESOS-9829,0.547464
MESOS-9828,0.126353
MESOS-9827,0.945399
MESOS-9826,0.195594
MESOS-9825,0.919063
MESOS-9824,0.190724
MESOS-9823,0.06804
MESOS-9822,0.086016
MESOS-9821,0.052619
MESOS-9820,0.634996
MESOS-9819,0.25128
MESOS-9818,0.21917
MESOS-9817,0.302494
MESOS-9816,0.084191
MESOS-9815,0.136608
MESOS-9814,0.789883
MESOS-9813,0.245808
MESOS-9812,0.756717
MESOS-9811,0.010653
MESOS-9810,0.437103
MESOS-9809,0.92079
MESOS-9808,0.016785
MESOS-9807,0.962108
MESOS-9806,0.46393
MESOS-9805,0.194062
MESOS-9804,0.758153
MESOS-9803,0.008644
MESOS-9802,0.859664
MESOS-9801,0.959762
MESOS-9800,0.00573
MESOS-9799,0.959154
MESOS-9798,0.108566
MESOS-9797,0.165593
MESOS-9796,0.083591
MESOS-9795,0.9462
MESOS-9794,0.983214
MESOS-9793,0.96378
MESOS-9792,0.007577
MESOS-9791,0.917303
MESOS-9790,0.641675
MESOS-9789,0.048496
MESOS-9788,0.97631
MESOS-9787,0.83762
MESOS-9786,0.013637
MESOS-9785,0.012432
MESOS-9784,0.975577
MESOS-9783,0.019719
MESOS-9782,0.006004
MESOS-9781,0.547706
MESOS-9780,0.948155
MESOS-9779,0.024988
MESOS-9778,0.27338
MESOS-9777,0.291989
MESOS-9776,0.044681
MESOS-9775,0.461017
MESOS-9774,0.982151
MESOS-9773,0.203391
MESOS-9772,0.010091
MESOS-9771,0.177241
MESOS-9770,0.880797
MESOS-9769,0.973844
MESOS-9768,0.96641
MESOS-9767,0.895157
MESOS-9766,0.007696
MESOS-9765,0.008916
MESOS-9764,0.167763
MESOS-9763,0.018547
MESOS-9762,0.192843
MESOS-9761,0.009634
MESOS-9760,0.968856
MESOS-9759,0.186539
MESOS-9758,0.152537
MESOS-9757,0.975577
MESOS-9756,0.981595
MESOS-9755,0.155591
MESOS-9754,0.285472
MESOS-9753,0.79534
MESOS-9752,0.05301
MESOS-9751,0.007012
MESOS-9750,0.007816
MESOS-9749,0.008577
MESOS-9748,0.847463
MESOS-9747,0.891811
MESOS-9746,0.95222
MESOS-9745,0.897695
MESOS-9744,0.972831
MESOS-9743,0.013428
MESOS-9742,0.020646
MESOS-9741,0.009268
MESOS-9740,0.010902
MESOS-9739,0.102305
MESOS-9738,0.798815
MESOS-9737,0.269133
MESOS-9736,0.010249
MESOS-9735,0.894052
MESOS-9734,0.01292
MESOS-9733,0.00659
MESOS-9732,0.007577
MESOS-9731,0.004134
MESOS-9730,0.008847
MESOS-9729,0.005555
MESOS-9728,0.258139
MESOS-9727,0.009268
MESOS-9726,0.012821
MESOS-9725,0.09401
MESOS-9724,0.054199
MESOS-9723,0.069289
MESOS-9722,0.957596
MESOS-9721,0.962108
MESOS-9720,0.747984
MESOS-9719,0.01653
MESOS-9718,0.005385
MESOS-9717,0.621153
MESOS-9716,0.759939
MESOS-9715,0.307254
MESOS-9714,0.307878
MESOS-9713,0.362913
MESOS-9712,0.011597
MESOS-9711,0.054199
MESOS-9710,0.032101
MESOS-9709,0.010014
MESOS-9708,0.03138
MESOS-9707,0.007233
MESOS-9706,0.218669
MESOS-9705,0.326478
MESOS-9704,0.205296
MESOS-9703,0.917303
MESOS-9702,0.00522
MESOS-9701,0.644281
MESOS-9700,0.005302
MESOS-9699,0.162912
MESOS-9698,0.010489
MESOS-9697,0.006098
MESOS-9696,0.010408
MESOS-9695,0.622818
MESOS-9694,0.277473
MESOS-9693,0.136148
MESOS-9692,0.009784
MESOS-9691,0.010091
MESOS-9690,0.01653
MESOS-9689,0.942082
MESOS-9688,0.013849
MESOS-9687,0.405213
MESOS-9686,0.013428
MESOS-9685,0.054601
MESOS-9684,0.054199
MESOS-9683,0.055005
MESOS-9682,0.057493
MESOS-9681,0.958226
MESOS-9680,0.065128
MESOS-9679,0.105211
MESOS-9678,0.033086
MESOS-9677,0.787605
MESOS-9676,0.15662
MESOS-9675,0.912748
MESOS-9674,0.016657
MESOS-9673,0.927888
MESOS-9672,0.017045
MESOS-9671,0.599602
MESOS-9670,0.083591
MESOS-9669,0.381911
MESOS-9668,0.724481
MESOS-9667,0.01057
MESOS-9666,0.027169
MESOS-9665,0.013428
MESOS-9664,0.010328
MESOS-9663,0.975012
MESOS-9662,0.937669
MESOS-9661,0.010408
MESOS-9660,0.440469
MESOS-9659,0.007346
MESOS-9658,0.596786
MESOS-9657,0.008577
MESOS-9656,0.004682
MESOS-9655,0.080937
MESOS-9654,0.007696
MESOS-9653,0.938124
MESOS-9652,0.016029
MESOS-9651,0.96378
MESOS-9650,0.874077
MESOS-9649,0.812272
MESOS-9648,0.964589
MESOS-9647,0.674908
MESOS-9646,0.494629
MESOS-9645,0.961534
MESOS-9644,0.012528
MESOS-9643,0.919063
MESOS-9642,0.239705
MESOS-9641,0.550607
MESOS-9640,0.204025
MESOS-9639,0.979036
MESOS-9638,0.839208
MESOS-9637,0.015544
MESOS-9636,0.416797
MESOS-9635,0.010249
MESOS-9634,0.781331
MESOS-9633,0.954984
MESOS-9632,0.980431
MESOS-9631,0.007577
MESOS-9630,0.958226
MESOS-9629,0.008985
MESOS-9628,0.236869
MESOS-9627,0.160266
MESOS-9626,0.323043
MESOS-9625,0.957278
MESOS-9624,0.763131
MESOS-9623,0.591664
MESOS-9622,0.962108
MESOS-9621,0.007012
MESOS-9620,0.157396
MESOS-9619,0.007461
MESOS-9618,0.409103
MESOS-9617,0.274838
MESOS-9616,0.012147
MESOS-9615,0.947769
MESOS-9614,0.857768
MESOS-9613,0.811676
MESOS-9612,0.037047
MESOS-9611,0.969324
MESOS-9610,0.021451
MESOS-9609,0.007461
MESOS-9608,0.908618
MESOS-9607,0.011687
MESOS-9606,0.830044
MESOS-9605,0.008577
MESOS-9604,0.549641
MESOS-9603,0.085099
MESOS-9602,0.890675
MESOS-9601,0.675765
MESOS-9600,0.562177
MESOS-9599,0.728941
MESOS-9598,0.862468
MESOS-9597,0.012336
MESOS-9596,0.657181
MESOS-9595,0.769773
MESOS-9594,0.010653
MESOS-9593,0.567218
MESOS-9592,0.010653
MESOS-9591,0.822759
MESOS-9590,0.009268
MESOS-9589,0.015664
MESOS-9588,0.870157
MESOS-9587,0.009197
MESOS-9586,0.734881
MESOS-9585,0.004982
MESOS-9584,0.003765
MESOS-9583,0.006004
MESOS-9582,0.016153
MESOS-9581,0.022117
MESOS-9580,0.016029
MESOS-9579,0.010014
MESOS-9578,0.782995
MESOS-9577,0.979511
MESOS-9576,0.498047
MESOS-9575,0.00582
MESOS-9574,0.006693
MESOS-9573,0.010328
MESOS-9572,0.043366
MESOS-9571,0.041462
MESOS-9570,0.448185
MESOS-9569,0.008316
MESOS-9568,0.006488
MESOS-9567,0.055413
MESOS-9566,0.009413
MESOS-9565,0.103749
MESOS-9564,0.530723
MESOS-9563,0.96862
MESOS-9562,0.124639
MESOS-9561,0.006904
MESOS-9560,0.007012
MESOS-9559,0.005302
MESOS-9558,0.852935
MESOS-9557,0.008985
MESOS-9556,0.987568
MESOS-9555,0.012528
MESOS-9554,0.018547
MESOS-9553,0.684897
MESOS-9552,0.008577
MESOS-9551,0.352648
MESOS-9550,0.912748
MESOS-9549,0.00659
MESOS-9548,0.542863
MESOS-9547,0.021948
MESOS-9546,0.008062
MESOS-9545,0.488283
MESOS-9544,0.009784
MESOS-9543,0.853913
MESOS-9542,0.052231
MESOS-9541,0.096706
MESOS-9540,0.568655
MESOS-9539,0.879147
MESOS-9538,0.672869
MESOS-9537,0.012147
MESOS-9536,0.011961
MESOS-9535,0.249264
MESOS-9534,0.534127
MESOS-9533,0.013637
MESOS-9532,0.010818
MESOS-9531,0.005302
MESOS-9530,0.481941
MESOS-9529,0.017177
MESOS-9528,0.008446
MESOS-9527,0.007121
MESOS-9526,0.957278
MESOS-9525,0.930962
MESOS-9524,0.008847
MESOS-9523,0.934873
MESOS-9522,0.962953
MESOS-9521,0.008188
MESOS-9520,0.005555
MESOS-9519,0.005642
MESOS-9518,0.0341
MESOS-9517,0.024988
MESOS-9516,0.874935
MESOS-9515,0.008916
MESOS-9514,0.008847
MESOS-9513,0.327453
MESOS-9512,0.978713
MESOS-9511,0.00483
MESOS-9510,0.023331
MESOS-9509,0.785309
MESOS-9508,0.009634
MESOS-9507,0.006098
MESOS-9506,0.007816
MESOS-9505,0.004538
MESOS-9504,0.822759
MESOS-9503,0.451327
MESOS-9502,0.019569
MESOS-9501,0.011072
MESOS-9500,0.004468
MESOS-9499,0.964589
MESOS-9498,0.976669
MESOS-9497,0.975202
MESOS-9496,0.010408
MESOS-9495,0.008711
MESOS-9494,0.363562
MESOS-9493,0.673621
MESOS-9492,0.011332
MESOS-9491,0.600774
MESOS-9490,0.007121
MESOS-9489,0.010249
MESOS-9488,0.961534
MESOS-9487,0.81582
MESOS-9486,0.792785
MESOS-9485,0.108189
MESOS-9484,0.00483
MESOS-9483,0.00934
MESOS-9482,0.021125
MESOS-9481,0.048496
MESOS-9480,0.009055
MESOS-9479,0.00582
MESOS-9478,0.007233
MESOS-9477,0.085709
MESOS-9476,0.006798
MESOS-9475,0.005469
MESOS-9474,0.013325
MESOS-9473,0.125065
MESOS-9472,0.108189
MESOS-9471,0.456652
MESOS-9470,0.027585
MESOS-9469,0.011508
MESOS-9468,0.009784
MESOS-9467,0.009936
MESOS-9466,0.009486
MESOS-9465,0.008511
MESOS-9464,0.010249
MESOS-9463,0.010653
MESOS-9462,0.011072
MESOS-9461,0.010249
MESOS-9460,0.016277
MESOS-9459,0.009486
MESOS-9458,0.007696
MESOS-9457,0.007696
MESOS-9456,0.120026
MESOS-9455,0.124639
MESOS-9454,0.01292
MESOS-9453,0.007938
MESOS-9452,0.130285
MESOS-9451,0.00573
MESOS-9450,0.009559
MESOS-9449,0.9462
MESOS-9448,0.54577
MESOS-9447,0.011508
MESOS-9446,0.007577
MESOS-9445,0.008985
MESOS-9444,0.009197
MESOS-9443,0.007346
MESOS-9442,0.013325
MESOS-9441,0.008511
MESOS-9440,0.009486
MESOS-9439,0.006904
MESOS-9438,0.009784
MESOS-9437,0.009634
MESOS-9436,0.011158
MESOS-9435,0.010328
MESOS-9434,0.858244
MESOS-9433,0.009559
MESOS-9432,0.007346
MESOS-9431,0.007461
MESOS-9430,0.007816
MESOS-9429,0.008985
MESOS-9428,0.92944
MESOS-9427,0.505371
MESOS-9426,0.015189
MESOS-9425,0.00659
MESOS-9424,0.007233
MESOS-9423,0.007938
MESOS-9422,0.009055
MESOS-9421,0.00838
MESOS-9420,0.287068
MESOS-9419,0.014957
MESOS-9418,0.015544
MESOS-9417,0.009413
MESOS-9416,0.948537
MESOS-9414,0.895157
MESOS-9413,0.020804
MESOS-9412,0.978875
MESOS-9411,0.011245
MESOS-9410,0.007938
MESOS-9409,0.187728
MESOS-9408,0.024054
MESOS-9407,0.011961
MESOS-9406,0.949669
MESOS-9405,0.849971
MESOS-9404,0.920218
MESOS-9403,0.828384
MESOS-9402,0.078642
MESOS-9401,0.008188
MESOS-9400,0.789558
MESOS-9399,0.044019
MESOS-9398,0.007012
MESOS-9397,0.007461
MESOS-9396,0.847968
MESOS-9395,0.009708
MESOS-9394,0.011245
MESOS-9393,0.005642
MESOS-9392,0.5
MESOS-9391,0.047074
MESOS-9390,0.014729
MESOS-9389,0.011245
MESOS-9388,0.947381
MESOS-9387,0.165863
MESOS-9386,0.919643
MESOS-9385,0.007577
MESOS-9384,0.819893
MESOS-9383,0.040541
MESOS-9382,0.007938
MESOS-9381,0.991938
MESOS-9380,0.982691
MESOS-9379,0.979823
MESOS-9378,0.985043
MESOS-9377,0.985496
MESOS-9376,0.984094
MESOS-9375,0.957278
MESOS-9374,0.967163
MESOS-9373,0.988492
MESOS-9372,0.989672
MESOS-9371,0.009055
MESOS-9370,0.024988
MESOS-9369,0.18418
MESOS-9368,0.039048
MESOS-9367,0.005469
MESOS-9366,0.005302
MESOS-9365,0.011245
MESOS-9364,0.016657
MESOS-9363,0.032344
MESOS-9362,0.007012
MESOS-9361,0.005911
MESOS-9360,0.042088
MESOS-9359,0.01017
MESOS-9358,0.00986
MESOS-9357,0.00659
MESOS-9356,0.688678
MESOS-9355,0.005555
MESOS-9354,0.020177
MESOS-9353,0.015544
MESOS-9352,0.006904
MESOS-9351,0.718792
MESOS-9350,0.007577
MESOS-9349,0.875361
MESOS-9348,0.009486
MESOS-9347,0.978385
MESOS-9346,0.91611
MESOS-9345,0.222025
MESOS-9344,0.07477
MESOS-9343,0.065605
MESOS-9342,0.100525
MESOS-9341,0.102305
MESOS-9340,0.393502
MESOS-9339,0.017309
MESOS-9338,0.978052
MESOS-9337,0.017849
MESOS-9336,0.965119
MESOS-9335,0.012054
MESOS-9334,0.007461
MESOS-9333,0.956309
MESOS-9332,0.017712
MESOS-9331,0.015544
MESOS-9330,0.007012
MESOS-9329,0.006193
MESOS-9328,0.010987
MESOS-9327,0.007938
MESOS-9326,0.007461
MESOS-9325,0.080357
MESOS-9324,0.318697
MESOS-9323,0.013428
MESOS-9322,0.006098
MESOS-9321,0.572962
MESOS-9320,0.007012
MESOS-9319,0.315051
MESOS-9318,0.874507
MESOS-9317,0.009559
MESOS-9316,0.007461
MESOS-9315,0.963506
MESOS-9314,0.965381
MESOS-9313,0.965641
MESOS-9312,0.004399
MESOS-9311,0.135232
MESOS-9310,0.461745
MESOS-9309,0.006488
MESOS-9308,0.005911
MESOS-9307,0.811676
MESOS-9306,0.012054
MESOS-9305,0.19163
MESOS-9304,0.006904
MESOS-9303,0.121686
MESOS-9302,0.009055
MESOS-9301,0.868827
MESOS-9300,0.010408
MESOS-9299,0.006488
MESOS-9298,0.982823
MESOS-9297,0.283781
MESOS-9296,0.927888
MESOS-9295,0.019271
MESOS-9294,0.236516
MESOS-9293,0.041153
MESOS-9292,0.060308
MESOS-9291,0.011072
MESOS-9290,0.00582
MESOS-9289,0.84338
MESOS-9288,0.958538
MESOS-9287,0.009486
MESOS-9286,0.011687
MESOS-9285,0.007696
MESOS-9284,0.006193
MESOS-9283,0.049589
MESOS-9282,0.011687
MESOS-9281,0.013325
MESOS-9280,0.894052
MESOS-9279,0.015664
MESOS-9278,0.263979
MESOS-9277,0.228673
MESOS-9276,0.008985
MESOS-9275,0.846958
MESOS-9274,0.009268
MESOS-9273,0.007696
MESOS-9272,0.009708
MESOS-9271,0.009784
MESOS-9270,0.93196
MESOS-9269,0.014504
MESOS-9268,0.017309
MESOS-9267,0.009559
MESOS-9266,0.012147
MESOS-9265,0.021451
MESOS-9264,0.007938
MESOS-9263,0.010818
MESOS-9262,0.007696
MESOS-9261,0.006004
MESOS-9260,0.012336
MESOS-9259,0.009055
MESOS-9258,0.960952
MESOS-9257,0.005911
MESOS-9256,0.007346
MESOS-9255,0.610932
MESOS-9254,0.979195
MESOS-9253,0.005469
MESOS-9252,0.067301
MESOS-9251,0.122104
MESOS-9250,0.957596
MESOS-9249,0.427994
MESOS-9248,0.962673
MESOS-9247,0.008062
MESOS-9246,0.014064
MESOS-9245,0.007012
MESOS-9244,0.007816
MESOS-9243,0.055005
MESOS-9242,0.012625
MESOS-9241,0.09401
MESOS-9240,0.010818
MESOS-9239,0.227469
MESOS-9238,0.008062
MESOS-9237,0.952926
MESOS-9236,0.836555
MESOS-9235,0.962673
MESOS-9234,0.963506
MESOS-9233,0.004399
MESOS-9232,0.011245
MESOS-9231,0.007346
MESOS-9230,0.006488
MESOS-9229,0.020964
MESOS-9228,0.013956
MESOS-9227,0.008188
MESOS-9226,0.542621
MESOS-9225,0.007121
MESOS-9224,0.122523
MESOS-9223,0.971564
MESOS-9222,0.013428
MESOS-9221,0.006004
MESOS-9220,0.975762
MESOS-9219,0.008711
MESOS-9218,0.010902
MESOS-9217,0.010902
MESOS-9216,0.007938
MESOS-9215,0.00522
MESOS-9214,0.005302
MESOS-9213,0.916708
MESOS-9212,0.011508
MESOS-9211,0.940353
MESOS-9210,0.020023
MESOS-9209,0.910227
MESOS-9208,0.011332
MESOS-9207,0.008316
MESOS-9206,0.973645
MESOS-9205,0.006693
MESOS-9204,0.006098
MESOS-9203,0.004468
MESOS-9202,0.043366
MESOS-9201,0.616416
MESOS-9200,0.006798
MESOS-9199,0.007233
MESOS-9198,0.013223
MESOS-9197,0.091707
MESOS-9196,0.009634
MESOS-9195,0.840259
MESOS-9194,0.882428
MESOS-9193,0.012147
MESOS-9192,0.006693
MESOS-9191,0.018264
MESOS-9190,0.008985
MESOS-9189,0.890294
MESOS-9188,0.965381
MESOS-9187,0.095687
MESOS-9186,0.015425
MESOS-9185,0.011072
MESOS-9184,0.981736
MESOS-9183,0.004538
MESOS-9182,0.946597
MESOS-9181,0.895888
MESOS-9180,0.007346
MESOS-9179,0.008062
MESOS-9178,0.079782
MESOS-9177,0.004982
MESOS-9176,0.267026
MESOS-9175,0.016915
MESOS-9174,0.015425
MESOS-9173,0.943348
MESOS-9172,0.008062
MESOS-9171,0.009126
MESOS-9170,0.011508
MESOS-9169,0.003707
MESOS-9168,0.009413
MESOS-9167,0.155078
MESOS-9166,0.294595
MESOS-9165,0.011158
MESOS-9164,0.013121
MESOS-9163,0.005302
MESOS-9162,0.012625
MESOS-9161,0.014842
MESOS-9160,0.007696
MESOS-9159,0.573201
MESOS-9158,0.558809
MESOS-9157,0.004399
MESOS-9156,0.00838
MESOS-9155,0.929951
MESOS-9154,0.007121
MESOS-9153,0.01017
MESOS-9152,0.007012
MESOS-9151,0.008446
MESOS-9150,0.00483
MESOS-9149,0.009268
MESOS-9148,0.867934
MESOS-9147,0.013532
MESOS-9146,0.012528
MESOS-9145,0.013223
MESOS-9144,0.023153
MESOS-9143,0.005642
MESOS-9142,0.006798
MESOS-9141,0.08819
MESOS-9140,0.83602
MESOS-9139,0.145601
MESOS-9138,0.012528
MESOS-9137,0.016277
MESOS-9136,0.011778
MESOS-9135,0.010489
MESOS-9134,0.010735
MESOS-9133,0.951142
MESOS-9132,0.874507
MESOS-9131,0.009413
MESOS-9130,0.011597
MESOS-9129,0.149035
MESOS-9128,0.669042
MESOS-9127,0.015785
MESOS-9126,0.842345
MESOS-9125,0.013121
MESOS-9124,0.016153
MESOS-9123,0.891434
MESOS-9122,0.616474
MESOS-9121,0.023331
MESOS-9120,0.034881
MESOS-9119,0.894789
MESOS-9118,0.954308
MESOS-9117,0.743168
MESOS-9116,0.005911
MESOS-9115,0.005385
MESOS-9114,0.007461
MESOS-9113,0.153042
MESOS-9112,0.004399
MESOS-9111,0.003884
MESOS-9110,0.922482
MESOS-9109,0.005555
MESOS-9108,0.012723
MESOS-9107,0.007121
MESOS-9106,0.955319
MESOS-9105,0.870597
MESOS-9104,0.954308
MESOS-9103,0.891434
MESOS-9102,0.306735
MESOS-9101,0.611872
MESOS-9100,0.007816
MESOS-9099,0.114765
MESOS-9098,0.041153
MESOS-9097,0.014729
MESOS-9096,0.900179
MESOS-9095,0.944177
MESOS-9094,0.005642
MESOS-9093,0.087876
MESOS-9092,0.76908
MESOS-9091,0.010014
MESOS-9090,0.012147
MESOS-9089,0.010987
MESOS-9088,0.125923
MESOS-9087,0.137532
MESOS-9086,0.147065
MESOS-9085,0.007696
MESOS-9084,0.812272
MESOS-9083,0.008062
MESOS-9082,0.223716
MESOS-9081,0.933431
MESOS-9080,0.008316
MESOS-9079,0.009559
MESOS-9078,0.007816
MESOS-9077,0.006693
MESOS-9076,0.008188
MESOS-9075,0.009197
MESOS-9074,0.008252
MESOS-9073,0.007233
MESOS-9072,0.203708
MESOS-9071,0.968856
MESOS-9070,0.896251
MESOS-9069,0.004199
MESOS-9068,0.865224
MESOS-9067,0.719384
MESOS-9066,0.544317
MESOS-9065,0.00659
MESOS-9059,0.926835
MESOS-9058,0.013121
MESOS-9057,0.01142
MESOS-9056,0.008062
MESOS-9055,0.633984
MESOS-9054,0.015544
MESOS-9053,0.010653
MESOS-9052,0.017986
MESOS-9051,0.166947
MESOS-9050,0.011158
MESOS-9049,0.007461
MESOS-9048,0.778313
MESOS-9047,0.007696
MESOS-9046,0.027376
MESOS-9045,0.006693
MESOS-9044,0.006004
MESOS-9043,0.928926
MESOS-9042,0.979036
MESOS-9041,0.469764
MESOS-9040,0.74872
MESOS-9039,0.0538
MESOS-9038,0.00573
MESOS-9037,0.008985
MESOS-9036,0.224565
MESOS-9035,0.928926
MESOS-9034,0.978052
MESOS-9033,0.080937
MESOS-9032,0.740362
MESOS-9031,0.394667
MESOS-9030,0.030444
MESOS-9029,0.97649
MESOS-9028,0.982423
MESOS-9027,0.00573
MESOS-9026,0.979668
MESOS-9025,0.011072
MESOS-9024,0.00986
MESOS-9023,0.746139
MESOS-9022,0.00573
MESOS-9021,0.94699
MESOS-9020,0.734501
MESOS-9019,0.165323
MESOS-9018,0.007346
MESOS-9017,0.110471
MESOS-9016,0.456652
MESOS-9015,0.81582
MESOS-9014,0.005642
MESOS-9013,0.926835
MESOS-9012,0.010653
MESOS-9011,0.00659
MESOS-9010,0.012432
MESOS-9009,0.936285
MESOS-9008,0.010091
MESOS-9007,0.011508
MESOS-9006,0.009708
MESOS-9005,0.151028
MESOS-9004,0.104843
MESOS-9003,0.971992
MESOS-9002,0.021948
MESOS-9001,0.82559
MESOS-9000,0.022117
MESOS-8999,0.160266
MESOS-8998,0.381796
MESOS-8997,0.948917
MESOS-8996,0.00522
MESOS-8995,0.089137
MESOS-8994,0.338569
MESOS-8993,0.017309
MESOS-8992,0.030444
MESOS-8991,0.238462
MESOS-8990,0.034359
MESOS-8989,0.164516
MESOS-8988,0.962673
MESOS-8987,0.014504
MESOS-8986,0.771155
MESOS-8985,0.010818
MESOS-8984,0.983214
MESOS-8983,0.007121
MESOS-8982,0.145115
MESOS-8981,0.01057
MESOS-8980,0.01292
MESOS-8979,0.004199
MESOS-8978,0.022117
MESOS-8977,0.011245
MESOS-8976,0.009055
MESOS-8975,0.954984
MESOS-8974,0.919063
MESOS-8973,0.825027
MESOS-8972,0.00461
MESOS-8971,0.989013
MESOS-8970,0.010902
MESOS-8969,0.00522
MESOS-8968,0.019569
MESOS-8967,0.826712
MESOS-8966,0.015073
MESOS-8965,0.981595
MESOS-8964,0.913677
MESOS-8963,0.006098
MESOS-8962,0.008316
MESOS-8961,0.02461
MESOS-8960,0.006193
MESOS-8959,0.433981
MESOS-8958,0.004538
MESOS-8957,0.136148
MESOS-8956,0.012821
MESOS-8955,0.113187
MESOS-8954,0.003884
MESOS-8953,0.008188
MESOS-8952,0.011687
MESOS-8951,0.008779
MESOS-8950,0.049222
MESOS-8949,0.010249
MESOS-8948,0.798187
MESOS-8947,0.930962
MESOS-8946,0.00407
MESOS-8945,0.005642
MESOS-8944,0.091382
MESOS-8943,0.696991
MESOS-8942,0.676834
MESOS-8941,0.147065
MESOS-8940,0.739422
MESOS-8939,0.974629
MESOS-8938,0.929951
MESOS-8937,0.071591
MESOS-8936,0.851459
MESOS-8935,0.018264
MESOS-8934,0.024988
MESOS-8933,0.46393
MESOS-8932,0.005555
MESOS-8931,0.170232
MESOS-8930,0.007461
MESOS-8929,0.093017
MESOS-8928,0.863852
MESOS-8927,0.007233
MESOS-8926,0.042404
MESOS-8925,0.942507
MESOS-8924,0.975202
MESOS-8923,0.750187
MESOS-8922,0.824462
MESOS-8921,0.012241
MESOS-8920,0.970465
MESOS-8919,0.114369
MESOS-8918,0.866585
MESOS-8917,0.071332
MESOS-8916,0.963506
MESOS-8915,0.013742
MESOS-8914,0.977371
MESOS-8913,0.01653
MESOS-8912,0.23231
MESOS-8911,0.370667
MESOS-8910,0.064183
MESOS-8909,0.104112
MESOS-8908,0.172172
MESOS-8907,0.00522
MESOS-8906,0.004982
MESOS-8905,0.023871
MESOS-8904,0.006488
MESOS-8903,0.780997
MESOS-8902,0.008916
MESOS-8901,0.901227
MESOS-8900,0.893681
MESOS-8899,0.908618
MESOS-8898,0.980581
MESOS-8897,0.006798
MESOS-8896,0.011869
MESOS-8895,0.084493
MESOS-8894,0.393036
MESOS-8893,0.004755
MESOS-8892,0.007346
MESOS-8891,0.008188
MESOS-8890,0.580352
MESOS-8889,0.581778
MESOS-8888,0.67822
MESOS-8887,0.021615
MESOS-8886,0.01653
MESOS-8885,0.443841
MESOS-8884,0.011072
MESOS-8883,0.475849
MESOS-8882,0.965119
MESOS-8881,0.049222
MESOS-8880,0.176956
MESOS-8879,0.017177
MESOS-8878,0.970909
MESOS-8877,0.005555
MESOS-8876,0.008511
MESOS-8875,0.014616
MESOS-8874,0.012432
MESOS-8873,0.006693
MESOS-8872,0.012054
MESOS-8871,0.005469
MESOS-8870,0.006004
MESOS-8869,0.967163
MESOS-8868,0.009936
MESOS-8867,0.007121
MESOS-8866,0.011245
MESOS-8865,0.016029
MESOS-8864,0.07477
MESOS-8863,0.104843
MESOS-8862,0.027376
MESOS-8861,0.925769
MESOS-8860,0.049222
MESOS-8859,0.066327
MESOS-8858,0.004682
MESOS-8857,0.010489
MESOS-8856,0.027585
MESOS-8855,0.008252
MESOS-8854,0.007461
MESOS-8853,0.987179
MESOS-8852,0.018125
MESOS-8851,0.967656
MESOS-8850,0.014842
MESOS-8849,0.881207
MESOS-8848,0.282592
MESOS-8847,0.264738
MESOS-8846,0.435661
MESOS-8845,0.339451
MESOS-8844,0.271638
MESOS-8843,0.52683
MESOS-8842,0.981022
MESOS-8841,0.010014
MESOS-8840,0.016153
MESOS-8839,0.022803
MESOS-8838,0.012821
MESOS-8837,0.245447
MESOS-8836,0.016915
MESOS-8835,0.008779
MESOS-8834,0.011072
MESOS-8833,0.09236
MESOS-8832,0.042404
MESOS-8831,0.042404
MESOS-8830,0.03359
MESOS-8829,0.282592
MESOS-8828,0.027169
MESOS-8827,0.609059
MESOS-8826,0.675587
MESOS-8825,0.065605
MESOS-8824,0.013956
MESOS-8823,0.071851
MESOS-8822,0.008062
MESOS-8821,0.039048
MESOS-8820,0.015189
MESOS-8819,0.0745
MESOS-8818,0.003945
MESOS-8817,0.962953
MESOS-8816,0.23092
MESOS-8815,0.006193
MESOS-8814,0.052619
MESOS-8813,0.572723
MESOS-8812,0.130729
MESOS-8811,0.076961
MESOS-8810,0.087252
MESOS-8809,0.92079
MESOS-8808,0.004399
MESOS-8807,0.004199
MESOS-8806,0.040541
MESOS-8805,0.006098
MESOS-8804,0.016915
MESOS-8803,0.00522
MESOS-8802,0.826712
MESOS-8801,0.965119
MESOS-8800,0.039343
MESOS-8799,0.381796
MESOS-8798,0.977883
MESOS-8797,0.011597
MESOS-8796,0.009486
MESOS-8795,0.949669
MESOS-8794,0.061424
MESOS-8793,0.207857
MESOS-8792,0.92523
MESOS-8791,0.59561
MESOS-8790,0.596316
MESOS-8789,0.195287
MESOS-8788,0.949669
MESOS-8787,0.378344
MESOS-8786,0.362856
MESOS-8785,0.978549
MESOS-8784,0.012241
MESOS-8783,0.010653
MESOS-8782,0.011778
MESOS-8781,0.013121
MESOS-8780,0.799129
MESOS-8779,0.129843
MESOS-8778,0.008316
MESOS-8777,0.441191
MESOS-8776,0.833866
MESOS-8775,0.977543
MESOS-8774,0.970909
MESOS-8773,0.00573
MESOS-8772,0.157137
MESOS-8771,0.943348
MESOS-8770,0.903294
MESOS-8769,0.007938
MESOS-8768,0.737347
MESOS-8767,0.644057
MESOS-8766,0.774242
MESOS-8765,0.070816
MESOS-8764,0.533641
MESOS-8763,0.073696
MESOS-8762,0.012821
MESOS-8761,0.008847
MESOS-8760,0.939471
MESOS-8759,0.093678
MESOS-8758,0.635152
MESOS-8757,0.569134
MESOS-8756,0.012821
MESOS-8755,0.931463
MESOS-8754,0.003538
MESOS-8753,0.843895
MESOS-8752,0.692226
MESOS-8751,0.9462
MESOS-8750,0.006798
MESOS-8749,0.010091
MESOS-8748,0.27048
MESOS-8747,0.968856
MESOS-8746,0.070304
MESOS-8745,0.394201
MESOS-8744,0.007696
MESOS-8743,0.872782
MESOS-8742,0.047074
MESOS-8741,0.008847
MESOS-8740,0.907312
MESOS-8739,0.105211
MESOS-8738,0.079782
MESOS-8737,0.898053
MESOS-8736,0.25128
MESOS-8735,0.9659
MESOS-8734,0.073696
MESOS-8733,0.006098
MESOS-8732,0.236693
MESOS-8731,0.022286
MESOS-8730,0.879561
MESOS-8729,0.009708
MESOS-8728,0.070816
MESOS-8727,0.006904
MESOS-8726,0.012054
MESOS-8725,0.819316
MESOS-8724,0.013532
MESOS-8723,0.00365
MESOS-8722,0.009784
MESOS-8721,0.003594
MESOS-8720,0.007121
MESOS-8719,0.010091
MESOS-8718,0.151529
MESOS-8717,0.401453
MESOS-8716,0.013849
MESOS-8715,0.810479
MESOS-8714,0.227985
MESOS-8713,0.102664
MESOS-8712,0.080647
MESOS-8711,0.010987
MESOS-8710,0.060529
MESOS-8709,0.007012
MESOS-8708,0.013742
MESOS-8707,0.010735
MESOS-8706,0.954647
MESOS-8705,0.975762
MESOS-8704,0.011597
MESOS-8703,0.00514
MESOS-8702,0.373362
MESOS-8701,0.024988
MESOS-8700,0.974435
MESOS-8699,0.00582
MESOS-8698,0.927363
MESOS-8697,0.863392
MESOS-8696,0.072374
MESOS-8695,0.173288
MESOS-8694,0.012054
MESOS-8693,0.914596
MESOS-8692,0.162912
MESOS-8691,0.020177
MESOS-8690,0.00522
MESOS-8689,0.438064
MESOS-8688,0.009197
MESOS-8687,0.008316
MESOS-8686,0.007233
MESOS-8685,0.071851
MESOS-8684,0.123789
MESOS-8683,0.030676
MESOS-8682,0.149531
MESOS-8681,0.200558
MESOS-8680,0.252753
MESOS-8679,0.007577
MESOS-8678,0.134776
MESOS-8677,0.010091
MESOS-8676,0.141756
MESOS-8675,0.926835
MESOS-8674,0.153295
MESOS-8673,0.469277
MESOS-8672,0.959154
MESOS-8671,0.960361
MESOS-8670,0.940353
MESOS-8668,0.983847
MESOS-8667,0.157655
MESOS-8666,0.011508
MESOS-8665,0.932944
MESOS-8664,0.00582
MESOS-8663,0.939913
MESOS-8662,0.206894
MESOS-8661,0.011687
MESOS-8660,0.013121
MESOS-8659,0.016785
MESOS-8658,0.84338
MESOS-8657,0.09739
MESOS-8656,0.334916
MESOS-8655,0.009055
MESOS-8654,0.137532
MESOS-8653,0.877896
MESOS-8652,0.97539
MESOS-8651,0.010902
MESOS-8650,0.061424
MESOS-8649,0.470007
MESOS-8648,0.108945
MESOS-8647,0.063019
MESOS-8646,0.012528
MESOS-8645,0.749087
MESOS-8644,0.021615
MESOS-8643,0.007816
MESOS-8642,0.008577
MESOS-8641,0.007696
MESOS-8640,0.40592
MESOS-8639,0.855851
MESOS-8638,0.73848
MESOS-8637,0.036494
MESOS-8636,0.955981
MESOS-8635,0.007577
MESOS-8634,0.028653
MESOS-8633,0.962953
MESOS-8632,0.309154
MESOS-8631,0.012821
MESOS-8630,0.021451
MESOS-8629,0.056236
MESOS-8628,0.833325
MESOS-8627,0.925769
MESOS-8626,0.654564
MESOS-8625,0.981736
MESOS-8624,0.016153
MESOS-8623,0.021781
MESOS-8622,0.890675
MESOS-8621,0.970465
MESOS-8620,0.012336
MESOS-8619,0.010735
MESOS-8618,0.007012
MESOS-8617,0.008252
MESOS-8616,0.035145
MESOS-8615,0.061876
MESOS-8614,0.017577
MESOS-8613,0.014282
MESOS-8612,0.964589
MESOS-8611,0.008644
MESOS-8610,0.006388
MESOS-8609,0.096025
MESOS-8608,0.006004
MESOS-8607,0.925769
MESOS-8606,0.007938
MESOS-8605,0.007233
MESOS-8604,0.007346
MESOS-8603,0.010328
MESOS-8602,0.017309
MESOS-8601,0.010014
MESOS-8600,0.941654
MESOS-8599,0.370055
MESOS-8598,0.009559
MESOS-8597,0.642657
MESOS-8596,0.566498
MESOS-8595,0.010091
MESOS-8594,0.010653
MESOS-8593,0.953275
MESOS-8592,0.007233
MESOS-8591,0.930962
MESOS-8590,0.009708
MESOS-8589,0.003273
MESOS-8588,0.984215
MESOS-8587,0.892563
MESOS-8586,0.007696
MESOS-8585,0.006388
MESOS-8584,0.862468
MESOS-8583,0.010249
MESOS-8582,0.938124
MESOS-8581,0.505859
MESOS-8580,0.234056
MESOS-8579,0.012054
MESOS-8578,0.011687
MESOS-8577,0.006193
MESOS-8576,0.170784
MESOS-8575,0.850965
MESOS-8574,0.101233
MESOS-8573,0.139396
MESOS-8572,0.982823
MESOS-8571,0.007233
MESOS-8570,0.014172
MESOS-8569,0.08819
MESOS-8568,0.012432
MESOS-8567,0.008062
MESOS-8566,0.015073
MESOS-8565,0.004265
MESOS-8564,0.957278
MESOS-8563,0.156105
MESOS-8562,0.006904
MESOS-8561,0.254972
MESOS-8560,0.346044
MESOS-8559,0.487795
MESOS-8558,0.961244
MESOS-8557,0.021451
MESOS-8556,0.03359
MESOS-8555,0.978219
MESOS-8554,0.978385
MESOS-8553,0.018125
MESOS-8552,0.003765
MESOS-8551,0.08152
MESOS-8550,0.008916
MESOS-8549,0.03259
MESOS-8548,0.010902
MESOS-8547,0.023509
MESOS-8546,0.013849
MESOS-8545,0.006488
MESOS-8544,0.007696
MESOS-8543,0.006193
MESOS-8542,0.221014
MESOS-8541,0.008916
MESOS-8540,0.005385
MESOS-8539,0.336495
MESOS-8538,0.935817
MESOS-8537,0.008446
MESOS-8536,0.015664
MESOS-8535,0.06489
MESOS-8534,0.966156
MESOS-8533,0.399343
MESOS-8532,0.006798
MESOS-8531,0.00522
MESOS-8530,0.007577
MESOS-8529,0.259638
MESOS-8528,0.975762
MESOS-8527,0.114765
MESOS-8526,0.742422
MESOS-8525,0.840259
MESOS-8524,0.011158
MESOS-8523,0.017442
MESOS-8522,0.009634
MESOS-8521,0.009708
MESOS-8520,0.872782
MESOS-8519,0.019124
MESOS-8518,0.397471
MESOS-8517,0.663178
MESOS-8516,0.727975
MESOS-8515,0.007461
MESOS-8514,0.012432
MESOS-8513,0.009486
MESOS-8512,0.008711
MESOS-8511,0.958847
MESOS-8510,0.006193
MESOS-8509,0.007233
MESOS-8508,0.007461
MESOS-8507,0.012723
MESOS-8506,0.064183
MESOS-8505,0.074231
MESOS-8504,0.00522
MESOS-8503,0.971992
MESOS-8502,0.009784
MESOS-8501,0.174973
MESOS-8500,0.944177
MESOS-8499,0.010091
MESOS-8498,0.251464
MESOS-8497,0.005555
MESOS-8496,0.007346
MESOS-8495,0.086323
MESOS-8493,0.125493
MESOS-8492,0.602296
MESOS-8491,0.007577
MESOS-8490,0.007696
MESOS-8489,0.013325
MESOS-8488,0.101233
MESOS-8487,0.991015
MESOS-8486,0.117572
MESOS-8485,0.008644
MESOS-8484,0.006693
MESOS-8483,0.010489
MESOS-8482,0.009559
MESOS-8481,0.009197
MESOS-8480,0.016657
MESOS-8479,0.008188
MESOS-8478,0.011508
MESOS-8477,0.010902
MESOS-8476,0.816406
MESOS-8475,0.663451
MESOS-8474,0.008446
MESOS-8473,0.104843
MESOS-8472,0.00407
MESOS-8471,0.862468
MESOS-8470,0.014172
MESOS-8469,0.015425
MESOS-8468,0.014172
MESOS-8467,0.014282
MESOS-8466,0.08882
MESOS-8465,0.013223
MESOS-8464,0.024423
MESOS-8463,0.017849
MESOS-8462,0.32888
MESOS-8461,0.018125
MESOS-8460,0.010818
MESOS-8459,0.043691
MESOS-8458,0.006004
MESOS-8457,0.008644
MESOS-8456,0.360151
MESOS-8455,0.971564
MESOS-8454,0.888759
MESOS-8453,0.006098
MESOS-8452,0.008577
MESOS-8451,0.020964
MESOS-8450,0.061199
MESOS-8449,0.916708
MESOS-8448,0.47317
MESOS-8447,0.006098
MESOS-8446,0.013742
MESOS-8445,0.117978
MESOS-8444,0.010489
MESOS-8443,0.038756
MESOS-8442,0.336345
MESOS-8441,0.187133
MESOS-8440,0.014504
MESOS-8439,0.273963
MESOS-8438,0.003273
MESOS-8437,0.387806
MESOS-8436,0.839734
MESOS-8435,0.007012
MESOS-8434,0.966663
MESOS-8433,0.803174
MESOS-8432,0.986572
MESOS-8431,0.893681
MESOS-8430,0.039937
MESOS-8429,0.018125
MESOS-8428,0.006388
MESOS-8427,0.157914
MESOS-8426,0.071591
MESOS-8425,0.180107
MESOS-8424,0.108945
MESOS-8423,0.370738
MESOS-8422,0.015189
MESOS-8421,0.040541
MESOS-8420,0.097048
MESOS-8419,0.01017
MESOS-8418,0.839208
MESOS-8417,0.017712
MESOS-8416,0.009634
MESOS-8415,0.073165
MESOS-8414,0.006488
MESOS-8413,0.008252
MESOS-8412,0.057918
MESOS-8411,0.030909
MESOS-8410,0.008779
MESOS-8409,0.057705
MESOS-8408,0.15662
MESOS-8407,0.09401
MESOS-8406,0.448668
MESOS-8405,0.950778
MESOS-8404,0.006488
MESOS-8403,0.979195
MESOS-8402,0.979354
MESOS-8401,0.007696
MESOS-8400,0.915507
MESOS-8399,0.024798
MESOS-8398,0.00659
MESOS-8397,0.948917
MESOS-8396,0.948917
MESOS-8395,0.415017
MESOS-8394,0.050331
MESOS-8393,0.011072
MESOS-8392,0.009559
MESOS-8391,0.008916
MESOS-8390,0.250179
MESOS-8389,0.504394
MESOS-8388,0.123789
MESOS-8387,0.5564
MESOS-8386,0.014504
MESOS-8385,0.965641
MESOS-8384,0.194062
MESOS-8383,0.480479
MESOS-8382,0.929951
MESOS-8381,0.650051
MESOS-8380,0.942082
MESOS-8379,0.383757
MESOS-8378,0.022117
MESOS-8377,0.009055
MESOS-8376,0.008446
MESOS-8375,0.174973
MESOS-8374,0.886027
MESOS-8373,0.089455
MESOS-8372,0.322953
MESOS-8371,0.982151
MESOS-8370,0.022977
MESOS-8369,0.007012
MESOS-8368,0.694717
MESOS-8367,0.006004
MESOS-8366,0.017712
MESOS-8365,0.974043
MESOS-8364,0.015785
MESOS-8363,0.086632
MESOS-8362,0.091707
MESOS-8361,0.96862
MESOS-8360,0.895888
MESOS-8359,0.010328
MESOS-8358,0.923592
MESOS-8357,0.980581
MESOS-8356,0.010735
MESOS-8355,0.004905
MESOS-8354,0.914901
MESOS-8353,0.017986
MESOS-8352,0.015425
MESOS-8351,0.181553
MESOS-8350,0.017045
MESOS-8349,0.012432
MESOS-8348,0.00659
MESOS-8347,0.041153
MESOS-8346,0.014392
MESOS-8345,0.985496
MESOS-8344,0.982557
MESOS-8343,0.006798
MESOS-8342,0.877896
MESOS-8341,0.011687
MESOS-8340,0.926304
MESOS-8339,0.014729
MESOS-8338,0.008316
MESOS-8337,0.006004
MESOS-8336,0.011778
MESOS-8335,0.006388
MESOS-8334,0.013637
MESOS-8333,0.011332
MESOS-8332,0.623004
MESOS-8331,0.048858
MESOS-8330,0.087564
MESOS-8329,0.006388
MESOS-8328,0.089455
MESOS-8327,0.943348
MESOS-8326,0.110088
MESOS-8325,0.016657
MESOS-8324,0.79053
MESOS-8323,0.830594
MESOS-8322,0.115961
MESOS-8321,0.012147
MESOS-8320,0.014392
MESOS-8319,0.755276
MESOS-8318,0.006904
MESOS-8317,0.007233
MESOS-8316,0.004199
MESOS-8315,0.013956
MESOS-8314,0.932453
MESOS-8313,0.965381
MESOS-8312,0.047426
MESOS-8311,0.008511
MESOS-8310,0.085709
MESOS-8309,0.555676
MESOS-8308,0.010818
MESOS-8307,0.009936
MESOS-8306,0.974043
MESOS-8305,0.007012
MESOS-8304,0.475605
MESOS-8303,0.154058
MESOS-8302,0.078926
MESOS-8301,0.930458
MESOS-8300,0.006488
MESOS-8299,0.012625
MESOS-8298,0.116362
MESOS-8297,0.011508
MESOS-8296,0.91118
MESOS-8295,0.297266
MESOS-8294,0.978052
MESOS-8293,0.007012
MESOS-8292,0.063482
MESOS-8291,0.171616
MESOS-8290,0.953622
MESOS-8289,0.009486
MESOS-8288,0.010818
MESOS-8287,0.00506
MESOS-8286,0.061424
MESOS-8285,0.115561
MESOS-8284,0.964052
MESOS-8283,0.011961
MESOS-8282,0.010653
MESOS-8281,0.015189
MESOS-8280,0.015306
MESOS-8279,0.013223
MESOS-8278,0.014842
MESOS-8277,0.015906
MESOS-8276,0.957278
MESOS-8275,0.602003
MESOS-8274,0.358016
MESOS-8273,0.022977
MESOS-8272,0.015544
MESOS-8271,0.007346
MESOS-8270,0.930962
MESOS-8269,0.742048
MESOS-8268,0.147555
MESOS-8267,0.010987
MESOS-8266,0.010014
MESOS-8265,0.886813
MESOS-8264,0.487307
MESOS-8263,0.010653
MESOS-8262,0.010328
MESOS-8261,0.00573
MESOS-8260,0.010489
MESOS-8259,0.008577
MESOS-8258,0.008644
MESOS-8257,0.009936
MESOS-8256,0.933915
MESOS-8255,0.042088
MESOS-8254,0.016785
MESOS-8253,0.007938
MESOS-8252,0.011778
MESOS-8251,0.821617
MESOS-8250,0.008062
MESOS-8249,0.035948
MESOS-8248,0.488771
MESOS-8247,0.007121
MESOS-8246,0.010249
MESOS-8245,0.012336
MESOS-8244,0.977714
MESOS-8243,0.914901
MESOS-8242,0.948537
MESOS-8241,0.107437
MESOS-8240,0.945801
MESOS-8239,0.00522
MESOS-8238,0.197135
MESOS-8237,0.936749
MESOS-8236,0.872782
MESOS-8235,0.011332
MESOS-8234,0.006193
MESOS-8233,0.010328
MESOS-8232,0.010408
MESOS-8231,0.322913
MESOS-8230,0.276495
MESOS-8229,0.976129
MESOS-8228,0.018689
MESOS-8227,0.008316
MESOS-8226,0.012054
MESOS-8225,0.011508
MESOS-8224,0.038178
MESOS-8223,0.011597
MESOS-8222,0.358016
MESOS-8221,0.747616
MESOS-8220,0.036769
MESOS-8219,0.239527
MESOS-8218,0.720172
MESOS-8217,0.060308
MESOS-8216,0.008916
MESOS-8215,0.360848
MESOS-8214,0.547948
MESOS-8213,0.975577
MESOS-8212,0.010653
MESOS-8211,0.188324
MESOS-8210,0.009268
MESOS-8209,0.086016
MESOS-8208,0.008577
MESOS-8207,0.916708
MESOS-8206,0.717012
MESOS-8205,0.010735
MESOS-8204,0.008252
MESOS-8203,0.007121
MESOS-8202,0.706798
MESOS-8201,0.067547
MESOS-8200,0.009268
MESOS-8199,0.186836
MESOS-8198,0.877896
MESOS-8197,0.891055
MESOS-8196,0.838151
MESOS-8195,0.271541
MESOS-8194,0.851953
MESOS-8193,0.081813
MESOS-8192,0.971129
MESOS-8191,0.78695
MESOS-8190,0.627723
MESOS-8189,0.147065
MESOS-8188,0.153295
MESOS-8187,0.127218
MESOS-8186,0.665275
MESOS-8185,0.015073
MESOS-8184,0.23546
MESOS-8183,0.9462
MESOS-8182,0.027585
MESOS-8181,0.108945
MESOS-8180,0.013223
MESOS-8179,0.010489
MESOS-8178,0.006798
MESOS-8177,0.007121
MESOS-8176,0.010987
MESOS-8175,0.00659
MESOS-8174,0.006904
MESOS-8173,0.00522
MESOS-8172,0.010735
MESOS-8171,0.013532
MESOS-8170,0.375134
MESOS-8169,0.017986
MESOS-8168,0.91118
MESOS-8167,0.989182
MESOS-8166,0.017045
MESOS-8165,0.028653
MESOS-8164,0.449393
MESOS-8163,0.972623
MESOS-8162,0.015189
MESOS-8161,0.006388
MESOS-8160,0.66113
MESOS-8159,0.009197
MESOS-8158,0.010902
MESOS-8157,0.01057
MESOS-8156,0.686895
MESOS-8155,0.010408
MESOS-8154,0.986777
MESOS-8153,0.01653
MESOS-8152,0.008188
MESOS-8151,0.007012
MESOS-8150,0.03359
MESOS-8149,0.119614
MESOS-8148,0.470737
MESOS-8147,0.560253
MESOS-8146,0.00629
MESOS-8145,0.00461
MESOS-8144,0.926304
MESOS-8143,0.92944
MESOS-8142,0.966663
MESOS-8141,0.939471
MESOS-8140,0.011869
MESOS-8139,0.317003
MESOS-8138,0.015544
MESOS-8137,0.007461
MESOS-8136,0.014282
MESOS-8135,0.010014
MESOS-8134,0.009486
MESOS-8133,0.081228
MESOS-8132,0.988131
MESOS-8131,0.156362
MESOS-8130,0.898053
MESOS-8129,0.012054
MESOS-8128,0.013742
MESOS-8127,0.00407
MESOS-8126,0.954308
MESOS-8125,0.013849
MESOS-8124,0.005911
MESOS-8123,0.005469
MESOS-8122,0.005555
MESOS-8121,0.018264
MESOS-8120,0.654784
MESOS-8119,0.008316
MESOS-8118,0.963231
MESOS-8117,0.782663
MESOS-8116,0.007577
MESOS-8115,0.916708
MESOS-8114,0.006798
MESOS-8113,0.349089
MESOS-8112,0.010818
MESOS-8111,0.00629
MESOS-8110,0.005385
MESOS-8109,0.128963
MESOS-8108,0.827828
MESOS-8107,0.964855
MESOS-8106,0.193452
MESOS-8105,0.006693
MESOS-8104,0.858719
MESOS-8103,0.040238
MESOS-8102,0.761716
MESOS-8101,0.881207
MESOS-8100,0.978875
MESOS-8099,0.770465
MESOS-8098,0.312895
MESOS-8097,0.88642
MESOS-8096,0.01057
MESOS-8095,0.012821
MESOS-8094,0.975202
MESOS-8093,0.007938
MESOS-8092,0.72662
MESOS-8091,0.815233
MESOS-8090,0.004468
MESOS-8089,0.359701
MESOS-8088,0.196826
MESOS-8087,0.101947
MESOS-8086,0.104112
MESOS-8085,0.020332
MESOS-8084,0.017712
MESOS-8083,0.936749
MESOS-8082,0.048137
MESOS-8081,0.017849
MESOS-8080,0.007121
MESOS-8079,0.761361
MESOS-8078,0.206894
MESOS-8077,0.291586
MESOS-8076,0.011597
MESOS-8075,0.774924
MESOS-8074,0.247623
MESOS-8073,0.38145
MESOS-8072,0.097734
MESOS-8071,0.932453
MESOS-8070,0.007346
MESOS-8069,0.011687
MESOS-8068,0.924688
MESOS-8067,0.304662
MESOS-8066,0.010091
MESOS-8065,0.007938
MESOS-8064,0.974043
MESOS-8063,0.790854
MESOS-8062,0.011687
MESOS-8061,0.007938
MESOS-8060,0.96862
MESOS-8059,0.921358
MESOS-8058,0.020646
MESOS-8057,0.022286
MESOS-8056,0.00629
MESOS-8055,0.771843
MESOS-8054,0.611962
MESOS-8053,0.938124
MESOS-8052,0.004682
MESOS-8051,0.00659
MESOS-8050,0.972415
MESOS-8049,0.011332
MESOS-8048,0.009559
MESOS-8047,0.006798
MESOS-8046,0.011778
MESOS-8045,0.055005
MESOS-8044,0.241847
MESOS-8043,0.076408
MESOS-8042,0.096365
MESOS-8041,0.71103
MESOS-8040,0.975762
MESOS-8039,0.017442
MESOS-8038,0.008985
MESOS-8037,0.886813
MESOS-8036,0.028871
MESOS-8035,0.017177
MESOS-8034,0.028436
MESOS-8033,0.845433
MESOS-8032,0.867934
MESOS-8031,0.938124
MESOS-8030,0.987759
MESOS-8029,0.357091
MESOS-8028,0.950778
MESOS-8027,0.010091
MESOS-8026,0.158174
MESOS-8025,0.123789
MESOS-8024,0.805326
MESOS-8023,0.560493
MESOS-8022,0.810479
MESOS-8021,0.970909
MESOS-8020,0.016277
MESOS-8019,0.00506
MESOS-8018,0.988668
MESOS-8017,0.968856
MESOS-8016,0.987568
MESOS-8015,0.992423
MESOS-8014,0.989986
MESOS-8013,0.105579
MESOS-8012,0.92944
MESOS-8011,0.008779
MESOS-8010,0.008511
MESOS-8009,0.07921
MESOS-8008,0.791176
MESOS-8007,0.183301
MESOS-8006,0.144149
MESOS-8005,0.012336
MESOS-8004,0.006488
MESOS-8003,0.006004
MESOS-8002,0.007121
MESOS-8001,0.005555
MESOS-8000,0.008511
MESOS-7999,0.975577
MESOS-7998,0.006098
MESOS-7997,0.00582
MESOS-7996,0.006904
MESOS-7995,0.009268
MESOS-7994,0.006798
MESOS-7993,0.012241
MESOS-7992,0.094678
MESOS-7991,0.007121
MESOS-7990,0.947381
MESOS-7989,0.114369
MESOS-7988,0.009268
MESOS-7987,0.065128
MESOS-7986,0.007816
MESOS-7985,0.39356
MESOS-7984,0.734881
MESOS-7983,0.062331
MESOS-7982,0.072374
MESOS-7981,0.962108
MESOS-7980,0.010408
MESOS-7979,0.007012
MESOS-7978,0.009268
MESOS-7977,0.033844
MESOS-7976,0.007233
MESOS-7975,0.004982
MESOS-7974,0.046725
MESOS-7973,0.742048
MESOS-7972,0.009268
MESOS-7971,0.008577
MESOS-7970,0.836555
MESOS-7969,0.008062
MESOS-7968,0.025179
MESOS-7967,0.969556
MESOS-7966,0.017442
MESOS-7965,0.004905
MESOS-7964,0.014282
MESOS-7963,0.00659
MESOS-7962,0.396535
MESOS-7961,0.066569
MESOS-7960,0.265499
MESOS-7959,0.144873
MESOS-7958,0.010653
MESOS-7957,0.037609
MESOS-7956,0.048858
MESOS-7955,0.032837
MESOS-7954,0.048858
MESOS-7953,0.209793
MESOS-7952,0.742422
MESOS-7951,0.990874
MESOS-7950,0.146087
MESOS-7949,0.973241
MESOS-7948,0.007696
MESOS-7947,0.985718
MESOS-7946,0.01017
MESOS-7945,0.008577
MESOS-7944,0.299874
MESOS-7943,0.11358
MESOS-7942,0.004332
MESOS-7941,0.750918
MESOS-7940,0.00659
MESOS-7939,0.010653
MESOS-7938,0.657538
MESOS-7937,0.768386
MESOS-7936,0.250363
MESOS-7935,0.11358
MESOS-7934,0.006193
MESOS-7933,0.008985
MESOS-7932,0.006488
MESOS-7931,0.008711
MESOS-7930,0.966914
MESOS-7929,0.009197
MESOS-7928,0.006904
MESOS-7927,0.010735
MESOS-7926,0.010489
MESOS-7925,0.415847
MESOS-7924,0.601067
MESOS-7923,0.039343
MESOS-7922,0.013121
MESOS-7921,0.010902
MESOS-7920,0.009708
MESOS-7919,0.128525
MESOS-7918,0.016029
MESOS-7917,0.007233
MESOS-7916,0.254231
MESOS-7915,0.015073
MESOS-7914,0.081228
MESOS-7913,0.805326
MESOS-7912,0.003824
MESOS-7911,0.023153
MESOS-7910,0.008252
MESOS-7909,0.026964
MESOS-7908,0.012432
MESOS-7907,0.011072
MESOS-7906,0.004538
MESOS-7905,0.014957
MESOS-7904,0.027169
MESOS-7903,0.124213
MESOS-7902,0.008062
MESOS-7901,0.008062
MESOS-7900,0.627324
MESOS-7899,0.525856
MESOS-7898,0.942507
MESOS-7897,0.963506
MESOS-7896,0.777975
MESOS-7895,0.739046
MESOS-7894,0.009486
MESOS-7893,0.899828
MESOS-7892,0.099821
MESOS-7891,0.940353
MESOS-7890,0.047426
MESOS-7889,0.370197
MESOS-7888,0.012054
MESOS-7887,0.325842
MESOS-7886,0.932453
MESOS-7885,0.003707
MESOS-7884,0.975946
MESOS-7883,0.008188
MESOS-7882,0.017849
MESOS-7881,0.950411
MESOS-7880,0.092033
MESOS-7879,0.755637
MESOS-7878,0.266644
MESOS-7877,0.225076
MESOS-7876,0.980129
MESOS-7875,0.968141
MESOS-7874,0.975012
MESOS-7873,0.01292
MESOS-7872,0.01292
MESOS-7871,0.008062
MESOS-7870,0.977543
MESOS-7869,0.00522
MESOS-7868,0.951504
MESOS-7867,0.012821
MESOS-7866,0.945801
MESOS-7865,0.011597
MESOS-7864,0.107813
MESOS-7863,0.007696
MESOS-7862,0.117572
MESOS-7861,0.33334
MESOS-7860,0.982288
MESOS-7859,0.00573
MESOS-7858,0.015785
MESOS-7857,0.143188
MESOS-7856,0.007696
MESOS-7855,0.007121
MESOS-7854,0.96741
MESOS-7853,0.96862
MESOS-7852,0.016029
MESOS-7851,0.019271
MESOS-7850,0.078926
MESOS-7849,0.014842
MESOS-7848,0.010818
MESOS-7847,0.015425
MESOS-7846,0.007696
MESOS-7845,0.337258
MESOS-7844,0.003377
MESOS-7843,0.926304
MESOS-7842,0.199932
MESOS-7841,0.016403
MESOS-7840,0.835484
MESOS-7839,0.051463
MESOS-7838,0.039048
MESOS-7837,0.904987
MESOS-7836,0.010987
MESOS-7835,0.015544
MESOS-7834,0.006798
MESOS-7833,0.006004
MESOS-7832,0.014282
MESOS-7831,0.007938
MESOS-7830,0.009126
MESOS-7829,0.652131
MESOS-7828,0.016785
MESOS-7827,0.987179
MESOS-7826,0.145115
MESOS-7825,0.017442
MESOS-7824,0.004007
MESOS-7823,0.948917
MESOS-7822,0.013742
MESOS-7821,0.007121
MESOS-7820,0.971992
MESOS-7819,0.895523
MESOS-7818,0.97539
MESOS-7817,0.009634
MESOS-7816,0.958847
MESOS-7815,0.132964
MESOS-7814,0.892563
MESOS-7813,0.005469
MESOS-7812,0.260389
MESOS-7811,0.017849
MESOS-7810,0.981595
MESOS-7809,0.948155
MESOS-7808,0.981736
MESOS-7807,0.853913
MESOS-7806,0.474144
MESOS-7805,0.003594
MESOS-7804,0.274935
MESOS-7803,0.003765
MESOS-7802,0.008847
MESOS-7801,0.444565
MESOS-7800,0.106691
MESOS-7799,0.040846
MESOS-7798,0.089455
MESOS-7797,0.007233
MESOS-7796,0.005302
MESOS-7795,0.138928
MESOS-7794,0.007938
MESOS-7793,0.006098
MESOS-7792,0.858719
MESOS-7791,0.00573
MESOS-7790,0.942929
MESOS-7789,0.97649
MESOS-7788,0.107063
MESOS-7787,0.969785
MESOS-7786,0.749454
MESOS-7785,0.980281
MESOS-7784,0.010091
MESOS-7783,0.010091
MESOS-7782,0.348586
MESOS-7781,0.013956
MESOS-7780,0.938576
MESOS-7779,0.007461
MESOS-7778,0.009413
MESOS-7777,0.01653
MESOS-7776,0.619817
MESOS-7775,0.025179
MESOS-7774,0.866133
MESOS-7773,0.695752
MESOS-7772,0.006388
MESOS-7771,0.011245
MESOS-7770,0.010091
MESOS-7769,0.006904
MESOS-7768,0.902266
MESOS-7767,0.884838
MESOS-7766,0.00506
MESOS-7765,0.006388
MESOS-7764,0.082107
MESOS-7763,0.96378
MESOS-7762,0.007012
MESOS-7761,0.012821
MESOS-7760,0.006004
MESOS-7759,0.006488
MESOS-7758,0.008711
MESOS-7757,0.881207
MESOS-7756,0.894052
MESOS-7755,0.951504
MESOS-7754,0.00629
MESOS-7753,0.004682
MESOS-7752,0.00986
MESOS-7751,0.006098
MESOS-7750,0.00573
MESOS-7749,0.985496
MESOS-7748,0.564339
MESOS-7747,0.927363
MESOS-7746,0.854885
MESOS-7745,0.009268
MESOS-7744,0.016785
MESOS-7743,0.118385
MESOS-7742,0.010091
MESOS-7741,0.007816
MESOS-7740,0.008711
MESOS-7739,0.010818
MESOS-7738,0.991684
MESOS-7737,0.80502
MESOS-7736,0.200245
MESOS-7735,0.022286
MESOS-7734,0.830594
MESOS-7733,0.004199
MESOS-7732,0.014064
MESOS-7731,0.010091
MESOS-7730,0.00514
MESOS-7729,0.017986
MESOS-7728,0.012723
MESOS-7727,0.008252
MESOS-7726,0.011687
MESOS-7725,0.008985
MESOS-7724,0.006693
MESOS-7723,0.964321
MESOS-7722,0.008577
MESOS-7721,0.022117
MESOS-7720,0.016277
MESOS-7719,0.004199
MESOS-7718,0.007461
MESOS-7717,0.015189
MESOS-7716,0.005911
MESOS-7715,0.013849
MESOS-7714,0.008511
MESOS-7713,0.293
MESOS-7712,0.953966
MESOS-7711,0.022117
MESOS-7710,0.072112
MESOS-7709,0.722918
MESOS-7708,0.470493
MESOS-7707,0.018125
MESOS-7706,0.91118
MESOS-7705,0.86293
MESOS-7704,0.037609
MESOS-7703,0.010653
MESOS-7702,0.677901
MESOS-7701,0.825027
MESOS-7700,0.009708
MESOS-7699,0.010987
MESOS-7698,0.008779
MESOS-7697,0.020804
MESOS-7696,0.977714
MESOS-7695,0.974629
MESOS-7694,0.005469
MESOS-7693,0.008847
MESOS-7692,0.00659
MESOS-7691,0.921922
MESOS-7690,0.009413
MESOS-7689,0.007233
MESOS-7688,0.923039
MESOS-7687,0.011961
MESOS-7686,0.006904
MESOS-7685,0.009126
MESOS-7684,0.003324
MESOS-7683,0.963506
MESOS-7682,0.837088
MESOS-7681,0.94079
MESOS-7680,0.799129
MESOS-7679,0.043691
MESOS-7678,0.991015
MESOS-7677,0.714628
MESOS-7676,0.879974
MESOS-7675,0.494141
MESOS-7674,0.013428
MESOS-7673,0.009936
MESOS-7672,0.039343
MESOS-7671,0.257578
MESOS-7670,0.558086
MESOS-7669,0.01017
MESOS-7668,0.154823
MESOS-7667,0.00986
MESOS-7666,0.01142
MESOS-7665,0.623492
MESOS-7664,0.979195
MESOS-7663,0.21305
MESOS-7662,0.011961
MESOS-7661,0.00659
MESOS-7660,0.011597
MESOS-7659,0.009784
MESOS-7658,0.004755
MESOS-7657,0.086016
MESOS-7656,0.824462
MESOS-7655,0.074231
MESOS-7654,0.005385
MESOS-7653,0.480479
MESOS-7652,0.006098
MESOS-7651,0.97631
MESOS-7650,0.00838
MESOS-7649,0.008511
MESOS-7648,0.009634
MESOS-7647,0.962391
MESOS-7646,0.934873
MESOS-7645,0.013956
MESOS-7644,0.856332
MESOS-7643,0.042088
MESOS-7642,0.948155
MESOS-7641,0.018833
MESOS-7640,0.017442
MESOS-7639,0.013325
MESOS-7638,0.005555
MESOS-7637,0.024238
MESOS-7636,0.417509
MESOS-7635,0.007012
MESOS-7634,0.007346
MESOS-7633,0.971564
MESOS-7632,0.299822
MESOS-7631,0.691914
MESOS-7630,0.978713
MESOS-7629,0.789234
MESOS-7628,0.010091
MESOS-7627,0.014957
MESOS-7626,0.27474
MESOS-7625,0.47926
MESOS-7624,0.165593
MESOS-7623,0.922482
MESOS-7622,0.008316
MESOS-7621,0.007577
MESOS-7620,0.014172
MESOS-7619,0.011597
MESOS-7618,0.016785
MESOS-7617,0.007577
MESOS-7616,0.965119
MESOS-7615,0.165863
MESOS-7614,0.96378
MESOS-7613,0.116362
MESOS-7612,0.871475
MESOS-7611,0.056652
MESOS-7610,0.155078
MESOS-7609,0.790854
MESOS-7608,0.123789
MESOS-7607,0.974239
MESOS-7606,0.154058
MESOS-7605,0.909586
MESOS-7604,0.008577
MESOS-7603,0.009268
MESOS-7602,0.98983
MESOS-7601,0.018264
MESOS-7600,0.014504
MESOS-7599,0.014504
MESOS-7598,0.886027
MESOS-7597,0.007012
MESOS-7596,0.00934
MESOS-7595,0.944995
MESOS-7594,0.853425
MESOS-7593,0.536556
MESOS-7592,0.928926
MESOS-7591,0.463444
MESOS-7590,0.882022
MESOS-7589,0.011072
MESOS-7588,0.397588
MESOS-7587,0.005555
MESOS-7586,0.02461
MESOS-7585,0.449151
MESOS-7584,0.020023
MESOS-7583,0.00659
MESOS-7582,0.948155
MESOS-7581,0.009486
MESOS-7580,0.92079
MESOS-7579,0.367157
MESOS-7578,0.968856
MESOS-7577,0.421314
MESOS-7576,0.594316
MESOS-7575,0.954647
MESOS-7574,0.962673
MESOS-7573,0.043691
MESOS-7572,0.847463
MESOS-7571,0.180974
MESOS-7570,0.917893
MESOS-7569,0.020332
MESOS-7568,0.955981
MESOS-7567,0.125493
MESOS-7566,0.012147
MESOS-7565,0.008577
MESOS-7564,0.083591
MESOS-7563,0.970465
MESOS-7562,0.011869
MESOS-7561,0.961534
MESOS-7560,0.194674
MESOS-7559,0.00838
MESOS-7558,0.742422
MESOS-7557,0.596198
MESOS-7556,0.900179
MESOS-7555,0.714429
MESOS-7554,0.224565
MESOS-7553,0.913058
MESOS-7552,0.008316
MESOS-7551,0.00934
MESOS-7550,0.928926
MESOS-7549,0.01292
MESOS-7548,0.007461
MESOS-7547,0.010653
MESOS-7546,0.009936
MESOS-7545,0.007696
MESOS-7544,0.006098
MESOS-7543,0.320821
MESOS-7542,0.889144
MESOS-7541,0.010091
MESOS-7540,0.664377
MESOS-7539,0.76769
MESOS-7538,0.006904
MESOS-7537,0.951504
MESOS-7536,0.155848
MESOS-7535,0.863852
MESOS-7534,0.801004
MESOS-7533,0.342462
MESOS-7532,0.395134
MESOS-7531,0.696991
MESOS-7530,0.034619
MESOS-7529,0.033844
MESOS-7528,0.966914
MESOS-7527,0.070049
MESOS-7526,0.266644
MESOS-7525,0.108566
MESOS-7524,0.013223
MESOS-7523,0.446012
MESOS-7522,0.977197
MESOS-7521,0.015785
MESOS-7520,0.015189
MESOS-7519,0.007577
MESOS-7518,0.012336
MESOS-7517,0.007012
MESOS-7516,0.010489
MESOS-7515,0.008188
MESOS-7514,0.013428
MESOS-7513,0.976129
MESOS-7512,0.004468
MESOS-7511,0.007233
MESOS-7510,0.007816
MESOS-7509,0.007938
MESOS-7508,0.774924
MESOS-7507,0.039343
MESOS-7506,0.014064
MESOS-7505,0.090093
MESOS-7504,0.008188
MESOS-7503,0.680879
MESOS-7502,0.00365
MESOS-7501,0.512205
MESOS-7500,0.019419
MESOS-7499,0.981595
MESOS-7498,0.023331
MESOS-7497,0.288118
MESOS-7496,0.008985
MESOS-7495,0.008062
MESOS-7494,0.005385
MESOS-7493,0.960952
MESOS-7492,0.980281
MESOS-7491,0.948537
MESOS-7490,0.117978
MESOS-7489,0.125065
MESOS-7488,0.666225
MESOS-7487,0.014282
MESOS-7486,0.009126
MESOS-7485,0.024238
MESOS-7484,0.007577
MESOS-7483,0.105211
MESOS-7482,0.01057
MESOS-7481,0.03359
MESOS-7480,0.957912
MESOS-7479,0.939025
MESOS-7478,0.010091
MESOS-7477,0.222362
MESOS-7476,0.031144
MESOS-7475,0.008446
MESOS-7474,0.006693
MESOS-7473,0.055413
MESOS-7472,0.075312
MESOS-7471,0.01057
MESOS-7470,0.018264
MESOS-7469,0.950411
MESOS-7468,0.004755
MESOS-7467,0.95222
MESOS-7466,0.007461
MESOS-7465,0.005911
MESOS-7464,0.00506
MESOS-7463,0.005302
MESOS-7462,0.012241
MESOS-7461,0.020804
MESOS-7460,0.015906
MESOS-7459,0.00407
MESOS-7458,0.00506
MESOS-7457,0.011687
MESOS-7456,0.009486
MESOS-7455,0.055823
MESOS-7454,0.004982
MESOS-7453,0.004982
MESOS-7452,0.012241
MESOS-7451,0.928926
MESOS-7450,0.013849
MESOS-7449,0.974239
MESOS-7448,0.785309
MESOS-7447,0.175821
MESOS-7446,0.175821
MESOS-7445,0.971779
MESOS-7444,0.926304
MESOS-7443,0.895157
MESOS-7442,0.888372
MESOS-7441,0.007121
MESOS-7440,0.01017
MESOS-7439,0.139396
MESOS-7438,0.007461
MESOS-7437,0.011961
MESOS-7436,0.01142
MESOS-7435,0.814053
MESOS-7434,0.012528
MESOS-7433,0.051845
MESOS-7432,0.012528
MESOS-7431,0.007461
MESOS-7430,0.045692
MESOS-7429,0.965381
MESOS-7428,0.58747
MESOS-7427,0.009268
MESOS-7426,0.988668
MESOS-7425,0.01302
MESOS-7424,0.017309
MESOS-7423,0.745769
MESOS-7422,0.015544
MESOS-7421,0.616705
MESOS-7420,0.010014
MESOS-7419,0.310355
MESOS-7418,0.985718
MESOS-7417,0.571049
MESOS-7416,0.207215
MESOS-7415,0.954647
MESOS-7414,0.950041
MESOS-7413,0.006388
MESOS-7412,0.948917
MESOS-7411,0.955319
MESOS-7410,0.708818
MESOS-7409,0.008062
MESOS-7408,0.104843
MESOS-7407,0.01057
MESOS-7406,0.005555
MESOS-7405,0.927363
MESOS-7404,0.970465
MESOS-7403,0.006693
MESOS-7402,0.009197
MESOS-7401,0.263031
MESOS-7400,0.005911
MESOS-7399,0.982691
MESOS-7398,0.97631
MESOS-7397,0.003824
MESOS-7396,0.01302
MESOS-7395,0.092688
MESOS-7394,0.00838
MESOS-7393,0.021615
MESOS-7392,0.868381
MESOS-7391,0.082994
MESOS-7390,0.478773
MESOS-7389,0.009936
MESOS-7388,0.964855
MESOS-7387,0.039937
MESOS-7386,0.008446
MESOS-7385,0.036494
MESOS-7384,0.098425
MESOS-7383,0.009413
MESOS-7382,0.006488
MESOS-7381,0.020489
MESOS-7380,0.005642
MESOS-7379,0.010653
MESOS-7378,0.010249
MESOS-7377,0.950778
MESOS-7376,0.876211
MESOS-7375,0.227469
MESOS-7374,0.013428
MESOS-7373,0.007816
MESOS-7372,0.035948
MESOS-7371,0.016785
MESOS-7370,0.434701
MESOS-7369,0.970909
MESOS-7368,0.012336
MESOS-7367,0.037047
MESOS-7366,0.01057
MESOS-7365,0.005642
MESOS-7364,0.432423
MESOS-7363,0.030909
MESOS-7362,0.00629
MESOS-7361,0.973645
MESOS-7360,0.625896
MESOS-7359,0.666171
MESOS-7358,0.843895
MESOS-7357,0.937211
MESOS-7356,0.799129
MESOS-7355,0.321913
MESOS-7354,0.707
MESOS-7353,0.963506
MESOS-7352,0.849971
MESOS-7351,0.007577
MESOS-7350,0.008446
MESOS-7349,0.637027
MESOS-7348,0.008916
MESOS-7347,0.976847
MESOS-7346,0.00483
MESOS-7345,0.048137
MESOS-7344,0.046725
MESOS-7343,0.964321
MESOS-7342,0.020332
MESOS-7341,0.696371
MESOS-7340,0.006798
MESOS-7339,0.982423
MESOS-7338,0.022117
MESOS-7337,0.008316
MESOS-7336,0.984575
MESOS-7335,0.016657
MESOS-7334,0.010408
MESOS-7333,0.027376
MESOS-7332,0.003324
MESOS-7331,0.018978
MESOS-7330,0.216012
MESOS-7329,0.187728
MESOS-7328,0.51562
MESOS-7327,0.075312
MESOS-7326,0.878314
MESOS-7325,0.015189
MESOS-7324,0.603348
MESOS-7323,0.016277
MESOS-7322,0.236164
MESOS-7321,0.00659
MESOS-7320,0.206574
MESOS-7319,0.949295
MESOS-7318,0.017986
MESOS-7317,0.940353
MESOS-7316,0.007012
MESOS-7315,0.975202
MESOS-7314,0.310564
MESOS-7313,0.00659
MESOS-7312,0.014504
MESOS-7311,0.009784
MESOS-7310,0.967163
MESOS-7309,0.94079
MESOS-7308,0.007461
MESOS-7307,0.009268
MESOS-7306,0.961822
MESOS-7305,0.94699
MESOS-7304,0.899475
MESOS-7303,0.974629
MESOS-7302,0.988313
MESOS-7301,0.010902
MESOS-7300,0.00483
MESOS-7299,0.926835
MESOS-7298,0.582016
MESOS-7297,0.637091
MESOS-7296,0.007938
MESOS-7295,0.052619
MESOS-7294,0.432782
MESOS-7293,0.018547
MESOS-7292,0.953966
MESOS-7291,0.974821
MESOS-7290,0.011332
MESOS-7289,0.979511
MESOS-7288,0.012723
MESOS-7287,0.006693
MESOS-7286,0.247623
MESOS-7285,0.972204
MESOS-7284,0.917893
MESOS-7283,0.962391
MESOS-7282,0.973037
MESOS-7281,0.01653
MESOS-7280,0.015664
MESOS-7279,0.961534
MESOS-7278,0.952574
MESOS-7277,0.867036
MESOS-7276,0.115561
MESOS-7275,0.507324
MESOS-7274,0.13569
MESOS-7273,0.006488
MESOS-7272,0.006004
MESOS-7271,0.007233
MESOS-7270,0.009197
MESOS-7269,0.317162
MESOS-7268,0.017712
MESOS-7267,0.090735
MESOS-7266,0.046725
MESOS-7265,0.013956
MESOS-7264,0.007938
MESOS-7263,0.006098
MESOS-7262,0.014957
MESOS-7261,0.004399
MESOS-7260,0.017577
MESOS-7259,0.023509
MESOS-7258,0.962391
MESOS-7257,0.033337
MESOS-7256,0.372106
MESOS-7255,0.008316
MESOS-7254,0.003324
MESOS-7253,0.008446
MESOS-7252,0.026355
MESOS-7251,0.007012
MESOS-7250,0.794066
MESOS-7249,0.351534
MESOS-7248,0.00573
MESOS-7247,0.948537
MESOS-7246,0.369884
MESOS-7245,0.188324
MESOS-7244,0.00461
MESOS-7243,0.108566
MESOS-7242,0.585694
MESOS-7241,0.925769
MESOS-7240,0.006693
MESOS-7239,0.006798
MESOS-7238,0.888759
MESOS-7237,0.007577
MESOS-7236,0.007696
MESOS-7235,0.987375
MESOS-7234,0.009784
MESOS-7233,0.014729
MESOS-7232,0.930458
MESOS-7231,0.342599
MESOS-7230,0.447943
MESOS-7229,0.641759
MESOS-7228,0.852445
MESOS-7227,0.173568
MESOS-7226,0.923592
MESOS-7225,0.012625
MESOS-7224,0.972415
MESOS-7223,0.004007
MESOS-7222,0.978052
MESOS-7221,0.158174
MESOS-7220,0.007577
MESOS-7219,0.919643
MESOS-7218,0.017177
MESOS-7217,0.007346
MESOS-7216,0.010987
MESOS-7215,0.107063
MESOS-7214,0.688049
MESOS-7213,0.010902
MESOS-7212,0.00522
MESOS-7211,0.051463
MESOS-7210,0.004399
MESOS-7209,0.004982
MESOS-7208,0.007696
MESOS-7207,0.76908
MESOS-7206,0.016657
MESOS-7205,0.700895
MESOS-7204,0.013532
MESOS-7203,0.613931
MESOS-7202,0.572484
MESOS-7201,0.873215
MESOS-7200,0.877896
MESOS-7199,0.973443
MESOS-7198,0.00629
MESOS-7197,0.004755
MESOS-7196,0.90053
MESOS-7195,0.960952
MESOS-7194,0.01653
MESOS-7193,0.014282
MESOS-7192,0.006693
MESOS-7191,0.386416
MESOS-7190,0.955319
MESOS-7189,0.981167
MESOS-7188,0.06489
MESOS-7187,0.015544
MESOS-7186,0.008188
MESOS-7185,0.011869
MESOS-7184,0.00986
MESOS-7183,0.007577
MESOS-7182,0.017442
MESOS-7181,0.183009
MESOS-7180,0.061199
MESOS-7179,0.939913
MESOS-7178,0.965119
MESOS-7177,0.675765
MESOS-7176,0.954647
MESOS-7175,0.975577
MESOS-7174,0.005302
MESOS-7173,0.006098
MESOS-7172,0.012241
MESOS-7171,0.276886
MESOS-7170,0.980729
MESOS-7169,0.010014
MESOS-7168,0.007121
MESOS-7167,0.004468
MESOS-7166,0.026557
MESOS-7165,0.017986
MESOS-7164,0.290477
MESOS-7163,0.012054
MESOS-7162,0.147065
MESOS-7161,0.971992
MESOS-7160,0.005911
MESOS-7159,0.010014
MESOS-7158,0.011072
MESOS-7157,0.007461
MESOS-7156,0.027376
MESOS-7155,0.599016
MESOS-7154,0.512693
MESOS-7153,0.411466
MESOS-7152,0.041153
MESOS-7151,0.003173
MESOS-7150,0.349921
MESOS-7149,0.470737
MESOS-7148,0.076684
MESOS-7147,0.149531
MESOS-7146,0.012336
MESOS-7145,0.009708
MESOS-7144,0.042088
MESOS-7143,0.00838
MESOS-7142,0.044349
MESOS-7141,0.954984
MESOS-7140,0.973443
MESOS-7139,0.051463
MESOS-7138,0.09947
MESOS-7137,0.011158
MESOS-7136,0.978052
MESOS-7135,0.020023
MESOS-7134,0.029312
MESOS-7133,0.007233
MESOS-7132,0.019124
MESOS-7131,0.819893
MESOS-7130,0.012723
MESOS-7129,0.010489
MESOS-7128,0.950411
MESOS-7127,0.009784
MESOS-7126,0.009055
MESOS-7125,0.00506
MESOS-7124,0.950778
MESOS-7123,0.861072
MESOS-7122,0.016403
MESOS-7121,0.934395
MESOS-7120,0.985718
MESOS-7119,0.009559
MESOS-7118,0.002673
MESOS-7117,0.00659
MESOS-7116,0.012723
MESOS-7115,0.008916
MESOS-7114,0.004265
MESOS-7113,0.017045
MESOS-7112,0.018833
MESOS-7111,0.012336
MESOS-7110,0.015906
MESOS-7109,0.016277
MESOS-7108,0.017986
MESOS-7107,0.021451
MESOS-7106,0.008188
MESOS-7105,0.297266
MESOS-7104,0.012625
MESOS-7103,0.951142
MESOS-7102,0.007938
MESOS-7101,0.039343
MESOS-7100,0.009126
MESOS-7099,0.015306
MESOS-7098,0.240953
MESOS-7097,0.035948
MESOS-7096,0.987568
MESOS-7095,0.005555
MESOS-7094,0.00582
MESOS-7093,0.003538
MESOS-7092,0.91611
MESOS-7091,0.012528
MESOS-7090,0.005385
MESOS-7089,0.970909
MESOS-7088,0.982288
MESOS-7087,0.537041
MESOS-7086,0.908618
MESOS-7085,0.733356
MESOS-7084,0.019871
MESOS-7083,0.004755
MESOS-7082,0.010653
MESOS-7081,0.006388
MESOS-7080,0.962391
MESOS-7079,0.975577
MESOS-7078,0.210117
MESOS-7077,0.006798
MESOS-7076,0.00506
MESOS-7075,0.01057
MESOS-7074,0.696165
MESOS-7073,0.010987
MESOS-7072,0.027169
MESOS-7071,0.583915
MESOS-7070,0.822759
MESOS-7069,0.009268
MESOS-7068,0.901921
MESOS-7067,0.272605
MESOS-7066,0.42322
MESOS-7065,0.095349
MESOS-7063,0.155591
MESOS-7062,0.913677
MESOS-7061,0.497559
MESOS-7060,0.01142
MESOS-7059,0.008511
MESOS-7058,0.877477
MESOS-7057,0.026964
MESOS-7056,0.949295
MESOS-7055,0.319758
MESOS-7054,0.957278
MESOS-7053,0.153295
MESOS-7052,0.008316
MESOS-7051,0.971564
MESOS-7050,0.010408
MESOS-7049,0.005469
MESOS-7048,0.117167
MESOS-7047,0.325601
MESOS-7046,0.556641
MESOS-7045,0.125923
MESOS-7044,0.012821
MESOS-7043,0.011245
MESOS-7042,0.011508
MESOS-7041,0.195134
MESOS-7040,0.02976
MESOS-7039,0.149531
MESOS-7038,0.191328
MESOS-7037,0.27406
MESOS-7036,0.008188
MESOS-7035,0.009413
MESOS-7034,0.010014
MESOS-7033,0.91611
MESOS-7032,0.00365
MESOS-7031,0.037609
MESOS-7030,0.400984
MESOS-7029,0.009936
MESOS-7028,0.006798
MESOS-7027,0.232659
MESOS-7026,0.75274
MESOS-7025,0.194368
MESOS-7024,0.635958
MESOS-7023,0.007461
MESOS-7022,0.039639
MESOS-7021,0.239349
MESOS-7020,0.003124
MESOS-7019,0.954308
MESOS-7018,0.010735
MESOS-7017,0.019719
MESOS-7016,0.812867
MESOS-7015,0.956634
MESOS-7014,0.840783
MESOS-7013,0.950041
MESOS-7012,0.258888
MESOS-7011,0.082402
MESOS-7010,0.962953
MESOS-7009,0.060752
MESOS-7008,0.009708
MESOS-7007,0.015189
MESOS-7006,0.760295
MESOS-7005,0.753829
MESOS-7004,0.965381
MESOS-7003,0.754553
MESOS-7002,0.956309
MESOS-7001,0.950778
MESOS-7000,0.921922
MESOS-6999,0.956957
MESOS-6998,0.887595
MESOS-6997,0.950041
MESOS-6996,0.077797
MESOS-6995,0.330255
MESOS-6994,0.870597
MESOS-6993,0.887595
MESOS-6992,0.377655
MESOS-6991,0.00838
MESOS-6990,0.009708
MESOS-6989,0.008644
MESOS-6988,0.003945
MESOS-6987,0.008577
MESOS-6986,0.009413
MESOS-6985,0.007816
MESOS-6984,0.135232
MESOS-6983,0.008188
MESOS-6982,0.00629
MESOS-6981,0.891434
MESOS-6980,0.068289
MESOS-6979,0.055005
MESOS-6978,0.720172
MESOS-6977,0.722918
MESOS-6976,0.397237
MESOS-6975,0.564579
MESOS-6974,0.017577
MESOS-6973,0.00629
MESOS-6972,0.409221
MESOS-6971,0.790207
MESOS-6970,0.089455
MESOS-6969,0.020023
MESOS-6968,0.903635
MESOS-6967,0.94079
MESOS-6966,0.005911
MESOS-6965,0.602529
MESOS-6964,0.947769
MESOS-6963,0.006388
MESOS-6962,0.005555
MESOS-6961,0.022629
MESOS-6960,0.921358
MESOS-6959,0.091058
MESOS-6958,0.842863
MESOS-6957,0.912748
MESOS-6956,0.899121
MESOS-6955,0.968856
MESOS-6954,0.007233
MESOS-6953,0.013223
MESOS-6952,0.007012
MESOS-6951,0.021451
MESOS-6950,0.007346
MESOS-6949,0.008577
MESOS-6948,0.008985
MESOS-6947,0.039343
MESOS-6946,0.008779
MESOS-6945,0.01057
MESOS-6944,0.919063
MESOS-6943,0.034881
MESOS-6942,0.006488
MESOS-6941,0.973241
MESOS-6940,0.746878
MESOS-6939,0.113187
MESOS-6938,0.01057
MESOS-6937,0.004905
MESOS-6936,0.980876
MESOS-6935,0.973645
MESOS-6934,0.934395
MESOS-6933,0.010735
MESOS-6932,0.057493
MESOS-6931,0.021948
MESOS-6930,0.043043
MESOS-6929,0.043043
MESOS-6928,0.050331
MESOS-6927,0.121269
MESOS-6926,0.470737
MESOS-6925,0.254046
MESOS-6924,0.913984
MESOS-6923,0.007346
MESOS-6922,0.01142
MESOS-6921,0.150029
MESOS-6920,0.004682
MESOS-6919,0.009559
MESOS-6918,0.138462
MESOS-6917,0.006693
MESOS-6916,0.009634
MESOS-6915,0.024054
MESOS-6914,0.004134
MESOS-6913,0.004905
MESOS-6912,0.003824
MESOS-6911,0.01017
MESOS-6910,0.008188
MESOS-6909,0.006098
MESOS-6908,0.005385
MESOS-6907,0.011072
MESOS-6906,0.975012
MESOS-6905,0.023331
MESOS-6904,0.133415
MESOS-6903,0.99014
MESOS-6902,0.946597
MESOS-6901,0.007577
MESOS-6900,0.017442
MESOS-6899,0.501465
MESOS-6898,0.96741
MESOS-6897,0.010091
MESOS-6896,0.982691
MESOS-6895,0.007121
MESOS-6894,0.252753
MESOS-6893,0.059428
MESOS-6892,0.190423
MESOS-6891,0.050705
MESOS-6890,0.060087
MESOS-6889,0.086942
MESOS-6888,0.049589
MESOS-6887,0.742048
MESOS-6886,0.908942
MESOS-6885,0.067547
MESOS-6884,0.077239
MESOS-6883,0.789883
MESOS-6882,0.976847
MESOS-6881,0.766643
MESOS-6880,0.173288
MESOS-6879,0.356027
MESOS-6878,0.606732
MESOS-6877,0.717606
MESOS-6876,0.007577
MESOS-6875,0.011687
MESOS-6874,0.008985
MESOS-6873,0.020489
MESOS-6872,0.239349
MESOS-6871,0.013223
MESOS-6870,0.008779
MESOS-6869,0.016277
MESOS-6868,0.116764
MESOS-6867,0.00582
MESOS-6866,0.018978
MESOS-6865,0.94699
MESOS-6864,0.010902
MESOS-6863,0.262842
MESOS-6862,0.053403
MESOS-6861,0.964321
MESOS-6860,0.009126
MESOS-6859,0.566978
MESOS-6858,0.008062
MESOS-6857,0.774242
MESOS-6856,0.930962
MESOS-6855,0.359364
MESOS-6854,0.982955
MESOS-6853,0.597138
MESOS-6852,0.015425
MESOS-6851,0.00514
MESOS-6850,0.006693
MESOS-6849,0.007816
MESOS-6848,0.008577
MESOS-6847,0.863392
MESOS-6846,0.974821
MESOS-6845,0.664867
MESOS-6844,0.982014
MESOS-6843,0.018125
MESOS-6842,0.224225
MESOS-6841,0.923592
MESOS-6840,0.059647
MESOS-6839,0.010653
MESOS-6838,0.92944
MESOS-6837,0.014392
MESOS-6836,0.005642
MESOS-6835,0.018405
MESOS-6834,0.026156
MESOS-6833,0.006388
MESOS-6832,0.946597
MESOS-6831,0.893309
MESOS-6830,0.003594
MESOS-6829,0.013223
MESOS-6828,0.983343
MESOS-6827,0.049589
MESOS-6826,0.006388
MESOS-6825,0.278453
MESOS-6824,0.010735
MESOS-6823,0.006388
MESOS-6822,0.015189
MESOS-6821,0.104112
MESOS-6820,0.013121
MESOS-6819,0.022629
MESOS-6818,0.254139
MESOS-6817,0.026557
MESOS-6816,0.018125
MESOS-6815,0.014729
MESOS-6814,0.061199
MESOS-6813,0.00461
MESOS-6812,0.009784
MESOS-6811,0.007938
MESOS-6810,0.00659
MESOS-6809,0.019124
MESOS-6808,0.822759
MESOS-6807,0.980129
MESOS-6806,0.850469
MESOS-6805,0.024988
MESOS-6804,0.072374
MESOS-6803,0.122944
MESOS-6802,0.013532
MESOS-6801,0.05301
MESOS-6800,0.010328
MESOS-6799,0.007816
MESOS-6798,0.00582
MESOS-6797,0.147555
MESOS-6796,0.005302
MESOS-6795,0.008779
MESOS-6794,0.942929
MESOS-6793,0.004538
MESOS-6792,0.008644
MESOS-6791,0.080937
MESOS-6790,0.004682
MESOS-6789,0.019871
MESOS-6788,0.127653
MESOS-6787,0.011961
MESOS-6786,0.110471
MESOS-6785,0.00986
MESOS-6784,0.008252
MESOS-6782,0.941223
MESOS-6781,0.018125
MESOS-6780,0.00514
MESOS-6779,0.935346
MESOS-6778,0.197754
MESOS-6777,0.007696
MESOS-6776,0.008711
MESOS-6775,0.011072
MESOS-6774,0.529507
MESOS-6773,0.974821
MESOS-6772,0.007346
MESOS-6771,0.142232
MESOS-6770,0.669096
MESOS-6769,0.012147
MESOS-6768,0.952574
MESOS-6767,0.007696
MESOS-6766,0.194674
MESOS-6765,0.961534
MESOS-6764,0.128088
MESOS-6763,0.618032
MESOS-6762,0.950778
MESOS-6761,0.020177
MESOS-6760,0.499023
MESOS-6759,0.007346
MESOS-6758,0.968141
MESOS-6757,0.035411
MESOS-6756,0.007233
MESOS-6755,0.969091
MESOS-6754,0.088505
MESOS-6753,0.843895
MESOS-6752,0.441673
MESOS-6751,0.965119
MESOS-6750,0.006388
MESOS-6749,0.223377
MESOS-6748,0.009936
MESOS-6747,0.015306
MESOS-6746,0.007233
MESOS-6745,0.009268
MESOS-6744,0.008188
MESOS-6743,0.050331
MESOS-6742,0.041774
MESOS-6741,0.175256
MESOS-6740,0.047426
MESOS-6739,0.06165
MESOS-6738,0.004332
MESOS-6737,0.020804
MESOS-6736,0.005911
MESOS-6735,0.048137
MESOS-6734,0.765593
MESOS-6733,0.809276
MESOS-6732,0.007346
MESOS-6731,0.015425
MESOS-6730,0.03622
MESOS-6729,0.780662
MESOS-6728,0.002551
MESOS-6727,0.011597
MESOS-6726,0.006904
MESOS-6725,0.003483
MESOS-6724,0.009634
MESOS-6723,0.007577
MESOS-6722,0.010653
MESOS-6721,0.710628
MESOS-6720,0.017577
MESOS-6719,0.532668
MESOS-6718,0.016657
MESOS-6717,0.206574
MESOS-6716,0.007121
MESOS-6715,0.008188
MESOS-6714,0.046034
MESOS-6713,0.009634
MESOS-6712,0.01057
MESOS-6711,0.005385
MESOS-6710,0.009486
MESOS-6709,0.378804
MESOS-6708,0.006098
MESOS-6707,0.008446
MESOS-6706,0.00659
MESOS-6705,0.008062
MESOS-6704,0.009197
MESOS-6703,0.00659
MESOS-6702,0.005911
MESOS-6701,0.00659
MESOS-6700,0.00659
MESOS-6699,0.06804
MESOS-6698,0.009936
MESOS-6697,0.008985
MESOS-6696,0.007346
MESOS-6695,0.967163
MESOS-6694,0.008062
MESOS-6693,0.007938
MESOS-6692,0.399577
MESOS-6691,0.283583
MESOS-6690,0.895523
MESOS-6689,0.007696
MESOS-6688,0.008511
MESOS-6687,0.024054
MESOS-6686,0.039639
MESOS-6685,0.018978
MESOS-6684,0.089773
MESOS-6683,0.00483
MESOS-6682,0.958226
MESOS-6681,0.752377
MESOS-6680,0.469764
MESOS-6679,0.963231
MESOS-6678,0.013223
MESOS-6677,0.010818
MESOS-6676,0.010489
MESOS-6675,0.988492
MESOS-6674,0.620018
MESOS-6673,0.974435
MESOS-6672,0.022286
MESOS-6671,0.045692
MESOS-6670,0.957596
MESOS-6669,0.007012
MESOS-6668,0.003324
MESOS-6667,0.446495
MESOS-6666,0.006098
MESOS-6665,0.006388
MESOS-6664,0.283781
MESOS-6663,0.084795
MESOS-6662,0.012432
MESOS-6661,0.007816
MESOS-6660,0.971779
MESOS-6659,0.006004
MESOS-6658,0.005302
MESOS-6657,0.847463
MESOS-6656,0.014616
MESOS-6655,0.004755
MESOS-6654,0.008644
MESOS-6653,0.008316
MESOS-6652,0.00573
MESOS-6651,0.958847
MESOS-6650,0.118793
MESOS-6649,0.011158
MESOS-6648,0.950041
MESOS-6647,0.058346
MESOS-6646,0.007816
MESOS-6645,0.965381
MESOS-6644,0.007233
MESOS-6643,0.277865
MESOS-6642,0.210766
MESOS-6641,0.897336
MESOS-6640,0.005555
MESOS-6639,0.109706
MESOS-6638,0.238816
MESOS-6637,0.924688
MESOS-6636,0.805326
MESOS-6635,0.958847
MESOS-6634,0.927363
MESOS-6633,0.945801
MESOS-6632,0.039343
MESOS-6631,0.931463
MESOS-6630,0.204342
MESOS-6629,0.251648
MESOS-6628,0.622918
MESOS-6627,0.981311
MESOS-6626,0.046378
MESOS-6625,0.025179
MESOS-6624,0.006388
MESOS-6623,0.564819
MESOS-6622,0.008188
MESOS-6621,0.01017
MESOS-6620,0.006388
MESOS-6619,0.021948
MESOS-6618,0.008916
MESOS-6617,0.043691
MESOS-6616,0.012821
MESOS-6615,0.00659
MESOS-6614,0.010408
MESOS-6613,0.00659
MESOS-6612,0.005642
MESOS-6611,0.057918
MESOS-6610,0.008062
MESOS-6609,0.008916
MESOS-6608,0.119203
MESOS-6607,0.008644
MESOS-6606,0.022286
MESOS-6605,0.00659
MESOS-6604,0.019719
MESOS-6603,0.971347
MESOS-6602,0.015306
MESOS-6601,0.007577
MESOS-6600,0.979977
MESOS-6599,0.013956
MESOS-6598,0.011158
MESOS-6597,0.594787
MESOS-6596,0.008711
MESOS-6595,0.970465
MESOS-6594,0.901921
MESOS-6593,0.055005
MESOS-6592,0.083292
MESOS-6591,0.067547
MESOS-6590,0.060529
MESOS-6589,0.186539
MESOS-6588,0.005555
MESOS-6587,0.006693
MESOS-6586,0.863852
MESOS-6585,0.923592
MESOS-6584,0.387574
MESOS-6583,0.844409
MESOS-6582,0.913677
MESOS-6581,0.931463
MESOS-6580,0.011687
MESOS-6579,0.108189
MESOS-6578,0.913368
MESOS-6577,0.007461
MESOS-6576,0.01017
MESOS-6575,0.73029
MESOS-6574,0.925769
MESOS-6573,0.954308
MESOS-6572,0.901921
MESOS-6571,0.043043
MESOS-6570,0.575827
MESOS-6569,0.006488
MESOS-6568,0.956634
MESOS-6567,0.753829
MESOS-6566,0.008188
MESOS-6565,0.008711
MESOS-6563,0.015073
MESOS-6562,0.0745
MESOS-6561,0.009708
MESOS-6560,0.020489
MESOS-6559,0.008577
MESOS-6558,0.29088
MESOS-6557,0.92523
MESOS-6556,0.549882
MESOS-6555,0.00407
MESOS-6554,0.985718
MESOS-6553,0.171616
MESOS-6552,0.975946
MESOS-6551,0.977883
MESOS-6550,0.004399
MESOS-6549,0.271059
MESOS-6548,0.655997
MESOS-6547,0.946597
MESOS-6546,0.934873
MESOS-6545,0.012336
MESOS-6544,0.017712
MESOS-6543,0.521958
MESOS-6542,0.776623
MESOS-6541,0.007461
MESOS-6540,0.164516
MESOS-6539,0.014957
MESOS-6538,0.294722
MESOS-6537,0.007696
MESOS-6536,0.063019
MESOS-6535,0.61144
MESOS-6534,0.165593
MESOS-6533,0.90764
MESOS-6532,0.008711
MESOS-6531,0.328907
MESOS-6530,0.786295
MESOS-6529,0.961822
MESOS-6528,0.0745
MESOS-6527,0.012336
MESOS-6526,0.077797
MESOS-6525,0.986572
MESOS-6524,0.023689
MESOS-6523,0.371878
MESOS-6522,0.947769
MESOS-6521,0.010408
MESOS-6520,0.010735
MESOS-6519,0.008985
MESOS-6518,0.105211
MESOS-6517,0.810479
MESOS-6516,0.00506
MESOS-6515,0.050331
MESOS-6514,0.529263
MESOS-6513,0.771155
MESOS-6512,0.802865
MESOS-6511,0.505859
MESOS-6510,0.770119
MESOS-6509,0.007233
MESOS-6508,0.00506
MESOS-6507,0.007816
MESOS-6506,0.871912
MESOS-6505,0.01142
MESOS-6504,0.008446
MESOS-6503,0.968381
MESOS-6502,0.008316
MESOS-6501,0.0341
MESOS-6500,0.015073
MESOS-6499,0.613866
MESOS-6498,0.007461
MESOS-6497,0.013637
MESOS-6496,0.019569
MESOS-6495,0.970013
MESOS-6494,0.92079
MESOS-6493,0.084493
MESOS-6492,0.054199
MESOS-6491,0.206574
MESOS-6490,0.101947
MESOS-6489,0.980876
MESOS-6488,0.293202
MESOS-6487,0.073963
MESOS-6486,0.021451
MESOS-6485,0.00573
MESOS-6484,0.008446
MESOS-6483,0.008446
MESOS-6482,0.00659
MESOS-6481,0.006798
MESOS-6480,0.555918
MESOS-6479,0.90764
MESOS-6478,0.008316
MESOS-6477,0.972204
MESOS-6476,0.943348
MESOS-6475,0.141045
MESOS-6474,0.962108
MESOS-6473,0.971129
MESOS-6472,0.970688
MESOS-6471,0.966663
MESOS-6470,0.891434
MESOS-6469,0.965381
MESOS-6468,0.921358
MESOS-6467,0.960657
MESOS-6466,0.819316
MESOS-6465,0.054199
MESOS-6464,0.97539
MESOS-6463,0.95222
MESOS-6462,0.850965
MESOS-6461,0.018264
MESOS-6460,0.989347
MESOS-6459,0.004332
MESOS-6458,0.092688
MESOS-6457,0.017309
MESOS-6456,0.620133
MESOS-6455,0.004682
MESOS-6454,0.00365
MESOS-6453,0.00483
MESOS-6452,0.005385
MESOS-6451,0.537284
MESOS-6450,0.175256
MESOS-6449,0.982423
MESOS-6448,0.01017
MESOS-6447,0.130285
MESOS-6446,0.003824
MESOS-6445,0.005555
MESOS-6444,0.014729
MESOS-6443,0.051463
MESOS-6442,0.060529
MESOS-6441,0.143668
MESOS-6440,0.93196
MESOS-6439,0.252016
MESOS-6438,0.065845
MESOS-6437,0.84338
MESOS-6436,0.228156
MESOS-6435,0.010091
MESOS-6434,0.949295
MESOS-6433,0.004538
MESOS-6432,0.020646
MESOS-6431,0.852445
MESOS-6430,0.007346
MESOS-6429,0.544317
MESOS-6428,0.026156
MESOS-6427,0.812272
MESOS-6426,0.936749
MESOS-6425,0.006693
MESOS-6424,0.008188
MESOS-6423,0.950411
MESOS-6422,0.007233
MESOS-6421,0.008577
MESOS-6420,0.010653
MESOS-6419,0.043366
MESOS-6418,0.054199
MESOS-6417,0.653403
MESOS-6416,0.278159
MESOS-6415,0.221687
MESOS-6414,0.008188
MESOS-6413,0.045692
MESOS-6412,0.007461
MESOS-6411,0.94079
MESOS-6410,0.00365
MESOS-6409,0.004134
MESOS-6408,0.040541
MESOS-6407,0.905657
MESOS-6406,0.007461
MESOS-6405,0.109325
MESOS-6404,0.007346
MESOS-6403,0.948537
MESOS-6402,0.987946
MESOS-6401,0.965641
MESOS-6400,0.009708
MESOS-6399,0.150528
MESOS-6398,0.035948
MESOS-6397,0.374591
MESOS-6396,0.746878
MESOS-6395,0.900879
MESOS-6394,0.976847
MESOS-6393,0.00461
MESOS-6392,0.105579
MESOS-6391,0.010987
MESOS-6390,0.271059
MESOS-6389,0.00506
MESOS-6388,0.006798
MESOS-6387,0.852445
MESOS-6386,0.007233
MESOS-6385,0.901921
MESOS-6384,0.296858
MESOS-6383,0.909586
MESOS-6382,0.020489
MESOS-6381,0.935346
MESOS-6380,0.00289
MESOS-6379,0.249447
MESOS-6378,0.003707
MESOS-6377,0.966914
MESOS-6376,0.944995
MESOS-6375,0.978875
MESOS-6374,0.015306
MESOS-6373,0.91611
MESOS-6372,0.902952
MESOS-6371,0.979823
MESOS-6370,0.009197
MESOS-6369,0.059428
MESOS-6368,0.989347
MESOS-6367,0.780328
MESOS-6366,0.912748
MESOS-6365,0.984811
MESOS-6364,0.850469
MESOS-6363,0.016785
MESOS-6362,0.040238
MESOS-6361,0.104112
MESOS-6360,0.036769
MESOS-6359,0.028008
MESOS-6358,0.238816
MESOS-6357,0.01017
MESOS-6356,0.010091
MESOS-6355,0.875361
MESOS-6354,0.014172
MESOS-6353,0.026964
MESOS-6352,0.063019
MESOS-6351,0.007346
MESOS-6350,0.13569
MESOS-6349,0.004755
MESOS-6348,0.96741
MESOS-6347,0.004265
MESOS-6346,0.311322
MESOS-6345,0.008446
MESOS-6344,0.70028
MESOS-6343,0.659844
MESOS-6342,0.006004
MESOS-6341,0.977197
MESOS-6340,0.043366
MESOS-6339,0.976847
MESOS-6338,0.786295
MESOS-6337,0.008316
MESOS-6336,0.00582
MESOS-6335,0.212395
MESOS-6334,0.069795
MESOS-6333,0.261331
MESOS-6332,0.530236
MESOS-6331,0.817574
MESOS-6330,0.250546
MESOS-6329,0.190423
MESOS-6328,0.017045
MESOS-6327,0.005642
MESOS-6326,0.00582
MESOS-6325,0.022629
MESOS-6324,0.033844
MESOS-6323,0.090735
MESOS-6322,0.010249
MESOS-6321,0.006004
MESOS-6320,0.045016
MESOS-6319,0.005642
MESOS-6318,0.021451
MESOS-6317,0.018978
MESOS-6316,0.018547
MESOS-6315,0.020804
MESOS-6314,0.006904
MESOS-6313,0.193147
MESOS-6312,0.107063
MESOS-6311,0.82559
MESOS-6310,0.166675
MESOS-6309,0.086632
MESOS-6308,0.008062
MESOS-6307,0.007233
MESOS-6306,0.112405
MESOS-6305,0.977371
MESOS-6304,0.966156
MESOS-6303,0.910545
MESOS-6302,0.008188
MESOS-6301,0.012432
MESOS-6300,0.003707
MESOS-6299,0.040238
MESOS-6298,0.394784
MESOS-6297,0.901921
MESOS-6296,0.844409
MESOS-6295,0.016657
MESOS-6294,0.959154
MESOS-6293,0.005302
MESOS-6292,0.729134
MESOS-6291,0.587233
MESOS-6290,0.205934
MESOS-6289,0.014729
MESOS-6288,0.017986
MESOS-6287,0.52975
MESOS-6286,0.014842
MESOS-6285,0.017309
MESOS-6284,0.91118
MESOS-6283,0.01142
MESOS-6282,0.867485
MESOS-6281,0.944587
MESOS-6280,0.559049
MESOS-6279,0.073165
MESOS-6278,0.09236
MESOS-6277,0.141281
MESOS-6276,0.012147
MESOS-6275,0.008847
MESOS-6274,0.026759
MESOS-6273,0.010408
MESOS-6272,0.93196
MESOS-6271,0.92944
MESOS-6270,0.005469
MESOS-6269,0.014616
MESOS-6268,0.216342
MESOS-6267,0.530723
MESOS-6266,0.073696
MESOS-6265,0.69181
MESOS-6264,0.017849
MESOS-6263,0.040541
MESOS-6262,0.007816
MESOS-6261,0.202443
MESOS-6260,0.02976
MESOS-6259,0.012054
MESOS-6258,0.720368
MESOS-6257,0.006798
MESOS-6256,0.912748
MESOS-6255,0.059647
MESOS-6254,0.015544
MESOS-6253,0.010014
MESOS-6252,0.007577
MESOS-6251,0.012528
MESOS-6250,0.017045
MESOS-6249,0.010328
MESOS-6248,0.003538
MESOS-6247,0.871037
MESOS-6246,0.011158
MESOS-6245,0.011072
MESOS-6244,0.949669
MESOS-6243,0.971564
MESOS-6242,0.964589
MESOS-6241,0.985496
MESOS-6240,0.970013
MESOS-6239,0.197444
MESOS-6238,0.008188
MESOS-6237,0.006193
MESOS-6236,0.882833
MESOS-6235,0.566258
MESOS-6234,0.010489
MESOS-6233,0.007816
MESOS-6232,0.008711
MESOS-6231,0.008316
MESOS-6230,0.871475
MESOS-6229,0.79534
MESOS-6228,0.007346
MESOS-6227,0.863392
MESOS-6226,0.006388
MESOS-6225,0.008985
MESOS-6223,0.939025
MESOS-6222,0.944995
MESOS-6221,0.673192
MESOS-6220,0.114765
MESOS-6219,0.871475
MESOS-6218,0.691393
MESOS-6217,0.004538
MESOS-6216,0.028653
MESOS-6215,0.021781
MESOS-6214,0.971992
MESOS-6213,0.00573
MESOS-6212,0.254046
MESOS-6211,0.893309
MESOS-6210,0.007233
MESOS-6209,0.00934
MESOS-6208,0.00934
MESOS-6207,0.006193
MESOS-6206,0.174692
MESOS-6205,0.007696
MESOS-6204,0.955981
MESOS-6203,0.005911
MESOS-6202,0.012336
MESOS-6201,0.009936
MESOS-6200,0.932453
MESOS-6199,0.060529
MESOS-6198,0.759582
MESOS-6197,0.478529
MESOS-6196,0.126785
MESOS-6195,0.107813
MESOS-6194,0.107813
MESOS-6193,0.170784
MESOS-6192,0.713432
MESOS-6191,0.592784
MESOS-6190,0.591841
MESOS-6189,0.058993
MESOS-6188,0.202128
MESOS-6187,0.013121
MESOS-6186,0.144631
MESOS-6185,0.149531
MESOS-6184,0.262653
MESOS-6183,0.006693
MESOS-6182,0.008062
MESOS-6181,0.007346
MESOS-6180,0.011869
MESOS-6179,0.006798
MESOS-6178,0.007346
MESOS-6177,0.506347
MESOS-6176,0.014172
MESOS-6175,0.006098
MESOS-6174,0.212395
MESOS-6173,0.006193
MESOS-6172,0.006488
MESOS-6171,0.434941
MESOS-6170,0.013325
MESOS-6169,0.007461
MESOS-6168,0.008446
MESOS-6167,0.00986
MESOS-6166,0.009784
MESOS-6165,0.008316
MESOS-6164,0.012054
MESOS-6163,0.791821
MESOS-6162,0.934395
MESOS-6161,0.765593
MESOS-6160,0.228329
MESOS-6159,0.016029
MESOS-6158,0.01302
MESOS-6157,0.00461
MESOS-6156,0.90261
MESOS-6155,0.007346
MESOS-6154,0.007346
MESOS-6153,0.011245
MESOS-6152,0.01017
MESOS-6151,0.546012
MESOS-6150,0.970909
MESOS-6149,0.772874
MESOS-6148,0.244363
MESOS-6147,0.006098
MESOS-6146,0.355076
MESOS-6145,0.022117
MESOS-6144,0.007346
MESOS-6143,0.008316
MESOS-6142,0.01653
MESOS-6141,0.009936
MESOS-6140,0.439026
MESOS-6139,0.010902
MESOS-6138,0.008985
MESOS-6137,0.008316
MESOS-6136,0.981167
MESOS-6135,0.007346
MESOS-6134,0.062331
MESOS-6133,0.00483
MESOS-6132,0.009126
MESOS-6131,0.006693
MESOS-6130,0.169956
MESOS-6129,0.644337
MESOS-6128,0.28897
MESOS-6127,0.984694
MESOS-6126,0.92523
MESOS-6125,0.008916
MESOS-6124,0.28887
MESOS-6123,0.958538
MESOS-6122,0.01302
MESOS-6121,0.005302
MESOS-6120,0.007816
MESOS-6119,0.030215
MESOS-6118,0.008577
MESOS-6117,0.188922
MESOS-6116,0.031144
MESOS-6115,0.010489
MESOS-6114,0.010902
MESOS-6113,0.749271
MESOS-6112,0.925769
MESOS-6111,0.236164
MESOS-6110,0.011245
MESOS-6109,0.009126
MESOS-6108,0.940353
MESOS-6107,0.005469
MESOS-6106,0.821044
MESOS-6105,0.290679
MESOS-6104,0.008511
MESOS-6103,0.025957
MESOS-6102,0.933915
MESOS-6101,0.966914
MESOS-6100,0.010091
MESOS-6099,0.047074
MESOS-6098,0.162912
MESOS-6097,0.00986
MESOS-6096,0.580828
MESOS-6095,0.012625
MESOS-6094,0.013325
MESOS-6093,0.011597
MESOS-6092,0.018125
MESOS-6091,0.006004
MESOS-6090,0.875361
MESOS-6089,0.00522
MESOS-6088,0.838151
MESOS-6087,0.011961
MESOS-6086,0.005911
MESOS-6085,0.007938
MESOS-6084,0.532425
MESOS-6083,0.942507
MESOS-6082,0.910227
MESOS-6081,0.011508
MESOS-6080,0.910545
MESOS-6079,0.007577
MESOS-6078,0.860134
MESOS-6077,0.876634
MESOS-6076,0.878731
MESOS-6075,0.844922
MESOS-6074,0.007012
MESOS-6073,0.08389
MESOS-6072,0.004468
MESOS-6071,0.888372
MESOS-6070,0.909265
MESOS-6069,0.007696
MESOS-6068,0.967899
MESOS-6067,0.948155
MESOS-6066,0.012054
MESOS-6065,0.95222
MESOS-6064,0.891055
MESOS-6063,0.826151
MESOS-6062,0.856332
MESOS-6061,0.007346
MESOS-6060,0.115162
MESOS-6059,0.018125
MESOS-6058,0.960361
MESOS-6057,0.005469
MESOS-6056,0.974435
MESOS-6055,0.007938
MESOS-6054,0.007233
MESOS-6053,0.546738
MESOS-6052,0.024054
MESOS-6051,0.964589
MESOS-6050,0.20947
MESOS-6049,0.009784
MESOS-6048,0.004682
MESOS-6047,0.007816
MESOS-6046,0.097048
MESOS-6045,0.140808
MESOS-6044,0.218669
MESOS-6043,0.963506
MESOS-6042,0.637567
MESOS-6041,0.004265
MESOS-6040,0.417034
MESOS-6039,0.154567
MESOS-6038,0.008985
MESOS-6037,0.119614
MESOS-6036,0.978875
MESOS-6035,0.076961
MESOS-6034,0.986363
MESOS-6033,0.972204
MESOS-6032,0.970013
MESOS-6031,0.020804
MESOS-6030,0.984215
MESOS-6029,0.007577
MESOS-6028,0.008916
MESOS-6027,0.012241
MESOS-6026,0.006798
MESOS-6025,0.063948
MESOS-6024,0.010735
MESOS-6023,0.785309
MESOS-6022,0.524882
MESOS-6021,0.847463
MESOS-6020,0.960657
MESOS-6019,0.006098
MESOS-6018,0.009784
MESOS-6017,0.934395
MESOS-6016,0.961244
MESOS-6015,0.981875
MESOS-6014,0.974043
MESOS-6013,0.006098
MESOS-6012,0.01292
MESOS-6011,0.010328
MESOS-6010,0.006904
MESOS-6009,0.867485
MESOS-6008,0.980729
MESOS-6007,0.976669
MESOS-6006,0.891434
MESOS-6005,0.008644
MESOS-6004,0.007012
MESOS-6003,0.958538
MESOS-6002,0.006693
MESOS-6001,0.008062
MESOS-6000,0.017712
MESOS-5999,0.121686
MESOS-5998,0.004134
MESOS-5997,0.063251
MESOS-5996,0.010249
MESOS-5995,0.004682
MESOS-5994,0.971347
MESOS-5993,0.95222
MESOS-5992,0.580828
MESOS-5991,0.982014
MESOS-5990,0.266644
MESOS-5989,0.008188
MESOS-5988,0.015544
MESOS-5987,0.246533
MESOS-5986,0.008062
MESOS-5985,0.005555
MESOS-5984,0.798187
MESOS-5983,0.173849
MESOS-5982,0.005555
MESOS-5981,0.006798
MESOS-5980,0.00934
MESOS-5979,0.012432
MESOS-5978,0.084795
MESOS-5977,0.049589
MESOS-5976,0.0538
MESOS-5975,0.060308
MESOS-5974,0.050331
MESOS-5973,0.045353
MESOS-5972,0.004265
MESOS-5971,0.963231
MESOS-5970,0.03622
MESOS-5969,0.006098
MESOS-5968,0.006098
MESOS-5967,0.959154
MESOS-5966,0.927888
MESOS-5965,0.917303
MESOS-5964,0.910545
MESOS-5963,0.010328
MESOS-5962,0.867934
MESOS-5961,0.690976
MESOS-5960,0.955319
MESOS-5959,0.008644
MESOS-5958,0.006004
MESOS-5957,0.131619
MESOS-5956,0.061876
MESOS-5955,0.633708
MESOS-5954,0.693473
MESOS-5953,0.007938
MESOS-5952,0.038756
MESOS-5951,0.982151
MESOS-5950,0.974435
MESOS-5949,0.955981
MESOS-5948,0.156105
MESOS-5947,0.956957
MESOS-5946,0.936285
MESOS-5945,0.004399
MESOS-5944,0.13569
MESOS-5943,0.010489
MESOS-5942,0.008985
MESOS-5941,0.034619
MESOS-5940,0.003483
MESOS-5939,0.003028
MESOS-5938,0.005385
MESOS-5937,0.007696
MESOS-5936,0.976847
MESOS-5935,0.353763
MESOS-5934,0.294824
MESOS-5933,0.9462
MESOS-5932,0.919643
MESOS-5931,0.968141
MESOS-5930,0.00629
MESOS-5929,0.684686
MESOS-5928,0.005385
MESOS-5927,0.012336
MESOS-5926,0.053403
MESOS-5925,0.009634
MESOS-5924,0.006904
MESOS-5923,0.00506
MESOS-5922,0.003594
MESOS-5921,0.018833
MESOS-5920,0.004755
MESOS-5919,0.019271
MESOS-5918,0.939471
MESOS-5917,0.00573
MESOS-5916,0.975202
MESOS-5915,0.003377
MESOS-5914,0.096025
MESOS-5913,0.010489
MESOS-5912,0.480966
MESOS-5911,0.007577
MESOS-5910,0.977197
MESOS-5909,0.004682
MESOS-5908,0.650467
MESOS-5907,0.01017
MESOS-5906,0.005469
MESOS-5905,0.010408
MESOS-5904,0.00986
MESOS-5903,0.014064
MESOS-5902,0.938576
MESOS-5901,0.944587
MESOS-5900,0.970909
MESOS-5899,0.432303
MESOS-5898,0.007346
MESOS-5897,0.927363
MESOS-5896,0.005469
MESOS-5895,0.00343
MESOS-5894,0.958847
MESOS-5893,0.016915
MESOS-5892,0.006693
MESOS-5891,0.003884
MESOS-5890,0.984575
MESOS-5889,0.01142
MESOS-5888,0.010091
MESOS-5887,0.177811
MESOS-5886,0.009936
MESOS-5885,0.00659
MESOS-5884,0.005555
MESOS-5883,0.005555
MESOS-5882,0.838151
MESOS-5881,0.018125
MESOS-5880,0.871037
MESOS-5879,0.01017
MESOS-5878,0.009708
MESOS-5877,0.009055
MESOS-5876,0.009784
MESOS-5875,0.006098
MESOS-5874,0.098079
MESOS-5873,0.97649
MESOS-5872,0.965641
MESOS-5871,0.008711
MESOS-5870,0.077797
MESOS-5869,0.011072
MESOS-5868,0.003824
MESOS-5867,0.038466
MESOS-5866,0.00461
MESOS-5865,0.01017
MESOS-5864,0.007012
MESOS-5863,0.012241
MESOS-5862,0.004682
MESOS-5861,0.013637
MESOS-5860,0.006904
MESOS-5859,0.005642
MESOS-5858,0.011158
MESOS-5857,0.544075
MESOS-5856,0.010408
MESOS-5855,0.952926
MESOS-5854,0.009197
MESOS-5853,0.914291
MESOS-5852,0.007816
MESOS-5851,0.835484
MESOS-5850,0.07056
MESOS-5849,0.00514
MESOS-5848,0.006904
MESOS-5847,0.962391
MESOS-5846,0.005302
MESOS-5845,0.014282
MESOS-5844,0.006798
MESOS-5843,0.704973
MESOS-5842,0.89841
MESOS-5841,0.223716
MESOS-5840,0.009784
MESOS-5839,0.00573
MESOS-5838,0.012336
MESOS-5837,0.962108
MESOS-5836,0.012432
MESOS-5835,0.026156
MESOS-5834,0.006193
MESOS-5833,0.815233
MESOS-5832,0.017577
MESOS-5831,0.003222
MESOS-5830,0.0729
MESOS-5829,0.00934
MESOS-5828,0.037047
MESOS-5827,0.276691
MESOS-5826,0.97649
MESOS-5825,0.913677
MESOS-5824,0.103024
MESOS-5823,0.13707
MESOS-5822,0.79534
MESOS-5821,0.177811
MESOS-5820,0.00506
MESOS-5819,0.051083
MESOS-5818,0.041774
MESOS-5817,0.052231
MESOS-5816,0.067547
MESOS-5815,0.080069
MESOS-5814,0.066085
MESOS-5813,0.957596
MESOS-5812,0.006098
MESOS-5811,0.953275
MESOS-5810,0.9462
MESOS-5809,0.943764
MESOS-5808,0.008062
MESOS-5807,0.957596
MESOS-5806,0.01292
MESOS-5805,0.011072
MESOS-5804,0.019271
MESOS-5803,0.008511
MESOS-5802,0.007012
MESOS-5801,0.009268
MESOS-5800,0.013223
MESOS-5799,0.007121
MESOS-5798,0.026964
MESOS-5797,0.044681
MESOS-5796,0.963231
MESOS-5795,0.975012
MESOS-5794,0.007577
MESOS-5793,0.863852
MESOS-5792,0.2587
MESOS-5791,0.984575
MESOS-5790,0.940353
MESOS-5789,0.617743
MESOS-5788,0.982423
MESOS-5787,0.880386
MESOS-5786,0.005469
MESOS-5785,0.00986
MESOS-5784,0.875787
MESOS-5783,0.961534
MESOS-5782,0.268941
MESOS-5781,0.112795
MESOS-5780,0.656218
MESOS-5779,0.812867
MESOS-5778,0.981875
MESOS-5777,0.900179
MESOS-5776,0.958538
MESOS-5775,0.319798
MESOS-5774,0.985936
MESOS-5773,0.608943
MESOS-5772,0.209146
MESOS-5771,0.55254
MESOS-5770,0.009708
MESOS-5769,0.91118
MESOS-5768,0.923592
MESOS-5767,0.976847
MESOS-5766,0.007461
MESOS-5765,0.901575
MESOS-5764,0.069289
MESOS-5763,0.007346
MESOS-5762,0.008062
MESOS-5761,0.890675
MESOS-5760,0.004399
MESOS-5759,0.012147
MESOS-5758,0.956957
MESOS-5757,0.012723
MESOS-5756,0.211091
MESOS-5755,0.017442
MESOS-5754,0.467332
MESOS-5753,0.90261
MESOS-5752,0.007577
MESOS-5751,0.00365
MESOS-5750,0.944177
MESOS-5749,0.174692
MESOS-5748,0.011332
MESOS-5747,0.006193
MESOS-5746,0.006388
MESOS-5745,0.00629
MESOS-5744,0.00629
MESOS-5743,0.848972
MESOS-5742,0.004905
MESOS-5741,0.038466
MESOS-5740,0.960361
MESOS-5739,0.008711
MESOS-5738,0.217836
MESOS-5737,0.952926
MESOS-5736,0.613005
MESOS-5735,0.413477
MESOS-5734,0.964052
MESOS-5733,0.069542
MESOS-5732,0.048137
MESOS-5731,0.407805
MESOS-5730,0.018264
MESOS-5729,0.971779
MESOS-5728,0.977543
MESOS-5727,0.017442
MESOS-5726,0.968141
MESOS-5725,0.026759
MESOS-5724,0.018125
MESOS-5723,0.013428
MESOS-5722,0.017986
MESOS-5718,0.00573
MESOS-5717,0.011332
MESOS-5716,0.979511
MESOS-5715,0.007461
MESOS-5714,0.150029
MESOS-5713,0.973241
MESOS-5712,0.273963
MESOS-5711,0.33846
MESOS-5710,0.690976
MESOS-5709,0.760295
MESOS-5708,0.07836
MESOS-5707,0.118385
MESOS-5706,0.805632
MESOS-5705,0.395835
MESOS-5704,0.973037
MESOS-5703,0.907967
MESOS-5702,0.193452
MESOS-5701,0.00838
MESOS-5700,0.011332
MESOS-5699,0.914901
MESOS-5698,0.014064
MESOS-5697,0.784979
MESOS-5696,0.857291
MESOS-5695,0.01057
MESOS-5694,0.004399
MESOS-5693,0.051083
MESOS-5692,0.008511
MESOS-5691,0.010818
MESOS-5690,0.005555
MESOS-5689,0.006904
MESOS-5688,0.007012
MESOS-5687,0.006488
MESOS-5686,0.006388
MESOS-5685,0.017177
MESOS-5684,0.013532
MESOS-5683,0.004755
MESOS-5682,0.00514
MESOS-5681,0.967656
MESOS-5680,0.020964
MESOS-5679,0.913677
MESOS-5678,0.010653
MESOS-5677,0.018125
MESOS-5676,0.986363
MESOS-5675,0.966156
MESOS-5674,0.009559
MESOS-5673,0.007461
MESOS-5672,0.006798
MESOS-5671,0.00659
MESOS-5670,0.007121
MESOS-5669,0.010818
MESOS-5668,0.177526
MESOS-5667,0.00461
MESOS-5666,0.427994
MESOS-5665,0.009634
MESOS-5664,0.007816
MESOS-5663,0.951504
MESOS-5662,0.017442
MESOS-5661,0.2587
MESOS-5660,0.00986
MESOS-5659,0.382141
MESOS-5658,0.974821
MESOS-5657,0.026156
MESOS-5656,0.011869
MESOS-5655,0.007346
MESOS-5654,0.00365
MESOS-5653,0.009197
MESOS-5652,0.836555
MESOS-5651,0.818737
MESOS-5650,0.007121
MESOS-5649,0.968381
MESOS-5648,0.801315
MESOS-5647,0.971347
MESOS-5646,0.969324
MESOS-5645,0.007233
MESOS-5644,0.004682
MESOS-5643,0.012147
MESOS-5642,0.022803
MESOS-5641,0.027169
MESOS-5640,0.011778
MESOS-5639,0.854885
MESOS-5638,0.032837
MESOS-5637,0.005469
MESOS-5636,0.746509
MESOS-5635,0.015906
MESOS-5634,0.972831
MESOS-5633,0.00407
MESOS-5632,0.009055
MESOS-5631,0.843895
MESOS-5630,0.749454
MESOS-5629,0.014842
MESOS-5628,0.140808
MESOS-5627,0.011687
MESOS-5626,0.009708
MESOS-5625,0.013428
MESOS-5624,0.011158
MESOS-5619,0.003765
MESOS-5618,0.113187
MESOS-5617,0.056652
MESOS-5616,0.012625
MESOS-5615,0.021615
MESOS-5614,0.008779
MESOS-5613,0.00483
MESOS-5612,0.94079
MESOS-5611,0.003273
MESOS-5610,0.627723
MESOS-5609,0.47025
MESOS-5608,0.260578
MESOS-5607,0.747616
MESOS-5606,0.040238
MESOS-5605,0.86293
MESOS-5604,0.049589
MESOS-5603,0.026156
MESOS-5602,0.869271
MESOS-5601,0.00483
MESOS-5600,0.009197
MESOS-5599,0.005555
MESOS-5598,0.007816
MESOS-5597,0.157914
MESOS-5596,0.022117
MESOS-5595,0.006798
MESOS-5594,0.589362
MESOS-5593,0.956957
MESOS-5592,0.982823
MESOS-5591,0.649176
MESOS-5590,0.780997
MESOS-5589,0.018833
MESOS-5588,0.751283
MESOS-5587,0.006193
MESOS-5586,0.972415
MESOS-5585,0.282196
MESOS-5584,0.030909
MESOS-5583,0.94079
MESOS-5582,0.719778
MESOS-5581,0.236516
MESOS-5580,0.960063
MESOS-5579,0.942507
MESOS-5578,0.930458
MESOS-5577,0.057071
MESOS-5576,0.052619
MESOS-5575,0.016277
MESOS-5574,0.009559
MESOS-5573,0.012432
MESOS-5572,0.981595
MESOS-5571,0.023331
MESOS-5570,0.170508
MESOS-5569,0.299617
MESOS-5568,0.008985
MESOS-5567,0.018689
MESOS-5566,0.589066
MESOS-5565,0.196826
MESOS-5564,0.921922
MESOS-5563,0.927888
MESOS-5562,0.968141
MESOS-5561,0.442155
MESOS-5559,0.226099
MESOS-5558,0.780662
MESOS-5557,0.972415
MESOS-5556,0.009936
MESOS-5555,0.948917
MESOS-5554,0.011869
MESOS-5552,0.926304
MESOS-5551,0.59408
MESOS-5550,0.940353
MESOS-5549,0.902266
MESOS-5548,0.010091
MESOS-5547,0.048496
MESOS-5546,0.014172
MESOS-5545,0.925769
MESOS-5544,0.952926
MESOS-5543,0.007121
MESOS-5542,0.580352
MESOS-5541,0.007696
MESOS-5540,0.927888
MESOS-5539,0.721547
MESOS-5538,0.096706
MESOS-5537,0.006388
MESOS-5536,0.008985
MESOS-5535,0.664105
MESOS-5534,0.005302
MESOS-5533,0.007938
MESOS-5532,0.818156
MESOS-5531,0.011508
MESOS-5530,0.014504
MESOS-5529,0.958538
MESOS-5528,0.904987
MESOS-5527,0.983343
MESOS-5526,0.954647
MESOS-5525,0.932944
MESOS-5524,0.927363
MESOS-5523,0.007461
MESOS-5522,0.049589
MESOS-5521,0.048137
MESOS-5520,0.004982
MESOS-5519,0.100879
MESOS-5518,0.939471
MESOS-5517,0.92944
MESOS-5516,0.90764
MESOS-5515,0.917303
MESOS-5514,0.943764
MESOS-5513,0.938576
MESOS-5512,0.930962
MESOS-5511,0.92079
MESOS-5510,0.931463
MESOS-5509,0.938124
MESOS-5508,0.942507
MESOS-5507,0.933915
MESOS-5506,0.934395
MESOS-5505,0.943764
MESOS-5504,0.937669
MESOS-5503,0.905322
MESOS-5502,0.875361
MESOS-5501,0.936285
MESOS-5500,0.944587
MESOS-5499,0.944587
MESOS-5498,0.9659
MESOS-5497,0.966663
MESOS-5496,0.942929
MESOS-5495,0.916708
MESOS-5494,0.949669
MESOS-5493,0.952574
MESOS-5492,0.951863
MESOS-5491,0.917006
MESOS-5490,0.904651
MESOS-5489,0.919643
MESOS-5488,0.90053
MESOS-5487,0.941223
MESOS-5486,0.921358
MESOS-5485,0.919643
MESOS-5484,0.924688
MESOS-5483,0.006098
MESOS-5482,0.008985
MESOS-5481,0.015189
MESOS-5480,0.027796
MESOS-5479,0.031144
MESOS-5478,0.04778
MESOS-5477,0.037609
MESOS-5476,0.004682
MESOS-5475,0.955651
MESOS-5474,0.958538
MESOS-5473,0.902266
MESOS-5472,0.668448
MESOS-5471,0.345271
MESOS-5470,0.008577
MESOS-5469,0.078926
MESOS-5468,0.928926
MESOS-5467,0.022629
MESOS-5466,0.008062
MESOS-5465,0.015906
MESOS-5464,0.83868
MESOS-5463,0.005469
MESOS-5462,0.091058
MESOS-5461,0.958538
MESOS-5460,0.868827
MESOS-5459,0.467818
MESOS-5458,0.081813
MESOS-5457,0.909265
MESOS-5456,0.902952
MESOS-5455,0.014282
MESOS-5454,0.160266
MESOS-5453,0.00934
MESOS-5452,0.954984
MESOS-5451,0.007696
MESOS-5450,0.458591
MESOS-5449,0.007346
MESOS-5448,0.008985
MESOS-5447,0.887984
MESOS-5446,0.008316
MESOS-5445,0.015425
MESOS-5444,0.007577
MESOS-5443,0.015906
MESOS-5442,0.005911
MESOS-5441,0.005911
MESOS-5440,0.050331
MESOS-5439,0.029312
MESOS-5438,0.005911
MESOS-5437,0.004905
MESOS-5436,0.01292
MESOS-5435,0.948155
MESOS-5434,0.007121
MESOS-5433,0.087876
MESOS-5432,0.005555
MESOS-5431,0.345381
MESOS-5430,0.457379
MESOS-5429,0.003824
MESOS-5428,0.102305
MESOS-5427,0.010408
MESOS-5426,0.97539
MESOS-5425,0.219003
MESOS-5424,0.054601
MESOS-5423,0.006693
MESOS-5422,0.007461
MESOS-5421,0.005385
MESOS-5420,0.228156
MESOS-5419,0.979668
MESOS-5418,0.017849
MESOS-5417,0.086942
MESOS-5416,0.008188
MESOS-5415,0.006693
MESOS-5414,0.008446
MESOS-5413,0.047074
MESOS-5412,0.900879
MESOS-5411,0.782995
MESOS-5410,0.984215
MESOS-5409,0.045353
MESOS-5408,0.019271
MESOS-5407,0.020023
MESOS-5406,0.344003
MESOS-5405,0.011597
MESOS-5404,0.554712
MESOS-5403,0.833325
MESOS-5402,0.003028
MESOS-5401,0.925769
MESOS-5400,0.893681
MESOS-5399,0.887205
MESOS-5398,0.717012
MESOS-5397,0.007816
MESOS-5396,0.423458
MESOS-5395,0.008446
MESOS-5394,0.942082
MESOS-5393,0.014282
MESOS-5392,0.974239
MESOS-5391,0.981311
MESOS-5390,0.01057
MESOS-5389,0.015544
MESOS-5388,0.016277
MESOS-5387,0.007012
MESOS-5386,0.007233
MESOS-5385,0.013637
MESOS-5384,0.007012
MESOS-5383,0.00659
MESOS-5382,0.007012
MESOS-5381,0.009708
MESOS-5380,0.015425
MESOS-5379,0.035948
MESOS-5378,0.013849
MESOS-5377,0.934395
MESOS-5376,0.96862
MESOS-5375,0.133415
MESOS-5374,0.649356
MESOS-5373,0.857291
MESOS-5372,0.079496
MESOS-5371,0.093017
MESOS-5370,0.418697
MESOS-5369,0.037327
MESOS-5368,0.966914
MESOS-5367,0.947381
MESOS-5366,0.131619
MESOS-5365,0.289874
MESOS-5364,0.97024
MESOS-5363,0.00582
MESOS-5362,0.974629
MESOS-5361,0.955981
MESOS-5360,0.194062
MESOS-5359,0.012432
MESOS-5358,0.948917
MESOS-5357,0.698432
MESOS-5356,0.737536
MESOS-5355,0.00986
MESOS-5354,0.011332
MESOS-5353,0.944995
MESOS-5352,0.015306
MESOS-5351,0.008577
MESOS-5350,0.893309
MESOS-5349,0.015664
MESOS-5348,0.383006
MESOS-5347,0.505127
MESOS-5346,0.018264
MESOS-5345,0.953275
MESOS-5344,0.983343
MESOS-5343,0.01653
MESOS-5342,0.952574
MESOS-5341,0.010653
MESOS-5340,0.012528
MESOS-5339,0.436142
MESOS-5338,0.090414
MESOS-5337,0.850965
MESOS-5336,0.381796
MESOS-5335,0.655281
MESOS-5334,0.060087
MESOS-5333,0.007461
MESOS-5332,0.008577
MESOS-5331,0.106691
MESOS-5330,0.016153
MESOS-5329,0.012147
MESOS-5328,0.008316
MESOS-5327,0.007816
MESOS-5326,0.00461
MESOS-5325,0.33158
MESOS-5324,0.014729
MESOS-5323,0.178097
MESOS-5322,0.800692
MESOS-5321,0.051845
MESOS-5320,0.014504
MESOS-5319,0.072637
MESOS-5318,0.009559
MESOS-5317,0.494141
MESOS-5316,0.351923
MESOS-5315,0.418222
MESOS-5314,0.626924
MESOS-5313,0.006388
MESOS-5312,0.014064
MESOS-5311,0.006693
MESOS-5310,0.96641
MESOS-5309,0.004905
MESOS-5308,0.004399
MESOS-5307,0.950041
MESOS-5306,0.010408
MESOS-5305,0.012147
MESOS-5304,0.005469
MESOS-5303,0.156878
MESOS-5302,0.986151
MESOS-5301,0.961244
MESOS-5300,0.337404
MESOS-5299,0.908942
MESOS-5298,0.5769
MESOS-5297,0.489748
MESOS-5296,0.965641
MESOS-5295,0.013532
MESOS-5294,0.007121
MESOS-5293,0.980281
MESOS-5292,0.006193
MESOS-5291,0.009126
MESOS-5290,0.004905
MESOS-5289,0.295433
MESOS-5288,0.011245
MESOS-5287,0.020177
MESOS-5286,0.948917
MESOS-5285,0.957278
MESOS-5284,0.01302
MESOS-5283,0.007012
MESOS-5282,0.010091
MESOS-5281,0.659515
MESOS-5280,0.018833
MESOS-5279,0.008188
MESOS-5278,0.876211
MESOS-5277,0.09401
MESOS-5276,0.017712
MESOS-5275,0.990732
MESOS-5274,0.011508
MESOS-5273,0.820469
MESOS-5272,0.887595
MESOS-5271,0.911495
MESOS-5270,0.134321
MESOS-5269,0.651826
MESOS-5268,0.008062
MESOS-5267,0.015664
MESOS-5266,0.004905
MESOS-5265,0.016403
MESOS-5264,0.028221
MESOS-5263,0.005469
MESOS-5262,0.665628
MESOS-5261,0.363252
MESOS-5260,0.868381
MESOS-5259,0.553264
MESOS-5258,0.935817
MESOS-5257,0.668826
MESOS-5256,0.965381
MESOS-5255,0.968856
MESOS-5254,0.861538
MESOS-5253,0.012054
MESOS-5252,0.933915
MESOS-5251,0.010818
MESOS-5250,0.051845
MESOS-5249,0.318326
MESOS-5244,0.008316
MESOS-5243,0.051083
MESOS-5242,0.003483
MESOS-5241,0.901921
MESOS-5240,0.007233
MESOS-5239,0.03138
MESOS-5238,0.008644
MESOS-5237,0.052231
MESOS-5236,0.006904
MESOS-5235,0.520496
MESOS-5234,0.238639
MESOS-5233,0.005555
MESOS-5232,0.823896
MESOS-5231,0.901227
MESOS-5230,0.015306
MESOS-5229,0.948155
MESOS-5228,0.9659
MESOS-5227,0.792785
MESOS-5226,0.004755
MESOS-5225,0.006193
MESOS-5224,0.008188
MESOS-5223,0.009055
MESOS-5222,0.913677
MESOS-5221,0.404743
MESOS-5220,0.956634
MESOS-5219,0.849472
MESOS-5218,0.015073
MESOS-5217,0.885631
MESOS-5216,0.031144
MESOS-5215,0.114369
MESOS-5214,0.832237
MESOS-5213,0.825027
MESOS-5212,0.263031
MESOS-5211,0.01292
MESOS-5210,0.403802
MESOS-5209,0.524882
MESOS-5208,0.009936
MESOS-5207,0.012147
MESOS-5206,0.863392
MESOS-5205,0.011778
MESOS-5204,0.104843
MESOS-5203,0.042722
MESOS-5202,0.115561
MESOS-5201,0.051463
MESOS-5200,0.020489
MESOS-5199,0.004682
MESOS-5198,0.004905
MESOS-5197,0.144631
MESOS-5196,0.017577
MESOS-5195,0.009268
MESOS-5194,0.009784
MESOS-5193,0.009708
MESOS-5192,0.011869
MESOS-5191,0.006004
MESOS-5190,0.014842
MESOS-5189,0.013532
MESOS-5188,0.00506
MESOS-5187,0.023509
MESOS-5186,0.510252
MESOS-5185,0.988313
MESOS-5184,0.008316
MESOS-5183,0.983723
MESOS-5182,0.007461
MESOS-5181,0.014616
MESOS-5180,0.014064
MESOS-5179,0.058777
MESOS-5178,0.620507
MESOS-5177,0.012054
MESOS-5176,0.007346
MESOS-5175,0.006488
MESOS-5174,0.909907
MESOS-5173,0.948537
MESOS-5172,0.008188
MESOS-5171,0.90599
MESOS-5170,0.944995
MESOS-5169,0.96641
MESOS-5168,0.227469
MESOS-5167,0.392162
MESOS-5166,0.011961
MESOS-5165,0.016657
MESOS-5164,0.953622
MESOS-5163,0.988668
MESOS-5162,0.006193
MESOS-5161,0.007346
MESOS-5160,0.97024
MESOS-5159,0.025761
MESOS-5158,0.960657
MESOS-5157,0.258139
MESOS-5156,0.030215
MESOS-5155,0.960361
MESOS-5154,0.865679
MESOS-5153,0.017442
MESOS-5152,0.967656
MESOS-5151,0.476092
MESOS-5150,0.978219
MESOS-5149,0.970909
MESOS-5148,0.008577
MESOS-5147,0.007577
MESOS-5146,0.012054
MESOS-5145,0.007012
MESOS-5144,0.138462
MESOS-5143,0.022803
MESOS-5142,0.022803
MESOS-5141,0.019871
MESOS-5140,0.205934
MESOS-5139,0.014504
MESOS-5138,0.014282
MESOS-5137,0.025565
MESOS-5136,0.077797
MESOS-5135,0.108945
MESOS-5134,0.092033
MESOS-5133,0.131173
MESOS-5132,0.006193
MESOS-5131,0.014064
MESOS-5130,0.97024
MESOS-5129,0.007012
MESOS-5128,0.005555
MESOS-5127,0.018689
MESOS-5126,0.00582
MESOS-5125,0.009784
MESOS-5124,0.092688
MESOS-5123,0.01057
MESOS-5122,0.03359
MESOS-5121,0.006098
MESOS-5120,0.158695
MESOS-5119,0.555435
MESOS-5118,0.842863
MESOS-5117,0.94079
MESOS-5116,0.971129
MESOS-5115,0.019569
MESOS-5114,0.008711
MESOS-5113,0.006693
MESOS-5112,0.477554
MESOS-5111,0.045692
MESOS-5110,0.057493
MESOS-5109,0.09739
MESOS-5108,0.955981
MESOS-5107,0.965381
MESOS-5106,0.887595
MESOS-5105,0.94079
MESOS-5104,0.021948
MESOS-5103,0.018833
MESOS-5102,0.964589
MESOS-5101,0.367923
MESOS-5100,0.427038
MESOS-5099,0.285571
MESOS-5098,0.122944
MESOS-5097,0.408277
MESOS-5096,0.13707
MESOS-5095,0.933431
MESOS-5094,0.803482
MESOS-5093,0.30399
MESOS-5092,0.780662
MESOS-5091,0.921358
MESOS-5090,0.965381
MESOS-5089,0.912124
MESOS-5088,0.333503
MESOS-5087,0.041153
MESOS-5086,0.942929
MESOS-5085,0.856812
MESOS-5084,0.07477
MESOS-5083,0.684053
MESOS-5082,0.057705
MESOS-5081,0.016915
MESOS-5080,0.010818
MESOS-5079,0.009268
MESOS-5078,0.072637
MESOS-5077,0.228156
MESOS-5076,0.950411
MESOS-5075,0.01057
MESOS-5074,0.014282
MESOS-5073,0.705785
MESOS-5072,0.83762
MESOS-5071,0.948537
MESOS-5070,0.9659
MESOS-5069,0.34054
MESOS-5068,0.095013
MESOS-5067,0.907312
MESOS-5066,0.968856
MESOS-5065,0.848972
MESOS-5064,0.010249
MESOS-5063,0.009559
MESOS-5062,0.954984
MESOS-5061,0.007121
MESOS-5060,0.00483
MESOS-5059,0.57678
MESOS-5058,0.046725
MESOS-5057,0.068787
MESOS-5056,0.100172
MESOS-5055,0.073165
MESOS-5054,0.49707
MESOS-5053,0.514156
MESOS-5052,0.018978
MESOS-5051,0.943348
MESOS-5050,0.986572
MESOS-5049,0.977714
MESOS-5048,0.007577
MESOS-5047,0.956957
MESOS-5046,0.882022
MESOS-5045,0.928409
MESOS-5044,0.297368
MESOS-5043,0.899828
MESOS-5042,0.874507
MESOS-5041,0.826151
MESOS-5040,0.933915
MESOS-5039,0.978052
MESOS-5038,0.744471
MESOS-5037,0.009784
MESOS-5036,0.627951
MESOS-5035,0.975946
MESOS-5034,0.799129
MESOS-5033,0.007012
MESOS-5032,0.050331
MESOS-5031,0.01292
MESOS-5030,0.878314
MESOS-5029,0.523907
MESOS-5028,0.003945
MESOS-5027,0.529507
MESOS-5026,0.018547
MESOS-5025,0.01302
MESOS-5024,0.056029
MESOS-5023,0.014172
MESOS-5022,0.975946
MESOS-5021,0.01057
MESOS-5020,0.241132
MESOS-5019,0.310224
MESOS-5018,0.026964
MESOS-5017,0.445168
MESOS-5016,0.959154
MESOS-5015,0.606498
MESOS-5014,0.48121
MESOS-5013,0.479016
MESOS-5012,0.007696
MESOS-5011,0.962673
MESOS-5010,0.00573
MESOS-5009,0.012147
MESOS-5008,0.007696
MESOS-5007,0.005385
MESOS-5006,0.078078
MESOS-5005,0.013637
MESOS-5004,0.282394
MESOS-5003,0.009708
MESOS-5002,0.157655
MESOS-5001,0.964855
MESOS-5000,0.017712
MESOS-4999,0.008446
MESOS-4998,0.849971
MESOS-4997,0.887205
MESOS-4996,0.006388
MESOS-4995,0.878314
MESOS-4994,0.138928
MESOS-4993,0.051083
MESOS-4992,0.008577
MESOS-4991,0.271638
MESOS-4990,0.119614
MESOS-4989,0.881615
MESOS-4988,0.007816
MESOS-4987,0.008316
MESOS-4986,0.009197
MESOS-4985,0.012054
MESOS-4984,0.007577
MESOS-4983,0.013325
MESOS-4982,0.969556
MESOS-4981,0.013742
MESOS-4980,0.844409
MESOS-4979,0.01057
MESOS-4978,0.008577
MESOS-4977,0.005469
MESOS-4976,0.007696
MESOS-4975,0.012821
MESOS-4974,0.01017
MESOS-4973,0.011597
MESOS-4972,0.007577
MESOS-4971,0.065845
MESOS-4970,0.481941
MESOS-4969,0.349533
MESOS-4968,0.00934
MESOS-4967,0.92079
MESOS-4966,0.010987
MESOS-4965,0.456652
MESOS-4964,0.004905
MESOS-4963,0.017309
MESOS-4962,0.882428
MESOS-4961,0.008711
MESOS-4960,0.519521
MESOS-4959,0.977197
MESOS-4958,0.117978
MESOS-4957,0.00629
MESOS-4956,0.960657
MESOS-4955,0.176672
MESOS-4954,0.00582
MESOS-4953,0.018978
MESOS-4952,0.013849
MESOS-4951,0.917006
MESOS-4950,0.041153
MESOS-4949,0.603581
MESOS-4948,0.055823
MESOS-4947,0.013532
MESOS-4946,0.012432
MESOS-4945,0.833866
MESOS-4944,0.944177
MESOS-4943,0.383194
MESOS-4942,0.015425
MESOS-4941,0.966914
MESOS-4940,0.007012
MESOS-4939,0.946597
MESOS-4938,0.730482
MESOS-4937,0.975762
MESOS-4936,0.986363
MESOS-4935,0.945399
MESOS-4934,0.871912
MESOS-4933,0.814643
MESOS-4932,0.979195
MESOS-4931,0.862004
MESOS-4930,0.936749
MESOS-4929,0.003222
MESOS-4928,0.76207
MESOS-4927,0.590307
MESOS-4926,0.530723
MESOS-4925,0.96641
MESOS-4924,0.00582
MESOS-4923,0.790207
MESOS-4922,0.048858
MESOS-4921,0.974435
MESOS-4920,0.974435
MESOS-4919,0.974435
MESOS-4918,0.90053
MESOS-4917,0.066812
MESOS-4916,0.974435
MESOS-4915,0.103386
MESOS-4914,0.197754
MESOS-4913,0.971129
MESOS-4912,0.007816
MESOS-4911,0.008252
MESOS-4910,0.355915
MESOS-4909,0.712032
MESOS-4908,0.293607
MESOS-4907,0.982557
MESOS-4906,0.377082
MESOS-4905,0.321034
MESOS-4904,0.01017
MESOS-4903,0.019419
MESOS-4902,0.965119
MESOS-4901,0.008062
MESOS-4900,0.004905
MESOS-4899,0.006488
MESOS-4898,0.383757
MESOS-4897,0.301362
MESOS-4896,0.016029
MESOS-4895,0.023331
MESOS-4894,0.010249
MESOS-4893,0.90053
MESOS-4892,0.606498
MESOS-4891,0.794704
MESOS-4890,0.007938
MESOS-4889,0.893309
MESOS-4888,0.006193
MESOS-4887,0.331147
MESOS-4886,0.964855
MESOS-4885,0.00582
MESOS-4884,0.263599
MESOS-4883,0.122104
MESOS-4882,0.804406
MESOS-4881,0.045353
MESOS-4880,0.008188
MESOS-4879,0.212069
MESOS-4878,0.004199
MESOS-4877,0.00461
MESOS-4876,0.004399
MESOS-4875,0.004755
MESOS-4874,0.008779
MESOS-4873,0.699973
MESOS-4872,0.094343
MESOS-4871,0.728941
MESOS-4870,0.979036
MESOS-4869,0.014842
MESOS-4868,0.631594
MESOS-4867,0.141756
MESOS-4866,0.004982
MESOS-4865,0.763836
MESOS-4864,0.145601
MESOS-4863,0.753104
MESOS-4862,0.007012
MESOS-4861,0.480479
MESOS-4860,0.114765
MESOS-4859,0.185062
MESOS-4858,0.934873
MESOS-4857,0.975946
MESOS-4856,0.006098
MESOS-4855,0.984575
MESOS-4854,0.093347
MESOS-4853,0.973241
MESOS-4852,0.007233
MESOS-4851,0.00506
MESOS-4850,0.115961
MESOS-4849,0.830044
MESOS-4848,0.828384
MESOS-4847,0.970688
MESOS-4846,0.919643
MESOS-4845,0.00506
MESOS-4844,0.848471
MESOS-4843,0.959459
MESOS-4842,0.021451
MESOS-4841,0.013849
MESOS-4840,0.141045
MESOS-4839,0.366817
MESOS-4838,0.011687
MESOS-4837,0.009197
MESOS-4836,0.005385
MESOS-4835,0.007461
MESOS-4834,0.921922
MESOS-4833,0.014957
MESOS-4832,0.005555
MESOS-4831,0.013956
MESOS-4830,0.037327
MESOS-4829,0.082402
MESOS-4828,0.971992
MESOS-4827,0.011778
MESOS-4826,0.003483
MESOS-4825,0.004982
MESOS-4824,0.01057
MESOS-4823,0.957596
MESOS-4822,0.889529
MESOS-4821,0.118793
MESOS-4820,0.403802
MESOS-4819,0.240239
MESOS-4818,0.503418
MESOS-4817,0.082697
MESOS-4816,0.960952
MESOS-4815,0.93196
MESOS-4814,0.772187
MESOS-4813,0.90599
MESOS-4812,0.009055
MESOS-4811,0.013637
MESOS-4810,0.007696
MESOS-4809,0.880386
MESOS-4808,0.013223
MESOS-4807,0.006004
MESOS-4806,0.006798
MESOS-4805,0.258513
MESOS-4804,0.157396
MESOS-4803,0.284775
MESOS-4802,0.219003
MESOS-4801,0.230573
MESOS-4800,0.067793
MESOS-4799,0.003594
MESOS-4798,0.91181
MESOS-4797,0.107813
MESOS-4796,0.963506
MESOS-4795,0.010328
MESOS-4794,0.183887
MESOS-4793,0.987179
MESOS-4792,0.042088
MESOS-4791,0.986363
MESOS-4790,0.091707
MESOS-4789,0.132964
MESOS-4788,0.582729
MESOS-4787,0.928926
MESOS-4786,0.028436
MESOS-4785,0.765593
MESOS-4784,0.009413
MESOS-4783,0.780997
MESOS-4782,0.68215
MESOS-4781,0.016915
MESOS-4780,0.144631
MESOS-4779,0.004982
MESOS-4778,0.822759
MESOS-4777,0.977371
MESOS-4776,0.881207
MESOS-4775,0.056236
MESOS-4774,0.01017
MESOS-4773,0.107813
MESOS-4772,0.931463
MESOS-4771,0.813461
MESOS-4770,0.90764
MESOS-4769,0.873647
MESOS-4768,0.019569
MESOS-4767,0.904651
MESOS-4766,0.917303
MESOS-4765,0.283682
MESOS-4764,0.177526
MESOS-4763,0.284775
MESOS-4762,0.978385
MESOS-4761,0.898767
MESOS-4760,0.462473
MESOS-4759,0.978052
MESOS-4758,0.153549
MESOS-4757,0.011158
MESOS-4756,0.009936
MESOS-4755,0.00407
MESOS-4754,0.006798
MESOS-4753,0.287768
MESOS-4752,0.136608
MESOS-4751,0.964589
MESOS-4750,0.042404
MESOS-4749,0.329918
MESOS-4748,0.155078
MESOS-4747,0.010091
MESOS-4746,0.908618
MESOS-4745,0.012821
MESOS-4744,0.007346
MESOS-4743,0.009936
MESOS-4742,0.977883
MESOS-4741,0.004199
MESOS-4740,0.140808
MESOS-4739,0.007012
MESOS-4738,0.971129
MESOS-4737,0.139866
MESOS-4736,0.008644
MESOS-4735,0.048496
MESOS-4734,0.027376
MESOS-4733,0.020023
MESOS-4732,0.155078
MESOS-4731,0.394784
MESOS-4730,0.009708
MESOS-4729,0.834407
MESOS-4728,0.004468
MESOS-4727,0.005469
MESOS-4726,0.947769
MESOS-4725,0.013849
MESOS-4724,0.217005
MESOS-4723,0.573678
MESOS-4722,0.132964
MESOS-4721,0.783658
MESOS-4720,0.162115
MESOS-4719,0.690037
MESOS-4718,0.076961
MESOS-4717,0.91848
MESOS-4716,0.129843
MESOS-4715,0.011245
MESOS-4714,0.007012
MESOS-4713,0.107437
MESOS-4712,0.971129
MESOS-4711,0.010328
MESOS-4710,0.45302
MESOS-4709,0.909265
MESOS-4708,0.399577
MESOS-4707,0.935346
MESOS-4706,0.147065
MESOS-4705,0.010489
MESOS-4704,0.043691
MESOS-4703,0.101947
MESOS-4702,0.034359
MESOS-4701,0.90764
MESOS-4700,0.164516
MESOS-4699,0.00407
MESOS-4698,0.83602
MESOS-4697,0.984811
MESOS-4696,0.156362
MESOS-4695,0.004468
MESOS-4694,0.141756
MESOS-4693,0.010653
MESOS-4692,0.010653
MESOS-4691,0.103749
MESOS-4690,0.942082
MESOS-4689,0.989986
MESOS-4688,0.137996
MESOS-4687,0.839734
MESOS-4686,0.933915
MESOS-4685,0.246896
MESOS-4684,0.052231
MESOS-4683,0.035411
MESOS-4682,0.008916
MESOS-4681,0.009413
MESOS-4680,0.011597
MESOS-4679,0.009634
MESOS-4678,0.874077
MESOS-4677,0.009268
MESOS-4676,0.00514
MESOS-4675,0.014842
MESOS-4674,0.013637
MESOS-4673,0.008916
MESOS-4672,0.901921
MESOS-4671,0.007696
MESOS-4670,0.006693
MESOS-4669,0.017577
MESOS-4668,0.005302
MESOS-4667,0.710226
MESOS-4666,0.296858
MESOS-4665,0.004134
MESOS-4664,0.972204
MESOS-4663,0.045692
MESOS-4662,0.01302
MESOS-4661,0.018264
MESOS-4660,0.081228
MESOS-4659,0.017849
MESOS-4658,0.015073
MESOS-4657,0.141756
MESOS-4656,0.004538
MESOS-4655,0.005911
MESOS-4654,0.142232
MESOS-4653,0.064418
MESOS-4652,0.068289
MESOS-4651,0.068787
MESOS-4650,0.081813
MESOS-4649,0.064418
MESOS-4648,0.078926
MESOS-4647,0.148047
MESOS-4646,0.008511
MESOS-4645,0.015664
MESOS-4644,0.028221
MESOS-4643,0.008188
MESOS-4642,0.023153
MESOS-4641,0.987568
MESOS-4640,0.016029
MESOS-4639,0.008188
MESOS-4638,0.016785
MESOS-4637,0.011158
MESOS-4636,0.044019
MESOS-4635,0.01057
MESOS-4634,0.014392
MESOS-4633,0.014729
MESOS-4632,0.871912
MESOS-4631,0.937211
MESOS-4630,0.953622
MESOS-4629,0.962673
MESOS-4628,0.093678
MESOS-4627,0.141756
MESOS-4626,0.962673
MESOS-4625,0.945399
MESOS-4624,0.099821
MESOS-4623,0.620852
MESOS-4622,0.061876
MESOS-4621,0.011508
MESOS-4620,0.007461
MESOS-4619,0.00514
MESOS-4618,0.052231
MESOS-4617,0.007816
MESOS-4616,0.97024
MESOS-4615,0.008062
MESOS-4614,0.013956
MESOS-4613,0.070816
MESOS-4612,0.075858
MESOS-4611,0.022629
MESOS-4610,0.98347
MESOS-4609,0.031619
MESOS-4608,0.904651
MESOS-4607,0.00582
MESOS-4606,0.83762
MESOS-4605,0.013428
MESOS-4604,0.007012
MESOS-4603,0.006798
MESOS-4602,0.013325
MESOS-4601,0.008
MESOS-4600,0.315051
MESOS-4599,0.080937
MESOS-4598,0.011072
MESOS-4597,0.00582
MESOS-4596,0.787605
MESOS-4595,0.945399
MESOS-4594,0.016277
MESOS-4593,0.892563
MESOS-4592,0.0538
MESOS-4591,0.095349
MESOS-4590,0.071851
MESOS-4589,0.120853
MESOS-4588,0.116362
MESOS-4587,0.007696
MESOS-4586,0.717804
MESOS-4585,0.007012
MESOS-4584,0.018125
MESOS-4583,0.044681
MESOS-4582,0.004468
MESOS-4581,0.012336
MESOS-4580,0.008316
MESOS-4579,0.006388
MESOS-4578,0.049959
MESOS-4577,0.011332
MESOS-4576,0.92079
MESOS-4575,0.235108
MESOS-4574,0.009559
MESOS-4573,0.663597
MESOS-4572,0.887205
MESOS-4571,0.031859
MESOS-4570,0.010489
MESOS-4569,0.006388
MESOS-4568,0.044681
MESOS-4567,0.086323
MESOS-4566,0.516108
MESOS-4565,0.015664
MESOS-4564,0.351033
MESOS-4563,0.007461
MESOS-4562,0.00365
MESOS-4561,0.034359
MESOS-4560,0.03138
MESOS-4559,0.096706
MESOS-4558,0.138928
MESOS-4557,0.707405
MESOS-4556,0.007346
MESOS-4555,0.013223
MESOS-4554,0.009413
MESOS-4553,0.960063
MESOS-4552,0.052619
MESOS-4551,0.211091
MESOS-4550,0.004265
MESOS-4549,0.099821
MESOS-4548,0.915809
MESOS-4547,0.953622
MESOS-4546,0.022286
MESOS-4545,0.294316
MESOS-4544,0.960952
MESOS-4543,0.00629
MESOS-4542,0.008062
MESOS-4541,0.048496
MESOS-4540,0.005555
MESOS-4539,0.075041
MESOS-4538,0.119614
MESOS-4537,0.854399
MESOS-4536,0.410402
MESOS-4535,0.017045
MESOS-4534,0.013532
MESOS-4533,0.007233
MESOS-4532,0.089773
MESOS-4531,0.169131
MESOS-4530,0.007121
MESOS-4529,0.21684
MESOS-4528,0.440469
MESOS-4527,0.052619
MESOS-4526,0.118793
MESOS-4525,0.012432
MESOS-4524,0.909265
MESOS-4523,0.501465
MESOS-4522,0.895157
MESOS-4521,0.014957
MESOS-4520,0.977714
MESOS-4519,0.003765
MESOS-4518,0.011332
MESOS-4517,0.160792
MESOS-4516,0.005911
MESOS-4515,0.005469
MESOS-4514,0.937211
MESOS-4513,0.007461
MESOS-4512,0.007816
MESOS-4511,0.006388
MESOS-4510,0.008847
MESOS-4509,0.021615
MESOS-4508,0.004982
MESOS-4507,0.009936
MESOS-4506,0.189221
MESOS-4505,0.877056
MESOS-4504,0.021125
MESOS-4503,0.009413
MESOS-4502,0.003824
MESOS-4501,0.00514
MESOS-4500,0.022629
MESOS-4499,0.013532
MESOS-4498,0.968856
MESOS-4497,0.080069
MESOS-4496,0.013849
MESOS-4495,0.006904
MESOS-4494,0.240061
MESOS-4493,0.127218
MESOS-4492,0.087876
MESOS-4491,0.004199
MESOS-4490,0.907312
MESOS-4489,0.899475
MESOS-4488,0.942507
MESOS-4487,0.974629
MESOS-4486,0.100525
MESOS-4485,0.864768
MESOS-4484,0.010735
MESOS-4483,0.011332
MESOS-4482,0.007121
MESOS-4481,0.014064
MESOS-4480,0.896976
MESOS-4479,0.034619
MESOS-4478,0.01292
MESOS-4477,0.060087
MESOS-4476,0.951504
MESOS-4475,0.009268
MESOS-4474,0.010902
MESOS-4473,0.012528
MESOS-4472,0.011687
MESOS-4471,0.008916
MESOS-4470,0.010014
MESOS-4469,0.010328
MESOS-4468,0.813461
MESOS-4467,0.007816
MESOS-4466,0.009268
MESOS-4465,0.012241
MESOS-4464,0.014504
MESOS-4463,0.00986
MESOS-4462,0.005469
MESOS-4461,0.972831
MESOS-4460,0.973241
MESOS-4459,0.942082
MESOS-4458,0.033844
MESOS-4457,0.453504
MESOS-4456,0.879147
MESOS-4455,0.004468
MESOS-4454,0.019719
MESOS-4453,0.006904
MESOS-4452,0.899475
MESOS-4451,0.100172
MESOS-4450,0.00514
MESOS-4449,0.014504
MESOS-4448,0.011597
MESOS-4447,0.081813
MESOS-4446,0.639145
MESOS-4445,0.00461
MESOS-4444,0.005385
MESOS-4443,0.967163
MESOS-4442,0.010249
MESOS-4441,0.956957
MESOS-4440,0.020964
MESOS-4439,0.034881
MESOS-4438,0.060087
MESOS-4437,0.068787
MESOS-4436,0.326667
MESOS-4435,0.082402
MESOS-4434,0.008779
MESOS-4433,0.965641
MESOS-4432,0.012336
MESOS-4431,0.950041
MESOS-4430,0.018833
MESOS-4429,0.916708
MESOS-4428,0.856812
MESOS-4427,0.004755
MESOS-4426,0.008577
MESOS-4425,0.810479
MESOS-4424,0.986979
MESOS-4423,0.008577
MESOS-4422,0.745028
MESOS-4421,0.073963
MESOS-4420,0.015425
MESOS-4419,0.007121
MESOS-4418,0.117978
MESOS-4417,0.017986
MESOS-4416,0.00483
MESOS-4415,0.043691
MESOS-4414,0.948155
MESOS-4413,0.00506
MESOS-4412,0.009486
MESOS-4411,0.009197
MESOS-4410,0.939471
MESOS-4409,0.008779
MESOS-4408,0.066812
MESOS-4407,0.066812
MESOS-4406,0.066812
MESOS-4405,0.066812
MESOS-4404,0.009708
MESOS-4403,0.070816
MESOS-4402,0.186539
MESOS-4401,0.930458
MESOS-4400,0.0745
MESOS-4399,0.008
MESOS-4398,0.030444
MESOS-4397,0.866585
MESOS-4396,0.565299
MESOS-4395,0.008577
MESOS-4394,0.009486
MESOS-4393,0.981167
MESOS-4392,0.973844
MESOS-4391,0.006488
MESOS-4390,0.601828
MESOS-4389,0.222025
MESOS-4388,0.007577
MESOS-4387,0.023871
MESOS-4386,0.555918
MESOS-4385,0.040541
MESOS-4384,0.007461
MESOS-4383,0.015425
MESOS-4382,0.200245
MESOS-4381,0.57344
MESOS-4380,0.037892
MESOS-4379,0.109706
MESOS-4378,0.062103
MESOS-4377,0.095687
MESOS-4376,0.90599
MESOS-4375,0.066812
MESOS-4374,0.010653
MESOS-4373,0.715026
MESOS-4372,0.873215
MESOS-4371,0.967899
MESOS-4370,0.012528
MESOS-4369,0.968141
MESOS-4368,0.807461
MESOS-4367,0.138695
MESOS-4366,0.242564
MESOS-4365,0.07921
MESOS-4364,0.097734
MESOS-4363,0.07343
MESOS-4362,0.07836
MESOS-4361,0.519034
MESOS-4360,0.237753
MESOS-4359,0.011778
MESOS-4358,0.919643
MESOS-4357,0.007346
MESOS-4356,0.145115
MESOS-4355,0.974821
MESOS-4354,0.971129
MESOS-4353,0.310067
MESOS-4352,0.005642
MESOS-4351,0.099121
MESOS-4350,0.010987
MESOS-4349,0.015544
MESOS-4348,0.013532
MESOS-4347,0.013849
MESOS-4346,0.031144
MESOS-4345,0.966914
MESOS-4344,0.899121
MESOS-4343,0.985718
MESOS-4342,0.005555
MESOS-4341,0.417984
MESOS-4340,0.006488
MESOS-4339,0.831691
MESOS-4338,0.381911
MESOS-4337,0.228156
MESOS-4336,0.104843
MESOS-4335,0.018833
MESOS-4334,0.687525
MESOS-4333,0.939025
MESOS-4332,0.004538
MESOS-4331,0.010014
MESOS-4330,0.00514
MESOS-4329,0.004332
MESOS-4328,0.018833
MESOS-4327,0.016277
MESOS-4326,0.005555
MESOS-4325,0.867036
MESOS-4324,0.061876
MESOS-4323,0.014616
MESOS-4322,0.011961
MESOS-4321,0.003824
MESOS-4320,0.006798
MESOS-4319,0.007233
MESOS-4318,0.007938
MESOS-4317,0.983214
MESOS-4316,0.067056
MESOS-4315,0.7237
MESOS-4314,0.116764
MESOS-4313,0.006488
MESOS-4312,0.551815
MESOS-4311,0.006004
MESOS-4310,0.008847
MESOS-4309,0.122944
MESOS-4308,0.965641
MESOS-4307,0.478529
MESOS-4306,0.939025
MESOS-4305,0.019271
MESOS-4304,0.01017
MESOS-4303,0.978713
MESOS-4302,0.63341
MESOS-4301,0.005385
MESOS-4300,0.9462
MESOS-4299,0.010818
MESOS-4298,0.008916
MESOS-4297,0.011332
MESOS-4296,0.77081
MESOS-4295,0.050331
MESOS-4294,0.007816
MESOS-4293,0.005642
MESOS-4292,0.112405
MESOS-4291,0.01302
MESOS-4290,0.008062
MESOS-4289,0.977197
MESOS-4288,0.601696
MESOS-4287,0.060975
MESOS-4286,0.878731
MESOS-4285,0.003824
MESOS-4284,0.982014
MESOS-4283,0.00407
MESOS-4282,0.036769
MESOS-4281,0.011869
MESOS-4280,0.795975
MESOS-4279,0.008711
MESOS-4278,0.748352
MESOS-4277,0.076684
MESOS-4276,0.303113
MESOS-4275,0.015664
MESOS-4274,0.008916
MESOS-4273,0.612657
MESOS-4272,0.005469
MESOS-4271,0.820469
MESOS-4270,0.873647
MESOS-4269,0.007346
MESOS-4268,0.016785
MESOS-4267,0.010489
MESOS-4266,0.004332
MESOS-4265,0.008711
MESOS-4264,0.005555
MESOS-4263,0.005911
MESOS-4262,0.978549
MESOS-4261,0.827828
MESOS-4260,0.004332
MESOS-4259,0.009413
MESOS-4258,0.185947
MESOS-4257,0.00522
MESOS-4256,0.006488
MESOS-4255,0.101947
MESOS-4254,0.00573
MESOS-4253,0.962391
MESOS-4252,0.006904
MESOS-4251,0.057071
MESOS-4250,0.006388
MESOS-4249,0.008062
MESOS-4248,0.006798
MESOS-4247,0.006098
MESOS-4246,0.939913
MESOS-4245,0.004682
MESOS-4244,0.006488
MESOS-4243,0.006693
MESOS-4242,0.981736
MESOS-4241,0.683842
MESOS-4240,0.974043
MESOS-4239,0.542136
MESOS-4238,0.104112
MESOS-4237,0.167491
MESOS-4236,0.885631
MESOS-4235,0.960657
MESOS-4234,0.76769
MESOS-4233,0.948917
MESOS-4232,0.947769
MESOS-4231,0.060308
MESOS-4230,0.006904
MESOS-4229,0.00573
MESOS-4228,0.095013
MESOS-4227,0.887984
MESOS-4226,0.560734
MESOS-4225,0.935346
MESOS-4224,0.954308
MESOS-4223,0.889912
MESOS-4222,0.94699
MESOS-4221,0.810479
MESOS-4220,0.595022
MESOS-4219,0.063251
MESOS-4218,0.004755
MESOS-4217,0.007121
MESOS-4216,0.662906
MESOS-4215,0.006904
MESOS-4214,0.742608
MESOS-4213,0.991289
MESOS-4212,0.010987
MESOS-4211,0.043043
MESOS-4210,0.009126
MESOS-4209,0.970688
MESOS-4208,0.006004
MESOS-4207,0.037327
MESOS-4206,0.809878
MESOS-4205,0.170508
MESOS-4204,0.46636
MESOS-4203,0.21158
MESOS-4202,0.008779
MESOS-4201,0.006798
MESOS-4200,0.040541
MESOS-4199,0.004905
MESOS-4198,0.007012
MESOS-4197,0.072637
MESOS-4196,0.115961
MESOS-4195,0.848972
MESOS-4194,0.006693
MESOS-4193,0.00461
MESOS-4192,0.24817
MESOS-4191,0.142709
MESOS-4190,0.982557
MESOS-4189,0.630073
MESOS-4188,0.008511
MESOS-4187,0.113973
MESOS-4186,0.293708
MESOS-4185,0.710427
MESOS-4184,0.010091
MESOS-4183,0.113973
MESOS-4182,0.132515
MESOS-4181,0.005911
MESOS-4180,0.082697
MESOS-4179,0.020964
MESOS-4178,0.214198
MESOS-4177,0.208179
MESOS-4176,0.392861
MESOS-4175,0.016403
MESOS-4174,0.039639
MESOS-4173,0.023153
MESOS-4172,0.033844
MESOS-4171,0.026964
MESOS-4170,0.034359
MESOS-4169,0.024238
MESOS-4168,0.019124
MESOS-4167,0.027169
MESOS-4166,0.033086
MESOS-4165,0.027169
MESOS-4164,0.025565
MESOS-4163,0.026557
MESOS-4162,0.025761
MESOS-4161,0.040541
MESOS-4160,0.042722
MESOS-4159,0.063948
MESOS-4158,0.099121
MESOS-4157,0.155591
MESOS-4156,0.149035
MESOS-4155,0.0729
MESOS-4154,0.060308
MESOS-4153,0.007346
MESOS-4152,0.003945
MESOS-4151,0.015906
MESOS-4150,0.958226
MESOS-4149,0.960361
MESOS-4148,0.008511
MESOS-4147,0.006098
MESOS-4146,0.501465
MESOS-4145,0.014172
MESOS-4144,0.014504
MESOS-4143,0.008446
MESOS-4142,0.010987
MESOS-4141,0.937211
MESOS-4140,0.164248
MESOS-4139,0.740925
MESOS-4138,0.958226
MESOS-4137,0.961534
MESOS-4136,0.974629
MESOS-4135,0.007346
MESOS-4134,0.101947
MESOS-4133,0.987179
MESOS-4132,0.00582
MESOS-4131,0.008847
MESOS-4130,0.26971
MESOS-4129,0.005469
MESOS-4128,0.883236
MESOS-4127,0.047426
MESOS-4126,0.090414
MESOS-4125,0.043691
MESOS-4124,0.060752
MESOS-4123,0.034619
MESOS-4122,0.021948
MESOS-4121,0.982151
MESOS-4120,0.953275
MESOS-4119,0.379838
MESOS-4118,0.086323
MESOS-4117,0.057071
MESOS-4116,0.119203
MESOS-4115,0.503418
MESOS-4114,0.103386
MESOS-4113,0.018689
MESOS-4112,0.734596
MESOS-4111,0.044349
MESOS-4110,0.24599
MESOS-4109,0.005642
MESOS-4108,0.080937
MESOS-4107,0.006098
MESOS-4106,0.011158
MESOS-4105,0.039343
MESOS-4104,0.989511
MESOS-4103,0.124213
MESOS-4102,0.007938
MESOS-4101,0.175821
MESOS-4100,0.953275
MESOS-4099,0.006488
MESOS-4098,0.937669
MESOS-4097,0.73678
MESOS-4096,0.005642
MESOS-4095,0.013956
MESOS-4094,0.539226
MESOS-4093,0.013532
MESOS-4092,0.372505
MESOS-4091,0.006193
MESOS-4090,0.936749
MESOS-4089,0.118793
MESOS-4088,0.957596
MESOS-4087,0.973645
MESOS-4086,0.989511
MESOS-4085,0.668664
MESOS-4084,0.00934
MESOS-4083,0.054199
MESOS-4082,0.166404
MESOS-4081,0.778649
MESOS-4080,0.964321
MESOS-4079,0.127218
MESOS-4078,0.469277
MESOS-4077,0.912748
MESOS-4076,0.963231
MESOS-4075,0.138928
MESOS-4074,0.060308
MESOS-4073,0.961244
MESOS-4072,0.003765
MESOS-4071,0.010328
MESOS-4070,0.004905
MESOS-4069,0.006693
MESOS-4068,0.01292
MESOS-4067,0.010091
MESOS-4066,0.933431
MESOS-4065,0.008062
MESOS-4064,0.057071
MESOS-4063,0.93196
MESOS-4062,0.009559
MESOS-4061,0.015425
MESOS-4060,0.046034
MESOS-4059,0.015544
MESOS-4058,0.901921
MESOS-4057,0.012336
MESOS-4056,0.085099
MESOS-4055,0.0745
MESOS-4054,0.800068
MESOS-4053,0.006693
MESOS-4052,0.982823
MESOS-4051,0.848471
MESOS-4050,0.673084
MESOS-4049,0.951863
MESOS-4048,0.877896
MESOS-4047,0.007346
MESOS-4046,0.216342
MESOS-4045,0.004134
MESOS-4044,0.006388
MESOS-4043,0.006098
MESOS-4042,0.00483
MESOS-4041,0.007938
MESOS-4040,0.010249
MESOS-4039,0.005555
MESOS-4038,0.006388
MESOS-4037,0.00514
MESOS-4036,0.009486
MESOS-4035,0.007461
MESOS-4034,0.005911
MESOS-4033,0.108566
MESOS-4032,0.006388
MESOS-4031,0.008188
MESOS-4030,0.008062
MESOS-4029,0.008188
MESOS-4028,0.309337
MESOS-4027,0.224055
MESOS-4026,0.013223
MESOS-4025,0.013742
MESOS-4024,0.00582
MESOS-4023,0.007938
MESOS-4022,0.193452
MESOS-4021,0.569134
MESOS-4020,0.105211
MESOS-4019,0.874507
MESOS-4018,0.627994
MESOS-4017,0.013325
MESOS-4016,0.006798
MESOS-4015,0.285272
MESOS-4014,0.874077
MESOS-4013,0.912748
MESOS-4012,0.382141
MESOS-4011,0.984336
MESOS-4010,0.01057
MESOS-4009,0.007938
MESOS-4008,0.137532
MESOS-4007,0.40592
MESOS-4006,0.186243
MESOS-4005,0.729134
MESOS-4004,0.967163
MESOS-4003,0.0729
MESOS-4002,0.010408
MESOS-4001,0.125493
MESOS-4000,0.500488
MESOS-3999,0.842345
MESOS-3998,0.00986
MESOS-3997,0.122944
MESOS-3996,0.08389
MESOS-3995,0.834407
MESOS-3994,0.973844
MESOS-3993,0.013532
MESOS-3992,0.092033
MESOS-3991,0.017442
MESOS-3990,0.003222
MESOS-3989,0.003483
MESOS-3988,0.973645
MESOS-3987,0.009708
MESOS-3986,0.092688
MESOS-3985,0.046378
MESOS-3984,0.094343
MESOS-3983,0.253122
MESOS-3982,0.973844
MESOS-3981,0.427755
MESOS-3980,0.975202
MESOS-3979,0.972204
MESOS-3978,0.019719
MESOS-3977,0.021125
MESOS-3976,0.011869
MESOS-3975,0.009126
MESOS-3974,0.007233
MESOS-3973,0.005302
MESOS-3972,0.004399
MESOS-3971,0.008847
MESOS-3970,0.00506
MESOS-3969,0.006693
MESOS-3968,0.005555
MESOS-3967,0.848471
MESOS-3966,0.00514
MESOS-3965,0.00659
MESOS-3964,0.008916
MESOS-3963,0.017045
MESOS-3962,0.173288
MESOS-3961,0.008188
MESOS-3960,0.087564
MESOS-3959,0.004982
MESOS-3958,0.00573
MESOS-3957,0.006693
MESOS-3956,0.914596
MESOS-3955,0.023153
MESOS-3954,0.112016
MESOS-3953,0.005385
MESOS-3952,0.494629
MESOS-3951,0.924688
MESOS-3950,0.00289
MESOS-3949,0.006098
MESOS-3948,0.068787
MESOS-3947,0.365457
MESOS-3946,0.148047
MESOS-3945,0.107813
MESOS-3944,0.08882
MESOS-3943,0.933915
MESOS-3942,0.975577
MESOS-3941,0.01653
MESOS-3940,0.014172
MESOS-3939,0.00522
MESOS-3938,0.541651
MESOS-3937,0.006798
MESOS-3936,0.937669
MESOS-3935,0.00629
MESOS-3934,0.867934
MESOS-3933,0.012054
MESOS-3932,0.125493
MESOS-3931,0.007696
MESOS-3930,0.011158
MESOS-3929,0.329432
MESOS-3928,0.005302
MESOS-3927,0.005555
MESOS-3926,0.970013
MESOS-3925,0.948155
MESOS-3924,0.873647
MESOS-3923,0.245447
MESOS-3922,0.955981
MESOS-3921,0.076684
MESOS-3920,0.01302
MESOS-3919,0.988668
MESOS-3918,0.98983
MESOS-3917,0.008188
MESOS-3916,0.010091
MESOS-3915,0.077239
MESOS-3914,0.856332
MESOS-3913,0.042722
MESOS-3912,0.095013
MESOS-3911,0.102664
MESOS-3910,0.842863
MESOS-3909,0.012147
MESOS-3908,0.012336
MESOS-3907,0.009055
MESOS-3906,0.004755
MESOS-3905,0.073165
MESOS-3904,0.03622
MESOS-3903,0.877056
MESOS-3902,0.003765
MESOS-3901,0.95222
MESOS-3900,0.797557
MESOS-3899,0.007577
MESOS-3898,0.017577
MESOS-3897,0.01142
MESOS-3896,0.067301
MESOS-3895,0.012147
MESOS-3894,0.01653
MESOS-3893,0.020964
MESOS-3892,0.141994
MESOS-3891,0.058346
MESOS-3890,0.00461
MESOS-3889,0.029312
MESOS-3888,0.014842
MESOS-3887,0.008847
MESOS-3886,0.018978
MESOS-3885,0.014729
MESOS-3884,0.080357
MESOS-3883,0.07056
MESOS-3882,0.406626
MESOS-3881,0.005911
MESOS-3880,0.847463
MESOS-3879,0.008711
MESOS-3878,0.390476
MESOS-3877,0.2227
MESOS-3876,0.961244
MESOS-3875,0.136608
MESOS-3874,0.561455
MESOS-3873,0.973037
MESOS-3872,0.011778
MESOS-3871,0.908618
MESOS-3870,0.438064
MESOS-3869,0.414958
MESOS-3868,0.00461
MESOS-3867,0.577495
MESOS-3866,0.010653
MESOS-3865,0.827828
MESOS-3864,0.750918
MESOS-3863,0.267217
MESOS-3862,0.460046
MESOS-3861,0.185652
MESOS-3860,0.019719
MESOS-3859,0.016403
MESOS-3858,0.962108
MESOS-3857,0.981022
MESOS-3856,0.007012
MESOS-3855,0.973037
MESOS-3854,0.986777
MESOS-3853,0.284775
MESOS-3852,0.939471
MESOS-3851,0.017309
MESOS-3850,0.198375
MESOS-3849,0.006098
MESOS-3848,0.133415
MESOS-3847,0.021615
MESOS-3846,0.506836
MESOS-3845,0.03259
MESOS-3844,0.716417
MESOS-3843,0.096025
MESOS-3842,0.011597
MESOS-3841,0.97024
MESOS-3840,0.006388
MESOS-3839,0.290679
MESOS-3838,0.028221
MESOS-3837,0.010987
MESOS-3836,0.015189
MESOS-3835,0.269326
MESOS-3834,0.014282
MESOS-3833,0.004134
MESOS-3832,0.024988
MESOS-3831,0.41253
MESOS-3830,0.978549
MESOS-3829,0.007577
MESOS-3828,0.974239
MESOS-3827,0.249813
MESOS-3826,0.884838
MESOS-3825,0.927888
MESOS-3824,0.968381
MESOS-3823,0.982288
MESOS-3822,0.007012
MESOS-3821,0.007121
MESOS-3820,0.961244
MESOS-3819,0.093017
MESOS-3818,0.058777
MESOS-3817,0.006488
MESOS-3816,0.006004
MESOS-3815,0.008847
MESOS-3814,0.024423
MESOS-3813,0.011158
MESOS-3812,0.013849
MESOS-3811,0.016785
MESOS-3810,0.01057
MESOS-3809,0.016785
MESOS-3808,0.007816
MESOS-3807,0.013532
MESOS-3806,0.00986
MESOS-3803,0.231788
MESOS-3802,0.008711
MESOS-3801,0.007938
MESOS-3800,0.012147
MESOS-3799,0.010653
MESOS-3798,0.007012
MESOS-3797,0.965119
MESOS-3796,0.958847
MESOS-3795,0.600188
MESOS-3794,0.739422
MESOS-3793,0.005555
MESOS-3792,0.005555
MESOS-3791,0.97024
MESOS-3790,0.010328
MESOS-3789,0.00629
MESOS-3788,0.96741
MESOS-3787,0.892937
MESOS-3786,0.106691
MESOS-3785,0.930962
MESOS-3784,0.065366
MESOS-3783,0.111241
MESOS-3782,0.082402
MESOS-3781,0.19163
MESOS-3780,0.056652
MESOS-3779,0.591133
MESOS-3778,0.140808
MESOS-3777,0.968856
MESOS-3776,0.071591
MESOS-3775,0.057071
MESOS-3774,0.24726
MESOS-3773,0.007233
MESOS-3772,0.011332
MESOS-3771,0.013742
MESOS-3770,0.010902
MESOS-3769,0.006098
MESOS-3768,0.009708
MESOS-3767,0.919063
MESOS-3766,0.007233
MESOS-3765,0.860604
MESOS-3764,0.006798
MESOS-3763,0.835484
MESOS-3762,0.927888
MESOS-3761,0.625374
MESOS-3760,0.009559
MESOS-3759,0.122944
MESOS-3758,0.236164
MESOS-3757,0.003594
MESOS-3756,0.973443
MESOS-3755,0.015785
MESOS-3754,0.937211
MESOS-3753,0.228501
MESOS-3752,0.029091
MESOS-3751,0.008446
MESOS-3750,0.011158
MESOS-3749,0.042722
MESOS-3748,0.008711
MESOS-3747,0.008779
MESOS-3746,0.89841
MESOS-3745,0.012528
MESOS-3744,0.007461
MESOS-3743,0.015073
MESOS-3742,0.00659
MESOS-3741,0.944587
MESOS-3740,0.010328
MESOS-3739,0.008446
MESOS-3738,0.00582
MESOS-3737,0.010328
MESOS-3736,0.791176
MESOS-3735,0.971129
MESOS-3734,0.004682
MESOS-3733,0.008985
MESOS-3732,0.091707
MESOS-3731,0.010328
MESOS-3730,0.006904
MESOS-3728,0.015073
MESOS-3727,0.009055
MESOS-3726,0.018125
MESOS-3725,0.013742
MESOS-3724,0.005385
MESOS-3723,0.421314
MESOS-3722,0.649356
MESOS-3721,0.289773
MESOS-3720,0.159217
MESOS-3719,0.015906
MESOS-3718,0.917893
MESOS-3717,0.133415
MESOS-3716,0.063715
MESOS-3715,0.018547
MESOS-3714,0.012625
MESOS-3713,0.039937
MESOS-3712,0.009486
MESOS-3711,0.326594
MESOS-3710,0.007461
MESOS-3709,0.991422
MESOS-3708,0.005302
MESOS-3707,0.874507
MESOS-3706,0.009559
MESOS-3705,0.013956
MESOS-3704,0.617743
MESOS-3703,0.956634
MESOS-3702,0.00582
MESOS-3701,0.037609
MESOS-3700,0.018125
MESOS-3699,0.006388
MESOS-3698,0.007696
MESOS-3697,0.205296
MESOS-3696,0.688678
MESOS-3695,0.061876
MESOS-3694,0.015425
MESOS-3693,0.044681
MESOS-3692,0.016403
MESOS-3691,0.005385
MESOS-3690,0.538619
MESOS-3689,0.319586
MESOS-3688,0.901227
MESOS-3687,0.693473
MESOS-3686,0.523907
MESOS-3685,0.070816
MESOS-3684,0.041153
MESOS-3683,0.101947
MESOS-3682,0.085099
MESOS-3681,0.074231
MESOS-3680,0.059647
MESOS-3679,0.063715
MESOS-3678,0.062331
MESOS-3677,0.354712
MESOS-3676,0.051083
MESOS-3675,0.046034
MESOS-3674,0.055005
MESOS-3673,0.04778
MESOS-3672,0.048137
MESOS-3671,0.044019
MESOS-3670,0.042722
MESOS-3669,0.049959
MESOS-3668,0.041462
MESOS-3667,0.040238
MESOS-3666,0.057493
MESOS-3665,0.048137
MESOS-3664,0.047426
MESOS-3663,0.046378
MESOS-3662,0.354098
MESOS-3661,0.048137
MESOS-3660,0.158956
MESOS-3659,0.161849
MESOS-3658,0.047074
MESOS-3657,0.053403
MESOS-3656,0.062789
MESOS-3655,0.064418
MESOS-3654,0.041462
MESOS-3653,0.041462
MESOS-3652,0.058561
MESOS-3651,0.051083
MESOS-3650,0.055005
MESOS-3649,0.057705
MESOS-3648,0.044019
MESOS-3647,0.042722
MESOS-3646,0.049959
MESOS-3645,0.046725
MESOS-3644,0.03622
MESOS-3643,0.055005
MESOS-3642,0.043366
MESOS-3641,0.049222
MESOS-3640,0.049589
MESOS-3639,0.151028
MESOS-3638,0.017986
MESOS-3637,0.051083
MESOS-3636,0.052619
MESOS-3635,0.0538
MESOS-3634,0.041153
MESOS-3633,0.03622
MESOS-3632,0.047074
MESOS-3631,0.047426
MESOS-3630,0.044019
MESOS-3629,0.042404
MESOS-3628,0.042722
MESOS-3627,0.044681
MESOS-3626,0.153803
MESOS-3625,0.844409
MESOS-3624,0.592784
MESOS-3623,0.750918
MESOS-3622,0.924688
MESOS-3621,0.94079
MESOS-3620,0.877896
MESOS-3619,0.745398
MESOS-3618,0.641422
MESOS-3617,0.616705
MESOS-3616,0.333619
MESOS-3615,0.08882
MESOS-3614,0.64131
MESOS-3613,0.084191
MESOS-3612,0.117167
MESOS-3611,0.28577
MESOS-3610,0.175538
MESOS-3609,0.130729
MESOS-3608,0.776962
MESOS-3607,0.011778
MESOS-3606,0.979668
MESOS-3605,0.006193
MESOS-3604,0.010408
MESOS-3603,0.006904
MESOS-3602,0.003538
MESOS-3601,0.97024
MESOS-3600,0.004982
MESOS-3599,0.008577
MESOS-3598,0.271059
MESOS-3597,0.111628
MESOS-3596,0.974435
MESOS-3595,0.013637
MESOS-3594,0.02976
MESOS-3593,0.908618
MESOS-3592,0.03259
MESOS-3591,0.003594
MESOS-3590,0.958538
MESOS-3589,0.020177
MESOS-3588,0.011245
MESOS-3587,0.012625
MESOS-3586,0.01057
MESOS-3585,0.935817
MESOS-3584,0.011687
MESOS-3583,0.976129
MESOS-3582,0.007346
MESOS-3581,0.130729
MESOS-3580,0.057918
MESOS-3579,0.011158
MESOS-3578,0.014392
MESOS-3577,0.012147
MESOS-3576,0.033086
MESOS-3575,0.006693
MESOS-3574,0.968856
MESOS-3573,0.009784
MESOS-3572,0.964321
MESOS-3571,0.973241
MESOS-3570,0.212069
MESOS-3569,0.003765
MESOS-3568,0.190122
MESOS-3567,0.945801
MESOS-3566,0.940353
MESOS-3565,0.732209
MESOS-3564,0.007461
MESOS-3563,0.004134
MESOS-3562,0.010653
MESOS-3561,0.111628
MESOS-3560,0.005302
MESOS-3559,0.90599
MESOS-3558,0.923039
MESOS-3557,0.867934
MESOS-3556,0.008446
MESOS-3555,0.009197
MESOS-3554,0.776623
MESOS-3553,0.004007
MESOS-3552,0.009413
MESOS-3551,0.033086
MESOS-3550,0.974043
MESOS-3549,0.015306
MESOS-3548,0.981875
MESOS-3547,0.97649
MESOS-3546,0.008985
MESOS-3545,0.953966
MESOS-3544,0.969785
MESOS-3543,0.504394
MESOS-3542,0.977023
MESOS-3541,0.093678
MESOS-3540,0.004682
MESOS-3539,0.009936
MESOS-3538,0.006004
MESOS-3537,0.953622
MESOS-3536,0.009268
MESOS-3535,0.948537
MESOS-3534,0.158174
MESOS-3533,0.006004
MESOS-3532,0.008644
MESOS-3531,0.043366
MESOS-3530,0.914291
MESOS-3529,0.437824
MESOS-3528,0.058346
MESOS-3527,0.007121
MESOS-3526,0.9462
MESOS-3525,0.871037
MESOS-3524,0.969785
MESOS-3523,0.098425
MESOS-3522,0.010653
MESOS-3521,0.970013
MESOS-3520,0.957912
MESOS-3519,0.005911
MESOS-3518,0.008446
MESOS-3517,0.00582
MESOS-3516,0.414188
MESOS-3515,0.92944
MESOS-3514,0.947769
MESOS-3513,0.005642
MESOS-3512,0.019271
MESOS-3511,0.672117
MESOS-3510,0.138462
MESOS-3509,0.010902
MESOS-3508,0.082402
MESOS-3507,0.871475
MESOS-3506,0.004399
MESOS-3505,0.759225
MESOS-3504,0.899121
MESOS-3503,0.950411
MESOS-3502,0.127218
MESOS-3501,0.00407
MESOS-3500,0.007577
MESOS-3499,0.041774
MESOS-3498,0.010987
MESOS-3497,0.830044
MESOS-3496,0.950041
MESOS-3495,0.057705
MESOS-3494,0.650356
MESOS-3493,0.104843
MESOS-3492,0.054601
MESOS-3491,0.037047
MESOS-3490,0.006488
MESOS-3489,0.042404
MESOS-3488,0.007816
MESOS-3487,0.009413
MESOS-3486,0.099821
MESOS-3485,0.747616
MESOS-3484,0.00506
MESOS-3483,0.017442
MESOS-3482,0.008711
MESOS-3481,0.313343
MESOS-3480,0.96741
MESOS-3479,0.006798
MESOS-3478,0.809878
MESOS-3477,0.5564
MESOS-3476,0.929951
MESOS-3475,0.008577
MESOS-3474,0.008847
MESOS-3473,0.004007
MESOS-3472,0.007816
MESOS-3471,0.007121
MESOS-3470,0.007012
MESOS-3469,0.015073
MESOS-3468,0.320396
MESOS-3467,0.981595
MESOS-3466,0.800068
MESOS-3465,0.075312
MESOS-3464,0.564819
MESOS-3463,0.018689
MESOS-3462,0.008316
MESOS-3461,0.496094
MESOS-3460,0.589362
MESOS-3459,0.010902
MESOS-3458,0.006193
MESOS-3457,0.262086
MESOS-3456,0.989013
MESOS-3455,0.970465
MESOS-3454,0.007938
MESOS-3453,0.206894
MESOS-3452,0.025179
MESOS-3451,0.036769
MESOS-3450,0.129403
MESOS-3449,0.007816
MESOS-3448,0.008577
MESOS-3447,0.038178
MESOS-3446,0.037327
MESOS-3445,0.083292
MESOS-3444,0.071851
MESOS-3443,0.051463
MESOS-3442,0.033337
MESOS-3441,0.458349
MESOS-3440,0.059866
MESOS-3439,0.034359
MESOS-3438,0.354838
MESOS-3437,0.07056
MESOS-3436,0.193757
MESOS-3435,0.967163
MESOS-3434,0.953966
MESOS-3433,0.472683
MESOS-3432,0.968856
MESOS-3431,0.283385
MESOS-3430,0.006098
MESOS-3429,0.847968
MESOS-3428,0.058777
MESOS-3427,0.536313
MESOS-3426,0.00483
MESOS-3425,0.899121
MESOS-3424,0.942507
MESOS-3423,0.009486
MESOS-3422,0.008847
MESOS-3421,0.985496
MESOS-3420,0.958226
MESOS-3419,0.149035
MESOS-3418,0.950778
MESOS-3417,0.310904
MESOS-3416,0.022977
MESOS-3415,0.017045
MESOS-3414,0.007938
MESOS-3413,0.018264
MESOS-3412,0.958847
MESOS-3411,0.005642
MESOS-3410,0.008062
MESOS-3409,0.889912
MESOS-3408,0.004199
MESOS-3407,0.082402
MESOS-3406,0.013849
MESOS-3405,0.183887
MESOS-3404,0.01057
MESOS-3403,0.96741
MESOS-3402,0.007012
MESOS-3401,0.650911
MESOS-3400,0.670932
MESOS-3399,0.441071
MESOS-3398,0.944995
MESOS-3397,0.006388
MESOS-3396,0.94699
MESOS-3395,0.574753
MESOS-3394,0.075041
MESOS-3393,0.072374
MESOS-3392,0.71403
MESOS-3391,0.028871
MESOS-3390,0.009413
MESOS-3389,0.030215
MESOS-3388,0.544317
MESOS-3387,0.415136
MESOS-3386,0.012625
MESOS-3385,0.883638
MESOS-3384,0.41941
MESOS-3383,0.49707
MESOS-3382,0.150029
MESOS-3381,0.871912
MESOS-3380,0.933431
MESOS-3379,0.006904
MESOS-3378,0.704821
MESOS-3377,0.822189
MESOS-3376,0.007012
MESOS-3375,0.883638
MESOS-3374,0.813164
MESOS-3373,0.014172
MESOS-3372,0.962391
MESOS-3371,0.901575
MESOS-3370,0.95222
MESOS-3369,0.854399
MESOS-3368,0.970909
MESOS-3367,0.277865
MESOS-3366,0.935346
MESOS-3365,0.140808
MESOS-3364,0.008711
MESOS-3363,0.376509
MESOS-3362,0.949295
MESOS-3361,0.976129
MESOS-3360,0.131619
MESOS-3359,0.055209
MESOS-3358,0.165863
MESOS-3357,0.893309
MESOS-3356,0.958538
MESOS-3355,0.96378
MESOS-3354,0.765593
MESOS-3353,0.975012
MESOS-3352,0.92079
MESOS-3351,0.006693
MESOS-3350,0.834407
MESOS-3349,0.007121
MESOS-3348,0.944177
MESOS-3347,0.098425
MESOS-3346,0.809878
MESOS-3345,0.048858
MESOS-3344,0.009486
MESOS-3343,0.979668
MESOS-3342,0.051463
MESOS-3341,0.839734
MESOS-3340,0.120439
MESOS-3339,0.973645
MESOS-3338,0.01302
MESOS-3337,0.955651
MESOS-3336,0.19962
MESOS-3335,0.017309
MESOS-3334,0.980581
MESOS-3333,0.983723
MESOS-3332,0.835484
MESOS-3331,0.017986
MESOS-3330,0.012432
MESOS-3329,0.010987
MESOS-3328,0.00629
MESOS-3327,0.287568
MESOS-3326,0.024798
MESOS-3325,0.00629
MESOS-3324,0.014616
MESOS-3323,0.256273
MESOS-3322,0.073165
MESOS-3321,0.005302
MESOS-3320,0.111628
MESOS-3319,0.008316
MESOS-3318,0.008446
MESOS-3317,0.052619
MESOS-3316,0.007938
MESOS-3315,0.007233
MESOS-3314,0.00573
MESOS-3313,0.914291
MESOS-3312,0.198375
MESOS-3311,0.007461
MESOS-3310,0.951142
MESOS-3309,0.960657
MESOS-3308,0.968856
MESOS-3307,0.759939
MESOS-3306,0.506347
MESOS-3305,0.054199
MESOS-3304,0.07056
MESOS-3303,0.00514
MESOS-3302,0.982423
MESOS-3301,0.222025
MESOS-3300,0.005555
MESOS-3299,0.056236
MESOS-3298,0.006904
MESOS-3297,0.014504
MESOS-3296,0.020023
MESOS-3295,0.017045
MESOS-3294,0.015189
MESOS-3293,0.015664
MESOS-3292,0.020804
MESOS-3291,0.060087
MESOS-3290,0.010249
MESOS-3289,0.946597
MESOS-3288,0.965119
MESOS-3287,0.006193
MESOS-3286,0.006798
MESOS-3285,0.009784
MESOS-3284,0.01653
MESOS-3283,0.302185
MESOS-3282,0.004905
MESOS-3281,0.945801
MESOS-3280,0.009413
MESOS-3279,0.007461
MESOS-3278,0.085404
MESOS-3277,0.971779
MESOS-3276,0.890294
MESOS-3275,0.009559
MESOS-3274,0.009268
MESOS-3273,0.01292
MESOS-3272,0.00659
MESOS-3271,0.012625
MESOS-3270,0.006098
MESOS-3269,0.00573
MESOS-3268,0.004468
MESOS-3267,0.00514
MESOS-3266,0.395368
MESOS-3265,0.340979
MESOS-3264,0.037609
MESOS-3263,0.00483
MESOS-3262,0.005642
MESOS-3261,0.011508
MESOS-3260,0.006693
MESOS-3259,0.936749
MESOS-3258,0.042404
MESOS-3257,0.012625
MESOS-3256,0.948537
MESOS-3255,0.118385
MESOS-3254,0.006193
MESOS-3253,0.00986
MESOS-3252,0.008847
MESOS-3251,0.010328
MESOS-3250,0.008779
MESOS-3249,0.92944
MESOS-3248,0.972623
MESOS-3247,0.004682
MESOS-3246,0.959154
MESOS-3245,0.01017
MESOS-3244,0.851459
MESOS-3243,0.192843
MESOS-3242,0.008644
MESOS-3241,0.629205
MESOS-3240,0.629205
MESOS-3239,0.014392
MESOS-3238,0.00506
MESOS-3237,0.008316
MESOS-3236,0.113187
MESOS-3235,0.010818
MESOS-3234,0.015544
MESOS-3233,0.965381
MESOS-3232,0.940353
MESOS-3231,0.985271
MESOS-3230,0.979511
MESOS-3229,0.00506
MESOS-3228,0.007816
MESOS-3227,0.770465
MESOS-3226,0.960657
MESOS-3225,0.006388
MESOS-3224,0.750918
MESOS-3223,0.969785
MESOS-3222,0.927888
MESOS-3221,0.008577
MESOS-3220,0.978219
MESOS-3219,0.014282
MESOS-3218,0.377584
MESOS-3217,0.209793
MESOS-3216,0.008847
MESOS-3215,0.00407
MESOS-3214,0.969556
MESOS-3213,0.987568
MESOS-3212,0.812867
MESOS-3211,0.839208
MESOS-3210,0.036494
MESOS-3209,0.024423
MESOS-3208,0.62223
MESOS-3207,0.005302
MESOS-3206,0.00582
MESOS-3205,0.957596
MESOS-3204,0.009486
MESOS-3203,0.006004
MESOS-3202,0.122104
MESOS-3201,0.012241
MESOS-3200,0.095349
MESOS-3199,0.169956
MESOS-3198,0.003124
MESOS-3197,0.006193
MESOS-3196,0.124213
MESOS-3195,0.00659
MESOS-3194,0.943348
MESOS-3193,0.926304
MESOS-3192,0.227985
MESOS-3191,0.449151
MESOS-3190,0.958538
MESOS-3189,0.004332
MESOS-3188,0.901227
MESOS-3187,0.805632
MESOS-3186,0.961822
MESOS-3185,0.335351
MESOS-3184,0.011072
MESOS-3183,0.06165
MESOS-3182,0.684897
MESOS-3181,0.526343
MESOS-3180,0.886027
MESOS-3179,0.94699
MESOS-3178,0.138928
MESOS-3177,0.939025
MESOS-3176,0.897695
MESOS-3175,0.007696
MESOS-3174,0.00659
MESOS-3173,0.093347
MESOS-3172,0.033844
MESOS-3171,0.007346
MESOS-3170,0.010489
MESOS-3169,0.013121
MESOS-3168,0.007696
MESOS-3167,0.987179
MESOS-3166,0.695545
MESOS-3165,0.929951
MESOS-3164,0.242923
MESOS-3163,0.188922
MESOS-3162,0.301465
MESOS-3161,0.353038
MESOS-3160,0.00483
MESOS-3159,0.826151
MESOS-3158,0.749087
MESOS-3157,0.029091
MESOS-3156,0.011869
MESOS-3155,0.979036
MESOS-3154,0.951504
MESOS-3153,0.007938
MESOS-3152,0.944177
MESOS-3151,0.010328
MESOS-3150,0.00461
MESOS-3149,0.029312
MESOS-3148,0.009413
MESOS-3147,0.981875
MESOS-3146,0.945801
MESOS-3145,0.032837
MESOS-3144,0.039937
MESOS-3143,0.012336
MESOS-3142,0.965119
MESOS-3141,0.011508
MESOS-3140,0.899475
MESOS-3139,0.960952
MESOS-3138,0.00461
MESOS-3137,0.668556
MESOS-3136,0.008188
MESOS-3135,0.196826
MESOS-3134,0.03359
MESOS-3133,0.483892
MESOS-3132,0.806853
MESOS-3131,0.148047
MESOS-3130,0.939025
MESOS-3129,0.04778
MESOS-3128,0.004468
MESOS-3127,0.133415
MESOS-3126,0.008446
MESOS-3125,0.005469
MESOS-3124,0.013532
MESOS-3123,0.008316
MESOS-3122,0.909265
MESOS-3121,0.008062
MESOS-3120,0.085404
MESOS-3119,0.06489
MESOS-3118,0.0729
MESOS-3117,0.049959
MESOS-3116,0.316528
MESOS-3115,0.100525
MESOS-3114,0.079782
MESOS-3113,0.948917
MESOS-3112,0.771155
MESOS-3111,0.008779
MESOS-3110,0.964052
MESOS-3109,0.970465
MESOS-3108,0.944587
MESOS-3107,0.960657
MESOS-3106,0.969091
MESOS-3105,0.971564
MESOS-3104,0.947381
MESOS-3103,0.487795
MESOS-3102,0.559771
MESOS-3101,0.71602
MESOS-3100,0.971129
MESOS-3099,0.962391
MESOS-3098,0.981595
MESOS-3097,0.309597
MESOS-3096,0.981453
MESOS-3095,0.94079
MESOS-3094,0.96741
MESOS-3093,0.941223
MESOS-3092,0.702122
MESOS-3091,0.010489
MESOS-3090,0.009126
MESOS-3089,0.783988
MESOS-3088,0.131173
MESOS-3087,0.024988
MESOS-3086,0.011869
MESOS-3085,0.009268
MESOS-3084,0.961244
MESOS-3083,0.014957
MESOS-3082,0.008511
MESOS-3081,0.869715
MESOS-3080,0.005302
MESOS-3079,0.007577
MESOS-3078,0.166404
MESOS-3077,0.060087
MESOS-3076,0.842863
MESOS-3075,0.500977
MESOS-3074,0.964589
MESOS-3073,0.983597
MESOS-3072,0.980729
MESOS-3071,0.848471
MESOS-3070,0.010735
MESOS-3069,0.873215
MESOS-3068,0.91848
MESOS-3067,0.970013
MESOS-3066,0.844409
MESOS-3065,0.871037
MESOS-3064,0.075041
MESOS-3063,0.772874
MESOS-3062,0.354657
MESOS-3061,0.309911
MESOS-3060,0.005385
MESOS-3059,0.97631
MESOS-3058,0.00514
MESOS-3057,0.00407
MESOS-3056,0.012147
MESOS-3055,0.00934
MESOS-3054,0.060529
MESOS-3053,0.007233
MESOS-3052,0.021125
MESOS-3051,0.017577
MESOS-3050,0.008577
MESOS-3049,0.003824
MESOS-3048,0.003707
MESOS-3047,0.006904
MESOS-3046,0.012723
MESOS-3045,0.077518
MESOS-3044,0.060975
MESOS-3043,0.323006
MESOS-3042,0.180395
MESOS-3041,0.480966
MESOS-3040,0.065366
MESOS-3039,0.928926
MESOS-3038,0.089137
MESOS-3037,0.49707
MESOS-3036,0.261519
MESOS-3035,0.934395
MESOS-3034,0.012625
MESOS-3033,0.803791
MESOS-3032,0.866585
MESOS-3031,0.810479
MESOS-3030,0.008188
MESOS-3029,0.01653
MESOS-3028,0.009936
MESOS-3027,0.010735
MESOS-3026,0.006798
MESOS-3025,0.012625
MESOS-3024,0.121686
MESOS-3023,0.427755
MESOS-3022,0.618953
MESOS-3021,0.951142
MESOS-3020,0.802246
MESOS-3019,0.368803
MESOS-3018,0.934395
MESOS-3017,0.905322
MESOS-3016,0.378115
MESOS-3015,0.750553
MESOS-3014,0.964321
MESOS-3013,0.938576
MESOS-3012,0.693888
MESOS-3011,0.458591
MESOS-3009,0.462716
MESOS-3008,0.7237
MESOS-3007,0.857768
MESOS-3006,0.975577
MESOS-3005,0.011597
MESOS-3004,0.985158
MESOS-3003,0.972831
MESOS-3002,0.007938
MESOS-3001,0.950041
MESOS-3000,0.008252
MESOS-2999,0.978385
MESOS-2998,0.96378
MESOS-2997,0.004332
MESOS-2996,0.007938
MESOS-2995,0.487795
MESOS-2994,0.892187
MESOS-2993,0.015189
MESOS-2992,0.041153
MESOS-2991,0.015189
MESOS-2990,0.006488
MESOS-2989,0.024423
MESOS-2988,0.023509
MESOS-2987,0.006488
MESOS-2986,0.005911
MESOS-2985,0.015073
MESOS-2984,0.030676
MESOS-2983,0.032344
MESOS-2982,0.007577
MESOS-2981,0.951504
MESOS-2980,0.970013
MESOS-2979,0.914901
MESOS-2978,0.24599
MESOS-2977,0.065845
MESOS-2976,0.055005
MESOS-2975,0.005555
MESOS-2974,0.005469
MESOS-2973,0.006098
MESOS-2972,0.90261
MESOS-2971,0.983085
MESOS-2970,0.976847
MESOS-2969,0.979036
MESOS-2968,0.986363
MESOS-2967,0.185652
MESOS-2966,0.682362
MESOS-2965,0.097734
MESOS-2964,0.078926
MESOS-2963,0.24726
MESOS-2962,0.00582
MESOS-2961,0.97539
MESOS-2960,0.550366
MESOS-2959,0.675765
MESOS-2958,0.141756
MESOS-2957,0.066569
MESOS-2956,0.006098
MESOS-2955,0.982557
MESOS-2954,0.004199
MESOS-2953,0.210442
MESOS-2952,0.986151
MESOS-2951,0.962391
MESOS-2950,0.971347
MESOS-2949,0.988842
MESOS-2948,0.972204
MESOS-2947,0.932453
MESOS-2946,0.99494
MESOS-2945,0.989672
MESOS-2944,0.01653
MESOS-2943,0.005555
MESOS-2942,0.141756
MESOS-2941,0.212069
MESOS-2940,0.150528
MESOS-2939,0.343837
MESOS-2938,0.00659
MESOS-2937,0.984215
MESOS-2936,0.968381
MESOS-2935,0.100172
MESOS-2934,0.007233
MESOS-2933,0.292393
MESOS-2932,0.007577
MESOS-2931,0.173849
MESOS-2930,0.404507
MESOS-2929,0.008916
MESOS-2928,0.090093
MESOS-2927,0.006798
MESOS-2926,0.013223
MESOS-2925,0.022977
MESOS-2924,0.264928
MESOS-2923,0.014504
MESOS-2922,0.533154
MESOS-2921,0.174973
MESOS-2920,0.218836
MESOS-2919,0.050705
MESOS-2918,0.007816
MESOS-2917,0.009268
MESOS-2916,0.965381
MESOS-2915,0.920218
MESOS-2914,0.008779
MESOS-2913,0.763836
MESOS-2912,0.958226
MESOS-2911,0.909586
MESOS-2910,0.873647
MESOS-2909,0.334263
MESOS-2908,0.986777
MESOS-2907,0.908293
MESOS-2906,0.88642
MESOS-2905,0.006193
MESOS-2904,0.035411
MESOS-2903,0.021948
MESOS-2902,0.967163
MESOS-2900,0.005385
MESOS-2899,0.007346
MESOS-2898,0.731826
MESOS-2897,0.0341
MESOS-2896,0.103386
MESOS-2895,0.959762
MESOS-2894,0.003124
MESOS-2893,0.625324
MESOS-2892,0.260389
MESOS-2891,0.017442
MESOS-2890,0.005555
MESOS-2889,0.013532
MESOS-2888,0.188324
MESOS-2887,0.934873
MESOS-2886,0.783492
MESOS-2885,0.005302
MESOS-2884,0.954647
MESOS-2883,0.926835
MESOS-2882,0.004982
MESOS-2881,0.009413
MESOS-2880,0.939471
MESOS-2879,0.006488
MESOS-2878,0.960952
MESOS-2877,0.060087
MESOS-2876,0.112795
MESOS-2875,0.640622
MESOS-2874,0.017309
MESOS-2873,0.008779
MESOS-2871,0.014504
MESOS-2870,0.749087
MESOS-2869,0.008252
MESOS-2868,0.004682
MESOS-2867,0.01017
MESOS-2866,0.00629
MESOS-2865,0.007346
MESOS-2864,0.008577
MESOS-2863,0.013428
MESOS-2862,0.007346
MESOS-2861,0.168309
MESOS-2860,0.93196
MESOS-2859,0.098079
MESOS-2858,0.012528
MESOS-2857,0.010653
MESOS-2856,0.934395
MESOS-2855,0.764188
MESOS-2854,0.007233
MESOS-2853,0.405566
MESOS-2852,0.082697
MESOS-2851,0.951142
MESOS-2850,0.933431
MESOS-2849,0.478041
MESOS-2848,0.082994
MESOS-2847,0.894052
MESOS-2846,0.960952
MESOS-2845,0.025761
MESOS-2844,0.029312
MESOS-2843,0.035948
MESOS-2842,0.009197
MESOS-2841,0.983214
MESOS-2840,0.982691
MESOS-2839,0.012432
MESOS-2838,0.011597
MESOS-2837,0.124639
MESOS-2836,0.334209
MESOS-2835,0.013532
MESOS-2834,0.461745
MESOS-2833,0.862004
MESOS-2832,0.950778
MESOS-2831,0.010328
MESOS-2830,0.971564
MESOS-2829,0.012528
MESOS-2828,0.939913
MESOS-2827,0.057071
MESOS-2826,0.271831
MESOS-2825,0.16238
MESOS-2824,0.679604
MESOS-2823,0.851953
MESOS-2822,0.095349
MESOS-2821,0.938576
MESOS-2820,0.008916
MESOS-2819,0.107063
MESOS-2818,0.945399
MESOS-2817,0.954647
MESOS-2816,0.150778
MESOS-2815,0.006388
MESOS-2814,0.711832
MESOS-2813,0.977714
MESOS-2812,0.875787
MESOS-2811,0.970013
MESOS-2810,0.680772
MESOS-2809,0.007012
MESOS-2808,0.029987
MESOS-2807,0.870597
MESOS-2806,0.073963
MESOS-2805,0.703753
MESOS-2804,0.809577
MESOS-2803,0.011869
MESOS-2802,0.935817
MESOS-2801,0.041774
MESOS-2800,0.236164
MESOS-2799,0.123366
MESOS-2798,0.072374
MESOS-2797,0.006488
MESOS-2796,0.953966
MESOS-2795,0.986151
MESOS-2794,0.980129
MESOS-2793,0.982823
MESOS-2792,0.01142
MESOS-2791,0.137532
MESOS-2790,0.810479
MESOS-2789,0.024988
MESOS-2788,0.00522
MESOS-2787,0.004682
MESOS-2786,0.94079
MESOS-2785,0.006693
MESOS-2784,0.852445
MESOS-2783,0.930458
MESOS-2782,0.91118
MESOS-2781,0.007233
MESOS-2780,0.008188
MESOS-2779,0.008188
MESOS-2778,0.028653
MESOS-2777,0.943764
MESOS-2776,0.625152
MESOS-2775,0.69451
MESOS-2774,0.00573
MESOS-2773,0.606964
MESOS-2772,0.74055
MESOS-2771,0.007121
MESOS-2770,0.083591
MESOS-2769,0.185357
MESOS-2768,0.004905
MESOS-2767,0.894052
MESOS-2766,0.021615
MESOS-2765,0.008062
MESOS-2764,0.023689
MESOS-2763,0.956309
MESOS-2762,0.646948
MESOS-2761,0.919063
MESOS-2760,0.572962
MESOS-2759,0.007346
MESOS-2758,0.667208
MESOS-2757,0.061424
MESOS-2756,0.65839
MESOS-2755,0.086632
MESOS-2754,0.008188
MESOS-2753,0.785966
MESOS-2752,0.97631
MESOS-2751,0.011245
MESOS-2750,0.063948
MESOS-2749,0.01017
MESOS-2748,0.007696
MESOS-2747,0.979354
MESOS-2746,0.785966
MESOS-2745,0.044681
MESOS-2744,0.018833
MESOS-2743,0.813757
MESOS-2742,0.362969
MESOS-2741,0.045353
MESOS-2740,0.06804
MESOS-2739,0.082697
MESOS-2738,0.188922
MESOS-2737,0.951142
MESOS-2736,0.967899
MESOS-2735,0.030444
MESOS-2734,0.14731
MESOS-2733,0.118793
MESOS-2732,0.935817
MESOS-2731,0.988131
MESOS-2730,0.932453
MESOS-2729,0.145115
MESOS-2728,0.979823
MESOS-2727,0.060529
MESOS-2726,0.980281
MESOS-2725,0.893309
MESOS-2724,0.916708
MESOS-2723,0.009936
MESOS-2722,0.983847
MESOS-2721,0.98983
MESOS-2720,0.078078
MESOS-2719,0.303732
MESOS-2718,0.015664
MESOS-2717,0.989182
MESOS-2716,0.101233
MESOS-2715,0.018689
MESOS-2714,0.008644
MESOS-2713,0.018547
MESOS-2712,0.004007
MESOS-2711,0.88642
MESOS-2710,0.023689
MESOS-2709,0.991015
MESOS-2708,0.944995
MESOS-2707,0.013637
MESOS-2706,0.00986
MESOS-2705,0.098079
MESOS-2704,0.08882
MESOS-2703,0.892937
MESOS-2702,0.096706
MESOS-2701,0.257018
MESOS-2700,0.143668
MESOS-2699,0.070049
MESOS-2698,0.989511
MESOS-2697,0.917303
MESOS-2696,0.193757
MESOS-2695,0.217005
MESOS-2694,0.986151
MESOS-2693,0.040846
MESOS-2692,0.985043
MESOS-2691,0.091382
MESOS-2690,0.013956
MESOS-2689,0.232136
MESOS-2688,0.105579
MESOS-2687,0.083292
MESOS-2686,0.004134
MESOS-2685,0.132066
MESOS-2684,0.008062
MESOS-2683,0.498047
MESOS-2682,0.006693
MESOS-2681,0.033337
MESOS-2680,0.0729
MESOS-2679,0.007577
MESOS-2678,0.959154
MESOS-2677,0.151529
MESOS-2676,0.123366
MESOS-2675,0.020023
MESOS-2674,0.872347
MESOS-2673,0.163179
MESOS-2672,0.01142
MESOS-2671,0.008062
MESOS-2670,0.14731
MESOS-2669,0.084191
MESOS-2668,0.00506
MESOS-2667,0.180974
MESOS-2666,0.93196
MESOS-2665,0.040238
MESOS-2664,0.936749
MESOS-2663,0.040541
MESOS-2662,0.047074
MESOS-2661,0.268749
MESOS-2660,0.00629
MESOS-2659,0.014172
MESOS-2658,0.096365
MESOS-2657,0.813461
MESOS-2656,0.019271
MESOS-2655,0.958226
MESOS-2654,0.914291
MESOS-2653,0.817574
MESOS-2652,0.94699
MESOS-2651,0.961822
MESOS-2650,0.897336
MESOS-2649,0.680348
MESOS-2648,0.963231
MESOS-2647,0.119614
MESOS-2646,0.306813
MESOS-2645,0.666225
MESOS-2644,0.941223
MESOS-2643,0.019569
MESOS-2642,0.975577
MESOS-2641,0.941223
MESOS-2640,0.779658
MESOS-2639,0.056862
MESOS-2638,0.822759
MESOS-2637,0.010408
MESOS-2636,0.007577
MESOS-2635,0.007012
MESOS-2634,0.982151
MESOS-2633,0.363308
MESOS-2632,0.029987
MESOS-2631,0.044681
MESOS-2630,0.047426
MESOS-2629,0.719581
MESOS-2628,0.175821
MESOS-2627,0.016153
MESOS-2626,0.018405
MESOS-2625,0.07477
MESOS-2624,0.058132
MESOS-2623,0.012241
MESOS-2622,0.282691
MESOS-2621,0.184473
MESOS-2620,0.986572
MESOS-2619,0.027376
MESOS-2618,0.093678
MESOS-2617,0.00934
MESOS-2616,0.76769
MESOS-2615,0.974821
MESOS-2614,0.056862
MESOS-2613,0.211091
MESOS-2612,0.008446
MESOS-2611,0.008779
MESOS-2610,0.949295
MESOS-2609,0.811676
MESOS-2608,0.934873
MESOS-2607,0.056652
MESOS-2606,0.022457
MESOS-2605,0.009413
MESOS-2604,0.960063
MESOS-2603,0.008188
MESOS-2602,0.985718
MESOS-2601,0.008446
MESOS-2600,0.277865
MESOS-2599,0.115162
MESOS-2598,0.005642
MESOS-2597,0.958226
MESOS-2596,0.544317
MESOS-2595,0.926835
MESOS-2594,0.04778
MESOS-2593,0.19163
MESOS-2592,0.00934
MESOS-2591,0.740174
MESOS-2590,0.366987
MESOS-2589,0.00483
MESOS-2588,0.072374
MESOS-2587,0.108566
MESOS-2586,0.021125
MESOS-2585,0.092033
MESOS-2584,0.006693
MESOS-2583,0.009486
MESOS-2582,0.742048
MESOS-2581,0.916708
MESOS-2580,0.010902
MESOS-2579,0.033337
MESOS-2578,0.098425
MESOS-2577,0.039343
MESOS-2576,0.103386
MESOS-2575,0.007121
MESOS-2574,0.020177
MESOS-2573,0.065366
MESOS-2572,0.057705
MESOS-2571,0.057071
MESOS-2570,0.005642
MESOS-2569,0.974043
MESOS-2568,0.090414
MESOS-2567,0.010818
MESOS-2566,0.010818
MESOS-2565,0.152537
MESOS-2564,0.208179
MESOS-2563,0.092033
MESOS-2562,0.494629
MESOS-2561,0.073963
MESOS-2560,0.015544
MESOS-2559,0.005911
MESOS-2558,0.008711
MESOS-2557,0.010653
MESOS-2556,0.963231
MESOS-2555,0.115961
MESOS-2554,0.010014
MESOS-2553,0.00506
MESOS-2552,0.015906
MESOS-2551,0.938124
MESOS-2550,0.050331
MESOS-2549,0.117572
MESOS-2548,0.00514
MESOS-2547,0.6488
MESOS-2546,0.010489
MESOS-2545,0.924688
MESOS-2544,0.044349
MESOS-2543,0.024798
MESOS-2542,0.042088
MESOS-2541,0.022286
MESOS-2540,0.898053
MESOS-2539,0.010987
MESOS-2538,0.012432
MESOS-2537,0.008511
MESOS-2536,0.010328
MESOS-2535,0.949295
MESOS-2534,0.009197
MESOS-2533,0.957596
MESOS-2532,0.007696
MESOS-2531,0.029312
MESOS-2530,0.008711
MESOS-2529,0.00514
MESOS-2528,0.938576
MESOS-2527,0.036494
MESOS-2526,0.004265
MESOS-2525,0.851459
MESOS-2524,0.049959
MESOS-2523,0.012432
MESOS-2522,0.139866
MESOS-2521,0.19962
MESOS-2520,0.017045
MESOS-2519,0.330174
MESOS-2518,0.013325
MESOS-2517,0.017177
MESOS-2516,0.888372
MESOS-2515,0.792464
MESOS-2514,0.006693
MESOS-2513,0.012528
MESOS-2512,0.010987
MESOS-2511,0.2587
MESOS-2510,0.157655
MESOS-2509,0.007012
MESOS-2508,0.00514
MESOS-2507,0.149035
MESOS-2506,0.974629
MESOS-2505,0.204025
MESOS-2504,0.774924
MESOS-2503,0.311165
MESOS-2502,0.780328
MESOS-2501,0.300848
MESOS-2500,0.934395
MESOS-2499,0.010091
MESOS-2498,0.065605
MESOS-2497,0.016153
MESOS-2496,0.099121
MESOS-2495,0.812272
MESOS-2494,0.007461
MESOS-2493,0.005555
MESOS-2492,0.520984
MESOS-2491,0.073165
MESOS-2490,0.351979
MESOS-2489,0.944587
MESOS-2488,0.616705
MESOS-2487,0.013956
MESOS-2486,0.01302
MESOS-2485,0.222025
MESOS-2484,0.008779
MESOS-2483,0.492676
MESOS-2482,0.861538
MESOS-2481,0.085404
MESOS-2480,0.008779
MESOS-2479,0.00582
MESOS-2478,0.975946
MESOS-2477,0.749454
MESOS-2476,0.498535
MESOS-2475,0.070049
MESOS-2474,0.006488
MESOS-2473,0.080647
MESOS-2472,0.356895
MESOS-2471,0.211091
MESOS-2470,0.810479
MESOS-2469,0.011245
MESOS-2468,0.120439
MESOS-2467,0.821617
MESOS-2466,0.147065
MESOS-2465,0.118793
MESOS-2464,0.007938
MESOS-2463,0.009634
MESOS-2462,0.512205
MESOS-2461,0.272702
MESOS-2460,0.962953
MESOS-2459,0.927363
MESOS-2458,0.321993
MESOS-2457,0.010489
MESOS-2456,0.500488
MESOS-2455,0.965119
MESOS-2454,0.957912
MESOS-2453,0.983597
MESOS-2452,0.007121
MESOS-2451,0.009413
MESOS-2450,0.008985
MESOS-2449,0.988842
MESOS-2448,0.450118
MESOS-2447,0.005642
MESOS-2446,0.411259
MESOS-2445,0.949295
MESOS-2444,0.268366
MESOS-2443,0.942507
MESOS-2442,0.880797
MESOS-2441,0.401453
MESOS-2440,0.474631
MESOS-2439,0.08152
MESOS-2438,0.96741
MESOS-2437,0.010653
MESOS-2436,0.007816
MESOS-2435,0.031859
MESOS-2434,0.289773
MESOS-2433,0.031859
MESOS-2432,0.031859
MESOS-2431,0.031859
MESOS-2430,0.032837
MESOS-2429,0.112405
MESOS-2428,0.965119
MESOS-2427,0.965381
MESOS-2426,0.00934
MESOS-2425,0.009708
MESOS-2424,0.00659
MESOS-2423,0.949669
MESOS-2422,0.080357
MESOS-2421,0.013637
MESOS-2420,0.00986
MESOS-2419,0.010249
MESOS-2418,0.051845
MESOS-2417,0.011508
MESOS-2416,0.09401
MESOS-2415,0.597725
MESOS-2414,0.013223
MESOS-2413,0.032101
MESOS-2412,0.008779
MESOS-2411,0.00506
MESOS-2410,0.008985
MESOS-2409,0.007816
MESOS-2408,0.879561
MESOS-2407,0.007696
MESOS-2406,0.960361
MESOS-2405,0.063948
MESOS-2404,0.91848
MESOS-2403,0.008644
MESOS-2402,0.010987
MESOS-2401,0.008316
MESOS-2400,0.024423
MESOS-2399,0.860604
MESOS-2398,0.017177
MESOS-2397,0.924142
MESOS-2396,0.520984
MESOS-2395,0.031619
MESOS-2394,0.443841
MESOS-2393,0.043043
MESOS-2392,0.236869
MESOS-2391,0.801004
MESOS-2390,0.008916
MESOS-2389,0.086016
MESOS-2388,0.007816
MESOS-2387,0.009486
MESOS-2386,0.983847
MESOS-2385,0.012147
MESOS-2384,0.126785
MESOS-2383,0.008577
MESOS-2382,0.010489
MESOS-2381,0.013742
MESOS-2380,0.984694
MESOS-2379,0.014957
MESOS-2378,0.010091
MESOS-2377,0.005642
MESOS-2376,0.770119
MESOS-2375,0.035679
MESOS-2374,0.944995
MESOS-2373,0.036494
MESOS-2372,0.914291
MESOS-2371,0.015664
MESOS-2370,0.037609
MESOS-2369,0.013637
MESOS-2368,0.962673
MESOS-2367,0.076961
MESOS-2366,0.101233
MESOS-2365,0.120439
MESOS-2364,0.076684
MESOS-2363,0.959762
MESOS-2362,0.051845
MESOS-2361,0.933431
MESOS-2360,0.029312
MESOS-2359,0.103749
MESOS-2358,0.010489
MESOS-2357,0.027169
MESOS-2356,0.004332
MESOS-2355,0.007346
MESOS-2354,0.011158
MESOS-2353,0.935817
MESOS-2352,0.020646
MESOS-2351,0.935817
MESOS-2350,0.949295
MESOS-2349,0.871475
MESOS-2348,0.98983
MESOS-2347,0.974821
MESOS-2346,0.005642
MESOS-2345,0.831143
MESOS-2344,0.008916
MESOS-2343,0.005302
MESOS-2342,0.09739
MESOS-2341,0.743541
MESOS-2340,0.885235
MESOS-2339,0.49292
MESOS-2338,0.011158
MESOS-2337,0.00573
MESOS-2336,0.780662
MESOS-2335,0.98347
MESOS-2334,0.012241
MESOS-2333,0.969785
MESOS-2332,0.833325
MESOS-2331,0.008644
MESOS-2330,0.006193
MESOS-2329,0.007816
MESOS-2328,0.009708
MESOS-2327,0.006798
MESOS-2326,0.020332
MESOS-2325,0.00659
MESOS-2324,0.005911
MESOS-2323,0.146575
MESOS-2322,0.161056
MESOS-2321,0.011597
MESOS-2320,0.00573
MESOS-2319,0.004538
MESOS-2318,0.777975
MESOS-2317,0.88642
MESOS-2316,0.013428
MESOS-2315,0.101233
MESOS-2314,0.40028
MESOS-2313,0.020804
MESOS-2312,0.007012
MESOS-2311,0.003884
MESOS-2310,0.006004
MESOS-2309,0.011508
MESOS-2308,0.976847
MESOS-2307,0.013325
MESOS-2306,0.009634
MESOS-2305,0.780328
MESOS-2304,0.035411
MESOS-2303,0.09236
MESOS-2302,0.008779
MESOS-2301,0.011687
MESOS-2300,0.008316
MESOS-2299,0.267217
MESOS-2298,0.96641
MESOS-2297,0.986151
MESOS-2296,0.569853
MESOS-2295,0.340732
MESOS-2294,0.574634
MESOS-2293,0.579876
MESOS-2292,0.386995
MESOS-2291,0.658966
MESOS-2290,0.848972
MESOS-2289,0.980876
MESOS-2288,0.99014
MESOS-2287,0.391755
MESOS-2286,0.986979
MESOS-2285,0.875361
MESOS-2284,0.009634
MESOS-2283,0.009784
MESOS-2282,0.143908
MESOS-2281,0.141756
MESOS-2280,0.140808
MESOS-2279,0.014392
MESOS-2278,0.008316
MESOS-2277,0.046725
MESOS-2276,0.00506
MESOS-2275,0.117572
MESOS-2274,0.470737
MESOS-2273,0.285671
MESOS-2272,0.948155
MESOS-2271,0.980581
MESOS-2270,0.898767
MESOS-2269,0.00483
MESOS-2268,0.905322
MESOS-2267,0.96741
MESOS-2266,0.275519
MESOS-2265,0.950041
MESOS-2264,0.067547
MESOS-2263,0.072637
MESOS-2262,0.964052
MESOS-2261,0.0745
MESOS-2260,0.009197
MESOS-2259,0.006693
MESOS-2258,0.961534
MESOS-2257,0.913058
MESOS-2256,0.007577
MESOS-2255,0.007121
MESOS-2254,0.014729
MESOS-2253,0.033337
MESOS-2252,0.00629
MESOS-2251,0.012723
MESOS-2250,0.950041
MESOS-2249,0.950041
MESOS-2248,0.792464
MESOS-2247,0.94079
MESOS-2246,0.965641
MESOS-2245,0.007696
MESOS-2244,0.005469
MESOS-2243,0.096025
MESOS-2242,0.007938
MESOS-2241,0.011869
MESOS-2240,0.091058
MESOS-2239,0.008779
MESOS-2238,0.962391
MESOS-2237,0.113973
MESOS-2236,0.014729
MESOS-2235,0.879561
MESOS-2234,0.005911
MESOS-2233,0.493164
MESOS-2232,0.011332
MESOS-2231,0.013742
MESOS-2230,0.067793
MESOS-2229,0.331877
MESOS-2228,0.011778
MESOS-2227,0.012241
MESOS-2226,0.013637
MESOS-2225,0.015544
MESOS-2224,0.958226
MESOS-2223,0.060975
MESOS-2222,0.863852
MESOS-2221,0.964052
MESOS-2220,0.006098
MESOS-2219,0.971564
MESOS-2218,0.084795
MESOS-2217,0.134776
MESOS-2216,0.006904
MESOS-2215,0.007121
MESOS-2214,0.007938
MESOS-2213,0.977543
MESOS-2212,0.021125
MESOS-2211,0.034881
MESOS-2210,0.071332
MESOS-2209,0.008847
MESOS-2208,0.934395
MESOS-2207,0.005642
MESOS-2206,0.006904
MESOS-2205,0.932453
MESOS-2204,0.005642
MESOS-2203,0.034881
MESOS-2202,0.034881
MESOS-2201,0.010818
MESOS-2200,0.007938
MESOS-2199,0.005302
MESOS-2198,0.148047
MESOS-2197,0.981022
MESOS-2196,0.96741
MESOS-2195,0.010408
MESOS-2194,0.00629
MESOS-2193,0.930962
MESOS-2192,0.00934
MESOS-2191,0.789234
MESOS-2190,0.492188
MESOS-2189,0.008779
MESOS-2188,0.006904
MESOS-2187,0.716814
MESOS-2186,0.008711
MESOS-2185,0.009126
MESOS-2184,0.215351
MESOS-2183,0.008847
MESOS-2182,0.026759
MESOS-2181,0.00659
MESOS-2180,0.020023
MESOS-2179,0.008711
MESOS-2178,0.070304
MESOS-2177,0.842863
MESOS-2176,0.057493
MESOS-2175,0.243103
MESOS-2174,0.136148
MESOS-2173,0.640833
MESOS-2172,0.967163
MESOS-2171,0.009708
MESOS-2170,0.961244
MESOS-2169,0.430626
MESOS-2168,0.970688
MESOS-2167,0.021287
MESOS-2166,0.010014
MESOS-2165,0.008188
MESOS-2164,0.808974
MESOS-2163,0.00483
MESOS-2162,0.974821
MESOS-2161,0.011778
MESOS-2160,0.985271
MESOS-2159,0.961244
MESOS-2158,0.00629
MESOS-2157,0.605449
MESOS-2156,0.086323
MESOS-2155,0.869271
MESOS-2154,0.924142
MESOS-2153,0.882833
MESOS-2152,0.021781
MESOS-2151,0.017849
MESOS-2150,0.981595
MESOS-2149,0.066085
MESOS-2148,0.008062
MESOS-2147,0.012625
MESOS-2146,0.006904
MESOS-2145,0.894421
MESOS-2144,0.00629
MESOS-2143,0.00986
MESOS-2142,0.066812
MESOS-2141,0.069038
MESOS-2140,0.125493
MESOS-2139,0.592902
MESOS-2138,0.126785
MESOS-2137,0.121269
MESOS-2136,0.086323
MESOS-2135,0.732209
MESOS-2134,0.010091
MESOS-2133,0.749087
MESOS-2132,0.395251
MESOS-2131,0.943348
MESOS-2130,0.906653
MESOS-2129,0.982691
MESOS-2128,0.01017
MESOS-2127,0.218669
MESOS-2126,0.848471
MESOS-2125,0.076408
MESOS-2124,0.006904
MESOS-2123,0.979668
MESOS-2122,0.013428
MESOS-2121,0.009268
MESOS-2120,0.894789
MESOS-2119,0.116362
MESOS-2118,0.008125
MESOS-2117,0.006098
MESOS-2116,0.016029
MESOS-2115,0.919063
MESOS-2114,0.484868
MESOS-2113,0.327023
MESOS-2112,0.009055
MESOS-2111,0.057071
MESOS-2110,0.773901
MESOS-2109,0.966914
MESOS-2108,0.115561
MESOS-2107,0.876634
MESOS-2106,0.067793
MESOS-2105,0.273963
MESOS-2104,0.100879
MESOS-2103,0.430866
MESOS-2102,0.954984
MESOS-2101,0.977543
MESOS-2100,0.972831
MESOS-2099,0.706798
MESOS-2098,0.302597
MESOS-2097,0.039937
MESOS-2096,0.630856
MESOS-2095,0.073165
MESOS-2094,0.107437
MESOS-2093,0.951142
MESOS-2092,0.934873
MESOS-2091,0.11358
MESOS-2090,0.960063
MESOS-2089,0.839734
MESOS-2088,0.004755
MESOS-2087,0.436862
MESOS-2086,0.085404
MESOS-2085,0.933915
MESOS-2084,0.965119
MESOS-2083,0.941223
MESOS-2082,0.47317
MESOS-2081,0.933431
MESOS-2080,0.800692
MESOS-2079,0.054399
MESOS-2078,0.010489
MESOS-2077,0.188324
MESOS-2076,0.887205
MESOS-2075,0.968856
MESOS-2074,0.881207
MESOS-2073,0.458106
MESOS-2072,0.771843
MESOS-2071,0.010328
MESOS-2070,0.93196
MESOS-2069,0.891811
MESOS-2068,0.308972
MESOS-2067,0.969785
MESOS-2066,0.200245
MESOS-2065,0.974629
MESOS-2064,0.975946
MESOS-2063,0.979354
MESOS-2062,0.964589
MESOS-2061,0.176672
MESOS-2060,0.983214
MESOS-2059,0.208501
MESOS-2058,0.139396
MESOS-2057,0.971564
MESOS-2056,0.919643
MESOS-2055,0.010735
MESOS-2054,0.917893
MESOS-2053,0.936749
MESOS-2052,0.01057
MESOS-2051,0.143188
MESOS-2050,0.978385
MESOS-2049,0.008511
MESOS-2048,0.009708
MESOS-2047,0.014282
MESOS-2046,0.020177
MESOS-2045,0.848972
MESOS-2044,0.983597
MESOS-2043,0.012241
MESOS-2042,0.970909
MESOS-2041,0.91118
MESOS-2040,0.96641
MESOS-2039,0.914901
MESOS-2038,0.059647
MESOS-2037,0.06256
MESOS-2036,0.007696
MESOS-2035,0.825027
MESOS-2034,0.209146
MESOS-2033,0.894052
MESOS-2032,0.971347
MESOS-2031,0.533641
MESOS-2030,0.393152
MESOS-2029,0.286968
MESOS-2028,0.006488
MESOS-2027,0.006904
MESOS-2026,0.005642
MESOS-2025,0.010014
MESOS-2024,0.167219
MESOS-2023,0.175821
MESOS-2022,0.014282
MESOS-2021,0.012241
MESOS-2020,0.00986
MESOS-2019,0.937211
MESOS-2018,0.982288
MESOS-2017,0.006904
MESOS-2016,0.039343
MESOS-2015,0.005911
MESOS-2014,0.004982
MESOS-2013,0.007012
MESOS-2012,0.095013
MESOS-2011,0.144631
MESOS-2010,0.112405
MESOS-2009,0.113973
MESOS-2008,0.00506
MESOS-2007,0.00573
MESOS-2006,0.529263
MESOS-2005,0.995095
MESOS-2004,0.008916
MESOS-2003,0.007233
MESOS-2002,0.968856
MESOS-2001,0.989672
MESOS-2000,0.873647
MESOS-1999,0.021125
MESOS-1998,0.011961
MESOS-1997,0.807157
MESOS-1996,0.007461
MESOS-1995,0.981022
MESOS-1994,0.011508
MESOS-1993,0.00522
MESOS-1992,0.57344
MESOS-1991,0.944995
MESOS-1990,0.008644
MESOS-1989,0.008985
MESOS-1988,0.332907
MESOS-1987,0.115561
MESOS-1986,0.028221
MESOS-1985,0.564579
MESOS-1984,0.131619
MESOS-1983,0.551574
MESOS-1982,0.862004
MESOS-1981,0.056236
MESOS-1980,0.19962
MESOS-1979,0.782663
MESOS-1978,0.923592
MESOS-1977,0.661923
MESOS-1976,0.003884
MESOS-1975,0.034619
MESOS-1974,0.979511
MESOS-1973,0.014842
MESOS-1972,0.906322
MESOS-1971,0.020489
MESOS-1970,0.007346
MESOS-1969,0.005642
MESOS-1968,0.007346
MESOS-1967,0.009413
MESOS-1966,0.977714
MESOS-1965,0.962673
MESOS-1964,0.908293
MESOS-1963,0.644071
MESOS-1962,0.970688
MESOS-1961,0.917893
MESOS-1960,0.149531
MESOS-1959,0.149531
MESOS-1958,0.062789
MESOS-1957,0.539226
MESOS-1956,0.399226
MESOS-1955,0.97539
MESOS-1954,0.32314
MESOS-1953,0.607197
MESOS-1952,0.260201
MESOS-1951,0.829492
MESOS-1950,0.962391
MESOS-1949,0.944995
MESOS-1948,0.01142
MESOS-1947,0.958226
MESOS-1946,0.005555
MESOS-1945,0.009634
MESOS-1944,0.499512
MESOS-1943,0.91118
MESOS-1942,0.00506
MESOS-1941,0.372391
MESOS-1940,0.944995
MESOS-1939,0.933431
MESOS-1938,0.475118
MESOS-1937,0.387459
MESOS-1936,0.006004
MESOS-1935,0.051463
MESOS-1934,0.008316
MESOS-1933,0.459561
MESOS-1932,0.316581
MESOS-1931,0.973037
MESOS-1930,0.090735
MESOS-1929,0.538983
MESOS-1928,0.145115
MESOS-1927,0.530236
MESOS-1926,0.499512
MESOS-1925,0.774242
MESOS-1924,0.003945
MESOS-1923,0.882833
MESOS-1922,0.01292
MESOS-1921,0.960657
MESOS-1920,0.538983
MESOS-1919,0.923592
MESOS-1918,0.068787
MESOS-1917,0.955651
MESOS-1916,0.676139
MESOS-1915,0.010091
MESOS-1914,0.778986
MESOS-1913,0.914291
MESOS-1912,0.952926
MESOS-1911,0.975202
MESOS-1909,0.923039
MESOS-1908,0.943764
MESOS-1907,0.013121
MESOS-1906,0.007461
MESOS-1905,0.982557
MESOS-1904,0.153042
MESOS-1903,0.896976
MESOS-1902,0.930458
MESOS-1901,0.00506
MESOS-1900,0.386879
MESOS-1899,0.106691
MESOS-1898,0.013637
MESOS-1897,0.013637
MESOS-1896,0.954984
MESOS-1895,0.461988
MESOS-1894,0.977023
MESOS-1893,0.972204
MESOS-1892,0.00659
MESOS-1891,0.995601
MESOS-1890,0.008916
MESOS-1889,0.990441
MESOS-1888,0.871912
MESOS-1887,0.873647
MESOS-1886,0.632233
MESOS-1885,0.012625
MESOS-1884,0.03138
MESOS-1883,0.010408
MESOS-1882,0.126353
MESOS-1881,0.004199
MESOS-1880,0.057282
MESOS-1879,0.020646
MESOS-1878,0.00522
MESOS-1877,0.007461
MESOS-1876,0.050331
MESOS-1875,0.00407
MESOS-1874,0.671201
MESOS-1873,0.008511
MESOS-1872,0.078642
MESOS-1871,0.011508
MESOS-1870,0.015785
MESOS-1869,0.010902
MESOS-1868,0.017442
MESOS-1867,0.009055
MESOS-1866,0.015073
MESOS-1865,0.011778
MESOS-1864,0.972831
MESOS-1863,0.67405
MESOS-1862,0.010489
MESOS-1861,0.057071
MESOS-1860,0.976669
MESOS-1859,0.008577
MESOS-1858,0.006693
MESOS-1857,0.004755
MESOS-1856,0.098425
MESOS-1855,0.007121
MESOS-1854,0.011072
MESOS-1853,0.018405
MESOS-1852,0.007121
MESOS-1851,0.049959
MESOS-1850,0.007577
MESOS-1849,0.01292
MESOS-1848,0.011687
MESOS-1847,0.010653
MESOS-1846,0.067547
MESOS-1845,0.013223
MESOS-1844,0.008062
MESOS-1843,0.00573
MESOS-1842,0.008446
MESOS-1841,0.806548
MESOS-1840,0.083591
MESOS-1839,0.006798
MESOS-1838,0.828939
MESOS-1837,0.00659
MESOS-1836,0.977543
MESOS-1835,0.006904
MESOS-1834,0.004265
MESOS-1833,0.004332
MESOS-1832,0.119203
MESOS-1831,0.052619
MESOS-1830,0.125923
MESOS-1829,0.936285
MESOS-1828,0.978219
MESOS-1827,0.005469
MESOS-1826,0.589007
MESOS-1825,0.013325
MESOS-1824,0.004905
MESOS-1823,0.008316
MESOS-1822,0.00522
MESOS-1821,0.008577
MESOS-1820,0.93196
MESOS-1819,0.011869
MESOS-1818,0.006488
MESOS-1817,0.010249
MESOS-1816,0.956957
MESOS-1815,0.670015
MESOS-1814,0.007346
MESOS-1813,0.364325
MESOS-1812,0.005642
MESOS-1811,0.959154
MESOS-1810,0.981736
MESOS-1809,0.010014
MESOS-1808,0.170784
MESOS-1807,0.878731
MESOS-1806,0.941223
MESOS-1805,0.079496
MESOS-1804,0.007121
MESOS-1803,0.016277
MESOS-1802,0.009784
MESOS-1801,0.005911
MESOS-1800,0.006693
MESOS-1799,0.015073
MESOS-1798,0.089455
MESOS-1797,0.089455
MESOS-1796,0.915507
MESOS-1795,0.010735
MESOS-1794,0.171061
MESOS-1793,0.246896
MESOS-1792,0.949295
MESOS-1791,0.981022
MESOS-1790,0.224055
MESOS-1789,0.013637
MESOS-1788,0.109325
MESOS-1787,0.720172
MESOS-1786,0.009197
MESOS-1785,0.008062
MESOS-1784,0.988668
MESOS-1783,0.007816
MESOS-1782,0.006388
MESOS-1781,0.004905
MESOS-1780,0.009486
MESOS-1779,0.016029
MESOS-1778,0.102305
MESOS-1777,0.912124
MESOS-1776,0.010408
MESOS-1775,0.011245
MESOS-1774,0.008644
MESOS-1773,0.134776
MESOS-1772,0.008779
MESOS-1771,0.170508
MESOS-1770,0.410874
MESOS-1769,0.014957
MESOS-1768,0.734881
MESOS-1767,0.003538
MESOS-1766,0.008779
MESOS-1765,0.904987
MESOS-1764,0.017986
MESOS-1763,0.992423
MESOS-1762,0.900179
MESOS-1761,0.011597
MESOS-1760,0.013742
MESOS-1759,0.987179
MESOS-1758,0.023689
MESOS-1757,0.739799
MESOS-1756,0.91848
MESOS-1755,0.032101
MESOS-1754,0.010818
MESOS-1753,0.077518
MESOS-1752,0.485112
MESOS-1751,0.007121
MESOS-1750,0.016403
MESOS-1749,0.007938
MESOS-1748,0.007816
MESOS-1747,0.006904
MESOS-1746,0.01292
MESOS-1745,0.011245
MESOS-1744,0.902266
MESOS-1743,0.006098
MESOS-1742,0.290176
MESOS-1741,0.00365
MESOS-1740,0.00514
MESOS-1739,0.948537
MESOS-1738,0.00659
MESOS-1737,0.006488
MESOS-1736,0.004538
MESOS-1735,0.012054
MESOS-1734,0.414425
MESOS-1733,0.106691
MESOS-1732,0.009413
MESOS-1731,0.578091
MESOS-1730,0.00506
MESOS-1729,0.00522
MESOS-1728,0.19498
MESOS-1727,0.007696
MESOS-1726,0.008511
MESOS-1725,0.00934
MESOS-1724,0.006693
MESOS-1723,0.892937
MESOS-1722,0.004905
MESOS-1721,0.035411
MESOS-1720,0.009936
MESOS-1719,0.952574
MESOS-1718,0.558327
MESOS-1717,0.004755
MESOS-1716,0.00514
MESOS-1715,0.006098
MESOS-1714,0.082402
MESOS-1713,0.006098
MESOS-1712,0.023331
MESOS-1711,0.653072
MESOS-1710,0.006488
MESOS-1709,0.023871
MESOS-1708,0.007346
MESOS-1707,0.004905
MESOS-1706,0.974239
MESOS-1705,0.00514
MESOS-1704,0.010653
MESOS-1703,0.01302
MESOS-1702,0.179531
MESOS-1701,0.012432
MESOS-1700,0.006798
MESOS-1699,0.010249
MESOS-1698,0.012528
MESOS-1697,0.048496
MESOS-1696,0.03622
MESOS-1695,0.00582
MESOS-1694,0.021125
MESOS-1693,0.041153
MESOS-1692,0.012723
MESOS-1691,0.062331
MESOS-1690,0.012054
MESOS-1689,0.015664
MESOS-1688,0.011508
MESOS-1687,0.007012
MESOS-1686,0.00659
MESOS-1685,0.006798
MESOS-1684,0.652532
MESOS-1683,0.221014
MESOS-1682,0.047074
MESOS-1681,0.008511
MESOS-1680,0.009784
MESOS-1679,0.022457
MESOS-1678,0.628379
MESOS-1677,0.008062
MESOS-1676,0.008446
MESOS-1675,0.018547
MESOS-1674,0.551574
MESOS-1673,0.008252
MESOS-1672,0.185357
MESOS-1671,0.134321
MESOS-1670,0.004538
MESOS-1669,0.106691
MESOS-1668,0.026156
MESOS-1667,0.431345
MESOS-1666,0.509276
MESOS-1665,0.006693
MESOS-1664,0.154058
MESOS-1663,0.015664
MESOS-1662,0.010091
MESOS-1661,0.011778
MESOS-1660,0.067793
MESOS-1659,0.974435
MESOS-1658,0.013121
MESOS-1657,0.349921
MESOS-1656,0.474388
MESOS-1655,0.007816
MESOS-1654,0.92523
MESOS-1653,0.006904
MESOS-1652,0.714429
MESOS-1651,0.957596
MESOS-1650,0.378689
MESOS-1649,0.01017
MESOS-1648,0.631651
MESOS-1647,0.008577
MESOS-1646,0.824179
MESOS-1645,0.698329
MESOS-1644,0.904313
MESOS-1643,0.969785
MESOS-1642,0.149035
MESOS-1641,0.007938
MESOS-1640,0.004982
MESOS-1639,0.010091
MESOS-1638,0.967899
MESOS-1637,0.83868
MESOS-1636,0.004905
MESOS-1635,0.007577
MESOS-1634,0.00506
MESOS-1633,0.90261
MESOS-1632,0.005385
MESOS-1631,0.028436
MESOS-1630,0.026355
MESOS-1629,0.00659
MESOS-1628,0.010902
MESOS-1627,0.005385
MESOS-1626,0.325089
MESOS-1625,0.034881
MESOS-1624,0.005911
MESOS-1623,0.05301
MESOS-1622,0.186243
MESOS-1621,0.977883
MESOS-1620,0.170508
MESOS-1619,0.00506
MESOS-1618,0.980581
MESOS-1617,0.034619
MESOS-1616,0.102305
MESOS-1615,0.866585
MESOS-1614,0.008644
MESOS-1613,0.006388
MESOS-1612,0.00838
MESOS-1611,0.007938
MESOS-1610,0.013849
MESOS-1609,0.007012
MESOS-1608,0.931463
MESOS-1607,0.977543
MESOS-1606,0.00582
MESOS-1605,0.2763
MESOS-1604,0.00573
MESOS-1603,0.00934
MESOS-1602,0.008916
MESOS-1601,0.367611
MESOS-1600,0.249264
MESOS-1599,0.831143
MESOS-1598,0.955319
MESOS-1597,0.891434
MESOS-1596,0.982691
MESOS-1595,0.897336
MESOS-1594,0.010735
MESOS-1593,0.970688
MESOS-1592,0.984094
MESOS-1591,0.250913
MESOS-1590,0.23634
MESOS-1589,0.944995
MESOS-1588,0.823896
MESOS-1587,0.285671
MESOS-1586,0.675978
MESOS-1585,0.976669
MESOS-1584,0.986572
MESOS-1583,0.08819
MESOS-1582,0.449151
MESOS-1581,0.476092
MESOS-1580,0.154567
MESOS-1579,0.52683
MESOS-1578,0.009708
MESOS-1577,0.005911
MESOS-1576,0.881615
MESOS-1575,0.013428
MESOS-1574,0.319546
MESOS-1573,0.302494
MESOS-1572,0.075041
MESOS-1571,0.131619
MESOS-1570,0.00986
MESOS-1569,0.655346
MESOS-1568,0.948155
MESOS-1567,0.128963
MESOS-1566,0.964321
MESOS-1565,0.352877
MESOS-1564,0.015785
MESOS-1563,0.008577
MESOS-1562,0.004265
MESOS-1561,0.378115
MESOS-1560,0.017442
MESOS-1559,0.192843
MESOS-1558,0.014392
MESOS-1557,0.932944
MESOS-1556,0.941223
MESOS-1555,0.008577
MESOS-1554,0.986363
MESOS-1553,0.008446
MESOS-1552,0.18743
MESOS-1551,0.004265
MESOS-1550,0.012528
MESOS-1549,0.011508
MESOS-1548,0.008644
MESOS-1547,0.008446
MESOS-1546,0.961822
MESOS-1545,0.008779
MESOS-1544,0.007233
MESOS-1543,0.00986
MESOS-1542,0.004199
MESOS-1541,0.011778
MESOS-1540,0.01057
MESOS-1539,0.013742
MESOS-1538,0.010091
MESOS-1537,0.51562
MESOS-1536,0.007346
MESOS-1535,0.005642
MESOS-1534,0.008062
MESOS-1533,0.008188
MESOS-1532,0.005911
MESOS-1531,0.011158
MESOS-1530,0.697609
MESOS-1529,0.022629
MESOS-1528,0.951504
MESOS-1527,0.894789
MESOS-1526,0.008577
MESOS-1525,0.754915
MESOS-1524,0.983847
MESOS-1523,0.173009
MESOS-1522,0.004905
MESOS-1521,0.007696
MESOS-1520,0.004982
MESOS-1519,0.965641
MESOS-1518,0.72662
MESOS-1517,0.753648
MESOS-1516,0.008577
MESOS-1515,0.007461
MESOS-1514,0.008644
MESOS-1513,0.014282
MESOS-1512,0.00659
MESOS-1511,0.964052
MESOS-1510,0.681727
MESOS-1509,0.119203
MESOS-1508,0.117572
MESOS-1507,0.818737
MESOS-1506,0.071332
MESOS-1505,0.075858
MESOS-1504,0.003222
MESOS-1503,0.916708
MESOS-1502,0.814643
MESOS-1501,0.812867
MESOS-1500,0.005385
MESOS-1499,0.748536
MESOS-1498,0.899121
MESOS-1497,0.006693
MESOS-1496,0.007012
MESOS-1495,0.044349
MESOS-1494,0.003824
MESOS-1493,0.076132
MESOS-1492,0.231962
MESOS-1491,0.101589
MESOS-1490,0.007012
MESOS-1489,0.113187
MESOS-1488,0.007577
MESOS-1487,0.182426
MESOS-1486,0.946597
MESOS-1485,0.006388
MESOS-1484,0.970013
MESOS-1483,0.008188
MESOS-1482,0.008316
MESOS-1481,0.005385
MESOS-1480,0.913368
MESOS-1479,0.007461
MESOS-1478,0.464416
MESOS-1477,0.005385
MESOS-1476,0.611266
MESOS-1475,0.211091
MESOS-1474,0.974435
MESOS-1473,0.007696
MESOS-1472,0.011332
MESOS-1471,0.96741
MESOS-1470,0.701509
MESOS-1469,0.005555
MESOS-1468,0.006193
MESOS-1467,0.007121
MESOS-1466,0.010091
MESOS-1465,0.688887
MESOS-1464,0.00506
MESOS-1463,0.004332
MESOS-1462,0.025179
MESOS-1461,0.971779
MESOS-1460,0.007346
MESOS-1459,0.018125
MESOS-1458,0.167219
MESOS-1457,0.103749
MESOS-1456,0.024054
MESOS-1455,0.014172
MESOS-1454,0.01653
MESOS-1453,0.631026
MESOS-1452,0.894789
MESOS-1451,0.072637
MESOS-1450,0.595257
MESOS-1449,0.011332
MESOS-1448,0.006193
MESOS-1447,0.198685
MESOS-1446,0.969091
MESOS-1445,0.094678
MESOS-1444,0.04778
MESOS-1443,0.696991
MESOS-1442,0.00986
MESOS-1441,0.010902
MESOS-1440,0.726814
MESOS-1439,0.004905
MESOS-1438,0.008577
MESOS-1437,0.008062
MESOS-1436,0.009197
MESOS-1435,0.006904
MESOS-1434,0.010902
MESOS-1433,0.007577
MESOS-1432,0.013849
MESOS-1431,0.022977
MESOS-1430,0.008188
MESOS-1429,0.004755
MESOS-1428,0.009784
MESOS-1427,0.029987
MESOS-1426,0.078926
MESOS-1425,0.007233
MESOS-1424,0.153042
MESOS-1423,0.006904
MESOS-1422,0.007816
MESOS-1421,0.977197
MESOS-1420,0.082697
MESOS-1419,0.013121
MESOS-1418,0.021451
MESOS-1417,0.012625
MESOS-1416,0.006693
MESOS-1415,0.00522
MESOS-1414,0.011597
MESOS-1413,0.009126
MESOS-1412,0.009197
MESOS-1411,0.31279
MESOS-1410,0.144873
MESOS-1409,0.917893
MESOS-1408,0.02976
MESOS-1407,0.978875
MESOS-1406,0.003028
MESOS-1405,0.297674
MESOS-1404,0.013956
MESOS-1403,0.006904
MESOS-1402,0.006693
MESOS-1401,0.005642
MESOS-1400,0.008577
MESOS-1399,0.2304
MESOS-1398,0.099121
MESOS-1397,0.948155
MESOS-1396,0.125923
MESOS-1395,0.721351
MESOS-1394,0.100879
MESOS-1393,0.599251
MESOS-1392,0.004007
MESOS-1391,0.781664
MESOS-1390,0.928926
MESOS-1389,0.013742
MESOS-1388,0.012432
MESOS-1387,0.055823
MESOS-1386,0.689515
MESOS-1385,0.004982
MESOS-1384,0.974629
MESOS-1383,0.792464
MESOS-1382,0.070049
MESOS-1381,0.400984
MESOS-1380,0.03138
MESOS-1379,0.933915
MESOS-1378,0.007233
MESOS-1377,0.660118
MESOS-1376,0.008446
MESOS-1375,0.62473
MESOS-1374,0.218003
MESOS-1373,0.157655
MESOS-1372,0.010328
MESOS-1371,0.934395
MESOS-1370,0.006904
MESOS-1369,0.00483
MESOS-1368,0.00522
MESOS-1367,0.909265
MESOS-1366,0.787278
MESOS-1365,0.007696
MESOS-1364,0.012432
MESOS-1363,0.01057
MESOS-1362,0.007696
MESOS-1361,0.008446
MESOS-1360,0.925769
MESOS-1359,0.008316
MESOS-1358,0.062103
MESOS-1357,0.955651
MESOS-1356,0.014729
MESOS-1355,0.006798
MESOS-1354,0.009197
MESOS-1353,0.007233
MESOS-1352,0.008577
MESOS-1351,0.01057
MESOS-1350,0.899475
MESOS-1349,0.498047
MESOS-1348,0.010249
MESOS-1347,0.014172
MESOS-1346,0.077239
MESOS-1345,0.334145
MESOS-1344,0.372905
MESOS-1343,0.473657
MESOS-1342,0.980431
MESOS-1341,0.009936
MESOS-1340,0.045692
MESOS-1339,0.210442
MESOS-1338,0.00343
MESOS-1337,0.007233
MESOS-1336,0.01142
MESOS-1335,0.68721
MESOS-1334,0.979354
MESOS-1333,0.005385
MESOS-1332,0.225076
MESOS-1331,0.008711
MESOS-1330,0.988492
MESOS-1329,0.008511
MESOS-1328,0.019124
MESOS-1327,0.753104
MESOS-1326,0.321939
MESOS-1325,0.968141
MESOS-1324,0.814348
MESOS-1323,0.006388
MESOS-1322,0.823328
MESOS-1321,0.943348
MESOS-1320,0.880386
MESOS-1319,0.754915
MESOS-1318,0.01292
MESOS-1317,0.934395
MESOS-1316,0.538255
MESOS-1315,0.881207
MESOS-1314,0.73029
MESOS-1313,0.015425
MESOS-1312,0.15662
MESOS-1311,0.519521
MESOS-1310,0.01057
MESOS-1309,0.430387
MESOS-1308,0.214691
MESOS-1307,0.879974
MESOS-1306,0.989013
MESOS-1305,0.892563
MESOS-1304,0.630514
MESOS-1303,0.019871
MESOS-1302,0.008577
MESOS-1301,0.00934
MESOS-1300,0.010489
MESOS-1299,0.01017
MESOS-1298,0.009413
MESOS-1297,0.009197
MESOS-1296,0.011245
MESOS-1295,0.009413
MESOS-1294,0.00986
MESOS-1293,0.008916
MESOS-1292,0.010653
MESOS-1291,0.860604
MESOS-1290,0.015906
MESOS-1289,0.004682
MESOS-1288,0.015544
MESOS-1287,0.622072
MESOS-1286,0.932453
MESOS-1285,0.058132
MESOS-1284,0.047074
MESOS-1283,0.156105
MESOS-1282,0.915507
MESOS-1281,0.010328
MESOS-1280,0.150278
MESOS-1279,0.145601
MESOS-1278,0.939913
MESOS-1277,0.004134
MESOS-1276,0.060087
MESOS-1275,0.00986
MESOS-1274,0.27474
MESOS-1273,0.005469
MESOS-1272,0.140808
MESOS-1271,0.005302
MESOS-1270,0.559049
MESOS-1269,0.141281
MESOS-1268,0.00506
MESOS-1267,0.227469
MESOS-1266,0.004682
MESOS-1265,0.010818
MESOS-1264,0.015189
MESOS-1263,0.007938
MESOS-1262,0.006904
MESOS-1261,0.030215
MESOS-1260,0.039048
MESOS-1259,0.45641
MESOS-1258,0.007121
MESOS-1257,0.008316
MESOS-1256,0.968141
MESOS-1255,0.939471
MESOS-1254,0.571169
MESOS-1253,0.008062
MESOS-1252,0.248352
MESOS-1251,0.801315
MESOS-1250,0.004134
MESOS-1249,0.031619
MESOS-1248,0.925769
MESOS-1247,0.020804
MESOS-1246,0.452778
MESOS-1245,0.008985
MESOS-1244,0.014282
MESOS-1243,0.110471
MESOS-1242,0.01653
MESOS-1241,0.013325
MESOS-1240,0.213705
MESOS-1239,0.007938
MESOS-1238,0.012528
MESOS-1237,0.0341
MESOS-1236,0.166947
MESOS-1235,0.002981
MESOS-1234,0.172729
MESOS-1233,0.36163
MESOS-1232,0.01292
MESOS-1231,0.006098
MESOS-1230,0.012821
MESOS-1229,0.017986
MESOS-1228,0.969324
MESOS-1227,0.018833
MESOS-1226,0.627723
MESOS-1225,0.954647
MESOS-1224,0.988668
MESOS-1223,0.153549
MESOS-1222,0.012432
MESOS-1221,0.023689
MESOS-1220,0.007816
MESOS-1219,0.054199
MESOS-1218,0.90261
MESOS-1217,0.536313
MESOS-1216,0.010014
MESOS-1215,0.126785
MESOS-1214,0.005469
MESOS-1213,0.063251
MESOS-1212,0.920218
MESOS-1211,0.018689
MESOS-1210,0.007938
MESOS-1209,0.004682
MESOS-1208,0.007012
MESOS-1207,0.089455
MESOS-1206,0.017442
MESOS-1205,0.277669
MESOS-1204,0.039343
MESOS-1203,0.964321
MESOS-1202,0.025761
MESOS-1201,0.02976
MESOS-1200,0.173568
MESOS-1199,0.164248
MESOS-1198,0.583322
MESOS-1197,0.950411
MESOS-1196,0.244003
MESOS-1195,0.009126
MESOS-1194,0.004982
MESOS-1193,0.005555
MESOS-1192,0.004538
MESOS-1191,0.013742
MESOS-1190,0.007816
MESOS-1189,0.013637
MESOS-1188,0.83602
MESOS-1187,0.007012
MESOS-1186,0.007816
MESOS-1185,0.935817
MESOS-1184,0.156362
MESOS-1183,0.181263
MESOS-1182,0.145601
MESOS-1181,0.074231
MESOS-1180,0.006488
MESOS-1179,0.051083
MESOS-1178,0.011687
MESOS-1177,0.005911
MESOS-1176,0.004538
MESOS-1175,0.030909
MESOS-1174,0.010489
MESOS-1173,0.006904
MESOS-1172,0.010653
MESOS-1171,0.013849
MESOS-1170,0.014282
MESOS-1169,0.010735
MESOS-1168,0.014957
MESOS-1167,0.010091
MESOS-1166,0.890675
MESOS-1165,0.011961
MESOS-1164,0.004905
MESOS-1163,0.008062
MESOS-1162,0.913984
MESOS-1161,0.014957
MESOS-1160,0.132515
MESOS-1159,0.931463
MESOS-1158,0.005302
MESOS-1157,0.004134
MESOS-1156,0.005302
MESOS-1155,0.792143
MESOS-1154,0.006004
MESOS-1153,0.008188
MESOS-1152,0.007233
MESOS-1151,0.325145
MESOS-1150,0.011597
MESOS-1149,0.008847
MESOS-1148,0.839208
MESOS-1147,0.09739
MESOS-1146,0.820469
MESOS-1145,0.189821
MESOS-1144,0.989182
MESOS-1143,0.061199
MESOS-1142,0.380529
MESOS-1141,0.295027
MESOS-1140,0.96641
MESOS-1139,0.943348
MESOS-1138,0.581184
MESOS-1137,0.149283
MESOS-1136,0.968856
MESOS-1135,0.016153
MESOS-1134,0.008644
MESOS-1133,0.088505
MESOS-1132,0.082107
MESOS-1131,0.933915
MESOS-1130,0.842345
MESOS-1129,0.007938
MESOS-1128,0.009634
MESOS-1127,0.988668
MESOS-1126,0.014729
MESOS-1125,0.08819
MESOS-1124,0.004755
MESOS-1123,0.154823
MESOS-1122,0.360039
MESOS-1121,0.008916
MESOS-1120,0.960361
MESOS-1119,0.017177
MESOS-1118,0.088505
MESOS-1117,0.971992
MESOS-1116,0.970013
MESOS-1115,0.007012
MESOS-1114,0.116362
MESOS-1113,0.965381
MESOS-1112,0.967899
MESOS-1111,0.205615
MESOS-1110,0.132066
MESOS-1109,0.363689
MESOS-1108,0.09947
MESOS-1107,0.324128
MESOS-1106,0.070304
MESOS-1105,0.159217
MESOS-1104,0.188623
MESOS-1103,0.322419
MESOS-1102,0.972415
MESOS-1101,0.005302
MESOS-1100,0.008062
MESOS-1099,0.009486
MESOS-1098,0.007121
MESOS-1097,0.007346
MESOS-1096,0.569613
MESOS-1095,0.009197
MESOS-1094,0.984811
MESOS-1093,0.006488
MESOS-1092,0.012625
MESOS-1091,0.014064
MESOS-1090,0.00514
MESOS-1089,0.010408
MESOS-1088,0.00986
MESOS-1087,0.763836
MESOS-1086,0.047074
MESOS-1085,0.006693
MESOS-1084,0.041153
MESOS-1083,0.007577
MESOS-1082,0.008577
MESOS-1081,0.036494
MESOS-1080,0.007696
MESOS-1079,0.005555
MESOS-1078,0.006904
MESOS-1077,0.009055
MESOS-1076,0.60679
MESOS-1075,0.007121
MESOS-1074,0.024423
MESOS-1073,0.46563
MESOS-1072,0.018125
MESOS-1071,0.971347
MESOS-1070,0.844409
MESOS-1069,0.439747
MESOS-1068,0.067056
MESOS-1067,0.006693
MESOS-1066,0.157396
MESOS-1065,0.091058
MESOS-1064,0.128088
MESOS-1063,0.005385
MESOS-1062,0.008644
MESOS-1061,0.007696
MESOS-1060,0.834946
MESOS-1059,0.893681
MESOS-1058,0.015906
MESOS-1057,0.940353
MESOS-1056,0.065366
MESOS-1055,0.65019
MESOS-1054,0.006193
MESOS-1053,0.007233
MESOS-1052,0.183301
MESOS-1051,0.008779
MESOS-1050,0.007233
MESOS-1049,0.00483
MESOS-1048,0.005469
MESOS-1047,0.018264
MESOS-1046,0.650481
MESOS-1045,0.009634
MESOS-1044,0.914291
MESOS-1043,0.021287
MESOS-1042,0.005911
MESOS-1041,0.118385
MESOS-1040,0.051463
MESOS-1039,0.274351
MESOS-1038,0.011869
MESOS-1037,0.004682
MESOS-1036,0.981736
MESOS-1035,0.014616
MESOS-1034,0.086632
MESOS-1033,0.710025
MESOS-1032,0.012054
MESOS-1031,0.963506
MESOS-1030,0.010091
MESOS-1029,0.006693
MESOS-1028,0.972415
MESOS-1027,0.981595
MESOS-1026,0.914901
MESOS-1025,0.005302
MESOS-1024,0.01302
MESOS-1023,0.011332
MESOS-1022,0.878731
MESOS-1021,0.125493
MESOS-1020,0.008446
MESOS-1019,0.014064
MESOS-1018,0.948537
MESOS-1017,0.954984
MESOS-1016,0.954984
MESOS-1015,0.141756
MESOS-1014,0.00461
MESOS-1013,0.011072
MESOS-1012,0.007696
MESOS-1011,0.006193
MESOS-1010,0.013956
MESOS-1009,0.004755
MESOS-1008,0.887205
MESOS-1007,0.016915
MESOS-1006,0.00514
MESOS-1005,0.326594
MESOS-1004,0.690976
MESOS-1003,0.014172
MESOS-1002,0.095687
MESOS-1001,0.008062
MESOS-1000,0.012528
MESOS-999,0.013742
MESOS-998,0.007346
MESOS-997,0.105579
MESOS-996,0.964589
MESOS-995,0.214034
MESOS-994,0.164248
MESOS-993,0.007012
MESOS-992,0.007696
MESOS-991,0.00461
MESOS-990,0.086632
MESOS-989,0.009197
MESOS-988,0.018405
MESOS-987,0.919643
MESOS-986,0.854399
MESOS-985,0.011245
MESOS-984,0.743541
MESOS-983,0.46636
MESOS-982,0.907312
MESOS-981,0.960952
MESOS-980,0.93196
MESOS-979,0.00343
MESOS-978,0.006488
MESOS-977,0.008577
MESOS-976,0.010014
MESOS-975,0.09401
MESOS-974,0.054199
MESOS-973,0.003594
MESOS-972,0.005302
MESOS-971,0.950778
MESOS-970,0.176956
MESOS-969,0.008188
MESOS-968,0.004682
MESOS-967,0.00483
MESOS-966,0.00506
MESOS-965,0.006798
MESOS-964,0.277669
MESOS-963,0.00573
MESOS-962,0.22919
MESOS-961,0.179243
MESOS-960,0.009486
MESOS-959,0.123366
MESOS-958,0.006098
MESOS-957,0.022286
MESOS-956,0.976847
MESOS-955,0.960361
MESOS-954,0.012528
MESOS-953,0.006488
MESOS-952,0.009486
MESOS-951,0.009559
MESOS-950,0.892187
MESOS-949,0.007938
MESOS-948,0.952926
MESOS-947,0.007696
MESOS-946,0.012821
MESOS-945,0.198064
MESOS-944,0.006488
MESOS-943,0.978052
MESOS-942,0.006904
MESOS-941,0.013121
MESOS-940,0.01057
MESOS-939,0.018405
MESOS-938,0.856812
MESOS-937,0.016915
MESOS-936,0.010408
MESOS-935,0.009486
MESOS-934,0.006388
MESOS-933,0.008985
MESOS-932,0.005555
MESOS-931,0.011687
MESOS-930,0.980129
MESOS-929,0.212069
MESOS-928,0.010489
MESOS-927,0.007696
MESOS-926,0.929951
MESOS-925,0.00659
MESOS-924,0.112016
MESOS-923,0.986777
MESOS-922,0.97649
MESOS-921,0.984215
MESOS-920,0.07477
MESOS-919,0.242206
MESOS-918,0.921358
MESOS-917,0.094343
MESOS-916,0.008316
MESOS-915,0.359786
MESOS-914,0.012241
MESOS-913,0.00514
MESOS-912,0.009413
MESOS-911,0.912436
MESOS-910,0.966663
MESOS-909,0.01057
MESOS-908,0.016153
MESOS-907,0.951863
MESOS-906,0.008711
MESOS-905,0.095013
MESOS-904,0.009634
MESOS-903,0.914901
MESOS-902,0.025957
MESOS-901,0.009197
MESOS-900,0.933431
MESOS-899,0.00629
MESOS-898,0.985496
MESOS-897,0.010987
MESOS-896,0.589894
MESOS-895,0.027376
MESOS-894,0.058777
MESOS-893,0.008577
MESOS-892,0.032837
MESOS-891,0.008916
MESOS-890,0.967656
MESOS-889,0.006693
MESOS-888,0.953622
MESOS-887,0.704364
MESOS-886,0.016785
MESOS-885,0.978713
MESOS-884,0.015073
MESOS-883,0.008711
MESOS-882,0.010818
MESOS-881,0.767341
MESOS-880,0.018978
MESOS-879,0.006098
MESOS-878,0.012821
MESOS-877,0.014729
MESOS-876,0.981875
MESOS-875,0.012054
MESOS-874,0.057493
MESOS-873,0.008577
MESOS-872,0.006488
MESOS-871,0.008316
MESOS-870,0.010818
MESOS-869,0.011778
MESOS-868,0.012821
MESOS-867,0.006798
MESOS-866,0.00289
MESOS-865,0.007012
MESOS-864,0.983214
MESOS-863,0.369258
MESOS-862,0.981167
MESOS-861,0.006798
MESOS-860,0.343287
MESOS-859,0.007577
MESOS-858,0.019871
MESOS-857,0.979823
MESOS-856,0.006004
MESOS-855,0.978875
MESOS-854,0.005911
MESOS-853,0.098079
MESOS-852,0.008985
MESOS-851,0.043366
MESOS-850,0.010987
MESOS-849,0.352224
MESOS-848,0.007233
MESOS-847,0.187133
MESOS-846,0.011245
MESOS-845,0.789234
MESOS-844,0.005469
MESOS-843,0.044681
MESOS-842,0.006098
MESOS-841,0.020023
MESOS-840,0.01292
MESOS-839,0.006693
MESOS-838,0.08819
MESOS-837,0.006388
MESOS-836,0.060308
MESOS-835,0.361954
MESOS-834,0.026759
MESOS-833,0.955319
MESOS-832,0.028871
MESOS-831,0.005642
MESOS-830,0.013428
MESOS-829,0.985271
MESOS-828,0.017712
MESOS-827,0.105948
MESOS-826,0.007233
MESOS-825,0.006004
MESOS-824,0.16398
MESOS-823,0.01292
MESOS-822,0.006693
MESOS-821,0.008062
MESOS-820,0.012528
MESOS-819,0.008511
MESOS-818,0.223038
MESOS-817,0.002758
MESOS-816,0.981736
MESOS-815,0.010489
MESOS-814,0.193452
MESOS-813,0.938124
MESOS-812,0.008316
MESOS-811,0.009413
MESOS-810,0.982955
MESOS-809,0.933431
MESOS-808,0.968856
MESOS-807,0.007346
MESOS-806,0.149035
MESOS-805,0.495117
MESOS-804,0.322739
MESOS-803,0.972831
MESOS-802,0.045016
MESOS-801,0.008511
MESOS-800,0.007938
MESOS-799,0.018547
MESOS-798,0.004905
MESOS-797,0.142709
MESOS-796,0.907312
MESOS-795,0.005385
MESOS-794,0.00573
MESOS-793,0.007696
MESOS-792,0.00986
MESOS-791,0.010818
MESOS-790,0.082994
MESOS-789,0.008916
MESOS-788,0.008847
MESOS-787,0.008446
MESOS-786,0.039343
MESOS-785,0.954984
MESOS-784,0.020023
MESOS-783,0.011961
MESOS-782,0.00629
MESOS-781,0.009268
MESOS-780,0.973037
MESOS-779,0.007233
MESOS-778,0.009126
MESOS-777,0.01057
MESOS-776,0.004982
MESOS-775,0.042722
MESOS-774,0.010987
MESOS-773,0.009708
MESOS-772,0.042722
MESOS-771,0.009708
MESOS-770,0.660172
MESOS-769,0.495606
MESOS-768,0.949295
MESOS-767,0.018125
MESOS-766,0.00514
MESOS-765,0.928926
MESOS-764,0.989347
MESOS-763,0.184768
MESOS-762,0.022803
MESOS-761,0.057705
MESOS-760,0.16398
MESOS-759,0.010014
MESOS-758,0.010328
MESOS-757,0.004682
MESOS-756,0.743913
MESOS-755,0.032837
MESOS-754,0.00629
MESOS-753,0.926835
MESOS-752,0.00629
MESOS-751,0.655557
MESOS-750,0.977371
MESOS-749,0.979036
MESOS-748,0.824462
MESOS-747,0.005911
MESOS-746,0.004332
MESOS-745,0.01057
MESOS-744,0.971564
MESOS-743,0.026964
MESOS-742,0.006488
MESOS-741,0.700997
MESOS-740,0.982691
MESOS-739,0.982557
MESOS-738,0.012432
MESOS-737,0.007816
MESOS-736,0.216508
MESOS-735,0.009413
MESOS-734,0.006098
MESOS-733,0.014616
MESOS-732,0.026557
MESOS-731,0.007346
MESOS-730,0.009055
MESOS-729,0.010818
MESOS-728,0.259263
MESOS-727,0.978713
MESOS-726,0.004538
MESOS-725,0.008577
MESOS-724,0.00407
MESOS-723,0.151028
MESOS-722,0.945801
MESOS-721,0.117167
MESOS-720,0.134776
MESOS-719,0.005469
MESOS-718,0.029535
MESOS-717,0.009126
MESOS-716,0.012723
MESOS-715,0.889912
MESOS-714,0.012432
MESOS-713,0.823896
MESOS-712,0.003377
MESOS-711,0.013121
MESOS-710,0.007012
MESOS-709,0.007816
MESOS-708,0.416322
MESOS-707,0.015073
MESOS-706,0.04778
MESOS-705,0.216674
MESOS-704,0.81582
MESOS-703,0.533641
MESOS-702,0.002632
MESOS-701,0.198996
MESOS-700,0.972415
MESOS-699,0.007121
MESOS-698,0.709623
MESOS-697,0.932944
MESOS-696,0.00407
MESOS-695,0.971347
MESOS-694,0.010408
MESOS-693,0.337013
MESOS-692,0.177241
MESOS-691,0.008188
MESOS-690,0.00934
MESOS-689,0.012241
MESOS-688,0.008847
MESOS-687,0.966663
MESOS-686,0.020332
MESOS-685,0.012241
MESOS-684,0.052619
MESOS-683,0.705379
MESOS-682,0.019871
MESOS-681,0.963506
MESOS-680,0.006798
MESOS-679,0.006193
MESOS-678,0.005385
MESOS-677,0.456652
MESOS-676,0.005555
MESOS-675,0.010014
MESOS-674,0.773559
MESOS-673,0.008847
MESOS-672,0.194062
MESOS-671,0.007938
MESOS-670,0.009055
MESOS-669,0.010249
MESOS-668,0.011245
MESOS-667,0.016029
MESOS-666,0.521471
MESOS-665,0.015544
MESOS-664,0.006798
MESOS-663,0.114765
MESOS-662,0.010818
MESOS-661,0.006098
MESOS-660,0.931463
MESOS-659,0.01142
MESOS-658,0.019271
MESOS-657,0.00582
MESOS-655,0.010091
MESOS-654,0.023689
MESOS-653,0.010091
MESOS-652,0.007696
MESOS-651,0.9462
MESOS-650,0.006098
MESOS-649,0.568655
MESOS-648,0.005469
MESOS-647,0.178956
MESOS-646,0.009634
MESOS-645,0.022117
MESOS-644,0.012821
MESOS-643,0.889912
MESOS-642,0.00629
MESOS-641,0.00365
MESOS-640,0.007346
MESOS-639,0.012054
MESOS-638,0.012241
MESOS-637,0.007696
MESOS-636,0.009559
MESOS-635,0.004982
MESOS-634,0.381911
MESOS-633,0.019419
MESOS-632,0.017177
MESOS-631,0.008847
MESOS-630,0.009268
MESOS-629,0.171061
MESOS-628,0.007816
MESOS-627,0.007577
MESOS-626,0.887205
MESOS-625,0.006693
MESOS-624,0.007938
MESOS-623,0.014842
MESOS-622,0.007577
MESOS-621,0.023689
MESOS-620,0.857291
MESOS-619,0.01057
MESOS-618,0.967899
MESOS-617,0.006798
MESOS-616,0.017986
MESOS-615,0.009413
MESOS-614,0.013532
MESOS-613,0.095687
MESOS-612,0.008188
MESOS-611,0.039048
MESOS-610,0.27048
MESOS-609,0.006098
MESOS-608,0.920218
MESOS-607,0.010408
MESOS-606,0.007696
MESOS-605,0.005642
MESOS-604,0.00659
MESOS-603,0.183301
MESOS-602,0.658527
MESOS-601,0.962108
MESOS-600,0.975012
MESOS-599,0.006798
MESOS-598,0.005469
MESOS-597,0.011245
MESOS-596,0.040541
MESOS-595,0.009936
MESOS-594,0.012147
MESOS-593,0.010091
MESOS-592,0.01292
MESOS-591,0.004332
MESOS-590,0.663996
MESOS-589,0.955319
MESOS-588,0.897695
MESOS-587,0.006488
MESOS-586,0.039639
MESOS-585,0.107813
MESOS-584,0.816991
MESOS-583,0.004755
MESOS-582,0.004755
MESOS-581,0.096025
MESOS-580,0.928926
MESOS-579,0.959154
MESOS-578,0.007461
MESOS-577,0.010328
MESOS-576,0.006798
MESOS-575,0.013532
MESOS-574,0.010489
MESOS-573,0.013428
MESOS-572,0.431824
MESOS-571,0.006693
MESOS-570,0.005385
MESOS-569,0.960952
MESOS-568,0.011597
MESOS-567,0.011687
MESOS-566,0.018833
MESOS-565,0.008644
MESOS-564,0.789883
MESOS-563,0.008847
MESOS-562,0.007938
MESOS-561,0.05301
MESOS-560,0.006488
MESOS-559,0.953622
MESOS-558,0.344609
MESOS-557,0.15662
MESOS-556,0.903635
MESOS-555,0.664323
MESOS-554,0.420243
MESOS-553,0.957596
MESOS-552,0.173288
MESOS-551,0.905322
MESOS-550,0.018833
MESOS-549,0.003075
MESOS-548,0.018264
MESOS-547,0.018833
MESOS-546,0.008847
MESOS-545,0.010014
MESOS-544,0.969091
MESOS-543,0.921922
MESOS-542,0.970688
MESOS-541,0.00659
MESOS-540,0.952926
MESOS-539,0.846958
MESOS-538,0.026964
MESOS-537,0.006693
MESOS-536,0.005642
MESOS-535,0.011072
MESOS-534,0.005911
MESOS-533,0.028871
MESOS-532,0.93196
MESOS-531,0.007938
MESOS-530,0.011332
MESOS-529,0.139866
MESOS-528,0.938124
MESOS-527,0.042722
MESOS-526,0.078642
MESOS-525,0.036494
MESOS-524,0.016915
MESOS-523,0.952926
MESOS-522,0.007577
MESOS-521,0.012054
MESOS-520,0.006004
MESOS-519,0.823896
MESOS-518,0.195594
MESOS-517,0.055823
MESOS-516,0.01302
MESOS-515,0.006904
MESOS-514,0.015664
MESOS-513,0.016029
MESOS-512,0.004905
MESOS-511,0.149035
MESOS-510,0.013223
MESOS-509,0.914291
MESOS-508,0.007012
MESOS-507,0.014616
MESOS-506,0.953622
MESOS-505,0.083591
MESOS-504,0.029987
MESOS-503,0.356783
MESOS-502,0.007696
MESOS-501,0.00934
MESOS-500,0.034619
MESOS-499,0.009126
MESOS-498,0.004755
MESOS-497,0.006193
MESOS-496,0.96378
MESOS-495,0.937211
MESOS-494,0.669745
MESOS-493,0.061424
MESOS-492,0.047426
MESOS-491,0.045016
MESOS-490,0.015425
MESOS-489,0.066569
MESOS-488,0.012528
MESOS-487,0.009197
MESOS-486,0.007121
MESOS-485,0.006798
MESOS-484,0.008188
MESOS-483,0.088505
MESOS-482,0.009559
MESOS-481,0.01302
MESOS-480,0.014616
MESOS-479,0.009936
MESOS-478,0.006693
MESOS-477,0.00483
MESOS-476,0.006904
MESOS-475,0.017442
MESOS-474,0.010489
MESOS-473,0.006798
MESOS-472,0.474388
MESOS-471,0.101589
MESOS-470,0.946597
MESOS-469,0.01653
MESOS-468,0.018405
MESOS-467,0.010249
MESOS-466,0.010328
MESOS-465,0.00629
MESOS-464,0.003945
MESOS-463,0.006004
MESOS-462,0.007816
MESOS-461,0.00629
MESOS-460,0.00659
MESOS-459,0.007121
MESOS-458,0.304248
MESOS-457,0.01057
MESOS-456,0.008062
MESOS-455,0.006693
MESOS-454,0.00659
MESOS-453,0.010653
MESOS-452,0.54698
MESOS-451,0.043691
MESOS-450,0.012625
MESOS-449,0.005469
MESOS-448,0.008252
MESOS-447,0.010408
MESOS-446,0.007577
MESOS-445,0.015785
MESOS-444,0.454714
MESOS-443,0.652878
MESOS-442,0.008316
MESOS-441,0.008916
MESOS-440,0.019419
MESOS-439,0.014616
MESOS-438,0.010249
MESOS-437,0.009268
MESOS-436,0.017577
MESOS-435,0.014064
MESOS-434,0.009708
MESOS-433,0.953622
MESOS-432,0.883638
MESOS-431,0.811377
MESOS-430,0.281406
MESOS-429,0.053601
MESOS-428,0.983085
MESOS-427,0.885631
MESOS-426,0.027169
MESOS-425,0.973844
MESOS-424,0.007577
MESOS-423,0.010489
MESOS-422,0.028653
MESOS-421,0.007346
MESOS-420,0.007121
MESOS-419,0.010735
MESOS-418,0.978875
MESOS-417,0.007938
MESOS-416,0.178956
MESOS-415,0.044349
MESOS-414,0.005302
MESOS-413,0.027585
MESOS-412,0.008711
MESOS-411,0.00573
MESOS-410,0.016277
MESOS-409,0.31258
MESOS-408,0.006488
MESOS-407,0.01302
MESOS-406,0.007816
MESOS-405,0.008644
MESOS-404,0.004905
MESOS-403,0.006798
MESOS-402,0.00659
MESOS-401,0.009634
MESOS-400,0.019871
MESOS-399,0.005469
MESOS-398,0.035145
MESOS-397,0.212069
MESOS-396,0.014282
MESOS-395,0.100172
MESOS-394,0.034619
MESOS-393,0.013325
MESOS-392,0.011597
MESOS-391,0.006193
MESOS-390,0.490236
MESOS-389,0.143188
MESOS-388,0.005642
MESOS-387,0.016277
MESOS-386,0.00514
MESOS-385,0.008062
MESOS-384,0.008511
MESOS-383,0.006693
MESOS-382,0.008316
MESOS-381,0.006098
MESOS-380,0.020023
MESOS-379,0.004905
MESOS-378,0.008916
MESOS-377,0.00461
MESOS-376,0.015425
MESOS-375,0.007696
MESOS-374,0.004199
MESOS-373,0.181844
MESOS-372,0.006193
MESOS-371,0.363421
MESOS-370,0.055413
MESOS-369,0.00514
MESOS-368,0.006798
MESOS-367,0.004332
MESOS-366,0.008916
MESOS-365,0.007121
MESOS-364,0.005911
MESOS-363,0.565299
MESOS-362,0.011332
MESOS-361,0.008316
MESOS-360,0.219003
MESOS-359,0.923039
MESOS-358,0.155078
MESOS-357,0.167491
MESOS-356,0.964321
MESOS-355,0.975946
MESOS-354,0.518546
MESOS-353,0.008062
MESOS-352,0.004199
MESOS-351,0.011961
MESOS-350,0.70416
MESOS-349,0.703346
MESOS-348,0.016915
MESOS-347,0.007233
MESOS-346,0.098425
MESOS-345,0.3217
MESOS-344,0.00461
MESOS-343,0.953275
MESOS-342,0.944995
MESOS-341,0.009708
MESOS-340,0.008916
MESOS-339,0.002715
MESOS-338,0.081228
MESOS-337,0.789234
MESOS-336,0.978875
MESOS-335,0.004265
MESOS-334,0.007577
MESOS-333,0.009126
MESOS-332,0.014504
MESOS-331,0.030444
MESOS-330,0.870597
MESOS-329,0.120439
MESOS-328,0.011158
MESOS-327,0.727007
MESOS-326,0.004905
MESOS-325,0.00365
MESOS-324,0.802556
MESOS-323,0.352648
MESOS-322,0.169406
MESOS-321,0.006388
MESOS-320,0.891434
MESOS-319,0.023331
MESOS-318,0.00506
MESOS-317,0.011508
MESOS-315,0.899121
MESOS-314,0.955981
MESOS-313,0.882833
MESOS-312,0.01292
MESOS-311,0.027796
MESOS-310,0.016915
MESOS-309,0.006193
MESOS-308,0.246171
MESOS-307,0.00506
MESOS-306,0.00582
MESOS-305,0.966914
MESOS-304,0.018547
MESOS-303,0.010408
MESOS-302,0.00934
MESOS-301,0.00659
MESOS-300,0.009784
MESOS-299,0.008644
MESOS-298,0.022977
MESOS-297,0.073165
MESOS-296,0.087876
MESOS-295,0.951504
MESOS-294,0.309441
MESOS-293,0.092033
MESOS-292,0.538498
MESOS-291,0.005642
MESOS-290,0.005911
MESOS-289,0.007233
MESOS-288,0.007696
MESOS-287,0.900179
MESOS-286,0.00582
MESOS-285,0.013121
MESOS-284,0.025761
MESOS-283,0.926835
MESOS-282,0.759582
MESOS-281,0.263599
MESOS-280,0.009055
MESOS-279,0.084795
MESOS-278,0.00573
MESOS-277,0.019124
MESOS-276,0.005642
MESOS-275,0.840259
MESOS-274,0.056236
MESOS-273,0.939913
MESOS-272,0.86431
MESOS-271,0.012241
MESOS-270,0.007696
MESOS-269,0.74872
MESOS-268,0.007577
MESOS-267,0.010014
MESOS-266,0.00934
MESOS-265,0.010735
MESOS-264,0.005555
MESOS-263,0.016403
MESOS-262,0.017577
MESOS-261,0.021615
MESOS-260,0.472683
MESOS-259,0.878731
MESOS-258,0.032837
MESOS-257,0.008916
MESOS-256,0.809878
MESOS-255,0.948917
MESOS-254,0.540924
MESOS-253,0.037327
MESOS-252,0.96641
MESOS-251,0.010249
MESOS-250,0.01142
MESOS-249,0.009268
MESOS-248,0.00659
MESOS-247,0.00514
MESOS-246,0.007346
MESOS-245,0.014957
MESOS-244,0.011869
MESOS-243,0.006904
MESOS-242,0.614163
MESOS-241,0.004755
MESOS-240,0.002935
MESOS-239,0.008188
MESOS-238,0.00514
MESOS-237,0.148541
MESOS-236,0.008985
MESOS-235,0.039639
MESOS-234,0.910863
MESOS-233,0.004265
MESOS-232,0.009055
MESOS-231,0.019871
MESOS-230,0.01302
MESOS-229,0.007696
MESOS-228,0.012821
MESOS-227,0.012528
MESOS-226,0.025179
MESOS-225,0.00483
MESOS-224,0.010987
MESOS-223,0.007816
MESOS-222,0.009055
MESOS-221,0.933915
MESOS-220,0.006693
MESOS-219,0.00573
MESOS-218,0.01017
MESOS-217,0.008711
MESOS-216,0.006388
MESOS-215,0.018125
MESOS-214,0.011072
MESOS-213,0.00506
MESOS-212,0.079782
MESOS-211,0.00934
MESOS-210,0.005469
MESOS-209,0.022803
MESOS-208,0.304145
MESOS-207,0.944995
MESOS-206,0.006904
MESOS-205,0.006004
MESOS-204,0.982691
MESOS-203,0.582491
MESOS-202,0.010091
MESOS-201,0.013223
MESOS-200,0.020332
MESOS-199,0.011961
MESOS-198,0.005385
MESOS-197,0.938576
MESOS-196,0.360714
MESOS-195,0.011508
MESOS-194,0.654011
MESOS-193,0.980876
MESOS-192,0.004134
MESOS-191,0.982151
MESOS-190,0.017177
MESOS-189,0.057493
MESOS-188,0.016153
MESOS-187,0.006693
MESOS-186,0.904987
MESOS-185,0.077518
MESOS-184,0.068787
MESOS-183,0.008644
MESOS-182,0.059647
MESOS-181,0.772187
MESOS-180,0.255344
MESOS-179,0.084795
MESOS-178,0.004007
MESOS-177,0.187728
MESOS-176,0.006693
MESOS-175,0.011687
MESOS-174,0.300335
MESOS-173,0.007696
MESOS-172,0.009055
MESOS-171,0.825027
MESOS-170,0.417271
MESOS-169,0.309024
MESOS-168,0.012821
MESOS-167,0.986363
MESOS-166,0.008446
MESOS-165,0.008916
MESOS-164,0.012625
MESOS-163,0.008062
MESOS-162,0.00522
MESOS-161,0.090735
MESOS-160,0.012336
MESOS-159,0.008847
MESOS-158,0.955981
MESOS-157,0.007233
MESOS-156,0.985043
MESOS-155,0.95222
MESOS-154,0.727589
MESOS-153,0.007696
MESOS-152,0.021781
MESOS-151,0.00629
MESOS-150,0.965119
MESOS-149,0.987759
MESOS-148,0.006004
MESOS-147,0.00582
MESOS-146,0.123789
MESOS-145,0.007012
MESOS-144,0.813757
MESOS-143,0.933431
MESOS-142,0.060975
MESOS-141,0.008062
MESOS-140,0.055823
MESOS-139,0.011687
MESOS-138,0.004399
MESOS-137,0.00514
MESOS-136,0.020964
MESOS-135,0.085099
MESOS-134,0.236516
MESOS-133,0.860604
MESOS-132,0.006488
MESOS-131,0.00506
MESOS-130,0.007346
MESOS-129,0.006904
MESOS-128,0.011508
MESOS-127,0.009486
MESOS-126,0.007461
MESOS-125,0.012336
MESOS-124,0.025179
MESOS-123,0.680029
MESOS-122,0.009559
MESOS-121,0.119614
MESOS-120,0.004682
MESOS-119,0.010489
MESOS-118,0.089137
MESOS-117,0.216342
MESOS-116,0.327615
MESOS-115,0.201499
MESOS-114,0.050331
MESOS-113,0.511717
MESOS-112,0.093017
MESOS-111,0.201813
MESOS-110,0.711631
MESOS-109,0.033844
MESOS-108,0.964855
MESOS-107,0.056236
MESOS-106,0.336617
MESOS-105,0.92079
MESOS-104,0.103024
MESOS-103,0.007577
MESOS-102,0.960361
MESOS-101,0.974043
MESOS-100,0.008188
MESOS-99,0.058346
MESOS-98,0.227813
MESOS-97,0.013742
MESOS-96,0.664731
MESOS-95,0.070049
MESOS-94,0.870157
MESOS-93,0.372962
MESOS-92,0.194368
MESOS-91,0.556159
MESOS-90,0.372962
MESOS-89,0.552057
MESOS-88,0.955981
MESOS-87,0.012723
MESOS-86,0.924142
MESOS-85,0.956634
MESOS-84,0.01142
MESOS-83,0.011778
MESOS-82,0.016785
MESOS-81,0.014282
MESOS-80,0.62902
MESOS-79,0.01653
MESOS-78,0.01292
MESOS-77,0.011245
MESOS-76,0.01017
MESOS-75,0.348993
MESOS-74,0.33644
MESOS-73,0.179531
MESOS-72,0.153549
MESOS-71,0.218336
MESOS-70,0.327292
MESOS-69,0.338665
MESOS-68,0.004468
MESOS-67,0.133415
MESOS-66,0.042088
MESOS-65,0.895157
MESOS-64,0.015189
MESOS-63,0.00522
MESOS-62,0.366476
MESOS-61,0.008985
MESOS-60,0.803174
MESOS-59,0.015664
MESOS-58,0.965381
MESOS-57,0.774924
MESOS-56,0.008062
MESOS-55,0.007461
MESOS-54,0.013223
MESOS-53,0.016029
MESOS-52,0.975577
MESOS-51,0.97024
MESOS-50,0.011869
MESOS-49,0.674479
MESOS-48,0.011245
MESOS-47,0.936285
MESOS-46,0.793426
MESOS-45,0.981311
MESOS-44,0.01142
MESOS-43,0.860604
MESOS-42,0.004755
MESOS-41,0.026759
MESOS-40,0.004399
MESOS-39,0.015906
MESOS-38,0.954984
MESOS-37,0.00461
MESOS-36,0.010091
MESOS-35,0.007696
MESOS-34,0.003538
MESOS-33,0.007577
MESOS-32,0.006388
MESOS-31,0.128963
MESOS-30,0.934873
MESOS-29,0.156362
MESOS-28,0.116764
MESOS-27,0.004399
MESOS-26,0.19163
MESOS-25,0.00522
MESOS-24,0.007233
MESOS-23,0.006098
MESOS-22,0.00629
MESOS-21,0.519278
MESOS-20,0.027376
MESOS-19,0.793426
MESOS-18,0.011778
MESOS-17,0.007577
MESOS-16,0.007012
MESOS-15,0.041153
MESOS-14,0.010489
MESOS-13,0.967163
MESOS-12,0.008577
MESOS-11,0.321886
MESOS-10,0.390011
MESOS-9,0.71123
MESOS-8,0.9462
MESOS-7,0.077518
MESOS-6,0.082402
MESOS-5,0.980729
MESOS-4,0.203391
MESOS-3,0.962391
MESOS-2,0.94699
MESOS-1,0.908293
