issue_key,prob_design
MESOS-10194,0.028436
MESOS-10193,0.161849
MESOS-10192,0.033086
MESOS-10191,0.090735
MESOS-10190,0.021287
MESOS-10189,0.926835
MESOS-10188,0.016403
MESOS-10187,0.823328
MESOS-10186,0.014504
MESOS-10185,0.476336
MESOS-10184,0.02461
MESOS-10183,0.012723
MESOS-10182,0.008779
MESOS-10181,0.234757
MESOS-10180,0.096365
MESOS-10179,0.897695
MESOS-10178,0.127218
MESOS-10177,0.932453
MESOS-10176,0.062789
MESOS-10175,0.925769
MESOS-10174,0.103749
MESOS-10173,0.076684
MESOS-10172,0.041774
MESOS-10171,0.835484
MESOS-10170,0.203075
MESOS-10169,0.049959
MESOS-10168,0.826151
MESOS-10167,0.020646
MESOS-10166,0.526099
MESOS-10165,0.008779
MESOS-10164,0.013121
MESOS-10163,0.966914
MESOS-10162,0.937211
MESOS-10161,0.931463
MESOS-10160,0.593727
MESOS-10159,0.015664
MESOS-10158,0.032344
MESOS-10157,0.169406
MESOS-10156,0.3341
MESOS-10155,0.380529
MESOS-10154,0.299515
MESOS-10153,0.369486
MESOS-10152,0.28577
MESOS-10151,0.197444
MESOS-10150,0.943348
MESOS-10149,0.952574
MESOS-10148,0.812272
MESOS-10147,0.344333
MESOS-10146,0.021948
MESOS-10145,0.962673
MESOS-10144,0.03259
MESOS-10143,0.020023
MESOS-10142,0.862004
MESOS-10141,0.614857
MESOS-10140,0.012821
MESOS-10139,0.026557
MESOS-10138,0.030215
MESOS-10137,0.01302
MESOS-10136,0.030909
MESOS-10135,0.048858
MESOS-10134,0.023871
MESOS-10133,0.013742
MESOS-10132,0.029535
MESOS-10131,0.028221
MESOS-10130,0.729327
MESOS-10129,0.010735
MESOS-10128,0.024988
MESOS-10127,0.029091
MESOS-10126,0.052231
MESOS-10125,0.029091
MESOS-10124,0.172172
MESOS-10123,0.027796
MESOS-10122,0.507324
MESOS-10121,0.023509
MESOS-10120,0.018405
MESOS-10119,0.069795
MESOS-10118,0.019419
MESOS-10117,0.238107
MESOS-10116,0.020332
MESOS-10115,0.097048
MESOS-10114,0.035948
MESOS-10113,0.040238
MESOS-10112,0.403332
MESOS-10111,0.028653
MESOS-10110,0.037047
MESOS-10109,0.027796
MESOS-10108,0.734881
MESOS-10107,0.027796
MESOS-10106,0.984215
MESOS-10105,0.474631
MESOS-10104,0.023331
MESOS-10103,0.029312
MESOS-10102,0.025371
MESOS-10101,0.106691
MESOS-10100,0.022977
MESOS-10099,0.095349
MESOS-10098,0.020023
MESOS-10097,0.026355
MESOS-10096,0.030676
MESOS-10095,0.139866
MESOS-10094,0.018405
MESOS-10093,0.014957
MESOS-10092,0.022117
MESOS-10091,0.019719
MESOS-10090,0.046034
MESOS-10089,0.029987
MESOS-10088,0.02976
MESOS-10087,0.703753
MESOS-10086,0.860604
MESOS-10085,0.055823
MESOS-10084,0.064418
MESOS-10083,0.563858
MESOS-10082,0.058993
MESOS-10081,0.477554
MESOS-10080,0.553747
MESOS-10079,0.265119
MESOS-10077,0.796292
MESOS-10076,0.669056
MESOS-10075,0.041774
MESOS-10074,0.963231
MESOS-10073,0.185062
MESOS-10072,0.088505
MESOS-10071,0.271831
MESOS-10070,0.187728
MESOS-10069,0.518546
MESOS-10068,0.013849
MESOS-10067,0.844922
MESOS-10066,0.023331
MESOS-10065,0.954984
MESOS-10064,0.049589
MESOS-10063,0.518059
MESOS-10062,0.334698
MESOS-10061,0.709422
MESOS-10060,0.771155
MESOS-10059,0.318909
MESOS-10058,0.915809
MESOS-10057,0.757077
MESOS-10056,0.942507
MESOS-10055,0.255344
MESOS-10054,0.383295
MESOS-10053,0.325413
MESOS-10052,0.718199
MESOS-10051,0.956309
MESOS-10050,0.927363
MESOS-10049,0.060529
MESOS-10048,0.475849
MESOS-10047,0.671686
MESOS-10046,0.651133
MESOS-10045,0.203075
MESOS-10044,0.239349
MESOS-10043,0.07343
MESOS-10042,0.010249
MESOS-10041,0.022803
MESOS-10040,0.722918
MESOS-10039,0.362518
MESOS-10038,0.932944
MESOS-10037,0.865224
MESOS-10036,0.937669
MESOS-10035,0.894789
MESOS-10034,0.922482
MESOS-10033,0.971992
MESOS-10032,0.344113
MESOS-10031,0.028008
MESOS-10030,0.104477
MESOS-10029,0.022457
MESOS-10028,0.015785
MESOS-10027,0.011072
MESOS-10026,0.78695
MESOS-10025,0.042722
MESOS-10024,0.033086
MESOS-10023,0.166675
MESOS-10022,0.021451
MESOS-10021,0.032344
MESOS-10020,0.028008
MESOS-10019,0.0341
MESOS-10018,0.029535
MESOS-10017,0.50293
MESOS-10016,0.600774
MESOS-10015,0.075312
MESOS-10014,0.029535
MESOS-10013,0.898053
MESOS-10011,0.026355
MESOS-10010,0.593963
MESOS-10009,0.891811
MESOS-10008,0.023871
MESOS-10007,0.023871
MESOS-10006,0.027796
MESOS-10005,0.738103
MESOS-10004,0.757077
MESOS-10003,0.766992
MESOS-10002,0.909265
MESOS-10001,0.672547
MESOS-10000,0.116764
MESOS-9999,0.784979
MESOS-9998,0.120853
MESOS-9997,0.503906
MESOS-9996,0.066085
MESOS-9995,0.082994
MESOS-9994,0.203075
MESOS-9993,0.597843
MESOS-9992,0.624036
MESOS-9991,0.13707
MESOS-9990,0.752013
MESOS-9989,0.084191
MESOS-9988,0.32146
MESOS-9987,0.158695
MESOS-9986,0.058132
MESOS-9985,0.149531
MESOS-9984,0.08389
MESOS-9983,0.354545
MESOS-9982,0.192236
MESOS-9981,0.986363
MESOS-9980,0.033337
MESOS-9979,0.357063
MESOS-9978,0.0538
MESOS-9977,0.033086
MESOS-9976,0.040846
MESOS-9975,0.029091
MESOS-9974,0.17441
MESOS-9973,0.230227
MESOS-9972,0.293303
MESOS-9971,0.010902
MESOS-9970,0.819316
MESOS-9969,0.020023
MESOS-9968,0.022286
MESOS-9967,0.025957
MESOS-9966,0.027169
MESOS-9965,0.044019
MESOS-9964,0.634826
MESOS-9963,0.073963
MESOS-9962,0.02461
MESOS-9961,0.022629
MESOS-9960,0.042404
MESOS-9959,0.868381
MESOS-9958,0.03259
MESOS-9957,0.361165
MESOS-9956,0.043691
MESOS-9955,0.666931
MESOS-9954,0.040846
MESOS-9953,0.261708
MESOS-9952,0.032101
MESOS-9951,0.031144
MESOS-9950,0.024988
MESOS-9949,0.887205
MESOS-9948,0.116362
MESOS-9947,0.043366
MESOS-9946,0.03359
MESOS-9945,0.272218
MESOS-9944,0.027376
MESOS-9943,0.693369
MESOS-9942,0.583203
MESOS-9941,0.055005
MESOS-9940,0.065366
MESOS-9939,0.018833
MESOS-9938,0.884039
MESOS-9937,0.032344
MESOS-9936,0.057918
MESOS-9935,0.029535
MESOS-9934,0.037327
MESOS-9933,0.027169
MESOS-9932,0.418459
MESOS-9931,0.028221
MESOS-9930,0.018978
MESOS-9929,0.034359
MESOS-9928,0.035679
MESOS-9927,0.030444
MESOS-9926,0.024238
MESOS-9925,0.022457
MESOS-9924,0.055823
MESOS-9923,0.023689
MESOS-9922,0.056236
MESOS-9921,0.260954
MESOS-9920,0.054601
MESOS-9919,0.066812
MESOS-9918,0.496582
MESOS-9917,0.917893
MESOS-9916,0.90599
MESOS-9915,0.905322
MESOS-9914,0.975012
MESOS-9913,0.930962
MESOS-9912,0.016277
MESOS-9911,0.048137
MESOS-9910,0.025371
MESOS-9909,0.039639
MESOS-9908,0.819893
MESOS-9907,0.089137
MESOS-9906,0.027169
MESOS-9905,0.044019
MESOS-9904,0.037327
MESOS-9903,0.03622
MESOS-9902,0.008916
MESOS-9901,0.021287
MESOS-9900,0.70028
MESOS-9899,0.023509
MESOS-9898,0.738103
MESOS-9897,0.678327
MESOS-9896,0.332216
MESOS-9895,0.039639
MESOS-9894,0.007233
MESOS-9893,0.030676
MESOS-9892,0.155078
MESOS-9891,0.103386
MESOS-9890,0.023331
MESOS-9889,0.042722
MESOS-9888,0.031859
MESOS-9887,0.024238
MESOS-9886,0.027796
MESOS-9885,0.051463
MESOS-9884,0.387806
MESOS-9883,0.880797
MESOS-9882,0.046034
MESOS-9881,0.02976
MESOS-9880,0.132066
MESOS-9879,0.682997
MESOS-9878,0.717408
MESOS-9877,0.022977
MESOS-9876,0.309389
MESOS-9875,0.018978
MESOS-9874,0.143668
MESOS-9873,0.850469
MESOS-9872,0.894789
MESOS-9871,0.296654
MESOS-9870,0.030444
MESOS-9869,0.956957
MESOS-9868,0.024238
MESOS-9867,0.025371
MESOS-9866,0.127653
MESOS-9865,0.821331
MESOS-9864,0.870597
MESOS-9863,0.035145
MESOS-9862,0.048137
MESOS-9861,0.042404
MESOS-9860,0.087876
MESOS-9859,0.47171
MESOS-9858,0.159479
MESOS-9857,0.407098
MESOS-9856,0.032837
MESOS-9855,0.901575
MESOS-9854,0.026759
MESOS-9853,0.67854
MESOS-9852,0.03622
MESOS-9851,0.052231
MESOS-9850,0.448909
MESOS-9849,0.500977
MESOS-9848,0.178956
MESOS-9847,0.034619
MESOS-9846,0.902266
MESOS-9845,0.631026
MESOS-9844,0.454714
MESOS-9843,0.468304
MESOS-9842,0.31012
MESOS-9841,0.931463
MESOS-9840,0.391988
MESOS-9839,0.354936
MESOS-9838,0.017442
MESOS-9837,0.752377
MESOS-9836,0.022117
MESOS-9835,0.033337
MESOS-9834,0.090414
MESOS-9833,0.336685
MESOS-9832,0.014729
MESOS-9831,0.037327
MESOS-9829,0.80837
MESOS-9828,0.18743
MESOS-9827,0.939471
MESOS-9826,0.27474
MESOS-9825,0.878314
MESOS-9824,0.186539
MESOS-9823,0.097734
MESOS-9822,0.103386
MESOS-9821,0.069795
MESOS-9820,0.441673
MESOS-9819,0.337367
MESOS-9818,0.379148
MESOS-9817,0.25128
MESOS-9816,0.094678
MESOS-9815,0.159217
MESOS-9814,0.634373
MESOS-9813,0.36557
MESOS-9812,0.479504
MESOS-9811,0.032101
MESOS-9810,0.518059
MESOS-9809,0.795022
MESOS-9808,0.038178
MESOS-9807,0.913677
MESOS-9806,0.527803
MESOS-9805,0.405684
MESOS-9804,0.559771
MESOS-9803,0.021615
MESOS-9802,0.702734
MESOS-9801,0.835484
MESOS-9800,0.010818
MESOS-9799,0.925769
MESOS-9798,0.160003
MESOS-9797,0.196209
MESOS-9796,0.136608
MESOS-9795,0.941223
MESOS-9794,0.978219
MESOS-9793,0.942929
MESOS-9792,0.025761
MESOS-9791,0.78695
MESOS-9790,0.451568
MESOS-9789,0.050331
MESOS-9788,0.958538
MESOS-9787,0.660556
MESOS-9786,0.032101
MESOS-9785,0.035679
MESOS-9784,0.961244
MESOS-9783,0.06256
MESOS-9782,0.019719
MESOS-9781,0.657648
MESOS-9780,0.917303
MESOS-9779,0.067301
MESOS-9778,0.309597
MESOS-9777,0.459076
MESOS-9776,0.075858
MESOS-9775,0.519034
MESOS-9774,0.975202
MESOS-9773,0.231093
MESOS-9772,0.028008
MESOS-9771,0.242564
MESOS-9770,0.700075
MESOS-9769,0.949295
MESOS-9768,0.927888
MESOS-9767,0.709623
MESOS-9766,0.022457
MESOS-9765,0.028871
MESOS-9764,0.352425
MESOS-9763,0.055823
MESOS-9762,0.242744
MESOS-9761,0.021781
MESOS-9760,0.926835
MESOS-9759,0.446977
MESOS-9758,0.259826
MESOS-9757,0.964589
MESOS-9756,0.982151
MESOS-9755,0.138928
MESOS-9754,0.341939
MESOS-9753,0.82559
MESOS-9752,0.056652
MESOS-9751,0.027169
MESOS-9750,0.022457
MESOS-9749,0.023153
MESOS-9748,0.801625
MESOS-9747,0.779993
MESOS-9746,0.915507
MESOS-9745,0.759939
MESOS-9744,0.959762
MESOS-9743,0.042722
MESOS-9742,0.041153
MESOS-9741,0.034619
MESOS-9740,0.028436
MESOS-9739,0.129403
MESOS-9738,0.706393
MESOS-9737,0.390592
MESOS-9736,0.027585
MESOS-9735,0.880386
MESOS-9734,0.038466
MESOS-9733,0.020804
MESOS-9732,0.019719
MESOS-9731,0.011961
MESOS-9730,0.024798
MESOS-9729,0.015189
MESOS-9728,0.284576
MESOS-9727,0.027169
MESOS-9726,0.025957
MESOS-9725,0.118793
MESOS-9724,0.07836
MESOS-9723,0.078926
MESOS-9722,0.939025
MESOS-9721,0.956309
MESOS-9720,0.703549
MESOS-9719,0.044019
MESOS-9718,0.013223
MESOS-9717,0.310485
MESOS-9716,0.341658
MESOS-9715,0.204342
MESOS-9714,0.206894
MESOS-9713,0.396302
MESOS-9712,0.041774
MESOS-9711,0.127218
MESOS-9710,0.039937
MESOS-9709,0.029312
MESOS-9708,0.060308
MESOS-9707,0.023689
MESOS-9706,0.325253
MESOS-9705,0.358129
MESOS-9704,0.222025
MESOS-9703,0.819893
MESOS-9702,0.016029
MESOS-9701,0.436622
MESOS-9700,0.019719
MESOS-9699,0.299208
MESOS-9698,0.029987
MESOS-9697,0.020177
MESOS-9696,0.040541
MESOS-9695,0.46563
MESOS-9694,0.44553
MESOS-9693,0.149531
MESOS-9692,0.029091
MESOS-9691,0.025565
MESOS-9690,0.040846
MESOS-9689,0.914596
MESOS-9688,0.037609
MESOS-9687,0.210117
MESOS-9686,0.037609
MESOS-9685,0.075312
MESOS-9684,0.073696
MESOS-9683,0.076408
MESOS-9682,0.077797
MESOS-9681,0.94079
MESOS-9680,0.095349
MESOS-9679,0.17441
MESOS-9678,0.07343
MESOS-9677,0.520009
MESOS-9676,0.142232
MESOS-9675,0.858719
MESOS-9674,0.050705
MESOS-9673,0.819316
MESOS-9672,0.057282
MESOS-9671,0.568895
MESOS-9670,0.133415
MESOS-9669,0.279632
MESOS-9668,0.510741
MESOS-9667,0.030909
MESOS-9666,0.067301
MESOS-9665,0.048137
MESOS-9664,0.035411
MESOS-9663,0.943348
MESOS-9662,0.879147
MESOS-9661,0.027796
MESOS-9660,0.385028
MESOS-9659,0.025761
MESOS-9658,0.573201
MESOS-9657,0.024054
MESOS-9656,0.013637
MESOS-9655,0.114765
MESOS-9654,0.030676
MESOS-9653,0.839734
MESOS-9652,0.038178
MESOS-9651,0.954308
MESOS-9650,0.675551
MESOS-9649,0.691081
MESOS-9648,0.90764
MESOS-9647,0.391871
MESOS-9646,0.46393
MESOS-9645,0.870597
MESOS-9644,0.033337
MESOS-9643,0.793746
MESOS-9642,0.499023
MESOS-9641,0.787605
MESOS-9640,0.207857
MESOS-9639,0.973645
MESOS-9638,0.689096
MESOS-9637,0.045692
MESOS-9636,0.504394
MESOS-9635,0.031619
MESOS-9634,0.665737
MESOS-9633,0.929951
MESOS-9632,0.978219
MESOS-9631,0.022629
MESOS-9630,0.912124
MESOS-9629,0.028436
MESOS-9628,0.324316
MESOS-9627,0.246171
MESOS-9626,0.393618
MESOS-9625,0.908293
MESOS-9624,0.677261
MESOS-9623,0.631751
MESOS-9622,0.939025
MESOS-9621,0.026156
MESOS-9620,0.111241
MESOS-9619,0.022977
MESOS-9618,0.368576
MESOS-9617,0.448426
MESOS-9616,0.037047
MESOS-9615,0.904987
MESOS-9614,0.659984
MESOS-9613,0.655997
MESOS-9612,0.058777
MESOS-9611,0.893309
MESOS-9610,0.041774
MESOS-9609,0.016785
MESOS-9608,0.871912
MESOS-9607,0.045353
MESOS-9606,0.703753
MESOS-9605,0.028871
MESOS-9604,0.46952
MESOS-9603,0.096706
MESOS-9602,0.839734
MESOS-9601,0.65368
MESOS-9600,0.494141
MESOS-9599,0.52829
MESOS-9598,0.617743
MESOS-9597,0.043366
MESOS-9596,0.3863
MESOS-9595,0.660829
MESOS-9594,0.039048
MESOS-9593,0.607081
MESOS-9592,0.033337
MESOS-9591,0.59408
MESOS-9590,0.021125
MESOS-9589,0.052619
MESOS-9588,0.565779
MESOS-9587,0.035411
MESOS-9586,0.461259
MESOS-9585,0.016785
MESOS-9584,0.011158
MESOS-9583,0.023509
MESOS-9582,0.034881
MESOS-9581,0.057071
MESOS-9580,0.043366
MESOS-9579,0.038178
MESOS-9578,0.372391
MESOS-9577,0.950041
MESOS-9576,0.417034
MESOS-9575,0.015073
MESOS-9574,0.021451
MESOS-9573,0.032344
MESOS-9572,0.070304
MESOS-9571,0.068787
MESOS-9570,0.400163
MESOS-9569,0.022629
MESOS-9568,0.022286
MESOS-9567,0.076684
MESOS-9566,0.028871
MESOS-9565,0.156878
MESOS-9564,0.322206
MESOS-9563,0.941223
MESOS-9562,0.353651
MESOS-9561,0.026964
MESOS-9560,0.024238
MESOS-9559,0.023331
MESOS-9558,0.767341
MESOS-9557,0.030444
MESOS-9556,0.982423
MESOS-9555,0.032101
MESOS-9554,0.056236
MESOS-9553,0.483892
MESOS-9552,0.024238
MESOS-9551,0.404037
MESOS-9550,0.873215
MESOS-9549,0.019569
MESOS-9548,0.664323
MESOS-9547,0.048496
MESOS-9546,0.024423
MESOS-9545,0.364212
MESOS-9544,0.027169
MESOS-9543,0.746878
MESOS-9542,0.110856
MESOS-9541,0.141045
MESOS-9540,0.449634
MESOS-9539,0.791821
MESOS-9538,0.602529
MESOS-9537,0.027376
MESOS-9536,0.050331
MESOS-9535,0.244183
MESOS-9534,0.69035
MESOS-9533,0.051845
MESOS-9532,0.045016
MESOS-9531,0.021781
MESOS-9530,0.440469
MESOS-9529,0.061876
MESOS-9528,0.022286
MESOS-9527,0.020804
MESOS-9526,0.857768
MESOS-9525,0.851953
MESOS-9524,0.028008
MESOS-9523,0.892563
MESOS-9522,0.92944
MESOS-9521,0.025761
MESOS-9520,0.015189
MESOS-9519,0.016785
MESOS-9518,0.09401
MESOS-9517,0.060752
MESOS-9516,0.680348
MESOS-9515,0.028221
MESOS-9514,0.027796
MESOS-9513,0.352313
MESOS-9512,0.965641
MESOS-9511,0.012241
MESOS-9510,0.051845
MESOS-9509,0.749454
MESOS-9508,0.022803
MESOS-9507,0.014616
MESOS-9506,0.02461
MESOS-9505,0.016153
MESOS-9504,0.661267
MESOS-9503,0.299822
MESOS-9502,0.041462
MESOS-9501,0.029312
MESOS-9500,0.009055
MESOS-9499,0.924142
MESOS-9498,0.958847
MESOS-9497,0.956634
MESOS-9496,0.031619
MESOS-9495,0.026759
MESOS-9494,0.400984
MESOS-9493,0.572364
MESOS-9492,0.042088
MESOS-9491,0.401453
MESOS-9490,0.025179
MESOS-9489,0.021781
MESOS-9488,0.897336
MESOS-9487,0.650578
MESOS-9486,0.784319
MESOS-9485,0.150278
MESOS-9484,0.018125
MESOS-9483,0.032837
MESOS-9482,0.052231
MESOS-9481,0.117978
MESOS-9480,0.025565
MESOS-9479,0.024238
MESOS-9478,0.026759
MESOS-9477,0.097734
MESOS-9476,0.016657
MESOS-9475,0.019124
MESOS-9474,0.028871
MESOS-9473,0.132515
MESOS-9472,0.122104
MESOS-9471,0.408985
MESOS-9470,0.057493
MESOS-9469,0.030909
MESOS-9468,0.034619
MESOS-9467,0.037609
MESOS-9466,0.033844
MESOS-9465,0.029535
MESOS-9464,0.037327
MESOS-9463,0.037609
MESOS-9462,0.032344
MESOS-9461,0.037327
MESOS-9460,0.039343
MESOS-9459,0.021615
MESOS-9458,0.027169
MESOS-9457,0.023871
MESOS-9456,0.147065
MESOS-9455,0.16132
MESOS-9454,0.034881
MESOS-9453,0.028436
MESOS-9452,0.228845
MESOS-9451,0.018689
MESOS-9450,0.035145
MESOS-9449,0.835484
MESOS-9448,0.29696
MESOS-9447,0.039937
MESOS-9446,0.022803
MESOS-9445,0.027585
MESOS-9444,0.026156
MESOS-9443,0.022117
MESOS-9442,0.039937
MESOS-9441,0.022286
MESOS-9440,0.030215
MESOS-9439,0.018547
MESOS-9438,0.028871
MESOS-9437,0.028653
MESOS-9436,0.0341
MESOS-9435,0.032101
MESOS-9434,0.388154
MESOS-9433,0.028871
MESOS-9432,0.021451
MESOS-9431,0.023871
MESOS-9430,0.025371
MESOS-9429,0.028221
MESOS-9428,0.887984
MESOS-9427,0.31875
MESOS-9426,0.035411
MESOS-9425,0.013637
MESOS-9424,0.017177
MESOS-9423,0.017712
MESOS-9422,0.033844
MESOS-9421,0.03359
MESOS-9420,0.371479
MESOS-9419,0.03622
MESOS-9418,0.038178
MESOS-9417,0.024988
MESOS-9416,0.887205
MESOS-9414,0.816991
MESOS-9413,0.123366
MESOS-9412,0.959459
MESOS-9411,0.035411
MESOS-9410,0.02976
MESOS-9409,0.341157
MESOS-9408,0.067793
MESOS-9407,0.036769
MESOS-9406,0.900879
MESOS-9405,0.734881
MESOS-9404,0.839734
MESOS-9403,0.890675
MESOS-9402,0.08152
MESOS-9401,0.029535
MESOS-9400,0.692954
MESOS-9399,0.071332
MESOS-9398,0.023509
MESOS-9397,0.025371
MESOS-9396,0.522689
MESOS-9395,0.0341
MESOS-9394,0.028221
MESOS-9393,0.017849
MESOS-9392,0.439266
MESOS-9391,0.108566
MESOS-9390,0.044349
MESOS-9389,0.030444
MESOS-9388,0.869271
MESOS-9387,0.223038
MESOS-9386,0.872782
MESOS-9385,0.026355
MESOS-9384,0.766643
MESOS-9383,0.036769
MESOS-9382,0.020804
MESOS-9381,0.99014
MESOS-9380,0.965381
MESOS-9379,0.955981
MESOS-9378,0.973844
MESOS-9377,0.974821
MESOS-9376,0.96862
MESOS-9375,0.903975
MESOS-9374,0.936749
MESOS-9373,0.986572
MESOS-9372,0.982014
MESOS-9371,0.035948
MESOS-9370,0.043366
MESOS-9369,0.319055
MESOS-9368,0.071332
MESOS-9367,0.017442
MESOS-9366,0.014729
MESOS-9365,0.028221
MESOS-9364,0.046725
MESOS-9363,0.048137
MESOS-9362,0.028653
MESOS-9361,0.020646
MESOS-9360,0.070304
MESOS-9359,0.033844
MESOS-9358,0.028871
MESOS-9357,0.019569
MESOS-9356,0.501953
MESOS-9355,0.013956
MESOS-9354,0.059866
MESOS-9353,0.041462
MESOS-9352,0.015906
MESOS-9351,0.558086
MESOS-9350,0.029312
MESOS-9349,0.887205
MESOS-9348,0.027169
MESOS-9347,0.956309
MESOS-9346,0.745954
MESOS-9345,0.254972
MESOS-9344,0.080357
MESOS-9343,0.07921
MESOS-9342,0.128963
MESOS-9341,0.113973
MESOS-9340,0.378115
MESOS-9339,0.043043
MESOS-9338,0.944587
MESOS-9337,0.060308
MESOS-9336,0.917893
MESOS-9335,0.025957
MESOS-9334,0.027169
MESOS-9333,0.910227
MESOS-9332,0.06804
MESOS-9331,0.049222
MESOS-9330,0.022457
MESOS-9329,0.019569
MESOS-9328,0.03138
MESOS-9327,0.024798
MESOS-9326,0.019419
MESOS-9325,0.127218
MESOS-9324,0.569374
MESOS-9323,0.037892
MESOS-9322,0.020804
MESOS-9321,0.452052
MESOS-9320,0.017712
MESOS-9319,0.119203
MESOS-9318,0.868381
MESOS-9317,0.025179
MESOS-9316,0.028221
MESOS-9315,0.901921
MESOS-9314,0.932944
MESOS-9313,0.928409
MESOS-9312,0.016277
MESOS-9311,0.180107
MESOS-9310,0.399109
MESOS-9309,0.018125
MESOS-9308,0.019124
MESOS-9307,0.701917
MESOS-9306,0.03138
MESOS-9305,0.280814
MESOS-9304,0.020489
MESOS-9303,0.187728
MESOS-9302,0.028221
MESOS-9301,0.659926
MESOS-9300,0.025179
MESOS-9299,0.013956
MESOS-9298,0.978713
MESOS-9297,0.475118
MESOS-9296,0.84338
MESOS-9295,0.122523
MESOS-9294,0.184768
MESOS-9293,0.087252
MESOS-9292,0.065366
MESOS-9291,0.030676
MESOS-9290,0.024238
MESOS-9289,0.623262
MESOS-9288,0.884039
MESOS-9287,0.030676
MESOS-9286,0.039937
MESOS-9285,0.027796
MESOS-9284,0.019569
MESOS-9283,0.080647
MESOS-9282,0.03138
MESOS-9281,0.03359
MESOS-9280,0.838151
MESOS-9279,0.039343
MESOS-9278,0.216012
MESOS-9277,0.27338
MESOS-9276,0.032837
MESOS-9275,0.682997
MESOS-9274,0.03259
MESOS-9273,0.027796
MESOS-9272,0.032344
MESOS-9271,0.03622
MESOS-9270,0.850469
MESOS-9269,0.031619
MESOS-9268,0.041153
MESOS-9267,0.024054
MESOS-9266,0.034619
MESOS-9265,0.049222
MESOS-9264,0.02976
MESOS-9263,0.037892
MESOS-9262,0.025957
MESOS-9261,0.020177
MESOS-9260,0.042722
MESOS-9259,0.031144
MESOS-9258,0.924688
MESOS-9257,0.025371
MESOS-9256,0.025371
MESOS-9255,0.746878
MESOS-9254,0.957278
MESOS-9253,0.014064
MESOS-9252,0.098425
MESOS-9251,0.166675
MESOS-9250,0.883638
MESOS-9249,0.519278
MESOS-9248,0.887595
MESOS-9247,0.029091
MESOS-9246,0.038756
MESOS-9245,0.024798
MESOS-9244,0.033844
MESOS-9243,0.09947
MESOS-9242,0.033086
MESOS-9241,0.254787
MESOS-9240,0.030444
MESOS-9239,0.334807
MESOS-9238,0.023871
MESOS-9237,0.874077
MESOS-9236,0.712632
MESOS-9235,0.909265
MESOS-9234,0.964052
MESOS-9233,0.009784
MESOS-9232,0.027585
MESOS-9231,0.021948
MESOS-9230,0.013532
MESOS-9229,0.045353
MESOS-9228,0.056444
MESOS-9227,0.025565
MESOS-9226,0.540196
MESOS-9225,0.023331
MESOS-9224,0.223886
MESOS-9223,0.952574
MESOS-9222,0.052619
MESOS-9221,0.019719
MESOS-9220,0.965119
MESOS-9219,0.030215
MESOS-9218,0.035411
MESOS-9217,0.041153
MESOS-9216,0.03138
MESOS-9215,0.020489
MESOS-9214,0.016153
MESOS-9213,0.827828
MESOS-9212,0.038178
MESOS-9211,0.847968
MESOS-9210,0.047426
MESOS-9209,0.706596
MESOS-9208,0.034619
MESOS-9207,0.019871
MESOS-9206,0.93196
MESOS-9205,0.018405
MESOS-9204,0.021615
MESOS-9203,0.012723
MESOS-9202,0.107063
MESOS-9201,0.32322
MESOS-9200,0.023153
MESOS-9199,0.015189
MESOS-9198,0.038178
MESOS-9197,0.149035
MESOS-9196,0.023331
MESOS-9195,0.588061
MESOS-9194,0.749087
MESOS-9193,0.035145
MESOS-9192,0.020177
MESOS-9191,0.053403
MESOS-9190,0.031619
MESOS-9189,0.672439
MESOS-9188,0.947381
MESOS-9187,0.095687
MESOS-9186,0.035948
MESOS-9185,0.042404
MESOS-9184,0.964589
MESOS-9183,0.013849
MESOS-9182,0.890294
MESOS-9181,0.547222
MESOS-9180,0.019719
MESOS-9179,0.024988
MESOS-9178,0.080937
MESOS-9177,0.017177
MESOS-9176,0.321353
MESOS-9175,0.042722
MESOS-9174,0.039937
MESOS-9173,0.840259
MESOS-9172,0.022286
MESOS-9171,0.020023
MESOS-9170,0.035948
MESOS-9169,0.009268
MESOS-9168,0.026156
MESOS-9167,0.242564
MESOS-9166,0.467818
MESOS-9165,0.028653
MESOS-9164,0.038466
MESOS-9163,0.015906
MESOS-9162,0.039937
MESOS-9161,0.050705
MESOS-9160,0.028008
MESOS-9159,0.368406
MESOS-9158,0.690663
MESOS-9157,0.008916
MESOS-9156,0.02461
MESOS-9155,0.91118
MESOS-9154,0.024054
MESOS-9153,0.031859
MESOS-9152,0.028653
MESOS-9151,0.023871
MESOS-9150,0.016403
MESOS-9149,0.030444
MESOS-9148,0.762778
MESOS-9147,0.030909
MESOS-9146,0.034359
MESOS-9145,0.037047
MESOS-9144,0.045353
MESOS-9143,0.024054
MESOS-9142,0.020023
MESOS-9141,0.107063
MESOS-9140,0.759582
MESOS-9139,0.154058
MESOS-9138,0.03359
MESOS-9137,0.037047
MESOS-9136,0.038466
MESOS-9135,0.033337
MESOS-9134,0.040238
MESOS-9133,0.861538
MESOS-9132,0.754553
MESOS-9131,0.029987
MESOS-9130,0.039048
MESOS-9129,0.193147
MESOS-9128,0.614741
MESOS-9127,0.035679
MESOS-9126,0.667148
MESOS-9125,0.051463
MESOS-9124,0.041774
MESOS-9123,0.760651
MESOS-9122,0.579638
MESOS-9121,0.032101
MESOS-9120,0.058346
MESOS-9119,0.682785
MESOS-9118,0.884838
MESOS-9117,0.559531
MESOS-9116,0.014282
MESOS-9115,0.020646
MESOS-9114,0.022977
MESOS-9113,0.155078
MESOS-9112,0.016915
MESOS-9111,0.010735
MESOS-9110,0.784649
MESOS-9109,0.01292
MESOS-9108,0.028221
MESOS-9107,0.024988
MESOS-9106,0.914901
MESOS-9105,0.752013
MESOS-9104,0.92523
MESOS-9103,0.852935
MESOS-9102,0.597138
MESOS-9101,0.697197
MESOS-9100,0.021781
MESOS-9099,0.117167
MESOS-9098,0.117167
MESOS-9097,0.045353
MESOS-9096,0.844922
MESOS-9095,0.831143
MESOS-9094,0.015073
MESOS-9093,0.129403
MESOS-9092,0.663887
MESOS-9091,0.037327
MESOS-9090,0.042404
MESOS-9089,0.039048
MESOS-9088,0.246896
MESOS-9087,0.416441
MESOS-9086,0.240775
MESOS-9085,0.031144
MESOS-9084,0.354014
MESOS-9083,0.028008
MESOS-9082,0.361446
MESOS-9081,0.888759
MESOS-9080,0.035145
MESOS-9079,0.031619
MESOS-9078,0.030215
MESOS-9077,0.025957
MESOS-9076,0.029987
MESOS-9075,0.030676
MESOS-9074,0.033086
MESOS-9073,0.028436
MESOS-9072,0.254416
MESOS-9071,0.961822
MESOS-9070,0.767341
MESOS-9069,0.00934
MESOS-9068,0.540439
MESOS-9067,0.743913
MESOS-9066,0.573201
MESOS-9065,0.024423
MESOS-9059,0.851953
MESOS-9058,0.043043
MESOS-9057,0.040541
MESOS-9056,0.026759
MESOS-9055,0.412767
MESOS-9054,0.032344
MESOS-9053,0.031859
MESOS-9052,0.057493
MESOS-9051,0.118385
MESOS-9050,0.044019
MESOS-9049,0.023509
MESOS-9048,0.716219
MESOS-9047,0.032837
MESOS-9046,0.058132
MESOS-9045,0.021781
MESOS-9044,0.020023
MESOS-9043,0.809276
MESOS-9042,0.952926
MESOS-9041,0.660285
MESOS-9040,0.644281
MESOS-9039,0.108189
MESOS-9038,0.017177
MESOS-9037,0.034359
MESOS-9036,0.275422
MESOS-9035,0.851459
MESOS-9034,0.950041
MESOS-9033,0.096706
MESOS-9032,0.532668
MESOS-9031,0.181844
MESOS-9030,0.072112
MESOS-9029,0.960952
MESOS-9028,0.979511
MESOS-9027,0.029987
MESOS-9026,0.971779
MESOS-9025,0.034619
MESOS-9024,0.025565
MESOS-9023,0.744099
MESOS-9022,0.014172
MESOS-9021,0.888372
MESOS-9020,0.662442
MESOS-9019,0.253491
MESOS-9018,0.021451
MESOS-9017,0.146575
MESOS-9016,0.364325
MESOS-9015,0.680666
MESOS-9014,0.018978
MESOS-9013,0.944995
MESOS-9012,0.028221
MESOS-9011,0.017712
MESOS-9010,0.038466
MESOS-9009,0.830594
MESOS-9008,0.022977
MESOS-9007,0.038756
MESOS-9006,0.03359
MESOS-9005,0.109325
MESOS-9004,0.188922
MESOS-9003,0.954647
MESOS-9002,0.063948
MESOS-9001,0.676406
MESOS-9000,0.051845
MESOS-8999,0.134776
MESOS-8998,0.348396
MESOS-8997,0.93196
MESOS-8996,0.021287
MESOS-8995,0.111241
MESOS-8994,0.505371
MESOS-8993,0.045353
MESOS-8992,0.042722
MESOS-8991,0.322606
MESOS-8990,0.050331
MESOS-8989,0.276495
MESOS-8988,0.875787
MESOS-8987,0.035411
MESOS-8986,0.732974
MESOS-8985,0.027585
MESOS-8984,0.974629
MESOS-8983,0.027169
MESOS-8982,0.191026
MESOS-8981,0.028653
MESOS-8980,0.033844
MESOS-8979,0.012432
MESOS-8978,0.042722
MESOS-8977,0.029312
MESOS-8976,0.027796
MESOS-8975,0.932944
MESOS-8974,0.743541
MESOS-8973,0.464416
MESOS-8972,0.009126
MESOS-8971,0.983971
MESOS-8970,0.026964
MESOS-8969,0.014504
MESOS-8968,0.045016
MESOS-8967,0.796925
MESOS-8966,0.043691
MESOS-8965,0.97024
MESOS-8964,0.896251
MESOS-8963,0.022457
MESOS-8962,0.035411
MESOS-8961,0.062789
MESOS-8960,0.026964
MESOS-8959,0.318644
MESOS-8958,0.017045
MESOS-8957,0.165593
MESOS-8956,0.031859
MESOS-8955,0.231093
MESOS-8954,0.012723
MESOS-8953,0.026759
MESOS-8952,0.03259
MESOS-8951,0.029987
MESOS-8950,0.100525
MESOS-8949,0.032101
MESOS-8948,0.660063
MESOS-8947,0.960063
MESOS-8946,0.00986
MESOS-8945,0.022803
MESOS-8944,0.16132
MESOS-8943,0.341089
MESOS-8942,0.490236
MESOS-8941,0.22051
MESOS-8940,0.622459
MESOS-8939,0.955981
MESOS-8938,0.865224
MESOS-8937,0.083591
MESOS-8936,0.806853
MESOS-8935,0.042722
MESOS-8934,0.096706
MESOS-8933,0.436622
MESOS-8932,0.018125
MESOS-8931,0.170784
MESOS-8930,0.028008
MESOS-8929,0.162912
MESOS-8928,0.751648
MESOS-8927,0.022457
MESOS-8926,0.073165
MESOS-8925,0.882022
MESOS-8924,0.965119
MESOS-8923,0.861072
MESOS-8922,0.735642
MESOS-8921,0.029987
MESOS-8920,0.945399
MESOS-8919,0.201185
MESOS-8918,0.384912
MESOS-8917,0.108189
MESOS-8916,0.934395
MESOS-8915,0.039639
MESOS-8914,0.960361
MESOS-8913,0.045692
MESOS-8912,0.236693
MESOS-8911,0.176672
MESOS-8910,0.09401
MESOS-8909,0.132964
MESOS-8908,0.211091
MESOS-8907,0.014616
MESOS-8906,0.013956
MESOS-8905,0.071332
MESOS-8904,0.017045
MESOS-8903,0.726231
MESOS-8902,0.022457
MESOS-8901,0.886027
MESOS-8900,0.755637
MESOS-8899,0.736401
MESOS-8898,0.969324
MESOS-8897,0.016277
MESOS-8896,0.042404
MESOS-8895,0.103024
MESOS-8894,0.245447
MESOS-8893,0.010249
MESOS-8892,0.023689
MESOS-8891,0.025565
MESOS-8890,0.574156
MESOS-8889,0.513668
MESOS-8888,0.682785
MESOS-8887,0.066569
MESOS-8886,0.048137
MESOS-8885,0.358016
MESOS-8884,0.039048
MESOS-8883,0.330958
MESOS-8882,0.894052
MESOS-8881,0.084795
MESOS-8880,0.162115
MESOS-8879,0.060752
MESOS-8878,0.953966
MESOS-8877,0.015785
MESOS-8876,0.026964
MESOS-8875,0.040541
MESOS-8874,0.046034
MESOS-8873,0.032837
MESOS-8872,0.043366
MESOS-8871,0.020646
MESOS-8870,0.017986
MESOS-8869,0.932944
MESOS-8868,0.027796
MESOS-8867,0.022629
MESOS-8866,0.037047
MESOS-8865,0.046725
MESOS-8864,0.122944
MESOS-8863,0.151028
MESOS-8862,0.050705
MESOS-8861,0.864768
MESOS-8860,0.079496
MESOS-8859,0.085404
MESOS-8858,0.00986
MESOS-8857,0.03138
MESOS-8856,0.078078
MESOS-8855,0.030215
MESOS-8854,0.023509
MESOS-8853,0.983723
MESOS-8852,0.042088
MESOS-8851,0.931463
MESOS-8850,0.049959
MESOS-8849,0.759582
MESOS-8848,0.383988
MESOS-8847,0.430147
MESOS-8846,0.590661
MESOS-8845,0.322046
MESOS-8844,0.339999
MESOS-8843,0.549157
MESOS-8842,0.961822
MESOS-8841,0.039048
MESOS-8840,0.03359
MESOS-8839,0.06165
MESOS-8838,0.047426
MESOS-8837,0.171061
MESOS-8836,0.055413
MESOS-8835,0.027376
MESOS-8834,0.025371
MESOS-8833,0.129403
MESOS-8832,0.050705
MESOS-8831,0.050705
MESOS-8830,0.048858
MESOS-8829,0.346493
MESOS-8828,0.050705
MESOS-8827,0.603465
MESOS-8826,0.822759
MESOS-8825,0.08882
MESOS-8824,0.044681
MESOS-8823,0.124639
MESOS-8822,0.029987
MESOS-8821,0.067793
MESOS-8820,0.049222
MESOS-8819,0.093678
MESOS-8818,0.013223
MESOS-8817,0.920218
MESOS-8816,0.199932
MESOS-8815,0.024423
MESOS-8814,0.067301
MESOS-8813,0.510741
MESOS-8812,0.150778
MESOS-8811,0.087564
MESOS-8810,0.117572
MESOS-8809,0.845433
MESOS-8808,0.016153
MESOS-8807,0.014392
MESOS-8806,0.055005
MESOS-8805,0.022457
MESOS-8804,0.048137
MESOS-8803,0.018405
MESOS-8802,0.764188
MESOS-8801,0.892563
MESOS-8800,0.049959
MESOS-8799,0.247805
MESOS-8798,0.944177
MESOS-8797,0.038178
MESOS-8796,0.031859
MESOS-8795,0.863852
MESOS-8794,0.076132
MESOS-8793,0.199932
MESOS-8792,0.881615
MESOS-8791,0.448909
MESOS-8790,0.47317
MESOS-8789,0.215021
MESOS-8788,0.856812
MESOS-8787,0.148294
MESOS-8786,0.145115
MESOS-8785,0.964052
MESOS-8784,0.033086
MESOS-8783,0.039639
MESOS-8782,0.032344
MESOS-8781,0.043691
MESOS-8780,0.794066
MESOS-8779,0.203075
MESOS-8778,0.030215
MESOS-8777,0.282988
MESOS-8776,0.721547
MESOS-8775,0.950041
MESOS-8774,0.952574
MESOS-8773,0.014282
MESOS-8772,0.219003
MESOS-8771,0.894052
MESOS-8770,0.648633
MESOS-8769,0.020964
MESOS-8768,0.555918
MESOS-8767,0.572962
MESOS-8766,0.664431
MESOS-8765,0.093678
MESOS-8764,0.432063
MESOS-8763,0.141281
MESOS-8762,0.029535
MESOS-8761,0.023331
MESOS-8760,0.940353
MESOS-8759,0.116764
MESOS-8758,0.399343
MESOS-8757,0.355439
MESOS-8756,0.035948
MESOS-8755,0.957278
MESOS-8754,0.009634
MESOS-8753,0.643035
MESOS-8752,0.844409
MESOS-8751,0.939025
MESOS-8750,0.022457
MESOS-8749,0.039048
MESOS-8748,0.36523
MESOS-8747,0.917893
MESOS-8746,0.199308
MESOS-8745,0.518059
MESOS-8744,0.028871
MESOS-8743,0.495117
MESOS-8742,0.079782
MESOS-8741,0.028008
MESOS-8740,0.773216
MESOS-8739,0.265119
MESOS-8738,0.154823
MESOS-8737,0.89841
MESOS-8736,0.398172
MESOS-8735,0.923039
MESOS-8734,0.110856
MESOS-8733,0.020804
MESOS-8732,0.273866
MESOS-8731,0.03259
MESOS-8730,0.803791
MESOS-8729,0.026557
MESOS-8728,0.07056
MESOS-8727,0.017849
MESOS-8726,0.033844
MESOS-8725,0.759225
MESOS-8724,0.03622
MESOS-8723,0.015306
MESOS-8722,0.032101
MESOS-8721,0.011158
MESOS-8720,0.019871
MESOS-8719,0.035679
MESOS-8718,0.19498
MESOS-8717,0.30632
MESOS-8716,0.034881
MESOS-8715,0.737914
MESOS-8714,0.484868
MESOS-8713,0.202443
MESOS-8712,0.127653
MESOS-8711,0.035948
MESOS-8710,0.080937
MESOS-8709,0.025371
MESOS-8708,0.047074
MESOS-8707,0.039048
MESOS-8706,0.926304
MESOS-8705,0.954647
MESOS-8704,0.033844
MESOS-8703,0.014504
MESOS-8702,0.140808
MESOS-8701,0.049589
MESOS-8700,0.942929
MESOS-8699,0.016657
MESOS-8698,0.83868
MESOS-8697,0.752377
MESOS-8696,0.105211
MESOS-8695,0.29798
MESOS-8694,0.038756
MESOS-8693,0.901575
MESOS-8692,0.177241
MESOS-8691,0.056862
MESOS-8690,0.015425
MESOS-8689,0.381104
MESOS-8688,0.033086
MESOS-8687,0.027796
MESOS-8686,0.017442
MESOS-8685,0.071074
MESOS-8684,0.096025
MESOS-8683,0.048858
MESOS-8682,0.122523
MESOS-8681,0.269133
MESOS-8680,0.231962
MESOS-8679,0.029312
MESOS-8678,0.175256
MESOS-8677,0.031144
MESOS-8676,0.145601
MESOS-8675,0.655557
MESOS-8674,0.241668
MESOS-8673,0.377196
MESOS-8672,0.91611
MESOS-8671,0.869271
MESOS-8670,0.856332
MESOS-8668,0.977371
MESOS-8667,0.291082
MESOS-8666,0.032101
MESOS-8665,0.881207
MESOS-8664,0.019569
MESOS-8663,0.920218
MESOS-8662,0.216012
MESOS-8661,0.016029
MESOS-8660,0.028653
MESOS-8659,0.051845
MESOS-8658,0.661814
MESOS-8657,0.122944
MESOS-8656,0.366689
MESOS-8655,0.019419
MESOS-8654,0.137996
MESOS-8653,0.575588
MESOS-8652,0.96741
MESOS-8651,0.030909
MESOS-8650,0.093347
MESOS-8649,0.550849
MESOS-8648,0.200245
MESOS-8647,0.08152
MESOS-8646,0.034359
MESOS-8645,0.489748
MESOS-8644,0.057493
MESOS-8643,0.023871
MESOS-8642,0.032837
MESOS-8641,0.027169
MESOS-8640,0.314471
MESOS-8639,0.77081
MESOS-8638,0.80837
MESOS-8637,0.092033
MESOS-8636,0.909907
MESOS-8635,0.021125
MESOS-8634,0.038756
MESOS-8633,0.92944
MESOS-8632,0.394434
MESOS-8631,0.034881
MESOS-8630,0.058561
MESOS-8629,0.086942
MESOS-8628,0.818737
MESOS-8627,0.870157
MESOS-8626,0.348216
MESOS-8625,0.960657
MESOS-8624,0.037327
MESOS-8623,0.039639
MESOS-8622,0.789883
MESOS-8621,0.928926
MESOS-8620,0.036494
MESOS-8619,0.031619
MESOS-8618,0.025957
MESOS-8617,0.026156
MESOS-8616,0.061876
MESOS-8615,0.079782
MESOS-8614,0.044681
MESOS-8613,0.041153
MESOS-8612,0.953622
MESOS-8611,0.03622
MESOS-8610,0.023153
MESOS-8609,0.154567
MESOS-8608,0.016657
MESOS-8607,0.667148
MESOS-8606,0.028871
MESOS-8605,0.020804
MESOS-8604,0.020804
MESOS-8603,0.034881
MESOS-8602,0.041774
MESOS-8601,0.024988
MESOS-8600,0.733547
MESOS-8599,0.362729
MESOS-8598,0.037047
MESOS-8597,0.348992
MESOS-8596,0.360039
MESOS-8595,0.038466
MESOS-8594,0.028436
MESOS-8593,0.854399
MESOS-8592,0.033086
MESOS-8591,0.803174
MESOS-8590,0.030909
MESOS-8589,0.006798
MESOS-8588,0.976129
MESOS-8587,0.813164
MESOS-8586,0.027585
MESOS-8585,0.015189
MESOS-8584,0.884838
MESOS-8583,0.033844
MESOS-8582,0.885235
MESOS-8581,0.414188
MESOS-8580,0.467818
MESOS-8579,0.0341
MESOS-8578,0.040238
MESOS-8577,0.021781
MESOS-8576,0.192236
MESOS-8575,0.685739
MESOS-8574,0.125923
MESOS-8573,0.180684
MESOS-8572,0.964855
MESOS-8571,0.019124
MESOS-8570,0.046034
MESOS-8569,0.148541
MESOS-8568,0.027585
MESOS-8567,0.026759
MESOS-8566,0.049589
MESOS-8565,0.011869
MESOS-8564,0.878314
MESOS-8563,0.095349
MESOS-8562,0.023153
MESOS-8561,0.315156
MESOS-8560,0.258326
MESOS-8559,0.381104
MESOS-8558,0.887984
MESOS-8557,0.053403
MESOS-8556,0.066327
MESOS-8555,0.95222
MESOS-8554,0.973241
MESOS-8553,0.0341
MESOS-8552,0.012241
MESOS-8551,0.085404
MESOS-8550,0.029987
MESOS-8549,0.076408
MESOS-8548,0.037609
MESOS-8547,0.054199
MESOS-8546,0.041774
MESOS-8545,0.026759
MESOS-8544,0.026355
MESOS-8543,0.016785
MESOS-8542,0.487307
MESOS-8541,0.035679
MESOS-8540,0.023331
MESOS-8539,0.324483
MESOS-8538,0.826712
MESOS-8537,0.02976
MESOS-8536,0.039937
MESOS-8535,0.082697
MESOS-8534,0.914901
MESOS-8533,0.175538
MESOS-8532,0.021451
MESOS-8531,0.019719
MESOS-8530,0.02461
MESOS-8529,0.561095
MESOS-8528,0.965119
MESOS-8527,0.166947
MESOS-8526,0.640453
MESOS-8525,0.802246
MESOS-8524,0.033086
MESOS-8523,0.035411
MESOS-8522,0.028871
MESOS-8521,0.025179
MESOS-8520,0.639849
MESOS-8519,0.043691
MESOS-8518,0.364099
MESOS-8517,0.545286
MESOS-8516,0.478041
MESOS-8515,0.029091
MESOS-8514,0.037609
MESOS-8513,0.028436
MESOS-8512,0.021948
MESOS-8511,0.933915
MESOS-8510,0.018547
MESOS-8509,0.021451
MESOS-8508,0.021948
MESOS-8507,0.034359
MESOS-8506,0.115561
MESOS-8505,0.167491
MESOS-8504,0.017045
MESOS-8503,0.909907
MESOS-8502,0.032101
MESOS-8501,0.367668
MESOS-8500,0.926835
MESOS-8499,0.03138
MESOS-8498,0.134776
MESOS-8497,0.01302
MESOS-8496,0.028008
MESOS-8495,0.111241
MESOS-8493,0.158435
MESOS-8492,0.435181
MESOS-8491,0.030909
MESOS-8490,0.026759
MESOS-8489,0.027169
MESOS-8488,0.143188
MESOS-8487,0.986572
MESOS-8486,0.134321
MESOS-8485,0.028653
MESOS-8484,0.021287
MESOS-8483,0.026156
MESOS-8482,0.032344
MESOS-8481,0.021125
MESOS-8480,0.037327
MESOS-8479,0.030909
MESOS-8478,0.037047
MESOS-8477,0.03359
MESOS-8476,0.698844
MESOS-8475,0.671686
MESOS-8474,0.035679
MESOS-8473,0.156105
MESOS-8472,0.011332
MESOS-8471,0.714429
MESOS-8470,0.039343
MESOS-8469,0.037047
MESOS-8468,0.033844
MESOS-8467,0.044681
MESOS-8466,0.134321
MESOS-8465,0.038466
MESOS-8464,0.067301
MESOS-8463,0.058993
MESOS-8462,0.366476
MESOS-8461,0.060087
MESOS-8460,0.042404
MESOS-8459,0.080647
MESOS-8458,0.017712
MESOS-8457,0.029987
MESOS-8456,0.537527
MESOS-8455,0.898767
MESOS-8454,0.566738
MESOS-8453,0.021287
MESOS-8452,0.031144
MESOS-8451,0.055005
MESOS-8450,0.132964
MESOS-8449,0.685107
MESOS-8448,0.692226
MESOS-8447,0.017986
MESOS-8446,0.039937
MESOS-8445,0.160266
MESOS-8444,0.025957
MESOS-8443,0.069542
MESOS-8442,0.32186
MESOS-8441,0.246352
MESOS-8440,0.049222
MESOS-8439,0.44071
MESOS-8438,0.011961
MESOS-8437,0.482429
MESOS-8436,0.592902
MESOS-8435,0.014392
MESOS-8434,0.921358
MESOS-8433,0.60288
MESOS-8432,0.981022
MESOS-8431,0.764188
MESOS-8430,0.08882
MESOS-8429,0.057705
MESOS-8428,0.023689
MESOS-8427,0.352202
MESOS-8426,0.104843
MESOS-8425,0.178669
MESOS-8424,0.126785
MESOS-8423,0.23144
MESOS-8422,0.030444
MESOS-8421,0.133868
MESOS-8420,0.124213
MESOS-8419,0.026557
MESOS-8418,0.720565
MESOS-8417,0.046378
MESOS-8416,0.030909
MESOS-8415,0.093678
MESOS-8414,0.015664
MESOS-8413,0.023689
MESOS-8412,0.096025
MESOS-8411,0.067301
MESOS-8410,0.026557
MESOS-8409,0.069038
MESOS-8408,0.177241
MESOS-8407,0.136148
MESOS-8406,0.420838
MESOS-8405,0.78695
MESOS-8404,0.026557
MESOS-8403,0.942929
MESOS-8402,0.952926
MESOS-8401,0.018833
MESOS-8400,0.854399
MESOS-8399,0.089455
MESOS-8398,0.024238
MESOS-8397,0.814938
MESOS-8396,0.763484
MESOS-8395,0.379608
MESOS-8394,0.071332
MESOS-8393,0.037327
MESOS-8392,0.026759
MESOS-8391,0.020023
MESOS-8390,0.355943
MESOS-8389,0.524882
MESOS-8388,0.154567
MESOS-8387,0.804098
MESOS-8386,0.038756
MESOS-8385,0.944177
MESOS-8384,0.206254
MESOS-8383,0.51562
MESOS-8382,0.910227
MESOS-8381,0.486332
MESOS-8380,0.91181
MESOS-8379,0.354657
MESOS-8378,0.062103
MESOS-8377,0.035145
MESOS-8376,0.027585
MESOS-8375,0.226955
MESOS-8374,0.853913
MESOS-8373,0.107813
MESOS-8372,0.474875
MESOS-8371,0.964321
MESOS-8370,0.049959
MESOS-8369,0.021948
MESOS-8368,0.481454
MESOS-8367,0.014842
MESOS-8366,0.050705
MESOS-8365,0.92944
MESOS-8364,0.045692
MESOS-8363,0.119203
MESOS-8362,0.161849
MESOS-8361,0.944995
MESOS-8360,0.778986
MESOS-8359,0.027796
MESOS-8358,0.81582
MESOS-8357,0.970013
MESOS-8356,0.028221
MESOS-8355,0.015544
MESOS-8354,0.869271
MESOS-8353,0.041153
MESOS-8352,0.038178
MESOS-8351,0.275519
MESOS-8350,0.041462
MESOS-8349,0.032101
MESOS-8348,0.031859
MESOS-8347,0.078926
MESOS-8346,0.033844
MESOS-8345,0.978713
MESOS-8344,0.9462
MESOS-8343,0.031619
MESOS-8342,0.586641
MESOS-8341,0.035145
MESOS-8340,0.851459
MESOS-8339,0.044019
MESOS-8338,0.025957
MESOS-8337,0.018833
MESOS-8336,0.035948
MESOS-8335,0.01653
MESOS-8334,0.045353
MESOS-8333,0.041774
MESOS-8332,0.657264
MESOS-8331,0.070816
MESOS-8330,0.130729
MESOS-8329,0.019569
MESOS-8328,0.166134
MESOS-8327,0.805326
MESOS-8326,0.121686
MESOS-8325,0.043366
MESOS-8324,0.665519
MESOS-8323,0.778649
MESOS-8322,0.173288
MESOS-8321,0.045016
MESOS-8320,0.04778
MESOS-8319,0.72526
MESOS-8318,0.020646
MESOS-8317,0.021948
MESOS-8316,0.014504
MESOS-8315,0.051463
MESOS-8314,0.751648
MESOS-8313,0.935817
MESOS-8312,0.076408
MESOS-8311,0.039343
MESOS-8310,0.120853
MESOS-8309,0.439988
MESOS-8308,0.035411
MESOS-8307,0.03622
MESOS-8306,0.943348
MESOS-8305,0.023871
MESOS-8304,0.297011
MESOS-8303,0.099121
MESOS-8302,0.131173
MESOS-8301,0.897695
MESOS-8300,0.021615
MESOS-8299,0.037047
MESOS-8298,0.234933
MESOS-8297,0.026557
MESOS-8296,0.867485
MESOS-8295,0.646544
MESOS-8294,0.950411
MESOS-8293,0.022803
MESOS-8292,0.073696
MESOS-8291,0.16398
MESOS-8290,0.896614
MESOS-8289,0.03259
MESOS-8288,0.047074
MESOS-8287,0.010902
MESOS-8286,0.095349
MESOS-8285,0.171338
MESOS-8284,0.877896
MESOS-8283,0.029987
MESOS-8282,0.028008
MESOS-8281,0.040846
MESOS-8280,0.044349
MESOS-8279,0.032837
MESOS-8278,0.057918
MESOS-8277,0.037327
MESOS-8276,0.932453
MESOS-8275,0.460289
MESOS-8274,0.499512
MESOS-8273,0.076961
MESOS-8272,0.056652
MESOS-8271,0.015425
MESOS-8270,0.755276
MESOS-8269,0.677367
MESOS-8268,0.255901
MESOS-8267,0.044681
MESOS-8266,0.03359
MESOS-8265,0.674479
MESOS-8264,0.227298
MESOS-8263,0.041462
MESOS-8262,0.044681
MESOS-8261,0.024423
MESOS-8260,0.042722
MESOS-8259,0.03259
MESOS-8258,0.041153
MESOS-8257,0.028871
MESOS-8256,0.860604
MESOS-8255,0.065845
MESOS-8254,0.06165
MESOS-8253,0.025371
MESOS-8252,0.044681
MESOS-8251,0.783326
MESOS-8250,0.025179
MESOS-8249,0.123366
MESOS-8248,0.526343
MESOS-8247,0.018405
MESOS-8246,0.037047
MESOS-8245,0.049222
MESOS-8244,0.964855
MESOS-8243,0.663614
MESOS-8242,0.90261
MESOS-8241,0.076132
MESOS-8240,0.796292
MESOS-8239,0.019271
MESOS-8238,0.257765
MESOS-8237,0.72952
MESOS-8236,0.737914
MESOS-8235,0.048137
MESOS-8234,0.026759
MESOS-8233,0.039343
MESOS-8232,0.040541
MESOS-8231,0.261142
MESOS-8230,0.231614
MESOS-8229,0.955981
MESOS-8228,0.022977
MESOS-8227,0.031859
MESOS-8226,0.045016
MESOS-8225,0.034881
MESOS-8224,0.046725
MESOS-8223,0.026156
MESOS-8222,0.442636
MESOS-8221,0.522446
MESOS-8220,0.054199
MESOS-8219,0.455199
MESOS-8218,0.684897
MESOS-8217,0.113973
MESOS-8216,0.026964
MESOS-8215,0.382949
MESOS-8214,0.516595
MESOS-8213,0.948155
MESOS-8212,0.044019
MESOS-8211,0.275519
MESOS-8210,0.033337
MESOS-8209,0.066085
MESOS-8208,0.023153
MESOS-8207,0.909907
MESOS-8206,0.498535
MESOS-8205,0.038756
MESOS-8204,0.030909
MESOS-8203,0.025565
MESOS-8202,0.713032
MESOS-8201,0.075585
MESOS-8200,0.022977
MESOS-8199,0.483405
MESOS-8198,0.801625
MESOS-8197,0.837088
MESOS-8196,0.654732
MESOS-8195,0.388966
MESOS-8194,0.796925
MESOS-8193,0.179818
MESOS-8192,0.928409
MESOS-8191,0.754915
MESOS-8190,0.513668
MESOS-8189,0.274351
MESOS-8188,0.268941
MESOS-8187,0.287868
MESOS-8186,0.652248
MESOS-8185,0.038178
MESOS-8184,0.374562
MESOS-8183,0.923039
MESOS-8182,0.07343
MESOS-8181,0.136839
MESOS-8180,0.041462
MESOS-8179,0.03622
MESOS-8178,0.027376
MESOS-8177,0.029987
MESOS-8176,0.039048
MESOS-8175,0.021781
MESOS-8174,0.016153
MESOS-8173,0.021125
MESOS-8172,0.029091
MESOS-8171,0.02976
MESOS-8170,0.304507
MESOS-8169,0.04778
MESOS-8168,0.73678
MESOS-8167,0.987568
MESOS-8166,0.041774
MESOS-8165,0.075585
MESOS-8164,0.544801
MESOS-8163,0.948155
MESOS-8162,0.040238
MESOS-8161,0.014392
MESOS-8160,0.343892
MESOS-8159,0.035145
MESOS-8158,0.023689
MESOS-8157,0.034881
MESOS-8156,0.351311
MESOS-8155,0.031859
MESOS-8154,0.980729
MESOS-8153,0.05301
MESOS-8152,0.027796
MESOS-8151,0.021781
MESOS-8150,0.069542
MESOS-8149,0.197135
MESOS-8148,0.361503
MESOS-8147,0.297674
MESOS-8146,0.016785
MESOS-8145,0.012147
MESOS-8144,0.86431
MESOS-8143,0.886027
MESOS-8142,0.91181
MESOS-8141,0.766643
MESOS-8140,0.054601
MESOS-8139,0.283385
MESOS-8138,0.039343
MESOS-8137,0.025371
MESOS-8136,0.043691
MESOS-8135,0.028871
MESOS-8134,0.036769
MESOS-8133,0.111628
MESOS-8132,0.980129
MESOS-8131,0.17441
MESOS-8130,0.765593
MESOS-8129,0.026355
MESOS-8128,0.052619
MESOS-8127,0.015425
MESOS-8126,0.942507
MESOS-8125,0.040541
MESOS-8124,0.022117
MESOS-8123,0.020964
MESOS-8122,0.013532
MESOS-8121,0.056029
MESOS-8120,0.366987
MESOS-8119,0.023871
MESOS-8118,0.883236
MESOS-8117,0.455199
MESOS-8116,0.024988
MESOS-8115,0.709623
MESOS-8114,0.019124
MESOS-8113,0.37319
MESOS-8112,0.035948
MESOS-8111,0.019569
MESOS-8110,0.012432
MESOS-8109,0.119203
MESOS-8108,0.785638
MESOS-8107,0.884039
MESOS-8106,0.252016
MESOS-8105,0.019271
MESOS-8104,0.673836
MESOS-8103,0.075312
MESOS-8102,0.589835
MESOS-8101,0.777975
MESOS-8100,0.968141
MESOS-8099,0.449393
MESOS-8098,0.302906
MESOS-8097,0.544559
MESOS-8096,0.033337
MESOS-8095,0.055413
MESOS-8094,0.945801
MESOS-8093,0.021125
MESOS-8092,0.483892
MESOS-8091,0.585812
MESOS-8090,0.009268
MESOS-8089,0.314353
MESOS-8088,0.243822
MESOS-8087,0.120439
MESOS-8086,0.165323
MESOS-8085,0.068289
MESOS-8084,0.056236
MESOS-8083,0.898053
MESOS-8082,0.124213
MESOS-8081,0.055823
MESOS-8080,0.022457
MESOS-8079,0.871037
MESOS-8078,0.24726
MESOS-8077,0.302082
MESOS-8076,0.037047
MESOS-8075,0.630173
MESOS-8074,0.412885
MESOS-8073,0.304352
MESOS-8072,0.136148
MESOS-8071,0.807157
MESOS-8070,0.021125
MESOS-8069,0.027169
MESOS-8068,0.859664
MESOS-8067,0.474144
MESOS-8066,0.025565
MESOS-8065,0.019124
MESOS-8064,0.934395
MESOS-8063,0.707809
MESOS-8062,0.03359
MESOS-8061,0.024238
MESOS-8060,0.953622
MESOS-8059,0.788909
MESOS-8058,0.049959
MESOS-8057,0.039639
MESOS-8056,0.022457
MESOS-8055,0.520496
MESOS-8054,0.364891
MESOS-8053,0.751648
MESOS-8052,0.016915
MESOS-8051,0.019419
MESOS-8050,0.942507
MESOS-8049,0.038466
MESOS-8048,0.034619
MESOS-8047,0.019719
MESOS-8046,0.039639
MESOS-8045,0.099121
MESOS-8044,0.320522
MESOS-8043,0.183887
MESOS-8042,0.169406
MESOS-8041,0.442396
MESOS-8040,0.96862
MESOS-8039,0.059866
MESOS-8038,0.021615
MESOS-8037,0.864768
MESOS-8036,0.043043
MESOS-8035,0.067301
MESOS-8034,0.073165
MESOS-8033,0.68721
MESOS-8032,0.814053
MESOS-8031,0.938576
MESOS-8030,0.981595
MESOS-8029,0.565539
MESOS-8028,0.865679
MESOS-8027,0.035411
MESOS-8026,0.294215
MESOS-8025,0.130285
MESOS-8024,0.385028
MESOS-8023,0.254046
MESOS-8022,0.683208
MESOS-8021,0.950778
MESOS-8020,0.035948
MESOS-8019,0.015073
MESOS-8018,0.986151
MESOS-8017,0.940353
MESOS-8016,0.979977
MESOS-8015,0.991289
MESOS-8014,0.985271
MESOS-8013,0.112016
MESOS-8012,0.747984
MESOS-8011,0.030676
MESOS-8010,0.027585
MESOS-8009,0.126353
MESOS-8008,0.704058
MESOS-8007,0.129403
MESOS-8006,0.188026
MESOS-8005,0.050331
MESOS-8004,0.015906
MESOS-8003,0.026964
MESOS-8002,0.018405
MESOS-8001,0.024988
MESOS-8000,0.034881
MESOS-7999,0.92523
MESOS-7998,0.026156
MESOS-7997,0.024423
MESOS-7996,0.030215
MESOS-7995,0.023509
MESOS-7994,0.026964
MESOS-7993,0.042088
MESOS-7992,0.100879
MESOS-7991,0.019124
MESOS-7990,0.893681
MESOS-7989,0.13707
MESOS-7988,0.025761
MESOS-7987,0.096365
MESOS-7986,0.024054
MESOS-7985,0.505615
MESOS-7984,0.485844
MESOS-7983,0.065845
MESOS-7982,0.086323
MESOS-7981,0.890294
MESOS-7980,0.03359
MESOS-7979,0.020804
MESOS-7978,0.030909
MESOS-7977,0.0729
MESOS-7976,0.028221
MESOS-7975,0.012821
MESOS-7974,0.059866
MESOS-7973,0.726426
MESOS-7972,0.03622
MESOS-7971,0.028653
MESOS-7970,0.643609
MESOS-7969,0.028221
MESOS-7968,0.057071
MESOS-7967,0.894421
MESOS-7966,0.031619
MESOS-7965,0.013637
MESOS-7964,0.03622
MESOS-7963,0.025371
MESOS-7962,0.237046
MESOS-7961,0.09947
MESOS-7960,0.249447
MESOS-7959,0.13707
MESOS-7958,0.028871
MESOS-7957,0.062331
MESOS-7956,0.059428
MESOS-7955,0.071851
MESOS-7954,0.072374
MESOS-7953,0.202443
MESOS-7952,0.615037
MESOS-7951,0.983343
MESOS-7950,0.221687
MESOS-7949,0.955319
MESOS-7948,0.028871
MESOS-7947,0.971992
MESOS-7946,0.032344
MESOS-7945,0.033844
MESOS-7944,0.166134
MESOS-7943,0.116362
MESOS-7942,0.012821
MESOS-7941,0.387922
MESOS-7940,0.016915
MESOS-7939,0.029312
MESOS-7938,0.421314
MESOS-7937,0.69181
MESOS-7936,0.355999
MESOS-7935,0.16132
MESOS-7934,0.017177
MESOS-7933,0.027169
MESOS-7932,0.022803
MESOS-7931,0.030215
MESOS-7930,0.926835
MESOS-7929,0.019124
MESOS-7928,0.022457
MESOS-7927,0.040541
MESOS-7926,0.028008
MESOS-7925,0.494629
MESOS-7924,0.669421
MESOS-7923,0.072637
MESOS-7922,0.036769
MESOS-7921,0.027169
MESOS-7920,0.029091
MESOS-7919,0.169681
MESOS-7918,0.037892
MESOS-7917,0.019719
MESOS-7916,0.264738
MESOS-7915,0.04778
MESOS-7914,0.112795
MESOS-7913,0.645343
MESOS-7912,0.007938
MESOS-7911,0.051463
MESOS-7910,0.032344
MESOS-7909,0.069289
MESOS-7908,0.025179
MESOS-7907,0.030444
MESOS-7906,0.014064
MESOS-7905,0.056029
MESOS-7904,0.054199
MESOS-7903,0.137996
MESOS-7902,0.022286
MESOS-7901,0.020332
MESOS-7900,0.385606
MESOS-7899,0.442636
MESOS-7898,0.840783
MESOS-7897,0.92944
MESOS-7896,0.700075
MESOS-7895,0.553747
MESOS-7894,0.021948
MESOS-7893,0.763131
MESOS-7892,0.147555
MESOS-7891,0.865679
MESOS-7890,0.110856
MESOS-7889,0.547948
MESOS-7888,0.027796
MESOS-7887,0.384219
MESOS-7886,0.705988
MESOS-7885,0.014392
MESOS-7884,0.923592
MESOS-7883,0.022286
MESOS-7882,0.031859
MESOS-7881,0.844409
MESOS-7880,0.139396
MESOS-7879,0.780997
MESOS-7878,0.303009
MESOS-7877,0.345105
MESOS-7876,0.969324
MESOS-7875,0.954308
MESOS-7874,0.950778
MESOS-7873,0.046725
MESOS-7872,0.041774
MESOS-7871,0.023331
MESOS-7870,0.971347
MESOS-7869,0.017986
MESOS-7868,0.91848
MESOS-7867,0.031144
MESOS-7866,0.848471
MESOS-7865,0.03622
MESOS-7864,0.147065
MESOS-7863,0.023509
MESOS-7862,0.115561
MESOS-7861,0.268174
MESOS-7860,0.968381
MESOS-7859,0.019124
MESOS-7858,0.043691
MESOS-7857,0.274643
MESOS-7856,0.016915
MESOS-7855,0.018978
MESOS-7854,0.912436
MESOS-7853,0.946597
MESOS-7852,0.052619
MESOS-7851,0.040846
MESOS-7850,0.129843
MESOS-7849,0.060975
MESOS-7848,0.035145
MESOS-7847,0.042088
MESOS-7846,0.028653
MESOS-7845,0.408749
MESOS-7844,0.006798
MESOS-7843,0.853425
MESOS-7842,0.295332
MESOS-7841,0.051845
MESOS-7840,0.644896
MESOS-7839,0.114369
MESOS-7838,0.070304
MESOS-7837,0.821617
MESOS-7836,0.039048
MESOS-7835,0.042088
MESOS-7834,0.021615
MESOS-7833,0.013325
MESOS-7832,0.040541
MESOS-7831,0.018833
MESOS-7830,0.035948
MESOS-7829,0.586049
MESOS-7828,0.037892
MESOS-7827,0.978875
MESOS-7826,0.123789
MESOS-7825,0.051463
MESOS-7824,0.014064
MESOS-7823,0.867036
MESOS-7822,0.040238
MESOS-7821,0.03138
MESOS-7820,0.939025
MESOS-7819,0.874077
MESOS-7818,0.948917
MESOS-7817,0.028008
MESOS-7816,0.894421
MESOS-7815,0.169681
MESOS-7814,0.758511
MESOS-7813,0.015544
MESOS-7812,0.214034
MESOS-7811,0.045353
MESOS-7810,0.961534
MESOS-7809,0.846958
MESOS-7808,0.968141
MESOS-7807,0.845942
MESOS-7806,0.367724
MESOS-7805,0.013325
MESOS-7804,0.161585
MESOS-7803,0.011687
MESOS-7802,0.027585
MESOS-7801,0.545286
MESOS-7800,0.128088
MESOS-7799,0.075858
MESOS-7798,0.121686
MESOS-7797,0.017442
MESOS-7796,0.018264
MESOS-7795,0.13707
MESOS-7794,0.019871
MESOS-7793,0.017986
MESOS-7792,0.564819
MESOS-7791,0.017577
MESOS-7790,0.950411
MESOS-7789,0.962108
MESOS-7788,0.190423
MESOS-7787,0.962391
MESOS-7786,0.688468
MESOS-7785,0.953622
MESOS-7784,0.036494
MESOS-7783,0.025565
MESOS-7782,0.290477
MESOS-7781,0.039937
MESOS-7780,0.781997
MESOS-7779,0.025957
MESOS-7778,0.035948
MESOS-7777,0.042088
MESOS-7776,0.415136
MESOS-7775,0.056236
MESOS-7774,0.78233
MESOS-7773,0.683631
MESOS-7772,0.018264
MESOS-7771,0.028653
MESOS-7770,0.02976
MESOS-7769,0.021125
MESOS-7768,0.80837
MESOS-7767,0.681409
MESOS-7766,0.016277
MESOS-7765,0.014842
MESOS-7764,0.089773
MESOS-7763,0.873647
MESOS-7762,0.021451
MESOS-7761,0.041774
MESOS-7760,0.022629
MESOS-7759,0.019271
MESOS-7758,0.031144
MESOS-7757,0.872782
MESOS-7756,0.619068
MESOS-7755,0.933431
MESOS-7754,0.014504
MESOS-7753,0.016277
MESOS-7752,0.024423
MESOS-7751,0.013532
MESOS-7750,0.013956
MESOS-7749,0.972415
MESOS-7748,0.410402
MESOS-7747,0.772531
MESOS-7746,0.78695
MESOS-7745,0.025371
MESOS-7744,0.035411
MESOS-7743,0.124213
MESOS-7742,0.027796
MESOS-7741,0.026964
MESOS-7740,0.023153
MESOS-7739,0.026355
MESOS-7738,0.99014
MESOS-7737,0.829492
MESOS-7736,0.358157
MESOS-7735,0.048858
MESOS-7734,0.746139
MESOS-7733,0.013428
MESOS-7732,0.033086
MESOS-7731,0.030444
MESOS-7730,0.014729
MESOS-7729,0.057493
MESOS-7728,0.034881
MESOS-7727,0.033337
MESOS-7726,0.042088
MESOS-7725,0.03259
MESOS-7724,0.023509
MESOS-7723,0.91611
MESOS-7722,0.028653
MESOS-7721,0.058993
MESOS-7720,0.052231
MESOS-7719,0.017986
MESOS-7718,0.029987
MESOS-7717,0.042404
MESOS-7716,0.016657
MESOS-7715,0.043043
MESOS-7714,0.026759
MESOS-7713,0.513668
MESOS-7712,0.876634
MESOS-7711,0.0538
MESOS-7710,0.083591
MESOS-7709,0.697197
MESOS-7708,0.488771
MESOS-7707,0.047074
MESOS-7706,0.837088
MESOS-7705,0.394434
MESOS-7704,0.08882
MESOS-7703,0.028221
MESOS-7702,0.638835
MESOS-7701,0.439266
MESOS-7700,0.041153
MESOS-7699,0.029312
MESOS-7698,0.026355
MESOS-7697,0.055005
MESOS-7696,0.965641
MESOS-7695,0.852935
MESOS-7694,0.019569
MESOS-7693,0.036494
MESOS-7692,0.020489
MESOS-7691,0.882022
MESOS-7690,0.028221
MESOS-7689,0.020177
MESOS-7688,0.913677
MESOS-7687,0.037047
MESOS-7686,0.021125
MESOS-7685,0.021948
MESOS-7684,0.008062
MESOS-7683,0.920218
MESOS-7682,0.712032
MESOS-7681,0.889144
MESOS-7680,0.567697
MESOS-7679,0.116764
MESOS-7678,0.986363
MESOS-7677,0.76207
MESOS-7676,0.721351
MESOS-7675,0.71123
MESOS-7674,0.043691
MESOS-7673,0.028221
MESOS-7672,0.086323
MESOS-7671,0.170508
MESOS-7670,0.510252
MESOS-7669,0.036494
MESOS-7668,0.339663
MESOS-7667,0.033844
MESOS-7666,0.03622
MESOS-7665,0.468791
MESOS-7664,0.961534
MESOS-7663,0.262464
MESOS-7662,0.04778
MESOS-7661,0.020804
MESOS-7660,0.033086
MESOS-7659,0.031859
MESOS-7658,0.013532
MESOS-7657,0.131619
MESOS-7656,0.571288
MESOS-7655,0.124639
MESOS-7654,0.016657
MESOS-7653,0.396769
MESOS-7652,0.014504
MESOS-7651,0.953275
MESOS-7650,0.027169
MESOS-7649,0.030676
MESOS-7648,0.028653
MESOS-7647,0.912124
MESOS-7646,0.813164
MESOS-7645,0.045692
MESOS-7644,0.652162
MESOS-7643,0.057282
MESOS-7642,0.915507
MESOS-7641,0.05921
MESOS-7640,0.045016
MESOS-7639,0.034619
MESOS-7638,0.014282
MESOS-7637,0.050705
MESOS-7636,0.44071
MESOS-7635,0.020023
MESOS-7634,0.020804
MESOS-7633,0.964321
MESOS-7632,0.252568
MESOS-7631,0.702836
MESOS-7630,0.937211
MESOS-7629,0.270866
MESOS-7628,0.028436
MESOS-7627,0.039048
MESOS-7626,0.276691
MESOS-7625,0.247987
MESOS-7624,0.150528
MESOS-7623,0.844922
MESOS-7622,0.024054
MESOS-7621,0.019719
MESOS-7620,0.044019
MESOS-7619,0.037327
MESOS-7618,0.055413
MESOS-7617,0.017309
MESOS-7616,0.948917
MESOS-7615,0.258139
MESOS-7614,0.874507
MESOS-7613,0.165863
MESOS-7612,0.663505
MESOS-7611,0.09401
MESOS-7610,0.434461
MESOS-7609,0.836555
MESOS-7608,0.300643
MESOS-7607,0.943764
MESOS-7606,0.193452
MESOS-7605,0.806548
MESOS-7604,0.028008
MESOS-7603,0.027376
MESOS-7602,0.987179
MESOS-7601,0.049222
MESOS-7600,0.036769
MESOS-7599,0.036769
MESOS-7598,0.713232
MESOS-7597,0.022286
MESOS-7596,0.028653
MESOS-7595,0.869715
MESOS-7594,0.773559
MESOS-7593,0.441914
MESOS-7592,0.873215
MESOS-7591,0.321653
MESOS-7590,0.732974
MESOS-7589,0.040238
MESOS-7588,0.315736
MESOS-7587,0.011961
MESOS-7586,0.075312
MESOS-7585,0.316105
MESOS-7584,0.05301
MESOS-7583,0.017442
MESOS-7582,0.853913
MESOS-7581,0.026355
MESOS-7580,0.91181
MESOS-7579,0.467818
MESOS-7578,0.956634
MESOS-7577,0.416559
MESOS-7576,0.353875
MESOS-7575,0.924688
MESOS-7574,0.925769
MESOS-7573,0.102305
MESOS-7572,0.641029
MESOS-7571,0.196209
MESOS-7570,0.816991
MESOS-7569,0.048137
MESOS-7568,0.904313
MESOS-7567,0.139866
MESOS-7566,0.028008
MESOS-7565,0.022803
MESOS-7564,0.114369
MESOS-7563,0.919643
MESOS-7562,0.042722
MESOS-7561,0.913368
MESOS-7560,0.295535
MESOS-7559,0.027376
MESOS-7558,0.641703
MESOS-7557,0.643217
MESOS-7556,0.808672
MESOS-7555,0.452536
MESOS-7554,0.207857
MESOS-7553,0.897336
MESOS-7552,0.0341
MESOS-7551,0.030909
MESOS-7550,0.878731
MESOS-7549,0.046725
MESOS-7548,0.023509
MESOS-7547,0.037327
MESOS-7546,0.026355
MESOS-7545,0.018405
MESOS-7544,0.021615
MESOS-7543,0.697815
MESOS-7542,0.68763
MESOS-7541,0.034359
MESOS-7540,0.489748
MESOS-7539,0.65957
MESOS-7538,0.033086
MESOS-7537,0.866585
MESOS-7536,0.194368
MESOS-7535,0.846958
MESOS-7534,0.835484
MESOS-7533,0.290125
MESOS-7532,0.37502
MESOS-7531,0.684053
MESOS-7530,0.078078
MESOS-7529,0.069038
MESOS-7528,0.912436
MESOS-7527,0.093347
MESOS-7526,0.238107
MESOS-7525,0.191026
MESOS-7524,0.03259
MESOS-7523,0.572962
MESOS-7522,0.970013
MESOS-7521,0.043043
MESOS-7520,0.045692
MESOS-7519,0.029535
MESOS-7518,0.026759
MESOS-7517,0.02461
MESOS-7516,0.035948
MESOS-7515,0.032837
MESOS-7514,0.042088
MESOS-7513,0.965119
MESOS-7512,0.020023
MESOS-7511,0.027796
MESOS-7510,0.029987
MESOS-7509,0.026759
MESOS-7508,0.726037
MESOS-7507,0.058132
MESOS-7506,0.044349
MESOS-7505,0.094678
MESOS-7504,0.032344
MESOS-7503,0.552298
MESOS-7502,0.012336
MESOS-7501,0.339745
MESOS-7500,0.049959
MESOS-7499,0.966663
MESOS-7498,0.051083
MESOS-7497,0.674426
MESOS-7496,0.032101
MESOS-7495,0.029312
MESOS-7494,0.010091
MESOS-7493,0.917893
MESOS-7492,0.972204
MESOS-7491,0.919353
MESOS-7490,0.189221
MESOS-7489,0.228501
MESOS-7488,0.598782
MESOS-7487,0.031619
MESOS-7486,0.027585
MESOS-7485,0.071074
MESOS-7484,0.022803
MESOS-7483,0.125493
MESOS-7482,0.03359
MESOS-7481,0.080937
MESOS-7480,0.935817
MESOS-7479,0.722723
MESOS-7478,0.026156
MESOS-7477,0.279435
MESOS-7476,0.079782
MESOS-7475,0.031144
MESOS-7474,0.014392
MESOS-7473,0.068289
MESOS-7472,0.092033
MESOS-7471,0.036494
MESOS-7470,0.050331
MESOS-7469,0.828384
MESOS-7468,0.013428
MESOS-7467,0.914291
MESOS-7466,0.017577
MESOS-7465,0.023871
MESOS-7464,0.014504
MESOS-7463,0.017309
MESOS-7462,0.034881
MESOS-7461,0.063019
MESOS-7460,0.040541
MESOS-7459,0.014842
MESOS-7458,0.015073
MESOS-7457,0.042722
MESOS-7456,0.038756
MESOS-7455,0.132964
MESOS-7454,0.019271
MESOS-7453,0.023331
MESOS-7452,0.043691
MESOS-7451,0.771155
MESOS-7450,0.044681
MESOS-7449,0.972415
MESOS-7448,0.482917
MESOS-7447,0.141756
MESOS-7446,0.141756
MESOS-7445,0.957912
MESOS-7444,0.768733
MESOS-7443,0.468791
MESOS-7442,0.660884
MESOS-7441,0.017577
MESOS-7440,0.032344
MESOS-7439,0.155078
MESOS-7438,0.025761
MESOS-7437,0.030444
MESOS-7436,0.022457
MESOS-7435,0.743913
MESOS-7434,0.037327
MESOS-7433,0.197135
MESOS-7432,0.026759
MESOS-7431,0.020964
MESOS-7430,0.083292
MESOS-7429,0.944587
MESOS-7428,0.552057
MESOS-7427,0.025179
MESOS-7426,0.986572
MESOS-7425,0.035411
MESOS-7424,0.065366
MESOS-7423,0.51562
MESOS-7422,0.051463
MESOS-7421,0.581541
MESOS-7420,0.028436
MESOS-7419,0.202128
MESOS-7418,0.965381
MESOS-7417,0.479504
MESOS-7416,0.3437
MESOS-7415,0.750553
MESOS-7414,0.879561
MESOS-7413,0.015306
MESOS-7412,0.932453
MESOS-7411,0.919931
MESOS-7410,0.614886
MESOS-7409,0.031144
MESOS-7408,0.128963
MESOS-7407,0.032101
MESOS-7406,0.011961
MESOS-7405,0.907967
MESOS-7404,0.928409
MESOS-7403,0.021948
MESOS-7402,0.028653
MESOS-7401,0.293607
MESOS-7400,0.020646
MESOS-7399,0.953966
MESOS-7398,0.968381
MESOS-7397,0.010735
MESOS-7396,0.03138
MESOS-7395,0.107813
MESOS-7394,0.024238
MESOS-7393,0.065128
MESOS-7392,0.621771
MESOS-7391,0.098773
MESOS-7390,0.533154
MESOS-7389,0.019719
MESOS-7388,0.965119
MESOS-7387,0.08389
MESOS-7386,0.024238
MESOS-7385,0.093347
MESOS-7384,0.151529
MESOS-7383,0.031144
MESOS-7382,0.020023
MESOS-7381,0.050705
MESOS-7380,0.017309
MESOS-7379,0.034619
MESOS-7378,0.029091
MESOS-7377,0.761361
MESOS-7376,0.640439
MESOS-7375,0.214362
MESOS-7374,0.034881
MESOS-7373,0.028221
MESOS-7372,0.076961
MESOS-7371,0.07056
MESOS-7370,0.339609
MESOS-7369,0.951863
MESOS-7368,0.036769
MESOS-7367,0.06804
MESOS-7366,0.023509
MESOS-7365,0.019719
MESOS-7364,0.422266
MESOS-7363,0.073963
MESOS-7362,0.020332
MESOS-7361,0.938576
MESOS-7360,0.490724
MESOS-7359,0.734881
MESOS-7358,0.551574
MESOS-7357,0.886813
MESOS-7356,0.478041
MESOS-7355,0.581303
MESOS-7354,0.733929
MESOS-7353,0.921358
MESOS-7352,0.750918
MESOS-7351,0.022286
MESOS-7350,0.022457
MESOS-7349,0.457864
MESOS-7348,0.028653
MESOS-7347,0.969091
MESOS-7346,0.014064
MESOS-7345,0.107437
MESOS-7344,0.093017
MESOS-7343,0.870157
MESOS-7342,0.061424
MESOS-7341,0.663696
MESOS-7340,0.022117
MESOS-7339,0.953966
MESOS-7338,0.051083
MESOS-7337,0.027169
MESOS-7336,0.972204
MESOS-7335,0.052619
MESOS-7334,0.029312
MESOS-7333,0.064418
MESOS-7332,0.008316
MESOS-7331,0.029535
MESOS-7330,0.277277
MESOS-7329,0.237222
MESOS-7328,0.52829
MESOS-7327,0.115561
MESOS-7326,0.800068
MESOS-7325,0.041774
MESOS-7324,0.363534
MESOS-7323,0.039048
MESOS-7322,0.214691
MESOS-7321,0.025957
MESOS-7320,0.20947
MESOS-7319,0.875787
MESOS-7318,0.050331
MESOS-7317,0.809878
MESOS-7316,0.022457
MESOS-7315,0.951863
MESOS-7314,0.504394
MESOS-7313,0.021948
MESOS-7312,0.060087
MESOS-7311,0.030444
MESOS-7310,0.92523
MESOS-7309,0.89841
MESOS-7308,0.027376
MESOS-7307,0.042404
MESOS-7306,0.916708
MESOS-7305,0.91611
MESOS-7304,0.856812
MESOS-7303,0.962391
MESOS-7302,0.985718
MESOS-7301,0.027169
MESOS-7300,0.011072
MESOS-7299,0.856332
MESOS-7298,0.451085
MESOS-7297,0.281011
MESOS-7296,0.023689
MESOS-7295,0.091382
MESOS-7294,0.435181
MESOS-7293,0.063482
MESOS-7292,0.90261
MESOS-7291,0.954647
MESOS-7290,0.036494
MESOS-7289,0.959154
MESOS-7288,0.044019
MESOS-7287,0.019271
MESOS-7286,0.198064
MESOS-7285,0.965641
MESOS-7284,0.742048
MESOS-7283,0.895523
MESOS-7282,0.960657
MESOS-7281,0.043691
MESOS-7280,0.034881
MESOS-7279,0.927888
MESOS-7278,0.92944
MESOS-7277,0.796292
MESOS-7276,0.279435
MESOS-7275,0.564819
MESOS-7274,0.26569
MESOS-7273,0.018264
MESOS-7272,0.016915
MESOS-7271,0.018689
MESOS-7270,0.02461
MESOS-7269,0.271445
MESOS-7268,0.049959
MESOS-7267,0.158695
MESOS-7266,0.105211
MESOS-7265,0.041153
MESOS-7264,0.026557
MESOS-7263,0.018547
MESOS-7262,0.040846
MESOS-7261,0.015073
MESOS-7260,0.068537
MESOS-7259,0.073696
MESOS-7258,0.942507
MESOS-7257,0.036494
MESOS-7256,0.423458
MESOS-7255,0.026557
MESOS-7254,0.008916
MESOS-7253,0.02976
MESOS-7252,0.05921
MESOS-7251,0.020332
MESOS-7250,0.718397
MESOS-7249,0.432303
MESOS-7248,0.021615
MESOS-7247,0.885631
MESOS-7246,0.216342
MESOS-7245,0.160266
MESOS-7244,0.016657
MESOS-7243,0.261708
MESOS-7242,0.5083
MESOS-7241,0.902266
MESOS-7240,0.025957
MESOS-7239,0.023153
MESOS-7238,0.582729
MESOS-7237,0.023689
MESOS-7236,0.028653
MESOS-7235,0.984811
MESOS-7234,0.040846
MESOS-7233,0.048496
MESOS-7232,0.790207
MESOS-7231,0.31279
MESOS-7230,0.676299
MESOS-7229,0.769427
MESOS-7228,0.628037
MESOS-7227,0.224906
MESOS-7226,0.798187
MESOS-7225,0.037609
MESOS-7224,0.950041
MESOS-7223,0.008985
MESOS-7222,0.96378
MESOS-7221,0.345436
MESOS-7220,0.025371
MESOS-7219,0.675765
MESOS-7218,0.04778
MESOS-7217,0.022457
MESOS-7216,0.029312
MESOS-7215,0.213705
MESOS-7214,0.661814
MESOS-7213,0.034619
MESOS-7212,0.015073
MESOS-7211,0.085099
MESOS-7210,0.013223
MESOS-7209,0.00986
MESOS-7208,0.025957
MESOS-7207,0.690663
MESOS-7206,0.049222
MESOS-7205,0.498535
MESOS-7204,0.044349
MESOS-7203,0.282691
MESOS-7202,0.418935
MESOS-7201,0.769773
MESOS-7200,0.715821
MESOS-7199,0.930458
MESOS-7198,0.021451
MESOS-7197,0.019124
MESOS-7196,0.865224
MESOS-7195,0.938124
MESOS-7194,0.057282
MESOS-7193,0.043366
MESOS-7192,0.025179
MESOS-7191,0.355327
MESOS-7190,0.91181
MESOS-7189,0.96862
MESOS-7188,0.064653
MESOS-7187,0.042088
MESOS-7186,0.026156
MESOS-7185,0.040238
MESOS-7184,0.038756
MESOS-7183,0.025565
MESOS-7182,0.048496
MESOS-7181,0.203391
MESOS-7180,0.084795
MESOS-7179,0.860604
MESOS-7178,0.927363
MESOS-7177,0.319121
MESOS-7176,0.83762
MESOS-7175,0.950041
MESOS-7174,0.01017
MESOS-7173,0.028436
MESOS-7172,0.035145
MESOS-7171,0.452536
MESOS-7170,0.950411
MESOS-7169,0.034619
MESOS-7168,0.033086
MESOS-7167,0.017045
MESOS-7166,0.078926
MESOS-7165,0.054601
MESOS-7164,0.239527
MESOS-7163,0.045016
MESOS-7162,0.121269
MESOS-7161,0.929951
MESOS-7160,0.020023
MESOS-7159,0.031619
MESOS-7158,0.036494
MESOS-7157,0.01653
MESOS-7156,0.066085
MESOS-7155,0.404272
MESOS-7154,0.476092
MESOS-7153,0.166134
MESOS-7152,0.100172
MESOS-7151,0.008316
MESOS-7150,0.320024
MESOS-7149,0.348313
MESOS-7148,0.094678
MESOS-7147,0.173288
MESOS-7146,0.035145
MESOS-7145,0.03359
MESOS-7144,0.081228
MESOS-7143,0.024988
MESOS-7142,0.078926
MESOS-7141,0.924688
MESOS-7140,0.917893
MESOS-7139,0.096706
MESOS-7138,0.151529
MESOS-7137,0.027796
MESOS-7136,0.967163
MESOS-7135,0.060752
MESOS-7134,0.047074
MESOS-7133,0.019124
MESOS-7132,0.046034
MESOS-7131,0.502441
MESOS-7130,0.030215
MESOS-7129,0.027169
MESOS-7128,0.832781
MESOS-7127,0.029312
MESOS-7126,0.022457
MESOS-7125,0.014392
MESOS-7124,0.858244
MESOS-7123,0.761361
MESOS-7122,0.047426
MESOS-7121,0.856812
MESOS-7120,0.973844
MESOS-7119,0.026355
MESOS-7118,0.007012
MESOS-7117,0.022457
MESOS-7116,0.036769
MESOS-7115,0.034881
MESOS-7114,0.011961
MESOS-7113,0.055005
MESOS-7112,0.0538
MESOS-7111,0.034881
MESOS-7110,0.051083
MESOS-7109,0.052619
MESOS-7108,0.051083
MESOS-7107,0.059647
MESOS-7106,0.029091
MESOS-7105,0.221687
MESOS-7104,0.03138
MESOS-7103,0.896251
MESOS-7102,0.022117
MESOS-7101,0.061876
MESOS-7100,0.027169
MESOS-7099,0.038178
MESOS-7098,0.236693
MESOS-7097,0.066569
MESOS-7096,0.977714
MESOS-7095,0.011961
MESOS-7094,0.011961
MESOS-7093,0.008847
MESOS-7092,0.829492
MESOS-7091,0.041153
MESOS-7090,0.018405
MESOS-7089,0.955319
MESOS-7088,0.969556
MESOS-7087,0.710829
MESOS-7086,0.865679
MESOS-7085,0.61659
MESOS-7084,0.050331
MESOS-7083,0.014282
MESOS-7082,0.038178
MESOS-7081,0.018833
MESOS-7080,0.950411
MESOS-7079,0.955319
MESOS-7078,0.276495
MESOS-7077,0.022803
MESOS-7076,0.014616
MESOS-7075,0.028436
MESOS-7074,0.696371
MESOS-7073,0.039937
MESOS-7072,0.063482
MESOS-7071,0.514644
MESOS-7070,0.857291
MESOS-7069,0.034359
MESOS-7068,0.657841
MESOS-7067,0.207857
MESOS-7066,0.51562
MESOS-7065,0.180107
MESOS-7063,0.194368
MESOS-7062,0.812867
MESOS-7061,0.560734
MESOS-7060,0.03359
MESOS-7059,0.028008
MESOS-7058,0.472683
MESOS-7057,0.062103
MESOS-7056,0.859664
MESOS-7055,0.232659
MESOS-7054,0.913058
MESOS-7053,0.256832
MESOS-7052,0.023689
MESOS-7051,0.936749
MESOS-7050,0.034619
MESOS-7049,0.018833
MESOS-7048,0.210766
MESOS-7047,0.368406
MESOS-7046,0.728362
MESOS-7045,0.241311
MESOS-7044,0.048137
MESOS-7043,0.034881
MESOS-7042,0.058561
MESOS-7041,0.263073
MESOS-7040,0.0729
MESOS-7039,0.175256
MESOS-7038,0.204025
MESOS-7037,0.256646
MESOS-7036,0.024238
MESOS-7035,0.030909
MESOS-7034,0.029987
MESOS-7033,0.83602
MESOS-7032,0.008711
MESOS-7031,0.067547
MESOS-7030,0.31875
MESOS-7029,0.034619
MESOS-7028,0.028436
MESOS-7027,0.085099
MESOS-7026,0.46636
MESOS-7025,0.217005
MESOS-7024,0.595493
MESOS-7023,0.027796
MESOS-7022,0.077797
MESOS-7021,0.432303
MESOS-7020,0.007346
MESOS-7019,0.823328
MESOS-7018,0.028653
MESOS-7017,0.045692
MESOS-7016,0.668718
MESOS-7015,0.926304
MESOS-7014,0.565779
MESOS-7013,0.885631
MESOS-7012,0.166947
MESOS-7011,0.113973
MESOS-7010,0.874077
MESOS-7009,0.071591
MESOS-7008,0.029091
MESOS-7007,0.034619
MESOS-7006,0.521958
MESOS-7005,0.288068
MESOS-7004,0.92079
MESOS-7003,0.489748
MESOS-7002,0.879974
MESOS-7001,0.859664
MESOS-7000,0.812272
MESOS-6999,0.898053
MESOS-6998,0.495606
MESOS-6997,0.865679
MESOS-6996,0.103749
MESOS-6995,0.238284
MESOS-6994,0.586523
MESOS-6993,0.773559
MESOS-6992,0.296858
MESOS-6991,0.028653
MESOS-6990,0.032101
MESOS-6989,0.025179
MESOS-6988,0.010987
MESOS-6987,0.028871
MESOS-6986,0.028008
MESOS-6985,0.025761
MESOS-6984,0.168857
MESOS-6983,0.03259
MESOS-6982,0.021451
MESOS-6981,0.499023
MESOS-6980,0.11358
MESOS-6979,0.0729
MESOS-6978,0.389895
MESOS-6977,0.470737
MESOS-6976,0.305801
MESOS-6975,0.608885
MESOS-6974,0.044681
MESOS-6973,0.012723
MESOS-6972,0.483892
MESOS-6971,0.67104
MESOS-6970,0.133415
MESOS-6969,0.044681
MESOS-6968,0.905322
MESOS-6967,0.849971
MESOS-6966,0.017712
MESOS-6965,0.526343
MESOS-6964,0.932944
MESOS-6963,0.017309
MESOS-6962,0.018125
MESOS-6961,0.053403
MESOS-6960,0.797557
MESOS-6959,0.147555
MESOS-6958,0.669421
MESOS-6957,0.888372
MESOS-6956,0.809577
MESOS-6955,0.926304
MESOS-6954,0.021451
MESOS-6953,0.034881
MESOS-6952,0.018547
MESOS-6951,0.038466
MESOS-6950,0.023153
MESOS-6949,0.029987
MESOS-6948,0.027376
MESOS-6947,0.09401
MESOS-6946,0.037047
MESOS-6945,0.029987
MESOS-6944,0.704058
MESOS-6943,0.082402
MESOS-6942,0.019124
MESOS-6941,0.934395
MESOS-6940,0.697918
MESOS-6939,0.222531
MESOS-6938,0.034359
MESOS-6937,0.014616
MESOS-6936,0.939913
MESOS-6935,0.932944
MESOS-6934,0.707
MESOS-6933,0.028008
MESOS-6932,0.09236
MESOS-6931,0.042722
MESOS-6930,0.05921
MESOS-6929,0.061199
MESOS-6928,0.0729
MESOS-6927,0.181553
MESOS-6926,0.303783
MESOS-6925,0.395134
MESOS-6924,0.72526
MESOS-6923,0.015544
MESOS-6922,0.038756
MESOS-6921,0.344692
MESOS-6920,0.022117
MESOS-6919,0.030909
MESOS-6918,0.112795
MESOS-6917,0.019419
MESOS-6916,0.03622
MESOS-6915,0.031859
MESOS-6914,0.011072
MESOS-6913,0.016657
MESOS-6912,0.01302
MESOS-6911,0.038756
MESOS-6910,0.024988
MESOS-6909,0.018547
MESOS-6908,0.017442
MESOS-6907,0.032101
MESOS-6906,0.958226
MESOS-6905,0.03138
MESOS-6904,0.141756
MESOS-6903,0.984215
MESOS-6902,0.814053
MESOS-6901,0.022286
MESOS-6900,0.048496
MESOS-6899,0.412767
MESOS-6898,0.90261
MESOS-6897,0.033086
MESOS-6896,0.967163
MESOS-6895,0.028008
MESOS-6894,0.262842
MESOS-6893,0.084795
MESOS-6892,0.167763
MESOS-6891,0.077239
MESOS-6890,0.091382
MESOS-6889,0.150278
MESOS-6888,0.061199
MESOS-6887,0.294925
MESOS-6886,0.454714
MESOS-6885,0.150528
MESOS-6884,0.107063
MESOS-6883,0.64791
MESOS-6882,0.951863
MESOS-6881,0.782995
MESOS-6880,0.155591
MESOS-6879,0.35421
MESOS-6878,0.698329
MESOS-6877,0.638272
MESOS-6876,0.025565
MESOS-6875,0.044681
MESOS-6874,0.02976
MESOS-6873,0.050705
MESOS-6872,0.239705
MESOS-6871,0.044681
MESOS-6870,0.032837
MESOS-6869,0.041462
MESOS-6868,0.280124
MESOS-6867,0.021287
MESOS-6866,0.04778
MESOS-6865,0.825027
MESOS-6864,0.036494
MESOS-6863,0.276886
MESOS-6862,0.08152
MESOS-6861,0.882833
MESOS-6860,0.028221
MESOS-6859,0.439988
MESOS-6858,0.023689
MESOS-6857,0.630856
MESOS-6856,0.825027
MESOS-6855,0.354712
MESOS-6854,0.973443
MESOS-6853,0.294114
MESOS-6852,0.047074
MESOS-6851,0.015425
MESOS-6850,0.016403
MESOS-6849,0.023331
MESOS-6848,0.024798
MESOS-6847,0.669205
MESOS-6846,0.883638
MESOS-6845,0.449393
MESOS-6844,0.975946
MESOS-6843,0.056862
MESOS-6842,0.38122
MESOS-6841,0.750918
MESOS-6840,0.075041
MESOS-6839,0.029535
MESOS-6838,0.915507
MESOS-6837,0.046378
MESOS-6836,0.014504
MESOS-6835,0.041153
MESOS-6834,0.065605
MESOS-6833,0.018547
MESOS-6832,0.866133
MESOS-6831,0.712832
MESOS-6830,0.01057
MESOS-6829,0.031144
MESOS-6828,0.978549
MESOS-6827,0.075858
MESOS-6826,0.023689
MESOS-6825,0.30632
MESOS-6824,0.033844
MESOS-6823,0.028653
MESOS-6822,0.044349
MESOS-6821,0.148788
MESOS-6820,0.037327
MESOS-6819,0.045016
MESOS-6818,0.422981
MESOS-6817,0.069038
MESOS-6816,0.049589
MESOS-6815,0.051845
MESOS-6814,0.111628
MESOS-6813,0.015189
MESOS-6812,0.026355
MESOS-6811,0.023331
MESOS-6810,0.023509
MESOS-6809,0.044349
MESOS-6808,0.78695
MESOS-6807,0.969091
MESOS-6806,0.70028
MESOS-6805,0.066812
MESOS-6804,0.154058
MESOS-6803,0.112016
MESOS-6802,0.0341
MESOS-6801,0.141756
MESOS-6800,0.039937
MESOS-6799,0.024423
MESOS-6798,0.022117
MESOS-6797,0.320934
MESOS-6796,0.022286
MESOS-6795,0.029312
MESOS-6794,0.829492
MESOS-6793,0.012147
MESOS-6792,0.028653
MESOS-6791,0.122523
MESOS-6790,0.011245
MESOS-6789,0.05301
MESOS-6788,0.188026
MESOS-6787,0.027169
MESOS-6786,0.203391
MESOS-6785,0.029091
MESOS-6784,0.035411
MESOS-6782,0.846958
MESOS-6781,0.049959
MESOS-6780,0.015785
MESOS-6779,0.915507
MESOS-6778,0.430626
MESOS-6777,0.023871
MESOS-6776,0.027796
MESOS-6775,0.034619
MESOS-6774,0.469277
MESOS-6773,0.935346
MESOS-6772,0.03259
MESOS-6771,0.164516
MESOS-6770,0.604632
MESOS-6769,0.029091
MESOS-6768,0.92079
MESOS-6767,0.026355
MESOS-6766,0.282394
MESOS-6765,0.939471
MESOS-6764,0.247623
MESOS-6763,0.38769
MESOS-6762,0.879147
MESOS-6761,0.055413
MESOS-6760,0.394784
MESOS-6759,0.022457
MESOS-6758,0.921922
MESOS-6757,0.076684
MESOS-6756,0.030215
MESOS-6755,0.929951
MESOS-6754,0.113187
MESOS-6753,0.755997
MESOS-6752,0.263979
MESOS-6751,0.945801
MESOS-6750,0.018264
MESOS-6749,0.26569
MESOS-6748,0.036494
MESOS-6747,0.040541
MESOS-6746,0.023153
MESOS-6745,0.030444
MESOS-6744,0.030676
MESOS-6743,0.105579
MESOS-6742,0.057071
MESOS-6741,0.100172
MESOS-6740,0.065128
MESOS-6739,0.104477
MESOS-6738,0.014729
MESOS-6737,0.069289
MESOS-6736,0.017849
MESOS-6735,0.080069
MESOS-6734,0.687
MESOS-6733,0.654729
MESOS-6732,0.025565
MESOS-6731,0.045353
MESOS-6730,0.071591
MESOS-6729,0.296349
MESOS-6728,0.00659
MESOS-6727,0.03622
MESOS-6726,0.024988
MESOS-6725,0.010902
MESOS-6724,0.030676
MESOS-6723,0.027796
MESOS-6722,0.029091
MESOS-6721,0.388618
MESOS-6720,0.051463
MESOS-6719,0.472197
MESOS-6718,0.067547
MESOS-6717,0.132964
MESOS-6716,0.027796
MESOS-6715,0.0341
MESOS-6714,0.072374
MESOS-6713,0.040541
MESOS-6712,0.037892
MESOS-6711,0.023871
MESOS-6710,0.035145
MESOS-6709,0.20466
MESOS-6708,0.024798
MESOS-6707,0.030909
MESOS-6706,0.022803
MESOS-6705,0.032344
MESOS-6704,0.034359
MESOS-6703,0.028653
MESOS-6702,0.024423
MESOS-6701,0.025761
MESOS-6700,0.023689
MESOS-6699,0.103749
MESOS-6698,0.034619
MESOS-6697,0.034619
MESOS-6696,0.030676
MESOS-6695,0.919063
MESOS-6694,0.026964
MESOS-6693,0.037892
MESOS-6692,0.390011
MESOS-6691,0.216674
MESOS-6690,0.707607
MESOS-6689,0.026759
MESOS-6688,0.031144
MESOS-6687,0.0729
MESOS-6686,0.063019
MESOS-6685,0.049222
MESOS-6684,0.107813
MESOS-6683,0.013532
MESOS-6682,0.921358
MESOS-6681,0.620966
MESOS-6680,0.243283
MESOS-6679,0.932453
MESOS-6678,0.045016
MESOS-6677,0.027169
MESOS-6676,0.030909
MESOS-6675,0.977714
MESOS-6674,0.254602
MESOS-6673,0.867485
MESOS-6672,0.066812
MESOS-6671,0.090735
MESOS-6670,0.849472
MESOS-6669,0.017712
MESOS-6668,0.010091
MESOS-6667,0.46563
MESOS-6666,0.020964
MESOS-6665,0.020964
MESOS-6664,0.506836
MESOS-6663,0.218003
MESOS-6662,0.035948
MESOS-6661,0.022286
MESOS-6660,0.960657
MESOS-6659,0.020646
MESOS-6658,0.018125
MESOS-6657,0.528047
MESOS-6656,0.040238
MESOS-6655,0.011869
MESOS-6654,0.032837
MESOS-6653,0.027376
MESOS-6652,0.017849
MESOS-6651,0.927363
MESOS-6650,0.155848
MESOS-6649,0.024423
MESOS-6648,0.891811
MESOS-6647,0.136608
MESOS-6646,0.026964
MESOS-6645,0.917303
MESOS-6644,0.023509
MESOS-6643,0.369656
MESOS-6642,0.443841
MESOS-6641,0.483405
MESOS-6640,0.018547
MESOS-6639,0.209793
MESOS-6638,0.261708
MESOS-6637,0.855851
MESOS-6636,0.703753
MESOS-6635,0.913984
MESOS-6634,0.876211
MESOS-6633,0.895157
MESOS-6632,0.096025
MESOS-6631,0.866133
MESOS-6630,0.216674
MESOS-6629,0.188623
MESOS-6628,0.341692
MESOS-6627,0.962391
MESOS-6626,0.143188
MESOS-6625,0.069542
MESOS-6624,0.016277
MESOS-6623,0.589244
MESOS-6622,0.028436
MESOS-6621,0.027376
MESOS-6620,0.020646
MESOS-6619,0.051463
MESOS-6618,0.027796
MESOS-6617,0.110471
MESOS-6616,0.03622
MESOS-6615,0.020489
MESOS-6614,0.032837
MESOS-6613,0.022629
MESOS-6612,0.016785
MESOS-6611,0.105948
MESOS-6610,0.027169
MESOS-6609,0.028653
MESOS-6608,0.121686
MESOS-6607,0.027169
MESOS-6606,0.061424
MESOS-6605,0.023331
MESOS-6604,0.054199
MESOS-6603,0.951863
MESOS-6602,0.048137
MESOS-6601,0.030444
MESOS-6600,0.958847
MESOS-6599,0.037609
MESOS-6598,0.027796
MESOS-6597,0.167763
MESOS-6596,0.024988
MESOS-6595,0.950778
MESOS-6594,0.695235
MESOS-6593,0.09236
MESOS-6592,0.125923
MESOS-6591,0.110471
MESOS-6590,0.104477
MESOS-6589,0.308607
MESOS-6588,0.017577
MESOS-6587,0.018125
MESOS-6586,0.622402
MESOS-6585,0.702122
MESOS-6584,0.292696
MESOS-6583,0.553747
MESOS-6582,0.71423
MESOS-6581,0.750187
MESOS-6580,0.048858
MESOS-6579,0.134776
MESOS-6578,0.827271
MESOS-6577,0.016403
MESOS-6576,0.033337
MESOS-6575,0.618204
MESOS-6574,0.875787
MESOS-6573,0.929951
MESOS-6572,0.811676
MESOS-6571,0.071591
MESOS-6570,0.65484
MESOS-6569,0.017309
MESOS-6568,0.803174
MESOS-6567,0.462959
MESOS-6566,0.027376
MESOS-6565,0.031859
MESOS-6563,0.031619
MESOS-6562,0.151529
MESOS-6561,0.025957
MESOS-6560,0.054199
MESOS-6559,0.021948
MESOS-6558,0.409221
MESOS-6557,0.791821
MESOS-6556,0.516595
MESOS-6555,0.012241
MESOS-6554,0.952926
MESOS-6553,0.376165
MESOS-6552,0.939471
MESOS-6551,0.948917
MESOS-6550,0.01302
MESOS-6549,0.330633
MESOS-6548,0.774583
MESOS-6547,0.927363
MESOS-6546,0.932944
MESOS-6545,0.046034
MESOS-6544,0.0538
MESOS-6543,0.586523
MESOS-6542,0.846451
MESOS-6541,0.027585
MESOS-6540,0.5083
MESOS-6539,0.049589
MESOS-6538,0.222869
MESOS-6537,0.022629
MESOS-6536,0.082402
MESOS-6535,0.434461
MESOS-6534,0.149035
MESOS-6533,0.913984
MESOS-6532,0.03259
MESOS-6531,0.267217
MESOS-6530,0.5083
MESOS-6529,0.898053
MESOS-6528,0.297164
MESOS-6527,0.030444
MESOS-6526,0.116362
MESOS-6525,0.981453
MESOS-6524,0.055413
MESOS-6523,0.443359
MESOS-6522,0.86431
MESOS-6521,0.03359
MESOS-6520,0.036769
MESOS-6519,0.032101
MESOS-6518,0.157655
MESOS-6517,0.80038
MESOS-6516,0.019419
MESOS-6515,0.064183
MESOS-6514,0.514156
MESOS-6513,0.560493
MESOS-6512,0.583441
MESOS-6511,0.3465
MESOS-6510,0.474631
MESOS-6509,0.022629
MESOS-6508,0.019124
MESOS-6507,0.029091
MESOS-6506,0.424173
MESOS-6505,0.037047
MESOS-6504,0.028221
MESOS-6503,0.945801
MESOS-6502,0.027796
MESOS-6501,0.066085
MESOS-6500,0.04778
MESOS-6499,0.506347
MESOS-6498,0.022457
MESOS-6497,0.030215
MESOS-6496,0.064418
MESOS-6495,0.929951
MESOS-6494,0.777638
MESOS-6493,0.075312
MESOS-6492,0.080647
MESOS-6491,0.192236
MESOS-6490,0.157655
MESOS-6489,0.969556
MESOS-6488,0.361503
MESOS-6487,0.102664
MESOS-6486,0.029091
MESOS-6485,0.013637
MESOS-6484,0.028008
MESOS-6483,0.025371
MESOS-6482,0.015425
MESOS-6481,0.025565
MESOS-6480,0.247623
MESOS-6479,0.720762
MESOS-6478,0.016277
MESOS-6477,0.952926
MESOS-6476,0.889529
MESOS-6475,0.192236
MESOS-6474,0.939913
MESOS-6473,0.950778
MESOS-6472,0.950778
MESOS-6471,0.948537
MESOS-6470,0.796609
MESOS-6469,0.955981
MESOS-6468,0.857291
MESOS-6467,0.939913
MESOS-6466,0.528047
MESOS-6465,0.084493
MESOS-6464,0.958226
MESOS-6463,0.906653
MESOS-6462,0.756717
MESOS-6461,0.048137
MESOS-6460,0.987568
MESOS-6459,0.015073
MESOS-6458,0.109325
MESOS-6457,0.043691
MESOS-6456,0.372848
MESOS-6455,0.01292
MESOS-6454,0.011687
MESOS-6453,0.020332
MESOS-6452,0.019124
MESOS-6451,0.625095
MESOS-6450,0.224055
MESOS-6449,0.952574
MESOS-6448,0.030215
MESOS-6447,0.140808
MESOS-6446,0.008316
MESOS-6445,0.020964
MESOS-6444,0.042088
MESOS-6443,0.075585
MESOS-6442,0.090093
MESOS-6441,0.231267
MESOS-6440,0.80837
MESOS-6439,0.334916
MESOS-6438,0.077797
MESOS-6437,0.514644
MESOS-6436,0.361503
MESOS-6435,0.021451
MESOS-6434,0.905657
MESOS-6433,0.016403
MESOS-6432,0.061199
MESOS-6431,0.667256
MESOS-6430,0.026759
MESOS-6429,0.323166
MESOS-6428,0.068289
MESOS-6427,0.772874
MESOS-6426,0.865224
MESOS-6425,0.020804
MESOS-6424,0.028436
MESOS-6423,0.915205
MESOS-6422,0.018833
MESOS-6421,0.024423
MESOS-6420,0.024798
MESOS-6419,0.082697
MESOS-6418,0.086323
MESOS-6417,0.7324
MESOS-6416,0.424173
MESOS-6415,0.385143
MESOS-6414,0.025565
MESOS-6413,0.076132
MESOS-6412,0.029987
MESOS-6411,0.707203
MESOS-6410,0.009197
MESOS-6409,0.010408
MESOS-6408,0.077518
MESOS-6407,0.670177
MESOS-6406,0.025565
MESOS-6405,0.171616
MESOS-6404,0.017442
MESOS-6403,0.927363
MESOS-6402,0.987179
MESOS-6401,0.932453
MESOS-6400,0.022803
MESOS-6399,0.185652
MESOS-6398,0.063715
MESOS-6397,0.370795
MESOS-6396,0.573678
MESOS-6395,0.759939
MESOS-6394,0.954647
MESOS-6393,0.016277
MESOS-6392,0.139631
MESOS-6391,0.037892
MESOS-6390,0.272025
MESOS-6389,0.024054
MESOS-6388,0.030444
MESOS-6387,0.673192
MESOS-6386,0.025761
MESOS-6385,0.834946
MESOS-6384,0.204978
MESOS-6383,0.698844
MESOS-6382,0.0538
MESOS-6381,0.727975
MESOS-6380,0.006193
MESOS-6379,0.147555
MESOS-6378,0.008985
MESOS-6377,0.94079
MESOS-6376,0.890294
MESOS-6375,0.970013
MESOS-6374,0.050331
MESOS-6373,0.747247
MESOS-6372,0.841305
MESOS-6371,0.954984
MESOS-6370,0.028221
MESOS-6369,0.053403
MESOS-6368,0.988842
MESOS-6367,0.625552
MESOS-6366,0.739234
MESOS-6365,0.951142
MESOS-6364,0.803482
MESOS-6363,0.048496
MESOS-6362,0.085709
MESOS-6361,0.230573
MESOS-6360,0.061199
MESOS-6359,0.069542
MESOS-6358,0.360714
MESOS-6357,0.039343
MESOS-6356,0.027585
MESOS-6355,0.808974
MESOS-6354,0.044019
MESOS-6353,0.047074
MESOS-6352,0.115561
MESOS-6351,0.015189
MESOS-6350,0.196209
MESOS-6349,0.016915
MESOS-6348,0.941223
MESOS-6347,0.011597
MESOS-6346,0.341308
MESOS-6345,0.026355
MESOS-6344,0.565779
MESOS-6343,0.455683
MESOS-6342,0.017849
MESOS-6341,0.958538
MESOS-6340,0.081813
MESOS-6339,0.955651
MESOS-6338,0.62332
MESOS-6337,0.02461
MESOS-6336,0.019271
MESOS-6335,0.215021
MESOS-6334,0.134321
MESOS-6333,0.322619
MESOS-6332,0.3213
MESOS-6331,0.644966
MESOS-6330,0.251832
MESOS-6329,0.253306
MESOS-6328,0.068289
MESOS-6327,0.012241
MESOS-6326,0.018405
MESOS-6325,0.052231
MESOS-6324,0.067793
MESOS-6323,0.147065
MESOS-6322,0.025179
MESOS-6321,0.022457
MESOS-6320,0.064418
MESOS-6319,0.023871
MESOS-6318,0.041774
MESOS-6317,0.05301
MESOS-6316,0.063251
MESOS-6315,0.055005
MESOS-6314,0.025371
MESOS-6313,0.194368
MESOS-6312,0.136608
MESOS-6311,0.790207
MESOS-6310,0.258139
MESOS-6309,0.140808
MESOS-6308,0.029987
MESOS-6307,0.026355
MESOS-6306,0.362743
MESOS-6305,0.942507
MESOS-6304,0.875787
MESOS-6303,0.841305
MESOS-6302,0.025179
MESOS-6301,0.040541
MESOS-6300,0.019569
MESOS-6299,0.069795
MESOS-6298,0.394201
MESOS-6297,0.822759
MESOS-6296,0.706393
MESOS-6295,0.056652
MESOS-6294,0.880386
MESOS-6293,0.016277
MESOS-6292,0.851459
MESOS-6291,0.751101
MESOS-6290,0.281603
MESOS-6289,0.049589
MESOS-6288,0.047074
MESOS-6287,0.785638
MESOS-6286,0.039343
MESOS-6285,0.039937
MESOS-6284,0.913058
MESOS-6283,0.03138
MESOS-6282,0.720172
MESOS-6281,0.861072
MESOS-6280,0.574872
MESOS-6279,0.080357
MESOS-6278,0.100525
MESOS-6277,0.194368
MESOS-6276,0.040238
MESOS-6275,0.038466
MESOS-6274,0.065845
MESOS-6273,0.041462
MESOS-6272,0.897336
MESOS-6271,0.930962
MESOS-6270,0.011778
MESOS-6269,0.045692
MESOS-6268,0.210442
MESOS-6267,0.376795
MESOS-6266,0.098425
MESOS-6265,0.549157
MESOS-6264,0.048858
MESOS-6263,0.099121
MESOS-6262,0.027585
MESOS-6261,0.351826
MESOS-6260,0.106691
MESOS-6259,0.041774
MESOS-6258,0.679179
MESOS-6257,0.025957
MESOS-6256,0.650994
MESOS-6255,0.130729
MESOS-6254,0.060087
MESOS-6253,0.032344
MESOS-6252,0.018978
MESOS-6251,0.0341
MESOS-6250,0.039343
MESOS-6249,0.024423
MESOS-6248,0.010987
MESOS-6247,0.698638
MESOS-6246,0.030444
MESOS-6245,0.030444
MESOS-6244,0.819893
MESOS-6243,0.958847
MESOS-6242,0.942507
MESOS-6241,0.978052
MESOS-6240,0.934395
MESOS-6239,0.209793
MESOS-6238,0.025371
MESOS-6237,0.019271
MESOS-6236,0.766992
MESOS-6235,0.519034
MESOS-6234,0.029312
MESOS-6233,0.022286
MESOS-6232,0.027169
MESOS-6231,0.023689
MESOS-6230,0.669637
MESOS-6229,0.544075
MESOS-6228,0.024988
MESOS-6227,0.784649
MESOS-6226,0.016153
MESOS-6225,0.024238
MESOS-6223,0.854885
MESOS-6222,0.901921
MESOS-6221,0.698227
MESOS-6220,0.171616
MESOS-6219,0.731826
MESOS-6218,0.873215
MESOS-6217,0.019871
MESOS-6216,0.070304
MESOS-6215,0.057071
MESOS-6214,0.973241
MESOS-6213,0.020332
MESOS-6212,0.231093
MESOS-6211,0.693473
MESOS-6210,0.024054
MESOS-6209,0.030444
MESOS-6208,0.030444
MESOS-6207,0.018405
MESOS-6206,0.179243
MESOS-6205,0.017849
MESOS-6204,0.927363
MESOS-6203,0.012821
MESOS-6202,0.035679
MESOS-6201,0.03359
MESOS-6200,0.920218
MESOS-6199,0.077518
MESOS-6198,0.773216
MESOS-6197,0.685055
MESOS-6196,0.258326
MESOS-6195,0.215351
MESOS-6194,0.215351
MESOS-6193,0.249996
MESOS-6192,0.664758
MESOS-6191,0.652186
MESOS-6190,0.625781
MESOS-6189,0.103749
MESOS-6188,0.29931
MESOS-6187,0.044349
MESOS-6186,0.235636
MESOS-6185,0.235812
MESOS-6184,0.474631
MESOS-6183,0.024423
MESOS-6182,0.024798
MESOS-6181,0.028436
MESOS-6180,0.038466
MESOS-6179,0.023689
MESOS-6178,0.03138
MESOS-6177,0.515132
MESOS-6176,0.052619
MESOS-6175,0.019569
MESOS-6174,0.293101
MESOS-6173,0.013428
MESOS-6172,0.022803
MESOS-6171,0.330728
MESOS-6170,0.043366
MESOS-6169,0.018125
MESOS-6168,0.023331
MESOS-6167,0.038178
MESOS-6166,0.0341
MESOS-6165,0.030444
MESOS-6164,0.046034
MESOS-6163,0.561455
MESOS-6162,0.851953
MESOS-6161,0.791821
MESOS-6160,0.435421
MESOS-6159,0.053403
MESOS-6158,0.040238
MESOS-6157,0.018833
MESOS-6156,0.881615
MESOS-6155,0.016277
MESOS-6154,0.022803
MESOS-6153,0.037609
MESOS-6152,0.035411
MESOS-6151,0.665628
MESOS-6150,0.951504
MESOS-6149,0.710025
MESOS-6148,0.274546
MESOS-6147,0.013956
MESOS-6146,0.231267
MESOS-6145,0.053403
MESOS-6144,0.037047
MESOS-6143,0.018689
MESOS-6142,0.0538
MESOS-6141,0.029091
MESOS-6140,0.473657
MESOS-6139,0.027796
MESOS-6138,0.038466
MESOS-6137,0.025179
MESOS-6136,0.975202
MESOS-6135,0.030909
MESOS-6134,0.103749
MESOS-6133,0.015664
MESOS-6132,0.019871
MESOS-6131,0.026355
MESOS-6130,0.19163
MESOS-6129,0.395835
MESOS-6128,0.339745
MESOS-6127,0.97649
MESOS-6126,0.889529
MESOS-6125,0.026156
MESOS-6124,0.214691
MESOS-6123,0.863392
MESOS-6122,0.036769
MESOS-6121,0.011508
MESOS-6120,0.032344
MESOS-6119,0.109706
MESOS-6118,0.023509
MESOS-6117,0.225758
MESOS-6116,0.077518
MESOS-6115,0.03359
MESOS-6114,0.027796
MESOS-6113,0.652131
MESOS-6112,0.932453
MESOS-6111,0.315584
MESOS-6110,0.029987
MESOS-6109,0.022286
MESOS-6108,0.738292
MESOS-6107,0.015306
MESOS-6106,0.903635
MESOS-6105,0.569853
MESOS-6104,0.035948
MESOS-6103,0.039048
MESOS-6102,0.67077
MESOS-6101,0.922482
MESOS-6100,0.030215
MESOS-6099,0.085099
MESOS-6098,0.320197
MESOS-6097,0.023509
MESOS-6096,0.577615
MESOS-6095,0.044681
MESOS-6094,0.037327
MESOS-6093,0.038756
MESOS-6092,0.054601
MESOS-6091,0.022629
MESOS-6090,0.738669
MESOS-6089,0.022977
MESOS-6088,0.721547
MESOS-6087,0.038178
MESOS-6086,0.019569
MESOS-6085,0.027169
MESOS-6084,0.280025
MESOS-6083,0.787605
MESOS-6082,0.739986
MESOS-6081,0.034881
MESOS-6080,0.727201
MESOS-6079,0.022457
MESOS-6078,0.563858
MESOS-6077,0.807461
MESOS-6076,0.797557
MESOS-6075,0.7011
MESOS-6074,0.021125
MESOS-6073,0.190423
MESOS-6072,0.01017
MESOS-6071,0.859664
MESOS-6070,0.821044
MESOS-6069,0.027169
MESOS-6068,0.959762
MESOS-6067,0.915809
MESOS-6066,0.045016
MESOS-6065,0.926304
MESOS-6064,0.599895
MESOS-6063,0.815233
MESOS-6062,0.764892
MESOS-6061,0.021287
MESOS-6060,0.169406
MESOS-6059,0.060529
MESOS-6058,0.882833
MESOS-6057,0.016153
MESOS-6056,0.93196
MESOS-6055,0.024423
MESOS-6054,0.018125
MESOS-6053,0.553988
MESOS-6052,0.057493
MESOS-6051,0.927888
MESOS-6050,0.211091
MESOS-6049,0.039937
MESOS-6048,0.014842
MESOS-6047,0.017045
MESOS-6046,0.086632
MESOS-6045,0.233357
MESOS-6044,0.359364
MESOS-6043,0.948155
MESOS-6042,0.681939
MESOS-6041,0.01142
MESOS-6040,0.35031
MESOS-6039,0.207857
MESOS-6038,0.030909
MESOS-6037,0.162646
MESOS-6036,0.956957
MESOS-6035,0.128525
MESOS-6034,0.97539
MESOS-6033,0.921922
MESOS-6032,0.955981
MESOS-6031,0.047074
MESOS-6030,0.969556
MESOS-6029,0.019569
MESOS-6028,0.02976
MESOS-6027,0.038178
MESOS-6026,0.020964
MESOS-6025,0.083591
MESOS-6024,0.024423
MESOS-6023,0.484868
MESOS-6022,0.491212
MESOS-6021,0.849472
MESOS-6020,0.875787
MESOS-6019,0.011245
MESOS-6018,0.023689
MESOS-6017,0.840783
MESOS-6016,0.936285
MESOS-6015,0.954647
MESOS-6014,0.932453
MESOS-6013,0.022457
MESOS-6012,0.03359
MESOS-6011,0.027376
MESOS-6010,0.022457
MESOS-6009,0.772187
MESOS-6008,0.957596
MESOS-6007,0.930458
MESOS-6006,0.778313
MESOS-6005,0.033844
MESOS-6004,0.018978
MESOS-6003,0.870157
MESOS-6002,0.022457
MESOS-6001,0.030909
MESOS-6000,0.036769
MESOS-5999,0.183009
MESOS-5998,0.012147
MESOS-5997,0.133415
MESOS-5996,0.02461
MESOS-5995,0.016029
MESOS-5994,0.901575
MESOS-5993,0.811676
MESOS-5992,0.233008
MESOS-5991,0.969785
MESOS-5990,0.314208
MESOS-5989,0.028008
MESOS-5988,0.040238
MESOS-5987,0.249082
MESOS-5986,0.022629
MESOS-5985,0.021948
MESOS-5984,0.71721
MESOS-5983,0.418459
MESOS-5982,0.017577
MESOS-5981,0.014842
MESOS-5980,0.023871
MESOS-5979,0.039343
MESOS-5978,0.087252
MESOS-5977,0.076132
MESOS-5976,0.088505
MESOS-5975,0.101233
MESOS-5974,0.068537
MESOS-5973,0.065128
MESOS-5972,0.009268
MESOS-5971,0.896976
MESOS-5970,0.062103
MESOS-5969,0.017986
MESOS-5968,0.021615
MESOS-5967,0.871912
MESOS-5966,0.718792
MESOS-5965,0.792143
MESOS-5964,0.903635
MESOS-5963,0.03259
MESOS-5962,0.807764
MESOS-5961,0.599837
MESOS-5960,0.929951
MESOS-5959,0.026557
MESOS-5958,0.019124
MESOS-5957,0.117572
MESOS-5956,0.089455
MESOS-5955,0.570331
MESOS-5954,0.521958
MESOS-5953,0.025761
MESOS-5952,0.098079
MESOS-5951,0.937211
MESOS-5950,0.951863
MESOS-5949,0.897695
MESOS-5948,0.2763
MESOS-5947,0.91181
MESOS-5946,0.867934
MESOS-5945,0.017986
MESOS-5944,0.171616
MESOS-5943,0.029312
MESOS-5942,0.028221
MESOS-5941,0.046034
MESOS-5940,0.013428
MESOS-5939,0.008779
MESOS-5938,0.021781
MESOS-5937,0.024798
MESOS-5936,0.94699
MESOS-5935,0.236869
MESOS-5934,0.301465
MESOS-5933,0.92079
MESOS-5932,0.870597
MESOS-5931,0.91611
MESOS-5930,0.018264
MESOS-5929,0.464416
MESOS-5928,0.020177
MESOS-5927,0.029091
MESOS-5926,0.112016
MESOS-5925,0.021781
MESOS-5924,0.018547
MESOS-5923,0.012625
MESOS-5922,0.012054
MESOS-5921,0.051463
MESOS-5920,0.011869
MESOS-5919,0.066569
MESOS-5918,0.768386
MESOS-5917,0.024238
MESOS-5916,0.956309
MESOS-5915,0.010987
MESOS-5914,0.173568
MESOS-5913,0.029091
MESOS-5912,0.429669
MESOS-5911,0.018833
MESOS-5910,0.954308
MESOS-5909,0.013956
MESOS-5908,0.68742
MESOS-5907,0.031619
MESOS-5906,0.023689
MESOS-5905,0.028008
MESOS-5904,0.026557
MESOS-5903,0.040238
MESOS-5902,0.845942
MESOS-5901,0.803174
MESOS-5900,0.941223
MESOS-5899,0.34632
MESOS-5898,0.022457
MESOS-5897,0.836555
MESOS-5896,0.011072
MESOS-5895,0.010902
MESOS-5894,0.903975
MESOS-5893,0.047074
MESOS-5892,0.02976
MESOS-5891,0.012528
MESOS-5890,0.974821
MESOS-5889,0.034619
MESOS-5888,0.041462
MESOS-5887,0.197135
MESOS-5886,0.033086
MESOS-5885,0.019124
MESOS-5884,0.011072
MESOS-5883,0.010902
MESOS-5882,0.842345
MESOS-5881,0.050705
MESOS-5880,0.23546
MESOS-5879,0.029987
MESOS-5878,0.036494
MESOS-5877,0.030909
MESOS-5876,0.03622
MESOS-5875,0.017442
MESOS-5874,0.212722
MESOS-5873,0.953622
MESOS-5872,0.908293
MESOS-5871,0.019569
MESOS-5870,0.090093
MESOS-5869,0.034619
MESOS-5868,0.007816
MESOS-5867,0.085404
MESOS-5866,0.017177
MESOS-5865,0.03359
MESOS-5864,0.031619
MESOS-5863,0.029987
MESOS-5862,0.013956
MESOS-5861,0.036769
MESOS-5860,0.022977
MESOS-5859,0.017177
MESOS-5858,0.040238
MESOS-5857,0.482429
MESOS-5856,0.023153
MESOS-5855,0.930458
MESOS-5854,0.026355
MESOS-5853,0.638272
MESOS-5852,0.028653
MESOS-5851,0.659467
MESOS-5850,0.101947
MESOS-5849,0.012336
MESOS-5848,0.019719
MESOS-5847,0.916708
MESOS-5846,0.021287
MESOS-5845,0.042722
MESOS-5844,0.024798
MESOS-5843,0.665628
MESOS-5842,0.675765
MESOS-5841,0.279829
MESOS-5840,0.030215
MESOS-5839,0.016657
MESOS-5838,0.033844
MESOS-5837,0.871912
MESOS-5836,0.026964
MESOS-5835,0.060975
MESOS-5834,0.025565
MESOS-5833,0.542621
MESOS-5832,0.035948
MESOS-5831,0.00573
MESOS-5830,0.068537
MESOS-5829,0.042722
MESOS-5828,0.146331
MESOS-5827,0.198064
MESOS-5826,0.967163
MESOS-5825,0.831691
MESOS-5824,0.122944
MESOS-5823,0.159217
MESOS-5822,0.465387
MESOS-5821,0.200871
MESOS-5820,0.017986
MESOS-5819,0.078926
MESOS-5818,0.069795
MESOS-5817,0.078078
MESOS-5816,0.094678
MESOS-5815,0.113973
MESOS-5814,0.077797
MESOS-5813,0.900179
MESOS-5812,0.021125
MESOS-5811,0.917598
MESOS-5810,0.903635
MESOS-5809,0.896251
MESOS-5808,0.026557
MESOS-5807,0.868827
MESOS-5806,0.044349
MESOS-5805,0.036494
MESOS-5804,0.056236
MESOS-5803,0.027585
MESOS-5802,0.031619
MESOS-5801,0.027796
MESOS-5800,0.038756
MESOS-5799,0.015664
MESOS-5798,0.052814
MESOS-5797,0.096365
MESOS-5796,0.928926
MESOS-5795,0.949295
MESOS-5794,0.024054
MESOS-5793,0.818737
MESOS-5792,0.20947
MESOS-5791,0.967656
MESOS-5790,0.701917
MESOS-5789,0.606732
MESOS-5788,0.964052
MESOS-5787,0.513668
MESOS-5786,0.022629
MESOS-5785,0.02976
MESOS-5784,0.684053
MESOS-5783,0.889912
MESOS-5782,0.230227
MESOS-5781,0.111628
MESOS-5780,0.537527
MESOS-5779,0.381565
MESOS-5778,0.983597
MESOS-5777,0.777975
MESOS-5776,0.924142
MESOS-5775,0.272799
MESOS-5774,0.979354
MESOS-5773,0.446495
MESOS-5772,0.301979
MESOS-5771,0.391406
MESOS-5770,0.026964
MESOS-5769,0.861538
MESOS-5768,0.818737
MESOS-5767,0.933915
MESOS-5766,0.028221
MESOS-5765,0.761716
MESOS-5764,0.091382
MESOS-5763,0.021781
MESOS-5762,0.031619
MESOS-5761,0.76908
MESOS-5760,0.014842
MESOS-5759,0.035679
MESOS-5758,0.887205
MESOS-5757,0.037892
MESOS-5756,0.224395
MESOS-5755,0.0538
MESOS-5754,0.47658
MESOS-5753,0.816406
MESOS-5752,0.030909
MESOS-5751,0.010489
MESOS-5750,0.887595
MESOS-5749,0.208824
MESOS-5748,0.029535
MESOS-5747,0.021781
MESOS-5746,0.015306
MESOS-5745,0.022629
MESOS-5744,0.022629
MESOS-5743,0.653348
MESOS-5742,0.01653
MESOS-5741,0.115961
MESOS-5740,0.894052
MESOS-5739,0.03359
MESOS-5738,0.454714
MESOS-5737,0.844922
MESOS-5736,0.527803
MESOS-5735,0.278061
MESOS-5734,0.914901
MESOS-5733,0.071851
MESOS-5732,0.101589
MESOS-5731,0.224055
MESOS-5730,0.062331
MESOS-5729,0.943348
MESOS-5728,0.961534
MESOS-5727,0.047074
MESOS-5726,0.906653
MESOS-5725,0.057282
MESOS-5724,0.045353
MESOS-5723,0.028653
MESOS-5722,0.049959
MESOS-5718,0.013956
MESOS-5717,0.031859
MESOS-5716,0.945399
MESOS-5715,0.028871
MESOS-5714,0.127218
MESOS-5713,0.923592
MESOS-5712,0.324891
MESOS-5711,0.295992
MESOS-5710,0.524395
MESOS-5709,0.47171
MESOS-5708,0.108566
MESOS-5707,0.136148
MESOS-5706,0.653348
MESOS-5705,0.266357
MESOS-5704,0.964855
MESOS-5703,0.810179
MESOS-5702,0.139866
MESOS-5701,0.031619
MESOS-5700,0.03359
MESOS-5699,0.737158
MESOS-5698,0.035145
MESOS-5697,0.717408
MESOS-5696,0.530723
MESOS-5695,0.03138
MESOS-5694,0.011245
MESOS-5693,0.046725
MESOS-5692,0.032101
MESOS-5691,0.031859
MESOS-5690,0.020023
MESOS-5689,0.025371
MESOS-5688,0.024238
MESOS-5687,0.025565
MESOS-5686,0.02461
MESOS-5685,0.036494
MESOS-5684,0.03622
MESOS-5683,0.014957
MESOS-5682,0.017986
MESOS-5681,0.946597
MESOS-5680,0.075585
MESOS-5679,0.746693
MESOS-5678,0.027585
MESOS-5677,0.044019
MESOS-5676,0.981595
MESOS-5675,0.887984
MESOS-5674,0.03359
MESOS-5673,0.029535
MESOS-5672,0.027169
MESOS-5671,0.023871
MESOS-5670,0.025565
MESOS-5669,0.041153
MESOS-5668,0.089455
MESOS-5667,0.016785
MESOS-5666,0.460046
MESOS-5665,0.027585
MESOS-5664,0.025371
MESOS-5663,0.929951
MESOS-5662,0.050331
MESOS-5661,0.316079
MESOS-5660,0.030444
MESOS-5659,0.452294
MESOS-5658,0.938124
MESOS-5657,0.102664
MESOS-5656,0.038178
MESOS-5655,0.024988
MESOS-5654,0.009486
MESOS-5653,0.019719
MESOS-5652,0.834946
MESOS-5651,0.67405
MESOS-5650,0.022629
MESOS-5649,0.949669
MESOS-5648,0.660282
MESOS-5647,0.963231
MESOS-5646,0.937211
MESOS-5645,0.027585
MESOS-5644,0.019124
MESOS-5643,0.044349
MESOS-5642,0.068537
MESOS-5641,0.058346
MESOS-5640,0.03622
MESOS-5639,0.47658
MESOS-5638,0.08152
MESOS-5637,0.017712
MESOS-5636,0.791821
MESOS-5635,0.034619
MESOS-5634,0.933431
MESOS-5633,0.011245
MESOS-5632,0.028653
MESOS-5631,0.77081
MESOS-5630,0.601535
MESOS-5629,0.032101
MESOS-5628,0.182134
MESOS-5627,0.047074
MESOS-5626,0.030444
MESOS-5625,0.041774
MESOS-5624,0.034619
MESOS-5619,0.014172
MESOS-5618,0.197754
MESOS-5617,0.084493
MESOS-5616,0.035411
MESOS-5615,0.050705
MESOS-5614,0.030444
MESOS-5613,0.013742
MESOS-5612,0.748352
MESOS-5611,0.007816
MESOS-5610,0.521471
MESOS-5609,0.240775
MESOS-5608,0.287218
MESOS-5607,0.659958
MESOS-5606,0.059428
MESOS-5605,0.679604
MESOS-5604,0.068537
MESOS-5603,0.057071
MESOS-5602,0.707203
MESOS-5601,0.018547
MESOS-5600,0.028008
MESOS-5599,0.017712
MESOS-5598,0.022117
MESOS-5597,0.176956
MESOS-5596,0.048858
MESOS-5595,0.022117
MESOS-5594,0.448426
MESOS-5593,0.92079
MESOS-5592,0.948537
MESOS-5591,0.386648
MESOS-5590,0.467818
MESOS-5589,0.045353
MESOS-5588,0.54359
MESOS-5587,0.020177
MESOS-5586,0.901227
MESOS-5585,0.509764
MESOS-5584,0.086016
MESOS-5583,0.873215
MESOS-5582,0.617859
MESOS-5581,0.260954
MESOS-5580,0.94079
MESOS-5579,0.893681
MESOS-5578,0.84338
MESOS-5577,0.080647
MESOS-5576,0.051083
MESOS-5575,0.051083
MESOS-5574,0.040238
MESOS-5573,0.034359
MESOS-5572,0.957278
MESOS-5571,0.061424
MESOS-5570,0.199932
MESOS-5569,0.295027
MESOS-5568,0.028653
MESOS-5567,0.036494
MESOS-5566,0.357736
MESOS-5565,0.35209
MESOS-5564,0.822474
MESOS-5563,0.878731
MESOS-5562,0.927888
MESOS-5561,0.182426
MESOS-5559,0.629917
MESOS-5558,0.698844
MESOS-5557,0.922482
MESOS-5556,0.03259
MESOS-5555,0.894421
MESOS-5554,0.035679
MESOS-5552,0.749821
MESOS-5551,0.512693
MESOS-5550,0.872782
MESOS-5549,0.814053
MESOS-5548,0.037892
MESOS-5547,0.078078
MESOS-5546,0.048858
MESOS-5545,0.802246
MESOS-5544,0.800692
MESOS-5543,0.022803
MESOS-5542,0.494629
MESOS-5541,0.014957
MESOS-5540,0.828384
MESOS-5539,0.568176
MESOS-5538,0.130285
MESOS-5537,0.020489
MESOS-5536,0.021781
MESOS-5535,0.283781
MESOS-5534,0.020489
MESOS-5533,0.022629
MESOS-5532,0.636918
MESOS-5531,0.046725
MESOS-5530,0.059866
MESOS-5529,0.951863
MESOS-5528,0.851459
MESOS-5527,0.976669
MESOS-5526,0.942929
MESOS-5525,0.898053
MESOS-5524,0.90053
MESOS-5523,0.023509
MESOS-5522,0.052619
MESOS-5521,0.09401
MESOS-5520,0.011245
MESOS-5519,0.13569
MESOS-5518,0.921922
MESOS-5517,0.875361
MESOS-5516,0.846451
MESOS-5515,0.83602
MESOS-5514,0.917598
MESOS-5513,0.848972
MESOS-5512,0.841826
MESOS-5511,0.879561
MESOS-5510,0.867036
MESOS-5509,0.91181
MESOS-5508,0.914901
MESOS-5507,0.855369
MESOS-5506,0.858719
MESOS-5505,0.867934
MESOS-5504,0.825027
MESOS-5503,0.747984
MESOS-5502,0.797241
MESOS-5501,0.851459
MESOS-5500,0.84338
MESOS-5499,0.851953
MESOS-5498,0.916708
MESOS-5497,0.869715
MESOS-5496,0.897695
MESOS-5495,0.849472
MESOS-5494,0.904651
MESOS-5493,0.909907
MESOS-5492,0.867934
MESOS-5491,0.90053
MESOS-5490,0.7011
MESOS-5489,0.849472
MESOS-5488,0.805632
MESOS-5487,0.915809
MESOS-5486,0.788257
MESOS-5485,0.788257
MESOS-5484,0.878314
MESOS-5483,0.019719
MESOS-5482,0.019871
MESOS-5481,0.048496
MESOS-5480,0.069542
MESOS-5479,0.076961
MESOS-5478,0.072374
MESOS-5477,0.084191
MESOS-5476,0.017442
MESOS-5475,0.920218
MESOS-5474,0.912124
MESOS-5473,0.795658
MESOS-5472,0.395251
MESOS-5471,0.324128
MESOS-5470,0.025371
MESOS-5469,0.142709
MESOS-5468,0.768386
MESOS-5467,0.056652
MESOS-5466,0.026156
MESOS-5465,0.058132
MESOS-5464,0.417509
MESOS-5463,0.017849
MESOS-5462,0.110088
MESOS-5461,0.912436
MESOS-5460,0.498535
MESOS-5459,0.398172
MESOS-5458,0.118793
MESOS-5457,0.446012
MESOS-5456,0.81582
MESOS-5455,0.048496
MESOS-5454,0.272411
MESOS-5453,0.031619
MESOS-5452,0.884039
MESOS-5451,0.029312
MESOS-5450,0.329607
MESOS-5449,0.022629
MESOS-5448,0.028221
MESOS-5447,0.779993
MESOS-5446,0.025371
MESOS-5445,0.051463
MESOS-5444,0.020964
MESOS-5443,0.048496
MESOS-5442,0.017177
MESOS-5441,0.017712
MESOS-5440,0.07836
MESOS-5439,0.052231
MESOS-5438,0.030444
MESOS-5437,0.015189
MESOS-5436,0.034881
MESOS-5435,0.818447
MESOS-5434,0.022629
MESOS-5433,0.107813
MESOS-5432,0.022117
MESOS-5431,0.243822
MESOS-5430,0.332256
MESOS-5429,0.015544
MESOS-5428,0.128088
MESOS-5427,0.025565
MESOS-5426,0.953622
MESOS-5425,0.344285
MESOS-5424,0.082994
MESOS-5423,0.028221
MESOS-5422,0.022457
MESOS-5421,0.013849
MESOS-5420,0.441914
MESOS-5419,0.941654
MESOS-5418,0.035679
MESOS-5417,0.201813
MESOS-5416,0.030676
MESOS-5415,0.020646
MESOS-5414,0.017849
MESOS-5413,0.092688
MESOS-5412,0.778313
MESOS-5411,0.636636
MESOS-5410,0.967656
MESOS-5409,0.069795
MESOS-5408,0.052619
MESOS-5407,0.055005
MESOS-5406,0.624637
MESOS-5405,0.03359
MESOS-5404,0.585101
MESOS-5403,0.642657
MESOS-5402,0.009055
MESOS-5401,0.78233
MESOS-5400,0.703142
MESOS-5399,0.684897
MESOS-5398,0.702938
MESOS-5397,0.033337
MESOS-5396,0.596198
MESOS-5395,0.018125
MESOS-5394,0.913677
MESOS-5393,0.044349
MESOS-5392,0.932453
MESOS-5391,0.9659
MESOS-5390,0.035145
MESOS-5389,0.050705
MESOS-5388,0.055413
MESOS-5387,0.021451
MESOS-5386,0.029535
MESOS-5385,0.043043
MESOS-5384,0.020023
MESOS-5383,0.026964
MESOS-5382,0.025761
MESOS-5381,0.027169
MESOS-5380,0.030909
MESOS-5379,0.099821
MESOS-5378,0.037327
MESOS-5377,0.912436
MESOS-5376,0.917893
MESOS-5375,0.258513
MESOS-5374,0.390941
MESOS-5373,0.535584
MESOS-5372,0.108566
MESOS-5371,0.115961
MESOS-5370,0.310541
MESOS-5369,0.093017
MESOS-5368,0.937669
MESOS-5367,0.935346
MESOS-5366,0.188623
MESOS-5365,0.293556
MESOS-5364,0.925769
MESOS-5363,0.022803
MESOS-5362,0.91118
MESOS-5361,0.925769
MESOS-5360,0.27474
MESOS-5359,0.041774
MESOS-5358,0.811676
MESOS-5357,0.457864
MESOS-5356,0.58818
MESOS-5355,0.030676
MESOS-5354,0.03359
MESOS-5353,0.889529
MESOS-5352,0.038178
MESOS-5351,0.03622
MESOS-5350,0.71103
MESOS-5349,0.033337
MESOS-5348,0.60364
MESOS-5347,0.599954
MESOS-5346,0.06165
MESOS-5345,0.91611
MESOS-5344,0.978549
MESOS-5343,0.052231
MESOS-5342,0.890294
MESOS-5341,0.039048
MESOS-5340,0.028221
MESOS-5339,0.630159
MESOS-5338,0.115162
MESOS-5337,0.665954
MESOS-5336,0.217005
MESOS-5335,0.68721
MESOS-5334,0.117167
MESOS-5333,0.020646
MESOS-5332,0.021781
MESOS-5331,0.139866
MESOS-5330,0.039048
MESOS-5329,0.033844
MESOS-5328,0.031619
MESOS-5327,0.028871
MESOS-5326,0.014729
MESOS-5325,0.163713
MESOS-5324,0.039937
MESOS-5323,0.238816
MESOS-5322,0.560974
MESOS-5321,0.066085
MESOS-5320,0.037327
MESOS-5319,0.109325
MESOS-5318,0.037327
MESOS-5317,0.494141
MESOS-5316,0.37502
MESOS-5315,0.366731
MESOS-5314,0.561696
MESOS-5313,0.020332
MESOS-5312,0.041774
MESOS-5311,0.021781
MESOS-5310,0.937669
MESOS-5309,0.020332
MESOS-5308,0.015906
MESOS-5307,0.884838
MESOS-5306,0.03622
MESOS-5305,0.03259
MESOS-5304,0.019124
MESOS-5303,0.141756
MESOS-5302,0.974239
MESOS-5301,0.92079
MESOS-5300,0.47317
MESOS-5299,0.850469
MESOS-5298,0.467332
MESOS-5297,0.330512
MESOS-5296,0.831691
MESOS-5295,0.029312
MESOS-5294,0.020177
MESOS-5293,0.968141
MESOS-5292,0.020489
MESOS-5291,0.039343
MESOS-5290,0.015073
MESOS-5289,0.154058
MESOS-5288,0.032344
MESOS-5287,0.058346
MESOS-5286,0.830044
MESOS-5285,0.919353
MESOS-5284,0.052231
MESOS-5283,0.030676
MESOS-5282,0.045016
MESOS-5281,0.531696
MESOS-5280,0.055005
MESOS-5279,0.029091
MESOS-5278,0.657923
MESOS-5277,0.104843
MESOS-5276,0.051845
MESOS-5275,0.983597
MESOS-5274,0.048137
MESOS-5273,0.750187
MESOS-5272,0.665519
MESOS-5271,0.717408
MESOS-5270,0.309389
MESOS-5269,0.685844
MESOS-5268,0.027169
MESOS-5267,0.043043
MESOS-5266,0.015906
MESOS-5265,0.052231
MESOS-5264,0.070816
MESOS-5263,0.019719
MESOS-5262,0.593845
MESOS-5261,0.449876
MESOS-5260,0.78233
MESOS-5259,0.654895
MESOS-5258,0.809577
MESOS-5257,0.498535
MESOS-5256,0.942082
MESOS-5255,0.954308
MESOS-5254,0.654619
MESOS-5253,0.05301
MESOS-5252,0.869715
MESOS-5251,0.028871
MESOS-5250,0.075041
MESOS-5249,0.297368
MESOS-5244,0.024988
MESOS-5243,0.090414
MESOS-5242,0.012432
MESOS-5241,0.627752
MESOS-5240,0.027169
MESOS-5239,0.048496
MESOS-5238,0.029312
MESOS-5237,0.130285
MESOS-5236,0.029535
MESOS-5235,0.424651
MESOS-5234,0.147555
MESOS-5233,0.017849
MESOS-5232,0.548432
MESOS-5231,0.88642
MESOS-5230,0.046034
MESOS-5229,0.915507
MESOS-5228,0.785309
MESOS-5227,0.322423
MESOS-5226,0.017577
MESOS-5225,0.01653
MESOS-5224,0.023509
MESOS-5223,0.035145
MESOS-5222,0.661486
MESOS-5221,0.218003
MESOS-5220,0.796925
MESOS-5219,0.458349
MESOS-5218,0.039048
MESOS-5217,0.675015
MESOS-5216,0.055413
MESOS-5215,0.196518
MESOS-5214,0.464902
MESOS-5213,0.510741
MESOS-5212,0.272025
MESOS-5211,0.041462
MESOS-5210,0.553747
MESOS-5209,0.446977
MESOS-5208,0.02976
MESOS-5207,0.029312
MESOS-5206,0.770465
MESOS-5205,0.039639
MESOS-5204,0.157655
MESOS-5203,0.09236
MESOS-5202,0.396068
MESOS-5201,0.131173
MESOS-5200,0.041153
MESOS-5199,0.015664
MESOS-5198,0.012821
MESOS-5197,0.167491
MESOS-5196,0.044349
MESOS-5195,0.019569
MESOS-5194,0.03359
MESOS-5193,0.024054
MESOS-5192,0.050331
MESOS-5191,0.016915
MESOS-5190,0.053403
MESOS-5189,0.041462
MESOS-5188,0.013223
MESOS-5187,0.050705
MESOS-5186,0.367951
MESOS-5185,0.967656
MESOS-5184,0.023509
MESOS-5183,0.97649
MESOS-5182,0.025371
MESOS-5181,0.040846
MESOS-5180,0.032837
MESOS-5179,0.101947
MESOS-5178,0.614163
MESOS-5177,0.047426
MESOS-5176,0.033844
MESOS-5175,0.025957
MESOS-5174,0.784319
MESOS-5173,0.901227
MESOS-5172,0.021287
MESOS-5171,0.797557
MESOS-5170,0.834946
MESOS-5169,0.913984
MESOS-5168,0.355399
MESOS-5167,0.243103
MESOS-5166,0.034619
MESOS-5165,0.051845
MESOS-5164,0.846958
MESOS-5163,0.988313
MESOS-5162,0.017986
MESOS-5161,0.021125
MESOS-5160,0.908618
MESOS-5159,0.032344
MESOS-5158,0.935817
MESOS-5157,0.257018
MESOS-5156,0.062103
MESOS-5155,0.939471
MESOS-5154,0.512205
MESOS-5153,0.052619
MESOS-5152,0.925769
MESOS-5151,0.352397
MESOS-5150,0.947381
MESOS-5149,0.92944
MESOS-5148,0.023331
MESOS-5147,0.017045
MESOS-5146,0.044681
MESOS-5145,0.021948
MESOS-5144,0.155078
MESOS-5143,0.059428
MESOS-5142,0.061199
MESOS-5141,0.039048
MESOS-5140,0.673084
MESOS-5139,0.046378
MESOS-5138,0.037327
MESOS-5137,0.037327
MESOS-5136,0.087876
MESOS-5135,0.141994
MESOS-5134,0.320077
MESOS-5133,0.163713
MESOS-5132,0.020023
MESOS-5131,0.035948
MESOS-5130,0.919063
MESOS-5129,0.017045
MESOS-5128,0.020646
MESOS-5127,0.055413
MESOS-5126,0.017177
MESOS-5125,0.035145
MESOS-5124,0.127653
MESOS-5123,0.022457
MESOS-5122,0.085099
MESOS-5121,0.017986
MESOS-5120,0.151028
MESOS-5119,0.383988
MESOS-5118,0.337094
MESOS-5117,0.881207
MESOS-5116,0.919063
MESOS-5115,0.088505
MESOS-5114,0.025957
MESOS-5113,0.014282
MESOS-5112,0.559531
MESOS-5111,0.093347
MESOS-5110,0.09236
MESOS-5109,0.159479
MESOS-5108,0.955651
MESOS-5107,0.950778
MESOS-5106,0.713432
MESOS-5105,0.910863
MESOS-5104,0.071332
MESOS-5103,0.052619
MESOS-5102,0.897336
MESOS-5101,0.29088
MESOS-5100,0.464416
MESOS-5099,0.38769
MESOS-5098,0.276788
MESOS-5097,0.398406
MESOS-5096,0.290377
MESOS-5095,0.868827
MESOS-5094,0.834407
MESOS-5093,0.335351
MESOS-5092,0.594316
MESOS-5091,0.937669
MESOS-5090,0.954984
MESOS-5089,0.974043
MESOS-5088,0.488771
MESOS-5087,0.060752
MESOS-5086,0.906322
MESOS-5085,0.79534
MESOS-5084,0.095349
MESOS-5083,0.32322
MESOS-5082,0.095687
MESOS-5081,0.048496
MESOS-5080,0.028221
MESOS-5079,0.0341
MESOS-5078,0.09401
MESOS-5077,0.304559
MESOS-5076,0.800068
MESOS-5075,0.029091
MESOS-5074,0.0538
MESOS-5073,0.611266
MESOS-5072,0.677474
MESOS-5071,0.866133
MESOS-5070,0.929951
MESOS-5069,0.529507
MESOS-5068,0.113973
MESOS-5067,0.757794
MESOS-5066,0.948537
MESOS-5065,0.698432
MESOS-5064,0.029091
MESOS-5063,0.028221
MESOS-5062,0.872782
MESOS-5061,0.019419
MESOS-5060,0.01292
MESOS-5059,0.493164
MESOS-5058,0.08152
MESOS-5057,0.118793
MESOS-5056,0.147065
MESOS-5055,0.110856
MESOS-5054,0.386995
MESOS-5053,0.248717
MESOS-5052,0.067056
MESOS-5051,0.889529
MESOS-5050,0.985271
MESOS-5049,0.965119
MESOS-5048,0.02461
MESOS-5047,0.914291
MESOS-5046,0.765944
MESOS-5045,0.851459
MESOS-5044,0.330633
MESOS-5043,0.76207
MESOS-5042,0.715026
MESOS-5041,0.778649
MESOS-5040,0.740737
MESOS-5039,0.957596
MESOS-5038,0.588416
MESOS-5037,0.03259
MESOS-5036,0.446012
MESOS-5035,0.959459
MESOS-5034,0.76207
MESOS-5033,0.018978
MESOS-5032,0.079496
MESOS-5031,0.039937
MESOS-5030,0.77081
MESOS-5029,0.596903
MESOS-5028,0.009559
MESOS-5027,0.300848
MESOS-5026,0.063482
MESOS-5025,0.045016
MESOS-5024,0.061876
MESOS-5023,0.052619
MESOS-5022,0.936285
MESOS-5021,0.026557
MESOS-5020,0.263599
MESOS-5019,0.28279
MESOS-5018,0.066812
MESOS-5017,0.511229
MESOS-5016,0.883638
MESOS-5015,0.414899
MESOS-5014,0.407098
MESOS-5013,0.192539
MESOS-5012,0.035411
MESOS-5011,0.919643
MESOS-5010,0.018833
MESOS-5009,0.028436
MESOS-5008,0.024988
MESOS-5007,0.016785
MESOS-5006,0.103024
MESOS-5005,0.048137
MESOS-5004,0.241847
MESOS-5003,0.031859
MESOS-5002,0.215351
MESOS-5001,0.879147
MESOS-5000,0.045016
MESOS-4999,0.021451
MESOS-4998,0.855851
MESOS-4997,0.760295
MESOS-4996,0.020177
MESOS-4995,0.750553
MESOS-4994,0.25128
MESOS-4993,0.106319
MESOS-4992,0.018264
MESOS-4991,0.316369
MESOS-4990,0.183301
MESOS-4989,0.647352
MESOS-4988,0.028436
MESOS-4987,0.026355
MESOS-4986,0.033337
MESOS-4985,0.041774
MESOS-4984,0.022457
MESOS-4983,0.034619
MESOS-4982,0.93196
MESOS-4981,0.037609
MESOS-4980,0.748536
MESOS-4979,0.03138
MESOS-4978,0.038466
MESOS-4977,0.014392
MESOS-4976,0.028871
MESOS-4975,0.029312
MESOS-4974,0.040238
MESOS-4973,0.036494
MESOS-4972,0.030909
MESOS-4971,0.102664
MESOS-4970,0.220678
MESOS-4969,0.339472
MESOS-4968,0.039048
MESOS-4967,0.867036
MESOS-4966,0.036769
MESOS-4965,0.593845
MESOS-4964,0.01292
MESOS-4963,0.057705
MESOS-4962,0.830044
MESOS-4961,0.029987
MESOS-4960,0.525369
MESOS-4959,0.945399
MESOS-4958,0.115162
MESOS-4957,0.023153
MESOS-4956,0.930458
MESOS-4955,0.287768
MESOS-4954,0.021287
MESOS-4953,0.056444
MESOS-4952,0.044681
MESOS-4951,0.823044
MESOS-4950,0.076961
MESOS-4949,0.420362
MESOS-4948,0.075312
MESOS-4947,0.023689
MESOS-4946,0.032101
MESOS-4945,0.667663
MESOS-4944,0.91848
MESOS-4943,0.463444
MESOS-4942,0.042088
MESOS-4941,0.871037
MESOS-4940,0.023153
MESOS-4939,0.881615
MESOS-4938,0.442636
MESOS-4937,0.97024
MESOS-4936,0.977883
MESOS-4935,0.916708
MESOS-4934,0.628749
MESOS-4933,0.575349
MESOS-4932,0.968856
MESOS-4931,0.60778
MESOS-4930,0.807157
MESOS-4929,0.007121
MESOS-4928,0.547706
MESOS-4927,0.736401
MESOS-4926,0.403567
MESOS-4925,0.931463
MESOS-4924,0.016915
MESOS-4923,0.686475
MESOS-4922,0.11358
MESOS-4921,0.974629
MESOS-4920,0.974629
MESOS-4919,0.974629
MESOS-4918,0.844922
MESOS-4917,0.105579
MESOS-4916,0.960361
MESOS-4915,0.137996
MESOS-4914,0.278649
MESOS-4913,0.91181
MESOS-4912,0.030909
MESOS-4911,0.02461
MESOS-4910,0.385837
MESOS-4909,0.513668
MESOS-4908,0.367157
MESOS-4907,0.97539
MESOS-4906,0.444324
MESOS-4905,0.225076
MESOS-4904,0.038756
MESOS-4903,0.041153
MESOS-4902,0.922482
MESOS-4901,0.025371
MESOS-4900,0.013637
MESOS-4899,0.015785
MESOS-4898,0.391522
MESOS-4897,0.213705
MESOS-4896,0.058561
MESOS-4895,0.053403
MESOS-4894,0.031144
MESOS-4893,0.735262
MESOS-4892,0.527803
MESOS-4891,0.63751
MESOS-4890,0.024798
MESOS-4889,0.752013
MESOS-4888,0.018405
MESOS-4887,0.206254
MESOS-4886,0.939471
MESOS-4885,0.018125
MESOS-4884,0.546012
MESOS-4883,0.176956
MESOS-4882,0.557123
MESOS-4881,0.057493
MESOS-4880,0.022977
MESOS-4879,0.335215
MESOS-4878,0.01057
MESOS-4877,0.018405
MESOS-4876,0.012241
MESOS-4875,0.013849
MESOS-4874,0.026355
MESOS-4873,0.467332
MESOS-4872,0.138462
MESOS-4871,0.469277
MESOS-4870,0.95222
MESOS-4869,0.035411
MESOS-4868,0.650356
MESOS-4867,0.126353
MESOS-4866,0.027376
MESOS-4865,0.688207
MESOS-4864,0.178097
MESOS-4863,0.458106
MESOS-4862,0.022977
MESOS-4861,0.317162
MESOS-4860,0.117167
MESOS-4859,0.132515
MESOS-4858,0.721939
MESOS-4857,0.938576
MESOS-4856,0.020489
MESOS-4855,0.958226
MESOS-4854,0.218669
MESOS-4853,0.952926
MESOS-4852,0.023331
MESOS-4851,0.015906
MESOS-4850,0.123366
MESOS-4849,0.496094
MESOS-4848,0.786623
MESOS-4847,0.947381
MESOS-4846,0.799755
MESOS-4845,0.015664
MESOS-4844,0.571049
MESOS-4843,0.893309
MESOS-4842,0.047426
MESOS-4841,0.047074
MESOS-4840,0.16238
MESOS-4839,0.450843
MESOS-4838,0.042722
MESOS-4837,0.034619
MESOS-4836,0.022117
MESOS-4835,0.02976
MESOS-4834,0.794066
MESOS-4833,0.042404
MESOS-4832,0.019569
MESOS-4831,0.035145
MESOS-4830,0.096025
MESOS-4829,0.120439
MESOS-4828,0.952926
MESOS-4827,0.024054
MESOS-4826,0.01142
MESOS-4825,0.016915
MESOS-4824,0.025179
MESOS-4823,0.919643
MESOS-4822,0.706596
MESOS-4821,0.236516
MESOS-4820,0.382487
MESOS-4819,0.162115
MESOS-4818,0.289673
MESOS-4817,0.101233
MESOS-4816,0.933915
MESOS-4815,0.93196
MESOS-4814,0.817283
MESOS-4813,0.887595
MESOS-4812,0.021615
MESOS-4811,0.049222
MESOS-4810,0.028008
MESOS-4809,0.840783
MESOS-4808,0.042722
MESOS-4807,0.018264
MESOS-4806,0.022286
MESOS-4805,0.296247
MESOS-4804,0.195287
MESOS-4803,0.301362
MESOS-4802,0.266453
MESOS-4801,0.340732
MESOS-4800,0.132964
MESOS-4799,0.010249
MESOS-4798,0.717804
MESOS-4797,0.126353
MESOS-4796,0.915809
MESOS-4795,0.02461
MESOS-4794,0.183301
MESOS-4793,0.97631
MESOS-4792,0.078926
MESOS-4791,0.978875
MESOS-4790,0.164248
MESOS-4789,0.218003
MESOS-4788,0.444565
MESOS-4787,0.729134
MESOS-4786,0.042722
MESOS-4785,0.491212
MESOS-4784,0.02976
MESOS-4783,0.651355
MESOS-4782,0.895523
MESOS-4781,0.056236
MESOS-4780,0.169956
MESOS-4779,0.018125
MESOS-4778,0.599485
MESOS-4777,0.960657
MESOS-4776,0.76769
MESOS-4775,0.084493
MESOS-4774,0.031619
MESOS-4773,0.129843
MESOS-4772,0.839208
MESOS-4771,0.597843
MESOS-4770,0.832237
MESOS-4769,0.848972
MESOS-4768,0.054601
MESOS-4767,0.796292
MESOS-4766,0.903635
MESOS-4765,0.362292
MESOS-4764,0.24726
MESOS-4763,0.206894
MESOS-4762,0.967656
MESOS-4761,0.733929
MESOS-4760,0.557845
MESOS-4759,0.963506
MESOS-4758,0.405449
MESOS-4757,0.048496
MESOS-4756,0.042722
MESOS-4755,0.014282
MESOS-4754,0.024238
MESOS-4753,0.366363
MESOS-4752,0.21767
MESOS-4751,0.953622
MESOS-4750,0.072374
MESOS-4749,0.689619
MESOS-4748,0.120026
MESOS-4747,0.03259
MESOS-4746,0.732209
MESOS-4745,0.044349
MESOS-4744,0.03259
MESOS-4743,0.023871
MESOS-4742,0.953966
MESOS-4741,0.013742
MESOS-4740,0.205296
MESOS-4739,0.017986
MESOS-4738,0.952926
MESOS-4737,0.204342
MESOS-4736,0.030215
MESOS-4735,0.080357
MESOS-4734,0.040846
MESOS-4733,0.052619
MESOS-4732,0.310485
MESOS-4731,0.391057
MESOS-4730,0.033086
MESOS-4729,0.620334
MESOS-4728,0.013956
MESOS-4727,0.010489
MESOS-4726,0.823328
MESOS-4725,0.035411
MESOS-4724,0.4917
MESOS-4723,0.479504
MESOS-4722,0.229535
MESOS-4721,0.796292
MESOS-4720,0.216342
MESOS-4719,0.501953
MESOS-4718,0.107813
MESOS-4717,0.703957
MESOS-4716,0.180107
MESOS-4715,0.028008
MESOS-4714,0.024054
MESOS-4713,0.174973
MESOS-4712,0.932944
MESOS-4711,0.029535
MESOS-4710,0.351367
MESOS-4709,0.782995
MESOS-4708,0.193147
MESOS-4707,0.884838
MESOS-4706,0.231962
MESOS-4705,0.033844
MESOS-4704,0.059647
MESOS-4703,0.184768
MESOS-4702,0.066812
MESOS-4701,0.796292
MESOS-4700,0.280025
MESOS-4699,0.007696
MESOS-4698,0.712432
MESOS-4697,0.97539
MESOS-4696,0.310041
MESOS-4695,0.015425
MESOS-4694,0.122523
MESOS-4693,0.029535
MESOS-4692,0.038466
MESOS-4691,0.192236
MESOS-4690,0.811676
MESOS-4689,0.983971
MESOS-4688,0.124639
MESOS-4687,0.804713
MESOS-4686,0.879147
MESOS-4685,0.294418
MESOS-4684,0.076408
MESOS-4683,0.056029
MESOS-4682,0.027169
MESOS-4681,0.03359
MESOS-4680,0.037327
MESOS-4679,0.026964
MESOS-4678,0.628158
MESOS-4677,0.029312
MESOS-4676,0.022629
MESOS-4675,0.035679
MESOS-4674,0.040238
MESOS-4673,0.025565
MESOS-4672,0.762424
MESOS-4671,0.024054
MESOS-4670,0.023153
MESOS-4669,0.062103
MESOS-4668,0.020489
MESOS-4667,0.733356
MESOS-4666,0.576304
MESOS-4665,0.010328
MESOS-4664,0.912436
MESOS-4663,0.137996
MESOS-4662,0.044019
MESOS-4661,0.054199
MESOS-4660,0.100879
MESOS-4659,0.070816
MESOS-4658,0.043043
MESOS-4657,0.202443
MESOS-4656,0.015073
MESOS-4655,0.020489
MESOS-4654,0.180395
MESOS-4653,0.090735
MESOS-4652,0.099121
MESOS-4651,0.101233
MESOS-4650,0.153549
MESOS-4649,0.159217
MESOS-4648,0.168036
MESOS-4647,0.168036
MESOS-4646,0.029535
MESOS-4645,0.037327
MESOS-4644,0.080647
MESOS-4643,0.024423
MESOS-4642,0.048137
MESOS-4641,0.982014
MESOS-4640,0.058777
MESOS-4639,0.029091
MESOS-4638,0.049589
MESOS-4637,0.036494
MESOS-4636,0.075585
MESOS-4635,0.038756
MESOS-4634,0.041153
MESOS-4633,0.042088
MESOS-4632,0.743541
MESOS-4631,0.778313
MESOS-4630,0.869715
MESOS-4629,0.892563
MESOS-4628,0.126785
MESOS-4627,0.242026
MESOS-4626,0.910863
MESOS-4625,0.927363
MESOS-4624,0.115561
MESOS-4623,0.478529
MESOS-4622,0.083292
MESOS-4621,0.037609
MESOS-4620,0.026964
MESOS-4619,0.019871
MESOS-4618,0.093347
MESOS-4617,0.031859
MESOS-4616,0.898767
MESOS-4615,0.031859
MESOS-4614,0.051845
MESOS-4613,0.07477
MESOS-4612,0.130285
MESOS-4611,0.054199
MESOS-4610,0.966914
MESOS-4609,0.061424
MESOS-4608,0.878314
MESOS-4607,0.01653
MESOS-4606,0.690559
MESOS-4605,0.035411
MESOS-4604,0.023331
MESOS-4603,0.020489
MESOS-4602,0.041462
MESOS-4601,0.028008
MESOS-4600,0.386416
MESOS-4599,0.122523
MESOS-4598,0.03622
MESOS-4597,0.020332
MESOS-4596,0.608536
MESOS-4595,0.881207
MESOS-4594,0.03359
MESOS-4593,0.728169
MESOS-4592,0.094343
MESOS-4591,0.137532
MESOS-4590,0.107813
MESOS-4589,0.125065
MESOS-4588,0.108945
MESOS-4587,0.02461
MESOS-4586,0.42656
MESOS-4585,0.015664
MESOS-4584,0.069289
MESOS-4583,0.076408
MESOS-4582,0.010818
MESOS-4581,0.023153
MESOS-4580,0.0341
MESOS-4579,0.025179
MESOS-4578,0.084191
MESOS-4577,0.025957
MESOS-4576,0.819893
MESOS-4575,0.223377
MESOS-4574,0.039048
MESOS-4573,0.417984
MESOS-4572,0.660063
MESOS-4571,0.054601
MESOS-4570,0.033086
MESOS-4569,0.020646
MESOS-4568,0.040238
MESOS-4567,0.143668
MESOS-4566,0.738103
MESOS-4565,0.044681
MESOS-4564,0.35081
MESOS-4563,0.027796
MESOS-4562,0.01057
MESOS-4561,0.082402
MESOS-4560,0.060529
MESOS-4559,0.091058
MESOS-4558,0.149035
MESOS-4557,0.511229
MESOS-4556,0.026156
MESOS-4555,0.041153
MESOS-4554,0.028008
MESOS-4553,0.953966
MESOS-4552,0.136608
MESOS-4551,0.499512
MESOS-4550,0.016915
MESOS-4549,0.220342
MESOS-4548,0.817574
MESOS-4547,0.874077
MESOS-4546,0.050705
MESOS-4545,0.518546
MESOS-4544,0.940353
MESOS-4543,0.017309
MESOS-4542,0.025957
MESOS-4541,0.058132
MESOS-4540,0.020804
MESOS-4539,0.09739
MESOS-4538,0.145115
MESOS-4537,0.540439
MESOS-4536,0.38145
MESOS-4535,0.047074
MESOS-4534,0.032837
MESOS-4533,0.023871
MESOS-4532,0.136608
MESOS-4531,0.223716
MESOS-4530,0.026964
MESOS-4529,0.475118
MESOS-4528,0.466846
MESOS-4527,0.100879
MESOS-4526,0.238994
MESOS-4525,0.039639
MESOS-4524,0.787605
MESOS-4523,0.52683
MESOS-4522,0.796925
MESOS-4521,0.057071
MESOS-4520,0.968141
MESOS-4519,0.010818
MESOS-4518,0.038178
MESOS-4517,0.215186
MESOS-4516,0.022803
MESOS-4515,0.020646
MESOS-4514,0.884439
MESOS-4513,0.022286
MESOS-4512,0.021287
MESOS-4511,0.020023
MESOS-4510,0.030215
MESOS-4509,0.043691
MESOS-4508,0.014172
MESOS-4507,0.03259
MESOS-4506,0.437824
MESOS-4505,0.844409
MESOS-4504,0.0729
MESOS-4503,0.033086
MESOS-4502,0.013532
MESOS-4501,0.013428
MESOS-4500,0.060529
MESOS-4499,0.048858
MESOS-4498,0.947381
MESOS-4497,0.144631
MESOS-4496,0.050331
MESOS-4495,0.024238
MESOS-4494,0.566019
MESOS-4493,0.165593
MESOS-4492,0.126353
MESOS-4491,0.008577
MESOS-4490,0.876634
MESOS-4489,0.863852
MESOS-4488,0.891811
MESOS-4487,0.955651
MESOS-4486,0.173288
MESOS-4485,0.731442
MESOS-4484,0.034619
MESOS-4483,0.044349
MESOS-4482,0.021781
MESOS-4481,0.047426
MESOS-4480,0.581065
MESOS-4479,0.059647
MESOS-4478,0.028436
MESOS-4477,0.089455
MESOS-4476,0.912436
MESOS-4475,0.031859
MESOS-4474,0.041462
MESOS-4473,0.043366
MESOS-4472,0.041774
MESOS-4471,0.035948
MESOS-4470,0.036769
MESOS-4469,0.037047
MESOS-4468,0.737536
MESOS-4467,0.025761
MESOS-4466,0.033844
MESOS-4465,0.043366
MESOS-4464,0.055413
MESOS-4463,0.034359
MESOS-4462,0.030215
MESOS-4461,0.927888
MESOS-4460,0.937669
MESOS-4459,0.889529
MESOS-4458,0.087564
MESOS-4457,0.292393
MESOS-4456,0.677367
MESOS-4455,0.010489
MESOS-4454,0.052619
MESOS-4453,0.028653
MESOS-4452,0.768386
MESOS-4451,0.184768
MESOS-4450,0.012821
MESOS-4449,0.031859
MESOS-4448,0.040238
MESOS-4447,0.114369
MESOS-4446,0.384103
MESOS-4445,0.018689
MESOS-4444,0.020332
MESOS-4443,0.944587
MESOS-4442,0.028871
MESOS-4441,0.951504
MESOS-4440,0.09236
MESOS-4439,0.054601
MESOS-4438,0.075312
MESOS-4437,0.171061
MESOS-4436,0.672224
MESOS-4435,0.191026
MESOS-4434,0.028871
MESOS-4433,0.938124
MESOS-4432,0.043043
MESOS-4431,0.889144
MESOS-4430,0.039048
MESOS-4429,0.876211
MESOS-4428,0.588653
MESOS-4427,0.012821
MESOS-4426,0.033844
MESOS-4425,0.599485
MESOS-4424,0.983214
MESOS-4423,0.018405
MESOS-4422,0.644784
MESOS-4421,0.107063
MESOS-4420,0.036769
MESOS-4419,0.027376
MESOS-4418,0.150778
MESOS-4417,0.043366
MESOS-4416,0.013637
MESOS-4415,0.068787
MESOS-4414,0.822759
MESOS-4413,0.017577
MESOS-4412,0.029091
MESOS-4411,0.025957
MESOS-4410,0.836555
MESOS-4409,0.022286
MESOS-4408,0.111628
MESOS-4407,0.111628
MESOS-4406,0.111628
MESOS-4405,0.111628
MESOS-4404,0.040541
MESOS-4403,0.120026
MESOS-4402,0.317215
MESOS-4401,0.827271
MESOS-4400,0.09739
MESOS-4399,0.027796
MESOS-4398,0.065605
MESOS-4397,0.777638
MESOS-4396,0.262653
MESOS-4395,0.030444
MESOS-4394,0.022977
MESOS-4393,0.969556
MESOS-4392,0.964589
MESOS-4391,0.017712
MESOS-4390,0.570571
MESOS-4389,0.212722
MESOS-4388,0.027376
MESOS-4387,0.068289
MESOS-4386,0.394667
MESOS-4385,0.065366
MESOS-4384,0.023871
MESOS-4383,0.073165
MESOS-4382,0.266071
MESOS-4381,0.524882
MESOS-4380,0.058777
MESOS-4379,0.131619
MESOS-4378,0.090414
MESOS-4377,0.15662
MESOS-4376,0.763484
MESOS-4375,0.142232
MESOS-4374,0.03138
MESOS-4373,0.676406
MESOS-4372,0.742048
MESOS-4371,0.944587
MESOS-4370,0.032837
MESOS-4369,0.92079
MESOS-4368,0.818737
MESOS-4367,0.180107
MESOS-4366,0.406037
MESOS-4365,0.095349
MESOS-4364,0.220342
MESOS-4363,0.096025
MESOS-4362,0.166404
MESOS-4361,0.449876
MESOS-4360,0.160003
MESOS-4359,0.040846
MESOS-4358,0.875361
MESOS-4357,0.024423
MESOS-4356,0.151028
MESOS-4355,0.948537
MESOS-4354,0.941654
MESOS-4353,0.238639
MESOS-4352,0.012432
MESOS-4351,0.131173
MESOS-4350,0.02976
MESOS-4349,0.044681
MESOS-4348,0.037327
MESOS-4347,0.039048
MESOS-4346,0.045353
MESOS-4345,0.954984
MESOS-4344,0.844409
MESOS-4343,0.982691
MESOS-4342,0.024054
MESOS-4341,0.6428
MESOS-4340,0.024798
MESOS-4339,0.63672
MESOS-4338,0.262936
MESOS-4337,0.42179
MESOS-4336,0.122523
MESOS-4335,0.047426
MESOS-4334,0.424412
MESOS-4333,0.90599
MESOS-4332,0.013532
MESOS-4331,0.035411
MESOS-4330,0.017577
MESOS-4329,0.016277
MESOS-4328,0.035948
MESOS-4327,0.060087
MESOS-4326,0.020023
MESOS-4325,0.694303
MESOS-4324,0.120439
MESOS-4323,0.036769
MESOS-4322,0.041153
MESOS-4321,0.015189
MESOS-4320,0.022803
MESOS-4319,0.023153
MESOS-4318,0.031619
MESOS-4317,0.960952
MESOS-4316,0.119203
MESOS-4315,0.657868
MESOS-4314,0.152537
MESOS-4313,0.023331
MESOS-4312,0.438545
MESOS-4311,0.021125
MESOS-4310,0.030444
MESOS-4309,0.207215
MESOS-4308,0.934395
MESOS-4307,0.384797
MESOS-4306,0.928409
MESOS-4305,0.052619
MESOS-4304,0.028871
MESOS-4303,0.977371
MESOS-4302,0.462473
MESOS-4301,0.017849
MESOS-4300,0.745584
MESOS-4299,0.023871
MESOS-4298,0.033844
MESOS-4297,0.024423
MESOS-4296,0.482917
MESOS-4295,0.07343
MESOS-4294,0.024423
MESOS-4293,0.025179
MESOS-4292,0.183594
MESOS-4291,0.033337
MESOS-4290,0.027585
MESOS-4289,0.965641
MESOS-4288,0.37165
MESOS-4287,0.080357
MESOS-4286,0.703855
MESOS-4285,0.012723
MESOS-4284,0.956309
MESOS-4283,0.017045
MESOS-4282,0.087876
MESOS-4281,0.042088
MESOS-4280,0.679072
MESOS-4279,0.017177
MESOS-4278,0.622804
MESOS-4277,0.148047
MESOS-4276,0.429429
MESOS-4275,0.047074
MESOS-4274,0.029091
MESOS-4273,0.677687
MESOS-4272,0.017986
MESOS-4271,0.64058
MESOS-4270,0.663723
MESOS-4269,0.023331
MESOS-4268,0.076408
MESOS-4267,0.040846
MESOS-4266,0.014064
MESOS-4265,0.027796
MESOS-4264,0.011158
MESOS-4263,0.017849
MESOS-4262,0.94699
MESOS-4261,0.481941
MESOS-4260,0.017577
MESOS-4259,0.025179
MESOS-4258,0.372734
MESOS-4257,0.012432
MESOS-4256,0.014842
MESOS-4255,0.108566
MESOS-4254,0.013325
MESOS-4253,0.924142
MESOS-4252,0.024238
MESOS-4251,0.108566
MESOS-4250,0.026156
MESOS-4249,0.026759
MESOS-4248,0.019419
MESOS-4247,0.016277
MESOS-4246,0.617282
MESOS-4245,0.016403
MESOS-4244,0.024238
MESOS-4243,0.021615
MESOS-4242,0.950041
MESOS-4241,0.445047
MESOS-4240,0.96862
MESOS-4239,0.523664
MESOS-4238,0.156105
MESOS-4237,0.309963
MESOS-4236,0.631779
MESOS-4235,0.949669
MESOS-4234,0.347233
MESOS-4233,0.873215
MESOS-4232,0.861538
MESOS-4231,0.064653
MESOS-4230,0.028008
MESOS-4229,0.015664
MESOS-4228,0.160529
MESOS-4227,0.661486
MESOS-4226,0.552298
MESOS-4225,0.908942
MESOS-4224,0.919063
MESOS-4223,0.774242
MESOS-4222,0.823896
MESOS-4221,0.694821
MESOS-4220,0.654398
MESOS-4219,0.127218
MESOS-4218,0.019271
MESOS-4217,0.021615
MESOS-4216,0.402392
MESOS-4215,0.026964
MESOS-4214,0.823896
MESOS-4213,0.990587
MESOS-4212,0.038756
MESOS-4211,0.100525
MESOS-4210,0.032101
MESOS-4209,0.947769
MESOS-4208,0.025179
MESOS-4207,0.092688
MESOS-4206,0.5083
MESOS-4205,0.177241
MESOS-4204,0.47658
MESOS-4203,0.188324
MESOS-4202,0.023331
MESOS-4201,0.020964
MESOS-4200,0.063715
MESOS-4199,0.012625
MESOS-4198,0.02461
MESOS-4197,0.100525
MESOS-4196,0.174129
MESOS-4195,0.468791
MESOS-4194,0.027376
MESOS-4193,0.016277
MESOS-4192,0.171616
MESOS-4191,0.630628
MESOS-4190,0.937211
MESOS-4189,0.7011
MESOS-4188,0.025565
MESOS-4187,0.150278
MESOS-4186,0.176388
MESOS-4185,0.475118
MESOS-4184,0.024988
MESOS-4183,0.176388
MESOS-4182,0.125065
MESOS-4181,0.021615
MESOS-4180,0.126353
MESOS-4179,0.070304
MESOS-4178,0.115961
MESOS-4177,0.122104
MESOS-4176,0.259826
MESOS-4175,0.048858
MESOS-4174,0.091707
MESOS-4173,0.05301
MESOS-4172,0.073696
MESOS-4171,0.061424
MESOS-4170,0.077239
MESOS-4169,0.051463
MESOS-4168,0.04778
MESOS-4167,0.072112
MESOS-4166,0.075585
MESOS-4165,0.068787
MESOS-4164,0.068289
MESOS-4163,0.060975
MESOS-4162,0.058777
MESOS-4161,0.103386
MESOS-4160,0.085709
MESOS-4159,0.095013
MESOS-4158,0.147065
MESOS-4157,0.193147
MESOS-4156,0.313945
MESOS-4155,0.112795
MESOS-4154,0.104112
MESOS-4153,0.022117
MESOS-4152,0.016403
MESOS-4151,0.047074
MESOS-4150,0.931463
MESOS-4149,0.919063
MESOS-4148,0.028436
MESOS-4147,0.019271
MESOS-4146,0.287518
MESOS-4145,0.043691
MESOS-4144,0.049589
MESOS-4143,0.029987
MESOS-4142,0.039937
MESOS-4141,0.850965
MESOS-4140,0.233706
MESOS-4139,0.410874
MESOS-4138,0.886027
MESOS-4137,0.919063
MESOS-4136,0.928409
MESOS-4135,0.026557
MESOS-4134,0.113973
MESOS-4133,0.985718
MESOS-4132,0.025957
MESOS-4131,0.030909
MESOS-4130,0.221687
MESOS-4129,0.015664
MESOS-4128,0.878314
MESOS-4127,0.076132
MESOS-4126,0.172729
MESOS-4125,0.068537
MESOS-4124,0.05921
MESOS-4123,0.051463
MESOS-4122,0.083292
MESOS-4121,0.953622
MESOS-4120,0.79534
MESOS-4119,0.198375
MESOS-4118,0.091058
MESOS-4117,0.089455
MESOS-4116,0.165863
MESOS-4115,0.326674
MESOS-4114,0.128963
MESOS-4113,0.054601
MESOS-4112,0.688678
MESOS-4111,0.093347
MESOS-4110,0.163179
MESOS-4109,0.022286
MESOS-4108,0.088505
MESOS-4107,0.02461
MESOS-4106,0.026557
MESOS-4105,0.060529
MESOS-4104,0.983847
MESOS-4103,0.137532
MESOS-4102,0.023331
MESOS-4101,0.293506
MESOS-4100,0.91848
MESOS-4099,0.021948
MESOS-4098,0.772874
MESOS-4097,0.538498
MESOS-4096,0.018978
MESOS-4095,0.036494
MESOS-4094,0.474631
MESOS-4093,0.037327
MESOS-4092,0.401219
MESOS-4091,0.019719
MESOS-4090,0.826151
MESOS-4089,0.164785
MESOS-4088,0.921922
MESOS-4087,0.966156
MESOS-4086,0.989672
MESOS-4085,0.718594
MESOS-4084,0.023331
MESOS-4083,0.066327
MESOS-4082,0.153042
MESOS-4081,0.68458
MESOS-4080,0.896976
MESOS-4079,0.202443
MESOS-4078,0.521958
MESOS-4077,0.881207
MESOS-4076,0.933431
MESOS-4075,0.19163
MESOS-4074,0.086016
MESOS-4073,0.923592
MESOS-4072,0.009559
MESOS-4071,0.031144
MESOS-4070,0.018125
MESOS-4069,0.021125
MESOS-4068,0.040541
MESOS-4067,0.037047
MESOS-4066,0.885235
MESOS-4065,0.029987
MESOS-4064,0.110088
MESOS-4063,0.911495
MESOS-4062,0.035411
MESOS-4061,0.045692
MESOS-4060,0.062331
MESOS-4059,0.035411
MESOS-4058,0.866585
MESOS-4057,0.032101
MESOS-4056,0.191026
MESOS-4055,0.090735
MESOS-4054,0.755637
MESOS-4053,0.019419
MESOS-4052,0.970909
MESOS-4051,0.561696
MESOS-4050,0.70069
MESOS-4049,0.915809
MESOS-4048,0.876634
MESOS-4047,0.014957
MESOS-4046,0.285571
MESOS-4045,0.015189
MESOS-4044,0.020646
MESOS-4043,0.019719
MESOS-4042,0.014729
MESOS-4041,0.025565
MESOS-4040,0.030444
MESOS-4039,0.018547
MESOS-4038,0.018833
MESOS-4037,0.012625
MESOS-4036,0.028221
MESOS-4035,0.017712
MESOS-4034,0.018125
MESOS-4033,0.136148
MESOS-4032,0.019271
MESOS-4031,0.023509
MESOS-4030,0.0341
MESOS-4029,0.026355
MESOS-4028,0.269133
MESOS-4027,0.244543
MESOS-4026,0.047426
MESOS-4025,0.047074
MESOS-4024,0.015906
MESOS-4023,0.027169
MESOS-4022,0.4206
MESOS-4021,0.503906
MESOS-4020,0.174692
MESOS-4019,0.780662
MESOS-4018,0.68215
MESOS-4017,0.038466
MESOS-4016,0.023689
MESOS-4015,0.288268
MESOS-4014,0.891055
MESOS-4013,0.897336
MESOS-4012,0.289773
MESOS-4011,0.97024
MESOS-4010,0.027796
MESOS-4009,0.028436
MESOS-4008,0.203708
MESOS-4007,0.637687
MESOS-4006,0.198685
MESOS-4005,0.638159
MESOS-4004,0.923592
MESOS-4003,0.09947
MESOS-4002,0.035948
MESOS-4001,0.221351
MESOS-4000,0.711381
MESOS-3999,0.378919
MESOS-3998,0.027585
MESOS-3997,0.228156
MESOS-3996,0.13569
MESOS-3995,0.555676
MESOS-3994,0.945399
MESOS-3993,0.0538
MESOS-3992,0.14682
MESOS-3991,0.048137
MESOS-3990,0.009784
MESOS-3989,0.012432
MESOS-3988,0.965641
MESOS-3987,0.043043
MESOS-3986,0.119203
MESOS-3985,0.064418
MESOS-3984,0.227469
MESOS-3983,0.243283
MESOS-3982,0.960361
MESOS-3981,0.507812
MESOS-3980,0.955651
MESOS-3979,0.913058
MESOS-3978,0.056444
MESOS-3977,0.055413
MESOS-3976,0.033086
MESOS-3975,0.027585
MESOS-3974,0.02461
MESOS-3973,0.017849
MESOS-3972,0.020332
MESOS-3971,0.027169
MESOS-3970,0.020646
MESOS-3969,0.022117
MESOS-3968,0.014842
MESOS-3967,0.731442
MESOS-3966,0.018547
MESOS-3965,0.027376
MESOS-3964,0.021948
MESOS-3963,0.050331
MESOS-3962,0.335786
MESOS-3961,0.030676
MESOS-3960,0.13707
MESOS-3959,0.018125
MESOS-3958,0.018547
MESOS-3957,0.020489
MESOS-3956,0.890675
MESOS-3955,0.055413
MESOS-3954,0.138928
MESOS-3953,0.020332
MESOS-3952,0.360531
MESOS-3951,0.83762
MESOS-3950,0.006388
MESOS-3949,0.017849
MESOS-3948,0.099821
MESOS-3947,0.294114
MESOS-3946,0.134321
MESOS-3945,0.092033
MESOS-3944,0.132066
MESOS-3943,0.923039
MESOS-3942,0.953275
MESOS-3941,0.048858
MESOS-3940,0.048858
MESOS-3939,0.018689
MESOS-3938,0.67662
MESOS-3937,0.027169
MESOS-3936,0.889912
MESOS-3935,0.018405
MESOS-3934,0.887595
MESOS-3933,0.045353
MESOS-3932,0.195594
MESOS-3931,0.026355
MESOS-3930,0.0341
MESOS-3929,0.340047
MESOS-3928,0.015664
MESOS-3927,0.01653
MESOS-3926,0.950411
MESOS-3925,0.785309
MESOS-3924,0.604866
MESOS-3923,0.137532
MESOS-3922,0.796609
MESOS-3921,0.082994
MESOS-3920,0.045353
MESOS-3919,0.984094
MESOS-3918,0.987568
MESOS-3917,0.025761
MESOS-3916,0.035948
MESOS-3915,0.132066
MESOS-3914,0.764188
MESOS-3913,0.101947
MESOS-3912,0.152537
MESOS-3911,0.134776
MESOS-3910,0.775945
MESOS-3909,0.048496
MESOS-3908,0.038178
MESOS-3907,0.021451
MESOS-3906,0.011508
MESOS-3905,0.076684
MESOS-3904,0.075312
MESOS-3903,0.650662
MESOS-3902,0.012821
MESOS-3901,0.822189
MESOS-3900,0.53607
MESOS-3899,0.024798
MESOS-3898,0.048137
MESOS-3897,0.043366
MESOS-3896,0.153803
MESOS-3895,0.047426
MESOS-3894,0.056236
MESOS-3893,0.060087
MESOS-3892,0.120439
MESOS-3891,0.068787
MESOS-3890,0.017577
MESOS-3889,0.072374
MESOS-3888,0.044681
MESOS-3887,0.032837
MESOS-3886,0.048858
MESOS-3885,0.04778
MESOS-3884,0.160792
MESOS-3883,0.108945
MESOS-3882,0.335079
MESOS-3881,0.023689
MESOS-3880,0.761361
MESOS-3879,0.025371
MESOS-3878,0.483405
MESOS-3877,0.265309
MESOS-3876,0.944177
MESOS-3875,0.246171
MESOS-3874,0.588298
MESOS-3873,0.959762
MESOS-3872,0.032837
MESOS-3871,0.769427
MESOS-3870,0.392919
MESOS-3869,0.626579
MESOS-3868,0.01653
MESOS-3867,0.400515
MESOS-3866,0.0341
MESOS-3865,0.739422
MESOS-3864,0.61607
MESOS-3863,0.305387
MESOS-3862,0.296858
MESOS-3861,0.193147
MESOS-3860,0.055005
MESOS-3859,0.043691
MESOS-3858,0.917303
MESOS-3857,0.965381
MESOS-3856,0.02976
MESOS-3855,0.954647
MESOS-3854,0.973443
MESOS-3853,0.370681
MESOS-3852,0.853425
MESOS-3851,0.043366
MESOS-3850,0.256087
MESOS-3849,0.021125
MESOS-3848,0.179531
MESOS-3847,0.062789
MESOS-3846,0.31822
MESOS-3845,0.06804
MESOS-3844,0.5794
MESOS-3843,0.126785
MESOS-3842,0.017577
MESOS-3841,0.944587
MESOS-3840,0.021615
MESOS-3839,0.296858
MESOS-3838,0.076961
MESOS-3837,0.036494
MESOS-3836,0.038178
MESOS-3835,0.351534
MESOS-3834,0.046725
MESOS-3833,0.011072
MESOS-3832,0.046034
MESOS-3831,0.320901
MESOS-3830,0.966156
MESOS-3829,0.017849
MESOS-3828,0.940353
MESOS-3827,0.297062
MESOS-3826,0.659186
MESOS-3825,0.816991
MESOS-3824,0.877477
MESOS-3823,0.947381
MESOS-3822,0.019124
MESOS-3821,0.021615
MESOS-3820,0.900179
MESOS-3819,0.166134
MESOS-3818,0.086016
MESOS-3817,0.026759
MESOS-3816,0.017986
MESOS-3815,0.024988
MESOS-3814,0.061876
MESOS-3813,0.044019
MESOS-3812,0.028008
MESOS-3811,0.060975
MESOS-3810,0.032101
MESOS-3809,0.040238
MESOS-3808,0.022977
MESOS-3807,0.046378
MESOS-3806,0.025957
MESOS-3803,0.215021
MESOS-3802,0.03259
MESOS-3801,0.022977
MESOS-3800,0.049222
MESOS-3799,0.037047
MESOS-3798,0.023509
MESOS-3797,0.853425
MESOS-3796,0.903294
MESOS-3795,0.633637
MESOS-3794,0.457379
MESOS-3793,0.014504
MESOS-3792,0.018125
MESOS-3791,0.929951
MESOS-3790,0.032344
MESOS-3789,0.025371
MESOS-3788,0.921922
MESOS-3787,0.808067
MESOS-3786,0.108945
MESOS-3785,0.849971
MESOS-3784,0.183301
MESOS-3783,0.284477
MESOS-3782,0.207857
MESOS-3781,0.400749
MESOS-3780,0.110471
MESOS-3779,0.865224
MESOS-3778,0.318114
MESOS-3777,0.959459
MESOS-3776,0.076408
MESOS-3775,0.142709
MESOS-3774,0.367043
MESOS-3773,0.019719
MESOS-3772,0.025371
MESOS-3771,0.03622
MESOS-3770,0.042404
MESOS-3769,0.018264
MESOS-3768,0.023331
MESOS-3767,0.576542
MESOS-3766,0.017309
MESOS-3765,0.847463
MESOS-3764,0.020489
MESOS-3763,0.745954
MESOS-3762,0.891055
MESOS-3761,0.505371
MESOS-3760,0.035948
MESOS-3759,0.124213
MESOS-3758,0.229535
MESOS-3757,0.010489
MESOS-3756,0.956634
MESOS-3755,0.048137
MESOS-3754,0.884039
MESOS-3753,0.128088
MESOS-3752,0.044681
MESOS-3751,0.028221
MESOS-3750,0.036494
MESOS-3749,0.06256
MESOS-3748,0.018264
MESOS-3747,0.022803
MESOS-3746,0.827828
MESOS-3745,0.030676
MESOS-3744,0.015425
MESOS-3743,0.037047
MESOS-3742,0.023509
MESOS-3741,0.804713
MESOS-3740,0.033086
MESOS-3739,0.022117
MESOS-3738,0.014172
MESOS-3737,0.029535
MESOS-3736,0.516595
MESOS-3735,0.881207
MESOS-3734,0.014616
MESOS-3733,0.030676
MESOS-3732,0.141756
MESOS-3731,0.030444
MESOS-3730,0.016785
MESOS-3728,0.037892
MESOS-3727,0.028653
MESOS-3726,0.05301
MESOS-3725,0.044019
MESOS-3724,0.013121
MESOS-3723,0.272508
MESOS-3722,0.430626
MESOS-3721,0.247623
MESOS-3720,0.382487
MESOS-3719,0.047074
MESOS-3718,0.474144
MESOS-3717,0.339123
MESOS-3716,0.108945
MESOS-3715,0.047426
MESOS-3714,0.046034
MESOS-3713,0.045353
MESOS-3712,0.029091
MESOS-3711,0.210442
MESOS-3710,0.02461
MESOS-3709,0.99014
MESOS-3708,0.018978
MESOS-3707,0.728748
MESOS-3706,0.019124
MESOS-3705,0.029312
MESOS-3704,0.419648
MESOS-3703,0.858719
MESOS-3702,0.014729
MESOS-3701,0.042088
MESOS-3700,0.052231
MESOS-3699,0.021615
MESOS-3698,0.022117
MESOS-3697,0.173009
MESOS-3696,0.22919
MESOS-3695,0.085099
MESOS-3694,0.051463
MESOS-3693,0.067547
MESOS-3692,0.03622
MESOS-3691,0.018125
MESOS-3690,0.383252
MESOS-3689,0.364664
MESOS-3688,0.880386
MESOS-3687,0.58818
MESOS-3686,0.44071
MESOS-3685,0.118385
MESOS-3684,0.060975
MESOS-3683,0.152537
MESOS-3682,0.134321
MESOS-3681,0.112016
MESOS-3680,0.08389
MESOS-3679,0.104112
MESOS-3678,0.098425
MESOS-3677,0.378287
MESOS-3676,0.076408
MESOS-3675,0.069038
MESOS-3674,0.076132
MESOS-3673,0.072637
MESOS-3672,0.073963
MESOS-3671,0.056029
MESOS-3670,0.058777
MESOS-3669,0.069542
MESOS-3668,0.060975
MESOS-3667,0.055005
MESOS-3666,0.076961
MESOS-3665,0.067793
MESOS-3664,0.068289
MESOS-3663,0.067056
MESOS-3662,0.349526
MESOS-3661,0.067301
MESOS-3660,0.198375
MESOS-3659,0.218336
MESOS-3658,0.067056
MESOS-3657,0.086942
MESOS-3656,0.095687
MESOS-3655,0.091707
MESOS-3654,0.069289
MESOS-3653,0.060308
MESOS-3652,0.082697
MESOS-3651,0.073696
MESOS-3650,0.078642
MESOS-3649,0.081813
MESOS-3648,0.056029
MESOS-3647,0.058777
MESOS-3646,0.069542
MESOS-3645,0.082697
MESOS-3644,0.057493
MESOS-3643,0.083591
MESOS-3642,0.070304
MESOS-3641,0.071591
MESOS-3640,0.080357
MESOS-3639,0.229708
MESOS-3638,0.058993
MESOS-3637,0.073963
MESOS-3636,0.086942
MESOS-3635,0.084191
MESOS-3634,0.063948
MESOS-3633,0.056236
MESOS-3632,0.0729
MESOS-3631,0.073165
MESOS-3630,0.066085
MESOS-3629,0.062789
MESOS-3628,0.060975
MESOS-3627,0.071332
MESOS-3626,0.198375
MESOS-3625,0.536556
MESOS-3624,0.616474
MESOS-3623,0.703753
MESOS-3622,0.859192
MESOS-3621,0.834946
MESOS-3620,0.731059
MESOS-3619,0.742795
MESOS-3618,0.602997
MESOS-3617,0.54359
MESOS-3616,0.420362
MESOS-3615,0.128525
MESOS-3614,0.638582
MESOS-3613,0.134321
MESOS-3612,0.158956
MESOS-3611,0.348344
MESOS-3610,0.265309
MESOS-3609,0.232484
MESOS-3608,0.616763
MESOS-3607,0.035948
MESOS-3606,0.965381
MESOS-3605,0.016915
MESOS-3604,0.026964
MESOS-3603,0.021781
MESOS-3602,0.009634
MESOS-3601,0.906653
MESOS-3600,0.016785
MESOS-3599,0.023509
MESOS-3598,0.331552
MESOS-3597,0.142709
MESOS-3596,0.933431
MESOS-3595,0.03259
MESOS-3594,0.070049
MESOS-3593,0.838151
MESOS-3592,0.095687
MESOS-3591,0.013325
MESOS-3590,0.945801
MESOS-3589,0.051083
MESOS-3588,0.035948
MESOS-3587,0.039937
MESOS-3586,0.02976
MESOS-3585,0.820469
MESOS-3584,0.034881
MESOS-3583,0.957278
MESOS-3582,0.020489
MESOS-3581,0.261708
MESOS-3580,0.120439
MESOS-3579,0.03622
MESOS-3578,0.047426
MESOS-3577,0.042404
MESOS-3576,0.058346
MESOS-3575,0.021615
MESOS-3574,0.941223
MESOS-3573,0.023871
MESOS-3572,0.94079
MESOS-3571,0.948155
MESOS-3570,0.153295
MESOS-3569,0.013428
MESOS-3568,0.188026
MESOS-3567,0.887595
MESOS-3566,0.697609
MESOS-3565,0.480479
MESOS-3564,0.021781
MESOS-3563,0.012821
MESOS-3562,0.021615
MESOS-3561,0.114765
MESOS-3560,0.01292
MESOS-3559,0.715225
MESOS-3558,0.79534
MESOS-3557,0.707405
MESOS-3556,0.026759
MESOS-3555,0.032837
MESOS-3554,0.828384
MESOS-3553,0.014504
MESOS-3552,0.018405
MESOS-3551,0.087252
MESOS-3550,0.909586
MESOS-3549,0.03259
MESOS-3548,0.969324
MESOS-3547,0.962953
MESOS-3546,0.024988
MESOS-3545,0.924142
MESOS-3544,0.959459
MESOS-3543,0.221014
MESOS-3542,0.964321
MESOS-3541,0.137532
MESOS-3540,0.017442
MESOS-3539,0.042404
MESOS-3538,0.022457
MESOS-3537,0.925769
MESOS-3536,0.024988
MESOS-3535,0.942507
MESOS-3534,0.318803
MESOS-3533,0.012528
MESOS-3532,0.017986
MESOS-3531,0.116362
MESOS-3530,0.773216
MESOS-3529,0.406862
MESOS-3528,0.068537
MESOS-3527,0.018689
MESOS-3526,0.906322
MESOS-3525,0.577734
MESOS-3524,0.810179
MESOS-3523,0.091382
MESOS-3522,0.030676
MESOS-3521,0.946597
MESOS-3520,0.921358
MESOS-3519,0.021287
MESOS-3518,0.023871
MESOS-3517,0.017045
MESOS-3516,0.188623
MESOS-3515,0.842863
MESOS-3514,0.834407
MESOS-3513,0.018689
MESOS-3512,0.047074
MESOS-3511,0.599485
MESOS-3510,0.155848
MESOS-3509,0.042722
MESOS-3508,0.098079
MESOS-3507,0.756358
MESOS-3506,0.013223
MESOS-3505,0.479016
MESOS-3504,0.811078
MESOS-3503,0.939471
MESOS-3502,0.169406
MESOS-3501,0.011597
MESOS-3500,0.022457
MESOS-3499,0.058346
MESOS-3498,0.024238
MESOS-3497,0.774583
MESOS-3496,0.859192
MESOS-3495,0.094343
MESOS-3494,0.318114
MESOS-3493,0.138928
MESOS-3492,0.059866
MESOS-3491,0.0538
MESOS-3490,0.016403
MESOS-3489,0.075858
MESOS-3488,0.018547
MESOS-3487,0.024238
MESOS-3486,0.119614
MESOS-3485,0.566978
MESOS-3484,0.018125
MESOS-3483,0.056652
MESOS-3482,0.028436
MESOS-3481,0.312475
MESOS-3480,0.940353
MESOS-3479,0.016657
MESOS-3478,0.707809
MESOS-3477,0.304869
MESOS-3476,0.900179
MESOS-3475,0.029987
MESOS-3474,0.025565
MESOS-3473,0.012528
MESOS-3472,0.024798
MESOS-3471,0.024238
MESOS-3470,0.021451
MESOS-3469,0.042722
MESOS-3468,0.283781
MESOS-3467,0.97539
MESOS-3466,0.688887
MESOS-3465,0.107813
MESOS-3464,0.331688
MESOS-3463,0.056444
MESOS-3462,0.01653
MESOS-3461,0.236693
MESOS-3460,0.260954
MESOS-3459,0.028221
MESOS-3458,0.019124
MESOS-3457,0.225246
MESOS-3456,0.979977
MESOS-3455,0.931463
MESOS-3454,0.03138
MESOS-3453,0.154058
MESOS-3452,0.048858
MESOS-3451,0.061199
MESOS-3450,0.154312
MESOS-3449,0.027585
MESOS-3448,0.025371
MESOS-3447,0.067056
MESOS-3446,0.057918
MESOS-3445,0.142232
MESOS-3444,0.099821
MESOS-3443,0.080937
MESOS-3442,0.046725
MESOS-3441,0.350977
MESOS-3440,0.093017
MESOS-3439,0.055823
MESOS-3438,0.314577
MESOS-3437,0.120026
MESOS-3436,0.395835
MESOS-3435,0.844409
MESOS-3434,0.883236
MESOS-3433,0.465387
MESOS-3432,0.947769
MESOS-3431,0.547464
MESOS-3430,0.022117
MESOS-3429,0.675978
MESOS-3428,0.102305
MESOS-3427,0.383757
MESOS-3426,0.017986
MESOS-3425,0.763484
MESOS-3424,0.917598
MESOS-3423,0.029091
MESOS-3422,0.035145
MESOS-3421,0.972831
MESOS-3420,0.941654
MESOS-3419,0.146087
MESOS-3418,0.750187
MESOS-3417,0.327238
MESOS-3416,0.043366
MESOS-3415,0.065605
MESOS-3414,0.029987
MESOS-3413,0.046725
MESOS-3412,0.917893
MESOS-3411,0.020177
MESOS-3410,0.027169
MESOS-3409,0.83762
MESOS-3408,0.017986
MESOS-3407,0.117572
MESOS-3406,0.042088
MESOS-3405,0.190423
MESOS-3404,0.041153
MESOS-3403,0.923592
MESOS-3402,0.020964
MESOS-3401,0.583678
MESOS-3400,0.486332
MESOS-3399,0.425605
MESOS-3398,0.875787
MESOS-3397,0.015785
MESOS-3396,0.929951
MESOS-3395,0.40204
MESOS-3394,0.096025
MESOS-3393,0.088505
MESOS-3392,0.408041
MESOS-3391,0.065605
MESOS-3390,0.038466
MESOS-3389,0.059866
MESOS-3388,0.34632
MESOS-3387,0.394434
MESOS-3386,0.037047
MESOS-3385,0.71103
MESOS-3384,0.234056
MESOS-3383,0.246533
MESOS-3382,0.141281
MESOS-3381,0.718397
MESOS-3380,0.824462
MESOS-3379,0.017442
MESOS-3378,0.721841
MESOS-3377,0.855851
MESOS-3376,0.021781
MESOS-3375,0.558809
MESOS-3374,0.640467
MESOS-3373,0.052619
MESOS-3372,0.915507
MESOS-3371,0.813164
MESOS-3370,0.924142
MESOS-3369,0.737158
MESOS-3368,0.950411
MESOS-3367,0.23231
MESOS-3366,0.840783
MESOS-3365,0.288369
MESOS-3364,0.020489
MESOS-3363,0.255529
MESOS-3362,0.912436
MESOS-3361,0.971779
MESOS-3360,0.180107
MESOS-3359,0.067056
MESOS-3358,0.150528
MESOS-3357,0.794066
MESOS-3356,0.948155
MESOS-3355,0.884439
MESOS-3354,0.785966
MESOS-3353,0.951504
MESOS-3352,0.826151
MESOS-3351,0.020804
MESOS-3350,0.472197
MESOS-3349,0.022629
MESOS-3348,0.848972
MESOS-3347,0.188026
MESOS-3346,0.516595
MESOS-3345,0.070049
MESOS-3344,0.035948
MESOS-3343,0.967656
MESOS-3342,0.077239
MESOS-3341,0.799442
MESOS-3340,0.143188
MESOS-3339,0.950778
MESOS-3338,0.03359
MESOS-3337,0.921358
MESOS-3336,0.141045
MESOS-3335,0.042088
MESOS-3334,0.965381
MESOS-3333,0.977371
MESOS-3332,0.630742
MESOS-3331,0.045692
MESOS-3330,0.031859
MESOS-3329,0.037047
MESOS-3328,0.017309
MESOS-3327,0.525612
MESOS-3326,0.068787
MESOS-3325,0.014504
MESOS-3324,0.035411
MESOS-3323,0.403919
MESOS-3322,0.144631
MESOS-3321,0.014957
MESOS-3320,0.108189
MESOS-3319,0.022629
MESOS-3318,0.025957
MESOS-3317,0.08152
MESOS-3316,0.024054
MESOS-3315,0.013849
MESOS-3314,0.014282
MESOS-3313,0.739422
MESOS-3312,0.272605
MESOS-3311,0.028871
MESOS-3310,0.892187
MESOS-3309,0.872347
MESOS-3308,0.958226
MESOS-3307,0.417034
MESOS-3306,0.296349
MESOS-3305,0.054601
MESOS-3304,0.101589
MESOS-3303,0.012528
MESOS-3302,0.959762
MESOS-3301,0.418935
MESOS-3300,0.013428
MESOS-3299,0.077518
MESOS-3298,0.022803
MESOS-3297,0.039639
MESOS-3296,0.044681
MESOS-3295,0.043366
MESOS-3294,0.037609
MESOS-3293,0.038178
MESOS-3292,0.051083
MESOS-3291,0.066327
MESOS-3290,0.037609
MESOS-3289,0.797872
MESOS-3288,0.928926
MESOS-3287,0.017045
MESOS-3286,0.021125
MESOS-3285,0.02976
MESOS-3284,0.046034
MESOS-3283,0.210766
MESOS-3282,0.012241
MESOS-3281,0.779322
MESOS-3280,0.021451
MESOS-3279,0.029091
MESOS-3278,0.078926
MESOS-3277,0.960952
MESOS-3276,0.296756
MESOS-3275,0.032101
MESOS-3274,0.035411
MESOS-3273,0.048137
MESOS-3272,0.014504
MESOS-3271,0.044681
MESOS-3270,0.020804
MESOS-3269,0.022457
MESOS-3268,0.010408
MESOS-3267,0.012147
MESOS-3266,0.428712
MESOS-3265,0.354349
MESOS-3264,0.071591
MESOS-3263,0.012723
MESOS-3262,0.012625
MESOS-3261,0.038466
MESOS-3260,0.018978
MESOS-3259,0.73678
MESOS-3258,0.075585
MESOS-3257,0.038178
MESOS-3256,0.901227
MESOS-3255,0.116362
MESOS-3254,0.014729
MESOS-3253,0.037327
MESOS-3252,0.034619
MESOS-3251,0.029091
MESOS-3250,0.023331
MESOS-3249,0.814643
MESOS-3248,0.9462
MESOS-3247,0.020023
MESOS-3246,0.932453
MESOS-3245,0.042088
MESOS-3244,0.778313
MESOS-3243,0.214691
MESOS-3242,0.029312
MESOS-3241,0.434221
MESOS-3240,0.434221
MESOS-3239,0.046378
MESOS-3238,0.013849
MESOS-3237,0.029312
MESOS-3236,0.142232
MESOS-3235,0.040238
MESOS-3234,0.043366
MESOS-3233,0.917303
MESOS-3232,0.871912
MESOS-3231,0.961244
MESOS-3230,0.961244
MESOS-3229,0.011245
MESOS-3228,0.022803
MESOS-3227,0.766992
MESOS-3226,0.927363
MESOS-3225,0.022117
MESOS-3224,0.452052
MESOS-3223,0.949295
MESOS-3222,0.902952
MESOS-3221,0.028008
MESOS-3220,0.960952
MESOS-3219,0.031619
MESOS-3218,0.264928
MESOS-3217,0.245808
MESOS-3216,0.030215
MESOS-3215,0.009936
MESOS-3214,0.938124
MESOS-3213,0.970688
MESOS-3212,0.562417
MESOS-3211,0.61855
MESOS-3210,0.069542
MESOS-3209,0.052231
MESOS-3208,0.669259
MESOS-3207,0.014282
MESOS-3206,0.021451
MESOS-3205,0.923039
MESOS-3204,0.027376
MESOS-3203,0.016153
MESOS-3202,0.161585
MESOS-3201,0.040846
MESOS-3200,0.115162
MESOS-3199,0.315841
MESOS-3198,0.008985
MESOS-3197,0.021948
MESOS-3196,0.150778
MESOS-3195,0.019871
MESOS-3194,0.849472
MESOS-3193,0.84338
MESOS-3192,0.188324
MESOS-3191,0.590189
MESOS-3190,0.939025
MESOS-3189,0.01302
MESOS-3188,0.812867
MESOS-3187,0.718397
MESOS-3186,0.951504
MESOS-3185,0.395134
MESOS-3184,0.037609
MESOS-3183,0.084191
MESOS-3182,0.611962
MESOS-3181,0.304352
MESOS-3180,0.821617
MESOS-3179,0.921358
MESOS-3178,0.200558
MESOS-3177,0.921922
MESOS-3176,0.768733
MESOS-3175,0.024798
MESOS-3174,0.017442
MESOS-3173,0.151028
MESOS-3172,0.050705
MESOS-3171,0.023509
MESOS-3170,0.036494
MESOS-3169,0.049222
MESOS-3168,0.024988
MESOS-3167,0.973037
MESOS-3166,0.407098
MESOS-3165,0.895888
MESOS-3164,0.539469
MESOS-3163,0.217338
MESOS-3162,0.543833
MESOS-3161,0.290578
MESOS-3160,0.014504
MESOS-3159,0.737536
MESOS-3158,0.699254
MESOS-3157,0.059428
MESOS-3156,0.032101
MESOS-3155,0.958226
MESOS-3154,0.860134
MESOS-3153,0.030444
MESOS-3152,0.879561
MESOS-3151,0.035145
MESOS-3150,0.014504
MESOS-3149,0.0538
MESOS-3148,0.026156
MESOS-3147,0.978385
MESOS-3146,0.832237
MESOS-3145,0.058561
MESOS-3144,0.064653
MESOS-3143,0.030909
MESOS-3142,0.943764
MESOS-3141,0.025565
MESOS-3140,0.698021
MESOS-3139,0.919643
MESOS-3138,0.014172
MESOS-3137,0.648244
MESOS-3136,0.021287
MESOS-3135,0.147555
MESOS-3134,0.086632
MESOS-3133,0.664812
MESOS-3132,0.66769
MESOS-3131,0.228673
MESOS-3130,0.842863
MESOS-3129,0.064418
MESOS-3128,0.013849
MESOS-3127,0.258139
MESOS-3126,0.027376
MESOS-3125,0.015785
MESOS-3124,0.055823
MESOS-3123,0.029312
MESOS-3122,0.700895
MESOS-3121,0.031144
MESOS-3120,0.148047
MESOS-3119,0.100879
MESOS-3118,0.136148
MESOS-3117,0.094343
MESOS-3116,0.587707
MESOS-3115,0.147065
MESOS-3114,0.194368
MESOS-3113,0.800068
MESOS-3112,0.812272
MESOS-3111,0.020964
MESOS-3110,0.937669
MESOS-3109,0.943764
MESOS-3108,0.889529
MESOS-3107,0.935817
MESOS-3106,0.944587
MESOS-3105,0.9462
MESOS-3104,0.811676
MESOS-3103,0.234407
MESOS-3102,0.248717
MESOS-3101,0.504394
MESOS-3100,0.94699
MESOS-3099,0.947769
MESOS-3098,0.974629
MESOS-3097,0.232833
MESOS-3096,0.956957
MESOS-3095,0.924688
MESOS-3094,0.920218
MESOS-3093,0.822759
MESOS-3092,0.588061
MESOS-3091,0.028436
MESOS-3090,0.026759
MESOS-3089,0.717408
MESOS-3088,0.148788
MESOS-3087,0.038466
MESOS-3086,0.035411
MESOS-3085,0.029987
MESOS-3084,0.903294
MESOS-3083,0.043043
MESOS-3082,0.028008
MESOS-3081,0.608594
MESOS-3080,0.017442
MESOS-3079,0.018978
MESOS-3078,0.345436
MESOS-3077,0.083591
MESOS-3076,0.714429
MESOS-3075,0.494141
MESOS-3074,0.930458
MESOS-3073,0.970465
MESOS-3072,0.971347
MESOS-3071,0.69368
MESOS-3070,0.029312
MESOS-3069,0.800692
MESOS-3068,0.889144
MESOS-3067,0.950778
MESOS-3066,0.715026
MESOS-3065,0.619932
MESOS-3064,0.099821
MESOS-3063,0.351951
MESOS-3062,0.313131
MESOS-3061,0.338924
MESOS-3060,0.015189
MESOS-3059,0.959459
MESOS-3058,0.020646
MESOS-3057,0.011508
MESOS-3056,0.034881
MESOS-3055,0.02461
MESOS-3054,0.119203
MESOS-3053,0.028436
MESOS-3052,0.055413
MESOS-3051,0.043691
MESOS-3050,0.023331
MESOS-3049,0.015306
MESOS-3048,0.014282
MESOS-3047,0.026759
MESOS-3046,0.042088
MESOS-3045,0.120026
MESOS-3044,0.078926
MESOS-3043,0.437583
MESOS-3042,0.26588
MESOS-3041,0.377082
MESOS-3040,0.081228
MESOS-3039,0.86431
MESOS-3038,0.129403
MESOS-3037,0.270866
MESOS-3036,0.287968
MESOS-3035,0.852445
MESOS-3034,0.039343
MESOS-3033,0.407569
MESOS-3032,0.637934
MESOS-3031,0.348146
MESOS-3030,0.023153
MESOS-3029,0.043043
MESOS-3028,0.030909
MESOS-3027,0.030444
MESOS-3026,0.021451
MESOS-3025,0.029091
MESOS-3024,0.137996
MESOS-3023,0.794385
MESOS-3022,0.357568
MESOS-3021,0.902952
MESOS-3020,0.748904
MESOS-3019,0.312003
MESOS-3018,0.859192
MESOS-3017,0.831143
MESOS-3016,0.280124
MESOS-3015,0.560734
MESOS-3014,0.908618
MESOS-3013,0.86431
MESOS-3012,0.536556
MESOS-3011,0.273574
MESOS-3009,0.376107
MESOS-3008,0.684686
MESOS-3007,0.74055
MESOS-3006,0.928409
MESOS-3005,0.037892
MESOS-3004,0.982955
MESOS-3003,0.95222
MESOS-3002,0.019871
MESOS-3001,0.838151
MESOS-3000,0.030909
MESOS-2999,0.960657
MESOS-2998,0.853913
MESOS-2997,0.015906
MESOS-2996,0.024238
MESOS-2995,0.472927
MESOS-2994,0.900179
MESOS-2993,0.045692
MESOS-2992,0.070049
MESOS-2991,0.030676
MESOS-2990,0.017712
MESOS-2989,0.052231
MESOS-2988,0.047426
MESOS-2987,0.019124
MESOS-2986,0.021287
MESOS-2985,0.0341
MESOS-2984,0.058346
MESOS-2983,0.061424
MESOS-2982,0.022286
MESOS-2981,0.933915
MESOS-2980,0.934873
MESOS-2979,0.89841
MESOS-2978,0.470737
MESOS-2977,0.088505
MESOS-2976,0.099821
MESOS-2975,0.020964
MESOS-2974,0.019124
MESOS-2973,0.022117
MESOS-2972,0.663832
MESOS-2971,0.974629
MESOS-2970,0.955651
MESOS-2969,0.957912
MESOS-2968,0.977714
MESOS-2967,0.202443
MESOS-2966,0.774583
MESOS-2965,0.178956
MESOS-2964,0.188623
MESOS-2963,0.313052
MESOS-2962,0.017309
MESOS-2961,0.960952
MESOS-2960,0.405449
MESOS-2959,0.471953
MESOS-2958,0.126353
MESOS-2957,0.108189
MESOS-2956,0.014729
MESOS-2955,0.977023
MESOS-2954,0.019419
MESOS-2953,0.255344
MESOS-2952,0.979511
MESOS-2951,0.962391
MESOS-2950,0.942507
MESOS-2949,0.984094
MESOS-2948,0.941654
MESOS-2947,0.877896
MESOS-2946,0.993512
MESOS-2945,0.984456
MESOS-2944,0.053601
MESOS-2943,0.011778
MESOS-2942,0.107063
MESOS-2941,0.264169
MESOS-2940,0.440469
MESOS-2939,0.171894
MESOS-2938,0.013121
MESOS-2937,0.966914
MESOS-2936,0.923592
MESOS-2935,0.104843
MESOS-2934,0.017986
MESOS-2933,0.248352
MESOS-2932,0.025179
MESOS-2931,0.177241
MESOS-2930,0.671578
MESOS-2929,0.033844
MESOS-2928,0.139866
MESOS-2927,0.028221
MESOS-2926,0.039639
MESOS-2925,0.059647
MESOS-2924,0.439266
MESOS-2923,0.035411
MESOS-2922,0.361728
MESOS-2921,0.213705
MESOS-2920,0.258513
MESOS-2919,0.086632
MESOS-2918,0.026557
MESOS-2917,0.02461
MESOS-2916,0.768038
MESOS-2915,0.531209
MESOS-2914,0.037892
MESOS-2913,0.695752
MESOS-2912,0.884039
MESOS-2911,0.637087
MESOS-2910,0.59514
MESOS-2909,0.363421
MESOS-2908,0.978713
MESOS-2907,0.850469
MESOS-2906,0.889529
MESOS-2905,0.012054
MESOS-2904,0.063715
MESOS-2903,0.062103
MESOS-2902,0.90764
MESOS-2900,0.018978
MESOS-2899,0.028221
MESOS-2898,0.438545
MESOS-2897,0.074231
MESOS-2896,0.127218
MESOS-2895,0.887205
MESOS-2894,0.008847
MESOS-2893,0.498047
MESOS-2892,0.395018
MESOS-2891,0.035948
MESOS-2890,0.015664
MESOS-2889,0.046034
MESOS-2888,0.201813
MESOS-2887,0.848972
MESOS-2886,0.803174
MESOS-2885,0.016403
MESOS-2884,0.930458
MESOS-2883,0.784979
MESOS-2882,0.017986
MESOS-2881,0.029091
MESOS-2880,0.711631
MESOS-2879,0.015544
MESOS-2878,0.930962
MESOS-2877,0.117572
MESOS-2876,0.236164
MESOS-2875,0.499023
MESOS-2874,0.043691
MESOS-2873,0.031619
MESOS-2871,0.045353
MESOS-2870,0.545286
MESOS-2869,0.030909
MESOS-2868,0.017986
MESOS-2867,0.043366
MESOS-2866,0.026964
MESOS-2865,0.020023
MESOS-2864,0.026156
MESOS-2863,0.038756
MESOS-2862,0.022803
MESOS-2861,0.22627
MESOS-2860,0.893309
MESOS-2859,0.119614
MESOS-2858,0.046378
MESOS-2857,0.038466
MESOS-2856,0.833866
MESOS-2855,0.663505
MESOS-2854,0.026964
MESOS-2853,0.690559
MESOS-2852,0.112016
MESOS-2851,0.891055
MESOS-2850,0.879974
MESOS-2849,0.36693
MESOS-2848,0.080937
MESOS-2847,0.850469
MESOS-2846,0.948537
MESOS-2845,0.067301
MESOS-2844,0.055413
MESOS-2843,0.080069
MESOS-2842,0.031859
MESOS-2841,0.958226
MESOS-2840,0.964321
MESOS-2839,0.037047
MESOS-2838,0.042404
MESOS-2837,0.216012
MESOS-2836,0.509276
MESOS-2835,0.040541
MESOS-2834,0.52342
MESOS-2833,0.889144
MESOS-2832,0.850965
MESOS-2831,0.039048
MESOS-2830,0.933431
MESOS-2829,0.045692
MESOS-2828,0.864768
MESOS-2827,0.074231
MESOS-2826,0.326916
MESOS-2825,0.297674
MESOS-2824,0.747616
MESOS-2823,0.705379
MESOS-2822,0.112795
MESOS-2821,0.879561
MESOS-2820,0.022117
MESOS-2819,0.271541
MESOS-2818,0.952926
MESOS-2817,0.91118
MESOS-2816,0.226441
MESOS-2815,0.013325
MESOS-2814,0.632333
MESOS-2813,0.964052
MESOS-2812,0.766294
MESOS-2811,0.940353
MESOS-2810,0.674855
MESOS-2809,0.017442
MESOS-2808,0.078926
MESOS-2807,0.730097
MESOS-2806,0.145115
MESOS-2805,0.604866
MESOS-2804,0.628863
MESOS-2803,0.039639
MESOS-2802,0.789883
MESOS-2801,0.07836
MESOS-2800,0.304145
MESOS-2799,0.172172
MESOS-2798,0.131173
MESOS-2797,0.013121
MESOS-2796,0.899121
MESOS-2795,0.982557
MESOS-2794,0.967899
MESOS-2793,0.972623
MESOS-2792,0.045353
MESOS-2791,0.191328
MESOS-2790,0.499512
MESOS-2789,0.071074
MESOS-2788,0.017309
MESOS-2787,0.01302
MESOS-2786,0.780662
MESOS-2785,0.016277
MESOS-2784,0.572962
MESOS-2783,0.741861
MESOS-2782,0.701304
MESOS-2781,0.025957
MESOS-2780,0.030444
MESOS-2779,0.030444
MESOS-2778,0.07836
MESOS-2777,0.902266
MESOS-2776,0.722135
MESOS-2775,0.806243
MESOS-2774,0.012723
MESOS-2773,0.61878
MESOS-2772,0.456168
MESOS-2771,0.016915
MESOS-2770,0.136608
MESOS-2769,0.351645
MESOS-2768,0.011869
MESOS-2767,0.878731
MESOS-2766,0.057071
MESOS-2765,0.026156
MESOS-2764,0.069038
MESOS-2763,0.921922
MESOS-2762,0.432543
MESOS-2761,0.702734
MESOS-2760,0.613005
MESOS-2759,0.022629
MESOS-2758,0.511717
MESOS-2757,0.100525
MESOS-2756,0.642348
MESOS-2755,0.112405
MESOS-2754,0.03622
MESOS-2753,0.642348
MESOS-2752,0.945399
MESOS-2751,0.030444
MESOS-2750,0.090093
MESOS-2749,0.018125
MESOS-2748,0.020804
MESOS-2747,0.939471
MESOS-2746,0.680135
MESOS-2745,0.073963
MESOS-2744,0.036769
MESOS-2743,0.45423
MESOS-2742,0.393735
MESOS-2741,0.085099
MESOS-2740,0.105211
MESOS-2739,0.128525
MESOS-2738,0.235812
MESOS-2737,0.829492
MESOS-2736,0.937669
MESOS-2735,0.093347
MESOS-2734,0.316158
MESOS-2733,0.226099
MESOS-2732,0.866133
MESOS-2731,0.985271
MESOS-2730,0.74055
MESOS-2729,0.214034
MESOS-2728,0.961244
MESOS-2727,0.075585
MESOS-2726,0.964052
MESOS-2725,0.651521
MESOS-2724,0.685739
MESOS-2723,0.038466
MESOS-2722,0.959154
MESOS-2721,0.988492
MESOS-2720,0.149035
MESOS-2719,0.284477
MESOS-2718,0.038756
MESOS-2717,0.986151
MESOS-2716,0.144631
MESOS-2715,0.054601
MESOS-2714,0.021948
MESOS-2713,0.046378
MESOS-2712,0.009197
MESOS-2711,0.712032
MESOS-2710,0.06804
MESOS-2709,0.987946
MESOS-2708,0.736969
MESOS-2707,0.034359
MESOS-2706,0.026964
MESOS-2705,0.114369
MESOS-2704,0.103386
MESOS-2703,0.839734
MESOS-2702,0.296654
MESOS-2701,0.326271
MESOS-2700,0.158174
MESOS-2699,0.050331
MESOS-2698,0.986979
MESOS-2697,0.645804
MESOS-2696,0.250546
MESOS-2695,0.207857
MESOS-2694,0.978875
MESOS-2693,0.078926
MESOS-2692,0.962953
MESOS-2691,0.131173
MESOS-2690,0.032344
MESOS-2689,0.398524
MESOS-2688,0.135232
MESOS-2687,0.116362
MESOS-2686,0.013532
MESOS-2685,0.180395
MESOS-2684,0.022457
MESOS-2683,0.44553
MESOS-2682,0.019271
MESOS-2681,0.067056
MESOS-2680,0.112016
MESOS-2679,0.023153
MESOS-2678,0.820182
MESOS-2677,0.118793
MESOS-2676,0.137532
MESOS-2675,0.035145
MESOS-2674,0.824462
MESOS-2673,0.166947
MESOS-2672,0.039048
MESOS-2671,0.026759
MESOS-2670,0.164785
MESOS-2669,0.07836
MESOS-2668,0.015425
MESOS-2667,0.137996
MESOS-2666,0.874507
MESOS-2665,0.080937
MESOS-2664,0.83602
MESOS-2663,0.055209
MESOS-2662,0.062103
MESOS-2661,0.223038
MESOS-2660,0.014282
MESOS-2659,0.05301
MESOS-2658,0.208501
MESOS-2657,0.778986
MESOS-2656,0.056236
MESOS-2655,0.942507
MESOS-2654,0.734691
MESOS-2653,0.824462
MESOS-2652,0.95222
MESOS-2651,0.939471
MESOS-2650,0.889912
MESOS-2649,0.730482
MESOS-2648,0.942082
MESOS-2647,0.158956
MESOS-2646,0.400749
MESOS-2645,0.711832
MESOS-2644,0.877477
MESOS-2643,0.047426
MESOS-2642,0.959459
MESOS-2641,0.893309
MESOS-2640,0.345768
MESOS-2639,0.078926
MESOS-2638,0.496582
MESOS-2637,0.037609
MESOS-2636,0.024423
MESOS-2635,0.019124
MESOS-2634,0.973037
MESOS-2633,0.329458
MESOS-2632,0.038178
MESOS-2631,0.0538
MESOS-2630,0.059428
MESOS-2629,0.559531
MESOS-2628,0.155591
MESOS-2627,0.049959
MESOS-2626,0.051463
MESOS-2625,0.108945
MESOS-2624,0.119203
MESOS-2623,0.044349
MESOS-2622,0.260201
MESOS-2621,0.227298
MESOS-2620,0.977197
MESOS-2619,0.058346
MESOS-2618,0.105579
MESOS-2617,0.032101
MESOS-2616,0.671619
MESOS-2615,0.9659
MESOS-2614,0.086632
MESOS-2613,0.170508
MESOS-2612,0.027376
MESOS-2611,0.028008
MESOS-2610,0.793746
MESOS-2609,0.678007
MESOS-2608,0.86293
MESOS-2607,0.0729
MESOS-2606,0.034359
MESOS-2605,0.025761
MESOS-2604,0.875361
MESOS-2603,0.025371
MESOS-2602,0.979195
MESOS-2601,0.019419
MESOS-2600,0.443359
MESOS-2599,0.139866
MESOS-2598,0.020332
MESOS-2597,0.934873
MESOS-2596,0.291787
MESOS-2595,0.859192
MESOS-2594,0.074231
MESOS-2593,0.173288
MESOS-2592,0.025179
MESOS-2591,0.884039
MESOS-2590,0.4206
MESOS-2589,0.019271
MESOS-2588,0.107813
MESOS-2587,0.158956
MESOS-2586,0.04778
MESOS-2585,0.096365
MESOS-2584,0.024798
MESOS-2583,0.021781
MESOS-2582,0.496582
MESOS-2581,0.838151
MESOS-2580,0.025957
MESOS-2579,0.057282
MESOS-2578,0.110471
MESOS-2577,0.050705
MESOS-2576,0.165054
MESOS-2575,0.014729
MESOS-2574,0.066085
MESOS-2573,0.096365
MESOS-2572,0.070816
MESOS-2571,0.103386
MESOS-2570,0.017442
MESOS-2569,0.960063
MESOS-2568,0.126785
MESOS-2567,0.03259
MESOS-2566,0.030215
MESOS-2565,0.137532
MESOS-2564,0.358353
MESOS-2563,0.112795
MESOS-2562,0.298491
MESOS-2561,0.125493
MESOS-2560,0.044019
MESOS-2559,0.019871
MESOS-2558,0.028221
MESOS-2557,0.033337
MESOS-2556,0.94079
MESOS-2555,0.196209
MESOS-2554,0.031859
MESOS-2553,0.016915
MESOS-2552,0.0538
MESOS-2551,0.793746
MESOS-2550,0.082994
MESOS-2549,0.262275
MESOS-2548,0.015189
MESOS-2547,0.547948
MESOS-2546,0.026355
MESOS-2545,0.778649
MESOS-2544,0.100525
MESOS-2543,0.068289
MESOS-2542,0.103024
MESOS-2541,0.061199
MESOS-2540,0.793106
MESOS-2539,0.038466
MESOS-2538,0.047074
MESOS-2537,0.025371
MESOS-2536,0.03259
MESOS-2535,0.871037
MESOS-2534,0.033086
MESOS-2533,0.899475
MESOS-2532,0.018264
MESOS-2531,0.054199
MESOS-2530,0.029091
MESOS-2529,0.011072
MESOS-2528,0.868381
MESOS-2527,0.090414
MESOS-2526,0.013428
MESOS-2525,0.534127
MESOS-2524,0.084191
MESOS-2523,0.030909
MESOS-2522,0.223038
MESOS-2521,0.247987
MESOS-2520,0.050705
MESOS-2519,0.385837
MESOS-2518,0.048137
MESOS-2517,0.047074
MESOS-2516,0.773216
MESOS-2515,0.562177
MESOS-2514,0.026355
MESOS-2513,0.035679
MESOS-2512,0.038466
MESOS-2511,0.175538
MESOS-2510,0.293506
MESOS-2509,0.016029
MESOS-2508,0.011158
MESOS-2507,0.332554
MESOS-2506,0.962108
MESOS-2505,0.403332
MESOS-2504,0.833866
MESOS-2503,0.475605
MESOS-2502,0.665411
MESOS-2501,0.166947
MESOS-2500,0.77081
MESOS-2499,0.030444
MESOS-2498,0.099121
MESOS-2497,0.048496
MESOS-2496,0.127218
MESOS-2495,0.746693
MESOS-2494,0.026964
MESOS-2493,0.016277
MESOS-2492,0.627466
MESOS-2491,0.09236
MESOS-2490,0.38145
MESOS-2489,0.907312
MESOS-2488,0.489259
MESOS-2487,0.03138
MESOS-2486,0.032837
MESOS-2485,0.453746
MESOS-2484,0.029312
MESOS-2483,0.273477
MESOS-2482,0.732974
MESOS-2481,0.08882
MESOS-2480,0.037047
MESOS-2479,0.015785
MESOS-2478,0.94699
MESOS-2477,0.635279
MESOS-2476,0.38769
MESOS-2475,0.092033
MESOS-2474,0.020964
MESOS-2473,0.140336
MESOS-2472,0.31484
MESOS-2471,0.239527
MESOS-2470,0.763131
MESOS-2469,0.037892
MESOS-2468,0.13707
MESOS-2467,0.588889
MESOS-2466,0.149283
MESOS-2465,0.102664
MESOS-2464,0.022286
MESOS-2463,0.027796
MESOS-2462,0.362236
MESOS-2461,0.393851
MESOS-2460,0.895523
MESOS-2459,0.761006
MESOS-2458,0.254046
MESOS-2457,0.030215
MESOS-2456,0.493653
MESOS-2455,0.936285
MESOS-2454,0.884838
MESOS-2453,0.971992
MESOS-2452,0.019719
MESOS-2451,0.022286
MESOS-2450,0.031619
MESOS-2449,0.985718
MESOS-2448,0.262275
MESOS-2447,0.019569
MESOS-2446,0.44553
MESOS-2445,0.890675
MESOS-2444,0.282592
MESOS-2443,0.879147
MESOS-2442,0.701611
MESOS-2441,0.361841
MESOS-2440,0.416085
MESOS-2439,0.103024
MESOS-2438,0.929951
MESOS-2437,0.034881
MESOS-2436,0.02976
MESOS-2435,0.050331
MESOS-2434,0.383757
MESOS-2433,0.050331
MESOS-2432,0.050331
MESOS-2431,0.050331
MESOS-2430,0.051463
MESOS-2429,0.082994
MESOS-2428,0.789558
MESOS-2427,0.781664
MESOS-2426,0.028008
MESOS-2425,0.042404
MESOS-2424,0.018689
MESOS-2423,0.921358
MESOS-2422,0.104112
MESOS-2421,0.036494
MESOS-2420,0.027585
MESOS-2419,0.026557
MESOS-2418,0.127653
MESOS-2417,0.023689
MESOS-2416,0.104477
MESOS-2415,0.310799
MESOS-2414,0.043366
MESOS-2413,0.039639
MESOS-2412,0.034881
MESOS-2411,0.015073
MESOS-2410,0.027796
MESOS-2409,0.014504
MESOS-2408,0.848471
MESOS-2407,0.023153
MESOS-2406,0.913058
MESOS-2405,0.089773
MESOS-2404,0.794066
MESOS-2403,0.034881
MESOS-2402,0.040846
MESOS-2401,0.034881
MESOS-2400,0.057918
MESOS-2399,0.741674
MESOS-2398,0.058993
MESOS-2397,0.75274
MESOS-2396,0.191026
MESOS-2395,0.063251
MESOS-2394,0.268941
MESOS-2393,0.064653
MESOS-2392,0.361954
MESOS-2391,0.380644
MESOS-2390,0.025761
MESOS-2389,0.100172
MESOS-2388,0.026156
MESOS-2387,0.040846
MESOS-2386,0.973443
MESOS-2385,0.038466
MESOS-2384,0.122944
MESOS-2383,0.03359
MESOS-2382,0.028653
MESOS-2381,0.034359
MESOS-2380,0.974821
MESOS-2379,0.037327
MESOS-2378,0.03359
MESOS-2377,0.022977
MESOS-2376,0.624465
MESOS-2375,0.053403
MESOS-2374,0.80038
MESOS-2373,0.070049
MESOS-2372,0.731251
MESOS-2371,0.040238
MESOS-2370,0.093347
MESOS-2369,0.036494
MESOS-2368,0.926304
MESOS-2367,0.153549
MESOS-2366,0.168857
MESOS-2365,0.355999
MESOS-2364,0.127218
MESOS-2363,0.92079
MESOS-2362,0.084191
MESOS-2361,0.816406
MESOS-2360,0.07056
MESOS-2359,0.171061
MESOS-2358,0.033337
MESOS-2357,0.067301
MESOS-2356,0.013121
MESOS-2355,0.024988
MESOS-2354,0.028221
MESOS-2353,0.884439
MESOS-2352,0.060308
MESOS-2351,0.876634
MESOS-2350,0.802865
MESOS-2349,0.665954
MESOS-2348,0.987759
MESOS-2347,0.935817
MESOS-2346,0.015906
MESOS-2345,0.522933
MESOS-2344,0.022117
MESOS-2343,0.025565
MESOS-2342,0.178669
MESOS-2341,0.664758
MESOS-2340,0.539954
MESOS-2339,0.354468
MESOS-2338,0.027169
MESOS-2337,0.015544
MESOS-2336,0.777975
MESOS-2335,0.974043
MESOS-2334,0.026156
MESOS-2333,0.930458
MESOS-2332,0.750553
MESOS-2331,0.020332
MESOS-2330,0.019871
MESOS-2329,0.018689
MESOS-2328,0.019569
MESOS-2327,0.019419
MESOS-2326,0.0538
MESOS-2325,0.014392
MESOS-2324,0.015664
MESOS-2323,0.182134
MESOS-2322,0.264738
MESOS-2321,0.030444
MESOS-2320,0.014957
MESOS-2319,0.016277
MESOS-2318,0.797241
MESOS-2317,0.816113
MESOS-2316,0.030909
MESOS-2315,0.152032
MESOS-2314,0.561696
MESOS-2313,0.057493
MESOS-2312,0.028436
MESOS-2311,0.013742
MESOS-2310,0.021948
MESOS-2309,0.038466
MESOS-2308,0.953275
MESOS-2307,0.044681
MESOS-2306,0.031619
MESOS-2305,0.625209
MESOS-2304,0.048858
MESOS-2303,0.123789
MESOS-2302,0.032344
MESOS-2301,0.033086
MESOS-2300,0.028008
MESOS-2299,0.316369
MESOS-2298,0.915507
MESOS-2297,0.975577
MESOS-2296,0.679072
MESOS-2295,0.590897
MESOS-2294,0.713631
MESOS-2293,0.685529
MESOS-2292,0.357624
MESOS-2291,0.465387
MESOS-2290,0.549641
MESOS-2289,0.938576
MESOS-2288,0.988313
MESOS-2287,0.266644
MESOS-2286,0.979036
MESOS-2285,0.896614
MESOS-2284,0.020023
MESOS-2283,0.037892
MESOS-2282,0.114765
MESOS-2281,0.171061
MESOS-2280,0.190724
MESOS-2279,0.052619
MESOS-2278,0.023509
MESOS-2277,0.098773
MESOS-2276,0.012625
MESOS-2275,0.136148
MESOS-2274,0.23793
MESOS-2273,0.232484
MESOS-2272,0.732209
MESOS-2271,0.979036
MESOS-2270,0.780328
MESOS-2269,0.01302
MESOS-2268,0.768038
MESOS-2267,0.94699
MESOS-2266,0.331255
MESOS-2265,0.894052
MESOS-2264,0.119614
MESOS-2263,0.138928
MESOS-2262,0.958847
MESOS-2261,0.112405
MESOS-2260,0.024798
MESOS-2259,0.025179
MESOS-2258,0.897695
MESOS-2257,0.772531
MESOS-2256,0.023153
MESOS-2255,0.017577
MESOS-2254,0.044681
MESOS-2253,0.057918
MESOS-2252,0.012625
MESOS-2251,0.037327
MESOS-2250,0.909265
MESOS-2249,0.909265
MESOS-2248,0.494629
MESOS-2247,0.860604
MESOS-2246,0.945399
MESOS-2245,0.022803
MESOS-2244,0.012432
MESOS-2243,0.146331
MESOS-2242,0.028436
MESOS-2241,0.038756
MESOS-2240,0.133868
MESOS-2239,0.032101
MESOS-2238,0.94079
MESOS-2237,0.108945
MESOS-2236,0.029312
MESOS-2235,0.625381
MESOS-2234,0.014842
MESOS-2233,0.247441
MESOS-2232,0.038178
MESOS-2231,0.040541
MESOS-2230,0.110471
MESOS-2229,0.255901
MESOS-2228,0.046034
MESOS-2227,0.039639
MESOS-2226,0.049959
MESOS-2225,0.048137
MESOS-2224,0.816991
MESOS-2223,0.064418
MESOS-2222,0.610105
MESOS-2221,0.92944
MESOS-2220,0.020332
MESOS-2219,0.946597
MESOS-2218,0.106319
MESOS-2217,0.197135
MESOS-2216,0.017309
MESOS-2215,0.016657
MESOS-2214,0.020023
MESOS-2213,0.964321
MESOS-2212,0.067301
MESOS-2211,0.068289
MESOS-2210,0.096706
MESOS-2209,0.027376
MESOS-2208,0.839734
MESOS-2207,0.012147
MESOS-2206,0.021125
MESOS-2205,0.769427
MESOS-2204,0.01653
MESOS-2203,0.046725
MESOS-2202,0.051463
MESOS-2201,0.025957
MESOS-2200,0.020804
MESOS-2199,0.017712
MESOS-2198,0.168583
MESOS-2197,0.965381
MESOS-2196,0.884838
MESOS-2195,0.033086
MESOS-2194,0.015785
MESOS-2193,0.826151
MESOS-2192,0.027585
MESOS-2191,0.55929
MESOS-2190,0.314735
MESOS-2189,0.019124
MESOS-2188,0.017986
MESOS-2187,0.570212
MESOS-2186,0.023689
MESOS-2185,0.024423
MESOS-2184,0.183301
MESOS-2183,0.025565
MESOS-2182,0.055413
MESOS-2181,0.025565
MESOS-2180,0.045016
MESOS-2179,0.027376
MESOS-2178,0.115162
MESOS-2177,0.643665
MESOS-2176,0.134321
MESOS-2175,0.284377
MESOS-2174,0.151028
MESOS-2173,0.596198
MESOS-2172,0.926304
MESOS-2171,0.02461
MESOS-2170,0.894421
MESOS-2169,0.461502
MESOS-2168,0.958226
MESOS-2167,0.052231
MESOS-2166,0.036769
MESOS-2165,0.022803
MESOS-2164,0.710427
MESOS-2163,0.012528
MESOS-2162,0.935346
MESOS-2161,0.020332
MESOS-2160,0.97539
MESOS-2159,0.937669
MESOS-2158,0.018978
MESOS-2157,0.451085
MESOS-2156,0.109706
MESOS-2155,0.795975
MESOS-2154,0.770465
MESOS-2153,0.684897
MESOS-2152,0.065366
MESOS-2151,0.046378
MESOS-2150,0.97024
MESOS-2149,0.101589
MESOS-2148,0.024238
MESOS-2147,0.033844
MESOS-2146,0.019271
MESOS-2145,0.828384
MESOS-2144,0.020964
MESOS-2143,0.029987
MESOS-2142,0.106691
MESOS-2141,0.091707
MESOS-2140,0.175538
MESOS-2139,0.550124
MESOS-2138,0.188623
MESOS-2137,0.145115
MESOS-2136,0.131619
MESOS-2135,0.617513
MESOS-2134,0.035411
MESOS-2133,0.570571
MESOS-2132,0.409457
MESOS-2131,0.873647
MESOS-2130,0.784979
MESOS-2129,0.973443
MESOS-2128,0.026964
MESOS-2127,0.354936
MESOS-2126,0.81582
MESOS-2125,0.112405
MESOS-2124,0.017849
MESOS-2123,0.906322
MESOS-2122,0.030215
MESOS-2121,0.031859
MESOS-2120,0.793746
MESOS-2119,0.165054
MESOS-2118,0.02976
MESOS-2117,0.020804
MESOS-2116,0.038466
MESOS-2115,0.821044
MESOS-2114,0.551815
MESOS-2113,0.264548
MESOS-2112,0.028871
MESOS-2111,0.073696
MESOS-2110,0.719975
MESOS-2109,0.958226
MESOS-2108,0.147555
MESOS-2107,0.745769
MESOS-2106,0.090735
MESOS-2105,0.518059
MESOS-2104,0.122523
MESOS-2103,0.613758
MESOS-2102,0.865224
MESOS-2101,0.958226
MESOS-2100,0.964052
MESOS-2099,0.736969
MESOS-2098,0.473657
MESOS-2097,0.071332
MESOS-2096,0.442155
MESOS-2095,0.136608
MESOS-2094,0.306164
MESOS-2093,0.898767
MESOS-2092,0.815526
MESOS-2091,0.134776
MESOS-2090,0.942082
MESOS-2089,0.716814
MESOS-2088,0.012432
MESOS-2087,0.302803
MESOS-2086,0.127218
MESOS-2085,0.696371
MESOS-2084,0.92523
MESOS-2083,0.774242
MESOS-2082,0.389779
MESOS-2081,0.829492
MESOS-2080,0.553505
MESOS-2079,0.094343
MESOS-2078,0.028653
MESOS-2077,0.246533
MESOS-2076,0.816991
MESOS-2075,0.951504
MESOS-2074,0.822189
MESOS-2073,0.670932
MESOS-2072,0.811974
MESOS-2071,0.027585
MESOS-2070,0.889912
MESOS-2069,0.72331
MESOS-2068,0.224395
MESOS-2067,0.938124
MESOS-2066,0.202759
MESOS-2065,0.935817
MESOS-2064,0.942929
MESOS-2063,0.953966
MESOS-2062,0.90599
MESOS-2061,0.211417
MESOS-2060,0.97539
MESOS-2059,0.25945
MESOS-2058,0.129843
MESOS-2057,0.944177
MESOS-2056,0.884439
MESOS-2055,0.044349
MESOS-2054,0.740362
MESOS-2053,0.780997
MESOS-2052,0.033086
MESOS-2051,0.385028
MESOS-2050,0.964589
MESOS-2049,0.017849
MESOS-2048,0.033844
MESOS-2047,0.048858
MESOS-2046,0.051845
MESOS-2045,0.720958
MESOS-2044,0.965381
MESOS-2043,0.031619
MESOS-2042,0.962953
MESOS-2041,0.90261
MESOS-2040,0.950411
MESOS-2039,0.767341
MESOS-2038,0.083292
MESOS-2037,0.080937
MESOS-2036,0.024988
MESOS-2035,0.70477
MESOS-2034,0.260295
MESOS-2033,0.703244
MESOS-2032,0.960657
MESOS-2031,0.480479
MESOS-2030,0.541166
MESOS-2029,0.421076
MESOS-2028,0.022286
MESOS-2027,0.020964
MESOS-2026,0.011778
MESOS-2025,0.034359
MESOS-2024,0.151529
MESOS-2023,0.232659
MESOS-2022,0.044349
MESOS-2021,0.03622
MESOS-2020,0.020804
MESOS-2019,0.855369
MESOS-2018,0.978713
MESOS-2017,0.018405
MESOS-2016,0.100879
MESOS-2015,0.024423
MESOS-2014,0.01292
MESOS-2013,0.022457
MESOS-2012,0.147555
MESOS-2011,0.294418
MESOS-2010,0.303525
MESOS-2009,0.358521
MESOS-2008,0.014064
MESOS-2007,0.015306
MESOS-2006,0.479504
MESOS-2005,0.99341
MESOS-2004,0.024798
MESOS-2003,0.020489
MESOS-2002,0.919643
MESOS-2001,0.986979
MESOS-2000,0.743913
MESOS-1999,0.091707
MESOS-1998,0.038756
MESOS-1997,0.858244
MESOS-1996,0.023153
MESOS-1995,0.962391
MESOS-1994,0.031619
MESOS-1993,0.014504
MESOS-1992,0.496094
MESOS-1991,0.855851
MESOS-1990,0.022977
MESOS-1989,0.033086
MESOS-1988,0.252016
MESOS-1987,0.108945
MESOS-1986,0.049589
MESOS-1985,0.599016
MESOS-1984,0.167219
MESOS-1983,0.316792
MESOS-1982,0.601125
MESOS-1981,0.0729
MESOS-1980,0.334338
MESOS-1979,0.804098
MESOS-1978,0.898053
MESOS-1977,0.827271
MESOS-1976,0.008916
MESOS-1975,0.050331
MESOS-1974,0.966914
MESOS-1973,0.035145
MESOS-1972,0.879974
MESOS-1971,0.056236
MESOS-1970,0.028221
MESOS-1969,0.021287
MESOS-1968,0.029535
MESOS-1967,0.030676
MESOS-1966,0.959154
MESOS-1965,0.849472
MESOS-1964,0.705988
MESOS-1963,0.613989
MESOS-1962,0.954647
MESOS-1961,0.875787
MESOS-1960,0.257392
MESOS-1959,0.271445
MESOS-1958,0.100879
MESOS-1957,0.589126
MESOS-1956,0.327561
MESOS-1955,0.960657
MESOS-1954,0.611266
MESOS-1953,0.796925
MESOS-1952,0.427994
MESOS-1951,0.531696
MESOS-1950,0.873215
MESOS-1949,0.878731
MESOS-1948,0.045353
MESOS-1947,0.871475
MESOS-1946,0.017849
MESOS-1945,0.03359
MESOS-1944,0.558809
MESOS-1943,0.78233
MESOS-1942,0.00986
MESOS-1941,0.258888
MESOS-1940,0.605449
MESOS-1939,0.833325
MESOS-1938,0.421076
MESOS-1937,0.25945
MESOS-1936,0.019871
MESOS-1935,0.069289
MESOS-1934,0.024238
MESOS-1933,0.477554
MESOS-1932,0.221519
MESOS-1931,0.956309
MESOS-1930,0.210117
MESOS-1929,0.360714
MESOS-1928,0.295738
MESOS-1927,0.439747
MESOS-1926,0.469277
MESOS-1925,0.639877
MESOS-1924,0.008188
MESOS-1923,0.470737
MESOS-1922,0.040541
MESOS-1921,0.964052
MESOS-1920,0.411466
MESOS-1919,0.858719
MESOS-1918,0.092033
MESOS-1917,0.905322
MESOS-1916,0.533641
MESOS-1915,0.028436
MESOS-1914,0.755276
MESOS-1913,0.821044
MESOS-1912,0.924142
MESOS-1911,0.944995
MESOS-1909,0.816406
MESOS-1908,0.77081
MESOS-1907,0.041462
MESOS-1906,0.017045
MESOS-1905,0.966914
MESOS-1904,0.116362
MESOS-1903,0.715424
MESOS-1902,0.895523
MESOS-1901,0.016915
MESOS-1900,0.398992
MESOS-1899,0.100172
MESOS-1898,0.032344
MESOS-1897,0.032344
MESOS-1896,0.878314
MESOS-1895,0.40592
MESOS-1894,0.962673
MESOS-1893,0.945399
MESOS-1892,0.019569
MESOS-1891,0.995018
MESOS-1890,0.017309
MESOS-1889,0.98347
MESOS-1888,0.777975
MESOS-1887,0.831143
MESOS-1886,0.584153
MESOS-1885,0.042722
MESOS-1884,0.102305
MESOS-1883,0.035145
MESOS-1882,0.165863
MESOS-1881,0.014616
MESOS-1880,0.070304
MESOS-1879,0.067547
MESOS-1878,0.012625
MESOS-1877,0.026759
MESOS-1876,0.070304
MESOS-1875,0.013849
MESOS-1874,0.599485
MESOS-1873,0.023689
MESOS-1872,0.109706
MESOS-1871,0.032837
MESOS-1870,0.042404
MESOS-1869,0.031859
MESOS-1868,0.049589
MESOS-1867,0.027376
MESOS-1866,0.037609
MESOS-1865,0.027796
MESOS-1864,0.944177
MESOS-1863,0.645958
MESOS-1862,0.024423
MESOS-1861,0.115961
MESOS-1860,0.949295
MESOS-1859,0.025565
MESOS-1858,0.024238
MESOS-1857,0.018547
MESOS-1856,0.109706
MESOS-1855,0.018547
MESOS-1854,0.038756
MESOS-1853,0.054601
MESOS-1852,0.014504
MESOS-1851,0.211417
MESOS-1850,0.022457
MESOS-1849,0.050331
MESOS-1848,0.039639
MESOS-1847,0.030909
MESOS-1846,0.086942
MESOS-1845,0.028221
MESOS-1844,0.031144
MESOS-1843,0.017849
MESOS-1842,0.024988
MESOS-1841,0.76769
MESOS-1840,0.114765
MESOS-1839,0.021287
MESOS-1838,0.359027
MESOS-1837,0.018547
MESOS-1836,0.942507
MESOS-1835,0.021125
MESOS-1834,0.014392
MESOS-1833,0.008446
MESOS-1832,0.154567
MESOS-1831,0.068289
MESOS-1830,0.168036
MESOS-1829,0.832781
MESOS-1828,0.927888
MESOS-1827,0.018689
MESOS-1826,0.483892
MESOS-1825,0.050331
MESOS-1824,0.016029
MESOS-1823,0.035679
MESOS-1822,0.016915
MESOS-1821,0.016403
MESOS-1820,0.7773
MESOS-1819,0.039048
MESOS-1818,0.025371
MESOS-1817,0.021287
MESOS-1816,0.870597
MESOS-1815,0.517083
MESOS-1814,0.029535
MESOS-1813,0.405213
MESOS-1812,0.018264
MESOS-1811,0.921358
MESOS-1810,0.961534
MESOS-1809,0.032344
MESOS-1808,0.360714
MESOS-1807,0.687
MESOS-1806,0.885631
MESOS-1805,0.205934
MESOS-1804,0.023331
MESOS-1803,0.058346
MESOS-1802,0.03259
MESOS-1801,0.019569
MESOS-1800,0.019719
MESOS-1799,0.038466
MESOS-1798,0.100172
MESOS-1797,0.100172
MESOS-1796,0.764188
MESOS-1795,0.024798
MESOS-1794,0.220342
MESOS-1793,0.244183
MESOS-1792,0.873647
MESOS-1791,0.974821
MESOS-1790,0.269037
MESOS-1789,0.044681
MESOS-1788,0.119203
MESOS-1787,0.551332
MESOS-1786,0.032344
MESOS-1785,0.019719
MESOS-1784,0.985608
MESOS-1783,0.020177
MESOS-1782,0.017045
MESOS-1781,0.013849
MESOS-1780,0.031619
MESOS-1779,0.034619
MESOS-1778,0.166404
MESOS-1777,0.945399
MESOS-1776,0.033086
MESOS-1775,0.033086
MESOS-1774,0.029312
MESOS-1773,0.156878
MESOS-1772,0.030215
MESOS-1771,0.183009
MESOS-1770,0.324677
MESOS-1769,0.036769
MESOS-1768,0.42919
MESOS-1767,0.010091
MESOS-1766,0.032344
MESOS-1765,0.731634
MESOS-1764,0.055005
MESOS-1763,0.991554
MESOS-1762,0.810179
MESOS-1761,0.033086
MESOS-1760,0.044681
MESOS-1759,0.973443
MESOS-1758,0.062103
MESOS-1757,0.696991
MESOS-1756,0.839734
MESOS-1755,0.063019
MESOS-1754,0.034619
MESOS-1753,0.137532
MESOS-1752,0.603114
MESOS-1751,0.017849
MESOS-1750,0.038466
MESOS-1749,0.027376
MESOS-1748,0.028221
MESOS-1747,0.020964
MESOS-1746,0.035948
MESOS-1745,0.034881
MESOS-1744,0.926304
MESOS-1743,0.021287
MESOS-1742,0.277473
MESOS-1741,0.011072
MESOS-1740,0.015544
MESOS-1739,0.898767
MESOS-1738,0.021125
MESOS-1737,0.017577
MESOS-1736,0.010818
MESOS-1735,0.041774
MESOS-1734,0.764892
MESOS-1733,0.288168
MESOS-1732,0.029312
MESOS-1731,0.412767
MESOS-1730,0.017309
MESOS-1729,0.016153
MESOS-1728,0.27048
MESOS-1727,0.023331
MESOS-1726,0.023331
MESOS-1725,0.027376
MESOS-1724,0.023153
MESOS-1723,0.752013
MESOS-1722,0.016915
MESOS-1721,0.089137
MESOS-1720,0.030215
MESOS-1719,0.894052
MESOS-1718,0.617541
MESOS-1717,0.013637
MESOS-1716,0.016029
MESOS-1715,0.017577
MESOS-1714,0.141281
MESOS-1713,0.019419
MESOS-1712,0.054601
MESOS-1711,0.509764
MESOS-1710,0.019569
MESOS-1709,0.065605
MESOS-1708,0.025179
MESOS-1707,0.011072
MESOS-1706,0.953622
MESOS-1705,0.01057
MESOS-1704,0.031144
MESOS-1703,0.04778
MESOS-1702,0.120853
MESOS-1701,0.025179
MESOS-1700,0.024054
MESOS-1699,0.030676
MESOS-1698,0.035948
MESOS-1697,0.059866
MESOS-1696,0.068787
MESOS-1695,0.022629
MESOS-1694,0.044349
MESOS-1693,0.05921
MESOS-1692,0.0341
MESOS-1691,0.096706
MESOS-1690,0.041153
MESOS-1689,0.035948
MESOS-1688,0.03622
MESOS-1687,0.028436
MESOS-1686,0.022286
MESOS-1685,0.026557
MESOS-1684,0.589126
MESOS-1683,0.212069
MESOS-1682,0.101233
MESOS-1681,0.034881
MESOS-1680,0.037892
MESOS-1679,0.067793
MESOS-1678,0.320396
MESOS-1677,0.031619
MESOS-1676,0.017712
MESOS-1675,0.062789
MESOS-1674,0.450601
MESOS-1673,0.029987
MESOS-1672,0.215681
MESOS-1671,0.159217
MESOS-1670,0.010328
MESOS-1669,0.127218
MESOS-1668,0.075041
MESOS-1667,0.668123
MESOS-1666,0.571767
MESOS-1665,0.016403
MESOS-1664,0.339061
MESOS-1663,0.052231
MESOS-1662,0.030444
MESOS-1661,0.027376
MESOS-1660,0.143188
MESOS-1659,0.939471
MESOS-1658,0.049222
MESOS-1657,0.328583
MESOS-1656,0.352634
MESOS-1655,0.017309
MESOS-1654,0.809276
MESOS-1653,0.022457
MESOS-1652,0.542136
MESOS-1651,0.927888
MESOS-1650,0.458106
MESOS-1649,0.031144
MESOS-1648,0.454714
MESOS-1647,0.024988
MESOS-1646,0.521471
MESOS-1645,0.477554
MESOS-1644,0.781331
MESOS-1643,0.952574
MESOS-1642,0.286868
MESOS-1641,0.026355
MESOS-1640,0.016403
MESOS-1639,0.03622
MESOS-1638,0.759939
MESOS-1637,0.744285
MESOS-1636,0.007938
MESOS-1635,0.018978
MESOS-1634,0.015664
MESOS-1633,0.721939
MESOS-1632,0.011778
MESOS-1631,0.055005
MESOS-1630,0.087876
MESOS-1629,0.028221
MESOS-1628,0.040846
MESOS-1627,0.016277
MESOS-1626,0.479016
MESOS-1625,0.057071
MESOS-1624,0.013849
MESOS-1623,0.062331
MESOS-1622,0.217005
MESOS-1621,0.956309
MESOS-1620,0.227469
MESOS-1619,0.015664
MESOS-1618,0.964052
MESOS-1617,0.077518
MESOS-1616,0.148047
MESOS-1615,0.62395
MESOS-1614,0.034881
MESOS-1613,0.022286
MESOS-1612,0.034881
MESOS-1611,0.023509
MESOS-1610,0.048858
MESOS-1609,0.016277
MESOS-1608,0.790207
MESOS-1607,0.971564
MESOS-1606,0.021451
MESOS-1605,0.239527
MESOS-1604,0.024054
MESOS-1603,0.034359
MESOS-1602,0.040846
MESOS-1601,0.469277
MESOS-1600,0.218669
MESOS-1599,0.685318
MESOS-1598,0.868827
MESOS-1597,0.721351
MESOS-1596,0.980581
MESOS-1595,0.506836
MESOS-1594,0.038756
MESOS-1593,0.93196
MESOS-1592,0.984094
MESOS-1591,0.229881
MESOS-1590,0.41561
MESOS-1589,0.939025
MESOS-1588,0.721939
MESOS-1587,0.365004
MESOS-1586,0.715424
MESOS-1585,0.962108
MESOS-1584,0.97631
MESOS-1583,0.154823
MESOS-1582,0.329176
MESOS-1581,0.745769
MESOS-1580,0.254046
MESOS-1579,0.156878
MESOS-1578,0.033337
MESOS-1577,0.017045
MESOS-1576,0.563138
MESOS-1575,0.041774
MESOS-1574,0.338023
MESOS-1573,0.161585
MESOS-1572,0.117572
MESOS-1571,0.181263
MESOS-1570,0.021451
MESOS-1569,0.469764
MESOS-1568,0.920218
MESOS-1567,0.13707
MESOS-1566,0.92523
MESOS-1565,0.478529
MESOS-1564,0.035679
MESOS-1563,0.019871
MESOS-1562,0.016277
MESOS-1561,0.260201
MESOS-1560,0.048858
MESOS-1559,0.172172
MESOS-1558,0.058777
MESOS-1557,0.886027
MESOS-1556,0.897336
MESOS-1555,0.027585
MESOS-1554,0.980281
MESOS-1553,0.018833
MESOS-1552,0.133868
MESOS-1551,0.012432
MESOS-1550,0.044681
MESOS-1549,0.039343
MESOS-1548,0.031859
MESOS-1547,0.025371
MESOS-1546,0.923592
MESOS-1545,0.0341
MESOS-1544,0.028653
MESOS-1543,0.033086
MESOS-1542,0.011961
MESOS-1541,0.027169
MESOS-1540,0.031859
MESOS-1539,0.030215
MESOS-1538,0.035411
MESOS-1537,0.422981
MESOS-1536,0.029987
MESOS-1535,0.01292
MESOS-1534,0.034359
MESOS-1533,0.025179
MESOS-1532,0.013121
MESOS-1531,0.033337
MESOS-1530,0.65037
MESOS-1529,0.098425
MESOS-1528,0.897336
MESOS-1527,0.847463
MESOS-1526,0.037047
MESOS-1525,0.540924
MESOS-1524,0.962673
MESOS-1523,0.234582
MESOS-1522,0.019124
MESOS-1521,0.020177
MESOS-1520,0.018547
MESOS-1519,0.908618
MESOS-1518,0.820182
MESOS-1517,0.756358
MESOS-1516,0.03622
MESOS-1515,0.026964
MESOS-1514,0.037047
MESOS-1513,0.048858
MESOS-1512,0.017712
MESOS-1511,0.926304
MESOS-1510,0.821617
MESOS-1509,0.143908
MESOS-1508,0.116362
MESOS-1507,0.728941
MESOS-1506,0.133868
MESOS-1505,0.110856
MESOS-1504,0.011778
MESOS-1503,0.857768
MESOS-1502,0.763484
MESOS-1501,0.6787
MESOS-1500,0.020804
MESOS-1499,0.657009
MESOS-1498,0.766992
MESOS-1497,0.024054
MESOS-1496,0.02461
MESOS-1495,0.068787
MESOS-1494,0.010489
MESOS-1493,0.078078
MESOS-1492,0.208179
MESOS-1491,0.125493
MESOS-1490,0.017177
MESOS-1489,0.212722
MESOS-1488,0.0341
MESOS-1487,0.139866
MESOS-1486,0.854399
MESOS-1485,0.026964
MESOS-1484,0.939471
MESOS-1483,0.017045
MESOS-1482,0.027796
MESOS-1481,0.012821
MESOS-1480,0.695752
MESOS-1479,0.031144
MESOS-1478,0.573559
MESOS-1477,0.015544
MESOS-1476,0.551574
MESOS-1475,0.308659
MESOS-1474,0.959459
MESOS-1473,0.019569
MESOS-1472,0.045016
MESOS-1471,0.939025
MESOS-1470,0.426799
MESOS-1469,0.014392
MESOS-1468,0.016915
MESOS-1467,0.019719
MESOS-1466,0.031619
MESOS-1465,0.642517
MESOS-1464,0.015073
MESOS-1463,0.019271
MESOS-1462,0.07477
MESOS-1461,0.875787
MESOS-1460,0.018264
MESOS-1459,0.035948
MESOS-1458,0.311532
MESOS-1457,0.178669
MESOS-1456,0.072637
MESOS-1455,0.027585
MESOS-1454,0.056652
MESOS-1453,0.742048
MESOS-1452,0.735642
MESOS-1451,0.098425
MESOS-1450,0.792143
MESOS-1449,0.038756
MESOS-1448,0.027169
MESOS-1447,0.179818
MESOS-1446,0.95222
MESOS-1445,0.116764
MESOS-1444,0.057071
MESOS-1443,0.537527
MESOS-1442,0.033844
MESOS-1441,0.035948
MESOS-1440,0.356615
MESOS-1439,0.018125
MESOS-1438,0.027796
MESOS-1437,0.033844
MESOS-1436,0.036494
MESOS-1435,0.024054
MESOS-1434,0.040541
MESOS-1433,0.023509
MESOS-1432,0.048137
MESOS-1431,0.058993
MESOS-1430,0.020804
MESOS-1429,0.017177
MESOS-1428,0.031144
MESOS-1427,0.063482
MESOS-1426,0.200871
MESOS-1425,0.028221
MESOS-1424,0.201499
MESOS-1423,0.023509
MESOS-1422,0.033337
MESOS-1421,0.973645
MESOS-1420,0.114369
MESOS-1419,0.041153
MESOS-1418,0.060975
MESOS-1417,0.049589
MESOS-1416,0.019124
MESOS-1415,0.013223
MESOS-1414,0.038466
MESOS-1413,0.022977
MESOS-1412,0.032837
MESOS-1411,0.422743
MESOS-1410,0.246171
MESOS-1409,0.910863
MESOS-1408,0.07836
MESOS-1407,0.96641
MESOS-1406,0.007696
MESOS-1405,0.466846
MESOS-1404,0.038178
MESOS-1403,0.019871
MESOS-1402,0.022286
MESOS-1401,0.018125
MESOS-1400,0.027585
MESOS-1399,0.393968
MESOS-1398,0.178956
MESOS-1397,0.94079
MESOS-1396,0.117167
MESOS-1395,0.852445
MESOS-1394,0.166675
MESOS-1393,0.58818
MESOS-1392,0.011245
MESOS-1391,0.565299
MESOS-1390,0.603231
MESOS-1389,0.040541
MESOS-1388,0.032344
MESOS-1387,0.147065
MESOS-1386,0.536799
MESOS-1385,0.017849
MESOS-1384,0.962391
MESOS-1383,0.707708
MESOS-1382,0.158695
MESOS-1381,0.370453
MESOS-1380,0.060529
MESOS-1379,0.876634
MESOS-1378,0.022117
MESOS-1377,0.325655
MESOS-1376,0.026557
MESOS-1375,0.582372
MESOS-1374,0.257578
MESOS-1373,0.235108
MESOS-1372,0.041774
MESOS-1371,0.902266
MESOS-1370,0.018547
MESOS-1369,0.015785
MESOS-1368,0.016153
MESOS-1367,0.494141
MESOS-1366,0.7773
MESOS-1365,0.027585
MESOS-1364,0.043691
MESOS-1363,0.038756
MESOS-1362,0.028436
MESOS-1361,0.02976
MESOS-1360,0.795658
MESOS-1359,0.025957
MESOS-1358,0.112016
MESOS-1357,0.910545
MESOS-1356,0.030909
MESOS-1355,0.017577
MESOS-1354,0.020332
MESOS-1353,0.016277
MESOS-1352,0.025179
MESOS-1351,0.026355
MESOS-1350,0.781997
MESOS-1349,0.303732
MESOS-1348,0.033086
MESOS-1347,0.049589
MESOS-1346,0.108189
MESOS-1345,0.379378
MESOS-1344,0.301156
MESOS-1343,0.427755
MESOS-1342,0.954647
MESOS-1341,0.025371
MESOS-1340,0.069542
MESOS-1339,0.193147
MESOS-1338,0.011869
MESOS-1337,0.023331
MESOS-1336,0.036769
MESOS-1335,0.806853
MESOS-1334,0.957278
MESOS-1333,0.018689
MESOS-1332,0.37828
MESOS-1331,0.035679
MESOS-1330,0.984811
MESOS-1329,0.032837
MESOS-1328,0.061876
MESOS-1327,0.900879
MESOS-1326,0.296247
MESOS-1325,0.959459
MESOS-1324,0.752195
MESOS-1323,0.022977
MESOS-1322,0.847968
MESOS-1321,0.891811
MESOS-1320,0.768038
MESOS-1319,0.694303
MESOS-1318,0.034881
MESOS-1317,0.856332
MESOS-1316,0.666822
MESOS-1315,0.821044
MESOS-1314,0.659186
MESOS-1313,0.038756
MESOS-1312,0.167491
MESOS-1311,0.540439
MESOS-1310,0.028221
MESOS-1309,0.327883
MESOS-1308,0.312108
MESOS-1307,0.887984
MESOS-1306,0.985936
MESOS-1305,0.886813
MESOS-1304,0.616012
MESOS-1303,0.063948
MESOS-1302,0.031859
MESOS-1301,0.029091
MESOS-1300,0.033844
MESOS-1299,0.032344
MESOS-1298,0.031144
MESOS-1297,0.032837
MESOS-1296,0.033844
MESOS-1295,0.031144
MESOS-1294,0.029987
MESOS-1293,0.029091
MESOS-1292,0.033844
MESOS-1291,0.614972
MESOS-1290,0.041462
MESOS-1289,0.022457
MESOS-1288,0.051845
MESOS-1287,0.512205
MESOS-1286,0.841305
MESOS-1285,0.08389
MESOS-1284,0.068787
MESOS-1283,0.193147
MESOS-1282,0.774583
MESOS-1281,0.035679
MESOS-1280,0.167491
MESOS-1279,0.195287
MESOS-1278,0.910545
MESOS-1277,0.012054
MESOS-1276,0.114765
MESOS-1275,0.026355
MESOS-1274,0.440469
MESOS-1273,0.015073
MESOS-1272,0.127653
MESOS-1271,0.020177
MESOS-1270,0.605099
MESOS-1269,0.214691
MESOS-1268,0.010489
MESOS-1267,0.192843
MESOS-1266,0.015664
MESOS-1265,0.029091
MESOS-1264,0.038466
MESOS-1263,0.018547
MESOS-1262,0.017442
MESOS-1261,0.042404
MESOS-1260,0.051463
MESOS-1259,0.422028
MESOS-1258,0.022803
MESOS-1257,0.03259
MESOS-1256,0.939913
MESOS-1255,0.634713
MESOS-1254,0.462959
MESOS-1253,0.027376
MESOS-1252,0.267408
MESOS-1251,0.844922
MESOS-1250,0.011778
MESOS-1249,0.043366
MESOS-1248,0.780328
MESOS-1247,0.058993
MESOS-1246,0.479991
MESOS-1245,0.037327
MESOS-1244,0.048496
MESOS-1243,0.267217
MESOS-1242,0.041774
MESOS-1241,0.037892
MESOS-1240,0.207536
MESOS-1239,0.025565
MESOS-1238,0.057071
MESOS-1237,0.098079
MESOS-1236,0.457864
MESOS-1235,0.007012
MESOS-1234,0.19498
MESOS-1233,0.451085
MESOS-1232,0.040846
MESOS-1231,0.021615
MESOS-1230,0.040846
MESOS-1229,0.044681
MESOS-1228,0.950411
MESOS-1227,0.03138
MESOS-1226,0.366023
MESOS-1225,0.887984
MESOS-1224,0.980281
MESOS-1223,0.203391
MESOS-1222,0.031859
MESOS-1221,0.063482
MESOS-1220,0.022977
MESOS-1219,0.112795
MESOS-1218,0.71423
MESOS-1217,0.371792
MESOS-1216,0.031859
MESOS-1215,0.170508
MESOS-1214,0.021287
MESOS-1213,0.118385
MESOS-1212,0.767341
MESOS-1211,0.074231
MESOS-1210,0.031619
MESOS-1209,0.013849
MESOS-1208,0.022457
MESOS-1207,0.093017
MESOS-1206,0.049589
MESOS-1205,0.264738
MESOS-1204,0.050705
MESOS-1203,0.888759
MESOS-1202,0.073165
MESOS-1201,0.057071
MESOS-1200,0.242744
MESOS-1199,0.268366
MESOS-1198,0.49707
MESOS-1197,0.867934
MESOS-1196,0.272411
MESOS-1195,0.020332
MESOS-1194,0.017577
MESOS-1193,0.012821
MESOS-1192,0.016029
MESOS-1191,0.045692
MESOS-1190,0.028221
MESOS-1189,0.044349
MESOS-1188,0.704567
MESOS-1187,0.021287
MESOS-1186,0.030444
MESOS-1185,0.877477
MESOS-1184,0.359252
MESOS-1183,0.256832
MESOS-1182,0.197444
MESOS-1181,0.141281
MESOS-1180,0.016403
MESOS-1179,0.108566
MESOS-1178,0.035679
MESOS-1177,0.020964
MESOS-1176,0.017986
MESOS-1175,0.0729
MESOS-1174,0.039937
MESOS-1173,0.031619
MESOS-1172,0.042404
MESOS-1171,0.04778
MESOS-1170,0.048858
MESOS-1169,0.039639
MESOS-1168,0.046725
MESOS-1167,0.039048
MESOS-1166,0.793426
MESOS-1165,0.035948
MESOS-1164,0.018405
MESOS-1163,0.014616
MESOS-1162,0.854399
MESOS-1161,0.039048
MESOS-1160,0.269999
MESOS-1159,0.811676
MESOS-1158,0.018125
MESOS-1157,0.010653
MESOS-1156,0.021451
MESOS-1155,0.718989
MESOS-1154,0.013428
MESOS-1153,0.024988
MESOS-1152,0.027796
MESOS-1151,0.330674
MESOS-1150,0.039048
MESOS-1149,0.026759
MESOS-1148,0.663451
MESOS-1147,0.146575
MESOS-1146,0.458834
MESOS-1145,0.321673
MESOS-1144,0.985936
MESOS-1143,0.078926
MESOS-1142,0.291687
MESOS-1141,0.251832
MESOS-1140,0.954308
MESOS-1139,0.869715
MESOS-1138,0.719581
MESOS-1137,0.119203
MESOS-1136,0.928409
MESOS-1135,0.052619
MESOS-1134,0.030444
MESOS-1133,0.101233
MESOS-1132,0.102305
MESOS-1131,0.83762
MESOS-1130,0.590307
MESOS-1129,0.024423
MESOS-1128,0.028221
MESOS-1127,0.983085
MESOS-1126,0.048137
MESOS-1125,0.13569
MESOS-1124,0.014282
MESOS-1123,0.197444
MESOS-1122,0.460046
MESOS-1121,0.03138
MESOS-1120,0.950041
MESOS-1119,0.050331
MESOS-1118,0.166675
MESOS-1117,0.938124
MESOS-1116,0.914901
MESOS-1115,0.016029
MESOS-1114,0.179243
MESOS-1113,0.949295
MESOS-1112,0.948917
MESOS-1111,0.191026
MESOS-1110,0.149035
MESOS-1109,0.433502
MESOS-1108,0.104477
MESOS-1107,0.140808
MESOS-1106,0.150029
MESOS-1105,0.304765
MESOS-1104,0.28398
MESOS-1103,0.257392
MESOS-1102,0.948537
MESOS-1101,0.015189
MESOS-1100,0.026156
MESOS-1099,0.037047
MESOS-1098,0.023689
MESOS-1097,0.023509
MESOS-1096,0.34563
MESOS-1095,0.017712
MESOS-1094,0.977543
MESOS-1093,0.016785
MESOS-1092,0.033086
MESOS-1091,0.047426
MESOS-1090,0.015664
MESOS-1089,0.035948
MESOS-1088,0.038178
MESOS-1087,0.57081
MESOS-1086,0.134776
MESOS-1085,0.024988
MESOS-1084,0.079496
MESOS-1083,0.021948
MESOS-1082,0.025565
MESOS-1081,0.080647
MESOS-1080,0.028221
MESOS-1079,0.013325
MESOS-1078,0.023509
MESOS-1077,0.035145
MESOS-1076,0.61503
MESOS-1075,0.02461
MESOS-1074,0.049222
MESOS-1073,0.31363
MESOS-1072,0.054199
MESOS-1071,0.938576
MESOS-1070,0.68637
MESOS-1069,0.410402
MESOS-1068,0.108945
MESOS-1067,0.020489
MESOS-1066,0.140336
MESOS-1065,0.110856
MESOS-1064,0.180107
MESOS-1063,0.018264
MESOS-1062,0.027376
MESOS-1061,0.018547
MESOS-1060,0.67971
MESOS-1059,0.756358
MESOS-1058,0.040238
MESOS-1057,0.854399
MESOS-1056,0.086632
MESOS-1055,0.448668
MESOS-1054,0.013121
MESOS-1053,0.019271
MESOS-1052,0.189221
MESOS-1051,0.026759
MESOS-1050,0.023331
MESOS-1049,0.016403
MESOS-1048,0.01302
MESOS-1047,0.057071
MESOS-1046,0.558086
MESOS-1045,0.024798
MESOS-1044,0.662796
MESOS-1043,0.055209
MESOS-1042,0.022286
MESOS-1041,0.165323
MESOS-1040,0.070049
MESOS-1039,0.496094
MESOS-1038,0.039343
MESOS-1037,0.009486
MESOS-1036,0.974435
MESOS-1035,0.032101
MESOS-1034,0.16132
MESOS-1033,0.476092
MESOS-1032,0.02976
MESOS-1031,0.938124
MESOS-1030,0.022977
MESOS-1029,0.014957
MESOS-1028,0.947769
MESOS-1027,0.958226
MESOS-1026,0.813461
MESOS-1025,0.012054
MESOS-1024,0.057071
MESOS-1023,0.037892
MESOS-1022,0.773216
MESOS-1021,0.164248
MESOS-1020,0.036769
MESOS-1019,0.050331
MESOS-1018,0.957912
MESOS-1017,0.832781
MESOS-1016,0.832781
MESOS-1015,0.209793
MESOS-1014,0.015425
MESOS-1013,0.037047
MESOS-1012,0.025179
MESOS-1011,0.020177
MESOS-1010,0.034881
MESOS-1009,0.017309
MESOS-1008,0.812867
MESOS-1007,0.03622
MESOS-1006,0.011597
MESOS-1005,0.632673
MESOS-1004,0.793426
MESOS-1003,0.05921
MESOS-1002,0.093017
MESOS-1001,0.017309
MESOS-1000,0.041462
MESOS-999,0.063251
MESOS-998,0.031859
MESOS-997,0.158695
MESOS-996,0.945399
MESOS-995,0.550124
MESOS-994,0.411347
MESOS-993,0.022803
MESOS-992,0.022803
MESOS-991,0.015425
MESOS-990,0.177526
MESOS-989,0.028871
MESOS-988,0.054601
MESOS-987,0.867485
MESOS-986,0.843895
MESOS-985,0.028653
MESOS-984,0.666388
MESOS-983,0.483405
MESOS-982,0.826712
MESOS-981,0.934873
MESOS-980,0.867036
MESOS-979,0.010408
MESOS-978,0.014957
MESOS-977,0.018125
MESOS-976,0.022117
MESOS-975,0.142232
MESOS-974,0.071074
MESOS-973,0.009055
MESOS-972,0.016915
MESOS-971,0.861072
MESOS-970,0.222025
MESOS-969,0.023689
MESOS-968,0.010489
MESOS-967,0.014729
MESOS-966,0.012147
MESOS-965,0.014172
MESOS-964,0.159741
MESOS-963,0.01653
MESOS-962,0.143668
MESOS-961,0.145115
MESOS-960,0.023509
MESOS-959,0.17245
MESOS-958,0.017986
MESOS-957,0.056862
MESOS-956,0.964321
MESOS-955,0.919643
MESOS-954,0.040541
MESOS-953,0.019569
MESOS-952,0.031144
MESOS-951,0.016785
MESOS-950,0.698432
MESOS-949,0.025565
MESOS-948,0.853425
MESOS-947,0.042722
MESOS-946,0.039343
MESOS-945,0.151529
MESOS-944,0.012625
MESOS-943,0.96862
MESOS-942,0.018125
MESOS-941,0.027585
MESOS-940,0.035948
MESOS-939,0.047426
MESOS-938,0.826712
MESOS-937,0.047074
MESOS-936,0.038178
MESOS-935,0.02976
MESOS-934,0.021781
MESOS-933,0.021451
MESOS-932,0.014504
MESOS-931,0.028653
MESOS-930,0.958847
MESOS-929,0.134776
MESOS-928,0.025371
MESOS-927,0.027376
MESOS-926,0.781331
MESOS-925,0.022803
MESOS-924,0.137532
MESOS-923,0.980876
MESOS-922,0.969556
MESOS-921,0.975202
MESOS-920,0.125923
MESOS-919,0.314998
MESOS-918,0.866585
MESOS-917,0.101233
MESOS-916,0.023871
MESOS-915,0.206574
MESOS-914,0.031144
MESOS-913,0.014729
MESOS-912,0.023509
MESOS-911,0.769427
MESOS-910,0.924688
MESOS-909,0.028871
MESOS-908,0.037047
MESOS-907,0.661923
MESOS-906,0.025371
MESOS-905,0.102664
MESOS-904,0.029091
MESOS-903,0.69946
MESOS-902,0.050705
MESOS-901,0.023331
MESOS-900,0.766643
MESOS-899,0.018264
MESOS-898,0.982557
MESOS-897,0.037327
MESOS-896,0.405331
MESOS-895,0.078926
MESOS-894,0.099121
MESOS-893,0.016915
MESOS-892,0.123366
MESOS-891,0.030215
MESOS-890,0.944587
MESOS-889,0.017849
MESOS-888,0.892187
MESOS-887,0.612773
MESOS-886,0.055823
MESOS-885,0.948537
MESOS-884,0.041774
MESOS-883,0.029987
MESOS-882,0.038756
MESOS-881,0.743168
MESOS-880,0.061876
MESOS-879,0.013956
MESOS-878,0.043366
MESOS-877,0.057918
MESOS-876,0.973645
MESOS-875,0.037609
MESOS-874,0.067793
MESOS-873,0.015073
MESOS-872,0.015906
MESOS-871,0.016657
MESOS-870,0.032837
MESOS-869,0.033086
MESOS-868,0.040846
MESOS-867,0.021948
MESOS-866,0.007012
MESOS-865,0.024798
MESOS-864,0.974435
MESOS-863,0.19163
MESOS-862,0.956957
MESOS-861,0.017045
MESOS-860,0.321673
MESOS-859,0.032344
MESOS-858,0.046725
MESOS-857,0.958538
MESOS-856,0.02461
MESOS-855,0.927888
MESOS-854,0.019124
MESOS-853,0.248534
MESOS-852,0.020804
MESOS-851,0.06804
MESOS-850,0.034881
MESOS-849,0.435421
MESOS-848,0.019719
MESOS-847,0.134776
MESOS-846,0.028871
MESOS-845,0.571288
MESOS-844,0.020646
MESOS-843,0.093017
MESOS-842,0.013428
MESOS-841,0.067793
MESOS-840,0.023509
MESOS-839,0.014842
MESOS-838,0.110471
MESOS-837,0.021287
MESOS-836,0.084795
MESOS-835,0.332852
MESOS-834,0.055618
MESOS-833,0.903294
MESOS-832,0.069542
MESOS-831,0.018833
MESOS-830,0.03138
MESOS-829,0.974629
MESOS-828,0.038466
MESOS-827,0.129843
MESOS-826,0.021615
MESOS-825,0.014064
MESOS-824,0.169131
MESOS-823,0.046725
MESOS-822,0.016403
MESOS-821,0.020177
MESOS-820,0.028653
MESOS-819,0.023689
MESOS-818,0.227126
MESOS-817,0.007012
MESOS-816,0.974043
MESOS-815,0.037327
MESOS-814,0.268941
MESOS-813,0.907312
MESOS-812,0.020489
MESOS-811,0.03359
MESOS-810,0.968381
MESOS-809,0.831691
MESOS-808,0.950411
MESOS-807,0.027169
MESOS-806,0.252568
MESOS-805,0.435902
MESOS-804,0.124213
MESOS-803,0.912124
MESOS-802,0.048858
MESOS-801,0.021451
MESOS-800,0.018547
MESOS-799,0.039639
MESOS-798,0.010818
MESOS-797,0.179818
MESOS-796,0.708515
MESOS-795,0.011778
MESOS-794,0.014957
MESOS-793,0.022286
MESOS-792,0.035411
MESOS-791,0.023331
MESOS-790,0.135232
MESOS-789,0.0341
MESOS-788,0.019271
MESOS-787,0.020964
MESOS-786,0.096365
MESOS-785,0.939913
MESOS-784,0.049959
MESOS-783,0.035411
MESOS-782,0.019719
MESOS-781,0.032837
MESOS-780,0.939913
MESOS-779,0.021615
MESOS-778,0.023509
MESOS-777,0.026355
MESOS-776,0.013223
MESOS-775,0.045016
MESOS-774,0.024423
MESOS-773,0.024054
MESOS-772,0.045016
MESOS-771,0.024054
MESOS-770,0.773559
MESOS-769,0.446012
MESOS-768,0.884838
MESOS-767,0.050705
MESOS-766,0.019271
MESOS-765,0.776962
MESOS-764,0.985718
MESOS-763,0.232833
MESOS-762,0.064418
MESOS-761,0.098079
MESOS-760,0.242744
MESOS-759,0.022457
MESOS-758,0.028871
MESOS-757,0.013849
MESOS-756,0.393094
MESOS-755,0.070049
MESOS-754,0.018405
MESOS-753,0.694924
MESOS-752,0.013223
MESOS-751,0.679817
MESOS-750,0.945399
MESOS-749,0.961822
MESOS-748,0.30819
MESOS-747,0.014282
MESOS-746,0.013956
MESOS-745,0.020177
MESOS-744,0.943764
MESOS-743,0.039343
MESOS-742,0.021615
MESOS-741,0.660364
MESOS-740,0.979036
MESOS-739,0.976129
MESOS-738,0.026557
MESOS-737,0.024423
MESOS-736,0.2227
MESOS-735,0.021451
MESOS-734,0.021615
MESOS-733,0.049959
MESOS-732,0.06256
MESOS-731,0.017712
MESOS-730,0.027169
MESOS-729,0.02461
MESOS-728,0.41324
MESOS-727,0.977197
MESOS-726,0.011778
MESOS-725,0.029987
MESOS-724,0.012528
MESOS-723,0.234757
MESOS-722,0.880797
MESOS-721,0.120853
MESOS-720,0.156878
MESOS-719,0.016785
MESOS-718,0.029312
MESOS-717,0.018978
MESOS-716,0.044349
MESOS-715,0.704973
MESOS-714,0.035411
MESOS-713,0.61057
MESOS-712,0.006798
MESOS-711,0.027585
MESOS-710,0.019124
MESOS-709,0.015906
MESOS-708,0.191933
MESOS-707,0.043691
MESOS-706,0.109706
MESOS-705,0.237576
MESOS-704,0.404272
MESOS-703,0.233357
MESOS-702,0.006488
MESOS-701,0.341226
MESOS-700,0.93196
MESOS-699,0.021781
MESOS-698,0.544075
MESOS-697,0.740737
MESOS-696,0.011687
MESOS-695,0.962108
MESOS-694,0.036769
MESOS-693,0.226441
MESOS-692,0.2304
MESOS-691,0.028008
MESOS-690,0.029091
MESOS-689,0.033086
MESOS-688,0.022117
MESOS-687,0.895523
MESOS-686,0.052231
MESOS-685,0.045016
MESOS-684,0.086942
MESOS-683,0.654784
MESOS-682,0.045016
MESOS-681,0.873647
MESOS-680,0.021125
MESOS-679,0.018833
MESOS-678,0.020177
MESOS-677,0.458591
MESOS-676,0.014729
MESOS-675,0.029091
MESOS-674,0.685002
MESOS-673,0.025761
MESOS-672,0.188324
MESOS-671,0.02461
MESOS-670,0.022803
MESOS-669,0.026759
MESOS-668,0.042404
MESOS-667,0.031859
MESOS-666,0.328395
MESOS-665,0.03622
MESOS-664,0.025179
MESOS-663,0.169406
MESOS-662,0.022286
MESOS-661,0.018405
MESOS-660,0.883236
MESOS-659,0.028436
MESOS-658,0.046034
MESOS-657,0.020023
MESOS-655,0.027585
MESOS-654,0.056444
MESOS-653,0.019569
MESOS-652,0.016153
MESOS-651,0.862468
MESOS-650,0.013223
MESOS-649,0.450359
MESOS-648,0.025565
MESOS-647,0.240775
MESOS-646,0.028653
MESOS-645,0.069542
MESOS-644,0.039343
MESOS-643,0.782995
MESOS-642,0.027796
MESOS-641,0.009268
MESOS-640,0.022286
MESOS-639,0.0341
MESOS-638,0.043691
MESOS-637,0.027585
MESOS-636,0.03259
MESOS-635,0.015189
MESOS-634,0.304145
MESOS-633,0.055413
MESOS-632,0.050705
MESOS-631,0.029312
MESOS-630,0.042088
MESOS-629,0.277277
MESOS-628,0.027376
MESOS-627,0.024423
MESOS-626,0.84338
MESOS-625,0.018689
MESOS-624,0.020964
MESOS-623,0.042088
MESOS-622,0.019419
MESOS-621,0.056862
MESOS-620,0.7237
MESOS-619,0.030215
MESOS-618,0.891811
MESOS-617,0.014504
MESOS-616,0.051083
MESOS-615,0.024238
MESOS-614,0.039639
MESOS-613,0.177241
MESOS-612,0.028653
MESOS-611,0.129403
MESOS-610,0.468061
MESOS-609,0.020489
MESOS-608,0.758511
MESOS-607,0.038466
MESOS-606,0.025565
MESOS-605,0.019124
MESOS-604,0.023689
MESOS-603,0.309441
MESOS-602,0.540924
MESOS-601,0.951863
MESOS-600,0.919063
MESOS-599,0.027376
MESOS-598,0.023331
MESOS-597,0.046378
MESOS-596,0.095687
MESOS-595,0.03259
MESOS-594,0.038466
MESOS-593,0.034359
MESOS-592,0.040238
MESOS-591,0.010818
MESOS-590,0.296349
MESOS-589,0.553988
MESOS-588,0.696578
MESOS-587,0.017849
MESOS-586,0.055005
MESOS-585,0.149035
MESOS-584,0.436382
MESOS-583,0.015906
MESOS-582,0.015785
MESOS-581,0.197444
MESOS-580,0.850469
MESOS-579,0.923592
MESOS-578,0.014616
MESOS-577,0.033086
MESOS-576,0.027169
MESOS-575,0.043366
MESOS-574,0.036494
MESOS-573,0.044681
MESOS-572,0.374905
MESOS-571,0.025957
MESOS-570,0.021948
MESOS-569,0.923592
MESOS-568,0.037609
MESOS-567,0.037327
MESOS-566,0.049959
MESOS-565,0.028008
MESOS-564,0.643243
MESOS-563,0.032837
MESOS-562,0.025761
MESOS-561,0.078926
MESOS-560,0.018689
MESOS-559,0.833325
MESOS-558,0.330579
MESOS-557,0.17441
MESOS-556,0.732592
MESOS-555,0.538255
MESOS-554,0.547222
MESOS-553,0.917893
MESOS-552,0.474631
MESOS-551,0.804406
MESOS-550,0.048858
MESOS-549,0.010091
MESOS-548,0.054199
MESOS-547,0.041462
MESOS-546,0.020023
MESOS-545,0.027376
MESOS-544,0.855369
MESOS-543,0.795022
MESOS-542,0.935346
MESOS-541,0.025957
MESOS-540,0.896614
MESOS-539,0.782995
MESOS-538,0.093678
MESOS-537,0.016785
MESOS-536,0.013428
MESOS-535,0.030909
MESOS-534,0.019124
MESOS-533,0.050331
MESOS-532,0.889144
MESOS-531,0.021781
MESOS-530,0.03138
MESOS-529,0.193757
MESOS-528,0.754915
MESOS-527,0.083591
MESOS-526,0.111628
MESOS-525,0.057918
MESOS-524,0.032344
MESOS-523,0.923592
MESOS-522,0.018833
MESOS-521,0.027585
MESOS-520,0.019719
MESOS-519,0.600891
MESOS-518,0.221687
MESOS-517,0.104843
MESOS-516,0.024423
MESOS-515,0.016029
MESOS-514,0.030909
MESOS-513,0.031619
MESOS-512,0.010489
MESOS-511,0.140808
MESOS-510,0.034619
MESOS-509,0.698844
MESOS-508,0.014172
MESOS-507,0.046378
MESOS-506,0.879147
MESOS-505,0.086323
MESOS-504,0.032344
MESOS-503,0.237222
MESOS-502,0.017309
MESOS-501,0.018547
MESOS-500,0.067056
MESOS-499,0.020332
MESOS-498,0.010987
MESOS-497,0.022286
MESOS-496,0.953275
MESOS-495,0.897695
MESOS-494,0.453504
MESOS-493,0.096025
MESOS-492,0.057705
MESOS-491,0.073165
MESOS-490,0.061876
MESOS-489,0.128088
MESOS-488,0.027585
MESOS-487,0.020964
MESOS-486,0.033337
MESOS-485,0.016403
MESOS-484,0.017849
MESOS-483,0.075041
MESOS-482,0.03259
MESOS-481,0.040238
MESOS-480,0.029987
MESOS-479,0.019419
MESOS-478,0.015664
MESOS-477,0.021451
MESOS-476,0.032837
MESOS-475,0.031619
MESOS-474,0.018125
MESOS-473,0.015073
MESOS-472,0.775605
MESOS-471,0.19163
MESOS-470,0.741674
MESOS-469,0.05301
MESOS-468,0.062103
MESOS-467,0.022117
MESOS-466,0.030676
MESOS-465,0.011961
MESOS-464,0.009268
MESOS-463,0.014392
MESOS-462,0.025761
MESOS-461,0.015189
MESOS-460,0.017045
MESOS-459,0.023689
MESOS-458,0.286169
MESOS-457,0.021125
MESOS-456,0.018978
MESOS-455,0.015073
MESOS-454,0.021781
MESOS-453,0.032344
MESOS-452,0.635576
MESOS-451,0.095349
MESOS-450,0.027796
MESOS-449,0.010987
MESOS-448,0.019271
MESOS-447,0.040238
MESOS-446,0.026355
MESOS-445,0.047426
MESOS-444,0.403802
MESOS-443,0.209793
MESOS-442,0.028008
MESOS-441,0.018978
MESOS-440,0.047074
MESOS-439,0.025371
MESOS-438,0.035145
MESOS-437,0.029535
MESOS-436,0.026964
MESOS-435,0.030909
MESOS-434,0.027376
MESOS-433,0.81582
MESOS-432,0.859192
MESOS-431,0.668583
MESOS-430,0.208824
MESOS-429,0.057918
MESOS-428,0.973037
MESOS-427,0.569134
MESOS-426,0.0538
MESOS-425,0.948537
MESOS-424,0.01653
MESOS-423,0.034359
MESOS-422,0.08152
MESOS-421,0.017177
MESOS-420,0.014729
MESOS-419,0.033086
MESOS-418,0.920218
MESOS-417,0.029091
MESOS-416,0.216674
MESOS-415,0.049222
MESOS-414,0.013325
MESOS-413,0.036769
MESOS-412,0.024798
MESOS-411,0.017577
MESOS-410,0.030676
MESOS-409,0.32461
MESOS-408,0.017849
MESOS-407,0.03359
MESOS-406,0.020023
MESOS-405,0.020489
MESOS-404,0.01057
MESOS-403,0.017986
MESOS-402,0.017849
MESOS-401,0.021451
MESOS-400,0.040846
MESOS-399,0.01302
MESOS-398,0.050705
MESOS-397,0.214034
MESOS-396,0.035145
MESOS-395,0.068289
MESOS-394,0.090093
MESOS-393,0.027585
MESOS-392,0.022117
MESOS-391,0.012432
MESOS-390,0.309232
MESOS-389,0.142709
MESOS-388,0.012528
MESOS-387,0.037327
MESOS-386,0.011597
MESOS-385,0.020023
MESOS-384,0.027796
MESOS-383,0.013532
MESOS-382,0.025179
MESOS-381,0.012147
MESOS-380,0.035411
MESOS-379,0.009413
MESOS-378,0.018978
MESOS-377,0.009055
MESOS-376,0.033337
MESOS-375,0.027376
MESOS-374,0.009708
MESOS-373,0.161849
MESOS-372,0.01302
MESOS-371,0.326755
MESOS-370,0.093017
MESOS-369,0.009559
MESOS-368,0.019419
MESOS-367,0.009055
MESOS-366,0.017986
MESOS-365,0.01653
MESOS-364,0.010735
MESOS-363,0.313157
MESOS-362,0.035145
MESOS-361,0.028221
MESOS-360,0.23793
MESOS-359,0.854399
MESOS-358,0.101947
MESOS-357,0.109325
MESOS-356,0.939471
MESOS-355,0.95222
MESOS-354,0.562177
MESOS-353,0.017177
MESOS-352,0.011158
MESOS-351,0.031619
MESOS-350,0.746878
MESOS-349,0.597725
MESOS-348,0.046034
MESOS-347,0.020332
MESOS-346,0.129843
MESOS-345,0.188026
MESOS-344,0.010818
MESOS-343,0.876634
MESOS-342,0.854399
MESOS-341,0.030215
MESOS-340,0.019569
MESOS-339,0.007938
MESOS-338,0.106319
MESOS-337,0.423696
MESOS-336,0.959154
MESOS-335,0.013223
MESOS-334,0.027376
MESOS-333,0.025761
MESOS-332,0.045016
MESOS-331,0.106691
MESOS-330,0.680029
MESOS-329,0.133868
MESOS-328,0.040238
MESOS-327,0.735262
MESOS-326,0.017849
MESOS-325,0.008316
MESOS-324,0.775605
MESOS-323,0.639863
MESOS-322,0.253676
MESOS-321,0.021125
MESOS-320,0.770465
MESOS-319,0.050705
MESOS-318,0.013532
MESOS-317,0.025565
MESOS-315,0.598782
MESOS-314,0.882833
MESOS-313,0.794704
MESOS-312,0.038466
MESOS-311,0.040846
MESOS-310,0.045692
MESOS-309,0.027796
MESOS-308,0.23231
MESOS-307,0.014842
MESOS-306,0.011508
MESOS-305,0.916708
MESOS-304,0.049959
MESOS-303,0.020332
MESOS-302,0.037609
MESOS-301,0.020646
MESOS-300,0.021287
MESOS-299,0.024054
MESOS-298,0.035411
MESOS-297,0.096025
MESOS-296,0.125065
MESOS-295,0.83762
MESOS-294,0.364099
MESOS-293,0.076961
MESOS-292,0.49707
MESOS-291,0.017177
MESOS-290,0.01302
MESOS-289,0.019271
MESOS-288,0.020332
MESOS-287,0.845942
MESOS-286,0.01142
MESOS-285,0.0341
MESOS-284,0.047426
MESOS-283,0.82559
MESOS-282,0.541894
MESOS-281,0.419648
MESOS-280,0.033844
MESOS-279,0.118385
MESOS-278,0.013223
MESOS-277,0.051845
MESOS-276,0.01292
MESOS-275,0.753467
MESOS-274,0.14978
MESOS-273,0.903975
MESOS-272,0.637681
MESOS-271,0.043366
MESOS-270,0.020489
MESOS-269,0.64131
MESOS-268,0.029535
MESOS-267,0.028221
MESOS-266,0.029987
MESOS-265,0.032101
MESOS-264,0.011961
MESOS-263,0.039937
MESOS-262,0.061424
MESOS-261,0.038756
MESOS-260,0.332635
MESOS-259,0.715026
MESOS-258,0.041462
MESOS-257,0.024798
MESOS-256,0.444083
MESOS-255,0.869271
MESOS-254,0.499512
MESOS-253,0.077518
MESOS-252,0.899828
MESOS-251,0.031619
MESOS-250,0.029091
MESOS-249,0.029535
MESOS-248,0.014282
MESOS-247,0.018405
MESOS-246,0.016277
MESOS-245,0.033844
MESOS-244,0.025371
MESOS-243,0.021948
MESOS-242,0.481454
MESOS-241,0.008644
MESOS-240,0.00934
MESOS-239,0.017177
MESOS-238,0.011332
MESOS-237,0.224055
MESOS-236,0.035411
MESOS-235,0.063482
MESOS-234,0.710025
MESOS-233,0.016277
MESOS-232,0.021781
MESOS-231,0.058132
MESOS-230,0.051083
MESOS-229,0.022457
MESOS-228,0.034359
MESOS-227,0.042088
MESOS-226,0.082697
MESOS-225,0.015906
MESOS-224,0.041462
MESOS-223,0.033086
MESOS-222,0.040541
MESOS-221,0.892937
MESOS-220,0.014616
MESOS-219,0.011508
MESOS-218,0.02461
MESOS-217,0.027796
MESOS-216,0.023509
MESOS-215,0.037892
MESOS-214,0.038178
MESOS-213,0.019124
MESOS-212,0.125493
MESOS-211,0.039048
MESOS-210,0.013325
MESOS-209,0.050705
MESOS-208,0.210442
MESOS-207,0.818156
MESOS-206,0.016657
MESOS-205,0.021615
MESOS-204,0.958538
MESOS-203,0.487307
MESOS-202,0.03259
MESOS-201,0.034619
MESOS-200,0.055413
MESOS-199,0.033844
MESOS-198,0.013956
MESOS-197,0.827828
MESOS-196,0.262653
MESOS-195,0.036494
MESOS-194,0.636918
MESOS-193,0.953966
MESOS-192,0.013637
MESOS-191,0.964855
MESOS-190,0.033086
MESOS-189,0.107063
MESOS-188,0.044349
MESOS-187,0.019124
MESOS-186,0.811974
MESOS-185,0.075312
MESOS-184,0.095687
MESOS-183,0.018833
MESOS-182,0.09236
MESOS-181,0.470737
MESOS-180,0.346261
MESOS-179,0.125493
MESOS-178,0.015306
MESOS-177,0.222362
MESOS-176,0.020646
MESOS-175,0.037327
MESOS-174,0.257205
MESOS-173,0.029091
MESOS-172,0.028436
MESOS-171,0.691497
MESOS-170,0.310067
MESOS-169,0.370225
MESOS-168,0.046034
MESOS-167,0.960657
MESOS-166,0.026964
MESOS-165,0.020489
MESOS-164,0.026557
MESOS-163,0.023871
MESOS-162,0.016915
MESOS-161,0.130285
MESOS-160,0.035411
MESOS-159,0.037609
MESOS-158,0.854885
MESOS-157,0.019419
MESOS-156,0.979036
MESOS-155,0.799755
MESOS-154,0.590543
MESOS-153,0.023689
MESOS-152,0.049222
MESOS-151,0.014172
MESOS-150,0.91611
MESOS-149,0.981736
MESOS-148,0.01292
MESOS-147,0.022117
MESOS-146,0.140808
MESOS-145,0.019271
MESOS-144,0.674694
MESOS-143,0.794704
MESOS-142,0.075041
MESOS-141,0.021287
MESOS-140,0.108566
MESOS-139,0.037327
MESOS-138,0.012821
MESOS-137,0.015785
MESOS-136,0.052231
MESOS-135,0.155591
MESOS-134,0.233357
MESOS-133,0.661814
MESOS-132,0.027169
MESOS-131,0.019419
MESOS-130,0.026964
MESOS-129,0.024798
MESOS-128,0.0341
MESOS-127,0.027376
MESOS-126,0.01302
MESOS-125,0.030909
MESOS-124,0.07477
MESOS-123,0.538255
MESOS-122,0.032837
MESOS-121,0.16132
MESOS-120,0.015544
MESOS-119,0.026759
MESOS-118,0.110088
MESOS-117,0.233532
MESOS-116,0.294824
MESOS-115,0.201185
MESOS-114,0.084493
MESOS-113,0.675978
MESOS-112,0.117978
MESOS-111,0.193452
MESOS-110,0.395368
MESOS-109,0.072112
MESOS-108,0.940353
MESOS-107,0.081228
MESOS-106,0.217005
MESOS-105,0.737158
MESOS-104,0.100879
MESOS-103,0.016657
MESOS-102,0.913058
MESOS-101,0.92944
MESOS-100,0.021615
MESOS-99,0.057918
MESOS-98,0.155848
MESOS-97,0.042088
MESOS-96,0.55447
MESOS-95,0.096706
MESOS-94,0.816991
MESOS-93,0.33158
MESOS-92,0.091058
MESOS-91,0.144631
MESOS-90,0.467332
MESOS-89,0.206894
MESOS-88,0.596257
MESOS-87,0.035411
MESOS-86,0.849472
MESOS-85,0.915507
MESOS-84,0.02461
MESOS-83,0.047426
MESOS-82,0.05301
MESOS-81,0.045692
MESOS-80,0.427755
MESOS-79,0.044019
MESOS-78,0.028436
MESOS-77,0.029987
MESOS-76,0.026355
MESOS-75,0.295128
MESOS-74,0.124639
MESOS-73,0.09401
MESOS-72,0.180684
MESOS-71,0.272411
MESOS-70,0.252016
MESOS-69,0.269326
MESOS-68,0.008847
MESOS-67,0.077797
MESOS-66,0.054601
MESOS-65,0.782663
MESOS-64,0.043366
MESOS-63,0.010249
MESOS-62,0.240775
MESOS-61,0.026964
MESOS-60,0.572364
MESOS-59,0.043691
MESOS-58,0.92079
MESOS-57,0.42179
MESOS-56,0.027169
MESOS-55,0.014392
MESOS-54,0.037609
MESOS-53,0.047074
MESOS-52,0.92944
MESOS-51,0.906983
MESOS-50,0.036769
MESOS-49,0.252016
MESOS-48,0.039937
MESOS-47,0.860134
MESOS-46,0.737914
MESOS-45,0.966914
MESOS-44,0.036494
MESOS-43,0.816991
MESOS-42,0.011961
MESOS-41,0.115961
MESOS-40,0.009413
MESOS-39,0.060752
MESOS-38,0.933915
MESOS-37,0.01057
MESOS-36,0.024423
MESOS-35,0.025371
MESOS-34,0.014504
MESOS-33,0.028436
MESOS-32,0.016029
MESOS-31,0.131619
MESOS-30,0.753104
MESOS-29,0.170784
MESOS-28,0.105579
MESOS-27,0.009486
MESOS-26,0.187133
MESOS-25,0.018125
MESOS-24,0.016277
MESOS-23,0.012241
MESOS-22,0.024238
MESOS-21,0.408041
MESOS-20,0.044681
MESOS-19,0.57069
MESOS-18,0.038178
MESOS-17,0.019569
MESOS-16,0.02461
MESOS-15,0.125065
MESOS-14,0.046034
MESOS-13,0.889144
MESOS-12,0.027169
MESOS-11,0.303422
MESOS-10,0.285173
MESOS-9,0.517327
MESOS-8,0.880386
MESOS-7,0.08819
MESOS-6,0.097734
MESOS-5,0.959459
MESOS-4,0.403919
MESOS-3,0.894052
MESOS-2,0.865679
MESOS-1,0.684053
