issue_key,prob_design
MULE-18479,0.224225
MULE-18334,0.90261
MULE-18312,0.0729
MULE-17646,0.028871
MULE-16743,0.264643
MULE-16680,0.221351
MULE-16654,0.581065
MULE-16176,0.689619
MULE-16175,0.735452
MULE-15290,0.781664
MULE-14856,0.054199
MULE-14855,0.078642
MULE-14854,0.063251
MULE-14853,0.061424
MULE-14851,0.124639
MULE-14850,0.056236
MULE-14848,0.341473
MULE-14847,0.038466
MULE-14846,0.909586
MULE-14845,0.877896
MULE-14844,0.203075
MULE-14843,0.623262
MULE-14842,0.736401
MULE-14840,0.286469
MULE-14837,0.11358
MULE-14836,0.064653
MULE-14835,0.070304
MULE-14834,0.062331
MULE-14833,0.048858
MULE-14832,0.169956
MULE-14831,0.066812
MULE-14829,0.008711
MULE-14828,0.058561
MULE-14826,0.025371
MULE-14823,0.936749
MULE-14822,0.057918
MULE-14820,0.065366
MULE-14819,0.76908
MULE-14817,0.198064
MULE-14816,0.944995
MULE-14815,0.772187
MULE-14814,0.540924
MULE-14811,0.050705
MULE-14810,0.071074
MULE-14809,0.848972
MULE-14806,0.598782
MULE-14803,0.06165
MULE-14802,0.906983
MULE-14801,0.125923
MULE-14800,0.080069
MULE-14799,0.120026
MULE-14798,0.91181
MULE-14797,0.516108
MULE-14796,0.809577
MULE-14795,0.079782
MULE-14794,0.563378
MULE-14793,0.893681
MULE-14789,0.018264
MULE-14788,0.154312
MULE-14787,0.935817
MULE-14786,0.923592
MULE-14782,0.356895
MULE-14781,0.051083
MULE-14779,0.76454
MULE-14778,0.071332
MULE-14777,0.931463
MULE-14775,0.083292
MULE-14774,0.16132
MULE-14773,0.108566
MULE-14772,0.951142
MULE-14769,0.132066
MULE-14768,0.043691
MULE-14766,0.679923
MULE-14765,0.912124
MULE-14764,0.138928
MULE-14763,0.146331
MULE-14760,0.020646
MULE-14758,0.73659
MULE-14757,0.091058
MULE-14755,0.214691
MULE-14754,0.104843
MULE-14751,0.399109
MULE-14750,0.806853
MULE-14749,0.052231
MULE-14748,0.914291
MULE-14747,0.843895
MULE-14746,0.929951
MULE-14745,0.216674
MULE-14744,0.194062
MULE-14743,0.037892
MULE-14741,0.041462
MULE-14740,0.028436
MULE-14737,0.233881
MULE-14736,0.038178
MULE-14735,0.100525
MULE-14734,0.102305
MULE-14731,0.439026
MULE-14729,0.822189
MULE-14728,0.921922
MULE-14725,0.828939
MULE-14724,0.808067
MULE-14723,0.82559
MULE-14722,0.013325
MULE-14721,0.460289
MULE-14719,0.746878
MULE-14718,0.938124
MULE-14717,0.790854
MULE-14716,0.850469
MULE-14715,0.796609
MULE-14714,0.714628
MULE-14713,0.795975
MULE-14712,0.634487
MULE-14710,0.952574
MULE-14709,0.183009
MULE-14705,0.083292
MULE-14701,0.066569
MULE-14700,0.032101
MULE-14699,0.021451
MULE-14698,0.02976
MULE-14696,0.042722
MULE-14695,0.190423
MULE-14694,0.0745
MULE-14693,0.61173
MULE-14688,0.02461
MULE-14687,0.453746
MULE-14686,0.023331
MULE-14685,0.324637
MULE-14684,0.889529
MULE-14683,0.014616
MULE-14681,0.44071
MULE-14680,0.166947
MULE-14679,0.560974
MULE-14677,0.819026
MULE-14676,0.737725
MULE-14675,0.03138
MULE-14672,0.246171
MULE-14670,0.032837
MULE-14669,0.075041
MULE-14668,0.105579
MULE-14667,0.313131
MULE-14666,0.053206
MULE-14665,0.059647
MULE-14663,0.664159
MULE-14661,0.278747
MULE-14659,0.270288
MULE-14658,0.028008
MULE-14656,0.599602
MULE-14655,0.62601
MULE-14653,0.71423
MULE-14650,0.370339
MULE-14649,0.623262
MULE-14648,0.821617
MULE-14645,0.046725
MULE-14644,0.724481
MULE-14643,0.125493
MULE-14642,0.056444
MULE-14640,0.052619
MULE-14638,0.460046
MULE-14637,0.533641
MULE-14636,0.069038
MULE-14634,0.049222
MULE-14633,0.331755
MULE-14632,0.013121
MULE-14629,0.026759
MULE-14627,0.717606
MULE-14623,0.015664
MULE-14622,0.092688
MULE-14620,0.089455
MULE-14619,0.065366
MULE-14618,0.390708
MULE-14616,0.03138
MULE-14615,0.048137
MULE-14614,0.788583
MULE-14613,0.663887
MULE-14612,0.893681
MULE-14610,0.03259
MULE-14609,0.072374
MULE-14606,0.015544
MULE-14605,0.115561
MULE-14604,0.450118
MULE-14603,0.026156
MULE-14602,0.184768
MULE-14601,0.337886
MULE-14600,0.080937
MULE-14599,0.032344
MULE-14598,0.951863
MULE-14597,0.027796
MULE-14596,0.031144
MULE-14594,0.355663
MULE-14593,0.557123
MULE-14592,0.252937
MULE-14591,0.060529
MULE-14590,0.011687
MULE-14587,0.08152
MULE-14582,0.01302
MULE-14581,0.018978
MULE-14579,0.015906
MULE-14578,0.031619
MULE-14577,0.011869
MULE-14573,0.257392
MULE-14572,0.018978
MULE-14571,0.575827
MULE-14570,0.624408
MULE-14569,0.777638
MULE-14568,0.899475
MULE-14567,0.912748
MULE-14566,0.882428
MULE-14565,0.213541
MULE-14562,0.871475
MULE-14561,0.020177
MULE-14560,0.016785
MULE-14558,0.045353
MULE-14557,0.066085
MULE-14556,0.41941
MULE-14555,0.067056
MULE-14553,0.131173
MULE-14552,0.802246
MULE-14550,0.049959
MULE-14549,0.034619
MULE-14545,0.021615
MULE-14544,0.908942
MULE-14541,0.015785
MULE-14540,0.144149
MULE-14537,0.045353
MULE-14536,0.266262
MULE-14534,0.051463
MULE-14532,0.865224
MULE-14531,0.100172
MULE-14529,0.246896
MULE-14527,0.36977
MULE-14526,0.023871
MULE-14524,0.027169
MULE-14523,0.430387
MULE-14522,0.117167
MULE-14521,0.06489
MULE-14520,0.052619
MULE-14519,0.83762
MULE-14518,0.855851
MULE-14517,0.910227
MULE-14516,0.045692
MULE-14514,0.315789
MULE-14513,0.690142
MULE-14512,0.030215
MULE-14510,0.878314
MULE-14509,0.136608
MULE-14508,0.060529
MULE-14507,0.059647
MULE-14505,0.902266
MULE-14503,0.179818
MULE-14502,0.224906
MULE-14501,0.163445
MULE-14500,0.136378
MULE-14499,0.09236
MULE-14498,0.320011
MULE-14497,0.625781
MULE-14492,0.169956
MULE-14491,0.030215
MULE-14490,0.221182
MULE-14489,0.763484
MULE-14488,0.901227
MULE-14487,0.655501
MULE-14486,0.939025
MULE-14485,0.90261
MULE-14484,0.830594
MULE-14483,0.844409
MULE-14482,0.904987
MULE-14481,0.908618
MULE-14480,0.78695
MULE-14479,0.860604
MULE-14478,0.846451
MULE-14477,0.037892
MULE-14476,0.254231
MULE-14475,0.690037
MULE-14474,0.070304
MULE-14471,0.855369
MULE-14470,0.178383
MULE-14469,0.091707
MULE-14467,0.91848
MULE-14466,0.213705
MULE-14465,0.847463
MULE-14464,0.80502
MULE-14463,0.178383
MULE-14462,0.14978
MULE-14461,0.021948
MULE-14460,0.038756
MULE-14459,0.022286
MULE-14458,0.754553
MULE-14456,0.060529
MULE-14455,0.027585
MULE-14453,0.88642
MULE-14452,0.749087
MULE-14451,0.21767
MULE-14450,0.733929
MULE-14449,0.023509
MULE-14448,0.54819
MULE-14446,0.062789
MULE-14444,0.101947
MULE-14443,0.104843
MULE-14442,0.087252
MULE-14441,0.71602
MULE-14438,0.752377
MULE-14437,0.045692
MULE-14436,0.69987
MULE-14435,0.05301
MULE-14433,0.613584
MULE-14432,0.11358
MULE-14431,0.023689
MULE-14430,0.063948
MULE-14429,0.935346
MULE-14428,0.057918
MULE-14427,0.017849
MULE-14426,0.615897
MULE-14425,0.907312
MULE-14424,0.174973
MULE-14423,0.503418
MULE-14422,0.478529
MULE-14421,0.072637
MULE-14420,0.245266
MULE-14419,0.895157
MULE-14418,0.082402
MULE-14417,0.572962
MULE-14415,0.630002
MULE-14414,0.017577
MULE-14413,0.026964
MULE-14412,0.933915
MULE-14410,0.69035
MULE-14409,0.518546
MULE-14408,0.076132
MULE-14405,0.935346
MULE-14404,0.145358
MULE-14403,0.810779
MULE-14402,0.054803
MULE-14401,0.789558
MULE-14400,0.716219
MULE-14399,0.025761
MULE-14398,0.0538
MULE-14397,0.947381
MULE-14396,0.076961
MULE-14395,0.238284
MULE-14394,0.337749
MULE-14393,0.034881
MULE-14392,0.868381
MULE-14391,0.776284
MULE-14389,0.944995
MULE-14388,0.247441
MULE-14387,0.030444
MULE-14386,0.073963
MULE-14385,0.781664
MULE-14384,0.077239
MULE-14383,0.57081
MULE-14382,0.091058
MULE-14381,0.115561
MULE-14379,0.173009
MULE-14378,0.071074
MULE-14377,0.107437
MULE-14376,0.917598
MULE-14375,0.060087
MULE-14374,0.855369
MULE-14373,0.934395
MULE-14372,0.284874
MULE-14371,0.840259
MULE-14370,0.739422
MULE-14369,0.857291
MULE-14368,0.843895
MULE-14367,0.256273
MULE-14366,0.835484
MULE-14365,0.915205
MULE-14364,0.889529
MULE-14363,0.864768
MULE-14362,0.765593
MULE-14361,0.049589
MULE-14360,0.894052
MULE-14359,0.03138
MULE-14358,0.711631
MULE-14357,0.023509
MULE-14356,0.132066
MULE-14353,0.069795
MULE-14352,0.119614
MULE-14351,0.691706
MULE-14350,0.707405
MULE-14347,0.7413
MULE-14346,0.758868
MULE-14345,0.058346
MULE-14343,0.706798
MULE-14342,0.775605
MULE-14338,0.751283
MULE-14337,0.902266
MULE-14335,0.057493
MULE-14334,0.538498
MULE-14333,0.818447
MULE-14332,0.146331
MULE-14331,0.83602
MULE-14330,0.755637
MULE-14328,0.135461
MULE-14327,0.594316
MULE-14326,0.866133
MULE-14325,0.765944
MULE-14324,0.048137
MULE-14323,0.042722
MULE-14322,0.047426
MULE-14321,0.047074
MULE-14320,0.028436
MULE-14319,0.023871
MULE-14317,0.216012
MULE-14316,0.129843
MULE-14315,0.427994
MULE-14314,0.046378
MULE-14313,0.811078
MULE-14312,0.831691
MULE-14311,0.876211
MULE-14310,0.026759
MULE-14309,0.055005
MULE-14308,0.02461
MULE-14307,0.121269
MULE-14306,0.36557
MULE-14305,0.017177
MULE-14304,0.017045
MULE-14303,0.025371
MULE-14302,0.063948
MULE-14301,0.076961
MULE-14300,0.096365
MULE-14299,0.675872
MULE-14298,0.147801
MULE-14297,0.118385
MULE-14296,0.038756
MULE-14295,0.027169
MULE-14294,0.023689
MULE-14293,0.054199
MULE-14292,0.759582
MULE-14291,0.03138
MULE-14288,0.683736
MULE-14287,0.091382
MULE-14285,0.045016
MULE-14284,0.65586
MULE-14283,0.860134
MULE-14282,0.022117
MULE-14281,0.059428
MULE-14280,0.039937
MULE-14279,0.065128
MULE-14278,0.626524
MULE-14277,0.650138
MULE-14276,0.523907
MULE-14275,0.892187
MULE-14272,0.763131
MULE-14268,0.049222
MULE-14267,0.142232
MULE-14266,0.057493
MULE-14264,0.107813
MULE-14263,0.569853
MULE-14262,0.138462
MULE-14260,0.848972
MULE-14259,0.077239
MULE-14258,0.833325
MULE-14257,0.305024
MULE-14256,0.443118
MULE-14255,0.183594
MULE-14254,0.260578
MULE-14253,0.380759
MULE-14252,0.202443
MULE-14251,0.305309
MULE-14250,0.173849
MULE-14249,0.395601
MULE-14248,0.212069
MULE-14247,0.236164
MULE-14246,0.245266
MULE-14245,0.227469
MULE-14244,0.38168
MULE-14243,0.559049
MULE-14242,0.197754
MULE-14241,0.252937
MULE-14240,0.248899
MULE-14239,0.176956
MULE-14238,0.430626
MULE-14237,0.332852
MULE-14236,0.252016
MULE-14235,0.483405
MULE-14234,0.196518
MULE-14233,0.401923
MULE-14232,0.397237
MULE-14231,0.270769
MULE-14230,0.350977
MULE-14229,0.186539
MULE-14228,0.324075
MULE-14227,0.44746
MULE-14226,0.477067
MULE-14225,0.37502
MULE-14224,0.153042
MULE-14223,0.173568
MULE-14222,0.199932
MULE-14221,0.326191
MULE-14220,0.22919
MULE-14219,0.488771
MULE-14218,0.262464
MULE-14217,0.165593
MULE-14216,0.336985
MULE-14215,0.209793
MULE-14214,0.517571
MULE-14213,0.898767
MULE-14212,0.212069
MULE-14211,0.438545
MULE-14210,0.281801
MULE-14209,0.150778
MULE-14208,0.445288
MULE-14207,0.237753
MULE-14206,0.242026
MULE-14205,0.217005
MULE-14204,0.020646
MULE-14203,0.418697
MULE-14202,0.03359
MULE-14201,0.034359
MULE-14198,0.038756
MULE-14197,0.265499
MULE-14196,0.275519
MULE-14195,0.821044
MULE-14194,0.020332
MULE-14193,0.056236
MULE-14192,0.813757
MULE-14191,0.019271
MULE-14190,0.730866
MULE-14189,0.789883
MULE-14188,0.025371
MULE-14186,0.194368
MULE-14185,0.816991
MULE-14184,0.737536
MULE-14183,0.739046
MULE-14181,0.788909
MULE-14180,0.273186
MULE-14178,0.024423
MULE-14177,0.073165
MULE-14176,0.014282
MULE-14175,0.92079
MULE-14174,0.055823
MULE-14173,0.763131
MULE-14172,0.120853
MULE-14171,0.024423
MULE-14169,0.149035
MULE-14167,0.25945
MULE-14166,0.134776
MULE-14164,0.550849
MULE-14163,0.180107
MULE-14162,0.015189
MULE-14161,0.758511
MULE-14160,0.284477
MULE-14156,0.07921
MULE-14155,0.336604
MULE-14153,0.733165
MULE-14152,0.014957
MULE-14151,0.168583
MULE-14148,0.920218
MULE-14147,0.234757
MULE-14145,0.057705
MULE-14144,0.433022
MULE-14143,0.060975
MULE-14142,0.029535
MULE-14141,0.851459
MULE-14137,0.790207
MULE-14135,0.153295
MULE-14134,0.079496
MULE-14133,0.019569
MULE-14131,0.123366
MULE-14129,0.909265
MULE-14127,0.563858
MULE-14126,0.176672
MULE-14125,0.651272
MULE-14124,0.038178
MULE-14123,0.126785
MULE-14122,0.040541
MULE-14121,0.932453
MULE-14119,0.172172
MULE-14118,0.814938
MULE-14117,0.771843
MULE-14115,0.283583
MULE-14113,0.765593
MULE-14112,0.062789
MULE-14111,0.834407
MULE-14110,0.717804
MULE-14109,0.139631
MULE-14108,0.207215
MULE-14107,0.711631
MULE-14106,0.830044
MULE-14104,0.276886
MULE-14103,0.082402
MULE-14101,0.041462
MULE-14097,0.022629
MULE-14095,0.035411
MULE-14094,0.071074
MULE-14093,0.058346
MULE-14092,0.014957
MULE-14088,0.153295
MULE-14087,0.018978
MULE-14086,0.676192
MULE-14084,0.84338
MULE-14083,0.865224
MULE-14082,0.376852
MULE-14081,0.062103
MULE-14080,0.4436
MULE-14079,0.046034
MULE-14078,0.103024
MULE-14077,0.796609
MULE-14074,0.023871
MULE-14072,0.024054
MULE-14071,0.053601
MULE-14070,0.048496
MULE-14069,0.053403
MULE-14068,0.380529
MULE-14067,0.465387
MULE-14066,0.870597
MULE-14065,0.813461
MULE-14064,0.814643
MULE-14063,0.050331
MULE-14062,0.02976
MULE-14061,0.513181
MULE-14060,0.139631
MULE-14059,0.136608
MULE-14057,0.659186
MULE-14056,0.023153
MULE-14054,0.330097
MULE-14053,0.084191
MULE-14052,0.195902
MULE-14051,0.937669
MULE-14050,0.836555
MULE-14049,0.593374
MULE-14048,0.041774
MULE-14047,0.537284
MULE-14045,0.391522
MULE-14044,0.838151
MULE-14043,0.598312
MULE-14042,0.871912
MULE-14041,0.079496
MULE-14040,0.894789
MULE-14039,0.035411
MULE-14038,0.948155
MULE-14037,0.235988
MULE-14036,0.102305
MULE-14035,0.131173
MULE-14034,0.387459
MULE-14033,0.082697
MULE-14030,0.022629
MULE-14029,0.042404
MULE-14027,0.0745
MULE-14026,0.924142
MULE-14025,0.038756
MULE-14024,0.376165
MULE-14023,0.577495
MULE-14022,0.914596
MULE-14019,0.016277
MULE-14018,0.041462
MULE-14017,0.788909
MULE-14016,0.023153
MULE-14015,0.081813
MULE-14012,0.938124
MULE-14011,0.045016
MULE-14009,0.028653
MULE-14008,0.071851
MULE-14005,0.020646
MULE-14004,0.553505
MULE-14001,0.717408
MULE-14000,0.232484
MULE-13998,0.67104
MULE-13997,0.196518
MULE-13996,0.871475
MULE-13995,0.052619
MULE-13994,0.09401
MULE-13993,0.90764
MULE-13989,0.103024
MULE-13988,0.069542
MULE-13987,0.926304
MULE-13985,0.014504
MULE-13984,0.842863
MULE-13983,0.016153
MULE-13982,0.872347
MULE-13981,0.794066
MULE-13980,0.100525
MULE-13979,0.817574
MULE-13978,0.019719
MULE-13977,0.176104
MULE-13976,0.712432
MULE-13975,0.09739
MULE-13974,0.033086
MULE-13973,0.723895
MULE-13972,0.015073
MULE-13971,0.027796
MULE-13969,0.071851
MULE-13968,0.379551
MULE-13967,0.073963
MULE-13966,0.017442
MULE-13965,0.028221
MULE-13964,0.041774
MULE-13963,0.035679
MULE-13959,0.018264
MULE-13958,0.124213
MULE-13956,0.027376
MULE-13954,0.037047
MULE-13953,0.0538
MULE-13952,0.020804
MULE-13951,0.015785
MULE-13950,0.052619
MULE-13949,0.816113
MULE-13947,0.742422
MULE-13943,0.896251
MULE-13942,0.069289
MULE-13941,0.032837
MULE-13939,0.682362
MULE-13938,0.809878
MULE-13937,0.127218
MULE-13936,0.787278
MULE-13935,0.028221
MULE-13934,0.013849
MULE-13933,0.298798
MULE-13932,0.03359
MULE-13931,0.92079
MULE-13930,0.885631
MULE-13929,0.894421
MULE-13928,0.913984
MULE-13927,0.91118
MULE-13926,0.045016
MULE-13925,0.924142
MULE-13924,0.086632
MULE-13923,0.076408
MULE-13922,0.058777
MULE-13921,0.725649
MULE-13920,0.016403
MULE-13919,0.174692
MULE-13918,0.496582
MULE-13916,0.043366
MULE-13915,0.048858
MULE-13914,0.947381
MULE-13913,0.180974
MULE-13911,0.03138
MULE-13910,0.188324
MULE-13909,0.472197
MULE-13906,0.793106
MULE-13905,0.171894
MULE-13904,0.016657
MULE-13903,0.033337
MULE-13902,0.888372
MULE-13900,0.088505
MULE-13898,0.022457
MULE-13897,0.097048
MULE-13896,0.058132
MULE-13894,0.200871
MULE-13893,0.172729
MULE-13892,0.031859
MULE-13891,0.045353
MULE-13890,0.0538
MULE-13889,0.05301
MULE-13887,0.264643
MULE-13885,0.840259
MULE-13884,0.050331
MULE-13880,0.581541
MULE-13879,0.026759
MULE-13877,0.066812
MULE-13876,0.045016
MULE-13874,0.028221
MULE-13873,0.016153
MULE-13871,0.0341
MULE-13870,0.048137
MULE-13869,0.069542
MULE-13867,0.059428
MULE-13865,0.804098
MULE-13864,0.021615
MULE-13863,0.039343
MULE-13862,0.148541
MULE-13860,0.03622
MULE-13858,0.531696
MULE-13856,0.081813
MULE-13853,0.041462
MULE-13852,0.840783
MULE-13851,0.819893
MULE-13850,0.870157
MULE-13849,0.060529
MULE-13848,0.041462
MULE-13847,0.086323
MULE-13846,0.921922
MULE-13845,0.054199
MULE-13844,0.039343
MULE-13843,0.226099
MULE-13842,0.033086
MULE-13841,0.900179
MULE-13839,0.181844
MULE-13838,0.023509
MULE-13837,0.301773
MULE-13836,0.882833
MULE-13835,0.790207
MULE-13834,0.125493
MULE-13833,0.145358
MULE-13831,0.704973
MULE-13830,0.360602
MULE-13829,0.039937
MULE-13828,0.457621
MULE-13827,0.435902
MULE-13826,0.611846
MULE-13825,0.012723
MULE-13824,0.123789
MULE-13823,0.029091
MULE-13820,0.013532
MULE-13819,0.203708
MULE-13818,0.061876
MULE-13817,0.058777
MULE-13816,0.058132
MULE-13815,0.182134
MULE-13814,0.284775
MULE-13813,0.091707
MULE-13811,0.048137
MULE-13809,0.046378
MULE-13808,0.764892
MULE-13805,0.534612
MULE-13804,0.017849
MULE-13803,0.022629
MULE-13802,0.863852
MULE-13800,0.301722
MULE-13799,0.199932
MULE-13797,0.553264
MULE-13795,0.068787
MULE-13793,0.773901
MULE-13792,0.834946
MULE-13791,0.056652
MULE-13790,0.087876
MULE-13789,0.043043
MULE-13788,0.008779
MULE-13787,0.906983
MULE-13786,0.854399
MULE-13785,0.740925
MULE-13784,0.740925
MULE-13783,0.505859
MULE-13782,0.788909
MULE-13777,0.831691
MULE-13776,0.921922
MULE-13775,0.071332
MULE-13774,0.769427
MULE-13773,0.115961
MULE-13772,0.041462
MULE-13771,0.080647
MULE-13770,0.219003
MULE-13769,0.026156
MULE-13768,0.029987
MULE-13767,0.135232
MULE-13765,0.177526
MULE-13764,0.774242
MULE-13762,0.114765
MULE-13761,0.021125
MULE-13760,0.685002
MULE-13758,0.924142
MULE-13757,0.044349
MULE-13755,0.03359
MULE-13754,0.015785
MULE-13753,0.202759
MULE-13751,0.007012
MULE-13750,0.017712
MULE-13749,0.275032
MULE-13748,0.013121
MULE-13746,0.027169
MULE-13745,0.038178
MULE-13744,0.798815
MULE-13743,0.883236
MULE-13742,0.007233
MULE-13741,0.03138
MULE-13739,0.052619
MULE-13738,0.061199
MULE-13737,0.033086
MULE-13733,0.928926
MULE-13732,0.068787
MULE-13730,0.144149
MULE-13729,0.066085
MULE-13728,0.053601
MULE-13727,0.072374
MULE-13725,0.042404
MULE-13723,0.115162
MULE-13722,0.075585
MULE-13721,0.033844
MULE-13720,0.276397
MULE-13719,0.107813
MULE-13718,0.133868
MULE-13716,0.830044
MULE-13715,0.045692
MULE-13714,0.066085
MULE-13713,0.384219
MULE-13712,0.06489
MULE-13711,0.011508
MULE-13710,0.206894
MULE-13708,0.064183
MULE-13707,0.031619
MULE-13705,0.063948
MULE-13704,0.012336
MULE-13703,0.058132
MULE-13702,0.588416
MULE-13701,0.93196
MULE-13700,0.921922
MULE-13699,0.764892
MULE-13698,0.110856
MULE-13697,0.024423
MULE-13696,0.188026
MULE-13695,0.026557
MULE-13694,0.484868
MULE-13693,0.203075
MULE-13692,0.197444
MULE-13691,0.189221
MULE-13690,0.014842
MULE-13687,0.041153
MULE-13686,0.093017
MULE-13685,0.071851
MULE-13684,0.008446
MULE-13683,0.022457
MULE-13682,0.052231
MULE-13679,0.796609
MULE-13678,0.021781
MULE-13677,0.90764
MULE-13676,0.050705
MULE-13675,0.06489
MULE-13673,0.03259
MULE-13672,0.061876
MULE-13671,0.827828
MULE-13670,0.277963
MULE-13669,0.060308
MULE-13668,0.059866
MULE-13667,0.037892
MULE-13666,0.065366
MULE-13665,0.841826
MULE-13664,0.04778
MULE-13663,0.043043
MULE-13662,0.675176
MULE-13660,0.023509
MULE-13659,0.933915
MULE-13658,0.049959
MULE-13656,0.130729
MULE-13655,0.078642
MULE-13654,0.074231
MULE-13653,0.667256
MULE-13652,0.016915
MULE-13651,0.359701
MULE-13650,0.881207
MULE-13649,0.030215
MULE-13648,0.047074
MULE-13647,0.422505
MULE-13644,0.645999
MULE-13642,0.102664
MULE-13640,0.058561
MULE-13639,0.198064
MULE-13638,0.128963
MULE-13637,0.733929
MULE-13636,0.009486
MULE-13634,0.637708
MULE-13633,0.353094
MULE-13631,0.055209
MULE-13628,0.629433
MULE-13627,0.926835
MULE-13626,0.942929
MULE-13625,0.269903
MULE-13624,0.546254
MULE-13623,0.030909
MULE-13622,0.895523
MULE-13621,0.849472
MULE-13619,0.851953
MULE-13618,0.712232
MULE-13612,0.574634
MULE-13611,0.259075
MULE-13610,0.837088
MULE-13609,0.122104
MULE-13608,0.030909
MULE-13607,0.040846
MULE-13606,0.015785
MULE-13605,0.101589
MULE-13604,0.126785
MULE-13603,0.177811
MULE-13602,0.014504
MULE-13601,0.241489
MULE-13600,0.131619
MULE-13599,0.010489
MULE-13598,0.885631
MULE-13596,0.92523
MULE-13595,0.047074
MULE-13593,0.315789
MULE-13592,0.333937
MULE-13591,0.803174
MULE-13590,0.179243
MULE-13589,0.863392
MULE-13588,0.78233
MULE-13586,0.021287
MULE-13585,0.019569
MULE-13584,0.593374
MULE-13582,0.162115
MULE-13581,0.104112
MULE-13580,0.017712
MULE-13579,0.278846
MULE-13575,0.022803
MULE-13574,0.282394
MULE-13573,0.026557
MULE-13572,0.06489
MULE-13571,0.030215
MULE-13570,0.048858
MULE-13568,0.064418
MULE-13565,0.027169
MULE-13564,0.842345
MULE-13563,0.015425
MULE-13562,0.046034
MULE-13561,0.061876
MULE-13560,0.101233
MULE-13558,0.109325
MULE-13557,0.018689
MULE-13555,0.841826
MULE-13554,0.023689
MULE-13553,0.119614
MULE-13552,0.048496
MULE-13551,0.056444
MULE-13550,0.086942
MULE-13549,0.910545
MULE-13548,0.934873
MULE-13547,0.885631
MULE-13546,0.794385
MULE-13545,0.83602
MULE-13544,0.877896
MULE-13542,0.779658
MULE-13541,0.785966
MULE-13540,0.773901
MULE-13539,0.035679
MULE-13538,0.811377
MULE-13537,0.668502
MULE-13536,0.279042
MULE-13535,0.154058
MULE-13534,0.739234
MULE-13533,0.807461
MULE-13532,0.885235
MULE-13531,0.065366
MULE-13530,0.047426
MULE-13528,0.047426
MULE-13527,0.021451
MULE-13526,0.037327
MULE-13523,0.140808
MULE-13522,0.156362
MULE-13521,0.104112
MULE-13520,0.877896
MULE-13519,0.042722
MULE-13518,0.789558
MULE-13517,0.935817
MULE-13516,0.619241
MULE-13514,0.913368
MULE-13513,0.092033
MULE-13512,0.277082
MULE-13511,0.208501
MULE-13509,0.150278
MULE-13508,0.057705
MULE-13507,0.029987
MULE-13505,0.062103
MULE-13504,0.121686
MULE-13503,0.194368
MULE-13501,0.677367
MULE-13497,0.080069
MULE-13496,0.204978
MULE-13494,0.659076
MULE-13493,0.430866
MULE-13492,0.342489
MULE-13491,0.094343
MULE-13490,0.014729
MULE-13489,0.382833
MULE-13487,0.226441
MULE-13485,0.18418
MULE-13484,0.178383
MULE-13483,0.927888
MULE-13482,0.140336
MULE-13479,0.248899
MULE-13478,0.056236
MULE-13477,0.172729
MULE-13476,0.039639
MULE-13475,0.027585
MULE-13474,0.269903
MULE-13472,0.294114
MULE-13471,0.309963
MULE-13470,0.441673
MULE-13469,0.03138
MULE-13466,0.846451
MULE-13465,0.048858
MULE-13464,0.942929
MULE-13463,0.007121
MULE-13460,0.888372
MULE-13459,0.899121
MULE-13458,0.039937
MULE-13457,0.034619
MULE-13456,0.045353
MULE-13455,0.493653
MULE-13454,0.83868
MULE-13453,0.024988
MULE-13451,0.816406
MULE-13450,0.889912
MULE-13449,0.832237
MULE-13448,0.020332
MULE-13447,0.175538
MULE-13445,0.859664
MULE-13444,0.814348
MULE-13443,0.339691
MULE-13442,0.021615
MULE-13441,0.154312
MULE-13440,0.834946
MULE-13438,0.511229
MULE-13435,0.035948
MULE-13433,0.334753
MULE-13432,0.037892
MULE-13430,0.238994
MULE-13429,0.614394
MULE-13428,0.688887
MULE-13427,0.568416
MULE-13426,0.855369
MULE-13425,0.011508
MULE-13422,0.125493
MULE-13421,0.039639
MULE-13417,0.11358
MULE-13416,0.035679
MULE-13413,0.874077
MULE-13411,0.022117
MULE-13410,0.372619
MULE-13409,0.826151
MULE-13408,0.084493
MULE-13407,0.061876
MULE-13406,0.041153
MULE-13405,0.882833
MULE-13404,0.024988
MULE-13403,0.104112
MULE-13401,0.090093
MULE-13400,0.165323
MULE-13399,0.037327
MULE-13398,0.117167
MULE-13397,0.065366
MULE-13396,0.031619
MULE-13395,0.07477
MULE-13394,0.038466
MULE-13393,0.03359
MULE-13392,0.099821
MULE-13391,0.747247
MULE-13390,0.634373
MULE-13389,0.849971
MULE-13388,0.903975
MULE-13386,0.014957
MULE-13385,0.062331
MULE-13384,0.027585
MULE-13383,0.244363
MULE-13382,0.011332
MULE-13381,0.897695
MULE-13380,0.872347
MULE-13378,0.426322
MULE-13376,0.435902
MULE-13375,0.132066
MULE-13374,0.169131
MULE-13373,0.839208
MULE-13371,0.17245
MULE-13370,0.173009
MULE-13369,0.577972
MULE-13367,0.765944
MULE-13364,0.128525
MULE-13363,0.606498
MULE-13361,0.874507
MULE-13360,0.04778
MULE-13359,0.028221
MULE-13356,0.099121
MULE-13354,0.747984
MULE-13353,0.758868
MULE-13352,0.892937
MULE-13351,0.876634
MULE-13350,0.018833
MULE-13348,0.057918
MULE-13347,0.221519
MULE-13346,0.302288
MULE-13345,0.913058
MULE-13343,0.497559
MULE-13342,0.833325
MULE-13341,0.86431
MULE-13340,0.675015
MULE-13339,0.424412
MULE-13338,0.798815
MULE-13337,0.913984
MULE-13336,0.077797
MULE-13335,0.052231
MULE-13334,0.021451
MULE-13332,0.035679
MULE-13330,0.740174
MULE-13329,0.052619
MULE-13326,0.066569
MULE-13324,0.455925
MULE-13323,0.799442
MULE-13322,0.055413
MULE-13321,0.041153
MULE-13320,0.045016
MULE-13319,0.207696
MULE-13318,0.021287
MULE-13317,0.833866
MULE-13316,0.803174
MULE-13315,0.151028
MULE-13314,0.018405
MULE-13313,0.555918
MULE-13312,0.802865
MULE-13311,0.346707
MULE-13310,0.017177
MULE-13309,0.032101
MULE-13308,0.052231
MULE-13307,0.018978
MULE-13306,0.867036
MULE-13305,0.72487
MULE-13304,0.018405
MULE-13303,0.045353
MULE-13302,0.015664
MULE-13301,0.112016
MULE-13300,0.183009
MULE-13298,0.829492
MULE-13297,0.79534
MULE-13296,0.050331
MULE-13295,0.811078
MULE-13293,0.082107
MULE-13292,0.037327
MULE-13291,0.242564
MULE-13290,0.014729
MULE-13289,0.02461
MULE-13287,0.225758
MULE-13286,0.04778
MULE-13285,0.120439
MULE-13284,0.904987
MULE-13282,0.300271
MULE-13281,0.160792
MULE-13280,0.020964
MULE-13279,0.045353
MULE-13278,0.316316
MULE-13277,0.839734
MULE-13276,0.895888
MULE-13275,0.904313
MULE-13274,0.071591
MULE-13273,0.019271
MULE-13272,0.747247
MULE-13270,0.661048
MULE-13268,0.932944
MULE-13266,0.244183
MULE-13264,0.260954
MULE-13263,0.47025
MULE-13262,0.736969
MULE-13261,0.046034
MULE-13259,0.142232
MULE-13258,0.431105
MULE-13257,0.37605
MULE-13256,0.717606
MULE-13255,0.045692
MULE-13254,0.152284
MULE-13253,0.765944
MULE-13252,0.087564
MULE-13249,0.895157
MULE-13247,0.828939
MULE-13246,0.052231
MULE-13245,0.959762
MULE-13244,0.178097
MULE-13243,0.668448
MULE-13241,0.877056
MULE-13240,0.042404
MULE-13239,0.011332
MULE-13237,0.069795
MULE-13236,0.039639
MULE-13235,0.832237
MULE-13234,0.883236
MULE-13233,0.03138
MULE-13232,0.320848
MULE-13230,0.023871
MULE-13228,0.818156
MULE-13227,0.419886
MULE-13226,0.821044
MULE-13225,0.613815
MULE-13224,0.825027
MULE-13223,0.020804
MULE-13222,0.665411
MULE-13220,0.517083
MULE-13219,0.055005
MULE-13218,0.711832
MULE-13217,0.917303
MULE-13216,0.883638
MULE-13215,0.912748
MULE-13214,0.505371
MULE-13213,0.161849
MULE-13212,0.407451
MULE-13211,0.804098
MULE-13210,0.948537
MULE-13209,0.648633
MULE-13204,0.379378
MULE-13202,0.033337
MULE-13201,0.023331
MULE-13200,0.883638
MULE-13198,0.012723
MULE-13196,0.054199
MULE-13195,0.043366
MULE-13192,0.126785
MULE-13191,0.038178
MULE-13190,0.514156
MULE-13189,0.030909
MULE-13188,0.125493
MULE-13187,0.037609
MULE-13186,0.260766
MULE-13185,0.337954
MULE-13184,0.273671
MULE-13182,0.155591
MULE-13181,0.84338
MULE-13180,0.260013
MULE-13178,0.023871
MULE-13175,0.101947
MULE-13174,0.014282
MULE-13173,0.716219
MULE-13172,0.242026
MULE-13171,0.709221
MULE-13170,0.390941
MULE-13169,0.111241
MULE-13168,0.811377
MULE-13167,0.022803
MULE-13164,0.037892
MULE-13163,0.063482
MULE-13162,0.126785
MULE-13161,0.05301
MULE-13160,0.927888
MULE-13158,0.54359
MULE-13155,0.504394
MULE-13154,0.193147
MULE-13153,0.057071
MULE-13152,0.095349
MULE-13151,0.848471
MULE-13150,0.48438
MULE-13149,0.532182
MULE-13148,0.932944
MULE-13147,0.930458
MULE-13146,0.638582
MULE-13145,0.799129
MULE-13144,0.758511
MULE-13143,0.410874
MULE-13142,0.063715
MULE-13141,0.071074
MULE-13139,0.060529
MULE-13137,0.077518
MULE-13136,0.035948
MULE-13135,0.485356
MULE-13134,0.204025
MULE-13133,0.254602
MULE-13132,0.787278
MULE-13131,0.108566
MULE-13129,0.90261
MULE-13128,0.908293
MULE-13127,0.238284
MULE-13126,0.006098
MULE-13125,0.86431
MULE-13124,0.831143
MULE-13123,0.149283
MULE-13122,0.837088
MULE-13121,0.390708
MULE-13120,0.063715
MULE-13119,0.041462
MULE-13117,0.741112
MULE-13116,0.495117
MULE-13115,0.043366
MULE-13114,0.165054
MULE-13112,0.908618
MULE-13111,0.90261
MULE-13110,0.874935
MULE-13108,0.146575
MULE-13107,0.302803
MULE-13106,0.695958
MULE-13105,0.344719
MULE-13104,0.870597
MULE-13103,0.872347
MULE-13102,0.574395
MULE-13101,0.011332
MULE-13098,0.027376
MULE-13097,0.915205
MULE-13094,0.071074
MULE-13093,0.700895
MULE-13092,0.347537
MULE-13091,0.180395
MULE-13090,0.037327
MULE-13088,0.015664
MULE-13087,0.07343
MULE-13086,0.123789
MULE-13085,0.103749
MULE-13084,0.237576
MULE-13083,0.201499
MULE-13082,0.162912
MULE-13081,0.127218
MULE-13080,0.144873
MULE-13079,0.261708
MULE-13077,0.140336
MULE-13076,0.16132
MULE-13075,0.543348
MULE-13074,0.370112
MULE-13073,0.151278
MULE-13072,0.233881
MULE-13071,0.190423
MULE-13070,0.115961
MULE-13067,0.024054
MULE-13066,0.90599
MULE-13065,0.467332
MULE-13064,0.036494
MULE-13063,0.029312
MULE-13061,0.051845
MULE-13060,0.260766
MULE-13059,0.619471
MULE-13058,0.070049
MULE-13057,0.016785
MULE-13056,0.856332
MULE-13055,0.016785
MULE-13054,0.844922
MULE-13053,0.581303
MULE-13052,0.828939
MULE-13051,0.377082
MULE-13050,0.015306
MULE-13049,0.875361
MULE-13048,0.017442
MULE-13047,0.062103
MULE-13046,0.058561
MULE-13045,0.828384
MULE-13044,0.923592
MULE-13043,0.346873
MULE-13042,0.550366
MULE-13041,0.160266
MULE-13040,0.012528
MULE-13038,0.05921
MULE-13037,0.126785
MULE-13035,0.799442
MULE-13033,0.059647
MULE-13032,0.919063
MULE-13031,0.784979
MULE-13030,0.132964
MULE-13029,0.81257
MULE-13028,0.326835
MULE-13027,0.035145
MULE-13025,0.885631
MULE-13024,0.416797
MULE-13023,0.937669
MULE-13022,0.705785
MULE-13021,0.222193
MULE-13020,0.889144
MULE-13018,0.847463
MULE-13017,0.942507
MULE-13016,0.034881
MULE-13015,0.177241
MULE-13014,0.18418
MULE-13011,0.957278
MULE-13010,0.092688
MULE-13009,0.586049
MULE-13008,0.877896
MULE-13007,0.438304
MULE-13006,0.932453
MULE-13005,0.141281
MULE-13004,0.030444
MULE-13003,0.765593
MULE-13002,0.862004
MULE-13001,0.161056
MULE-13000,0.374448
MULE-12999,0.242923
MULE-12998,0.946597
MULE-12997,0.312055
MULE-12996,0.279042
MULE-12995,0.018125
MULE-12994,0.867934
MULE-12993,0.904313
MULE-12992,0.865679
MULE-12991,0.00659
MULE-12989,0.486819
MULE-12988,0.31785
MULE-12987,0.006193
MULE-12986,0.878314
MULE-12985,0.83602
MULE-12983,0.118793
MULE-12982,0.92523
MULE-12981,0.513181
MULE-12980,0.04778
MULE-12979,0.593256
MULE-12978,0.859664
MULE-12977,0.533154
MULE-12976,0.648077
MULE-12975,0.163445
MULE-12973,0.241132
MULE-12972,0.933431
MULE-12970,0.04778
MULE-12969,0.05921
MULE-12968,0.176104
MULE-12966,0.852935
MULE-12965,0.820757
MULE-12964,0.921358
MULE-12963,0.900179
MULE-12961,0.801315
MULE-12959,0.695545
MULE-12958,0.681409
MULE-12957,0.059428
MULE-12956,0.233532
MULE-12955,0.952926
MULE-12954,0.008985
MULE-12953,0.072112
MULE-12952,0.010408
MULE-12951,0.114765
MULE-12950,0.82559
MULE-12949,0.93196
MULE-12948,0.837088
MULE-12947,0.009708
MULE-12946,0.091382
MULE-12945,0.138462
MULE-12944,0.708011
MULE-12943,0.246171
MULE-12942,0.037892
MULE-12941,0.047074
MULE-12940,0.761006
MULE-12938,0.041774
MULE-12937,0.917598
MULE-12934,0.211906
MULE-12933,0.605799
MULE-12932,0.74055
MULE-12930,0.079496
MULE-12929,0.067056
MULE-12928,0.77081
MULE-12926,0.91848
MULE-12925,0.027376
MULE-12924,0.055413
MULE-12923,0.934873
MULE-12922,0.86431
MULE-12919,0.07921
MULE-12918,0.012054
MULE-12916,0.231962
MULE-12915,0.020332
MULE-12914,0.560974
MULE-12913,0.4436
MULE-12912,0.058346
MULE-12911,0.856332
MULE-12910,0.020023
MULE-12906,0.074231
MULE-12905,0.120439
MULE-12904,0.928926
MULE-12903,0.445771
MULE-12902,0.640017
MULE-12901,0.015785
MULE-12895,0.043043
MULE-12894,0.709623
MULE-12893,0.026964
MULE-12891,0.037892
MULE-12888,0.08389
MULE-12887,0.045016
MULE-12886,0.428951
MULE-12885,0.262653
MULE-12884,0.008316
MULE-12881,0.028653
MULE-12880,0.035948
MULE-12878,0.123366
MULE-12874,0.690455
MULE-12873,0.168583
MULE-12872,0.891434
MULE-12871,0.651701
MULE-12869,0.081813
MULE-12868,0.017712
MULE-12866,0.025761
MULE-12865,0.943348
MULE-12864,0.013532
MULE-12863,0.049589
MULE-12862,0.168309
MULE-12858,0.908942
MULE-12857,0.932944
MULE-12856,0.952926
MULE-12855,0.931463
MULE-12854,0.021451
MULE-12853,0.83602
MULE-12852,0.031619
MULE-12851,0.049589
MULE-12850,0.029535
MULE-12849,0.720958
MULE-12848,0.029987
MULE-12844,0.036494
MULE-12836,0.021287
MULE-12834,0.670015
MULE-12833,0.588653
MULE-12832,0.744099
MULE-12831,0.942082
MULE-12829,0.890675
MULE-12828,0.137532
MULE-12827,0.899475
MULE-12826,0.933915
MULE-12825,0.826712
MULE-12823,0.0745
MULE-12822,0.327292
MULE-12821,0.040238
MULE-12818,0.060975
MULE-12817,0.096365
MULE-12816,0.013742
MULE-12815,0.906983
MULE-12813,0.208501
MULE-12812,0.574872
MULE-12811,0.141281
MULE-12810,0.625967
MULE-12809,0.850469
MULE-12808,0.106319
MULE-12806,0.022977
MULE-12805,0.037327
MULE-12804,0.389779
MULE-12803,0.716615
MULE-12802,0.890294
MULE-12801,0.427994
MULE-12800,0.879147
MULE-12799,0.871475
MULE-12798,0.010091
MULE-12797,0.324074
MULE-12795,0.933915
MULE-12792,0.285571
MULE-12790,0.130729
MULE-12789,0.039937
MULE-12786,0.025371
MULE-12785,0.758511
MULE-12784,0.048137
MULE-12783,0.593138
MULE-12782,0.151781
MULE-12781,0.151028
MULE-12779,0.025179
MULE-12778,0.049589
MULE-12777,0.080647
MULE-12776,0.038756
MULE-12775,0.040238
MULE-12773,0.070304
MULE-12771,0.32894
MULE-12770,0.022803
MULE-12769,0.919643
MULE-12768,0.907967
MULE-12767,0.759582
MULE-12766,0.625524
MULE-12765,0.525125
MULE-12764,0.151781
MULE-12762,0.884039
MULE-12761,0.845433
MULE-12760,0.105948
MULE-12759,0.344388
MULE-12757,0.24817
MULE-12756,0.115162
MULE-12755,0.080357
MULE-12754,0.045353
MULE-12753,0.176672
MULE-12752,0.028221
MULE-12751,0.83602
MULE-12749,0.913058
MULE-12748,0.041153
MULE-12747,0.011332
MULE-12745,0.098773
MULE-12744,0.882428
MULE-12743,0.617109
MULE-12742,0.069289
MULE-12741,0.898053
MULE-12740,0.021287
MULE-12739,0.462473
MULE-12738,0.028436
MULE-12737,0.017442
MULE-12736,0.021125
MULE-12735,0.876211
MULE-12734,0.945801
MULE-12733,0.45641
MULE-12732,0.325433
MULE-12730,0.018125
MULE-12729,0.893309
MULE-12728,0.03622
MULE-12727,0.014392
MULE-12726,0.92079
MULE-12725,0.100525
MULE-12724,0.812272
MULE-12723,0.743541
MULE-12722,0.020489
MULE-12721,0.084191
MULE-12720,0.239527
MULE-12718,0.105948
MULE-12717,0.018833
MULE-12716,0.945399
MULE-12715,0.680242
MULE-12714,0.06165
MULE-12713,0.051845
MULE-12712,0.017177
MULE-12711,0.847463
MULE-12710,0.930962
MULE-12709,0.054601
MULE-12708,0.059866
MULE-12706,0.537527
MULE-12704,0.096025
MULE-12703,0.024988
MULE-12702,0.619586
MULE-12701,0.670608
MULE-12700,0.369884
MULE-12699,0.833866
MULE-12698,0.887984
MULE-12697,0.105948
MULE-12696,0.028008
MULE-12695,0.815526
MULE-12694,0.025957
MULE-12693,0.02976
MULE-12692,0.091058
MULE-12691,0.251648
MULE-12690,0.78695
MULE-12689,0.079782
MULE-12688,0.118385
MULE-12687,0.115561
MULE-12686,0.755096
MULE-12685,0.407805
MULE-12684,0.283385
MULE-12683,0.251648
MULE-12682,0.565779
MULE-12681,0.860604
MULE-12680,0.840783
MULE-12679,0.609582
MULE-12678,0.015664
MULE-12677,0.086016
MULE-12674,0.217504
MULE-12673,0.062331
MULE-12672,0.169406
MULE-12671,0.041462
MULE-12670,0.64079
MULE-12669,0.054803
MULE-12667,0.023509
MULE-12666,0.029091
MULE-12665,0.019271
MULE-12664,0.057918
MULE-12663,0.133641
MULE-12662,0.08152
MULE-12661,0.147065
MULE-12659,0.07056
MULE-12657,0.915507
MULE-12656,0.022457
MULE-12655,0.065605
MULE-12654,0.746139
MULE-12653,0.108945
MULE-12652,0.586523
MULE-12651,0.901921
MULE-12649,0.870597
MULE-12648,0.045016
MULE-12647,0.020964
MULE-12646,0.847463
MULE-12645,0.676299
MULE-12643,0.771843
MULE-12641,0.044019
MULE-12640,0.368974
MULE-12639,0.055005
MULE-12638,0.895888
MULE-12636,0.040541
MULE-12635,0.089455
MULE-12634,0.055823
MULE-12633,0.884039
MULE-12631,0.757794
MULE-12630,0.393036
MULE-12629,0.043043
MULE-12628,0.475118
MULE-12627,0.077239
MULE-12626,0.379148
MULE-12625,0.016915
MULE-12624,0.062331
MULE-12623,0.722527
MULE-12620,0.019419
MULE-12619,0.224225
MULE-12617,0.026964
MULE-12616,0.732974
MULE-12615,0.185062
MULE-12614,0.912436
MULE-12613,0.269326
MULE-12612,0.329166
MULE-12610,0.708011
MULE-12609,0.38827
MULE-12608,0.5083
MULE-12606,0.895157
MULE-12605,0.380529
MULE-12603,0.72487
MULE-12602,0.305905
MULE-12600,0.356951
MULE-12596,0.067547
MULE-12594,0.028436
MULE-12593,0.698432
MULE-12588,0.912748
MULE-12587,0.024054
MULE-12585,0.447219
MULE-12584,0.078078
MULE-12583,0.037892
MULE-12581,0.169131
MULE-12579,0.931463
MULE-12577,0.101947
MULE-12576,0.408749
MULE-12574,0.819316
MULE-12573,0.86431
MULE-12571,0.889912
MULE-12570,0.02461
MULE-12569,0.049959
MULE-12567,0.379493
MULE-12566,0.495117
MULE-12565,0.285571
MULE-12564,0.614047
MULE-12563,0.083591
MULE-12562,0.563378
MULE-12561,0.447702
MULE-12560,0.088505
MULE-12559,0.027796
MULE-12558,0.897336
MULE-12557,0.081813
MULE-12556,0.20466
MULE-12555,0.368747
MULE-12553,0.704058
MULE-12552,0.619471
MULE-12551,0.503906
MULE-12550,0.343892
MULE-12549,0.581778
MULE-12548,0.724286
MULE-12546,0.870597
MULE-12545,0.901921
MULE-12544,0.860604
MULE-12543,0.846451
MULE-12542,0.912124
MULE-12541,0.056236
MULE-12539,0.052231
MULE-12538,0.763131
MULE-12537,0.437343
MULE-12536,0.423696
MULE-12535,0.82559
MULE-12534,0.187728
MULE-12530,0.221687
MULE-12529,0.033337
MULE-12528,0.022629
MULE-12527,0.060752
MULE-12526,0.0538
MULE-12525,0.051845
MULE-12524,0.030676
MULE-12522,0.871037
MULE-12521,0.42322
MULE-12520,0.030444
MULE-12519,0.103749
MULE-12518,0.031859
MULE-12516,0.048496
MULE-12515,0.022117
MULE-12513,0.030444
MULE-12512,0.022977
MULE-12511,0.155335
MULE-12510,0.03138
MULE-12509,0.379723
MULE-12507,0.877056
MULE-12505,0.640861
MULE-12503,0.043691
MULE-12502,0.022286
MULE-12501,0.929951
MULE-12500,0.841305
MULE-12499,0.069542
MULE-12498,0.079496
MULE-12497,0.764892
MULE-12496,0.132515
MULE-12495,0.700075
MULE-12494,0.669421
MULE-12492,0.025179
MULE-12491,0.768733
MULE-12490,0.043043
MULE-12489,0.137996
MULE-12488,0.824462
MULE-12486,0.030909
MULE-12485,0.69946
MULE-12483,0.374562
MULE-12482,0.028871
MULE-12480,0.901575
MULE-12479,0.893309
MULE-12477,0.030909
MULE-12476,0.14978
MULE-12475,0.305736
MULE-12474,0.888759
MULE-12473,0.026355
MULE-12472,0.842345
MULE-12471,0.68763
MULE-12470,0.75274
MULE-12467,0.16238
MULE-12466,0.899475
MULE-12465,0.043366
MULE-12461,0.209146
MULE-12459,0.046378
MULE-12458,0.060752
MULE-12457,0.038178
MULE-12455,0.039639
MULE-12454,0.958847
MULE-12452,0.076961
MULE-12451,0.763836
MULE-12450,0.928409
MULE-12449,0.099821
MULE-12448,0.076684
MULE-12447,0.868381
MULE-12446,0.897695
MULE-12444,0.64204
MULE-12440,0.802865
MULE-12438,0.033844
MULE-12437,0.024988
MULE-12436,0.932944
MULE-12434,0.710929
MULE-12433,0.039639
MULE-12432,0.279042
MULE-12431,0.862004
MULE-12430,0.025761
MULE-12429,0.009486
MULE-12427,0.404978
MULE-12426,0.889912
MULE-12423,0.024423
MULE-12421,0.016403
MULE-12420,0.834946
MULE-12419,0.131619
MULE-12418,0.055005
MULE-12417,0.063482
MULE-12414,0.059866
MULE-12413,0.908942
MULE-12412,0.07921
MULE-12410,0.784649
MULE-12409,0.872347
MULE-12408,0.290477
MULE-12407,0.503418
MULE-12406,0.060975
MULE-12405,0.874507
MULE-12404,0.033844
MULE-12403,0.024423
MULE-12400,0.197444
MULE-12399,0.145115
MULE-12398,0.134776
MULE-12396,0.032344
MULE-12395,0.028871
MULE-12392,0.899121
MULE-12391,0.620219
MULE-12389,0.194368
MULE-12388,0.353317
MULE-12387,0.132515
MULE-12386,0.036494
MULE-12385,0.537527
MULE-12382,0.038756
MULE-12381,0.03622
MULE-12380,0.034359
MULE-12379,0.793106
MULE-12377,0.592667
MULE-12376,0.805326
MULE-12373,0.021125
MULE-12372,0.107063
MULE-12371,0.090414
MULE-12370,0.095687
MULE-12369,0.015664
MULE-12368,0.785309
MULE-12367,0.899121
MULE-12366,0.158695
MULE-12364,0.301259
MULE-12363,0.014957
MULE-12362,0.646879
MULE-12361,0.446253
MULE-12360,0.028008
MULE-12358,0.035679
MULE-12357,0.152537
MULE-12356,0.228329
MULE-12355,0.103024
MULE-12354,0.024988
MULE-12352,0.151278
MULE-12351,0.229535
MULE-12350,0.290377
MULE-12349,0.440469
MULE-12347,0.047074
MULE-12346,0.048858
MULE-12345,0.025957
MULE-12344,0.132066
MULE-12342,0.394201
MULE-12340,0.822189
MULE-12337,0.216674
MULE-12328,0.086632
MULE-12327,0.274838
MULE-12325,0.525369
MULE-12324,0.055823
MULE-12323,0.765944
MULE-12322,0.027169
MULE-12321,0.027169
MULE-12320,0.02461
MULE-12319,0.888372
MULE-12318,0.931463
MULE-12316,0.024054
MULE-12314,0.251648
MULE-12311,0.022803
MULE-12310,0.876634
MULE-12309,0.329351
MULE-12308,0.039048
MULE-12307,0.041462
MULE-12305,0.014616
MULE-12304,0.024054
MULE-12302,0.859664
MULE-12301,0.9462
MULE-12300,0.949669
MULE-12299,0.946597
MULE-12295,0.868827
MULE-12294,0.195902
MULE-12292,0.021287
MULE-12291,0.220342
MULE-12290,0.022977
MULE-12289,0.04778
MULE-12287,0.894789
MULE-12284,0.02976
MULE-12283,0.014282
MULE-12282,0.078642
MULE-12281,0.028871
MULE-12280,0.871037
MULE-12279,0.063948
MULE-12278,0.864768
MULE-12277,0.048137
MULE-12276,0.04778
MULE-12275,0.167491
MULE-12274,0.104112
MULE-12273,0.494629
MULE-12272,0.065366
MULE-12271,0.897336
MULE-12270,0.090093
MULE-12269,0.232484
MULE-12268,0.170508
MULE-12267,0.063482
MULE-12266,0.146331
MULE-12265,0.869715
MULE-12264,0.293202
MULE-12261,0.055413
MULE-12260,0.816406
MULE-12255,0.92523
MULE-12254,0.950041
MULE-12253,0.203708
MULE-12252,0.030215
MULE-12248,0.273574
MULE-12246,0.021287
MULE-12245,0.906322
MULE-12244,0.028008
MULE-12243,0.747984
MULE-12242,0.694303
MULE-12241,0.858719
MULE-12240,0.038756
MULE-12239,0.199308
MULE-12238,0.045353
MULE-12237,0.047426
MULE-12236,0.121269
MULE-12234,0.647743
MULE-12233,0.928409
MULE-12232,0.9462
MULE-12231,0.472197
MULE-12230,0.022117
MULE-12229,0.945801
MULE-12226,0.731826
MULE-12225,0.061876
MULE-12224,0.202759
MULE-12223,0.040846
MULE-12222,0.162912
MULE-12221,0.026355
MULE-12220,0.884838
MULE-12219,0.024238
MULE-12218,0.908942
MULE-12217,0.847463
MULE-12216,0.870597
MULE-12215,0.798501
MULE-12213,0.015425
MULE-12212,0.931463
MULE-12211,0.823896
MULE-12210,0.173568
MULE-12208,0.036494
MULE-12207,0.888372
MULE-12206,0.024798
MULE-12205,0.126353
MULE-12204,0.016029
MULE-12203,0.033844
MULE-12202,0.687105
MULE-12201,0.02976
MULE-12200,0.662861
MULE-12198,0.046378
MULE-12196,0.302752
MULE-12195,0.884039
MULE-12194,0.190423
MULE-12193,0.016029
MULE-12192,0.403567
MULE-12191,0.45302
MULE-12190,0.02461
MULE-12189,0.198375
MULE-12188,0.72526
MULE-12187,0.612657
MULE-12185,0.137996
MULE-12184,0.403567
MULE-12183,0.019569
MULE-12182,0.083591
MULE-12181,0.863392
MULE-12180,0.92079
MULE-12179,0.90261
MULE-12178,0.285272
MULE-12177,0.6466
MULE-12175,0.592195
MULE-12174,0.807157
MULE-12173,0.572484
MULE-12172,0.684686
MULE-12171,0.668339
MULE-12170,0.924688
MULE-12169,0.498047
MULE-12168,0.93196
MULE-12167,0.90599
MULE-12166,0.266262
MULE-12165,0.033086
MULE-12164,0.017849
MULE-12163,0.033844
MULE-12161,0.062103
MULE-12159,0.188623
MULE-12158,0.211417
MULE-12157,0.044681
MULE-12155,0.03259
MULE-12154,0.029987
MULE-12153,0.029091
MULE-12152,0.153549
MULE-12150,0.832237
MULE-12148,0.022457
MULE-12147,0.911495
MULE-12145,0.839208
MULE-12143,0.036494
MULE-12142,0.094678
MULE-12141,0.161056
MULE-12140,0.909586
MULE-12138,0.685529
MULE-12137,0.758511
MULE-12136,0.768733
MULE-12134,0.90261
MULE-12133,0.015906
MULE-12129,0.036494
MULE-12128,0.041153
MULE-12127,0.020804
MULE-12126,0.852935
MULE-12125,0.81257
MULE-12123,0.910227
MULE-12122,0.73678
MULE-12121,0.944177
MULE-12120,0.137532
MULE-12119,0.776962
MULE-12118,0.848972
MULE-12117,0.550607
MULE-12116,0.809276
MULE-12115,0.903294
MULE-12114,0.759939
MULE-12113,0.938576
MULE-12111,0.876211
MULE-12110,0.537041
MULE-12109,0.608245
MULE-12108,0.291989
MULE-12107,0.919643
MULE-12106,0.892937
MULE-12105,0.374219
MULE-12104,0.021781
MULE-12103,0.015906
MULE-12102,0.942082
MULE-12101,0.488771
MULE-12100,0.007938
MULE-12099,0.020332
MULE-12098,0.13707
MULE-12097,0.086323
MULE-12095,0.900879
MULE-12093,0.894052
MULE-12092,0.806548
MULE-12091,0.548674
MULE-12090,0.798187
MULE-12089,0.045353
MULE-12088,0.267695
MULE-12087,0.13569
MULE-12086,0.877896
MULE-12084,0.273769
MULE-12082,0.051845
MULE-12081,0.846958
MULE-12080,0.813461
MULE-12079,0.066812
MULE-12078,0.14731
MULE-12077,0.95222
MULE-12076,0.063715
MULE-12075,0.036769
MULE-12074,0.834946
MULE-12073,0.907967
MULE-12072,0.738103
MULE-12071,0.811676
MULE-12070,0.048496
MULE-12069,0.034359
MULE-12068,0.566738
MULE-12067,0.730866
MULE-12066,0.868381
MULE-12063,0.099121
MULE-12061,0.041774
MULE-12060,0.862468
MULE-12059,0.26971
MULE-12058,0.791176
MULE-12057,0.386879
MULE-12056,0.291687
MULE-12055,0.027169
MULE-12054,0.176104
MULE-12051,0.678647
MULE-12050,0.761361
MULE-12049,0.133415
MULE-12048,0.307826
MULE-12046,0.013532
MULE-12045,0.038178
MULE-12044,0.06489
MULE-12043,0.100879
MULE-12042,0.030676
MULE-12040,0.127653
MULE-12039,0.874507
MULE-12038,0.460532
MULE-12037,0.707203
MULE-12036,0.680772
MULE-12035,0.870597
MULE-12034,0.124639
MULE-12033,0.907312
MULE-12031,0.051083
MULE-12030,0.145844
MULE-12029,0.087876
MULE-12028,0.814643
MULE-12027,0.304869
MULE-12026,0.068787
MULE-12025,0.329459
MULE-12024,0.940353
MULE-12023,0.05301
MULE-12021,0.92944
MULE-12020,0.119203
MULE-12017,0.039343
MULE-12016,0.08389
MULE-12015,0.279042
MULE-12014,0.591959
MULE-12012,0.292797
MULE-12011,0.574395
MULE-12010,0.919643
MULE-12009,0.063715
MULE-12007,0.306761
MULE-12005,0.089455
MULE-12004,0.515132
MULE-12003,0.055005
MULE-12002,0.705582
MULE-12001,0.689515
MULE-11999,0.044681
MULE-11998,0.018547
MULE-11997,0.962953
MULE-11994,0.018264
MULE-11991,0.040846
MULE-11990,0.854399
MULE-11987,0.028008
MULE-11986,0.011158
MULE-11985,0.59972
MULE-11983,0.071591
MULE-11982,0.875787
MULE-11981,0.509276
MULE-11980,0.666632
MULE-11979,0.92523
MULE-11978,0.048858
MULE-11976,0.018125
MULE-11975,0.831691
MULE-11973,0.027169
MULE-11972,0.08882
MULE-11971,0.170232
MULE-11970,0.273671
MULE-11966,0.058777
MULE-11964,0.914291
MULE-11963,0.535584
MULE-11962,0.538012
MULE-11961,0.853425
MULE-11960,0.805632
MULE-11958,0.018405
MULE-11957,0.718989
MULE-11956,0.944177
MULE-11955,0.926835
MULE-11954,0.884039
MULE-11953,0.942929
MULE-11952,0.912436
MULE-11951,0.859664
MULE-11949,0.01653
MULE-11948,0.017177
MULE-11947,0.02976
MULE-11946,0.037327
MULE-11945,0.100525
MULE-11944,0.008316
MULE-11943,0.888759
MULE-11942,0.051083
MULE-11941,0.941223
MULE-11940,0.069795
MULE-11939,0.054199
MULE-11938,0.06804
MULE-11937,0.017442
MULE-11936,0.031859
MULE-11935,0.889912
MULE-11934,0.079782
MULE-11933,0.105948
MULE-11932,0.051083
MULE-11931,0.140572
MULE-11929,0.115162
MULE-11928,0.903635
MULE-11927,0.097734
MULE-11926,0.778313
MULE-11925,0.878314
MULE-11924,0.127218
MULE-11920,0.028436
MULE-11919,0.02461
MULE-11917,0.010818
MULE-11916,0.035145
MULE-11915,0.13707
MULE-11914,0.029987
MULE-11913,0.910545
MULE-11912,0.90261
MULE-11911,0.046378
MULE-11910,0.860134
MULE-11909,0.713631
MULE-11906,0.28887
MULE-11904,0.559531
MULE-11903,0.244003
MULE-11902,0.525369
MULE-11901,0.733165
MULE-11900,0.801315
MULE-11898,0.928409
MULE-11897,0.039937
MULE-11896,0.025565
MULE-11895,0.693784
MULE-11894,0.013223
MULE-11892,0.037327
MULE-11891,0.023153
MULE-11890,0.088505
MULE-11888,0.029091
MULE-11887,0.928926
MULE-11886,0.775265
MULE-11885,0.460532
MULE-11884,0.845942
MULE-11883,0.863852
MULE-11882,0.9462
MULE-11881,0.91611
MULE-11880,0.910227
MULE-11879,0.012625
MULE-11878,0.875361
MULE-11877,0.012723
MULE-11876,0.903975
MULE-11874,0.842863
MULE-11872,0.037047
MULE-11871,0.510741
MULE-11870,0.90261
MULE-11869,0.180974
MULE-11868,0.301825
MULE-11867,0.22919
MULE-11866,0.738292
MULE-11865,0.014842
MULE-11863,0.05301
MULE-11862,0.039937
MULE-11861,0.897695
MULE-11858,0.599251
MULE-11857,0.05921
MULE-11856,0.011961
MULE-11855,0.092688
MULE-11854,0.845942
MULE-11852,0.276397
MULE-11851,0.238639
MULE-11850,0.022286
MULE-11849,0.901227
MULE-11848,0.049959
MULE-11847,0.780328
MULE-11846,0.039048
MULE-11844,0.270095
MULE-11843,0.019719
MULE-11842,0.489748
MULE-11841,0.764188
MULE-11840,0.069038
MULE-11839,0.879147
MULE-11838,0.775945
MULE-11837,0.888372
MULE-11836,0.784649
MULE-11835,0.703753
MULE-11834,0.049589
MULE-11833,0.837088
MULE-11832,0.339458
MULE-11831,0.650079
MULE-11830,0.729327
MULE-11829,0.051845
MULE-11828,0.039048
MULE-11827,0.789234
MULE-11826,0.058346
MULE-11825,0.07921
MULE-11824,0.035948
MULE-11821,0.452778
MULE-11820,0.877896
MULE-11819,0.274254
MULE-11817,0.353261
MULE-11816,0.312849
MULE-11815,0.166675
MULE-11814,0.909907
MULE-11812,0.031619
MULE-11811,0.483892
MULE-11810,0.929951
MULE-11808,0.94699
MULE-11807,0.948537
MULE-11806,0.681727
MULE-11805,0.852445
MULE-11804,0.936285
MULE-11803,0.862468
MULE-11802,0.883638
MULE-11801,0.940353
MULE-11800,0.917598
MULE-11799,0.942082
MULE-11798,0.400984
MULE-11797,0.864768
MULE-11796,0.838151
MULE-11795,0.108566
MULE-11794,0.452052
MULE-11793,0.839734
MULE-11792,0.943348
MULE-11791,0.945399
MULE-11790,0.868827
MULE-11789,0.917303
MULE-11788,0.544317
MULE-11787,0.954308
MULE-11786,0.935346
MULE-11785,0.957278
MULE-11784,0.456652
MULE-11783,0.071851
MULE-11782,0.027376
MULE-11781,0.132066
MULE-11780,0.704364
MULE-11779,0.52829
MULE-11778,0.956309
MULE-11777,0.830594
MULE-11776,0.783326
MULE-11775,0.38168
MULE-11774,0.427516
MULE-11773,0.950041
MULE-11772,0.839208
MULE-11770,0.557364
MULE-11769,0.61832
MULE-11768,0.387227
MULE-11767,0.956634
MULE-11766,0.091707
MULE-11765,0.026557
MULE-11763,0.026156
MULE-11762,0.033337
MULE-11761,0.92523
MULE-11760,0.732209
MULE-11758,0.681303
MULE-11756,0.908942
MULE-11755,0.196209
MULE-11754,0.301876
MULE-11753,0.198685
MULE-11752,0.020489
MULE-11751,0.645902
MULE-11750,0.552298
MULE-11749,0.270769
MULE-11748,0.551332
MULE-11747,0.114369
MULE-11746,0.312947
MULE-11744,0.906653
MULE-11743,0.867485
MULE-11742,0.477067
MULE-11741,0.874077
MULE-11740,0.921922
MULE-11739,0.902266
MULE-11738,0.845433
MULE-11737,0.911495
MULE-11736,0.300181
MULE-11735,0.617051
MULE-11733,0.324771
MULE-11732,0.0538
MULE-11731,0.539711
MULE-11730,0.216177
MULE-11729,0.148788
MULE-11728,0.024054
MULE-11727,0.092688
MULE-11726,0.884439
MULE-11725,0.09401
MULE-11724,0.079496
MULE-11723,0.855851
MULE-11722,0.018125
MULE-11721,0.033337
MULE-11720,0.030909
MULE-11719,0.027376
MULE-11718,0.832781
MULE-11717,0.412293
MULE-11716,0.226441
MULE-11715,0.53607
MULE-11714,0.06165
MULE-11712,0.810779
MULE-11711,0.100879
MULE-11710,0.063482
MULE-11709,0.092033
MULE-11708,0.038466
MULE-11707,0.032101
MULE-11706,0.883236
MULE-11705,0.703753
MULE-11703,0.277375
MULE-11702,0.152032
MULE-11701,0.009268
MULE-11700,0.021125
MULE-11699,0.188324
MULE-11698,0.67971
MULE-11697,0.673299
MULE-11696,0.010735
MULE-11695,0.903294
MULE-11694,0.778986
MULE-11693,0.133415
MULE-11690,0.049222
MULE-11689,0.055005
MULE-11688,0.054601
MULE-11687,0.33112
MULE-11686,0.847463
MULE-11685,0.872782
MULE-11684,0.168036
MULE-11683,0.561215
MULE-11682,0.498535
MULE-11681,0.939913
MULE-11680,0.944995
MULE-11674,0.308242
MULE-11672,0.887595
MULE-11671,0.860134
MULE-11670,0.477554
MULE-11669,0.867485
MULE-11668,0.578924
MULE-11667,0.787278
MULE-11666,0.137996
MULE-11665,0.119203
MULE-11664,0.771499
MULE-11663,0.949295
MULE-11662,0.020646
MULE-11659,0.925769
MULE-11658,0.92079
MULE-11657,0.929951
MULE-11655,0.904313
MULE-11654,0.865224
MULE-11653,0.876634
MULE-11652,0.92944
MULE-11651,0.046034
MULE-11650,0.574156
MULE-11649,0.820469
MULE-11648,0.788583
MULE-11647,0.728169
MULE-11646,0.803791
MULE-11645,0.754192
MULE-11644,0.872347
MULE-11643,0.222025
MULE-11642,0.120439
MULE-11641,0.029312
MULE-11640,0.058346
MULE-11639,0.684159
MULE-11638,0.830044
MULE-11637,0.690142
MULE-11636,0.854885
MULE-11635,0.020177
MULE-11634,0.032101
MULE-11633,0.5794
MULE-11632,0.866585
MULE-11631,0.849971
MULE-11630,0.914901
MULE-11629,0.441191
MULE-11628,0.889529
MULE-11627,0.291485
MULE-11626,0.626353
MULE-11625,0.607081
MULE-11624,0.841826
MULE-11623,0.71602
MULE-11621,0.659734
MULE-11620,0.103386
MULE-11619,0.020646
MULE-11618,0.801936
MULE-11617,0.470737
MULE-11615,0.814938
MULE-11614,0.54359
MULE-11612,0.063715
MULE-11611,0.089137
MULE-11610,0.915507
MULE-11609,0.810179
MULE-11608,0.533154
MULE-11607,0.654046
MULE-11606,0.810779
MULE-11605,0.093347
MULE-11604,0.054199
MULE-11603,0.272315
MULE-11602,0.228845
MULE-11601,0.802865
MULE-11599,0.895523
MULE-11598,0.015306
MULE-11597,0.807764
MULE-11596,0.326298
MULE-11594,0.770465
MULE-11593,0.871475
MULE-11592,0.95222
MULE-11591,0.819316
MULE-11590,0.047074
MULE-11589,0.648675
MULE-11588,0.933431
MULE-11587,0.052619
MULE-11586,0.035948
MULE-11585,0.849971
MULE-11584,0.366703
MULE-11583,0.31025
MULE-11582,0.598782
MULE-11581,0.762778
MULE-11580,0.877896
MULE-11579,0.628578
MULE-11576,0.902266
MULE-11575,0.924688
MULE-11574,0.058132
MULE-11573,0.373876
MULE-11572,0.234231
MULE-11570,0.156105
MULE-11568,0.73678
MULE-11567,0.695338
MULE-11566,0.662073
MULE-11565,0.025957
MULE-11564,0.834407
MULE-11563,0.746139
MULE-11561,0.624809
MULE-11560,0.932944
MULE-11559,0.871912
MULE-11558,0.894789
MULE-11557,0.138928
MULE-11556,0.087564
MULE-11555,0.896976
MULE-11554,0.942929
MULE-11553,0.919643
MULE-11552,0.052231
MULE-11551,0.913058
MULE-11549,0.061199
MULE-11548,0.639877
MULE-11547,0.175256
MULE-11546,0.024798
MULE-11545,0.869715
MULE-11544,0.031859
MULE-11543,0.867036
MULE-11542,0.944587
MULE-11541,0.90764
MULE-11540,0.936749
MULE-11539,0.021287
MULE-11538,0.646042
MULE-11537,0.242026
MULE-11536,0.902266
MULE-11535,0.013223
MULE-11534,0.019569
MULE-11533,0.577019
MULE-11531,0.896251
MULE-11530,0.017177
MULE-11529,0.908942
MULE-11528,0.758868
MULE-11527,0.696991
MULE-11526,0.054601
MULE-11525,0.770119
MULE-11524,0.847463
MULE-11523,0.828939
MULE-11522,0.822759
MULE-11521,0.907967
MULE-11520,0.966663
MULE-11519,0.654336
MULE-11518,0.444324
MULE-11516,0.11358
MULE-11515,0.916708
MULE-11514,0.895888
MULE-11513,0.858719
MULE-11512,0.090414
MULE-11511,0.06256
MULE-11510,0.007346
MULE-11509,0.842863
MULE-11507,0.91118
MULE-11506,0.552298
MULE-11505,0.892563
MULE-11504,0.013742
MULE-11503,0.224735
MULE-11502,0.808974
MULE-11501,0.86293
MULE-11500,0.892937
MULE-11499,0.111241
MULE-11498,0.181263
MULE-11497,0.017849
MULE-11496,0.885631
MULE-11495,0.563378
MULE-11494,0.935346
MULE-11493,0.850965
MULE-11492,0.042404
MULE-11491,0.081228
MULE-11490,0.856812
MULE-11489,0.681197
MULE-11488,0.027169
MULE-11487,0.821617
MULE-11486,0.029312
MULE-11485,0.948537
MULE-11484,0.023509
MULE-11483,0.879147
MULE-11482,0.889529
MULE-11481,0.913677
MULE-11480,0.018689
MULE-11479,0.032344
MULE-11478,0.584864
MULE-11477,0.860604
MULE-11476,0.605916
MULE-11475,0.920218
MULE-11473,0.90599
MULE-11472,0.871037
MULE-11471,0.893681
MULE-11470,0.487307
MULE-11469,0.671471
MULE-11468,0.781331
MULE-11467,0.682362
MULE-11466,0.191328
MULE-11465,0.606732
MULE-11464,0.913058
MULE-11463,0.832781
MULE-11462,0.224906
MULE-11461,0.323313
MULE-11460,0.875787
MULE-11459,0.868827
MULE-11458,0.822759
MULE-11457,0.801625
MULE-11456,0.819316
MULE-11455,0.310322
MULE-11453,0.158695
MULE-11452,0.650925
MULE-11451,0.276105
MULE-11450,0.493164
MULE-11449,0.398875
MULE-11448,0.101589
MULE-11447,0.89841
MULE-11446,0.902266
MULE-11444,0.758153
MULE-11443,0.84338
MULE-11442,0.169131
MULE-11441,0.2227
MULE-11440,0.897336
MULE-11439,0.066812
MULE-11438,0.91118
MULE-11437,0.665084
MULE-11435,0.896251
MULE-11434,0.836555
MULE-11433,0.031144
MULE-11432,0.246171
MULE-11431,0.82559
MULE-11429,0.772874
MULE-11428,0.039937
MULE-11426,0.321567
MULE-11424,0.885235
MULE-11423,0.52829
MULE-11422,0.876211
MULE-11421,0.865224
MULE-11420,0.072112
MULE-11419,0.031144
MULE-11418,0.907967
MULE-11417,0.093678
MULE-11416,0.90053
MULE-11414,0.605333
MULE-11413,0.506347
MULE-11412,0.489259
MULE-11411,0.026964
MULE-11410,0.392337
MULE-11409,0.674265
MULE-11408,0.871475
MULE-11407,0.025761
MULE-11406,0.589598
MULE-11405,0.054601
MULE-11404,0.65053
MULE-11403,0.780662
MULE-11402,0.828939
MULE-11401,0.744656
MULE-11400,0.715623
MULE-11399,0.773559
MULE-11398,0.794704
MULE-11397,0.834946
MULE-11396,0.828384
MULE-11395,0.842345
MULE-11394,0.832237
MULE-11393,0.785966
MULE-11392,0.83868
MULE-11391,0.758153
MULE-11390,0.820469
MULE-11389,0.047074
MULE-11388,0.722331
MULE-11387,0.866133
MULE-11386,0.262086
MULE-11385,0.872347
MULE-11383,0.806853
MULE-11382,0.00934
MULE-11380,0.02976
MULE-11379,0.417271
MULE-11378,0.914596
MULE-11377,0.909907
MULE-11376,0.934873
MULE-11375,0.91181
MULE-11374,0.854885
MULE-11373,0.807461
MULE-11372,0.70416
MULE-11371,0.787931
MULE-11370,0.827828
MULE-11369,0.110471
MULE-11368,0.928409
MULE-11367,0.907312
MULE-11366,0.133415
MULE-11365,0.028871
MULE-11364,0.852445
MULE-11363,0.703957
MULE-11362,0.62498
MULE-11361,0.098425
MULE-11360,0.061424
MULE-11359,0.870597
MULE-11358,0.010408
MULE-11357,0.824462
MULE-11356,0.333151
MULE-11355,0.750553
MULE-11352,0.692538
MULE-11351,0.921922
MULE-11350,0.027169
MULE-11349,0.766643
MULE-11348,0.92523
MULE-11347,0.791499
MULE-11346,0.756717
MULE-11345,0.713232
MULE-11344,0.329884
MULE-11343,0.876634
MULE-11342,0.687945
MULE-11341,0.765593
MULE-11340,0.948917
MULE-11339,0.780997
MULE-11338,0.864768
MULE-11337,0.017986
MULE-11336,0.560734
MULE-11335,0.764892
MULE-11334,0.90053
MULE-11332,0.281307
MULE-11330,0.179818
MULE-11329,0.798501
MULE-11327,0.151278
MULE-11326,0.550124
MULE-11325,0.805938
MULE-11324,0.045016
MULE-11323,0.081813
MULE-11322,0.044349
MULE-11321,0.940353
MULE-11320,0.155591
MULE-11319,0.565779
MULE-11318,0.774583
MULE-11317,0.744656
MULE-11316,0.904987
MULE-11315,0.064183
MULE-11314,0.015306
MULE-11313,0.015664
MULE-11312,0.022457
MULE-11311,0.046034
MULE-11310,0.773559
MULE-11309,0.959459
MULE-11308,0.827271
MULE-11307,0.908618
MULE-11305,0.92944
MULE-11304,0.139631
MULE-11303,0.814348
MULE-11302,0.094678
MULE-11301,0.138928
MULE-11300,0.017986
MULE-11298,0.060529
MULE-11297,0.311951
MULE-11296,0.65274
MULE-11295,0.682362
MULE-11294,0.881615
MULE-11293,0.053403
MULE-11292,0.194368
MULE-11291,0.951863
MULE-11290,0.856812
MULE-11289,0.866133
MULE-11288,0.847463
MULE-11287,0.812867
MULE-11286,0.051463
MULE-11285,0.019124
MULE-11284,0.910545
MULE-11283,0.944177
MULE-11282,0.021948
MULE-11281,0.193452
MULE-11280,0.867934
MULE-11279,0.432063
MULE-11278,0.180974
MULE-11277,0.718792
MULE-11276,0.103749
MULE-11275,0.072637
MULE-11274,0.098773
MULE-11273,0.076961
MULE-11272,0.825027
MULE-11271,0.050705
MULE-11270,0.731251
MULE-11269,0.51562
MULE-11268,0.066569
MULE-11267,0.601594
MULE-11266,0.023871
MULE-11265,0.106319
MULE-11264,0.900179
MULE-11263,0.647046
MULE-11262,0.526343
MULE-11261,0.128525
MULE-11260,0.045692
MULE-11259,0.80038
MULE-11258,0.290779
MULE-11257,0.754915
MULE-11256,0.870597
MULE-11255,0.895888
MULE-11254,0.193452
MULE-11253,0.84338
MULE-11252,0.905322
MULE-11251,0.793106
MULE-11249,0.785966
MULE-11248,0.792464
MULE-11247,0.607081
MULE-11246,0.181263
MULE-11245,0.254231
MULE-11244,0.904651
MULE-11243,0.746139
MULE-11242,0.094343
MULE-11241,0.71103
MULE-11240,0.024054
MULE-11238,0.900879
MULE-11237,0.944177
MULE-11236,0.886813
MULE-11235,0.092688
MULE-11234,0.870597
MULE-11233,0.718594
MULE-11232,0.821617
MULE-11231,0.951142
MULE-11230,0.030215
MULE-11229,0.072374
MULE-11228,0.859664
MULE-11227,0.883236
MULE-11226,0.882022
MULE-11225,0.7011
MULE-11224,0.892563
MULE-11222,0.802865
MULE-11221,0.791176
MULE-11220,0.940353
MULE-11216,0.0341
MULE-11215,0.053403
MULE-11214,0.788583
MULE-11213,0.486332
MULE-11212,0.04778
MULE-11211,0.026759
MULE-11210,0.024798
MULE-11209,0.020646
MULE-11208,0.020964
MULE-11207,0.099121
MULE-11206,0.479016
MULE-11202,0.009055
MULE-11197,0.072374
MULE-11196,0.027585
MULE-11193,0.042404
MULE-11192,0.912748
MULE-11191,0.060087
MULE-11190,0.034619
MULE-11189,0.042404
MULE-11188,0.028436
MULE-11187,0.035411
MULE-11186,0.07056
MULE-11185,0.018689
MULE-11184,0.096025
MULE-11183,0.694924
MULE-11182,0.90261
MULE-11181,0.956309
MULE-11180,0.907312
MULE-11179,0.234757
MULE-11175,0.929951
MULE-11173,0.933915
MULE-11172,0.508788
MULE-11171,0.103024
MULE-11170,0.912748
MULE-11169,0.962108
MULE-11167,0.897695
MULE-11166,0.504883
MULE-11163,0.936285
MULE-11161,0.742608
MULE-11160,0.283285
MULE-11159,0.042404
MULE-11158,0.062103
MULE-11153,0.046034
MULE-11151,0.664649
MULE-11150,0.086942
MULE-11149,0.890675
MULE-11148,0.098079
MULE-11147,0.024423
MULE-11146,0.549157
MULE-11144,0.031619
MULE-11143,0.08152
MULE-11142,0.029091
MULE-11141,0.321061
MULE-11140,0.751283
MULE-11139,0.103386
MULE-11136,0.390243
MULE-11135,0.025957
MULE-11134,0.847463
MULE-11133,0.109325
MULE-11131,0.618089
MULE-11130,0.046034
MULE-11129,0.358072
MULE-11128,0.020646
MULE-11127,0.033844
MULE-11125,0.152537
MULE-11124,0.058346
MULE-11122,0.108189
MULE-11121,0.762424
MULE-11120,0.896976
MULE-11119,0.943764
MULE-11118,0.030444
MULE-11117,0.731634
MULE-11116,0.913058
MULE-11115,0.688154
MULE-11114,0.252384
MULE-11113,0.847463
MULE-11112,0.798815
MULE-11111,0.899828
MULE-11110,0.083292
MULE-11108,0.035679
MULE-11107,0.016029
MULE-11106,0.695441
MULE-11105,0.819316
MULE-11104,0.806243
MULE-11103,0.043043
MULE-11102,0.811676
MULE-11101,0.825027
MULE-11100,0.920218
MULE-11099,0.821044
MULE-11098,0.908618
MULE-11097,0.034619
MULE-11096,0.783658
MULE-11095,0.746139
MULE-11094,0.744842
MULE-11093,0.806243
MULE-11092,0.829492
MULE-11091,0.314314
MULE-11089,0.041153
MULE-11087,0.862468
MULE-11086,0.882022
MULE-11085,0.082402
MULE-11084,0.040846
MULE-11083,0.883638
MULE-11082,0.930962
MULE-11081,0.873215
MULE-11079,0.037047
MULE-11078,0.204025
MULE-11076,0.913058
MULE-11075,0.224735
MULE-11074,0.113973
MULE-11073,0.048137
MULE-11072,0.795975
MULE-11071,0.88642
MULE-11070,0.547222
MULE-11069,0.821617
MULE-11066,0.667635
MULE-11065,0.80038
MULE-11064,0.923592
MULE-11063,0.884039
MULE-11062,0.885235
MULE-11061,0.037327
MULE-11060,0.889912
MULE-11059,0.099821
MULE-11058,0.855851
MULE-11057,0.216674
MULE-11056,0.068537
MULE-11054,0.048137
MULE-11053,0.961534
MULE-11052,0.771499
MULE-11051,0.044349
MULE-11049,0.095013
MULE-11047,0.813164
MULE-11042,0.025179
MULE-11041,0.524395
MULE-11039,0.664649
MULE-11037,0.055005
MULE-11036,0.784979
MULE-11035,0.501465
MULE-11034,0.859664
MULE-11033,0.012054
MULE-11032,0.79053
MULE-11031,0.060529
MULE-11030,0.489748
MULE-11029,0.030215
MULE-11028,0.046378
MULE-11027,0.846958
MULE-11026,0.069289
MULE-11025,0.024054
MULE-11024,0.871037
MULE-11023,0.890294
MULE-11022,0.217005
MULE-11021,0.376852
MULE-11020,0.873647
MULE-11019,0.105948
MULE-11018,0.892187
MULE-11016,0.009634
MULE-11015,0.935346
MULE-11014,0.933915
MULE-11013,0.953966
MULE-11010,0.605449
MULE-11009,0.932944
MULE-11007,0.948155
MULE-11002,0.063715
MULE-11001,0.897695
MULE-10999,0.223547
MULE-10996,0.030676
MULE-10995,0.030444
MULE-10992,0.568655
MULE-10991,0.69181
MULE-10990,0.08819
MULE-10989,0.068537
MULE-10987,0.038756
MULE-10986,0.35031
MULE-10985,0.064418
MULE-10982,0.909586
MULE-10981,0.042722
MULE-10980,0.098773
MULE-10979,0.819605
MULE-10978,0.057918
MULE-10977,0.046378
MULE-10976,0.048858
MULE-10975,0.197444
MULE-10974,0.039343
MULE-10973,0.599661
MULE-10972,0.04778
MULE-10971,0.908942
MULE-10970,0.846451
MULE-10969,0.573678
MULE-10968,0.066327
MULE-10967,0.034619
MULE-10966,0.551332
MULE-10964,0.895523
MULE-10963,0.860134
MULE-10962,0.254046
MULE-10961,0.785966
MULE-10960,0.841305
MULE-10959,0.913058
MULE-10958,0.688049
MULE-10957,0.010735
MULE-10955,0.032101
MULE-10953,0.916708
MULE-10952,0.152032
MULE-10951,0.07343
MULE-10949,0.914901
MULE-10947,0.727782
MULE-10946,0.116764
MULE-10945,0.819316
MULE-10944,0.077797
MULE-10943,0.020177
MULE-10942,0.517571
MULE-10941,0.847463
MULE-10940,0.729712
MULE-10939,0.800692
MULE-10938,0.778649
MULE-10937,0.952926
MULE-10936,0.906983
MULE-10935,0.568176
MULE-10934,0.621771
MULE-10933,0.924688
MULE-10932,0.904651
MULE-10931,0.933431
MULE-10930,0.946597
MULE-10929,0.894789
MULE-10928,0.777975
MULE-10927,0.696165
MULE-10926,0.926835
MULE-10925,0.883236
MULE-10924,0.031144
MULE-10923,0.558086
MULE-10922,0.016657
MULE-10921,0.019124
MULE-10920,0.692122
MULE-10919,0.267026
MULE-10918,0.014282
MULE-10917,0.023871
MULE-10916,0.83602
MULE-10914,0.781664
MULE-10911,0.041462
MULE-10910,0.239705
MULE-10908,0.031144
MULE-10907,0.090414
MULE-10906,0.553023
MULE-10905,0.833866
MULE-10904,0.895523
MULE-10902,0.289071
MULE-10901,0.137996
MULE-10900,0.039048
MULE-10899,0.859192
MULE-10896,0.762778
MULE-10895,0.661076
MULE-10894,0.038466
MULE-10893,0.044349
MULE-10892,0.88642
MULE-10891,0.924688
MULE-10889,0.932453
MULE-10888,0.927363
MULE-10887,0.9462
MULE-10886,0.037892
MULE-10885,0.655722
MULE-10882,0.061876
MULE-10881,0.025957
MULE-10879,0.146331
MULE-10878,0.055823
MULE-10877,0.878314
MULE-10876,0.923316
MULE-10875,0.93196
MULE-10874,0.939913
MULE-10873,0.93196
MULE-10872,0.879147
MULE-10871,0.917598
MULE-10870,0.023509
MULE-10869,0.647687
MULE-10868,0.848471
MULE-10867,0.01302
MULE-10866,0.925769
MULE-10865,0.537527
MULE-10863,0.095349
MULE-10862,0.474144
MULE-10861,0.892937
MULE-10860,0.409929
MULE-10859,0.11358
MULE-10857,0.134776
MULE-10856,0.743168
MULE-10855,0.810179
MULE-10853,0.029987
MULE-10852,0.874507
MULE-10851,0.965381
MULE-10850,0.928926
MULE-10849,0.696371
MULE-10848,0.699254
MULE-10847,0.931463
MULE-10845,0.897336
MULE-10844,0.634119
MULE-10843,0.812867
MULE-10842,0.886813
MULE-10841,0.939913
MULE-10840,0.073165
MULE-10839,0.049959
MULE-10838,0.920218
MULE-10837,0.939913
MULE-10836,0.939471
MULE-10835,0.870157
MULE-10834,0.864768
MULE-10833,0.858719
MULE-10832,0.063251
MULE-10830,0.811377
MULE-10829,0.692434
MULE-10828,0.781997
MULE-10827,0.055005
MULE-10826,0.136148
MULE-10825,0.657291
MULE-10824,0.090735
MULE-10823,0.903294
MULE-10822,0.92944
MULE-10821,0.648435
MULE-10820,0.037609
MULE-10819,0.708414
MULE-10818,0.916708
MULE-10817,0.024988
MULE-10816,0.272025
MULE-10815,0.47171
MULE-10814,0.879561
MULE-10812,0.065366
MULE-10811,0.874507
MULE-10810,0.625266
MULE-10809,0.936285
MULE-10808,0.912748
MULE-10807,0.13707
MULE-10806,0.705379
MULE-10804,0.889529
MULE-10803,0.098079
MULE-10802,0.906983
MULE-10801,0.745028
MULE-10799,0.04778
MULE-10796,0.635816
MULE-10795,0.528777
MULE-10793,0.923039
MULE-10792,0.050705
MULE-10791,0.881207
MULE-10790,0.206254
MULE-10789,0.117167
MULE-10788,0.196826
MULE-10787,0.032837
MULE-10786,0.09947
MULE-10785,0.959154
MULE-10784,0.806853
MULE-10783,0.944177
MULE-10782,0.844922
MULE-10781,0.774583
MULE-10780,0.779993
MULE-10779,0.874077
MULE-10778,0.815233
MULE-10777,0.607197
MULE-10776,0.475605
MULE-10775,0.455925
MULE-10774,0.094678
MULE-10773,0.13569
MULE-10772,0.040541
MULE-10771,0.655667
MULE-10770,0.017577
MULE-10767,0.860604
MULE-10766,0.886027
MULE-10765,0.651022
MULE-10764,0.240775
MULE-10763,0.631992
MULE-10762,0.904987
MULE-10761,0.930962
MULE-10760,0.93196
MULE-10759,0.871037
MULE-10758,0.639729
MULE-10757,0.845433
MULE-10756,0.852935
MULE-10755,0.069289
MULE-10754,0.056236
MULE-10753,0.233182
MULE-10752,0.045016
MULE-10751,0.120026
MULE-10750,0.307774
MULE-10749,0.408749
MULE-10748,0.923039
MULE-10747,0.854885
MULE-10746,0.218503
MULE-10745,0.036769
MULE-10744,0.887984
MULE-10743,0.055413
MULE-10742,0.841305
MULE-10741,0.875361
MULE-10740,0.690976
MULE-10739,0.852935
MULE-10737,0.045692
MULE-10735,0.94079
MULE-10733,0.050705
MULE-10731,0.048137
MULE-10730,0.796925
MULE-10729,0.120439
MULE-10727,0.145358
MULE-10723,0.057918
MULE-10722,0.057493
MULE-10721,0.025179
MULE-10720,0.051845
MULE-10719,0.039048
MULE-10718,0.456652
MULE-10717,0.026156
MULE-10715,0.843895
MULE-10713,0.612194
MULE-10712,0.256087
MULE-10711,0.709824
MULE-10710,0.580114
MULE-10709,0.939471
MULE-10708,0.793106
MULE-10707,0.919931
MULE-10705,0.893309
MULE-10704,0.354768
MULE-10703,0.789234
MULE-10700,0.033086
MULE-10696,0.908618
MULE-10695,0.026964
MULE-10693,0.821617
MULE-10692,0.291838
MULE-10690,0.038466
MULE-10689,0.874507
MULE-10688,0.632474
MULE-10687,0.917006
MULE-10686,0.081813
MULE-10685,0.144873
MULE-10683,0.960657
MULE-10682,0.196209
MULE-10681,0.666062
MULE-10679,0.842345
MULE-10678,0.836555
MULE-10677,0.055413
MULE-10676,0.938576
MULE-10675,0.022117
MULE-10668,0.562177
MULE-10664,0.033337
MULE-10663,0.700485
MULE-10662,0.283186
MULE-10661,0.592902
MULE-10659,0.66888
MULE-10657,0.304817
MULE-10656,0.303009
MULE-10655,0.933431
MULE-10654,0.162115
MULE-10652,0.919063
MULE-10651,0.863852
MULE-10649,0.03359
MULE-10646,0.884838
MULE-10644,0.52975
MULE-10643,0.554953
MULE-10642,0.010014
MULE-10641,0.901227
MULE-10640,0.212069
MULE-10639,0.402392
MULE-10637,0.736211
MULE-10635,0.564699
MULE-10634,0.915205
MULE-10633,0.889912
MULE-10631,0.887205
MULE-10629,0.832781
MULE-10628,0.69285
MULE-10625,0.040238
MULE-10622,0.036769
MULE-10620,0.036769
MULE-10619,0.118793
MULE-10617,0.827828
MULE-10615,0.804713
MULE-10614,0.928409
MULE-10612,0.091707
MULE-10610,0.498047
MULE-10609,0.962391
MULE-10608,0.359252
MULE-10607,0.830044
MULE-10606,0.939025
MULE-10605,0.379608
MULE-10604,0.46393
MULE-10603,0.877896
MULE-10602,0.426799
MULE-10601,0.198375
MULE-10600,0.212722
MULE-10599,0.06804
MULE-10598,0.022803
MULE-10597,0.840259
MULE-10596,0.108945
MULE-10595,0.110856
MULE-10594,0.033086
MULE-10593,0.026964
MULE-10592,0.739799
MULE-10591,0.913677
MULE-10589,0.022629
MULE-10588,0.059428
MULE-10587,0.413951
MULE-10586,0.277277
MULE-10585,0.817866
MULE-10584,0.909265
MULE-10583,0.939913
MULE-10582,0.040846
MULE-10581,0.030444
MULE-10580,0.775265
MULE-10579,0.555918
MULE-10578,0.034881
MULE-10576,0.011597
MULE-10575,0.728169
MULE-10574,0.750187
MULE-10573,0.056862
MULE-10572,0.3217
MULE-10571,0.418222
MULE-10570,0.834946
MULE-10569,0.857768
MULE-10568,0.566738
MULE-10567,0.2522
MULE-10566,0.309754
MULE-10565,0.829492
MULE-10564,0.855851
MULE-10561,0.558568
MULE-10560,0.08152
MULE-10558,0.038466
MULE-10557,0.883638
MULE-10556,0.115961
MULE-10555,0.815526
MULE-10554,0.877477
MULE-10553,0.776623
MULE-10552,0.849472
MULE-10551,0.508788
MULE-10550,0.336767
MULE-10549,0.92944
MULE-10548,0.496094
MULE-10547,0.293303
MULE-10546,0.572245
MULE-10545,0.844409
MULE-10544,0.557604
MULE-10543,0.910545
MULE-10542,0.934395
MULE-10541,0.811974
MULE-10540,0.893681
MULE-10539,0.618204
MULE-10538,0.863392
MULE-10537,0.757436
MULE-10536,0.166947
MULE-10535,0.818156
MULE-10534,0.101589
MULE-10533,0.06165
MULE-10532,0.909907
MULE-10531,0.883236
MULE-10530,0.669691
MULE-10529,0.927888
MULE-10528,0.315314
MULE-10524,0.783658
MULE-10523,0.019569
MULE-10520,0.603114
MULE-10519,0.804406
MULE-10518,0.703957
MULE-10517,0.858719
MULE-10516,0.433502
MULE-10514,0.937211
MULE-10513,0.911495
MULE-10510,0.897695
MULE-10509,0.857291
MULE-10507,0.054601
MULE-10506,0.030676
MULE-10505,0.915809
MULE-10503,0.051845
MULE-10502,0.027585
MULE-10501,0.920218
MULE-10500,0.045692
MULE-10498,0.879561
MULE-10497,0.261142
MULE-10496,0.512693
MULE-10495,0.578329
MULE-10494,0.877056
MULE-10493,0.916708
MULE-10491,0.646938
MULE-10490,0.527317
MULE-10488,0.682362
MULE-10487,0.305179
MULE-10485,0.923592
MULE-10484,0.893681
MULE-10482,0.698021
MULE-10481,0.824462
MULE-10480,0.370112
MULE-10479,0.02976
MULE-10478,0.849472
MULE-10476,0.886027
MULE-10475,0.055209
MULE-10474,0.725454
MULE-10473,0.905657
MULE-10472,0.084795
MULE-10470,0.098773
MULE-10469,0.887984
MULE-10468,0.660939
MULE-10467,0.888759
MULE-10466,0.16132
MULE-10465,0.020804
MULE-10464,0.024238
MULE-10461,0.025761
MULE-10460,0.018689
MULE-10459,0.021125
MULE-10458,0.935817
MULE-10457,0.894789
MULE-10456,0.031144
MULE-10455,0.92079
MULE-10453,0.088505
MULE-10452,0.058561
MULE-10451,0.342214
MULE-10450,0.535098
MULE-10449,0.854399
MULE-10448,0.428233
MULE-10447,0.556159
MULE-10446,0.507812
MULE-10445,0.813461
MULE-10442,0.443841
MULE-10441,0.919643
MULE-10440,0.875787
MULE-10439,0.027585
MULE-10438,0.83762
MULE-10437,0.438545
MULE-10436,0.858244
MULE-10435,0.926304
MULE-10434,0.057705
MULE-10432,0.041462
MULE-10431,0.045353
MULE-10430,0.83762
MULE-10429,0.14439
MULE-10428,0.479504
MULE-10427,0.859192
MULE-10426,0.815526
MULE-10425,0.242564
MULE-10424,0.419648
MULE-10422,0.812867
MULE-10421,0.90764
MULE-10420,0.04778
MULE-10418,0.080357
MULE-10417,0.067301
MULE-10416,0.62641
MULE-10415,0.153042
MULE-10414,0.844922
MULE-10413,0.566738
MULE-10412,0.845433
MULE-10410,0.879974
MULE-10409,0.885235
MULE-10408,0.312685
MULE-10407,0.013223
MULE-10406,0.012336
MULE-10405,0.016029
MULE-10404,0.88642
MULE-10403,0.022977
MULE-10402,0.157137
MULE-10401,0.833325
MULE-10400,0.544075
MULE-10399,0.936749
MULE-10398,0.831691
MULE-10397,0.051845
MULE-10394,0.904987
MULE-10393,0.892187
MULE-10392,0.837088
MULE-10391,0.928409
MULE-10390,0.937211
MULE-10389,0.714628
MULE-10388,0.956634
MULE-10387,0.505371
MULE-10386,0.926835
MULE-10385,0.906983
MULE-10384,0.840259
MULE-10383,0.105211
MULE-10382,0.930962
MULE-10381,0.930962
MULE-10380,0.93196
MULE-10379,0.056236
MULE-10378,0.785309
MULE-10377,0.921922
MULE-10376,0.536313
MULE-10375,0.057493
MULE-10373,0.721351
MULE-10371,0.082107
MULE-10370,0.393502
MULE-10369,0.02976
MULE-10368,0.803482
MULE-10367,0.758153
MULE-10366,0.778649
MULE-10365,0.925769
MULE-10364,0.512205
MULE-10363,0.945399
MULE-10362,0.783326
MULE-10361,0.91848
MULE-10360,0.883638
MULE-10359,0.94699
MULE-10358,0.924142
MULE-10357,0.398524
MULE-10356,0.041153
MULE-10355,0.874935
MULE-10354,0.878314
MULE-10353,0.569613
MULE-10352,0.046034
MULE-10351,0.90261
MULE-10349,0.876634
MULE-10348,0.034619
MULE-10347,0.410402
MULE-10346,0.100172
MULE-10345,0.79534
MULE-10344,0.65368
MULE-10343,0.857768
MULE-10342,0.148294
MULE-10341,0.878731
MULE-10340,0.879147
MULE-10339,0.953622
MULE-10336,0.404978
MULE-10329,0.039937
MULE-10327,0.126785
MULE-10326,0.810479
MULE-10325,0.069289
MULE-10324,0.650557
MULE-10323,0.920218
MULE-10321,0.942929
MULE-10320,0.907967
MULE-10319,0.522446
MULE-10318,0.528777
MULE-10317,0.64639
MULE-10316,0.48438
MULE-10315,0.281208
MULE-10314,0.289372
MULE-10313,0.961244
MULE-10312,0.947381
MULE-10311,0.325266
MULE-10310,0.910227
MULE-10309,0.904987
MULE-10308,0.909586
MULE-10307,0.912124
MULE-10306,0.169406
MULE-10305,0.947381
MULE-10303,0.023689
MULE-10302,0.879974
MULE-10301,0.930962
MULE-10300,0.737158
MULE-10299,0.744842
MULE-10298,0.917893
MULE-10297,0.669313
MULE-10296,0.589126
MULE-10295,0.025957
MULE-10294,0.870157
MULE-10293,0.069542
MULE-10292,0.556159
MULE-10291,0.651299
MULE-10288,0.223716
MULE-10287,0.010328
MULE-10286,0.031859
MULE-10285,0.029091
MULE-10284,0.033844
MULE-10283,0.016915
MULE-10282,0.877896
MULE-10281,0.704567
MULE-10280,0.410165
MULE-10279,0.238639
MULE-10278,0.953275
MULE-10277,0.86293
MULE-10275,0.878314
MULE-10274,0.955651
MULE-10273,0.898053
MULE-10272,0.814643
MULE-10270,0.909265
MULE-10269,0.939471
MULE-10268,0.068537
MULE-10267,0.868827
MULE-10266,0.892937
MULE-10265,0.627352
MULE-10264,0.752013
MULE-10263,0.758868
MULE-10262,0.435661
MULE-10261,0.839208
MULE-10260,0.935346
MULE-10259,0.91181
MULE-10258,0.086016
MULE-10257,0.246352
MULE-10256,0.781331
MULE-10255,0.199932
MULE-10254,0.276056
MULE-10253,0.949295
MULE-10252,0.902266
MULE-10251,0.101233
MULE-10250,0.953622
MULE-10249,0.948537
MULE-10248,0.649773
MULE-10247,0.969556
MULE-10246,0.041462
MULE-10244,0.686055
MULE-10243,0.014172
MULE-10242,0.028221
MULE-10241,0.053403
MULE-10240,0.165593
MULE-10239,0.01302
MULE-10238,0.868381
MULE-10237,0.022457
MULE-10236,0.046378
MULE-10235,0.917893
MULE-10234,0.029535
MULE-10233,0.038178
MULE-10232,0.843895
MULE-10231,0.747616
MULE-10229,0.850965
MULE-10225,0.270769
MULE-10224,0.948155
MULE-10223,0.782995
MULE-10222,0.031619
MULE-10221,0.863852
MULE-10220,0.909586
MULE-10218,0.301979
MULE-10217,0.01142
MULE-10216,0.898053
MULE-10215,0.793746
MULE-10214,0.120853
MULE-10212,0.764188
MULE-10210,0.76769
MULE-10209,0.710528
MULE-10208,0.807157
MULE-10207,0.889529
MULE-10206,0.938124
MULE-10205,0.921922
MULE-10204,0.891811
MULE-10203,0.713432
MULE-10202,0.952926
MULE-10201,0.934873
MULE-10200,0.130285
MULE-10199,0.352648
MULE-10198,0.877896
MULE-10197,0.051845
MULE-10196,0.019569
MULE-10195,0.054601
MULE-10194,0.812867
MULE-10193,0.026557
MULE-10189,0.586286
MULE-10188,0.287668
MULE-10187,0.052231
MULE-10186,0.042088
MULE-10185,0.039639
MULE-10183,0.672547
MULE-10182,0.094343
MULE-10181,0.817574
MULE-10180,0.219672
MULE-10179,0.867485
MULE-10178,0.024798
MULE-10177,0.068289
MULE-10176,0.125065
MULE-10175,0.598312
MULE-10174,0.961244
MULE-10173,0.958538
MULE-10172,0.117978
MULE-10170,0.057705
MULE-10169,0.819893
MULE-10167,0.290276
MULE-10165,0.446253
MULE-10164,0.216012
MULE-10163,0.91848
MULE-10162,0.023153
MULE-10161,0.024054
MULE-10160,0.82559
MULE-10156,0.021615
MULE-10155,0.871037
MULE-10152,0.244003
MULE-10151,0.122944
MULE-10150,0.035411
MULE-10149,0.632673
MULE-10148,0.869271
MULE-10147,0.208501
MULE-10146,0.846958
MULE-10145,0.839208
MULE-10144,0.932453
MULE-10142,0.138462
MULE-10141,0.94079
MULE-10140,0.920218
MULE-10139,0.221182
MULE-10138,0.783658
MULE-10137,0.944177
MULE-10136,0.943764
MULE-10135,0.937211
MULE-10134,0.520009
MULE-10133,0.887205
MULE-10132,0.145601
MULE-10131,0.219337
MULE-10130,0.32603
MULE-10129,0.100525
MULE-10126,0.92944
MULE-10125,0.290477
MULE-10124,0.0745
MULE-10123,0.891055
MULE-10122,0.70791
MULE-10120,0.017849
MULE-10119,0.021615
MULE-10117,0.180974
MULE-10115,0.506347
MULE-10114,0.021781
MULE-10113,0.030215
MULE-10111,0.043691
MULE-10110,0.010987
MULE-10109,0.238994
MULE-10108,0.058993
MULE-10107,0.091058
MULE-10106,0.187133
MULE-10105,0.664105
MULE-10104,0.817283
MULE-10103,0.919353
MULE-10102,0.913984
MULE-10101,0.944177
MULE-10100,0.035145
MULE-10097,0.030215
MULE-10096,0.056652
MULE-10095,0.031144
MULE-10094,0.060529
MULE-10093,0.019419
MULE-10092,0.233706
MULE-10091,0.007461
MULE-10090,0.185062
MULE-10088,0.940353
MULE-10086,0.945399
MULE-10085,0.898767
MULE-10084,0.886027
MULE-10083,0.955981
MULE-10082,0.867485
MULE-10081,0.92944
MULE-10080,0.041774
MULE-10079,0.491212
MULE-10078,0.053999
MULE-10077,0.010014
MULE-10075,0.777638
MULE-10074,0.896251
MULE-10073,0.646955
MULE-10072,0.022629
MULE-10071,0.060087
MULE-10070,0.721939
MULE-10069,0.607197
MULE-10068,0.890294
MULE-10067,0.756358
MULE-10066,0.819893
MULE-10065,0.012821
MULE-10064,0.937669
MULE-10063,0.919643
MULE-10062,0.906322
MULE-10061,0.867036
MULE-10059,0.099121
MULE-10058,0.903294
MULE-10057,0.811974
MULE-10056,0.08389
MULE-10055,0.076961
MULE-10054,0.034881
MULE-10053,0.311008
MULE-10052,0.28607
MULE-10051,0.113187
MULE-10050,0.145358
MULE-10048,0.018264
MULE-10047,0.723895
MULE-10046,0.277963
MULE-10045,0.027796
MULE-10044,0.009486
MULE-10042,0.847463
MULE-10038,0.973241
MULE-10037,0.842345
MULE-10036,0.063482
MULE-10033,0.05301
MULE-10032,0.933431
MULE-10031,0.847463
MULE-10029,0.917893
MULE-10028,0.933431
MULE-10026,0.322153
MULE-10025,0.922482
MULE-10024,0.060752
MULE-10023,0.852935
MULE-10022,0.147555
MULE-10021,0.936749
MULE-10020,0.037892
MULE-10019,0.548432
MULE-10017,0.679285
MULE-10015,0.629632
MULE-10013,0.923592
MULE-10012,0.008779
MULE-10011,0.438785
MULE-10010,0.195287
MULE-10008,0.047074
MULE-10007,0.068289
MULE-10004,0.648898
MULE-10003,0.802556
MULE-10000,0.312501
MULE-9999,0.031619
MULE-9996,0.02976
MULE-9995,0.598782
MULE-9994,0.677154
MULE-9990,0.046725
MULE-9989,0.416085
MULE-9988,0.944587
MULE-9987,0.208179
MULE-9986,0.063715
MULE-9985,0.090735
MULE-9983,0.81582
MULE-9982,0.501465
MULE-9981,0.203391
MULE-9980,0.261897
MULE-9979,0.464902
MULE-9978,0.757436
MULE-9977,0.152537
MULE-9976,0.846451
MULE-9975,0.177526
MULE-9972,0.766294
MULE-9966,0.081813
MULE-9964,0.094678
MULE-9963,0.883236
MULE-9962,0.031859
MULE-9960,0.058993
MULE-9959,0.501953
MULE-9958,0.502441
MULE-9955,0.493164
MULE-9953,0.149035
MULE-9952,0.089455
MULE-9951,0.67346
MULE-9950,0.798187
MULE-9946,0.040541
MULE-9945,0.02461
MULE-9944,0.054601
MULE-9943,0.039048
MULE-9939,0.097048
MULE-9938,0.104843
MULE-9937,0.067547
MULE-9934,0.932453
MULE-9933,0.5083
MULE-9932,0.78695
MULE-9931,0.892563
MULE-9930,0.033086
MULE-9929,0.713432
MULE-9927,0.547464
MULE-9926,0.646404
MULE-9925,0.707203
MULE-9923,0.869271
MULE-9922,0.929951
MULE-9920,0.029987
MULE-9918,0.831143
MULE-9914,0.876634
MULE-9910,0.162912
MULE-9908,0.052619
MULE-9905,0.140572
MULE-9904,0.06256
MULE-9903,0.871475
MULE-9902,0.813461
MULE-9901,0.882022
MULE-9900,0.855851
MULE-9899,0.846958
MULE-9898,0.134321
MULE-9897,0.895888
MULE-9895,0.897336
MULE-9894,0.682362
MULE-9893,0.080069
MULE-9892,0.237399
MULE-9887,0.011072
MULE-9886,0.020964
MULE-9885,0.107813
MULE-9883,0.011158
MULE-9879,0.03138
MULE-9878,0.029312
MULE-9877,0.861538
MULE-9875,0.021125
MULE-9874,0.215186
MULE-9873,0.857768
MULE-9871,0.708616
MULE-9870,0.955651
MULE-9869,0.540924
MULE-9868,0.92523
MULE-9867,0.948917
MULE-9866,0.867934
MULE-9865,0.18418
MULE-9864,0.17245
MULE-9863,0.855851
MULE-9862,0.934395
MULE-9861,0.942507
MULE-9860,0.93196
MULE-9859,0.908942
MULE-9858,0.124639
MULE-9857,0.11358
MULE-9856,0.151781
MULE-9855,0.428951
MULE-9854,0.661076
MULE-9853,0.950411
MULE-9852,0.039937
MULE-9851,0.850469
MULE-9850,0.025371
MULE-9849,0.679604
MULE-9848,0.918187
MULE-9847,0.916409
MULE-9846,0.915507
MULE-9845,0.782995
MULE-9844,0.572962
MULE-9843,0.867036
MULE-9842,0.557364
MULE-9840,0.841305
MULE-9839,0.406626
MULE-9838,0.010902
MULE-9837,0.01142
MULE-9834,0.679817
MULE-9831,0.018833
MULE-9830,0.035679
MULE-9827,0.86431
MULE-9826,0.020023
MULE-9824,0.692538
MULE-9822,0.522933
MULE-9821,0.856812
MULE-9820,0.683208
MULE-9819,0.870597
MULE-9818,0.038466
MULE-9817,0.898767
MULE-9816,0.057493
MULE-9815,0.051845
MULE-9814,0.902952
MULE-9813,0.818737
MULE-9811,0.889529
MULE-9810,0.694613
MULE-9808,0.057071
MULE-9807,0.027169
MULE-9804,0.060308
MULE-9802,0.516595
MULE-9801,0.917893
MULE-9799,0.640523
MULE-9798,0.045692
MULE-9792,0.136378
MULE-9790,0.130285
MULE-9789,0.915809
MULE-9788,0.257018
MULE-9787,0.918187
MULE-9786,0.882428
MULE-9784,0.09739
MULE-9783,0.077797
MULE-9782,0.750918
MULE-9781,0.687525
MULE-9780,0.037327
MULE-9779,0.869715
MULE-9778,0.939913
MULE-9777,0.825027
MULE-9776,0.304972
MULE-9775,0.621196
MULE-9774,0.869715
MULE-9773,0.077518
MULE-9772,0.951863
MULE-9771,0.606615
MULE-9770,0.79053
MULE-9769,0.892187
MULE-9768,0.034881
MULE-9767,0.493653
MULE-9765,0.819893
MULE-9764,0.016277
MULE-9763,0.013223
MULE-9762,0.076408
MULE-9761,0.812867
MULE-9760,0.024238
MULE-9759,0.677794
MULE-9757,0.047074
MULE-9756,0.043043
MULE-9755,0.865224
MULE-9754,0.902952
MULE-9753,0.197754
MULE-9752,0.860604
MULE-9750,0.877896
MULE-9749,0.560493
MULE-9748,0.840259
MULE-9747,0.906983
MULE-9746,0.845433
MULE-9745,0.02976
MULE-9743,0.881207
MULE-9742,0.069542
MULE-9741,0.012723
MULE-9739,0.644057
MULE-9738,0.91118
MULE-9737,0.016277
MULE-9736,0.899475
MULE-9735,0.047074
MULE-9734,0.906653
MULE-9733,0.055823
MULE-9732,0.125493
MULE-9731,0.94699
MULE-9730,0.684897
MULE-9729,0.199932
MULE-9727,0.126785
MULE-9726,0.045692
MULE-9725,0.877896
MULE-9723,0.180395
MULE-9722,0.033337
MULE-9721,0.032101
MULE-9720,0.807461
MULE-9719,0.896614
MULE-9718,0.073696
MULE-9717,0.738669
MULE-9716,0.018547
MULE-9715,0.019419
MULE-9713,0.122523
MULE-9712,0.032837
MULE-9711,0.352202
MULE-9709,0.033337
MULE-9708,0.801004
MULE-9707,0.879974
MULE-9706,0.130729
MULE-9705,0.54698
MULE-9704,0.947769
MULE-9703,0.96641
MULE-9702,0.514644
MULE-9701,0.890675
MULE-9700,0.857291
MULE-9698,0.859192
MULE-9697,0.012432
MULE-9694,0.956309
MULE-9693,0.7773
MULE-9691,0.932453
MULE-9690,0.925769
MULE-9689,0.590189
MULE-9687,0.939471
MULE-9686,0.044019
MULE-9685,0.153042
MULE-9684,0.490724
MULE-9683,0.879974
MULE-9682,0.940353
MULE-9681,0.938576
MULE-9680,0.688678
MULE-9679,0.622725
MULE-9678,0.80837
MULE-9677,0.811974
MULE-9676,0.793746
MULE-9675,0.087876
MULE-9674,0.091707
MULE-9673,0.086016
MULE-9672,0.28897
MULE-9671,0.865224
MULE-9670,0.033337
MULE-9669,0.14247
MULE-9668,0.852445
MULE-9667,0.188026
MULE-9666,0.811974
MULE-9665,0.077797
MULE-9664,0.117572
MULE-9662,0.013223
MULE-9661,0.871475
MULE-9660,0.0729
MULE-9657,0.47025
MULE-9656,0.91118
MULE-9655,0.890294
MULE-9654,0.950778
MULE-9653,0.913677
MULE-9652,0.816699
MULE-9651,0.862004
MULE-9650,0.927888
MULE-9649,0.859192
MULE-9648,0.84338
MULE-9645,0.071851
MULE-9644,0.915507
MULE-9643,0.032837
MULE-9642,0.029091
MULE-9639,0.020489
MULE-9638,0.873647
MULE-9637,0.974239
MULE-9635,0.40592
MULE-9634,0.053403
MULE-9631,0.155078
MULE-9630,0.305387
MULE-9629,0.153295
MULE-9627,0.848471
MULE-9626,0.833866
MULE-9625,0.684053
MULE-9624,0.534612
MULE-9623,0.613815
MULE-9622,0.724091
MULE-9621,0.044349
MULE-9620,0.797241
MULE-9619,0.067056
MULE-9618,0.135232
MULE-9617,0.394201
MULE-9616,0.279435
MULE-9615,0.308988
MULE-9614,0.81257
MULE-9613,0.948537
MULE-9612,0.020646
MULE-9611,0.010489
MULE-9610,0.217005
MULE-9608,0.943348
MULE-9607,0.119614
MULE-9606,0.953966
MULE-9605,0.512205
MULE-9604,0.92079
MULE-9603,0.142709
MULE-9602,0.144631
MULE-9600,0.314932
MULE-9596,0.030909
MULE-9595,0.024054
MULE-9593,0.835484
MULE-9592,0.012821
MULE-9591,0.144631
MULE-9587,0.632815
MULE-9586,0.2304
MULE-9585,0.845942
MULE-9584,0.803174
MULE-9583,0.065845
MULE-9581,0.070304
MULE-9579,0.035411
MULE-9578,0.218003
MULE-9577,0.026964
MULE-9576,0.891055
MULE-9575,0.778649
MULE-9574,0.367214
MULE-9573,0.018833
MULE-9571,0.939471
MULE-9570,0.015306
MULE-9568,0.909586
MULE-9567,0.033844
MULE-9566,0.045692
MULE-9565,0.702938
MULE-9562,0.104843
MULE-9561,0.924142
MULE-9559,0.934395
MULE-9558,0.037609
MULE-9557,0.057282
MULE-9556,0.922482
MULE-9555,0.928409
MULE-9554,0.734501
MULE-9552,0.950411
MULE-9551,0.086016
MULE-9550,0.934395
MULE-9548,0.032837
MULE-9545,0.866585
MULE-9544,0.022803
MULE-9543,0.81582
MULE-9542,0.047074
MULE-9541,0.817866
MULE-9540,0.465873
MULE-9539,0.896976
MULE-9538,0.918772
MULE-9535,0.822474
MULE-9534,0.018978
MULE-9533,0.020177
MULE-9532,0.015906
MULE-9531,0.089137
MULE-9530,0.421552
MULE-9529,0.016153
MULE-9528,0.010735
MULE-9527,0.233532
MULE-9526,0.827271
MULE-9525,0.022803
MULE-9524,0.938576
MULE-9521,0.091707
MULE-9520,0.211743
MULE-9519,0.916708
MULE-9518,0.898053
MULE-9517,0.952926
MULE-9515,0.890675
MULE-9514,0.086323
MULE-9513,0.010735
MULE-9512,0.76454
MULE-9511,0.03622
MULE-9509,0.869271
MULE-9508,0.185357
MULE-9507,0.913058
MULE-9506,0.619817
MULE-9505,0.030676
MULE-9504,0.125065
MULE-9503,0.92079
MULE-9502,0.897336
MULE-9501,0.470737
MULE-9500,0.877056
MULE-9498,0.798187
MULE-9497,0.139396
MULE-9496,0.872347
MULE-9494,0.848471
MULE-9491,0.084795
MULE-9490,0.915205
MULE-9489,0.942082
MULE-9487,0.941654
MULE-9486,0.435421
MULE-9485,0.952926
MULE-9484,0.033086
MULE-9481,0.638835
MULE-9480,0.272025
MULE-9479,0.338788
MULE-9478,0.473657
MULE-9477,0.809276
MULE-9476,0.861538
MULE-9475,0.94079
MULE-9473,0.907312
MULE-9472,0.874077
MULE-9470,0.20466
MULE-9469,0.496094
MULE-9468,0.921922
MULE-9467,0.803174
MULE-9465,0.038756
MULE-9463,0.820757
MULE-9462,0.922482
MULE-9461,0.915205
MULE-9460,0.071332
MULE-9459,0.68763
MULE-9457,0.051083
MULE-9456,0.923039
MULE-9455,0.562657
MULE-9454,0.9462
MULE-9453,0.123366
MULE-9452,0.875787
MULE-9451,0.932944
MULE-9449,0.257952
MULE-9448,0.027169
MULE-9447,0.30315
MULE-9446,0.050331
MULE-9445,0.083591
MULE-9444,0.071591
MULE-9443,0.118385
MULE-9441,0.060529
MULE-9440,0.920218
MULE-9439,0.780997
MULE-9438,0.673863
MULE-9437,0.805632
MULE-9436,0.931463
MULE-9435,0.900179
MULE-9434,0.914291
MULE-9433,0.928926
MULE-9432,0.923039
MULE-9431,0.945801
MULE-9430,0.947381
MULE-9429,0.882428
MULE-9428,0.934873
MULE-9427,0.92523
MULE-9426,0.914901
MULE-9425,0.788257
MULE-9424,0.736401
MULE-9423,0.158174
MULE-9422,0.312632
MULE-9421,0.202128
MULE-9420,0.443841
MULE-9419,0.937669
MULE-9418,0.883236
MULE-9417,0.928409
MULE-9416,0.023153
MULE-9414,0.94079
MULE-9413,0.887984
MULE-9412,0.739799
MULE-9411,0.926304
MULE-9410,0.852445
MULE-9409,0.586523
MULE-9408,0.906653
MULE-9407,0.914596
MULE-9406,0.84338
MULE-9405,0.07056
MULE-9404,0.043691
MULE-9403,0.060087
MULE-9402,0.036769
MULE-9401,0.041462
MULE-9400,0.014392
MULE-9399,0.060529
MULE-9398,0.050331
MULE-9397,0.897336
MULE-9395,0.126785
MULE-9393,0.936285
MULE-9392,0.933431
MULE-9391,0.74872
MULE-9389,0.06256
MULE-9388,0.825027
MULE-9387,0.934395
MULE-9386,0.020804
MULE-9385,0.929951
MULE-9384,0.197135
MULE-9383,0.032344
MULE-9380,0.051463
MULE-9379,0.219672
MULE-9378,0.890294
MULE-9376,0.853913
MULE-9373,0.669096
MULE-9372,0.865224
MULE-9371,0.810179
MULE-9370,0.842863
MULE-9369,0.532668
MULE-9368,0.783658
MULE-9367,0.065128
MULE-9364,0.009413
MULE-9363,0.012723
MULE-9362,0.582491
MULE-9361,0.895523
MULE-9360,0.164248
MULE-9359,0.366476
MULE-9358,0.103024
MULE-9357,0.649593
MULE-9355,0.017309
MULE-9354,0.889912
MULE-9352,0.845942
MULE-9351,0.054601
MULE-9350,0.876634
MULE-9349,0.100879
MULE-9348,0.125493
MULE-9346,0.015785
MULE-9345,0.437343
MULE-9344,0.241847
MULE-9343,0.203391
MULE-9342,0.061199
MULE-9341,0.221856
MULE-9340,0.049959
MULE-9339,0.156878
MULE-9338,0.077239
MULE-9337,0.640959
MULE-9336,0.944995
MULE-9335,0.070304
MULE-9333,0.283682
MULE-9330,0.039343
MULE-9329,0.941654
MULE-9328,0.842345
MULE-9327,0.857768
MULE-9326,0.699152
MULE-9325,0.834946
MULE-9324,0.013121
MULE-9323,0.016785
MULE-9322,0.07343
MULE-9320,0.882022
MULE-9318,0.54819
MULE-9317,0.033844
MULE-9315,0.912748
MULE-9314,0.71403
MULE-9313,0.037327
MULE-9312,0.026759
MULE-9310,0.033337
MULE-9309,0.477554
MULE-9307,0.893309
MULE-9306,0.162912
MULE-9305,0.059866
MULE-9303,0.188324
MULE-9302,0.170508
MULE-9301,0.274157
MULE-9300,0.264738
MULE-9299,0.270191
MULE-9298,0.531209
MULE-9297,0.228156
MULE-9296,0.245085
MULE-9295,0.146087
MULE-9294,0.184473
MULE-9292,0.151529
MULE-9291,0.313577
MULE-9290,0.147801
MULE-9288,0.630685
MULE-9287,0.590897
MULE-9286,0.630742
MULE-9285,0.671578
MULE-9283,0.156878
MULE-9282,0.934395
MULE-9281,0.798187
MULE-9280,0.91848
MULE-9279,0.823044
MULE-9278,0.333123
MULE-9277,0.007012
MULE-9276,0.204025
MULE-9275,0.020177
MULE-9273,0.032101
MULE-9272,0.063019
MULE-9271,0.206894
MULE-9270,0.493653
MULE-9269,0.185947
MULE-9268,0.637257
MULE-9267,0.881615
MULE-9266,0.114369
MULE-9265,0.028653
MULE-9264,0.522446
MULE-9263,0.922482
MULE-9260,0.937211
MULE-9258,0.802246
MULE-9256,0.890675
MULE-9255,0.03622
MULE-9252,0.030676
MULE-9251,0.901921
MULE-9250,0.115162
MULE-9248,0.818737
MULE-9246,0.891055
MULE-9244,0.013532
MULE-9242,0.481941
MULE-9240,0.487795
MULE-9239,0.772187
MULE-9238,0.31484
MULE-9237,0.098773
MULE-9235,0.492676
MULE-9234,0.896614
MULE-9233,0.936285
MULE-9232,0.901575
MULE-9231,0.938124
MULE-9230,0.771155
MULE-9229,0.020023
MULE-9228,0.93196
MULE-9227,0.720958
MULE-9226,0.05921
MULE-9225,0.075312
MULE-9224,0.047074
MULE-9221,0.850965
MULE-9220,0.92523
MULE-9217,0.079496
MULE-9216,0.857768
MULE-9215,0.945801
MULE-9214,0.887205
MULE-9213,0.716417
MULE-9212,0.914291
MULE-9211,0.890675
MULE-9209,0.847968
MULE-9208,0.384219
MULE-9207,0.127218
MULE-9205,0.058993
MULE-9204,0.885631
MULE-9203,0.013223
MULE-9202,0.894052
MULE-9201,0.024988
MULE-9200,0.048496
MULE-9199,0.080357
MULE-9198,0.04778
MULE-9197,0.054399
MULE-9196,0.026557
MULE-9195,0.920218
MULE-9193,0.108189
MULE-9191,0.766294
MULE-9190,0.902952
MULE-9189,0.069289
MULE-9187,0.642264
MULE-9186,0.459076
MULE-9185,0.116362
MULE-9183,0.029091
MULE-9182,0.08819
MULE-9181,0.830044
MULE-9180,0.834407
MULE-9179,0.045692
MULE-9178,0.829492
MULE-9177,0.871912
MULE-9176,0.051083
MULE-9174,0.028436
MULE-9173,0.713631
MULE-9172,0.047426
MULE-9171,0.084191
MULE-9170,0.732783
MULE-9169,0.589126
MULE-9168,0.52975
MULE-9166,0.68721
MULE-9165,0.07836
MULE-9164,0.141994
MULE-9163,0.045692
MULE-9162,0.046725
MULE-9160,0.636805
MULE-9159,0.875787
MULE-9158,0.840259
MULE-9157,0.774583
MULE-9155,0.012528
MULE-9154,0.060308
MULE-9153,0.688259
MULE-9152,0.888372
MULE-9151,0.896614
MULE-9150,0.882833
MULE-9149,0.664459
MULE-9148,0.108566
MULE-9146,0.113973
MULE-9144,0.019419
MULE-9143,0.054601
MULE-9142,0.025761
MULE-9141,0.244543
MULE-9140,0.039343
MULE-9139,0.915507
MULE-9138,0.102305
MULE-9137,0.606265
MULE-9134,0.9462
MULE-9131,0.76207
MULE-9130,0.367951
MULE-9129,0.188324
MULE-9128,0.351561
MULE-9127,0.647352
MULE-9126,0.213869
MULE-9124,0.174973
MULE-9123,0.826151
MULE-9122,0.172172
MULE-9121,0.652324
MULE-9120,0.389547
MULE-9119,0.680454
MULE-9117,0.109325
MULE-9116,0.412057
MULE-9115,0.120853
MULE-9114,0.069289
MULE-9113,0.116362
MULE-9112,0.103386
MULE-9111,0.097048
MULE-9110,0.198685
MULE-9109,0.746509
MULE-9108,0.084493
MULE-9107,0.167219
MULE-9106,0.084191
MULE-9105,0.089137
MULE-9104,0.055823
MULE-9103,0.106319
MULE-9102,0.116362
MULE-9101,0.941223
MULE-9089,0.495606
MULE-9086,0.176388
MULE-9084,0.91611
MULE-9083,0.908293
MULE-9082,0.870157
MULE-9081,0.264928
MULE-9080,0.580114
MULE-9079,0.915205
MULE-9078,0.822189
MULE-9077,0.314327
MULE-9076,0.71721
MULE-9075,0.37605
MULE-9074,0.069038
MULE-9073,0.774924
MULE-9072,0.713032
MULE-9071,0.069289
MULE-9068,0.695958
MULE-9067,0.394201
MULE-9066,0.044019
MULE-9065,0.012528
MULE-9064,0.083591
MULE-9063,0.180395
MULE-9062,0.020489
MULE-9061,0.026156
MULE-9060,0.387111
MULE-9057,0.040541
MULE-9056,0.045692
MULE-9055,0.085404
MULE-9054,0.28587
MULE-9053,0.033086
MULE-9051,0.022117
MULE-9050,0.04778
MULE-9049,0.632673
MULE-9048,0.402627
MULE-9047,0.897336
MULE-9045,0.012432
MULE-9044,0.013956
MULE-9041,0.819605
MULE-9039,0.050705
MULE-9038,0.09739
MULE-9035,0.822474
MULE-9032,0.653984
MULE-9030,0.05301
MULE-9029,0.020177
MULE-9028,0.026557
MULE-9027,0.042722
MULE-9026,0.127653
MULE-9025,0.041153
MULE-9024,0.023509
MULE-9023,0.027585
MULE-9022,0.886813
MULE-9020,0.31258
MULE-9019,0.019271
MULE-9018,0.261331
MULE-9016,0.038178
MULE-9014,0.029987
MULE-9013,0.040238
MULE-9012,0.624179
MULE-9011,0.895157
MULE-9010,0.073963
MULE-9009,0.043043
MULE-9008,0.752377
MULE-9006,0.064183
MULE-9004,0.036769
MULE-9003,0.88642
MULE-9001,0.03359
MULE-8999,0.820182
MULE-8998,0.514644
MULE-8997,0.921922
MULE-8996,0.68763
MULE-8995,0.849971
MULE-8994,0.913368
MULE-8992,0.796925
MULE-8991,0.865679
MULE-8989,0.100172
MULE-8988,0.556641
MULE-8987,0.375821
MULE-8984,0.920504
MULE-8982,0.901227
MULE-8981,0.029091
MULE-8979,0.046034
MULE-8978,0.027376
MULE-8977,0.404978
MULE-8976,0.042722
MULE-8975,0.079496
MULE-8973,0.030909
MULE-8972,0.889912
MULE-8969,0.860134
MULE-8966,0.010408
MULE-8965,0.023153
MULE-8964,0.057071
MULE-8963,0.498047
MULE-8960,0.185947
MULE-8959,0.83868
MULE-8958,0.896251
MULE-8956,0.045016
MULE-8955,0.0538
MULE-8954,0.351089
MULE-8953,0.748352
MULE-8952,0.960952
MULE-8951,0.020177
MULE-8950,0.028871
MULE-8949,0.273769
MULE-8948,0.087564
MULE-8946,0.674908
MULE-8945,0.254787
MULE-8944,0.253122
MULE-8943,0.084191
MULE-8942,0.870157
MULE-8941,0.933431
MULE-8940,0.066085
MULE-8939,0.409929
MULE-8936,0.094678
MULE-8935,0.179818
MULE-8934,0.032101
MULE-8933,0.034359
MULE-8932,0.150029
MULE-8931,0.611962
MULE-8930,0.079782
MULE-8929,0.018264
MULE-8928,0.923592
MULE-8927,0.031144
MULE-8926,0.539711
MULE-8925,0.606732
MULE-8924,0.296094
MULE-8922,0.015544
MULE-8921,0.962953
MULE-8920,0.739422
MULE-8919,0.034881
MULE-8917,0.017045
MULE-8916,0.027585
MULE-8915,0.325861
MULE-8913,0.154567
MULE-8912,0.566978
MULE-8911,0.826151
MULE-8910,0.897336
MULE-8909,0.538012
MULE-8908,0.9462
MULE-8907,0.847463
MULE-8906,0.890294
MULE-8904,0.124213
MULE-8903,0.0341
MULE-8902,0.860134
MULE-8901,0.316026
MULE-8900,0.580828
MULE-8899,0.403332
MULE-8898,0.195594
MULE-8897,0.046378
MULE-8896,0.041462
MULE-8895,0.428473
MULE-8893,0.791499
MULE-8892,0.927888
MULE-8891,0.174973
MULE-8890,0.889144
MULE-8889,0.131173
MULE-8888,0.895523
MULE-8886,0.893681
MULE-8884,0.919643
MULE-8881,0.931463
MULE-8880,0.347426
MULE-8878,0.206254
MULE-8873,0.140336
MULE-8870,0.929951
MULE-8869,0.908942
MULE-8868,0.912124
MULE-8867,0.665302
MULE-8866,0.916409
MULE-8865,0.839734
MULE-8864,0.935817
MULE-8863,0.538498
MULE-8861,0.611672
MULE-8860,0.905657
MULE-8859,0.874077
MULE-8858,0.949295
MULE-8857,0.128088
MULE-8856,0.943348
MULE-8854,0.233357
MULE-8852,0.418459
MULE-8851,0.07343
MULE-8847,0.766294
MULE-8846,0.287668
MULE-8844,0.288669
MULE-8843,0.339691
MULE-8842,0.266835
MULE-8841,0.028436
MULE-8840,0.478529
MULE-8839,0.049589
MULE-8838,0.197444
MULE-8837,0.925769
MULE-8836,0.144631
MULE-8835,0.474631
MULE-8834,0.327131
MULE-8833,0.178669
MULE-8832,0.875787
MULE-8831,0.065605
MULE-8830,0.144149
MULE-8829,0.251832
MULE-8828,0.020332
MULE-8827,0.075858
MULE-8825,0.882428
MULE-8824,0.045016
MULE-8823,0.194062
MULE-8822,0.055005
MULE-8821,0.041774
MULE-8820,0.146087
MULE-8819,0.021948
MULE-8818,0.347703
MULE-8817,0.445047
MULE-8816,0.037892
MULE-8814,0.015306
MULE-8813,0.011245
MULE-8812,0.016029
MULE-8809,0.140808
MULE-8807,0.080357
MULE-8805,0.902266
MULE-8803,0.06165
MULE-8801,0.112405
MULE-8800,0.044681
MULE-8799,0.042404
MULE-8798,0.017577
MULE-8796,0.872347
MULE-8795,0.013742
MULE-8794,0.025761
MULE-8792,0.029987
MULE-8791,0.757077
MULE-8790,0.021615
MULE-8789,0.051083
MULE-8788,0.037327
MULE-8787,0.020646
MULE-8785,0.678859
MULE-8784,0.914901
MULE-8780,0.08819
MULE-8779,0.040846
MULE-8778,0.886027
MULE-8776,0.006798
MULE-8773,0.184768
MULE-8772,0.307202
MULE-8771,0.029535
MULE-8770,0.044681
MULE-8769,0.042722
MULE-8768,0.654508
MULE-8767,0.926304
MULE-8766,0.06804
MULE-8765,0.015906
MULE-8764,0.115561
MULE-8763,0.921922
MULE-8762,0.957278
MULE-8760,0.917006
MULE-8759,0.908618
MULE-8758,0.356279
MULE-8757,0.749821
MULE-8756,0.031859
MULE-8755,0.028436
MULE-8754,0.013325
MULE-8753,0.871037
MULE-8751,0.046034
MULE-8746,0.024054
MULE-8745,0.853913
MULE-8744,0.94699
MULE-8743,0.062331
MULE-8742,0.046725
MULE-8741,0.897695
MULE-8740,0.240418
MULE-8739,0.920218
MULE-8738,0.013742
MULE-8737,0.587233
MULE-8736,0.017849
MULE-8735,0.32134
MULE-8734,0.046725
MULE-8733,0.427277
MULE-8732,0.892187
MULE-8730,0.20466
MULE-8729,0.889912
MULE-8728,0.778313
MULE-8727,0.430147
MULE-8726,0.943348
MULE-8725,0.929951
MULE-8724,0.959459
MULE-8721,0.329324
MULE-8720,0.082107
MULE-8719,0.023331
MULE-8718,0.015189
MULE-8717,0.927888
MULE-8716,0.051083
MULE-8715,0.896614
MULE-8713,0.073963
MULE-8712,0.548674
MULE-8711,0.103749
MULE-8709,0.897695
MULE-8706,0.514644
MULE-8705,0.857768
MULE-8704,0.023689
MULE-8702,0.119614
MULE-8701,0.913368
MULE-8700,0.097048
MULE-8699,0.120439
MULE-8698,0.019569
MULE-8697,0.038756
MULE-8695,0.866133
MULE-8694,0.900179
MULE-8693,0.029091
MULE-8691,0.595493
MULE-8690,0.88642
MULE-8689,0.068537
MULE-8688,0.241311
MULE-8686,0.688573
MULE-8685,0.891811
MULE-8684,0.041462
MULE-8682,0.856332
MULE-8680,0.941654
MULE-8679,0.029535
MULE-8678,0.061876
MULE-8677,0.103024
MULE-8676,0.083591
MULE-8675,0.904651
MULE-8674,0.049959
MULE-8670,0.867934
MULE-8669,0.392337
MULE-8668,0.268558
MULE-8666,0.032837
MULE-8665,0.251096
MULE-8663,0.171061
MULE-8662,0.774583
MULE-8661,0.138695
MULE-8660,0.024423
MULE-8659,0.010091
MULE-8655,0.139162
MULE-8653,0.176104
MULE-8652,0.057282
MULE-8651,0.02461
MULE-8650,0.722135
MULE-8649,0.883638
MULE-8648,0.022803
MULE-8645,0.291888
MULE-8644,0.314682
MULE-8642,0.646558
MULE-8641,0.438785
MULE-8640,0.034619
MULE-8639,0.052231
MULE-8638,0.011508
MULE-8635,0.030909
MULE-8634,0.892937
MULE-8633,0.800692
MULE-8632,0.030215
MULE-8631,0.58747
MULE-8630,0.565779
MULE-8629,0.457621
MULE-8628,0.034619
MULE-8627,0.120853
MULE-8626,0.132515
MULE-8625,0.812272
MULE-8624,0.792464
MULE-8621,0.017849
MULE-8619,0.722135
MULE-8618,0.93196
MULE-8617,0.902266
MULE-8616,0.037327
MULE-8614,0.887595
MULE-8613,0.038466
MULE-8611,0.051463
MULE-8610,0.120439
MULE-8609,0.109325
MULE-8608,0.139396
MULE-8607,0.026156
MULE-8604,0.027169
MULE-8603,0.035411
MULE-8601,0.018405
MULE-8600,0.022457
MULE-8598,0.025761
MULE-8597,0.042404
MULE-8593,0.030215
MULE-8592,0.299003
MULE-8591,0.037892
MULE-8590,0.720172
MULE-8589,0.786623
MULE-8588,0.044681
MULE-8587,0.625552
MULE-8585,0.03259
MULE-8584,0.149531
MULE-8583,0.369941
MULE-8581,0.035411
MULE-8580,0.073696
MULE-8579,0.402862
MULE-8577,0.780997
MULE-8575,0.225417
MULE-8573,0.850965
MULE-8572,0.458106
MULE-8571,0.512693
MULE-8569,0.185357
MULE-8567,0.029312
MULE-8566,0.025957
MULE-8565,0.895888
MULE-8563,0.890294
MULE-8562,0.0745
MULE-8559,0.036769
MULE-8556,0.154567
MULE-8555,0.86431
MULE-8553,0.047426
MULE-8551,0.865224
MULE-8550,0.221687
MULE-8549,0.494141
MULE-8548,0.615435
MULE-8547,0.093017
MULE-8545,0.082994
MULE-8544,0.043043
MULE-8543,0.076684
MULE-8541,0.880797
MULE-8540,0.778986
MULE-8539,0.125065
MULE-8538,0.058993
MULE-8537,0.319924
MULE-8536,0.939025
MULE-8535,0.764188
MULE-8534,0.935346
MULE-8533,0.060529
MULE-8529,0.079782
MULE-8527,0.619586
MULE-8526,0.86431
MULE-8524,0.930458
MULE-8522,0.052619
MULE-8518,0.724675
MULE-8517,0.950041
MULE-8516,0.953966
MULE-8514,0.850965
MULE-8513,0.90764
MULE-8512,0.908618
MULE-8511,0.913984
MULE-8510,0.597373
MULE-8509,0.180974
MULE-8508,0.088505
MULE-8506,0.045692
MULE-8505,0.071591
MULE-8504,0.939025
MULE-8503,0.155335
MULE-8502,0.048858
MULE-8501,0.087252
MULE-8498,0.743168
MULE-8486,0.840259
MULE-8485,0.89841
MULE-8484,0.01302
MULE-8483,0.009784
MULE-8482,0.923592
MULE-8481,0.869271
MULE-8480,0.810179
MULE-8479,0.917893
MULE-8478,0.916708
MULE-8477,0.836555
MULE-8476,0.83602
MULE-8475,0.927888
MULE-8474,0.849472
MULE-8473,0.892187
MULE-8472,0.2227
MULE-8471,0.09401
MULE-8470,0.025957
MULE-8469,0.029535
MULE-8468,0.78233
MULE-8467,0.049589
MULE-8466,0.16398
MULE-8465,0.841305
MULE-8463,0.886813
MULE-8462,0.093347
MULE-8461,0.26827
MULE-8460,0.648717
MULE-8459,0.785638
MULE-8458,0.666062
MULE-8457,0.927363
MULE-8455,0.055005
MULE-8453,0.764188
MULE-8452,0.935817
MULE-8450,0.923039
MULE-8449,0.024238
MULE-8448,0.064418
MULE-8447,0.774924
MULE-8444,0.0538
MULE-8443,0.076961
MULE-8442,0.028871
MULE-8441,0.939471
MULE-8440,0.015073
MULE-8439,0.196518
MULE-8436,0.016785
MULE-8435,0.577734
MULE-8434,0.280715
MULE-8433,0.537527
MULE-8431,0.044349
MULE-8430,0.031859
MULE-8428,0.886813
MULE-8426,0.010987
MULE-8425,0.028436
MULE-8423,0.389082
MULE-8422,0.509764
MULE-8421,0.784649
MULE-8420,0.021125
MULE-8419,0.658198
MULE-8418,0.047074
MULE-8416,0.028653
MULE-8415,0.450359
MULE-8414,0.093678
MULE-8412,0.959459
MULE-8411,0.040846
MULE-8410,0.941654
MULE-8409,0.039639
MULE-8408,0.03259
MULE-8407,0.665356
MULE-8405,0.037609
MULE-8403,0.157137
MULE-8402,0.023153
MULE-8401,0.009413
MULE-8400,0.048858
MULE-8398,0.032837
MULE-8397,0.895888
MULE-8396,0.271059
MULE-8392,0.206574
MULE-8390,0.826712
MULE-8389,0.180395
MULE-8387,0.030909
MULE-8386,0.688259
MULE-8384,0.020804
MULE-8382,0.016657
MULE-8381,0.027169
MULE-8379,0.042722
MULE-8378,0.048858
MULE-8377,0.115561
MULE-8376,0.794704
MULE-8374,0.020177
MULE-8373,0.645818
MULE-8372,0.055209
MULE-8371,0.017045
MULE-8369,0.016153
MULE-8368,0.872347
MULE-8367,0.515132
MULE-8364,0.061424
MULE-8361,0.060308
MULE-8358,0.827828
MULE-8356,0.016403
MULE-8355,0.553505
MULE-8354,0.06489
MULE-8353,0.016403
MULE-8352,0.171616
MULE-8350,0.092688
MULE-8349,0.017045
MULE-8347,0.043691
MULE-8346,0.023153
MULE-8343,0.460046
MULE-8342,0.02976
MULE-8341,0.010249
MULE-8340,0.137532
MULE-8338,0.015073
MULE-8337,0.915205
MULE-8336,0.018978
MULE-8335,0.923592
MULE-8332,0.74872
MULE-8331,0.938124
MULE-8330,0.493653
MULE-8328,0.460532
MULE-8327,0.058561
MULE-8326,0.711832
MULE-8325,0.024238
MULE-8324,0.045692
MULE-8322,0.080069
MULE-8319,0.669367
MULE-8318,0.062103
MULE-8314,0.033337
MULE-8312,0.031144
MULE-8311,0.023331
MULE-8310,0.007816
MULE-8307,0.031859
MULE-8306,0.247441
MULE-8305,0.013121
MULE-8304,0.131619
MULE-8301,0.087564
MULE-8300,0.018833
MULE-8299,0.214691
MULE-8297,0.433742
MULE-8295,0.378
MULE-8293,0.605099
MULE-8291,0.28279
MULE-8290,0.363873
MULE-8288,0.042722
MULE-8287,0.923592
MULE-8286,0.041153
MULE-8284,0.056444
MULE-8282,0.033086
MULE-8279,0.715225
MULE-8278,0.056652
MULE-8277,0.051463
MULE-8274,0.86293
MULE-8273,0.348451
MULE-8272,0.020177
MULE-8270,0.155591
MULE-8269,0.228156
MULE-8268,0.886027
MULE-8267,0.024238
MULE-8266,0.291082
MULE-8265,0.859192
MULE-8264,0.876634
MULE-8263,0.062103
MULE-8262,0.05301
MULE-8261,0.049589
MULE-8260,0.760651
MULE-8259,0.316211
MULE-8258,0.773216
MULE-8257,0.115961
MULE-8255,0.909586
MULE-8252,0.185652
MULE-8247,0.015544
MULE-8246,0.023331
MULE-8244,0.802246
MULE-8242,0.613005
MULE-8241,0.853913
MULE-8240,0.924142
MULE-8239,0.0745
MULE-8237,0.571527
MULE-8236,0.707607
MULE-8235,0.472683
MULE-8234,0.427516
MULE-8233,0.538983
MULE-8232,0.068537
MULE-8231,0.015544
MULE-8229,0.098079
MULE-8228,0.037047
MULE-8226,0.058132
MULE-8224,0.427277
MULE-8223,0.900879
MULE-8221,0.020023
MULE-8220,0.029091
MULE-8219,0.757794
MULE-8218,0.656397
MULE-8217,0.013121
MULE-8216,0.732592
MULE-8215,0.660008
MULE-8214,0.703957
MULE-8213,0.6137
MULE-8212,0.761006
MULE-8211,0.080647
MULE-8210,0.903635
MULE-8209,0.060308
MULE-8208,0.821044
MULE-8207,0.060975
MULE-8206,0.149283
MULE-8205,0.063715
MULE-8203,0.024423
MULE-8202,0.049589
MULE-8201,0.016029
MULE-8200,0.877056
MULE-8199,0.534612
MULE-8197,0.024238
MULE-8196,0.03138
MULE-8195,0.044349
MULE-8192,0.073963
MULE-8191,0.231614
MULE-8189,0.141756
MULE-8188,0.033086
MULE-8187,0.049959
MULE-8186,0.031619
MULE-8185,0.93196
MULE-8184,0.040238
MULE-8183,0.092033
MULE-8182,0.222025
MULE-8181,0.033337
MULE-8180,0.055823
MULE-8178,0.036769
MULE-8177,0.302649
MULE-8176,0.08882
MULE-8174,0.038466
MULE-8173,0.874507
MULE-8172,0.022286
MULE-8170,0.9462
MULE-8169,0.919643
MULE-8168,0.689096
MULE-8167,0.016403
MULE-8166,0.323434
MULE-8165,0.86431
MULE-8164,0.7011
MULE-8163,0.058346
MULE-8162,0.028436
MULE-8161,0.016915
MULE-8160,0.020177
MULE-8159,0.030909
MULE-8158,0.029535
MULE-8156,0.645539
MULE-8155,0.042404
MULE-8154,0.154312
MULE-8153,0.06256
MULE-8152,0.038466
MULE-8151,0.013849
MULE-8150,0.913368
MULE-8149,0.863392
MULE-8148,0.856812
MULE-8147,0.86293
MULE-8146,0.071332
MULE-8145,0.054199
MULE-8143,0.014172
MULE-8142,0.0341
MULE-8138,0.051083
MULE-8137,0.076961
MULE-8136,0.110471
MULE-8135,0.881615
MULE-8134,0.081813
MULE-8133,0.046378
MULE-8132,0.037047
MULE-8131,0.017442
MULE-8129,0.018125
MULE-8127,0.093678
MULE-8126,0.033844
MULE-8125,0.035411
MULE-8124,0.035679
MULE-8123,0.023689
MULE-8122,0.035145
MULE-8121,0.048858
MULE-8120,0.043366
MULE-8117,0.014957
MULE-8116,0.093347
MULE-8114,0.887595
MULE-8113,0.641647
MULE-8112,0.031619
MULE-8110,0.052231
MULE-8109,0.022977
MULE-8108,0.132066
MULE-8107,0.014729
MULE-8106,0.046034
MULE-8105,0.063482
MULE-8104,0.031859
MULE-8102,0.048496
MULE-8101,0.051463
MULE-8100,0.817283
MULE-8099,0.098079
MULE-8098,0.042088
MULE-8097,0.338678
MULE-8096,0.228501
MULE-8095,0.040238
MULE-8094,0.061424
MULE-8093,0.049222
MULE-8092,0.0538
MULE-8091,0.796925
MULE-8090,0.166947
MULE-8089,0.057282
MULE-8086,0.03138
MULE-8085,0.038466
MULE-8083,0.054399
MULE-8082,0.31781
MULE-8081,0.646683
MULE-8079,0.027376
MULE-8078,0.254602
MULE-8076,0.452294
MULE-8075,0.732592
MULE-8074,0.085099
MULE-8073,0.854399
MULE-8072,0.039639
MULE-8071,0.688573
MULE-8070,0.019871
MULE-8069,0.668934
MULE-8068,0.883236
MULE-8067,0.968856
MULE-8066,0.806853
MULE-8065,0.877477
MULE-8063,0.468304
MULE-8062,0.889144
MULE-8061,0.449876
MULE-8058,0.071074
MULE-8056,0.068787
MULE-8055,0.784649
MULE-8054,0.020023
MULE-8052,0.038178
MULE-8051,0.073165
MULE-8050,0.050705
MULE-8049,0.026759
MULE-8048,0.228156
MULE-8047,0.908293
MULE-8046,0.871037
MULE-8045,0.830044
MULE-8044,0.025957
MULE-8041,0.140572
MULE-8040,0.376165
MULE-8039,0.847463
MULE-8038,0.099821
MULE-8035,0.52975
MULE-8034,0.019871
MULE-8032,0.923039
MULE-8030,0.679976
MULE-8028,0.908293
MULE-8027,0.871912
MULE-8026,0.921922
MULE-8025,0.928409
MULE-8024,0.819316
MULE-8023,0.544317
MULE-8022,0.858244
MULE-8021,0.918187
MULE-8020,0.84338
MULE-8019,0.951142
MULE-8018,0.45423
MULE-8017,0.908618
MULE-8015,0.934873
MULE-8014,0.5
MULE-8013,0.883638
MULE-8011,0.051845
MULE-8010,0.051083
MULE-8009,0.589126
MULE-8007,0.555194
MULE-8006,0.636523
MULE-8005,0.788583
MULE-8004,0.632517
MULE-8003,0.945399
MULE-8001,0.062789
MULE-8000,0.045016
MULE-7999,0.808974
MULE-7998,0.067547
MULE-7997,0.041462
MULE-7996,0.108945
MULE-7994,0.86431
MULE-7993,0.889912
MULE-7992,0.159217
MULE-7991,0.223038
MULE-7990,0.911495
MULE-7989,0.950411
MULE-7988,0.016029
MULE-7987,0.661923
MULE-7986,0.463444
MULE-7985,0.043043
MULE-7984,0.017712
MULE-7983,0.891434
MULE-7982,0.473657
MULE-7981,0.033844
MULE-7979,0.071074
MULE-7977,0.891811
MULE-7976,0.763836
MULE-7975,0.064183
MULE-7974,0.042722
MULE-7972,0.944995
MULE-7971,0.107813
MULE-7970,0.818737
MULE-7969,0.428712
MULE-7968,0.398406
MULE-7967,0.709623
MULE-7966,0.585101
MULE-7965,0.399109
MULE-7964,0.614741
MULE-7963,0.882022
MULE-7962,0.369429
MULE-7961,0.291283
MULE-7960,0.55447
MULE-7959,0.316435
MULE-7958,0.630912
MULE-7957,0.496582
MULE-7956,0.393735
MULE-7955,0.33231
MULE-7954,0.446495
MULE-7953,0.394901
MULE-7952,0.607081
MULE-7951,0.923592
MULE-7950,0.783988
MULE-7949,0.380759
MULE-7948,0.63892
MULE-7947,0.522446
MULE-7946,0.690142
MULE-7945,0.605799
MULE-7944,0.806853
MULE-7943,0.557123
MULE-7941,0.324021
MULE-7940,0.63023
MULE-7939,0.884039
MULE-7938,0.771843
MULE-7937,0.9462
MULE-7936,0.297623
MULE-7935,0.795975
MULE-7934,0.726037
MULE-7933,0.734691
MULE-7932,0.747063
MULE-7931,0.876211
MULE-7930,0.891055
MULE-7929,0.793746
MULE-7928,0.789883
MULE-7927,0.607896
MULE-7923,0.403097
MULE-7922,0.889912
MULE-7921,0.039048
MULE-7920,0.04778
MULE-7918,0.717804
MULE-7916,0.027796
MULE-7915,0.059866
MULE-7914,0.059428
MULE-7913,0.026355
MULE-7911,0.038756
MULE-7910,0.957596
MULE-7908,0.066327
MULE-7907,0.026355
MULE-7906,0.710025
MULE-7905,0.039343
MULE-7904,0.045016
MULE-7903,0.082994
MULE-7902,0.433262
MULE-7901,0.802246
MULE-7900,0.284874
MULE-7899,0.270866
MULE-7897,0.763131
MULE-7894,0.037327
MULE-7893,0.076684
MULE-7892,0.035145
MULE-7891,0.015544
MULE-7890,0.431105
MULE-7889,0.823328
MULE-7888,0.018264
MULE-7887,0.042088
MULE-7885,0.857768
MULE-7884,0.581778
MULE-7883,0.112405
MULE-7882,0.203075
MULE-7881,0.064653
MULE-7880,0.030215
MULE-7878,0.884838
MULE-7876,0.244003
MULE-7875,0.098079
MULE-7874,0.654287
MULE-7873,0.863392
MULE-7872,0.740737
MULE-7871,0.904313
MULE-7870,0.893681
MULE-7869,0.923592
MULE-7868,0.705176
MULE-7867,0.869715
MULE-7866,0.909586
MULE-7865,0.880386
MULE-7864,0.876634
MULE-7863,0.846958
MULE-7862,0.025761
MULE-7861,0.862468
MULE-7860,0.791499
MULE-7859,0.198064
MULE-7858,0.591015
MULE-7857,0.779993
MULE-7856,0.031859
MULE-7855,0.851953
MULE-7854,0.084493
MULE-7853,0.28577
MULE-7852,0.328287
MULE-7851,0.038466
MULE-7850,0.907967
MULE-7847,0.288268
MULE-7846,0.195902
MULE-7845,0.92523
MULE-7843,0.92944
MULE-7842,0.880797
MULE-7841,0.673621
MULE-7840,0.517083
MULE-7838,0.600305
MULE-7837,0.015906
MULE-7836,0.740925
MULE-7835,0.293708
MULE-7834,0.353038
MULE-7833,0.81582
MULE-7832,0.799442
MULE-7831,0.66628
MULE-7830,0.076132
MULE-7829,0.300951
MULE-7827,0.112016
MULE-7826,0.041462
MULE-7822,0.93196
MULE-7821,0.042088
MULE-7820,0.057493
MULE-7819,0.092688
MULE-7818,0.16238
MULE-7817,0.075312
MULE-7816,0.012147
MULE-7815,0.110088
MULE-7814,0.027376
MULE-7813,0.765243
MULE-7812,0.048137
MULE-7811,0.175256
MULE-7810,0.014064
MULE-7809,0.066327
MULE-7808,0.264453
MULE-7807,0.043691
MULE-7805,0.433022
MULE-7804,0.036494
MULE-7803,0.033844
MULE-7802,0.035411
MULE-7801,0.033337
MULE-7798,0.046034
MULE-7795,0.027376
MULE-7791,0.156362
MULE-7790,0.639736
MULE-7789,0.848471
MULE-7788,0.827828
MULE-7787,0.436142
MULE-7785,0.091707
MULE-7784,0.208179
MULE-7783,0.285073
MULE-7780,0.776623
MULE-7779,0.473657
MULE-7778,0.039343
MULE-7777,0.57678
MULE-7775,0.324931
MULE-7774,0.032344
MULE-7773,0.018405
MULE-7772,0.105211
MULE-7771,0.016403
MULE-7770,0.34065
MULE-7769,0.856332
MULE-7768,0.764892
MULE-7767,0.579162
MULE-7766,0.669745
MULE-7764,0.688468
MULE-7763,0.743913
MULE-7762,0.807461
MULE-7761,0.868827
MULE-7760,0.829492
MULE-7759,0.516595
MULE-7758,0.844922
MULE-7757,0.877477
MULE-7756,0.84338
MULE-7755,0.957912
MULE-7754,0.317109
MULE-7753,0.891055
MULE-7751,0.844922
MULE-7750,0.166404
MULE-7749,0.014504
MULE-7748,0.032101
MULE-7747,0.060752
MULE-7746,0.321008
MULE-7744,0.68616
MULE-7743,0.042722
MULE-7742,0.122104
MULE-7740,0.853425
MULE-7739,0.018978
MULE-7738,0.417509
MULE-7737,0.581541
MULE-7736,0.896251
MULE-7735,0.893309
MULE-7733,0.523907
MULE-7732,0.606265
MULE-7731,0.932453
MULE-7730,0.825027
MULE-7729,0.108945
MULE-7728,0.044349
MULE-7725,0.197754
MULE-7724,0.022629
MULE-7723,0.795658
MULE-7721,0.330255
MULE-7720,0.953966
MULE-7719,0.919063
MULE-7718,0.907312
MULE-7716,0.856332
MULE-7715,0.935346
MULE-7714,0.051083
MULE-7713,0.851953
MULE-7711,0.122104
MULE-7710,0.412293
MULE-7707,0.661308
MULE-7706,0.825027
MULE-7705,0.882022
MULE-7703,0.675765
MULE-7702,0.042088
MULE-7701,0.031619
MULE-7700,0.033844
MULE-7698,0.039048
MULE-7696,0.00582
MULE-7695,0.582016
MULE-7694,0.586049
MULE-7693,0.084493
MULE-7692,0.959762
MULE-7691,0.855851
MULE-7690,0.928409
MULE-7689,0.780328
MULE-7688,0.936285
MULE-7687,0.024238
MULE-7686,0.167763
MULE-7684,0.977883
MULE-7683,0.869715
MULE-7682,0.951504
MULE-7681,0.951504
MULE-7679,0.026355
MULE-7678,0.118385
MULE-7677,0.218836
MULE-7676,0.472683
MULE-7675,0.892937
MULE-7674,0.021948
MULE-7673,0.043043
MULE-7672,0.589835
MULE-7671,0.915205
MULE-7670,0.017986
MULE-7669,0.921358
MULE-7667,0.024798
MULE-7666,0.901921
MULE-7665,0.848972
MULE-7664,0.705785
MULE-7663,0.052231
MULE-7661,0.102664
MULE-7660,0.032837
MULE-7659,0.011778
MULE-7658,0.073165
MULE-7657,0.873647
MULE-7656,0.944995
MULE-7655,0.849472
MULE-7653,0.020804
MULE-7652,0.520496
MULE-7651,0.896614
MULE-7650,0.118793
MULE-7646,0.427994
MULE-7645,0.719975
MULE-7644,0.588771
MULE-7642,0.014392
MULE-7641,0.944587
MULE-7640,0.939025
MULE-7639,0.437103
MULE-7638,0.028008
MULE-7637,0.811377
MULE-7636,0.019271
MULE-7635,0.929951
MULE-7634,0.055618
MULE-7633,0.096365
MULE-7632,0.850469
MULE-7631,0.040541
MULE-7630,0.070049
MULE-7629,0.013637
MULE-7628,0.831143
MULE-7627,0.042722
MULE-7626,0.040238
MULE-7625,0.069795
MULE-7624,0.160003
MULE-7622,0.901227
MULE-7621,0.891434
MULE-7620,0.962108
MULE-7617,0.97649
MULE-7615,0.403802
MULE-7614,0.715225
MULE-7611,0.021125
MULE-7610,0.362969
MULE-7609,0.758153
MULE-7606,0.66389
MULE-7603,0.013532
MULE-7602,0.939025
MULE-7601,0.915809
MULE-7600,0.923039
MULE-7599,0.274935
MULE-7598,0.108945
MULE-7597,0.035411
MULE-7595,0.301979
MULE-7594,0.046725
MULE-7592,0.060087
MULE-7590,0.030676
MULE-7589,0.929951
MULE-7588,0.359701
MULE-7587,0.947769
MULE-7586,0.03622
MULE-7584,0.924688
MULE-7583,0.041153
MULE-7581,0.892187
MULE-7580,0.126353
MULE-7579,0.393851
MULE-7578,0.130729
MULE-7577,0.042722
MULE-7576,0.829492
MULE-7575,0.024423
MULE-7574,0.056652
MULE-7573,0.051463
MULE-7572,0.047074
MULE-7571,0.050331
MULE-7570,0.015073
MULE-7569,0.021451
MULE-7567,0.020646
MULE-7566,0.041462
MULE-7565,0.052231
MULE-7563,0.417984
MULE-7562,0.759225
MULE-7561,0.086016
MULE-7560,0.218336
MULE-7559,0.031144
MULE-7558,0.045016
MULE-7557,0.883236
MULE-7554,0.069038
MULE-7553,0.484868
MULE-7552,0.051083
MULE-7551,0.712432
MULE-7550,0.01292
MULE-7549,0.723505
MULE-7548,0.036769
MULE-7547,0.767341
MULE-7546,0.738103
MULE-7545,0.948537
MULE-7543,0.264738
MULE-7542,0.086632
MULE-7540,0.271059
MULE-7538,0.091058
MULE-7536,0.039639
MULE-7535,0.071851
MULE-7534,0.022803
MULE-7533,0.063715
MULE-7532,0.043691
MULE-7531,0.788909
MULE-7530,0.827828
MULE-7529,0.838151
MULE-7528,0.803174
MULE-7527,0.751648
MULE-7524,0.017309
MULE-7523,0.68721
MULE-7521,0.086016
MULE-7520,0.0538
MULE-7519,0.101589
MULE-7517,0.383295
MULE-7516,0.526099
MULE-7515,0.043366
MULE-7513,0.765944
MULE-7512,0.009708
MULE-7510,0.065845
MULE-7509,0.034359
MULE-7507,0.601242
MULE-7506,0.065128
MULE-7505,0.04778
MULE-7504,0.191328
MULE-7503,0.891811
MULE-7502,0.072637
MULE-7501,0.813757
MULE-7500,0.018264
MULE-7499,0.579876
MULE-7498,0.717804
MULE-7497,0.816699
MULE-7496,0.848471
MULE-7495,0.789234
MULE-7494,0.045353
MULE-7493,0.033086
MULE-7492,0.814643
MULE-7491,0.028871
MULE-7490,0.535098
MULE-7489,0.050331
MULE-7488,0.016657
MULE-7486,0.355048
MULE-7485,0.041774
MULE-7484,0.769773
MULE-7483,0.801004
MULE-7482,0.940353
MULE-7481,0.899828
MULE-7480,0.424173
MULE-7478,0.76207
MULE-7477,0.597608
MULE-7476,0.504394
MULE-7475,0.270673
MULE-7474,0.256832
MULE-7473,0.382833
MULE-7472,0.337367
MULE-7471,0.348202
MULE-7470,0.68742
MULE-7469,0.783658
MULE-7468,0.721547
MULE-7467,0.569613
MULE-7466,0.213377
MULE-7464,0.948537
MULE-7463,0.104112
MULE-7459,0.021125
MULE-7458,0.923592
MULE-7457,0.791499
MULE-7456,0.021125
MULE-7455,0.05301
MULE-7450,0.118385
MULE-7448,0.783988
MULE-7447,0.932944
MULE-7446,0.852445
MULE-7445,0.014504
MULE-7444,0.870597
MULE-7443,0.860604
MULE-7439,0.879147
MULE-7438,0.819893
MULE-7437,0.323781
MULE-7436,0.462959
MULE-7435,0.063019
MULE-7433,0.840783
MULE-7431,0.026557
MULE-7429,0.030676
MULE-7428,0.938576
MULE-7427,0.934395
MULE-7426,0.055823
MULE-7425,0.02976
MULE-7423,0.92079
MULE-7421,0.565299
MULE-7420,0.128963
MULE-7418,0.028436
MULE-7417,0.027169
MULE-7416,0.018833
MULE-7415,0.056652
MULE-7414,0.388154
MULE-7413,0.039639
MULE-7412,0.014172
MULE-7411,0.116764
MULE-7409,0.774924
MULE-7408,0.298338
MULE-7407,0.176388
MULE-7406,0.050705
MULE-7405,0.777975
MULE-7404,0.811974
MULE-7403,0.027796
MULE-7402,0.178383
MULE-7401,0.852445
MULE-7400,0.078078
MULE-7399,0.096365
MULE-7398,0.364325
MULE-7396,0.905322
MULE-7395,0.046725
MULE-7394,0.094678
MULE-7391,0.928409
MULE-7390,0.101233
MULE-7389,0.166947
MULE-7388,0.539954
MULE-7387,0.915809
MULE-7386,0.132066
MULE-7385,0.13707
MULE-7384,0.033086
MULE-7383,0.067301
MULE-7382,0.019871
MULE-7380,0.014842
MULE-7379,0.035145
MULE-7378,0.095687
MULE-7377,0.049222
MULE-7376,0.03259
MULE-7375,0.921358
MULE-7374,0.023689
MULE-7373,0.09947
MULE-7372,0.042404
MULE-7371,0.46636
MULE-7370,0.846451
MULE-7369,0.708011
MULE-7368,0.044019
MULE-7367,0.695752
MULE-7366,0.042404
MULE-7365,0.063948
MULE-7363,0.814348
MULE-7362,0.802246
MULE-7361,0.022117
MULE-7358,0.316686
MULE-7357,0.926304
MULE-7356,0.848972
MULE-7355,0.818737
MULE-7354,0.824462
MULE-7353,0.035948
MULE-7352,0.033844
MULE-7349,0.047426
MULE-7348,0.09739
MULE-7346,0.069289
MULE-7345,0.614625
MULE-7344,0.025957
MULE-7343,0.098079
MULE-7342,0.065845
MULE-7341,0.093678
MULE-7340,0.093678
MULE-7339,0.114765
MULE-7338,0.036494
MULE-7337,0.747616
MULE-7336,0.953275
MULE-7335,0.044681
MULE-7334,0.023331
MULE-7333,0.056652
MULE-7332,0.038756
MULE-7331,0.029091
MULE-7330,0.901575
MULE-7329,0.013121
MULE-7328,0.287868
MULE-7327,0.057493
MULE-7326,0.096025
MULE-7325,0.406155
MULE-7324,0.047074
MULE-7323,0.02976
MULE-7322,0.191328
MULE-7321,0.871037
MULE-7320,0.020177
MULE-7319,0.169681
MULE-7317,0.043691
MULE-7316,0.125493
MULE-7315,0.020646
MULE-7314,0.006904
MULE-7313,0.065366
MULE-7312,0.350977
MULE-7311,0.045016
MULE-7309,0.073696
MULE-7308,0.773559
MULE-7307,0.312737
MULE-7304,0.749454
MULE-7303,0.13707
MULE-7302,0.060087
MULE-7299,0.770119
MULE-7298,0.21305
MULE-7296,0.026964
MULE-7293,0.026156
MULE-7291,0.025761
MULE-7290,0.058346
MULE-7288,0.935346
MULE-7286,0.035145
MULE-7285,0.040846
MULE-7284,0.538983
MULE-7283,0.140808
MULE-7282,0.056236
MULE-7281,0.03138
MULE-7280,0.019419
MULE-7277,0.391173
MULE-7275,0.920218
MULE-7274,0.233706
MULE-7272,0.898053
MULE-7271,0.882833
MULE-7270,0.01057
MULE-7269,0.218336
MULE-7268,0.920218
MULE-7267,0.031619
MULE-7266,0.444565
MULE-7265,0.027585
MULE-7264,0.228329
MULE-7263,0.027796
MULE-7262,0.030215
MULE-7261,0.824462
MULE-7260,0.032837
MULE-7259,0.060752
MULE-7258,0.032101
MULE-7257,0.891811
MULE-7256,0.039937
MULE-7255,0.298031
MULE-7254,0.180974
MULE-7253,0.839734
MULE-7252,0.827828
MULE-7250,0.736211
MULE-7249,0.105579
MULE-7248,0.080357
MULE-7247,0.193147
MULE-7246,0.77081
MULE-7245,0.078078
MULE-7244,0.895888
MULE-7242,0.891434
MULE-7241,0.96741
MULE-7240,0.850469
MULE-7239,0.09947
MULE-7238,0.652054
MULE-7237,0.753829
MULE-7236,0.797872
MULE-7235,0.911495
MULE-7234,0.47658
MULE-7233,0.773901
MULE-7232,0.898053
MULE-7230,0.119203
MULE-7228,0.053403
MULE-7227,0.866133
MULE-7225,0.053999
MULE-7224,0.066085
MULE-7223,0.057282
MULE-7222,0.46636
MULE-7221,0.362631
MULE-7220,0.667364
MULE-7219,0.886027
MULE-7218,0.785309
MULE-7217,0.801004
MULE-7216,0.553264
MULE-7215,0.849472
MULE-7213,0.312868
MULE-7211,0.645455
MULE-7209,0.020177
MULE-7208,0.029535
MULE-7207,0.912748
MULE-7206,0.742422
MULE-7205,0.652518
MULE-7203,0.939471
MULE-7202,0.070816
MULE-7201,0.035948
MULE-7200,0.023153
MULE-7197,0.899828
MULE-7196,0.782663
MULE-7194,0.072112
MULE-7192,0.364382
MULE-7191,0.926835
MULE-7188,0.846958
MULE-7187,0.920504
MULE-7186,0.050331
MULE-7185,0.833866
MULE-7184,0.834946
MULE-7183,0.045692
MULE-7182,0.865679
MULE-7181,0.935346
MULE-7178,0.071074
MULE-7177,0.642432
MULE-7176,0.909586
MULE-7174,0.051845
MULE-7173,0.850469
MULE-7171,0.661759
MULE-7170,0.594669
MULE-7169,0.862468
MULE-7168,0.048496
MULE-7165,0.041774
MULE-7164,0.039048
MULE-7163,0.886813
MULE-7162,0.823896
MULE-7160,0.023509
MULE-7159,0.935817
MULE-7158,0.032837
MULE-7157,0.926835
MULE-7156,0.068537
MULE-7155,0.868381
MULE-7150,0.693888
MULE-7149,0.015306
MULE-7148,0.893309
MULE-7147,0.381911
MULE-7146,0.053403
MULE-7145,0.858244
MULE-7144,0.91181
MULE-7143,0.096025
MULE-7142,0.871037
MULE-7141,0.871475
MULE-7140,0.930458
MULE-7139,0.881207
MULE-7138,0.709623
MULE-7137,0.218003
MULE-7136,0.954308
MULE-7135,0.928926
MULE-7134,0.930458
MULE-7133,0.92079
MULE-7132,0.814938
MULE-7131,0.892563
MULE-7129,0.394434
MULE-7128,0.94699
MULE-7127,0.871912
MULE-7126,0.680666
MULE-7125,0.026759
MULE-7124,0.578924
MULE-7123,0.081228
MULE-7122,0.477554
MULE-7121,0.073963
MULE-7120,0.725649
MULE-7119,0.007696
MULE-7118,0.519034
MULE-7116,0.016277
MULE-7115,0.020177
MULE-7114,0.025179
MULE-7113,0.803482
MULE-7112,0.483405
MULE-7111,0.02976
MULE-7110,0.827271
MULE-7109,0.849971
MULE-7108,0.923039
MULE-7107,0.872347
MULE-7105,0.028871
MULE-7103,0.836555
MULE-7102,0.056652
MULE-7101,0.896614
MULE-7099,0.325521
MULE-7098,0.18418
MULE-7097,0.914596
MULE-7092,0.090414
MULE-7091,0.019719
MULE-7090,0.939471
MULE-7089,0.76454
MULE-7088,0.698227
MULE-7087,0.054199
MULE-7086,0.932453
MULE-7084,0.357119
MULE-7083,0.057705
MULE-7082,0.892187
MULE-7081,0.641956
MULE-7080,0.031144
MULE-7079,0.823328
MULE-7078,0.96741
MULE-7077,0.91118
MULE-7076,0.683102
MULE-7074,0.713032
MULE-7073,0.627666
MULE-7072,0.747984
MULE-7071,0.133415
MULE-7070,0.817866
MULE-7069,0.153042
MULE-7068,0.255529
MULE-7067,0.801936
MULE-7066,0.041774
MULE-7065,0.030215
MULE-7064,0.539954
MULE-7063,0.852445
MULE-7061,0.082994
MULE-7059,0.062331
MULE-7058,0.935346
MULE-7057,0.64461
MULE-7055,0.0729
MULE-7053,0.188324
MULE-7052,0.928409
MULE-7051,0.085709
MULE-7050,0.103386
MULE-7049,0.195902
MULE-7044,0.939913
MULE-7043,0.0341
MULE-7042,0.030444
MULE-7041,0.324824
MULE-7040,0.039937
MULE-7039,0.70028
MULE-7037,0.008188
MULE-7036,0.081813
MULE-7035,0.861072
MULE-7034,0.038466
MULE-7033,0.069289
MULE-7031,0.787605
MULE-7030,0.842345
MULE-7028,0.040846
MULE-7027,0.043366
MULE-7026,0.933431
MULE-7025,0.093017
MULE-7024,0.042088
MULE-7023,0.72526
MULE-7022,0.086942
MULE-7021,0.056862
MULE-7020,0.519521
MULE-7019,0.023871
MULE-7018,0.371935
MULE-7017,0.072112
MULE-7016,0.789883
MULE-7015,0.033337
MULE-7014,0.035948
MULE-7013,0.693369
MULE-7012,0.085099
MULE-7011,0.837088
MULE-7010,0.872782
MULE-7008,0.043691
MULE-7007,0.013121
MULE-7006,0.055413
MULE-7004,0.021287
MULE-7003,0.917303
MULE-7002,0.032101
MULE-7001,0.856812
MULE-7000,0.642471
MULE-6999,0.032344
MULE-6998,0.228156
MULE-6997,0.047426
MULE-6996,0.075858
MULE-6994,0.028221
MULE-6992,0.049959
MULE-6991,0.03359
MULE-6989,0.04778
MULE-6988,0.725454
MULE-6987,0.039639
MULE-6986,0.023153
MULE-6985,0.606498
MULE-6984,0.075858
MULE-6983,0.05301
MULE-6982,0.395835
MULE-6979,0.053403
MULE-6978,0.827828
MULE-6977,0.703142
MULE-6976,0.081813
MULE-6975,0.033337
MULE-6974,0.915205
MULE-6973,0.08819
MULE-6972,0.075585
MULE-6971,0.109325
MULE-6968,0.513181
MULE-6966,0.198996
MULE-6965,0.031144
MULE-6964,0.048858
MULE-6963,0.049222
MULE-6962,0.018125
MULE-6961,0.547948
MULE-6960,0.877896
MULE-6959,0.211906
MULE-6958,0.917598
MULE-6957,0.071332
MULE-6956,0.300951
MULE-6955,0.121269
MULE-6954,0.248717
MULE-6952,0.662796
MULE-6947,0.011687
MULE-6946,0.015073
MULE-6945,0.019871
MULE-6943,0.022457
MULE-6941,0.015073
MULE-6940,0.068289
MULE-6939,0.061199
MULE-6938,0.033086
MULE-6937,0.049959
MULE-6935,0.632162
MULE-6934,0.847463
MULE-6932,0.813757
MULE-6929,0.436142
MULE-6927,0.795022
MULE-6926,0.499023
MULE-6925,0.842863
MULE-6924,0.022977
MULE-6923,0.100879
MULE-6922,0.024054
MULE-6921,0.91181
MULE-6918,0.919063
MULE-6917,0.081813
MULE-6916,0.57821
MULE-6914,0.080357
MULE-6913,0.921922
MULE-6912,0.043043
MULE-6911,0.597021
MULE-6910,0.086942
MULE-6909,0.645899
MULE-6906,0.894789
MULE-6905,0.903975
MULE-6904,0.668285
MULE-6903,0.014842
MULE-6902,0.822189
MULE-6901,0.906983
MULE-6900,0.699049
MULE-6899,0.935817
MULE-6898,0.956309
MULE-6897,0.165054
MULE-6896,0.691289
MULE-6895,0.036494
MULE-6894,0.820182
MULE-6893,0.811377
MULE-6892,0.143188
MULE-6891,0.906983
MULE-6890,0.808672
MULE-6888,0.037892
MULE-6886,0.102305
MULE-6885,0.098773
MULE-6884,0.045353
MULE-6883,0.455199
MULE-6881,0.900179
MULE-6880,0.019124
MULE-6879,0.901921
MULE-6877,0.908293
MULE-6873,0.867485
MULE-6872,0.872347
MULE-6871,0.043043
MULE-6869,0.05301
MULE-6868,0.893681
MULE-6867,0.044349
MULE-6866,0.5
MULE-6865,0.023331
MULE-6864,0.03259
MULE-6863,0.064183
MULE-6862,0.895523
MULE-6861,0.766992
MULE-6860,0.059647
MULE-6859,0.632446
MULE-6858,0.024798
MULE-6856,0.766294
MULE-6855,0.058346
MULE-6854,0.612541
MULE-6853,0.018547
MULE-6852,0.754915
MULE-6850,0.029987
MULE-6849,0.040846
MULE-6848,0.911495
MULE-6846,0.857768
MULE-6845,0.824462
MULE-6844,0.296654
MULE-6843,0.863392
MULE-6842,0.017177
MULE-6841,0.018125
MULE-6840,0.879974
MULE-6837,0.03622
MULE-6835,0.904313
MULE-6834,0.90053
MULE-6832,0.025565
MULE-6829,0.062103
MULE-6828,0.018125
MULE-6827,0.039937
MULE-6826,0.313262
MULE-6825,0.913368
MULE-6824,0.043043
MULE-6820,0.020023
MULE-6819,0.375248
MULE-6818,0.018833
MULE-6817,0.016153
MULE-6816,0.048496
MULE-6815,0.195594
MULE-6814,0.917893
MULE-6812,0.801004
MULE-6811,0.029987
MULE-6810,0.026557
MULE-6809,0.409693
MULE-6808,0.041462
MULE-6803,0.02976
MULE-6802,0.866133
MULE-6801,0.038756
MULE-6800,0.048858
MULE-6799,0.573678
MULE-6798,0.055823
MULE-6796,0.71602
MULE-6795,0.130285
MULE-6794,0.820469
MULE-6793,0.029535
MULE-6792,0.123366
MULE-6791,0.045353
MULE-6790,0.03259
MULE-6789,0.05301
MULE-6788,0.320954
MULE-6787,0.051083
MULE-6786,0.032344
MULE-6785,0.016403
MULE-6784,0.867485
MULE-6783,0.027796
MULE-6781,0.189221
MULE-6779,0.024423
MULE-6778,0.073696
MULE-6777,0.683947
MULE-6776,0.040541
MULE-6775,0.108189
MULE-6774,0.03259
MULE-6773,0.058777
MULE-6772,0.920218
MULE-6771,0.214691
MULE-6770,0.017309
MULE-6769,0.051463
MULE-6768,0.027169
MULE-6767,0.583441
MULE-6766,0.015544
MULE-6765,0.076961
MULE-6764,0.644029
MULE-6763,0.870597
MULE-6761,0.131619
MULE-6760,0.023153
MULE-6758,0.07836
MULE-6757,0.502441
MULE-6756,0.048137
MULE-6755,0.91118
MULE-6754,0.104477
MULE-6753,0.090735
MULE-6751,0.018405
MULE-6749,0.113187
MULE-6748,0.669529
MULE-6746,0.032101
MULE-6744,0.702632
MULE-6743,0.045016
MULE-6742,0.157914
MULE-6741,0.032837
MULE-6739,0.441673
MULE-6738,0.897695
MULE-6737,0.032837
MULE-6736,0.051083
MULE-6735,0.022457
MULE-6732,0.042404
MULE-6731,0.048496
MULE-6730,0.744285
MULE-6728,0.238816
MULE-6727,0.912124
MULE-6726,0.957912
MULE-6725,0.012241
MULE-6724,0.041153
MULE-6722,0.020023
MULE-6720,0.146087
MULE-6717,0.92523
MULE-6716,0.766643
MULE-6714,0.14978
MULE-6713,0.144873
MULE-6712,0.040238
MULE-6711,0.848471
MULE-6710,0.761361
MULE-6708,0.153042
MULE-6706,0.071851
MULE-6705,0.035145
MULE-6704,0.028008
MULE-6703,0.941654
MULE-6702,0.041462
MULE-6701,0.755997
MULE-6700,0.638075
MULE-6699,0.021451
MULE-6698,0.115162
MULE-6697,0.59843
MULE-6696,0.234231
MULE-6695,0.941223
MULE-6694,0.653818
MULE-6693,0.051845
MULE-6692,0.055823
MULE-6691,0.284079
MULE-6689,0.677474
MULE-6688,0.632105
MULE-6687,0.106319
MULE-6684,0.638779
MULE-6683,0.814938
MULE-6682,0.305697
MULE-6681,0.689828
MULE-6673,0.299105
MULE-6672,0.550124
MULE-6671,0.254602
MULE-6668,0.049589
MULE-6665,0.797241
MULE-6663,0.659131
MULE-6661,0.799129
MULE-6659,0.895888
MULE-6657,0.727007
MULE-6656,0.874935
MULE-6655,0.840259
MULE-6654,0.012054
MULE-6653,0.905657
MULE-6650,0.146087
MULE-6649,0.659597
MULE-6647,0.560253
MULE-6646,0.483648
MULE-6645,0.323915
MULE-6642,0.437583
MULE-6641,0.498047
MULE-6640,0.044681
MULE-6638,0.084191
MULE-6637,0.156362
MULE-6636,0.032344
MULE-6633,0.913058
MULE-6632,0.823328
MULE-6630,0.060087
MULE-6628,0.777638
MULE-6627,0.023153
MULE-6626,0.030215
MULE-6624,0.675604
MULE-6623,0.050705
MULE-6622,0.031619
MULE-6621,0.028653
MULE-6620,0.839208
MULE-6619,0.189821
MULE-6618,0.942507
MULE-6616,0.689619
MULE-6615,0.398055
MULE-6614,0.008916
MULE-6613,0.019719
MULE-6612,0.219505
MULE-6611,0.049222
MULE-6609,0.194368
MULE-6608,0.096365
MULE-6607,0.051845
MULE-6606,0.022629
MULE-6604,0.178097
MULE-6602,0.59972
MULE-6601,0.345547
MULE-6600,0.801004
MULE-6599,0.013849
MULE-6598,0.700075
MULE-6597,0.565059
MULE-6596,0.042722
MULE-6595,0.060087
MULE-6594,0.290679
MULE-6593,0.017442
MULE-6591,0.028871
MULE-6590,0.043691
MULE-6589,0.130285
MULE-6587,0.043691
MULE-6586,0.409221
MULE-6585,0.914596
MULE-6584,0.132066
MULE-6583,0.090093
MULE-6582,0.033086
MULE-6581,0.018689
MULE-6580,0.879561
MULE-6579,0.647603
MULE-6578,0.88642
MULE-6577,0.050331
MULE-6575,0.090093
MULE-6573,0.040846
MULE-6569,0.120026
MULE-6567,0.130729
MULE-6565,0.027585
MULE-6562,0.939913
MULE-6560,0.031619
MULE-6559,0.036494
MULE-6558,0.032344
MULE-6557,0.03622
MULE-6555,0.027796
MULE-6554,0.121686
MULE-6552,0.051845
MULE-6551,0.031144
MULE-6550,0.024988
MULE-6549,0.07343
MULE-6548,0.017986
MULE-6547,0.043366
MULE-6546,0.045016
MULE-6545,0.051463
MULE-6543,0.039639
MULE-6540,0.944177
MULE-6539,0.613005
MULE-6538,0.063715
MULE-6537,0.129843
MULE-6536,0.068537
MULE-6535,0.028653
MULE-6534,0.041774
MULE-6533,0.020489
MULE-6532,0.0341
MULE-6531,0.058132
MULE-6530,0.031619
MULE-6529,0.090093
MULE-6527,0.03622
MULE-6526,0.064653
MULE-6525,0.086632
MULE-6523,0.956957
MULE-6522,0.047426
MULE-6520,0.866585
MULE-6519,0.699049
MULE-6518,0.907312
MULE-6517,0.056652
MULE-6516,0.011597
MULE-6515,0.179818
MULE-6514,0.810779
MULE-6513,0.660172
MULE-6512,0.854399
MULE-6511,0.066085
MULE-6509,0.680666
MULE-6507,0.889144
MULE-6506,0.951504
MULE-6505,0.081228
MULE-6503,0.064183
MULE-6502,0.316845
MULE-6501,0.101947
MULE-6499,0.033086
MULE-6498,0.715225
MULE-6497,0.537041
MULE-6494,0.031859
MULE-6492,0.034619
MULE-6491,0.041462
MULE-6490,0.047074
MULE-6489,0.055005
MULE-6488,0.039048
MULE-6487,0.010902
MULE-6486,0.033844
MULE-6485,0.034619
MULE-6475,0.039343
MULE-6472,0.043366
MULE-6471,0.030215
MULE-6470,0.872347
MULE-6468,0.033086
MULE-6467,0.936285
MULE-6466,0.930458
MULE-6465,0.941654
MULE-6464,0.022803
MULE-6463,0.895157
MULE-6462,0.159741
MULE-6460,0.022629
MULE-6459,0.899475
MULE-6458,0.025179
MULE-6457,0.009708
MULE-6456,0.08389
MULE-6454,0.037609
MULE-6453,0.043043
MULE-6452,0.0729
MULE-6451,0.025565
MULE-6450,0.049959
MULE-6448,0.012528
MULE-6447,0.022457
MULE-6445,0.030676
MULE-6444,0.277767
MULE-6443,0.801315
MULE-6442,0.933915
MULE-6441,0.02976
MULE-6440,0.046034
MULE-6439,0.165054
MULE-6438,0.076684
MULE-6437,0.045353
MULE-6436,0.948917
MULE-6435,0.021125
MULE-6434,0.069542
MULE-6433,0.013637
MULE-6431,0.165863
MULE-6428,0.051083
MULE-6427,0.068289
MULE-6426,0.080069
MULE-6423,0.862468
MULE-6422,0.055823
MULE-6421,0.038466
MULE-6419,0.855369
MULE-6418,0.138462
MULE-6417,0.043691
MULE-6415,0.304714
MULE-6412,0.059866
MULE-6409,0.13707
MULE-6408,0.013956
MULE-6407,0.014729
MULE-6406,0.916708
MULE-6405,0.820757
MULE-6404,0.731251
MULE-6403,0.041153
MULE-6402,0.908293
MULE-6401,0.039343
MULE-6400,0.078926
MULE-6399,0.375477
MULE-6398,0.135461
MULE-6397,0.887595
MULE-6396,0.017177
MULE-6395,0.077797
MULE-6394,0.030444
MULE-6393,0.017177
MULE-6391,0.039343
MULE-6390,0.057282
MULE-6388,0.103024
MULE-6387,0.028653
MULE-6386,0.050705
MULE-6385,0.026557
MULE-6383,0.014957
MULE-6382,0.049959
MULE-6380,0.012241
MULE-6378,0.759582
MULE-6376,0.851459
MULE-6375,0.789558
MULE-6373,0.857768
MULE-6372,0.950041
MULE-6371,0.869271
MULE-6370,0.0745
MULE-6369,0.924142
MULE-6368,0.061424
MULE-6367,0.009055
MULE-6366,0.042404
MULE-6365,0.018405
MULE-6362,0.012147
MULE-6361,0.830044
MULE-6359,0.083591
MULE-6358,0.906653
MULE-6357,0.922482
MULE-6356,0.948155
MULE-6355,0.027376
MULE-6354,0.034619
MULE-6353,0.710427
MULE-6352,0.542379
MULE-6351,0.008847
MULE-6350,0.020332
MULE-6349,0.21984
MULE-6345,0.008711
MULE-6344,0.510741
MULE-6343,0.028653
MULE-6341,0.052619
MULE-6340,0.058777
MULE-6339,0.106319
MULE-6338,0.808974
MULE-6337,0.846958
MULE-6336,0.88642
MULE-6335,0.019271
MULE-6334,0.025761
MULE-6332,0.32744
MULE-6331,0.062103
MULE-6330,0.034881
MULE-6329,0.407569
MULE-6328,0.087564
MULE-6326,0.01292
MULE-6325,0.0745
MULE-6323,0.361052
MULE-6321,0.039937
MULE-6320,0.89841
MULE-6319,0.026759
MULE-6318,0.171894
MULE-6317,0.016403
MULE-6311,0.115162
MULE-6310,0.82559
MULE-6308,0.902952
MULE-6307,0.383757
MULE-6305,0.830044
MULE-6303,0.0341
MULE-6300,0.91181
MULE-6297,0.803174
MULE-6296,0.839734
MULE-6294,0.017712
MULE-6293,0.042404
MULE-6292,0.076961
MULE-6291,0.03359
MULE-6289,0.108189
MULE-6286,0.867934
MULE-6284,0.026759
MULE-6283,0.070304
MULE-6282,0.822759
MULE-6281,0.599485
MULE-6280,0.022803
MULE-6279,0.024988
MULE-6278,0.775605
MULE-6277,0.454714
MULE-6275,0.018264
MULE-6274,0.043043
MULE-6272,0.081228
MULE-6270,0.014392
MULE-6269,0.03259
MULE-6268,0.069038
MULE-6267,0.865224
MULE-6266,0.792464
MULE-6265,0.738858
MULE-6262,0.775265
MULE-6261,0.122944
MULE-6259,0.021781
MULE-6257,0.393735
MULE-6256,0.559531
MULE-6255,0.035411
MULE-6254,0.019871
MULE-6253,0.207857
MULE-6252,0.114369
MULE-6251,0.865679
MULE-6249,0.067793
MULE-6247,0.075858
MULE-6246,0.734881
MULE-6245,0.012723
MULE-6244,0.011332
MULE-6243,0.045353
MULE-6242,0.249447
MULE-6241,0.166404
MULE-6240,0.077239
MULE-6239,0.821617
MULE-6238,0.021451
MULE-6237,0.645776
MULE-6234,0.056652
MULE-6232,0.056444
MULE-6230,0.766992
MULE-6229,0.580114
MULE-6228,0.809276
MULE-6227,0.814053
MULE-6226,0.024798
MULE-6225,0.119614
MULE-6224,0.311584
MULE-6223,0.116764
MULE-6221,0.02461
MULE-6218,0.387227
MULE-6217,0.043691
MULE-6214,0.268366
MULE-6207,0.128525
MULE-6206,0.014616
MULE-6205,0.032837
MULE-6204,0.019124
MULE-6203,0.072637
MULE-6201,0.026156
MULE-6199,0.067301
MULE-6198,0.022117
MULE-6197,0.041153
MULE-6196,0.022803
MULE-6191,0.032837
MULE-6190,0.066085
MULE-6188,0.064183
MULE-6187,0.009936
MULE-6186,0.026156
MULE-6185,0.440951
MULE-6184,0.026355
MULE-6183,0.038178
MULE-6182,0.398406
MULE-6180,0.067547
MULE-6179,0.029535
MULE-6178,0.031619
MULE-6177,0.5564
MULE-6176,0.03138
MULE-6175,0.023153
MULE-6174,0.039639
MULE-6172,0.708213
MULE-6171,0.042404
MULE-6170,0.034619
MULE-6169,0.022629
MULE-6168,0.019124
MULE-6167,0.086632
MULE-6166,0.121269
MULE-6165,0.020489
MULE-6164,0.871475
MULE-6163,0.125923
MULE-6162,0.125065
MULE-6161,0.017045
MULE-6160,0.212069
MULE-6159,0.072637
MULE-6158,0.0538
MULE-6157,0.132964
MULE-6156,0.020332
MULE-6154,0.086942
MULE-6153,0.895157
MULE-6152,0.013428
MULE-6151,0.051083
MULE-6150,0.57678
MULE-6149,0.039639
MULE-6148,0.438064
MULE-6147,0.90764
MULE-6146,0.067547
MULE-6145,0.921922
MULE-6144,0.19498
MULE-6143,0.188026
MULE-6142,0.079496
MULE-6141,0.604516
MULE-6140,0.040846
MULE-6139,0.038178
MULE-6138,0.091382
MULE-6137,0.049959
MULE-6136,0.023331
MULE-6135,0.830594
MULE-6132,0.70202
MULE-6131,0.069289
MULE-6130,0.040238
MULE-6129,0.873647
MULE-6128,0.039343
MULE-6127,0.04778
MULE-6126,0.18743
MULE-6125,0.697815
MULE-6124,0.011687
MULE-6123,0.299925
MULE-6122,0.215021
MULE-6121,0.567697
MULE-6120,0.735452
MULE-6117,0.907312
MULE-6116,0.796292
MULE-6115,0.207536
MULE-6114,0.068787
MULE-6113,0.590779
MULE-6112,0.03622
MULE-6111,0.092033
MULE-6110,0.840783
MULE-6109,0.846451
MULE-6108,0.812867
MULE-6107,0.786295
MULE-6106,0.100879
MULE-6105,0.902266
MULE-6104,0.165863
MULE-6103,0.583203
MULE-6102,0.055005
MULE-6101,0.888372
MULE-6100,0.872782
MULE-6099,0.022117
MULE-6098,0.059866
MULE-6097,0.360151
MULE-6096,0.048496
MULE-6095,0.792143
MULE-6090,0.021948
MULE-6089,0.939471
MULE-6088,0.885235
MULE-6087,0.953275
MULE-6086,0.036494
MULE-6085,0.075041
MULE-6084,0.202759
MULE-6083,0.912124
MULE-6082,0.027376
MULE-6081,0.960952
MULE-6080,0.588653
MULE-6079,0.043691
MULE-6078,0.399577
MULE-6075,0.858244
MULE-6074,0.917598
MULE-6073,0.674426
MULE-6072,0.846451
MULE-6071,0.886813
MULE-6070,0.931463
MULE-6069,0.042404
MULE-6067,0.820469
MULE-6066,0.082994
MULE-6064,0.032101
MULE-6063,0.057071
MULE-6062,0.047426
MULE-6061,0.688364
MULE-6060,0.071074
MULE-6059,0.953622
MULE-6054,0.418935
MULE-6053,0.055618
MULE-6052,0.021451
MULE-6051,0.017986
MULE-6050,0.042088
MULE-6048,0.722527
MULE-6047,0.07921
MULE-6046,0.084795
MULE-6045,0.746509
MULE-6044,0.902266
MULE-6043,0.897695
MULE-6042,0.045692
MULE-6041,0.862468
MULE-6040,0.716814
MULE-6037,0.129843
MULE-6036,0.675015
MULE-6032,0.066327
MULE-6030,0.041462
MULE-6029,0.056236
MULE-6028,0.047074
MULE-6027,0.040846
MULE-6026,0.038756
MULE-6025,0.029312
MULE-6024,0.04778
MULE-6023,0.172729
MULE-6022,0.048496
MULE-6021,0.861538
MULE-6020,0.899475
MULE-6018,0.068289
MULE-6017,0.041462
MULE-6015,0.592667
MULE-6013,0.108945
MULE-6012,0.057493
MULE-6011,0.629091
MULE-6010,0.909265
MULE-6009,0.03259
MULE-6008,0.773216
MULE-6007,0.122944
MULE-6006,0.549399
MULE-6005,0.024423
MULE-6004,0.037047
MULE-6003,0.082402
MULE-6002,0.488771
MULE-6001,0.154312
MULE-6000,0.422266
MULE-5999,0.114765
MULE-5998,0.039343
MULE-5997,0.086942
MULE-5996,0.872347
MULE-5995,0.467818
MULE-5994,0.878314
MULE-5993,0.954308
MULE-5992,0.695648
MULE-5989,0.118793
MULE-5988,0.04778
MULE-5987,0.038466
MULE-5986,0.841305
MULE-5982,0.939913
MULE-5981,0.069289
MULE-5979,0.063251
MULE-5977,0.262842
MULE-5976,0.153803
MULE-5973,0.168036
MULE-5972,0.728748
MULE-5971,0.085709
MULE-5970,0.125493
MULE-5969,0.882833
MULE-5966,0.742795
MULE-5965,0.030444
MULE-5964,0.05301
MULE-5962,0.165863
MULE-5961,0.296349
MULE-5960,0.915507
MULE-5958,0.80038
MULE-5957,0.587943
MULE-5956,0.119203
MULE-5954,0.132515
MULE-5953,0.03359
MULE-5952,0.244904
MULE-5951,0.791821
MULE-5949,0.914901
MULE-5948,0.036494
MULE-5947,0.008779
MULE-5946,0.042088
MULE-5945,0.048858
MULE-5944,0.53607
MULE-5943,0.031859
MULE-5942,0.032837
MULE-5941,0.016277
MULE-5940,0.891811
MULE-5939,0.888759
MULE-5938,0.0538
MULE-5935,0.897695
MULE-5933,0.079782
MULE-5932,0.07056
MULE-5930,0.653155
MULE-5929,0.202759
MULE-5928,0.036769
MULE-5927,0.017577
MULE-5926,0.067056
MULE-5924,0.933915
MULE-5922,0.633807
MULE-5921,0.943348
MULE-5920,0.862004
MULE-5919,0.011961
MULE-5918,0.069795
MULE-5917,0.050331
MULE-5916,0.877477
MULE-5915,0.734501
MULE-5914,0.905322
MULE-5913,0.034619
MULE-5912,0.805326
MULE-5911,0.955981
MULE-5910,0.847463
MULE-5909,0.776284
MULE-5908,0.874077
MULE-5907,0.03259
MULE-5905,0.828939
MULE-5904,0.893681
MULE-5903,0.920218
MULE-5902,0.495117
MULE-5901,0.76207
MULE-5900,0.911495
MULE-5899,0.889912
MULE-5898,0.938124
MULE-5897,0.930962
MULE-5896,0.961534
MULE-5895,0.926835
MULE-5894,0.921922
MULE-5893,0.924688
MULE-5892,0.053403
MULE-5891,0.020489
MULE-5889,0.027585
MULE-5888,0.628977
MULE-5886,0.852935
MULE-5883,0.028008
MULE-5882,0.810479
MULE-5881,0.042404
MULE-5880,0.879974
MULE-5878,0.770465
MULE-5877,0.018264
MULE-5876,0.017577
MULE-5875,0.919643
MULE-5874,0.024798
MULE-5873,0.09739
MULE-5872,0.127653
MULE-5871,0.037047
MULE-5870,0.056444
MULE-5867,0.844922
MULE-5866,0.035145
MULE-5864,0.017442
MULE-5863,0.053403
MULE-5862,0.626524
MULE-5861,0.031619
MULE-5860,0.078078
MULE-5858,0.0745
MULE-5857,0.07836
MULE-5856,0.307176
MULE-5855,0.040238
MULE-5854,0.034359
MULE-5851,0.671794
MULE-5849,0.062331
MULE-5848,0.86431
MULE-5847,0.020489
MULE-5845,0.048858
MULE-5844,0.023331
MULE-5843,0.012147
MULE-5842,0.258513
MULE-5841,0.079782
MULE-5840,0.047426
MULE-5839,0.846958
MULE-5837,0.023153
MULE-5836,0.045692
MULE-5835,0.087564
MULE-5834,0.043366
MULE-5833,0.432303
MULE-5831,0.116362
MULE-5830,0.09236
MULE-5829,0.08819
MULE-5828,0.061876
MULE-5827,0.029091
MULE-5826,0.736021
MULE-5825,0.047074
MULE-5824,0.028871
MULE-5823,0.026759
MULE-5822,0.042722
MULE-5821,0.128963
MULE-5819,0.964321
MULE-5818,0.383757
MULE-5816,0.83762
MULE-5814,0.903294
MULE-5813,0.080647
MULE-5812,0.217338
MULE-5811,0.05301
MULE-5810,0.032344
MULE-5809,0.724286
MULE-5808,0.057705
MULE-5806,0.272508
MULE-5804,0.940353
MULE-5803,0.071332
MULE-5801,0.058993
MULE-5797,0.066569
MULE-5796,0.054199
MULE-5795,0.014957
MULE-5794,0.036769
MULE-5793,0.017442
MULE-5792,0.096365
MULE-5790,0.022629
MULE-5789,0.037609
MULE-5788,0.076132
MULE-5787,0.293101
MULE-5786,0.026355
MULE-5785,0.060529
MULE-5784,0.04778
MULE-5783,0.028653
MULE-5782,0.774583
MULE-5781,0.051083
MULE-5780,0.461017
MULE-5779,0.059866
MULE-5777,0.037892
MULE-5776,0.085099
MULE-5773,0.150528
MULE-5771,0.017849
MULE-5770,0.017309
MULE-5769,0.028436
MULE-5767,0.7324
MULE-5766,0.886813
MULE-5765,0.028221
MULE-5764,0.022803
MULE-5763,0.106319
MULE-5762,0.051463
MULE-5759,0.060752
MULE-5758,0.025565
MULE-5757,0.023689
MULE-5756,0.088505
MULE-5755,0.044019
MULE-5754,0.322206
MULE-5752,0.700383
MULE-5751,0.917893
MULE-5750,0.023153
MULE-5748,0.055413
MULE-5747,0.166675
MULE-5746,0.746878
MULE-5744,0.028436
MULE-5743,0.040846
MULE-5742,0.018125
MULE-5741,0.026759
MULE-5740,0.036769
MULE-5739,0.038756
MULE-5738,0.07477
MULE-5737,0.044349
MULE-5736,0.044019
MULE-5734,0.028008
MULE-5733,0.821617
MULE-5732,0.020489
MULE-5731,0.107437
MULE-5730,0.022977
MULE-5729,0.120439
MULE-5727,0.836555
MULE-5726,0.029987
MULE-5723,0.072112
MULE-5722,0.021287
MULE-5720,0.017986
MULE-5719,0.307566
MULE-5718,0.034359
MULE-5717,0.070304
MULE-5716,0.06256
MULE-5715,0.017849
MULE-5714,0.034359
MULE-5713,0.025565
MULE-5712,0.066569
MULE-5711,0.064183
MULE-5710,0.035145
MULE-5708,0.017986
MULE-5707,0.145115
MULE-5706,0.03259
MULE-5705,0.008711
MULE-5704,0.017577
MULE-5702,0.052619
MULE-5701,0.162912
MULE-5700,0.127653
MULE-5699,0.011508
MULE-5698,0.41561
MULE-5697,0.039343
MULE-5696,0.032344
MULE-5695,0.028436
MULE-5694,0.03259
MULE-5693,0.953966
MULE-5691,0.051083
MULE-5690,0.145115
MULE-5689,0.731826
MULE-5687,0.101589
MULE-5686,0.787931
MULE-5685,0.021781
MULE-5684,0.037047
MULE-5683,0.059428
MULE-5682,0.082402
MULE-5681,0.045692
MULE-5680,0.03138
MULE-5679,0.559771
MULE-5678,0.016029
MULE-5677,0.057705
MULE-5675,0.019871
MULE-5674,0.106691
MULE-5673,0.020332
MULE-5672,0.025371
MULE-5671,0.027585
MULE-5670,0.161056
MULE-5669,0.116362
MULE-5667,0.039639
MULE-5666,0.919643
MULE-5665,0.093017
MULE-5664,0.025565
MULE-5663,0.11358
MULE-5662,0.127218
MULE-5661,0.021615
MULE-5660,0.903294
MULE-5659,0.686895
MULE-5658,0.240953
MULE-5657,0.750187
MULE-5656,0.051463
MULE-5655,0.874077
MULE-5653,0.039343
MULE-5652,0.041774
MULE-5651,0.032101
MULE-5648,0.028436
MULE-5647,0.026759
MULE-5646,0.0538
MULE-5645,0.041774
MULE-5644,0.056444
MULE-5643,0.169131
MULE-5642,0.023689
MULE-5641,0.086016
MULE-5640,0.934395
MULE-5639,0.819893
MULE-5638,0.67346
MULE-5635,0.847968
MULE-5634,0.847968
MULE-5632,0.067547
MULE-5631,0.039937
MULE-5630,0.894052
MULE-5629,0.112795
MULE-5628,0.048858
MULE-5627,0.028871
MULE-5626,0.014842
MULE-5625,0.037047
MULE-5624,0.077518
MULE-5623,0.03359
MULE-5621,0.897695
MULE-5620,0.882428
MULE-5618,0.032101
MULE-5617,0.040541
MULE-5616,0.039048
MULE-5615,0.793746
MULE-5614,0.078078
MULE-5613,0.055618
MULE-5612,0.063251
MULE-5611,0.167763
MULE-5607,0.373647
MULE-5606,0.184768
MULE-5603,0.726037
MULE-5602,0.036769
MULE-5601,0.92523
MULE-5600,0.603348
MULE-5599,0.060529
MULE-5595,0.012625
MULE-5594,0.012625
MULE-5592,0.068289
MULE-5590,0.094678
MULE-5589,0.91611
MULE-5586,0.037047
MULE-5585,0.917893
MULE-5584,0.037047
MULE-5581,0.02461
MULE-5580,0.03138
MULE-5579,0.024423
MULE-5578,0.080937
MULE-5576,0.044349
MULE-5575,0.107813
MULE-5574,0.018833
MULE-5573,0.030215
MULE-5572,0.640861
MULE-5571,0.472683
MULE-5570,0.025565
MULE-5568,0.023331
MULE-5566,0.086016
MULE-5565,0.921922
MULE-5564,0.086016
MULE-5563,0.268174
MULE-5562,0.129843
MULE-5561,0.409221
MULE-5560,0.574872
MULE-5559,0.027376
MULE-5558,0.824462
MULE-5557,0.025179
MULE-5556,0.853913
MULE-5555,0.911495
MULE-5554,0.055209
MULE-5553,0.03259
MULE-5550,0.022977
MULE-5547,0.356727
MULE-5546,0.824462
MULE-5545,0.041462
MULE-5544,0.180684
MULE-5543,0.063251
MULE-5542,0.034359
MULE-5541,0.252937
MULE-5540,0.022117
MULE-5539,0.826712
MULE-5538,0.117572
MULE-5537,0.324396
MULE-5536,0.048496
MULE-5535,0.048137
MULE-5534,0.105211
MULE-5531,0.060529
MULE-5530,0.305179
MULE-5529,0.141994
MULE-5528,0.458591
MULE-5527,0.070049
MULE-5524,0.758868
MULE-5521,0.173568
MULE-5519,0.117572
MULE-5518,0.082402
MULE-5517,0.029312
MULE-5516,0.974239
MULE-5515,0.019719
MULE-5513,0.058777
MULE-5510,0.18743
MULE-5509,0.07477
MULE-5508,0.122944
MULE-5506,0.022286
MULE-5505,0.024238
MULE-5504,0.06165
MULE-5503,0.040238
MULE-5502,0.764188
MULE-5501,0.931463
MULE-5500,0.3671
MULE-5499,0.054601
MULE-5498,0.047426
MULE-5496,0.057493
MULE-5495,0.096025
MULE-5494,0.022286
MULE-5493,0.649829
MULE-5492,0.100172
MULE-5490,0.115961
MULE-5487,0.044681
MULE-5486,0.902266
MULE-5483,0.028221
MULE-5482,0.951504
MULE-5480,0.069038
MULE-5479,0.028008
MULE-5477,0.036494
MULE-5476,0.047074
MULE-5475,0.041153
MULE-5473,0.089137
MULE-5472,0.015664
MULE-5471,0.059647
MULE-5470,0.935817
MULE-5469,0.133868
MULE-5468,0.014957
MULE-5466,0.806243
MULE-5465,0.011778
MULE-5464,0.878731
MULE-5463,0.874507
MULE-5462,0.029091
MULE-5461,0.826151
MULE-5459,0.766643
MULE-5457,0.010902
MULE-5456,0.049222
MULE-5455,0.025957
MULE-5454,0.03359
MULE-5453,0.499512
MULE-5452,0.094343
MULE-5451,0.033844
MULE-5450,0.044349
MULE-5449,0.019871
MULE-5448,0.190423
MULE-5447,0.895157
MULE-5446,0.65861
MULE-5444,0.358802
MULE-5442,0.07477
MULE-5441,0.092688
MULE-5440,0.011072
MULE-5439,0.057705
MULE-5438,0.027376
MULE-5437,0.023509
MULE-5436,0.025565
MULE-5434,0.411347
MULE-5433,0.68268
MULE-5432,0.015664
MULE-5431,0.02976
MULE-5430,0.024423
MULE-5429,0.065128
MULE-5427,0.029312
MULE-5426,0.029312
MULE-5425,0.020646
MULE-5424,0.895888
MULE-5422,0.105211
MULE-5421,0.014616
MULE-5420,0.021948
MULE-5419,0.331931
MULE-5418,0.095349
MULE-5417,0.038756
MULE-5416,0.873647
MULE-5415,0.041462
MULE-5414,0.059866
MULE-5413,0.911495
MULE-5412,0.087252
MULE-5411,0.068537
MULE-5409,0.476092
MULE-5407,0.014957
MULE-5406,0.045353
MULE-5405,0.028653
MULE-5404,0.922482
MULE-5403,0.90053
MULE-5402,0.877056
MULE-5401,0.917598
MULE-5400,0.934873
MULE-5399,0.934395
MULE-5397,0.05921
MULE-5396,0.019271
MULE-5395,0.218336
MULE-5394,0.020804
MULE-5393,0.033844
MULE-5392,0.00934
MULE-5391,0.851459
MULE-5390,0.903635
MULE-5389,0.723505
MULE-5388,0.24599
MULE-5386,0.874077
MULE-5385,0.204342
MULE-5384,0.020804
MULE-5382,0.021451
MULE-5381,0.034881
MULE-5379,0.022457
MULE-5378,0.028436
MULE-5377,0.873647
MULE-5374,0.040541
MULE-5372,0.06256
MULE-5371,0.675872
MULE-5370,0.042722
MULE-5369,0.479991
MULE-5368,0.44071
MULE-5367,0.749821
MULE-5365,0.356559
MULE-5364,0.014064
MULE-5363,0.156362
MULE-5362,0.921922
MULE-5361,0.051845
MULE-5360,0.020332
MULE-5359,0.794385
MULE-5358,0.030676
MULE-5357,0.747616
MULE-5356,0.627552
MULE-5355,0.20466
MULE-5354,0.071851
MULE-5353,0.092688
MULE-5352,0.845433
MULE-5351,0.026156
MULE-5350,0.030215
MULE-5349,0.790207
MULE-5348,0.213377
MULE-5347,0.029535
MULE-5346,0.950041
MULE-5345,0.814938
MULE-5344,0.313321
MULE-5343,0.027169
MULE-5340,0.669151
MULE-5336,0.210442
MULE-5333,0.6973
MULE-5332,0.032837
MULE-5331,0.050331
MULE-5330,0.022977
MULE-5329,0.184473
MULE-5328,0.080937
MULE-5327,0.920218
MULE-5326,0.89841
MULE-5325,0.91611
MULE-5324,0.921922
MULE-5322,0.128088
MULE-5320,0.665574
MULE-5319,0.081813
MULE-5318,0.056652
MULE-5317,0.887595
MULE-5316,0.569134
MULE-5315,0.599016
MULE-5314,0.029312
MULE-5312,0.5083
MULE-5311,0.940353
MULE-5310,0.040238
MULE-5309,0.123789
MULE-5308,0.640748
MULE-5307,0.101947
MULE-5306,0.798187
MULE-5305,0.393968
MULE-5304,0.042722
MULE-5303,0.956309
MULE-5302,0.049222
MULE-5301,0.041462
MULE-5300,0.027585
MULE-5299,0.400515
MULE-5298,0.430626
MULE-5296,0.071332
MULE-5295,0.877056
MULE-5294,0.071074
MULE-5293,0.926835
MULE-5292,0.082697
MULE-5291,0.015189
MULE-5290,0.020177
MULE-5289,0.008711
MULE-5288,0.016915
MULE-5287,0.077239
MULE-5286,0.867036
MULE-5285,0.923592
MULE-5284,0.019124
MULE-5283,0.020964
MULE-5281,0.619932
MULE-5280,0.035679
MULE-5279,0.160266
MULE-5278,0.06489
MULE-5277,0.460046
MULE-5276,0.065366
MULE-5275,0.038466
MULE-5273,0.018833
MULE-5272,0.182134
MULE-5271,0.050705
MULE-5270,0.025179
MULE-5269,0.938576
MULE-5268,0.029987
MULE-5267,0.094343
MULE-5266,0.07343
MULE-5265,0.044681
MULE-5264,0.923039
MULE-5263,0.030215
MULE-5262,0.025565
MULE-5261,0.783658
MULE-5260,0.873647
MULE-5258,0.035679
MULE-5256,0.691601
MULE-5255,0.077797
MULE-5254,0.332798
MULE-5253,0.041153
MULE-5252,0.049222
MULE-5251,0.748168
MULE-5250,0.020177
MULE-5248,0.635463
MULE-5247,0.138462
MULE-5246,0.054399
MULE-5245,0.017712
MULE-5244,0.031619
MULE-5243,0.574395
MULE-5242,0.944177
MULE-5241,0.848471
MULE-5240,0.083591
MULE-5239,0.718397
MULE-5238,0.913984
MULE-5237,0.072637
MULE-5236,0.012528
MULE-5235,0.093017
MULE-5234,0.145601
MULE-5231,0.397704
MULE-5230,0.127218
MULE-5229,0.051845
MULE-5228,0.923592
MULE-5227,0.158174
MULE-5226,0.874077
MULE-5224,0.816406
MULE-5223,0.059428
MULE-5222,0.677154
MULE-5221,0.779993
MULE-5220,0.836555
MULE-5219,0.665954
MULE-5218,0.034619
MULE-5217,0.207215
MULE-5216,0.087564
MULE-5215,0.893309
MULE-5214,0.011597
MULE-5213,0.058561
MULE-5212,0.064418
MULE-5211,0.029312
MULE-5210,0.146331
MULE-5209,0.056652
MULE-5208,0.033337
MULE-5207,0.120026
MULE-5205,0.032101
MULE-5204,0.277963
MULE-5202,0.049959
MULE-5201,0.845942
MULE-5200,0.936749
MULE-5199,0.801625
MULE-5198,0.051083
MULE-5196,0.341253
MULE-5195,0.022629
MULE-5194,0.892187
MULE-5192,0.664649
MULE-5191,0.037327
MULE-5190,0.0745
MULE-5189,0.037892
MULE-5188,0.024798
MULE-5187,0.040846
MULE-5186,0.197444
MULE-5185,0.725649
MULE-5184,0.326594
MULE-5182,0.025957
MULE-5181,0.797557
MULE-5180,0.698227
MULE-5179,0.855851
MULE-5178,0.188922
MULE-5176,0.028871
MULE-5175,0.848471
MULE-5173,0.060529
MULE-5172,0.092688
MULE-5170,0.034881
MULE-5169,0.040846
MULE-5168,0.024423
MULE-5167,0.031619
MULE-5165,0.033844
MULE-5164,0.306274
MULE-5163,0.153803
MULE-5162,0.38145
MULE-5159,0.05301
MULE-5158,0.046725
MULE-5157,0.094678
MULE-5156,0.500488
MULE-5155,0.933431
MULE-5152,0.844922
MULE-5151,0.036769
MULE-5150,0.0341
MULE-5149,0.061424
MULE-5148,0.461017
MULE-5145,0.021948
MULE-5143,0.264169
MULE-5142,0.121269
MULE-5141,0.944177
MULE-5138,0.030215
MULE-5137,0.045692
MULE-5135,0.260766
MULE-5132,0.076684
MULE-5131,0.049589
MULE-5130,0.107813
MULE-5129,0.930458
MULE-5128,0.026156
MULE-5127,0.041153
MULE-5126,0.017986
MULE-5125,0.188922
MULE-5123,0.019124
MULE-5122,0.09739
MULE-5121,0.170508
MULE-5120,0.178956
MULE-5118,0.114765
MULE-5117,0.030215
MULE-5116,0.110088
MULE-5115,0.192539
MULE-5113,0.062789
MULE-5112,0.05301
MULE-5110,0.902266
MULE-5109,0.944177
MULE-5108,0.05301
MULE-5106,0.07056
MULE-5105,0.806243
MULE-5104,0.14978
MULE-5103,0.050331
MULE-5102,0.033844
MULE-5101,0.178669
MULE-5100,0.797557
MULE-5099,0.043043
MULE-5098,0.032101
MULE-5097,0.062103
MULE-5096,0.103024
MULE-5095,0.128963
MULE-5088,0.021125
MULE-5087,0.452294
MULE-5086,0.089773
MULE-5085,0.04778
MULE-5084,0.097734
MULE-5082,0.039639
MULE-5081,0.032344
MULE-5080,0.019719
MULE-5079,0.052231
MULE-5078,0.02976
MULE-5077,0.085709
MULE-5076,0.925769
MULE-5075,0.360827
MULE-5074,0.05301
MULE-5073,0.022286
MULE-5072,0.675015
MULE-5071,0.085404
MULE-5070,0.439988
MULE-5069,0.095687
MULE-5068,0.036494
MULE-5067,0.023331
MULE-5066,0.050705
MULE-5065,0.05921
MULE-5064,0.566019
MULE-5062,0.115162
MULE-5061,0.020964
MULE-5060,0.029312
MULE-5059,0.036769
MULE-5058,0.103749
MULE-5056,0.061424
MULE-5055,0.054601
MULE-5054,0.021948
MULE-5053,0.039343
MULE-5051,0.034881
MULE-5050,0.073165
MULE-5048,0.122944
MULE-5047,0.343507
MULE-5046,0.066327
MULE-5045,0.872782
MULE-5044,0.117167
MULE-5042,0.016153
MULE-5041,0.145844
MULE-5040,0.052619
MULE-5039,0.20466
MULE-5038,0.570571
MULE-5037,0.041774
MULE-5036,0.950778
MULE-5035,0.086632
MULE-5034,0.019419
MULE-5033,0.340951
MULE-5032,0.019124
MULE-5031,0.034881
MULE-5030,0.032101
MULE-5029,0.030909
MULE-5028,0.847463
MULE-5027,0.020023
MULE-5026,0.145844
MULE-5025,0.014616
MULE-5024,0.026557
MULE-5023,0.050705
MULE-5022,0.022457
MULE-5021,0.02461
MULE-5020,0.938124
MULE-5019,0.050331
MULE-5018,0.054199
MULE-5017,0.061876
MULE-5016,0.034359
MULE-5015,0.032101
MULE-5014,0.091707
MULE-5013,0.020177
MULE-5012,0.014616
MULE-5011,0.038756
MULE-5008,0.095349
MULE-5007,0.021948
MULE-5006,0.924142
MULE-5005,0.840783
MULE-5004,0.756717
MULE-5003,0.915809
MULE-5002,0.168857
MULE-4999,0.042088
MULE-4998,0.176956
MULE-4997,0.048137
MULE-4996,0.042722
MULE-4995,0.771155
MULE-4994,0.044349
MULE-4993,0.112795
MULE-4992,0.940353
MULE-4991,0.075585
MULE-4990,0.805938
MULE-4989,0.827271
MULE-4988,0.400046
MULE-4987,0.74055
MULE-4986,0.045016
MULE-4985,0.895888
MULE-4984,0.021615
MULE-4983,0.158956
MULE-4982,0.021451
MULE-4981,0.070304
MULE-4980,0.075858
MULE-4979,0.075041
MULE-4978,0.883638
MULE-4977,0.556159
MULE-4975,0.702122
MULE-4974,0.858719
MULE-4972,0.086016
MULE-4971,0.029987
MULE-4969,0.019569
MULE-4968,0.447943
MULE-4967,0.923592
MULE-4966,0.639778
MULE-4965,0.104843
MULE-4964,0.027376
MULE-4963,0.041774
MULE-4962,0.854399
MULE-4961,0.059428
MULE-4960,0.0538
MULE-4959,0.049222
MULE-4955,0.763484
MULE-4954,0.817283
MULE-4953,0.093347
MULE-4952,0.142709
MULE-4951,0.08882
MULE-4950,0.120853
MULE-4949,0.016153
MULE-4948,0.044349
MULE-4947,0.029312
MULE-4946,0.586049
MULE-4945,0.160792
MULE-4944,0.016657
MULE-4943,0.033844
MULE-4942,0.027169
MULE-4940,0.951142
MULE-4939,0.053403
MULE-4937,0.887984
MULE-4936,0.90599
MULE-4935,0.921922
MULE-4934,0.892187
MULE-4933,0.835484
MULE-4932,0.818737
MULE-4931,0.072637
MULE-4930,0.041774
MULE-4928,0.079782
MULE-4926,0.042088
MULE-4925,0.632276
MULE-4924,0.129403
MULE-4922,0.024798
MULE-4920,0.888372
MULE-4918,0.044019
MULE-4917,0.131173
MULE-4916,0.912124
MULE-4915,0.085404
MULE-4914,0.043691
MULE-4913,0.222869
MULE-4910,0.23546
MULE-4909,0.919063
MULE-4908,0.021451
MULE-4907,0.031619
MULE-4906,0.162115
MULE-4905,0.023689
MULE-4904,0.070049
MULE-4903,0.031859
MULE-4902,0.118385
MULE-4901,0.045692
MULE-4900,0.042404
MULE-4899,0.086016
MULE-4898,0.064418
MULE-4897,0.832237
MULE-4896,0.604632
MULE-4895,0.820469
MULE-4894,0.057493
MULE-4893,0.179818
MULE-4892,0.270962
MULE-4891,0.117978
MULE-4890,0.025957
MULE-4889,0.426799
MULE-4888,0.569134
MULE-4887,0.029312
MULE-4886,0.04778
MULE-4885,0.010091
MULE-4884,0.917893
MULE-4883,0.795975
MULE-4881,0.024988
MULE-4880,0.013532
MULE-4876,0.0745
MULE-4875,0.045353
MULE-4874,0.039937
MULE-4873,0.045692
MULE-4872,0.755637
MULE-4871,0.611034
MULE-4869,0.846958
MULE-4868,0.607663
MULE-4867,0.033844
MULE-4864,0.039048
MULE-4863,0.91848
MULE-4862,0.030909
MULE-4861,0.298134
MULE-4859,0.635562
MULE-4858,0.908618
MULE-4856,0.910863
MULE-4855,0.330579
MULE-4854,0.068787
MULE-4853,0.108945
MULE-4852,0.097048
MULE-4851,0.512205
MULE-4850,0.059647
MULE-4849,0.906983
MULE-4848,0.913368
MULE-4847,0.724481
MULE-4846,0.270962
MULE-4845,0.295154
MULE-4844,0.104477
MULE-4843,0.632276
MULE-4839,0.833325
MULE-4837,0.024988
MULE-4836,0.069289
MULE-4831,0.715424
MULE-4830,0.044681
MULE-4829,0.83868
MULE-4828,0.080937
MULE-4827,0.662524
MULE-4826,0.26923
MULE-4824,0.046034
MULE-4823,0.024988
MULE-4822,0.030215
MULE-4821,0.460046
MULE-4820,0.105579
MULE-4819,0.204342
MULE-4818,0.118385
MULE-4816,0.601125
MULE-4815,0.033086
MULE-4814,0.03622
MULE-4813,0.947769
MULE-4812,0.269326
MULE-4811,0.113187
MULE-4810,0.086942
MULE-4808,0.038466
MULE-4807,0.037892
MULE-4806,0.300386
MULE-4805,0.043691
MULE-4804,0.020646
MULE-4803,0.114369
MULE-4802,0.08389
MULE-4801,0.935346
MULE-4800,0.855369
MULE-4799,0.029091
MULE-4796,0.048858
MULE-4795,0.220342
MULE-4794,0.120026
MULE-4793,0.196826
MULE-4792,0.076132
MULE-4791,0.030215
MULE-4790,0.940353
MULE-4789,0.894789
MULE-4788,0.765243
MULE-4787,0.156878
MULE-4786,0.129403
MULE-4785,0.067547
MULE-4782,0.015425
MULE-4781,0.644225
MULE-4780,0.553747
MULE-4779,0.88642
MULE-4778,0.849971
MULE-4776,0.021615
MULE-4775,0.781664
MULE-4774,0.831143
MULE-4773,0.036494
MULE-4772,0.017442
MULE-4771,0.017849
MULE-4770,0.892937
MULE-4769,0.038466
MULE-4760,0.061424
MULE-4759,0.884439
MULE-4757,0.466846
MULE-4756,0.844409
MULE-4755,0.098425
MULE-4754,0.176672
MULE-4753,0.08389
MULE-4752,0.17441
MULE-4751,0.053403
MULE-4750,0.845942
MULE-4749,0.071591
MULE-4748,0.022286
MULE-4747,0.013956
MULE-4745,0.055823
MULE-4744,0.690976
MULE-4743,0.070304
MULE-4742,0.937211
MULE-4741,0.061876
MULE-4740,0.954647
MULE-4739,0.929951
MULE-4738,0.040541
MULE-4737,0.884838
MULE-4736,0.024054
MULE-4735,0.048858
MULE-4734,0.174973
MULE-4733,0.062103
MULE-4732,0.167763
MULE-4731,0.18418
MULE-4729,0.68215
MULE-4728,0.048137
MULE-4727,0.123789
MULE-4725,0.910863
MULE-4724,0.112405
MULE-4723,0.73431
MULE-4722,0.841826
MULE-4721,0.932944
MULE-4720,0.55447
MULE-4719,0.047426
MULE-4718,0.019569
MULE-4717,0.784319
MULE-4716,0.051083
MULE-4715,0.122104
MULE-4714,0.085709
MULE-4713,0.493164
MULE-4712,0.020023
MULE-4711,0.135232
MULE-4710,0.095013
MULE-4709,0.363252
MULE-4707,0.962391
MULE-4706,0.31944
MULE-4705,0.03622
MULE-4704,0.139162
MULE-4703,0.047074
MULE-4702,0.325484
MULE-4701,0.105948
MULE-4699,0.065366
MULE-4698,0.018125
MULE-4697,0.026759
MULE-4696,0.022803
MULE-4695,0.079782
MULE-4694,0.022629
MULE-4693,0.055823
MULE-4692,0.032344
MULE-4691,0.064183
MULE-4690,0.04778
MULE-4689,0.822759
MULE-4688,0.763484
MULE-4687,0.426799
MULE-4686,0.914291
MULE-4685,0.819316
MULE-4684,0.660939
MULE-4683,0.939913
MULE-4682,0.883638
MULE-4681,0.799129
MULE-4680,0.965381
MULE-4679,0.015544
MULE-4678,0.042404
MULE-4677,0.056652
MULE-4674,0.832237
MULE-4673,0.05921
MULE-4672,0.866133
MULE-4671,0.583559
MULE-4670,0.079782
MULE-4669,0.030676
MULE-4668,0.041153
MULE-4667,0.197135
MULE-4666,0.040846
MULE-4665,0.127218
MULE-4664,0.50293
MULE-4663,0.060752
MULE-4662,0.046725
MULE-4661,0.058346
MULE-4660,0.039937
MULE-4659,0.038466
MULE-4658,0.076684
MULE-4657,0.067301
MULE-4656,0.085709
MULE-4655,0.231962
MULE-4654,0.082107
MULE-4653,0.138462
MULE-4652,0.04778
MULE-4651,0.056652
MULE-4650,0.109325
MULE-4649,0.03359
MULE-4648,0.704973
MULE-4647,0.280419
MULE-4645,0.124639
MULE-4644,0.041774
MULE-4643,0.032837
MULE-4642,0.796925
MULE-4641,0.176104
MULE-4640,0.952926
MULE-4639,0.858719
MULE-4638,0.03138
MULE-4637,0.854885
MULE-4636,0.787931
MULE-4635,0.038178
MULE-4633,0.047426
MULE-4631,0.215351
MULE-4630,0.09947
MULE-4628,0.041153
MULE-4626,0.035411
MULE-4623,0.023689
MULE-4622,0.071332
MULE-4621,0.055005
MULE-4620,0.032837
MULE-4619,0.023153
MULE-4618,0.025179
MULE-4617,0.08819
MULE-4616,0.926835
MULE-4615,0.396068
MULE-4614,0.018264
MULE-4613,0.107063
MULE-4612,0.037892
MULE-4611,0.944177
MULE-4607,0.051845
MULE-4605,0.133868
MULE-4604,0.193147
MULE-4602,0.025957
MULE-4601,0.044019
MULE-4600,0.813461
MULE-4599,0.884039
MULE-4598,0.72487
MULE-4597,0.948155
MULE-4594,0.939471
MULE-4593,0.073165
MULE-4592,0.069038
MULE-4591,0.054199
MULE-4590,0.045692
MULE-4589,0.042722
MULE-4588,0.132515
MULE-4587,0.53607
MULE-4586,0.128088
MULE-4585,0.286718
MULE-4584,0.075585
MULE-4583,0.774242
MULE-4582,0.049959
MULE-4581,0.221856
MULE-4579,0.053403
MULE-4576,0.894052
MULE-4575,0.098773
MULE-4573,0.044019
MULE-4572,0.039048
MULE-4571,0.052231
MULE-4570,0.0745
MULE-4569,0.055823
MULE-4567,0.122104
MULE-4566,0.910863
MULE-4565,0.807157
MULE-4564,0.060975
MULE-4563,0.013428
MULE-4561,0.279533
MULE-4559,0.341912
MULE-4558,0.049959
MULE-4556,0.025565
MULE-4555,0.814643
MULE-4554,0.340869
MULE-4553,0.051845
MULE-4552,0.060752
MULE-4551,0.055823
MULE-4550,0.039048
MULE-4549,0.045692
MULE-4548,0.07477
MULE-4547,0.043691
MULE-4546,0.877896
MULE-4545,0.839208
MULE-4544,0.145844
MULE-4542,0.022977
MULE-4541,0.057918
MULE-4539,0.548674
MULE-4537,0.036769
MULE-4536,0.062331
MULE-4535,0.157137
MULE-4534,0.020023
MULE-4533,0.035948
MULE-4532,0.014957
MULE-4531,0.038756
MULE-4530,0.850469
MULE-4528,0.019271
MULE-4527,0.031619
MULE-4526,0.842345
MULE-4525,0.781664
MULE-4524,0.587943
MULE-4523,0.04778
MULE-4522,0.014504
MULE-4521,0.035679
MULE-4520,0.045016
MULE-4519,0.069038
MULE-4518,0.757794
MULE-4517,0.111241
MULE-4514,0.68342
MULE-4512,0.041462
MULE-4511,0.729712
MULE-4510,0.019124
MULE-4509,0.955319
MULE-4508,0.682362
MULE-4507,0.038178
MULE-4506,0.744471
MULE-4505,0.893681
MULE-4503,0.017849
MULE-4502,0.3863
MULE-4501,0.071591
MULE-4500,0.06165
MULE-4499,0.076961
MULE-4498,0.039639
MULE-4497,0.846958
MULE-4496,0.107063
MULE-4495,0.100879
MULE-4494,0.164516
MULE-4493,0.087564
MULE-4492,0.852445
MULE-4491,0.026964
MULE-4490,0.076684
MULE-4489,0.035411
MULE-4487,0.030909
MULE-4485,0.025179
MULE-4484,0.040541
MULE-4483,0.015425
MULE-4482,0.033337
MULE-4481,0.014172
MULE-4480,0.034619
MULE-4479,0.865224
MULE-4477,0.055005
MULE-4476,0.056236
MULE-4475,0.018833
MULE-4474,0.023153
MULE-4473,0.855369
MULE-4472,0.045016
MULE-4470,0.654163
MULE-4469,0.029987
MULE-4468,0.056236
MULE-4466,0.758153
MULE-4465,0.090414
MULE-4464,0.595493
MULE-4462,0.029312
MULE-4461,0.126785
MULE-4460,0.134321
MULE-4459,0.016915
MULE-4457,0.064653
MULE-4456,0.025565
MULE-4454,0.610802
MULE-4453,0.039639
MULE-4452,0.387459
MULE-4451,0.021948
MULE-4450,0.012625
MULE-4449,0.897336
MULE-4448,0.054601
MULE-4447,0.066327
MULE-4446,0.044019
MULE-4445,0.022286
MULE-4444,0.81582
MULE-4443,0.027169
MULE-4442,0.057705
MULE-4440,0.020177
MULE-4439,0.028653
MULE-4438,0.018405
MULE-4437,0.855369
MULE-4436,0.779322
MULE-4435,0.69946
MULE-4434,0.750553
MULE-4433,0.035145
MULE-4432,0.926835
MULE-4431,0.051083
MULE-4430,0.042722
MULE-4429,0.212069
MULE-4428,0.749454
MULE-4427,0.685107
MULE-4426,0.328994
MULE-4425,0.154823
MULE-4424,0.907967
MULE-4423,0.057493
MULE-4422,0.022117
MULE-4421,0.108945
MULE-4416,0.631765
MULE-4415,0.797241
MULE-4413,0.043691
MULE-4412,0.016029
MULE-4410,0.801004
MULE-4409,0.148047
MULE-4408,0.498047
MULE-4407,0.056236
MULE-4405,0.068289
MULE-4404,0.058561
MULE-4402,0.595257
MULE-4401,0.062789
MULE-4400,0.032837
MULE-4399,0.0729
MULE-4398,0.744656
MULE-4397,0.033337
MULE-4396,0.030215
MULE-4395,0.030215
MULE-4394,0.276886
MULE-4392,0.060087
MULE-4391,0.03259
MULE-4390,0.507324
MULE-4389,0.110088
MULE-4388,0.22919
MULE-4387,0.020023
MULE-4385,0.022629
MULE-4381,0.012336
MULE-4380,0.206094
MULE-4379,0.044681
MULE-4377,0.842863
MULE-4375,0.946597
MULE-4374,0.769427
MULE-4373,0.104843
MULE-4372,0.026355
MULE-4371,0.139396
MULE-4369,0.036769
MULE-4365,0.913984
MULE-4363,0.069038
MULE-4360,0.022629
MULE-4359,0.032101
MULE-4358,0.049589
MULE-4357,0.74055
MULE-4356,0.875361
MULE-4355,0.887595
MULE-4354,0.056444
MULE-4353,0.126785
MULE-4351,0.912748
MULE-4350,0.954308
MULE-4349,0.057705
MULE-4348,0.696371
MULE-4347,0.892187
MULE-4346,0.173288
MULE-4344,0.768038
MULE-4336,0.05301
MULE-4335,0.034359
MULE-4334,0.121269
MULE-4333,0.132964
MULE-4332,0.094678
MULE-4331,0.101589
MULE-4330,0.846958
MULE-4329,0.05921
MULE-4328,0.304507
MULE-4327,0.114369
MULE-4324,0.881207
MULE-4323,0.845433
MULE-4322,0.017712
MULE-4321,0.921922
MULE-4320,0.067056
MULE-4318,0.0729
MULE-4317,0.898053
MULE-4316,0.092033
MULE-4315,0.197754
MULE-4314,0.060975
MULE-4313,0.048858
MULE-4312,0.919643
MULE-4311,0.045692
MULE-4310,0.386069
MULE-4309,0.735642
MULE-4308,0.808067
MULE-4307,0.915205
MULE-4305,0.726426
MULE-4304,0.297776
MULE-4302,0.067793
MULE-4301,0.883638
MULE-4300,0.822759
MULE-4299,0.835484
MULE-4298,0.435902
MULE-4296,0.031859
MULE-4295,0.452294
MULE-4294,0.041774
MULE-4293,0.952574
MULE-4292,0.042722
MULE-4291,0.926835
MULE-4290,0.093678
MULE-4289,0.096706
MULE-4288,0.138928
MULE-4287,0.90261
MULE-4286,0.264169
MULE-4285,0.866133
MULE-4284,0.285173
MULE-4283,0.07477
MULE-4282,0.035145
MULE-4281,0.069038
MULE-4280,0.141519
MULE-4279,0.029312
MULE-4278,0.166134
MULE-4277,0.37777
MULE-4275,0.773216
MULE-4273,0.028008
MULE-4270,0.015906
MULE-4269,0.025761
MULE-4268,0.036769
MULE-4267,0.029091
MULE-4266,0.045692
MULE-4265,0.906322
MULE-4264,0.029987
MULE-4263,0.021451
MULE-4262,0.049959
MULE-4261,0.055413
MULE-4260,0.055823
MULE-4258,0.890294
MULE-4257,0.13707
MULE-4256,0.936285
MULE-4255,0.022457
MULE-4254,0.047074
MULE-4253,0.014282
MULE-4252,0.063715
MULE-4251,0.048858
MULE-4250,0.115162
MULE-4249,0.047074
MULE-4248,0.055618
MULE-4247,0.03622
MULE-4246,0.022457
MULE-4244,0.92944
MULE-4243,0.311427
MULE-4242,0.412767
MULE-4241,0.791821
MULE-4240,0.365343
MULE-4239,0.797557
MULE-4236,0.103024
MULE-4234,0.068537
MULE-4233,0.063715
MULE-4232,0.024988
MULE-4231,0.819316
MULE-4230,0.077797
MULE-4229,0.024423
MULE-4228,0.783988
MULE-4226,0.061424
MULE-4225,0.025179
MULE-4224,0.035411
MULE-4223,0.026964
MULE-4222,0.152284
MULE-4221,0.468791
MULE-4220,0.14247
MULE-4218,0.806853
MULE-4217,0.049222
MULE-4216,0.42656
MULE-4215,0.789883
MULE-4214,0.90599
MULE-4213,0.103749
MULE-4212,0.566498
MULE-4211,0.037327
MULE-4210,0.069289
MULE-4209,0.055413
MULE-4207,0.118793
MULE-4206,0.301478
MULE-4205,0.627552
MULE-4204,0.921358
MULE-4203,0.898767
MULE-4202,0.909907
MULE-4201,0.36557
MULE-4200,0.92523
MULE-4199,0.042404
MULE-4198,0.19962
MULE-4197,0.035411
MULE-4196,0.210117
MULE-4194,0.296451
MULE-4193,0.014064
MULE-4192,0.058777
MULE-4191,0.038178
MULE-4190,0.701917
MULE-4189,0.756358
MULE-4188,0.038756
MULE-4187,0.806548
MULE-4186,0.02461
MULE-4185,0.009708
MULE-4184,0.016657
MULE-4183,0.111628
MULE-4182,0.036769
MULE-4181,0.546496
MULE-4180,0.073963
MULE-4179,0.029091
MULE-4178,0.040846
MULE-4177,0.012147
MULE-4176,0.016153
MULE-4175,0.942929
MULE-4174,0.052619
MULE-4173,0.945801
MULE-4171,0.070816
MULE-4170,0.014729
MULE-4169,0.07477
MULE-4168,0.037047
MULE-4167,0.049589
MULE-4166,0.888372
MULE-4165,0.0341
MULE-4163,0.028871
MULE-4162,0.040846
MULE-4161,0.02461
MULE-4160,0.051463
MULE-4159,0.032837
MULE-4158,0.88642
MULE-4157,0.842863
MULE-4155,0.069795
MULE-4154,0.238994
MULE-4153,0.055005
MULE-4152,0.081228
MULE-4149,0.075858
MULE-4148,0.049589
MULE-4147,0.122104
MULE-4145,0.218503
MULE-4144,0.075041
MULE-4141,0.184473
MULE-4140,0.409339
MULE-4139,0.933431
MULE-4138,0.443359
MULE-4137,0.219003
MULE-4134,0.895888
MULE-4133,0.441432
MULE-4132,0.097048
MULE-4131,0.041774
MULE-4130,0.796925
MULE-4129,0.892187
MULE-4128,0.096706
MULE-4127,0.046034
MULE-4126,0.940353
MULE-4125,0.850469
MULE-4124,0.072374
MULE-4122,0.906322
MULE-4120,0.017309
MULE-4119,0.902952
MULE-4118,0.492676
MULE-4117,0.031619
MULE-4115,0.894789
MULE-4114,0.017712
MULE-4113,0.026964
MULE-4112,0.126353
MULE-4111,0.309754
MULE-4110,0.082107
MULE-4109,0.067547
MULE-4107,0.079496
MULE-4106,0.045353
MULE-4104,0.031619
MULE-4103,0.097734
MULE-4101,0.063948
MULE-4100,0.862468
MULE-4098,0.872782
MULE-4097,0.863852
MULE-4096,0.176956
MULE-4095,0.015189
MULE-4094,0.020964
MULE-4093,0.123789
MULE-4092,0.045353
MULE-4091,0.033844
MULE-4090,0.025371
MULE-4089,0.901575
MULE-4088,0.945801
MULE-4087,0.599602
MULE-4086,0.481941
MULE-4085,0.883236
MULE-4084,0.038466
MULE-4083,0.021125
MULE-4082,0.044349
MULE-4081,0.029987
MULE-4080,0.021287
MULE-4078,0.093678
MULE-4077,0.039639
MULE-4076,0.045016
MULE-4075,0.087564
MULE-4074,0.056236
MULE-4073,0.045353
MULE-4071,0.070049
MULE-4070,0.730097
MULE-4069,0.69181
MULE-4068,0.393269
MULE-4067,0.166947
MULE-4066,0.020964
MULE-4065,0.61855
MULE-4064,0.802865
MULE-4063,0.905322
MULE-4062,0.030215
MULE-4061,0.050705
MULE-4060,0.377311
MULE-4059,0.801936
MULE-4058,0.069795
MULE-4057,0.120853
MULE-4056,0.883236
MULE-4054,0.093347
MULE-4053,0.031619
MULE-4052,0.828939
MULE-4051,0.904987
MULE-4050,0.021948
MULE-4049,0.063019
MULE-4048,0.885631
MULE-4047,0.027169
MULE-4046,0.854399
MULE-4045,0.910863
MULE-4044,0.924142
MULE-4043,0.051083
MULE-4042,0.048137
MULE-4041,0.074231
MULE-4040,0.933915
MULE-4039,0.884039
MULE-4038,0.233706
MULE-4037,0.832781
MULE-4036,0.822759
MULE-4034,0.074231
MULE-4033,0.210442
MULE-4032,0.26971
MULE-4031,0.019271
MULE-4030,0.806548
MULE-4029,0.218336
MULE-4028,0.035411
MULE-4027,0.198685
MULE-4025,0.369884
MULE-4024,0.903294
MULE-4022,0.023153
MULE-4021,0.045692
MULE-4020,0.062331
MULE-4019,0.006388
MULE-4018,0.314613
MULE-4017,0.937211
MULE-4016,0.890294
MULE-4015,0.583441
MULE-4014,0.792785
MULE-4013,0.815233
MULE-4012,0.733165
MULE-4010,0.806853
MULE-4009,0.055005
MULE-4008,0.057071
MULE-4007,0.88642
MULE-4006,0.407569
MULE-4005,0.861072
MULE-4004,0.794704
MULE-4002,0.928926
MULE-4000,0.86293
MULE-3999,0.085709
MULE-3998,0.812867
MULE-3997,0.171616
MULE-3996,0.887595
MULE-3995,0.154312
MULE-3994,0.061876
MULE-3993,0.913677
MULE-3992,0.020489
MULE-3991,0.028871
MULE-3990,0.75274
MULE-3989,0.625324
MULE-3988,0.091058
MULE-3987,0.20947
MULE-3986,0.25128
MULE-3985,0.845433
MULE-3984,0.428951
MULE-3983,0.031859
MULE-3982,0.647548
MULE-3981,0.150278
MULE-3980,0.892563
MULE-3979,0.046378
MULE-3978,0.015664
MULE-3977,0.016277
MULE-3976,0.761006
MULE-3975,0.025371
MULE-3974,0.043043
MULE-3973,0.968381
MULE-3972,0.359027
MULE-3971,0.272218
MULE-3970,0.746139
MULE-3969,0.787278
MULE-3968,0.602588
MULE-3967,0.883236
MULE-3965,0.780328
MULE-3964,0.896614
MULE-3963,0.917598
MULE-3962,0.898053
MULE-3961,0.874507
MULE-3960,0.738669
MULE-3959,0.689724
MULE-3958,0.851953
MULE-3957,0.872347
MULE-3956,0.769773
MULE-3955,0.547464
MULE-3954,0.219003
MULE-3952,0.364664
MULE-3951,0.851953
MULE-3950,0.91848
MULE-3949,0.473414
MULE-3948,0.044681
MULE-3947,0.169681
MULE-3946,0.754553
MULE-3945,0.939471
MULE-3944,0.902266
MULE-3943,0.86431
MULE-3942,0.174129
MULE-3941,0.044019
MULE-3940,0.056862
MULE-3939,0.034619
MULE-3938,0.125923
MULE-3937,0.76454
MULE-3936,0.926304
MULE-3934,0.91118
MULE-3933,0.842345
MULE-3932,0.106319
MULE-3931,0.86431
MULE-3930,0.048137
MULE-3928,0.83602
MULE-3926,0.221014
MULE-3925,0.826151
MULE-3924,0.65935
MULE-3923,0.802556
MULE-3922,0.401688
MULE-3921,0.759582
MULE-3920,0.841305
MULE-3919,0.020332
MULE-3918,0.101589
MULE-3917,0.79534
MULE-3916,0.704567
MULE-3915,0.893309
MULE-3914,0.162115
MULE-3913,0.959459
MULE-3912,0.950778
MULE-3911,0.018405
MULE-3910,0.909265
MULE-3909,0.512693
MULE-3908,0.287568
MULE-3907,0.337435
MULE-3906,0.216674
MULE-3905,0.495606
MULE-3904,0.374791
MULE-3903,0.915809
MULE-3902,0.053403
MULE-3901,0.891055
MULE-3900,0.92523
MULE-3899,0.079782
MULE-3898,0.272993
MULE-3897,0.872782
MULE-3896,0.924688
MULE-3895,0.493653
MULE-3894,0.895523
MULE-3893,0.883236
MULE-3891,0.048137
MULE-3890,0.143427
MULE-3889,0.370795
MULE-3888,0.639961
MULE-3887,0.179243
MULE-3886,0.685739
MULE-3885,0.907967
MULE-3884,0.294215
MULE-3883,0.895888
MULE-3882,0.892187
MULE-3878,0.223377
MULE-3877,0.799755
MULE-3875,0.521958
MULE-3874,0.569134
MULE-3873,0.324556
MULE-3872,0.447943
MULE-3871,0.209146
MULE-3870,0.095349
MULE-3869,0.30549
MULE-3868,0.200871
MULE-3867,0.116764
MULE-3866,0.166404
MULE-3865,0.165054
MULE-3864,0.048137
MULE-3863,0.031859
MULE-3862,0.07056
MULE-3861,0.2676
MULE-3860,0.044349
MULE-3857,0.617513
MULE-3856,0.893681
MULE-3855,0.344003
MULE-3854,0.019419
MULE-3853,0.045692
MULE-3851,0.022457
MULE-3850,0.218336
MULE-3849,0.0729
MULE-3848,0.025179
MULE-3847,0.743168
MULE-3846,0.180107
MULE-3845,0.496582
MULE-3844,0.772531
MULE-3843,0.92944
MULE-3842,0.921922
MULE-3841,0.832237
MULE-3840,0.841826
MULE-3839,0.024988
MULE-3838,0.122104
MULE-3837,0.071591
MULE-3836,0.949669
MULE-3834,0.018264
MULE-3833,0.903635
MULE-3832,0.933431
MULE-3831,0.025371
MULE-3830,0.820469
MULE-3829,0.087876
MULE-3828,0.063251
MULE-3827,0.056652
MULE-3826,0.815526
MULE-3825,0.697815
MULE-3824,0.024054
MULE-3823,0.037327
MULE-3822,0.064653
MULE-3821,0.214691
MULE-3819,0.276495
MULE-3818,0.060087
MULE-3817,0.037047
MULE-3816,0.102664
MULE-3815,0.066812
MULE-3813,0.029091
MULE-3812,0.38122
MULE-3811,0.830594
MULE-3810,0.028871
MULE-3809,0.648971
MULE-3808,0.856332
MULE-3807,0.05301
MULE-3806,0.056652
MULE-3805,0.924142
MULE-3804,0.077239
MULE-3803,0.706393
MULE-3802,0.933915
MULE-3801,0.927363
MULE-3800,0.226099
MULE-3798,0.086632
MULE-3797,0.178956
MULE-3796,0.205296
MULE-3795,0.86293
MULE-3794,0.362913
MULE-3793,0.338337
MULE-3792,0.455199
MULE-3791,0.47025
MULE-3790,0.290176
MULE-3789,0.097048
MULE-3788,0.112405
MULE-3787,0.271252
MULE-3786,0.082402
MULE-3785,0.877056
MULE-3784,0.642881
MULE-3783,0.00986
MULE-3782,0.391639
MULE-3781,0.028653
MULE-3780,0.016277
MULE-3779,0.888759
MULE-3778,0.054399
MULE-3777,0.108189
MULE-3776,0.038756
MULE-3775,0.954647
MULE-3774,0.013121
MULE-3773,0.846958
MULE-3772,0.143668
MULE-3771,0.027796
MULE-3770,0.033844
MULE-3768,0.780328
MULE-3767,0.906653
MULE-3766,0.951504
MULE-3765,0.777638
MULE-3764,0.054601
MULE-3763,0.029312
MULE-3762,0.034881
MULE-3760,0.296552
MULE-3759,0.91611
MULE-3758,0.063482
MULE-3757,0.027376
MULE-3756,0.635986
MULE-3755,0.651909
MULE-3754,0.781331
MULE-3753,0.788583
MULE-3752,0.704567
MULE-3751,0.875787
MULE-3750,0.90261
MULE-3749,0.792143
MULE-3748,0.069038
MULE-3747,0.482917
MULE-3746,0.032837
MULE-3745,0.035948
MULE-3744,0.008779
MULE-3743,0.02976
MULE-3742,0.169681
MULE-3741,0.020332
MULE-3740,0.892187
MULE-3739,0.718989
MULE-3738,0.011687
MULE-3737,0.060975
MULE-3736,0.028221
MULE-3735,0.938124
MULE-3734,0.52342
MULE-3733,0.204978
MULE-3732,0.161849
MULE-3731,0.089455
MULE-3730,0.120853
MULE-3729,0.780662
MULE-3728,0.678434
MULE-3727,0.026557
MULE-3726,0.517083
MULE-3725,0.089773
MULE-3724,0.024988
MULE-3723,0.797557
MULE-3722,0.038178
MULE-3720,0.64013
MULE-3719,0.064418
MULE-3718,0.05301
MULE-3717,0.032101
MULE-3716,0.335977
MULE-3715,0.290075
MULE-3714,0.132515
MULE-3713,0.335038
MULE-3712,0.082697
MULE-3711,0.024238
MULE-3710,0.02976
MULE-3709,0.024238
MULE-3708,0.660652
MULE-3707,0.027376
MULE-3706,0.924688
MULE-3705,0.037327
MULE-3704,0.037609
MULE-3703,0.129403
MULE-3702,0.584153
MULE-3701,0.189521
MULE-3699,0.849971
MULE-3698,0.887595
MULE-3697,0.015306
MULE-3696,0.017045
MULE-3695,0.012054
MULE-3694,0.035411
MULE-3693,0.019871
MULE-3692,0.934395
MULE-3691,0.088505
MULE-3688,0.86431
MULE-3686,0.023153
MULE-3685,0.028436
MULE-3684,0.046034
MULE-3683,0.023871
MULE-3682,0.012625
MULE-3681,0.023331
MULE-3680,0.052231
MULE-3679,0.851953
MULE-3678,0.116764
MULE-3677,0.071332
MULE-3676,0.026355
MULE-3674,0.018405
MULE-3673,0.036494
MULE-3672,0.035411
MULE-3671,0.0341
MULE-3670,0.018125
MULE-3669,0.119203
MULE-3668,0.038756
MULE-3663,0.316211
MULE-3662,0.046378
MULE-3658,0.017986
MULE-3656,0.058132
MULE-3653,0.799129
MULE-3651,0.948537
MULE-3650,0.019569
MULE-3649,0.049959
MULE-3648,0.130285
MULE-3647,0.028008
MULE-3646,0.07343
MULE-3643,0.048496
MULE-3642,0.767341
MULE-3641,0.03359
MULE-3640,0.83762
MULE-3639,0.079496
MULE-3638,0.908942
MULE-3636,0.881207
MULE-3635,0.679604
MULE-3634,0.16132
MULE-3632,0.69181
MULE-3631,0.009268
MULE-3630,0.121269
MULE-3629,0.870597
MULE-3626,0.058993
MULE-3620,0.774583
MULE-3619,0.617051
MULE-3618,0.897695
MULE-3617,0.042404
MULE-3616,0.044349
MULE-3615,0.854885
MULE-3614,0.055209
MULE-3612,0.059428
MULE-3611,0.020177
MULE-3610,0.944587
MULE-3609,0.065845
MULE-3608,0.930962
MULE-3605,0.62601
MULE-3604,0.017986
MULE-3603,0.037327
MULE-3602,0.853425
MULE-3601,0.028871
MULE-3600,0.063715
MULE-3599,0.431105
MULE-3598,0.036494
MULE-3597,0.352871
MULE-3596,0.066569
MULE-3595,0.876211
MULE-3593,0.05301
MULE-3592,0.16132
MULE-3590,0.156362
MULE-3589,0.941654
MULE-3588,0.68616
MULE-3586,0.800692
MULE-3585,0.097048
MULE-3581,0.041462
MULE-3578,0.3863
MULE-3577,0.175256
MULE-3576,0.925769
MULE-3573,0.302597
MULE-3572,0.138928
MULE-3571,0.629661
MULE-3570,0.118793
MULE-3564,0.741487
MULE-3562,0.712432
MULE-3561,0.015906
MULE-3559,0.823896
MULE-3558,0.030676
MULE-3557,0.028008
MULE-3556,0.039639
MULE-3555,0.145115
MULE-3554,0.048137
MULE-3553,0.076961
MULE-3552,0.033844
MULE-3551,0.021125
MULE-3550,0.071851
MULE-3549,0.050331
MULE-3548,0.92079
MULE-3547,0.072637
MULE-3546,0.755637
MULE-3545,0.453746
MULE-3544,0.96741
MULE-3543,0.572484
MULE-3542,0.120439
MULE-3540,0.469277
MULE-3539,0.862004
MULE-3538,0.064653
MULE-3537,0.811377
MULE-3536,0.527317
MULE-3535,0.820469
MULE-3534,0.783658
MULE-3533,0.927363
MULE-3532,0.827828
MULE-3531,0.178669
MULE-3530,0.27338
MULE-3529,0.333476
MULE-3527,0.768733
MULE-3526,0.644994
MULE-3525,0.863392
MULE-3524,0.017309
MULE-3522,0.196518
MULE-3521,0.070304
MULE-3520,0.871912
MULE-3519,0.960657
MULE-3518,0.841826
MULE-3517,0.41253
MULE-3516,0.072637
MULE-3515,0.079782
MULE-3514,0.215681
MULE-3511,0.920218
MULE-3510,0.884039
MULE-3509,0.728555
MULE-3508,0.821331
MULE-3507,0.823896
MULE-3505,0.851459
MULE-3504,0.042404
MULE-3503,0.568895
MULE-3502,0.027376
MULE-3501,0.19962
MULE-3500,0.214362
MULE-3499,0.861538
MULE-3498,0.019871
MULE-3497,0.870597
MULE-3495,0.968381
MULE-3492,0.011778
MULE-3491,0.838151
MULE-3490,0.873647
MULE-3489,0.082107
MULE-3488,0.606382
MULE-3487,0.549641
MULE-3486,0.120026
MULE-3485,0.057071
MULE-3484,0.763131
MULE-3483,0.051463
MULE-3482,0.169406
MULE-3481,0.226784
MULE-3480,0.137301
MULE-3479,0.082402
MULE-3477,0.231093
MULE-3476,0.879561
MULE-3475,0.018547
MULE-3474,0.753467
MULE-3473,0.830044
MULE-3471,0.035948
MULE-3470,0.024238
MULE-3469,0.011158
MULE-3468,0.026557
MULE-3466,0.5794
MULE-3465,0.010489
MULE-3464,0.917893
MULE-3463,0.281603
MULE-3462,0.068289
MULE-3461,0.53437
MULE-3460,0.304765
MULE-3459,0.652463
MULE-3458,0.054601
MULE-3457,0.864768
MULE-3456,0.112405
MULE-3454,0.086016
MULE-3453,0.874507
MULE-3452,0.037327
MULE-3451,0.025371
MULE-3450,0.018125
MULE-3449,0.030444
MULE-3448,0.772874
MULE-3447,0.062103
MULE-3445,0.044681
MULE-3444,0.720958
MULE-3443,0.776284
MULE-3442,0.898053
MULE-3441,0.308581
MULE-3440,0.902266
MULE-3439,0.831691
MULE-3438,0.058346
MULE-3437,0.057705
MULE-3436,0.879561
MULE-3435,0.029091
MULE-3433,0.093017
MULE-3432,0.767341
MULE-3431,0.776284
MULE-3430,0.012147
MULE-3429,0.102305
MULE-3428,0.371023
MULE-3427,0.853913
MULE-3424,0.171338
MULE-3423,0.065366
MULE-3420,0.019271
MULE-3419,0.928926
MULE-3417,0.050705
MULE-3416,0.039937
MULE-3415,0.846451
MULE-3414,0.042088
MULE-3412,0.862468
MULE-3411,0.010987
MULE-3410,0.873647
MULE-3409,0.143668
MULE-3408,0.826151
MULE-3407,0.65055
MULE-3406,0.233706
MULE-3405,0.202443
MULE-3404,0.344264
MULE-3403,0.391057
MULE-3402,0.334467
MULE-3401,0.317955
MULE-3400,0.196209
MULE-3399,0.110088
MULE-3398,0.405213
MULE-3397,0.427277
MULE-3396,0.013121
MULE-3395,0.635901
MULE-3394,0.879561
MULE-3392,0.662851
MULE-3391,0.045692
MULE-3389,0.040238
MULE-3388,0.037609
MULE-3387,0.0538
MULE-3386,0.023153
MULE-3385,0.090093
MULE-3384,0.899475
MULE-3383,0.034359
MULE-3382,0.044019
MULE-3381,0.015785
MULE-3380,0.032101
MULE-3379,0.020023
MULE-3378,0.057493
MULE-3377,0.082107
MULE-3375,0.063251
MULE-3374,0.031144
MULE-3373,0.052619
MULE-3372,0.047426
MULE-3371,0.192236
MULE-3370,0.631253
MULE-3369,0.21767
MULE-3368,0.112016
MULE-3367,0.103024
MULE-3366,0.073963
MULE-3365,0.162912
MULE-3364,0.339048
MULE-3363,0.397003
MULE-3362,0.249813
MULE-3361,0.112795
MULE-3360,0.043691
MULE-3359,0.693473
MULE-3358,0.682785
MULE-3357,0.092033
MULE-3356,0.090414
MULE-3355,0.044681
MULE-3354,0.012147
MULE-3353,0.086323
MULE-3352,0.271252
MULE-3351,0.026964
MULE-3350,0.167491
MULE-3349,0.138928
MULE-3348,0.747616
MULE-3347,0.668448
MULE-3346,0.493164
MULE-3345,0.082697
MULE-3344,0.558809
MULE-3342,0.020489
MULE-3340,0.052619
MULE-3339,0.38168
MULE-3338,0.498047
MULE-3337,0.267217
MULE-3336,0.209146
MULE-3335,0.200245
MULE-3334,0.208179
MULE-3333,0.290176
MULE-3331,0.178956
MULE-3330,0.046034
MULE-3329,0.827828
MULE-3328,0.032344
MULE-3326,0.031859
MULE-3325,0.936749
MULE-3324,0.119203
MULE-3320,0.906983
MULE-3317,0.23144
MULE-3316,0.519034
MULE-3315,0.161056
MULE-3314,0.094343
MULE-3313,0.683684
MULE-3312,0.132066
MULE-3311,0.742422
MULE-3310,0.420838
MULE-3309,0.674587
MULE-3308,0.049222
MULE-3307,0.021781
MULE-3306,0.69035
MULE-3305,0.018689
MULE-3304,0.095687
MULE-3303,0.949669
MULE-3302,0.084493
MULE-3301,0.924142
MULE-3300,0.299617
MULE-3299,0.883236
MULE-3298,0.075041
MULE-3297,0.833866
MULE-3294,0.028436
MULE-3293,0.085709
MULE-3292,0.025371
MULE-3291,0.030444
MULE-3290,0.28597
MULE-3289,0.048496
MULE-3288,0.841305
MULE-3287,0.571527
MULE-3286,0.563138
MULE-3285,0.03259
MULE-3284,0.361277
MULE-3283,0.052231
MULE-3282,0.046725
MULE-3281,0.02976
MULE-3280,0.028008
MULE-3274,0.764892
MULE-3273,0.302185
MULE-3272,0.793746
MULE-3271,0.080357
MULE-3270,0.051463
MULE-3269,0.050705
MULE-3268,0.086942
MULE-3267,0.035948
MULE-3266,0.098079
MULE-3265,0.019124
MULE-3264,0.566498
MULE-3263,0.435661
MULE-3262,0.038178
MULE-3261,0.285173
MULE-3260,0.728748
MULE-3259,0.939471
MULE-3258,0.724481
MULE-3257,0.019569
MULE-3256,0.029091
MULE-3255,0.03359
MULE-3254,0.240596
MULE-3253,0.822189
MULE-3251,0.074231
MULE-3250,0.743541
MULE-3249,0.140101
MULE-3248,0.101233
MULE-3247,0.043691
MULE-3246,0.856332
MULE-3245,0.059647
MULE-3244,0.928926
MULE-3243,0.892563
MULE-3242,0.849971
MULE-3241,0.040541
MULE-3240,0.121686
MULE-3239,0.043691
MULE-3238,0.029987
MULE-3237,0.034619
MULE-3235,0.920504
MULE-3233,0.485356
MULE-3231,0.016029
MULE-3230,0.075858
MULE-3229,0.295535
MULE-3228,0.424412
MULE-3227,0.182717
MULE-3226,0.158174
MULE-3225,0.804098
MULE-3224,0.36201
MULE-3223,0.645371
MULE-3222,0.571288
MULE-3221,0.678753
MULE-3220,0.549641
MULE-3219,0.797557
MULE-3218,0.07477
MULE-3217,0.175821
MULE-3216,0.965119
MULE-3214,0.048137
MULE-3213,0.13569
MULE-3212,0.266453
MULE-3211,0.934395
MULE-3210,0.173568
MULE-3209,0.029312
MULE-3208,0.386416
MULE-3207,0.816699
MULE-3205,0.934873
MULE-3204,0.928409
MULE-3202,0.065128
MULE-3201,0.918187
MULE-3200,0.07343
MULE-3199,0.789234
MULE-3197,0.886813
MULE-3196,0.045016
MULE-3195,0.042722
MULE-3194,0.147555
MULE-3193,0.257112
MULE-3192,0.027796
MULE-3191,0.063715
MULE-3188,0.652657
MULE-3187,0.034881
MULE-3186,0.167491
MULE-3185,0.118385
MULE-3184,0.91181
MULE-3183,0.92944
MULE-3182,0.577615
MULE-3181,0.080647
MULE-3180,0.169131
MULE-3179,0.901575
MULE-3178,0.216342
MULE-3177,0.642881
MULE-3176,0.752377
MULE-3175,0.023689
MULE-3174,0.910227
MULE-3173,0.05301
MULE-3172,0.889529
MULE-3171,0.729905
MULE-3170,0.934395
MULE-3169,0.872782
MULE-3163,0.688468
MULE-3162,0.726037
MULE-3160,0.267983
MULE-3159,0.193452
MULE-3157,0.558809
MULE-3155,0.394901
MULE-3154,0.76454
MULE-3153,0.926835
MULE-3152,0.018547
MULE-3151,0.887595
MULE-3150,0.947769
MULE-3149,0.661431
MULE-3148,0.356111
MULE-3147,0.898053
MULE-3146,0.132066
MULE-3145,0.077518
MULE-3144,0.416085
MULE-3143,0.747616
MULE-3142,0.080357
MULE-3141,0.832781
MULE-3140,0.105579
MULE-3139,0.054803
MULE-3138,0.078642
MULE-3137,0.053403
MULE-3136,0.644935
MULE-3135,0.106319
MULE-3134,0.747247
MULE-3133,0.458106
MULE-3132,0.147555
MULE-3131,0.039048
MULE-3130,0.044681
MULE-3129,0.03359
MULE-3128,0.910227
MULE-3127,0.92944
MULE-3126,0.055413
MULE-3125,0.030444
MULE-3124,0.071851
MULE-3123,0.946597
MULE-3122,0.018264
MULE-3121,0.104477
MULE-3120,0.013428
MULE-3119,0.008711
MULE-3118,0.785966
MULE-3117,0.964052
MULE-3116,0.090093
MULE-3114,0.850469
MULE-3113,0.854399
MULE-3112,0.768386
MULE-3111,0.893309
MULE-3110,0.902952
MULE-3109,0.667581
MULE-3108,0.047426
MULE-3107,0.047074
MULE-3106,0.865224
MULE-3105,0.882833
MULE-3104,0.41561
MULE-3103,0.940353
MULE-3102,0.894421
MULE-3101,0.448426
MULE-3100,0.877477
MULE-3099,0.822759
MULE-3098,0.884838
MULE-3097,0.049959
MULE-3096,0.910863
MULE-3095,0.81582
MULE-3094,0.850469
MULE-3093,0.018547
MULE-3092,0.931463
MULE-3091,0.685213
MULE-3090,0.08882
MULE-3089,0.129843
MULE-3088,0.354657
MULE-3087,0.134321
MULE-3086,0.198996
MULE-3085,0.627238
MULE-3084,0.733738
MULE-3083,0.90261
MULE-3082,0.926835
MULE-3081,0.931463
MULE-3080,0.950778
MULE-3079,0.802246
MULE-3078,0.012147
MULE-3077,0.827828
MULE-3076,0.057493
MULE-3075,0.345381
MULE-3073,0.037047
MULE-3071,0.024423
MULE-3070,0.678007
MULE-3069,0.190724
MULE-3068,0.234231
MULE-3067,0.86293
MULE-3066,0.772187
MULE-3065,0.656988
MULE-3064,0.057071
MULE-3063,0.761716
MULE-3061,0.755997
MULE-3060,0.234757
MULE-3059,0.393735
MULE-3058,0.013223
MULE-3056,0.042088
MULE-3055,0.023153
MULE-3054,0.038466
MULE-3053,0.127218
MULE-3052,0.026557
MULE-3051,0.040238
MULE-3049,0.038466
MULE-3048,0.027796
MULE-3047,0.051463
MULE-3045,0.563378
MULE-3044,0.077797
MULE-3043,0.015544
MULE-3042,0.735831
MULE-3041,0.957912
MULE-3039,0.100525
MULE-3037,0.062789
MULE-3036,0.910863
MULE-3035,0.675015
MULE-3034,0.112795
MULE-3033,0.027796
MULE-3032,0.017712
MULE-3031,0.064653
MULE-3030,0.010902
MULE-3029,0.939025
MULE-3027,0.635788
MULE-3025,0.452778
MULE-3024,0.671201
MULE-3023,0.842345
MULE-3022,0.232833
MULE-3021,0.339937
MULE-3020,0.140808
MULE-3019,0.730866
MULE-3018,0.599485
MULE-3017,0.029535
MULE-3015,0.819893
MULE-3014,0.179531
MULE-3013,0.940353
MULE-3012,0.361615
MULE-3011,0.841305
MULE-3009,0.108566
MULE-3008,0.038178
MULE-3007,0.884838
MULE-3006,0.569613
MULE-3005,0.049959
MULE-3004,0.040238
MULE-3003,0.814348
MULE-3002,0.019271
MULE-3001,0.065845
MULE-3000,0.098079
MULE-2998,0.067793
MULE-2997,0.05301
MULE-2996,0.08152
MULE-2994,0.07343
MULE-2993,0.777975
MULE-2991,0.93196
MULE-2990,0.347537
MULE-2989,0.064183
MULE-2988,0.648818
MULE-2986,0.262275
MULE-2985,0.773559
MULE-2984,0.93196
MULE-2982,0.559771
MULE-2981,0.29093
MULE-2980,0.737158
MULE-2979,0.21305
MULE-2978,0.925769
MULE-2977,0.019271
MULE-2975,0.017577
MULE-2974,0.972204
MULE-2973,0.022286
MULE-2972,0.31216
MULE-2971,0.912436
MULE-2968,0.019871
MULE-2967,0.719186
MULE-2966,0.241489
MULE-2965,0.799129
MULE-2964,0.024423
MULE-2963,0.017986
MULE-2962,0.021125
MULE-2961,0.016657
MULE-2960,0.091707
MULE-2959,0.045692
MULE-2957,0.221856
MULE-2956,0.100879
MULE-2955,0.107063
MULE-2954,0.961534
MULE-2953,0.850965
MULE-2950,0.071332
MULE-2948,0.048137
MULE-2947,0.07343
MULE-2946,0.048137
MULE-2945,0.048858
MULE-2944,0.077518
MULE-2943,0.029312
MULE-2942,0.909586
MULE-2941,0.042088
MULE-2939,0.718199
MULE-2938,0.681939
MULE-2937,0.90053
MULE-2936,0.283385
MULE-2935,0.018689
MULE-2934,0.824462
MULE-2933,0.932944
MULE-2932,0.448185
MULE-2931,0.399577
MULE-2930,0.137996
MULE-2929,0.930962
MULE-2928,0.698227
MULE-2927,0.945801
MULE-2926,0.887205
MULE-2925,0.088505
MULE-2924,0.06256
MULE-2923,0.137996
MULE-2921,0.023871
MULE-2920,0.703855
MULE-2919,0.435181
MULE-2918,0.033086
MULE-2917,0.458591
MULE-2916,0.955651
MULE-2915,0.865679
MULE-2914,0.027796
MULE-2913,0.693629
MULE-2912,0.528777
MULE-2911,0.909907
MULE-2910,0.892563
MULE-2909,0.293607
MULE-2908,0.033086
MULE-2906,0.492188
MULE-2905,0.03138
MULE-2904,0.68437
MULE-2903,0.068787
MULE-2902,0.32457
MULE-2901,0.263599
MULE-2900,0.107437
MULE-2897,0.043691
MULE-2896,0.93196
MULE-2895,0.809577
MULE-2894,0.872782
MULE-2893,0.067056
MULE-2892,0.054601
MULE-2891,0.042722
MULE-2890,0.014504
MULE-2889,0.150029
MULE-2888,0.926835
MULE-2887,0.227126
MULE-2886,0.951142
MULE-2885,0.064418
MULE-2884,0.0538
MULE-2883,0.828384
MULE-2882,0.198685
MULE-2881,0.833866
MULE-2880,0.021948
MULE-2879,0.025565
MULE-2878,0.255901
MULE-2876,0.735642
MULE-2875,0.022286
MULE-2874,0.042722
MULE-2873,0.657607
MULE-2871,0.614163
MULE-2870,0.721351
MULE-2869,0.071851
MULE-2868,0.05301
MULE-2867,0.334861
MULE-2866,0.830044
MULE-2865,0.893309
MULE-2864,0.950041
MULE-2862,0.042404
MULE-2860,0.454956
MULE-2859,0.022117
MULE-2858,0.748168
MULE-2857,0.717804
MULE-2856,0.347537
MULE-2855,0.467332
MULE-2854,0.70253
MULE-2852,0.825027
MULE-2851,0.052231
MULE-2849,0.601477
MULE-2848,0.540681
MULE-2847,0.093347
MULE-2845,0.050705
MULE-2844,0.03359
MULE-2843,0.225246
MULE-2842,0.060087
MULE-2839,0.7011
MULE-2838,0.051845
MULE-2834,0.030909
MULE-2833,0.089455
MULE-2832,0.951142
MULE-2830,0.682785
MULE-2828,0.814348
MULE-2827,0.022629
MULE-2826,0.2304
MULE-2825,0.737914
MULE-2822,0.924688
MULE-2821,0.446012
MULE-2820,0.115961
MULE-2819,0.92523
MULE-2817,0.81582
MULE-2816,0.870597
MULE-2815,0.226784
MULE-2814,0.391871
MULE-2811,0.152537
MULE-2810,0.128963
MULE-2809,0.939913
MULE-2808,0.027376
MULE-2807,0.077239
MULE-2806,0.921358
MULE-2805,0.818737
MULE-2804,0.073696
MULE-2802,0.356391
MULE-2801,0.211091
MULE-2800,0.077518
MULE-2799,0.076132
MULE-2798,0.891055
MULE-2797,0.155591
MULE-2795,0.110856
MULE-2794,0.079496
MULE-2793,0.050705
MULE-2792,0.555918
MULE-2791,0.477067
MULE-2790,0.039937
MULE-2789,0.858244
MULE-2788,0.395368
MULE-2787,0.045353
MULE-2785,0.017045
MULE-2784,0.046034
MULE-2783,0.040238
MULE-2782,0.897695
MULE-2781,0.011687
MULE-2780,0.863392
MULE-2779,0.024798
MULE-2778,0.054601
MULE-2777,0.039639
MULE-2776,0.761006
MULE-2774,0.152284
MULE-2773,0.86431
MULE-2772,0.0729
MULE-2771,0.022803
MULE-2770,0.860604
MULE-2769,0.237576
MULE-2768,0.89841
MULE-2767,0.713631
MULE-2766,0.021287
MULE-2765,0.009413
MULE-2764,0.026156
MULE-2763,0.188026
MULE-2762,0.050705
MULE-2761,0.063482
MULE-2760,0.042088
MULE-2759,0.025957
MULE-2758,0.832781
MULE-2757,0.644071
MULE-2756,0.040846
MULE-2754,0.05921
MULE-2753,0.082697
MULE-2752,0.069542
MULE-2749,0.717804
MULE-2748,0.634656
MULE-2747,0.716417
MULE-2746,0.900179
MULE-2745,0.90764
MULE-2744,0.08152
MULE-2743,0.895888
MULE-2742,0.275422
MULE-2741,0.588653
MULE-2740,0.913677
MULE-2738,0.043366
MULE-2737,0.066085
MULE-2735,0.057918
MULE-2733,0.022977
MULE-2732,0.043043
MULE-2731,0.842345
MULE-2730,0.067301
MULE-2729,0.130285
MULE-2727,0.857291
MULE-2726,0.72662
MULE-2725,0.116764
MULE-2722,0.797872
MULE-2721,0.021125
MULE-2720,0.018264
MULE-2719,0.947769
MULE-2718,0.885631
MULE-2717,0.925769
MULE-2716,0.948537
MULE-2715,0.040846
MULE-2714,0.828939
MULE-2712,0.347053
MULE-2711,0.859192
MULE-2710,0.03259
MULE-2709,0.766992
MULE-2708,0.025957
MULE-2707,0.033086
MULE-2706,0.352174
MULE-2705,0.028436
MULE-2704,0.843895
MULE-2703,0.163179
MULE-2702,0.088505
MULE-2701,0.104843
MULE-2700,0.796925
MULE-2699,0.083292
MULE-2698,0.598899
MULE-2697,0.830594
MULE-2696,0.057493
MULE-2695,0.057918
MULE-2694,0.183009
MULE-2693,0.774242
MULE-2692,0.053403
MULE-2691,0.885631
MULE-2690,0.142232
MULE-2689,0.071591
MULE-2688,0.091707
MULE-2687,0.051845
MULE-2686,0.921922
MULE-2685,0.112795
MULE-2684,0.839208
MULE-2683,0.902266
MULE-2682,0.499512
MULE-2681,0.040238
MULE-2680,0.008916
MULE-2679,0.886813
MULE-2678,0.022977
MULE-2677,0.036769
MULE-2676,0.132066
MULE-2675,0.055413
MULE-2674,0.810479
MULE-2673,0.133415
MULE-2671,0.106319
MULE-2670,0.025371
MULE-2669,0.015189
MULE-2668,0.256087
MULE-2667,0.127653
MULE-2666,0.197754
MULE-2665,0.124639
MULE-2664,0.093678
MULE-2663,0.123366
MULE-2662,0.615666
MULE-2661,0.428712
MULE-2659,0.029312
MULE-2657,0.028008
MULE-2656,0.045016
MULE-2655,0.799755
MULE-2654,0.903294
MULE-2653,0.18418
MULE-2652,0.307163
MULE-2651,0.026759
MULE-2650,0.689515
MULE-2649,0.879974
MULE-2648,0.054199
MULE-2646,0.026557
MULE-2645,0.039048
MULE-2642,0.101233
MULE-2641,0.183301
MULE-2639,0.210117
MULE-2638,0.021948
MULE-2635,0.049589
MULE-2633,0.020646
MULE-2631,0.02461
MULE-2630,0.032837
MULE-2628,0.046725
MULE-2627,0.084493
MULE-2626,0.098079
MULE-2625,0.089773
MULE-2624,0.029535
MULE-2623,0.025761
MULE-2622,0.025957
MULE-2621,0.052231
MULE-2620,0.056862
MULE-2619,0.90053
MULE-2618,0.876634
MULE-2617,0.91181
MULE-2615,0.870597
MULE-2614,0.718594
MULE-2613,0.624752
MULE-2612,0.071332
MULE-2611,0.063019
MULE-2607,0.049959
MULE-2606,0.033086
MULE-2605,0.030676
MULE-2604,0.478529
MULE-2603,0.231093
MULE-2602,0.110856
MULE-2601,0.899475
MULE-2600,0.053403
MULE-2599,0.037892
MULE-2598,0.093347
MULE-2597,0.090414
MULE-2596,0.032101
MULE-2595,0.196518
MULE-2594,0.114765
MULE-2593,0.902266
MULE-2592,0.770465
MULE-2590,0.431584
MULE-2587,0.098079
MULE-2586,0.066569
MULE-2585,0.06165
MULE-2583,0.903975
MULE-2582,0.950041
MULE-2581,0.012528
MULE-2580,0.938124
MULE-2579,0.891434
MULE-2578,0.039639
MULE-2577,0.910545
MULE-2576,0.951863
MULE-2575,0.134321
MULE-2574,0.067056
MULE-2573,0.030676
MULE-2572,0.027585
MULE-2571,0.749087
MULE-2570,0.276397
MULE-2569,0.054199
MULE-2567,0.410638
MULE-2566,0.030676
MULE-2565,0.560253
MULE-2564,0.048496
MULE-2562,0.013532
MULE-2561,0.076961
MULE-2560,0.875361
MULE-2559,0.039937
MULE-2558,0.737914
MULE-2557,0.031144
MULE-2556,0.032837
MULE-2555,0.813164
MULE-2554,0.910227
MULE-2553,0.792785
MULE-2552,0.930962
MULE-2551,0.952926
MULE-2550,0.940353
MULE-2549,0.965119
MULE-2548,0.919643
MULE-2547,0.854399
MULE-2546,0.053403
MULE-2545,0.933431
MULE-2544,0.091382
MULE-2543,0.025179
MULE-2542,0.152537
MULE-2541,0.919063
MULE-2540,0.942507
MULE-2538,0.955651
MULE-2537,0.057918
MULE-2536,0.146331
MULE-2535,0.157914
MULE-2534,0.065128
MULE-2533,0.027585
MULE-2532,0.062331
MULE-2531,0.016029
MULE-2530,0.88642
MULE-2529,0.032101
MULE-2528,0.043366
MULE-2527,0.036494
MULE-2526,0.025957
MULE-2525,0.114765
MULE-2524,0.042088
MULE-2523,0.03259
MULE-2522,0.032344
MULE-2521,0.913368
MULE-2519,0.222362
MULE-2518,0.901921
MULE-2517,0.145601
MULE-2516,0.112795
MULE-2515,0.059866
MULE-2514,0.11358
MULE-2513,0.039937
MULE-2512,0.039937
MULE-2511,0.484868
MULE-2510,0.077239
MULE-2509,0.05301
MULE-2508,0.07921
MULE-2507,0.303732
MULE-2506,0.564098
MULE-2505,0.248899
MULE-2504,0.744285
MULE-2503,0.306813
MULE-2502,0.035145
MULE-2501,0.249813
MULE-2500,0.324249
MULE-2499,0.105579
MULE-2498,0.898767
MULE-2497,0.243463
MULE-2496,0.029091
MULE-2495,0.849971
MULE-2494,0.953622
MULE-2493,0.892563
MULE-2492,0.91118
MULE-2491,0.048496
MULE-2490,0.11358
MULE-2489,0.057918
MULE-2487,0.008511
MULE-2486,0.879974
MULE-2485,0.063482
MULE-2484,0.924688
MULE-2483,0.913677
MULE-2482,0.892563
MULE-2481,0.934873
MULE-2480,0.90053
MULE-2479,0.780328
MULE-2478,0.948155
MULE-2477,0.956309
MULE-2476,0.095687
MULE-2475,0.218336
MULE-2474,0.156105
MULE-2471,0.03622
MULE-2470,0.028871
MULE-2469,0.297164
MULE-2468,0.605449
MULE-2467,0.112016
MULE-2466,0.138928
MULE-2464,0.901921
MULE-2463,0.887205
MULE-2462,0.845433
MULE-2461,0.457137
MULE-2460,0.618204
MULE-2459,0.157137
MULE-2458,0.038756
MULE-2456,0.064653
MULE-2455,0.061876
MULE-2454,0.091382
MULE-2453,0.07343
MULE-2452,0.064653
MULE-2451,0.096025
MULE-2450,0.604632
MULE-2449,0.827828
MULE-2448,0.403097
MULE-2447,0.083292
MULE-2445,0.765593
MULE-2444,0.063019
MULE-2443,0.836555
MULE-2442,0.121686
MULE-2441,0.038756
MULE-2440,0.023153
MULE-2439,0.738292
MULE-2438,0.045692
MULE-2437,0.054803
MULE-2436,0.081228
MULE-2435,0.52342
MULE-2434,0.582254
MULE-2433,0.540439
MULE-2432,0.47171
MULE-2431,0.132964
MULE-2430,0.117978
MULE-2429,0.039343
MULE-2428,0.534612
MULE-2427,0.052619
MULE-2426,0.927363
MULE-2425,0.948537
MULE-2424,0.957596
MULE-2423,0.30368
MULE-2422,0.02976
MULE-2420,0.05301
MULE-2419,0.251648
MULE-2418,0.337204
MULE-2417,0.024988
MULE-2416,0.037609
MULE-2415,0.063715
MULE-2414,0.076132
MULE-2413,0.041774
MULE-2410,0.016403
MULE-2408,0.89841
MULE-2407,0.03622
MULE-2406,0.084795
MULE-2405,0.543106
MULE-2404,0.033844
MULE-2403,0.035948
MULE-2402,0.928409
MULE-2400,0.016657
MULE-2398,0.81582
MULE-2397,0.723114
MULE-2396,0.885235
MULE-2395,0.773559
MULE-2394,0.749087
MULE-2393,0.825027
MULE-2392,0.799755
MULE-2340,0.781997
MULE-2339,0.854399
MULE-2336,0.871475
MULE-2334,0.459319
MULE-2333,0.799129
MULE-2332,0.040846
MULE-2331,0.742422
MULE-2330,0.112795
MULE-2329,0.872347
MULE-2328,0.050705
MULE-2327,0.065605
MULE-2326,0.891434
MULE-2325,0.031144
MULE-2323,0.05301
MULE-2321,0.915809
MULE-2320,0.936285
MULE-2319,0.863852
MULE-2318,0.535098
MULE-2317,0.652684
MULE-2316,0.910227
MULE-2315,0.779322
MULE-2313,0.08152
MULE-2312,0.944995
MULE-2311,0.359364
MULE-2310,0.404507
MULE-2309,0.834407
MULE-2308,0.91848
MULE-2307,0.873647
MULE-2306,0.113973
MULE-2305,0.480235
MULE-2304,0.33035
MULE-2303,0.105579
MULE-2302,0.026156
MULE-2301,0.214691
MULE-2300,0.175821
MULE-2299,0.178956
MULE-2298,0.543833
MULE-2296,0.866585
MULE-2295,0.875787
MULE-2294,0.94699
MULE-2293,0.892937
MULE-2292,0.948155
MULE-2291,0.866585
MULE-2290,0.948917
MULE-2289,0.039937
MULE-2288,0.065128
MULE-2287,0.890675
MULE-2286,0.799129
MULE-2285,0.721547
MULE-2284,0.037609
MULE-2283,0.397471
MULE-2282,0.095013
MULE-2281,0.768038
MULE-2280,0.018689
MULE-2279,0.014842
MULE-2278,0.016403
MULE-2277,0.119614
MULE-2276,0.079496
MULE-2275,0.072374
MULE-2274,0.796925
MULE-2273,0.925769
MULE-2272,0.045692
MULE-2271,0.718397
MULE-2270,0.921922
MULE-2269,0.891434
MULE-2268,0.952574
MULE-2267,0.092688
MULE-2266,0.833325
MULE-2265,0.453262
MULE-2264,0.942082
MULE-2262,0.125923
MULE-2259,0.020964
MULE-2258,0.024798
MULE-2257,0.034881
MULE-2256,0.021948
MULE-2255,0.907967
MULE-2254,0.91181
MULE-2253,0.046725
MULE-2252,0.046725
MULE-2251,0.050331
MULE-2250,0.051083
MULE-2249,0.037609
MULE-2248,0.039343
MULE-2247,0.049589
MULE-2246,0.034619
MULE-2245,0.027796
MULE-2244,0.039048
MULE-2243,0.03359
MULE-2242,0.030909
MULE-2241,0.062103
MULE-2240,0.025179
MULE-2238,0.781664
MULE-2237,0.028008
MULE-2236,0.801936
MULE-2235,0.944995
MULE-2234,0.953966
MULE-2233,0.951863
MULE-2232,0.944587
MULE-2230,0.269422
MULE-2229,0.761006
MULE-2228,0.897336
MULE-2227,0.070304
MULE-2226,0.037892
MULE-2225,0.052814
MULE-2224,0.25945
MULE-2223,0.049959
MULE-2222,0.744471
MULE-2221,0.248717
MULE-2220,0.717606
MULE-2219,0.901227
MULE-2218,0.041462
MULE-2217,0.073696
MULE-2216,0.032101
MULE-2215,0.290578
MULE-2214,0.870157
MULE-2213,0.909586
MULE-2212,0.811676
MULE-2211,0.794704
MULE-2210,0.746878
MULE-2209,0.021781
MULE-2208,0.040541
MULE-2207,0.042088
MULE-2206,0.401923
MULE-2204,0.559531
MULE-2203,0.877056
MULE-2202,0.466846
MULE-2201,0.038756
MULE-2200,0.923592
MULE-2199,0.071851
MULE-2198,0.946597
MULE-2197,0.171061
MULE-2196,0.104843
MULE-2195,0.041774
MULE-2194,0.026355
MULE-2193,0.906653
MULE-2192,0.045353
MULE-2191,0.287968
MULE-2190,0.921922
MULE-2189,0.06804
MULE-2188,0.048496
MULE-2187,0.095687
MULE-2186,0.731251
MULE-2185,0.639286
MULE-2184,0.743168
MULE-2183,0.906322
MULE-2182,0.446495
MULE-2181,0.91181
MULE-2180,0.071851
MULE-2179,0.220007
MULE-2178,0.066085
MULE-2176,0.019569
MULE-2175,0.710226
MULE-2174,0.053403
MULE-2173,0.683314
MULE-2172,0.472683
MULE-2171,0.296247
MULE-2170,0.888372
MULE-2169,0.278649
MULE-2168,0.053403
MULE-2167,0.155078
MULE-2166,0.819316
MULE-2165,0.178097
MULE-2164,0.027585
MULE-2163,0.900879
MULE-2160,0.836555
MULE-2159,0.135919
MULE-2158,0.048858
MULE-2157,0.060087
MULE-2156,0.059647
MULE-2155,0.512693
MULE-2154,0.028653
MULE-2153,0.136608
MULE-2152,0.074231
MULE-2151,0.039048
MULE-2150,0.386416
MULE-2149,0.063482
MULE-2148,0.041774
MULE-2147,0.009055
MULE-2146,0.029091
MULE-2145,0.415136
MULE-2144,0.081813
MULE-2143,0.021125
MULE-2142,0.020646
MULE-2141,0.565539
MULE-2140,0.095349
MULE-2139,0.974435
MULE-2138,0.907967
MULE-2137,0.92523
MULE-2136,0.055005
MULE-2135,0.020646
MULE-2134,0.937669
MULE-2133,0.185062
MULE-2132,0.540439
MULE-2131,0.05301
MULE-2129,0.013637
MULE-2128,0.68616
MULE-2127,0.030215
MULE-2126,0.062331
MULE-2123,0.863852
MULE-2122,0.0341
MULE-2121,0.099121
MULE-2119,0.902266
MULE-2118,0.742422
MULE-2115,0.062103
MULE-2114,0.792464
MULE-2113,0.830044
MULE-2110,0.028221
MULE-2109,0.030909
MULE-2107,0.026156
MULE-2106,0.91611
MULE-2105,0.09236
MULE-2104,0.555435
MULE-2103,0.057071
MULE-2102,0.930458
MULE-2101,0.117167
MULE-2100,0.035411
MULE-2097,0.37691
MULE-2096,0.060529
MULE-2095,0.066812
MULE-2094,0.051845
MULE-2093,0.041153
MULE-2092,0.636523
MULE-2091,0.080357
MULE-2090,0.075312
MULE-2089,0.083591
MULE-2087,0.03138
MULE-2086,0.029535
MULE-2085,0.041462
MULE-2084,0.033844
MULE-2083,0.919063
MULE-2082,0.571288
MULE-2081,0.617109
MULE-2080,0.119614
MULE-2077,0.72526
MULE-2076,0.049222
MULE-2075,0.827828
MULE-2074,0.089455
MULE-2073,0.054803
MULE-2072,0.205934
MULE-2071,0.031859
MULE-2070,0.0341
MULE-2069,0.742048
MULE-2068,0.070816
MULE-2067,0.750736
MULE-2066,0.910545
MULE-2065,0.068537
MULE-2064,0.040541
MULE-2063,0.920218
MULE-2061,0.032344
MULE-2057,0.056236
MULE-2056,0.707607
MULE-2055,0.478041
MULE-2054,0.593845
MULE-2053,0.020646
MULE-2052,0.029535
MULE-2051,0.059866
MULE-2050,0.599485
MULE-2049,0.474144
MULE-2048,0.028653
MULE-2047,0.565299
MULE-2046,0.215681
MULE-2045,0.052231
MULE-2044,0.165593
MULE-2043,0.021125
MULE-2042,0.076408
MULE-2040,0.757077
MULE-2039,0.756358
MULE-2038,0.048137
MULE-2036,0.043043
MULE-2035,0.024798
MULE-2032,0.73848
MULE-2028,0.048496
MULE-2027,0.030909
MULE-2024,0.558568
MULE-2022,0.499023
MULE-2021,0.066327
MULE-2018,0.92079
MULE-2017,0.662933
MULE-2016,0.025179
MULE-2015,0.058346
MULE-2014,0.770465
MULE-2013,0.76454
MULE-2012,0.023153
MULE-2011,0.935817
MULE-2010,0.029987
MULE-2009,0.642236
MULE-2008,0.043691
MULE-2007,0.758153
MULE-2006,0.13569
MULE-2005,0.923592
MULE-2004,0.059428
MULE-2003,0.784319
MULE-2002,0.086632
MULE-2001,0.131619
MULE-2000,0.511717
MULE-1999,0.048858
MULE-1997,0.071332
MULE-1995,0.848972
MULE-1994,0.024054
MULE-1993,0.058993
MULE-1992,0.051845
MULE-1991,0.028871
MULE-1990,0.017849
MULE-1989,0.024423
MULE-1988,0.878731
MULE-1987,0.647046
MULE-1986,0.021287
MULE-1985,0.90764
MULE-1984,0.046378
MULE-1983,0.275032
MULE-1982,0.063948
MULE-1981,0.053403
MULE-1980,0.130729
MULE-1979,0.025179
MULE-1978,0.050331
MULE-1977,0.116362
MULE-1976,0.832237
MULE-1975,0.741674
MULE-1974,0.598547
MULE-1973,0.904651
MULE-1972,0.08152
MULE-1971,0.031859
MULE-1970,0.018547
MULE-1968,0.159741
MULE-1967,0.060087
MULE-1966,0.058561
MULE-1965,0.227985
MULE-1964,0.16132
MULE-1963,0.121269
MULE-1962,0.59972
MULE-1961,0.076132
MULE-1960,0.114765
MULE-1959,0.19962
MULE-1958,0.708818
MULE-1957,0.071851
MULE-1956,0.851459
MULE-1954,0.577019
MULE-1953,0.093678
MULE-1952,0.034881
MULE-1950,0.032101
MULE-1949,0.797557
MULE-1948,0.891811
MULE-1947,0.871912
MULE-1946,0.703957
MULE-1945,0.898767
MULE-1944,0.434221
MULE-1943,0.938124
MULE-1942,0.29696
MULE-1940,0.152537
MULE-1938,0.151028
MULE-1937,0.050705
MULE-1934,0.087564
MULE-1933,0.866585
MULE-1932,0.330606
MULE-1930,0.043366
MULE-1929,0.88642
MULE-1928,0.389082
MULE-1926,0.021125
MULE-1925,0.09947
MULE-1924,0.030909
MULE-1923,0.698638
MULE-1922,0.936749
MULE-1921,0.949295
MULE-1920,0.031144
MULE-1919,0.024054
MULE-1918,0.037327
MULE-1917,0.023871
MULE-1916,0.493164
MULE-1915,0.058777
MULE-1913,0.039343
MULE-1912,0.06256
MULE-1909,0.024423
MULE-1908,0.904651
MULE-1907,0.072112
MULE-1906,0.019124
MULE-1905,0.022286
MULE-1904,0.778986
MULE-1902,0.29696
MULE-1901,0.73659
MULE-1900,0.043691
MULE-1899,0.613237
MULE-1898,0.710628
MULE-1897,0.03138
MULE-1896,0.447219
MULE-1895,0.091058
MULE-1894,0.041774
MULE-1893,0.069289
MULE-1892,0.916409
MULE-1890,0.057705
MULE-1887,0.177811
MULE-1883,0.111628
MULE-1882,0.082402
MULE-1881,0.102305
MULE-1880,0.154823
MULE-1878,0.076132
MULE-1877,0.45423
MULE-1876,0.056236
MULE-1875,0.111628
MULE-1874,0.057493
MULE-1873,0.064418
MULE-1872,0.601594
MULE-1871,0.122523
MULE-1870,0.052231
MULE-1868,0.051845
MULE-1867,0.776623
MULE-1866,0.031144
MULE-1865,0.076408
MULE-1864,0.07836
MULE-1863,0.060087
MULE-1862,0.037327
MULE-1861,0.093347
MULE-1860,0.491212
MULE-1859,0.134321
MULE-1858,0.171894
MULE-1857,0.033844
MULE-1856,0.279829
MULE-1855,0.041153
MULE-1854,0.041153
MULE-1853,0.057282
MULE-1852,0.353763
MULE-1851,0.712632
MULE-1848,0.042404
MULE-1846,0.043043
MULE-1845,0.026759
MULE-1844,0.051083
MULE-1843,0.041774
MULE-1842,0.039937
MULE-1841,0.066085
MULE-1840,0.013223
MULE-1839,0.032344
MULE-1838,0.070816
MULE-1837,0.070049
MULE-1835,0.077797
MULE-1834,0.07836
MULE-1833,0.091058
MULE-1832,0.080937
MULE-1831,0.065605
MULE-1830,0.066327
MULE-1829,0.080647
MULE-1828,0.751648
MULE-1823,0.058777
MULE-1822,0.039937
MULE-1821,0.188623
MULE-1820,0.913058
MULE-1819,0.327023
MULE-1818,0.0341
MULE-1817,0.032837
MULE-1814,0.786623
MULE-1813,0.178956
MULE-1812,0.871475
MULE-1811,0.622345
MULE-1810,0.018125
MULE-1809,0.054601
MULE-1808,0.862004
MULE-1806,0.03359
MULE-1803,0.820469
MULE-1802,0.799442
MULE-1801,0.089773
MULE-1800,0.142948
MULE-1799,0.03259
MULE-1798,0.045353
MULE-1797,0.07921
MULE-1796,0.039639
MULE-1795,0.830044
MULE-1794,0.026557
MULE-1793,0.087876
MULE-1792,0.06165
MULE-1791,0.035948
MULE-1790,0.747616
MULE-1789,0.224565
MULE-1788,0.035411
MULE-1787,0.197135
MULE-1786,0.027376
MULE-1785,0.763484
MULE-1784,0.040238
MULE-1783,0.051845
MULE-1782,0.180684
MULE-1781,0.922482
MULE-1780,0.104843
MULE-1778,0.25945
MULE-1777,0.817283
MULE-1775,0.586523
MULE-1774,0.944587
MULE-1773,0.072637
MULE-1772,0.869271
MULE-1771,0.206734
MULE-1770,0.080069
MULE-1766,0.076961
MULE-1764,0.041774
MULE-1762,0.059428
MULE-1760,0.909907
MULE-1759,0.955319
MULE-1758,0.037609
MULE-1757,0.82559
MULE-1756,0.411584
MULE-1755,0.039639
MULE-1754,0.069542
MULE-1753,0.05301
MULE-1752,0.854399
MULE-1751,0.07477
MULE-1749,0.935346
MULE-1748,0.046725
MULE-1747,0.329183
MULE-1746,0.0729
MULE-1745,0.632503
MULE-1744,0.580352
MULE-1743,0.847463
MULE-1742,0.35869
MULE-1741,0.032101
MULE-1740,0.827271
MULE-1739,0.072637
MULE-1737,0.145601
MULE-1736,0.08882
MULE-1735,0.166404
MULE-1734,0.756717
MULE-1733,0.369315
MULE-1732,0.660063
MULE-1731,0.759582
MULE-1730,0.822759
MULE-1728,0.557604
MULE-1727,0.619126
MULE-1725,0.048137
MULE-1724,0.041774
MULE-1723,0.837088
MULE-1722,0.749454
MULE-1721,0.751648
MULE-1719,0.549157
MULE-1718,0.058346
MULE-1717,0.070304
MULE-1716,0.143188
MULE-1715,0.057071
MULE-1714,0.868827
MULE-1713,0.38885
MULE-1712,0.124213
MULE-1710,0.347482
MULE-1709,0.590307
MULE-1708,0.453746
MULE-1707,0.717408
MULE-1706,0.24963
MULE-1705,0.029312
MULE-1704,0.05301
MULE-1703,0.078926
MULE-1702,0.023689
MULE-1701,0.135232
MULE-1700,0.041462
MULE-1697,0.752013
MULE-1696,0.035679
MULE-1695,0.051083
MULE-1692,0.035948
MULE-1691,0.075585
MULE-1690,0.858244
MULE-1687,0.026557
MULE-1686,0.457379
MULE-1685,0.027796
MULE-1684,0.946597
MULE-1683,0.043366
MULE-1682,0.187133
MULE-1680,0.065845
MULE-1679,0.093017
MULE-1678,0.156362
MULE-1677,0.032101
MULE-1675,0.775605
MULE-1674,0.032344
MULE-1673,0.067547
MULE-1672,0.032837
MULE-1671,0.788257
MULE-1669,0.060308
MULE-1667,0.19498
MULE-1664,0.044019
MULE-1663,0.026964
MULE-1660,0.70477
MULE-1658,0.07836
MULE-1657,0.672547
MULE-1656,0.07343
MULE-1655,0.734881
MULE-1653,0.051845
MULE-1652,0.834946
MULE-1651,0.938576
MULE-1650,0.019871
MULE-1649,0.900179
MULE-1648,0.358493
MULE-1647,0.125493
MULE-1646,0.664241
MULE-1645,0.022457
MULE-1644,0.061424
MULE-1643,0.024423
MULE-1642,0.078642
MULE-1641,0.769427
MULE-1640,0.788583
MULE-1639,0.637704
MULE-1638,0.676834
MULE-1637,0.457621
MULE-1635,0.889144
MULE-1634,0.865224
MULE-1632,0.817574
MULE-1631,0.021451
MULE-1630,0.058346
MULE-1629,0.048858
MULE-1628,0.942082
MULE-1625,0.639905
MULE-1624,0.852935
MULE-1623,0.858244
MULE-1622,0.92944
MULE-1621,0.814643
MULE-1620,0.763484
MULE-1619,0.063251
MULE-1618,0.289773
MULE-1617,0.802556
MULE-1616,0.033086
MULE-1615,0.018264
MULE-1614,0.034359
MULE-1613,0.030215
MULE-1611,0.046725
MULE-1610,0.041153
MULE-1609,0.067301
MULE-1608,0.589835
MULE-1607,0.077797
MULE-1606,0.057705
MULE-1605,0.091382
MULE-1604,0.105579
MULE-1603,0.033844
MULE-1602,0.057705
MULE-1601,0.070304
MULE-1600,0.07836
MULE-1599,0.94079
MULE-1598,0.304455
MULE-1597,0.025957
MULE-1596,0.756358
MULE-1594,0.531696
MULE-1593,0.038178
MULE-1592,0.035948
MULE-1591,0.032101
MULE-1590,0.080357
MULE-1589,0.681091
MULE-1588,0.045016
MULE-1587,0.871037
MULE-1586,0.910227
MULE-1584,0.892937
MULE-1583,0.849472
MULE-1581,0.622172
MULE-1580,0.660172
MULE-1579,0.754553
MULE-1578,0.868827
MULE-1577,0.617109
MULE-1576,0.722135
MULE-1575,0.873215
MULE-1574,0.603873
MULE-1573,0.880386
MULE-1572,0.385837
MULE-1571,0.611904
MULE-1570,0.849971
MULE-1569,0.559771
MULE-1567,0.117572
MULE-1566,0.043366
MULE-1565,0.106319
MULE-1564,0.054199
MULE-1563,0.236869
MULE-1562,0.481941
MULE-1561,0.343975
MULE-1560,0.15662
MULE-1559,0.348617
MULE-1558,0.154312
MULE-1557,0.478041
MULE-1556,0.03622
MULE-1555,0.093347
MULE-1554,0.032101
MULE-1553,0.038466
MULE-1552,0.583915
MULE-1551,0.044349
MULE-1550,0.021287
MULE-1549,0.323901
MULE-1548,0.406626
MULE-1547,0.09739
MULE-1546,0.043043
MULE-1545,0.035679
MULE-1544,0.01292
MULE-1543,0.054199
MULE-1541,0.03622
MULE-1536,0.745584
MULE-1534,0.04778
MULE-1533,0.070304
MULE-1529,0.91611
MULE-1528,0.115561
MULE-1527,0.663669
MULE-1526,0.116362
MULE-1524,0.138462
MULE-1519,0.727395
MULE-1518,0.075858
MULE-1517,0.790207
MULE-1516,0.551332
MULE-1515,0.904987
MULE-1514,0.923592
MULE-1513,0.026156
MULE-1512,0.803482
MULE-1511,0.211417
MULE-1509,0.821617
MULE-1508,0.905322
MULE-1507,0.811676
MULE-1506,0.069289
MULE-1504,0.709623
MULE-1502,0.953966
MULE-1499,0.400046
MULE-1497,0.035145
MULE-1496,0.128525
MULE-1495,0.035948
MULE-1494,0.057918
MULE-1493,0.010328
MULE-1492,0.036494
MULE-1491,0.021615
MULE-1490,0.875787
MULE-1486,0.169131
MULE-1485,0.697094
MULE-1484,0.424173
MULE-1479,0.241847
MULE-1476,0.928926
MULE-1474,0.920504
MULE-1473,0.335922
MULE-1469,0.03622
MULE-1468,0.053403
MULE-1467,0.557604
MULE-1466,0.536556
MULE-1465,0.887205
MULE-1464,0.045353
MULE-1463,0.875361
MULE-1460,0.756717
MULE-1459,0.941654
MULE-1458,0.500488
MULE-1457,0.854399
MULE-1456,0.261897
MULE-1455,0.863392
MULE-1454,0.090414
MULE-1453,0.068537
MULE-1452,0.048137
MULE-1451,0.050331
MULE-1450,0.216674
MULE-1449,0.035679
MULE-1448,0.063715
MULE-1446,0.027585
MULE-1445,0.903635
MULE-1444,0.853425
MULE-1442,0.142948
MULE-1441,0.827271
MULE-1440,0.919063
MULE-1439,0.53437
MULE-1438,0.030909
MULE-1437,0.324824
MULE-1436,0.746509
MULE-1435,0.817574
MULE-1434,0.163179
MULE-1433,0.025761
MULE-1431,0.043366
MULE-1430,0.048496
MULE-1429,0.038466
MULE-1428,0.291082
MULE-1427,0.854399
MULE-1425,0.415136
MULE-1424,0.91611
MULE-1421,0.042404
MULE-1417,0.209146
MULE-1416,0.93196
MULE-1415,0.796925
MULE-1414,0.115162
MULE-1413,0.138462
MULE-1412,0.859192
MULE-1411,0.90764
MULE-1410,0.057493
MULE-1409,0.886027
MULE-1408,0.76769
MULE-1407,0.030215
MULE-1406,0.855369
MULE-1405,0.010408
MULE-1404,0.042088
MULE-1403,0.021125
MULE-1402,0.065845
MULE-1399,0.955319
MULE-1398,0.911495
MULE-1397,0.936285
MULE-1396,0.035948
MULE-1395,0.912748
MULE-1394,0.259075
MULE-1389,0.093347
MULE-1381,0.711531
MULE-1380,0.609989
MULE-1378,0.913058
MULE-1377,0.874077
MULE-1376,0.766992
MULE-1375,0.058993
MULE-1373,0.906653
MULE-1372,0.80038
MULE-1371,0.533641
MULE-1370,0.129403
MULE-1369,0.026557
MULE-1367,0.882833
MULE-1366,0.71123
MULE-1365,0.868827
MULE-1364,0.033844
MULE-1363,0.03622
MULE-1362,0.803174
MULE-1360,0.017849
MULE-1358,0.108945
MULE-1357,0.830594
MULE-1356,0.047074
MULE-1355,0.730482
MULE-1354,0.790854
MULE-1353,0.408513
MULE-1351,0.45181
MULE-1350,0.020489
MULE-1348,0.181844
MULE-1347,0.841826
MULE-1343,0.685213
MULE-1342,0.006388
MULE-1341,0.03259
MULE-1339,0.13569
MULE-1335,0.690663
MULE-1334,0.765243
MULE-1332,0.057705
MULE-1329,0.713831
MULE-1328,0.353651
MULE-1326,0.083292
MULE-1325,0.571049
MULE-1324,0.070304
MULE-1323,0.041153
MULE-1322,0.040846
MULE-1321,0.043043
MULE-1320,0.127218
MULE-1319,0.149531
MULE-1318,0.521471
MULE-1317,0.020804
MULE-1315,0.092688
MULE-1313,0.903975
MULE-1312,0.747616
MULE-1310,0.427994
MULE-1309,0.044349
MULE-1308,0.041462
MULE-1307,0.468304
MULE-1306,0.108566
MULE-1305,0.672009
MULE-1304,0.903635
MULE-1303,0.030215
MULE-1302,0.879561
MULE-1300,0.063482
MULE-1299,0.675551
MULE-1297,0.578448
MULE-1296,0.0538
MULE-1295,0.047426
MULE-1292,0.591487
MULE-1291,0.919063
MULE-1290,0.455199
MULE-1289,0.021948
MULE-1288,0.053403
MULE-1285,0.909907
MULE-1284,0.866585
MULE-1283,0.881615
MULE-1281,0.054199
MULE-1278,0.45181
MULE-1277,0.007461
MULE-1276,0.017045
MULE-1275,0.09236
MULE-1274,0.093347
MULE-1272,0.056236
MULE-1271,0.18418
MULE-1269,0.094678
MULE-1267,0.841305
MULE-1266,0.845433
MULE-1265,0.029091
MULE-1263,0.020332
MULE-1261,0.064418
MULE-1259,0.41561
MULE-1257,0.256646
MULE-1256,0.072112
MULE-1252,0.037327
MULE-1251,0.147555
MULE-1250,0.078642
MULE-1249,0.018689
MULE-1248,0.0538
MULE-1247,0.578924
MULE-1246,0.03359
MULE-1245,0.025371
MULE-1244,0.676727
MULE-1243,0.185062
MULE-1240,0.043366
MULE-1239,0.055413
MULE-1238,0.595257
MULE-1236,0.013223
MULE-1235,0.948917
MULE-1234,0.077518
MULE-1233,0.045016
MULE-1230,0.0341
MULE-1229,0.265309
MULE-1228,0.025179
MULE-1227,0.744656
MULE-1224,0.321051
MULE-1223,0.94079
MULE-1221,0.901227
MULE-1220,0.91611
MULE-1219,0.930962
MULE-1218,0.934395
MULE-1217,0.301259
MULE-1215,0.033086
MULE-1213,0.052231
MULE-1212,0.02976
MULE-1211,0.281603
MULE-1210,0.026557
MULE-1207,0.036494
MULE-1206,0.044349
MULE-1205,0.165863
MULE-1204,0.065605
MULE-1203,0.031619
MULE-1202,0.029987
MULE-1201,0.349755
MULE-1200,0.024054
MULE-1198,0.09739
MULE-1196,0.030909
MULE-1195,0.242564
MULE-1194,0.763484
MULE-1192,0.027585
MULE-1191,0.0745
MULE-1190,0.754915
MULE-1189,0.821617
MULE-1188,0.031859
MULE-1187,0.344113
MULE-1186,0.114765
MULE-1183,0.021781
MULE-1182,0.030909
MULE-1181,0.813164
MULE-1180,0.728941
MULE-1179,0.04778
MULE-1178,0.689096
MULE-1177,0.622804
MULE-1176,0.037047
MULE-1174,0.046378
MULE-1173,0.450359
MULE-1172,0.0729
MULE-1171,0.839208
MULE-1170,0.044019
MULE-1169,0.034881
MULE-1166,0.55254
MULE-1163,0.923039
MULE-1162,0.917303
MULE-1160,0.901921
MULE-1159,0.908618
MULE-1158,0.103024
MULE-1157,0.016277
MULE-1156,0.030215
MULE-1154,0.040238
MULE-1153,0.049589
MULE-1150,0.043043
MULE-1148,0.044349
MULE-1147,0.106319
MULE-1145,0.930962
MULE-1144,0.042404
MULE-1143,0.677474
MULE-1141,0.039343
MULE-1140,0.908293
MULE-1139,0.025179
MULE-1138,0.115561
MULE-1137,0.158174
MULE-1136,0.856812
MULE-1135,0.138695
MULE-1134,0.054399
MULE-1132,0.820469
MULE-1131,0.145115
MULE-1130,0.933915
MULE-1129,0.513668
MULE-1127,0.919063
MULE-1124,0.885631
MULE-1123,0.080357
MULE-1122,0.836555
MULE-1120,0.020332
MULE-1118,0.508788
MULE-1117,0.948917
MULE-1116,0.921358
MULE-1115,0.942507
MULE-1114,0.955651
MULE-1113,0.049222
MULE-1111,0.017712
MULE-1109,0.026557
MULE-1108,0.791499
MULE-1107,0.128963
MULE-1106,0.049959
MULE-1105,0.768733
MULE-1104,0.677047
MULE-1103,0.503418
MULE-1102,0.867934
MULE-1101,0.039639
MULE-1099,0.936749
MULE-1098,0.566019
MULE-1097,0.045016
MULE-1095,0.021781
MULE-1094,0.806853
MULE-1093,0.048137
MULE-1092,0.894789
MULE-1091,0.271059
MULE-1090,0.732974
MULE-1089,0.063251
MULE-1088,0.29696
MULE-1087,0.104477
MULE-1086,0.337094
MULE-1085,0.036494
MULE-1084,0.212395
MULE-1083,0.793106
MULE-1082,0.938124
MULE-1080,0.13569
MULE-1079,0.520496
MULE-1078,0.901227
MULE-1077,0.460289
MULE-1075,0.171894
MULE-1074,0.283682
MULE-1073,0.057071
MULE-1072,0.095687
MULE-1071,0.901921
MULE-1070,0.065128
MULE-1069,0.028871
MULE-1068,0.025761
MULE-1067,0.056444
MULE-1066,0.264169
MULE-1065,0.912124
MULE-1064,0.040846
MULE-1063,0.838151
MULE-1062,0.036769
MULE-1060,0.93196
MULE-1058,0.052619
MULE-1057,0.119614
MULE-1056,0.048496
MULE-1055,0.899828
MULE-1054,0.81582
MULE-1053,0.530723
MULE-1052,0.039343
MULE-1051,0.134321
MULE-1049,0.122523
MULE-1047,0.550607
MULE-1046,0.041462
MULE-1045,0.876211
MULE-1044,0.651712
MULE-1043,0.747984
MULE-1041,0.089137
MULE-1040,0.477554
MULE-1039,0.779658
MULE-1038,0.081228
MULE-1037,0.92523
MULE-1036,0.050331
MULE-1034,0.938576
MULE-1033,0.916409
MULE-1032,0.620277
MULE-1031,0.598782
MULE-1030,0.863852
MULE-1029,0.792785
MULE-1028,0.660528
MULE-1027,0.852445
MULE-1026,0.68056
MULE-1025,0.731251
MULE-1024,0.818447
MULE-1023,0.043366
MULE-1022,0.910863
MULE-1021,0.501953
MULE-1020,0.773559
MULE-1019,0.740362
MULE-1018,0.024238
MULE-1017,0.076132
MULE-1016,0.113973
MULE-1015,0.642432
MULE-1014,0.399226
MULE-1013,0.832781
MULE-1011,0.043043
MULE-1008,0.252384
MULE-1006,0.618896
MULE-1005,0.699049
MULE-1001,0.625209
MULE-998,0.234582
MULE-996,0.03359
MULE-994,0.037047
MULE-992,0.048137
MULE-991,0.197444
MULE-989,0.090093
MULE-987,0.809577
MULE-986,0.878731
MULE-985,0.778649
MULE-984,0.924142
MULE-983,0.943764
MULE-982,0.080937
MULE-981,0.775265
MULE-980,0.17441
MULE-978,0.489259
MULE-977,0.741861
MULE-976,0.224055
MULE-975,0.878731
MULE-973,0.067547
MULE-972,0.065845
MULE-971,0.94079
MULE-969,0.030444
MULE-968,0.705582
MULE-967,0.902266
MULE-966,0.968381
MULE-965,0.642993
MULE-963,0.844409
MULE-961,0.138462
MULE-960,0.806853
MULE-959,0.763131
MULE-958,0.386069
MULE-957,0.20466
MULE-956,0.902266
MULE-954,0.07836
MULE-952,0.034619
MULE-950,0.891811
MULE-949,0.921922
MULE-948,0.087876
MULE-947,0.963506
MULE-942,0.038178
MULE-941,0.147801
MULE-940,0.076408
MULE-939,0.035948
MULE-938,0.023509
MULE-937,0.025761
MULE-936,0.950411
MULE-935,0.839208
MULE-934,0.854399
MULE-933,0.811974
MULE-932,0.821044
MULE-930,0.217005
MULE-929,0.291787
MULE-924,0.066085
MULE-923,0.026355
MULE-922,0.927363
MULE-921,0.847968
MULE-920,0.028436
MULE-917,0.953966
MULE-916,0.02461
MULE-915,0.903975
MULE-911,0.332473
MULE-910,0.225417
MULE-909,0.936285
MULE-907,0.823328
MULE-906,0.018547
MULE-905,0.029091
MULE-904,0.814053
MULE-903,0.012241
MULE-902,0.870597
MULE-901,0.601359
MULE-900,0.949669
MULE-899,0.965119
MULE-898,0.050331
MULE-897,0.919643
MULE-895,0.613584
MULE-894,0.883236
MULE-893,0.751648
MULE-892,0.938576
MULE-891,0.885631
MULE-889,0.0729
MULE-888,0.136148
MULE-887,0.917006
MULE-886,0.167491
MULE-885,0.163713
MULE-884,0.867036
MULE-883,0.850469
MULE-882,0.089455
MULE-881,0.107063
MULE-880,0.138462
MULE-879,0.046378
MULE-878,0.299412
MULE-877,0.067793
MULE-871,0.040846
MULE-870,0.084191
MULE-869,0.177526
MULE-868,0.151529
MULE-867,0.894421
MULE-866,0.956634
MULE-864,0.494141
MULE-863,0.877477
MULE-861,0.372962
MULE-860,0.178669
MULE-859,0.486332
MULE-858,0.037609
MULE-857,0.058993
MULE-856,0.030676
MULE-855,0.749821
MULE-852,0.175538
MULE-851,0.165054
MULE-850,0.545286
MULE-844,0.947381
MULE-843,0.557364
MULE-842,0.891811
MULE-841,0.958226
MULE-840,0.063251
MULE-839,0.910545
MULE-838,0.086942
MULE-837,0.383757
MULE-836,0.038756
MULE-835,0.056236
MULE-833,0.276397
MULE-832,0.121686
MULE-831,0.235988
MULE-830,0.147065
MULE-829,0.405213
MULE-828,0.631083
MULE-827,0.103024
MULE-826,0.923592
MULE-825,0.846958
MULE-824,0.059866
MULE-823,0.039937
MULE-822,0.246896
MULE-821,0.687105
MULE-820,0.038756
MULE-819,0.084493
MULE-818,0.076684
MULE-817,0.044681
MULE-815,0.259638
MULE-814,0.082994
MULE-813,0.603932
MULE-812,0.734881
MULE-811,0.763836
MULE-810,0.040846
MULE-807,0.939471
MULE-805,0.324664
MULE-803,0.015906
MULE-801,0.060975
MULE-800,0.040541
MULE-799,0.718594
MULE-798,0.169681
MULE-797,0.86293
MULE-796,0.881207
MULE-795,0.01292
MULE-794,0.044349
MULE-793,0.027796
MULE-792,0.025761
MULE-791,0.049959
MULE-790,0.609117
MULE-789,0.892937
MULE-787,0.026355
MULE-786,0.060087
MULE-785,0.076132
MULE-784,0.030215
MULE-783,0.021615
MULE-782,0.084191
MULE-781,0.020177
MULE-780,0.800692
MULE-779,0.022457
MULE-778,0.020332
MULE-777,0.060529
MULE-774,0.950411
MULE-773,0.096706
MULE-772,0.892563
MULE-771,0.030215
MULE-769,0.07921
MULE-768,0.058346
MULE-765,0.030215
MULE-764,0.72487
MULE-762,0.779658
MULE-761,0.029535
MULE-760,0.052231
MULE-758,0.93196
MULE-757,0.073165
MULE-756,0.891434
MULE-755,0.695545
MULE-754,0.062103
MULE-753,0.028436
MULE-752,0.087564
MULE-750,0.063019
MULE-749,0.044349
MULE-748,0.085099
MULE-747,0.241132
MULE-746,0.094343
MULE-745,0.830594
MULE-743,0.076961
MULE-742,0.036494
MULE-741,0.008316
MULE-740,0.019871
MULE-739,0.062789
MULE-738,0.909586
MULE-737,0.038466
MULE-736,0.221351
MULE-735,0.042404
MULE-734,0.750187
MULE-732,0.912748
MULE-731,0.045692
MULE-730,0.758153
MULE-728,0.063715
MULE-726,0.053403
MULE-725,0.950411
MULE-723,0.051463
MULE-722,0.060529
MULE-719,0.905322
MULE-718,0.042088
MULE-717,0.364664
MULE-716,0.097048
MULE-713,0.0729
MULE-712,0.911495
MULE-711,0.351673
MULE-710,0.923592
MULE-708,0.026557
MULE-707,0.0538
MULE-706,0.793426
MULE-705,0.206254
MULE-703,0.184768
MULE-701,0.041153
MULE-700,0.42179
MULE-699,0.041153
MULE-698,0.944587
MULE-697,0.096365
MULE-696,0.877056
MULE-695,0.050705
MULE-694,0.045692
MULE-693,0.283682
MULE-692,0.031859
MULE-691,0.919643
MULE-690,0.078642
MULE-689,0.022457
MULE-688,0.059428
MULE-687,0.517571
MULE-686,0.513668
MULE-685,0.892937
MULE-684,0.772874
MULE-682,0.064653
MULE-681,0.789558
MULE-678,0.025179
MULE-677,0.106691
MULE-675,0.67405
MULE-674,0.924142
MULE-673,0.895888
MULE-671,0.049222
MULE-670,0.096025
MULE-646,0.399343
MULE-644,0.79534
MULE-643,0.231267
MULE-641,0.771843
MULE-640,0.042404
MULE-639,0.936285
MULE-638,0.887595
MULE-637,0.293911
MULE-636,0.859664
MULE-634,0.561696
MULE-633,0.017849
MULE-632,0.022629
MULE-631,0.040238
MULE-630,0.591841
MULE-629,0.155848
MULE-628,0.669907
MULE-626,0.087876
MULE-625,0.096365
MULE-623,0.018689
MULE-621,0.084191
MULE-620,0.08819
MULE-618,0.879147
MULE-617,0.949295
MULE-616,0.047426
MULE-615,0.345547
MULE-614,0.937669
MULE-613,0.941654
MULE-612,0.009708
MULE-611,0.48438
MULE-610,0.108945
MULE-609,0.84338
MULE-608,0.92523
MULE-606,0.060087
MULE-605,0.957596
MULE-604,0.03622
MULE-603,0.126353
MULE-601,0.744099
MULE-600,0.017045
MULE-599,0.29747
MULE-598,0.335882
MULE-597,0.909586
MULE-596,0.014282
MULE-595,0.550849
MULE-594,0.059428
MULE-593,0.087564
MULE-592,0.055209
MULE-591,0.062789
MULE-590,0.06165
MULE-589,0.061199
MULE-588,0.885235
MULE-587,0.045016
MULE-586,0.908942
MULE-585,0.041153
MULE-583,0.735831
MULE-582,0.273866
MULE-581,0.849472
MULE-579,0.066812
MULE-578,0.705785
MULE-576,0.726231
MULE-575,0.069795
MULE-573,0.057705
MULE-572,0.053403
MULE-571,0.022803
MULE-570,0.513181
MULE-569,0.370453
MULE-568,0.030909
MULE-567,0.153549
MULE-566,0.787931
MULE-565,0.889144
MULE-564,0.846451
MULE-563,0.948917
MULE-562,0.051463
MULE-561,0.03259
MULE-560,0.087564
MULE-559,0.941223
MULE-558,0.040238
MULE-557,0.163445
MULE-556,0.140572
MULE-555,0.064418
MULE-554,0.925769
MULE-553,0.833866
MULE-552,0.871912
MULE-551,0.531696
MULE-550,0.827271
MULE-549,0.051463
MULE-547,0.842345
MULE-546,0.813757
MULE-545,0.142232
MULE-544,0.412293
MULE-543,0.400984
MULE-542,0.062103
MULE-541,0.010987
MULE-540,0.046378
MULE-539,0.747432
MULE-537,0.063948
MULE-536,0.071074
MULE-535,0.061876
MULE-531,0.056236
MULE-530,0.90053
MULE-529,0.29584
MULE-528,0.060308
MULE-527,0.025371
MULE-526,0.090414
MULE-524,0.023509
MULE-523,0.932453
MULE-522,0.945399
MULE-520,0.713831
MULE-519,0.92523
MULE-518,0.685107
MULE-517,0.785966
MULE-516,0.052814
MULE-515,0.037047
MULE-514,0.100525
MULE-512,0.063482
MULE-511,0.057918
MULE-510,0.037047
MULE-509,0.117978
MULE-508,0.486819
MULE-506,0.68616
MULE-505,0.715026
MULE-504,0.566738
MULE-503,0.018125
MULE-502,0.914596
MULE-501,0.179243
MULE-500,0.028653
MULE-497,0.060752
MULE-496,0.014172
MULE-495,0.332148
MULE-494,0.021125
MULE-493,0.164248
MULE-492,0.107813
MULE-491,0.907967
MULE-490,0.766294
MULE-489,0.040846
MULE-488,0.025179
MULE-487,0.820757
MULE-486,0.577972
MULE-485,0.276984
MULE-484,0.084493
MULE-483,0.076132
MULE-482,0.184768
MULE-480,0.691601
MULE-479,0.932944
MULE-478,0.903975
MULE-477,0.839208
MULE-476,0.882833
MULE-475,0.859664
MULE-474,0.430387
MULE-473,0.822759
MULE-471,0.923039
MULE-470,0.41561
MULE-469,0.020332
MULE-468,0.030215
MULE-467,0.104112
MULE-466,0.775605
MULE-465,0.128963
MULE-463,0.115162
MULE-462,0.013956
MULE-459,0.14682
MULE-458,0.578686
MULE-457,0.123366
MULE-456,0.46636
MULE-455,0.070816
MULE-454,0.094678
MULE-453,0.068787
MULE-452,0.128088
MULE-451,0.606848
MULE-448,0.028871
MULE-447,0.125923
MULE-446,0.028221
MULE-445,0.037609
MULE-443,0.786623
MULE-442,0.035411
MULE-441,0.024054
MULE-440,0.046378
MULE-439,0.039048
MULE-438,0.064653
MULE-437,0.049959
MULE-436,0.01057
MULE-435,0.887595
MULE-433,0.079496
MULE-432,0.092033
MULE-431,0.855851
MULE-430,0.925769
MULE-429,0.083591
MULE-426,0.930962
MULE-425,0.041153
MULE-424,0.910545
MULE-423,0.271735
MULE-422,0.758511
MULE-421,0.844409
MULE-419,0.029312
MULE-417,0.119614
MULE-416,0.019569
MULE-414,0.122104
MULE-411,0.058132
MULE-408,0.776962
MULE-407,0.745769
MULE-406,0.540439
MULE-405,0.927888
MULE-403,0.061424
MULE-402,0.042404
MULE-401,0.020332
MULE-400,0.943348
MULE-399,0.926304
MULE-398,0.067547
MULE-396,0.933431
MULE-395,0.933431
MULE-394,0.933431
MULE-393,0.933431
MULE-392,0.047426
MULE-391,0.107063
MULE-390,0.76207
MULE-389,0.74872
MULE-388,0.046378
MULE-387,0.049959
MULE-386,0.098079
MULE-385,0.049222
MULE-384,0.044681
MULE-383,0.032101
MULE-382,0.220007
MULE-381,0.284477
MULE-380,0.110856
MULE-379,0.717408
MULE-378,0.871475
MULE-377,0.084493
MULE-376,0.056652
MULE-375,0.925769
MULE-373,0.039639
MULE-371,0.08389
MULE-367,0.927363
MULE-366,0.101947
MULE-365,0.023871
MULE-364,0.035948
MULE-363,0.914901
MULE-360,0.032344
MULE-359,0.837088
MULE-358,0.026355
MULE-357,0.048137
MULE-356,0.057282
MULE-355,0.042404
MULE-354,0.14682
MULE-353,0.029987
MULE-351,0.083591
MULE-350,0.278159
MULE-349,0.656576
MULE-348,0.044349
MULE-347,0.023689
MULE-345,0.380299
MULE-344,0.040846
MULE-343,0.196826
MULE-340,0.942929
MULE-339,0.030215
MULE-338,0.0341
MULE-323,0.038466
MULE-322,0.034881
MULE-321,0.041153
MULE-320,0.03359
MULE-319,0.034619
MULE-317,0.070049
MULE-316,0.021615
MULE-314,0.03138
MULE-313,0.025761
MULE-312,0.105211
MULE-310,0.052619
MULE-308,0.058993
MULE-307,0.913368
MULE-306,0.026759
MULE-305,0.049589
MULE-304,0.049589
MULE-303,0.049589
MULE-302,0.0341
MULE-301,0.539469
MULE-300,0.944995
MULE-299,0.933915
MULE-298,0.71403
MULE-297,0.180684
MULE-296,0.056236
MULE-293,0.044349
MULE-291,0.026759
MULE-289,0.314494
MULE-288,0.762424
MULE-287,0.142232
MULE-286,0.07921
MULE-284,0.84338
MULE-283,0.018264
MULE-281,0.048496
MULE-279,0.436382
MULE-276,0.909265
MULE-275,0.024988
MULE-274,0.067301
MULE-273,0.951142
MULE-272,0.326781
MULE-271,0.866133
MULE-270,0.105579
MULE-269,0.047074
MULE-268,0.096706
MULE-267,0.643987
MULE-266,0.952926
MULE-265,0.089773
MULE-260,0.252016
MULE-258,0.048496
MULE-257,0.036494
MULE-256,0.029091
MULE-255,0.043366
MULE-254,0.901575
MULE-253,0.91181
MULE-252,0.017577
MULE-251,0.06804
MULE-250,0.04778
MULE-248,0.26971
MULE-247,0.816113
MULE-246,0.213377
MULE-243,0.020646
MULE-242,0.950411
MULE-241,0.208501
MULE-240,0.915809
MULE-239,0.047074
MULE-238,0.066327
MULE-237,0.353875
MULE-236,0.04778
MULE-235,0.903635
MULE-233,0.808067
MULE-232,0.881615
MULE-231,0.032101
MULE-230,0.074231
MULE-229,0.082994
MULE-228,0.867036
MULE-227,0.730674
MULE-226,0.950778
MULE-225,0.026964
MULE-224,0.031859
MULE-223,0.030444
MULE-222,0.087252
MULE-221,0.791176
MULE-220,0.024798
MULE-219,0.942929
MULE-217,0.91118
MULE-216,0.416797
MULE-215,0.944177
MULE-214,0.921922
MULE-213,0.702938
MULE-212,0.951863
MULE-211,0.047426
MULE-210,0.046378
MULE-209,0.441914
MULE-208,0.361052
MULE-207,0.134321
MULE-206,0.879561
MULE-205,0.909586
MULE-204,0.037047
MULE-202,0.921358
MULE-201,0.939913
MULE-200,0.9462
MULE-199,0.254972
MULE-198,0.939471
MULE-196,0.018125
MULE-195,0.031619
MULE-194,0.046725
MULE-192,0.042722
MULE-191,0.611498
MULE-190,0.785309
MULE-189,0.915809
MULE-188,0.071332
MULE-187,0.018405
MULE-186,0.08882
MULE-185,0.015189
MULE-184,0.011158
MULE-183,0.892937
MULE-182,0.019419
MULE-181,0.08882
MULE-180,0.095013
MULE-179,0.750918
MULE-178,0.0745
MULE-177,0.077239
MULE-176,0.802556
MULE-175,0.271059
MULE-174,0.845433
MULE-173,0.799129
MULE-171,0.028871
MULE-170,0.873647
MULE-169,0.022977
MULE-168,0.935346
MULE-167,0.906322
MULE-166,0.866133
MULE-165,0.772531
MULE-164,0.79053
MULE-163,0.794704
MULE-162,0.035948
MULE-161,0.037047
MULE-160,0.044349
MULE-159,0.022457
MULE-158,0.056029
MULE-157,0.027796
MULE-156,0.885235
MULE-155,0.266453
MULE-154,0.869715
MULE-153,0.931463
MULE-152,0.936749
MULE-151,0.521958
MULE-150,0.041774
MULE-149,0.395601
MULE-148,0.051845
MULE-147,0.301362
MULE-146,0.063948
MULE-145,0.063948
MULE-144,0.208985
MULE-142,0.03622
MULE-141,0.571527
MULE-140,0.73029
MULE-139,0.072112
MULE-138,0.820182
MULE-137,0.27406
MULE-136,0.010249
MULE-135,0.062103
MULE-133,0.051845
MULE-132,0.90053
MULE-131,0.9462
MULE-130,0.895888
MULE-129,0.903635
MULE-128,0.013428
MULE-127,0.889912
MULE-126,0.798501
MULE-125,0.92079
MULE-124,0.873215
MULE-123,0.71123
MULE-122,0.097048
MULE-121,0.485844
MULE-120,0.254972
MULE-118,0.071074
MULE-117,0.247078
MULE-116,0.894789
MULE-115,0.86293
MULE-114,0.910227
MULE-113,0.904313
MULE-112,0.028008
MULE-111,0.021781
MULE-110,0.901921
MULE-109,0.936285
MULE-108,0.940353
MULE-107,0.030676
MULE-106,0.949669
MULE-105,0.920218
MULE-104,0.117167
MULE-103,0.067793
MULE-102,0.031859
MULE-100,0.906983
MULE-99,0.926835
MULE-97,0.396652
MULE-96,0.826151
MULE-95,0.031859
MULE-94,0.022803
MULE-93,0.052231
MULE-92,0.102305
MULE-91,0.573678
MULE-90,0.577495
MULE-89,0.378574
MULE-88,0.830594
MULE-87,0.905657
MULE-86,0.938124
MULE-85,0.801625
MULE-84,0.910863
MULE-83,0.045353
MULE-82,0.894421
MULE-81,0.934395
MULE-80,0.943348
MULE-79,0.957278
MULE-76,0.079782
MULE-75,0.061876
MULE-74,0.061876
MULE-73,0.06165
MULE-72,0.035145
MULE-71,0.750187
MULE-70,0.939471
MULE-69,0.924142
MULE-68,0.942507
MULE-67,0.568416
MULE-66,0.467818
MULE-65,0.260766
MULE-64,0.873215
MULE-63,0.741487
MULE-62,0.869271
MULE-61,0.778649
MULE-59,0.399577
MULE-58,0.890294
MULE-57,0.859192
MULE-56,0.030444
MULE-55,0.03259
MULE-54,0.823044
MULE-53,0.788257
MULE-52,0.031619
MULE-51,0.117572
MULE-50,0.123366
MULE-49,0.089137
MULE-48,0.942507
MULE-47,0.964589
MULE-45,0.040846
MULE-44,0.793426
MULE-43,0.953622
MULE-42,0.92523
MULE-41,0.871037
MULE-40,0.935817
MULE-39,0.883236
MULE-38,0.350199
MULE-37,0.014842
MULE-36,0.02461
MULE-35,0.529263
MULE-34,0.768386
MULE-33,0.667256
MULE-32,0.035679
MULE-31,0.047074
MULE-30,0.935817
MULE-29,0.917893
MULE-28,0.926304
MULE-27,0.145115
MULE-26,0.057918
MULE-25,0.930458
MULE-24,0.828939
MULE-23,0.867036
MULE-22,0.082402
MULE-21,0.70069
MULE-20,0.052231
MULE-18,0.843895
MULE-17,0.489259
MULE-16,0.749821
MULE-15,0.909907
MULE-14,0.722135
MULE-13,0.599954
MULE-12,0.942082
MULE-11,0.924142
MULE-10,0.791176
MULE-9,0.781331
MULE-8,0.874507
MULE-6,0.906653
MULE-5,0.933915
MULE-4,0.906653
MULE-3,0.958538
MULE-2,0.668914
MULE-1,0.944995
