issue_key,prob_design
MULE-18479,0.07836
MULE-18334,0.959154
MULE-18312,0.019719
MULE-17646,0.010818
MULE-16743,0.046725
MULE-16680,0.065128
MULE-16654,0.223038
MULE-16176,0.715026
MULE-16175,0.764892
MULE-15290,0.907967
MULE-14856,0.013956
MULE-14855,0.016785
MULE-14854,0.018125
MULE-14853,0.017045
MULE-14851,0.038466
MULE-14850,0.020964
MULE-14848,0.169956
MULE-14847,0.014392
MULE-14846,0.973443
MULE-14845,0.824744
MULE-14844,0.020023
MULE-14843,0.420362
MULE-14842,0.275519
MULE-14840,0.040541
MULE-14837,0.024798
MULE-14836,0.021125
MULE-14835,0.023331
MULE-14834,0.018689
MULE-14833,0.011158
MULE-14832,0.033337
MULE-14831,0.022286
MULE-14829,0.005555
MULE-14828,0.015189
MULE-14826,0.009486
MULE-14823,0.971992
MULE-14822,0.017442
MULE-14820,0.021615
MULE-14819,0.28597
MULE-14817,0.064183
MULE-14816,0.984336
MULE-14815,0.813461
MULE-14814,0.373762
MULE-14811,0.016029
MULE-14810,0.021125
MULE-14809,0.874935
MULE-14806,0.121269
MULE-14803,0.010489
MULE-14802,0.957278
MULE-14801,0.025179
MULE-14800,0.025371
MULE-14799,0.019124
MULE-14798,0.928409
MULE-14797,0.04778
MULE-14796,0.594316
MULE-14795,0.024423
MULE-14794,0.206254
MULE-14793,0.853913
MULE-14789,0.007346
MULE-14788,0.031619
MULE-14787,0.981875
MULE-14786,0.974435
MULE-14782,0.051845
MULE-14781,0.017309
MULE-14779,0.897695
MULE-14778,0.020177
MULE-14777,0.991684
MULE-14775,0.017986
MULE-14774,0.036494
MULE-14773,0.026355
MULE-14772,0.981736
MULE-14769,0.027585
MULE-14768,0.011961
MULE-14766,0.245266
MULE-14765,0.896976
MULE-14764,0.024798
MULE-14763,0.031859
MULE-14760,0.009268
MULE-14758,0.970688
MULE-14757,0.017309
MULE-14755,0.035948
MULE-14754,0.022977
MULE-14751,0.09401
MULE-14750,0.824462
MULE-14749,0.020489
MULE-14748,0.789234
MULE-14747,0.91848
MULE-14746,0.987568
MULE-14745,0.044019
MULE-14744,0.033337
MULE-14743,0.012625
MULE-14741,0.013532
MULE-14740,0.009126
MULE-14737,0.03622
MULE-14736,0.012336
MULE-14735,0.021948
MULE-14734,0.021781
MULE-14731,0.082697
MULE-14729,0.887595
MULE-14728,0.979668
MULE-14725,0.618435
MULE-14724,0.58059
MULE-14723,0.711431
MULE-14722,0.00934
MULE-14721,0.226784
MULE-14719,0.19163
MULE-14718,0.979977
MULE-14717,0.180395
MULE-14716,0.884838
MULE-14715,0.923592
MULE-14714,0.092033
MULE-14713,0.500488
MULE-14712,0.979823
MULE-14710,0.993996
MULE-14709,0.048137
MULE-14705,0.021615
MULE-14701,0.014729
MULE-14700,0.01017
MULE-14699,0.010328
MULE-14698,0.009559
MULE-14696,0.013428
MULE-14695,0.040846
MULE-14694,0.016403
MULE-14693,0.30767
MULE-14688,0.007121
MULE-14687,0.108189
MULE-14686,0.010489
MULE-14685,0.040846
MULE-14684,0.976669
MULE-14683,0.007346
MULE-14681,0.028221
MULE-14680,0.02976
MULE-14679,0.037327
MULE-14677,0.446012
MULE-14676,0.132964
MULE-14675,0.013956
MULE-14672,0.081228
MULE-14670,0.012054
MULE-14669,0.017309
MULE-14668,0.018833
MULE-14667,0.046378
MULE-14666,0.020332
MULE-14665,0.014064
MULE-14663,0.397237
MULE-14661,0.040846
MULE-14659,0.045016
MULE-14658,0.010328
MULE-14656,0.322473
MULE-14655,0.940353
MULE-14653,0.380068
MULE-14650,0.089455
MULE-14649,0.775945
MULE-14648,0.7011
MULE-14645,0.011332
MULE-14644,0.205615
MULE-14643,0.030909
MULE-14642,0.018547
MULE-14640,0.015306
MULE-14638,0.913058
MULE-14637,0.410756
MULE-14636,0.021287
MULE-14634,0.030215
MULE-14633,0.146087
MULE-14632,0.007938
MULE-14629,0.011869
MULE-14627,0.477554
MULE-14623,0.006904
MULE-14622,0.020332
MULE-14620,0.020489
MULE-14619,0.014616
MULE-14618,0.185062
MULE-14616,0.011158
MULE-14615,0.009126
MULE-14614,0.497559
MULE-14613,0.08389
MULE-14612,0.971564
MULE-14610,0.010987
MULE-14609,0.011245
MULE-14606,0.00514
MULE-14605,0.026156
MULE-14604,0.120853
MULE-14603,0.014064
MULE-14602,0.028436
MULE-14601,0.03359
MULE-14600,0.025371
MULE-14599,0.012336
MULE-14598,0.985271
MULE-14597,0.010014
MULE-14596,0.009708
MULE-14594,0.04778
MULE-14593,0.428233
MULE-14592,0.039937
MULE-14591,0.015073
MULE-14590,0.006904
MULE-14587,0.018125
MULE-14582,0.009055
MULE-14581,0.013532
MULE-14579,0.007012
MULE-14578,0.010902
MULE-14577,0.007346
MULE-14573,0.046034
MULE-14572,0.008062
MULE-14571,0.351868
MULE-14570,0.293101
MULE-14569,0.410638
MULE-14568,0.939913
MULE-14567,0.924688
MULE-14566,0.956957
MULE-14565,0.043043
MULE-14562,0.874507
MULE-14561,0.009708
MULE-14560,0.009055
MULE-14558,0.015189
MULE-14557,0.021948
MULE-14556,0.107813
MULE-14555,0.017045
MULE-14553,0.028871
MULE-14552,0.348701
MULE-14550,0.018833
MULE-14549,0.011332
MULE-14545,0.008511
MULE-14544,0.960361
MULE-14541,0.007696
MULE-14540,0.027376
MULE-14537,0.017177
MULE-14536,0.080357
MULE-14534,0.014616
MULE-14532,0.816406
MULE-14531,0.018689
MULE-14529,0.02461
MULE-14527,0.16132
MULE-14526,0.015189
MULE-14524,0.013223
MULE-14523,0.055005
MULE-14522,0.026355
MULE-14521,0.018833
MULE-14520,0.013325
MULE-14519,0.649356
MULE-14518,0.367951
MULE-14517,0.961244
MULE-14516,0.015425
MULE-14514,0.0729
MULE-14513,0.730482
MULE-14512,0.01057
MULE-14510,0.936285
MULE-14509,0.020804
MULE-14508,0.016153
MULE-14507,0.015906
MULE-14505,0.957596
MULE-14503,0.03622
MULE-14502,0.045692
MULE-14501,0.036494
MULE-14500,0.039343
MULE-14499,0.029312
MULE-14498,0.081228
MULE-14497,0.451085
MULE-14492,0.055005
MULE-14491,0.011245
MULE-14490,0.06256
MULE-14489,0.875361
MULE-14488,0.988313
MULE-14487,0.757077
MULE-14486,0.986777
MULE-14485,0.960657
MULE-14484,0.919063
MULE-14483,0.943348
MULE-14482,0.953275
MULE-14481,0.965381
MULE-14480,0.912436
MULE-14479,0.977023
MULE-14478,0.637793
MULE-14477,0.010091
MULE-14476,0.102664
MULE-14475,0.574872
MULE-14474,0.016403
MULE-14471,0.744099
MULE-14470,0.054199
MULE-14469,0.023509
MULE-14467,0.963231
MULE-14466,0.037327
MULE-14465,0.90053
MULE-14464,0.460046
MULE-14463,0.025179
MULE-14462,0.03359
MULE-14461,0.010735
MULE-14460,0.01292
MULE-14459,0.010653
MULE-14458,0.192539
MULE-14456,0.015425
MULE-14455,0.017177
MULE-14453,0.878314
MULE-14452,0.757436
MULE-14451,0.046725
MULE-14450,0.282295
MULE-14449,0.009055
MULE-14448,0.143908
MULE-14446,0.022117
MULE-14444,0.022977
MULE-14443,0.021287
MULE-14442,0.023509
MULE-14441,0.585812
MULE-14438,0.588061
MULE-14437,0.014616
MULE-14436,0.158695
MULE-14435,0.011869
MULE-14433,0.065366
MULE-14432,0.021781
MULE-14431,0.013849
MULE-14430,0.014957
MULE-14429,0.971129
MULE-14428,0.01302
MULE-14427,0.009784
MULE-14426,0.093678
MULE-14425,0.936749
MULE-14424,0.019871
MULE-14423,0.072112
MULE-14422,0.046725
MULE-14421,0.016029
MULE-14420,0.043366
MULE-14419,0.94699
MULE-14418,0.021948
MULE-14417,0.107813
MULE-14415,0.08389
MULE-14414,0.010735
MULE-14413,0.010653
MULE-14412,0.971129
MULE-14410,0.476823
MULE-14409,0.0745
MULE-14408,0.019569
MULE-14405,0.928926
MULE-14404,0.03359
MULE-14403,0.275909
MULE-14402,0.015664
MULE-14401,0.516108
MULE-14400,0.339431
MULE-14399,0.007816
MULE-14398,0.014729
MULE-14397,0.985271
MULE-14396,0.022803
MULE-14395,0.045016
MULE-14394,0.06165
MULE-14393,0.012528
MULE-14392,0.960361
MULE-14391,0.477311
MULE-14389,0.976847
MULE-14388,0.046378
MULE-14387,0.008577
MULE-14386,0.021125
MULE-14385,0.417746
MULE-14384,0.017712
MULE-14383,0.286968
MULE-14382,0.022457
MULE-14381,0.017577
MULE-14379,0.03138
MULE-14378,0.020332
MULE-14377,0.027169
MULE-14376,0.756358
MULE-14375,0.015906
MULE-14374,0.818737
MULE-14373,0.909265
MULE-14372,0.032837
MULE-14371,0.830044
MULE-14370,0.530966
MULE-14369,0.875787
MULE-14368,0.813757
MULE-14367,0.055413
MULE-14366,0.343342
MULE-14365,0.913984
MULE-14364,0.832781
MULE-14363,0.68268
MULE-14362,0.965119
MULE-14361,0.016785
MULE-14360,0.969556
MULE-14359,0.012821
MULE-14358,0.080357
MULE-14357,0.009197
MULE-14356,0.03259
MULE-14353,0.018547
MULE-14352,0.030215
MULE-14351,0.072637
MULE-14350,0.324931
MULE-14347,0.419886
MULE-14346,0.852445
MULE-14345,0.014282
MULE-14343,0.191933
MULE-14342,0.22627
MULE-14338,0.879974
MULE-14337,0.948917
MULE-14335,0.015906
MULE-14334,0.043691
MULE-14333,0.295992
MULE-14332,0.023689
MULE-14331,0.308682
MULE-14330,0.376623
MULE-14328,0.028221
MULE-14327,0.350286
MULE-14326,0.902266
MULE-14325,0.300797
MULE-14324,0.015544
MULE-14323,0.013742
MULE-14322,0.015544
MULE-14321,0.015189
MULE-14320,0.010735
MULE-14319,0.007012
MULE-14317,0.033337
MULE-14316,0.022629
MULE-14315,0.054601
MULE-14314,0.014729
MULE-14313,0.414425
MULE-14312,0.273574
MULE-14311,0.674426
MULE-14310,0.014504
MULE-14309,0.014064
MULE-14308,0.010987
MULE-14307,0.028008
MULE-14306,0.093347
MULE-14305,0.007121
MULE-14304,0.006904
MULE-14303,0.012723
MULE-14302,0.012336
MULE-14301,0.01653
MULE-14300,0.022629
MULE-14299,0.210442
MULE-14298,0.025761
MULE-14297,0.023689
MULE-14296,0.015544
MULE-14295,0.010902
MULE-14294,0.012336
MULE-14293,0.018264
MULE-14292,0.237399
MULE-14291,0.010489
MULE-14288,0.124639
MULE-14287,0.022117
MULE-14285,0.015073
MULE-14284,0.970688
MULE-14283,0.891434
MULE-14282,0.01017
MULE-14281,0.016657
MULE-14280,0.012147
MULE-14279,0.017442
MULE-14278,0.328637
MULE-14277,0.3027
MULE-14276,0.147555
MULE-14275,0.955651
MULE-14272,0.148047
MULE-14268,0.013532
MULE-14267,0.028871
MULE-14266,0.023689
MULE-14264,0.023689
MULE-14263,0.131619
MULE-14262,0.020804
MULE-14260,0.52902
MULE-14259,0.015544
MULE-14258,0.924688
MULE-14257,0.059647
MULE-14256,0.073696
MULE-14255,0.034359
MULE-14254,0.057493
MULE-14253,0.089773
MULE-14252,0.026557
MULE-14251,0.0538
MULE-14250,0.035679
MULE-14249,0.239705
MULE-14248,0.03622
MULE-14247,0.035948
MULE-14246,0.053403
MULE-14245,0.040541
MULE-14244,0.299617
MULE-14243,0.419648
MULE-14242,0.044349
MULE-14241,0.044019
MULE-14240,0.041462
MULE-14239,0.03259
MULE-14238,0.074231
MULE-14237,0.037327
MULE-14236,0.038466
MULE-14235,0.246715
MULE-14234,0.035679
MULE-14233,0.069542
MULE-14232,0.06165
MULE-14231,0.039048
MULE-14230,0.066085
MULE-14229,0.040541
MULE-14228,0.048858
MULE-14227,0.050331
MULE-14226,0.126353
MULE-14225,0.069289
MULE-14224,0.033844
MULE-14223,0.034619
MULE-14222,0.037892
MULE-14221,0.045016
MULE-14220,0.042088
MULE-14219,0.130729
MULE-14218,0.047074
MULE-14217,0.034881
MULE-14216,0.059647
MULE-14215,0.052619
MULE-14214,0.217005
MULE-14213,0.985271
MULE-14212,0.03359
MULE-14211,0.129403
MULE-14210,0.052619
MULE-14209,0.033086
MULE-14208,0.091058
MULE-14207,0.03359
MULE-14206,0.045353
MULE-14205,0.21305
MULE-14204,0.009634
MULE-14203,0.072637
MULE-14202,0.012528
MULE-14201,0.013849
MULE-14198,0.013428
MULE-14197,0.050331
MULE-14196,0.041774
MULE-14195,0.597725
MULE-14194,0.007121
MULE-14193,0.014957
MULE-14192,0.341885
MULE-14191,0.007816
MULE-14190,0.233008
MULE-14189,0.691081
MULE-14188,0.007346
MULE-14186,0.032344
MULE-14185,0.714429
MULE-14184,0.851459
MULE-14183,0.255901
MULE-14181,0.524882
MULE-14180,0.058777
MULE-14178,0.008446
MULE-14177,0.013532
MULE-14176,0.008446
MULE-14175,0.962673
MULE-14174,0.016785
MULE-14173,0.267408
MULE-14172,0.031144
MULE-14171,0.008985
MULE-14169,0.053403
MULE-14167,0.037609
MULE-14166,0.013742
MULE-14164,0.856812
MULE-14163,0.02461
MULE-14162,0.009126
MULE-14161,0.529993
MULE-14160,0.039937
MULE-14156,0.014392
MULE-14155,0.058777
MULE-14153,0.962108
MULE-14152,0.010014
MULE-14151,0.030444
MULE-14148,0.960657
MULE-14147,0.020804
MULE-14145,0.014957
MULE-14144,0.616359
MULE-14143,0.015306
MULE-14142,0.012528
MULE-14141,0.902266
MULE-14137,0.767341
MULE-14135,0.030676
MULE-14134,0.013849
MULE-14133,0.010014
MULE-14131,0.023153
MULE-14129,0.937211
MULE-14127,0.083591
MULE-14126,0.035948
MULE-14125,0.17441
MULE-14124,0.013223
MULE-14123,0.017309
MULE-14122,0.014957
MULE-14121,0.986572
MULE-14119,0.039343
MULE-14118,0.741674
MULE-14117,0.141281
MULE-14115,0.032101
MULE-14113,0.785966
MULE-14112,0.017177
MULE-14111,0.791499
MULE-14110,0.796292
MULE-14109,0.022629
MULE-14108,0.039639
MULE-14107,0.788257
MULE-14106,0.959459
MULE-14104,0.048858
MULE-14103,0.018689
MULE-14101,0.013428
MULE-14097,0.009634
MULE-14095,0.014282
MULE-14094,0.018405
MULE-14093,0.010489
MULE-14092,0.008316
MULE-14088,0.028221
MULE-14087,0.008577
MULE-14086,0.445771
MULE-14084,0.850965
MULE-14083,0.901227
MULE-14082,0.26569
MULE-14081,0.021125
MULE-14080,0.104112
MULE-14079,0.014064
MULE-14078,0.021781
MULE-14077,0.193452
MULE-14074,0.009126
MULE-14072,0.010249
MULE-14071,0.018689
MULE-14070,0.017045
MULE-14069,0.017045
MULE-14068,0.101233
MULE-14067,0.058777
MULE-14066,0.771843
MULE-14065,0.974239
MULE-14064,0.371593
MULE-14063,0.015189
MULE-14062,0.011869
MULE-14061,0.120853
MULE-14060,0.03259
MULE-14059,0.029312
MULE-14057,0.461502
MULE-14056,0.008446
MULE-14054,0.052231
MULE-14053,0.017309
MULE-14052,0.044349
MULE-14051,0.982823
MULE-14050,0.939471
MULE-14049,0.164785
MULE-14048,0.016153
MULE-14047,0.303216
MULE-14045,0.041153
MULE-14044,0.614452
MULE-14043,0.138462
MULE-14042,0.412767
MULE-14041,0.016915
MULE-14040,0.906983
MULE-14039,0.010735
MULE-14038,0.980581
MULE-14037,0.016029
MULE-14036,0.023689
MULE-14035,0.028436
MULE-14034,0.049222
MULE-14033,0.026759
MULE-14030,0.005302
MULE-14029,0.013223
MULE-14027,0.018833
MULE-14026,0.981595
MULE-14025,0.012241
MULE-14024,0.034619
MULE-14023,0.349685
MULE-14022,0.929951
MULE-14019,0.008511
MULE-14018,0.011508
MULE-14017,0.610337
MULE-14016,0.009268
MULE-14015,0.017712
MULE-14012,0.979354
MULE-14011,0.014842
MULE-14009,0.012147
MULE-14008,0.020489
MULE-14005,0.010653
MULE-14004,0.185357
MULE-14001,0.480479
MULE-14000,0.043691
MULE-13998,0.061199
MULE-13997,0.045692
MULE-13996,0.866133
MULE-13995,0.01653
MULE-13994,0.024238
MULE-13993,0.884439
MULE-13989,0.033086
MULE-13988,0.019871
MULE-13987,0.960657
MULE-13985,0.00659
MULE-13984,0.874507
MULE-13983,0.006904
MULE-13982,0.867036
MULE-13981,0.574037
MULE-13980,0.020964
MULE-13979,0.728169
MULE-13978,0.011245
MULE-13977,0.025957
MULE-13976,0.099121
MULE-13975,0.020964
MULE-13974,0.012147
MULE-13973,0.727589
MULE-13972,0.00582
MULE-13971,0.011508
MULE-13969,0.019271
MULE-13968,0.094343
MULE-13967,0.012054
MULE-13966,0.008125
MULE-13965,0.010328
MULE-13964,0.009784
MULE-13963,0.010328
MULE-13959,0.00838
MULE-13958,0.021781
MULE-13956,0.013532
MULE-13954,0.014729
MULE-13953,0.016277
MULE-13952,0.008188
MULE-13951,0.007012
MULE-13950,0.018833
MULE-13949,0.772531
MULE-13947,0.662906
MULE-13943,0.937669
MULE-13942,0.016657
MULE-13941,0.012054
MULE-13939,0.304662
MULE-13938,0.818156
MULE-13937,0.029091
MULE-13936,0.621254
MULE-13935,0.008916
MULE-13934,0.005302
MULE-13933,0.0341
MULE-13932,0.01292
MULE-13931,0.978219
MULE-13930,0.891811
MULE-13929,0.9462
MULE-13928,0.954647
MULE-13927,0.958847
MULE-13926,0.011961
MULE-13925,0.957596
MULE-13924,0.018978
MULE-13923,0.020804
MULE-13922,0.018405
MULE-13921,0.895157
MULE-13920,0.008577
MULE-13919,0.032344
MULE-13918,0.359814
MULE-13916,0.014842
MULE-13915,0.01292
MULE-13914,0.977023
MULE-13913,0.061424
MULE-13911,0.010408
MULE-13910,0.022457
MULE-13909,0.065605
MULE-13906,0.510252
MULE-13905,0.039639
MULE-13904,0.010489
MULE-13903,0.013532
MULE-13902,0.738292
MULE-13900,0.025761
MULE-13898,0.011508
MULE-13897,0.026557
MULE-13896,0.017712
MULE-13894,0.035145
MULE-13893,0.046034
MULE-13892,0.018833
MULE-13891,0.012821
MULE-13890,0.013742
MULE-13889,0.015073
MULE-13887,0.038466
MULE-13885,0.923592
MULE-13884,0.015425
MULE-13880,0.751283
MULE-13879,0.008644
MULE-13877,0.017712
MULE-13876,0.010987
MULE-13874,0.011597
MULE-13873,0.006488
MULE-13871,0.011158
MULE-13870,0.014842
MULE-13869,0.018978
MULE-13867,0.016403
MULE-13865,0.777638
MULE-13864,0.009784
MULE-13863,0.014957
MULE-13862,0.05921
MULE-13860,0.011778
MULE-13858,0.097048
MULE-13856,0.016657
MULE-13853,0.012054
MULE-13852,0.31237
MULE-13851,0.972623
MULE-13850,0.879974
MULE-13849,0.020646
MULE-13848,0.012054
MULE-13847,0.023153
MULE-13846,0.962391
MULE-13845,0.019124
MULE-13844,0.016277
MULE-13843,0.047426
MULE-13842,0.010735
MULE-13841,0.800692
MULE-13839,0.020489
MULE-13838,0.009126
MULE-13837,0.065128
MULE-13836,0.951504
MULE-13835,0.832781
MULE-13834,0.021948
MULE-13833,0.024054
MULE-13831,0.375134
MULE-13830,0.061424
MULE-13829,0.013849
MULE-13828,0.076684
MULE-13827,0.126785
MULE-13826,0.120026
MULE-13825,0.006098
MULE-13824,0.041462
MULE-13823,0.010408
MULE-13820,0.007012
MULE-13819,0.035411
MULE-13818,0.017442
MULE-13817,0.014957
MULE-13816,0.015664
MULE-13815,0.027796
MULE-13814,0.063482
MULE-13813,0.014842
MULE-13811,0.014616
MULE-13809,0.021615
MULE-13808,0.378861
MULE-13805,0.119203
MULE-13804,0.007346
MULE-13803,0.010902
MULE-13802,0.937211
MULE-13800,0.084795
MULE-13799,0.154058
MULE-13797,0.858719
MULE-13795,0.019271
MULE-13793,0.606032
MULE-13792,0.869715
MULE-13791,0.015785
MULE-13790,0.017309
MULE-13789,0.008577
MULE-13788,0.004755
MULE-13787,0.931463
MULE-13786,0.818156
MULE-13785,0.422028
MULE-13784,0.422028
MULE-13783,0.097734
MULE-13782,0.317188
MULE-13777,0.328395
MULE-13776,0.959762
MULE-13775,0.017309
MULE-13774,0.71123
MULE-13773,0.022803
MULE-13772,0.015306
MULE-13771,0.020804
MULE-13770,0.100879
MULE-13769,0.010014
MULE-13768,0.00838
MULE-13767,0.0341
MULE-13765,0.025565
MULE-13764,0.301362
MULE-13762,0.025179
MULE-13761,0.008847
MULE-13760,0.098079
MULE-13758,0.980729
MULE-13757,0.015073
MULE-13755,0.010014
MULE-13754,0.008252
MULE-13753,0.052038
MULE-13751,0.00483
MULE-13750,0.011072
MULE-13749,0.046378
MULE-13748,0.00659
MULE-13746,0.011158
MULE-13745,0.010653
MULE-13744,0.435421
MULE-13743,0.882022
MULE-13742,0.004199
MULE-13741,0.012054
MULE-13739,0.013742
MULE-13738,0.01653
MULE-13737,0.012336
MULE-13733,0.978052
MULE-13732,0.015785
MULE-13730,0.03622
MULE-13729,0.015544
MULE-13728,0.018264
MULE-13727,0.023153
MULE-13725,0.013428
MULE-13723,0.021287
MULE-13722,0.019419
MULE-13721,0.010489
MULE-13720,0.029091
MULE-13719,0.020804
MULE-13718,0.022457
MULE-13716,0.870157
MULE-13715,0.011778
MULE-13714,0.020177
MULE-13713,0.045353
MULE-13712,0.014172
MULE-13711,0.00582
MULE-13710,0.033086
MULE-13708,0.01653
MULE-13707,0.012147
MULE-13705,0.015544
MULE-13704,0.005555
MULE-13703,0.014064
MULE-13702,0.111241
MULE-13701,0.959154
MULE-13700,0.963231
MULE-13699,0.873215
MULE-13698,0.02461
MULE-13697,0.009634
MULE-13696,0.029312
MULE-13695,0.011072
MULE-13694,0.076684
MULE-13693,0.03138
MULE-13692,0.03138
MULE-13691,0.028653
MULE-13690,0.005642
MULE-13687,0.012147
MULE-13686,0.024423
MULE-13685,0.017712
MULE-13684,0.007121
MULE-13683,0.006693
MULE-13682,0.013637
MULE-13679,0.326781
MULE-13678,0.017442
MULE-13677,0.967163
MULE-13676,0.015544
MULE-13675,0.015785
MULE-13673,0.014616
MULE-13672,0.015073
MULE-13671,0.809276
MULE-13670,0.085709
MULE-13669,0.021615
MULE-13668,0.017442
MULE-13667,0.011778
MULE-13666,0.018978
MULE-13665,0.803791
MULE-13664,0.015785
MULE-13663,0.014729
MULE-13662,0.125065
MULE-13660,0.01142
MULE-13659,0.974435
MULE-13658,0.011508
MULE-13656,0.035411
MULE-13655,0.023871
MULE-13654,0.024988
MULE-13653,0.497559
MULE-13652,0.006004
MULE-13651,0.110088
MULE-13650,0.867934
MULE-13649,0.012147
MULE-13648,0.015664
MULE-13647,0.122944
MULE-13644,0.256273
MULE-13642,0.024238
MULE-13640,0.015073
MULE-13639,0.043691
MULE-13638,0.011508
MULE-13637,0.136608
MULE-13636,0.005385
MULE-13634,0.078926
MULE-13633,0.085099
MULE-13631,0.013637
MULE-13628,0.629661
MULE-13627,0.983597
MULE-13626,0.9659
MULE-13625,0.048137
MULE-13624,0.666714
MULE-13623,0.011158
MULE-13622,0.946597
MULE-13621,0.712432
MULE-13619,0.7773
MULE-13618,0.580352
MULE-13612,0.174692
MULE-13611,0.043366
MULE-13610,0.826712
MULE-13609,0.018125
MULE-13608,0.010489
MULE-13607,0.013637
MULE-13606,0.006904
MULE-13605,0.026355
MULE-13604,0.019419
MULE-13603,0.035679
MULE-13602,0.006693
MULE-13601,0.063019
MULE-13600,0.023689
MULE-13599,0.00506
MULE-13598,0.957912
MULE-13596,0.941654
MULE-13595,0.015073
MULE-13593,0.053999
MULE-13592,0.083591
MULE-13591,0.664867
MULE-13590,0.033844
MULE-13589,0.923592
MULE-13588,0.867485
MULE-13586,0.008779
MULE-13585,0.006488
MULE-13584,0.07343
MULE-13582,0.018978
MULE-13581,0.028436
MULE-13580,0.00838
MULE-13579,0.060975
MULE-13575,0.009559
MULE-13574,0.020177
MULE-13573,0.011332
MULE-13572,0.016029
MULE-13571,0.01292
MULE-13570,0.014729
MULE-13568,0.020804
MULE-13565,0.014504
MULE-13564,0.907967
MULE-13563,0.00934
MULE-13562,0.014616
MULE-13561,0.016785
MULE-13560,0.029535
MULE-13558,0.020177
MULE-13557,0.006098
MULE-13555,0.592667
MULE-13554,0.009936
MULE-13553,0.022457
MULE-13552,0.010489
MULE-13551,0.018125
MULE-13550,0.023153
MULE-13549,0.964855
MULE-13548,0.9659
MULE-13547,0.860604
MULE-13546,0.660172
MULE-13545,0.333612
MULE-13544,0.95222
MULE-13542,0.144631
MULE-13541,0.412057
MULE-13540,0.18418
MULE-13539,0.008985
MULE-13538,0.606265
MULE-13537,0.345243
MULE-13536,0.034881
MULE-13535,0.027169
MULE-13534,0.171338
MULE-13533,0.697197
MULE-13532,0.959459
MULE-13531,0.017577
MULE-13530,0.014392
MULE-13528,0.01142
MULE-13527,0.009055
MULE-13526,0.012821
MULE-13523,0.034359
MULE-13522,0.036494
MULE-13521,0.014392
MULE-13520,0.79534
MULE-13519,0.013223
MULE-13518,0.494629
MULE-13517,0.989182
MULE-13516,0.295738
MULE-13514,0.977714
MULE-13513,0.019419
MULE-13512,0.038466
MULE-13511,0.024988
MULE-13509,0.038466
MULE-13508,0.013428
MULE-13507,0.012054
MULE-13505,0.015785
MULE-13504,0.023509
MULE-13503,0.035411
MULE-13501,0.657016
MULE-13497,0.016657
MULE-13496,0.041774
MULE-13494,0.128088
MULE-13493,0.065605
MULE-13492,0.045353
MULE-13491,0.020646
MULE-13490,0.008985
MULE-13489,0.063948
MULE-13487,0.028008
MULE-13485,0.062789
MULE-13484,0.035411
MULE-13483,0.969785
MULE-13482,0.028221
MULE-13479,0.048137
MULE-13478,0.010818
MULE-13477,0.053403
MULE-13476,0.011961
MULE-13475,0.009708
MULE-13474,0.182134
MULE-13472,0.05301
MULE-13471,0.055823
MULE-13470,0.154567
MULE-13469,0.006904
MULE-13466,0.83868
MULE-13465,0.014282
MULE-13464,0.97024
MULE-13463,0.003765
MULE-13460,0.916708
MULE-13459,0.942929
MULE-13458,0.012723
MULE-13457,0.012054
MULE-13456,0.012821
MULE-13455,0.079496
MULE-13454,0.149035
MULE-13453,0.00934
MULE-13451,0.731826
MULE-13450,0.951863
MULE-13449,0.625495
MULE-13448,0.008847
MULE-13447,0.034881
MULE-13445,0.834407
MULE-13444,0.656988
MULE-13443,0.074231
MULE-13442,0.00934
MULE-13441,0.028871
MULE-13440,0.467818
MULE-13438,0.049959
MULE-13435,0.012432
MULE-13433,0.047074
MULE-13432,0.010735
MULE-13430,0.100879
MULE-13429,0.103386
MULE-13428,0.091382
MULE-13427,0.737914
MULE-13426,0.913058
MULE-13425,0.00582
MULE-13422,0.019124
MULE-13421,0.011687
MULE-13417,0.028653
MULE-13416,0.012054
MULE-13413,0.963231
MULE-13411,0.008062
MULE-13410,0.039343
MULE-13409,0.334263
MULE-13408,0.02461
MULE-13407,0.014957
MULE-13406,0.017309
MULE-13405,0.848972
MULE-13404,0.00934
MULE-13403,0.017309
MULE-13401,0.020332
MULE-13400,0.026156
MULE-13399,0.013956
MULE-13398,0.017986
MULE-13397,0.01653
MULE-13396,0.009936
MULE-13395,0.027169
MULE-13394,0.012147
MULE-13393,0.011687
MULE-13392,0.01653
MULE-13391,0.822189
MULE-13390,0.138462
MULE-13389,0.658719
MULE-13388,0.956957
MULE-13386,0.00838
MULE-13385,0.011508
MULE-13384,0.015785
MULE-13383,0.024798
MULE-13382,0.00629
MULE-13381,0.947381
MULE-13380,0.920218
MULE-13378,0.461988
MULE-13376,0.151781
MULE-13375,0.028221
MULE-13374,0.026557
MULE-13373,0.921922
MULE-13371,0.028871
MULE-13370,0.033337
MULE-13369,0.078642
MULE-13367,0.267983
MULE-13364,0.026557
MULE-13363,0.557123
MULE-13361,0.631481
MULE-13360,0.014616
MULE-13359,0.010328
MULE-13356,0.018125
MULE-13354,0.960952
MULE-13353,0.909265
MULE-13352,0.897695
MULE-13351,0.841826
MULE-13350,0.008779
MULE-13348,0.023689
MULE-13347,0.034359
MULE-13346,0.063715
MULE-13345,0.960952
MULE-13343,0.154567
MULE-13342,0.427636
MULE-13341,0.895523
MULE-13340,0.080357
MULE-13339,0.072374
MULE-13338,0.936285
MULE-13337,0.954308
MULE-13336,0.017986
MULE-13335,0.013532
MULE-13334,0.009936
MULE-13332,0.01142
MULE-13330,0.42322
MULE-13329,0.010902
MULE-13326,0.019569
MULE-13324,0.759582
MULE-13323,0.527317
MULE-13322,0.01653
MULE-13321,0.01653
MULE-13320,0.018547
MULE-13319,0.040846
MULE-13318,0.007121
MULE-13317,0.72952
MULE-13316,0.703549
MULE-13315,0.027169
MULE-13314,0.010408
MULE-13313,0.057071
MULE-13312,0.244904
MULE-13311,0.102664
MULE-13310,0.01017
MULE-13309,0.013325
MULE-13308,0.015425
MULE-13307,0.006388
MULE-13306,0.978052
MULE-13305,0.719975
MULE-13304,0.011158
MULE-13303,0.018547
MULE-13302,0.008577
MULE-13301,0.019719
MULE-13300,0.02976
MULE-13298,0.910863
MULE-13297,0.206094
MULE-13296,0.015906
MULE-13295,0.893309
MULE-13293,0.037892
MULE-13292,0.011072
MULE-13291,0.035145
MULE-13290,0.007938
MULE-13289,0.011508
MULE-13287,0.040238
MULE-13286,0.014842
MULE-13285,0.021125
MULE-13284,0.979668
MULE-13282,0.045353
MULE-13281,0.034359
MULE-13280,0.010489
MULE-13279,0.014729
MULE-13278,0.08152
MULE-13277,0.470737
MULE-13276,0.927888
MULE-13275,0.939471
MULE-13274,0.023153
MULE-13273,0.006904
MULE-13272,0.141756
MULE-13270,0.146575
MULE-13268,0.982691
MULE-13266,0.036769
MULE-13264,0.030676
MULE-13263,0.075041
MULE-13262,0.120439
MULE-13261,0.015306
MULE-13259,0.038466
MULE-13258,0.082107
MULE-13257,0.0538
MULE-13256,0.917303
MULE-13255,0.014616
MULE-13254,0.026964
MULE-13253,0.862004
MULE-13252,0.025565
MULE-13249,0.950041
MULE-13247,0.910863
MULE-13246,0.013849
MULE-13245,0.988492
MULE-13244,0.035145
MULE-13243,0.252384
MULE-13241,0.933431
MULE-13240,0.020646
MULE-13239,0.007233
MULE-13237,0.020489
MULE-13236,0.012528
MULE-13235,0.624294
MULE-13234,0.961244
MULE-13233,0.010735
MULE-13232,0.178669
MULE-13230,0.01017
MULE-13228,0.353317
MULE-13227,0.052619
MULE-13226,0.106319
MULE-13225,0.11358
MULE-13224,0.934395
MULE-13223,0.009486
MULE-13222,0.277669
MULE-13220,0.171061
MULE-13219,0.015544
MULE-13218,0.597021
MULE-13217,0.972415
MULE-13216,0.942082
MULE-13215,0.978875
MULE-13214,0.143668
MULE-13213,0.03259
MULE-13212,0.067547
MULE-13211,0.697197
MULE-13210,0.989986
MULE-13209,0.176956
MULE-13204,0.071074
MULE-13202,0.010014
MULE-13201,0.007233
MULE-13200,0.775605
MULE-13198,0.006098
MULE-13196,0.013325
MULE-13195,0.014616
MULE-13192,0.02976
MULE-13191,0.021948
MULE-13190,0.044019
MULE-13189,0.011778
MULE-13188,0.019569
MULE-13187,0.01302
MULE-13186,0.046034
MULE-13185,0.050331
MULE-13184,0.031859
MULE-13182,0.026964
MULE-13181,0.691185
MULE-13180,0.048858
MULE-13178,0.009634
MULE-13175,0.025565
MULE-13174,0.007461
MULE-13173,0.627473
MULE-13172,0.046034
MULE-13171,0.944587
MULE-13170,0.043691
MULE-13169,0.020023
MULE-13168,0.879561
MULE-13167,0.01057
MULE-13164,0.013325
MULE-13163,0.016403
MULE-13162,0.03359
MULE-13161,0.016153
MULE-13160,0.978549
MULE-13158,0.107437
MULE-13155,0.234582
MULE-13154,0.059866
MULE-13153,0.017712
MULE-13152,0.020023
MULE-13151,0.800068
MULE-13150,0.055823
MULE-13149,0.102305
MULE-13148,0.984336
MULE-13147,0.984336
MULE-13146,0.114765
MULE-13145,0.260013
MULE-13144,0.176388
MULE-13143,0.128963
MULE-13142,0.02461
MULE-13141,0.017309
MULE-13139,0.015785
MULE-13137,0.025371
MULE-13136,0.008847
MULE-13135,0.20947
MULE-13134,0.055823
MULE-13133,0.039937
MULE-13132,0.794704
MULE-13131,0.018689
MULE-13129,0.984094
MULE-13128,0.944587
MULE-13127,0.026759
MULE-13126,0.004905
MULE-13125,0.682521
MULE-13124,0.938576
MULE-13123,0.035948
MULE-13122,0.31321
MULE-13121,0.594904
MULE-13120,0.016277
MULE-13119,0.017442
MULE-13117,0.130729
MULE-13116,0.033844
MULE-13115,0.013849
MULE-13114,0.035145
MULE-13112,0.933915
MULE-13111,0.888759
MULE-13110,0.972415
MULE-13108,0.181553
MULE-13107,0.859192
MULE-13106,0.977371
MULE-13105,0.065128
MULE-13104,0.96641
MULE-13103,0.92079
MULE-13102,0.057918
MULE-13101,0.005302
MULE-13098,0.009784
MULE-13097,0.974043
MULE-13094,0.014392
MULE-13093,0.322499
MULE-13092,0.075041
MULE-13091,0.038466
MULE-13090,0.012528
MULE-13088,0.005302
MULE-13087,0.017712
MULE-13086,0.042404
MULE-13085,0.035679
MULE-13084,0.082697
MULE-13083,0.046725
MULE-13082,0.036769
MULE-13081,0.035411
MULE-13080,0.037892
MULE-13079,0.063715
MULE-13077,0.041153
MULE-13076,0.042722
MULE-13075,0.331336
MULE-13074,0.030909
MULE-13073,0.039343
MULE-13072,0.049222
MULE-13071,0.056652
MULE-13070,0.027796
MULE-13067,0.012625
MULE-13066,0.935817
MULE-13065,0.132964
MULE-13064,0.013532
MULE-13063,0.010091
MULE-13061,0.012528
MULE-13060,0.078078
MULE-13059,0.118793
MULE-13058,0.020023
MULE-13057,0.008316
MULE-13056,0.803791
MULE-13055,0.008446
MULE-13054,0.946597
MULE-13053,0.723505
MULE-13052,0.97649
MULE-13051,0.320236
MULE-13050,0.009936
MULE-13049,0.61555
MULE-13048,0.008188
MULE-13047,0.023509
MULE-13046,0.014616
MULE-13045,0.543348
MULE-13044,0.980876
MULE-13043,0.041462
MULE-13042,0.122104
MULE-13041,0.042404
MULE-13040,0.00659
MULE-13038,0.015544
MULE-13037,0.026964
MULE-13035,0.252384
MULE-13033,0.018978
MULE-13032,0.912124
MULE-13031,0.294824
MULE-13030,0.019569
MULE-13029,0.519034
MULE-13028,0.079496
MULE-13027,0.010987
MULE-13025,0.935346
MULE-13024,0.086942
MULE-13023,0.971564
MULE-13022,0.834407
MULE-13021,0.029535
MULE-13020,0.905322
MULE-13018,0.92079
MULE-13017,0.985043
MULE-13016,0.01017
MULE-13015,0.069289
MULE-13014,0.041462
MULE-13011,0.991812
MULE-13010,0.012821
MULE-13009,0.06256
MULE-13008,0.884039
MULE-13007,0.082994
MULE-13006,0.974629
MULE-13005,0.03622
MULE-13004,0.012054
MULE-13003,0.760295
MULE-13002,0.750553
MULE-13001,0.026557
MULE-13000,0.104843
MULE-12999,0.165054
MULE-12998,0.960063
MULE-12997,0.073696
MULE-12996,0.19163
MULE-12995,0.007577
MULE-12994,0.624451
MULE-12993,0.983343
MULE-12992,0.941223
MULE-12991,0.003824
MULE-12989,0.07477
MULE-12988,0.03259
MULE-12987,0.004265
MULE-12986,0.884039
MULE-12985,0.816991
MULE-12983,0.021287
MULE-12982,0.96641
MULE-12981,0.340485
MULE-12980,0.017442
MULE-12979,0.377404
MULE-12978,0.934395
MULE-12977,0.389895
MULE-12976,0.418994
MULE-12975,0.024798
MULE-12973,0.034619
MULE-12972,0.990441
MULE-12970,0.013428
MULE-12969,0.013223
MULE-12968,0.039639
MULE-12966,0.927363
MULE-12965,0.597843
MULE-12964,0.979823
MULE-12963,0.978385
MULE-12961,0.828939
MULE-12959,0.13569
MULE-12958,0.281504
MULE-12957,0.016403
MULE-12956,0.061424
MULE-12955,0.986979
MULE-12954,0.00522
MULE-12953,0.022117
MULE-12952,0.005911
MULE-12951,0.019719
MULE-12950,0.913677
MULE-12949,0.974435
MULE-12948,0.70028
MULE-12947,0.005642
MULE-12946,0.016153
MULE-12945,0.030676
MULE-12944,0.151028
MULE-12943,0.049222
MULE-12942,0.010489
MULE-12941,0.014392
MULE-12940,0.18418
MULE-12938,0.011961
MULE-12937,0.959154
MULE-12934,0.038178
MULE-12933,0.091707
MULE-12932,0.96862
MULE-12930,0.020646
MULE-12929,0.019569
MULE-12928,0.278649
MULE-12926,0.964321
MULE-12925,0.011961
MULE-12924,0.021125
MULE-12923,0.977543
MULE-12922,0.507812
MULE-12919,0.019719
MULE-12918,0.007696
MULE-12916,0.091382
MULE-12915,0.010249
MULE-12914,0.18743
MULE-12913,0.130729
MULE-12912,0.021451
MULE-12911,0.490236
MULE-12910,0.008916
MULE-12906,0.026355
MULE-12905,0.024798
MULE-12904,0.986151
MULE-12903,0.079496
MULE-12902,0.08152
MULE-12901,0.008511
MULE-12895,0.011245
MULE-12894,0.839734
MULE-12893,0.01017
MULE-12891,0.023331
MULE-12888,0.018264
MULE-12887,0.015906
MULE-12886,0.105948
MULE-12885,0.03622
MULE-12884,0.004755
MULE-12881,0.009708
MULE-12880,0.013532
MULE-12878,0.020804
MULE-12874,0.08152
MULE-12873,0.040541
MULE-12872,0.928926
MULE-12871,0.233008
MULE-12869,0.020804
MULE-12868,0.006193
MULE-12866,0.00934
MULE-12865,0.978875
MULE-12864,0.007012
MULE-12863,0.011508
MULE-12862,0.031859
MULE-12858,0.953622
MULE-12857,0.943348
MULE-12856,0.967656
MULE-12855,0.976669
MULE-12854,0.009413
MULE-12853,0.942507
MULE-12852,0.011332
MULE-12851,0.013532
MULE-12850,0.009126
MULE-12849,0.826151
MULE-12848,0.010987
MULE-12844,0.008985
MULE-12836,0.008188
MULE-12834,0.272508
MULE-12833,0.065845
MULE-12832,0.642466
MULE-12831,0.985496
MULE-12829,0.698741
MULE-12828,0.024988
MULE-12827,0.961244
MULE-12826,0.891055
MULE-12825,0.59749
MULE-12823,0.019419
MULE-12822,0.039639
MULE-12821,0.010091
MULE-12818,0.014842
MULE-12817,0.02461
MULE-12816,0.007461
MULE-12815,0.947381
MULE-12813,0.03622
MULE-12812,0.126353
MULE-12811,0.027376
MULE-12810,0.511229
MULE-12809,0.611614
MULE-12808,0.024798
MULE-12806,0.008446
MULE-12805,0.011597
MULE-12804,0.049589
MULE-12803,0.307358
MULE-12802,0.962953
MULE-12801,0.086942
MULE-12800,0.948155
MULE-12799,0.976847
MULE-12798,0.00629
MULE-12797,0.041462
MULE-12795,0.982955
MULE-12792,0.032837
MULE-12790,0.038466
MULE-12789,0.011597
MULE-12786,0.007346
MULE-12785,0.085099
MULE-12784,0.011332
MULE-12783,0.334589
MULE-12782,0.023153
MULE-12781,0.030909
MULE-12779,0.01017
MULE-12778,0.017309
MULE-12777,0.01653
MULE-12776,0.012241
MULE-12775,0.012147
MULE-12773,0.023871
MULE-12771,0.037047
MULE-12770,0.008316
MULE-12769,0.965381
MULE-12768,0.939471
MULE-12767,0.651355
MULE-12766,0.360855
MULE-12765,0.057071
MULE-12764,0.025565
MULE-12762,0.938576
MULE-12761,0.898053
MULE-12760,0.028221
MULE-12759,0.06489
MULE-12757,0.047426
MULE-12756,0.023871
MULE-12755,0.022117
MULE-12754,0.012432
MULE-12753,0.036494
MULE-12752,0.011778
MULE-12751,0.906322
MULE-12749,0.978052
MULE-12748,0.017442
MULE-12747,0.005385
MULE-12745,0.028008
MULE-12744,0.916708
MULE-12743,0.105948
MULE-12742,0.022629
MULE-12741,0.835484
MULE-12740,0.008
MULE-12739,0.073963
MULE-12738,0.009784
MULE-12737,0.006098
MULE-12736,0.01057
MULE-12735,0.955319
MULE-12734,0.987946
MULE-12733,0.505859
MULE-12732,0.061876
MULE-12730,0.007816
MULE-12729,0.983085
MULE-12728,0.01292
MULE-12727,0.006488
MULE-12726,0.96741
MULE-12725,0.024988
MULE-12724,0.696165
MULE-12723,0.173288
MULE-12722,0.00986
MULE-12721,0.021287
MULE-12720,0.038178
MULE-12718,0.021948
MULE-12717,0.007816
MULE-12716,0.986979
MULE-12715,0.895523
MULE-12714,0.026156
MULE-12713,0.014616
MULE-12712,0.008446
MULE-12711,0.629547
MULE-12710,0.982014
MULE-12709,0.015906
MULE-12708,0.013849
MULE-12706,0.216674
MULE-12704,0.023331
MULE-12703,0.009126
MULE-12702,0.058346
MULE-12701,0.761716
MULE-12700,0.069038
MULE-12699,0.889144
MULE-12698,0.953966
MULE-12697,0.021781
MULE-12696,0.01292
MULE-12695,0.577495
MULE-12694,0.008188
MULE-12693,0.008252
MULE-12692,0.015785
MULE-12691,0.025179
MULE-12690,0.701304
MULE-12689,0.014064
MULE-12688,0.028221
MULE-12687,0.017442
MULE-12686,0.594551
MULE-12685,0.058993
MULE-12684,0.038178
MULE-12683,0.038178
MULE-12682,0.109325
MULE-12681,0.964589
MULE-12680,0.92079
MULE-12679,0.361728
MULE-12678,0.007012
MULE-12677,0.017177
MULE-12674,0.025371
MULE-12673,0.018978
MULE-12672,0.021287
MULE-12671,0.013325
MULE-12670,0.154567
MULE-12669,0.010818
MULE-12667,0.007816
MULE-12666,0.009936
MULE-12665,0.008316
MULE-12664,0.017442
MULE-12663,0.038466
MULE-12662,0.021451
MULE-12661,0.019871
MULE-12659,0.018689
MULE-12657,0.978219
MULE-12656,0.011687
MULE-12655,0.015785
MULE-12654,0.817574
MULE-12653,0.040541
MULE-12652,0.131619
MULE-12651,0.944587
MULE-12649,0.923592
MULE-12648,0.024054
MULE-12647,0.008188
MULE-12646,0.737158
MULE-12645,0.626324
MULE-12643,0.870157
MULE-12641,0.021287
MULE-12640,0.048496
MULE-12639,0.015906
MULE-12638,0.928926
MULE-12636,0.011332
MULE-12635,0.024238
MULE-12634,0.011332
MULE-12633,0.935817
MULE-12631,0.428473
MULE-12630,0.165863
MULE-12629,0.013325
MULE-12628,0.141756
MULE-12627,0.022117
MULE-12626,0.072637
MULE-12625,0.008062
MULE-12624,0.016403
MULE-12623,0.879974
MULE-12620,0.009268
MULE-12619,0.020804
MULE-12617,0.012054
MULE-12616,0.102305
MULE-12615,0.029987
MULE-12614,0.910863
MULE-12613,0.057918
MULE-12612,0.092688
MULE-12610,0.714429
MULE-12609,0.07343
MULE-12608,0.175821
MULE-12606,0.866585
MULE-12605,0.076684
MULE-12603,0.276495
MULE-12602,0.044019
MULE-12600,0.073696
MULE-12596,0.016277
MULE-12594,0.010735
MULE-12593,0.300335
MULE-12588,0.955319
MULE-12587,0.010735
MULE-12585,0.068289
MULE-12584,0.013742
MULE-12583,0.01057
MULE-12581,0.035679
MULE-12579,0.9659
MULE-12577,0.020177
MULE-12576,0.055823
MULE-12574,0.301002
MULE-12573,0.828384
MULE-12571,0.91848
MULE-12570,0.015073
MULE-12569,0.016029
MULE-12567,0.66356
MULE-12566,0.094678
MULE-12565,0.089137
MULE-12564,0.173568
MULE-12563,0.021615
MULE-12562,0.079782
MULE-12561,0.334511
MULE-12560,0.020804
MULE-12559,0.008644
MULE-12558,0.961244
MULE-12557,0.021125
MULE-12556,0.044349
MULE-12555,0.05301
MULE-12553,0.793426
MULE-12552,0.170784
MULE-12551,0.046725
MULE-12550,0.102664
MULE-12549,0.057071
MULE-12548,0.076132
MULE-12546,0.765593
MULE-12545,0.92523
MULE-12544,0.756717
MULE-12543,0.663478
MULE-12542,0.967656
MULE-12541,0.016915
MULE-12539,0.015425
MULE-12538,0.47317
MULE-12537,0.048137
MULE-12536,0.111241
MULE-12535,0.648355
MULE-12534,0.020177
MULE-12530,0.025761
MULE-12529,0.012821
MULE-12528,0.011778
MULE-12527,0.015306
MULE-12526,0.009268
MULE-12525,0.013532
MULE-12524,0.009634
MULE-12522,0.860604
MULE-12521,0.138695
MULE-12520,0.011597
MULE-12519,0.021948
MULE-12518,0.01017
MULE-12516,0.011508
MULE-12515,0.00659
MULE-12513,0.010489
MULE-12512,0.007577
MULE-12511,0.032101
MULE-12510,0.011961
MULE-12509,0.137996
MULE-12507,0.939025
MULE-12505,0.228501
MULE-12503,0.013532
MULE-12502,0.009936
MULE-12501,0.980876
MULE-12500,0.693473
MULE-12499,0.012528
MULE-12498,0.02461
MULE-12497,0.693265
MULE-12496,0.022457
MULE-12495,0.173009
MULE-12494,0.602763
MULE-12492,0.009197
MULE-12491,0.733356
MULE-12490,0.012625
MULE-12489,0.024798
MULE-12488,0.928926
MULE-12486,0.012821
MULE-12485,0.093017
MULE-12483,0.109325
MULE-12482,0.010489
MULE-12480,0.921074
MULE-12479,0.828106
MULE-12477,0.011961
MULE-12476,0.026964
MULE-12475,0.042404
MULE-12474,0.964052
MULE-12473,0.007577
MULE-12472,0.695752
MULE-12471,0.197135
MULE-12470,0.640299
MULE-12467,0.02461
MULE-12466,0.914291
MULE-12465,0.01142
MULE-12461,0.039937
MULE-12459,0.016153
MULE-12458,0.01142
MULE-12457,0.013637
MULE-12455,0.008711
MULE-12454,0.991684
MULE-12452,0.017712
MULE-12451,0.311401
MULE-12450,0.955981
MULE-12449,0.023689
MULE-12448,0.016785
MULE-12447,0.79534
MULE-12446,0.932944
MULE-12444,0.42322
MULE-12440,0.925769
MULE-12438,0.010014
MULE-12437,0.009634
MULE-12436,0.938576
MULE-12434,0.096706
MULE-12433,0.009936
MULE-12432,0.079496
MULE-12431,0.982955
MULE-12430,0.010653
MULE-12429,0.005385
MULE-12427,0.0729
MULE-12426,0.949295
MULE-12423,0.01017
MULE-12421,0.006693
MULE-12420,0.965641
MULE-12419,0.018833
MULE-12418,0.023871
MULE-12417,0.013223
MULE-12414,0.018405
MULE-12413,0.924688
MULE-12412,0.020332
MULE-12410,0.774583
MULE-12409,0.704973
MULE-12408,0.034619
MULE-12407,0.052619
MULE-12406,0.017309
MULE-12405,0.948537
MULE-12404,0.013532
MULE-12403,0.008711
MULE-12400,0.018547
MULE-12399,0.025565
MULE-12398,0.028008
MULE-12396,0.012336
MULE-12395,0.008577
MULE-12392,0.956309
MULE-12391,0.07056
MULE-12389,0.038466
MULE-12388,0.097734
MULE-12387,0.023689
MULE-12386,0.01292
MULE-12385,0.146087
MULE-12382,0.010489
MULE-12381,0.011332
MULE-12380,0.015306
MULE-12379,0.382603
MULE-12377,0.112795
MULE-12376,0.603114
MULE-12373,0.009559
MULE-12372,0.021948
MULE-12371,0.014392
MULE-12370,0.024054
MULE-12369,0.007461
MULE-12368,0.860604
MULE-12367,0.820469
MULE-12366,0.02976
MULE-12364,0.060087
MULE-12363,0.00629
MULE-12362,0.260578
MULE-12361,0.044681
MULE-12360,0.009634
MULE-12358,0.030676
MULE-12357,0.03622
MULE-12356,0.069038
MULE-12355,0.022803
MULE-12354,0.010328
MULE-12352,0.021125
MULE-12351,0.128963
MULE-12350,0.029091
MULE-12349,0.114369
MULE-12347,0.015189
MULE-12346,0.007577
MULE-12345,0.010014
MULE-12344,0.026156
MULE-12342,0.054199
MULE-12340,0.545044
MULE-12337,0.058777
MULE-12328,0.021781
MULE-12327,0.038756
MULE-12325,0.819026
MULE-12324,0.020177
MULE-12323,0.611672
MULE-12322,0.012821
MULE-12321,0.007461
MULE-12320,0.008985
MULE-12319,0.944177
MULE-12318,0.985043
MULE-12316,0.010328
MULE-12314,0.022977
MULE-12311,0.008
MULE-12310,0.52342
MULE-12309,0.047074
MULE-12308,0.013325
MULE-12307,0.012723
MULE-12305,0.006904
MULE-12304,0.009784
MULE-12302,0.556882
MULE-12301,0.991422
MULE-12300,0.987179
MULE-12299,0.987375
MULE-12295,0.924688
MULE-12294,0.050705
MULE-12292,0.008446
MULE-12291,0.024798
MULE-12290,0.009126
MULE-12289,0.015425
MULE-12287,0.961244
MULE-12284,0.009634
MULE-12283,0.00573
MULE-12282,0.01302
MULE-12281,0.010328
MULE-12280,0.948537
MULE-12279,0.031144
MULE-12278,0.957912
MULE-12277,0.015306
MULE-12276,0.012723
MULE-12275,0.023689
MULE-12274,0.021125
MULE-12273,0.323935
MULE-12272,0.011687
MULE-12271,0.96862
MULE-12270,0.021125
MULE-12269,0.049589
MULE-12268,0.03259
MULE-12267,0.014392
MULE-12266,0.026557
MULE-12265,0.844409
MULE-12264,0.138928
MULE-12261,0.013532
MULE-12260,0.311924
MULE-12255,0.974821
MULE-12254,0.971129
MULE-12253,0.04778
MULE-12252,0.017177
MULE-12248,0.0538
MULE-12246,0.007233
MULE-12245,0.955981
MULE-12244,0.00986
MULE-12243,0.307046
MULE-12242,0.126785
MULE-12241,0.757615
MULE-12240,0.012821
MULE-12239,0.025957
MULE-12238,0.017177
MULE-12237,0.018405
MULE-12236,0.024798
MULE-12234,0.080937
MULE-12233,0.967656
MULE-12232,0.979195
MULE-12231,0.375706
MULE-12230,0.009936
MULE-12229,0.971779
MULE-12226,0.244183
MULE-12225,0.019419
MULE-12224,0.030444
MULE-12223,0.015189
MULE-12222,0.033086
MULE-12221,0.010987
MULE-12220,0.830044
MULE-12219,0.010249
MULE-12218,0.945801
MULE-12217,0.894052
MULE-12216,0.874507
MULE-12215,0.170232
MULE-12213,0.006798
MULE-12212,0.987375
MULE-12211,0.904313
MULE-12210,0.023331
MULE-12208,0.012625
MULE-12207,0.947769
MULE-12206,0.010328
MULE-12205,0.026156
MULE-12204,0.00629
MULE-12203,0.010408
MULE-12202,0.101589
MULE-12201,0.010818
MULE-12200,0.359027
MULE-12198,0.011508
MULE-12196,0.035948
MULE-12195,0.954647
MULE-12194,0.034619
MULE-12193,0.009936
MULE-12192,0.035679
MULE-12191,0.047074
MULE-12190,0.01017
MULE-12189,0.033337
MULE-12188,0.30368
MULE-12187,0.237222
MULE-12185,0.033337
MULE-12184,0.069795
MULE-12183,0.009784
MULE-12182,0.017986
MULE-12181,0.898053
MULE-12180,0.971129
MULE-12179,0.923039
MULE-12178,0.046034
MULE-12177,0.348701
MULE-12175,0.463687
MULE-12174,0.407098
MULE-12173,0.455199
MULE-12172,0.162646
MULE-12171,0.14731
MULE-12170,0.964321
MULE-12169,0.096365
MULE-12168,0.989672
MULE-12167,0.97024
MULE-12166,0.045016
MULE-12165,0.010987
MULE-12164,0.006193
MULE-12163,0.011597
MULE-12161,0.013223
MULE-12159,0.028008
MULE-12158,0.024798
MULE-12157,0.024054
MULE-12155,0.015306
MULE-12154,0.009708
MULE-12153,0.011869
MULE-12152,0.034619
MULE-12150,0.90261
MULE-12148,0.009634
MULE-12147,0.976669
MULE-12145,0.694613
MULE-12143,0.01292
MULE-12142,0.0341
MULE-12141,0.03359
MULE-12140,0.964321
MULE-12138,0.120853
MULE-12137,0.930458
MULE-12136,0.101589
MULE-12134,0.92944
MULE-12133,0.008
MULE-12129,0.009634
MULE-12128,0.013428
MULE-12127,0.011508
MULE-12126,0.476092
MULE-12125,0.716417
MULE-12123,0.934395
MULE-12122,0.773559
MULE-12121,0.987375
MULE-12120,0.030444
MULE-12119,0.725843
MULE-12118,0.958538
MULE-12117,0.111241
MULE-12116,0.504394
MULE-12115,0.973241
MULE-12114,0.166675
MULE-12113,0.97539
MULE-12111,0.849971
MULE-12110,0.66061
MULE-12109,0.380989
MULE-12108,0.043366
MULE-12107,0.942082
MULE-12106,0.904987
MULE-12105,0.045016
MULE-12104,0.009559
MULE-12103,0.005642
MULE-12102,0.989511
MULE-12101,0.137532
MULE-12100,0.004538
MULE-12099,0.010987
MULE-12098,0.025957
MULE-12097,0.028871
MULE-12095,0.97539
MULE-12093,0.888372
MULE-12092,0.632843
MULE-12091,0.165054
MULE-12090,0.169131
MULE-12089,0.014616
MULE-12088,0.057071
MULE-12087,0.025371
MULE-12086,0.904651
MULE-12084,0.064183
MULE-12082,0.015664
MULE-12081,0.91181
MULE-12080,0.824462
MULE-12079,0.019124
MULE-12078,0.025371
MULE-12077,0.972623
MULE-12076,0.013956
MULE-12075,0.010735
MULE-12074,0.922482
MULE-12073,0.973844
MULE-12072,0.883236
MULE-12071,0.38445
MULE-12070,0.016277
MULE-12069,0.009784
MULE-12068,0.067793
MULE-12067,0.597373
MULE-12066,0.950411
MULE-12063,0.023153
MULE-12061,0.011687
MULE-12060,0.870597
MULE-12059,0.038756
MULE-12058,0.813164
MULE-12057,0.053403
MULE-12056,0.111241
MULE-12055,0.009559
MULE-12054,0.026964
MULE-12051,0.148294
MULE-12050,0.856812
MULE-12049,0.021615
MULE-12048,0.073963
MULE-12046,0.005385
MULE-12045,0.013325
MULE-12044,0.018689
MULE-12043,0.023871
MULE-12042,0.015544
MULE-12040,0.029535
MULE-12039,0.884039
MULE-12038,0.080647
MULE-12037,0.5564
MULE-12036,0.139396
MULE-12035,0.938124
MULE-12034,0.026156
MULE-12033,0.955981
MULE-12031,0.01302
MULE-12030,0.023331
MULE-12029,0.020804
MULE-12028,0.105211
MULE-12027,0.0538
MULE-12026,0.022803
MULE-12025,0.059428
MULE-12024,0.990587
MULE-12023,0.011961
MULE-12021,0.953275
MULE-12020,0.02976
MULE-12017,0.015425
MULE-12016,0.026156
MULE-12015,0.051845
MULE-12014,0.079782
MULE-12012,0.042088
MULE-12011,0.181844
MULE-12010,0.968381
MULE-12009,0.018405
MULE-12007,0.03259
MULE-12005,0.017986
MULE-12004,0.543833
MULE-12003,0.019419
MULE-12002,0.958847
MULE-12001,0.220175
MULE-11999,0.015785
MULE-11998,0.007816
MULE-11997,0.98983
MULE-11994,0.006488
MULE-11991,0.013325
MULE-11990,0.928409
MULE-11987,0.014392
MULE-11986,0.00506
MULE-11985,0.916409
MULE-11983,0.019271
MULE-11982,0.926835
MULE-11981,0.134321
MULE-11980,0.473657
MULE-11979,0.973844
MULE-11978,0.015785
MULE-11976,0.008779
MULE-11975,0.678753
MULE-11973,0.009486
MULE-11972,0.023331
MULE-11971,0.038178
MULE-11970,0.051463
MULE-11966,0.017309
MULE-11964,0.972415
MULE-11963,0.089455
MULE-11962,0.069038
MULE-11961,0.913984
MULE-11960,0.279632
MULE-11958,0.006388
MULE-11957,0.626638
MULE-11956,0.980729
MULE-11955,0.953622
MULE-11954,0.738292
MULE-11953,0.981875
MULE-11952,0.959459
MULE-11951,0.781997
MULE-11949,0.007012
MULE-11948,0.007346
MULE-11947,0.011332
MULE-11946,0.011072
MULE-11945,0.023689
MULE-11944,0.005302
MULE-11943,0.941223
MULE-11942,0.015664
MULE-11941,0.96862
MULE-11940,0.026759
MULE-11939,0.013742
MULE-11938,0.020646
MULE-11937,0.009197
MULE-11936,0.009784
MULE-11935,0.965381
MULE-11934,0.023509
MULE-11933,0.021451
MULE-11932,0.016785
MULE-11931,0.02461
MULE-11929,0.020177
MULE-11928,0.969324
MULE-11927,0.023689
MULE-11926,0.399343
MULE-11925,0.959154
MULE-11924,0.03138
MULE-11920,0.009708
MULE-11919,0.010408
MULE-11917,0.005302
MULE-11916,0.011778
MULE-11915,0.028008
MULE-11914,0.012336
MULE-11913,0.946597
MULE-11912,0.885631
MULE-11911,0.014392
MULE-11910,0.966156
MULE-11909,0.221014
MULE-11906,0.023509
MULE-11904,0.310067
MULE-11903,0.037609
MULE-11902,0.114765
MULE-11901,0.722135
MULE-11900,0.323727
MULE-11898,0.986363
MULE-11897,0.012723
MULE-11896,0.007233
MULE-11895,0.513668
MULE-11894,0.006693
MULE-11892,0.015785
MULE-11891,0.008511
MULE-11890,0.016915
MULE-11888,0.011072
MULE-11887,0.930458
MULE-11886,0.740925
MULE-11885,0.09236
MULE-11884,0.94079
MULE-11883,0.955651
MULE-11882,0.986151
MULE-11881,0.954647
MULE-11880,0.987946
MULE-11879,0.007461
MULE-11878,0.933431
MULE-11877,0.008188
MULE-11876,0.904313
MULE-11874,0.928409
MULE-11872,0.013637
MULE-11871,0.046725
MULE-11870,0.92944
MULE-11869,0.041774
MULE-11868,0.030215
MULE-11867,0.16238
MULE-11866,0.085404
MULE-11865,0.007816
MULE-11863,0.013849
MULE-11862,0.014616
MULE-11861,0.801936
MULE-11858,0.128963
MULE-11857,0.018264
MULE-11856,0.00573
MULE-11855,0.020023
MULE-11854,0.964589
MULE-11852,0.055005
MULE-11851,0.046034
MULE-11850,0.008577
MULE-11849,0.962391
MULE-11848,0.012241
MULE-11847,0.128088
MULE-11846,0.013121
MULE-11844,0.046378
MULE-11843,0.007233
MULE-11842,0.059866
MULE-11841,0.956634
MULE-11840,0.018125
MULE-11839,0.813461
MULE-11838,0.20947
MULE-11837,0.852935
MULE-11836,0.636021
MULE-11835,0.683102
MULE-11834,0.01142
MULE-11833,0.794704
MULE-11832,0.063482
MULE-11831,0.083591
MULE-11830,0.085404
MULE-11829,0.015189
MULE-11828,0.016029
MULE-11827,0.351304
MULE-11826,0.016915
MULE-11825,0.022977
MULE-11824,0.012241
MULE-11821,0.052619
MULE-11820,0.943764
MULE-11819,0.042722
MULE-11817,0.258888
MULE-11816,0.243283
MULE-11815,0.105211
MULE-11814,0.975202
MULE-11812,0.010328
MULE-11811,0.314471
MULE-11810,0.979511
MULE-11808,0.982423
MULE-11807,0.986979
MULE-11806,0.870157
MULE-11805,0.819893
MULE-11804,0.98347
MULE-11803,0.625667
MULE-11802,0.973443
MULE-11801,0.987946
MULE-11800,0.978875
MULE-11799,0.963231
MULE-11798,0.093678
MULE-11797,0.887205
MULE-11796,0.865224
MULE-11795,0.029091
MULE-11794,0.057493
MULE-11793,0.96862
MULE-11792,0.991554
MULE-11791,0.989347
MULE-11790,0.909907
MULE-11789,0.966663
MULE-11788,0.638244
MULE-11787,0.990874
MULE-11786,0.979511
MULE-11785,0.991153
MULE-11784,0.09947
MULE-11783,0.014504
MULE-11782,0.009708
MULE-11781,0.031619
MULE-11780,0.828939
MULE-11779,0.09236
MULE-11778,0.988842
MULE-11777,0.801625
MULE-11776,0.917303
MULE-11775,0.118793
MULE-11774,0.032101
MULE-11773,0.980431
MULE-11772,0.425128
MULE-11770,0.125923
MULE-11769,0.080647
MULE-11768,0.03622
MULE-11767,0.990292
MULE-11766,0.028008
MULE-11765,0.010014
MULE-11763,0.010489
MULE-11762,0.012528
MULE-11761,0.959154
MULE-11760,0.948917
MULE-11758,0.378344
MULE-11756,0.89841
MULE-11755,0.028871
MULE-11754,0.043043
MULE-11753,0.045353
MULE-11752,0.007012
MULE-11751,0.922482
MULE-11750,0.04778
MULE-11749,0.06804
MULE-11748,0.341528
MULE-11747,0.036494
MULE-11746,0.060752
MULE-11744,0.961534
MULE-11743,0.863392
MULE-11742,0.071332
MULE-11741,0.977543
MULE-11740,0.960361
MULE-11739,0.896614
MULE-11738,0.978713
MULE-11737,0.97539
MULE-11736,0.03359
MULE-11735,0.044681
MULE-11733,0.262558
MULE-11732,0.018547
MULE-11731,0.224906
MULE-11730,0.029987
MULE-11729,0.035145
MULE-11728,0.013532
MULE-11727,0.029091
MULE-11726,0.974435
MULE-11725,0.030909
MULE-11724,0.021287
MULE-11723,0.855851
MULE-11722,0.010987
MULE-11721,0.015306
MULE-11720,0.015664
MULE-11719,0.016915
MULE-11718,0.979511
MULE-11717,0.060308
MULE-11716,0.030215
MULE-11715,0.186243
MULE-11714,0.02461
MULE-11712,0.91118
MULE-11711,0.023689
MULE-11710,0.019271
MULE-11709,0.025179
MULE-11708,0.018978
MULE-11707,0.015073
MULE-11706,0.970909
MULE-11705,0.420362
MULE-11703,0.051083
MULE-11702,0.038756
MULE-11701,0.007012
MULE-11700,0.012723
MULE-11699,0.03359
MULE-11698,0.133415
MULE-11697,0.06489
MULE-11696,0.008125
MULE-11695,0.98347
MULE-11694,0.986363
MULE-11693,0.049222
MULE-11690,0.016029
MULE-11689,0.017045
MULE-11688,0.019124
MULE-11687,0.066327
MULE-11686,0.601594
MULE-11685,0.957278
MULE-11684,0.024988
MULE-11683,0.787278
MULE-11682,0.066812
MULE-11681,0.988313
MULE-11680,0.987375
MULE-11674,0.117167
MULE-11672,0.989347
MULE-11671,0.982423
MULE-11670,0.754553
MULE-11669,0.687
MULE-11668,0.063251
MULE-11667,0.969324
MULE-11666,0.017309
MULE-11665,0.035411
MULE-11664,0.395601
MULE-11663,0.978875
MULE-11662,0.010014
MULE-11659,0.971129
MULE-11658,0.972415
MULE-11657,0.980431
MULE-11655,0.947381
MULE-11654,0.560974
MULE-11653,0.754553
MULE-11652,0.959154
MULE-11651,0.014282
MULE-11650,0.516595
MULE-11649,0.981311
MULE-11648,0.793426
MULE-11647,0.340266
MULE-11646,0.580114
MULE-11645,0.932944
MULE-11644,0.843895
MULE-11643,0.040541
MULE-11642,0.017849
MULE-11641,0.006904
MULE-11640,0.011508
MULE-11639,0.356447
MULE-11638,0.975202
MULE-11637,0.696991
MULE-11636,0.927888
MULE-11635,0.008847
MULE-11634,0.012147
MULE-11633,0.432063
MULE-11632,0.926835
MULE-11631,0.828939
MULE-11630,0.917006
MULE-11629,0.391173
MULE-11628,0.925769
MULE-11627,0.051463
MULE-11626,0.571288
MULE-11625,0.158174
MULE-11624,0.919063
MULE-11623,0.943764
MULE-11621,0.648021
MULE-11620,0.023509
MULE-11619,0.008847
MULE-11618,0.286469
MULE-11617,0.081228
MULE-11615,0.576304
MULE-11614,0.071074
MULE-11612,0.013532
MULE-11611,0.019719
MULE-11610,0.953622
MULE-11609,0.468791
MULE-11608,0.053403
MULE-11607,0.520009
MULE-11606,0.540924
MULE-11605,0.019569
MULE-11604,0.017309
MULE-11603,0.050331
MULE-11602,0.047074
MULE-11601,0.689933
MULE-11599,0.923039
MULE-11598,0.006693
MULE-11597,0.90764
MULE-11596,0.050331
MULE-11594,0.828384
MULE-11593,0.750918
MULE-11592,0.990732
MULE-11591,0.937669
MULE-11590,0.015189
MULE-11589,0.916708
MULE-11588,0.919643
MULE-11587,0.013956
MULE-11586,0.00934
MULE-11585,0.833325
MULE-11584,0.085709
MULE-11583,0.063019
MULE-11582,0.080357
MULE-11581,0.284775
MULE-11580,0.924688
MULE-11579,0.261142
MULE-11576,0.979195
MULE-11575,0.986151
MULE-11574,0.017442
MULE-11573,0.220342
MULE-11572,0.035948
MULE-11570,0.024988
MULE-11568,0.159741
MULE-11567,0.169406
MULE-11566,0.204025
MULE-11565,0.008577
MULE-11564,0.651715
MULE-11563,0.942929
MULE-11561,0.544317
MULE-11560,0.990587
MULE-11559,0.988313
MULE-11558,0.927888
MULE-11557,0.046034
MULE-11556,0.026355
MULE-11555,0.969785
MULE-11554,0.976129
MULE-11553,0.973844
MULE-11552,0.015425
MULE-11551,0.951504
MULE-11549,0.01653
MULE-11548,0.151028
MULE-11547,0.034619
MULE-11546,0.008711
MULE-11545,0.744285
MULE-11544,0.01292
MULE-11543,0.855851
MULE-11542,0.985936
MULE-11541,0.982014
MULE-11540,0.988131
MULE-11539,0.008847
MULE-11538,0.098425
MULE-11537,0.025957
MULE-11536,0.765593
MULE-11535,0.005302
MULE-11534,0.008188
MULE-11533,0.336277
MULE-11531,0.823328
MULE-11530,0.007233
MULE-11529,0.951863
MULE-11528,0.556882
MULE-11527,0.104843
MULE-11526,0.014729
MULE-11525,0.393269
MULE-11524,0.820469
MULE-11523,0.982423
MULE-11522,0.860604
MULE-11521,0.888372
MULE-11520,0.993512
MULE-11519,0.083591
MULE-11518,0.054199
MULE-11516,0.030444
MULE-11515,0.982423
MULE-11514,0.981311
MULE-11513,0.700485
MULE-11512,0.020489
MULE-11511,0.023509
MULE-11510,0.00461
MULE-11509,0.738292
MULE-11507,0.94699
MULE-11506,0.086323
MULE-11505,0.787931
MULE-11504,0.008446
MULE-11503,0.048137
MULE-11502,0.110471
MULE-11501,0.643049
MULE-11500,0.754192
MULE-11499,0.020646
MULE-11498,0.022629
MULE-11497,0.00934
MULE-11496,0.869715
MULE-11495,0.052619
MULE-11494,0.979511
MULE-11493,0.821617
MULE-11492,0.01653
MULE-11491,0.022117
MULE-11490,0.182134
MULE-11489,0.257205
MULE-11488,0.008511
MULE-11487,0.429429
MULE-11486,0.012336
MULE-11485,0.983214
MULE-11484,0.009634
MULE-11483,0.975012
MULE-11482,0.919643
MULE-11481,0.984811
MULE-11480,0.008985
MULE-11479,0.009634
MULE-11478,0.080647
MULE-11477,0.866133
MULE-11476,0.179531
MULE-11475,0.973443
MULE-11473,0.972204
MULE-11472,0.926304
MULE-11471,0.93196
MULE-11470,0.04778
MULE-11469,0.192843
MULE-11468,0.964321
MULE-11467,0.848471
MULE-11466,0.039639
MULE-11465,0.242206
MULE-11464,0.957278
MULE-11463,0.910545
MULE-11462,0.052231
MULE-11461,0.080647
MULE-11460,0.92079
MULE-11459,0.919063
MULE-11458,0.936749
MULE-11457,0.866585
MULE-11456,0.92523
MULE-11455,0.079782
MULE-11453,0.040541
MULE-11452,0.68679
MULE-11451,0.035145
MULE-11450,0.165054
MULE-11449,0.061199
MULE-11448,0.03138
MULE-11447,0.965641
MULE-11446,0.944177
MULE-11444,0.749087
MULE-11443,0.761361
MULE-11442,0.017442
MULE-11441,0.051845
MULE-11440,0.909586
MULE-11439,0.017309
MULE-11438,0.946597
MULE-11437,0.100879
MULE-11435,0.828384
MULE-11434,0.867036
MULE-11433,0.013637
MULE-11432,0.030909
MULE-11431,0.619356
MULE-11429,0.199464
MULE-11428,0.011687
MULE-11426,0.185062
MULE-11424,0.97024
MULE-11423,0.201813
MULE-11422,0.895888
MULE-11421,0.937669
MULE-11420,0.017045
MULE-11419,0.01292
MULE-11418,0.973645
MULE-11417,0.020489
MULE-11416,0.964052
MULE-11414,0.814053
MULE-11413,0.183887
MULE-11412,0.141045
MULE-11411,0.009268
MULE-11410,0.121269
MULE-11409,0.158956
MULE-11408,0.858719
MULE-11407,0.012336
MULE-11406,0.076961
MULE-11405,0.013742
MULE-11404,0.797872
MULE-11403,0.724675
MULE-11402,0.944995
MULE-11401,0.742048
MULE-11400,0.592902
MULE-11399,0.856332
MULE-11398,0.926304
MULE-11397,0.906653
MULE-11396,0.949295
MULE-11395,0.961534
MULE-11394,0.857291
MULE-11393,0.938124
MULE-11392,0.953622
MULE-11391,0.901921
MULE-11390,0.913368
MULE-11389,0.010987
MULE-11388,0.90053
MULE-11387,0.69233
MULE-11386,0.060529
MULE-11385,0.910227
MULE-11383,0.71413
MULE-11382,0.007577
MULE-11380,0.011508
MULE-11379,0.099121
MULE-11378,0.883638
MULE-11377,0.976847
MULE-11376,0.966914
MULE-11375,0.879561
MULE-11374,0.660597
MULE-11373,0.983971
MULE-11372,0.780997
MULE-11371,0.693888
MULE-11370,0.304895
MULE-11369,0.019569
MULE-11368,0.966156
MULE-11367,0.978713
MULE-11366,0.025371
MULE-11365,0.017045
MULE-11364,0.690768
MULE-11363,0.439266
MULE-11362,0.078926
MULE-11361,0.030676
MULE-11360,0.014392
MULE-11359,0.924142
MULE-11358,0.006098
MULE-11357,0.807461
MULE-11356,0.065845
MULE-11355,0.33391
MULE-11352,0.429429
MULE-11351,0.984575
MULE-11350,0.015306
MULE-11349,0.869271
MULE-11348,0.973844
MULE-11347,0.470737
MULE-11346,0.769773
MULE-11345,0.659734
MULE-11344,0.069542
MULE-11343,0.732018
MULE-11342,0.426322
MULE-11341,0.527073
MULE-11340,0.985271
MULE-11339,0.370681
MULE-11338,0.970688
MULE-11337,0.008711
MULE-11336,0.166404
MULE-11335,0.889912
MULE-11334,0.968381
MULE-11332,0.044019
MULE-11330,0.034359
MULE-11329,0.773216
MULE-11327,0.020964
MULE-11326,0.093678
MULE-11325,0.186836
MULE-11324,0.016153
MULE-11323,0.021615
MULE-11322,0.027796
MULE-11321,0.984811
MULE-11320,0.032344
MULE-11319,0.045016
MULE-11318,0.135232
MULE-11317,0.465145
MULE-11316,0.76207
MULE-11315,0.013428
MULE-11314,0.007233
MULE-11313,0.007461
MULE-11312,0.009197
MULE-11311,0.012821
MULE-11310,0.57678
MULE-11309,0.984811
MULE-11308,0.631026
MULE-11307,0.982151
MULE-11305,0.978052
MULE-11304,0.0341
MULE-11303,0.198375
MULE-11302,0.024423
MULE-11301,0.018125
MULE-11300,0.009486
MULE-11298,0.01653
MULE-11297,0.042722
MULE-11296,0.202759
MULE-11295,0.848471
MULE-11294,0.857768
MULE-11293,0.014957
MULE-11292,0.028008
MULE-11291,0.984694
MULE-11290,0.798815
MULE-11289,0.425844
MULE-11288,0.628065
MULE-11287,0.884439
MULE-11286,0.014957
MULE-11285,0.011508
MULE-11284,0.962108
MULE-11283,0.969556
MULE-11282,0.008985
MULE-11281,0.026964
MULE-11280,0.64713
MULE-11279,0.062103
MULE-11278,0.049222
MULE-11277,0.877477
MULE-11276,0.015785
MULE-11275,0.020177
MULE-11274,0.022117
MULE-11273,0.021615
MULE-11272,0.959459
MULE-11271,0.016657
MULE-11270,0.57678
MULE-11269,0.803791
MULE-11268,0.018125
MULE-11267,0.249996
MULE-11266,0.010818
MULE-11265,0.042088
MULE-11264,0.852935
MULE-11263,0.690768
MULE-11262,0.079496
MULE-11261,0.037892
MULE-11260,0.021948
MULE-11259,0.719581
MULE-11258,0.061876
MULE-11257,0.766992
MULE-11256,0.549157
MULE-11255,0.938124
MULE-11254,0.033337
MULE-11253,0.826712
MULE-11252,0.973443
MULE-11251,0.840783
MULE-11249,0.138695
MULE-11248,0.115561
MULE-11247,0.088505
MULE-11246,0.035948
MULE-11245,0.040238
MULE-11244,0.789558
MULE-11243,0.695855
MULE-11242,0.025565
MULE-11241,0.417509
MULE-11240,0.009486
MULE-11238,0.850469
MULE-11237,0.978219
MULE-11236,0.418459
MULE-11235,0.021615
MULE-11234,0.848972
MULE-11233,0.073963
MULE-11232,0.83762
MULE-11231,0.93196
MULE-11230,0.009634
MULE-11229,0.024988
MULE-11228,0.931463
MULE-11227,0.960657
MULE-11226,0.92079
MULE-11225,0.981736
MULE-11224,0.592077
MULE-11222,0.149035
MULE-11221,0.215846
MULE-11220,0.984575
MULE-11216,0.010902
MULE-11215,0.014064
MULE-11214,0.132964
MULE-11213,0.605595
MULE-11212,0.011687
MULE-11211,0.011869
MULE-11210,0.008985
MULE-11209,0.008985
MULE-11208,0.010328
MULE-11207,0.022977
MULE-11206,0.028436
MULE-11202,0.005642
MULE-11197,0.015073
MULE-11196,0.010653
MULE-11193,0.013325
MULE-11192,0.961822
MULE-11191,0.018125
MULE-11190,0.012432
MULE-11189,0.012054
MULE-11188,0.009708
MULE-11187,0.010735
MULE-11186,0.025761
MULE-11185,0.007816
MULE-11184,0.016029
MULE-11183,0.151529
MULE-11182,0.956957
MULE-11181,0.989182
MULE-11180,0.952926
MULE-11179,0.058993
MULE-11175,0.949669
MULE-11173,0.986979
MULE-11172,0.459076
MULE-11171,0.023331
MULE-11170,0.980876
MULE-11169,0.987759
MULE-11167,0.765243
MULE-11166,0.082994
MULE-11163,0.989347
MULE-11161,0.725065
MULE-11160,0.03259
MULE-11159,0.015664
MULE-11158,0.020804
MULE-11153,0.014392
MULE-11151,0.117978
MULE-11150,0.018689
MULE-11149,0.983723
MULE-11148,0.017712
MULE-11147,0.014172
MULE-11146,0.614625
MULE-11144,0.010653
MULE-11143,0.019124
MULE-11142,0.011961
MULE-11141,0.056236
MULE-11140,0.319294
MULE-11139,0.026759
MULE-11136,0.046034
MULE-11135,0.010408
MULE-11134,0.981022
MULE-11133,0.028653
MULE-11131,0.912436
MULE-11130,0.011158
MULE-11129,0.115561
MULE-11128,0.00934
MULE-11127,0.011158
MULE-11125,0.022803
MULE-11124,0.015189
MULE-11122,0.027376
MULE-11121,0.224055
MULE-11120,0.957912
MULE-11119,0.974435
MULE-11118,0.010818
MULE-11117,0.889529
MULE-11116,0.874507
MULE-11115,0.08152
MULE-11114,0.041774
MULE-11113,0.981311
MULE-11112,0.713032
MULE-11111,0.795658
MULE-11110,0.026355
MULE-11108,0.014616
MULE-11107,0.012723
MULE-11106,0.287168
MULE-11105,0.96641
MULE-11104,0.646962
MULE-11103,0.015664
MULE-11102,0.943348
MULE-11101,0.944587
MULE-11100,0.971129
MULE-11099,0.231788
MULE-11098,0.955319
MULE-11097,0.012821
MULE-11096,0.726231
MULE-11095,0.070816
MULE-11094,0.231614
MULE-11093,0.896976
MULE-11092,0.230746
MULE-11091,0.073963
MULE-11089,0.013121
MULE-11087,0.897695
MULE-11086,0.907967
MULE-11085,0.020489
MULE-11084,0.015785
MULE-11083,0.88642
MULE-11082,0.990292
MULE-11081,0.897336
MULE-11079,0.017442
MULE-11078,0.052619
MULE-11076,0.928926
MULE-11075,0.03622
MULE-11074,0.016153
MULE-11073,0.016029
MULE-11072,0.494629
MULE-11071,0.987375
MULE-11070,0.122104
MULE-11069,0.972623
MULE-11066,0.142948
MULE-11065,0.165593
MULE-11064,0.971129
MULE-11063,0.934395
MULE-11062,0.919063
MULE-11061,0.011245
MULE-11060,0.909265
MULE-11059,0.017177
MULE-11058,0.985043
MULE-11057,0.032344
MULE-11056,0.017986
MULE-11054,0.012528
MULE-11053,0.992539
MULE-11052,0.923039
MULE-11051,0.009784
MULE-11049,0.058993
MULE-11047,0.867485
MULE-11042,0.011245
MULE-11041,0.027169
MULE-11039,0.191026
MULE-11037,0.013956
MULE-11036,0.846451
MULE-11035,0.165323
MULE-11034,0.634147
MULE-11033,0.007461
MULE-11032,0.429669
MULE-11031,0.013637
MULE-11030,0.065845
MULE-11029,0.01302
MULE-11028,0.020804
MULE-11027,0.359477
MULE-11026,0.019419
MULE-11025,0.011332
MULE-11024,0.921358
MULE-11023,0.989013
MULE-11022,0.025179
MULE-11021,0.153042
MULE-11020,0.748352
MULE-11019,0.023331
MULE-11018,0.907312
MULE-11016,0.006904
MULE-11015,0.977197
MULE-11014,0.979195
MULE-11013,0.991015
MULE-11010,0.139396
MULE-11009,0.973241
MULE-11007,0.985496
MULE-11002,0.016403
MULE-11001,0.948917
MULE-10999,0.03259
MULE-10996,0.008188
MULE-10995,0.014172
MULE-10992,0.560012
MULE-10991,0.202128
MULE-10990,0.015785
MULE-10989,0.015189
MULE-10987,0.011072
MULE-10986,0.053403
MULE-10985,0.016277
MULE-10982,0.939913
MULE-10981,0.012723
MULE-10980,0.021781
MULE-10979,0.314787
MULE-10978,0.014616
MULE-10977,0.015544
MULE-10976,0.015785
MULE-10975,0.031144
MULE-10974,0.013532
MULE-10973,0.166675
MULE-10972,0.00986
MULE-10971,0.861072
MULE-10970,0.359589
MULE-10969,0.305283
MULE-10968,0.012241
MULE-10967,0.012147
MULE-10966,0.161056
MULE-10964,0.909586
MULE-10963,0.908293
MULE-10962,0.048137
MULE-10961,0.257952
MULE-10960,0.554953
MULE-10959,0.973241
MULE-10958,0.301156
MULE-10957,0.00582
MULE-10955,0.012528
MULE-10953,0.950411
MULE-10952,0.02461
MULE-10951,0.017045
MULE-10949,0.942082
MULE-10947,0.069542
MULE-10946,0.024054
MULE-10945,0.340595
MULE-10944,0.02461
MULE-10943,0.007577
MULE-10942,0.136608
MULE-10941,0.881207
MULE-10940,0.087564
MULE-10939,0.499512
MULE-10938,0.904651
MULE-10937,0.989511
MULE-10936,0.923039
MULE-10935,0.863392
MULE-10934,0.580828
MULE-10933,0.980581
MULE-10932,0.960063
MULE-10931,0.973645
MULE-10930,0.991554
MULE-10929,0.907967
MULE-10928,0.162115
MULE-10927,0.119203
MULE-10926,0.936749
MULE-10925,0.969556
MULE-10924,0.015906
MULE-10923,0.157655
MULE-10922,0.007012
MULE-10921,0.008125
MULE-10920,0.432543
MULE-10919,0.028653
MULE-10918,0.008062
MULE-10917,0.007577
MULE-10916,0.339855
MULE-10914,0.684264
MULE-10911,0.013325
MULE-10910,0.034881
MULE-10908,0.011332
MULE-10907,0.019419
MULE-10906,0.069795
MULE-10905,0.892563
MULE-10904,0.957912
MULE-10902,0.035145
MULE-10901,0.025179
MULE-10900,0.01292
MULE-10899,0.936285
MULE-10896,0.383295
MULE-10895,0.302417
MULE-10894,0.013637
MULE-10893,0.019271
MULE-10892,0.92079
MULE-10891,0.959762
MULE-10889,0.984575
MULE-10888,0.974043
MULE-10887,0.985271
MULE-10886,0.011778
MULE-10885,0.31563
MULE-10882,0.018125
MULE-10881,0.011072
MULE-10879,0.026156
MULE-10878,0.011869
MULE-10877,0.707304
MULE-10876,0.970465
MULE-10875,0.978219
MULE-10874,0.981875
MULE-10873,0.970465
MULE-10872,0.9659
MULE-10871,0.980729
MULE-10870,0.009936
MULE-10869,0.228156
MULE-10868,0.953966
MULE-10867,0.006693
MULE-10866,0.967656
MULE-10865,0.052619
MULE-10863,0.02976
MULE-10862,0.080647
MULE-10861,0.948155
MULE-10860,0.378344
MULE-10859,0.033844
MULE-10857,0.033844
MULE-10856,0.893309
MULE-10855,0.442877
MULE-10853,0.012241
MULE-10852,0.893309
MULE-10851,0.993996
MULE-10850,0.974043
MULE-10849,0.969785
MULE-10848,0.653956
MULE-10847,0.970909
MULE-10845,0.972415
MULE-10844,0.91118
MULE-10843,0.914291
MULE-10842,0.962108
MULE-10841,0.982423
MULE-10840,0.016785
MULE-10839,0.015189
MULE-10838,0.949295
MULE-10837,0.971992
MULE-10836,0.988131
MULE-10835,0.94699
MULE-10834,0.988131
MULE-10833,0.745954
MULE-10832,0.019569
MULE-10830,0.69368
MULE-10829,0.33008
MULE-10828,0.895157
MULE-10827,0.013637
MULE-10826,0.030676
MULE-10825,0.405684
MULE-10824,0.017442
MULE-10823,0.988668
MULE-10822,0.988842
MULE-10821,0.952926
MULE-10820,0.017849
MULE-10819,0.067547
MULE-10818,0.971779
MULE-10817,0.009634
MULE-10816,0.045353
MULE-10815,0.114765
MULE-10814,0.952574
MULE-10812,0.017045
MULE-10811,0.917893
MULE-10810,0.149035
MULE-10809,0.950041
MULE-10808,0.990732
MULE-10807,0.05921
MULE-10806,0.917303
MULE-10804,0.991422
MULE-10803,0.020489
MULE-10802,0.900179
MULE-10801,0.781664
MULE-10799,0.015664
MULE-10796,0.289573
MULE-10795,0.098425
MULE-10793,0.980281
MULE-10792,0.014842
MULE-10791,0.911495
MULE-10790,0.049589
MULE-10789,0.027585
MULE-10788,0.03622
MULE-10787,0.012821
MULE-10786,0.020177
MULE-10785,0.987568
MULE-10784,0.94079
MULE-10783,0.987375
MULE-10782,0.822759
MULE-10781,0.478041
MULE-10780,0.502441
MULE-10779,0.960361
MULE-10778,0.923592
MULE-10777,0.078926
MULE-10776,0.075585
MULE-10775,0.102664
MULE-10774,0.030909
MULE-10773,0.027796
MULE-10772,0.011869
MULE-10771,0.083292
MULE-10770,0.008916
MULE-10767,0.862468
MULE-10766,0.987759
MULE-10765,0.079496
MULE-10764,0.045016
MULE-10763,0.132066
MULE-10762,0.954647
MULE-10761,0.983971
MULE-10760,0.98347
MULE-10759,0.419648
MULE-10758,0.906983
MULE-10757,0.930458
MULE-10756,0.949669
MULE-10755,0.015189
MULE-10754,0.018689
MULE-10753,0.041153
MULE-10752,0.016403
MULE-10751,0.043691
MULE-10750,0.065845
MULE-10749,0.145844
MULE-10748,0.961822
MULE-10747,0.930458
MULE-10746,0.128088
MULE-10745,0.011778
MULE-10744,0.976129
MULE-10743,0.013849
MULE-10742,0.530723
MULE-10741,0.947769
MULE-10740,0.963506
MULE-10739,0.888372
MULE-10737,0.016657
MULE-10735,0.982557
MULE-10733,0.015785
MULE-10731,0.020646
MULE-10730,0.535098
MULE-10729,0.030676
MULE-10727,0.038178
MULE-10723,0.014729
MULE-10722,0.013956
MULE-10721,0.009413
MULE-10720,0.012821
MULE-10719,0.010902
MULE-10718,0.106691
MULE-10717,0.010091
MULE-10715,0.694924
MULE-10713,0.077797
MULE-10712,0.074231
MULE-10711,0.089773
MULE-10710,0.482429
MULE-10709,0.984811
MULE-10708,0.900179
MULE-10707,0.91848
MULE-10705,0.917303
MULE-10704,0.048137
MULE-10703,0.518059
MULE-10700,0.012054
MULE-10696,0.967163
MULE-10695,0.012528
MULE-10693,0.913677
MULE-10692,0.091058
MULE-10690,0.007346
MULE-10689,0.882022
MULE-10688,0.478041
MULE-10687,0.941654
MULE-10686,0.016915
MULE-10685,0.035679
MULE-10683,0.987946
MULE-10682,0.049589
MULE-10681,0.157655
MULE-10679,0.877056
MULE-10678,0.802865
MULE-10677,0.013428
MULE-10676,0.991015
MULE-10675,0.009634
MULE-10668,0.145115
MULE-10664,0.010987
MULE-10663,0.643805
MULE-10662,0.037327
MULE-10661,0.28733
MULE-10659,0.221856
MULE-10657,0.096365
MULE-10656,0.050331
MULE-10655,0.982691
MULE-10654,0.021125
MULE-10652,0.968381
MULE-10651,0.844922
MULE-10649,0.011778
MULE-10646,0.975012
MULE-10644,0.136148
MULE-10643,0.192843
MULE-10642,0.007121
MULE-10641,0.798501
MULE-10640,0.045692
MULE-10639,0.075585
MULE-10637,0.832781
MULE-10635,0.198064
MULE-10634,0.924688
MULE-10633,0.922482
MULE-10631,0.695338
MULE-10629,0.671686
MULE-10628,0.21984
MULE-10625,0.014957
MULE-10622,0.010489
MULE-10620,0.012821
MULE-10619,0.022629
MULE-10617,0.981022
MULE-10615,0.651501
MULE-10614,0.974435
MULE-10612,0.023871
MULE-10610,0.028653
MULE-10609,0.986151
MULE-10608,0.071332
MULE-10607,0.627609
MULE-10606,0.979354
MULE-10605,0.049589
MULE-10604,0.051083
MULE-10603,0.899828
MULE-10602,0.037609
MULE-10601,0.034359
MULE-10600,0.038756
MULE-10599,0.013849
MULE-10598,0.009559
MULE-10597,0.936749
MULE-10596,0.033844
MULE-10595,0.016657
MULE-10594,0.013532
MULE-10593,0.009559
MULE-10592,0.372505
MULE-10591,0.977197
MULE-10589,0.010735
MULE-10588,0.021287
MULE-10587,0.160792
MULE-10586,0.048858
MULE-10585,0.760295
MULE-10584,0.958847
MULE-10583,0.989672
MULE-10582,0.018405
MULE-10581,0.010987
MULE-10580,0.468791
MULE-10579,0.122523
MULE-10578,0.014392
MULE-10576,0.007012
MULE-10575,0.534127
MULE-10574,0.224055
MULE-10573,0.011508
MULE-10572,0.850469
MULE-10571,0.800692
MULE-10570,0.942082
MULE-10569,0.881207
MULE-10568,0.109706
MULE-10567,0.071332
MULE-10566,0.125493
MULE-10565,0.849472
MULE-10564,0.868381
MULE-10561,0.164516
MULE-10560,0.020023
MULE-10558,0.013532
MULE-10557,0.96862
MULE-10556,0.028008
MULE-10555,0.772702
MULE-10554,0.927363
MULE-10553,0.237576
MULE-10552,0.758868
MULE-10551,0.162115
MULE-10550,0.047074
MULE-10549,0.977883
MULE-10548,0.183009
MULE-10547,0.066327
MULE-10546,0.102305
MULE-10545,0.719384
MULE-10544,0.073165
MULE-10543,0.933915
MULE-10542,0.97631
MULE-10541,0.850469
MULE-10540,0.91848
MULE-10539,0.0729
MULE-10538,0.77081
MULE-10537,0.45181
MULE-10536,0.018978
MULE-10535,0.765593
MULE-10534,0.01653
MULE-10533,0.015425
MULE-10532,0.97649
MULE-10531,0.943764
MULE-10530,0.054199
MULE-10529,0.975762
MULE-10528,0.035145
MULE-10524,0.870597
MULE-10523,0.008316
MULE-10520,0.208179
MULE-10519,0.713032
MULE-10518,0.824462
MULE-10517,0.210442
MULE-10516,0.032344
MULE-10514,0.985043
MULE-10513,0.962108
MULE-10510,0.80038
MULE-10509,0.969556
MULE-10507,0.011072
MULE-10506,0.01302
MULE-10505,0.976669
MULE-10503,0.011869
MULE-10502,0.009559
MULE-10501,0.963506
MULE-10500,0.014729
MULE-10498,0.874507
MULE-10497,0.047074
MULE-10496,0.47098
MULE-10495,0.766992
MULE-10494,0.913058
MULE-10493,0.962108
MULE-10491,0.354014
MULE-10490,0.063948
MULE-10488,0.067056
MULE-10487,0.505859
MULE-10485,0.977023
MULE-10484,0.939471
MULE-10482,0.684159
MULE-10481,0.879974
MULE-10480,0.197135
MULE-10479,0.014172
MULE-10478,0.577972
MULE-10476,0.805938
MULE-10475,0.015544
MULE-10474,0.863392
MULE-10473,0.926304
MULE-10472,0.013325
MULE-10470,0.018689
MULE-10469,0.746509
MULE-10468,0.076132
MULE-10467,0.946597
MULE-10466,0.042088
MULE-10465,0.006798
MULE-10464,0.008446
MULE-10461,0.007461
MULE-10460,0.007938
MULE-10459,0.007696
MULE-10458,0.980281
MULE-10457,0.927363
MULE-10456,0.015189
MULE-10455,0.972415
MULE-10453,0.019124
MULE-10452,0.015306
MULE-10451,0.059866
MULE-10450,0.947381
MULE-10449,0.965381
MULE-10448,0.574156
MULE-10447,0.130729
MULE-10446,0.082994
MULE-10445,0.977543
MULE-10442,0.109706
MULE-10441,0.956957
MULE-10440,0.896251
MULE-10439,0.010091
MULE-10438,0.258607
MULE-10437,0.160266
MULE-10436,0.928409
MULE-10435,0.959154
MULE-10434,0.020804
MULE-10432,0.017577
MULE-10431,0.021451
MULE-10430,0.953275
MULE-10429,0.045016
MULE-10428,0.07836
MULE-10427,0.90261
MULE-10426,0.607547
MULE-10425,0.067056
MULE-10424,0.094343
MULE-10422,0.76908
MULE-10421,0.7773
MULE-10420,0.013428
MULE-10418,0.020646
MULE-10417,0.016277
MULE-10416,0.46636
MULE-10415,0.061876
MULE-10414,0.785638
MULE-10413,0.284675
MULE-10412,0.935346
MULE-10410,0.941654
MULE-10409,0.979195
MULE-10408,0.068787
MULE-10407,0.006388
MULE-10406,0.005555
MULE-10405,0.005642
MULE-10404,0.92079
MULE-10403,0.008916
MULE-10402,0.024798
MULE-10401,0.727975
MULE-10400,0.090414
MULE-10399,0.973037
MULE-10398,0.568416
MULE-10397,0.014282
MULE-10394,0.954984
MULE-10393,0.986151
MULE-10392,0.914291
MULE-10391,0.987568
MULE-10390,0.978219
MULE-10389,0.580828
MULE-10388,0.978713
MULE-10387,0.048137
MULE-10386,0.956957
MULE-10385,0.901921
MULE-10384,0.619068
MULE-10383,0.024423
MULE-10382,0.885235
MULE-10381,0.92079
MULE-10380,0.903975
MULE-10379,0.019124
MULE-10378,0.337013
MULE-10377,0.962108
MULE-10376,0.13707
MULE-10375,0.017577
MULE-10373,0.800068
MULE-10371,0.024238
MULE-10370,0.056652
MULE-10369,0.00934
MULE-10368,0.429908
MULE-10367,0.561696
MULE-10366,0.471223
MULE-10365,0.978713
MULE-10364,0.043043
MULE-10363,0.983597
MULE-10362,0.437103
MULE-10361,0.921922
MULE-10360,0.903294
MULE-10359,0.986777
MULE-10358,0.953275
MULE-10357,0.086942
MULE-10356,0.010408
MULE-10355,0.901227
MULE-10354,0.536799
MULE-10353,0.069038
MULE-10352,0.014957
MULE-10351,0.864768
MULE-10349,0.776623
MULE-10348,0.011508
MULE-10347,0.058561
MULE-10346,0.019419
MULE-10345,0.917893
MULE-10344,0.182426
MULE-10343,0.982151
MULE-10342,0.020804
MULE-10341,0.975577
MULE-10340,0.90599
MULE-10339,0.985271
MULE-10336,0.099121
MULE-10329,0.016029
MULE-10327,0.03359
MULE-10326,0.14731
MULE-10325,0.019871
MULE-10324,0.169131
MULE-10323,0.942507
MULE-10321,0.982014
MULE-10320,0.973645
MULE-10319,0.158174
MULE-10318,0.035411
MULE-10317,0.11358
MULE-10316,0.096706
MULE-10315,0.037047
MULE-10314,0.041153
MULE-10313,0.984336
MULE-10312,0.982423
MULE-10311,0.050331
MULE-10310,0.914291
MULE-10309,0.984575
MULE-10308,0.986151
MULE-10307,0.986777
MULE-10306,0.015189
MULE-10305,0.987946
MULE-10303,0.012336
MULE-10302,0.980431
MULE-10301,0.983847
MULE-10300,0.678114
MULE-10299,0.778649
MULE-10298,0.947381
MULE-10297,0.52683
MULE-10296,0.160003
MULE-10295,0.011072
MULE-10294,0.783988
MULE-10293,0.030909
MULE-10292,0.307429
MULE-10291,0.063948
MULE-10288,0.058777
MULE-10287,0.006798
MULE-10286,0.010987
MULE-10285,0.015306
MULE-10284,0.014957
MULE-10283,0.008577
MULE-10282,0.804406
MULE-10281,0.146575
MULE-10280,0.0341
MULE-10279,0.045353
MULE-10278,0.983723
MULE-10277,0.595845
MULE-10275,0.89841
MULE-10274,0.984811
MULE-10273,0.849971
MULE-10272,0.450601
MULE-10270,0.932944
MULE-10269,0.969091
MULE-10268,0.017045
MULE-10267,0.870157
MULE-10266,0.831691
MULE-10265,0.145358
MULE-10264,0.281801
MULE-10263,0.575588
MULE-10262,0.05921
MULE-10261,0.962673
MULE-10260,0.981736
MULE-10259,0.973241
MULE-10258,0.020489
MULE-10257,0.035145
MULE-10256,0.66503
MULE-10255,0.048137
MULE-10254,0.033337
MULE-10253,0.972831
MULE-10252,0.934873
MULE-10251,0.026355
MULE-10250,0.990441
MULE-10249,0.985043
MULE-10248,0.673836
MULE-10247,0.99371
MULE-10246,0.010328
MULE-10244,0.190122
MULE-10243,0.006098
MULE-10242,0.009559
MULE-10241,0.01302
MULE-10240,0.045353
MULE-10239,0.006693
MULE-10238,0.956309
MULE-10237,0.007346
MULE-10236,0.013223
MULE-10235,0.973241
MULE-10234,0.01017
MULE-10233,0.012723
MULE-10232,0.593138
MULE-10231,0.122944
MULE-10229,0.78695
MULE-10225,0.051654
MULE-10224,0.982823
MULE-10223,0.839734
MULE-10222,0.013637
MULE-10221,0.871037
MULE-10220,0.848471
MULE-10218,0.043366
MULE-10217,0.00582
MULE-10216,0.951863
MULE-10215,0.940353
MULE-10214,0.023153
MULE-10212,0.787278
MULE-10210,0.157396
MULE-10209,0.455199
MULE-10208,0.825308
MULE-10207,0.985496
MULE-10206,0.983723
MULE-10205,0.980581
MULE-10204,0.890294
MULE-10203,0.743541
MULE-10202,0.984811
MULE-10201,0.959762
MULE-10200,0.018547
MULE-10199,0.091382
MULE-10198,0.774583
MULE-10197,0.014282
MULE-10196,0.007938
MULE-10195,0.016403
MULE-10194,0.878314
MULE-10193,0.009268
MULE-10189,0.101233
MULE-10188,0.051845
MULE-10187,0.010818
MULE-10186,0.011508
MULE-10185,0.015425
MULE-10183,0.323647
MULE-10182,0.020177
MULE-10181,0.961534
MULE-10180,0.024423
MULE-10179,0.950041
MULE-10178,0.008062
MULE-10177,0.018978
MULE-10176,0.035948
MULE-10175,0.446253
MULE-10174,0.991812
MULE-10173,0.987179
MULE-10172,0.039343
MULE-10170,0.014282
MULE-10169,0.913058
MULE-10167,0.045692
MULE-10165,0.072374
MULE-10164,0.037609
MULE-10163,0.976129
MULE-10162,0.009634
MULE-10161,0.008125
MULE-10160,0.951504
MULE-10156,0.011158
MULE-10155,0.904651
MULE-10152,0.078642
MULE-10151,0.022977
MULE-10150,0.009936
MULE-10149,0.069289
MULE-10148,0.929951
MULE-10147,0.037892
MULE-10146,0.695958
MULE-10145,0.865224
MULE-10144,0.979511
MULE-10142,0.030909
MULE-10141,0.977023
MULE-10140,0.969091
MULE-10139,0.048858
MULE-10138,0.145358
MULE-10137,0.976847
MULE-10136,0.977023
MULE-10135,0.970465
MULE-10134,0.398641
MULE-10133,0.982691
MULE-10132,0.045353
MULE-10131,0.048858
MULE-10130,0.066085
MULE-10129,0.027796
MULE-10126,0.966156
MULE-10125,0.039937
MULE-10124,0.015785
MULE-10123,0.919643
MULE-10122,0.477067
MULE-10120,0.007346
MULE-10119,0.007816
MULE-10117,0.031144
MULE-10115,0.120853
MULE-10114,0.011332
MULE-10113,0.00934
MULE-10111,0.011687
MULE-10110,0.006193
MULE-10109,0.057071
MULE-10108,0.014504
MULE-10107,0.019271
MULE-10106,0.03359
MULE-10105,0.164785
MULE-10104,0.933915
MULE-10103,0.979354
MULE-10102,0.968381
MULE-10101,0.99341
MULE-10100,0.011245
MULE-10097,0.012625
MULE-10096,0.013849
MULE-10095,0.010902
MULE-10094,0.018405
MULE-10093,0.007938
MULE-10092,0.109706
MULE-10091,0.004905
MULE-10090,0.026557
MULE-10088,0.983597
MULE-10086,0.974435
MULE-10085,0.932944
MULE-10084,0.950041
MULE-10083,0.984336
MULE-10082,0.921922
MULE-10081,0.972204
MULE-10080,0.016657
MULE-10079,0.08389
MULE-10078,0.017309
MULE-10077,0.006388
MULE-10075,0.141045
MULE-10074,0.756717
MULE-10073,0.210442
MULE-10072,0.012336
MULE-10071,0.027585
MULE-10070,0.793746
MULE-10069,0.097734
MULE-10068,0.941223
MULE-10067,0.450601
MULE-10066,0.975012
MULE-10065,0.007233
MULE-10064,0.944177
MULE-10063,0.955981
MULE-10062,0.982151
MULE-10061,0.950411
MULE-10059,0.016277
MULE-10058,0.970465
MULE-10057,0.442396
MULE-10056,0.017442
MULE-10055,0.019124
MULE-10054,0.012821
MULE-10053,0.043043
MULE-10052,0.110088
MULE-10051,0.019124
MULE-10050,0.025565
MULE-10048,0.006904
MULE-10047,0.103749
MULE-10046,0.048496
MULE-10045,0.007121
MULE-10044,0.00514
MULE-10042,0.590307
MULE-10038,0.991422
MULE-10037,0.434461
MULE-10036,0.014957
MULE-10033,0.020804
MULE-10032,0.982288
MULE-10031,0.593609
MULE-10029,0.967899
MULE-10028,0.852445
MULE-10026,0.044681
MULE-10025,0.955651
MULE-10024,0.020489
MULE-10023,0.808067
MULE-10022,0.030444
MULE-10021,0.96641
MULE-10020,0.010489
MULE-10019,0.105211
MULE-10017,0.205934
MULE-10015,0.048496
MULE-10013,0.9659
MULE-10012,0.00514
MULE-10011,0.057493
MULE-10010,0.058777
MULE-10008,0.014392
MULE-10007,0.020804
MULE-10004,0.075585
MULE-10003,0.283781
MULE-10000,0.037609
MULE-9999,0.013956
MULE-9996,0.012432
MULE-9995,0.119203
MULE-9994,0.284278
MULE-9990,0.009784
MULE-9989,0.032101
MULE-9988,0.972415
MULE-9987,0.029091
MULE-9986,0.023331
MULE-9985,0.028871
MULE-9983,0.353763
MULE-9982,0.065128
MULE-9981,0.041774
MULE-9980,0.043691
MULE-9979,0.055209
MULE-9978,0.434461
MULE-9977,0.038466
MULE-9976,0.795975
MULE-9975,0.044349
MULE-9972,0.857291
MULE-9966,0.029091
MULE-9964,0.025957
MULE-9963,0.757077
MULE-9962,0.012147
MULE-9960,0.013532
MULE-9959,0.111628
MULE-9958,0.054803
MULE-9955,0.094678
MULE-9953,0.055005
MULE-9952,0.018833
MULE-9951,0.071332
MULE-9950,0.754915
MULE-9946,0.012528
MULE-9945,0.010489
MULE-9944,0.015306
MULE-9943,0.013742
MULE-9939,0.015425
MULE-9938,0.030676
MULE-9937,0.017849
MULE-9934,0.960063
MULE-9933,0.065128
MULE-9932,0.831691
MULE-9931,0.842863
MULE-9930,0.016277
MULE-9929,0.557845
MULE-9927,0.845433
MULE-9926,0.095349
MULE-9925,0.717012
MULE-9923,0.781664
MULE-9922,0.981167
MULE-9920,0.011072
MULE-9918,0.197444
MULE-9914,0.964052
MULE-9910,0.020332
MULE-9908,0.016029
MULE-9905,0.018978
MULE-9904,0.026156
MULE-9903,0.945801
MULE-9902,0.888759
MULE-9901,0.934873
MULE-9900,0.928926
MULE-9899,0.949669
MULE-9898,0.033086
MULE-9897,0.881615
MULE-9895,0.944177
MULE-9894,0.731251
MULE-9893,0.013742
MULE-9892,0.042088
MULE-9887,0.00629
MULE-9886,0.008711
MULE-9885,0.024054
MULE-9883,0.006388
MULE-9879,0.011961
MULE-9878,0.012723
MULE-9877,0.699254
MULE-9875,0.009126
MULE-9874,0.07477
MULE-9873,0.857291
MULE-9871,0.226955
MULE-9870,0.986979
MULE-9869,0.217338
MULE-9868,0.978052
MULE-9867,0.97539
MULE-9866,0.896251
MULE-9865,0.029535
MULE-9864,0.026964
MULE-9863,0.779322
MULE-9862,0.971992
MULE-9861,0.986151
MULE-9860,0.986777
MULE-9859,0.988313
MULE-9858,0.028871
MULE-9857,0.027796
MULE-9856,0.039937
MULE-9855,0.045692
MULE-9854,0.151028
MULE-9853,0.982823
MULE-9852,0.015664
MULE-9851,0.750553
MULE-9850,0.011072
MULE-9849,0.069038
MULE-9848,0.773901
MULE-9847,0.927363
MULE-9846,0.901227
MULE-9845,0.353875
MULE-9844,0.367497
MULE-9843,0.939471
MULE-9842,0.079496
MULE-9840,0.718792
MULE-9839,0.05301
MULE-9838,0.00573
MULE-9837,0.00582
MULE-9834,0.73431
MULE-9831,0.008644
MULE-9830,0.009413
MULE-9827,0.819316
MULE-9826,0.010249
MULE-9824,0.282493
MULE-9822,0.235108
MULE-9821,0.525369
MULE-9820,0.073165
MULE-9819,0.944177
MULE-9818,0.013428
MULE-9817,0.951504
MULE-9816,0.012821
MULE-9815,0.014064
MULE-9814,0.941654
MULE-9813,0.923592
MULE-9811,0.855369
MULE-9810,0.215681
MULE-9808,0.017849
MULE-9807,0.009268
MULE-9804,0.016153
MULE-9802,0.058132
MULE-9801,0.946597
MULE-9799,0.183594
MULE-9798,0.014392
MULE-9792,0.028008
MULE-9790,0.033337
MULE-9789,0.953966
MULE-9788,0.190724
MULE-9787,0.942929
MULE-9786,0.954308
MULE-9784,0.021615
MULE-9783,0.018978
MULE-9782,0.761361
MULE-9781,0.112016
MULE-9780,0.013428
MULE-9779,0.928926
MULE-9778,0.977197
MULE-9777,0.822759
MULE-9776,0.024238
MULE-9775,0.52829
MULE-9774,0.797557
MULE-9773,0.018547
MULE-9772,0.97631
MULE-9771,0.621885
MULE-9770,0.109706
MULE-9769,0.913058
MULE-9768,0.011072
MULE-9767,0.196518
MULE-9765,0.905657
MULE-9764,0.007346
MULE-9763,0.006388
MULE-9762,0.017577
MULE-9761,0.371479
MULE-9760,0.010014
MULE-9759,0.304765
MULE-9757,0.012054
MULE-9756,0.014504
MULE-9755,0.711631
MULE-9754,0.973241
MULE-9753,0.02461
MULE-9752,0.934873
MULE-9750,0.948155
MULE-9749,0.149283
MULE-9748,0.945399
MULE-9747,0.971779
MULE-9746,0.886027
MULE-9745,0.010735
MULE-9743,0.979823
MULE-9742,0.019719
MULE-9741,0.006904
MULE-9739,0.790207
MULE-9738,0.939913
MULE-9737,0.006798
MULE-9736,0.801936
MULE-9735,0.013956
MULE-9734,0.983085
MULE-9733,0.017712
MULE-9732,0.028653
MULE-9731,0.987946
MULE-9730,0.185947
MULE-9729,0.045016
MULE-9727,0.024054
MULE-9726,0.014392
MULE-9725,0.979668
MULE-9723,0.033086
MULE-9722,0.008847
MULE-9721,0.007577
MULE-9720,0.796925
MULE-9719,0.794066
MULE-9718,0.017577
MULE-9717,0.76454
MULE-9716,0.010249
MULE-9715,0.00986
MULE-9713,0.025179
MULE-9712,0.013121
MULE-9711,0.106691
MULE-9709,0.013532
MULE-9708,0.71123
MULE-9707,0.96862
MULE-9706,0.043043
MULE-9705,0.083591
MULE-9704,0.989672
MULE-9703,0.992304
MULE-9702,0.304559
MULE-9701,0.953275
MULE-9700,0.969091
MULE-9698,0.951142
MULE-9697,0.006098
MULE-9694,0.987759
MULE-9693,0.884039
MULE-9691,0.981453
MULE-9690,0.962108
MULE-9689,0.178956
MULE-9687,0.982557
MULE-9686,0.010987
MULE-9685,0.056862
MULE-9684,0.414425
MULE-9683,0.97649
MULE-9682,0.921358
MULE-9681,0.964321
MULE-9680,0.24817
MULE-9679,0.448426
MULE-9678,0.866585
MULE-9677,0.867934
MULE-9676,0.92523
MULE-9675,0.014282
MULE-9674,0.022286
MULE-9673,0.020023
MULE-9672,0.03359
MULE-9671,0.961244
MULE-9670,0.01142
MULE-9669,0.025761
MULE-9668,0.961244
MULE-9667,0.033337
MULE-9666,0.497559
MULE-9665,0.020646
MULE-9664,0.020646
MULE-9662,0.007696
MULE-9661,0.845942
MULE-9660,0.017577
MULE-9657,0.853913
MULE-9656,0.986151
MULE-9655,0.909586
MULE-9654,0.985496
MULE-9653,0.965381
MULE-9652,0.723114
MULE-9651,0.945399
MULE-9650,0.979823
MULE-9649,0.881207
MULE-9648,0.830594
MULE-9645,0.020177
MULE-9644,0.967656
MULE-9643,0.012147
MULE-9642,0.013532
MULE-9639,0.008916
MULE-9638,0.936749
MULE-9637,0.99427
MULE-9635,0.081813
MULE-9634,0.01653
MULE-9631,0.043691
MULE-9630,0.105579
MULE-9629,0.0538
MULE-9627,0.938576
MULE-9626,0.890294
MULE-9625,0.832237
MULE-9624,0.811078
MULE-9623,0.919643
MULE-9622,0.852445
MULE-9621,0.011869
MULE-9620,0.802865
MULE-9619,0.014616
MULE-9618,0.0729
MULE-9617,0.061876
MULE-9616,0.455683
MULE-9615,0.030909
MULE-9614,0.232659
MULE-9613,0.983214
MULE-9612,0.011245
MULE-9611,0.007577
MULE-9610,0.041774
MULE-9608,0.972623
MULE-9607,0.033337
MULE-9606,0.985936
MULE-9605,0.654619
MULE-9604,0.968141
MULE-9603,0.037047
MULE-9602,0.035411
MULE-9600,0.06256
MULE-9596,0.010653
MULE-9595,0.01057
MULE-9593,0.912436
MULE-9592,0.00522
MULE-9591,0.018125
MULE-9587,0.599133
MULE-9586,0.128088
MULE-9585,0.746509
MULE-9584,0.404272
MULE-9583,0.016153
MULE-9581,0.020489
MULE-9579,0.014616
MULE-9578,0.026355
MULE-9577,0.010014
MULE-9576,0.917893
MULE-9575,0.303732
MULE-9574,0.028871
MULE-9573,0.008446
MULE-9571,0.974043
MULE-9570,0.006488
MULE-9568,0.938124
MULE-9567,0.012336
MULE-9566,0.014729
MULE-9565,0.135461
MULE-9562,0.016915
MULE-9561,0.963231
MULE-9559,0.959154
MULE-9558,0.011597
MULE-9557,0.019719
MULE-9556,0.977023
MULE-9555,0.979036
MULE-9554,0.36139
MULE-9552,0.977543
MULE-9551,0.018125
MULE-9550,0.958847
MULE-9548,0.011245
MULE-9545,0.92079
MULE-9544,0.00986
MULE-9543,0.909586
MULE-9542,0.013428
MULE-9541,0.962673
MULE-9540,0.02976
MULE-9539,0.91848
MULE-9538,0.966663
MULE-9535,0.449393
MULE-9534,0.00986
MULE-9533,0.011072
MULE-9532,0.008188
MULE-9531,0.027169
MULE-9530,0.037327
MULE-9529,0.007346
MULE-9528,0.004538
MULE-9527,0.037892
MULE-9526,0.479504
MULE-9525,0.008316
MULE-9524,0.974043
MULE-9521,0.030444
MULE-9520,0.035948
MULE-9519,0.975762
MULE-9518,0.963231
MULE-9517,0.991422
MULE-9515,0.961244
MULE-9514,0.016277
MULE-9513,0.006904
MULE-9512,0.612385
MULE-9511,0.012821
MULE-9509,0.777638
MULE-9508,0.03259
MULE-9507,0.975202
MULE-9506,0.097048
MULE-9505,0.011245
MULE-9504,0.027169
MULE-9503,0.984094
MULE-9502,0.884039
MULE-9501,0.120439
MULE-9500,0.856812
MULE-9498,0.710427
MULE-9497,0.025179
MULE-9496,0.54819
MULE-9494,0.921922
MULE-9491,0.014616
MULE-9490,0.984456
MULE-9489,0.978713
MULE-9487,0.964321
MULE-9486,0.35768
MULE-9485,0.978549
MULE-9484,0.011508
MULE-9481,0.699665
MULE-9480,0.068787
MULE-9479,0.327453
MULE-9478,0.096365
MULE-9477,0.876211
MULE-9476,0.90599
MULE-9475,0.979511
MULE-9473,0.961534
MULE-9472,0.450359
MULE-9470,0.086942
MULE-9469,0.153803
MULE-9468,0.979036
MULE-9467,0.599133
MULE-9465,0.011778
MULE-9463,0.188324
MULE-9462,0.892187
MULE-9461,0.906983
MULE-9460,0.019871
MULE-9459,0.155848
MULE-9457,0.01292
MULE-9456,0.944177
MULE-9455,0.139162
MULE-9454,0.98983
MULE-9453,0.025565
MULE-9452,0.917303
MULE-9451,0.97024
MULE-9449,0.044349
MULE-9448,0.013532
MULE-9447,0.125923
MULE-9446,0.015073
MULE-9445,0.025565
MULE-9444,0.017849
MULE-9443,0.027169
MULE-9441,0.014616
MULE-9440,0.966156
MULE-9439,0.151781
MULE-9438,0.60743
MULE-9437,0.895888
MULE-9436,0.980729
MULE-9435,0.955651
MULE-9434,0.957596
MULE-9433,0.962108
MULE-9432,0.924688
MULE-9431,0.978219
MULE-9430,0.980129
MULE-9429,0.840783
MULE-9428,0.978219
MULE-9427,0.969785
MULE-9426,0.977371
MULE-9425,0.871475
MULE-9424,0.166134
MULE-9423,0.036769
MULE-9422,0.043366
MULE-9421,0.033086
MULE-9420,0.108189
MULE-9419,0.987946
MULE-9418,0.508788
MULE-9417,0.986363
MULE-9416,0.009126
MULE-9414,0.985158
MULE-9413,0.90599
MULE-9412,0.866133
MULE-9411,0.973844
MULE-9410,0.920218
MULE-9409,0.085404
MULE-9408,0.977883
MULE-9407,0.973241
MULE-9406,0.981595
MULE-9405,0.017309
MULE-9404,0.013742
MULE-9403,0.017577
MULE-9402,0.011332
MULE-9401,0.011961
MULE-9400,0.008446
MULE-9399,0.014957
MULE-9398,0.012723
MULE-9397,0.877896
MULE-9395,0.037327
MULE-9393,0.981453
MULE-9392,0.971129
MULE-9391,0.52829
MULE-9389,0.020332
MULE-9388,0.485844
MULE-9387,0.942507
MULE-9386,0.008711
MULE-9385,0.971129
MULE-9384,0.037609
MULE-9383,0.010489
MULE-9380,0.018264
MULE-9379,0.034619
MULE-9378,0.960063
MULE-9376,0.479504
MULE-9373,0.378459
MULE-9372,0.925769
MULE-9371,0.874077
MULE-9370,0.922482
MULE-9369,0.082402
MULE-9368,0.854399
MULE-9367,0.015544
MULE-9364,0.004905
MULE-9363,0.006693
MULE-9362,0.096025
MULE-9361,0.808067
MULE-9360,0.024054
MULE-9359,0.055413
MULE-9358,0.022977
MULE-9357,0.515132
MULE-9355,0.006693
MULE-9354,0.931463
MULE-9352,0.921358
MULE-9351,0.018547
MULE-9350,0.600774
MULE-9349,0.027169
MULE-9348,0.028436
MULE-9346,0.009197
MULE-9345,0.070816
MULE-9344,0.082402
MULE-9343,0.064183
MULE-9342,0.024988
MULE-9341,0.040541
MULE-9340,0.014064
MULE-9339,0.035145
MULE-9338,0.017045
MULE-9337,0.662796
MULE-9336,0.983723
MULE-9335,0.024054
MULE-9333,0.098773
MULE-9330,0.010818
MULE-9329,0.984336
MULE-9328,0.927888
MULE-9327,0.871037
MULE-9326,0.160792
MULE-9325,0.958538
MULE-9324,0.008511
MULE-9323,0.006193
MULE-9322,0.017177
MULE-9320,0.910227
MULE-9318,0.08389
MULE-9317,0.013428
MULE-9315,0.959762
MULE-9314,0.780662
MULE-9313,0.014842
MULE-9312,0.00934
MULE-9310,0.011961
MULE-9309,0.147801
MULE-9307,0.942082
MULE-9306,0.022629
MULE-9305,0.022629
MULE-9303,0.027796
MULE-9302,0.024238
MULE-9301,0.03359
MULE-9300,0.044349
MULE-9299,0.07921
MULE-9298,0.063482
MULE-9297,0.028008
MULE-9296,0.034619
MULE-9295,0.02461
MULE-9294,0.026759
MULE-9292,0.033337
MULE-9291,0.053601
MULE-9290,0.031619
MULE-9288,0.089455
MULE-9287,0.100172
MULE-9286,0.069038
MULE-9285,0.78233
MULE-9283,0.026964
MULE-9282,0.976847
MULE-9281,0.411229
MULE-9280,0.939471
MULE-9279,0.558809
MULE-9278,0.044681
MULE-9277,0.004332
MULE-9276,0.037892
MULE-9275,0.007577
MULE-9273,0.008316
MULE-9272,0.018264
MULE-9271,0.023331
MULE-9270,0.439026
MULE-9269,0.03138
MULE-9268,0.340266
MULE-9267,0.794066
MULE-9266,0.023153
MULE-9265,0.01017
MULE-9264,0.445288
MULE-9263,0.948155
MULE-9260,0.983723
MULE-9258,0.740174
MULE-9256,0.950041
MULE-9255,0.009559
MULE-9252,0.008316
MULE-9251,0.969556
MULE-9250,0.030909
MULE-9248,0.68763
MULE-9246,0.935346
MULE-9244,0.006004
MULE-9242,0.045692
MULE-9240,0.598195
MULE-9239,0.329398
MULE-9238,0.039639
MULE-9237,0.020489
MULE-9235,0.060529
MULE-9234,0.938576
MULE-9233,0.971564
MULE-9232,0.956309
MULE-9231,0.978549
MULE-9230,0.664867
MULE-9229,0.010735
MULE-9228,0.973443
MULE-9227,0.152032
MULE-9226,0.018125
MULE-9225,0.018978
MULE-9224,0.016657
MULE-9221,0.558568
MULE-9220,0.941223
MULE-9217,0.024988
MULE-9216,0.94699
MULE-9215,0.975577
MULE-9214,0.811676
MULE-9213,0.252753
MULE-9212,0.978875
MULE-9211,0.875361
MULE-9209,0.861072
MULE-9208,0.065845
MULE-9207,0.034619
MULE-9205,0.010987
MULE-9204,0.956309
MULE-9203,0.006193
MULE-9202,0.976847
MULE-9201,0.011687
MULE-9200,0.015189
MULE-9199,0.015785
MULE-9198,0.014504
MULE-9197,0.020646
MULE-9196,0.009413
MULE-9195,0.948537
MULE-9193,0.016403
MULE-9191,0.609234
MULE-9190,0.923592
MULE-9189,0.017577
MULE-9187,0.671686
MULE-9186,0.068537
MULE-9185,0.019569
MULE-9183,0.012147
MULE-9182,0.028653
MULE-9181,0.899121
MULE-9180,0.448426
MULE-9179,0.013849
MULE-9178,0.910227
MULE-9177,0.932453
MULE-9176,0.015073
MULE-9174,0.01292
MULE-9173,0.359083
MULE-9172,0.011158
MULE-9171,0.025957
MULE-9170,0.171616
MULE-9169,0.087876
MULE-9168,0.038466
MULE-9166,0.212395
MULE-9165,0.019419
MULE-9164,0.035948
MULE-9163,0.014957
MULE-9162,0.014392
MULE-9160,0.134776
MULE-9159,0.97649
MULE-9158,0.72662
MULE-9157,0.84338
MULE-9155,0.008062
MULE-9154,0.021125
MULE-9153,0.777975
MULE-9152,0.917893
MULE-9151,0.9462
MULE-9150,0.943764
MULE-9149,0.429429
MULE-9148,0.026964
MULE-9146,0.018833
MULE-9144,0.008644
MULE-9143,0.012723
MULE-9142,0.012821
MULE-9141,0.047426
MULE-9140,0.01017
MULE-9139,0.928409
MULE-9138,0.024238
MULE-9137,0.725649
MULE-9134,0.982151
MULE-9131,0.30505
MULE-9130,0.041774
MULE-9129,0.062103
MULE-9128,0.142232
MULE-9127,0.392803
MULE-9126,0.056236
MULE-9124,0.046378
MULE-9123,0.935346
MULE-9122,0.044349
MULE-9121,0.895888
MULE-9120,0.361813
MULE-9119,0.766992
MULE-9117,0.031619
MULE-9116,0.070049
MULE-9115,0.026156
MULE-9114,0.022286
MULE-9113,0.027376
MULE-9112,0.026156
MULE-9111,0.022977
MULE-9110,0.031859
MULE-9109,0.361277
MULE-9108,0.022286
MULE-9107,0.032344
MULE-9106,0.023331
MULE-9105,0.022803
MULE-9104,0.016403
MULE-9103,0.029535
MULE-9102,0.028008
MULE-9101,0.971347
MULE-9089,0.057282
MULE-9086,0.037892
MULE-9084,0.977023
MULE-9083,0.969324
MULE-9082,0.896614
MULE-9081,0.042404
MULE-9080,0.119614
MULE-9079,0.970909
MULE-9078,0.529263
MULE-9077,0.107063
MULE-9076,0.807461
MULE-9075,0.102664
MULE-9074,0.014064
MULE-9073,0.706798
MULE-9072,0.58439
MULE-9071,0.026557
MULE-9068,0.599251
MULE-9067,0.052619
MULE-9066,0.015073
MULE-9065,0.007461
MULE-9064,0.025179
MULE-9063,0.050705
MULE-9062,0.008188
MULE-9061,0.009055
MULE-9060,0.0538
MULE-9057,0.015785
MULE-9056,0.018405
MULE-9055,0.025957
MULE-9054,0.044681
MULE-9053,0.013325
MULE-9051,0.008847
MULE-9050,0.015073
MULE-9049,0.202128
MULE-9048,0.207536
MULE-9047,0.960952
MULE-9045,0.005911
MULE-9044,0.006193
MULE-9041,0.322153
MULE-9039,0.014064
MULE-9038,0.025179
MULE-9035,0.841826
MULE-9032,0.233357
MULE-9030,0.016785
MULE-9029,0.008644
MULE-9028,0.011158
MULE-9027,0.008316
MULE-9026,0.02976
MULE-9025,0.013223
MULE-9024,0.009413
MULE-9023,0.011245
MULE-9022,0.947381
MULE-9020,0.060529
MULE-9019,0.01017
MULE-9018,0.044019
MULE-9016,0.013325
MULE-9014,0.010818
MULE-9013,0.013223
MULE-9012,0.07921
MULE-9011,0.969324
MULE-9010,0.019124
MULE-9009,0.013223
MULE-9008,0.516352
MULE-9006,0.014729
MULE-9004,0.010249
MULE-9003,0.935346
MULE-9001,0.011961
MULE-8999,0.140808
MULE-8998,0.113187
MULE-8997,0.967163
MULE-8996,0.222362
MULE-8995,0.222193
MULE-8994,0.969785
MULE-8992,0.488771
MULE-8991,0.866133
MULE-8989,0.017849
MULE-8988,0.204342
MULE-8987,0.049589
MULE-8984,0.950778
MULE-8982,0.568895
MULE-8981,0.011687
MULE-8979,0.014504
MULE-8978,0.008511
MULE-8977,0.059866
MULE-8976,0.009559
MULE-8975,0.02461
MULE-8973,0.012723
MULE-8972,0.793426
MULE-8969,0.863852
MULE-8966,0.006693
MULE-8965,0.009413
MULE-8964,0.013742
MULE-8963,0.063251
MULE-8960,0.027796
MULE-8959,0.944587
MULE-8958,0.924142
MULE-8956,0.012723
MULE-8955,0.014392
MULE-8954,0.05301
MULE-8953,0.773559
MULE-8952,0.987759
MULE-8951,0.007346
MULE-8950,0.014172
MULE-8949,0.0745
MULE-8948,0.017045
MULE-8946,0.212395
MULE-8945,0.070049
MULE-8944,0.024054
MULE-8943,0.018405
MULE-8942,0.946597
MULE-8941,0.980876
MULE-8940,0.01142
MULE-8939,0.060087
MULE-8936,0.018405
MULE-8935,0.04778
MULE-8934,0.011332
MULE-8933,0.015073
MULE-8932,0.022977
MULE-8931,0.127653
MULE-8930,0.016915
MULE-8929,0.008644
MULE-8928,0.965641
MULE-8927,0.010653
MULE-8926,0.34183
MULE-8925,0.216674
MULE-8924,0.091382
MULE-8922,0.007877
MULE-8921,0.989672
MULE-8920,0.387459
MULE-8919,0.011687
MULE-8917,0.009055
MULE-8916,0.012147
MULE-8915,0.039048
MULE-8913,0.023689
MULE-8912,0.117572
MULE-8911,0.881615
MULE-8910,0.934395
MULE-8909,0.156105
MULE-8908,0.976847
MULE-8907,0.898053
MULE-8906,0.956957
MULE-8904,0.019871
MULE-8903,0.011597
MULE-8902,0.644057
MULE-8901,0.058777
MULE-8900,0.316739
MULE-8899,0.071851
MULE-8898,0.020646
MULE-8897,0.013637
MULE-8896,0.012528
MULE-8895,0.507812
MULE-8893,0.663887
MULE-8892,0.991422
MULE-8891,0.033337
MULE-8890,0.986979
MULE-8889,0.038178
MULE-8888,0.987568
MULE-8886,0.98983
MULE-8884,0.991422
MULE-8881,0.990732
MULE-8880,0.058777
MULE-8878,0.041462
MULE-8873,0.034881
MULE-8870,0.974435
MULE-8869,0.941223
MULE-8868,0.979195
MULE-8867,0.546012
MULE-8866,0.982823
MULE-8865,0.96741
MULE-8864,0.989511
MULE-8863,0.16398
MULE-8861,0.284974
MULE-8860,0.984336
MULE-8859,0.951142
MULE-8858,0.981311
MULE-8857,0.034359
MULE-8856,0.990587
MULE-8854,0.051083
MULE-8852,0.177811
MULE-8851,0.026964
MULE-8847,0.715821
MULE-8846,0.044681
MULE-8844,0.045692
MULE-8843,0.055413
MULE-8842,0.044349
MULE-8841,0.015189
MULE-8840,0.062103
MULE-8839,0.014616
MULE-8838,0.030215
MULE-8837,0.963506
MULE-8836,0.032837
MULE-8835,0.096706
MULE-8834,0.051845
MULE-8833,0.033337
MULE-8832,0.936285
MULE-8831,0.018264
MULE-8830,0.022457
MULE-8829,0.032101
MULE-8828,0.010091
MULE-8827,0.017442
MULE-8825,0.615947
MULE-8824,0.016153
MULE-8823,0.039343
MULE-8822,0.013637
MULE-8821,0.01292
MULE-8820,0.030215
MULE-8819,0.009197
MULE-8818,0.145601
MULE-8817,0.623377
MULE-8816,0.013325
MULE-8814,0.006798
MULE-8813,0.00522
MULE-8812,0.007816
MULE-8809,0.027585
MULE-8807,0.018264
MULE-8805,0.917893
MULE-8803,0.016277
MULE-8801,0.019419
MULE-8800,0.012723
MULE-8799,0.011072
MULE-8798,0.007461
MULE-8796,0.921358
MULE-8795,0.006388
MULE-8794,0.010249
MULE-8792,0.011961
MULE-8791,0.53437
MULE-8790,0.00934
MULE-8789,0.013637
MULE-8788,0.014504
MULE-8787,0.009126
MULE-8785,0.792143
MULE-8784,0.898767
MULE-8780,0.019871
MULE-8779,0.010735
MULE-8778,0.873647
MULE-8776,0.00483
MULE-8773,0.022629
MULE-8772,0.041774
MULE-8771,0.011597
MULE-8770,0.012821
MULE-8769,0.01302
MULE-8768,0.113187
MULE-8767,0.953275
MULE-8766,0.015189
MULE-8765,0.007121
MULE-8764,0.017309
MULE-8763,0.961822
MULE-8762,0.987568
MULE-8760,0.973037
MULE-8759,0.968381
MULE-8758,0.191328
MULE-8757,0.573559
MULE-8756,0.013849
MULE-8755,0.00986
MULE-8754,0.007012
MULE-8753,0.775945
MULE-8751,0.016403
MULE-8746,0.011778
MULE-8745,0.591487
MULE-8744,0.985271
MULE-8743,0.017986
MULE-8742,0.012625
MULE-8741,0.916708
MULE-8740,0.030215
MULE-8739,0.982014
MULE-8738,0.00659
MULE-8737,0.112016
MULE-8736,0.008779
MULE-8735,0.033844
MULE-8734,0.016915
MULE-8733,0.086016
MULE-8732,0.901575
MULE-8730,0.039048
MULE-8729,0.907967
MULE-8728,0.496094
MULE-8727,0.082697
MULE-8726,0.981736
MULE-8725,0.975012
MULE-8724,0.989347
MULE-8721,0.060529
MULE-8720,0.021125
MULE-8719,0.009126
MULE-8718,0.006004
MULE-8717,0.980729
MULE-8716,0.019271
MULE-8715,0.982557
MULE-8713,0.027585
MULE-8712,0.095687
MULE-8711,0.015073
MULE-8709,0.898053
MULE-8706,0.079496
MULE-8705,0.772874
MULE-8704,0.009197
MULE-8702,0.018547
MULE-8701,0.982955
MULE-8700,0.026964
MULE-8699,0.029091
MULE-8698,0.008446
MULE-8697,0.013956
MULE-8695,0.583915
MULE-8694,0.966663
MULE-8693,0.012528
MULE-8691,0.565659
MULE-8690,0.950778
MULE-8689,0.017712
MULE-8688,0.027169
MULE-8686,0.237753
MULE-8685,0.767341
MULE-8684,0.011158
MULE-8682,0.842345
MULE-8680,0.971779
MULE-8679,0.012821
MULE-8678,0.014064
MULE-8677,0.018547
MULE-8676,0.017442
MULE-8675,0.92523
MULE-8674,0.014504
MULE-8670,0.938576
MULE-8669,0.046378
MULE-8668,0.054199
MULE-8666,0.010249
MULE-8665,0.034359
MULE-8663,0.027796
MULE-8662,0.711331
MULE-8661,0.024054
MULE-8660,0.012241
MULE-8659,0.006004
MULE-8655,0.029987
MULE-8653,0.020646
MULE-8652,0.014282
MULE-8651,0.008511
MULE-8650,0.200401
MULE-8649,0.719778
MULE-8648,0.007816
MULE-8645,0.073963
MULE-8644,0.043366
MULE-8642,0.139866
MULE-8641,0.064653
MULE-8640,0.011072
MULE-8639,0.016029
MULE-8638,0.006904
MULE-8635,0.009708
MULE-8634,0.866585
MULE-8633,0.305905
MULE-8632,0.009784
MULE-8631,0.096025
MULE-8630,0.065128
MULE-8629,0.053403
MULE-8628,0.009936
MULE-8627,0.022977
MULE-8626,0.027585
MULE-8625,0.557123
MULE-8624,0.818156
MULE-8621,0.008577
MULE-8619,0.900179
MULE-8618,0.987375
MULE-8617,0.949669
MULE-8616,0.011245
MULE-8614,0.946597
MULE-8613,0.011072
MULE-8611,0.012625
MULE-8610,0.025179
MULE-8609,0.022629
MULE-8608,0.024054
MULE-8607,0.010489
MULE-8604,0.009708
MULE-8603,0.012528
MULE-8601,0.00934
MULE-8600,0.009784
MULE-8598,0.00986
MULE-8597,0.01142
MULE-8593,0.012147
MULE-8592,0.041462
MULE-8591,0.011869
MULE-8590,0.42179
MULE-8589,0.738103
MULE-8588,0.012821
MULE-8587,0.189221
MULE-8585,0.01142
MULE-8584,0.035948
MULE-8583,0.073696
MULE-8581,0.012054
MULE-8580,0.017045
MULE-8579,0.069038
MULE-8577,0.483405
MULE-8575,0.040846
MULE-8573,0.889529
MULE-8572,0.18418
MULE-8571,0.252568
MULE-8569,0.024988
MULE-8567,0.011508
MULE-8566,0.011158
MULE-8565,0.962108
MULE-8563,0.920218
MULE-8562,0.024238
MULE-8559,0.010091
MULE-8556,0.027585
MULE-8555,0.386648
MULE-8553,0.019124
MULE-8551,0.862468
MULE-8550,0.03622
MULE-8549,0.071332
MULE-8548,0.525856
MULE-8547,0.024798
MULE-8545,0.024238
MULE-8544,0.015073
MULE-8543,0.016657
MULE-8541,0.742048
MULE-8540,0.822759
MULE-8539,0.028653
MULE-8538,0.018264
MULE-8537,0.077518
MULE-8536,0.957596
MULE-8535,0.230573
MULE-8534,0.979195
MULE-8533,0.014729
MULE-8529,0.022629
MULE-8527,0.679391
MULE-8526,0.773216
MULE-8524,0.942929
MULE-8522,0.018689
MULE-8518,0.490724
MULE-8517,0.989986
MULE-8516,0.990441
MULE-8514,0.939471
MULE-8513,0.946597
MULE-8512,0.94079
MULE-8511,0.973443
MULE-8510,0.096706
MULE-8509,0.039048
MULE-8508,0.023871
MULE-8506,0.014957
MULE-8505,0.014282
MULE-8504,0.985936
MULE-8503,0.039343
MULE-8502,0.018978
MULE-8501,0.024238
MULE-8498,0.314998
MULE-8486,0.866133
MULE-8485,0.971992
MULE-8484,0.007012
MULE-8483,0.005555
MULE-8482,0.966156
MULE-8481,0.77081
MULE-8480,0.594551
MULE-8479,0.909586
MULE-8478,0.946597
MULE-8477,0.704058
MULE-8476,0.414425
MULE-8475,0.966663
MULE-8474,0.864768
MULE-8473,0.788909
MULE-8472,0.049589
MULE-8471,0.023509
MULE-8470,0.011245
MULE-8469,0.010987
MULE-8468,0.290578
MULE-8467,0.015664
MULE-8466,0.032344
MULE-8465,0.361756
MULE-8463,0.9462
MULE-8462,0.017045
MULE-8461,0.109325
MULE-8460,0.793746
MULE-8459,0.922482
MULE-8458,0.590779
MULE-8457,0.957912
MULE-8455,0.018833
MULE-8453,0.098425
MULE-8452,0.972623
MULE-8450,0.887595
MULE-8449,0.009784
MULE-8448,0.018125
MULE-8447,0.180974
MULE-8444,0.012336
MULE-8443,0.015664
MULE-8442,0.013121
MULE-8441,0.977197
MULE-8440,0.007577
MULE-8439,0.047426
MULE-8436,0.009784
MULE-8435,0.263031
MULE-8434,0.042722
MULE-8433,0.107063
MULE-8431,0.012821
MULE-8430,0.008779
MULE-8428,0.896976
MULE-8426,0.006693
MULE-8425,0.010408
MULE-8423,0.092033
MULE-8422,0.051083
MULE-8421,0.638215
MULE-8420,0.008252
MULE-8419,0.170508
MULE-8418,0.017045
MULE-8416,0.011158
MULE-8415,0.084191
MULE-8414,0.021451
MULE-8412,0.990292
MULE-8411,0.011072
MULE-8410,0.989986
MULE-8409,0.011072
MULE-8408,0.011597
MULE-8407,0.156105
MULE-8405,0.013532
MULE-8403,0.024798
MULE-8402,0.009486
MULE-8401,0.004538
MULE-8400,0.01292
MULE-8398,0.010408
MULE-8397,0.912124
MULE-8396,0.030215
MULE-8392,0.032101
MULE-8390,0.408513
MULE-8389,0.029987
MULE-8387,0.008985
MULE-8386,0.872347
MULE-8384,0.008916
MULE-8382,0.005911
MULE-8381,0.011687
MULE-8379,0.012723
MULE-8378,0.014504
MULE-8377,0.019271
MULE-8376,0.882022
MULE-8374,0.007696
MULE-8373,0.532182
MULE-8372,0.014172
MULE-8371,0.007346
MULE-8369,0.006193
MULE-8368,0.921358
MULE-8367,0.060087
MULE-8364,0.017712
MULE-8361,0.016277
MULE-8358,0.956309
MULE-8356,0.006798
MULE-8355,0.594198
MULE-8354,0.021451
MULE-8353,0.007816
MULE-8352,0.035411
MULE-8350,0.017849
MULE-8349,0.00986
MULE-8347,0.013637
MULE-8346,0.009708
MULE-8343,0.206254
MULE-8342,0.009055
MULE-8341,0.004538
MULE-8340,0.016657
MULE-8338,0.007346
MULE-8337,0.974435
MULE-8336,0.007346
MULE-8335,0.96741
MULE-8332,0.517571
MULE-8331,0.985496
MULE-8330,0.136608
MULE-8328,0.119203
MULE-8327,0.013849
MULE-8326,0.649023
MULE-8325,0.009197
MULE-8324,0.014842
MULE-8322,0.014504
MULE-8319,0.562777
MULE-8318,0.013849
MULE-8314,0.010902
MULE-8312,0.009634
MULE-8311,0.007938
MULE-8310,0.004538
MULE-8307,0.009784
MULE-8306,0.03138
MULE-8305,0.006004
MULE-8304,0.018547
MULE-8301,0.021287
MULE-8300,0.008188
MULE-8299,0.042722
MULE-8297,0.049589
MULE-8295,0.045692
MULE-8293,0.196518
MULE-8291,0.168036
MULE-8290,0.085404
MULE-8288,0.014172
MULE-8287,0.974629
MULE-8286,0.010408
MULE-8284,0.013428
MULE-8282,0.011597
MULE-8279,0.3863
MULE-8278,0.013532
MULE-8277,0.013121
MULE-8274,0.71602
MULE-8273,0.068289
MULE-8272,0.009413
MULE-8270,0.073165
MULE-8269,0.029535
MULE-8268,0.877896
MULE-8267,0.010902
MULE-8266,0.058777
MULE-8265,0.957278
MULE-8264,0.948537
MULE-8263,0.013742
MULE-8262,0.018689
MULE-8261,0.01302
MULE-8260,0.817574
MULE-8259,0.098079
MULE-8258,0.876634
MULE-8257,0.020023
MULE-8255,0.938124
MULE-8252,0.034359
MULE-8247,0.00483
MULE-8246,0.009413
MULE-8244,0.644784
MULE-8242,0.294012
MULE-8241,0.793746
MULE-8240,0.912436
MULE-8239,0.018125
MULE-8237,0.233008
MULE-8236,0.765243
MULE-8235,0.057918
MULE-8234,0.216674
MULE-8233,0.185652
MULE-8232,0.016915
MULE-8231,0.005469
MULE-8229,0.015664
MULE-8228,0.010653
MULE-8226,0.013223
MULE-8224,0.091058
MULE-8223,0.954308
MULE-8221,0.007233
MULE-8220,0.01302
MULE-8219,0.821617
MULE-8218,0.976129
MULE-8217,0.006904
MULE-8216,0.128525
MULE-8215,0.334943
MULE-8214,0.297878
MULE-8213,0.103749
MULE-8212,0.34859
MULE-8211,0.016915
MULE-8210,0.919063
MULE-8209,0.022117
MULE-8208,0.504394
MULE-8207,0.014172
MULE-8206,0.017177
MULE-8205,0.016277
MULE-8203,0.01142
MULE-8202,0.010249
MULE-8201,0.00582
MULE-8200,0.629426
MULE-8199,0.144631
MULE-8197,0.009784
MULE-8196,0.011245
MULE-8195,0.012336
MULE-8192,0.022803
MULE-8191,0.035145
MULE-8189,0.027169
MULE-8188,0.013532
MULE-8187,0.014729
MULE-8186,0.010249
MULE-8185,0.968381
MULE-8184,0.013223
MULE-8183,0.014842
MULE-8182,0.022629
MULE-8181,0.009559
MULE-8180,0.012625
MULE-8178,0.013325
MULE-8177,0.031144
MULE-8176,0.016029
MULE-8174,0.015425
MULE-8173,0.852445
MULE-8172,0.008916
MULE-8170,0.989013
MULE-8169,0.979823
MULE-8168,0.126353
MULE-8167,0.01057
MULE-8166,0.291586
MULE-8165,0.902266
MULE-8164,0.177811
MULE-8163,0.016915
MULE-8162,0.009936
MULE-8161,0.008916
MULE-8160,0.011687
MULE-8159,0.012147
MULE-8158,0.014616
MULE-8156,0.264169
MULE-8155,0.017177
MULE-8154,0.033337
MULE-8153,0.015664
MULE-8152,0.012241
MULE-8151,0.008252
MULE-8150,0.973844
MULE-8149,0.953622
MULE-8148,0.948537
MULE-8147,0.91611
MULE-8146,0.018547
MULE-8145,0.014616
MULE-8143,0.008916
MULE-8142,0.011597
MULE-8138,0.017045
MULE-8137,0.020489
MULE-8136,0.018833
MULE-8135,0.927363
MULE-8134,0.021781
MULE-8133,0.014064
MULE-8132,0.012625
MULE-8131,0.007938
MULE-8129,0.007461
MULE-8127,0.018833
MULE-8126,0.008985
MULE-8125,0.011508
MULE-8124,0.011869
MULE-8123,0.007816
MULE-8122,0.012723
MULE-8121,0.013742
MULE-8120,0.015906
MULE-8117,0.007233
MULE-8116,0.019419
MULE-8114,0.959762
MULE-8113,0.767341
MULE-8112,0.010735
MULE-8110,0.013121
MULE-8109,0.009486
MULE-8108,0.018689
MULE-8107,0.007816
MULE-8106,0.011778
MULE-8105,0.017045
MULE-8104,0.011508
MULE-8102,0.014172
MULE-8101,0.013956
MULE-8100,0.379148
MULE-8099,0.016277
MULE-8098,0.009784
MULE-8097,0.045692
MULE-8096,0.033337
MULE-8095,0.011072
MULE-8094,0.012432
MULE-8093,0.013428
MULE-8092,0.013849
MULE-8091,0.404272
MULE-8090,0.039048
MULE-8089,0.017712
MULE-8086,0.013121
MULE-8085,0.012054
MULE-8083,0.011332
MULE-8082,0.042088
MULE-8081,0.134321
MULE-8079,0.012241
MULE-8078,0.027376
MULE-8076,0.553023
MULE-8075,0.743541
MULE-8074,0.020804
MULE-8073,0.942507
MULE-8072,0.013532
MULE-8071,0.138462
MULE-8070,0.008985
MULE-8069,0.162646
MULE-8068,0.827828
MULE-8067,0.991289
MULE-8066,0.677581
MULE-8065,0.608449
MULE-8063,0.072374
MULE-8062,0.925769
MULE-8061,0.073963
MULE-8058,0.024238
MULE-8056,0.017309
MULE-8055,0.643574
MULE-8054,0.008252
MULE-8052,0.01017
MULE-8051,0.020332
MULE-8050,0.014064
MULE-8049,0.008916
MULE-8048,0.043691
MULE-8047,0.923039
MULE-8046,0.927888
MULE-8045,0.862468
MULE-8044,0.009708
MULE-8041,0.032344
MULE-8040,0.058777
MULE-8039,0.916409
MULE-8038,0.025565
MULE-8035,0.125923
MULE-8034,0.007346
MULE-8032,0.955651
MULE-8030,0.135919
MULE-8028,0.965381
MULE-8027,0.91848
MULE-8026,0.974043
MULE-8025,0.970909
MULE-8024,0.487307
MULE-8023,0.167491
MULE-8022,0.83868
MULE-8021,0.964855
MULE-8020,0.792464
MULE-8019,0.98983
MULE-8018,0.046725
MULE-8017,0.951142
MULE-8015,0.98347
MULE-8014,0.252016
MULE-8013,0.879561
MULE-8011,0.010818
MULE-8010,0.013532
MULE-8009,0.783988
MULE-8007,0.107437
MULE-8006,0.075312
MULE-8005,0.722282
MULE-8004,0.271638
MULE-8003,0.980431
MULE-8001,0.014064
MULE-8000,0.013849
MULE-7999,0.821617
MULE-7998,0.016657
MULE-7997,0.013325
MULE-7996,0.024238
MULE-7994,0.688887
MULE-7993,0.91611
MULE-7992,0.026964
MULE-7991,0.063251
MULE-7990,0.981736
MULE-7989,0.989511
MULE-7988,0.007577
MULE-7987,0.634147
MULE-7986,0.0745
MULE-7985,0.014172
MULE-7984,0.007577
MULE-7983,0.963506
MULE-7982,0.084493
MULE-7981,0.011158
MULE-7979,0.01653
MULE-7977,0.786623
MULE-7976,0.721547
MULE-7975,0.01653
MULE-7974,0.012054
MULE-7972,0.988313
MULE-7971,0.026557
MULE-7970,0.225587
MULE-7969,0.046034
MULE-7968,0.062331
MULE-7967,0.231962
MULE-7966,0.238639
MULE-7965,0.089773
MULE-7964,0.28577
MULE-7963,0.919063
MULE-7962,0.044681
MULE-7961,0.034359
MULE-7960,0.064418
MULE-7959,0.057493
MULE-7958,0.163179
MULE-7957,0.068537
MULE-7956,0.040541
MULE-7955,0.053403
MULE-7954,0.056236
MULE-7953,0.044019
MULE-7952,0.145115
MULE-7951,0.951863
MULE-7950,0.729712
MULE-7949,0.07836
MULE-7948,0.065366
MULE-7947,0.287368
MULE-7946,0.612889
MULE-7945,0.148047
MULE-7944,0.418935
MULE-7943,0.111241
MULE-7941,0.058561
MULE-7940,0.081228
MULE-7939,0.925769
MULE-7938,0.690976
MULE-7937,0.978385
MULE-7936,0.041462
MULE-7935,0.440229
MULE-7934,0.492188
MULE-7933,0.58059
MULE-7932,0.549641
MULE-7931,0.915507
MULE-7930,0.956957
MULE-7929,0.676834
MULE-7928,0.787278
MULE-7927,0.079782
MULE-7923,0.062789
MULE-7922,0.852935
MULE-7921,0.01302
MULE-7920,0.01653
MULE-7918,0.720565
MULE-7916,0.009634
MULE-7915,0.012241
MULE-7914,0.017986
MULE-7913,0.014172
MULE-7911,0.010653
MULE-7910,0.99014
MULE-7908,0.022117
MULE-7907,0.010408
MULE-7906,0.727201
MULE-7905,0.009936
MULE-7904,0.007577
MULE-7903,0.025761
MULE-7902,0.400749
MULE-7901,0.962108
MULE-7900,0.076132
MULE-7899,0.09739
MULE-7897,0.340992
MULE-7894,0.010987
MULE-7893,0.024798
MULE-7892,0.014957
MULE-7891,0.008125
MULE-7890,0.058132
MULE-7889,0.713631
MULE-7888,0.008252
MULE-7887,0.016277
MULE-7885,0.938124
MULE-7884,0.115961
MULE-7883,0.022629
MULE-7882,0.047074
MULE-7881,0.017577
MULE-7880,0.010818
MULE-7878,0.913677
MULE-7876,0.037047
MULE-7875,0.030444
MULE-7874,0.45423
MULE-7873,0.917303
MULE-7872,0.167491
MULE-7871,0.980281
MULE-7870,0.823328
MULE-7869,0.945801
MULE-7868,0.76769
MULE-7867,0.919643
MULE-7866,0.955651
MULE-7865,0.973037
MULE-7864,0.788909
MULE-7863,0.980729
MULE-7862,0.012054
MULE-7861,0.857291
MULE-7860,0.719581
MULE-7859,0.024238
MULE-7858,0.865679
MULE-7857,0.942929
MULE-7856,0.01057
MULE-7855,0.951504
MULE-7854,0.017309
MULE-7853,0.07836
MULE-7852,0.058777
MULE-7851,0.011597
MULE-7850,0.948917
MULE-7847,0.048137
MULE-7846,0.034359
MULE-7845,0.940353
MULE-7843,0.950778
MULE-7842,0.75274
MULE-7841,0.890294
MULE-7840,0.099121
MULE-7838,0.308223
MULE-7837,0.007577
MULE-7836,0.847968
MULE-7835,0.117167
MULE-7834,0.165593
MULE-7833,0.917893
MULE-7832,0.917893
MULE-7831,0.252384
MULE-7830,0.015906
MULE-7829,0.040541
MULE-7827,0.018833
MULE-7826,0.011332
MULE-7822,0.977883
MULE-7821,0.013121
MULE-7820,0.013532
MULE-7819,0.016915
MULE-7818,0.040846
MULE-7817,0.018689
MULE-7816,0.004905
MULE-7815,0.019124
MULE-7814,0.008125
MULE-7813,0.378229
MULE-7812,0.011072
MULE-7811,0.040238
MULE-7810,0.007696
MULE-7809,0.018125
MULE-7808,0.03259
MULE-7807,0.014842
MULE-7805,0.090735
MULE-7804,0.011687
MULE-7803,0.010653
MULE-7802,0.012054
MULE-7801,0.014172
MULE-7798,0.014172
MULE-7795,0.010818
MULE-7791,0.024798
MULE-7790,0.242385
MULE-7789,0.707405
MULE-7788,0.849971
MULE-7787,0.107063
MULE-7785,0.018978
MULE-7784,0.043366
MULE-7783,0.055823
MULE-7780,0.775605
MULE-7779,0.232136
MULE-7778,0.009708
MULE-7777,0.780662
MULE-7775,0.057918
MULE-7774,0.010902
MULE-7773,0.011158
MULE-7772,0.028871
MULE-7771,0.00934
MULE-7770,0.102305
MULE-7769,0.882022
MULE-7768,0.984094
MULE-7767,0.233532
MULE-7766,0.90764
MULE-7764,0.600423
MULE-7763,0.793106
MULE-7762,0.767341
MULE-7761,0.955651
MULE-7760,0.805632
MULE-7759,0.085709
MULE-7758,0.78233
MULE-7757,0.892937
MULE-7756,0.944177
MULE-7755,0.976129
MULE-7754,0.094678
MULE-7753,0.897336
MULE-7751,0.841305
MULE-7750,0.024988
MULE-7749,0.007233
MULE-7748,0.009268
MULE-7747,0.018125
MULE-7746,0.077518
MULE-7744,0.29209
MULE-7743,0.018405
MULE-7742,0.026355
MULE-7740,0.949295
MULE-7739,0.01292
MULE-7738,0.061199
MULE-7737,0.615687
MULE-7736,0.894789
MULE-7735,0.971129
MULE-7733,0.062103
MULE-7732,0.847968
MULE-7731,0.968381
MULE-7730,0.669853
MULE-7729,0.018264
MULE-7728,0.013742
MULE-7725,0.040846
MULE-7724,0.008446
MULE-7723,0.820757
MULE-7721,0.062331
MULE-7720,0.99014
MULE-7719,0.95222
MULE-7718,0.959762
MULE-7716,0.801625
MULE-7715,0.969556
MULE-7714,0.013121
MULE-7713,0.928409
MULE-7711,0.021125
MULE-7710,0.108945
MULE-7707,0.082697
MULE-7706,0.877056
MULE-7705,0.938576
MULE-7703,0.174973
MULE-7702,0.010987
MULE-7701,0.01292
MULE-7700,0.011687
MULE-7698,0.014616
MULE-7696,0.003945
MULE-7695,0.071851
MULE-7694,0.095013
MULE-7693,0.022457
MULE-7692,0.988313
MULE-7691,0.80502
MULE-7690,0.985271
MULE-7689,0.543106
MULE-7688,0.98347
MULE-7687,0.007696
MULE-7686,0.030215
MULE-7684,0.994445
MULE-7683,0.753467
MULE-7682,0.983343
MULE-7681,0.985936
MULE-7679,0.009936
MULE-7678,0.019271
MULE-7677,0.084795
MULE-7676,0.317056
MULE-7675,0.978549
MULE-7674,0.010249
MULE-7673,0.013532
MULE-7672,0.155848
MULE-7671,0.973844
MULE-7670,0.009197
MULE-7669,0.934873
MULE-7667,0.008779
MULE-7666,0.850469
MULE-7665,0.782995
MULE-7664,0.344361
MULE-7663,0.013223
MULE-7661,0.022977
MULE-7660,0.013532
MULE-7659,0.007121
MULE-7658,0.014392
MULE-7657,0.810479
MULE-7656,0.982151
MULE-7655,0.682045
MULE-7653,0.007938
MULE-7652,0.075312
MULE-7651,0.962673
MULE-7650,0.028436
MULE-7646,0.142709
MULE-7645,0.221351
MULE-7644,0.387401
MULE-7642,0.008511
MULE-7641,0.993996
MULE-7640,0.983214
MULE-7639,0.13707
MULE-7638,0.010902
MULE-7637,0.779658
MULE-7636,0.009413
MULE-7635,0.966663
MULE-7634,0.014064
MULE-7633,0.019124
MULE-7632,0.631594
MULE-7631,0.012625
MULE-7630,0.01302
MULE-7629,0.00629
MULE-7628,0.631623
MULE-7627,0.01292
MULE-7626,0.013532
MULE-7625,0.020804
MULE-7624,0.035679
MULE-7622,0.980281
MULE-7621,0.973645
MULE-7620,0.986572
MULE-7617,0.994445
MULE-7615,0.046725
MULE-7614,0.223377
MULE-7611,0.008916
MULE-7610,0.041462
MULE-7609,0.858719
MULE-7606,0.457137
MULE-7603,0.008511
MULE-7602,0.975202
MULE-7601,0.945801
MULE-7600,0.970909
MULE-7599,0.046034
MULE-7598,0.020177
MULE-7597,0.011332
MULE-7595,0.03622
MULE-7594,0.014282
MULE-7592,0.017712
MULE-7590,0.010249
MULE-7589,0.961244
MULE-7588,0.044019
MULE-7587,0.989347
MULE-7586,0.011332
MULE-7584,0.979668
MULE-7583,0.012054
MULE-7581,0.9462
MULE-7580,0.023871
MULE-7579,0.105579
MULE-7578,0.026557
MULE-7577,0.013121
MULE-7576,0.658418
MULE-7575,0.010249
MULE-7574,0.017577
MULE-7573,0.013849
MULE-7572,0.013956
MULE-7571,0.012336
MULE-7570,0.007121
MULE-7569,0.007233
MULE-7567,0.006488
MULE-7566,0.01302
MULE-7565,0.01142
MULE-7563,0.051463
MULE-7562,0.301465
MULE-7561,0.016153
MULE-7560,0.039343
MULE-7559,0.01142
MULE-7558,0.013849
MULE-7557,0.978549
MULE-7554,0.022457
MULE-7553,0.07343
MULE-7552,0.016029
MULE-7551,0.94699
MULE-7550,0.005555
MULE-7549,0.197135
MULE-7548,0.014392
MULE-7547,0.465145
MULE-7546,0.291989
MULE-7545,0.988313
MULE-7543,0.098773
MULE-7542,0.017177
MULE-7540,0.165054
MULE-7538,0.020646
MULE-7536,0.012147
MULE-7535,0.016657
MULE-7534,0.008511
MULE-7533,0.017986
MULE-7532,0.015544
MULE-7531,0.882428
MULE-7530,0.924688
MULE-7529,0.949669
MULE-7528,0.879974
MULE-7527,0.824462
MULE-7524,0.00838
MULE-7523,0.425128
MULE-7521,0.025957
MULE-7520,0.020646
MULE-7519,0.015906
MULE-7517,0.045016
MULE-7516,0.171338
MULE-7515,0.012336
MULE-7513,0.308763
MULE-7512,0.005555
MULE-7510,0.015785
MULE-7509,0.014282
MULE-7507,0.069795
MULE-7506,0.029535
MULE-7505,0.01302
MULE-7504,0.033337
MULE-7503,0.976129
MULE-7502,0.019124
MULE-7501,0.732783
MULE-7500,0.008577
MULE-7499,0.178097
MULE-7498,0.09236
MULE-7497,0.896614
MULE-7496,0.875361
MULE-7495,0.987946
MULE-7494,0.016153
MULE-7493,0.010091
MULE-7492,0.52683
MULE-7491,0.009634
MULE-7490,0.086942
MULE-7489,0.017177
MULE-7488,0.00629
MULE-7486,0.057071
MULE-7485,0.014172
MULE-7484,0.857291
MULE-7483,0.444324
MULE-7482,0.983847
MULE-7481,0.954308
MULE-7480,0.065366
MULE-7478,0.215351
MULE-7477,0.295535
MULE-7476,0.076408
MULE-7475,0.037047
MULE-7474,0.035411
MULE-7473,0.086323
MULE-7472,0.059428
MULE-7471,0.045353
MULE-7470,0.823896
MULE-7469,0.510252
MULE-7468,0.344995
MULE-7467,0.298287
MULE-7466,0.040541
MULE-7464,0.987568
MULE-7463,0.018405
MULE-7459,0.008644
MULE-7458,0.977023
MULE-7457,0.927888
MULE-7456,0.008511
MULE-7455,0.016785
MULE-7450,0.020804
MULE-7448,0.771155
MULE-7447,0.97631
MULE-7446,0.956957
MULE-7445,0.006004
MULE-7444,0.927626
MULE-7443,0.91118
MULE-7439,0.933915
MULE-7438,0.930458
MULE-7437,0.071591
MULE-7436,0.054199
MULE-7435,0.03259
MULE-7433,0.207215
MULE-7431,0.010735
MULE-7429,0.013637
MULE-7428,0.981022
MULE-7427,0.972831
MULE-7426,0.012821
MULE-7425,0.011869
MULE-7423,0.867485
MULE-7421,0.370204
MULE-7420,0.023331
MULE-7418,0.007233
MULE-7417,0.012147
MULE-7416,0.006904
MULE-7415,0.013956
MULE-7414,0.089137
MULE-7413,0.015189
MULE-7412,0.006693
MULE-7411,0.021451
MULE-7409,0.486332
MULE-7408,0.052619
MULE-7407,0.04778
MULE-7406,0.014842
MULE-7405,0.865679
MULE-7404,0.494141
MULE-7403,0.010408
MULE-7402,0.045692
MULE-7401,0.857291
MULE-7400,0.014064
MULE-7399,0.017177
MULE-7398,0.071851
MULE-7396,0.94699
MULE-7395,0.025957
MULE-7394,0.014392
MULE-7391,0.981453
MULE-7390,0.018264
MULE-7389,0.033337
MULE-7388,0.212722
MULE-7387,0.944995
MULE-7386,0.020332
MULE-7385,0.018833
MULE-7384,0.010091
MULE-7383,0.019719
MULE-7382,0.008062
MULE-7380,0.008847
MULE-7379,0.012723
MULE-7378,0.032837
MULE-7377,0.014616
MULE-7376,0.01142
MULE-7375,0.971992
MULE-7374,0.009486
MULE-7373,0.019871
MULE-7372,0.011597
MULE-7371,0.277473
MULE-7370,0.96378
MULE-7369,0.123366
MULE-7368,0.012241
MULE-7367,0.294925
MULE-7366,0.012432
MULE-7365,0.018264
MULE-7363,0.13569
MULE-7362,0.415847
MULE-7361,0.008847
MULE-7358,0.048137
MULE-7357,0.953966
MULE-7356,0.846958
MULE-7355,0.610976
MULE-7354,0.659734
MULE-7353,0.014064
MULE-7352,0.013742
MULE-7349,0.010489
MULE-7348,0.027796
MULE-7346,0.020804
MULE-7345,0.264358
MULE-7344,0.012528
MULE-7343,0.015664
MULE-7342,0.014616
MULE-7341,0.017577
MULE-7340,0.017577
MULE-7339,0.023871
MULE-7338,0.011869
MULE-7337,0.32536
MULE-7336,0.982014
MULE-7335,0.017849
MULE-7334,0.006904
MULE-7333,0.011508
MULE-7332,0.015785
MULE-7331,0.009486
MULE-7330,0.947769
MULE-7329,0.00629
MULE-7328,0.043691
MULE-7327,0.01302
MULE-7326,0.024798
MULE-7325,0.054601
MULE-7324,0.013849
MULE-7323,0.009708
MULE-7322,0.028221
MULE-7321,0.844922
MULE-7320,0.008985
MULE-7319,0.032101
MULE-7317,0.012625
MULE-7316,0.039937
MULE-7315,0.007938
MULE-7314,0.004007
MULE-7313,0.019719
MULE-7312,0.055413
MULE-7311,0.013428
MULE-7309,0.016403
MULE-7308,0.752377
MULE-7307,0.03622
MULE-7304,0.566498
MULE-7303,0.020023
MULE-7302,0.017712
MULE-7299,0.663451
MULE-7298,0.033086
MULE-7296,0.009784
MULE-7293,0.012054
MULE-7291,0.009634
MULE-7290,0.017712
MULE-7288,0.977714
MULE-7286,0.013956
MULE-7285,0.014504
MULE-7284,0.055823
MULE-7283,0.042404
MULE-7282,0.018405
MULE-7281,0.011245
MULE-7280,0.008188
MULE-7277,0.072637
MULE-7275,0.923592
MULE-7274,0.049959
MULE-7272,0.939025
MULE-7271,0.942929
MULE-7270,0.00582
MULE-7269,0.060087
MULE-7268,0.980129
MULE-7267,0.013428
MULE-7266,0.056652
MULE-7265,0.012054
MULE-7264,0.043366
MULE-7263,0.010408
MULE-7262,0.012723
MULE-7261,0.798501
MULE-7260,0.010987
MULE-7259,0.013532
MULE-7258,0.009486
MULE-7257,0.906322
MULE-7256,0.012528
MULE-7255,0.063019
MULE-7254,0.044019
MULE-7253,0.951863
MULE-7252,0.771155
MULE-7250,0.376165
MULE-7249,0.028436
MULE-7248,0.01653
MULE-7247,0.024988
MULE-7246,0.880797
MULE-7245,0.020023
MULE-7244,0.845942
MULE-7242,0.877477
MULE-7241,0.993612
MULE-7240,0.982423
MULE-7239,0.016657
MULE-7238,0.887984
MULE-7237,0.933431
MULE-7236,0.950778
MULE-7235,0.921358
MULE-7234,0.064418
MULE-7233,0.829492
MULE-7232,0.952926
MULE-7230,0.021125
MULE-7228,0.011687
MULE-7227,0.965641
MULE-7225,0.014729
MULE-7224,0.012528
MULE-7223,0.014504
MULE-7222,0.089137
MULE-7221,0.054199
MULE-7220,0.103386
MULE-7219,0.968856
MULE-7218,0.592431
MULE-7217,0.794704
MULE-7216,0.165054
MULE-7215,0.97649
MULE-7213,0.072637
MULE-7211,0.91611
MULE-7209,0.008779
MULE-7208,0.011245
MULE-7207,0.957596
MULE-7206,0.63624
MULE-7205,0.772531
MULE-7203,0.982955
MULE-7202,0.027796
MULE-7201,0.011869
MULE-7200,0.009055
MULE-7197,0.884439
MULE-7196,0.958226
MULE-7194,0.015189
MULE-7192,0.035948
MULE-7191,0.96741
MULE-7188,0.835484
MULE-7187,0.967163
MULE-7186,0.012723
MULE-7185,0.867036
MULE-7184,0.892563
MULE-7183,0.012147
MULE-7182,0.732592
MULE-7181,0.974043
MULE-7178,0.017986
MULE-7177,0.230573
MULE-7176,0.971129
MULE-7174,0.018264
MULE-7173,0.939471
MULE-7171,0.411111
MULE-7170,0.048137
MULE-7169,0.947381
MULE-7168,0.012054
MULE-7165,0.012821
MULE-7164,0.01302
MULE-7163,0.691393
MULE-7162,0.541894
MULE-7160,0.009784
MULE-7159,0.983343
MULE-7158,0.010902
MULE-7157,0.928926
MULE-7156,0.018978
MULE-7155,0.947381
MULE-7150,0.832781
MULE-7149,0.007696
MULE-7148,0.701509
MULE-7147,0.085709
MULE-7146,0.016657
MULE-7145,0.755997
MULE-7144,0.915507
MULE-7143,0.020646
MULE-7142,0.814053
MULE-7141,0.959459
MULE-7140,0.981595
MULE-7139,0.953275
MULE-7138,0.343617
MULE-7137,0.022803
MULE-7136,0.97649
MULE-7135,0.970013
MULE-7134,0.858719
MULE-7133,0.973241
MULE-7132,0.123789
MULE-7131,0.845433
MULE-7129,0.130285
MULE-7128,0.979977
MULE-7127,0.940353
MULE-7126,0.560974
MULE-7125,0.008779
MULE-7124,0.765593
MULE-7123,0.018978
MULE-7122,0.052619
MULE-7121,0.014842
MULE-7120,0.440951
MULE-7119,0.00483
MULE-7118,0.037892
MULE-7116,0.006904
MULE-7115,0.008062
MULE-7114,0.009559
MULE-7113,0.218003
MULE-7112,0.543833
MULE-7111,0.01142
MULE-7110,0.841305
MULE-7109,0.795022
MULE-7108,0.981022
MULE-7107,0.826151
MULE-7105,0.009784
MULE-7103,0.903975
MULE-7102,0.014282
MULE-7101,0.954984
MULE-7099,0.100525
MULE-7098,0.049222
MULE-7097,0.957278
MULE-7092,0.020177
MULE-7091,0.007012
MULE-7090,0.984336
MULE-7089,0.685107
MULE-7088,0.801315
MULE-7087,0.014392
MULE-7086,0.964855
MULE-7084,0.055209
MULE-7083,0.012528
MULE-7082,0.926304
MULE-7081,0.161056
MULE-7080,0.010987
MULE-7079,0.295027
MULE-7078,0.992539
MULE-7077,0.959154
MULE-7076,0.187728
MULE-7074,0.183887
MULE-7073,0.397237
MULE-7072,0.384219
MULE-7071,0.033337
MULE-7070,0.977543
MULE-7069,0.027376
MULE-7068,0.070049
MULE-7067,0.945801
MULE-7066,0.010987
MULE-7065,0.011332
MULE-7064,0.093347
MULE-7063,0.973645
MULE-7061,0.019124
MULE-7059,0.018264
MULE-7058,0.983723
MULE-7057,0.259638
MULE-7055,0.025179
MULE-7053,0.026355
MULE-7052,0.980431
MULE-7051,0.026156
MULE-7050,0.026557
MULE-7049,0.044019
MULE-7044,0.981453
MULE-7043,0.012528
MULE-7042,0.010249
MULE-7041,0.064418
MULE-7040,0.012241
MULE-7039,0.275519
MULE-7037,0.004982
MULE-7036,0.023153
MULE-7035,0.937211
MULE-7034,0.011072
MULE-7033,0.01653
MULE-7031,0.594904
MULE-7030,0.794704
MULE-7028,0.013325
MULE-7027,0.014729
MULE-7026,0.974239
MULE-7025,0.023153
MULE-7024,0.009708
MULE-7023,0.386879
MULE-7022,0.028653
MULE-7021,0.014392
MULE-7020,0.26322
MULE-7019,0.011072
MULE-7018,0.089773
MULE-7017,0.020646
MULE-7016,0.624122
MULE-7015,0.011072
MULE-7014,0.013121
MULE-7013,0.267217
MULE-7012,0.018264
MULE-7011,0.827271
MULE-7010,0.933431
MULE-7008,0.010735
MULE-7007,0.008644
MULE-7006,0.013121
MULE-7004,0.007938
MULE-7003,0.979036
MULE-7002,0.012147
MULE-7001,0.933915
MULE-7000,0.212395
MULE-6999,0.011332
MULE-6998,0.035948
MULE-6997,0.015906
MULE-6996,0.02461
MULE-6994,0.009708
MULE-6992,0.015425
MULE-6991,0.012336
MULE-6989,0.016403
MULE-6988,0.737536
MULE-6987,0.016785
MULE-6986,0.009784
MULE-6985,0.439266
MULE-6984,0.01292
MULE-6983,0.022977
MULE-6982,0.067793
MULE-6979,0.015785
MULE-6978,0.570092
MULE-6977,0.178383
MULE-6976,0.015785
MULE-6975,0.013325
MULE-6974,0.951142
MULE-6973,0.020023
MULE-6972,0.018405
MULE-6971,0.025179
MULE-6968,0.90261
MULE-6966,0.032837
MULE-6965,0.009268
MULE-6964,0.013121
MULE-6963,0.012723
MULE-6962,0.00659
MULE-6961,0.062103
MULE-6960,0.83602
MULE-6959,0.037047
MULE-6958,0.973037
MULE-6957,0.018405
MULE-6956,0.131619
MULE-6955,0.044349
MULE-6954,0.053999
MULE-6952,0.100172
MULE-6947,0.007696
MULE-6946,0.007696
MULE-6945,0.00986
MULE-6943,0.010489
MULE-6941,0.00934
MULE-6940,0.015073
MULE-6939,0.011158
MULE-6938,0.01057
MULE-6937,0.015544
MULE-6935,0.720368
MULE-6934,0.948155
MULE-6932,0.879974
MULE-6929,0.858719
MULE-6927,0.632673
MULE-6926,0.082994
MULE-6925,0.868827
MULE-6924,0.009197
MULE-6923,0.039937
MULE-6922,0.008577
MULE-6921,0.890675
MULE-6918,0.968381
MULE-6917,0.016277
MULE-6916,0.145601
MULE-6914,0.015906
MULE-6913,0.975202
MULE-6912,0.010987
MULE-6911,0.186836
MULE-6910,0.021125
MULE-6909,0.156878
MULE-6906,0.857768
MULE-6905,0.793426
MULE-6904,0.278944
MULE-6903,0.007696
MULE-6902,0.926835
MULE-6901,0.962108
MULE-6900,0.865679
MULE-6899,0.981311
MULE-6898,0.989013
MULE-6897,0.027585
MULE-6896,0.349588
MULE-6895,0.012528
MULE-6894,0.400515
MULE-6893,0.794704
MULE-6892,0.025179
MULE-6891,0.985936
MULE-6890,0.750918
MULE-6888,0.012723
MULE-6886,0.027376
MULE-6885,0.027796
MULE-6884,0.010902
MULE-6883,0.238462
MULE-6881,0.959154
MULE-6880,0.00934
MULE-6879,0.903975
MULE-6877,0.877056
MULE-6873,0.803174
MULE-6872,0.978713
MULE-6871,0.012054
MULE-6869,0.013742
MULE-6868,0.936749
MULE-6867,0.01302
MULE-6866,0.311846
MULE-6865,0.008985
MULE-6864,0.008446
MULE-6863,0.018264
MULE-6862,0.91848
MULE-6861,0.470737
MULE-6860,0.013849
MULE-6859,0.15662
MULE-6858,0.009055
MULE-6856,0.185357
MULE-6855,0.015189
MULE-6854,0.519034
MULE-6853,0.006388
MULE-6852,0.312055
MULE-6850,0.011158
MULE-6849,0.01057
MULE-6848,0.977197
MULE-6846,0.782663
MULE-6845,0.795658
MULE-6844,0.046378
MULE-6843,0.984336
MULE-6842,0.008188
MULE-6841,0.008511
MULE-6840,0.956634
MULE-6837,0.012528
MULE-6835,0.957596
MULE-6834,0.952574
MULE-6832,0.008188
MULE-6829,0.014392
MULE-6828,0.007121
MULE-6827,0.011869
MULE-6826,0.038466
MULE-6825,0.953966
MULE-6824,0.013121
MULE-6820,0.012723
MULE-6819,0.128307
MULE-6818,0.009486
MULE-6817,0.008644
MULE-6816,0.015073
MULE-6815,0.039937
MULE-6814,0.972415
MULE-6812,0.243283
MULE-6811,0.010328
MULE-6810,0.012432
MULE-6809,0.076684
MULE-6808,0.012147
MULE-6803,0.009784
MULE-6802,0.917303
MULE-6801,0.013742
MULE-6800,0.013121
MULE-6799,0.107437
MULE-6798,0.019419
MULE-6796,0.304662
MULE-6795,0.021125
MULE-6794,0.82559
MULE-6793,0.008577
MULE-6792,0.013849
MULE-6791,0.015073
MULE-6790,0.010091
MULE-6789,0.017177
MULE-6788,0.065845
MULE-6787,0.011072
MULE-6786,0.013121
MULE-6785,0.006798
MULE-6784,0.869715
MULE-6783,0.009197
MULE-6781,0.033844
MULE-6779,0.010328
MULE-6778,0.020646
MULE-6777,0.385722
MULE-6776,0.01292
MULE-6775,0.025761
MULE-6774,0.008779
MULE-6773,0.015785
MULE-6772,0.954308
MULE-6771,0.032344
MULE-6770,0.008062
MULE-6769,0.014504
MULE-6768,0.010735
MULE-6767,0.15662
MULE-6766,0.007346
MULE-6765,0.017442
MULE-6764,0.088505
MULE-6763,0.942507
MULE-6761,0.021948
MULE-6760,0.009559
MULE-6758,0.015073
MULE-6757,0.124213
MULE-6756,0.015544
MULE-6755,0.96741
MULE-6754,0.042404
MULE-6753,0.021948
MULE-6751,0.007938
MULE-6749,0.024054
MULE-6748,0.408631
MULE-6746,0.013121
MULE-6744,0.954984
MULE-6743,0.014172
MULE-6742,0.038756
MULE-6741,0.011961
MULE-6739,0.049589
MULE-6738,0.952926
MULE-6737,0.009784
MULE-6736,0.010653
MULE-6735,0.007938
MULE-6732,0.013532
MULE-6731,0.014957
MULE-6730,0.090414
MULE-6728,0.025371
MULE-6727,0.958226
MULE-6726,0.987946
MULE-6725,0.006193
MULE-6724,0.012054
MULE-6722,0.006004
MULE-6720,0.032101
MULE-6717,0.956634
MULE-6716,0.446495
MULE-6714,0.037892
MULE-6713,0.039937
MULE-6712,0.015073
MULE-6711,0.878314
MULE-6710,0.173009
MULE-6708,0.026156
MULE-6706,0.017712
MULE-6705,0.010408
MULE-6704,0.00934
MULE-6703,0.984094
MULE-6702,0.015906
MULE-6701,0.710025
MULE-6700,0.096365
MULE-6699,0.009126
MULE-6698,0.018833
MULE-6697,0.317903
MULE-6696,0.047074
MULE-6695,0.970909
MULE-6694,0.292848
MULE-6693,0.012528
MULE-6692,0.01292
MULE-6691,0.079782
MULE-6689,0.38769
MULE-6688,0.118793
MULE-6687,0.028653
MULE-6684,0.889144
MULE-6683,0.960361
MULE-6682,0.069795
MULE-6681,0.312141
MULE-6673,0.039937
MULE-6672,0.277886
MULE-6671,0.087252
MULE-6668,0.012821
MULE-6665,0.922482
MULE-6663,0.787931
MULE-6661,0.83868
MULE-6659,0.969556
MULE-6657,0.591487
MULE-6656,0.948155
MULE-6655,0.927888
MULE-6654,0.005911
MULE-6653,0.932944
MULE-6650,0.032344
MULE-6649,0.476823
MULE-6647,0.333937
MULE-6646,0.903975
MULE-6645,0.06256
MULE-6642,0.158174
MULE-6641,0.251648
MULE-6640,0.012054
MULE-6638,0.023871
MULE-6637,0.023871
MULE-6636,0.009708
MULE-6633,0.819316
MULE-6632,0.552298
MULE-6630,0.015073
MULE-6628,0.887595
MULE-6627,0.009413
MULE-6626,0.00934
MULE-6624,0.560974
MULE-6623,0.011869
MULE-6622,0.010091
MULE-6621,0.011158
MULE-6620,0.307202
MULE-6619,0.036769
MULE-6618,0.975762
MULE-6616,0.180395
MULE-6615,0.224055
MULE-6614,0.00506
MULE-6613,0.008062
MULE-6612,0.037047
MULE-6611,0.014172
MULE-6609,0.027585
MULE-6608,0.018833
MULE-6607,0.013428
MULE-6606,0.010818
MULE-6604,0.033337
MULE-6602,0.29747
MULE-6601,0.048858
MULE-6600,0.847463
MULE-6599,0.007577
MULE-6598,0.718792
MULE-6597,0.093347
MULE-6596,0.011245
MULE-6595,0.016785
MULE-6594,0.028871
MULE-6593,0.005555
MULE-6591,0.01057
MULE-6590,0.013325
MULE-6589,0.024054
MULE-6587,0.013742
MULE-6586,0.38549
MULE-6585,0.955651
MULE-6584,0.024798
MULE-6583,0.023153
MULE-6582,0.011508
MULE-6581,0.007121
MULE-6580,0.936749
MULE-6579,0.257392
MULE-6578,0.86431
MULE-6577,0.012625
MULE-6575,0.028436
MULE-6573,0.012147
MULE-6569,0.021948
MULE-6567,0.023331
MULE-6565,0.010091
MULE-6562,0.973443
MULE-6560,0.010091
MULE-6559,0.010987
MULE-6558,0.008316
MULE-6557,0.011778
MULE-6555,0.015425
MULE-6554,0.024988
MULE-6552,0.016785
MULE-6551,0.011072
MULE-6550,0.009784
MULE-6549,0.017045
MULE-6548,0.007346
MULE-6547,0.012054
MULE-6546,0.013849
MULE-6545,0.017045
MULE-6543,0.013532
MULE-6540,0.982955
MULE-6539,0.213377
MULE-6538,0.01653
MULE-6537,0.021287
MULE-6536,0.017177
MULE-6535,0.011961
MULE-6534,0.015785
MULE-6533,0.009055
MULE-6532,0.00934
MULE-6531,0.018405
MULE-6530,0.010014
MULE-6529,0.018264
MULE-6527,0.011508
MULE-6526,0.016277
MULE-6525,0.013956
MULE-6523,0.986363
MULE-6522,0.014504
MULE-6520,0.945801
MULE-6519,0.113973
MULE-6518,0.920218
MULE-6517,0.015785
MULE-6516,0.006693
MULE-6515,0.025957
MULE-6514,0.504394
MULE-6513,0.379608
MULE-6512,0.67405
MULE-6511,0.018978
MULE-6509,0.240775
MULE-6507,0.629319
MULE-6506,0.985718
MULE-6505,0.012625
MULE-6503,0.013637
MULE-6502,0.058993
MULE-6501,0.016657
MULE-6499,0.01302
MULE-6498,0.138462
MULE-6497,0.105579
MULE-6494,0.010489
MULE-6492,0.011687
MULE-6491,0.012723
MULE-6490,0.019569
MULE-6489,0.015073
MULE-6488,0.010902
MULE-6487,0.007012
MULE-6486,0.011687
MULE-6485,0.014392
MULE-6475,0.012241
MULE-6472,0.014172
MULE-6471,0.010014
MULE-6470,0.899828
MULE-6468,0.012821
MULE-6467,0.959154
MULE-6466,0.977543
MULE-6465,0.977543
MULE-6464,0.007121
MULE-6463,0.973443
MULE-6462,0.029312
MULE-6460,0.007816
MULE-6459,0.909586
MULE-6458,0.008985
MULE-6457,0.005642
MULE-6456,0.01653
MULE-6454,0.014842
MULE-6453,0.01302
MULE-6452,0.020177
MULE-6451,0.010902
MULE-6450,0.011072
MULE-6448,0.008188
MULE-6447,0.012054
MULE-6445,0.011687
MULE-6444,0.029987
MULE-6443,0.323754
MULE-6442,0.972831
MULE-6441,0.009936
MULE-6440,0.013849
MULE-6439,0.027376
MULE-6438,0.019871
MULE-6437,0.018405
MULE-6436,0.981167
MULE-6435,0.007012
MULE-6434,0.014842
MULE-6433,0.006488
MULE-6431,0.023509
MULE-6428,0.011961
MULE-6427,0.018978
MULE-6426,0.016915
MULE-6423,0.652546
MULE-6422,0.010489
MULE-6421,0.014282
MULE-6419,0.672547
MULE-6418,0.027376
MULE-6417,0.014616
MULE-6415,0.20466
MULE-6412,0.015306
MULE-6409,0.024054
MULE-6408,0.007121
MULE-6407,0.007121
MULE-6406,0.953966
MULE-6405,0.655887
MULE-6404,0.41253
MULE-6403,0.013956
MULE-6402,0.933915
MULE-6401,0.015073
MULE-6400,0.020489
MULE-6399,0.075041
MULE-6398,0.026964
MULE-6397,0.958226
MULE-6396,0.006388
MULE-6395,0.037047
MULE-6394,0.009784
MULE-6393,0.008779
MULE-6391,0.010328
MULE-6390,0.026156
MULE-6388,0.018689
MULE-6387,0.01292
MULE-6386,0.016403
MULE-6385,0.008062
MULE-6383,0.007696
MULE-6382,0.01653
MULE-6380,0.007816
MULE-6378,0.93196
MULE-6376,0.82559
MULE-6375,0.278747
MULE-6373,0.955319
MULE-6372,0.988668
MULE-6371,0.824462
MULE-6370,0.014729
MULE-6369,0.976129
MULE-6368,0.015664
MULE-6367,0.005385
MULE-6366,0.012054
MULE-6365,0.007461
MULE-6362,0.004905
MULE-6361,0.197444
MULE-6359,0.020332
MULE-6358,0.924142
MULE-6357,0.937669
MULE-6356,0.969324
MULE-6355,0.011597
MULE-6354,0.010091
MULE-6353,0.307046
MULE-6352,0.140808
MULE-6351,0.005385
MULE-6350,0.00838
MULE-6349,0.029987
MULE-6345,0.004755
MULE-6344,0.104843
MULE-6343,0.010249
MULE-6341,0.014842
MULE-6340,0.018125
MULE-6339,0.015664
MULE-6338,0.339171
MULE-6337,0.786295
MULE-6336,0.91118
MULE-6335,0.009126
MULE-6334,0.008644
MULE-6332,0.246352
MULE-6331,0.014282
MULE-6330,0.011687
MULE-6329,0.032837
MULE-6328,0.025957
MULE-6326,0.006488
MULE-6325,0.016403
MULE-6323,0.054199
MULE-6321,0.014172
MULE-6320,0.962673
MULE-6319,0.011687
MULE-6318,0.03622
MULE-6317,0.009268
MULE-6311,0.023871
MULE-6310,0.921922
MULE-6308,0.971129
MULE-6307,0.067547
MULE-6305,0.942929
MULE-6303,0.008316
MULE-6300,0.901921
MULE-6297,0.746509
MULE-6296,0.882428
MULE-6294,0.007938
MULE-6293,0.012336
MULE-6292,0.019871
MULE-6291,0.012336
MULE-6289,0.018125
MULE-6286,0.924415
MULE-6284,0.010735
MULE-6283,0.020804
MULE-6282,0.749821
MULE-6281,0.125065
MULE-6280,0.010987
MULE-6279,0.008985
MULE-6278,0.224735
MULE-6277,0.059428
MULE-6275,0.009559
MULE-6274,0.01292
MULE-6272,0.011778
MULE-6270,0.006193
MULE-6269,0.01302
MULE-6268,0.016153
MULE-6267,0.877477
MULE-6266,0.240061
MULE-6265,0.184473
MULE-6262,0.515132
MULE-6261,0.025371
MULE-6259,0.009936
MULE-6257,0.044019
MULE-6256,0.223038
MULE-6255,0.012528
MULE-6254,0.007233
MULE-6253,0.025179
MULE-6252,0.031619
MULE-6251,0.837088
MULE-6249,0.020023
MULE-6247,0.021781
MULE-6246,0.165054
MULE-6245,0.007233
MULE-6244,0.00659
MULE-6243,0.014064
MULE-6242,0.033086
MULE-6241,0.019124
MULE-6240,0.015073
MULE-6239,0.779993
MULE-6238,0.008847
MULE-6237,0.358016
MULE-6234,0.019124
MULE-6232,0.020177
MULE-6230,0.259638
MULE-6229,0.284775
MULE-6228,0.66296
MULE-6227,0.767341
MULE-6226,0.007461
MULE-6225,0.028008
MULE-6224,0.043043
MULE-6223,0.026964
MULE-6221,0.009559
MULE-6218,0.055413
MULE-6217,0.015073
MULE-6214,0.045692
MULE-6207,0.025761
MULE-6206,0.006693
MULE-6205,0.016029
MULE-6204,0.01292
MULE-6203,0.02461
MULE-6201,0.012147
MULE-6199,0.016029
MULE-6198,0.010408
MULE-6197,0.011597
MULE-6196,0.008511
MULE-6191,0.015189
MULE-6190,0.015425
MULE-6188,0.014729
MULE-6187,0.005469
MULE-6186,0.011332
MULE-6185,0.147801
MULE-6184,0.010249
MULE-6183,0.014282
MULE-6182,0.042088
MULE-6180,0.017986
MULE-6179,0.011687
MULE-6178,0.012241
MULE-6177,0.117167
MULE-6176,0.012432
MULE-6175,0.010014
MULE-6174,0.015306
MULE-6172,0.31363
MULE-6171,0.01057
MULE-6170,0.012625
MULE-6169,0.008644
MULE-6168,0.005911
MULE-6167,0.016657
MULE-6166,0.022629
MULE-6165,0.011597
MULE-6164,0.83868
MULE-6163,0.027169
MULE-6162,0.028653
MULE-6161,0.006388
MULE-6160,0.027585
MULE-6159,0.024798
MULE-6158,0.016029
MULE-6157,0.020177
MULE-6156,0.009126
MULE-6154,0.020804
MULE-6153,0.919063
MULE-6152,0.007696
MULE-6151,0.015189
MULE-6150,0.30013
MULE-6149,0.008316
MULE-6148,0.102664
MULE-6147,0.950411
MULE-6146,0.014504
MULE-6145,0.964589
MULE-6144,0.014064
MULE-6143,0.022286
MULE-6142,0.016403
MULE-6141,0.071591
MULE-6140,0.014064
MULE-6139,0.01142
MULE-6138,0.018978
MULE-6137,0.017577
MULE-6136,0.009197
MULE-6135,0.407569
MULE-6132,0.175538
MULE-6131,0.023509
MULE-6130,0.00986
MULE-6129,0.809276
MULE-6128,0.017442
MULE-6127,0.018689
MULE-6126,0.051083
MULE-6125,0.125493
MULE-6124,0.006098
MULE-6123,0.044019
MULE-6122,0.039639
MULE-6121,0.698021
MULE-6120,0.092688
MULE-6117,0.862468
MULE-6116,0.799442
MULE-6115,0.037892
MULE-6114,0.026557
MULE-6113,0.582966
MULE-6112,0.012723
MULE-6111,0.021948
MULE-6110,0.496582
MULE-6109,0.879561
MULE-6108,0.271541
MULE-6107,0.838151
MULE-6106,0.032344
MULE-6105,0.971779
MULE-6104,0.030444
MULE-6103,0.254602
MULE-6102,0.014616
MULE-6101,0.873647
MULE-6100,0.944587
MULE-6099,0.011778
MULE-6098,0.010987
MULE-6097,0.124639
MULE-6096,0.013325
MULE-6095,0.269614
MULE-6090,0.006488
MULE-6089,0.974435
MULE-6088,0.865224
MULE-6087,0.984811
MULE-6086,0.00986
MULE-6085,0.016277
MULE-6084,0.041153
MULE-6083,0.970688
MULE-6082,0.012147
MULE-6081,0.99014
MULE-6080,0.784979
MULE-6079,0.015664
MULE-6078,0.251096
MULE-6075,0.827271
MULE-6074,0.971347
MULE-6073,0.698432
MULE-6072,0.655777
MULE-6071,0.802246
MULE-6070,0.970688
MULE-6069,0.009784
MULE-6067,0.412293
MULE-6066,0.019719
MULE-6064,0.01017
MULE-6063,0.015073
MULE-6062,0.014616
MULE-6061,0.260954
MULE-6060,0.016029
MULE-6059,0.986572
MULE-6054,0.252845
MULE-6053,0.020489
MULE-6052,0.008779
MULE-6051,0.007938
MULE-6050,0.015425
MULE-6048,0.191026
MULE-6047,0.019271
MULE-6046,0.020804
MULE-6045,0.900879
MULE-6044,0.941654
MULE-6043,0.92944
MULE-6042,0.014064
MULE-6041,0.919643
MULE-6040,0.627801
MULE-6037,0.022977
MULE-6036,0.797872
MULE-6032,0.016785
MULE-6030,0.017309
MULE-6029,0.016277
MULE-6028,0.011778
MULE-6027,0.012336
MULE-6026,0.015306
MULE-6025,0.013223
MULE-6024,0.019124
MULE-6023,0.028653
MULE-6022,0.012432
MULE-6021,0.980129
MULE-6020,0.952926
MULE-6018,0.017577
MULE-6017,0.013223
MULE-6015,0.113973
MULE-6013,0.021287
MULE-6012,0.013223
MULE-6011,0.152284
MULE-6010,0.978219
MULE-6009,0.010987
MULE-6008,0.813461
MULE-6007,0.023331
MULE-6006,0.140808
MULE-6005,0.008316
MULE-6004,0.015425
MULE-6003,0.025371
MULE-6002,0.067301
MULE-6001,0.034619
MULE-6000,0.128963
MULE-5999,0.029535
MULE-5998,0.01302
MULE-5997,0.020646
MULE-5996,0.926304
MULE-5995,0.069289
MULE-5994,0.83762
MULE-5993,0.989347
MULE-5992,0.169956
MULE-5989,0.022803
MULE-5988,0.012821
MULE-5987,0.010408
MULE-5986,0.9462
MULE-5982,0.959762
MULE-5981,0.018833
MULE-5979,0.021781
MULE-5977,0.041153
MULE-5976,0.02976
MULE-5973,0.038178
MULE-5972,0.769773
MULE-5971,0.022457
MULE-5970,0.030909
MULE-5969,0.959459
MULE-5966,0.365542
MULE-5965,0.011508
MULE-5964,0.012821
MULE-5962,0.031144
MULE-5961,0.035948
MULE-5960,0.958538
MULE-5958,0.950411
MULE-5957,0.36523
MULE-5956,0.021781
MULE-5954,0.022803
MULE-5953,0.008188
MULE-5952,0.045016
MULE-5951,0.719186
MULE-5949,0.954984
MULE-5948,0.012528
MULE-5947,0.004682
MULE-5946,0.013121
MULE-5945,0.012432
MULE-5944,0.058132
MULE-5943,0.011508
MULE-5942,0.010328
MULE-5941,0.006798
MULE-5940,0.955651
MULE-5939,0.962953
MULE-5938,0.012528
MULE-5935,0.934395
MULE-5933,0.014504
MULE-5932,0.015425
MULE-5930,0.545286
MULE-5929,0.046725
MULE-5928,0.008446
MULE-5927,0.008711
MULE-5926,0.017177
MULE-5924,0.960657
MULE-5922,0.142709
MULE-5921,0.985496
MULE-5920,0.91181
MULE-5919,0.00582
MULE-5918,0.020023
MULE-5917,0.017577
MULE-5916,0.954984
MULE-5915,0.271831
MULE-5914,0.931463
MULE-5913,0.011597
MULE-5912,0.627152
MULE-5911,0.985271
MULE-5910,0.932453
MULE-5909,0.888759
MULE-5908,0.880386
MULE-5907,0.010408
MULE-5905,0.571049
MULE-5904,0.904651
MULE-5903,0.965641
MULE-5902,0.080069
MULE-5901,0.46952
MULE-5900,0.949669
MULE-5899,0.811676
MULE-5898,0.957912
MULE-5897,0.954647
MULE-5896,0.980876
MULE-5895,0.97539
MULE-5894,0.969556
MULE-5893,0.957912
MULE-5892,0.014842
MULE-5891,0.00838
MULE-5889,0.010014
MULE-5888,0.130285
MULE-5886,0.883638
MULE-5883,0.007938
MULE-5882,0.72487
MULE-5881,0.012147
MULE-5880,0.958226
MULE-5878,0.749454
MULE-5877,0.008446
MULE-5876,0.009634
MULE-5875,0.969556
MULE-5874,0.008711
MULE-5873,0.028653
MULE-5872,0.019419
MULE-5871,0.013121
MULE-5870,0.016277
MULE-5867,0.640355
MULE-5866,0.008188
MULE-5864,0.007346
MULE-5863,0.013742
MULE-5862,0.220678
MULE-5861,0.01302
MULE-5860,0.017986
MULE-5858,0.018978
MULE-5857,0.018405
MULE-5856,0.071332
MULE-5855,0.014172
MULE-5854,0.010249
MULE-5851,0.245808
MULE-5849,0.017177
MULE-5848,0.760651
MULE-5847,0.008188
MULE-5845,0.012821
MULE-5844,0.01057
MULE-5843,0.005469
MULE-5842,0.058561
MULE-5841,0.015306
MULE-5840,0.011508
MULE-5839,0.831143
MULE-5837,0.013121
MULE-5836,0.013956
MULE-5835,0.015906
MULE-5834,0.007577
MULE-5833,0.092033
MULE-5831,0.017849
MULE-5830,0.018689
MULE-5829,0.023871
MULE-5828,0.012625
MULE-5827,0.011778
MULE-5826,0.453746
MULE-5825,0.009936
MULE-5824,0.008062
MULE-5823,0.008779
MULE-5822,0.016277
MULE-5821,0.02976
MULE-5819,0.991015
MULE-5818,0.05301
MULE-5816,0.351951
MULE-5814,0.907312
MULE-5813,0.013428
MULE-5812,0.083591
MULE-5811,0.01142
MULE-5810,0.011158
MULE-5809,0.212559
MULE-5808,0.020489
MULE-5806,0.03359
MULE-5804,0.979823
MULE-5803,0.017849
MULE-5801,0.021125
MULE-5797,0.017309
MULE-5796,0.013637
MULE-5795,0.007346
MULE-5794,0.013325
MULE-5793,0.007577
MULE-5792,0.020177
MULE-5790,0.010408
MULE-5789,0.013428
MULE-5788,0.017309
MULE-5787,0.048137
MULE-5786,0.013637
MULE-5785,0.015189
MULE-5784,0.015785
MULE-5783,0.01142
MULE-5782,0.432063
MULE-5781,0.016153
MULE-5780,0.070304
MULE-5779,0.014842
MULE-5777,0.012147
MULE-5776,0.021287
MULE-5773,0.024054
MULE-5771,0.006488
MULE-5770,0.008711
MULE-5769,0.009413
MULE-5767,0.212886
MULE-5766,0.856332
MULE-5765,0.010091
MULE-5764,0.009784
MULE-5763,0.030215
MULE-5762,0.014392
MULE-5759,0.014957
MULE-5758,0.009197
MULE-5757,0.015664
MULE-5756,0.031859
MULE-5755,0.013223
MULE-5754,0.043366
MULE-5752,0.163179
MULE-5751,0.960657
MULE-5750,0.010653
MULE-5748,0.016785
MULE-5747,0.032344
MULE-5746,0.434941
MULE-5744,0.011158
MULE-5743,0.012723
MULE-5742,0.005385
MULE-5741,0.011332
MULE-5740,0.014504
MULE-5739,0.015189
MULE-5738,0.025371
MULE-5737,0.015306
MULE-5736,0.012528
MULE-5734,0.009486
MULE-5733,0.579757
MULE-5732,0.011332
MULE-5731,0.026355
MULE-5730,0.010249
MULE-5729,0.021125
MULE-5727,0.426322
MULE-5726,0.012147
MULE-5723,0.014616
MULE-5722,0.008577
MULE-5720,0.008252
MULE-5719,0.07056
MULE-5718,0.010091
MULE-5717,0.019124
MULE-5716,0.017045
MULE-5715,0.008188
MULE-5714,0.008847
MULE-5713,0.010735
MULE-5712,0.016153
MULE-5711,0.017177
MULE-5710,0.009784
MULE-5708,0.008511
MULE-5707,0.016785
MULE-5706,0.013223
MULE-5705,0.006693
MULE-5704,0.008916
MULE-5702,0.016153
MULE-5701,0.026964
MULE-5700,0.023689
MULE-5699,0.007346
MULE-5698,0.072637
MULE-5697,0.010987
MULE-5696,0.009708
MULE-5695,0.00934
MULE-5694,0.01057
MULE-5693,0.989986
MULE-5691,0.017045
MULE-5690,0.048858
MULE-5689,0.830044
MULE-5687,0.024798
MULE-5686,0.735262
MULE-5685,0.010091
MULE-5684,0.012625
MULE-5683,0.010091
MULE-5682,0.021781
MULE-5681,0.012432
MULE-5680,0.010902
MULE-5679,0.171061
MULE-5678,0.008916
MULE-5677,0.016277
MULE-5675,0.007577
MULE-5674,0.019871
MULE-5673,0.010328
MULE-5672,0.01057
MULE-5671,0.01057
MULE-5670,0.028008
MULE-5669,0.027796
MULE-5667,0.010653
MULE-5666,0.954984
MULE-5665,0.021287
MULE-5664,0.009559
MULE-5663,0.019271
MULE-5662,0.03359
MULE-5661,0.010249
MULE-5660,0.948917
MULE-5659,0.092688
MULE-5658,0.056236
MULE-5657,0.532668
MULE-5656,0.014729
MULE-5655,0.860134
MULE-5653,0.010735
MULE-5652,0.010489
MULE-5651,0.008446
MULE-5648,0.010249
MULE-5647,0.013223
MULE-5646,0.018125
MULE-5645,0.011072
MULE-5644,0.025957
MULE-5643,0.032837
MULE-5642,0.008252
MULE-5641,0.019419
MULE-5640,0.970465
MULE-5639,0.703142
MULE-5638,0.436622
MULE-5635,0.753467
MULE-5634,0.753467
MULE-5632,0.012821
MULE-5631,0.013849
MULE-5630,0.913058
MULE-5629,0.016277
MULE-5628,0.013956
MULE-5627,0.011597
MULE-5626,0.006904
MULE-5625,0.012528
MULE-5624,0.015073
MULE-5623,0.013325
MULE-5621,0.924142
MULE-5620,0.838151
MULE-5618,0.011072
MULE-5617,0.010014
MULE-5616,0.015664
MULE-5615,0.089137
MULE-5614,0.016153
MULE-5613,0.016785
MULE-5612,0.018689
MULE-5611,0.058993
MULE-5607,0.09739
MULE-5606,0.03622
MULE-5603,0.833325
MULE-5602,0.010249
MULE-5601,0.963506
MULE-5600,0.132964
MULE-5599,0.016915
MULE-5595,0.00514
MULE-5594,0.00514
MULE-5592,0.016785
MULE-5590,0.019569
MULE-5589,0.950041
MULE-5586,0.013121
MULE-5585,0.950778
MULE-5584,0.010014
MULE-5581,0.01292
MULE-5580,0.009559
MULE-5579,0.009634
MULE-5578,0.021125
MULE-5576,0.010408
MULE-5575,0.020023
MULE-5574,0.007938
MULE-5573,0.012821
MULE-5572,0.16132
MULE-5571,0.212232
MULE-5570,0.007121
MULE-5568,0.01017
MULE-5566,0.019719
MULE-5565,0.965119
MULE-5564,0.020023
MULE-5563,0.028871
MULE-5562,0.023153
MULE-5561,0.052619
MULE-5560,0.079782
MULE-5559,0.00838
MULE-5558,0.802556
MULE-5557,0.008446
MULE-5556,0.891434
MULE-5555,0.959459
MULE-5554,0.016915
MULE-5553,0.013428
MULE-5550,0.008511
MULE-5547,0.044681
MULE-5546,0.785966
MULE-5545,0.014957
MULE-5544,0.026355
MULE-5543,0.015785
MULE-5542,0.01292
MULE-5541,0.036494
MULE-5540,0.010328
MULE-5539,0.848471
MULE-5538,0.014172
MULE-5537,0.037609
MULE-5536,0.010818
MULE-5535,0.012821
MULE-5534,0.023871
MULE-5531,0.013325
MULE-5530,0.072637
MULE-5529,0.019124
MULE-5528,0.544317
MULE-5527,0.013121
MULE-5524,0.787278
MULE-5521,0.028436
MULE-5519,0.018125
MULE-5518,0.022457
MULE-5517,0.011332
MULE-5516,0.993612
MULE-5515,0.00838
MULE-5513,0.017442
MULE-5510,0.02976
MULE-5509,0.020964
MULE-5508,0.022977
MULE-5506,0.010328
MULE-5505,0.008511
MULE-5504,0.013532
MULE-5503,0.019124
MULE-5502,0.105211
MULE-5501,0.965119
MULE-5500,0.383988
MULE-5499,0.014616
MULE-5498,0.018689
MULE-5496,0.016029
MULE-5495,0.023331
MULE-5494,0.009126
MULE-5493,0.278061
MULE-5492,0.020804
MULE-5490,0.024423
MULE-5487,0.012241
MULE-5486,0.92079
MULE-5483,0.010249
MULE-5482,0.985718
MULE-5480,0.018689
MULE-5479,0.00986
MULE-5477,0.009936
MULE-5476,0.012336
MULE-5475,0.01302
MULE-5473,0.016029
MULE-5472,0.008188
MULE-5471,0.022803
MULE-5470,0.979036
MULE-5469,0.020489
MULE-5468,0.005555
MULE-5466,0.773559
MULE-5465,0.00659
MULE-5464,0.944587
MULE-5463,0.729712
MULE-5462,0.011508
MULE-5461,0.927363
MULE-5459,0.747616
MULE-5457,0.004905
MULE-5456,0.015544
MULE-5455,0.010902
MULE-5454,0.008711
MULE-5453,0.257392
MULE-5452,0.023689
MULE-5451,0.012723
MULE-5450,0.015189
MULE-5449,0.00934
MULE-5448,0.047074
MULE-5447,0.901227
MULE-5446,0.38168
MULE-5444,0.084795
MULE-5442,0.01653
MULE-5441,0.03359
MULE-5440,0.006098
MULE-5439,0.01653
MULE-5438,0.010987
MULE-5437,0.009413
MULE-5436,0.009486
MULE-5434,0.16398
MULE-5433,0.311584
MULE-5432,0.008511
MULE-5431,0.011778
MULE-5430,0.008577
MULE-5429,0.018833
MULE-5427,0.013223
MULE-5426,0.010014
MULE-5425,0.009708
MULE-5424,0.926304
MULE-5422,0.017712
MULE-5421,0.006693
MULE-5420,0.008446
MULE-5419,0.047426
MULE-5418,0.03259
MULE-5417,0.010818
MULE-5416,0.920218
MULE-5415,0.014842
MULE-5414,0.014957
MULE-5413,0.960657
MULE-5412,0.01653
MULE-5411,0.014616
MULE-5409,0.078642
MULE-5407,0.007938
MULE-5406,0.012054
MULE-5405,0.013121
MULE-5404,0.960952
MULE-5403,0.874077
MULE-5402,0.94699
MULE-5401,0.906983
MULE-5400,0.981022
MULE-5399,0.962108
MULE-5397,0.015544
MULE-5396,0.008644
MULE-5395,0.029987
MULE-5394,0.007346
MULE-5393,0.012821
MULE-5392,0.005469
MULE-5391,0.748352
MULE-5390,0.941223
MULE-5389,0.562657
MULE-5388,0.044349
MULE-5386,0.887205
MULE-5385,0.038178
MULE-5384,0.010653
MULE-5382,0.009413
MULE-5381,0.010818
MULE-5379,0.009268
MULE-5378,0.009413
MULE-5377,0.960657
MULE-5374,0.012625
MULE-5372,0.017045
MULE-5371,0.53607
MULE-5370,0.012432
MULE-5369,0.439026
MULE-5368,0.059428
MULE-5367,0.320861
MULE-5365,0.051845
MULE-5364,0.007012
MULE-5363,0.028653
MULE-5362,0.948537
MULE-5361,0.013637
MULE-5360,0.008252
MULE-5359,0.719384
MULE-5358,0.011332
MULE-5357,0.570092
MULE-5356,0.221687
MULE-5355,0.035411
MULE-5354,0.017577
MULE-5353,0.020489
MULE-5352,0.859192
MULE-5351,0.011158
MULE-5350,0.010902
MULE-5349,0.41253
MULE-5348,0.035411
MULE-5347,0.010902
MULE-5346,0.983847
MULE-5345,0.914901
MULE-5344,0.06804
MULE-5343,0.008511
MULE-5340,0.52683
MULE-5336,0.020489
MULE-5333,0.303835
MULE-5332,0.012054
MULE-5331,0.017045
MULE-5330,0.007816
MULE-5329,0.020646
MULE-5328,0.015544
MULE-5327,0.969324
MULE-5326,0.976669
MULE-5325,0.92079
MULE-5324,0.973443
MULE-5322,0.028221
MULE-5320,0.110088
MULE-5319,0.014282
MULE-5318,0.017309
MULE-5317,0.961244
MULE-5316,0.117167
MULE-5315,0.170784
MULE-5314,0.009559
MULE-5312,0.103386
MULE-5311,0.983085
MULE-5310,0.010987
MULE-5309,0.018689
MULE-5308,0.656933
MULE-5307,0.020332
MULE-5306,0.700485
MULE-5305,0.057282
MULE-5304,0.014504
MULE-5303,0.982288
MULE-5302,0.014729
MULE-5301,0.011869
MULE-5300,0.009126
MULE-5299,0.067547
MULE-5298,0.169681
MULE-5296,0.022117
MULE-5295,0.759939
MULE-5294,0.013223
MULE-5293,0.980581
MULE-5292,0.017577
MULE-5291,0.007696
MULE-5290,0.009197
MULE-5289,0.005385
MULE-5288,0.009055
MULE-5287,0.027169
MULE-5286,0.601242
MULE-5285,0.962108
MULE-5284,0.008711
MULE-5283,0.009784
MULE-5281,0.195594
MULE-5280,0.013637
MULE-5279,0.122313
MULE-5278,0.016785
MULE-5277,0.06165
MULE-5276,0.013223
MULE-5275,0.010735
MULE-5273,0.007012
MULE-5272,0.032101
MULE-5271,0.013742
MULE-5270,0.009634
MULE-5269,0.975762
MULE-5268,0.00838
MULE-5267,0.019569
MULE-5266,0.019271
MULE-5265,0.015189
MULE-5264,0.906653
MULE-5263,0.00986
MULE-5262,0.009268
MULE-5261,0.511717
MULE-5260,0.296552
MULE-5258,0.013121
MULE-5256,0.423458
MULE-5255,0.018978
MULE-5254,0.09236
MULE-5253,0.01292
MULE-5252,0.015544
MULE-5251,0.276007
MULE-5250,0.008316
MULE-5248,0.623119
MULE-5247,0.031144
MULE-5246,0.016657
MULE-5245,0.009126
MULE-5244,0.015189
MULE-5243,0.286768
MULE-5242,0.984575
MULE-5241,0.897695
MULE-5240,0.016277
MULE-5239,0.145115
MULE-5238,0.960952
MULE-5237,0.017577
MULE-5236,0.006098
MULE-5235,0.019124
MULE-5234,0.026557
MULE-5231,0.103024
MULE-5230,0.044019
MULE-5229,0.016403
MULE-5228,0.967656
MULE-5227,0.027796
MULE-5226,0.919643
MULE-5224,0.490236
MULE-5223,0.012821
MULE-5222,0.126785
MULE-5221,0.727975
MULE-5220,0.707
MULE-5219,0.513425
MULE-5218,0.012147
MULE-5217,0.042088
MULE-5216,0.021125
MULE-5215,0.962391
MULE-5214,0.007816
MULE-5213,0.016029
MULE-5212,0.015544
MULE-5211,0.012241
MULE-5210,0.029987
MULE-5209,0.016657
MULE-5208,0.010249
MULE-5207,0.023689
MULE-5205,0.011245
MULE-5204,0.046378
MULE-5202,0.012821
MULE-5201,0.908618
MULE-5200,0.977883
MULE-5199,0.756358
MULE-5198,0.014616
MULE-5196,0.047074
MULE-5195,0.009268
MULE-5194,0.955981
MULE-5192,0.076684
MULE-5191,0.013325
MULE-5190,0.024238
MULE-5189,0.011508
MULE-5188,0.010489
MULE-5187,0.030909
MULE-5186,0.052619
MULE-5185,0.289171
MULE-5184,0.045692
MULE-5182,0.009197
MULE-5181,0.545528
MULE-5180,0.220007
MULE-5179,0.513668
MULE-5178,0.028436
MULE-5176,0.011687
MULE-5175,0.770465
MULE-5173,0.014842
MULE-5172,0.029535
MULE-5170,0.013849
MULE-5169,0.011778
MULE-5168,0.00986
MULE-5167,0.010902
MULE-5165,0.00986
MULE-5164,0.055005
MULE-5163,0.042088
MULE-5162,0.513668
MULE-5159,0.016657
MULE-5158,0.015073
MULE-5157,0.017712
MULE-5156,0.115961
MULE-5155,0.981595
MULE-5152,0.583915
MULE-5151,0.010408
MULE-5150,0.012625
MULE-5149,0.021451
MULE-5148,0.073696
MULE-5145,0.010249
MULE-5143,0.025957
MULE-5142,0.025179
MULE-5141,0.96741
MULE-5138,0.011245
MULE-5137,0.010902
MULE-5135,0.047074
MULE-5132,0.024988
MULE-5131,0.014504
MULE-5130,0.018125
MULE-5129,0.988131
MULE-5128,0.010818
MULE-5127,0.010902
MULE-5126,0.008188
MULE-5125,0.03622
MULE-5123,0.007461
MULE-5122,0.019271
MULE-5121,0.049589
MULE-5120,0.03359
MULE-5118,0.021948
MULE-5117,0.011687
MULE-5116,0.01292
MULE-5115,0.023509
MULE-5113,0.015544
MULE-5112,0.011245
MULE-5110,0.906983
MULE-5109,0.980129
MULE-5108,0.014282
MULE-5106,0.015425
MULE-5105,0.656163
MULE-5104,0.031619
MULE-5103,0.017442
MULE-5102,0.010987
MULE-5101,0.017712
MULE-5100,0.405213
MULE-5099,0.011508
MULE-5098,0.00986
MULE-5097,0.013532
MULE-5096,0.032837
MULE-5095,0.016657
MULE-5088,0.007346
MULE-5087,0.186687
MULE-5086,0.026557
MULE-5085,0.013121
MULE-5084,0.020804
MULE-5082,0.013223
MULE-5081,0.011961
MULE-5080,0.010249
MULE-5079,0.019271
MULE-5078,0.010902
MULE-5077,0.023689
MULE-5076,0.962953
MULE-5075,0.085709
MULE-5074,0.013325
MULE-5073,0.00838
MULE-5072,0.255344
MULE-5071,0.021451
MULE-5070,0.075312
MULE-5069,0.029535
MULE-5068,0.011869
MULE-5067,0.007816
MULE-5066,0.011332
MULE-5065,0.015306
MULE-5064,0.330876
MULE-5062,0.025179
MULE-5061,0.009784
MULE-5060,0.010014
MULE-5059,0.013532
MULE-5058,0.024423
MULE-5056,0.015785
MULE-5055,0.018405
MULE-5054,0.007577
MULE-5053,0.015189
MULE-5051,0.010987
MULE-5050,0.020489
MULE-5048,0.02461
MULE-5047,0.123366
MULE-5046,0.018547
MULE-5045,0.967899
MULE-5044,0.023871
MULE-5042,0.007816
MULE-5041,0.032837
MULE-5040,0.01302
MULE-5039,0.040846
MULE-5038,0.069542
MULE-5037,0.015189
MULE-5036,0.97631
MULE-5035,0.021781
MULE-5034,0.008511
MULE-5033,0.104112
MULE-5032,0.009936
MULE-5031,0.012147
MULE-5030,0.010653
MULE-5029,0.010014
MULE-5028,0.78695
MULE-5027,0.007816
MULE-5026,0.032344
MULE-5025,0.007233
MULE-5024,0.011072
MULE-5023,0.014616
MULE-5022,0.008711
MULE-5021,0.00934
MULE-5020,0.981167
MULE-5019,0.014064
MULE-5018,0.015425
MULE-5017,0.020804
MULE-5016,0.010091
MULE-5015,0.010818
MULE-5014,0.03138
MULE-5013,0.007696
MULE-5012,0.00629
MULE-5011,0.013532
MULE-5008,0.017849
MULE-5007,0.009268
MULE-5006,0.974821
MULE-5005,0.638075
MULE-5004,0.252568
MULE-5003,0.962953
MULE-5002,0.021781
MULE-4999,0.011158
MULE-4998,0.020332
MULE-4997,0.013532
MULE-4996,0.014282
MULE-4995,0.134776
MULE-4994,0.015073
MULE-4993,0.017442
MULE-4992,0.979977
MULE-4991,0.016915
MULE-4990,0.285372
MULE-4989,0.468304
MULE-4988,0.040846
MULE-4987,0.475605
MULE-4986,0.016403
MULE-4985,0.928926
MULE-4984,0.010014
MULE-4983,0.03138
MULE-4982,0.008847
MULE-4981,0.023331
MULE-4980,0.019124
MULE-4979,0.019569
MULE-4978,0.950411
MULE-4977,0.089455
MULE-4975,0.224055
MULE-4974,0.662032
MULE-4972,0.020177
MULE-4971,0.009559
MULE-4969,0.008985
MULE-4968,0.063948
MULE-4967,0.959154
MULE-4966,0.076132
MULE-4965,0.024238
MULE-4964,0.009936
MULE-4963,0.01302
MULE-4962,0.909586
MULE-4961,0.018547
MULE-4960,0.012432
MULE-4959,0.015906
MULE-4955,0.70253
MULE-4954,0.669961
MULE-4953,0.020023
MULE-4952,0.026964
MULE-4951,0.024054
MULE-4950,0.028221
MULE-4949,0.01017
MULE-4948,0.020964
MULE-4947,0.009936
MULE-4946,0.196518
MULE-4945,0.029312
MULE-4944,0.007233
MULE-4943,0.012147
MULE-4942,0.011508
MULE-4940,0.986572
MULE-4939,0.014504
MULE-4937,0.951863
MULE-4936,0.949669
MULE-4935,0.912436
MULE-4934,0.687
MULE-4933,0.365117
MULE-4932,0.593963
MULE-4931,0.016657
MULE-4930,0.013121
MULE-4928,0.019569
MULE-4926,0.011508
MULE-4925,0.156362
MULE-4924,0.025761
MULE-4922,0.010818
MULE-4920,0.971992
MULE-4918,0.012528
MULE-4917,0.020804
MULE-4916,0.927888
MULE-4915,0.023689
MULE-4914,0.018689
MULE-4913,0.027169
MULE-4910,0.035679
MULE-4909,0.956309
MULE-4908,0.00934
MULE-4907,0.010735
MULE-4906,0.020177
MULE-4905,0.010489
MULE-4904,0.017849
MULE-4903,0.011687
MULE-4902,0.02976
MULE-4901,0.011961
MULE-4900,0.013956
MULE-4899,0.018405
MULE-4898,0.017577
MULE-4897,0.218336
MULE-4896,0.122944
MULE-4895,0.652366
MULE-4894,0.016785
MULE-4893,0.029535
MULE-4892,0.052619
MULE-4891,0.029091
MULE-4890,0.011245
MULE-4889,0.580352
MULE-4888,0.634543
MULE-4887,0.010653
MULE-4886,0.011687
MULE-4885,0.006004
MULE-4884,0.94079
MULE-4883,0.320449
MULE-4881,0.009784
MULE-4880,0.007696
MULE-4876,0.017986
MULE-4875,0.011158
MULE-4874,0.017177
MULE-4873,0.012625
MULE-4872,0.380299
MULE-4871,0.77081
MULE-4869,0.803482
MULE-4868,0.0745
MULE-4867,0.013742
MULE-4864,0.013849
MULE-4863,0.967163
MULE-4862,0.011961
MULE-4861,0.057705
MULE-4859,0.221856
MULE-4858,0.9659
MULE-4856,0.970465
MULE-4855,0.046034
MULE-4854,0.021451
MULE-4853,0.031144
MULE-4852,0.027796
MULE-4851,0.065128
MULE-4850,0.020023
MULE-4849,0.961534
MULE-4848,0.95222
MULE-4847,0.254416
MULE-4846,0.06256
MULE-4845,0.105948
MULE-4844,0.015425
MULE-4843,0.156362
MULE-4839,0.784979
MULE-4837,0.012241
MULE-4836,0.015906
MULE-4831,0.474144
MULE-4830,0.011245
MULE-4829,0.847463
MULE-4828,0.012241
MULE-4827,0.114369
MULE-4826,0.03622
MULE-4824,0.014064
MULE-4823,0.00986
MULE-4822,0.010408
MULE-4821,0.186539
MULE-4820,0.023871
MULE-4819,0.030676
MULE-4818,0.02461
MULE-4816,0.934395
MULE-4815,0.011597
MULE-4814,0.01292
MULE-4813,0.982557
MULE-4812,0.203708
MULE-4811,0.02461
MULE-4810,0.022629
MULE-4808,0.011597
MULE-4807,0.011158
MULE-4806,0.09947
MULE-4805,0.017849
MULE-4804,0.009634
MULE-4803,0.020023
MULE-4802,0.026557
MULE-4801,0.975577
MULE-4800,0.724286
MULE-4799,0.009559
MULE-4796,0.015785
MULE-4795,0.029987
MULE-4794,0.029987
MULE-4793,0.030215
MULE-4792,0.017849
MULE-4791,0.012432
MULE-4790,0.978385
MULE-4789,0.948537
MULE-4788,0.716417
MULE-4787,0.029535
MULE-4786,0.022117
MULE-4785,0.019871
MULE-4782,0.008062
MULE-4781,0.212395
MULE-4780,0.664758
MULE-4779,0.959762
MULE-4778,0.80038
MULE-4776,0.008446
MULE-4775,0.708011
MULE-4774,0.895888
MULE-4773,0.010902
MULE-4772,0.008188
MULE-4771,0.006904
MULE-4770,0.947769
MULE-4769,0.014172
MULE-4760,0.015425
MULE-4759,0.839734
MULE-4757,0.145601
MULE-4756,0.812272
MULE-4755,0.026759
MULE-4754,0.026355
MULE-4753,0.018125
MULE-4752,0.028008
MULE-4751,0.015189
MULE-4750,0.950041
MULE-4749,0.017045
MULE-4748,0.012432
MULE-4747,0.00629
MULE-4745,0.014392
MULE-4744,0.212069
MULE-4743,0.016153
MULE-4742,0.975577
MULE-4741,0.013956
MULE-4740,0.985496
MULE-4739,0.972204
MULE-4738,0.014504
MULE-4737,0.291485
MULE-4736,0.007346
MULE-4735,0.015664
MULE-4734,0.05301
MULE-4733,0.018264
MULE-4732,0.02976
MULE-4731,0.039639
MULE-4729,0.0538
MULE-4728,0.013223
MULE-4727,0.027796
MULE-4725,0.962108
MULE-4724,0.061199
MULE-4723,0.476092
MULE-4722,0.737536
MULE-4721,0.97631
MULE-4720,0.366363
MULE-4719,0.011597
MULE-4718,0.009486
MULE-4717,0.45641
MULE-4716,0.013742
MULE-4715,0.019271
MULE-4714,0.028436
MULE-4713,0.073165
MULE-4712,0.010328
MULE-4711,0.021451
MULE-4710,0.026156
MULE-4709,0.203075
MULE-4707,0.988668
MULE-4706,0.049222
MULE-4705,0.012147
MULE-4704,0.018833
MULE-4703,0.012432
MULE-4702,0.069289
MULE-4701,0.028871
MULE-4699,0.01017
MULE-4698,0.006798
MULE-4697,0.007233
MULE-4696,0.007577
MULE-4695,0.019871
MULE-4694,0.010091
MULE-4693,0.015664
MULE-4692,0.008779
MULE-4691,0.018264
MULE-4690,0.016403
MULE-4689,0.91848
MULE-4688,0.327937
MULE-4687,0.045353
MULE-4686,0.982691
MULE-4685,0.73412
MULE-4684,0.870597
MULE-4683,0.981311
MULE-4682,0.967899
MULE-4681,0.834407
MULE-4680,0.991422
MULE-4679,0.007461
MULE-4678,0.01302
MULE-4677,0.016029
MULE-4674,0.303422
MULE-4673,0.013637
MULE-4672,0.919643
MULE-4671,0.521471
MULE-4670,0.016657
MULE-4669,0.014172
MULE-4668,0.012336
MULE-4667,0.026156
MULE-4666,0.010408
MULE-4665,0.020177
MULE-4664,0.263505
MULE-4663,0.01653
MULE-4662,0.014392
MULE-4661,0.013223
MULE-4660,0.012054
MULE-4659,0.012723
MULE-4658,0.016785
MULE-4657,0.014729
MULE-4656,0.021125
MULE-4655,0.026964
MULE-4654,0.021948
MULE-4653,0.031619
MULE-4652,0.013849
MULE-4651,0.016785
MULE-4650,0.019419
MULE-4649,0.014172
MULE-4648,0.06256
MULE-4647,0.173009
MULE-4645,0.022629
MULE-4644,0.010489
MULE-4643,0.010489
MULE-4642,0.709422
MULE-4641,0.024423
MULE-4640,0.984575
MULE-4639,0.738292
MULE-4638,0.014616
MULE-4637,0.807461
MULE-4636,0.531453
MULE-4635,0.017045
MULE-4633,0.012528
MULE-4631,0.022117
MULE-4630,0.025957
MULE-4628,0.011245
MULE-4626,0.013956
MULE-4623,0.01653
MULE-4622,0.016403
MULE-4621,0.01017
MULE-4620,0.013223
MULE-4619,0.011332
MULE-4618,0.008711
MULE-4617,0.022117
MULE-4616,0.980281
MULE-4615,0.077797
MULE-4614,0.007938
MULE-4613,0.0538
MULE-4612,0.011508
MULE-4611,0.982557
MULE-4607,0.018689
MULE-4605,0.027796
MULE-4604,0.047074
MULE-4602,0.009055
MULE-4601,0.012241
MULE-4600,0.92079
MULE-4599,0.585101
MULE-4598,0.474631
MULE-4597,0.971779
MULE-4594,0.969556
MULE-4593,0.014282
MULE-4592,0.018405
MULE-4591,0.017577
MULE-4590,0.013637
MULE-4589,0.013428
MULE-4588,0.023689
MULE-4587,0.098079
MULE-4586,0.026355
MULE-4585,0.06489
MULE-4584,0.015189
MULE-4583,0.756717
MULE-4582,0.01302
MULE-4581,0.053601
MULE-4579,0.013325
MULE-4576,0.975012
MULE-4575,0.014172
MULE-4573,0.011961
MULE-4572,0.015306
MULE-4571,0.016403
MULE-4570,0.014616
MULE-4569,0.014504
MULE-4567,0.021125
MULE-4566,0.975946
MULE-4565,0.922482
MULE-4564,0.016029
MULE-4563,0.008188
MULE-4561,0.021615
MULE-4559,0.039639
MULE-4558,0.014616
MULE-4556,0.008985
MULE-4555,0.670932
MULE-4554,0.057705
MULE-4553,0.014616
MULE-4552,0.015906
MULE-4551,0.014172
MULE-4550,0.010653
MULE-4549,0.00934
MULE-4548,0.021781
MULE-4547,0.008847
MULE-4546,0.936749
MULE-4545,0.887205
MULE-4544,0.035948
MULE-4542,0.008711
MULE-4541,0.015544
MULE-4539,0.201499
MULE-4537,0.012625
MULE-4536,0.018547
MULE-4535,0.031859
MULE-4534,0.008985
MULE-4533,0.010328
MULE-4532,0.007346
MULE-4531,0.014957
MULE-4530,0.889912
MULE-4528,0.008847
MULE-4527,0.012723
MULE-4526,0.936285
MULE-4525,0.410165
MULE-4524,0.830594
MULE-4523,0.016403
MULE-4522,0.008188
MULE-4521,0.015073
MULE-4520,0.013956
MULE-4519,0.031619
MULE-4518,0.124639
MULE-4517,0.030444
MULE-4514,0.168583
MULE-4512,0.015306
MULE-4511,0.276886
MULE-4510,0.009126
MULE-4509,0.985043
MULE-4508,0.47025
MULE-4507,0.012336
MULE-4506,0.464416
MULE-4505,0.880386
MULE-4503,0.008446
MULE-4502,0.071332
MULE-4501,0.017309
MULE-4500,0.019569
MULE-4499,0.017712
MULE-4498,0.013637
MULE-4497,0.966663
MULE-4496,0.02461
MULE-4495,0.025565
MULE-4494,0.031619
MULE-4493,0.022117
MULE-4492,0.831691
MULE-4491,0.012432
MULE-4490,0.025565
MULE-4489,0.012147
MULE-4487,0.009634
MULE-4485,0.009126
MULE-4484,0.011687
MULE-4483,0.007346
MULE-4482,0.011158
MULE-4481,0.007696
MULE-4480,0.010653
MULE-4479,0.551574
MULE-4477,0.01653
MULE-4476,0.015425
MULE-4475,0.007233
MULE-4474,0.008577
MULE-4473,0.972623
MULE-4472,0.016403
MULE-4470,0.203708
MULE-4469,0.012147
MULE-4468,0.013637
MULE-4466,0.672439
MULE-4465,0.017309
MULE-4464,0.182426
MULE-4462,0.009268
MULE-4461,0.017712
MULE-4460,0.021615
MULE-4459,0.006388
MULE-4457,0.022457
MULE-4456,0.008644
MULE-4454,0.52074
MULE-4453,0.00838
MULE-4452,0.296438
MULE-4451,0.009784
MULE-4450,0.007577
MULE-4449,0.83762
MULE-4448,0.019271
MULE-4447,0.020023
MULE-4446,0.015544
MULE-4445,0.007233
MULE-4444,0.888372
MULE-4443,0.010489
MULE-4442,0.017849
MULE-4440,0.008188
MULE-4439,0.01057
MULE-4438,0.007233
MULE-4437,0.919063
MULE-4436,0.846958
MULE-4435,0.183594
MULE-4434,0.421076
MULE-4433,0.015544
MULE-4432,0.954647
MULE-4431,0.012821
MULE-4430,0.01017
MULE-4429,0.030444
MULE-4428,0.098773
MULE-4427,0.226955
MULE-4426,0.064418
MULE-4425,0.026156
MULE-4424,0.949669
MULE-4423,0.014392
MULE-4422,0.01017
MULE-4421,0.027796
MULE-4416,0.931463
MULE-4415,0.728169
MULE-4413,0.014392
MULE-4412,0.008847
MULE-4410,0.935346
MULE-4409,0.019419
MULE-4408,0.103386
MULE-4407,0.014616
MULE-4405,0.020489
MULE-4404,0.015906
MULE-4402,0.193452
MULE-4401,0.015306
MULE-4400,0.010653
MULE-4399,0.014392
MULE-4398,0.566019
MULE-4397,0.011961
MULE-4396,0.010987
MULE-4395,0.009708
MULE-4394,0.0341
MULE-4392,0.016785
MULE-4391,0.00986
MULE-4390,0.032837
MULE-4389,0.020804
MULE-4388,0.043366
MULE-4387,0.007012
MULE-4385,0.010249
MULE-4381,0.005555
MULE-4380,0.0729
MULE-4379,0.012528
MULE-4377,0.901227
MULE-4375,0.983085
MULE-4374,0.3863
MULE-4373,0.03259
MULE-4372,0.010091
MULE-4371,0.038466
MULE-4369,0.012054
MULE-4365,0.955651
MULE-4363,0.013849
MULE-4360,0.008847
MULE-4359,0.011245
MULE-4358,0.018264
MULE-4357,0.558568
MULE-4356,0.948917
MULE-4355,0.780997
MULE-4354,0.022457
MULE-4353,0.021451
MULE-4351,0.966156
MULE-4350,0.992539
MULE-4349,0.014064
MULE-4348,0.089455
MULE-4347,0.959459
MULE-4346,0.03359
MULE-4344,0.641057
MULE-4336,0.013532
MULE-4335,0.01302
MULE-4334,0.019569
MULE-4333,0.023689
MULE-4332,0.029312
MULE-4331,0.04778
MULE-4330,0.92079
MULE-4329,0.015785
MULE-4328,0.038756
MULE-4327,0.016785
MULE-4324,0.960361
MULE-4323,0.932944
MULE-4322,0.007938
MULE-4321,0.873647
MULE-4320,0.017849
MULE-4318,0.021125
MULE-4317,0.950041
MULE-4316,0.015073
MULE-4315,0.068787
MULE-4314,0.019419
MULE-4313,0.013956
MULE-4312,0.969324
MULE-4311,0.016403
MULE-4310,0.045692
MULE-4309,0.782995
MULE-4308,0.227985
MULE-4307,0.901575
MULE-4305,0.357792
MULE-4304,0.05301
MULE-4302,0.016277
MULE-4301,0.38769
MULE-4300,0.83868
MULE-4299,0.773901
MULE-4298,0.324717
MULE-4296,0.012336
MULE-4295,0.094343
MULE-4294,0.012723
MULE-4293,0.987179
MULE-4292,0.012528
MULE-4291,0.960063
MULE-4290,0.023153
MULE-4289,0.030215
MULE-4288,0.030909
MULE-4287,0.92079
MULE-4286,0.090093
MULE-4285,0.950778
MULE-4284,0.119203
MULE-4283,0.022286
MULE-4282,0.012625
MULE-4281,0.02461
MULE-4280,0.066327
MULE-4279,0.010653
MULE-4278,0.025371
MULE-4277,0.045353
MULE-4275,0.738669
MULE-4273,0.010091
MULE-4270,0.006388
MULE-4269,0.011072
MULE-4268,0.012723
MULE-4267,0.013223
MULE-4266,0.011869
MULE-4265,0.804098
MULE-4264,0.012241
MULE-4263,0.01142
MULE-4262,0.012147
MULE-4261,0.01653
MULE-4260,0.015073
MULE-4258,0.956634
MULE-4257,0.021948
MULE-4256,0.971564
MULE-4255,0.012054
MULE-4254,0.012723
MULE-4253,0.008779
MULE-4252,0.024054
MULE-4251,0.018264
MULE-4250,0.045016
MULE-4249,0.017045
MULE-4248,0.017712
MULE-4247,0.011687
MULE-4246,0.007696
MULE-4244,0.983343
MULE-4243,0.049222
MULE-4242,0.151028
MULE-4241,0.854399
MULE-4240,0.041153
MULE-4239,0.684264
MULE-4236,0.022803
MULE-4234,0.014729
MULE-4233,0.020023
MULE-4232,0.012723
MULE-4231,0.377885
MULE-4230,0.018264
MULE-4229,0.010328
MULE-4228,0.379378
MULE-4226,0.024238
MULE-4225,0.013532
MULE-4224,0.010328
MULE-4223,0.009486
MULE-4222,0.032344
MULE-4221,0.078926
MULE-4220,0.018405
MULE-4218,0.402392
MULE-4217,0.013325
MULE-4216,0.536313
MULE-4215,0.878731
MULE-4214,0.926304
MULE-4213,0.022803
MULE-4212,0.091058
MULE-4211,0.014616
MULE-4210,0.016029
MULE-4209,0.008916
MULE-4207,0.039048
MULE-4206,0.319811
MULE-4205,0.247623
MULE-4204,0.950041
MULE-4203,0.952926
MULE-4202,0.91848
MULE-4201,0.043691
MULE-4200,0.985043
MULE-4199,0.014064
MULE-4198,0.063482
MULE-4197,0.010653
MULE-4196,0.042088
MULE-4194,0.045016
MULE-4193,0.008446
MULE-4192,0.016403
MULE-4191,0.013325
MULE-4190,0.131619
MULE-4189,0.165863
MULE-4188,0.012432
MULE-4187,0.522446
MULE-4186,0.007346
MULE-4185,0.00461
MULE-4184,0.006193
MULE-4183,0.018689
MULE-4182,0.012054
MULE-4181,0.066327
MULE-4180,0.029987
MULE-4179,0.007577
MULE-4178,0.012821
MULE-4177,0.007577
MULE-4176,0.009268
MULE-4175,0.973844
MULE-4174,0.013325
MULE-4173,0.982955
MULE-4171,0.011778
MULE-4170,0.006798
MULE-4169,0.015544
MULE-4168,0.013428
MULE-4167,0.013532
MULE-4166,0.956957
MULE-4165,0.012625
MULE-4163,0.008316
MULE-4162,0.013121
MULE-4161,0.011597
MULE-4160,0.015785
MULE-4159,0.008062
MULE-4158,0.949669
MULE-4157,0.928926
MULE-4155,0.012336
MULE-4154,0.049589
MULE-4153,0.016915
MULE-4152,0.016657
MULE-4149,0.022117
MULE-4148,0.014729
MULE-4147,0.018125
MULE-4145,0.0538
MULE-4144,0.020646
MULE-4141,0.026759
MULE-4140,0.072112
MULE-4139,0.965641
MULE-4138,0.075312
MULE-4137,0.028653
MULE-4134,0.927363
MULE-4133,0.090093
MULE-4132,0.029091
MULE-4131,0.013956
MULE-4130,0.412057
MULE-4129,0.850469
MULE-4128,0.022457
MULE-4127,0.012723
MULE-4126,0.973037
MULE-4125,0.245627
MULE-4124,0.017849
MULE-4122,0.943764
MULE-4120,0.008446
MULE-4119,0.899121
MULE-4118,0.117167
MULE-4117,0.010902
MULE-4115,0.912436
MULE-4114,0.007233
MULE-4113,0.010987
MULE-4112,0.046378
MULE-4111,0.050705
MULE-4110,0.016915
MULE-4109,0.016785
MULE-4107,0.020023
MULE-4106,0.013223
MULE-4104,0.012054
MULE-4103,0.040846
MULE-4101,0.018978
MULE-4100,0.899475
MULE-4098,0.922482
MULE-4097,0.898767
MULE-4096,0.020964
MULE-4095,0.007577
MULE-4094,0.009268
MULE-4093,0.021125
MULE-4092,0.015906
MULE-4091,0.013956
MULE-4090,0.00659
MULE-4089,0.957278
MULE-4088,0.977543
MULE-4087,0.461502
MULE-4086,0.077239
MULE-4085,0.941654
MULE-4084,0.010328
MULE-4083,0.007938
MULE-4082,0.013849
MULE-4081,0.009634
MULE-4080,0.007346
MULE-4078,0.018833
MULE-4077,0.016153
MULE-4076,0.016915
MULE-4075,0.020177
MULE-4074,0.018405
MULE-4073,0.013428
MULE-4071,0.01653
MULE-4070,0.518059
MULE-4069,0.96378
MULE-4068,0.120026
MULE-4067,0.107063
MULE-4066,0.009413
MULE-4065,0.206894
MULE-4064,0.908618
MULE-4063,0.931463
MULE-4062,0.008577
MULE-4061,0.013742
MULE-4060,0.05921
MULE-4059,0.871912
MULE-4058,0.013223
MULE-4057,0.022977
MULE-4056,0.939025
MULE-4054,0.022629
MULE-4053,0.010091
MULE-4052,0.518546
MULE-4051,0.92944
MULE-4050,0.010328
MULE-4049,0.014282
MULE-4048,0.957278
MULE-4047,0.009936
MULE-4046,0.840259
MULE-4045,0.980129
MULE-4044,0.967163
MULE-4043,0.013223
MULE-4042,0.011072
MULE-4041,0.027796
MULE-4040,0.966156
MULE-4039,0.970688
MULE-4038,0.109325
MULE-4037,0.889529
MULE-4036,0.794066
MULE-4034,0.020646
MULE-4033,0.03622
MULE-4032,0.086323
MULE-4031,0.008577
MULE-4030,0.590897
MULE-4029,0.059866
MULE-4028,0.011961
MULE-4027,0.063482
MULE-4025,0.039639
MULE-4024,0.948917
MULE-4022,0.01017
MULE-4021,0.011869
MULE-4020,0.016403
MULE-4019,0.006388
MULE-4018,0.058346
MULE-4017,0.97649
MULE-4016,0.876211
MULE-4015,0.185357
MULE-4014,0.815233
MULE-4013,0.826151
MULE-4012,0.426799
MULE-4010,0.397003
MULE-4009,0.013956
MULE-4008,0.013532
MULE-4007,0.922482
MULE-4006,0.062789
MULE-4005,0.722527
MULE-4004,0.745028
MULE-4002,0.975577
MULE-4000,0.787605
MULE-3999,0.019271
MULE-3998,0.263979
MULE-3997,0.04778
MULE-3996,0.789234
MULE-3995,0.022286
MULE-3994,0.014172
MULE-3993,0.970013
MULE-3992,0.011869
MULE-3991,0.014064
MULE-3990,0.455199
MULE-3989,0.205615
MULE-3988,0.016029
MULE-3987,0.04778
MULE-3986,0.0538
MULE-3985,0.962953
MULE-3984,0.089455
MULE-3983,0.01017
MULE-3982,0.228845
MULE-3981,0.025371
MULE-3980,0.877056
MULE-3979,0.014616
MULE-3978,0.00573
MULE-3977,0.006798
MULE-3976,0.728362
MULE-3975,0.013121
MULE-3974,0.010489
MULE-3973,0.990587
MULE-3972,0.052619
MULE-3971,0.042404
MULE-3970,0.096025
MULE-3969,0.388966
MULE-3968,0.637369
MULE-3967,0.80502
MULE-3965,0.625781
MULE-3964,0.968381
MULE-3963,0.877056
MULE-3962,0.978875
MULE-3961,0.968381
MULE-3960,0.677794
MULE-3959,0.21684
MULE-3958,0.938124
MULE-3957,0.922482
MULE-3956,0.354796
MULE-3955,0.163713
MULE-3954,0.045692
MULE-3952,0.051083
MULE-3951,0.874935
MULE-3950,0.949669
MULE-3949,0.062103
MULE-3948,0.012147
MULE-3947,0.027796
MULE-3946,0.761716
MULE-3945,0.988842
MULE-3944,0.960063
MULE-3943,0.878314
MULE-3942,0.022629
MULE-3941,0.013223
MULE-3940,0.016403
MULE-3939,0.015073
MULE-3938,0.028871
MULE-3937,0.590425
MULE-3936,0.982557
MULE-3934,0.930962
MULE-3933,0.514156
MULE-3932,0.025565
MULE-3931,0.922482
MULE-3930,0.013121
MULE-3928,0.891055
MULE-3926,0.039343
MULE-3925,0.374791
MULE-3924,0.284974
MULE-3923,0.180974
MULE-3922,0.146087
MULE-3921,0.550849
MULE-3920,0.722135
MULE-3919,0.009486
MULE-3918,0.022457
MULE-3917,0.152032
MULE-3916,0.166134
MULE-3915,0.943348
MULE-3914,0.03622
MULE-3913,0.989986
MULE-3912,0.985043
MULE-3911,0.012241
MULE-3910,0.891434
MULE-3909,0.084493
MULE-3908,0.06165
MULE-3907,0.068787
MULE-3906,0.043691
MULE-3905,0.097734
MULE-3904,0.053403
MULE-3903,0.961534
MULE-3902,0.013637
MULE-3901,0.966663
MULE-3900,0.951863
MULE-3899,0.020646
MULE-3898,0.038756
MULE-3897,0.65019
MULE-3896,0.969785
MULE-3895,0.108189
MULE-3894,0.92079
MULE-3893,0.936285
MULE-3891,0.015664
MULE-3890,0.032344
MULE-3889,0.082697
MULE-3888,0.188623
MULE-3887,0.028221
MULE-3886,0.887595
MULE-3885,0.970013
MULE-3884,0.028871
MULE-3883,0.925769
MULE-3882,0.90764
MULE-3878,0.039343
MULE-3877,0.286169
MULE-3875,0.080069
MULE-3874,0.055823
MULE-3873,0.206254
MULE-3872,0.301568
MULE-3871,0.055823
MULE-3870,0.021615
MULE-3869,0.892937
MULE-3868,0.033337
MULE-3867,0.021125
MULE-3866,0.026759
MULE-3865,0.024988
MULE-3864,0.013121
MULE-3863,0.008711
MULE-3862,0.018547
MULE-3861,0.045692
MULE-3860,0.01017
MULE-3857,0.179243
MULE-3856,0.915507
MULE-3855,0.085709
MULE-3854,0.007121
MULE-3853,0.013223
MULE-3851,0.007938
MULE-3850,0.038466
MULE-3849,0.018125
MULE-3848,0.01057
MULE-3847,0.658527
MULE-3846,0.030909
MULE-3845,0.44071
MULE-3844,0.553264
MULE-3843,0.972623
MULE-3842,0.970465
MULE-3841,0.418222
MULE-3840,0.896614
MULE-3839,0.009126
MULE-3838,0.020964
MULE-3837,0.015425
MULE-3836,0.976669
MULE-3834,0.009708
MULE-3833,0.91611
MULE-3832,0.966663
MULE-3831,0.010014
MULE-3830,0.764892
MULE-3829,0.020332
MULE-3828,0.020646
MULE-3827,0.018125
MULE-3826,0.169681
MULE-3825,0.171616
MULE-3824,0.009708
MULE-3823,0.01302
MULE-3822,0.014392
MULE-3821,0.038178
MULE-3819,0.049589
MULE-3818,0.016153
MULE-3817,0.008188
MULE-3816,0.014504
MULE-3815,0.016029
MULE-3813,0.009559
MULE-3812,0.063948
MULE-3811,0.683842
MULE-3810,0.010987
MULE-3809,0.418697
MULE-3808,0.854399
MULE-3807,0.017442
MULE-3806,0.012432
MULE-3805,0.978219
MULE-3804,0.018125
MULE-3803,0.351311
MULE-3802,0.969785
MULE-3801,0.954308
MULE-3800,0.035145
MULE-3798,0.03138
MULE-3797,0.0341
MULE-3796,0.033844
MULE-3795,0.884439
MULE-3794,0.062789
MULE-3793,0.065605
MULE-3792,0.32822
MULE-3791,0.054199
MULE-3790,0.025761
MULE-3789,0.021125
MULE-3788,0.027169
MULE-3787,0.030215
MULE-3786,0.022977
MULE-3785,0.902952
MULE-3784,0.389895
MULE-3783,0.00461
MULE-3782,0.042722
MULE-3781,0.011072
MULE-3780,0.006193
MULE-3779,0.967899
MULE-3778,0.014842
MULE-3777,0.019419
MULE-3776,0.010408
MULE-3775,0.982823
MULE-3774,0.007012
MULE-3773,0.879561
MULE-3772,0.025761
MULE-3771,0.013532
MULE-3770,0.01302
MULE-3768,0.439026
MULE-3767,0.952574
MULE-3766,0.974435
MULE-3765,0.596903
MULE-3764,0.017986
MULE-3763,0.013223
MULE-3762,0.013325
MULE-3760,0.034359
MULE-3759,0.962673
MULE-3758,0.013428
MULE-3757,0.011158
MULE-3756,0.121686
MULE-3755,0.057705
MULE-3754,0.872347
MULE-3753,0.907312
MULE-3752,0.157655
MULE-3751,0.960952
MULE-3750,0.942507
MULE-3749,0.184768
MULE-3748,0.021125
MULE-3747,0.432303
MULE-3746,0.00986
MULE-3745,0.013223
MULE-3744,0.00514
MULE-3743,0.009268
MULE-3742,0.030444
MULE-3741,0.008847
MULE-3740,0.870157
MULE-3739,0.453262
MULE-3738,0.004755
MULE-3737,0.017849
MULE-3736,0.011245
MULE-3735,0.981736
MULE-3734,0.086323
MULE-3733,0.047426
MULE-3732,0.041153
MULE-3731,0.024798
MULE-3730,0.029312
MULE-3729,0.60964
MULE-3728,0.528533
MULE-3727,0.010735
MULE-3726,0.355999
MULE-3725,0.021615
MULE-3724,0.010653
MULE-3723,0.633524
MULE-3722,0.011687
MULE-3720,0.083292
MULE-3719,0.018833
MULE-3718,0.010489
MULE-3717,0.011508
MULE-3716,0.039343
MULE-3715,0.052231
MULE-3714,0.020804
MULE-3713,0.029312
MULE-3712,0.013532
MULE-3711,0.011508
MULE-3710,0.011332
MULE-3709,0.010408
MULE-3708,0.596081
MULE-3707,0.013849
MULE-3706,0.958226
MULE-3705,0.014172
MULE-3704,0.01057
MULE-3703,0.044349
MULE-3702,0.063948
MULE-3701,0.026964
MULE-3699,0.765944
MULE-3698,0.951863
MULE-3697,0.007121
MULE-3696,0.008916
MULE-3695,0.006388
MULE-3694,0.013956
MULE-3693,0.009413
MULE-3692,0.956309
MULE-3691,0.019719
MULE-3688,0.732592
MULE-3686,0.010489
MULE-3685,0.011961
MULE-3684,0.014504
MULE-3683,0.009126
MULE-3682,0.00659
MULE-3681,0.011072
MULE-3680,0.021287
MULE-3679,0.734501
MULE-3678,0.019719
MULE-3677,0.027376
MULE-3676,0.012528
MULE-3674,0.009486
MULE-3673,0.014392
MULE-3672,0.013956
MULE-3671,0.012821
MULE-3670,0.010091
MULE-3669,0.019271
MULE-3668,0.010902
MULE-3663,0.046034
MULE-3662,0.011961
MULE-3658,0.007696
MULE-3656,0.015425
MULE-3653,0.776623
MULE-3651,0.985718
MULE-3650,0.007461
MULE-3649,0.021287
MULE-3648,0.024988
MULE-3647,0.009708
MULE-3646,0.015189
MULE-3643,0.015906
MULE-3642,0.478529
MULE-3641,0.009559
MULE-3640,0.276691
MULE-3639,0.020023
MULE-3638,0.95222
MULE-3636,0.938124
MULE-3635,0.148541
MULE-3634,0.038178
MULE-3632,0.372605
MULE-3631,0.00461
MULE-3630,0.017849
MULE-3629,0.960657
MULE-3626,0.017577
MULE-3620,0.407569
MULE-3619,0.153042
MULE-3618,0.801625
MULE-3617,0.01653
MULE-3616,0.013223
MULE-3615,0.658747
MULE-3614,0.016029
MULE-3612,0.01302
MULE-3611,0.010328
MULE-3610,0.986777
MULE-3609,0.017309
MULE-3608,0.908942
MULE-3605,0.820469
MULE-3604,0.008188
MULE-3603,0.012054
MULE-3602,0.488771
MULE-3601,0.011332
MULE-3600,0.018833
MULE-3599,0.239349
MULE-3598,0.011072
MULE-3597,0.051083
MULE-3596,0.023871
MULE-3595,0.729134
MULE-3593,0.016785
MULE-3592,0.044681
MULE-3590,0.041774
MULE-3589,0.984575
MULE-3588,0.227813
MULE-3586,0.496582
MULE-3585,0.025761
MULE-3581,0.013428
MULE-3578,0.619011
MULE-3577,0.025761
MULE-3576,0.982823
MULE-3573,0.053403
MULE-3572,0.024423
MULE-3571,0.125493
MULE-3570,0.020332
MULE-3564,0.460289
MULE-3562,0.382372
MULE-3561,0.00659
MULE-3559,0.774924
MULE-3558,0.013121
MULE-3557,0.009559
MULE-3556,0.013956
MULE-3555,0.020804
MULE-3554,0.01142
MULE-3553,0.019419
MULE-3552,0.00934
MULE-3551,0.010818
MULE-3550,0.014616
MULE-3549,0.015073
MULE-3548,0.962108
MULE-3547,0.010987
MULE-3546,0.52975
MULE-3545,0.059866
MULE-3544,0.993612
MULE-3543,0.133868
MULE-3542,0.030444
MULE-3540,0.056236
MULE-3539,0.948537
MULE-3538,0.017309
MULE-3537,0.357119
MULE-3536,0.138928
MULE-3535,0.225076
MULE-3534,0.764892
MULE-3533,0.960361
MULE-3532,0.86431
MULE-3531,0.031144
MULE-3530,0.044019
MULE-3529,0.040541
MULE-3527,0.443118
MULE-3526,0.329446
MULE-3525,0.96378
MULE-3524,0.01017
MULE-3522,0.022629
MULE-3521,0.013742
MULE-3520,0.871912
MULE-3519,0.98347
MULE-3518,0.913058
MULE-3517,0.095687
MULE-3516,0.021948
MULE-3515,0.022457
MULE-3514,0.037609
MULE-3511,0.971347
MULE-3510,0.947769
MULE-3509,0.544317
MULE-3508,0.909586
MULE-3507,0.92944
MULE-3505,0.866133
MULE-3504,0.016153
MULE-3503,0.093678
MULE-3502,0.010902
MULE-3501,0.051463
MULE-3500,0.058993
MULE-3499,0.856332
MULE-3498,0.008916
MULE-3497,0.851459
MULE-3495,0.99014
MULE-3492,0.007012
MULE-3491,0.718594
MULE-3490,0.788909
MULE-3489,0.024423
MULE-3488,0.616359
MULE-3487,0.067056
MULE-3486,0.025371
MULE-3485,0.024238
MULE-3484,0.805632
MULE-3483,0.015425
MULE-3482,0.045016
MULE-3481,0.029987
MULE-3480,0.044349
MULE-3479,0.018978
MULE-3477,0.085709
MULE-3476,0.939913
MULE-3475,0.007233
MULE-3474,0.73431
MULE-3473,0.871037
MULE-3471,0.013956
MULE-3470,0.011245
MULE-3469,0.007816
MULE-3468,0.010408
MULE-3466,0.216674
MULE-3465,0.004982
MULE-3464,0.892937
MULE-3463,0.050705
MULE-3462,0.021615
MULE-3461,0.065845
MULE-3460,0.040846
MULE-3459,0.127653
MULE-3458,0.014504
MULE-3457,0.294621
MULE-3456,0.026964
MULE-3454,0.017849
MULE-3453,0.738292
MULE-3452,0.013223
MULE-3451,0.010328
MULE-3450,0.009126
MULE-3449,0.010091
MULE-3448,0.954984
MULE-3447,0.014616
MULE-3445,0.010489
MULE-3444,0.591015
MULE-3443,0.762778
MULE-3442,0.927888
MULE-3441,0.054601
MULE-3440,0.865679
MULE-3439,0.804098
MULE-3438,0.015664
MULE-3437,0.017442
MULE-3436,0.915507
MULE-3435,0.013956
MULE-3433,0.027376
MULE-3432,0.884838
MULE-3431,0.657648
MULE-3430,0.00573
MULE-3429,0.028871
MULE-3428,0.040846
MULE-3427,0.696681
MULE-3424,0.026964
MULE-3423,0.010408
MULE-3420,0.01017
MULE-3419,0.967163
MULE-3417,0.014842
MULE-3416,0.012821
MULE-3415,0.861072
MULE-3414,0.012432
MULE-3412,0.717606
MULE-3411,0.005469
MULE-3410,0.757794
MULE-3409,0.030444
MULE-3408,0.802865
MULE-3407,0.108189
MULE-3406,0.035679
MULE-3405,0.037047
MULE-3404,0.027376
MULE-3403,0.040846
MULE-3402,0.026759
MULE-3401,0.034619
MULE-3400,0.033086
MULE-3399,0.019569
MULE-3398,0.039937
MULE-3397,0.207375
MULE-3396,0.00573
MULE-3395,0.658527
MULE-3394,0.877896
MULE-3392,0.416085
MULE-3391,0.013428
MULE-3389,0.013325
MULE-3388,0.013325
MULE-3387,0.015189
MULE-3386,0.008779
MULE-3385,0.02976
MULE-3384,0.90261
MULE-3383,0.009197
MULE-3382,0.011778
MULE-3381,0.007346
MULE-3380,0.010091
MULE-3379,0.008188
MULE-3378,0.020023
MULE-3377,0.020332
MULE-3375,0.016277
MULE-3374,0.00986
MULE-3373,0.014172
MULE-3372,0.013223
MULE-3371,0.03259
MULE-3370,0.359139
MULE-3369,0.045016
MULE-3368,0.025179
MULE-3367,0.024423
MULE-3366,0.015306
MULE-3365,0.026156
MULE-3364,0.047074
MULE-3363,0.077518
MULE-3362,0.044349
MULE-3361,0.030909
MULE-3360,0.011245
MULE-3359,0.575349
MULE-3358,0.063482
MULE-3357,0.015906
MULE-3356,0.012147
MULE-3355,0.015306
MULE-3354,0.005385
MULE-3353,0.024988
MULE-3352,0.0341
MULE-3351,0.008316
MULE-3350,0.037892
MULE-3349,0.042404
MULE-3348,0.747247
MULE-3347,0.196826
MULE-3346,0.125923
MULE-3345,0.014172
MULE-3344,0.23634
MULE-3342,0.009634
MULE-3340,0.014064
MULE-3339,0.066812
MULE-3338,0.088505
MULE-3337,0.070049
MULE-3336,0.023871
MULE-3335,0.044349
MULE-3334,0.037327
MULE-3333,0.051845
MULE-3331,0.031859
MULE-3330,0.018125
MULE-3329,0.649328
MULE-3328,0.012054
MULE-3326,0.010091
MULE-3325,0.969091
MULE-3324,0.02461
MULE-3320,0.962108
MULE-3317,0.034359
MULE-3316,0.105948
MULE-3315,0.03259
MULE-3314,0.021781
MULE-3313,0.800692
MULE-3312,0.025957
MULE-3311,0.244724
MULE-3310,0.069795
MULE-3309,0.592902
MULE-3308,0.010653
MULE-3307,0.007816
MULE-3306,0.16132
MULE-3305,0.007121
MULE-3304,0.017849
MULE-3303,0.981595
MULE-3302,0.017309
MULE-3301,0.962673
MULE-3300,0.035948
MULE-3299,0.873215
MULE-3298,0.017177
MULE-3297,0.268654
MULE-3294,0.012821
MULE-3293,0.022117
MULE-3292,0.00986
MULE-3291,0.011158
MULE-3290,0.044681
MULE-3289,0.014282
MULE-3288,0.722331
MULE-3287,0.675978
MULE-3286,0.281603
MULE-3285,0.008062
MULE-3284,0.079496
MULE-3283,0.008779
MULE-3282,0.013956
MULE-3281,0.01017
MULE-3280,0.009708
MULE-3274,0.277277
MULE-3273,0.062789
MULE-3272,0.654067
MULE-3271,0.025761
MULE-3270,0.017577
MULE-3269,0.012147
MULE-3268,0.015073
MULE-3267,0.012336
MULE-3266,0.020646
MULE-3265,0.010653
MULE-3264,0.817574
MULE-3263,0.100172
MULE-3262,0.00934
MULE-3261,0.059647
MULE-3260,0.138462
MULE-3259,0.977371
MULE-3258,0.504394
MULE-3257,0.010408
MULE-3256,0.012821
MULE-3255,0.013121
MULE-3254,0.08152
MULE-3253,0.715424
MULE-3251,0.020177
MULE-3250,0.192843
MULE-3249,0.026355
MULE-3248,0.025957
MULE-3247,0.016403
MULE-3246,0.883236
MULE-3245,0.017309
MULE-3244,0.964052
MULE-3243,0.917006
MULE-3242,0.797241
MULE-3241,0.012336
MULE-3240,0.022117
MULE-3239,0.013532
MULE-3238,0.01057
MULE-3237,0.012147
MULE-3235,0.972415
MULE-3233,0.26322
MULE-3231,0.007938
MULE-3230,0.017177
MULE-3229,0.046725
MULE-3228,0.171338
MULE-3227,0.026355
MULE-3226,0.461017
MULE-3225,0.745769
MULE-3224,0.081228
MULE-3223,0.166947
MULE-3222,0.273186
MULE-3221,0.267408
MULE-3220,0.110088
MULE-3219,0.219672
MULE-3218,0.019124
MULE-3217,0.110856
MULE-3216,0.992767
MULE-3214,0.012336
MULE-3213,0.014957
MULE-3212,0.039639
MULE-3211,0.86431
MULE-3210,0.044019
MULE-3209,0.010818
MULE-3208,0.117978
MULE-3207,0.651189
MULE-3205,0.967163
MULE-3204,0.972415
MULE-3202,0.018547
MULE-3201,0.975946
MULE-3200,0.019871
MULE-3199,0.412767
MULE-3197,0.695958
MULE-3196,0.015189
MULE-3195,0.010014
MULE-3194,0.029312
MULE-3193,0.026964
MULE-3192,0.009126
MULE-3191,0.014957
MULE-3188,0.572364
MULE-3187,0.011332
MULE-3186,0.035679
MULE-3185,0.024798
MULE-3184,0.958538
MULE-3183,0.95222
MULE-3182,0.096365
MULE-3181,0.022977
MULE-3180,0.044681
MULE-3179,0.94079
MULE-3178,0.030676
MULE-3177,0.553264
MULE-3176,0.216342
MULE-3175,0.008125
MULE-3174,0.960657
MULE-3173,0.022629
MULE-3172,0.91181
MULE-3171,0.188026
MULE-3170,0.984811
MULE-3169,0.92523
MULE-3163,0.181844
MULE-3162,0.348756
MULE-3160,0.248352
MULE-3159,0.036769
MULE-3157,0.086016
MULE-3155,0.107063
MULE-3154,0.274351
MULE-3153,0.971347
MULE-3152,0.008985
MULE-3151,0.693473
MULE-3150,0.978875
MULE-3149,0.089455
MULE-3148,0.129403
MULE-3147,0.945399
MULE-3146,0.026964
MULE-3145,0.017986
MULE-3144,0.047426
MULE-3143,0.353819
MULE-3142,0.020964
MULE-3141,0.810479
MULE-3140,0.020964
MULE-3139,0.014064
MULE-3138,0.017309
MULE-3137,0.019271
MULE-3136,0.179243
MULE-3135,0.020804
MULE-3134,0.189221
MULE-3133,0.04778
MULE-3132,0.030676
MULE-3131,0.016785
MULE-3130,0.016277
MULE-3129,0.013325
MULE-3128,0.905657
MULE-3127,0.974629
MULE-3126,0.018547
MULE-3125,0.012625
MULE-3124,0.014616
MULE-3123,0.979823
MULE-3122,0.008316
MULE-3121,0.021615
MULE-3120,0.005302
MULE-3119,0.004905
MULE-3118,0.258888
MULE-3117,0.99371
MULE-3116,0.018405
MULE-3114,0.763131
MULE-3113,0.939471
MULE-3112,0.206254
MULE-3111,0.957278
MULE-3110,0.944995
MULE-3109,0.121269
MULE-3108,0.017309
MULE-3107,0.013532
MULE-3106,0.382718
MULE-3105,0.865679
MULE-3104,0.065366
MULE-3103,0.985496
MULE-3102,0.760651
MULE-3101,0.045016
MULE-3100,0.791499
MULE-3099,0.212069
MULE-3098,0.858244
MULE-3097,0.018264
MULE-3096,0.952574
MULE-3095,0.737536
MULE-3094,0.775605
MULE-3093,0.008062
MULE-3092,0.942929
MULE-3091,0.379493
MULE-3090,0.017577
MULE-3089,0.025957
MULE-3088,0.041774
MULE-3087,0.043366
MULE-3086,0.037327
MULE-3085,0.185652
MULE-3084,0.746878
MULE-3083,0.957912
MULE-3082,0.947381
MULE-3081,0.972831
MULE-3080,0.982151
MULE-3079,0.624608
MULE-3078,0.006098
MULE-3077,0.83868
MULE-3076,0.017045
MULE-3075,0.08389
MULE-3073,0.014392
MULE-3071,0.008252
MULE-3070,0.726426
MULE-3069,0.03259
MULE-3068,0.039937
MULE-3067,0.90599
MULE-3066,0.614741
MULE-3065,0.331985
MULE-3064,0.014504
MULE-3063,0.376222
MULE-3061,0.276886
MULE-3060,0.040846
MULE-3059,0.19962
MULE-3058,0.007696
MULE-3056,0.013428
MULE-3055,0.01057
MULE-3054,0.01142
MULE-3053,0.031144
MULE-3052,0.010735
MULE-3051,0.011158
MULE-3049,0.010489
MULE-3048,0.008062
MULE-3047,0.013325
MULE-3045,0.148541
MULE-3044,0.026156
MULE-3043,0.008985
MULE-3042,0.148788
MULE-3041,0.988668
MULE-3039,0.022803
MULE-3037,0.015306
MULE-3036,0.969785
MULE-3035,0.107813
MULE-3034,0.025371
MULE-3033,0.008644
MULE-3032,0.007012
MULE-3031,0.022117
MULE-3030,0.00582
MULE-3029,0.988492
MULE-3027,0.102664
MULE-3025,0.137996
MULE-3024,0.335045
MULE-3023,0.577376
MULE-3022,0.062789
MULE-3021,0.040541
MULE-3020,0.035411
MULE-3019,0.186243
MULE-3018,0.064418
MULE-3017,0.009634
MULE-3015,0.689933
MULE-3014,0.03622
MULE-3013,0.971347
MULE-3012,0.031619
MULE-3011,0.643105
MULE-3009,0.020804
MULE-3008,0.011508
MULE-3007,0.814938
MULE-3006,0.095349
MULE-3005,0.016785
MULE-3004,0.011961
MULE-3003,0.630628
MULE-3002,0.010249
MULE-3001,0.011245
MULE-3000,0.024988
MULE-2998,0.016785
MULE-2997,0.014392
MULE-2996,0.020332
MULE-2994,0.023689
MULE-2993,0.61115
MULE-2991,0.967163
MULE-2990,0.116362
MULE-2989,0.018547
MULE-2988,0.198064
MULE-2986,0.027796
MULE-2985,0.841826
MULE-2984,0.971779
MULE-2982,0.0729
MULE-2981,0.043043
MULE-2980,0.198685
MULE-2979,0.039937
MULE-2978,0.963231
MULE-2977,0.007012
MULE-2975,0.007696
MULE-2974,0.993203
MULE-2973,0.010818
MULE-2972,0.06165
MULE-2971,0.92944
MULE-2968,0.009197
MULE-2967,0.303783
MULE-2966,0.045692
MULE-2965,0.756358
MULE-2964,0.011961
MULE-2963,0.007461
MULE-2962,0.009486
MULE-2961,0.007577
MULE-2960,0.021287
MULE-2959,0.012054
MULE-2957,0.028436
MULE-2956,0.023331
MULE-2955,0.023689
MULE-2954,0.990587
MULE-2953,0.959459
MULE-2950,0.014616
MULE-2948,0.013121
MULE-2947,0.018264
MULE-2946,0.016277
MULE-2945,0.012821
MULE-2944,0.019569
MULE-2943,0.010987
MULE-2942,0.861538
MULE-2941,0.012432
MULE-2939,0.71423
MULE-2938,0.362066
MULE-2937,0.91181
MULE-2936,0.062103
MULE-2935,0.009708
MULE-2934,0.688573
MULE-2933,0.975012
MULE-2932,0.5083
MULE-2931,0.065845
MULE-2930,0.031859
MULE-2929,0.957596
MULE-2928,0.206894
MULE-2927,0.982955
MULE-2926,0.876211
MULE-2925,0.021287
MULE-2924,0.019871
MULE-2923,0.025179
MULE-2921,0.009634
MULE-2920,0.314998
MULE-2919,0.069289
MULE-2918,0.012147
MULE-2917,0.277082
MULE-2916,0.982823
MULE-2915,0.919063
MULE-2914,0.00934
MULE-2913,0.158956
MULE-2912,0.078642
MULE-2911,0.941654
MULE-2910,0.705582
MULE-2909,0.039937
MULE-2908,0.011778
MULE-2906,0.3217
MULE-2905,0.012147
MULE-2904,0.464416
MULE-2903,0.017045
MULE-2902,0.038466
MULE-2901,0.039343
MULE-2900,0.015664
MULE-2897,0.014064
MULE-2896,0.987375
MULE-2895,0.840783
MULE-2894,0.947381
MULE-2893,0.018264
MULE-2892,0.015664
MULE-2891,0.01057
MULE-2890,0.007012
MULE-2889,0.034619
MULE-2888,0.954984
MULE-2887,0.045692
MULE-2886,0.982423
MULE-2885,0.010818
MULE-2884,0.013849
MULE-2883,0.760295
MULE-2882,0.075041
MULE-2881,0.853913
MULE-2880,0.009486
MULE-2879,0.010091
MULE-2878,0.021451
MULE-2876,0.251832
MULE-2875,0.00934
MULE-2874,0.017309
MULE-2873,0.693473
MULE-2871,0.24817
MULE-2870,0.616979
MULE-2869,0.019419
MULE-2868,0.014842
MULE-2867,0.083292
MULE-2866,0.715225
MULE-2865,0.860604
MULE-2864,0.971564
MULE-2862,0.012432
MULE-2860,0.064653
MULE-2859,0.010653
MULE-2858,0.317532
MULE-2857,0.508788
MULE-2856,0.056652
MULE-2855,0.148047
MULE-2854,0.660282
MULE-2852,0.657456
MULE-2851,0.016153
MULE-2849,0.104477
MULE-2848,0.056236
MULE-2847,0.031859
MULE-2845,0.018405
MULE-2844,0.012054
MULE-2843,0.031859
MULE-2842,0.018978
MULE-2839,0.51562
MULE-2838,0.01142
MULE-2834,0.010653
MULE-2833,0.014064
MULE-2832,0.989672
MULE-2830,0.125065
MULE-2828,0.709019
MULE-2827,0.00934
MULE-2826,0.042722
MULE-2825,0.914596
MULE-2822,0.978549
MULE-2821,0.052619
MULE-2820,0.032837
MULE-2819,0.914901
MULE-2817,0.877896
MULE-2816,0.960063
MULE-2815,0.039937
MULE-2814,0.067301
MULE-2811,0.024988
MULE-2810,0.035145
MULE-2809,0.96741
MULE-2808,0.011158
MULE-2807,0.01302
MULE-2806,0.951863
MULE-2805,0.495606
MULE-2804,0.021615
MULE-2802,0.038178
MULE-2801,0.076408
MULE-2800,0.015906
MULE-2799,0.019419
MULE-2798,0.851953
MULE-2797,0.022629
MULE-2795,0.026964
MULE-2794,0.020177
MULE-2793,0.013223
MULE-2792,0.418578
MULE-2791,0.072374
MULE-2790,0.014504
MULE-2789,0.955981
MULE-2788,0.095013
MULE-2787,0.011158
MULE-2785,0.007012
MULE-2784,0.013532
MULE-2783,0.011869
MULE-2782,0.817574
MULE-2781,0.006098
MULE-2780,0.927888
MULE-2779,0.009413
MULE-2778,0.019719
MULE-2777,0.011158
MULE-2776,0.454472
MULE-2774,0.024238
MULE-2773,0.913058
MULE-2772,0.016029
MULE-2771,0.010014
MULE-2770,0.62134
MULE-2769,0.039937
MULE-2768,0.896251
MULE-2767,0.434941
MULE-2766,0.008916
MULE-2765,0.005642
MULE-2764,0.008916
MULE-2763,0.033337
MULE-2762,0.014729
MULE-2761,0.013121
MULE-2760,0.010902
MULE-2759,0.008125
MULE-2758,0.700895
MULE-2757,0.300232
MULE-2756,0.012821
MULE-2754,0.015544
MULE-2753,0.019124
MULE-2752,0.022117
MULE-2749,0.821044
MULE-2748,0.080357
MULE-2747,0.407687
MULE-2746,0.883236
MULE-2745,0.948917
MULE-2744,0.012821
MULE-2743,0.863392
MULE-2742,0.035145
MULE-2741,0.198996
MULE-2740,0.957596
MULE-2738,0.013849
MULE-2737,0.013637
MULE-2735,0.019719
MULE-2733,0.01142
MULE-2732,0.013223
MULE-2731,0.768733
MULE-2730,0.015306
MULE-2729,0.014064
MULE-2727,0.527073
MULE-2726,0.752377
MULE-2725,0.017986
MULE-2722,0.407098
MULE-2721,0.007696
MULE-2720,0.008711
MULE-2719,0.959762
MULE-2718,0.927888
MULE-2717,0.974435
MULE-2716,0.984094
MULE-2715,0.016153
MULE-2714,0.531209
MULE-2712,0.041774
MULE-2711,0.944587
MULE-2710,0.011072
MULE-2709,0.090735
MULE-2708,0.008847
MULE-2707,0.012336
MULE-2706,0.175821
MULE-2705,0.011687
MULE-2704,0.698432
MULE-2703,0.037609
MULE-2702,0.020177
MULE-2701,0.023871
MULE-2700,0.378344
MULE-2699,0.021781
MULE-2698,0.146331
MULE-2697,0.252568
MULE-2696,0.016403
MULE-2695,0.020177
MULE-2694,0.033086
MULE-2693,0.413122
MULE-2692,0.013637
MULE-2691,0.655612
MULE-2690,0.021948
MULE-2689,0.017177
MULE-2688,0.020489
MULE-2687,0.012147
MULE-2686,0.960952
MULE-2685,0.020964
MULE-2684,0.961822
MULE-2683,0.943348
MULE-2682,0.170508
MULE-2681,0.012528
MULE-2680,0.005302
MULE-2679,0.841305
MULE-2678,0.008446
MULE-2677,0.010987
MULE-2676,0.020964
MULE-2675,0.012336
MULE-2674,0.845942
MULE-2673,0.03622
MULE-2671,0.020964
MULE-2670,0.009936
MULE-2669,0.008188
MULE-2668,0.048137
MULE-2667,0.023689
MULE-2666,0.029535
MULE-2665,0.028008
MULE-2664,0.01653
MULE-2663,0.020489
MULE-2662,0.19962
MULE-2661,0.09401
MULE-2659,0.009413
MULE-2657,0.012241
MULE-2656,0.01057
MULE-2655,0.891055
MULE-2654,0.969785
MULE-2653,0.096025
MULE-2652,0.075858
MULE-2651,0.010653
MULE-2650,0.075585
MULE-2649,0.937669
MULE-2648,0.014172
MULE-2646,0.010014
MULE-2645,0.011508
MULE-2642,0.017712
MULE-2641,0.040846
MULE-2639,0.027585
MULE-2638,0.007938
MULE-2635,0.016657
MULE-2633,0.008316
MULE-2631,0.012336
MULE-2630,0.010987
MULE-2628,0.015544
MULE-2627,0.023689
MULE-2626,0.022286
MULE-2625,0.021125
MULE-2624,0.008188
MULE-2623,0.008711
MULE-2622,0.008252
MULE-2621,0.011869
MULE-2620,0.017442
MULE-2619,0.935346
MULE-2618,0.948155
MULE-2617,0.972204
MULE-2615,0.926304
MULE-2614,0.101947
MULE-2613,0.246896
MULE-2612,0.01653
MULE-2611,0.016657
MULE-2607,0.017177
MULE-2606,0.011597
MULE-2605,0.009268
MULE-2604,0.164248
MULE-2603,0.057282
MULE-2602,0.020804
MULE-2601,0.93196
MULE-2600,0.015906
MULE-2599,0.014729
MULE-2598,0.020332
MULE-2597,0.022457
MULE-2596,0.009055
MULE-2595,0.034619
MULE-2594,0.018264
MULE-2593,0.973037
MULE-2592,0.802556
MULE-2590,0.087252
MULE-2587,0.019124
MULE-2586,0.016403
MULE-2585,0.022117
MULE-2583,0.842345
MULE-2582,0.987759
MULE-2581,0.008316
MULE-2580,0.973241
MULE-2579,0.813757
MULE-2578,0.011072
MULE-2577,0.945801
MULE-2576,0.98347
MULE-2575,0.028436
MULE-2574,0.014392
MULE-2573,0.010014
MULE-2572,0.011597
MULE-2571,0.782663
MULE-2570,0.061424
MULE-2569,0.014172
MULE-2567,0.11358
MULE-2566,0.01142
MULE-2565,0.086323
MULE-2564,0.015425
MULE-2562,0.006904
MULE-2561,0.023871
MULE-2560,0.828384
MULE-2559,0.012625
MULE-2558,0.316422
MULE-2557,0.012336
MULE-2556,0.012336
MULE-2555,0.72331
MULE-2554,0.971347
MULE-2553,0.632815
MULE-2552,0.950411
MULE-2551,0.978713
MULE-2550,0.985496
MULE-2549,0.991015
MULE-2548,0.951142
MULE-2547,0.891055
MULE-2546,0.019719
MULE-2545,0.974629
MULE-2544,0.025179
MULE-2543,0.01057
MULE-2542,0.029312
MULE-2541,0.983971
MULE-2540,0.978385
MULE-2538,0.987946
MULE-2537,0.014064
MULE-2536,0.028871
MULE-2535,0.028008
MULE-2534,0.015544
MULE-2533,0.010653
MULE-2532,0.014729
MULE-2531,0.006904
MULE-2530,0.909586
MULE-2529,0.007461
MULE-2528,0.01017
MULE-2527,0.012528
MULE-2526,0.008511
MULE-2525,0.025179
MULE-2524,0.014616
MULE-2523,0.011332
MULE-2522,0.015906
MULE-2521,0.961534
MULE-2519,0.041153
MULE-2518,0.887595
MULE-2517,0.018689
MULE-2516,0.022977
MULE-2515,0.025371
MULE-2514,0.020332
MULE-2513,0.013121
MULE-2512,0.011158
MULE-2511,0.115162
MULE-2510,0.019419
MULE-2509,0.015544
MULE-2508,0.01653
MULE-2507,0.046378
MULE-2506,0.075858
MULE-2505,0.048137
MULE-2504,0.295636
MULE-2503,0.040541
MULE-2502,0.012147
MULE-2501,0.045353
MULE-2500,0.067301
MULE-2499,0.018833
MULE-2498,0.979195
MULE-2497,0.043691
MULE-2496,0.00838
MULE-2495,0.898767
MULE-2494,0.990292
MULE-2493,0.972831
MULE-2492,0.937211
MULE-2491,0.01057
MULE-2490,0.017986
MULE-2489,0.016277
MULE-2487,0.005555
MULE-2486,0.899121
MULE-2485,0.011961
MULE-2484,0.971779
MULE-2483,0.970013
MULE-2482,0.942929
MULE-2481,0.973443
MULE-2480,0.951504
MULE-2479,0.627523
MULE-2478,0.979195
MULE-2477,0.985043
MULE-2476,0.018689
MULE-2475,0.040238
MULE-2474,0.022457
MULE-2471,0.011961
MULE-2470,0.012432
MULE-2469,0.03622
MULE-2468,0.105579
MULE-2467,0.032344
MULE-2466,0.035411
MULE-2464,0.972204
MULE-2463,0.618089
MULE-2462,0.901921
MULE-2461,0.099121
MULE-2460,0.733738
MULE-2459,0.025179
MULE-2458,0.019124
MULE-2456,0.019719
MULE-2455,0.015189
MULE-2454,0.024054
MULE-2453,0.018125
MULE-2452,0.021287
MULE-2451,0.030215
MULE-2450,0.316231
MULE-2449,0.54819
MULE-2448,0.070049
MULE-2447,0.021615
MULE-2445,0.488771
MULE-2444,0.022803
MULE-2443,0.912436
MULE-2442,0.023871
MULE-2441,0.013325
MULE-2440,0.009197
MULE-2439,0.744099
MULE-2438,0.012147
MULE-2437,0.014729
MULE-2436,0.020177
MULE-2435,0.370282
MULE-2434,0.120853
MULE-2433,0.282394
MULE-2432,0.14978
MULE-2431,0.039937
MULE-2430,0.033086
MULE-2429,0.011158
MULE-2428,0.256459
MULE-2427,0.014392
MULE-2426,0.930962
MULE-2425,0.975762
MULE-2424,0.97649
MULE-2423,0.063251
MULE-2422,0.011508
MULE-2420,0.012723
MULE-2419,0.03622
MULE-2418,0.208179
MULE-2417,0.009486
MULE-2416,0.013742
MULE-2415,0.019124
MULE-2414,0.018547
MULE-2413,0.014172
MULE-2410,0.005385
MULE-2408,0.956309
MULE-2407,0.01017
MULE-2406,0.019124
MULE-2405,0.08882
MULE-2404,0.01142
MULE-2403,0.012241
MULE-2402,0.98347
MULE-2400,0.007461
MULE-2398,0.888759
MULE-2397,0.586996
MULE-2396,0.959762
MULE-2395,0.592667
MULE-2394,0.787605
MULE-2393,0.67822
MULE-2392,0.659761
MULE-2340,0.487307
MULE-2339,0.719384
MULE-2336,0.937669
MULE-2334,0.075858
MULE-2333,0.895523
MULE-2332,0.013532
MULE-2331,0.535098
MULE-2330,0.019871
MULE-2329,0.969324
MULE-2328,0.013223
MULE-2327,0.020177
MULE-2326,0.952574
MULE-2325,0.010902
MULE-2323,0.018125
MULE-2321,0.889912
MULE-2320,0.974239
MULE-2319,0.776962
MULE-2318,0.050705
MULE-2317,0.180395
MULE-2316,0.936749
MULE-2315,0.72487
MULE-2313,0.019271
MULE-2312,0.986777
MULE-2311,0.069038
MULE-2310,0.087876
MULE-2309,0.937211
MULE-2308,0.97024
MULE-2307,0.906983
MULE-2306,0.025565
MULE-2305,0.107437
MULE-2304,0.058561
MULE-2303,0.026557
MULE-2302,0.008916
MULE-2301,0.030909
MULE-2300,0.019871
MULE-2299,0.020023
MULE-2298,0.914596
MULE-2296,0.850469
MULE-2295,0.956957
MULE-2294,0.989347
MULE-2293,0.977883
MULE-2292,0.989511
MULE-2291,0.958226
MULE-2290,0.985936
MULE-2289,0.012054
MULE-2288,0.019719
MULE-2287,0.749637
MULE-2286,0.832237
MULE-2285,0.869271
MULE-2284,0.013956
MULE-2283,0.194674
MULE-2282,0.020489
MULE-2281,0.893309
MULE-2280,0.009197
MULE-2279,0.007938
MULE-2278,0.008711
MULE-2277,0.021451
MULE-2276,0.017849
MULE-2275,0.019871
MULE-2274,0.452052
MULE-2273,0.978052
MULE-2272,0.013637
MULE-2271,0.675015
MULE-2270,0.97631
MULE-2269,0.965641
MULE-2268,0.990587
MULE-2267,0.017849
MULE-2266,0.927363
MULE-2265,0.05301
MULE-2264,0.975762
MULE-2262,0.024054
MULE-2259,0.010249
MULE-2258,0.013637
MULE-2257,0.011072
MULE-2256,0.008985
MULE-2255,0.904987
MULE-2254,0.96378
MULE-2253,0.014504
MULE-2252,0.014504
MULE-2251,0.01292
MULE-2250,0.017849
MULE-2249,0.015544
MULE-2248,0.014172
MULE-2247,0.014504
MULE-2246,0.013956
MULE-2245,0.009268
MULE-2244,0.01142
MULE-2243,0.012147
MULE-2242,0.012821
MULE-2241,0.037047
MULE-2240,0.008711
MULE-2238,0.850965
MULE-2237,0.008511
MULE-2236,0.453262
MULE-2235,0.977543
MULE-2234,0.983723
MULE-2233,0.984094
MULE-2232,0.971992
MULE-2230,0.037327
MULE-2229,0.91118
MULE-2228,0.973645
MULE-2227,0.020489
MULE-2226,0.012432
MULE-2225,0.016029
MULE-2224,0.034619
MULE-2223,0.013325
MULE-2222,0.456652
MULE-2221,0.037047
MULE-2220,0.454714
MULE-2219,0.915507
MULE-2218,0.013428
MULE-2217,0.015664
MULE-2216,0.011869
MULE-2215,0.050331
MULE-2214,0.640636
MULE-2213,0.92523
MULE-2212,0.471467
MULE-2211,0.236869
MULE-2210,0.277473
MULE-2209,0.012528
MULE-2208,0.01653
MULE-2207,0.015785
MULE-2206,0.067547
MULE-2204,0.901921
MULE-2203,0.950041
MULE-2202,0.125065
MULE-2201,0.012147
MULE-2200,0.950041
MULE-2199,0.024054
MULE-2198,0.987179
MULE-2197,0.029091
MULE-2196,0.021287
MULE-2195,0.012432
MULE-2194,0.008252
MULE-2193,0.964589
MULE-2192,0.016029
MULE-2191,0.048858
MULE-2190,0.948917
MULE-2189,0.020023
MULE-2188,0.016153
MULE-2187,0.028436
MULE-2186,0.662796
MULE-2185,0.616243
MULE-2184,0.855851
MULE-2183,0.86431
MULE-2182,0.055005
MULE-2181,0.986151
MULE-2180,0.027169
MULE-2179,0.026355
MULE-2178,0.019871
MULE-2176,0.00934
MULE-2175,0.726231
MULE-2174,0.017849
MULE-2173,0.522446
MULE-2172,0.23231
MULE-2171,0.037892
MULE-2170,0.962391
MULE-2169,0.025179
MULE-2168,0.012528
MULE-2167,0.035679
MULE-2166,0.891055
MULE-2165,0.026557
MULE-2164,0.008125
MULE-2163,0.963506
MULE-2160,0.69451
MULE-2159,0.022803
MULE-2158,0.018833
MULE-2157,0.017577
MULE-2156,0.014957
MULE-2155,0.149283
MULE-2154,0.011508
MULE-2153,0.024054
MULE-2152,0.017442
MULE-2151,0.011508
MULE-2150,0.07836
MULE-2149,0.014172
MULE-2148,0.011245
MULE-2147,0.005911
MULE-2146,0.013742
MULE-2145,0.057493
MULE-2144,0.018125
MULE-2143,0.008188
MULE-2142,0.008577
MULE-2141,0.224565
MULE-2140,0.030676
MULE-2139,0.993203
MULE-2138,0.833866
MULE-2137,0.975012
MULE-2136,0.015785
MULE-2135,0.010818
MULE-2134,0.975012
MULE-2133,0.019419
MULE-2132,0.091058
MULE-2131,0.015664
MULE-2129,0.008062
MULE-2128,0.192843
MULE-2127,0.011072
MULE-2126,0.022803
MULE-2123,0.926304
MULE-2122,0.01142
MULE-2121,0.021615
MULE-2119,0.93196
MULE-2118,0.174129
MULE-2115,0.017849
MULE-2114,0.831691
MULE-2113,0.855851
MULE-2110,0.010328
MULE-2109,0.008985
MULE-2107,0.00986
MULE-2106,0.96378
MULE-2105,0.018978
MULE-2104,0.060752
MULE-2103,0.015664
MULE-2102,0.950041
MULE-2101,0.027585
MULE-2100,0.017986
MULE-2097,0.042722
MULE-2096,0.015906
MULE-2095,0.01057
MULE-2094,0.015073
MULE-2093,0.013428
MULE-2092,0.143668
MULE-2091,0.018125
MULE-2090,0.019871
MULE-2089,0.026557
MULE-2087,0.01302
MULE-2086,0.012336
MULE-2085,0.014842
MULE-2084,0.01057
MULE-2083,0.965641
MULE-2082,0.336621
MULE-2081,0.666497
MULE-2080,0.026557
MULE-2077,0.850965
MULE-2076,0.014957
MULE-2075,0.734881
MULE-2074,0.024798
MULE-2073,0.015664
MULE-2072,0.026557
MULE-2071,0.012528
MULE-2070,0.008316
MULE-2069,0.296349
MULE-2068,0.018405
MULE-2067,0.114369
MULE-2066,0.967899
MULE-2065,0.017577
MULE-2064,0.013532
MULE-2063,0.906653
MULE-2061,0.010328
MULE-2057,0.015073
MULE-2056,0.67346
MULE-2055,0.188623
MULE-2054,0.2819
MULE-2053,0.007577
MULE-2052,0.012054
MULE-2051,0.014282
MULE-2050,0.383353
MULE-2049,0.055005
MULE-2048,0.011508
MULE-2047,0.217005
MULE-2046,0.050331
MULE-2045,0.010408
MULE-2044,0.022286
MULE-2043,0.008316
MULE-2042,0.020023
MULE-2040,0.705582
MULE-2039,0.33478
MULE-2038,0.013849
MULE-2036,0.011961
MULE-2035,0.00934
MULE-2032,0.400984
MULE-2028,0.014729
MULE-2027,0.010249
MULE-2024,0.076961
MULE-2022,0.121269
MULE-2021,0.017045
MULE-2018,0.975762
MULE-2017,0.952574
MULE-2016,0.008577
MULE-2015,0.018978
MULE-2014,0.264169
MULE-2013,0.884439
MULE-2012,0.010014
MULE-2011,0.955981
MULE-2010,0.011158
MULE-2009,0.561215
MULE-2008,0.012432
MULE-2007,0.857291
MULE-2006,0.023331
MULE-2005,0.97649
MULE-2004,0.016029
MULE-2003,0.289723
MULE-2002,0.019719
MULE-2001,0.020023
MULE-2000,0.06804
MULE-1999,0.015785
MULE-1997,0.018689
MULE-1995,0.899828
MULE-1994,0.010014
MULE-1993,0.016915
MULE-1992,0.010249
MULE-1991,0.011508
MULE-1990,0.007816
MULE-1989,0.009559
MULE-1988,0.922482
MULE-1987,0.11358
MULE-1986,0.010014
MULE-1985,0.964052
MULE-1984,0.012528
MULE-1983,0.033337
MULE-1982,0.015664
MULE-1981,0.013742
MULE-1980,0.039937
MULE-1979,0.010249
MULE-1978,0.014957
MULE-1977,0.024423
MULE-1976,0.862468
MULE-1975,0.77081
MULE-1974,0.402627
MULE-1973,0.600188
MULE-1972,0.020489
MULE-1971,0.011245
MULE-1970,0.008916
MULE-1968,0.042088
MULE-1967,0.021781
MULE-1966,0.020023
MULE-1965,0.041462
MULE-1964,0.039048
MULE-1963,0.029987
MULE-1962,0.613237
MULE-1961,0.024798
MULE-1960,0.029091
MULE-1959,0.055823
MULE-1958,0.845433
MULE-1957,0.016153
MULE-1956,0.935817
MULE-1954,0.144631
MULE-1953,0.034619
MULE-1952,0.010902
MULE-1950,0.010818
MULE-1949,0.911495
MULE-1948,0.961244
MULE-1947,0.953622
MULE-1946,0.588771
MULE-1945,0.926835
MULE-1944,0.120439
MULE-1943,0.980876
MULE-1942,0.043043
MULE-1940,0.028871
MULE-1938,0.037327
MULE-1937,0.012241
MULE-1934,0.021615
MULE-1933,0.673943
MULE-1932,0.049589
MULE-1930,0.013428
MULE-1929,0.908618
MULE-1928,0.056236
MULE-1926,0.011508
MULE-1925,0.033086
MULE-1924,0.01292
MULE-1923,0.540196
MULE-1922,0.985271
MULE-1921,0.981875
MULE-1920,0.010489
MULE-1919,0.008847
MULE-1918,0.010408
MULE-1917,0.008644
MULE-1916,0.255715
MULE-1915,0.017712
MULE-1913,0.015425
MULE-1912,0.024798
MULE-1909,0.009126
MULE-1908,0.943764
MULE-1907,0.027376
MULE-1906,0.006904
MULE-1905,0.010328
MULE-1904,0.941223
MULE-1902,0.070816
MULE-1901,0.336222
MULE-1900,0.014172
MULE-1899,0.094678
MULE-1898,0.082107
MULE-1897,0.014957
MULE-1896,0.115961
MULE-1895,0.018689
MULE-1894,0.010014
MULE-1893,0.023331
MULE-1892,0.978219
MULE-1890,0.018125
MULE-1887,0.041153
MULE-1883,0.025957
MULE-1882,0.012528
MULE-1881,0.033337
MULE-1880,0.029312
MULE-1878,0.018405
MULE-1877,0.080357
MULE-1876,0.014957
MULE-1875,0.021287
MULE-1874,0.021287
MULE-1873,0.015425
MULE-1872,0.653237
MULE-1871,0.021781
MULE-1870,0.01653
MULE-1868,0.015189
MULE-1867,0.728362
MULE-1866,0.011158
MULE-1865,0.022286
MULE-1864,0.025371
MULE-1863,0.020964
MULE-1862,0.018547
MULE-1861,0.029091
MULE-1860,0.38445
MULE-1859,0.035145
MULE-1858,0.034359
MULE-1857,0.013428
MULE-1856,0.055823
MULE-1855,0.012241
MULE-1854,0.011961
MULE-1853,0.019569
MULE-1852,0.051083
MULE-1851,0.225587
MULE-1848,0.013637
MULE-1846,0.010818
MULE-1845,0.010987
MULE-1844,0.015073
MULE-1843,0.013223
MULE-1842,0.013532
MULE-1841,0.017309
MULE-1840,0.007012
MULE-1839,0.010987
MULE-1838,0.022803
MULE-1837,0.018405
MULE-1835,0.021781
MULE-1834,0.020964
MULE-1833,0.023509
MULE-1832,0.019719
MULE-1831,0.020804
MULE-1830,0.020964
MULE-1829,0.015544
MULE-1828,0.45302
MULE-1823,0.015306
MULE-1822,0.011961
MULE-1821,0.038756
MULE-1820,0.974043
MULE-1819,0.120853
MULE-1818,0.00934
MULE-1817,0.007938
MULE-1814,0.83762
MULE-1813,0.020804
MULE-1812,0.908618
MULE-1811,0.225417
MULE-1810,0.009055
MULE-1809,0.017177
MULE-1808,0.954647
MULE-1806,0.014172
MULE-1803,0.826712
MULE-1802,0.871037
MULE-1801,0.014616
MULE-1800,0.024798
MULE-1799,0.013849
MULE-1798,0.015664
MULE-1797,0.021781
MULE-1796,0.01302
MULE-1795,0.609001
MULE-1794,0.009634
MULE-1793,0.013428
MULE-1792,0.014842
MULE-1791,0.012723
MULE-1790,0.423696
MULE-1789,0.043691
MULE-1788,0.010902
MULE-1787,0.015544
MULE-1786,0.006798
MULE-1785,0.642278
MULE-1784,0.012054
MULE-1783,0.015785
MULE-1782,0.051845
MULE-1781,0.953622
MULE-1780,0.022117
MULE-1778,0.032344
MULE-1777,0.893681
MULE-1775,0.180395
MULE-1774,0.985271
MULE-1773,0.017577
MULE-1772,0.908942
MULE-1771,0.027169
MULE-1770,0.018264
MULE-1766,0.015664
MULE-1764,0.013532
MULE-1762,0.017986
MULE-1760,0.935817
MULE-1759,0.988842
MULE-1758,0.013325
MULE-1757,0.771843
MULE-1756,0.048496
MULE-1755,0.011245
MULE-1754,0.015664
MULE-1753,0.015306
MULE-1752,0.805632
MULE-1751,0.017177
MULE-1749,0.983847
MULE-1748,0.01653
MULE-1747,0.089773
MULE-1746,0.026964
MULE-1745,0.500977
MULE-1744,0.200245
MULE-1743,0.903635
MULE-1742,0.039048
MULE-1741,0.010328
MULE-1740,0.931463
MULE-1739,0.018405
MULE-1737,0.029987
MULE-1736,0.022629
MULE-1735,0.031619
MULE-1734,0.308034
MULE-1733,0.417984
MULE-1732,0.613005
MULE-1731,0.366235
MULE-1730,0.950041
MULE-1728,0.693888
MULE-1727,0.291586
MULE-1725,0.012336
MULE-1724,0.012821
MULE-1723,0.898767
MULE-1722,0.096025
MULE-1721,0.236164
MULE-1719,0.137996
MULE-1718,0.015544
MULE-1717,0.016153
MULE-1716,0.034359
MULE-1715,0.016785
MULE-1714,0.969785
MULE-1713,0.076132
MULE-1712,0.020646
MULE-1710,0.068537
MULE-1709,0.261897
MULE-1708,0.130285
MULE-1707,0.613468
MULE-1706,0.051845
MULE-1705,0.011072
MULE-1704,0.016403
MULE-1703,0.024054
MULE-1702,0.013849
MULE-1701,0.029535
MULE-1700,0.011245
MULE-1697,0.59972
MULE-1696,0.011158
MULE-1695,0.014616
MULE-1692,0.010408
MULE-1691,0.018833
MULE-1690,0.951863
MULE-1687,0.008847
MULE-1686,0.09739
MULE-1685,0.009126
MULE-1684,0.987759
MULE-1683,0.014504
MULE-1682,0.033337
MULE-1680,0.024988
MULE-1679,0.020023
MULE-1678,0.030444
MULE-1677,0.010902
MULE-1675,0.757794
MULE-1674,0.009936
MULE-1673,0.01302
MULE-1672,0.011332
MULE-1671,0.790854
MULE-1669,0.020332
MULE-1667,0.033337
MULE-1664,0.014504
MULE-1663,0.008916
MULE-1660,0.566978
MULE-1658,0.014064
MULE-1657,0.067793
MULE-1656,0.018264
MULE-1655,0.219003
MULE-1653,0.014504
MULE-1652,0.680348
MULE-1651,0.975946
MULE-1650,0.007816
MULE-1649,0.950041
MULE-1648,0.073696
MULE-1647,0.025565
MULE-1646,0.743913
MULE-1645,0.009784
MULE-1644,0.015306
MULE-1643,0.011072
MULE-1642,0.020804
MULE-1641,0.659624
MULE-1640,0.494141
MULE-1639,0.580828
MULE-1638,0.253491
MULE-1637,0.131173
MULE-1635,0.966663
MULE-1634,0.82559
MULE-1632,0.358802
MULE-1631,0.010653
MULE-1630,0.015306
MULE-1629,0.012625
MULE-1628,0.986979
MULE-1625,0.427277
MULE-1624,0.895523
MULE-1623,0.856812
MULE-1622,0.979036
MULE-1621,0.738292
MULE-1620,0.533397
MULE-1619,0.019569
MULE-1618,0.046725
MULE-1617,0.944995
MULE-1616,0.010249
MULE-1615,0.007461
MULE-1614,0.011508
MULE-1613,0.010408
MULE-1611,0.016029
MULE-1610,0.011687
MULE-1609,0.016785
MULE-1608,0.107063
MULE-1607,0.02976
MULE-1606,0.014729
MULE-1605,0.023509
MULE-1604,0.021781
MULE-1603,0.013637
MULE-1602,0.020177
MULE-1601,0.015906
MULE-1600,0.019871
MULE-1599,0.97631
MULE-1598,0.080357
MULE-1597,0.009634
MULE-1596,0.779322
MULE-1594,0.058993
MULE-1593,0.010735
MULE-1592,0.01302
MULE-1591,0.008916
MULE-1590,0.019271
MULE-1589,0.085099
MULE-1588,0.01292
MULE-1587,0.962673
MULE-1586,0.958847
MULE-1584,0.919063
MULE-1583,0.278846
MULE-1581,0.772187
MULE-1580,0.908618
MULE-1579,0.539711
MULE-1578,0.878314
MULE-1577,0.734881
MULE-1576,0.947769
MULE-1575,0.92079
MULE-1574,0.905657
MULE-1573,0.968141
MULE-1572,0.352564
MULE-1571,0.885235
MULE-1570,0.683102
MULE-1569,0.696991
MULE-1567,0.021781
MULE-1566,0.013532
MULE-1565,0.022457
MULE-1564,0.014172
MULE-1563,0.05301
MULE-1562,0.118793
MULE-1561,0.052231
MULE-1560,0.031859
MULE-1559,0.068537
MULE-1558,0.024238
MULE-1557,0.078926
MULE-1556,0.018978
MULE-1555,0.021287
MULE-1554,0.01302
MULE-1553,0.014064
MULE-1552,0.338514
MULE-1551,0.014282
MULE-1550,0.008916
MULE-1549,0.037609
MULE-1548,0.031619
MULE-1547,0.018547
MULE-1546,0.012054
MULE-1545,0.013742
MULE-1544,0.006098
MULE-1543,0.023331
MULE-1541,0.017577
MULE-1536,0.62835
MULE-1534,0.020646
MULE-1533,0.018264
MULE-1529,0.977543
MULE-1528,0.026964
MULE-1527,0.208824
MULE-1526,0.034359
MULE-1524,0.019871
MULE-1519,0.318591
MULE-1518,0.019719
MULE-1517,0.599954
MULE-1516,0.516595
MULE-1515,0.972623
MULE-1514,0.942507
MULE-1513,0.009784
MULE-1512,0.552298
MULE-1511,0.024054
MULE-1509,0.834407
MULE-1508,0.954984
MULE-1507,0.920218
MULE-1506,0.017577
MULE-1504,0.503906
MULE-1502,0.991554
MULE-1499,0.201185
MULE-1497,0.009413
MULE-1496,0.030215
MULE-1495,0.015906
MULE-1494,0.014282
MULE-1493,0.00522
MULE-1492,0.009708
MULE-1491,0.009055
MULE-1490,0.925769
MULE-1486,0.019271
MULE-1485,0.490724
MULE-1484,0.060308
MULE-1479,0.072374
MULE-1476,0.97631
MULE-1474,0.954647
MULE-1473,0.04778
MULE-1469,0.012625
MULE-1468,0.014172
MULE-1467,0.063715
MULE-1466,0.107813
MULE-1465,0.871475
MULE-1464,0.016277
MULE-1463,0.352982
MULE-1460,0.585931
MULE-1459,0.987179
MULE-1458,0.398055
MULE-1457,0.917303
MULE-1456,0.046034
MULE-1455,0.963506
MULE-1454,0.020332
MULE-1453,0.017849
MULE-1452,0.015544
MULE-1451,0.013428
MULE-1450,0.056862
MULE-1449,0.010653
MULE-1448,0.014064
MULE-1446,0.010818
MULE-1445,0.96862
MULE-1444,0.693473
MULE-1442,0.026964
MULE-1441,0.590012
MULE-1440,0.972204
MULE-1439,0.071851
MULE-1438,0.013223
MULE-1437,0.0538
MULE-1436,0.830594
MULE-1435,0.928409
MULE-1434,0.024798
MULE-1433,0.011072
MULE-1431,0.012821
MULE-1430,0.013223
MULE-1429,0.013956
MULE-1428,0.03259
MULE-1427,0.808067
MULE-1425,0.032837
MULE-1424,0.95222
MULE-1421,0.011869
MULE-1417,0.06489
MULE-1416,0.980876
MULE-1415,0.865224
MULE-1414,0.03138
MULE-1413,0.031859
MULE-1412,0.412175
MULE-1411,0.939471
MULE-1410,0.014957
MULE-1409,0.930458
MULE-1408,0.753829
MULE-1407,0.012336
MULE-1406,0.64791
MULE-1405,0.004982
MULE-1404,0.014392
MULE-1403,0.007121
MULE-1402,0.016785
MULE-1399,0.978219
MULE-1398,0.962953
MULE-1397,0.985718
MULE-1396,0.01142
MULE-1395,0.909907
MULE-1394,0.069795
MULE-1389,0.014616
MULE-1381,0.75037
MULE-1380,0.40754
MULE-1378,0.878314
MULE-1377,0.81257
MULE-1376,0.617311
MULE-1375,0.014504
MULE-1373,0.963231
MULE-1372,0.801625
MULE-1371,0.097048
MULE-1370,0.033086
MULE-1369,0.008779
MULE-1367,0.970688
MULE-1366,0.758689
MULE-1365,0.935346
MULE-1364,0.011961
MULE-1363,0.010014
MULE-1362,0.360658
MULE-1360,0.007577
MULE-1358,0.018978
MULE-1357,0.891055
MULE-1356,0.016403
MULE-1355,0.163713
MULE-1354,0.801315
MULE-1353,0.247805
MULE-1351,0.086632
MULE-1350,0.008125
MULE-1348,0.029091
MULE-1347,0.866585
MULE-1343,0.204342
MULE-1342,0.004007
MULE-1341,0.008916
MULE-1339,0.036769
MULE-1335,0.26341
MULE-1334,0.398641
MULE-1332,0.015306
MULE-1329,0.194062
MULE-1328,0.058346
MULE-1326,0.021948
MULE-1325,0.268749
MULE-1324,0.014392
MULE-1323,0.010818
MULE-1322,0.010328
MULE-1321,0.013428
MULE-1320,0.035948
MULE-1319,0.022286
MULE-1318,0.14247
MULE-1317,0.007012
MULE-1315,0.018405
MULE-1313,0.955651
MULE-1312,0.909907
MULE-1310,0.126353
MULE-1309,0.014064
MULE-1308,0.010489
MULE-1307,0.282196
MULE-1306,0.03259
MULE-1305,0.123789
MULE-1304,0.948155
MULE-1303,0.01142
MULE-1302,0.900179
MULE-1300,0.015664
MULE-1299,0.290779
MULE-1297,0.07343
MULE-1296,0.014504
MULE-1295,0.014504
MULE-1292,0.105579
MULE-1291,0.974435
MULE-1290,0.2227
MULE-1289,0.009197
MULE-1288,0.017712
MULE-1285,0.945801
MULE-1284,0.672869
MULE-1283,0.829492
MULE-1281,0.013956
MULE-1278,0.055005
MULE-1277,0.00461
MULE-1276,0.007346
MULE-1275,0.013849
MULE-1274,0.013849
MULE-1272,0.016657
MULE-1271,0.052619
MULE-1269,0.021125
MULE-1267,0.71721
MULE-1266,0.904651
MULE-1265,0.010249
MULE-1263,0.006098
MULE-1261,0.021125
MULE-1259,0.177526
MULE-1257,0.041462
MULE-1256,0.019871
MULE-1252,0.010328
MULE-1251,0.025761
MULE-1250,0.021451
MULE-1249,0.007696
MULE-1248,0.009634
MULE-1247,0.374333
MULE-1246,0.014172
MULE-1245,0.007233
MULE-1244,0.185652
MULE-1243,0.157914
MULE-1240,0.015073
MULE-1239,0.016915
MULE-1238,0.061876
MULE-1236,0.006193
MULE-1235,0.986572
MULE-1234,0.016403
MULE-1233,0.016277
MULE-1230,0.012241
MULE-1229,0.09739
MULE-1228,0.009197
MULE-1227,0.638892
MULE-1224,0.036494
MULE-1223,0.984336
MULE-1221,0.949295
MULE-1220,0.947381
MULE-1219,0.980876
MULE-1218,0.96741
MULE-1217,0.067793
MULE-1215,0.011245
MULE-1213,0.014504
MULE-1212,0.007346
MULE-1211,0.223377
MULE-1210,0.007696
MULE-1207,0.016029
MULE-1206,0.013849
MULE-1205,0.020023
MULE-1204,0.017045
MULE-1203,0.012821
MULE-1202,0.009708
MULE-1201,0.283186
MULE-1200,0.010735
MULE-1198,0.040541
MULE-1196,0.015189
MULE-1195,0.043366
MULE-1194,0.274157
MULE-1192,0.012432
MULE-1191,0.018833
MULE-1190,0.266644
MULE-1189,0.888372
MULE-1188,0.011778
MULE-1187,0.06256
MULE-1186,0.020177
MULE-1183,0.009936
MULE-1182,0.008985
MULE-1181,0.916409
MULE-1180,0.131173
MULE-1179,0.012054
MULE-1178,0.737536
MULE-1177,0.210117
MULE-1176,0.010653
MULE-1174,0.018547
MULE-1173,0.083591
MULE-1172,0.012821
MULE-1171,0.798815
MULE-1170,0.014504
MULE-1169,0.014282
MULE-1166,0.292393
MULE-1163,0.962953
MULE-1162,0.974435
MULE-1160,0.765944
MULE-1159,0.951142
MULE-1158,0.024054
MULE-1157,0.008446
MULE-1156,0.010902
MULE-1154,0.012147
MULE-1153,0.014282
MULE-1150,0.012821
MULE-1148,0.01142
MULE-1147,0.030444
MULE-1145,0.97024
MULE-1144,0.012625
MULE-1143,0.370909
MULE-1141,0.010902
MULE-1140,0.938576
MULE-1139,0.011072
MULE-1138,0.020804
MULE-1137,0.027169
MULE-1136,0.641703
MULE-1135,0.019871
MULE-1134,0.014616
MULE-1132,0.742422
MULE-1131,0.030444
MULE-1130,0.984094
MULE-1129,0.09401
MULE-1127,0.960952
MULE-1124,0.926304
MULE-1123,0.019871
MULE-1122,0.910545
MULE-1120,0.008252
MULE-1118,0.359589
MULE-1117,0.989986
MULE-1116,0.956309
MULE-1115,0.982691
MULE-1114,0.988131
MULE-1113,0.012528
MULE-1111,0.008644
MULE-1109,0.01057
MULE-1108,0.773216
MULE-1107,0.03138
MULE-1106,0.013956
MULE-1105,0.191933
MULE-1104,0.625552
MULE-1103,0.120026
MULE-1102,0.722135
MULE-1101,0.01292
MULE-1099,0.974629
MULE-1098,0.141756
MULE-1097,0.011869
MULE-1095,0.008252
MULE-1094,0.863852
MULE-1093,0.012528
MULE-1092,0.96378
MULE-1091,0.062103
MULE-1090,0.26218
MULE-1089,0.017577
MULE-1088,0.046034
MULE-1087,0.024423
MULE-1086,0.09236
MULE-1085,0.010818
MULE-1084,0.044019
MULE-1083,0.446495
MULE-1082,0.981736
MULE-1080,0.034881
MULE-1079,0.077797
MULE-1078,0.945801
MULE-1077,0.067301
MULE-1075,0.021125
MULE-1074,0.041462
MULE-1073,0.010489
MULE-1072,0.016277
MULE-1071,0.905322
MULE-1070,0.018833
MULE-1069,0.011245
MULE-1068,0.009486
MULE-1067,0.019569
MULE-1066,0.042404
MULE-1065,0.972204
MULE-1064,0.00934
MULE-1063,0.582847
MULE-1062,0.013532
MULE-1060,0.983085
MULE-1058,0.014957
MULE-1057,0.020177
MULE-1056,0.021287
MULE-1055,0.675229
MULE-1054,0.794385
MULE-1053,0.236869
MULE-1052,0.012821
MULE-1051,0.039048
MULE-1049,0.018125
MULE-1047,0.39257
MULE-1046,0.012241
MULE-1045,0.57344
MULE-1044,0.29821
MULE-1043,0.587825
MULE-1041,0.022977
MULE-1040,0.263789
MULE-1039,0.876634
MULE-1038,0.018833
MULE-1037,0.975577
MULE-1036,0.012528
MULE-1034,0.976129
MULE-1033,0.954308
MULE-1032,0.089137
MULE-1031,0.262842
MULE-1030,0.953966
MULE-1029,0.71403
MULE-1028,0.118793
MULE-1027,0.564098
MULE-1026,0.355439
MULE-1025,0.846958
MULE-1024,0.801625
MULE-1023,0.01292
MULE-1022,0.958538
MULE-1021,0.076961
MULE-1020,0.763836
MULE-1019,0.747616
MULE-1018,0.009126
MULE-1017,0.015906
MULE-1016,0.014957
MULE-1015,0.476092
MULE-1014,0.082402
MULE-1013,0.578924
MULE-1011,0.014842
MULE-1008,0.039937
MULE-1006,0.237399
MULE-1005,0.117572
MULE-1001,0.61115
MULE-998,0.034359
MULE-996,0.012336
MULE-994,0.010489
MULE-992,0.01292
MULE-991,0.028008
MULE-989,0.019719
MULE-987,0.886027
MULE-986,0.91181
MULE-985,0.214691
MULE-984,0.960063
MULE-983,0.987568
MULE-982,0.024423
MULE-981,0.872347
MULE-980,0.050331
MULE-978,0.095013
MULE-977,0.722135
MULE-976,0.033844
MULE-975,0.925769
MULE-973,0.029312
MULE-972,0.021287
MULE-971,0.968381
MULE-969,0.011245
MULE-968,0.383988
MULE-967,0.94699
MULE-966,0.992184
MULE-965,0.649023
MULE-963,0.88642
MULE-961,0.027169
MULE-960,0.833866
MULE-959,0.627181
MULE-958,0.056862
MULE-957,0.238107
MULE-956,0.974435
MULE-954,0.019871
MULE-952,0.011778
MULE-950,0.92944
MULE-949,0.942507
MULE-948,0.023331
MULE-947,0.987759
MULE-942,0.011597
MULE-941,0.036769
MULE-940,0.020646
MULE-939,0.01142
MULE-938,0.008252
MULE-937,0.007696
MULE-936,0.986572
MULE-935,0.94699
MULE-934,0.913984
MULE-933,0.91611
MULE-932,0.947769
MULE-930,0.035145
MULE-929,0.048858
MULE-924,0.013956
MULE-923,0.007938
MULE-922,0.968141
MULE-921,0.912436
MULE-920,0.007233
MULE-917,0.989511
MULE-916,0.012528
MULE-915,0.973844
MULE-911,0.065605
MULE-910,0.030444
MULE-909,0.981453
MULE-907,0.904651
MULE-906,0.008711
MULE-905,0.016657
MULE-904,0.630912
MULE-903,0.00514
MULE-902,0.866133
MULE-901,0.457864
MULE-900,0.987946
MULE-899,0.992423
MULE-898,0.016785
MULE-897,0.971992
MULE-895,0.26569
MULE-894,0.894421
MULE-893,0.436862
MULE-892,0.986363
MULE-891,0.946597
MULE-889,0.0341
MULE-888,0.023153
MULE-887,0.918772
MULE-886,0.046378
MULE-885,0.03138
MULE-884,0.953966
MULE-883,0.693265
MULE-882,0.015306
MULE-881,0.018978
MULE-880,0.018978
MULE-879,0.014392
MULE-878,0.041153
MULE-877,0.015189
MULE-871,0.014504
MULE-870,0.016915
MULE-869,0.019719
MULE-868,0.160529
MULE-867,0.939913
MULE-866,0.98983
MULE-864,0.684791
MULE-863,0.868827
MULE-861,0.054803
MULE-860,0.019419
MULE-859,0.114369
MULE-858,0.010408
MULE-857,0.013637
MULE-856,0.009126
MULE-855,0.560493
MULE-852,0.024988
MULE-851,0.056652
MULE-850,0.185947
MULE-844,0.985936
MULE-843,0.087564
MULE-842,0.853425
MULE-841,0.983597
MULE-840,0.020489
MULE-839,0.923039
MULE-838,0.029312
MULE-837,0.046725
MULE-836,0.013742
MULE-835,0.015906
MULE-833,0.048858
MULE-832,0.037047
MULE-831,0.066812
MULE-830,0.035145
MULE-829,0.086323
MULE-828,0.316369
MULE-827,0.023871
MULE-826,0.939025
MULE-825,0.609234
MULE-824,0.015306
MULE-823,0.015189
MULE-822,0.036769
MULE-821,0.373419
MULE-820,0.015073
MULE-819,0.015785
MULE-818,0.013121
MULE-817,0.014842
MULE-815,0.03259
MULE-814,0.015189
MULE-813,0.093017
MULE-812,0.230227
MULE-811,0.296578
MULE-810,0.010987
MULE-807,0.985936
MULE-805,0.07477
MULE-803,0.008188
MULE-801,0.014957
MULE-800,0.01142
MULE-799,0.134776
MULE-798,0.057071
MULE-797,0.948917
MULE-796,0.950041
MULE-795,0.006004
MULE-794,0.015073
MULE-793,0.010408
MULE-792,0.011778
MULE-791,0.011332
MULE-790,0.155591
MULE-789,0.97024
MULE-787,0.008316
MULE-786,0.018978
MULE-785,0.021451
MULE-784,0.011687
MULE-783,0.007696
MULE-782,0.015906
MULE-781,0.007233
MULE-780,0.932453
MULE-779,0.010249
MULE-778,0.009559
MULE-777,0.019419
MULE-774,0.988131
MULE-773,0.022629
MULE-772,0.958847
MULE-771,0.010987
MULE-769,0.018405
MULE-768,0.013428
MULE-765,0.009784
MULE-764,0.94699
MULE-762,0.749087
MULE-761,0.009708
MULE-760,0.011072
MULE-758,0.972415
MULE-757,0.017849
MULE-756,0.93196
MULE-755,0.195594
MULE-754,0.017045
MULE-753,0.011072
MULE-752,0.018264
MULE-750,0.01653
MULE-749,0.014957
MULE-748,0.012821
MULE-747,0.035948
MULE-746,0.021125
MULE-745,0.448426
MULE-743,0.017177
MULE-742,0.013325
MULE-741,0.004538
MULE-740,0.01292
MULE-739,0.020646
MULE-738,0.969785
MULE-737,0.015189
MULE-736,0.051845
MULE-735,0.017309
MULE-734,0.7413
MULE-732,0.903294
MULE-731,0.012821
MULE-730,0.942507
MULE-728,0.016785
MULE-726,0.019569
MULE-725,0.989013
MULE-723,0.012625
MULE-722,0.011597
MULE-719,0.938124
MULE-718,0.015189
MULE-717,0.034881
MULE-716,0.020332
MULE-713,0.015664
MULE-712,0.973241
MULE-711,0.057071
MULE-710,0.968381
MULE-708,0.007938
MULE-707,0.014729
MULE-706,0.558327
MULE-705,0.044019
MULE-703,0.029987
MULE-701,0.015073
MULE-700,0.070816
MULE-699,0.012528
MULE-698,0.978875
MULE-697,0.015785
MULE-696,0.961534
MULE-695,0.013121
MULE-694,0.026355
MULE-693,0.062331
MULE-692,0.009055
MULE-691,0.962391
MULE-690,0.019124
MULE-689,0.007577
MULE-688,0.014957
MULE-687,0.529263
MULE-686,0.474388
MULE-685,0.895888
MULE-684,0.176104
MULE-682,0.013325
MULE-681,0.944177
MULE-678,0.008644
MULE-677,0.02461
MULE-675,0.075312
MULE-674,0.961534
MULE-673,0.923592
MULE-671,0.015306
MULE-670,0.024054
MULE-646,0.076684
MULE-644,0.620219
MULE-643,0.046378
MULE-641,0.66072
MULE-640,0.014957
MULE-639,0.973241
MULE-638,0.969091
MULE-637,0.047074
MULE-636,0.682256
MULE-634,0.138462
MULE-633,0.007816
MULE-632,0.009197
MULE-631,0.015785
MULE-630,0.402157
MULE-629,0.030909
MULE-628,0.581541
MULE-626,0.026355
MULE-625,0.016785
MULE-623,0.008985
MULE-621,0.011778
MULE-620,0.019569
MULE-618,0.892563
MULE-617,0.987375
MULE-616,0.010902
MULE-615,0.102664
MULE-614,0.975577
MULE-613,0.986151
MULE-612,0.006193
MULE-611,0.055005
MULE-610,0.018547
MULE-609,0.857291
MULE-608,0.973844
MULE-606,0.03138
MULE-605,0.988842
MULE-604,0.011332
MULE-603,0.027585
MULE-601,0.120853
MULE-600,0.007012
MULE-599,0.048137
MULE-598,0.584627
MULE-597,0.944995
MULE-596,0.005469
MULE-595,0.191933
MULE-594,0.015544
MULE-593,0.019271
MULE-592,0.014842
MULE-591,0.017309
MULE-590,0.013637
MULE-589,0.009784
MULE-588,0.47317
MULE-587,0.011778
MULE-586,0.900879
MULE-585,0.011597
MULE-583,0.557123
MULE-582,0.054601
MULE-581,0.903975
MULE-579,0.013742
MULE-578,0.440951
MULE-576,0.316924
MULE-575,0.016403
MULE-573,0.018125
MULE-572,0.011332
MULE-571,0.008446
MULE-570,0.182134
MULE-569,0.119614
MULE-568,0.010489
MULE-567,0.029312
MULE-566,0.838151
MULE-565,0.959154
MULE-564,0.39321
MULE-563,0.987375
MULE-562,0.016153
MULE-561,0.01057
MULE-560,0.018125
MULE-559,0.988131
MULE-558,0.014392
MULE-557,0.025179
MULE-556,0.03259
MULE-555,0.017986
MULE-554,0.949295
MULE-553,0.644617
MULE-552,0.944995
MULE-551,0.682362
MULE-550,0.773559
MULE-549,0.012241
MULE-547,0.563378
MULE-546,0.758153
MULE-545,0.025565
MULE-544,0.064418
MULE-543,0.054399
MULE-542,0.019569
MULE-541,0.004682
MULE-540,0.012723
MULE-539,0.490724
MULE-537,0.013637
MULE-536,0.018689
MULE-535,0.01653
MULE-531,0.011597
MULE-530,0.92944
MULE-529,0.066327
MULE-528,0.018547
MULE-527,0.009936
MULE-526,0.024054
MULE-524,0.009268
MULE-523,0.980581
MULE-522,0.981595
MULE-520,0.174129
MULE-519,0.982823
MULE-518,0.853425
MULE-517,0.784649
MULE-516,0.012336
MULE-515,0.012336
MULE-514,0.023153
MULE-512,0.014064
MULE-511,0.015544
MULE-510,0.010653
MULE-509,0.017177
MULE-508,0.479504
MULE-506,0.126785
MULE-505,0.265119
MULE-504,0.218503
MULE-503,0.009197
MULE-502,0.951142
MULE-501,0.071851
MULE-500,0.008985
MULE-497,0.015664
MULE-496,0.00573
MULE-495,0.043691
MULE-494,0.009708
MULE-493,0.035145
MULE-492,0.022286
MULE-491,0.960952
MULE-490,0.948917
MULE-489,0.011687
MULE-488,0.01057
MULE-487,0.954984
MULE-486,0.098425
MULE-485,0.041462
MULE-484,0.025371
MULE-483,0.021948
MULE-482,0.045692
MULE-480,0.254046
MULE-479,0.982288
MULE-478,0.962673
MULE-477,0.914291
MULE-476,0.924688
MULE-475,0.858244
MULE-474,0.144631
MULE-473,0.973037
MULE-471,0.976847
MULE-470,0.0538
MULE-469,0.007577
MULE-468,0.011245
MULE-467,0.025957
MULE-466,0.582491
MULE-465,0.024798
MULE-463,0.025565
MULE-462,0.005642
MULE-459,0.029312
MULE-458,0.165054
MULE-457,0.020332
MULE-456,0.068537
MULE-455,0.018264
MULE-454,0.02461
MULE-453,0.021781
MULE-452,0.036494
MULE-451,0.060308
MULE-448,0.007577
MULE-447,0.022803
MULE-446,0.010328
MULE-445,0.014729
MULE-443,0.726037
MULE-442,0.011687
MULE-441,0.010653
MULE-440,0.012625
MULE-439,0.014172
MULE-438,0.020177
MULE-437,0.011508
MULE-436,0.00483
MULE-435,0.927888
MULE-433,0.019871
MULE-432,0.017986
MULE-431,0.518059
MULE-430,0.950778
MULE-429,0.021287
MULE-426,0.965381
MULE-425,0.011245
MULE-424,0.943348
MULE-423,0.075041
MULE-422,0.52683
MULE-421,0.721547
MULE-419,0.006693
MULE-417,0.026156
MULE-416,0.007696
MULE-414,0.028871
MULE-411,0.017045
MULE-408,0.685634
MULE-407,0.812867
MULE-406,0.522689
MULE-405,0.966914
MULE-403,0.015785
MULE-402,0.014729
MULE-401,0.009413
MULE-400,0.978713
MULE-399,0.96378
MULE-398,0.014729
MULE-396,0.991812
MULE-395,0.991812
MULE-394,0.991812
MULE-393,0.991812
MULE-392,0.015189
MULE-391,0.027796
MULE-390,0.761361
MULE-389,0.428233
MULE-388,0.010987
MULE-387,0.017442
MULE-386,0.020332
MULE-385,0.014842
MULE-384,0.009413
MULE-383,0.010328
MULE-382,0.07056
MULE-381,0.051845
MULE-380,0.023153
MULE-379,0.747247
MULE-378,0.92079
MULE-377,0.020332
MULE-376,0.010902
MULE-375,0.983343
MULE-373,0.00986
MULE-371,0.018125
MULE-367,0.979823
MULE-366,0.026964
MULE-365,0.00986
MULE-364,0.013849
MULE-363,0.953275
MULE-360,0.017309
MULE-359,0.779658
MULE-358,0.01017
MULE-357,0.013956
MULE-356,0.013956
MULE-355,0.017577
MULE-354,0.026156
MULE-353,0.012528
MULE-351,0.021451
MULE-350,0.034619
MULE-349,0.117572
MULE-348,0.013849
MULE-347,0.011778
MULE-345,0.043691
MULE-344,0.011508
MULE-343,0.063948
MULE-340,0.983343
MULE-339,0.009559
MULE-338,0.011332
MULE-323,0.011869
MULE-322,0.009936
MULE-321,0.012821
MULE-320,0.017177
MULE-319,0.012241
MULE-317,0.018547
MULE-316,0.008916
MULE-314,0.010408
MULE-313,0.009784
MULE-312,0.025565
MULE-310,0.016029
MULE-308,0.017577
MULE-307,0.977197
MULE-306,0.009634
MULE-305,0.011869
MULE-304,0.011869
MULE-303,0.011869
MULE-302,0.008446
MULE-301,0.120026
MULE-300,0.977371
MULE-299,0.970909
MULE-298,0.378919
MULE-297,0.054601
MULE-296,0.016153
MULE-293,0.013849
MULE-291,0.010014
MULE-289,0.055209
MULE-288,0.288268
MULE-287,0.025957
MULE-286,0.015544
MULE-284,0.772874
MULE-283,0.008062
MULE-281,0.017177
MULE-279,0.131619
MULE-276,0.980876
MULE-275,0.008511
MULE-274,0.014957
MULE-273,0.989672
MULE-272,0.026156
MULE-271,0.93196
MULE-270,0.026156
MULE-269,0.012528
MULE-268,0.018978
MULE-267,0.060975
MULE-266,0.981167
MULE-265,0.020177
MULE-260,0.047426
MULE-258,0.012723
MULE-257,0.009126
MULE-256,0.011597
MULE-255,0.014282
MULE-254,0.900879
MULE-253,0.953966
MULE-252,0.007121
MULE-251,0.015306
MULE-250,0.017309
MULE-248,0.050331
MULE-247,0.882022
MULE-246,0.027585
MULE-243,0.010014
MULE-242,0.99014
MULE-241,0.043043
MULE-240,0.947381
MULE-239,0.014064
MULE-238,0.016277
MULE-237,0.040846
MULE-236,0.015306
MULE-235,0.962673
MULE-233,0.92523
MULE-232,0.943348
MULE-231,0.015073
MULE-230,0.023689
MULE-229,0.018833
MULE-228,0.954308
MULE-227,0.207215
MULE-226,0.972831
MULE-225,0.013532
MULE-224,0.009126
MULE-223,0.011597
MULE-222,0.033337
MULE-221,0.892937
MULE-220,0.011869
MULE-219,0.986363
MULE-217,0.923592
MULE-216,0.059428
MULE-215,0.987179
MULE-214,0.975012
MULE-213,0.822189
MULE-212,0.989013
MULE-211,0.011508
MULE-210,0.012432
MULE-209,0.060308
MULE-208,0.076132
MULE-207,0.039639
MULE-206,0.951504
MULE-205,0.789234
MULE-204,0.011687
MULE-202,0.981736
MULE-201,0.960361
MULE-200,0.988668
MULE-199,0.054601
MULE-198,0.984811
MULE-196,0.007461
MULE-195,0.011961
MULE-194,0.015306
MULE-192,0.012723
MULE-191,0.839208
MULE-190,0.855369
MULE-189,0.928409
MULE-188,0.016029
MULE-187,0.008062
MULE-186,0.020646
MULE-185,0.006693
MULE-184,0.00629
MULE-183,0.932944
MULE-182,0.009708
MULE-181,0.024423
MULE-180,0.021948
MULE-179,0.785966
MULE-178,0.017849
MULE-177,0.017045
MULE-176,0.787278
MULE-175,0.222362
MULE-174,0.824462
MULE-173,0.894789
MULE-171,0.012723
MULE-170,0.970465
MULE-169,0.009268
MULE-168,0.982423
MULE-167,0.92523
MULE-166,0.839734
MULE-165,0.952574
MULE-164,0.794385
MULE-163,0.396769
MULE-162,0.00986
MULE-161,0.012336
MULE-160,0.011158
MULE-159,0.009708
MULE-158,0.017442
MULE-157,0.014064
MULE-156,0.96741
MULE-155,0.115561
MULE-154,0.480479
MULE-153,0.965641
MULE-152,0.971347
MULE-151,0.087876
MULE-150,0.014064
MULE-149,0.72331
MULE-148,0.014729
MULE-147,0.044681
MULE-146,0.015306
MULE-145,0.015306
MULE-144,0.040846
MULE-142,0.013849
MULE-141,0.382141
MULE-140,0.30918
MULE-139,0.023871
MULE-138,0.909586
MULE-137,0.032837
MULE-136,0.00514
MULE-135,0.011245
MULE-133,0.013223
MULE-132,0.975577
MULE-131,0.984336
MULE-130,0.938576
MULE-129,0.897336
MULE-128,0.00659
MULE-127,0.899828
MULE-126,0.745769
MULE-125,0.95222
MULE-124,0.338952
MULE-123,0.128744
MULE-122,0.023331
MULE-121,0.547948
MULE-120,0.193909
MULE-118,0.014064
MULE-117,0.125493
MULE-116,0.927363
MULE-115,0.927888
MULE-114,0.978549
MULE-113,0.947769
MULE-112,0.008916
MULE-111,0.009634
MULE-110,0.908293
MULE-109,0.967899
MULE-108,0.963506
MULE-107,0.010328
MULE-106,0.977714
MULE-105,0.955319
MULE-104,0.019419
MULE-103,0.019569
MULE-102,0.01017
MULE-100,0.96741
MULE-99,0.965641
MULE-97,0.169406
MULE-96,0.957596
MULE-95,0.011508
MULE-94,0.008916
MULE-93,0.012432
MULE-92,0.023153
MULE-91,0.314893
MULE-90,0.428712
MULE-89,0.091058
MULE-88,0.931463
MULE-87,0.926304
MULE-86,0.978549
MULE-85,0.517571
MULE-84,0.954984
MULE-83,0.013637
MULE-82,0.944995
MULE-81,0.976129
MULE-80,0.974821
MULE-79,0.990292
MULE-76,0.018547
MULE-75,0.013428
MULE-74,0.013428
MULE-73,0.014504
MULE-72,0.011597
MULE-71,0.385028
MULE-70,0.97649
MULE-69,0.971347
MULE-68,0.978385
MULE-67,0.276007
MULE-66,0.099121
MULE-65,0.038756
MULE-64,0.947381
MULE-63,0.867036
MULE-62,0.977714
MULE-61,0.893681
MULE-59,0.833325
MULE-58,0.933915
MULE-57,0.908293
MULE-56,0.013428
MULE-55,0.012336
MULE-54,0.937211
MULE-53,0.182134
MULE-52,0.013956
MULE-51,0.028221
MULE-50,0.026759
MULE-49,0.028008
MULE-48,0.981736
MULE-47,0.987568
MULE-45,0.017177
MULE-44,0.877477
MULE-43,0.984811
MULE-42,0.984336
MULE-41,0.917598
MULE-40,0.978052
MULE-39,0.921922
MULE-38,0.079782
MULE-37,0.006488
MULE-36,0.009559
MULE-35,0.064653
MULE-34,0.196826
MULE-33,0.423458
MULE-32,0.016153
MULE-31,0.018264
MULE-30,0.990732
MULE-29,0.988313
MULE-28,0.970465
MULE-27,0.037047
MULE-26,0.021948
MULE-25,0.975577
MULE-24,0.643665
MULE-23,0.875787
MULE-22,0.022286
MULE-21,0.469034
MULE-20,0.013637
MULE-18,0.828939
MULE-17,0.244003
MULE-16,0.697403
MULE-15,0.931463
MULE-14,0.098425
MULE-13,0.188324
MULE-12,0.978549
MULE-11,0.979354
MULE-10,0.848972
MULE-9,0.607372
MULE-8,0.841826
MULE-6,0.968141
MULE-5,0.978549
MULE-4,0.911495
MULE-3,0.989182
MULE-2,0.132515
MULE-1,0.988313
