issue_key,prob_design
NEXUS-25611,0.060975
NEXUS-25609,0.068289
NEXUS-25608,0.07056
NEXUS-25607,0.72331
NEXUS-25606,0.736969
NEXUS-25605,0.073963
NEXUS-25604,0.025371
NEXUS-25603,0.071074
NEXUS-25599,0.062331
NEXUS-25598,0.792785
NEXUS-25586,0.03138
NEXUS-25583,0.058346
NEXUS-25576,0.037327
NEXUS-25575,0.029987
NEXUS-25529,0.056029
NEXUS-25528,0.784319
NEXUS-25527,0.010902
NEXUS-25521,0.045692
NEXUS-25520,0.727395
NEXUS-25518,0.875787
NEXUS-25513,0.054601
NEXUS-25510,0.056652
NEXUS-25509,0.044681
NEXUS-25507,0.056029
NEXUS-25506,0.850469
NEXUS-25505,0.740362
NEXUS-25504,0.031859
NEXUS-25502,0.057071
NEXUS-25491,0.082107
NEXUS-25478,0.040846
NEXUS-25475,0.157914
NEXUS-25472,0.849472
NEXUS-25468,0.922482
NEXUS-25464,0.033337
NEXUS-25463,0.946597
NEXUS-25457,0.035145
NEXUS-25456,0.066569
NEXUS-25453,0.705176
NEXUS-25444,0.806243
NEXUS-25425,0.067793
NEXUS-25424,0.142232
NEXUS-25420,0.076684
NEXUS-25418,0.847463
NEXUS-25408,0.026557
NEXUS-25386,0.060752
NEXUS-25378,0.057493
NEXUS-25357,0.087876
NEXUS-25356,0.041774
NEXUS-25347,0.072112
NEXUS-25340,0.038178
NEXUS-25336,0.52342
NEXUS-25335,0.505371
NEXUS-25307,0.202128
NEXUS-25306,0.016153
NEXUS-25304,0.085099
NEXUS-25303,0.795658
NEXUS-25296,0.026557
NEXUS-25294,0.167219
NEXUS-25292,0.047426
NEXUS-25291,0.103024
NEXUS-25287,0.035145
NEXUS-25286,0.093347
NEXUS-25275,0.802556
NEXUS-25274,0.723505
NEXUS-25239,0.54577
NEXUS-25238,0.344885
NEXUS-25237,0.204342
NEXUS-25236,0.018125
NEXUS-25231,0.677261
NEXUS-25226,0.069795
NEXUS-25218,0.29305
NEXUS-25217,0.062789
NEXUS-25216,0.071591
NEXUS-25209,0.658143
NEXUS-25205,0.043366
NEXUS-25202,0.069542
NEXUS-25201,0.079782
NEXUS-25200,0.514156
NEXUS-25199,0.055413
NEXUS-25190,0.132964
NEXUS-25189,0.304533
NEXUS-25186,0.045353
NEXUS-25182,0.048496
NEXUS-25181,0.045692
NEXUS-25180,0.046034
NEXUS-25179,0.053206
NEXUS-25177,0.064418
NEXUS-25174,0.062103
NEXUS-25163,0.037892
NEXUS-25162,0.419172
NEXUS-25159,0.045016
NEXUS-25158,0.118793
NEXUS-25156,0.146331
NEXUS-25154,0.92523
NEXUS-25152,0.037047
NEXUS-25149,0.027169
NEXUS-25147,0.086632
NEXUS-25140,0.055005
NEXUS-25135,0.125493
NEXUS-25130,0.569374
NEXUS-25129,0.07343
NEXUS-25118,0.726426
NEXUS-25117,0.845433
NEXUS-25110,0.867485
NEXUS-25107,0.054803
NEXUS-25105,0.116764
NEXUS-25099,0.836555
NEXUS-25098,0.83868
NEXUS-25095,0.834407
NEXUS-25090,0.038756
NEXUS-25086,0.225076
NEXUS-25085,0.221014
NEXUS-25058,0.050331
NEXUS-25039,0.041153
NEXUS-25037,0.063948
NEXUS-25036,0.096025
NEXUS-25035,0.531696
NEXUS-25032,0.229881
NEXUS-25019,0.075858
NEXUS-24999,0.032344
NEXUS-24998,0.040846
NEXUS-24995,0.092033
NEXUS-24990,0.717804
NEXUS-24988,0.059647
NEXUS-24953,0.128963
NEXUS-24939,0.405684
NEXUS-24938,0.431105
NEXUS-24937,0.093678
NEXUS-24925,0.033337
NEXUS-24923,0.385143
NEXUS-24922,0.098773
NEXUS-24918,0.045353
NEXUS-24917,0.054601
NEXUS-24916,0.068537
NEXUS-24914,0.155591
NEXUS-24913,0.138928
NEXUS-24912,0.400984
NEXUS-24911,0.037327
NEXUS-24910,0.056862
NEXUS-24904,0.200871
NEXUS-24901,0.03622
NEXUS-24899,0.781331
NEXUS-24869,0.031144
NEXUS-24868,0.061876
NEXUS-24867,0.06489
NEXUS-24864,0.035411
NEXUS-24863,0.089455
NEXUS-24860,0.494629
NEXUS-24858,0.581303
NEXUS-24854,0.741861
NEXUS-24851,0.669529
NEXUS-24849,0.07477
NEXUS-24848,0.031859
NEXUS-24846,0.018978
NEXUS-24842,0.054803
NEXUS-24837,0.045353
NEXUS-24836,0.049959
NEXUS-24833,0.033086
NEXUS-24832,0.824744
NEXUS-24830,0.030676
NEXUS-24823,0.782995
NEXUS-24817,0.111241
NEXUS-24803,0.833866
NEXUS-24802,0.048496
NEXUS-24788,0.269903
NEXUS-24787,0.054399
NEXUS-24784,0.020332
NEXUS-24772,0.026557
NEXUS-24771,0.045016
NEXUS-24731,0.871475
NEXUS-24726,0.143908
NEXUS-24718,0.034619
NEXUS-24694,0.049959
NEXUS-24691,0.028653
NEXUS-24682,0.055823
NEXUS-24679,0.119614
NEXUS-24678,0.731251
NEXUS-24671,0.020332
NEXUS-24640,0.061199
NEXUS-24636,0.015785
NEXUS-24619,0.033086
NEXUS-24615,0.642489
NEXUS-24613,0.776962
NEXUS-24612,0.076132
NEXUS-24606,0.076961
NEXUS-24602,0.093347
NEXUS-24601,0.07477
NEXUS-24596,0.211417
NEXUS-24594,0.211906
NEXUS-24593,0.201499
NEXUS-24592,0.100172
NEXUS-24582,0.293303
NEXUS-24568,0.674694
NEXUS-24563,0.877056
NEXUS-24562,0.658141
NEXUS-24561,0.275422
NEXUS-24502,0.083292
NEXUS-24499,0.044349
NEXUS-24496,0.044681
NEXUS-24494,0.05921
NEXUS-24489,0.608594
NEXUS-24488,0.60871
NEXUS-24485,0.077518
NEXUS-24484,0.55929
NEXUS-24468,0.054399
NEXUS-24467,0.851459
NEXUS-24464,0.049222
NEXUS-24457,0.086016
NEXUS-24456,0.682891
NEXUS-24448,0.648856
NEXUS-24447,0.54577
NEXUS-24446,0.643721
NEXUS-24445,0.783658
NEXUS-24439,0.038756
NEXUS-24420,0.862468
NEXUS-24417,0.080937
NEXUS-24416,0.757436
NEXUS-24415,0.041153
NEXUS-24408,0.071332
NEXUS-24407,0.125923
NEXUS-24402,0.042088
NEXUS-24398,0.828384
NEXUS-24395,0.044681
NEXUS-24391,0.049959
NEXUS-24357,0.704058
NEXUS-24356,0.042404
NEXUS-24355,0.148047
NEXUS-24349,0.086323
NEXUS-24334,0.064183
NEXUS-24333,0.096365
NEXUS-24332,0.855851
NEXUS-24331,0.054399
NEXUS-24330,0.45423
NEXUS-24327,0.535098
NEXUS-24317,0.038178
NEXUS-24315,0.038466
NEXUS-24312,0.042088
NEXUS-24309,0.020023
NEXUS-24307,0.895523
NEXUS-24304,0.652518
NEXUS-24302,0.056236
NEXUS-24298,0.055005
NEXUS-24295,0.432782
NEXUS-24293,0.030215
NEXUS-24288,0.278257
NEXUS-24283,0.059647
NEXUS-24273,0.029312
NEXUS-24270,0.875361
NEXUS-24268,0.603815
NEXUS-24267,0.049959
NEXUS-24266,0.024423
NEXUS-24261,0.255344
NEXUS-24260,0.786623
NEXUS-24257,0.024798
NEXUS-24256,0.768386
NEXUS-24248,0.051845
NEXUS-24234,0.087252
NEXUS-24232,0.055618
NEXUS-24228,0.511717
NEXUS-24227,0.063948
NEXUS-24226,0.059866
NEXUS-24222,0.040238
NEXUS-24221,0.894052
NEXUS-24220,0.071851
NEXUS-24194,0.029091
NEXUS-24188,0.082107
NEXUS-24169,0.058561
NEXUS-24168,0.527317
NEXUS-24157,0.862468
NEXUS-24154,0.650793
NEXUS-24151,0.043043
NEXUS-24143,0.378689
NEXUS-24142,0.043366
NEXUS-24140,0.832237
NEXUS-24132,0.021451
NEXUS-24128,0.093678
NEXUS-24127,0.844922
NEXUS-24124,0.095687
NEXUS-24123,0.347703
NEXUS-24116,0.038466
NEXUS-24112,0.0538
NEXUS-24104,0.060975
NEXUS-24098,0.063251
NEXUS-24093,0.814348
NEXUS-24092,0.863852
NEXUS-24091,0.801315
NEXUS-24090,0.735262
NEXUS-24089,0.425367
NEXUS-24088,0.046725
NEXUS-24037,0.060529
NEXUS-24034,0.028436
NEXUS-24032,0.033086
NEXUS-24030,0.323888
NEXUS-24029,0.08819
NEXUS-24027,0.849971
NEXUS-24025,0.103024
NEXUS-24019,0.808974
NEXUS-24016,0.04778
NEXUS-23985,0.029091
NEXUS-23980,0.047074
NEXUS-23977,0.044349
NEXUS-23970,0.581303
NEXUS-23968,0.049222
NEXUS-23963,0.604165
NEXUS-23961,0.023871
NEXUS-23960,0.021451
NEXUS-23958,0.593609
NEXUS-23932,0.689358
NEXUS-23930,0.78233
NEXUS-23929,0.686843
NEXUS-23928,0.622
NEXUS-23926,0.728555
NEXUS-23925,0.640748
NEXUS-23924,0.646572
NEXUS-23923,0.715026
NEXUS-23922,0.560253
NEXUS-23911,0.064183
NEXUS-23909,0.822189
NEXUS-23903,0.067547
NEXUS-23901,0.132964
NEXUS-23898,0.073165
NEXUS-23897,0.266453
NEXUS-23896,0.771155
NEXUS-23895,0.0538
NEXUS-23887,0.057282
NEXUS-23872,0.129403
NEXUS-23870,0.322633
NEXUS-23868,0.035948
NEXUS-23854,0.178097
NEXUS-23853,0.30702
NEXUS-23830,0.055005
NEXUS-23829,0.076408
NEXUS-23827,0.138462
NEXUS-23824,0.620966
NEXUS-23801,0.874507
NEXUS-23800,0.080357
NEXUS-23798,0.858244
NEXUS-23792,0.029535
NEXUS-23790,0.037327
NEXUS-23788,0.854399
NEXUS-23766,0.072374
NEXUS-23765,0.05301
NEXUS-23761,0.045016
NEXUS-23759,0.049959
NEXUS-23757,0.791821
NEXUS-23756,0.036769
NEXUS-23754,0.627609
NEXUS-23752,0.695545
NEXUS-23750,0.104843
NEXUS-23749,0.105579
NEXUS-23744,0.029312
NEXUS-23737,0.746139
NEXUS-23736,0.784979
NEXUS-23733,0.058777
NEXUS-23712,0.033337
NEXUS-23711,0.041774
NEXUS-23689,0.073963
NEXUS-23673,0.027376
NEXUS-23671,0.02461
NEXUS-23658,0.7011
NEXUS-23657,0.704567
NEXUS-23651,0.033337
NEXUS-23650,0.807461
NEXUS-23644,0.163713
NEXUS-23640,0.773901
NEXUS-23634,0.862468
NEXUS-23631,0.030909
NEXUS-23629,0.736021
NEXUS-23628,0.856332
NEXUS-23626,0.628521
NEXUS-23623,0.628179
NEXUS-23622,0.021615
NEXUS-23618,0.08389
NEXUS-23616,0.026355
NEXUS-23614,0.033844
NEXUS-23604,0.071591
NEXUS-23603,0.749087
NEXUS-23597,0.418697
NEXUS-23595,0.056444
NEXUS-23594,0.068289
NEXUS-23588,0.886813
NEXUS-23582,0.787278
NEXUS-23581,0.826712
NEXUS-23573,0.753104
NEXUS-23572,0.713631
NEXUS-23571,0.356671
NEXUS-23569,0.858244
NEXUS-23567,0.491212
NEXUS-23566,0.840783
NEXUS-23565,0.722527
NEXUS-23556,0.112405
NEXUS-23555,0.882833
NEXUS-23551,0.069542
NEXUS-23550,0.060308
NEXUS-23548,0.053206
NEXUS-23545,0.597138
NEXUS-23537,0.049589
NEXUS-23536,0.080069
NEXUS-23530,0.709019
NEXUS-23525,0.043366
NEXUS-23504,0.080357
NEXUS-23487,0.087252
NEXUS-23483,0.424651
NEXUS-23482,0.534612
NEXUS-23481,0.436622
NEXUS-23442,0.299208
NEXUS-23441,0.066569
NEXUS-23420,0.043043
NEXUS-23418,0.117978
NEXUS-23417,0.107437
NEXUS-23411,0.488283
NEXUS-23410,0.054601
NEXUS-23408,0.389547
NEXUS-23406,0.042404
NEXUS-23399,0.108566
NEXUS-23398,0.051463
NEXUS-23396,0.798815
NEXUS-23393,0.075312
NEXUS-23392,0.105948
NEXUS-23386,0.045692
NEXUS-23384,0.773901
NEXUS-23379,0.098773
NEXUS-23377,0.151781
NEXUS-23361,0.029091
NEXUS-23360,0.103024
NEXUS-23359,0.052231
NEXUS-23358,0.063019
NEXUS-23357,0.056236
NEXUS-23356,0.173009
NEXUS-23355,0.022117
NEXUS-23352,0.080069
NEXUS-23348,0.071074
NEXUS-23337,0.032837
NEXUS-23336,0.023331
NEXUS-23334,0.049959
NEXUS-23331,0.651925
NEXUS-23330,0.052619
NEXUS-23323,0.057071
NEXUS-23322,0.778313
NEXUS-23319,0.490724
NEXUS-23316,0.08882
NEXUS-23309,0.069289
NEXUS-23286,0.575827
NEXUS-23284,0.870157
NEXUS-23281,0.058777
NEXUS-23272,0.062789
NEXUS-23268,0.198685
NEXUS-23236,0.086942
NEXUS-23235,0.039343
NEXUS-23205,0.665329
NEXUS-23204,0.068289
NEXUS-23197,0.749087
NEXUS-23196,0.169956
NEXUS-23178,0.018125
NEXUS-23169,0.702326
NEXUS-23148,0.110088
NEXUS-23147,0.123366
NEXUS-23146,0.116362
NEXUS-23104,0.07836
NEXUS-23094,0.848972
NEXUS-23092,0.068289
NEXUS-23084,0.666877
NEXUS-23083,0.905657
NEXUS-23082,0.267217
NEXUS-23081,0.046378
NEXUS-23080,0.359139
NEXUS-23079,0.383988
NEXUS-23075,0.037327
NEXUS-23072,0.02976
NEXUS-23071,0.057705
NEXUS-23066,0.088505
NEXUS-23065,0.03138
NEXUS-23064,0.044019
NEXUS-23053,0.126353
NEXUS-23052,0.179243
NEXUS-23048,0.121686
NEXUS-22938,0.306216
NEXUS-22936,0.51562
NEXUS-22915,0.306034
NEXUS-22901,0.063019
NEXUS-22896,0.144873
NEXUS-22892,0.115561
NEXUS-22891,0.181844
NEXUS-22889,0.818156
NEXUS-22888,0.052619
NEXUS-22887,0.834407
NEXUS-22880,0.043366
NEXUS-22857,0.359701
NEXUS-22855,0.060087
NEXUS-22853,0.06256
NEXUS-22837,0.062331
NEXUS-22836,0.859192
NEXUS-22834,0.105948
NEXUS-22831,0.120026
NEXUS-22829,0.075041
NEXUS-22828,0.909265
NEXUS-22824,0.481454
NEXUS-22820,0.467332
NEXUS-22819,0.780997
NEXUS-22810,0.080069
NEXUS-22809,0.119203
NEXUS-22808,0.039048
NEXUS-22807,0.459561
NEXUS-22804,0.034881
NEXUS-22802,0.045353
NEXUS-22794,0.043691
NEXUS-22793,0.0538
NEXUS-22791,0.44553
NEXUS-22790,0.111628
NEXUS-22786,0.109325
NEXUS-22776,0.758153
NEXUS-22773,0.046034
NEXUS-22770,0.059428
NEXUS-22760,0.046034
NEXUS-22749,0.028436
NEXUS-22729,0.053403
NEXUS-22725,0.398172
NEXUS-22721,0.031859
NEXUS-22714,0.133868
NEXUS-22713,0.519521
NEXUS-22705,0.048137
NEXUS-22703,0.032837
NEXUS-22701,0.491212
NEXUS-22699,0.65377
NEXUS-22698,0.902952
NEXUS-22675,0.032344
NEXUS-22674,0.058346
NEXUS-22669,0.032837
NEXUS-22668,0.0538
NEXUS-22667,0.773901
NEXUS-22666,0.030215
NEXUS-22640,0.024798
NEXUS-22630,0.567697
NEXUS-22623,0.046725
NEXUS-22607,0.032344
NEXUS-22605,0.386416
NEXUS-22602,0.106319
NEXUS-22588,0.082107
NEXUS-22573,0.743354
NEXUS-22566,0.034359
NEXUS-22498,0.104112
NEXUS-22491,0.479991
NEXUS-22453,0.229018
NEXUS-22434,0.036769
NEXUS-22432,0.064183
NEXUS-22431,0.057705
NEXUS-22352,0.131173
NEXUS-22351,0.064418
NEXUS-22334,0.033086
NEXUS-22328,0.040846
NEXUS-22313,0.052425
NEXUS-22312,0.250546
NEXUS-22304,0.086632
NEXUS-22303,0.060752
NEXUS-22290,0.066327
NEXUS-22268,0.083591
NEXUS-22262,0.051083
NEXUS-22255,0.082994
NEXUS-22249,0.101947
NEXUS-22246,0.109706
NEXUS-22245,0.052619
NEXUS-22243,0.018978
NEXUS-22241,0.032837
NEXUS-22166,0.761361
NEXUS-22163,0.862004
NEXUS-22160,0.803791
NEXUS-22159,0.813461
NEXUS-22152,0.051083
NEXUS-22147,0.289874
NEXUS-22146,0.571288
NEXUS-22144,0.049222
NEXUS-22141,0.022977
NEXUS-22134,0.70253
NEXUS-22126,0.037609
NEXUS-22094,0.044349
NEXUS-22089,0.559049
NEXUS-22054,0.0538
NEXUS-22052,0.038756
NEXUS-22051,0.037047
NEXUS-22046,0.270384
NEXUS-22040,0.263884
NEXUS-22039,0.553023
NEXUS-22038,0.204025
NEXUS-22037,0.436382
NEXUS-22031,0.043691
NEXUS-22014,0.136608
NEXUS-21955,0.633807
NEXUS-21946,0.03359
NEXUS-21910,0.894421
NEXUS-21909,0.084191
NEXUS-21878,0.096706
NEXUS-21870,0.036769
NEXUS-21836,0.06256
NEXUS-21835,0.059866
NEXUS-21834,0.061424
NEXUS-21833,0.042088
NEXUS-21827,0.047426
NEXUS-21826,0.768386
NEXUS-21824,0.870157
NEXUS-21818,0.055413
NEXUS-21814,0.048137
NEXUS-21808,0.045692
NEXUS-21804,0.071074
NEXUS-21803,0.030676
NEXUS-21802,0.095687
NEXUS-21788,0.132066
NEXUS-21787,0.883236
NEXUS-21765,0.098425
NEXUS-21764,0.061424
NEXUS-21762,0.090735
NEXUS-21758,0.06804
NEXUS-21754,0.830594
NEXUS-21747,0.077518
NEXUS-21730,0.089137
NEXUS-21725,0.582966
NEXUS-21724,0.843895
NEXUS-21682,0.086632
NEXUS-21681,0.063948
NEXUS-21672,0.123366
NEXUS-21669,0.096025
NEXUS-21667,0.625953
NEXUS-21643,0.646572
NEXUS-21642,0.894789
NEXUS-21637,0.058777
NEXUS-21634,0.202759
NEXUS-21611,0.09236
NEXUS-21603,0.051272
NEXUS-21592,0.429908
NEXUS-21589,0.049589
NEXUS-21579,0.097048
NEXUS-21564,0.751648
NEXUS-21561,0.630969
NEXUS-21560,0.546738
NEXUS-21556,0.949295
NEXUS-21553,0.67346
NEXUS-21551,0.697609
NEXUS-21538,0.261708
NEXUS-21512,0.24599
NEXUS-21508,0.081228
NEXUS-21452,0.054199
NEXUS-21389,0.174692
NEXUS-21388,0.756717
NEXUS-21384,0.060975
NEXUS-21383,0.799755
NEXUS-21381,0.057282
NEXUS-21376,0.666062
NEXUS-21371,0.051083
NEXUS-21370,0.359139
NEXUS-21368,0.048137
NEXUS-21366,0.670581
NEXUS-21356,0.060308
NEXUS-21354,0.802865
NEXUS-21352,0.216012
NEXUS-21350,0.846451
NEXUS-21330,0.606848
NEXUS-21329,0.036494
NEXUS-21316,0.616936
NEXUS-21315,0.062331
NEXUS-21311,0.371593
NEXUS-21306,0.126785
NEXUS-21303,0.047074
NEXUS-21301,0.826712
NEXUS-21286,0.095349
NEXUS-21204,0.857291
NEXUS-21200,0.058993
NEXUS-21198,0.100525
NEXUS-21197,0.035948
NEXUS-21193,0.116764
NEXUS-21192,0.117572
NEXUS-21173,0.085709
NEXUS-21172,0.808974
NEXUS-21151,0.08389
NEXUS-21150,0.598782
NEXUS-21146,0.397938
NEXUS-21138,0.081228
NEXUS-21118,0.261425
NEXUS-21107,0.028436
NEXUS-21094,0.728362
NEXUS-21093,0.14439
NEXUS-21087,0.904313
NEXUS-21078,0.41941
NEXUS-21074,0.783658
NEXUS-21070,0.882022
NEXUS-21069,0.795975
NEXUS-21068,0.821617
NEXUS-21049,0.160792
NEXUS-21048,0.104112
NEXUS-21044,0.597373
NEXUS-21011,0.050331
NEXUS-21005,0.025957
NEXUS-21004,0.058132
NEXUS-21002,0.769427
NEXUS-20982,0.588416
NEXUS-20965,0.053601
NEXUS-20964,0.683446
NEXUS-20956,0.158956
NEXUS-20946,0.852445
NEXUS-20939,0.509764
NEXUS-20938,0.201813
NEXUS-20936,0.094678
NEXUS-20933,0.04778
NEXUS-20929,0.290584
NEXUS-20926,0.135004
NEXUS-20923,0.049959
NEXUS-20890,0.045353
NEXUS-20886,0.189521
NEXUS-20874,0.050705
NEXUS-20872,0.045016
NEXUS-20871,0.040846
NEXUS-20868,0.872347
NEXUS-20861,0.070304
NEXUS-20858,0.051083
NEXUS-20854,0.500977
NEXUS-20853,0.798815
NEXUS-20837,0.458591
NEXUS-20834,0.048137
NEXUS-20829,0.076132
NEXUS-20828,0.057071
NEXUS-20827,0.37777
NEXUS-20779,0.044681
NEXUS-20776,0.100172
NEXUS-20728,0.243283
NEXUS-20721,0.089137
NEXUS-20719,0.766643
NEXUS-20709,0.042404
NEXUS-20708,0.085404
NEXUS-20705,0.090093
NEXUS-20702,0.763836
NEXUS-20688,0.067793
NEXUS-20684,0.098773
NEXUS-20682,0.08152
NEXUS-20674,0.040238
NEXUS-20646,0.0729
NEXUS-20642,0.385837
NEXUS-20640,0.03359
NEXUS-20632,0.049959
NEXUS-20631,0.038756
NEXUS-20626,0.135232
NEXUS-20621,0.054199
NEXUS-20552,0.037327
NEXUS-20547,0.067056
NEXUS-20546,0.887595
NEXUS-20538,0.86293
NEXUS-20525,0.046034
NEXUS-20510,0.156362
NEXUS-20509,0.616763
NEXUS-20494,0.314603
NEXUS-20493,0.122944
NEXUS-20492,0.187728
NEXUS-20479,0.129843
NEXUS-20476,0.092688
NEXUS-20474,0.053601
NEXUS-20464,0.038756
NEXUS-20463,0.026156
NEXUS-20461,0.040846
NEXUS-20458,0.798187
NEXUS-20457,0.032344
NEXUS-20456,0.056444
NEXUS-20455,0.042722
NEXUS-20453,0.111628
NEXUS-20441,0.042088
NEXUS-20434,0.674962
NEXUS-20431,0.050331
NEXUS-20430,0.035948
NEXUS-20429,0.056236
NEXUS-20428,0.034881
NEXUS-20410,0.847968
NEXUS-20405,0.800068
NEXUS-20403,0.407098
NEXUS-20401,0.926304
NEXUS-20392,0.5564
NEXUS-20390,0.790207
NEXUS-20383,0.0745
NEXUS-20381,0.096706
NEXUS-20364,0.031859
NEXUS-20360,0.029987
NEXUS-20349,0.046378
NEXUS-20346,0.067301
NEXUS-20344,0.060975
NEXUS-20342,0.073963
NEXUS-20310,0.058132
NEXUS-20309,0.035948
NEXUS-20308,0.025371
NEXUS-20302,0.807157
NEXUS-20295,0.056652
NEXUS-20284,0.057071
NEXUS-20283,0.202128
NEXUS-20282,0.058346
NEXUS-20281,0.044349
NEXUS-20269,0.705176
NEXUS-20268,0.713032
NEXUS-20267,0.094678
NEXUS-20264,0.028436
NEXUS-20259,0.877056
NEXUS-20252,0.592195
NEXUS-20250,0.01653
NEXUS-20246,0.114369
NEXUS-20244,0.850469
NEXUS-20197,0.07836
NEXUS-20177,0.038178
NEXUS-20175,0.076684
NEXUS-20171,0.046034
NEXUS-20170,0.116764
NEXUS-20160,0.023331
NEXUS-20159,0.216342
NEXUS-20152,0.065845
NEXUS-20141,0.872347
NEXUS-20140,0.048137
NEXUS-20139,0.100525
NEXUS-20129,0.063019
NEXUS-20104,0.119614
NEXUS-20100,0.70477
NEXUS-20087,0.801004
NEXUS-20085,0.806853
NEXUS-20082,0.039343
NEXUS-20078,0.758511
NEXUS-20040,0.101947
NEXUS-20035,0.092033
NEXUS-20029,0.096365
NEXUS-20027,0.095687
NEXUS-20019,0.047074
NEXUS-20015,0.033086
NEXUS-20014,0.049589
NEXUS-20012,0.054199
NEXUS-20010,0.052231
NEXUS-20009,0.033844
NEXUS-20008,0.049959
NEXUS-20002,0.063019
NEXUS-20000,0.141994
NEXUS-19999,0.079496
NEXUS-19998,0.098773
NEXUS-19997,0.025565
NEXUS-19996,0.038466
NEXUS-19995,0.225246
NEXUS-19993,0.863392
NEXUS-19990,0.722723
NEXUS-19989,0.056444
NEXUS-19970,0.71721
NEXUS-19966,0.050705
NEXUS-19960,0.739611
NEXUS-19955,0.063251
NEXUS-19954,0.446012
NEXUS-19943,0.028871
NEXUS-19942,0.192539
NEXUS-19941,0.057493
NEXUS-19940,0.073963
NEXUS-19926,0.043366
NEXUS-19925,0.114369
NEXUS-19920,0.713032
NEXUS-19916,0.327655
NEXUS-19912,0.078926
NEXUS-19911,0.881207
NEXUS-19906,0.07836
NEXUS-19905,0.062103
NEXUS-19904,0.863392
NEXUS-19900,0.067547
NEXUS-19897,0.010735
NEXUS-19891,0.059647
NEXUS-19890,0.033086
NEXUS-19871,0.063715
NEXUS-19866,0.90764
NEXUS-19860,0.27406
NEXUS-19858,0.547706
NEXUS-19857,0.100525
NEXUS-19853,0.079782
NEXUS-19851,0.038178
NEXUS-19846,0.059428
NEXUS-19845,0.78233
NEXUS-19844,0.868381
NEXUS-19843,0.846958
NEXUS-19842,0.075858
NEXUS-19841,0.722723
NEXUS-19840,0.151278
NEXUS-19839,0.267313
NEXUS-19838,0.077239
NEXUS-19833,0.038178
NEXUS-19819,0.069289
NEXUS-19811,0.547222
NEXUS-19801,0.050331
NEXUS-19791,0.053206
NEXUS-19789,0.093678
NEXUS-19785,0.219672
NEXUS-19761,0.173288
NEXUS-19738,0.090414
NEXUS-19736,0.865679
NEXUS-19735,0.105948
NEXUS-19733,0.062103
NEXUS-19730,0.042722
NEXUS-19712,0.644589
NEXUS-19709,0.134321
NEXUS-19703,0.021451
NEXUS-19702,0.075585
NEXUS-19699,0.027585
NEXUS-19675,0.034359
NEXUS-19666,0.098425
NEXUS-19662,0.515132
NEXUS-19644,0.470737
NEXUS-19642,0.044019
NEXUS-19634,0.029312
NEXUS-19628,0.046034
NEXUS-19619,0.296629
NEXUS-19618,0.14439
NEXUS-19607,0.059647
NEXUS-19602,0.015785
NEXUS-19600,0.051463
NEXUS-19583,0.867036
NEXUS-19572,0.208985
NEXUS-19566,0.484868
NEXUS-19551,0.721154
NEXUS-19544,0.210442
NEXUS-19535,0.110471
NEXUS-19533,0.05301
NEXUS-19532,0.039048
NEXUS-19529,0.086942
NEXUS-19527,0.100172
NEXUS-19526,0.06256
NEXUS-19525,0.404507
NEXUS-19520,0.024423
NEXUS-19502,0.600657
NEXUS-19494,0.793426
NEXUS-19486,0.080647
NEXUS-19462,0.470737
NEXUS-19437,0.052231
NEXUS-19430,0.028221
NEXUS-19426,0.048496
NEXUS-19424,0.269903
NEXUS-19420,0.288569
NEXUS-19417,0.018978
NEXUS-19415,0.767341
NEXUS-19409,0.052619
NEXUS-19404,0.045353
NEXUS-19384,0.054803
NEXUS-19383,0.034359
NEXUS-19379,0.658424
NEXUS-19350,0.160792
NEXUS-19349,0.270095
NEXUS-19348,0.768386
NEXUS-19314,0.158435
NEXUS-19313,0.522933
NEXUS-19307,0.080937
NEXUS-19303,0.048496
NEXUS-19298,0.059647
NEXUS-19250,0.901575
NEXUS-19249,0.048858
NEXUS-19245,0.015189
NEXUS-19244,0.334481
NEXUS-19235,0.198685
NEXUS-19231,0.039937
NEXUS-19230,0.056652
NEXUS-19229,0.152537
NEXUS-19224,0.096365
NEXUS-19209,0.051463
NEXUS-19205,0.066085
NEXUS-19189,0.058777
NEXUS-19187,0.072637
NEXUS-19186,0.030676
NEXUS-19183,0.741487
NEXUS-19181,0.081228
NEXUS-19170,0.489259
NEXUS-19166,0.050518
NEXUS-19162,0.834946
NEXUS-19155,0.277669
NEXUS-19152,0.467818
NEXUS-19146,0.652823
NEXUS-19145,0.630571
NEXUS-19144,0.537527
NEXUS-19143,0.642545
NEXUS-19142,0.472197
NEXUS-19141,0.47317
NEXUS-19136,0.021287
NEXUS-19126,0.289573
NEXUS-19125,0.062331
NEXUS-19123,0.200871
NEXUS-19121,0.049589
NEXUS-19120,0.782995
NEXUS-19119,0.029535
NEXUS-19118,0.042088
NEXUS-19117,0.046034
NEXUS-19114,0.203075
NEXUS-19113,0.048496
NEXUS-19107,0.023153
NEXUS-19103,0.050331
NEXUS-19102,0.31484
NEXUS-19100,0.079782
NEXUS-19097,0.076132
NEXUS-19095,0.821044
NEXUS-19092,0.084493
NEXUS-19091,0.048858
NEXUS-19089,0.052619
NEXUS-19088,0.379148
NEXUS-19086,0.06165
NEXUS-19085,0.027169
NEXUS-19084,0.039639
NEXUS-19075,0.039639
NEXUS-19068,0.066085
NEXUS-19067,0.338104
NEXUS-19060,0.033086
NEXUS-19056,0.063251
NEXUS-19055,0.818156
NEXUS-19052,0.774583
NEXUS-19051,0.096706
NEXUS-19049,0.07056
NEXUS-19048,0.037609
NEXUS-19046,0.604049
NEXUS-19040,0.07343
NEXUS-19037,0.71403
NEXUS-19034,0.035411
NEXUS-19028,0.105948
NEXUS-19025,0.02461
NEXUS-19021,0.021615
NEXUS-19020,0.850965
NEXUS-19019,0.369315
NEXUS-19017,0.044019
NEXUS-19013,0.028871
NEXUS-19012,0.531696
NEXUS-19007,0.114765
NEXUS-19004,0.03622
NEXUS-19002,0.039937
NEXUS-19001,0.058346
NEXUS-19000,0.048137
NEXUS-18997,0.125065
NEXUS-18994,0.110856
NEXUS-18992,0.339225
NEXUS-18987,0.047074
NEXUS-18985,0.802865
NEXUS-18984,0.639736
NEXUS-18983,0.043691
NEXUS-18982,0.047426
NEXUS-18952,0.14682
NEXUS-18950,0.022286
NEXUS-18949,0.177241
NEXUS-18946,0.053403
NEXUS-18945,0.461988
NEXUS-18941,0.866133
NEXUS-18940,0.066327
NEXUS-18939,0.051083
NEXUS-18933,0.041774
NEXUS-18932,0.125065
NEXUS-18919,0.085099
NEXUS-18917,0.880386
NEXUS-18909,0.103024
NEXUS-18908,0.11358
NEXUS-18907,0.486332
NEXUS-18905,0.046725
NEXUS-18902,0.200245
NEXUS-18898,0.038466
NEXUS-18896,0.913984
NEXUS-18872,0.702428
NEXUS-18855,0.030676
NEXUS-18850,0.085709
NEXUS-18846,0.684686
NEXUS-18816,0.070816
NEXUS-18813,0.919063
NEXUS-18800,0.046034
NEXUS-18788,0.020804
NEXUS-18784,0.293
NEXUS-18782,0.733547
NEXUS-18776,0.078078
NEXUS-18774,0.085404
NEXUS-18771,0.870597
NEXUS-18765,0.814643
NEXUS-18759,0.855851
NEXUS-18758,0.26923
NEXUS-18754,0.761006
NEXUS-18751,0.107063
NEXUS-18749,0.030909
NEXUS-18748,0.836555
NEXUS-18742,0.119614
NEXUS-18741,0.074231
NEXUS-18737,0.087252
NEXUS-18736,0.042722
NEXUS-18735,0.039639
NEXUS-18733,0.035145
NEXUS-18732,0.70416
NEXUS-18731,0.057071
NEXUS-18718,0.403097
NEXUS-18716,0.110856
NEXUS-18715,0.054803
NEXUS-18712,0.056029
NEXUS-18711,0.281751
NEXUS-18709,0.112405
NEXUS-18707,0.026355
NEXUS-18705,0.071851
NEXUS-18703,0.086942
NEXUS-18695,0.784319
NEXUS-18692,0.05301
NEXUS-18691,0.035411
NEXUS-18690,0.030909
NEXUS-18688,0.052425
NEXUS-18687,0.051083
NEXUS-18685,0.367497
NEXUS-18684,0.037892
NEXUS-18683,0.062103
NEXUS-18680,0.084191
NEXUS-18679,0.163445
NEXUS-18675,0.053403
NEXUS-18672,0.633354
NEXUS-18668,0.827271
NEXUS-18660,0.051845
NEXUS-18651,0.034359
NEXUS-18648,0.06489
NEXUS-18641,0.83762
NEXUS-18640,0.049959
NEXUS-18638,0.039937
NEXUS-18631,0.08882
NEXUS-18630,0.162646
NEXUS-18629,0.114369
NEXUS-18622,0.066812
NEXUS-18617,0.168857
NEXUS-18616,0.604749
NEXUS-18611,0.897695
NEXUS-18610,0.038466
NEXUS-18603,0.043043
NEXUS-18601,0.131173
NEXUS-18588,0.016785
NEXUS-18587,0.098773
NEXUS-18564,0.05301
NEXUS-18562,0.112405
NEXUS-18546,0.820469
NEXUS-18543,0.036769
NEXUS-18542,0.804406
NEXUS-18540,0.052814
NEXUS-18530,0.028436
NEXUS-18529,0.069038
NEXUS-18520,0.081228
NEXUS-18517,0.04778
NEXUS-18514,0.056862
NEXUS-18511,0.782995
NEXUS-18510,0.061876
NEXUS-18509,0.143188
NEXUS-18507,0.576065
NEXUS-18494,0.034881
NEXUS-18493,0.043366
NEXUS-18490,0.926835
NEXUS-18487,0.227298
NEXUS-18481,0.025761
NEXUS-18479,0.117978
NEXUS-18477,0.681409
NEXUS-18353,0.074231
NEXUS-18352,0.139162
NEXUS-18345,0.073696
NEXUS-18344,0.846451
NEXUS-18337,0.039048
NEXUS-18320,0.065128
NEXUS-18316,0.668988
NEXUS-18312,0.032837
NEXUS-18311,0.052814
NEXUS-18304,0.050331
NEXUS-18303,0.090735
NEXUS-18302,0.0729
NEXUS-18299,0.057705
NEXUS-18295,0.043691
NEXUS-18286,0.80837
NEXUS-18285,0.218836
NEXUS-18283,0.604749
NEXUS-18277,0.043691
NEXUS-18276,0.083292
NEXUS-18271,0.737725
NEXUS-18270,0.179818
NEXUS-18269,0.056444
NEXUS-18265,0.048137
NEXUS-18263,0.063251
NEXUS-18262,0.184768
NEXUS-18261,0.034881
NEXUS-18260,0.068787
NEXUS-18254,0.462473
NEXUS-18252,0.08819
NEXUS-18245,0.086942
NEXUS-18238,0.784319
NEXUS-18235,0.735071
NEXUS-18234,0.506347
NEXUS-18227,0.042404
NEXUS-18221,0.382603
NEXUS-18220,0.07836
NEXUS-18217,0.036769
NEXUS-18216,0.106691
NEXUS-18196,0.038466
NEXUS-18187,0.029091
NEXUS-18186,0.671794
NEXUS-18185,0.079782
NEXUS-18184,0.077797
NEXUS-18183,0.868827
NEXUS-18182,0.733165
NEXUS-18181,0.651403
NEXUS-18179,0.018978
NEXUS-18170,0.271155
NEXUS-18167,0.07477
NEXUS-18156,0.125493
NEXUS-18135,0.52829
NEXUS-18134,0.136608
NEXUS-18132,0.104477
NEXUS-18119,0.036494
NEXUS-18117,0.043691
NEXUS-18105,0.045353
NEXUS-18100,0.05301
NEXUS-18099,0.060975
NEXUS-18098,0.055823
NEXUS-18097,0.078926
NEXUS-18096,0.064183
NEXUS-18095,0.081228
NEXUS-18094,0.199932
NEXUS-18093,0.114369
NEXUS-18092,0.058777
NEXUS-18091,0.064183
NEXUS-18090,0.735452
NEXUS-18083,0.192843
NEXUS-18080,0.03259
NEXUS-18078,0.0538
NEXUS-18067,0.106691
NEXUS-18066,0.521958
NEXUS-18062,0.230227
NEXUS-18058,0.060087
NEXUS-18054,0.057282
NEXUS-18046,0.104112
NEXUS-18045,0.169131
NEXUS-18044,0.83602
NEXUS-18036,0.080357
NEXUS-17921,0.276202
NEXUS-17920,0.048496
NEXUS-17919,0.076408
NEXUS-17917,0.555435
NEXUS-17908,0.042404
NEXUS-17903,0.636184
NEXUS-17898,0.382603
NEXUS-17896,0.089455
NEXUS-17894,0.140808
NEXUS-17893,0.28882
NEXUS-17886,0.042088
NEXUS-17884,0.031144
NEXUS-17879,0.437824
NEXUS-17877,0.0745
NEXUS-17855,0.54698
NEXUS-17853,0.151781
NEXUS-17852,0.041153
NEXUS-17851,0.896976
NEXUS-17850,0.0729
NEXUS-17849,0.506836
NEXUS-17845,0.113187
NEXUS-17842,0.382372
NEXUS-17834,0.253491
NEXUS-17833,0.03259
NEXUS-17832,0.074231
NEXUS-17830,0.03359
NEXUS-17824,0.093017
NEXUS-17823,0.061424
NEXUS-17820,0.076961
NEXUS-17809,0.769427
NEXUS-17808,0.081228
NEXUS-17803,0.146087
NEXUS-17798,0.043043
NEXUS-17797,0.505859
NEXUS-17795,0.642629
NEXUS-17794,0.052619
NEXUS-17790,0.045353
NEXUS-17788,0.043043
NEXUS-17784,0.042722
NEXUS-17782,0.07056
NEXUS-17776,0.428233
NEXUS-17772,0.038756
NEXUS-17769,0.055209
NEXUS-17768,0.076961
NEXUS-17759,0.068537
NEXUS-17758,0.153549
NEXUS-17756,0.122523
NEXUS-17741,0.073696
NEXUS-17740,0.052231
NEXUS-17738,0.023153
NEXUS-17737,0.041774
NEXUS-17736,0.019719
NEXUS-17735,0.022286
NEXUS-17724,0.805938
NEXUS-17723,0.150278
NEXUS-17714,0.066812
NEXUS-17712,0.074231
NEXUS-17710,0.607896
NEXUS-17702,0.107813
NEXUS-17700,0.023331
NEXUS-17694,0.105579
NEXUS-17690,0.065366
NEXUS-17683,0.176388
NEXUS-17676,0.055209
NEXUS-17675,0.055823
NEXUS-17671,0.342984
NEXUS-17652,0.020964
NEXUS-17646,0.029535
NEXUS-17645,0.619471
NEXUS-17639,0.03622
NEXUS-17638,0.038466
NEXUS-17634,0.043691
NEXUS-17633,0.439747
NEXUS-17631,0.61115
NEXUS-17629,0.824462
NEXUS-17628,0.090735
NEXUS-17626,0.078642
NEXUS-17624,0.048858
NEXUS-17622,0.207215
NEXUS-17621,0.035145
NEXUS-17617,0.078926
NEXUS-17616,0.042404
NEXUS-17614,0.022286
NEXUS-17613,0.755637
NEXUS-17612,0.018125
NEXUS-17611,0.048496
NEXUS-17609,0.042088
NEXUS-17608,0.072637
NEXUS-17604,0.041153
NEXUS-17600,0.805632
NEXUS-17548,0.060975
NEXUS-17547,0.086942
NEXUS-17510,0.089455
NEXUS-17502,0.050331
NEXUS-17501,0.051463
NEXUS-17498,0.803174
NEXUS-17495,0.09401
NEXUS-17492,0.5083
NEXUS-17487,0.025179
NEXUS-17483,0.14439
NEXUS-17477,0.069038
NEXUS-17471,0.219003
NEXUS-17470,0.098079
NEXUS-17466,0.085709
NEXUS-17463,0.023871
NEXUS-17460,0.057493
NEXUS-17455,0.037609
NEXUS-17451,0.855851
NEXUS-17450,0.03138
NEXUS-17449,0.052814
NEXUS-17448,0.088505
NEXUS-17447,0.823328
NEXUS-17441,0.039639
NEXUS-17440,0.072112
NEXUS-17439,0.065366
NEXUS-17416,0.089455
NEXUS-17409,0.088505
NEXUS-17394,0.041774
NEXUS-17372,0.762424
NEXUS-17300,0.852935
NEXUS-17296,0.053601
NEXUS-17288,0.042722
NEXUS-17287,0.039937
NEXUS-17285,0.032837
NEXUS-17282,0.191933
NEXUS-17281,0.685949
NEXUS-17280,0.064183
NEXUS-17279,0.673514
NEXUS-17277,0.029987
NEXUS-17272,0.055413
NEXUS-17270,0.045692
NEXUS-17266,0.048137
NEXUS-17263,0.032837
NEXUS-17262,0.046725
NEXUS-17259,0.046034
NEXUS-17257,0.029312
NEXUS-17252,0.049222
NEXUS-17233,0.252568
NEXUS-17231,0.055413
NEXUS-17228,0.058561
NEXUS-17225,0.046034
NEXUS-17222,0.124639
NEXUS-17221,0.054803
NEXUS-17218,0.040238
NEXUS-17217,0.086632
NEXUS-17202,0.067301
NEXUS-17199,0.408513
NEXUS-17157,0.057705
NEXUS-17156,0.101947
NEXUS-17106,0.797241
NEXUS-17103,0.055413
NEXUS-17101,0.06804
NEXUS-17097,0.03359
NEXUS-17095,0.218336
NEXUS-17086,0.040846
NEXUS-17012,0.121686
NEXUS-17010,0.89841
NEXUS-17008,0.034881
NEXUS-17005,0.057282
NEXUS-17002,0.051845
NEXUS-17001,0.065366
NEXUS-16994,0.048858
NEXUS-16993,0.063948
NEXUS-16992,0.174973
NEXUS-16985,0.062331
NEXUS-16982,0.094678
NEXUS-16980,0.051463
NEXUS-16973,0.407805
NEXUS-16969,0.031859
NEXUS-16968,0.046378
NEXUS-16967,0.042722
NEXUS-16965,0.028871
NEXUS-16964,0.060087
NEXUS-16958,0.781331
NEXUS-16954,0.624294
NEXUS-16950,0.117978
NEXUS-16947,0.599251
NEXUS-16944,0.031859
NEXUS-16942,0.037327
NEXUS-16938,0.020489
NEXUS-16935,0.481941
NEXUS-16932,0.713631
NEXUS-16930,0.042088
NEXUS-16923,0.023509
NEXUS-16917,0.031859
NEXUS-16915,0.128088
NEXUS-16912,0.036769
NEXUS-16911,0.153042
NEXUS-16903,0.120439
NEXUS-16882,0.042404
NEXUS-16881,0.709824
NEXUS-16875,0.114369
NEXUS-16874,0.072637
NEXUS-16870,0.157914
NEXUS-16869,0.041774
NEXUS-16868,0.889144
NEXUS-16853,0.695131
NEXUS-16852,0.046378
NEXUS-16792,0.047426
NEXUS-16778,0.0341
NEXUS-16777,0.041462
NEXUS-16757,0.026759
NEXUS-16753,0.087564
NEXUS-16752,0.049222
NEXUS-16740,0.040846
NEXUS-16734,0.526343
NEXUS-16733,0.058993
NEXUS-16730,0.441673
NEXUS-16729,0.035948
NEXUS-16727,0.139396
NEXUS-16718,0.090093
NEXUS-16717,0.134776
NEXUS-16713,0.530723
NEXUS-16703,0.041153
NEXUS-16696,0.02461
NEXUS-16679,0.046034
NEXUS-16674,0.270528
NEXUS-16673,0.207857
NEXUS-16671,0.843895
NEXUS-16670,0.480966
NEXUS-16667,0.083591
NEXUS-16666,0.042088
NEXUS-16649,0.073963
NEXUS-16648,0.063482
NEXUS-16644,0.749821
NEXUS-16584,0.065845
NEXUS-16583,0.793746
NEXUS-16580,0.660816
NEXUS-16577,0.065845
NEXUS-16575,0.040846
NEXUS-16574,0.060308
NEXUS-16573,0.046378
NEXUS-16565,0.133415
NEXUS-16561,0.056236
NEXUS-16560,0.039343
NEXUS-16559,0.036494
NEXUS-16550,0.023509
NEXUS-16547,0.039639
NEXUS-16546,0.895523
NEXUS-16545,0.095687
NEXUS-16544,0.454714
NEXUS-16543,0.146575
NEXUS-16539,0.085404
NEXUS-16531,0.089773
NEXUS-16529,0.022457
NEXUS-16527,0.048137
NEXUS-16524,0.26588
NEXUS-16518,0.423935
NEXUS-16510,0.062331
NEXUS-16503,0.047426
NEXUS-16493,0.184768
NEXUS-16489,0.736021
NEXUS-16488,0.09739
NEXUS-16480,0.055823
NEXUS-16476,0.061424
NEXUS-16475,0.063715
NEXUS-16470,0.022803
NEXUS-16463,0.023331
NEXUS-16461,0.112016
NEXUS-16457,0.041774
NEXUS-16454,0.020177
NEXUS-16453,0.023689
NEXUS-16450,0.194368
NEXUS-16449,0.100172
NEXUS-16430,0.061876
NEXUS-16426,0.020804
NEXUS-16425,0.043366
NEXUS-16419,0.046725
NEXUS-16409,0.81582
NEXUS-16404,0.055413
NEXUS-16401,0.057071
NEXUS-16394,0.115961
NEXUS-16393,0.097048
NEXUS-16392,0.049589
NEXUS-16389,0.057918
NEXUS-16387,0.074231
NEXUS-16384,0.091058
NEXUS-16319,0.054199
NEXUS-16317,0.046725
NEXUS-16312,0.046378
NEXUS-16310,0.045016
NEXUS-16308,0.043691
NEXUS-16306,0.120439
NEXUS-16303,0.040541
NEXUS-16257,0.414188
NEXUS-16253,0.812272
NEXUS-16252,0.053601
NEXUS-16251,0.877056
NEXUS-16250,0.165054
NEXUS-16249,0.057282
NEXUS-16248,0.042404
NEXUS-16229,0.867485
NEXUS-16227,0.090414
NEXUS-16225,0.129843
NEXUS-16223,0.07477
NEXUS-16159,0.072637
NEXUS-16158,0.898767
NEXUS-16157,0.017577
NEXUS-16156,0.074231
NEXUS-16155,0.378689
NEXUS-16090,0.829492
NEXUS-16089,0.832237
NEXUS-16088,0.046034
NEXUS-16082,0.165323
NEXUS-16081,0.081228
NEXUS-16077,0.117572
NEXUS-16067,0.076961
NEXUS-16066,0.448909
NEXUS-16057,0.231267
NEXUS-16009,0.046034
NEXUS-15878,0.092688
NEXUS-15876,0.274157
NEXUS-15816,0.639567
NEXUS-15815,0.638046
NEXUS-15813,0.038756
NEXUS-15795,0.068537
NEXUS-15787,0.019871
NEXUS-15776,0.051463
NEXUS-15768,0.291888
NEXUS-15765,0.031859
NEXUS-15762,0.03259
NEXUS-15759,0.030215
NEXUS-15749,0.029312
NEXUS-15746,0.075312
NEXUS-15745,0.057918
NEXUS-15734,0.065845
NEXUS-15727,0.055618
NEXUS-15724,0.193757
NEXUS-15723,0.176672
NEXUS-15722,0.049589
NEXUS-15714,0.151781
NEXUS-15708,0.051845
NEXUS-15702,0.067547
NEXUS-15617,0.029312
NEXUS-15582,0.190724
NEXUS-15579,0.033337
NEXUS-15561,0.049959
NEXUS-15560,0.920218
NEXUS-15557,0.118793
NEXUS-15545,0.042722
NEXUS-15470,0.186836
NEXUS-15467,0.018405
NEXUS-15466,0.062789
NEXUS-15465,0.483892
NEXUS-15461,0.547706
NEXUS-15442,0.877896
NEXUS-15441,0.559771
NEXUS-15439,0.07056
NEXUS-15425,0.105579
NEXUS-15423,0.027585
NEXUS-15422,0.078642
NEXUS-15421,0.044019
NEXUS-15418,0.117572
NEXUS-15416,0.759225
NEXUS-15394,0.483892
NEXUS-15384,0.638723
NEXUS-15377,0.052619
NEXUS-15376,0.020489
NEXUS-15375,0.037892
NEXUS-15372,0.037892
NEXUS-15365,0.269326
NEXUS-15364,0.039639
NEXUS-15363,0.052231
NEXUS-15349,0.045353
NEXUS-15288,0.080937
NEXUS-15282,0.036494
NEXUS-15280,0.040846
NEXUS-15278,0.047426
NEXUS-15277,0.054601
NEXUS-15276,0.106691
NEXUS-15262,0.869715
NEXUS-15219,0.126353
NEXUS-15216,0.334698
NEXUS-15215,0.03359
NEXUS-15205,0.035411
NEXUS-15202,0.110856
NEXUS-15195,0.029312
NEXUS-15193,0.023689
NEXUS-15179,0.034881
NEXUS-15177,0.02461
NEXUS-15175,0.051463
NEXUS-15169,0.304248
NEXUS-15165,0.718397
NEXUS-15149,0.592902
NEXUS-15148,0.148047
NEXUS-15147,0.026759
NEXUS-15141,0.440951
NEXUS-15136,0.846958
NEXUS-15131,0.085099
NEXUS-15127,0.045016
NEXUS-15124,0.049589
NEXUS-15106,0.025179
NEXUS-15105,0.030444
NEXUS-15104,0.044019
NEXUS-15095,0.039639
NEXUS-15091,0.917303
NEXUS-15090,0.016785
NEXUS-15089,0.031859
NEXUS-15088,0.026964
NEXUS-15085,0.048496
NEXUS-15078,0.052619
NEXUS-15053,0.822759
NEXUS-15051,0.813757
NEXUS-15050,0.304921
NEXUS-14990,0.765593
NEXUS-14974,0.09236
NEXUS-14971,0.079496
NEXUS-14969,0.035948
NEXUS-14964,0.103024
NEXUS-14960,0.05301
NEXUS-14956,0.502441
NEXUS-14949,0.115961
NEXUS-14948,0.066569
NEXUS-14940,0.809878
NEXUS-14886,0.039048
NEXUS-14885,0.555194
NEXUS-14878,0.052619
NEXUS-14869,0.051083
NEXUS-14865,0.072374
NEXUS-14863,0.030676
NEXUS-14862,0.334644
NEXUS-14860,0.119203
NEXUS-14857,0.046034
NEXUS-14843,0.073165
NEXUS-14839,0.060752
NEXUS-14838,0.064183
NEXUS-14837,0.474631
NEXUS-14775,0.572962
NEXUS-14748,0.744285
NEXUS-14735,0.037892
NEXUS-14733,0.046034
NEXUS-14730,0.83602
NEXUS-14729,0.063482
NEXUS-14722,0.017177
NEXUS-14703,0.115561
NEXUS-14682,0.697094
NEXUS-14674,0.041153
NEXUS-14673,0.522446
NEXUS-14671,0.069795
NEXUS-14653,0.045016
NEXUS-14652,0.504394
NEXUS-14651,0.289824
NEXUS-14650,0.790207
NEXUS-14646,0.071332
NEXUS-14641,0.719384
NEXUS-14639,0.788257
NEXUS-14637,0.710628
NEXUS-14636,0.853913
NEXUS-14631,0.868827
NEXUS-14616,0.395368
NEXUS-14612,0.144149
NEXUS-14611,0.430866
NEXUS-14607,0.5
NEXUS-14605,0.692122
NEXUS-14604,0.044681
NEXUS-14603,0.826712
NEXUS-14598,0.093678
NEXUS-14593,0.027169
NEXUS-14591,0.106691
NEXUS-14528,0.069038
NEXUS-14523,0.058777
NEXUS-14521,0.084795
NEXUS-14520,0.037047
NEXUS-14515,0.150528
NEXUS-14512,0.758153
NEXUS-14511,0.058561
NEXUS-14493,0.106319
NEXUS-14488,0.076408
NEXUS-14484,0.511229
NEXUS-14483,0.051083
NEXUS-14466,0.041153
NEXUS-14465,0.071332
NEXUS-14463,0.060752
NEXUS-14459,0.047426
NEXUS-14448,0.493653
NEXUS-14447,0.063482
NEXUS-14441,0.039937
NEXUS-14439,0.052814
NEXUS-14433,0.906983
NEXUS-14427,0.461988
NEXUS-14423,0.533641
NEXUS-14419,0.021948
NEXUS-14414,0.022457
NEXUS-14412,0.236164
NEXUS-14411,0.635279
NEXUS-14408,0.671201
NEXUS-14407,0.270384
NEXUS-14403,0.556641
NEXUS-14398,0.036494
NEXUS-14388,0.016785
NEXUS-14387,0.049222
NEXUS-14385,0.03622
NEXUS-14384,0.065845
NEXUS-14381,0.049589
NEXUS-14365,0.09739
NEXUS-14358,0.599485
NEXUS-14315,0.553988
NEXUS-14312,0.079496
NEXUS-14310,0.730866
NEXUS-14303,0.065366
NEXUS-14299,0.199308
NEXUS-14236,0.107063
NEXUS-14233,0.638385
NEXUS-14231,0.878314
NEXUS-14227,0.032837
NEXUS-14215,0.385606
NEXUS-14214,0.635336
NEXUS-14211,0.055823
NEXUS-14207,0.015306
NEXUS-14198,0.338077
NEXUS-14196,0.493164
NEXUS-14193,0.2522
NEXUS-14187,0.018405
NEXUS-14174,0.060308
NEXUS-14105,0.065128
NEXUS-14103,0.075585
NEXUS-14087,0.705988
NEXUS-14083,0.90599
NEXUS-14075,0.023871
NEXUS-14062,0.113973
NEXUS-14059,0.198064
NEXUS-14058,0.792785
NEXUS-14048,0.049589
NEXUS-14039,0.078926
NEXUS-14038,0.143668
NEXUS-14034,0.06165
NEXUS-14029,0.086632
NEXUS-13961,0.058561
NEXUS-13959,0.037892
NEXUS-13951,0.662912
NEXUS-13949,0.051463
NEXUS-13948,0.041462
NEXUS-13947,0.089773
NEXUS-13946,0.427277
NEXUS-13942,0.724091
NEXUS-13940,0.024988
NEXUS-13939,0.06804
NEXUS-13938,0.595728
NEXUS-13933,0.805938
NEXUS-13929,0.032101
NEXUS-13921,0.045016
NEXUS-13919,0.076408
NEXUS-13916,0.07343
NEXUS-13915,0.095349
NEXUS-13908,0.05301
NEXUS-13905,0.443359
NEXUS-13901,0.755637
NEXUS-13900,0.801936
NEXUS-13898,0.060529
NEXUS-13897,0.096365
NEXUS-13896,0.041774
NEXUS-13894,0.067056
NEXUS-13882,0.043691
NEXUS-13866,0.016785
NEXUS-13865,0.14978
NEXUS-13862,0.558086
NEXUS-13861,0.021948
NEXUS-13850,0.085709
NEXUS-13849,0.04778
NEXUS-13786,0.070049
NEXUS-13785,0.725065
NEXUS-13780,0.032837
NEXUS-13777,0.145115
NEXUS-13772,0.066569
NEXUS-13768,0.036769
NEXUS-13767,0.030909
NEXUS-13766,0.030909
NEXUS-13643,0.084191
NEXUS-13639,0.0745
NEXUS-13636,0.862468
NEXUS-13635,0.766992
NEXUS-13630,0.043366
NEXUS-13628,0.139631
NEXUS-13626,0.114369
NEXUS-13591,0.634204
NEXUS-13586,0.050705
NEXUS-13584,0.815526
NEXUS-13575,0.018125
NEXUS-13566,0.057918
NEXUS-13554,0.100172
NEXUS-13553,0.880386
NEXUS-13486,0.298236
NEXUS-13485,0.797557
NEXUS-13483,0.772531
NEXUS-13481,0.044681
NEXUS-13466,0.039937
NEXUS-13465,0.036494
NEXUS-13462,0.726426
NEXUS-13461,0.712032
NEXUS-13448,0.039937
NEXUS-13440,0.04778
NEXUS-13439,0.063019
NEXUS-13434,0.792464
NEXUS-13433,0.82559
NEXUS-13432,0.053403
NEXUS-13431,0.38122
NEXUS-13430,0.241847
NEXUS-13426,0.018689
NEXUS-13422,0.03259
NEXUS-13414,0.114369
NEXUS-13407,0.086942
NEXUS-13404,0.02461
NEXUS-13393,0.116362
NEXUS-13392,0.750553
NEXUS-13391,0.056862
NEXUS-13389,0.061199
NEXUS-13385,0.081228
NEXUS-13378,0.866585
NEXUS-13371,0.023153
NEXUS-13370,0.697815
NEXUS-13363,0.087252
NEXUS-13362,0.72662
NEXUS-13355,0.413477
NEXUS-13352,0.713731
NEXUS-13333,0.060087
NEXUS-13329,0.073165
NEXUS-13325,0.630401
NEXUS-13324,0.766992
NEXUS-13322,0.042404
NEXUS-13306,0.133415
NEXUS-13304,0.096025
NEXUS-13303,0.030909
NEXUS-13302,0.273671
NEXUS-13228,0.069542
NEXUS-13227,0.026156
NEXUS-13207,0.027376
NEXUS-13206,0.287018
NEXUS-13205,0.365457
NEXUS-13200,0.071851
NEXUS-13182,0.045353
NEXUS-13180,0.872782
NEXUS-13178,0.093678
NEXUS-13173,0.053206
NEXUS-13171,0.054199
NEXUS-13170,0.342352
NEXUS-13168,0.049222
NEXUS-13163,0.847463
NEXUS-13152,0.720958
NEXUS-13151,0.73678
NEXUS-13148,0.032837
NEXUS-13145,0.103749
NEXUS-13141,0.082697
NEXUS-13140,0.793106
NEXUS-13137,0.76207
NEXUS-13136,0.04778
NEXUS-13133,0.909586
NEXUS-13130,0.032344
NEXUS-13129,0.166134
NEXUS-13127,0.080647
NEXUS-13126,0.068787
NEXUS-13122,0.037609
NEXUS-13121,0.043691
NEXUS-13104,0.574872
NEXUS-13099,0.069289
NEXUS-13098,0.692122
NEXUS-13097,0.034881
NEXUS-13096,0.075312
NEXUS-13095,0.034619
NEXUS-13092,0.043366
NEXUS-13087,0.077239
NEXUS-13085,0.062789
NEXUS-13076,0.057071
NEXUS-13073,0.02976
NEXUS-13072,0.036494
NEXUS-13071,0.073165
NEXUS-13057,0.053403
NEXUS-13056,0.426322
NEXUS-13055,0.045692
NEXUS-13048,0.078078
NEXUS-13046,0.197444
NEXUS-13042,0.048137
NEXUS-13035,0.245085
NEXUS-13032,0.871912
NEXUS-13030,0.386763
NEXUS-13028,0.035411
NEXUS-13027,0.018547
NEXUS-13026,0.042088
NEXUS-13000,0.070049
NEXUS-12996,0.766294
NEXUS-12995,0.064418
NEXUS-12983,0.059647
NEXUS-12972,0.026964
NEXUS-12968,0.060752
NEXUS-12962,0.030676
NEXUS-12942,0.053206
NEXUS-12941,0.140808
NEXUS-12907,0.036769
NEXUS-12906,0.071851
NEXUS-12903,0.035145
NEXUS-12869,0.066085
NEXUS-12861,0.067547
NEXUS-12860,0.706798
NEXUS-12859,0.062103
NEXUS-12858,0.125923
NEXUS-12857,0.112016
NEXUS-12856,0.057493
NEXUS-12855,0.072374
NEXUS-12852,0.046725
NEXUS-12849,0.455683
NEXUS-12848,0.903294
NEXUS-12844,0.269999
NEXUS-12840,0.066085
NEXUS-12828,0.034881
NEXUS-12823,0.122104
NEXUS-12821,0.839734
NEXUS-12817,0.553505
NEXUS-12815,0.802246
NEXUS-12810,0.037892
NEXUS-12809,0.144631
NEXUS-12808,0.890675
NEXUS-12798,0.035411
NEXUS-12794,0.148047
NEXUS-12793,0.048137
NEXUS-12780,0.035948
NEXUS-12719,0.649967
NEXUS-12716,0.037609
NEXUS-12711,0.153042
NEXUS-12710,0.857768
NEXUS-12708,0.72526
NEXUS-12706,0.572245
NEXUS-12704,0.036769
NEXUS-12693,0.029091
NEXUS-12692,0.089773
NEXUS-12691,0.060529
NEXUS-12688,0.775265
NEXUS-12685,0.817574
NEXUS-12684,0.056236
NEXUS-12681,0.056029
NEXUS-12680,0.091382
NEXUS-12678,0.060975
NEXUS-12677,0.082402
NEXUS-12676,0.106691
NEXUS-12674,0.544317
NEXUS-12673,0.110471
NEXUS-12671,0.034359
NEXUS-12665,0.773901
NEXUS-12663,0.889912
NEXUS-12655,0.371821
NEXUS-12653,0.444083
NEXUS-12652,0.735262
NEXUS-12651,0.060308
NEXUS-12645,0.464416
NEXUS-12644,0.657745
NEXUS-12641,0.746139
NEXUS-12540,0.065128
NEXUS-12535,0.027169
NEXUS-12533,0.567937
NEXUS-12531,0.874935
NEXUS-12527,0.071074
NEXUS-12523,0.850469
NEXUS-12520,0.033337
NEXUS-12518,0.795658
NEXUS-12513,0.129843
NEXUS-12509,0.112016
NEXUS-12508,0.056652
NEXUS-12501,0.022286
NEXUS-12496,0.066327
NEXUS-12493,0.873215
NEXUS-12490,0.078926
NEXUS-12488,0.122944
NEXUS-12486,0.07477
NEXUS-12485,0.053403
NEXUS-12484,0.042088
NEXUS-12483,0.059866
NEXUS-12482,0.149531
NEXUS-12481,0.045353
NEXUS-12477,0.066569
NEXUS-12474,0.059428
NEXUS-12469,0.214198
NEXUS-12460,0.455683
NEXUS-12458,0.903635
NEXUS-12457,0.064183
NEXUS-12456,0.81257
NEXUS-12452,0.045353
NEXUS-12450,0.116362
NEXUS-12443,0.078642
NEXUS-12435,0.048858
NEXUS-12434,0.059647
NEXUS-12430,0.124213
NEXUS-12429,0.374562
NEXUS-12427,0.063482
NEXUS-12422,0.139396
NEXUS-12411,0.81257
NEXUS-12410,0.585338
NEXUS-12405,0.095687
NEXUS-12404,0.077239
NEXUS-12397,0.065605
NEXUS-12396,0.045692
NEXUS-12391,0.639342
NEXUS-12390,0.15662
NEXUS-12389,0.375477
NEXUS-12388,0.313998
NEXUS-12382,0.063251
NEXUS-12380,0.125923
NEXUS-12373,0.06489
NEXUS-12370,0.407098
NEXUS-12367,0.034619
NEXUS-12361,0.30793
NEXUS-12360,0.177811
NEXUS-12355,0.049959
NEXUS-12351,0.053403
NEXUS-12349,0.620966
NEXUS-12339,0.035679
NEXUS-12338,0.034881
NEXUS-12337,0.051845
NEXUS-12336,0.066812
NEXUS-12334,0.050331
NEXUS-12333,0.832781
NEXUS-12331,0.585338
NEXUS-12323,0.062789
NEXUS-12322,0.067793
NEXUS-12319,0.83762
NEXUS-12310,0.041774
NEXUS-12306,0.035411
NEXUS-12304,0.104477
NEXUS-12285,0.077239
NEXUS-12276,0.852445
NEXUS-12267,0.496094
NEXUS-12264,0.050331
NEXUS-12260,0.619126
NEXUS-12259,0.241847
NEXUS-12255,0.190122
NEXUS-12254,0.879974
NEXUS-12253,0.030444
NEXUS-12252,0.641394
NEXUS-12250,0.063251
NEXUS-12249,0.20947
NEXUS-12245,0.772187
NEXUS-12242,0.055823
NEXUS-12241,0.916708
NEXUS-12238,0.172172
NEXUS-12237,0.731251
NEXUS-12231,0.110088
NEXUS-12230,0.044349
NEXUS-12226,0.612657
NEXUS-12222,0.11358
NEXUS-12220,0.029312
NEXUS-12216,0.797557
NEXUS-12108,0.052619
NEXUS-12105,0.727201
NEXUS-12103,0.169956
NEXUS-12102,0.082107
NEXUS-12101,0.09401
NEXUS-12100,0.148541
NEXUS-12099,0.072112
NEXUS-12097,0.800692
NEXUS-12096,0.763131
NEXUS-12095,0.784979
NEXUS-12094,0.572006
NEXUS-12093,0.752013
NEXUS-12091,0.041462
NEXUS-12084,0.675765
NEXUS-12083,0.050331
NEXUS-12081,0.053601
NEXUS-12077,0.102664
NEXUS-12076,0.084795
NEXUS-12075,0.042088
NEXUS-12073,0.06165
NEXUS-12064,0.051463
NEXUS-12062,0.087252
NEXUS-12057,0.078078
NEXUS-12041,0.181263
NEXUS-12040,0.063715
NEXUS-12036,0.139631
NEXUS-12033,0.263599
NEXUS-12030,0.039639
NEXUS-12022,0.859192
NEXUS-12020,0.047074
NEXUS-12017,0.063948
NEXUS-12016,0.410638
NEXUS-12015,0.644868
NEXUS-12010,0.029987
NEXUS-12008,0.73659
NEXUS-12006,0.406391
NEXUS-12005,0.30793
NEXUS-12004,0.078926
NEXUS-12002,0.049959
NEXUS-12001,0.757077
NEXUS-11997,0.565779
NEXUS-11995,0.040541
NEXUS-11994,0.124639
NEXUS-11993,0.738292
NEXUS-11991,0.868827
NEXUS-11990,0.064653
NEXUS-11989,0.177241
NEXUS-11988,0.087564
NEXUS-11982,0.043366
NEXUS-11975,0.503418
NEXUS-11972,0.040238
NEXUS-11965,0.039937
NEXUS-11964,0.653002
NEXUS-11962,0.542863
NEXUS-11955,0.374219
NEXUS-11950,0.790207
NEXUS-11947,0.030909
NEXUS-11945,0.735831
NEXUS-11941,0.050705
NEXUS-11940,0.043043
NEXUS-11937,0.057918
NEXUS-11935,0.73659
NEXUS-11927,0.022803
NEXUS-11925,0.079496
NEXUS-11923,0.743541
NEXUS-11922,0.101947
NEXUS-11921,0.759582
NEXUS-11911,0.059647
NEXUS-11910,0.067793
NEXUS-11909,0.458591
NEXUS-11903,0.039048
NEXUS-11902,0.796609
NEXUS-11897,0.66647
NEXUS-11896,0.74055
NEXUS-11895,0.71403
NEXUS-11894,0.730866
NEXUS-11893,0.579876
NEXUS-11891,0.809577
NEXUS-11888,0.042404
NEXUS-11884,0.081813
NEXUS-11881,0.662414
NEXUS-11878,0.053403
NEXUS-11877,0.057493
NEXUS-11874,0.058993
NEXUS-11872,0.051083
NEXUS-11871,0.082697
NEXUS-11870,0.550366
NEXUS-11869,0.04778
NEXUS-11868,0.025565
NEXUS-11867,0.065366
NEXUS-11866,0.062103
NEXUS-11865,0.780328
NEXUS-11860,0.759939
NEXUS-11859,0.057282
NEXUS-11850,0.535584
NEXUS-11838,0.180107
NEXUS-11748,0.733165
NEXUS-11747,0.061424
NEXUS-11739,0.025565
NEXUS-11733,0.117572
NEXUS-11732,0.074231
NEXUS-11730,0.760651
NEXUS-11726,0.061876
NEXUS-11715,0.080647
NEXUS-11712,0.043691
NEXUS-11698,0.038756
NEXUS-11697,0.430866
NEXUS-11679,0.040541
NEXUS-11670,0.075858
NEXUS-11667,0.037327
NEXUS-11664,0.339061
NEXUS-11661,0.783988
NEXUS-11652,0.570331
NEXUS-11647,0.048496
NEXUS-11639,0.169131
NEXUS-11634,0.040846
NEXUS-11632,0.042722
NEXUS-11630,0.07343
NEXUS-11619,0.056236
NEXUS-11618,0.06256
NEXUS-11616,0.039639
NEXUS-11615,0.020964
NEXUS-11614,0.079782
NEXUS-11610,0.699562
NEXUS-11603,0.414899
NEXUS-11602,0.841305
NEXUS-11546,0.282988
NEXUS-11544,0.036494
NEXUS-11536,0.755637
NEXUS-11534,0.052231
NEXUS-11526,0.085709
NEXUS-11519,0.052619
NEXUS-11518,0.096365
NEXUS-11468,0.882428
NEXUS-11467,0.047074
NEXUS-11464,0.093017
NEXUS-11446,0.816113
NEXUS-11438,0.52342
NEXUS-11435,0.511717
NEXUS-11409,0.405213
NEXUS-11403,0.640973
NEXUS-11370,0.039639
NEXUS-11336,0.409221
NEXUS-11334,0.192539
NEXUS-11306,0.481941
NEXUS-11301,0.046378
NEXUS-11300,0.101233
NEXUS-11290,0.648689
NEXUS-11287,0.025371
NEXUS-11285,0.414425
NEXUS-11283,0.037327
NEXUS-11267,0.035679
NEXUS-11266,0.78695
NEXUS-11254,0.044681
NEXUS-11253,0.107437
NEXUS-11247,0.418222
NEXUS-11244,0.437583
NEXUS-11238,0.103386
NEXUS-11237,0.071074
NEXUS-11226,0.615088
NEXUS-11219,0.048496
NEXUS-11215,0.110088
NEXUS-11191,0.122944
NEXUS-11190,0.07343
NEXUS-11187,0.067056
NEXUS-11181,0.163713
NEXUS-11180,0.080069
NEXUS-11179,0.033337
NEXUS-11174,0.035145
NEXUS-11172,0.167219
NEXUS-11169,0.458106
NEXUS-11148,0.029535
NEXUS-11141,0.821044
NEXUS-11140,0.097048
NEXUS-11139,0.06256
NEXUS-11045,0.202443
NEXUS-11044,0.103024
NEXUS-11041,0.810179
NEXUS-11027,0.034619
NEXUS-11020,0.111628
NEXUS-11001,0.774924
NEXUS-10998,0.147555
NEXUS-10991,0.086323
NEXUS-10987,0.102305
NEXUS-10984,0.577019
NEXUS-10982,0.030444
NEXUS-10981,0.038756
NEXUS-10980,0.060087
NEXUS-10978,0.063019
NEXUS-10976,0.891811
NEXUS-10975,0.051845
NEXUS-10974,0.06165
NEXUS-10970,0.133868
NEXUS-10961,0.898767
NEXUS-10957,0.055005
NEXUS-10948,0.041153
NEXUS-10945,0.066085
NEXUS-10929,0.044681
NEXUS-10922,0.291019
NEXUS-10917,0.024988
NEXUS-10913,0.086632
NEXUS-10909,0.932944
NEXUS-10896,0.866585
NEXUS-10893,0.067793
NEXUS-10886,0.699357
NEXUS-10883,0.072637
NEXUS-10882,0.72487
NEXUS-10881,0.621311
NEXUS-10874,0.159217
NEXUS-10873,0.795022
NEXUS-10834,0.032101
NEXUS-10829,0.756358
NEXUS-10827,0.891811
NEXUS-10823,0.750187
NEXUS-10821,0.346154
NEXUS-10817,0.060308
NEXUS-10813,0.810479
NEXUS-10812,0.124639
NEXUS-10809,0.595493
NEXUS-10808,0.090093
NEXUS-10805,0.735831
NEXUS-10798,0.878314
NEXUS-10795,0.042722
NEXUS-10794,0.102305
NEXUS-10785,0.035411
NEXUS-10781,0.066569
NEXUS-10774,0.178383
NEXUS-10770,0.054601
NEXUS-10759,0.05301
NEXUS-10752,0.030909
NEXUS-10750,0.733738
NEXUS-10692,0.100525
NEXUS-10679,0.043691
NEXUS-10662,0.419886
NEXUS-10654,0.039048
NEXUS-10644,0.830044
NEXUS-10638,0.319566
NEXUS-10637,0.352536
NEXUS-10634,0.384681
NEXUS-10633,0.046725
NEXUS-10631,0.047426
NEXUS-10630,0.047426
NEXUS-10629,0.663996
NEXUS-10625,0.037327
NEXUS-10622,0.185357
NEXUS-10621,0.083591
NEXUS-10608,0.057071
NEXUS-10599,0.073165
NEXUS-10570,0.515132
NEXUS-10568,0.044019
NEXUS-10565,0.028008
NEXUS-10564,0.107437
NEXUS-10540,0.064653
NEXUS-10539,0.027169
NEXUS-10533,0.115561
NEXUS-10532,0.046034
NEXUS-10519,0.084191
NEXUS-10518,0.24599
NEXUS-10514,0.795975
NEXUS-10506,0.035948
NEXUS-10505,0.0341
NEXUS-10503,0.071332
NEXUS-10502,0.104477
NEXUS-10497,0.049222
NEXUS-10496,0.317056
NEXUS-10495,0.568655
NEXUS-10493,0.100525
NEXUS-10481,0.119203
NEXUS-10477,0.101589
NEXUS-10473,0.029091
NEXUS-10471,0.892563
NEXUS-10460,0.021781
NEXUS-10454,0.254416
NEXUS-10449,0.341857
NEXUS-10446,0.051463
NEXUS-10436,0.404743
NEXUS-10429,0.044019
NEXUS-10428,0.734691
NEXUS-10425,0.157137
NEXUS-10423,0.054601
NEXUS-10421,0.072637
NEXUS-10419,0.062789
NEXUS-10418,0.856812
NEXUS-10405,0.0745
NEXUS-10395,0.047426
NEXUS-10394,0.045353
NEXUS-10390,0.051083
NEXUS-10389,0.03622
NEXUS-10372,0.105948
NEXUS-10371,0.035679
NEXUS-10370,0.028008
NEXUS-10349,0.061876
NEXUS-10345,0.114369
NEXUS-10344,0.031859
NEXUS-10336,0.079782
NEXUS-10330,0.056029
NEXUS-10328,0.035411
NEXUS-10317,0.081228
NEXUS-10310,0.040846
NEXUS-10302,0.749087
NEXUS-10300,0.041462
NEXUS-10295,0.091382
NEXUS-10294,0.045692
NEXUS-10293,0.784979
NEXUS-10291,0.139866
NEXUS-10287,0.260389
NEXUS-10279,0.053206
NEXUS-10278,0.025179
NEXUS-10277,0.210604
NEXUS-10276,0.051083
NEXUS-10256,0.084795
NEXUS-10255,0.048137
NEXUS-10252,0.035411
NEXUS-10246,0.076132
NEXUS-10245,0.026759
NEXUS-10243,0.052231
NEXUS-10242,0.338296
NEXUS-10240,0.036494
NEXUS-10238,0.040846
NEXUS-10234,0.062103
NEXUS-10233,0.044681
NEXUS-10231,0.098773
NEXUS-10226,0.213705
NEXUS-10225,0.055618
NEXUS-10217,0.054199
NEXUS-10209,0.687525
NEXUS-10208,0.369088
NEXUS-10207,0.026355
NEXUS-10206,0.044681
NEXUS-10202,0.148541
NEXUS-10197,0.318525
NEXUS-10192,0.052619
NEXUS-10191,0.472683
NEXUS-10190,0.399343
NEXUS-10175,0.030909
NEXUS-10174,0.092688
NEXUS-10172,0.050331
NEXUS-10171,0.082994
NEXUS-10170,0.156878
NEXUS-10169,0.036494
NEXUS-10166,0.047426
NEXUS-10165,0.058132
NEXUS-10164,0.614972
NEXUS-10163,0.066569
NEXUS-10162,0.607896
NEXUS-10160,0.731634
NEXUS-10159,0.071851
NEXUS-10158,0.06489
NEXUS-10157,0.049222
NEXUS-10154,0.161056
NEXUS-10150,0.026964
NEXUS-10149,0.208018
NEXUS-10148,0.084795
NEXUS-10147,0.093017
NEXUS-10144,0.664649
NEXUS-10141,0.154312
NEXUS-10138,0.031859
NEXUS-10137,0.34798
NEXUS-10136,0.096706
NEXUS-10135,0.051083
NEXUS-10131,0.035679
NEXUS-10128,0.055413
NEXUS-10127,0.064183
NEXUS-10125,0.091058
NEXUS-10123,0.042404
NEXUS-10122,0.041774
NEXUS-10121,0.70477
NEXUS-10120,0.690037
NEXUS-10119,0.146575
NEXUS-10115,0.085709
NEXUS-10113,0.067793
NEXUS-10112,0.082994
NEXUS-10110,0.059428
NEXUS-10107,0.072112
NEXUS-10105,0.051845
NEXUS-10104,0.424173
NEXUS-10102,0.049589
NEXUS-10100,0.446012
NEXUS-10099,0.116764
NEXUS-10087,0.493164
NEXUS-10085,0.064183
NEXUS-10084,0.034881
NEXUS-10069,0.043691
NEXUS-10067,0.029091
NEXUS-10066,0.082994
NEXUS-10064,0.452294
NEXUS-10062,0.082402
NEXUS-10059,0.058777
NEXUS-10058,0.090414
NEXUS-10057,0.029987
NEXUS-10056,0.023153
NEXUS-10052,0.033844
NEXUS-10049,0.04778
NEXUS-10044,0.051083
NEXUS-10042,0.039937
NEXUS-10041,0.038178
NEXUS-10040,0.028653
NEXUS-10039,0.039048
NEXUS-10037,0.093017
NEXUS-10036,0.035679
NEXUS-10034,0.578448
NEXUS-10033,0.024054
NEXUS-10032,0.07921
NEXUS-10030,0.09947
NEXUS-10027,0.068537
NEXUS-10026,0.033086
NEXUS-10024,0.039048
NEXUS-10022,0.067793
NEXUS-10021,0.133415
NEXUS-10020,0.020023
NEXUS-10019,0.032101
NEXUS-10017,0.094678
NEXUS-10016,0.186836
NEXUS-10015,0.040846
NEXUS-10001,0.720368
NEXUS-9995,0.033844
NEXUS-9994,0.028871
NEXUS-9993,0.044019
NEXUS-9992,0.576065
NEXUS-9991,0.023509
NEXUS-9990,0.029091
NEXUS-9979,0.366136
NEXUS-9978,0.729038
NEXUS-9977,0.055823
NEXUS-9974,0.029987
NEXUS-9972,0.133415
NEXUS-9971,0.055823
NEXUS-9970,0.085099
NEXUS-9969,0.035145
NEXUS-9967,0.032837
NEXUS-9966,0.628977
NEXUS-9964,0.058777
NEXUS-9963,0.047426
NEXUS-9962,0.141281
NEXUS-9961,0.133868
NEXUS-9960,0.032344
NEXUS-9945,0.147801
NEXUS-9944,0.062789
NEXUS-9941,0.048496
NEXUS-9918,0.050705
NEXUS-9917,0.025371
NEXUS-9916,0.05301
NEXUS-9909,0.044681
NEXUS-9907,0.025957
NEXUS-9906,0.315578
NEXUS-9905,0.713032
NEXUS-9902,0.042722
NEXUS-9901,0.035145
NEXUS-9898,0.038756
NEXUS-9897,0.584627
NEXUS-9895,0.063482
NEXUS-9893,0.227298
NEXUS-9890,0.115162
NEXUS-9887,0.117167
NEXUS-9886,0.090414
NEXUS-9885,0.221856
NEXUS-9882,0.051845
NEXUS-9881,0.041774
NEXUS-9879,0.463444
NEXUS-9878,0.819893
NEXUS-9877,0.039639
NEXUS-9876,0.054601
NEXUS-9874,0.063948
NEXUS-9873,0.18743
NEXUS-9872,0.791499
NEXUS-9870,0.414899
NEXUS-9869,0.138229
NEXUS-9865,0.103749
NEXUS-9863,0.024054
NEXUS-9862,0.335895
NEXUS-9861,0.070304
NEXUS-9856,0.049589
NEXUS-9855,0.104112
NEXUS-9854,0.762778
NEXUS-9853,0.040238
NEXUS-9848,0.049222
NEXUS-9847,0.042404
NEXUS-9846,0.117978
NEXUS-9844,0.040541
NEXUS-9843,0.567697
NEXUS-9842,0.032101
NEXUS-9841,0.033337
NEXUS-9840,0.017442
NEXUS-9839,0.021287
NEXUS-9838,0.09236
NEXUS-9837,0.867934
NEXUS-9829,0.060975
NEXUS-9821,0.834946
NEXUS-9790,0.067793
NEXUS-9789,0.075312
NEXUS-9788,0.047074
NEXUS-9787,0.093678
NEXUS-9786,0.081813
NEXUS-9785,0.232136
NEXUS-9783,0.095013
NEXUS-9776,0.040238
NEXUS-9774,0.044019
NEXUS-9770,0.020804
NEXUS-9769,0.049959
NEXUS-9766,0.023871
NEXUS-9764,0.041774
NEXUS-9756,0.048137
NEXUS-9755,0.690976
NEXUS-9754,0.566019
NEXUS-9753,0.052231
NEXUS-9751,0.178669
NEXUS-9746,0.060975
NEXUS-9745,0.046378
NEXUS-9744,0.050331
NEXUS-9742,0.039048
NEXUS-9741,0.035411
NEXUS-9739,0.023871
NEXUS-9738,0.08152
NEXUS-9733,0.631594
NEXUS-9730,0.782663
NEXUS-9729,0.03138
NEXUS-9727,0.038178
NEXUS-9717,0.030215
NEXUS-9705,0.106691
NEXUS-9703,0.048496
NEXUS-9670,0.471223
NEXUS-9664,0.081228
NEXUS-9662,0.077797
NEXUS-9655,0.019271
NEXUS-9653,0.027376
NEXUS-9652,0.038756
NEXUS-9643,0.082994
NEXUS-9641,0.045353
NEXUS-9640,0.090093
NEXUS-9639,0.044349
NEXUS-9637,0.085709
NEXUS-9636,0.054399
NEXUS-9635,0.0341
NEXUS-9634,0.058993
NEXUS-9631,0.06165
NEXUS-9630,0.064653
NEXUS-9618,0.082994
NEXUS-9617,0.471223
NEXUS-9612,0.06256
NEXUS-9610,0.808067
NEXUS-9605,0.030909
NEXUS-9602,0.117572
NEXUS-9601,0.127218
NEXUS-9600,0.104112
NEXUS-9599,0.029312
NEXUS-9584,0.043043
NEXUS-9574,0.062789
NEXUS-9573,0.082107
NEXUS-9572,0.203075
NEXUS-9570,0.059866
NEXUS-9569,0.065128
NEXUS-9564,0.041153
NEXUS-9563,0.050331
NEXUS-9562,0.768038
NEXUS-9560,0.483892
NEXUS-9559,0.046725
NEXUS-9557,0.095013
NEXUS-9556,0.584627
NEXUS-9555,0.514644
NEXUS-9551,0.090735
NEXUS-9550,0.063948
NEXUS-9548,0.100172
NEXUS-9547,0.045353
NEXUS-9546,0.455925
NEXUS-9545,0.145601
NEXUS-9544,0.046034
NEXUS-9542,0.048858
NEXUS-9541,0.553505
NEXUS-9540,0.022629
NEXUS-9537,0.201813
NEXUS-9533,0.060529
NEXUS-9531,0.828939
NEXUS-9527,0.076408
NEXUS-9524,0.739986
NEXUS-9523,0.041774
NEXUS-9522,0.739422
NEXUS-9512,0.298849
NEXUS-9508,0.132066
NEXUS-9507,0.054199
NEXUS-9505,0.094678
NEXUS-9503,0.091382
NEXUS-9502,0.060975
NEXUS-9500,0.354657
NEXUS-9499,0.056029
NEXUS-9498,0.397938
NEXUS-9497,0.258513
NEXUS-9496,0.024798
NEXUS-9495,0.039639
NEXUS-9493,0.022457
NEXUS-9492,0.022803
NEXUS-9486,0.046034
NEXUS-9482,0.914901
NEXUS-9481,0.051083
NEXUS-9475,0.148047
NEXUS-9474,0.033844
NEXUS-9473,0.045692
NEXUS-9472,0.036494
NEXUS-9470,0.049959
NEXUS-9468,0.030444
NEXUS-9466,0.039048
NEXUS-9464,0.18743
NEXUS-9462,0.044681
NEXUS-9461,0.048858
NEXUS-9457,0.258139
NEXUS-9455,0.063715
NEXUS-9454,0.081813
NEXUS-9452,0.048858
NEXUS-9447,0.029091
NEXUS-9446,0.026557
NEXUS-9444,0.019871
NEXUS-9441,0.360827
NEXUS-9439,0.045692
NEXUS-9438,0.046378
NEXUS-9437,0.038178
NEXUS-9433,0.128088
NEXUS-9432,0.443841
NEXUS-9428,0.053601
NEXUS-9426,0.042722
NEXUS-9412,0.041462
NEXUS-9398,0.121686
NEXUS-9396,0.379608
NEXUS-9395,0.704973
NEXUS-9386,0.604866
NEXUS-9384,0.020332
NEXUS-9383,0.075041
NEXUS-9382,0.793746
NEXUS-9381,0.026557
NEXUS-9380,0.908618
NEXUS-9378,0.404507
NEXUS-9375,0.029535
NEXUS-9374,0.253122
NEXUS-9372,0.094678
NEXUS-9371,0.025957
NEXUS-9370,0.038178
NEXUS-9369,0.084191
NEXUS-9366,0.039048
NEXUS-9363,0.030909
NEXUS-9361,0.043366
NEXUS-9360,0.80502
NEXUS-9356,0.256739
NEXUS-9355,0.045016
NEXUS-9354,0.041153
NEXUS-9353,0.048137
NEXUS-9352,0.038178
NEXUS-9351,0.045353
NEXUS-9350,0.050331
NEXUS-9342,0.02461
NEXUS-9328,0.060529
NEXUS-9317,0.055413
NEXUS-9316,0.055413
NEXUS-9314,0.025761
NEXUS-9311,0.03259
NEXUS-9310,0.141281
NEXUS-9309,0.062331
NEXUS-9307,0.0538
NEXUS-9302,0.036769
NEXUS-9299,0.038466
NEXUS-9293,0.687525
NEXUS-9291,0.051083
NEXUS-9288,0.048858
NEXUS-9286,0.045353
NEXUS-9285,0.033844
NEXUS-9282,0.035948
NEXUS-9280,0.035948
NEXUS-9279,0.326862
NEXUS-9277,0.122944
NEXUS-9276,0.063715
NEXUS-9243,0.046725
NEXUS-9242,0.030676
NEXUS-9240,0.052619
NEXUS-9238,0.051083
NEXUS-9236,0.05301
NEXUS-9234,0.493164
NEXUS-9231,0.086323
NEXUS-9230,0.227985
NEXUS-9229,0.097048
NEXUS-9228,0.699665
NEXUS-9227,0.382372
NEXUS-9226,0.341143
NEXUS-9225,0.243103
NEXUS-9223,0.080647
NEXUS-9222,0.423696
NEXUS-9221,0.03259
NEXUS-9219,0.044349
NEXUS-9217,0.039937
NEXUS-9216,0.058993
NEXUS-9215,0.066812
NEXUS-9214,0.022977
NEXUS-9212,0.037327
NEXUS-9211,0.049959
NEXUS-9206,0.551091
NEXUS-9205,0.094678
NEXUS-9196,0.045692
NEXUS-9187,0.047426
NEXUS-9183,0.072637
NEXUS-9181,0.027796
NEXUS-9175,0.064653
NEXUS-9174,0.026759
NEXUS-9173,0.021125
NEXUS-9171,0.377311
NEXUS-9170,0.028221
NEXUS-9169,0.685371
NEXUS-9168,0.04778
NEXUS-9164,0.0538
NEXUS-9163,0.014616
NEXUS-9161,0.018264
NEXUS-9160,0.041774
NEXUS-9158,0.027585
NEXUS-9154,0.060975
NEXUS-9153,0.024988
NEXUS-9141,0.811377
NEXUS-9138,0.070049
NEXUS-9136,0.07343
NEXUS-9135,0.032837
NEXUS-9127,0.041153
NEXUS-9124,0.0729
NEXUS-9123,0.132515
NEXUS-9122,0.103024
NEXUS-9121,0.743541
NEXUS-9119,0.771155
NEXUS-9118,0.059866
NEXUS-9117,0.049589
NEXUS-9115,0.067301
NEXUS-9114,0.03259
NEXUS-9112,0.064183
NEXUS-9110,0.077518
NEXUS-9109,0.021287
NEXUS-9105,0.042722
NEXUS-9102,0.028653
NEXUS-9101,0.682785
NEXUS-9098,0.089137
NEXUS-9097,0.032344
NEXUS-9096,0.295942
NEXUS-9095,0.055413
NEXUS-9094,0.045016
NEXUS-9093,0.051845
NEXUS-9090,0.045353
NEXUS-9089,0.851953
NEXUS-9088,0.032837
NEXUS-9087,0.033086
NEXUS-9086,0.065845
NEXUS-9079,0.089137
NEXUS-9067,0.797241
NEXUS-9062,0.434461
NEXUS-9058,0.186836
NEXUS-9057,0.300746
NEXUS-9056,0.087564
NEXUS-9055,0.05301
NEXUS-9053,0.082994
NEXUS-9051,0.057918
NEXUS-9050,0.163713
NEXUS-9048,0.481454
NEXUS-9046,0.512693
NEXUS-9045,0.252845
NEXUS-9043,0.039343
NEXUS-9031,0.040541
NEXUS-9030,0.117167
NEXUS-9029,0.108189
NEXUS-9026,0.058777
NEXUS-9025,0.069289
NEXUS-9024,0.220678
NEXUS-9023,0.135004
NEXUS-9021,0.107813
NEXUS-9016,0.033844
NEXUS-9015,0.054601
NEXUS-9013,0.067793
NEXUS-9012,0.055413
NEXUS-9011,0.083292
NEXUS-9008,0.027169
NEXUS-9007,0.035948
NEXUS-9006,0.037047
NEXUS-9005,0.054199
NEXUS-9004,0.038178
NEXUS-9001,0.164785
NEXUS-9000,0.081813
NEXUS-8999,0.114369
NEXUS-8996,0.74055
NEXUS-8995,0.596786
NEXUS-8994,0.544317
NEXUS-8993,0.037047
NEXUS-8992,0.046725
NEXUS-8990,0.065366
NEXUS-8989,0.043366
NEXUS-8988,0.030215
NEXUS-8987,0.02976
NEXUS-8985,0.029312
NEXUS-8984,0.050705
NEXUS-8983,0.03622
NEXUS-8982,0.034881
NEXUS-8981,0.063482
NEXUS-8974,0.059428
NEXUS-8972,0.223886
NEXUS-8971,0.123789
NEXUS-8970,0.067056
NEXUS-8969,0.021948
NEXUS-8962,0.019871
NEXUS-8961,0.038756
NEXUS-8959,0.084795
NEXUS-8957,0.250913
NEXUS-8956,0.210442
NEXUS-8955,0.038756
NEXUS-8953,0.039639
NEXUS-8950,0.061876
NEXUS-8949,0.106691
NEXUS-8948,0.043043
NEXUS-8947,0.021125
NEXUS-8944,0.564098
NEXUS-8941,0.046034
NEXUS-8940,0.073165
NEXUS-8939,0.040541
NEXUS-8937,0.047426
NEXUS-8936,0.054399
NEXUS-8934,0.036769
NEXUS-8932,0.180107
NEXUS-8931,0.044019
NEXUS-8930,0.075585
NEXUS-8929,0.083591
NEXUS-8928,0.024238
NEXUS-8927,0.048496
NEXUS-8926,0.302082
NEXUS-8925,0.114765
NEXUS-8924,0.136148
NEXUS-8923,0.072374
NEXUS-8922,0.062789
NEXUS-8920,0.569613
NEXUS-8919,0.05301
NEXUS-8918,0.054803
NEXUS-8915,0.391871
NEXUS-8914,0.112016
NEXUS-8913,0.482917
NEXUS-8912,0.092688
NEXUS-8911,0.051463
NEXUS-8898,0.82559
NEXUS-8897,0.037327
NEXUS-8896,0.062789
NEXUS-8895,0.032101
NEXUS-8894,0.104843
NEXUS-8890,0.041462
NEXUS-8889,0.022977
NEXUS-8888,0.048137
NEXUS-8887,0.117167
NEXUS-8884,0.085404
NEXUS-8883,0.031619
NEXUS-8882,0.037327
NEXUS-8879,0.202443
NEXUS-8878,0.172729
NEXUS-8876,0.049959
NEXUS-8861,0.03359
NEXUS-8859,0.03359
NEXUS-8857,0.036494
NEXUS-8856,0.107063
NEXUS-8855,0.096706
NEXUS-8852,0.049222
NEXUS-8851,0.052619
NEXUS-8850,0.505859
NEXUS-8849,0.068787
NEXUS-8848,0.035145
NEXUS-8847,0.038178
NEXUS-8846,0.023153
NEXUS-8845,0.169681
NEXUS-8844,0.030676
NEXUS-8838,0.051463
NEXUS-8837,0.819893
NEXUS-8836,0.130729
NEXUS-8835,0.043043
NEXUS-8834,0.199932
NEXUS-8833,0.038178
NEXUS-8832,0.155591
NEXUS-8831,0.024988
NEXUS-8830,0.049589
NEXUS-8829,0.073165
NEXUS-8828,0.03359
NEXUS-8827,0.082994
NEXUS-8826,0.31779
NEXUS-8824,0.056652
NEXUS-8822,0.341363
NEXUS-8821,0.546254
NEXUS-8804,0.093017
NEXUS-8803,0.129843
NEXUS-8802,0.155078
NEXUS-8801,0.021451
NEXUS-8798,0.117978
NEXUS-8797,0.024423
NEXUS-8795,0.288469
NEXUS-8794,0.036769
NEXUS-8793,0.050705
NEXUS-8792,0.024798
NEXUS-8790,0.753467
NEXUS-8789,0.050705
NEXUS-8787,0.045353
NEXUS-8786,0.028653
NEXUS-8784,0.021287
NEXUS-8783,0.03138
NEXUS-8782,0.033337
NEXUS-8780,0.112405
NEXUS-8779,0.041774
NEXUS-8778,0.045353
NEXUS-8777,0.087876
NEXUS-8776,0.031859
NEXUS-8774,0.016657
NEXUS-8770,0.07343
NEXUS-8769,0.089137
NEXUS-8768,0.075312
NEXUS-8767,0.090414
NEXUS-8766,0.105211
NEXUS-8764,0.039937
NEXUS-8758,0.024054
NEXUS-8757,0.060752
NEXUS-8755,0.040846
NEXUS-8754,0.048858
NEXUS-8753,0.017986
NEXUS-8750,0.03359
NEXUS-8749,0.046725
NEXUS-8748,0.366817
NEXUS-8747,0.082697
NEXUS-8746,0.084191
NEXUS-8745,0.063019
NEXUS-8744,0.030444
NEXUS-8743,0.043043
NEXUS-8742,0.076684
NEXUS-8740,0.033337
NEXUS-8739,0.038178
NEXUS-8737,0.075858
NEXUS-8735,0.037609
NEXUS-8734,0.043366
NEXUS-8733,0.105948
NEXUS-8732,0.052619
NEXUS-8731,0.05301
NEXUS-8730,0.023153
NEXUS-8729,0.058993
NEXUS-8728,0.04778
NEXUS-8727,0.032837
NEXUS-8726,0.058993
NEXUS-8724,0.556882
NEXUS-8723,0.042404
NEXUS-8720,0.080647
NEXUS-8719,0.019419
NEXUS-8717,0.063715
NEXUS-8716,0.067547
NEXUS-8713,0.018405
NEXUS-8705,0.30819
NEXUS-8704,0.423458
NEXUS-8702,0.14247
NEXUS-8701,0.06804
NEXUS-8700,0.087876
NEXUS-8698,0.068787
NEXUS-8697,0.055005
NEXUS-8696,0.043691
NEXUS-8695,0.094343
NEXUS-8694,0.019271
NEXUS-8678,0.271445
NEXUS-8677,0.811974
NEXUS-8676,0.055618
NEXUS-8673,0.049589
NEXUS-8672,0.018264
NEXUS-8669,0.086323
NEXUS-8667,0.043691
NEXUS-8666,0.057705
NEXUS-8665,0.091382
NEXUS-8658,0.026964
NEXUS-8656,0.117978
NEXUS-8655,0.040238
NEXUS-8654,0.052425
NEXUS-8653,0.046378
NEXUS-8650,0.035948
NEXUS-8649,0.164248
NEXUS-8648,0.156878
NEXUS-8647,0.051845
NEXUS-8646,0.650523
NEXUS-8644,0.029312
NEXUS-8643,0.046378
NEXUS-8642,0.033337
NEXUS-8641,0.027376
NEXUS-8637,0.055823
NEXUS-8635,0.062331
NEXUS-8634,0.031144
NEXUS-8632,0.039343
NEXUS-8631,0.034359
NEXUS-8630,0.193757
NEXUS-8629,0.664323
NEXUS-8628,0.496582
NEXUS-8625,0.066812
NEXUS-8624,0.058132
NEXUS-8623,0.02976
NEXUS-8622,0.048858
NEXUS-8620,0.050331
NEXUS-8608,0.734691
NEXUS-8606,0.031859
NEXUS-8605,0.027585
NEXUS-8604,0.044019
NEXUS-8602,0.083591
NEXUS-8599,0.034359
NEXUS-8598,0.030676
NEXUS-8595,0.039343
NEXUS-8594,0.035411
NEXUS-8592,0.051083
NEXUS-8591,0.066085
NEXUS-8590,0.059866
NEXUS-8589,0.134776
NEXUS-8588,0.148541
NEXUS-8586,0.69946
NEXUS-8584,0.025957
NEXUS-8583,0.047426
NEXUS-8581,0.024798
NEXUS-8580,0.033337
NEXUS-8579,0.098425
NEXUS-8578,0.028436
NEXUS-8577,0.045692
NEXUS-8576,0.042404
NEXUS-8575,0.020332
NEXUS-8574,0.023153
NEXUS-8572,0.086632
NEXUS-8571,0.048137
NEXUS-8570,0.831691
NEXUS-8568,0.110856
NEXUS-8567,0.080937
NEXUS-8566,0.710427
NEXUS-8565,0.056652
NEXUS-8564,0.143668
NEXUS-8563,0.033844
NEXUS-8562,0.075041
NEXUS-8561,0.03259
NEXUS-8559,0.022629
NEXUS-8558,0.049589
NEXUS-8557,0.047074
NEXUS-8556,0.127218
NEXUS-8555,0.080069
NEXUS-8554,0.078078
NEXUS-8553,0.081813
NEXUS-8551,0.048858
NEXUS-8542,0.054199
NEXUS-8541,0.121269
NEXUS-8535,0.081813
NEXUS-8533,0.750187
NEXUS-8531,0.236164
NEXUS-8530,0.092688
NEXUS-8529,0.264453
NEXUS-8528,0.246533
NEXUS-8527,0.447943
NEXUS-8526,0.582491
NEXUS-8525,0.05301
NEXUS-8524,0.063482
NEXUS-8523,0.828384
NEXUS-8522,0.129403
NEXUS-8521,0.048496
NEXUS-8520,0.031859
NEXUS-8517,0.03259
NEXUS-8515,0.302945
NEXUS-8514,0.766992
NEXUS-8513,0.148294
NEXUS-8512,0.026759
NEXUS-8511,0.043043
NEXUS-8510,0.070304
NEXUS-8509,0.040238
NEXUS-8508,0.20947
NEXUS-8507,0.103386
NEXUS-8506,0.105579
NEXUS-8503,0.030909
NEXUS-8502,0.090093
NEXUS-8498,0.133868
NEXUS-8495,0.07921
NEXUS-8494,0.051845
NEXUS-8493,0.034619
NEXUS-8492,0.040541
NEXUS-8491,0.045353
NEXUS-8490,0.049589
NEXUS-8488,0.081228
NEXUS-8487,0.037327
NEXUS-8486,0.034359
NEXUS-8485,0.054803
NEXUS-8484,0.03138
NEXUS-8483,0.664323
NEXUS-8482,0.067056
NEXUS-8473,0.056862
NEXUS-8472,0.044019
NEXUS-8471,0.034619
NEXUS-8470,0.202128
NEXUS-8467,0.032101
NEXUS-8459,0.05301
NEXUS-8458,0.26218
NEXUS-8452,0.034881
NEXUS-8451,0.019719
NEXUS-8450,0.025957
NEXUS-8449,0.747247
NEXUS-8448,0.183301
NEXUS-8447,0.028008
NEXUS-8446,0.022629
NEXUS-8445,0.045353
NEXUS-8444,0.047426
NEXUS-8443,0.539954
NEXUS-8442,0.043691
NEXUS-8441,0.052231
NEXUS-8440,0.025179
NEXUS-8439,0.040541
NEXUS-8438,0.035145
NEXUS-8437,0.024988
NEXUS-8435,0.0538
NEXUS-8434,0.015664
NEXUS-8433,0.076684
NEXUS-8432,0.03622
NEXUS-8430,0.0341
NEXUS-8429,0.054803
NEXUS-8428,0.029987
NEXUS-8425,0.062331
NEXUS-8423,0.043691
NEXUS-8421,0.057493
NEXUS-8420,0.044019
NEXUS-8419,0.038178
NEXUS-8418,0.404978
NEXUS-8417,0.020804
NEXUS-8416,0.639567
NEXUS-8411,0.80837
NEXUS-8410,0.046378
NEXUS-8406,0.014842
NEXUS-8405,0.692018
NEXUS-8403,0.022803
NEXUS-8402,0.064653
NEXUS-8401,0.048137
NEXUS-8400,0.039937
NEXUS-8399,0.030909
NEXUS-8398,0.145601
NEXUS-8397,0.022803
NEXUS-8395,0.777975
NEXUS-8394,0.135232
NEXUS-8393,0.038178
NEXUS-8392,0.09401
NEXUS-8391,0.034359
NEXUS-8390,0.559049
NEXUS-8389,0.094678
NEXUS-8388,0.152537
NEXUS-8387,0.165054
NEXUS-8386,0.333612
NEXUS-8385,0.08152
NEXUS-8384,0.055413
NEXUS-8383,0.280715
NEXUS-8382,0.214691
NEXUS-8381,0.333585
NEXUS-8380,0.153042
NEXUS-8379,0.134321
NEXUS-8378,0.364778
NEXUS-8377,0.134321
NEXUS-8376,0.102664
NEXUS-8375,0.139396
NEXUS-8373,0.103749
NEXUS-8372,0.141045
NEXUS-8371,0.122944
NEXUS-8370,0.170232
NEXUS-8368,0.801315
NEXUS-8367,0.472683
NEXUS-8366,0.038756
NEXUS-8365,0.068787
NEXUS-8359,0.039048
NEXUS-8358,0.31829
NEXUS-8356,0.137764
NEXUS-8355,0.717804
NEXUS-8352,0.028436
NEXUS-8343,0.819316
NEXUS-8341,0.123366
NEXUS-8335,0.031859
NEXUS-8334,0.041153
NEXUS-8325,0.064653
NEXUS-8324,0.04778
NEXUS-8320,0.071332
NEXUS-8319,0.067301
NEXUS-8318,0.109706
NEXUS-8316,0.137764
NEXUS-8313,0.169406
NEXUS-8309,0.281011
NEXUS-8308,0.040541
NEXUS-8307,0.095687
NEXUS-8306,0.874077
NEXUS-8305,0.866585
NEXUS-8304,0.338952
NEXUS-8303,0.648494
NEXUS-8300,0.028653
NEXUS-8299,0.089773
NEXUS-8298,0.719581
NEXUS-8297,0.026156
NEXUS-8296,0.914291
NEXUS-8295,0.092688
NEXUS-8292,0.037892
NEXUS-8291,0.720762
NEXUS-8290,0.05301
NEXUS-8288,0.051463
NEXUS-8286,0.146575
NEXUS-8285,0.029535
NEXUS-8284,0.053403
NEXUS-8283,0.904651
NEXUS-8281,0.283186
NEXUS-8278,0.709824
NEXUS-8276,0.062331
NEXUS-8275,0.039639
NEXUS-8274,0.696578
NEXUS-8273,0.131842
NEXUS-8272,0.026759
NEXUS-8271,0.0341
NEXUS-8265,0.113187
NEXUS-8264,0.057918
NEXUS-8261,0.463444
NEXUS-8260,0.465387
NEXUS-8259,0.029535
NEXUS-8258,0.068289
NEXUS-8252,0.131619
NEXUS-8248,0.060529
NEXUS-8247,0.038466
NEXUS-8246,0.069038
NEXUS-8243,0.68215
NEXUS-8242,0.643553
NEXUS-8241,0.379608
NEXUS-8240,0.072637
NEXUS-8238,0.07343
NEXUS-8237,0.039639
NEXUS-8236,0.542863
NEXUS-8235,0.080069
NEXUS-8234,0.098079
NEXUS-8226,0.152284
NEXUS-8224,0.101233
NEXUS-8221,0.049959
NEXUS-8220,0.051083
NEXUS-8219,0.063715
NEXUS-8218,0.037047
NEXUS-8217,0.086016
NEXUS-8216,0.058993
NEXUS-8213,0.050705
NEXUS-8212,0.034619
NEXUS-8210,0.350977
NEXUS-8208,0.043691
NEXUS-8207,0.052619
NEXUS-8206,0.033337
NEXUS-8205,0.032837
NEXUS-8204,0.02976
NEXUS-8199,0.037047
NEXUS-8197,0.046725
NEXUS-8196,0.038178
NEXUS-8195,0.035411
NEXUS-8193,0.168309
NEXUS-8192,0.039048
NEXUS-8188,0.044681
NEXUS-8186,0.038466
NEXUS-8185,0.033844
NEXUS-8183,0.847968
NEXUS-8182,0.024054
NEXUS-8180,0.135232
NEXUS-8178,0.035679
NEXUS-8175,0.084191
NEXUS-8174,0.049959
NEXUS-8172,0.037327
NEXUS-8169,0.380759
NEXUS-8168,0.157137
NEXUS-8167,0.372277
NEXUS-8166,0.387459
NEXUS-8165,0.320662
NEXUS-8164,0.63273
NEXUS-8163,0.761716
NEXUS-8159,0.09739
NEXUS-8157,0.045692
NEXUS-8156,0.076961
NEXUS-8155,0.030676
NEXUS-8154,0.026964
NEXUS-8153,0.069289
NEXUS-8150,0.038178
NEXUS-8149,0.465873
NEXUS-8148,0.086942
NEXUS-8147,0.031619
NEXUS-8146,0.042722
NEXUS-8144,0.123366
NEXUS-8142,0.06256
NEXUS-8133,0.043366
NEXUS-8132,0.575827
NEXUS-8130,0.07343
NEXUS-8129,0.044349
NEXUS-8128,0.368065
NEXUS-8117,0.027169
NEXUS-8116,0.022117
NEXUS-8115,0.025761
NEXUS-8114,0.039937
NEXUS-8113,0.023153
NEXUS-8111,0.037609
NEXUS-8110,0.038178
NEXUS-8109,0.038756
NEXUS-8107,0.073696
NEXUS-8094,0.080069
NEXUS-8093,0.118385
NEXUS-8091,0.048137
NEXUS-8083,0.058777
NEXUS-8081,0.020804
NEXUS-8080,0.064653
NEXUS-8077,0.027796
NEXUS-8076,0.048137
NEXUS-8075,0.049959
NEXUS-8074,0.804098
NEXUS-8072,0.804098
NEXUS-8070,0.355327
NEXUS-8068,0.569374
NEXUS-8067,0.040238
NEXUS-8066,0.328038
NEXUS-8065,0.114369
NEXUS-8064,0.148047
NEXUS-8063,0.107063
NEXUS-8062,0.086942
NEXUS-8061,0.27406
NEXUS-8060,0.046378
NEXUS-8059,0.080357
NEXUS-8058,0.821331
NEXUS-8057,0.015906
NEXUS-8056,0.037609
NEXUS-8055,0.035679
NEXUS-8054,0.09739
NEXUS-8053,0.029091
NEXUS-8052,0.41324
NEXUS-8047,0.0341
NEXUS-8046,0.735452
NEXUS-8045,0.039937
NEXUS-8044,0.752013
NEXUS-8043,0.139631
NEXUS-8042,0.036769
NEXUS-8039,0.712632
NEXUS-8038,0.446736
NEXUS-8037,0.310276
NEXUS-8036,0.631765
NEXUS-8020,0.340842
NEXUS-8019,0.019719
NEXUS-8018,0.021781
NEXUS-8005,0.028008
NEXUS-8004,0.057493
NEXUS-8002,0.036769
NEXUS-8001,0.087564
NEXUS-8000,0.062331
NEXUS-7999,0.056444
NEXUS-7998,0.039639
NEXUS-7997,0.042404
NEXUS-7996,0.027585
NEXUS-7995,0.798815
NEXUS-7991,0.121269
NEXUS-7990,0.05301
NEXUS-7989,0.862004
NEXUS-7988,0.260201
NEXUS-7986,0.040238
NEXUS-7985,0.690246
NEXUS-7984,0.168583
NEXUS-7983,0.060752
NEXUS-7982,0.116362
NEXUS-7981,0.072374
NEXUS-7980,0.061199
NEXUS-7979,0.035679
NEXUS-7978,0.026964
NEXUS-7977,0.029091
NEXUS-7976,0.099821
NEXUS-7975,0.042722
NEXUS-7974,0.242026
NEXUS-7973,0.5
NEXUS-7972,0.729712
NEXUS-7971,0.426322
NEXUS-7970,0.438785
NEXUS-7969,0.539954
NEXUS-7966,0.183009
NEXUS-7965,0.042722
NEXUS-7964,0.023153
NEXUS-7963,0.08882
NEXUS-7962,0.014957
NEXUS-7961,0.035679
NEXUS-7960,0.029312
NEXUS-7959,0.013956
NEXUS-7958,0.035145
NEXUS-7957,0.06489
NEXUS-7956,0.044681
NEXUS-7954,0.080937
NEXUS-7953,0.073696
NEXUS-7952,0.037047
NEXUS-7951,0.014172
NEXUS-7949,0.056236
NEXUS-7948,0.039639
NEXUS-7947,0.043366
NEXUS-7946,0.246896
NEXUS-7945,0.056862
NEXUS-7944,0.034359
NEXUS-7943,0.510252
NEXUS-7941,0.042404
NEXUS-7940,0.148294
NEXUS-7939,0.035411
NEXUS-7938,0.050331
NEXUS-7936,0.043691
NEXUS-7935,0.021287
NEXUS-7934,0.036769
NEXUS-7933,0.055005
NEXUS-7929,0.060752
NEXUS-7928,0.142709
NEXUS-7927,0.073963
NEXUS-7926,0.412767
NEXUS-7923,0.046378
NEXUS-7922,0.272896
NEXUS-7921,0.368633
NEXUS-7920,0.058777
NEXUS-7919,0.790854
NEXUS-7918,0.042722
NEXUS-7917,0.027376
NEXUS-7916,0.042088
NEXUS-7915,0.689515
NEXUS-7912,0.144631
NEXUS-7911,0.050331
NEXUS-7910,0.038756
NEXUS-7909,0.050331
NEXUS-7908,0.051463
NEXUS-7906,0.030909
NEXUS-7905,0.037327
NEXUS-7903,0.034619
NEXUS-7901,0.606732
NEXUS-7899,0.137532
NEXUS-7896,0.122104
NEXUS-7895,0.092033
NEXUS-7893,0.0729
NEXUS-7891,0.048496
NEXUS-7890,0.308398
NEXUS-7889,0.044019
NEXUS-7884,0.030909
NEXUS-7883,0.032837
NEXUS-7882,0.041153
NEXUS-7881,0.649078
NEXUS-7880,0.441432
NEXUS-7879,0.805326
NEXUS-7878,0.6466
NEXUS-7877,0.252753
NEXUS-7876,0.114369
NEXUS-7874,0.021451
NEXUS-7873,0.071332
NEXUS-7872,0.784319
NEXUS-7870,0.207536
NEXUS-7869,0.054199
NEXUS-7868,0.615897
NEXUS-7867,0.07343
NEXUS-7864,0.067301
NEXUS-7863,0.764892
NEXUS-7862,0.287018
NEXUS-7861,0.07056
NEXUS-7860,0.060529
NEXUS-7859,0.624294
NEXUS-7858,0.045016
NEXUS-7856,0.036494
NEXUS-7855,0.041774
NEXUS-7854,0.030444
NEXUS-7853,0.034359
NEXUS-7852,0.052619
NEXUS-7850,0.706596
NEXUS-7849,0.719186
NEXUS-7848,0.61855
NEXUS-7847,0.914901
NEXUS-7846,0.130285
NEXUS-7845,0.441432
NEXUS-7844,0.828939
NEXUS-7843,0.732783
NEXUS-7841,0.144631
NEXUS-7840,0.037047
NEXUS-7839,0.112795
NEXUS-7838,0.04778
NEXUS-7837,0.040846
NEXUS-7835,0.891434
NEXUS-7834,0.048858
NEXUS-7832,0.02976
NEXUS-7820,0.379608
NEXUS-7819,0.043043
NEXUS-7818,0.032344
NEXUS-7817,0.049959
NEXUS-7816,0.017045
NEXUS-7812,0.630799
NEXUS-7811,0.215351
NEXUS-7810,0.272993
NEXUS-7808,0.087252
NEXUS-7807,0.08819
NEXUS-7806,0.755637
NEXUS-7803,0.732209
NEXUS-7802,0.566258
NEXUS-7800,0.089773
NEXUS-7799,0.03622
NEXUS-7796,0.096365
NEXUS-7795,0.86293
NEXUS-7792,0.043043
NEXUS-7789,0.570331
NEXUS-7785,0.612773
NEXUS-7784,0.055823
NEXUS-7783,0.072637
NEXUS-7779,0.035145
NEXUS-7778,0.032344
NEXUS-7774,0.043043
NEXUS-7772,0.435902
NEXUS-7771,0.385143
NEXUS-7770,0.367043
NEXUS-7769,0.812867
NEXUS-7768,0.252937
NEXUS-7767,0.051463
NEXUS-7765,0.055618
NEXUS-7763,0.057282
NEXUS-7762,0.054601
NEXUS-7761,0.309311
NEXUS-7760,0.061199
NEXUS-7756,0.057071
NEXUS-7754,0.842345
NEXUS-7753,0.053999
NEXUS-7752,0.647924
NEXUS-7751,0.086016
NEXUS-7750,0.042088
NEXUS-7748,0.084493
NEXUS-7742,0.018689
NEXUS-7740,0.116764
NEXUS-7739,0.204025
NEXUS-7732,0.092688
NEXUS-7731,0.035411
NEXUS-7730,0.095013
NEXUS-7729,0.107063
NEXUS-7728,0.070049
NEXUS-7727,0.389547
NEXUS-7726,0.059647
NEXUS-7725,0.087252
NEXUS-7724,0.455199
NEXUS-7723,0.073696
NEXUS-7716,0.105948
NEXUS-7714,0.635081
NEXUS-7713,0.043366
NEXUS-7704,0.054601
NEXUS-7703,0.025761
NEXUS-7702,0.915205
NEXUS-7701,0.089137
NEXUS-7699,0.03359
NEXUS-7696,0.04778
NEXUS-7693,0.041774
NEXUS-7692,0.076132
NEXUS-7691,0.128088
NEXUS-7690,0.179531
NEXUS-7689,0.075585
NEXUS-7688,0.28607
NEXUS-7687,0.084493
NEXUS-7678,0.509276
NEXUS-7675,0.051463
NEXUS-7671,0.029987
NEXUS-7670,0.038756
NEXUS-7669,0.506836
NEXUS-7668,0.035679
NEXUS-7666,0.376738
NEXUS-7665,0.31182
NEXUS-7664,0.038178
NEXUS-7659,0.861072
NEXUS-7658,0.069542
NEXUS-7655,0.179818
NEXUS-7654,0.139396
NEXUS-7653,0.080069
NEXUS-7652,0.211091
NEXUS-7651,0.048858
NEXUS-7650,0.624007
NEXUS-7649,0.052038
NEXUS-7648,0.698946
NEXUS-7646,0.071591
NEXUS-7645,0.093347
NEXUS-7638,0.045692
NEXUS-7634,0.141045
NEXUS-7632,0.859192
NEXUS-7631,0.290327
NEXUS-7630,0.255808
NEXUS-7629,0.560253
NEXUS-7628,0.042404
NEXUS-7627,0.065366
NEXUS-7626,0.092033
NEXUS-7625,0.048137
NEXUS-7618,0.29083
NEXUS-7616,0.115961
NEXUS-7615,0.406391
NEXUS-7614,0.064418
NEXUS-7609,0.059647
NEXUS-7606,0.210117
NEXUS-7604,0.085709
NEXUS-7603,0.072374
NEXUS-7602,0.100879
NEXUS-7601,0.120026
NEXUS-7599,0.08819
NEXUS-7598,0.039048
NEXUS-7596,0.861538
NEXUS-7595,0.831691
NEXUS-7594,0.612889
NEXUS-7589,0.477554
NEXUS-7588,0.600188
NEXUS-7586,0.06165
NEXUS-7585,0.596903
NEXUS-7582,0.538983
NEXUS-7581,0.803482
NEXUS-7577,0.086632
NEXUS-7576,0.086016
NEXUS-7575,0.062789
NEXUS-7574,0.087876
NEXUS-7573,0.082994
NEXUS-7572,0.03259
NEXUS-7571,0.614394
NEXUS-7570,0.528777
NEXUS-7569,0.435421
NEXUS-7565,0.062103
NEXUS-7564,0.683736
NEXUS-7563,0.891434
NEXUS-7561,0.058561
NEXUS-7559,0.818447
NEXUS-7486,0.134321
NEXUS-7484,0.068537
NEXUS-7330,0.445047
NEXUS-7275,0.03622
NEXUS-7274,0.105579
NEXUS-7073,0.072374
NEXUS-6903,0.098773
NEXUS-6902,0.049222
NEXUS-6900,0.054199
NEXUS-6899,0.116764
NEXUS-6898,0.089455
NEXUS-6896,0.738103
NEXUS-6895,0.05301
NEXUS-6894,0.028653
NEXUS-6893,0.031144
NEXUS-6892,0.626124
NEXUS-6891,0.034881
NEXUS-6890,0.06256
NEXUS-6889,0.121269
NEXUS-6888,0.066569
NEXUS-6887,0.049589
NEXUS-6886,0.824462
NEXUS-6885,0.228329
NEXUS-6884,0.745213
NEXUS-6883,0.831691
NEXUS-6882,0.125923
NEXUS-6881,0.022977
NEXUS-6879,0.047426
NEXUS-6878,0.215021
NEXUS-6877,0.052231
NEXUS-6875,0.193147
NEXUS-6874,0.05301
NEXUS-6873,0.086942
NEXUS-6872,0.069542
NEXUS-6871,0.028221
NEXUS-6869,0.031859
NEXUS-6868,0.066327
NEXUS-6867,0.685634
NEXUS-6865,0.082697
NEXUS-6863,0.206894
NEXUS-6862,0.585338
NEXUS-6861,0.821617
NEXUS-6860,0.879147
NEXUS-6858,0.0538
NEXUS-6857,0.750918
NEXUS-6856,0.478041
NEXUS-6855,0.060752
NEXUS-6854,0.427994
NEXUS-6853,0.05301
NEXUS-6852,0.048137
NEXUS-6850,0.085404
NEXUS-6849,0.038756
NEXUS-6848,0.025371
NEXUS-6847,0.042404
NEXUS-6846,0.696371
NEXUS-6845,0.68721
NEXUS-6844,0.237046
NEXUS-6843,0.609524
NEXUS-6842,0.039937
NEXUS-6841,0.779658
NEXUS-6840,0.52683
NEXUS-6839,0.375134
NEXUS-6838,0.119614
NEXUS-6837,0.148788
NEXUS-6836,0.096025
NEXUS-6835,0.684475
NEXUS-6834,0.045692
NEXUS-6833,0.150029
NEXUS-6832,0.059647
NEXUS-6831,0.761006
NEXUS-6830,0.31125
NEXUS-6829,0.03138
NEXUS-6828,0.014392
NEXUS-6827,0.041462
NEXUS-6825,0.031859
NEXUS-6824,0.281109
NEXUS-6823,0.052619
NEXUS-6822,0.046378
NEXUS-6821,0.348756
NEXUS-6820,0.442636
NEXUS-6819,0.024798
NEXUS-6818,0.028871
NEXUS-6817,0.561455
NEXUS-6816,0.06804
NEXUS-6815,0.594787
NEXUS-6814,0.039639
NEXUS-6812,0.042722
NEXUS-6811,0.027169
NEXUS-6810,0.496094
NEXUS-6809,0.231788
NEXUS-6808,0.016403
NEXUS-6807,0.018833
NEXUS-6806,0.022977
NEXUS-6805,0.029091
NEXUS-6804,0.029987
NEXUS-6803,0.038178
NEXUS-6802,0.047074
NEXUS-6801,0.557604
NEXUS-6800,0.431105
NEXUS-6799,0.03359
NEXUS-6797,0.035145
NEXUS-6795,0.633098
NEXUS-6794,0.623262
NEXUS-6793,0.110088
NEXUS-6792,0.043366
NEXUS-6791,0.294925
NEXUS-6790,0.149531
NEXUS-6789,0.017577
NEXUS-6788,0.052231
NEXUS-6786,0.745028
NEXUS-6782,0.069795
NEXUS-6780,0.154058
NEXUS-6779,0.812272
NEXUS-6776,0.196518
NEXUS-6775,0.110471
NEXUS-6774,0.070816
NEXUS-6773,0.098079
NEXUS-6771,0.045692
NEXUS-6770,0.023871
NEXUS-6769,0.028871
NEXUS-6768,0.023509
NEXUS-6767,0.014504
NEXUS-6766,0.097734
NEXUS-6765,0.03359
NEXUS-6764,0.074231
NEXUS-6763,0.051845
NEXUS-6762,0.050331
NEXUS-6761,0.023153
NEXUS-6759,0.178097
NEXUS-6758,0.206894
NEXUS-6757,0.107813
NEXUS-6756,0.67405
NEXUS-6755,0.06165
NEXUS-6754,0.670446
NEXUS-6753,0.093678
NEXUS-6752,0.03359
NEXUS-6750,0.072374
NEXUS-6749,0.022977
NEXUS-6748,0.555435
NEXUS-6747,0.020964
NEXUS-6746,0.025371
NEXUS-6745,0.008985
NEXUS-6744,0.037047
NEXUS-6743,0.039343
NEXUS-6742,0.047074
NEXUS-6741,0.152537
NEXUS-6740,0.858719
NEXUS-6739,0.26588
NEXUS-6738,0.783326
NEXUS-6737,0.81582
NEXUS-6736,0.17245
NEXUS-6735,0.124213
NEXUS-6734,0.049589
NEXUS-6732,0.848972
NEXUS-6731,0.054803
NEXUS-6730,0.054399
NEXUS-6729,0.183887
NEXUS-6728,0.170232
NEXUS-6727,0.288419
NEXUS-6720,0.034359
NEXUS-6713,0.052619
NEXUS-6712,0.048858
NEXUS-6711,0.038756
NEXUS-6710,0.080937
NEXUS-6707,0.02976
NEXUS-6705,0.034359
NEXUS-6704,0.024988
NEXUS-6703,0.113187
NEXUS-6702,0.108945
NEXUS-6701,0.064418
NEXUS-6700,0.569134
NEXUS-6699,0.06165
NEXUS-6698,0.032837
NEXUS-6694,0.041462
NEXUS-6693,0.063482
NEXUS-6692,0.276788
NEXUS-6691,0.120439
NEXUS-6690,0.095349
NEXUS-6689,0.054199
NEXUS-6688,0.061199
NEXUS-6687,0.040238
NEXUS-6686,0.043691
NEXUS-6682,0.060752
NEXUS-6681,0.14682
NEXUS-6680,0.579638
NEXUS-6679,0.227813
NEXUS-6678,0.080647
NEXUS-6677,0.055618
NEXUS-6676,0.051463
NEXUS-6675,0.436142
NEXUS-6674,0.04778
NEXUS-6673,0.138928
NEXUS-6672,0.060529
NEXUS-6671,0.029535
NEXUS-6670,0.017986
NEXUS-6669,0.040238
NEXUS-6668,0.621541
NEXUS-6667,0.046034
NEXUS-6666,0.035679
NEXUS-6664,0.083292
NEXUS-6661,0.252568
NEXUS-6660,0.057282
NEXUS-6659,0.082107
NEXUS-6658,0.842345
NEXUS-6657,0.108945
NEXUS-6656,0.435661
NEXUS-6655,0.053601
NEXUS-6653,0.843895
NEXUS-6652,0.117572
NEXUS-6651,0.798187
NEXUS-6650,0.816406
NEXUS-6649,0.082994
NEXUS-6648,0.064418
NEXUS-6647,0.252016
NEXUS-6646,0.117978
NEXUS-6645,0.195287
NEXUS-6644,0.059647
NEXUS-6640,0.416322
NEXUS-6637,0.153803
NEXUS-6634,0.273963
NEXUS-6633,0.048137
NEXUS-6632,0.059428
NEXUS-6630,0.031144
NEXUS-6629,0.850469
NEXUS-6628,0.044349
NEXUS-6627,0.043043
NEXUS-6626,0.333449
NEXUS-6624,0.042722
NEXUS-6622,0.109325
NEXUS-6621,0.528777
NEXUS-6619,0.091382
NEXUS-6617,0.098425
NEXUS-6616,0.439266
NEXUS-6615,0.579162
NEXUS-6612,0.112016
NEXUS-6611,0.02976
NEXUS-6610,0.881207
NEXUS-6609,0.19962
NEXUS-6608,0.844922
NEXUS-6607,0.080069
NEXUS-6605,0.351089
NEXUS-6604,0.062331
NEXUS-6603,0.759582
NEXUS-6602,0.056862
NEXUS-6601,0.683208
NEXUS-6600,0.061424
NEXUS-6599,0.841826
NEXUS-6597,0.066812
NEXUS-6596,0.041774
NEXUS-6595,0.071591
NEXUS-6592,0.066812
NEXUS-6591,0.633949
NEXUS-6588,0.035145
NEXUS-6587,0.068289
NEXUS-6586,0.046378
NEXUS-6585,0.334861
NEXUS-6584,0.042722
NEXUS-6583,0.056444
NEXUS-6582,0.055413
NEXUS-6581,0.058346
NEXUS-6579,0.640692
NEXUS-6578,0.037047
NEXUS-6576,0.408277
NEXUS-6575,0.053601
NEXUS-6574,0.06804
NEXUS-6572,0.126353
NEXUS-6571,0.052231
NEXUS-6570,0.063948
NEXUS-6569,0.430387
NEXUS-6567,0.044019
NEXUS-6566,0.176104
NEXUS-6565,0.055209
NEXUS-6564,0.065605
NEXUS-6562,0.048858
NEXUS-6560,0.046725
NEXUS-6559,0.845433
NEXUS-6558,0.055618
NEXUS-6556,0.06165
NEXUS-6555,0.035679
NEXUS-6554,0.212395
NEXUS-6553,0.179243
NEXUS-6551,0.032101
NEXUS-6550,0.03622
NEXUS-6549,0.055209
NEXUS-6547,0.048858
NEXUS-6545,0.019871
NEXUS-6544,0.089137
NEXUS-6542,0.077518
NEXUS-6541,0.229708
NEXUS-6540,0.715026
NEXUS-6539,0.090735
NEXUS-6538,0.13707
NEXUS-6537,0.232833
NEXUS-6536,0.490236
NEXUS-6533,0.082697
NEXUS-6530,0.354657
NEXUS-6529,0.409693
NEXUS-6526,0.563618
NEXUS-6525,0.101947
NEXUS-6524,0.658445
NEXUS-6523,0.047074
NEXUS-6522,0.045016
NEXUS-6521,0.099121
NEXUS-6520,0.162646
NEXUS-6519,0.643077
NEXUS-6518,0.866133
NEXUS-6516,0.065366
NEXUS-6515,0.140808
NEXUS-6514,0.746878
NEXUS-6511,0.070049
NEXUS-6510,0.055823
NEXUS-6508,0.035679
NEXUS-6506,0.043043
NEXUS-6505,0.048137
NEXUS-6504,0.815233
NEXUS-6503,0.729712
NEXUS-6502,0.054199
NEXUS-6501,0.078642
NEXUS-6500,0.044349
NEXUS-6499,0.064653
NEXUS-6497,0.052814
NEXUS-6493,0.401219
NEXUS-6491,0.051083
NEXUS-6490,0.70477
NEXUS-6489,0.654991
NEXUS-6488,0.696991
NEXUS-6487,0.056029
NEXUS-6485,0.343012
NEXUS-6484,0.244363
NEXUS-6483,0.218336
NEXUS-6482,0.033337
NEXUS-6480,0.120853
NEXUS-6479,0.087564
NEXUS-6478,0.19163
NEXUS-6476,0.553747
NEXUS-6475,0.105948
NEXUS-6474,0.746878
NEXUS-6473,0.0341
NEXUS-6472,0.592195
NEXUS-6463,0.039639
NEXUS-6461,0.674265
NEXUS-6460,0.590307
NEXUS-6458,0.720172
NEXUS-6457,0.644393
NEXUS-6455,0.785638
NEXUS-6453,0.043691
NEXUS-6450,0.064183
NEXUS-6448,0.06804
NEXUS-6447,0.035948
NEXUS-6446,0.104843
NEXUS-6419,0.548674
NEXUS-6410,0.597256
NEXUS-6404,0.831691
NEXUS-6401,0.922482
NEXUS-6399,0.056444
NEXUS-6398,0.055209
NEXUS-6397,0.039343
NEXUS-6394,0.316528
NEXUS-6392,0.563858
NEXUS-6390,0.098773
NEXUS-6388,0.03138
NEXUS-6385,0.106691
NEXUS-6384,0.707809
NEXUS-6383,0.037892
NEXUS-6382,0.349977
NEXUS-6380,0.04778
NEXUS-6379,0.580114
NEXUS-6376,0.682997
NEXUS-6375,0.703753
NEXUS-6373,0.598899
NEXUS-6370,0.665411
NEXUS-6369,0.746139
NEXUS-6368,0.855369
NEXUS-6367,0.741674
NEXUS-6366,0.066569
NEXUS-6364,0.887984
NEXUS-6360,0.460532
NEXUS-6358,0.071332
NEXUS-6357,0.08389
NEXUS-6356,0.08389
NEXUS-6353,0.015189
NEXUS-6352,0.069289
NEXUS-6351,0.095013
NEXUS-6348,0.056862
NEXUS-6347,0.026156
NEXUS-6346,0.926835
NEXUS-6345,0.265499
NEXUS-6343,0.544559
NEXUS-6342,0.051845
NEXUS-6340,0.634317
NEXUS-6339,0.896976
NEXUS-6338,0.049959
NEXUS-6337,0.076684
NEXUS-6336,0.481941
NEXUS-6335,0.036769
NEXUS-6332,0.538983
NEXUS-6330,0.200401
NEXUS-6328,0.030909
NEXUS-6327,0.035411
NEXUS-6326,0.039048
NEXUS-6323,0.073165
NEXUS-6322,0.563618
NEXUS-6321,0.078926
NEXUS-6320,0.049589
NEXUS-6319,0.080357
NEXUS-6318,0.063251
NEXUS-6317,0.0729
NEXUS-6316,0.175256
NEXUS-6315,0.155591
NEXUS-6311,0.47658
NEXUS-6310,0.311689
NEXUS-6308,0.135919
NEXUS-6307,0.428712
NEXUS-6306,0.045016
NEXUS-6304,0.663778
NEXUS-6303,0.811078
NEXUS-6300,0.886813
NEXUS-6298,0.039343
NEXUS-6297,0.05301
NEXUS-6296,0.048137
NEXUS-6294,0.020964
NEXUS-6292,0.048496
NEXUS-6291,0.071851
NEXUS-6290,0.064418
NEXUS-6287,0.215021
NEXUS-6286,0.100879
NEXUS-6285,0.075585
NEXUS-6284,0.080647
NEXUS-6281,0.117167
NEXUS-6280,0.165593
NEXUS-6279,0.071074
NEXUS-6278,0.072374
NEXUS-6277,0.064418
NEXUS-6276,0.037327
NEXUS-6275,0.026355
NEXUS-6274,0.075041
NEXUS-6273,0.039639
NEXUS-6272,0.742048
NEXUS-6271,0.086323
NEXUS-6269,0.031859
NEXUS-6268,0.086632
NEXUS-6267,0.063715
NEXUS-6266,0.055005
NEXUS-6265,0.070816
NEXUS-6264,0.03622
NEXUS-6263,0.030215
NEXUS-6262,0.054803
NEXUS-6261,0.039343
NEXUS-6260,0.096365
NEXUS-6259,0.062789
NEXUS-6258,0.076684
NEXUS-6256,0.059866
NEXUS-6255,0.06165
NEXUS-6254,0.640861
NEXUS-6253,0.070049
NEXUS-6252,0.807157
NEXUS-6251,0.168583
NEXUS-6250,0.05301
NEXUS-6249,0.05301
NEXUS-6248,0.040238
NEXUS-6247,0.540439
NEXUS-6246,0.026355
NEXUS-6244,0.147065
NEXUS-6243,0.038178
NEXUS-6242,0.173288
NEXUS-6241,0.617801
NEXUS-6240,0.104477
NEXUS-6239,0.029312
NEXUS-6238,0.839734
NEXUS-6236,0.522933
NEXUS-6235,0.076132
NEXUS-6234,0.100172
NEXUS-6232,0.656328
NEXUS-6230,0.049222
NEXUS-6229,0.010653
NEXUS-6226,0.712432
NEXUS-6225,0.055618
NEXUS-6224,0.7773
NEXUS-6223,0.061424
NEXUS-6222,0.370453
NEXUS-6221,0.038756
NEXUS-6220,0.050331
NEXUS-6219,0.076132
NEXUS-6218,0.067301
NEXUS-6216,0.31342
NEXUS-6214,0.039343
NEXUS-6213,0.675872
NEXUS-6212,0.605566
NEXUS-6210,0.083591
NEXUS-6207,0.020332
NEXUS-6206,0.436382
NEXUS-6204,0.057493
NEXUS-6203,0.074231
NEXUS-6202,0.035679
NEXUS-6201,0.601945
NEXUS-6199,0.021948
NEXUS-6196,0.017309
NEXUS-6195,0.069038
NEXUS-6194,0.114369
NEXUS-6193,0.06165
NEXUS-6192,0.097734
NEXUS-6191,0.838151
NEXUS-6190,0.265024
NEXUS-6189,0.651355
NEXUS-6187,0.08882
NEXUS-6186,0.067056
NEXUS-6185,0.438545
NEXUS-6183,0.349255
NEXUS-6182,0.576542
NEXUS-6179,0.076961
NEXUS-6178,0.056236
NEXUS-6177,0.033337
NEXUS-6176,0.016029
NEXUS-6175,0.086016
NEXUS-6173,0.052814
NEXUS-6172,0.051845
NEXUS-6171,0.121686
NEXUS-6170,0.047074
NEXUS-6169,0.049222
NEXUS-6168,0.332473
NEXUS-6167,0.406391
NEXUS-6166,0.842863
NEXUS-6165,0.077518
NEXUS-6164,0.823896
NEXUS-6162,0.404507
NEXUS-6161,0.037609
NEXUS-6159,0.141519
NEXUS-6158,0.054601
NEXUS-6155,0.056862
NEXUS-6154,0.655694
NEXUS-6153,0.884039
NEXUS-6152,0.082107
NEXUS-6151,0.026156
NEXUS-6150,0.060975
NEXUS-6149,0.124639
NEXUS-6148,0.588416
NEXUS-6147,0.306527
NEXUS-6144,0.188922
NEXUS-6142,0.605216
NEXUS-6141,0.017442
NEXUS-6140,0.063019
NEXUS-6139,0.037892
NEXUS-6138,0.045353
NEXUS-6137,0.071591
NEXUS-6136,0.119203
NEXUS-6135,0.054399
NEXUS-6134,0.579162
NEXUS-6133,0.030676
NEXUS-6132,0.055823
NEXUS-6129,0.043691
NEXUS-6128,0.065366
NEXUS-6127,0.051845
NEXUS-6126,0.48438
NEXUS-6125,0.862004
NEXUS-6123,0.063948
NEXUS-6122,0.094678
NEXUS-6121,0.503906
NEXUS-6120,0.076408
NEXUS-6119,0.068787
NEXUS-6116,0.172172
NEXUS-6115,0.049959
NEXUS-6114,0.078926
NEXUS-6113,0.027376
NEXUS-6112,0.491212
NEXUS-6111,0.399109
NEXUS-6110,0.231093
NEXUS-6109,0.04778
NEXUS-6108,0.037327
NEXUS-6107,0.2587
NEXUS-6105,0.113187
NEXUS-6104,0.037047
NEXUS-6103,0.041153
NEXUS-6102,0.131173
NEXUS-6101,0.685318
NEXUS-6100,0.019419
NEXUS-6099,0.472683
NEXUS-6097,0.091382
NEXUS-6096,0.156362
NEXUS-6095,0.271541
NEXUS-6093,0.655336
NEXUS-6091,0.145601
NEXUS-6090,0.201499
NEXUS-6088,0.0538
NEXUS-6087,0.128963
NEXUS-6086,0.067547
NEXUS-6085,0.042722
NEXUS-6084,0.720565
NEXUS-6082,0.038756
NEXUS-6080,0.063482
NEXUS-6079,0.583203
NEXUS-6075,0.066327
NEXUS-6074,0.080069
NEXUS-6073,0.119614
NEXUS-6072,0.231962
NEXUS-6071,0.569134
NEXUS-6063,0.865679
NEXUS-6062,0.830594
NEXUS-6061,0.026964
NEXUS-6060,0.037327
NEXUS-6059,0.038756
NEXUS-6058,0.042088
NEXUS-6057,0.063251
NEXUS-6053,0.049589
NEXUS-6050,0.075858
NEXUS-6049,0.080647
NEXUS-6048,0.132964
NEXUS-6046,0.889144
NEXUS-6045,0.621311
NEXUS-6044,0.040238
NEXUS-6043,0.39257
NEXUS-6042,0.080357
NEXUS-6041,0.053206
NEXUS-6040,0.084795
NEXUS-6039,0.054199
NEXUS-6038,0.047074
NEXUS-6037,0.904987
NEXUS-6036,0.778986
NEXUS-6035,0.488283
NEXUS-6034,0.037047
NEXUS-6030,0.024054
NEXUS-6029,0.065605
NEXUS-6028,0.025565
NEXUS-6027,0.315499
NEXUS-6026,0.057918
NEXUS-6025,0.056652
NEXUS-6024,0.051083
NEXUS-6023,0.030676
NEXUS-6022,0.041462
NEXUS-6021,0.03259
NEXUS-6020,0.617167
NEXUS-6017,0.196209
NEXUS-6016,0.053999
NEXUS-6015,0.62395
NEXUS-6014,0.789558
NEXUS-6013,0.368519
NEXUS-6012,0.021287
NEXUS-6011,0.054803
NEXUS-6010,0.182426
NEXUS-6009,0.717606
NEXUS-6008,0.099821
NEXUS-6007,0.055413
NEXUS-6005,0.049589
NEXUS-6004,0.149283
NEXUS-6003,0.030215
NEXUS-6001,0.136608
NEXUS-6000,0.218169
NEXUS-5999,0.036769
NEXUS-5998,0.059428
NEXUS-5997,0.103024
NEXUS-5996,0.035145
NEXUS-5995,0.098773
NEXUS-5994,0.055209
NEXUS-5993,0.627723
NEXUS-5992,0.385837
NEXUS-5991,0.063019
NEXUS-5990,0.887984
NEXUS-5989,0.063251
NEXUS-5988,0.680454
NEXUS-5987,0.278747
NEXUS-5986,0.045353
NEXUS-5985,0.720762
NEXUS-5984,0.055209
NEXUS-5982,0.039343
NEXUS-5981,0.803174
NEXUS-5980,0.121269
NEXUS-5979,0.472197
NEXUS-5977,0.408041
NEXUS-5976,0.086323
NEXUS-5975,0.893681
NEXUS-5973,0.190724
NEXUS-5971,0.068787
NEXUS-5970,0.147555
NEXUS-5969,0.058346
NEXUS-5968,0.68268
NEXUS-5966,0.217836
NEXUS-5965,0.077239
NEXUS-5964,0.045692
NEXUS-5963,0.175256
NEXUS-5962,0.139866
NEXUS-5961,0.218169
NEXUS-5960,0.07343
NEXUS-5959,0.171338
NEXUS-5957,0.090414
NEXUS-5956,0.068537
NEXUS-5955,0.044681
NEXUS-5953,0.065128
NEXUS-5952,0.072374
NEXUS-5951,0.133868
NEXUS-5950,0.031619
NEXUS-5949,0.555435
NEXUS-5948,0.142232
NEXUS-5946,0.832781
NEXUS-5945,0.115162
NEXUS-5944,0.07921
NEXUS-5943,0.07836
NEXUS-5941,0.759939
NEXUS-5940,0.431584
NEXUS-5937,0.188623
NEXUS-5936,0.07836
NEXUS-5935,0.122523
NEXUS-5934,0.075858
NEXUS-5933,0.741674
NEXUS-5932,0.7773
NEXUS-5930,0.07921
NEXUS-5929,0.091058
NEXUS-5928,0.740362
NEXUS-5927,0.071851
NEXUS-5925,0.076684
NEXUS-5924,0.077239
NEXUS-5923,0.059428
NEXUS-5922,0.057282
NEXUS-5921,0.078078
NEXUS-5920,0.056652
NEXUS-5919,0.051463
NEXUS-5918,0.069289
NEXUS-5917,0.055005
NEXUS-5916,0.05301
NEXUS-5915,0.057282
NEXUS-5914,0.057918
NEXUS-5913,0.058993
NEXUS-5912,0.108566
NEXUS-5911,0.057705
NEXUS-5910,0.064653
NEXUS-5909,0.430866
NEXUS-5908,0.342386
NEXUS-5907,0.593727
NEXUS-5906,0.784319
NEXUS-5905,0.035948
NEXUS-5904,0.610105
NEXUS-5903,0.114369
NEXUS-5902,0.120853
NEXUS-5901,0.098425
NEXUS-5900,0.096025
NEXUS-5899,0.362066
NEXUS-5898,0.540924
NEXUS-5897,0.769773
NEXUS-5896,0.055618
NEXUS-5895,0.145358
NEXUS-5894,0.087876
NEXUS-5892,0.72331
NEXUS-5891,0.78233
NEXUS-5890,0.09947
NEXUS-5889,0.073165
NEXUS-5888,0.679604
NEXUS-5887,0.265309
NEXUS-5886,0.108945
NEXUS-5885,0.55254
NEXUS-5884,0.696578
NEXUS-5883,0.104112
NEXUS-5881,0.436862
NEXUS-5880,0.668285
NEXUS-5879,0.144631
NEXUS-5878,0.098425
NEXUS-5877,0.018547
NEXUS-5876,0.037327
NEXUS-5875,0.066085
NEXUS-5874,0.228501
NEXUS-5873,0.874077
NEXUS-5872,0.055413
NEXUS-5871,0.039343
NEXUS-5870,0.72526
NEXUS-5867,0.057705
NEXUS-5866,0.721154
NEXUS-5865,0.017849
NEXUS-5864,0.044019
NEXUS-5863,0.093678
NEXUS-5861,0.050705
NEXUS-5860,0.589126
NEXUS-5859,0.056444
NEXUS-5858,0.07056
NEXUS-5857,0.030676
NEXUS-5856,0.028653
NEXUS-5854,0.018264
NEXUS-5852,0.910545
NEXUS-5851,0.908293
NEXUS-5850,0.054803
NEXUS-5849,0.03622
NEXUS-5848,0.06165
NEXUS-5845,0.233881
NEXUS-5844,0.716219
NEXUS-5843,0.044019
NEXUS-5842,0.0538
NEXUS-5840,0.023153
NEXUS-5839,0.037892
NEXUS-5838,0.042404
NEXUS-5837,0.732783
NEXUS-5836,0.035411
NEXUS-5835,0.705785
NEXUS-5834,0.790207
NEXUS-5833,0.057071
NEXUS-5832,0.049959
NEXUS-5831,0.583441
NEXUS-5830,0.025957
NEXUS-5829,0.069289
NEXUS-5828,0.075585
NEXUS-5827,0.096706
NEXUS-5826,0.038178
NEXUS-5825,0.266453
NEXUS-5824,0.045692
NEXUS-5823,0.494629
NEXUS-5822,0.064183
NEXUS-5821,0.028221
NEXUS-5820,0.042088
NEXUS-5819,0.041774
NEXUS-5818,0.294266
NEXUS-5817,0.041462
NEXUS-5816,0.038178
NEXUS-5815,0.798815
NEXUS-5814,0.034881
NEXUS-5811,0.064653
NEXUS-5810,0.039048
NEXUS-5808,0.055005
NEXUS-5807,0.028871
NEXUS-5806,0.054601
NEXUS-5805,0.092688
NEXUS-5804,0.060308
NEXUS-5803,0.060975
NEXUS-5802,0.034881
NEXUS-5800,0.714429
NEXUS-5799,0.043691
NEXUS-5798,0.035411
NEXUS-5797,0.639173
NEXUS-5796,0.115561
NEXUS-5795,0.040846
NEXUS-5794,0.430626
NEXUS-5793,0.021948
NEXUS-5792,0.076684
NEXUS-5790,0.061199
NEXUS-5789,0.137996
NEXUS-5788,0.042404
NEXUS-5787,0.078078
NEXUS-5786,0.013532
NEXUS-5785,0.087252
NEXUS-5784,0.033844
NEXUS-5783,0.899828
NEXUS-5782,0.063482
NEXUS-5781,0.808067
NEXUS-5780,0.23144
NEXUS-5778,0.044349
NEXUS-5776,0.404272
NEXUS-5775,0.045016
NEXUS-5774,0.060752
NEXUS-5773,0.089455
NEXUS-5772,0.075858
NEXUS-5771,0.039639
NEXUS-5770,0.067793
NEXUS-5769,0.658637
NEXUS-5768,0.667527
NEXUS-5767,0.054199
NEXUS-5766,0.039639
NEXUS-5765,0.046034
NEXUS-5764,0.036494
NEXUS-5763,0.216012
NEXUS-5762,0.057282
NEXUS-5761,0.783326
NEXUS-5760,0.08152
NEXUS-5759,0.907312
NEXUS-5758,0.068537
NEXUS-5757,0.160003
NEXUS-5756,0.114369
NEXUS-5755,0.704973
NEXUS-5754,0.072112
NEXUS-5753,0.085404
NEXUS-5752,0.637313
NEXUS-5751,0.081228
NEXUS-5750,0.122944
NEXUS-5749,0.034359
NEXUS-5748,0.0341
NEXUS-5747,0.083591
NEXUS-5746,0.022117
NEXUS-5745,0.350088
NEXUS-5744,0.075858
NEXUS-5742,0.037327
NEXUS-5741,0.087564
NEXUS-5740,0.051654
NEXUS-5739,0.930962
NEXUS-5738,0.688783
NEXUS-5737,0.066327
NEXUS-5736,0.066085
NEXUS-5735,0.040238
NEXUS-5734,0.041462
NEXUS-5733,0.050331
NEXUS-5732,0.578686
NEXUS-5731,0.558327
NEXUS-5730,0.032101
NEXUS-5729,0.527803
NEXUS-5728,0.375248
NEXUS-5727,0.061199
NEXUS-5726,0.079782
NEXUS-5725,0.055823
NEXUS-5724,0.73678
NEXUS-5723,0.049959
NEXUS-5722,0.084795
NEXUS-5721,0.030909
NEXUS-5720,0.034881
NEXUS-5719,0.106691
NEXUS-5716,0.805938
NEXUS-5715,0.159741
NEXUS-5714,0.846958
NEXUS-5713,0.560012
NEXUS-5712,0.804098
NEXUS-5711,0.095349
NEXUS-5710,0.021125
NEXUS-5709,0.115162
NEXUS-5708,0.048137
NEXUS-5707,0.737158
NEXUS-5706,0.040846
NEXUS-5705,0.048496
NEXUS-5704,0.057071
NEXUS-5703,0.072374
NEXUS-5702,0.060308
NEXUS-5700,0.095349
NEXUS-5699,0.082402
NEXUS-5698,0.060529
NEXUS-5696,0.08819
NEXUS-5695,0.311427
NEXUS-5694,0.811377
NEXUS-5692,0.239705
NEXUS-5691,0.115561
NEXUS-5690,0.132515
NEXUS-5689,0.088505
NEXUS-5688,0.032837
NEXUS-5687,0.915205
NEXUS-5686,0.565299
NEXUS-5685,0.044681
NEXUS-5684,0.075858
NEXUS-5683,0.107813
NEXUS-5682,0.036769
NEXUS-5681,0.051845
NEXUS-5680,0.055823
NEXUS-5679,0.053403
NEXUS-5678,0.117167
NEXUS-5677,0.051463
NEXUS-5676,0.09236
NEXUS-5675,0.072112
NEXUS-5674,0.051083
NEXUS-5673,0.049589
NEXUS-5672,0.332094
NEXUS-5671,0.02461
NEXUS-5670,0.061199
NEXUS-5668,0.032344
NEXUS-5667,0.574634
NEXUS-5665,0.282741
NEXUS-5664,0.108566
NEXUS-5663,0.086632
NEXUS-5662,0.70028
NEXUS-5661,0.039639
NEXUS-5660,0.065845
NEXUS-5659,0.040238
NEXUS-5658,0.448426
NEXUS-5657,0.190122
NEXUS-5656,0.742795
NEXUS-5655,0.255529
NEXUS-5654,0.100879
NEXUS-5653,0.127218
NEXUS-5652,0.219337
NEXUS-5651,0.058561
NEXUS-5650,0.046378
NEXUS-5649,0.069542
NEXUS-5648,0.195594
NEXUS-5647,0.341802
NEXUS-5646,0.121269
NEXUS-5645,0.15662
NEXUS-5644,0.172729
NEXUS-5643,0.073696
NEXUS-5642,0.073696
NEXUS-5641,0.0745
NEXUS-5640,0.024798
NEXUS-5639,0.06256
NEXUS-5638,0.833325
NEXUS-5635,0.132515
NEXUS-5634,0.067547
NEXUS-5633,0.028008
NEXUS-5632,0.169681
NEXUS-5631,0.103386
NEXUS-5630,0.096706
NEXUS-5629,0.06489
NEXUS-5628,0.038756
NEXUS-5627,0.026759
NEXUS-5626,0.036769
NEXUS-5625,0.048496
NEXUS-5624,0.023689
NEXUS-5623,0.052231
NEXUS-5622,0.16238
NEXUS-5621,0.042088
NEXUS-5619,0.027796
NEXUS-5618,0.127653
NEXUS-5617,0.383526
NEXUS-5616,0.197135
NEXUS-5615,0.016915
NEXUS-5614,0.023871
NEXUS-5613,0.153042
NEXUS-5612,0.069795
NEXUS-5611,0.871037
NEXUS-5610,0.028221
NEXUS-5609,0.081813
NEXUS-5608,0.133868
NEXUS-5607,0.028221
NEXUS-5606,0.038466
NEXUS-5605,0.01292
NEXUS-5603,0.016153
NEXUS-5602,0.244363
NEXUS-5600,0.046378
NEXUS-5599,0.583915
NEXUS-5598,0.057071
NEXUS-5597,0.037892
NEXUS-5596,0.413714
NEXUS-5595,0.141045
NEXUS-5594,0.064653
NEXUS-5593,0.135004
NEXUS-5592,0.040541
NEXUS-5591,0.130729
NEXUS-5590,0.06804
NEXUS-5589,0.078926
NEXUS-5588,0.041774
NEXUS-5587,0.100172
NEXUS-5586,0.392803
NEXUS-5585,0.041774
NEXUS-5584,0.564098
NEXUS-5582,0.602296
NEXUS-5581,0.853425
NEXUS-5580,0.035948
NEXUS-5579,0.058777
NEXUS-5578,0.127653
NEXUS-5577,0.0538
NEXUS-5576,0.092033
NEXUS-5575,0.127653
NEXUS-5574,0.827271
NEXUS-5573,0.091058
NEXUS-5572,0.07921
NEXUS-5571,0.226099
NEXUS-5570,0.059647
NEXUS-5569,0.317215
NEXUS-5568,0.079782
NEXUS-5567,0.109706
NEXUS-5566,0.026557
NEXUS-5565,0.188026
NEXUS-5563,0.087564
NEXUS-5562,0.120026
NEXUS-5561,0.087564
NEXUS-5560,0.056236
NEXUS-5559,0.120026
NEXUS-5558,0.112795
NEXUS-5557,0.897695
NEXUS-5556,0.042722
NEXUS-5554,0.544801
NEXUS-5552,0.376623
NEXUS-5551,0.517083
NEXUS-5550,0.105579
NEXUS-5549,0.083292
NEXUS-5548,0.069289
NEXUS-5547,0.739799
NEXUS-5546,0.027169
NEXUS-5545,0.062103
NEXUS-5544,0.039048
NEXUS-5543,0.031144
NEXUS-5542,0.053999
NEXUS-5541,0.043043
NEXUS-5540,0.096706
NEXUS-5539,0.03138
NEXUS-5538,0.627381
NEXUS-5537,0.085709
NEXUS-5536,0.198685
NEXUS-5535,0.185947
NEXUS-5533,0.06256
NEXUS-5532,0.47658
NEXUS-5531,0.590307
NEXUS-5530,0.040846
NEXUS-5528,0.031859
NEXUS-5526,0.114369
NEXUS-5525,0.045016
NEXUS-5524,0.063948
NEXUS-5523,0.796925
NEXUS-5522,0.020489
NEXUS-5521,0.010653
NEXUS-5520,0.030676
NEXUS-5519,0.458591
NEXUS-5518,0.071591
NEXUS-5517,0.015785
NEXUS-5516,0.056029
NEXUS-5515,0.08389
NEXUS-5514,0.029987
NEXUS-5513,0.196826
NEXUS-5512,0.54577
NEXUS-5511,0.787605
NEXUS-5510,0.241847
NEXUS-5509,0.101947
NEXUS-5508,0.065605
NEXUS-5507,0.752377
NEXUS-5506,0.104112
NEXUS-5505,0.03622
NEXUS-5504,0.372049
NEXUS-5503,0.470737
NEXUS-5502,0.555194
NEXUS-5501,0.188324
NEXUS-5500,0.145115
NEXUS-5499,0.674265
NEXUS-5498,0.590543
NEXUS-5497,0.071591
NEXUS-5496,0.680666
NEXUS-5495,0.599016
NEXUS-5494,0.173568
NEXUS-5493,0.525856
NEXUS-5492,0.396769
NEXUS-5491,0.03359
NEXUS-5490,0.785966
NEXUS-5489,0.477067
NEXUS-5488,0.191026
NEXUS-5487,0.032837
NEXUS-5485,0.758153
NEXUS-5484,0.058993
NEXUS-5483,0.022803
NEXUS-5482,0.063482
NEXUS-5481,0.714827
NEXUS-5480,0.034359
NEXUS-5479,0.707607
NEXUS-5478,0.026557
NEXUS-5477,0.886813
NEXUS-5476,0.743913
NEXUS-5475,0.88642
NEXUS-5474,0.049589
NEXUS-5473,0.082107
NEXUS-5472,0.099121
NEXUS-5471,0.574872
NEXUS-5470,0.850469
NEXUS-5469,0.640636
NEXUS-5468,0.046378
NEXUS-5466,0.142232
NEXUS-5465,0.039343
NEXUS-5463,0.081813
NEXUS-5462,0.08882
NEXUS-5461,0.211417
NEXUS-5460,0.06804
NEXUS-5459,0.411347
NEXUS-5458,0.039937
NEXUS-5457,0.011687
NEXUS-5456,0.113187
NEXUS-5455,0.022629
NEXUS-5454,0.354601
NEXUS-5453,0.034619
NEXUS-5452,0.029535
NEXUS-5451,0.024988
NEXUS-5450,0.521471
NEXUS-5449,0.036769
NEXUS-5448,0.673084
NEXUS-5447,0.020489
NEXUS-5445,0.090093
NEXUS-5444,0.061199
NEXUS-5443,0.547706
NEXUS-5442,0.564339
NEXUS-5441,0.051083
NEXUS-5440,0.034619
NEXUS-5439,0.036494
NEXUS-5438,0.184768
NEXUS-5437,0.080069
NEXUS-5436,0.060752
NEXUS-5435,0.017442
NEXUS-5434,0.57081
NEXUS-5433,0.076684
NEXUS-5431,0.066327
NEXUS-5430,0.022977
NEXUS-5429,0.058346
NEXUS-5428,0.038756
NEXUS-5427,0.021287
NEXUS-5426,0.063715
NEXUS-5425,0.022457
NEXUS-5424,0.020332
NEXUS-5423,0.020177
NEXUS-5422,0.040238
NEXUS-5421,0.031144
NEXUS-5420,0.080069
NEXUS-5418,0.058993
NEXUS-5417,0.085709
NEXUS-5415,0.338077
NEXUS-5414,0.089137
NEXUS-5413,0.060752
NEXUS-5412,0.027585
NEXUS-5411,0.018978
NEXUS-5409,0.606498
NEXUS-5408,0.115561
NEXUS-5407,0.086632
NEXUS-5406,0.845942
NEXUS-5405,0.035145
NEXUS-5404,0.571527
NEXUS-5403,0.021125
NEXUS-5402,0.102664
NEXUS-5401,0.048496
NEXUS-5400,0.057493
NEXUS-5399,0.29798
NEXUS-5398,0.037892
NEXUS-5397,0.024054
NEXUS-5396,0.025957
NEXUS-5395,0.019271
NEXUS-5394,0.111628
NEXUS-5393,0.019569
NEXUS-5392,0.193757
NEXUS-5391,0.047426
NEXUS-5390,0.025371
NEXUS-5389,0.906983
NEXUS-5388,0.089137
NEXUS-5387,0.063715
NEXUS-5386,0.065128
NEXUS-5385,0.041462
NEXUS-5384,0.104112
NEXUS-5383,0.084795
NEXUS-5382,0.040541
NEXUS-5381,0.046725
NEXUS-5380,0.067056
NEXUS-5379,0.018405
NEXUS-5378,0.059647
NEXUS-5377,0.027376
NEXUS-5376,0.065128
NEXUS-5375,0.065605
NEXUS-5374,0.040846
NEXUS-5372,0.019124
NEXUS-5371,0.027376
NEXUS-5370,0.045692
NEXUS-5368,0.095349
NEXUS-5367,0.523907
NEXUS-5366,0.030909
NEXUS-5365,0.365343
NEXUS-5364,0.035948
NEXUS-5363,0.059428
NEXUS-5361,0.077797
NEXUS-5360,0.29343
NEXUS-5359,0.123366
NEXUS-5358,0.082994
NEXUS-5357,0.712832
NEXUS-5356,0.599485
NEXUS-5355,0.077239
NEXUS-5354,0.051845
NEXUS-5353,0.03359
NEXUS-5352,0.015544
NEXUS-5351,0.814938
NEXUS-5350,0.433022
NEXUS-5349,0.64699
NEXUS-5348,0.021615
NEXUS-5347,0.057705
NEXUS-5346,0.147065
NEXUS-5344,0.069542
NEXUS-5343,0.048137
NEXUS-5342,0.060087
NEXUS-5341,0.817574
NEXUS-5338,0.172172
NEXUS-5337,0.082402
NEXUS-5336,0.259075
NEXUS-5335,0.091707
NEXUS-5334,0.146331
NEXUS-5333,0.083292
NEXUS-5332,0.185652
NEXUS-5331,0.094678
NEXUS-5330,0.078926
NEXUS-5329,0.067547
NEXUS-5328,0.154567
NEXUS-5327,0.226784
NEXUS-5326,0.079782
NEXUS-5325,0.150029
NEXUS-5324,0.077518
NEXUS-5323,0.076684
NEXUS-5322,0.087876
NEXUS-5321,0.126353
NEXUS-5320,0.082994
NEXUS-5319,0.06804
NEXUS-5318,0.064418
NEXUS-5317,0.13569
NEXUS-5316,0.110471
NEXUS-5315,0.125065
NEXUS-5314,0.123789
NEXUS-5313,0.160529
NEXUS-5312,0.063715
NEXUS-5311,0.07343
NEXUS-5310,0.482429
NEXUS-5309,0.203708
NEXUS-5308,0.168583
NEXUS-5307,0.845942
NEXUS-5306,0.388618
NEXUS-5305,0.175256
NEXUS-5304,0.2587
NEXUS-5303,0.168036
NEXUS-5302,0.131173
NEXUS-5301,0.17441
NEXUS-5300,0.049589
NEXUS-5299,0.820469
NEXUS-5298,0.044349
NEXUS-5297,0.041462
NEXUS-5296,0.041462
NEXUS-5295,0.032344
NEXUS-5294,0.026759
NEXUS-5293,0.128525
NEXUS-5292,0.063948
NEXUS-5291,0.124213
NEXUS-5290,0.068289
NEXUS-5289,0.020804
NEXUS-5288,0.056444
NEXUS-5287,0.086942
NEXUS-5286,0.790207
NEXUS-5285,0.5
NEXUS-5284,0.023689
NEXUS-5283,0.293759
NEXUS-5281,0.070816
NEXUS-5280,0.07056
NEXUS-5279,0.751283
NEXUS-5278,0.095013
NEXUS-5277,0.038466
NEXUS-5276,0.446977
NEXUS-5275,0.475118
NEXUS-5271,0.027169
NEXUS-5270,0.039639
NEXUS-5267,0.196518
NEXUS-5266,0.227813
NEXUS-5265,0.627152
NEXUS-5264,0.032344
NEXUS-5263,0.638159
NEXUS-5262,0.040238
NEXUS-5261,0.461502
NEXUS-5260,0.657002
NEXUS-5258,0.040846
NEXUS-5257,0.038756
NEXUS-5256,0.045353
NEXUS-5254,0.624179
NEXUS-5253,0.059428
NEXUS-5252,0.017712
NEXUS-5251,0.037892
NEXUS-5250,0.252753
NEXUS-5249,0.029312
NEXUS-5248,0.034881
NEXUS-5247,0.042722
NEXUS-5246,0.851953
NEXUS-5245,0.881207
NEXUS-5244,0.667202
NEXUS-5243,0.048858
NEXUS-5242,0.044349
NEXUS-5241,0.073963
NEXUS-5240,0.072374
NEXUS-5238,0.03359
NEXUS-5236,0.064183
NEXUS-5235,0.624465
NEXUS-5234,0.110088
NEXUS-5233,0.068787
NEXUS-5232,0.070816
NEXUS-5231,0.063251
NEXUS-5230,0.030909
NEXUS-5229,0.021451
NEXUS-5228,0.034359
NEXUS-5227,0.059647
NEXUS-5226,0.788257
NEXUS-5225,0.078926
NEXUS-5224,0.218669
NEXUS-5223,0.731634
NEXUS-5222,0.38445
NEXUS-5221,0.675978
NEXUS-5220,0.664486
NEXUS-5219,0.038756
NEXUS-5218,0.035679
NEXUS-5217,0.625781
NEXUS-5216,0.066812
NEXUS-5215,0.030215
NEXUS-5214,0.770119
NEXUS-5212,0.410638
NEXUS-5211,0.924688
NEXUS-5210,0.061199
NEXUS-5209,0.831691
NEXUS-5208,0.194062
NEXUS-5206,0.073165
NEXUS-5205,0.045692
NEXUS-5204,0.207857
NEXUS-5203,0.019419
NEXUS-5202,0.055413
NEXUS-5201,0.045016
NEXUS-5200,0.259544
NEXUS-5199,0.226784
NEXUS-5198,0.154058
NEXUS-5197,0.044681
NEXUS-5196,0.24726
NEXUS-5195,0.078642
NEXUS-5194,0.225246
NEXUS-5193,0.023689
NEXUS-5192,0.4436
NEXUS-5191,0.072374
NEXUS-5190,0.184473
NEXUS-5189,0.462473
NEXUS-5188,0.549641
NEXUS-5187,0.082994
NEXUS-5186,0.138928
NEXUS-5185,0.319015
NEXUS-5184,0.101233
NEXUS-5183,0.23634
NEXUS-5182,0.029091
NEXUS-5181,0.257392
NEXUS-5180,0.700485
NEXUS-5179,0.388618
NEXUS-5178,0.023509
NEXUS-5177,0.180395
NEXUS-5176,0.07921
NEXUS-5175,0.541894
NEXUS-5174,0.756717
NEXUS-5173,0.095687
NEXUS-5172,0.560012
NEXUS-5171,0.848471
NEXUS-5170,0.228845
NEXUS-5169,0.767341
NEXUS-5168,0.020804
NEXUS-5167,0.877896
NEXUS-5166,0.060752
NEXUS-5165,0.05301
NEXUS-5164,0.056444
NEXUS-5163,0.077518
NEXUS-5162,0.017577
NEXUS-5161,0.025565
NEXUS-5160,0.801936
NEXUS-5159,0.595257
NEXUS-5158,0.560012
NEXUS-5156,0.030215
NEXUS-5155,0.214691
NEXUS-5153,0.018689
NEXUS-5152,0.044681
NEXUS-5151,0.358353
NEXUS-5149,0.045016
NEXUS-5148,0.017442
NEXUS-5147,0.086942
NEXUS-5146,0.035145
NEXUS-5145,0.117572
NEXUS-5143,0.018125
NEXUS-5142,0.078078
NEXUS-5141,0.07921
NEXUS-5140,0.637539
NEXUS-5138,0.044349
NEXUS-5137,0.170508
NEXUS-5136,0.22919
NEXUS-5135,0.052231
NEXUS-5134,0.042404
NEXUS-5133,0.063482
NEXUS-5132,0.053403
NEXUS-5131,0.05301
NEXUS-5130,0.081228
NEXUS-5129,0.036494
NEXUS-5128,0.024988
NEXUS-5127,0.131619
NEXUS-5126,0.052231
NEXUS-5125,0.018125
NEXUS-5124,0.075312
NEXUS-5123,0.873215
NEXUS-5122,0.06489
NEXUS-5121,0.132066
NEXUS-5120,0.077239
NEXUS-5119,0.053999
NEXUS-5118,0.868827
NEXUS-5117,0.046725
NEXUS-5116,0.015306
NEXUS-5114,0.052619
NEXUS-5113,0.054199
NEXUS-5112,0.087564
NEXUS-5111,0.095687
NEXUS-5110,0.026355
NEXUS-5109,0.129403
NEXUS-5108,0.05921
NEXUS-5107,0.036769
NEXUS-5106,0.064653
NEXUS-5105,0.902952
NEXUS-5104,0.131173
NEXUS-5103,0.035679
NEXUS-5102,0.543833
NEXUS-5101,0.040846
NEXUS-5100,0.119614
NEXUS-5099,0.075585
NEXUS-5098,0.457137
NEXUS-5097,0.518546
NEXUS-5096,0.771499
NEXUS-5095,0.040238
NEXUS-5094,0.467818
NEXUS-5093,0.659076
NEXUS-5092,0.314419
NEXUS-5091,0.289623
NEXUS-5090,0.204025
NEXUS-5089,0.564339
NEXUS-5088,0.781664
NEXUS-5087,0.500977
NEXUS-5086,0.775265
NEXUS-5085,0.778986
NEXUS-5084,0.749821
NEXUS-5083,0.269422
NEXUS-5082,0.598782
NEXUS-5081,0.420124
NEXUS-5080,0.258513
NEXUS-5079,0.032837
NEXUS-5078,0.147555
NEXUS-5077,0.522446
NEXUS-5076,0.152537
NEXUS-5075,0.239883
NEXUS-5074,0.070049
NEXUS-5073,0.06804
NEXUS-5072,0.011245
NEXUS-5071,0.057493
NEXUS-5070,0.690142
NEXUS-5069,0.038466
NEXUS-5068,0.021781
NEXUS-5067,0.313965
NEXUS-5066,0.038466
NEXUS-5065,0.197135
NEXUS-5064,0.095013
NEXUS-5063,0.772187
NEXUS-5062,0.633354
NEXUS-5061,0.776284
NEXUS-5060,0.023871
NEXUS-5059,0.017712
NEXUS-5058,0.108945
NEXUS-5057,0.017986
NEXUS-5056,0.049959
NEXUS-5055,0.084191
NEXUS-5054,0.83868
NEXUS-5053,0.224906
NEXUS-5052,0.02976
NEXUS-5051,0.27973
NEXUS-5050,0.115961
NEXUS-5049,0.024798
NEXUS-5048,0.026964
NEXUS-5047,0.26588
NEXUS-5046,0.388618
NEXUS-5045,0.482917
NEXUS-5044,0.821044
NEXUS-5043,0.038756
NEXUS-5042,0.03359
NEXUS-5041,0.357231
NEXUS-5040,0.070049
NEXUS-5039,0.089137
NEXUS-5038,0.048496
NEXUS-5037,0.033844
NEXUS-5036,0.042722
NEXUS-5035,0.046034
NEXUS-5034,0.056236
NEXUS-5033,0.137301
NEXUS-5032,0.067056
NEXUS-5031,0.519034
NEXUS-5030,0.393968
NEXUS-5029,0.347703
NEXUS-5028,0.218003
NEXUS-5027,0.764188
NEXUS-5026,0.037327
NEXUS-5025,0.06256
NEXUS-5024,0.036769
NEXUS-5023,0.022457
NEXUS-5022,0.062103
NEXUS-5021,0.072374
NEXUS-5020,0.07921
NEXUS-5019,0.040846
NEXUS-5018,0.092688
NEXUS-5017,0.784649
NEXUS-5016,0.083292
NEXUS-5015,0.09739
NEXUS-5014,0.103386
NEXUS-5013,0.605799
NEXUS-5012,0.053403
NEXUS-5011,0.022286
NEXUS-5009,0.097048
NEXUS-5008,0.021948
NEXUS-5007,0.72952
NEXUS-5006,0.111628
NEXUS-5005,0.16398
NEXUS-5004,0.126785
NEXUS-5003,0.62561
NEXUS-5002,0.346099
NEXUS-5001,0.058777
NEXUS-5000,0.050705
NEXUS-4999,0.766992
NEXUS-4998,0.026355
NEXUS-4997,0.110471
NEXUS-4996,0.044349
NEXUS-4995,0.075041
NEXUS-4994,0.116764
NEXUS-4993,0.091382
NEXUS-4992,0.081228
NEXUS-4991,0.114369
NEXUS-4990,0.061424
NEXUS-4989,0.122523
NEXUS-4988,0.091058
NEXUS-4987,0.103386
NEXUS-4986,0.80502
NEXUS-4985,0.051845
NEXUS-4984,0.042404
NEXUS-4983,0.058132
NEXUS-4981,0.078926
NEXUS-4980,0.041774
NEXUS-4979,0.0538
NEXUS-4978,0.073963
NEXUS-4977,0.04778
NEXUS-4976,0.340321
NEXUS-4975,0.766992
NEXUS-4974,0.039343
NEXUS-4973,0.359589
NEXUS-4972,0.469277
NEXUS-4971,0.790207
NEXUS-4970,0.069542
NEXUS-4969,0.058993
NEXUS-4968,0.064418
NEXUS-4967,0.777975
NEXUS-4966,0.037609
NEXUS-4965,0.133641
NEXUS-4964,0.133641
NEXUS-4963,0.040541
NEXUS-4962,0.466846
NEXUS-4961,0.648355
NEXUS-4960,0.739799
NEXUS-4959,0.231093
NEXUS-4958,0.06165
NEXUS-4957,0.02976
NEXUS-4956,0.047426
NEXUS-4955,0.040846
NEXUS-4954,0.14247
NEXUS-4953,0.063948
NEXUS-4952,0.053403
NEXUS-4951,0.051463
NEXUS-4950,0.023509
NEXUS-4949,0.043366
NEXUS-4948,0.045353
NEXUS-4947,0.03622
NEXUS-4946,0.093347
NEXUS-4945,0.050705
NEXUS-4943,0.927888
NEXUS-4942,0.654067
NEXUS-4941,0.622574
NEXUS-4940,0.079782
NEXUS-4939,0.123366
NEXUS-4938,0.064653
NEXUS-4937,0.042722
NEXUS-4936,0.401453
NEXUS-4935,0.203391
NEXUS-4934,0.099821
NEXUS-4933,0.081813
NEXUS-4932,0.068537
NEXUS-4931,0.123366
NEXUS-4930,0.067793
NEXUS-4929,0.072637
NEXUS-4928,0.045353
NEXUS-4927,0.025761
NEXUS-4926,0.104477
NEXUS-4925,0.049589
NEXUS-4924,0.040541
NEXUS-4923,0.065366
NEXUS-4922,0.062789
NEXUS-4921,0.073696
NEXUS-4920,0.189221
NEXUS-4919,0.054601
NEXUS-4918,0.083292
NEXUS-4917,0.856332
NEXUS-4916,0.156105
NEXUS-4915,0.658486
NEXUS-4914,0.06804
NEXUS-4913,0.345105
NEXUS-4912,0.203391
NEXUS-4911,0.064183
NEXUS-4910,0.037327
NEXUS-4909,0.773559
NEXUS-4908,0.067793
NEXUS-4907,0.642313
NEXUS-4906,0.317069
NEXUS-4905,0.031144
NEXUS-4904,0.070816
NEXUS-4903,0.5564
NEXUS-4902,0.042404
NEXUS-4901,0.130285
NEXUS-4900,0.038756
NEXUS-4898,0.149035
NEXUS-4897,0.032344
NEXUS-4895,0.076961
NEXUS-4894,0.080069
NEXUS-4893,0.038178
NEXUS-4892,0.080357
NEXUS-4891,0.110088
NEXUS-4890,0.13707
NEXUS-4889,0.166404
NEXUS-4888,0.235812
NEXUS-4887,0.124639
NEXUS-4886,0.223038
NEXUS-4885,0.050705
NEXUS-4883,0.068289
NEXUS-4882,0.057493
NEXUS-4881,0.707809
NEXUS-4880,0.043691
NEXUS-4879,0.095687
NEXUS-4878,0.079496
NEXUS-4877,0.041462
NEXUS-4876,0.032101
NEXUS-4875,0.032344
NEXUS-4873,0.018689
NEXUS-4872,0.45641
NEXUS-4871,0.112016
NEXUS-4870,0.120026
NEXUS-4869,0.174973
NEXUS-4868,0.035145
NEXUS-4867,0.024988
NEXUS-4866,0.060308
NEXUS-4865,0.610918
NEXUS-4864,0.108945
NEXUS-4863,0.065366
NEXUS-4862,0.037609
NEXUS-4860,0.030444
NEXUS-4859,0.075858
NEXUS-4857,0.324878
NEXUS-4855,0.157396
NEXUS-4854,0.029312
NEXUS-4853,0.015425
NEXUS-4852,0.045016
NEXUS-4851,0.158956
NEXUS-4850,0.043366
NEXUS-4849,0.04778
NEXUS-4848,0.082107
NEXUS-4847,0.688049
NEXUS-4846,0.049222
NEXUS-4845,0.4917
NEXUS-4844,0.561455
NEXUS-4843,0.350699
NEXUS-4842,0.564339
NEXUS-4840,0.03138
NEXUS-4839,0.027376
NEXUS-4838,0.045692
NEXUS-4837,0.040541
NEXUS-4836,0.042722
NEXUS-4835,0.035411
NEXUS-4834,0.807461
NEXUS-4832,0.07343
NEXUS-4831,0.056862
NEXUS-4830,0.056652
NEXUS-4829,0.06489
NEXUS-4828,0.022977
NEXUS-4827,0.022977
NEXUS-4826,0.544317
NEXUS-4825,0.028008
NEXUS-4824,0.039343
NEXUS-4823,0.068787
NEXUS-4822,0.657016
NEXUS-4821,0.049222
NEXUS-4820,0.056444
NEXUS-4818,0.381911
NEXUS-4817,0.016153
NEXUS-4815,0.562657
NEXUS-4814,0.029535
NEXUS-4813,0.041153
NEXUS-4812,0.060529
NEXUS-4811,0.077797
NEXUS-4810,0.305231
NEXUS-4809,0.085709
NEXUS-4807,0.068537
NEXUS-4806,0.705886
NEXUS-4805,0.088505
NEXUS-4804,0.075858
NEXUS-4803,0.014842
NEXUS-4802,0.043366
NEXUS-4801,0.048496
NEXUS-4800,0.06489
NEXUS-4799,0.039937
NEXUS-4798,0.22919
NEXUS-4797,0.023689
NEXUS-4796,0.065366
NEXUS-4795,0.666008
NEXUS-4794,0.220678
NEXUS-4793,0.069542
NEXUS-4792,0.829492
NEXUS-4791,0.356447
NEXUS-4790,0.090093
NEXUS-4789,0.084191
NEXUS-4788,0.057282
NEXUS-4787,0.706596
NEXUS-4786,0.128525
NEXUS-4785,0.05921
NEXUS-4784,0.040846
NEXUS-4783,0.013223
NEXUS-4782,0.640327
NEXUS-4781,0.049589
NEXUS-4780,0.052619
NEXUS-4779,0.057705
NEXUS-4778,0.042088
NEXUS-4777,0.035145
NEXUS-4776,0.040846
NEXUS-4775,0.116362
NEXUS-4774,0.09739
NEXUS-4773,0.071851
NEXUS-4772,0.913368
NEXUS-4771,0.042722
NEXUS-4770,0.049222
NEXUS-4769,0.159217
NEXUS-4768,0.026355
NEXUS-4767,0.073963
NEXUS-4766,0.050331
NEXUS-4765,0.856332
NEXUS-4764,0.058346
NEXUS-4763,0.090414
NEXUS-4762,0.040846
NEXUS-4760,0.027796
NEXUS-4759,0.034619
NEXUS-4758,0.096365
NEXUS-4756,0.797241
NEXUS-4755,0.895888
NEXUS-4754,0.023509
NEXUS-4753,0.673406
NEXUS-4752,0.604983
NEXUS-4751,0.0341
NEXUS-4750,0.055209
NEXUS-4749,0.038178
NEXUS-4748,0.078078
NEXUS-4747,0.331444
NEXUS-4746,0.058993
NEXUS-4745,0.814938
NEXUS-4744,0.066327
NEXUS-4743,0.046034
NEXUS-4742,0.104477
NEXUS-4741,0.083591
NEXUS-4740,0.045016
NEXUS-4739,0.035679
NEXUS-4738,0.043691
NEXUS-4737,0.172729
NEXUS-4736,0.039937
NEXUS-4735,0.053206
NEXUS-4734,0.033844
NEXUS-4733,0.112016
NEXUS-4732,0.081813
NEXUS-4731,0.625781
NEXUS-4730,0.131619
NEXUS-4728,0.117978
NEXUS-4727,0.048137
NEXUS-4726,0.867485
NEXUS-4725,0.115961
NEXUS-4724,0.385953
NEXUS-4723,0.932944
NEXUS-4722,0.094343
NEXUS-4721,0.027796
NEXUS-4720,0.628065
NEXUS-4719,0.078078
NEXUS-4716,0.029091
NEXUS-4715,0.060529
NEXUS-4714,0.055618
NEXUS-4713,0.040238
NEXUS-4712,0.544317
NEXUS-4711,0.042404
NEXUS-4710,0.841826
NEXUS-4709,0.087252
NEXUS-4708,0.429908
NEXUS-4707,0.477554
NEXUS-4706,0.051083
NEXUS-4705,0.041774
NEXUS-4704,0.034619
NEXUS-4703,0.042088
NEXUS-4702,0.530723
NEXUS-4701,0.585812
NEXUS-4700,0.040846
NEXUS-4699,0.049222
NEXUS-4698,0.925769
NEXUS-4697,0.067793
NEXUS-4696,0.115961
NEXUS-4695,0.09401
NEXUS-4694,0.160003
NEXUS-4693,0.245266
NEXUS-4692,0.787931
NEXUS-4691,0.049959
NEXUS-4690,0.057493
NEXUS-4689,0.903975
NEXUS-4688,0.33012
NEXUS-4684,0.059866
NEXUS-4683,0.115561
NEXUS-4682,0.865679
NEXUS-4681,0.046725
NEXUS-4680,0.042722
NEXUS-4679,0.025179
NEXUS-4678,0.061424
NEXUS-4677,0.335296
NEXUS-4676,0.085709
NEXUS-4675,0.043366
NEXUS-4674,0.022803
NEXUS-4673,0.075312
NEXUS-4672,0.065366
NEXUS-4671,0.054199
NEXUS-4670,0.735452
NEXUS-4669,0.041153
NEXUS-4668,0.721351
NEXUS-4667,0.105211
NEXUS-4662,0.048858
NEXUS-4661,0.054803
NEXUS-4660,0.865679
NEXUS-4659,0.122944
NEXUS-4658,0.038756
NEXUS-4657,0.57344
NEXUS-4656,0.043366
NEXUS-4655,0.055209
NEXUS-4654,0.029535
NEXUS-4653,0.129843
NEXUS-4652,0.836555
NEXUS-4651,0.182717
NEXUS-4650,0.873215
NEXUS-4649,0.065605
NEXUS-4648,0.057071
NEXUS-4647,0.402627
NEXUS-4646,0.765593
NEXUS-4645,0.032837
NEXUS-4644,0.282741
NEXUS-4643,0.051083
NEXUS-4642,0.025371
NEXUS-4641,0.092688
NEXUS-4640,0.05301
NEXUS-4639,0.022977
NEXUS-4638,0.037609
NEXUS-4637,0.040541
NEXUS-4636,0.917598
NEXUS-4635,0.216674
NEXUS-4634,0.014729
NEXUS-4633,0.072637
NEXUS-4632,0.089455
NEXUS-4631,0.145358
NEXUS-4630,0.350644
NEXUS-4629,0.033086
NEXUS-4628,0.469277
NEXUS-4627,0.867036
NEXUS-4626,0.052231
NEXUS-4625,0.902266
NEXUS-4624,0.052619
NEXUS-4623,0.029312
NEXUS-4622,0.029312
NEXUS-4621,0.551091
NEXUS-4619,0.846451
NEXUS-4618,0.847968
NEXUS-4617,0.017309
NEXUS-4616,0.081813
NEXUS-4614,0.077518
NEXUS-4613,0.654301
NEXUS-4612,0.432063
NEXUS-4611,0.063715
NEXUS-4610,0.058132
NEXUS-4609,0.042404
NEXUS-4605,0.78695
NEXUS-4604,0.495117
NEXUS-4603,0.162912
NEXUS-4602,0.102305
NEXUS-4601,0.724481
NEXUS-4600,0.065605
NEXUS-4599,0.033844
NEXUS-4598,0.053403
NEXUS-4597,0.039639
NEXUS-4596,0.116764
NEXUS-4595,0.069038
NEXUS-4594,0.042722
NEXUS-4593,0.069038
NEXUS-4592,0.647213
NEXUS-4591,0.040846
NEXUS-4590,0.040238
NEXUS-4589,0.051083
NEXUS-4588,0.047426
NEXUS-4587,0.770465
NEXUS-4586,0.041462
NEXUS-4585,0.033086
NEXUS-4584,0.593374
NEXUS-4583,0.022629
NEXUS-4582,0.180684
NEXUS-4581,0.034881
NEXUS-4580,0.668204
NEXUS-4579,0.369088
NEXUS-4578,0.17441
NEXUS-4577,0.043691
NEXUS-4576,0.103386
NEXUS-4575,0.048858
NEXUS-4574,0.068537
NEXUS-4573,0.701304
NEXUS-4571,0.737914
NEXUS-4570,0.043691
NEXUS-4569,0.292924
NEXUS-4568,0.039048
NEXUS-4567,0.063715
NEXUS-4566,0.065845
NEXUS-4565,0.035145
NEXUS-4564,0.030444
NEXUS-4563,0.037892
NEXUS-4562,0.054199
NEXUS-4560,0.052619
NEXUS-4559,0.86431
NEXUS-4558,0.055209
NEXUS-4557,0.186243
NEXUS-4556,0.742048
NEXUS-4555,0.765243
NEXUS-4554,0.048858
NEXUS-4553,0.073165
NEXUS-4552,0.04778
NEXUS-4551,0.041153
NEXUS-4550,0.044681
NEXUS-4549,0.057071
NEXUS-4548,0.043366
NEXUS-4547,0.029312
NEXUS-4546,0.036494
NEXUS-4545,0.051845
NEXUS-4544,0.742608
NEXUS-4543,0.056444
NEXUS-4542,0.13707
NEXUS-4541,0.058346
NEXUS-4540,0.105948
NEXUS-4539,0.121269
NEXUS-4538,0.046378
NEXUS-4537,0.069542
NEXUS-4536,0.047074
NEXUS-4535,0.466846
NEXUS-4534,0.053999
NEXUS-4533,0.054399
NEXUS-4532,0.070816
NEXUS-4531,0.117572
NEXUS-4530,0.029312
NEXUS-4529,0.065605
NEXUS-4528,0.099821
NEXUS-4527,0.827828
NEXUS-4526,0.046725
NEXUS-4524,0.449634
NEXUS-4523,0.419172
NEXUS-4522,0.313945
NEXUS-4521,0.061424
NEXUS-4520,0.039048
NEXUS-4519,0.056652
NEXUS-4518,0.0745
NEXUS-4517,0.075041
NEXUS-4516,0.197754
NEXUS-4515,0.048858
NEXUS-4514,0.753104
NEXUS-4513,0.040238
NEXUS-4512,0.132515
NEXUS-4511,0.248352
NEXUS-4510,0.184327
NEXUS-4509,0.118793
NEXUS-4508,0.780662
NEXUS-4507,0.044019
NEXUS-4506,0.039937
NEXUS-4505,0.096025
NEXUS-4504,0.061424
NEXUS-4503,0.513668
NEXUS-4502,0.070049
NEXUS-4501,0.037047
NEXUS-4500,0.54819
NEXUS-4499,0.05921
NEXUS-4498,0.680772
NEXUS-4497,0.041774
NEXUS-4494,0.110088
NEXUS-4493,0.459561
NEXUS-4492,0.482917
NEXUS-4491,0.025565
NEXUS-4490,0.022629
NEXUS-4489,0.627038
NEXUS-4488,0.059647
NEXUS-4487,0.075312
NEXUS-4486,0.120439
NEXUS-4485,0.027796
NEXUS-4484,0.054803
NEXUS-4483,0.049222
NEXUS-4482,0.739799
NEXUS-4481,0.845942
NEXUS-4480,0.058561
NEXUS-4479,0.537527
NEXUS-4478,0.346541
NEXUS-4477,0.046378
NEXUS-4476,0.06804
NEXUS-4475,0.02976
NEXUS-4474,0.048858
NEXUS-4473,0.059647
NEXUS-4472,0.044681
NEXUS-4471,0.046034
NEXUS-4470,0.056862
NEXUS-4469,0.100172
NEXUS-4468,0.27048
NEXUS-4467,0.039048
NEXUS-4466,0.043043
NEXUS-4465,0.025371
NEXUS-4464,0.065605
NEXUS-4463,0.069542
NEXUS-4462,0.083292
NEXUS-4461,0.080357
NEXUS-4460,0.089455
NEXUS-4459,0.037609
NEXUS-4458,0.122523
NEXUS-4457,0.054199
NEXUS-4456,0.042404
NEXUS-4455,0.037327
NEXUS-4454,0.020804
NEXUS-4453,0.049959
NEXUS-4452,0.572006
NEXUS-4451,0.597021
NEXUS-4450,0.566738
NEXUS-4449,0.704364
NEXUS-4448,0.043366
NEXUS-4447,0.110471
NEXUS-4446,0.513668
NEXUS-4445,0.043043
NEXUS-4444,0.051845
NEXUS-4443,0.902266
NEXUS-4442,0.072374
NEXUS-4441,0.044019
NEXUS-4440,0.033844
NEXUS-4439,0.095013
NEXUS-4438,0.035679
NEXUS-4437,0.048496
NEXUS-4436,0.223886
NEXUS-4435,0.120853
NEXUS-4434,0.085709
NEXUS-4433,0.867036
NEXUS-4432,0.920218
NEXUS-4431,0.051845
NEXUS-4429,0.069289
NEXUS-4428,0.128088
NEXUS-4427,0.579638
NEXUS-4426,0.052231
NEXUS-4425,0.031859
NEXUS-4424,0.041774
NEXUS-4423,0.811676
NEXUS-4422,0.043043
NEXUS-4420,0.061876
NEXUS-4419,0.043366
NEXUS-4418,0.03138
NEXUS-4417,0.079782
NEXUS-4416,0.145601
NEXUS-4415,0.028871
NEXUS-4414,0.05921
NEXUS-4413,0.043366
NEXUS-4412,0.186836
NEXUS-4411,0.367384
NEXUS-4410,0.075312
NEXUS-4409,0.538012
NEXUS-4408,0.107813
NEXUS-4407,0.147065
NEXUS-4406,0.368292
NEXUS-4405,0.86293
NEXUS-4404,0.884439
NEXUS-4402,0.446977
NEXUS-4401,0.403802
NEXUS-4400,0.496582
NEXUS-4399,0.337749
NEXUS-4398,0.069289
NEXUS-4397,0.386069
NEXUS-4396,0.685844
NEXUS-4395,0.053403
NEXUS-4394,0.189821
NEXUS-4393,0.046725
NEXUS-4392,0.025179
NEXUS-4391,0.026759
NEXUS-4390,0.029535
NEXUS-4389,0.034359
NEXUS-4388,0.067547
NEXUS-4387,0.035679
NEXUS-4386,0.076961
NEXUS-4385,0.020489
NEXUS-4384,0.015189
NEXUS-4383,0.036769
NEXUS-4382,0.063715
NEXUS-4381,0.033086
NEXUS-4380,0.034619
NEXUS-4379,0.05301
NEXUS-4378,0.056444
NEXUS-4377,0.028221
NEXUS-4376,0.035679
NEXUS-4375,0.025957
NEXUS-4374,0.029535
NEXUS-4373,0.785966
NEXUS-4372,0.133415
NEXUS-4371,0.033844
NEXUS-4370,0.075041
NEXUS-4369,0.056862
NEXUS-4368,0.025761
NEXUS-4365,0.030215
NEXUS-4364,0.014282
NEXUS-4363,0.01653
NEXUS-4362,0.094678
NEXUS-4361,0.056652
NEXUS-4360,0.049589
NEXUS-4359,0.139396
NEXUS-4358,0.108945
NEXUS-4357,0.657593
NEXUS-4356,0.071074
NEXUS-4355,0.055823
NEXUS-4354,0.032101
NEXUS-4353,0.181844
NEXUS-4352,0.124639
NEXUS-4351,0.105579
NEXUS-4350,0.578686
NEXUS-4349,0.07477
NEXUS-4348,0.077239
NEXUS-4347,0.031619
NEXUS-4346,0.066569
NEXUS-4345,0.130729
NEXUS-4344,0.101947
NEXUS-4343,0.277571
NEXUS-4342,0.181263
NEXUS-4341,0.100172
NEXUS-4340,0.62395
NEXUS-4339,0.143908
NEXUS-4338,0.138462
NEXUS-4337,0.863852
NEXUS-4336,0.070049
NEXUS-4335,0.071074
NEXUS-4334,0.086016
NEXUS-4333,0.177241
NEXUS-4332,0.076684
NEXUS-4331,0.484868
NEXUS-4330,0.048137
NEXUS-4329,0.065845
NEXUS-4328,0.092688
NEXUS-4327,0.060975
NEXUS-4326,0.297317
NEXUS-4325,0.044349
NEXUS-4324,0.057918
NEXUS-4323,0.02976
NEXUS-4322,0.086942
NEXUS-4321,0.070304
NEXUS-4320,0.044019
NEXUS-4319,0.047426
NEXUS-4318,0.086942
NEXUS-4317,0.269999
NEXUS-4316,0.404743
NEXUS-4315,0.582966
NEXUS-4314,0.854885
NEXUS-4313,0.538012
NEXUS-4312,0.090093
NEXUS-4311,0.042722
NEXUS-4310,0.221014
NEXUS-4309,0.03259
NEXUS-4308,0.052619
NEXUS-4307,0.707
NEXUS-4306,0.070304
NEXUS-4305,0.250363
NEXUS-4304,0.38168
NEXUS-4303,0.792143
NEXUS-4302,0.143188
NEXUS-4301,0.479991
NEXUS-4300,0.864768
NEXUS-4299,0.06804
NEXUS-4297,0.076684
NEXUS-4296,0.785638
NEXUS-4295,0.787278
NEXUS-4294,0.048137
NEXUS-4293,0.33372
NEXUS-4292,0.57821
NEXUS-4291,0.085404
NEXUS-4290,0.121686
NEXUS-4288,0.017309
NEXUS-4287,0.040541
NEXUS-4286,0.039048
NEXUS-4285,0.101947
NEXUS-4284,0.025957
NEXUS-4282,0.019419
NEXUS-4281,0.075858
NEXUS-4280,0.623377
NEXUS-4278,0.076684
NEXUS-4277,0.040846
NEXUS-4276,0.075585
NEXUS-4275,0.030215
NEXUS-4274,0.024423
NEXUS-4273,0.05301
NEXUS-4272,0.108945
NEXUS-4271,0.035411
NEXUS-4270,0.020332
NEXUS-4269,0.539469
NEXUS-4268,0.125923
NEXUS-4267,0.029535
NEXUS-4266,0.373876
NEXUS-4265,0.08152
NEXUS-4264,0.057918
NEXUS-4263,0.075585
NEXUS-4262,0.052619
NEXUS-4261,0.071332
NEXUS-4260,0.017309
NEXUS-4259,0.042722
NEXUS-4258,0.067056
NEXUS-4257,0.03622
NEXUS-4256,0.887595
NEXUS-4255,0.036494
NEXUS-4254,0.614047
NEXUS-4253,0.761006
NEXUS-4252,0.059428
NEXUS-4251,0.098079
NEXUS-4250,0.039639
NEXUS-4249,0.035145
NEXUS-4248,0.066569
NEXUS-4247,0.077797
NEXUS-4246,0.128963
NEXUS-4245,0.101233
NEXUS-4244,0.030215
NEXUS-4243,0.414425
NEXUS-4242,0.721154
NEXUS-4241,0.025761
NEXUS-4240,0.097048
NEXUS-4239,0.052619
NEXUS-4238,0.037327
NEXUS-4237,0.049589
NEXUS-4236,0.041462
NEXUS-4235,0.826151
NEXUS-4234,0.072637
NEXUS-4233,0.195902
NEXUS-4232,0.800692
NEXUS-4231,0.07836
NEXUS-4230,0.040541
NEXUS-4229,0.044349
NEXUS-4228,0.070304
NEXUS-4227,0.240596
NEXUS-4226,0.067301
NEXUS-4225,0.063948
NEXUS-4224,0.106319
NEXUS-4223,0.059647
NEXUS-4221,0.058993
NEXUS-4220,0.051845
NEXUS-4219,0.112016
NEXUS-4218,0.822759
NEXUS-4217,0.032837
NEXUS-4216,0.034881
NEXUS-4215,0.048496
NEXUS-4214,0.053403
NEXUS-4213,0.020332
NEXUS-4211,0.031859
NEXUS-4209,0.054803
NEXUS-4208,0.057071
NEXUS-4207,0.311113
NEXUS-4206,0.225587
NEXUS-4205,0.722527
NEXUS-4204,0.304093
NEXUS-4203,0.09739
NEXUS-4202,0.024798
NEXUS-4201,0.094343
NEXUS-4200,0.600423
NEXUS-4199,0.077518
NEXUS-4198,0.086632
NEXUS-4197,0.018264
NEXUS-4196,0.01653
NEXUS-4195,0.067056
NEXUS-4194,0.03622
NEXUS-4193,0.048496
NEXUS-4192,0.080357
NEXUS-4191,0.638497
NEXUS-4190,0.615203
NEXUS-4189,0.045016
NEXUS-4188,0.051083
NEXUS-4186,0.144149
NEXUS-4185,0.020177
NEXUS-4184,0.046378
NEXUS-4183,0.81582
NEXUS-4182,0.039937
NEXUS-4181,0.629775
NEXUS-4180,0.742235
NEXUS-4179,0.589126
NEXUS-4178,0.107063
NEXUS-4177,0.047426
NEXUS-4176,0.039639
NEXUS-4175,0.101233
NEXUS-4174,0.751283
NEXUS-4173,0.074231
NEXUS-4172,0.715225
NEXUS-4171,0.051463
NEXUS-4170,0.057705
NEXUS-4169,0.038466
NEXUS-4168,0.044349
NEXUS-4166,0.023153
NEXUS-4165,0.039937
NEXUS-4164,0.04778
NEXUS-4163,0.042722
NEXUS-4162,0.148047
NEXUS-4161,0.034359
NEXUS-4160,0.198375
NEXUS-4159,0.031619
NEXUS-4158,0.060752
NEXUS-4157,0.035948
NEXUS-4155,0.031144
NEXUS-4154,0.398406
NEXUS-4153,0.061876
NEXUS-4152,0.034359
NEXUS-4151,0.052231
NEXUS-4150,0.031144
NEXUS-4149,0.039639
NEXUS-4148,0.073696
NEXUS-4147,0.069795
NEXUS-4146,0.050331
NEXUS-4145,0.089773
NEXUS-4144,0.060308
NEXUS-4143,0.08882
NEXUS-4142,0.049959
NEXUS-4141,0.025957
NEXUS-4140,0.025371
NEXUS-4139,0.033086
NEXUS-4138,0.038466
NEXUS-4137,0.020646
NEXUS-4136,0.089455
NEXUS-4135,0.029535
NEXUS-4134,0.050331
NEXUS-4133,0.189821
NEXUS-4132,0.047426
NEXUS-4131,0.606964
NEXUS-4130,0.507812
NEXUS-4129,0.028871
NEXUS-4128,0.038756
NEXUS-4127,0.398875
NEXUS-4126,0.044681
NEXUS-4125,0.029535
NEXUS-4124,0.121269
NEXUS-4123,0.024238
NEXUS-4122,0.027585
NEXUS-4121,0.068289
NEXUS-4120,0.09236
NEXUS-4119,0.031619
NEXUS-4118,0.065845
NEXUS-4117,0.036769
NEXUS-4116,0.041153
NEXUS-4115,0.050705
NEXUS-4114,0.302185
NEXUS-4113,0.039639
NEXUS-4112,0.070304
NEXUS-4111,0.056444
NEXUS-4110,0.021948
NEXUS-4109,0.03622
NEXUS-4108,0.041153
NEXUS-4107,0.056236
NEXUS-4106,0.037047
NEXUS-4105,0.039343
NEXUS-4104,0.02461
NEXUS-4103,0.046725
NEXUS-4102,0.019569
NEXUS-4101,0.107063
NEXUS-4100,0.038466
NEXUS-4099,0.041774
NEXUS-4098,0.023689
NEXUS-4096,0.028436
NEXUS-4095,0.037047
NEXUS-4094,0.141756
NEXUS-4093,0.012625
NEXUS-4092,0.054199
NEXUS-4091,0.015073
NEXUS-4090,0.051845
NEXUS-4089,0.044681
NEXUS-4088,0.035145
NEXUS-4087,0.040846
NEXUS-4086,0.057918
NEXUS-4085,0.064653
NEXUS-4084,0.050331
NEXUS-4083,0.039343
NEXUS-4082,0.036769
NEXUS-4081,0.053601
NEXUS-4080,0.107813
NEXUS-4079,0.027796
NEXUS-4078,0.116764
NEXUS-4077,0.026759
NEXUS-4076,0.046378
NEXUS-4074,0.049222
NEXUS-4073,0.030676
NEXUS-4072,0.050705
NEXUS-4071,0.052619
NEXUS-4070,0.079496
NEXUS-4069,0.03259
NEXUS-4068,0.065845
NEXUS-4067,0.039937
NEXUS-4066,0.216674
NEXUS-4065,0.683525
NEXUS-4064,0.037609
NEXUS-4063,0.162646
NEXUS-4062,0.040846
NEXUS-4061,0.095013
NEXUS-4060,0.025957
NEXUS-4058,0.231614
NEXUS-4057,0.082402
NEXUS-4056,0.042722
NEXUS-4055,0.064418
NEXUS-4054,0.038178
NEXUS-4053,0.36201
NEXUS-4052,0.292797
NEXUS-4051,0.020804
NEXUS-4050,0.022977
NEXUS-4049,0.08152
NEXUS-4048,0.023509
NEXUS-4047,0.019871
NEXUS-4046,0.057071
NEXUS-4045,0.646349
NEXUS-4044,0.016657
NEXUS-4043,0.063482
NEXUS-4042,0.03359
NEXUS-4041,0.05301
NEXUS-4040,0.042088
NEXUS-4039,0.048137
NEXUS-4038,0.061199
NEXUS-4037,0.091707
NEXUS-4036,0.036769
NEXUS-4035,0.012241
NEXUS-4034,0.051083
NEXUS-4033,0.051083
NEXUS-4032,0.01653
NEXUS-4031,0.019124
NEXUS-4030,0.694095
NEXUS-4028,0.571527
NEXUS-4027,0.753467
NEXUS-4026,0.065845
NEXUS-4025,0.087564
NEXUS-4023,0.011778
NEXUS-4022,0.054399
NEXUS-4021,0.105211
NEXUS-4020,0.087564
NEXUS-4019,0.030215
NEXUS-4018,0.060975
NEXUS-4016,0.025957
NEXUS-4015,0.072637
NEXUS-4014,0.048858
NEXUS-4013,0.039937
NEXUS-4012,0.078642
NEXUS-4011,0.877477
NEXUS-4010,0.027376
NEXUS-4009,0.025761
NEXUS-4008,0.051083
NEXUS-4007,0.080357
NEXUS-4006,0.057705
NEXUS-4005,0.042722
NEXUS-4004,0.917893
NEXUS-4003,0.037892
NEXUS-4002,0.06165
NEXUS-4001,0.169131
NEXUS-4000,0.269037
NEXUS-3999,0.192236
NEXUS-3998,0.067056
NEXUS-3997,0.042722
NEXUS-3996,0.021451
NEXUS-3995,0.142232
NEXUS-3994,0.091707
NEXUS-3993,0.038466
NEXUS-3992,0.039343
NEXUS-3990,0.194062
NEXUS-3989,0.065366
NEXUS-3988,0.137764
NEXUS-3987,0.107437
NEXUS-3986,0.048137
NEXUS-3985,0.114765
NEXUS-3984,0.115162
NEXUS-3982,0.054199
NEXUS-3981,0.060087
NEXUS-3980,0.229018
NEXUS-3979,0.858719
NEXUS-3978,0.039048
NEXUS-3977,0.524395
NEXUS-3976,0.055823
NEXUS-3975,0.068289
NEXUS-3974,0.032837
NEXUS-3973,0.524395
NEXUS-3972,0.103749
NEXUS-3971,0.066327
NEXUS-3970,0.043691
NEXUS-3969,0.02461
NEXUS-3968,0.042404
NEXUS-3967,0.022286
NEXUS-3966,0.033086
NEXUS-3965,0.038756
NEXUS-3964,0.797557
NEXUS-3963,0.316653
NEXUS-3962,0.065845
NEXUS-3961,0.644435
NEXUS-3960,0.874935
NEXUS-3959,0.45181
NEXUS-3958,0.524395
NEXUS-3957,0.075858
NEXUS-3955,0.161849
NEXUS-3954,0.299515
NEXUS-3953,0.221687
NEXUS-3952,0.298594
NEXUS-3951,0.08819
NEXUS-3950,0.519521
NEXUS-3949,0.150528
NEXUS-3948,0.344995
NEXUS-3947,0.093347
NEXUS-3946,0.364099
NEXUS-3945,0.708213
NEXUS-3944,0.634628
NEXUS-3943,0.050705
NEXUS-3942,0.168857
NEXUS-3941,0.359589
NEXUS-3940,0.140572
NEXUS-3939,0.033844
NEXUS-3937,0.021287
NEXUS-3936,0.040238
NEXUS-3935,0.107063
NEXUS-3934,0.05301
NEXUS-3933,0.098079
NEXUS-3932,0.317046
NEXUS-3931,0.071074
NEXUS-3930,0.051463
NEXUS-3929,0.035679
NEXUS-3928,0.13229
NEXUS-3927,0.254416
NEXUS-3926,0.619471
NEXUS-3925,0.06165
NEXUS-3924,0.051083
NEXUS-3923,0.03138
NEXUS-3922,0.055413
NEXUS-3921,0.041462
NEXUS-3920,0.03622
NEXUS-3919,0.481941
NEXUS-3918,0.548432
NEXUS-3917,0.042404
NEXUS-3915,0.042722
NEXUS-3913,0.762424
NEXUS-3912,0.043366
NEXUS-3911,0.044681
NEXUS-3910,0.044681
NEXUS-3909,0.019569
NEXUS-3908,0.128963
NEXUS-3907,0.069795
NEXUS-3905,0.119203
NEXUS-3904,0.122944
NEXUS-3903,0.075585
NEXUS-3902,0.168857
NEXUS-3901,0.071332
NEXUS-3900,0.242385
NEXUS-3899,0.099121
NEXUS-3898,0.095013
NEXUS-3897,0.177811
NEXUS-3896,0.772531
NEXUS-3895,0.787278
NEXUS-3894,0.048496
NEXUS-3893,0.066085
NEXUS-3885,0.671363
NEXUS-3883,0.076961
NEXUS-3882,0.051083
NEXUS-3881,0.082994
NEXUS-3880,0.567457
NEXUS-3879,0.046034
NEXUS-3878,0.036769
NEXUS-3877,0.045353
NEXUS-3876,0.209793
NEXUS-3875,0.710427
NEXUS-3874,0.039937
NEXUS-3873,0.863392
NEXUS-3872,0.065366
NEXUS-3871,0.053206
NEXUS-3870,0.046378
NEXUS-3869,0.619932
NEXUS-3868,0.082697
NEXUS-3867,0.306423
NEXUS-3866,0.073963
NEXUS-3865,0.500488
NEXUS-3864,0.425128
NEXUS-3863,0.762778
NEXUS-3862,0.838151
NEXUS-3861,0.807764
NEXUS-3860,0.629945
NEXUS-3859,0.025179
NEXUS-3858,0.045353
NEXUS-3857,0.035948
NEXUS-3856,0.847968
NEXUS-3855,0.558809
NEXUS-3854,0.165054
NEXUS-3853,0.493653
NEXUS-3852,0.113973
NEXUS-3851,0.108189
NEXUS-3850,0.034619
NEXUS-3849,0.240596
NEXUS-3848,0.600188
NEXUS-3847,0.603231
NEXUS-3846,0.027169
NEXUS-3845,0.279632
NEXUS-3844,0.086632
NEXUS-3843,0.028436
NEXUS-3842,0.040846
NEXUS-3841,0.045353
NEXUS-3840,0.064418
NEXUS-3839,0.285571
NEXUS-3838,0.031144
NEXUS-3837,0.042088
NEXUS-3836,0.075041
NEXUS-3835,0.044019
NEXUS-3833,0.86293
NEXUS-3832,0.098773
NEXUS-3831,0.664785
NEXUS-3830,0.145601
NEXUS-3829,0.086942
NEXUS-3828,0.040846
NEXUS-3827,0.038178
NEXUS-3825,0.070816
NEXUS-3824,0.056862
NEXUS-3823,0.06256
NEXUS-3822,0.350394
NEXUS-3821,0.037047
NEXUS-3820,0.092033
NEXUS-3819,0.425367
NEXUS-3818,0.039343
NEXUS-3817,0.08389
NEXUS-3816,0.801936
NEXUS-3815,0.165863
NEXUS-3814,0.124213
NEXUS-3813,0.021615
NEXUS-3812,0.042722
NEXUS-3811,0.688887
NEXUS-3810,0.863392
NEXUS-3809,0.043691
NEXUS-3808,0.051463
NEXUS-3807,0.03622
NEXUS-3806,0.197135
NEXUS-3805,0.116764
NEXUS-3804,0.045353
NEXUS-3803,0.043691
NEXUS-3802,0.085099
NEXUS-3801,0.331985
NEXUS-3800,0.674962
NEXUS-3799,0.042088
NEXUS-3798,0.034881
NEXUS-3797,0.046725
NEXUS-3796,0.023153
NEXUS-3795,0.030909
NEXUS-3794,0.012432
NEXUS-3793,0.050331
NEXUS-3792,0.030909
NEXUS-3791,0.033844
NEXUS-3790,0.051083
NEXUS-3789,0.312803
NEXUS-3788,0.021451
NEXUS-3787,0.046378
NEXUS-3786,0.662414
NEXUS-3785,0.066327
NEXUS-3784,0.02461
NEXUS-3783,0.695338
NEXUS-3782,0.874077
NEXUS-3781,0.019124
NEXUS-3780,0.028871
NEXUS-3779,0.063948
NEXUS-3778,0.020804
NEXUS-3777,0.026964
NEXUS-3776,0.070304
NEXUS-3775,0.024238
NEXUS-3774,0.330039
NEXUS-3773,0.024798
NEXUS-3772,0.041774
NEXUS-3771,0.015906
NEXUS-3770,0.050705
NEXUS-3769,0.037327
NEXUS-3768,0.018833
NEXUS-3767,0.017442
NEXUS-3766,0.112405
NEXUS-3765,0.465873
NEXUS-3764,0.017045
NEXUS-3763,0.032101
NEXUS-3762,0.021948
NEXUS-3761,0.609989
NEXUS-3760,0.036769
NEXUS-3759,0.481454
NEXUS-3758,0.073165
NEXUS-3757,0.120853
NEXUS-3756,0.019124
NEXUS-3755,0.054199
NEXUS-3754,0.015073
NEXUS-3753,0.017849
NEXUS-3752,0.020023
NEXUS-3751,0.016915
NEXUS-3750,0.07477
NEXUS-3749,0.402157
NEXUS-3748,0.069038
NEXUS-3747,0.795975
NEXUS-3746,0.041462
NEXUS-3745,0.732592
NEXUS-3744,0.037892
NEXUS-3743,0.050705
NEXUS-3742,0.312318
NEXUS-3741,0.104112
NEXUS-3740,0.056236
NEXUS-3739,0.021125
NEXUS-3738,0.075041
NEXUS-3737,0.049589
NEXUS-3736,0.067793
NEXUS-3735,0.042088
NEXUS-3734,0.695441
NEXUS-3733,0.029535
NEXUS-3732,0.477554
NEXUS-3731,0.07343
NEXUS-3730,0.045692
NEXUS-3729,0.100879
NEXUS-3728,0.08389
NEXUS-3726,0.065605
NEXUS-3725,0.525369
NEXUS-3724,0.509764
NEXUS-3723,0.057705
NEXUS-3722,0.028653
NEXUS-3721,0.038178
NEXUS-3720,0.161585
NEXUS-3719,0.027376
NEXUS-3717,0.533641
NEXUS-3716,0.72487
NEXUS-3715,0.495117
NEXUS-3714,0.538012
NEXUS-3713,0.026964
NEXUS-3711,0.028436
NEXUS-3710,0.078078
NEXUS-3709,0.819026
NEXUS-3707,0.050331
NEXUS-3706,0.040846
NEXUS-3705,0.0729
NEXUS-3704,0.225929
NEXUS-3703,0.040238
NEXUS-3702,0.022117
NEXUS-3701,0.051463
NEXUS-3700,0.066327
NEXUS-3699,0.577257
NEXUS-3698,0.051845
NEXUS-3697,0.757794
NEXUS-3695,0.09947
NEXUS-3694,0.050331
NEXUS-3693,0.051845
NEXUS-3692,0.295128
NEXUS-3691,0.261237
NEXUS-3690,0.281109
NEXUS-3689,0.378919
NEXUS-3688,0.022457
NEXUS-3687,0.025761
NEXUS-3686,0.046725
NEXUS-3685,0.028653
NEXUS-3684,0.0538
NEXUS-3683,0.23546
NEXUS-3682,0.086942
NEXUS-3681,0.066812
NEXUS-3680,0.028653
NEXUS-3679,0.024423
NEXUS-3678,0.021615
NEXUS-3677,0.308294
NEXUS-3676,0.031619
NEXUS-3675,0.214034
NEXUS-3674,0.035411
NEXUS-3673,0.131619
NEXUS-3672,0.060752
NEXUS-3671,0.060752
NEXUS-3670,0.198996
NEXUS-3669,0.022117
NEXUS-3668,0.637764
NEXUS-3667,0.04778
NEXUS-3666,0.044019
NEXUS-3665,0.112016
NEXUS-3664,0.042088
NEXUS-3663,0.019719
NEXUS-3662,0.021615
NEXUS-3661,0.012336
NEXUS-3660,0.048858
NEXUS-3659,0.543348
NEXUS-3658,0.067793
NEXUS-3657,0.517571
NEXUS-3656,0.094678
NEXUS-3655,0.032837
NEXUS-3654,0.084795
NEXUS-3653,0.058561
NEXUS-3652,0.056236
NEXUS-3651,0.030444
NEXUS-3650,0.033337
NEXUS-3649,0.066812
NEXUS-3648,0.120439
NEXUS-3647,0.061876
NEXUS-3646,0.044019
NEXUS-3645,0.049222
NEXUS-3644,0.42919
NEXUS-3643,0.353205
NEXUS-3642,0.264453
NEXUS-3641,0.045692
NEXUS-3640,0.054803
NEXUS-3639,0.537527
NEXUS-3638,0.100879
NEXUS-3637,0.02461
NEXUS-3636,0.067793
NEXUS-3635,0.45302
NEXUS-3634,0.039048
NEXUS-3633,0.063715
NEXUS-3631,0.045353
NEXUS-3630,0.120853
NEXUS-3629,0.039343
NEXUS-3628,0.042088
NEXUS-3627,0.775265
NEXUS-3626,0.130285
NEXUS-3625,0.028221
NEXUS-3624,0.071851
NEXUS-3623,0.035948
NEXUS-3622,0.082107
NEXUS-3621,0.03359
NEXUS-3620,0.025179
NEXUS-3619,0.040846
NEXUS-3618,0.125493
NEXUS-3617,0.040238
NEXUS-3616,0.23092
NEXUS-3615,0.116362
NEXUS-3614,0.022803
NEXUS-3613,0.036494
NEXUS-3612,0.108566
NEXUS-3611,0.0729
NEXUS-3610,0.110856
NEXUS-3609,0.117978
NEXUS-3608,0.033337
NEXUS-3607,0.451085
NEXUS-3606,0.83762
NEXUS-3605,0.047426
NEXUS-3604,0.14247
NEXUS-3603,0.051463
NEXUS-3602,0.021451
NEXUS-3601,0.046725
NEXUS-3600,0.085099
NEXUS-3598,0.291082
NEXUS-3597,0.079782
NEXUS-3596,0.620679
NEXUS-3595,0.061424
NEXUS-3594,0.048137
NEXUS-3593,0.042404
NEXUS-3592,0.111241
NEXUS-3591,0.857768
NEXUS-3590,0.019871
NEXUS-3589,0.052231
NEXUS-3588,0.103024
NEXUS-3587,0.54359
NEXUS-3586,0.087252
NEXUS-3585,0.108566
NEXUS-3584,0.035411
NEXUS-3583,0.128525
NEXUS-3582,0.297878
NEXUS-3581,0.049589
NEXUS-3580,0.0341
NEXUS-3579,0.024054
NEXUS-3578,0.024988
NEXUS-3577,0.076961
NEXUS-3576,0.045016
NEXUS-3575,0.229018
NEXUS-3574,0.037609
NEXUS-3573,0.085404
NEXUS-3571,0.415136
NEXUS-3570,0.039048
NEXUS-3569,0.034359
NEXUS-3568,0.012336
NEXUS-3567,0.042088
NEXUS-3566,0.05301
NEXUS-3565,0.561455
NEXUS-3564,0.050331
NEXUS-3563,0.041462
NEXUS-3562,0.040541
NEXUS-3561,0.046725
NEXUS-3560,0.052425
NEXUS-3559,0.03622
NEXUS-3558,0.020023
NEXUS-3557,0.35488
NEXUS-3556,0.306579
NEXUS-3555,0.576065
NEXUS-3554,0.534127
NEXUS-3553,0.031619
NEXUS-3552,0.072374
NEXUS-3551,0.522933
NEXUS-3550,0.098425
NEXUS-3549,0.019871
NEXUS-3548,0.567457
NEXUS-3547,0.241311
NEXUS-3546,0.042404
NEXUS-3545,0.038756
NEXUS-3544,0.039048
NEXUS-3543,0.041462
NEXUS-3542,0.022117
NEXUS-3541,0.57081
NEXUS-3540,0.024423
NEXUS-3539,0.058132
NEXUS-3538,0.045016
NEXUS-3537,0.061424
NEXUS-3536,0.017986
NEXUS-3535,0.071591
NEXUS-3534,0.035411
NEXUS-3533,0.021451
NEXUS-3532,0.034359
NEXUS-3531,0.062789
NEXUS-3529,0.044019
NEXUS-3528,0.043691
NEXUS-3527,0.05921
NEXUS-3526,0.043691
NEXUS-3525,0.082107
NEXUS-3524,0.05301
NEXUS-3523,0.078078
NEXUS-3522,0.35421
NEXUS-3521,0.039343
NEXUS-3520,0.846451
NEXUS-3519,0.031619
NEXUS-3518,0.093347
NEXUS-3517,0.481941
NEXUS-3516,0.036494
NEXUS-3515,0.453262
NEXUS-3513,0.787278
NEXUS-3512,0.027796
NEXUS-3511,0.13707
NEXUS-3510,0.055618
NEXUS-3509,0.062789
NEXUS-3508,0.534612
NEXUS-3507,0.044349
NEXUS-3506,0.080647
NEXUS-3505,0.031859
NEXUS-3504,0.422266
NEXUS-3503,0.44553
NEXUS-3502,0.227469
NEXUS-3501,0.069289
NEXUS-3500,0.038178
NEXUS-3499,0.030676
NEXUS-3498,0.165593
NEXUS-3496,0.651535
NEXUS-3495,0.061199
NEXUS-3494,0.076961
NEXUS-3493,0.478041
NEXUS-3492,0.03138
NEXUS-3491,0.878731
NEXUS-3489,0.814053
NEXUS-3488,0.278257
NEXUS-3487,0.052619
NEXUS-3485,0.040541
NEXUS-3484,0.019419
NEXUS-3483,0.031859
NEXUS-3482,0.061876
NEXUS-3481,0.020646
NEXUS-3480,0.098773
NEXUS-3479,0.216674
NEXUS-3478,0.039937
NEXUS-3477,0.758153
NEXUS-3476,0.477067
NEXUS-3475,0.052231
NEXUS-3474,0.07477
NEXUS-3473,0.098079
NEXUS-3472,0.575111
NEXUS-3471,0.055005
NEXUS-3470,0.026156
NEXUS-3469,0.131173
NEXUS-3468,0.293117
NEXUS-3467,0.583678
NEXUS-3466,0.076684
NEXUS-3465,0.079496
NEXUS-3464,0.737914
NEXUS-3463,0.368178
NEXUS-3462,0.138229
NEXUS-3461,0.08389
NEXUS-3460,0.026355
NEXUS-3459,0.115961
NEXUS-3458,0.311427
NEXUS-3457,0.589835
NEXUS-3456,0.030676
NEXUS-3455,0.026355
NEXUS-3454,0.032101
NEXUS-3453,0.079782
NEXUS-3452,0.065366
NEXUS-3451,0.263789
NEXUS-3450,0.066085
NEXUS-3449,0.045692
NEXUS-3448,0.06489
NEXUS-3447,0.32791
NEXUS-3446,0.045353
NEXUS-3445,0.040541
NEXUS-3444,0.084191
NEXUS-3443,0.022286
NEXUS-3442,0.130285
NEXUS-3441,0.031619
NEXUS-3440,0.040238
NEXUS-3439,0.021125
NEXUS-3438,0.037047
NEXUS-3437,0.258888
NEXUS-3436,0.023331
NEXUS-3435,0.709824
NEXUS-3434,0.051845
NEXUS-3433,0.044019
NEXUS-3432,0.038178
NEXUS-3431,0.073696
NEXUS-3430,0.060087
NEXUS-3429,0.030909
NEXUS-3428,0.057071
NEXUS-3427,0.029535
NEXUS-3426,0.60743
NEXUS-3425,0.0729
NEXUS-3424,0.0341
NEXUS-3423,0.487795
NEXUS-3422,0.715026
NEXUS-3421,0.042088
NEXUS-3420,0.039937
NEXUS-3419,0.870597
NEXUS-3418,0.028871
NEXUS-3417,0.022977
NEXUS-3416,0.31127
NEXUS-3415,0.592195
NEXUS-3414,0.065366
NEXUS-3413,0.021781
NEXUS-3411,0.860604
NEXUS-3410,0.909907
NEXUS-3409,0.108566
NEXUS-3408,0.041462
NEXUS-3407,0.068787
NEXUS-3405,0.029535
NEXUS-3404,0.235636
NEXUS-3403,0.025761
NEXUS-3402,0.254602
NEXUS-3401,0.036769
NEXUS-3400,0.031619
NEXUS-3399,0.302391
NEXUS-3398,0.052619
NEXUS-3397,0.36625
NEXUS-3396,0.050705
NEXUS-3395,0.040846
NEXUS-3394,0.053403
NEXUS-3393,0.561936
NEXUS-3392,0.206894
NEXUS-3391,0.887205
NEXUS-3390,0.299361
NEXUS-3388,0.260201
NEXUS-3387,0.057493
NEXUS-3386,0.118793
NEXUS-3385,0.040541
NEXUS-3384,0.038178
NEXUS-3383,0.825027
NEXUS-3382,0.872782
NEXUS-3381,0.034619
NEXUS-3379,0.017849
NEXUS-3378,0.045016
NEXUS-3377,0.137301
NEXUS-3376,0.637369
NEXUS-3374,0.41253
NEXUS-3373,0.367043
NEXUS-3372,0.184768
NEXUS-3371,0.135919
NEXUS-3370,0.105579
NEXUS-3368,0.259638
NEXUS-3367,0.24599
NEXUS-3366,0.115561
NEXUS-3365,0.039048
NEXUS-3364,0.277179
NEXUS-3363,0.065845
NEXUS-3362,0.041462
NEXUS-3361,0.583441
NEXUS-3360,0.065128
NEXUS-3359,0.126785
NEXUS-3358,0.746878
NEXUS-3357,0.067547
NEXUS-3356,0.025179
NEXUS-3355,0.391406
NEXUS-3354,0.114369
NEXUS-3352,0.050331
NEXUS-3351,0.062789
NEXUS-3350,0.087876
NEXUS-3349,0.082994
NEXUS-3348,0.214362
NEXUS-3347,0.629661
NEXUS-3346,0.025957
NEXUS-3345,0.625152
NEXUS-3344,0.732018
NEXUS-3343,0.049959
NEXUS-3341,0.453262
NEXUS-3340,0.107063
NEXUS-3339,0.041462
NEXUS-3338,0.098079
NEXUS-3337,0.067301
NEXUS-3336,0.316528
NEXUS-3335,0.200245
NEXUS-3334,0.148788
NEXUS-3333,0.009784
NEXUS-3332,0.813757
NEXUS-3331,0.342104
NEXUS-3330,0.071332
NEXUS-3329,0.200245
NEXUS-3328,0.032344
NEXUS-3327,0.040541
NEXUS-3326,0.063715
NEXUS-3325,0.054601
NEXUS-3324,0.049589
NEXUS-3323,0.469277
NEXUS-3322,0.060529
NEXUS-3321,0.082402
NEXUS-3320,0.025761
NEXUS-3319,0.046725
NEXUS-3318,0.022977
NEXUS-3317,0.034359
NEXUS-3316,0.016029
NEXUS-3315,0.039343
NEXUS-3314,0.022977
NEXUS-3313,0.019569
NEXUS-3312,0.077797
NEXUS-3311,0.014504
NEXUS-3310,0.052231
NEXUS-3309,0.079782
NEXUS-3308,0.154567
NEXUS-3307,0.648021
NEXUS-3306,0.048496
NEXUS-3305,0.067547
NEXUS-3304,0.047074
NEXUS-3303,0.018405
NEXUS-3302,0.24817
NEXUS-3301,0.057493
NEXUS-3300,0.042722
NEXUS-3298,0.100879
NEXUS-3297,0.07343
NEXUS-3296,0.011778
NEXUS-3295,0.041774
NEXUS-3294,0.284675
NEXUS-3293,0.043691
NEXUS-3292,0.044019
NEXUS-3291,0.173568
NEXUS-3290,0.021615
NEXUS-3289,0.296451
NEXUS-3288,0.064418
NEXUS-3287,0.024798
NEXUS-3286,0.348534
NEXUS-3285,0.233008
NEXUS-3284,0.560734
NEXUS-3283,0.035411
NEXUS-3282,0.824462
NEXUS-3281,0.015544
NEXUS-3280,0.013849
NEXUS-3279,0.832237
NEXUS-3278,0.043043
NEXUS-3277,0.151278
NEXUS-3275,0.043691
NEXUS-3274,0.028221
NEXUS-3273,0.618089
NEXUS-3272,0.223038
NEXUS-3271,0.082697
NEXUS-3270,0.06256
NEXUS-3269,0.07836
NEXUS-3268,0.102305
NEXUS-3267,0.060529
NEXUS-3266,0.062103
NEXUS-3265,0.051463
NEXUS-3264,0.837088
NEXUS-3263,0.055209
NEXUS-3262,0.034359
NEXUS-3261,0.257485
NEXUS-3260,0.014282
NEXUS-3259,0.086632
NEXUS-3258,0.047426
NEXUS-3257,0.03622
NEXUS-3256,0.040238
NEXUS-3255,0.022977
NEXUS-3254,0.292393
NEXUS-3253,0.172172
NEXUS-3252,0.080937
NEXUS-3251,0.045353
NEXUS-3250,0.021948
NEXUS-3249,0.128525
NEXUS-3248,0.226099
NEXUS-3247,0.237222
NEXUS-3246,0.153803
NEXUS-3244,0.055413
NEXUS-3243,0.284675
NEXUS-3242,0.056236
NEXUS-3241,0.062331
NEXUS-3240,0.453988
NEXUS-3239,0.189221
NEXUS-3238,0.074231
NEXUS-3237,0.133868
NEXUS-3236,0.079496
NEXUS-3235,0.397704
NEXUS-3234,0.072374
NEXUS-3233,0.058993
NEXUS-3232,0.77081
NEXUS-3231,0.053403
NEXUS-3230,0.039048
NEXUS-3229,0.090414
NEXUS-3228,0.172729
NEXUS-3226,0.059866
NEXUS-3225,0.549399
NEXUS-3224,0.085099
NEXUS-3223,0.809878
NEXUS-3222,0.045016
NEXUS-3221,0.034359
NEXUS-3220,0.025957
NEXUS-3219,0.084795
NEXUS-3218,0.046378
NEXUS-3217,0.009413
NEXUS-3216,0.057493
NEXUS-3215,0.065845
NEXUS-3214,0.425605
NEXUS-3213,0.078642
NEXUS-3212,0.874935
NEXUS-3211,0.401688
NEXUS-3210,0.794385
NEXUS-3209,0.768038
NEXUS-3208,0.038466
NEXUS-3207,0.133868
NEXUS-3206,0.481941
NEXUS-3205,0.177526
NEXUS-3204,0.329122
NEXUS-3203,0.097048
NEXUS-3202,0.026557
NEXUS-3201,0.052814
NEXUS-3200,0.058346
NEXUS-3199,0.673621
NEXUS-3198,0.568895
NEXUS-3197,0.059647
NEXUS-3196,0.024423
NEXUS-3195,0.606032
NEXUS-3194,0.287968
NEXUS-3193,0.371365
NEXUS-3192,0.405449
NEXUS-3191,0.326647
NEXUS-3190,0.037609
NEXUS-3189,0.721154
NEXUS-3188,0.182717
NEXUS-3187,0.449634
NEXUS-3186,0.108189
NEXUS-3185,0.145115
NEXUS-3184,0.116764
NEXUS-3183,0.028871
NEXUS-3180,0.028436
NEXUS-3179,0.05301
NEXUS-3178,0.075312
NEXUS-3177,0.043043
NEXUS-3176,0.150029
NEXUS-3175,0.385606
NEXUS-3174,0.035411
NEXUS-3173,0.032101
NEXUS-3172,0.469764
NEXUS-3171,0.073963
NEXUS-3170,0.059647
NEXUS-3169,0.144873
NEXUS-3168,0.02976
NEXUS-3167,0.03138
NEXUS-3166,0.098425
NEXUS-3165,0.101589
NEXUS-3164,0.205934
NEXUS-3163,0.759582
NEXUS-3162,0.043043
NEXUS-3160,0.141994
NEXUS-3159,0.087252
NEXUS-3158,0.037892
NEXUS-3157,0.327092
NEXUS-3156,0.521471
NEXUS-3153,0.617282
NEXUS-3152,0.909907
NEXUS-3151,0.116764
NEXUS-3150,0.069542
NEXUS-3149,0.264548
NEXUS-3148,0.027796
NEXUS-3147,0.205934
NEXUS-3146,0.046725
NEXUS-3145,0.111628
NEXUS-3144,0.176104
NEXUS-3143,0.063715
NEXUS-3141,0.053403
NEXUS-3140,0.025371
NEXUS-3138,0.839208
NEXUS-3136,0.211743
NEXUS-3132,0.172729
NEXUS-3131,0.149283
NEXUS-3130,0.423935
NEXUS-3129,0.516595
NEXUS-3128,0.739611
NEXUS-3126,0.259075
NEXUS-3122,0.029091
NEXUS-3121,0.396302
NEXUS-3120,0.244904
NEXUS-3119,0.185062
NEXUS-3118,0.054199
NEXUS-3117,0.041774
NEXUS-3116,0.255065
NEXUS-3115,0.121269
NEXUS-3114,0.119614
NEXUS-3113,0.33764
NEXUS-3112,0.107063
NEXUS-3111,0.051845
NEXUS-3110,0.197135
NEXUS-3109,0.039937
NEXUS-3108,0.222193
NEXUS-3107,0.661267
NEXUS-3106,0.028653
NEXUS-3105,0.781331
NEXUS-3104,0.045353
NEXUS-3103,0.029312
NEXUS-3102,0.034619
NEXUS-3101,0.043366
NEXUS-3100,0.23231
NEXUS-3099,0.120232
NEXUS-3098,0.023509
NEXUS-3097,0.559531
NEXUS-3096,0.083591
NEXUS-3095,0.236516
NEXUS-3094,0.033337
NEXUS-3093,0.017577
NEXUS-3092,0.0538
NEXUS-3091,0.016785
NEXUS-3090,0.069289
NEXUS-3089,0.205296
NEXUS-3088,0.094343
NEXUS-3087,0.053403
NEXUS-3086,0.055209
NEXUS-3085,0.048496
NEXUS-3084,0.159741
NEXUS-3083,0.472683
NEXUS-3082,0.168309
NEXUS-3081,0.095013
NEXUS-3080,0.07836
NEXUS-3079,0.127653
NEXUS-3078,0.379608
NEXUS-3077,0.060975
NEXUS-3076,0.761361
NEXUS-3075,0.583678
NEXUS-3074,0.308138
NEXUS-3073,0.029987
NEXUS-3072,0.098773
NEXUS-3071,0.030909
NEXUS-3070,0.034359
NEXUS-3069,0.04778
NEXUS-3068,0.52975
NEXUS-3067,0.675872
NEXUS-3066,0.051083
NEXUS-3065,0.045692
NEXUS-3064,0.042722
NEXUS-3063,0.109706
NEXUS-3062,0.046725
NEXUS-3061,0.369656
NEXUS-3060,0.038466
NEXUS-3059,0.035411
NEXUS-3058,0.7237
NEXUS-3057,0.03259
NEXUS-3056,0.118793
NEXUS-3055,0.081813
NEXUS-3054,0.020804
NEXUS-3053,0.238107
NEXUS-3052,0.032344
NEXUS-3051,0.062103
NEXUS-3050,0.051083
NEXUS-3049,0.065366
NEXUS-3048,0.109325
NEXUS-3047,0.395835
NEXUS-3046,0.173009
NEXUS-3045,0.040846
NEXUS-3044,0.027585
NEXUS-3043,0.118793
NEXUS-3042,0.580828
NEXUS-3041,0.096365
NEXUS-3040,0.226612
NEXUS-3039,0.024798
NEXUS-3038,0.028008
NEXUS-3037,0.020177
NEXUS-3036,0.183887
NEXUS-3035,0.078926
NEXUS-3034,0.051845
NEXUS-3033,0.070816
NEXUS-3032,0.194062
NEXUS-3031,0.141756
NEXUS-3030,0.324578
NEXUS-3029,0.031859
NEXUS-3028,0.056652
NEXUS-3027,0.083591
NEXUS-3026,0.477067
NEXUS-3020,0.229881
NEXUS-3019,0.076684
NEXUS-3018,0.28877
NEXUS-3017,0.144149
NEXUS-3016,0.254046
NEXUS-3013,0.151781
NEXUS-3012,0.051845
NEXUS-3011,0.022977
NEXUS-3010,0.07836
NEXUS-3009,0.06489
NEXUS-3008,0.021451
NEXUS-3005,0.060087
NEXUS-3003,0.035679
NEXUS-3002,0.608245
NEXUS-3001,0.018689
NEXUS-3000,0.362856
NEXUS-2999,0.042722
NEXUS-2998,0.045353
NEXUS-2997,0.190122
NEXUS-2996,0.031144
NEXUS-2995,0.038178
NEXUS-2994,0.032837
NEXUS-2992,0.056652
NEXUS-2991,0.067056
NEXUS-2990,0.14682
NEXUS-2989,0.039937
NEXUS-2988,0.058993
NEXUS-2987,0.020023
NEXUS-2986,0.065605
NEXUS-2985,0.059428
NEXUS-2984,0.115162
NEXUS-2983,0.072637
NEXUS-2982,0.043691
NEXUS-2981,0.071851
NEXUS-2980,0.062103
NEXUS-2979,0.045692
NEXUS-2977,0.820469
NEXUS-2976,0.290578
NEXUS-2975,0.871037
NEXUS-2974,0.069038
NEXUS-2973,0.360714
NEXUS-2972,0.044681
NEXUS-2971,0.915205
NEXUS-2970,0.204978
NEXUS-2969,0.048858
NEXUS-2968,0.169131
NEXUS-2966,0.035679
NEXUS-2965,0.039343
NEXUS-2964,0.010091
NEXUS-2963,0.764892
NEXUS-2962,0.814938
NEXUS-2961,0.040238
NEXUS-2960,0.060975
NEXUS-2959,0.038756
NEXUS-2958,0.020332
NEXUS-2956,0.025371
NEXUS-2955,0.027169
NEXUS-2954,0.070304
NEXUS-2953,0.06165
NEXUS-2952,0.062331
NEXUS-2951,0.03138
NEXUS-2949,0.075312
NEXUS-2948,0.041153
NEXUS-2947,0.050331
NEXUS-2946,0.088505
NEXUS-2945,0.801936
NEXUS-2944,0.126785
NEXUS-2943,0.063251
NEXUS-2942,0.042404
NEXUS-2941,0.065605
NEXUS-2940,0.041462
NEXUS-2939,0.032344
NEXUS-2938,0.459076
NEXUS-2937,0.566978
NEXUS-2936,0.782663
NEXUS-2935,0.601711
NEXUS-2934,0.159741
NEXUS-2933,0.086632
NEXUS-2932,0.243463
NEXUS-2931,0.125065
NEXUS-2930,0.766992
NEXUS-2929,0.087252
NEXUS-2928,0.04778
NEXUS-2927,0.041153
NEXUS-2926,0.122944
NEXUS-2925,0.032837
NEXUS-2924,0.039343
NEXUS-2923,0.087252
NEXUS-2922,0.073165
NEXUS-2920,0.826712
NEXUS-2919,0.055618
NEXUS-2917,0.079782
NEXUS-2916,0.069038
NEXUS-2915,0.089137
NEXUS-2914,0.065128
NEXUS-2913,0.051463
NEXUS-2912,0.052231
NEXUS-2911,0.028436
NEXUS-2910,0.067301
NEXUS-2909,0.046725
NEXUS-2908,0.067793
NEXUS-2907,0.037327
NEXUS-2906,0.033086
NEXUS-2905,0.058346
NEXUS-2904,0.021451
NEXUS-2903,0.878731
NEXUS-2902,0.045016
NEXUS-2901,0.062331
NEXUS-2900,0.069038
NEXUS-2899,0.408277
NEXUS-2896,0.044349
NEXUS-2895,0.054399
NEXUS-2894,0.030215
NEXUS-2893,0.111628
NEXUS-2892,0.056029
NEXUS-2891,0.031619
NEXUS-2890,0.026355
NEXUS-2889,0.218336
NEXUS-2888,0.690037
NEXUS-2887,0.043366
NEXUS-2886,0.040238
NEXUS-2884,0.040846
NEXUS-2883,0.032344
NEXUS-2882,0.55929
NEXUS-2881,0.292494
NEXUS-2880,0.034359
NEXUS-2879,0.052231
NEXUS-2878,0.049222
NEXUS-2877,0.054199
NEXUS-2876,0.871037
NEXUS-2875,0.025179
NEXUS-2874,0.180684
NEXUS-2873,0.060308
NEXUS-2872,0.32707
NEXUS-2871,0.319174
NEXUS-2870,0.06804
NEXUS-2869,0.152789
NEXUS-2868,0.127218
NEXUS-2867,0.145844
NEXUS-2866,0.016915
NEXUS-2865,0.09739
NEXUS-2863,0.031859
NEXUS-2862,0.025371
NEXUS-2861,0.0745
NEXUS-2860,0.035948
NEXUS-2859,0.01302
NEXUS-2858,0.046034
NEXUS-2856,0.606732
NEXUS-2855,0.662141
NEXUS-2854,0.021948
NEXUS-2853,0.01653
NEXUS-2852,0.064418
NEXUS-2851,0.049959
NEXUS-2849,0.814643
NEXUS-2848,0.360602
NEXUS-2847,0.046378
NEXUS-2846,0.891811
NEXUS-2845,0.06804
NEXUS-2844,0.836555
NEXUS-2843,0.054399
NEXUS-2842,0.352257
NEXUS-2841,0.065845
NEXUS-2840,0.073696
NEXUS-2839,0.046378
NEXUS-2838,0.042088
NEXUS-2837,0.423458
NEXUS-2836,0.021948
NEXUS-2835,0.020804
NEXUS-2834,0.042088
NEXUS-2833,0.064653
NEXUS-2832,0.227641
NEXUS-2831,0.52829
NEXUS-2830,0.387227
NEXUS-2829,0.706596
NEXUS-2828,0.495606
NEXUS-2827,0.771843
NEXUS-2826,0.023871
NEXUS-2825,0.594551
NEXUS-2824,0.051083
NEXUS-2823,0.037327
NEXUS-2822,0.05921
NEXUS-2821,0.292899
NEXUS-2820,0.041153
NEXUS-2819,0.056236
NEXUS-2818,0.078078
NEXUS-2816,0.167763
NEXUS-2815,0.666307
NEXUS-2814,0.069289
NEXUS-2813,0.096025
NEXUS-2812,0.064418
NEXUS-2811,0.408749
NEXUS-2810,0.210766
NEXUS-2809,0.044681
NEXUS-2808,0.062331
NEXUS-2804,0.154567
NEXUS-2803,0.155591
NEXUS-2802,0.281307
NEXUS-2801,0.032101
NEXUS-2800,0.063715
NEXUS-2799,0.060087
NEXUS-2798,0.031144
NEXUS-2797,0.037327
NEXUS-2796,0.025565
NEXUS-2795,0.038466
NEXUS-2794,0.166404
NEXUS-2793,0.052231
NEXUS-2792,0.69946
NEXUS-2791,0.083292
NEXUS-2790,0.046725
NEXUS-2789,0.241489
NEXUS-2788,0.034359
NEXUS-2787,0.036494
NEXUS-2785,0.046378
NEXUS-2784,0.033337
NEXUS-2783,0.017986
NEXUS-2782,0.031619
NEXUS-2781,0.228845
NEXUS-2780,0.071332
NEXUS-2778,0.852935
NEXUS-2777,0.139396
NEXUS-2769,0.554712
NEXUS-2768,0.148541
NEXUS-2767,0.035948
NEXUS-2766,0.823896
NEXUS-2765,0.031144
NEXUS-2764,0.686685
NEXUS-2763,0.093017
NEXUS-2762,0.022629
NEXUS-2761,0.042404
NEXUS-2760,0.068787
NEXUS-2759,0.037892
NEXUS-2756,0.08152
NEXUS-2755,0.07343
NEXUS-2754,0.192843
NEXUS-2753,0.014729
NEXUS-2752,0.064653
NEXUS-2751,0.017712
NEXUS-2750,0.111628
NEXUS-2749,0.034619
NEXUS-2742,0.062331
NEXUS-2741,0.096025
NEXUS-2739,0.037609
NEXUS-2738,0.05301
NEXUS-2737,0.113973
NEXUS-2735,0.270095
NEXUS-2734,0.101233
NEXUS-2733,0.076961
NEXUS-2731,0.093347
NEXUS-2729,0.03138
NEXUS-2728,0.190423
NEXUS-2727,0.018405
NEXUS-2726,0.397471
NEXUS-2725,0.46952
NEXUS-2724,0.501953
NEXUS-2723,0.060752
NEXUS-2722,0.245447
NEXUS-2721,0.03138
NEXUS-2720,0.043366
NEXUS-2718,0.125923
NEXUS-2717,0.244724
NEXUS-2716,0.834407
NEXUS-2715,0.037327
NEXUS-2714,0.028871
NEXUS-2713,0.06256
NEXUS-2712,0.026557
NEXUS-2703,0.083591
NEXUS-2702,0.081813
NEXUS-2701,0.703753
NEXUS-2700,0.057493
NEXUS-2699,0.09739
NEXUS-2698,0.072374
NEXUS-2697,0.053403
NEXUS-2696,0.744471
NEXUS-2695,0.047426
NEXUS-2693,0.566258
NEXUS-2692,0.054601
NEXUS-2691,0.831691
NEXUS-2688,0.035411
NEXUS-2687,0.150029
NEXUS-2686,0.644952
NEXUS-2685,0.119203
NEXUS-2684,0.050705
NEXUS-2683,0.026557
NEXUS-2682,0.016153
NEXUS-2681,0.051083
NEXUS-2679,0.041774
NEXUS-2678,0.035679
NEXUS-2677,0.052231
NEXUS-2676,0.555194
NEXUS-2674,0.185357
NEXUS-2673,0.327789
NEXUS-2672,0.70028
NEXUS-2671,0.110088
NEXUS-2670,0.058993
NEXUS-2669,0.164516
NEXUS-2668,0.752013
NEXUS-2667,0.039048
NEXUS-2666,0.065845
NEXUS-2663,0.022629
NEXUS-2662,0.039048
NEXUS-2661,0.039937
NEXUS-2660,0.062103
NEXUS-2659,0.068289
NEXUS-2658,0.064183
NEXUS-2657,0.060308
NEXUS-2656,0.089455
NEXUS-2655,0.039937
NEXUS-2654,0.028008
NEXUS-2653,0.054399
NEXUS-2652,0.027169
NEXUS-2651,0.028436
NEXUS-2650,0.056029
NEXUS-2646,0.06489
NEXUS-2645,0.055823
NEXUS-2644,0.540439
NEXUS-2643,0.032837
NEXUS-2642,0.130729
NEXUS-2641,0.028008
NEXUS-2640,0.05921
NEXUS-2639,0.109325
NEXUS-2638,0.065366
NEXUS-2637,0.062331
NEXUS-2636,0.070304
NEXUS-2635,0.064183
NEXUS-2634,0.060529
NEXUS-2633,0.067547
NEXUS-2632,0.060308
NEXUS-2631,0.054199
NEXUS-2630,0.072374
NEXUS-2629,0.065605
NEXUS-2628,0.170508
NEXUS-2627,0.108945
NEXUS-2626,0.14978
NEXUS-2625,0.135232
NEXUS-2624,0.076684
NEXUS-2623,0.120026
NEXUS-2622,0.105211
NEXUS-2621,0.213213
NEXUS-2620,0.138928
NEXUS-2619,0.251648
NEXUS-2617,0.043043
NEXUS-2616,0.036769
NEXUS-2615,0.901921
NEXUS-2614,0.078078
NEXUS-2612,0.022977
NEXUS-2611,0.433742
NEXUS-2610,0.679072
NEXUS-2609,0.634883
NEXUS-2608,0.021287
NEXUS-2607,0.056862
NEXUS-2606,0.023689
NEXUS-2605,0.049222
NEXUS-2603,0.073963
NEXUS-2602,0.044019
NEXUS-2601,0.095013
NEXUS-2600,0.18418
NEXUS-2599,0.237046
NEXUS-2598,0.892937
NEXUS-2597,0.702734
NEXUS-2596,0.220846
NEXUS-2595,0.01653
NEXUS-2594,0.023689
NEXUS-2593,0.026964
NEXUS-2592,0.657703
NEXUS-2591,0.761361
NEXUS-2590,0.223038
NEXUS-2589,0.431584
NEXUS-2588,0.376623
NEXUS-2587,0.109325
NEXUS-2586,0.128088
NEXUS-2585,0.045353
NEXUS-2584,0.035679
NEXUS-2583,0.417984
NEXUS-2581,0.087252
NEXUS-2580,0.706292
NEXUS-2579,0.093678
NEXUS-2578,0.02461
NEXUS-2577,0.040238
NEXUS-2576,0.037327
NEXUS-2575,0.043691
NEXUS-2574,0.07836
NEXUS-2573,0.102305
NEXUS-2572,0.36886
NEXUS-2571,0.050331
NEXUS-2569,0.042404
NEXUS-2568,0.171061
NEXUS-2567,0.591015
NEXUS-2566,0.026355
NEXUS-2565,0.694613
NEXUS-2563,0.078926
NEXUS-2562,0.386763
NEXUS-2561,0.062331
NEXUS-2560,0.046378
NEXUS-2559,0.149531
NEXUS-2558,0.043366
NEXUS-2557,0.038466
NEXUS-2556,0.09401
NEXUS-2555,0.052231
NEXUS-2554,0.120439
NEXUS-2553,0.740925
NEXUS-2552,0.389314
NEXUS-2550,0.320821
NEXUS-2549,0.082994
NEXUS-2548,0.038178
NEXUS-2547,0.037047
NEXUS-2546,0.070816
NEXUS-2545,0.022286
NEXUS-2544,0.394434
NEXUS-2543,0.043691
NEXUS-2542,0.165323
NEXUS-2541,0.263599
NEXUS-2540,0.105948
NEXUS-2537,0.055823
NEXUS-2536,0.898053
NEXUS-2535,0.415136
NEXUS-2534,0.045016
NEXUS-2533,0.032101
NEXUS-2532,0.02976
NEXUS-2531,0.034619
NEXUS-2530,0.037892
NEXUS-2529,0.054199
NEXUS-2528,0.082107
NEXUS-2527,0.037047
NEXUS-2526,0.055005
NEXUS-2525,0.094678
NEXUS-2524,0.072637
NEXUS-2523,0.075858
NEXUS-2522,0.063482
NEXUS-2521,0.339417
NEXUS-2519,0.067056
NEXUS-2516,0.03359
NEXUS-2515,0.039048
NEXUS-2514,0.177241
NEXUS-2513,0.581065
NEXUS-2512,0.213541
NEXUS-2509,0.771155
NEXUS-2505,0.778649
NEXUS-2504,0.055413
NEXUS-2503,0.075312
NEXUS-2502,0.712232
NEXUS-2501,0.058132
NEXUS-2500,0.068289
NEXUS-2499,0.154312
NEXUS-2498,0.049589
NEXUS-2497,0.030215
NEXUS-2496,0.080647
NEXUS-2495,0.080647
NEXUS-2494,0.679072
NEXUS-2493,0.100172
NEXUS-2492,0.027796
NEXUS-2491,0.211091
NEXUS-2490,0.092688
NEXUS-2489,0.198064
NEXUS-2488,0.325387
NEXUS-2487,0.035145
NEXUS-2486,0.068787
NEXUS-2485,0.734881
NEXUS-2484,0.278944
NEXUS-2483,0.068289
NEXUS-2482,0.076408
NEXUS-2481,0.217005
NEXUS-2480,0.066569
NEXUS-2479,0.057071
NEXUS-2478,0.524882
NEXUS-2477,0.158435
NEXUS-2476,0.129403
NEXUS-2475,0.348756
NEXUS-2474,0.045692
NEXUS-2473,0.13707
NEXUS-2472,0.055413
NEXUS-2469,0.347759
NEXUS-2468,0.117167
NEXUS-2467,0.028436
NEXUS-2466,0.040846
NEXUS-2465,0.257952
NEXUS-2464,0.199308
NEXUS-2463,0.076961
NEXUS-2462,0.031859
NEXUS-2450,0.093347
NEXUS-2448,0.05301
NEXUS-2447,0.143668
NEXUS-2446,0.103024
NEXUS-2445,0.075312
NEXUS-2444,0.296654
NEXUS-2443,0.041774
NEXUS-2442,0.056236
NEXUS-2441,0.128525
NEXUS-2440,0.022629
NEXUS-2439,0.049959
NEXUS-2438,0.103024
NEXUS-2437,0.066569
NEXUS-2436,0.065366
NEXUS-2435,0.090414
NEXUS-2434,0.049589
NEXUS-2433,0.056652
NEXUS-2432,0.037047
NEXUS-2431,0.055209
NEXUS-2430,0.063948
NEXUS-2429,0.064183
NEXUS-2428,0.045692
NEXUS-2427,0.046034
NEXUS-2426,0.055005
NEXUS-2425,0.070816
NEXUS-2424,0.063251
NEXUS-2423,0.072637
NEXUS-2422,0.084191
NEXUS-2421,0.093678
NEXUS-2420,0.07056
NEXUS-2419,0.075585
NEXUS-2418,0.103024
NEXUS-2417,0.227985
NEXUS-2416,0.059866
NEXUS-2415,0.058132
NEXUS-2414,0.082402
NEXUS-2413,0.422028
NEXUS-2412,0.173009
NEXUS-2411,0.293886
NEXUS-2410,0.111241
NEXUS-2409,0.037892
NEXUS-2408,0.043043
NEXUS-2407,0.083292
NEXUS-2406,0.030215
NEXUS-2405,0.033337
NEXUS-2404,0.022977
NEXUS-2403,0.051463
NEXUS-2402,0.046725
NEXUS-2401,0.106691
NEXUS-2400,0.096365
NEXUS-2399,0.341116
NEXUS-2398,0.193757
NEXUS-2397,0.08152
NEXUS-2396,0.063948
NEXUS-2395,0.032344
NEXUS-2394,0.032344
NEXUS-2393,0.035948
NEXUS-2392,0.623721
NEXUS-2391,0.242026
NEXUS-2390,0.017309
NEXUS-2389,0.018125
NEXUS-2388,0.108566
NEXUS-2387,0.065605
NEXUS-2386,0.080069
NEXUS-2385,0.064418
NEXUS-2384,0.090093
NEXUS-2383,0.071851
NEXUS-2381,0.853913
NEXUS-2380,0.120439
NEXUS-2379,0.34621
NEXUS-2378,0.155591
NEXUS-2377,0.175821
NEXUS-2376,0.017849
NEXUS-2375,0.100525
NEXUS-2374,0.059428
NEXUS-2373,0.103386
NEXUS-2372,0.07477
NEXUS-2371,0.879147
NEXUS-2370,0.666334
NEXUS-2369,0.33674
NEXUS-2368,0.048137
NEXUS-2367,0.049222
NEXUS-2366,0.071851
NEXUS-2365,0.045692
NEXUS-2364,0.049589
NEXUS-2363,0.05301
NEXUS-2362,0.06804
NEXUS-2361,0.051463
NEXUS-2360,0.063715
NEXUS-2359,0.069038
NEXUS-2358,0.040846
NEXUS-2357,0.089773
NEXUS-2356,0.056652
NEXUS-2355,0.642096
NEXUS-2351,0.147065
NEXUS-2350,0.349422
NEXUS-2349,0.122944
NEXUS-2348,0.226099
NEXUS-2347,0.125065
NEXUS-2346,0.127218
NEXUS-2345,0.155078
NEXUS-2344,0.031619
NEXUS-2343,0.042088
NEXUS-2342,0.061424
NEXUS-2341,0.104843
NEXUS-2340,0.018405
NEXUS-2339,0.039048
NEXUS-2338,0.071591
NEXUS-2337,0.056652
NEXUS-2336,0.042404
NEXUS-2335,0.057918
NEXUS-2334,0.033844
NEXUS-2333,0.029312
NEXUS-2332,0.045353
NEXUS-2331,0.2763
NEXUS-2330,0.067056
NEXUS-2329,0.749087
NEXUS-2328,0.428951
NEXUS-2327,0.039937
NEXUS-2326,0.044681
NEXUS-2325,0.034881
NEXUS-2324,0.071591
NEXUS-2323,0.106319
NEXUS-2322,0.121269
NEXUS-2321,0.514644
NEXUS-2320,0.420362
NEXUS-2319,0.129843
NEXUS-2318,0.022286
NEXUS-2317,0.88642
NEXUS-2316,0.049959
NEXUS-2315,0.063482
NEXUS-2314,0.090414
NEXUS-2313,0.154058
NEXUS-2312,0.04778
NEXUS-2311,0.541409
NEXUS-2310,0.034619
NEXUS-2309,0.07836
NEXUS-2308,0.052619
NEXUS-2307,0.239883
NEXUS-2306,0.108189
NEXUS-2305,0.20947
NEXUS-2304,0.025957
NEXUS-2303,0.148294
NEXUS-2302,0.065605
NEXUS-2301,0.045353
NEXUS-2300,0.065128
NEXUS-2299,0.296272
NEXUS-2298,0.410874
NEXUS-2297,0.060752
NEXUS-2296,0.013532
NEXUS-2294,0.107437
NEXUS-2293,0.124213
NEXUS-2292,0.053999
NEXUS-2291,0.048137
NEXUS-2290,0.039937
NEXUS-2289,0.203391
NEXUS-2288,0.039937
NEXUS-2287,0.018264
NEXUS-2286,0.066812
NEXUS-2285,0.065845
NEXUS-2284,0.746509
NEXUS-2283,0.03138
NEXUS-2282,0.051845
NEXUS-2281,0.147801
NEXUS-2280,0.025371
NEXUS-2279,0.292292
NEXUS-2278,0.254694
NEXUS-2277,0.568176
NEXUS-2276,0.254416
NEXUS-2275,0.037892
NEXUS-2274,0.794704
NEXUS-2273,0.038466
NEXUS-2272,0.834407
NEXUS-2271,0.050705
NEXUS-2270,0.153549
NEXUS-2269,0.863392
NEXUS-2268,0.082994
NEXUS-2267,0.040541
NEXUS-2266,0.761716
NEXUS-2265,0.866585
NEXUS-2264,0.060752
NEXUS-2263,0.081813
NEXUS-2262,0.050331
NEXUS-2261,0.120853
NEXUS-2260,0.383815
NEXUS-2259,0.155591
NEXUS-2258,0.072374
NEXUS-2257,0.086942
NEXUS-2256,0.049222
NEXUS-2255,0.731442
NEXUS-2254,0.167219
NEXUS-2253,0.306034
NEXUS-2252,0.090414
NEXUS-2251,0.870597
NEXUS-2250,0.083591
NEXUS-2249,0.033337
NEXUS-2248,0.687
NEXUS-2247,0.63426
NEXUS-2246,0.388386
NEXUS-2245,0.149531
NEXUS-2244,0.386069
NEXUS-2243,0.09236
NEXUS-2242,0.437583
NEXUS-2241,0.655152
NEXUS-2240,0.03359
NEXUS-2239,0.0729
NEXUS-2238,0.066569
NEXUS-2237,0.088505
NEXUS-2236,0.033844
NEXUS-2235,0.054601
NEXUS-2234,0.042088
NEXUS-2233,0.153803
NEXUS-2232,0.123366
NEXUS-2231,0.107813
NEXUS-2230,0.048858
NEXUS-2229,0.082697
NEXUS-2228,0.067056
NEXUS-2227,0.049222
NEXUS-2226,0.054601
NEXUS-2225,0.104112
NEXUS-2224,0.058132
NEXUS-2223,0.056862
NEXUS-2221,0.043691
NEXUS-2220,0.128088
NEXUS-2219,0.042722
NEXUS-2218,0.07343
NEXUS-2217,0.108566
NEXUS-2216,0.041153
NEXUS-2215,0.899475
NEXUS-2214,0.081228
NEXUS-2213,0.195902
NEXUS-2212,0.043043
NEXUS-2211,0.076684
NEXUS-2210,0.080357
NEXUS-2209,0.086632
NEXUS-2208,0.087876
NEXUS-2207,0.073963
NEXUS-2206,0.065366
NEXUS-2205,0.097734
NEXUS-2204,0.069038
NEXUS-2203,0.106319
NEXUS-2202,0.155335
NEXUS-2201,0.019271
NEXUS-2200,0.213213
NEXUS-2199,0.88642
NEXUS-2198,0.089455
NEXUS-2197,0.124213
NEXUS-2196,0.103024
NEXUS-2195,0.110088
NEXUS-2194,0.099121
NEXUS-2193,0.073963
NEXUS-2192,0.013223
NEXUS-2191,0.100879
NEXUS-2190,0.086942
NEXUS-2189,0.039639
NEXUS-2188,0.100525
NEXUS-2187,0.702734
NEXUS-2186,0.018264
NEXUS-2185,0.168309
NEXUS-2184,0.104112
NEXUS-2183,0.097048
NEXUS-2182,0.107063
NEXUS-2181,0.055618
NEXUS-2180,0.055209
NEXUS-2179,0.030444
NEXUS-2178,0.146575
NEXUS-2177,0.379838
NEXUS-2176,0.085099
NEXUS-2175,0.090414
NEXUS-2174,0.168309
NEXUS-2173,0.064183
NEXUS-2172,0.688992
NEXUS-2171,0.098773
NEXUS-2170,0.342847
NEXUS-2169,0.057282
NEXUS-2168,0.796292
NEXUS-2167,0.069289
NEXUS-2166,0.051845
NEXUS-2165,0.108945
NEXUS-2164,0.054803
NEXUS-2163,0.065605
NEXUS-2162,0.060529
NEXUS-2161,0.105579
NEXUS-2160,0.091707
NEXUS-2159,0.622
NEXUS-2158,0.206894
NEXUS-2157,0.07056
NEXUS-2156,0.056862
NEXUS-2154,0.130285
NEXUS-2149,0.032101
NEXUS-2148,0.059866
NEXUS-2147,0.063948
NEXUS-2146,0.057705
NEXUS-2145,0.122944
NEXUS-2144,0.059647
NEXUS-2143,0.04778
NEXUS-2142,0.037892
NEXUS-2141,0.273866
NEXUS-2140,0.680295
NEXUS-2139,0.076408
NEXUS-2138,0.06256
NEXUS-2137,0.039343
NEXUS-2136,0.080937
NEXUS-2135,0.157914
NEXUS-2134,0.296094
NEXUS-2132,0.050705
NEXUS-2130,0.106319
NEXUS-2129,0.039343
NEXUS-2128,0.029091
NEXUS-2127,0.192236
NEXUS-2126,0.054199
NEXUS-2125,0.071074
NEXUS-2124,0.166404
NEXUS-2123,0.620392
NEXUS-2122,0.049959
NEXUS-2121,0.023153
NEXUS-2120,0.049959
NEXUS-2119,0.07921
NEXUS-2118,0.128525
NEXUS-2117,0.066085
NEXUS-2116,0.065128
NEXUS-2115,0.06489
NEXUS-2114,0.022629
NEXUS-2113,0.05301
NEXUS-2112,0.061876
NEXUS-2111,0.043691
NEXUS-2110,0.043691
NEXUS-2109,0.079782
NEXUS-2108,0.0538
NEXUS-2107,0.490724
NEXUS-2106,0.051463
NEXUS-2105,0.081813
NEXUS-2104,0.036494
NEXUS-2103,0.037327
NEXUS-2102,0.086942
NEXUS-2101,0.056652
NEXUS-2100,0.066327
NEXUS-2099,0.065605
NEXUS-2098,0.056652
NEXUS-2097,0.0341
NEXUS-2096,0.506347
NEXUS-2095,0.109325
NEXUS-2094,0.054601
NEXUS-2093,0.029987
NEXUS-2092,0.037892
NEXUS-2091,0.034359
NEXUS-2090,0.03622
NEXUS-2089,0.063948
NEXUS-2088,0.567937
NEXUS-2085,0.345933
NEXUS-2084,0.210279
NEXUS-2083,0.111241
NEXUS-2082,0.042404
NEXUS-2081,0.054399
NEXUS-2080,0.118385
NEXUS-2079,0.037892
NEXUS-2078,0.054601
NEXUS-2077,0.122523
NEXUS-2076,0.110471
NEXUS-2075,0.198375
NEXUS-2074,0.038756
NEXUS-2073,0.042088
NEXUS-2072,0.698124
NEXUS-2069,0.110471
NEXUS-2062,0.164785
NEXUS-2061,0.051083
NEXUS-2060,0.237046
NEXUS-2059,0.055618
NEXUS-2058,0.067547
NEXUS-2057,0.040846
NEXUS-2056,0.199932
NEXUS-2055,0.066327
NEXUS-2054,0.033337
NEXUS-2053,0.069542
NEXUS-2052,0.037327
NEXUS-2051,0.77081
NEXUS-2050,0.591959
NEXUS-2049,0.685949
NEXUS-2048,0.366023
NEXUS-2047,0.095687
NEXUS-2046,0.045692
NEXUS-2045,0.266453
NEXUS-2044,0.071851
NEXUS-2043,0.045016
NEXUS-2042,0.853425
NEXUS-2041,0.069289
NEXUS-2040,0.044349
NEXUS-2039,0.097734
NEXUS-2038,0.048137
NEXUS-2037,0.017712
NEXUS-2036,0.03138
NEXUS-2035,0.023509
NEXUS-2034,0.043691
NEXUS-2033,0.026557
NEXUS-2032,0.026557
NEXUS-2031,0.038756
NEXUS-2030,0.354768
NEXUS-2029,0.123789
NEXUS-2028,0.117167
NEXUS-2027,0.033844
NEXUS-2026,0.037327
NEXUS-2025,0.014504
NEXUS-2024,0.087876
NEXUS-2023,0.155591
NEXUS-2022,0.087564
NEXUS-2021,0.045353
NEXUS-2020,0.040541
NEXUS-2019,0.072637
NEXUS-2018,0.09401
NEXUS-2017,0.086632
NEXUS-2016,0.038756
NEXUS-2015,0.055413
NEXUS-2013,0.044019
NEXUS-2012,0.04778
NEXUS-2011,0.046378
NEXUS-2010,0.233008
NEXUS-2009,0.123366
NEXUS-2008,0.108945
NEXUS-2007,0.02461
NEXUS-2006,0.043691
NEXUS-2005,0.022117
NEXUS-2004,0.082402
NEXUS-2003,0.055413
NEXUS-2002,0.07343
NEXUS-2001,0.08819
NEXUS-2000,0.385837
NEXUS-1999,0.531696
NEXUS-1998,0.028653
NEXUS-1997,0.036769
NEXUS-1996,0.026964
NEXUS-1995,0.098773
NEXUS-1994,0.029091
NEXUS-1993,0.052619
NEXUS-1992,0.110088
NEXUS-1991,0.044019
NEXUS-1990,0.624122
NEXUS-1989,0.038466
NEXUS-1988,0.232484
NEXUS-1987,0.039937
NEXUS-1986,0.876211
NEXUS-1985,0.07343
NEXUS-1984,0.010818
NEXUS-1983,0.098425
NEXUS-1982,0.024238
NEXUS-1977,0.417746
NEXUS-1976,0.030676
NEXUS-1975,0.478529
NEXUS-1974,0.40028
NEXUS-1973,0.672869
NEXUS-1972,0.481941
NEXUS-1971,0.028871
NEXUS-1970,0.082402
NEXUS-1969,0.020023
NEXUS-1968,0.020804
NEXUS-1967,0.065605
NEXUS-1966,0.017442
NEXUS-1965,0.035679
NEXUS-1964,0.366703
NEXUS-1963,0.104843
NEXUS-1962,0.08389
NEXUS-1961,0.059647
NEXUS-1960,0.045353
NEXUS-1959,0.117572
NEXUS-1958,0.058132
NEXUS-1957,0.08882
NEXUS-1956,0.146087
NEXUS-1955,0.124639
NEXUS-1954,0.028436
NEXUS-1953,0.098425
NEXUS-1952,0.494629
NEXUS-1951,0.187728
NEXUS-1950,0.022286
NEXUS-1949,0.041462
NEXUS-1948,0.048858
NEXUS-1947,0.031859
NEXUS-1946,0.008779
NEXUS-1945,0.017309
NEXUS-1944,0.400515
NEXUS-1943,0.094678
NEXUS-1942,0.016029
NEXUS-1941,0.030215
NEXUS-1940,0.055618
NEXUS-1939,0.058346
NEXUS-1938,0.053403
NEXUS-1937,0.057918
NEXUS-1936,0.126353
NEXUS-1935,0.038178
NEXUS-1934,0.326017
NEXUS-1933,0.108945
NEXUS-1932,0.109706
NEXUS-1931,0.050705
NEXUS-1930,0.117572
NEXUS-1929,0.176388
NEXUS-1928,0.017577
NEXUS-1927,0.014616
NEXUS-1926,0.062789
NEXUS-1925,0.051083
NEXUS-1924,0.048137
NEXUS-1923,0.401453
NEXUS-1922,0.228156
NEXUS-1921,0.071074
NEXUS-1920,0.867036
NEXUS-1919,0.015425
NEXUS-1918,0.09236
NEXUS-1917,0.054601
NEXUS-1916,0.078926
NEXUS-1915,0.049589
NEXUS-1914,0.117167
NEXUS-1912,0.041462
NEXUS-1911,0.051083
NEXUS-1910,0.049589
NEXUS-1909,0.049589
NEXUS-1908,0.042722
NEXUS-1907,0.039937
NEXUS-1906,0.035948
NEXUS-1904,0.022457
NEXUS-1903,0.101589
NEXUS-1902,0.019124
NEXUS-1901,0.0341
NEXUS-1900,0.019719
NEXUS-1899,0.014282
NEXUS-1898,0.010902
NEXUS-1897,0.020964
NEXUS-1896,0.053206
NEXUS-1895,0.065845
NEXUS-1894,0.030215
NEXUS-1893,0.125065
NEXUS-1892,0.175821
NEXUS-1891,0.064183
NEXUS-1890,0.039343
NEXUS-1889,0.056652
NEXUS-1888,0.048858
NEXUS-1887,0.040238
NEXUS-1886,0.039639
NEXUS-1885,0.059647
NEXUS-1884,0.103386
NEXUS-1883,0.048496
NEXUS-1882,0.513181
NEXUS-1881,0.062789
NEXUS-1880,0.076408
NEXUS-1879,0.046034
NEXUS-1878,0.014172
NEXUS-1877,0.680985
NEXUS-1876,0.012336
NEXUS-1875,0.05301
NEXUS-1874,0.014392
NEXUS-1873,0.06804
NEXUS-1872,0.031859
NEXUS-1871,0.761361
NEXUS-1870,0.110856
NEXUS-1868,0.633127
NEXUS-1867,0.70069
NEXUS-1866,0.037327
NEXUS-1865,0.21767
NEXUS-1864,0.016403
NEXUS-1863,0.037047
NEXUS-1862,0.022457
NEXUS-1861,0.025565
NEXUS-1860,0.029987
NEXUS-1859,0.452536
NEXUS-1858,0.042088
NEXUS-1857,0.043043
NEXUS-1856,0.021125
NEXUS-1855,0.033337
NEXUS-1854,0.03622
NEXUS-1853,0.010489
NEXUS-1852,0.341486
NEXUS-1851,0.024988
NEXUS-1850,0.703753
NEXUS-1849,0.028436
NEXUS-1848,0.056862
NEXUS-1847,0.07477
NEXUS-1846,0.811974
NEXUS-1845,0.156105
NEXUS-1844,0.782995
NEXUS-1843,0.120853
NEXUS-1842,0.913984
NEXUS-1841,0.120439
NEXUS-1839,0.035411
NEXUS-1838,0.334916
NEXUS-1837,0.03359
NEXUS-1836,0.836555
NEXUS-1835,0.070049
NEXUS-1834,0.056029
NEXUS-1833,0.156105
NEXUS-1832,0.143908
NEXUS-1831,0.166404
NEXUS-1830,0.301773
NEXUS-1829,0.028436
NEXUS-1828,0.042404
NEXUS-1827,0.014842
NEXUS-1826,0.020332
NEXUS-1825,0.039639
NEXUS-1824,0.550124
NEXUS-1823,0.050331
NEXUS-1822,0.058561
NEXUS-1821,0.074231
NEXUS-1820,0.038756
NEXUS-1819,0.048858
NEXUS-1818,0.293
NEXUS-1817,0.07056
NEXUS-1816,0.150528
NEXUS-1815,0.078926
NEXUS-1814,0.084795
NEXUS-1813,0.190423
NEXUS-1812,0.043366
NEXUS-1811,0.043366
NEXUS-1810,0.067793
NEXUS-1809,0.025761
NEXUS-1808,0.034359
NEXUS-1807,0.511229
NEXUS-1806,0.067056
NEXUS-1805,0.131173
NEXUS-1804,0.083292
NEXUS-1802,0.100172
NEXUS-1801,0.830044
NEXUS-1800,0.884039
NEXUS-1799,0.801936
NEXUS-1798,0.016403
NEXUS-1797,0.039048
NEXUS-1796,0.106691
NEXUS-1795,0.719975
NEXUS-1793,0.105948
NEXUS-1792,0.05301
NEXUS-1791,0.047074
NEXUS-1790,0.082107
NEXUS-1789,0.036769
NEXUS-1788,0.011332
NEXUS-1787,0.255622
NEXUS-1786,0.527317
NEXUS-1785,0.013849
NEXUS-1784,0.187728
NEXUS-1783,0.041774
NEXUS-1782,0.016277
NEXUS-1781,0.363421
NEXUS-1780,0.544559
NEXUS-1779,0.104112
NEXUS-1778,0.041462
NEXUS-1777,0.524882
NEXUS-1776,0.034619
NEXUS-1775,0.066569
NEXUS-1774,0.046378
NEXUS-1773,0.860134
NEXUS-1772,0.053206
NEXUS-1771,0.113187
NEXUS-1770,0.890294
NEXUS-1769,0.043366
NEXUS-1768,0.186836
NEXUS-1767,0.100879
NEXUS-1766,0.749087
NEXUS-1765,0.865224
NEXUS-1764,0.619701
NEXUS-1763,0.077518
NEXUS-1762,0.018264
NEXUS-1761,0.226099
NEXUS-1760,0.08389
NEXUS-1759,0.095687
NEXUS-1758,0.480966
NEXUS-1757,0.011245
NEXUS-1756,0.021451
NEXUS-1755,0.016785
NEXUS-1754,0.022117
NEXUS-1753,0.042404
NEXUS-1752,0.018125
NEXUS-1751,0.508788
NEXUS-1750,0.134776
NEXUS-1749,0.052619
NEXUS-1748,0.092688
NEXUS-1747,0.103386
NEXUS-1746,0.031619
NEXUS-1745,0.068787
NEXUS-1744,0.065605
NEXUS-1743,0.020023
NEXUS-1742,0.034881
NEXUS-1741,0.087564
NEXUS-1740,0.099821
NEXUS-1739,0.031619
NEXUS-1738,0.085404
NEXUS-1737,0.070816
NEXUS-1736,0.033337
NEXUS-1735,0.089455
NEXUS-1734,0.019124
NEXUS-1733,0.076684
NEXUS-1732,0.169406
NEXUS-1731,0.02976
NEXUS-1730,0.028653
NEXUS-1729,0.019569
NEXUS-1728,0.026156
NEXUS-1727,0.044019
NEXUS-1726,0.024798
NEXUS-1725,0.181844
NEXUS-1724,0.390476
NEXUS-1723,0.010987
NEXUS-1722,0.052619
NEXUS-1721,0.197135
NEXUS-1720,0.020332
NEXUS-1719,0.048496
NEXUS-1718,0.014172
NEXUS-1717,0.040238
NEXUS-1716,0.022803
NEXUS-1713,0.029091
NEXUS-1712,0.099821
NEXUS-1711,0.033844
NEXUS-1710,0.080069
NEXUS-1709,0.012625
NEXUS-1708,0.029535
NEXUS-1707,0.572723
NEXUS-1706,0.735071
NEXUS-1705,0.100172
NEXUS-1704,0.030215
NEXUS-1703,0.161849
NEXUS-1702,0.038466
NEXUS-1701,0.029535
NEXUS-1700,0.014616
NEXUS-1699,0.047426
NEXUS-1698,0.08882
NEXUS-1697,0.117572
NEXUS-1696,0.793746
NEXUS-1695,0.034619
NEXUS-1694,0.032344
NEXUS-1693,0.023689
NEXUS-1692,0.0341
NEXUS-1691,0.03622
NEXUS-1690,0.031144
NEXUS-1689,0.065605
NEXUS-1688,0.020804
NEXUS-1687,0.024423
NEXUS-1686,0.708616
NEXUS-1685,0.401688
NEXUS-1684,0.019871
NEXUS-1683,0.024054
NEXUS-1682,0.063019
NEXUS-1680,0.037047
NEXUS-1679,0.058132
NEXUS-1677,0.050705
NEXUS-1676,0.051845
NEXUS-1675,0.126785
NEXUS-1674,0.029535
NEXUS-1673,0.039343
NEXUS-1672,0.045016
NEXUS-1671,0.024238
NEXUS-1670,0.040238
NEXUS-1668,0.70028
NEXUS-1667,0.039639
NEXUS-1666,0.759939
NEXUS-1665,0.013956
NEXUS-1664,0.046725
NEXUS-1662,0.036494
NEXUS-1661,0.019569
NEXUS-1660,0.035411
NEXUS-1659,0.021451
NEXUS-1658,0.015425
NEXUS-1657,0.017442
NEXUS-1656,0.018405
NEXUS-1655,0.017577
NEXUS-1654,0.013532
NEXUS-1652,0.743727
NEXUS-1651,0.048137
NEXUS-1650,0.038756
NEXUS-1649,0.032837
NEXUS-1648,0.667527
NEXUS-1647,0.181553
NEXUS-1646,0.749087
NEXUS-1645,0.048858
NEXUS-1644,0.149283
NEXUS-1643,0.034881
NEXUS-1642,0.021948
NEXUS-1641,0.009708
NEXUS-1640,0.021451
NEXUS-1639,0.065845
NEXUS-1638,0.875361
NEXUS-1637,0.038756
NEXUS-1636,0.577972
NEXUS-1635,0.257205
NEXUS-1634,0.513181
NEXUS-1633,0.542379
NEXUS-1632,0.312737
NEXUS-1631,0.21917
NEXUS-1630,0.049959
NEXUS-1629,0.408041
NEXUS-1628,0.082402
NEXUS-1627,0.059647
NEXUS-1626,0.015544
NEXUS-1625,0.011072
NEXUS-1624,0.039343
NEXUS-1623,0.017045
NEXUS-1622,0.024798
NEXUS-1621,0.021781
NEXUS-1620,0.013223
NEXUS-1619,0.039937
NEXUS-1618,0.034619
NEXUS-1617,0.045692
NEXUS-1616,0.072637
NEXUS-1615,0.08152
NEXUS-1614,0.084795
NEXUS-1613,0.035679
NEXUS-1612,0.010328
NEXUS-1611,0.07921
NEXUS-1610,0.330012
NEXUS-1609,0.331661
NEXUS-1608,0.053999
NEXUS-1607,0.069038
NEXUS-1606,0.013849
NEXUS-1605,0.013223
NEXUS-1604,0.051845
NEXUS-1603,0.046034
NEXUS-1602,0.091382
NEXUS-1601,0.227126
NEXUS-1600,0.080069
NEXUS-1599,0.5794
NEXUS-1598,0.026355
NEXUS-1597,0.064653
NEXUS-1596,0.057282
NEXUS-1595,0.070816
NEXUS-1594,0.090735
NEXUS-1593,0.026759
NEXUS-1592,0.130285
NEXUS-1591,0.033337
NEXUS-1590,0.01653
NEXUS-1589,0.015425
NEXUS-1588,0.016153
NEXUS-1587,0.019419
NEXUS-1586,0.020177
NEXUS-1585,0.013428
NEXUS-1584,0.021615
NEXUS-1583,0.041774
NEXUS-1582,0.02461
NEXUS-1581,0.138229
NEXUS-1580,0.630287
NEXUS-1579,0.855369
NEXUS-1578,0.021781
NEXUS-1577,0.022457
NEXUS-1576,0.026156
NEXUS-1575,0.017309
NEXUS-1574,0.039048
NEXUS-1573,0.063482
NEXUS-1572,0.165863
NEXUS-1571,0.07921
NEXUS-1570,0.919063
NEXUS-1569,0.26086
NEXUS-1568,0.841826
NEXUS-1567,0.06165
NEXUS-1566,0.066085
NEXUS-1565,0.046725
NEXUS-1564,0.147065
NEXUS-1563,0.710628
NEXUS-1562,0.073963
NEXUS-1561,0.431584
NEXUS-1560,0.170784
NEXUS-1559,0.089137
NEXUS-1558,0.621196
NEXUS-1557,0.052425
NEXUS-1556,0.099821
NEXUS-1555,0.142709
NEXUS-1554,0.026759
NEXUS-1552,0.061199
NEXUS-1551,0.099121
NEXUS-1550,0.053999
NEXUS-1549,0.037327
NEXUS-1548,0.231093
NEXUS-1547,0.494629
NEXUS-1546,0.087252
NEXUS-1545,0.572723
NEXUS-1544,0.016277
NEXUS-1543,0.150778
NEXUS-1542,0.608943
NEXUS-1541,0.018689
NEXUS-1540,0.030909
NEXUS-1537,0.045353
NEXUS-1536,0.032101
NEXUS-1535,0.043366
NEXUS-1534,0.243642
NEXUS-1533,0.0341
NEXUS-1532,0.009413
NEXUS-1531,0.08819
NEXUS-1530,0.075585
NEXUS-1529,0.302082
NEXUS-1528,0.117978
NEXUS-1527,0.024238
NEXUS-1526,0.40592
NEXUS-1525,0.032837
NEXUS-1524,0.178669
NEXUS-1523,0.091382
NEXUS-1522,0.028871
NEXUS-1521,0.028436
NEXUS-1520,0.045016
NEXUS-1519,0.05921
NEXUS-1518,0.082107
NEXUS-1517,0.021948
NEXUS-1516,0.040541
NEXUS-1515,0.046378
NEXUS-1514,0.022803
NEXUS-1513,0.051463
NEXUS-1512,0.289071
NEXUS-1511,0.620507
NEXUS-1510,0.84338
NEXUS-1507,0.737914
NEXUS-1506,0.742795
NEXUS-1505,0.853425
NEXUS-1504,0.680666
NEXUS-1503,0.738669
NEXUS-1502,0.066812
NEXUS-1501,0.141756
NEXUS-1500,0.892187
NEXUS-1499,0.174129
NEXUS-1498,0.035145
NEXUS-1497,0.191933
NEXUS-1496,0.208824
NEXUS-1495,0.36977
NEXUS-1494,0.219337
NEXUS-1493,0.167219
NEXUS-1492,0.817283
NEXUS-1491,0.039048
NEXUS-1490,0.049589
NEXUS-1489,0.09739
NEXUS-1488,0.014504
NEXUS-1487,0.041462
NEXUS-1486,0.086632
NEXUS-1485,0.040238
NEXUS-1484,0.151781
NEXUS-1483,0.118793
NEXUS-1482,0.782995
NEXUS-1481,0.056029
NEXUS-1480,0.038756
NEXUS-1479,0.025957
NEXUS-1478,0.026355
NEXUS-1477,0.040541
NEXUS-1476,0.122104
NEXUS-1475,0.089137
NEXUS-1474,0.178669
NEXUS-1473,0.015189
NEXUS-1472,0.016277
NEXUS-1471,0.191026
NEXUS-1470,0.160266
NEXUS-1469,0.261897
NEXUS-1468,0.60288
NEXUS-1467,0.07836
NEXUS-1466,0.326865
NEXUS-1465,0.060975
NEXUS-1464,0.027169
NEXUS-1463,0.401923
NEXUS-1462,0.018405
NEXUS-1461,0.037609
NEXUS-1460,0.017309
NEXUS-1459,0.14731
NEXUS-1458,0.21984
NEXUS-1457,0.070304
NEXUS-1456,0.083591
NEXUS-1455,0.029312
NEXUS-1454,0.13707
NEXUS-1453,0.37502
NEXUS-1452,0.08152
NEXUS-1451,0.152284
NEXUS-1450,0.091058
NEXUS-1449,0.062331
NEXUS-1448,0.069795
NEXUS-1447,0.249813
NEXUS-1446,0.039937
NEXUS-1445,0.110471
NEXUS-1444,0.198996
NEXUS-1443,0.128963
NEXUS-1442,0.259263
NEXUS-1441,0.115561
NEXUS-1440,0.176104
NEXUS-1439,0.307507
NEXUS-1438,0.204025
NEXUS-1437,0.184473
NEXUS-1436,0.179243
NEXUS-1435,0.16132
NEXUS-1434,0.093347
NEXUS-1433,0.458106
NEXUS-1432,0.243283
NEXUS-1430,0.081813
NEXUS-1429,0.010328
NEXUS-1428,0.022457
NEXUS-1427,0.024054
NEXUS-1426,0.0341
NEXUS-1425,0.178383
NEXUS-1424,0.053403
NEXUS-1423,0.082107
NEXUS-1422,0.112795
NEXUS-1421,0.357343
NEXUS-1420,0.521471
NEXUS-1419,0.097734
NEXUS-1418,0.416085
NEXUS-1417,0.439747
NEXUS-1416,0.567697
NEXUS-1415,0.591723
NEXUS-1414,0.076961
NEXUS-1413,0.038756
NEXUS-1412,0.022803
NEXUS-1411,0.050705
NEXUS-1410,0.657153
NEXUS-1409,0.55447
NEXUS-1408,0.075041
NEXUS-1407,0.259544
NEXUS-1406,0.869715
NEXUS-1405,0.052231
NEXUS-1404,0.050331
NEXUS-1403,0.311427
NEXUS-1402,0.014957
NEXUS-1401,0.026156
NEXUS-1400,0.128088
NEXUS-1399,0.312632
NEXUS-1398,0.049959
NEXUS-1397,0.075858
NEXUS-1396,0.416559
NEXUS-1395,0.911495
NEXUS-1394,0.021948
NEXUS-1393,0.789883
NEXUS-1392,0.035411
NEXUS-1391,0.751283
NEXUS-1390,0.037892
NEXUS-1389,0.014172
NEXUS-1388,0.047074
NEXUS-1387,0.014172
NEXUS-1386,0.014957
NEXUS-1385,0.039937
NEXUS-1384,0.584627
NEXUS-1383,0.06489
NEXUS-1382,0.272605
NEXUS-1381,0.024238
NEXUS-1380,0.617628
NEXUS-1379,0.052231
NEXUS-1378,0.033844
NEXUS-1377,0.182426
NEXUS-1376,0.150778
NEXUS-1375,0.156362
NEXUS-1374,0.442636
NEXUS-1373,0.077239
NEXUS-1372,0.026355
NEXUS-1371,0.102305
NEXUS-1370,0.094678
NEXUS-1369,0.023871
NEXUS-1368,0.045692
NEXUS-1367,0.433742
NEXUS-1366,0.066812
NEXUS-1365,0.480966
NEXUS-1364,0.017177
NEXUS-1363,0.011072
NEXUS-1362,0.036494
NEXUS-1361,0.057282
NEXUS-1360,0.020646
NEXUS-1358,0.196209
NEXUS-1357,0.024423
NEXUS-1356,0.017045
NEXUS-1355,0.026759
NEXUS-1354,0.05301
NEXUS-1352,0.022457
NEXUS-1351,0.026557
NEXUS-1350,0.017712
NEXUS-1349,0.038178
NEXUS-1348,0.034619
NEXUS-1347,0.060308
NEXUS-1346,0.096706
NEXUS-1345,0.024238
NEXUS-1344,0.025565
NEXUS-1343,0.016277
NEXUS-1342,0.798501
NEXUS-1341,0.047074
NEXUS-1340,0.025761
NEXUS-1339,0.057282
NEXUS-1338,0.013325
NEXUS-1337,0.020646
NEXUS-1336,0.0729
NEXUS-1335,0.026355
NEXUS-1334,0.071074
NEXUS-1333,0.030444
NEXUS-1332,0.065366
NEXUS-1331,0.038756
NEXUS-1330,0.196826
NEXUS-1329,0.188623
NEXUS-1328,0.586049
NEXUS-1327,0.793106
NEXUS-1326,0.871912
NEXUS-1325,0.027376
NEXUS-1324,0.049589
NEXUS-1323,0.017986
NEXUS-1322,0.139866
NEXUS-1321,0.046034
NEXUS-1320,0.418459
NEXUS-1319,0.014957
NEXUS-1318,0.047426
NEXUS-1317,0.520984
NEXUS-1316,0.220678
NEXUS-1315,0.340924
NEXUS-1314,0.806548
NEXUS-1313,0.056029
NEXUS-1312,0.102664
NEXUS-1311,0.06165
NEXUS-1310,0.077518
NEXUS-1309,0.08882
NEXUS-1308,0.013742
NEXUS-1307,0.066327
NEXUS-1306,0.024054
NEXUS-1305,0.131173
NEXUS-1303,0.049959
NEXUS-1302,0.066327
NEXUS-1301,0.072374
NEXUS-1300,0.030676
NEXUS-1299,0.03359
NEXUS-1298,0.020646
NEXUS-1297,0.741674
NEXUS-1296,0.596198
NEXUS-1295,0.021615
NEXUS-1294,0.050705
NEXUS-1293,0.645455
NEXUS-1292,0.351422
NEXUS-1291,0.130285
NEXUS-1290,0.167763
NEXUS-1289,0.137301
NEXUS-1288,0.721351
NEXUS-1287,0.609059
NEXUS-1286,0.131173
NEXUS-1285,0.652255
NEXUS-1284,0.348091
NEXUS-1283,0.011778
NEXUS-1282,0.028436
NEXUS-1281,0.659268
NEXUS-1280,0.058132
NEXUS-1279,0.033844
NEXUS-1278,0.03622
NEXUS-1277,0.020332
NEXUS-1276,0.048496
NEXUS-1275,0.101233
NEXUS-1274,0.084191
NEXUS-1273,0.045016
NEXUS-1272,0.013637
NEXUS-1268,0.03622
NEXUS-1267,0.021287
NEXUS-1266,0.179531
NEXUS-1265,0.011869
NEXUS-1263,0.054199
NEXUS-1261,0.030215
NEXUS-1260,0.090735
NEXUS-1259,0.017309
NEXUS-1258,0.034881
NEXUS-1257,0.061876
NEXUS-1255,0.020646
NEXUS-1254,0.118793
NEXUS-1253,0.03138
NEXUS-1252,0.026759
NEXUS-1251,0.039937
NEXUS-1250,0.036494
NEXUS-1238,0.473657
NEXUS-1237,0.057705
NEXUS-1236,0.021451
NEXUS-1235,0.069542
NEXUS-1234,0.287568
NEXUS-1233,0.017177
NEXUS-1232,0.027376
NEXUS-1231,0.026355
NEXUS-1228,0.038466
NEXUS-1227,0.066085
NEXUS-1226,0.161585
NEXUS-1225,0.052425
NEXUS-1224,0.030444
NEXUS-1223,0.035145
NEXUS-1222,0.045016
NEXUS-1221,0.020332
NEXUS-1220,0.670554
NEXUS-1219,0.867934
NEXUS-1218,0.06256
NEXUS-1217,0.731442
NEXUS-1216,0.29761
NEXUS-1215,0.699152
NEXUS-1214,0.103749
NEXUS-1213,0.240239
NEXUS-1212,0.232136
NEXUS-1211,0.324771
NEXUS-1210,0.14247
NEXUS-1209,0.044019
NEXUS-1208,0.058346
NEXUS-1207,0.039937
NEXUS-1206,0.054601
NEXUS-1205,0.606032
NEXUS-1204,0.03138
NEXUS-1203,0.142948
NEXUS-1202,0.152537
NEXUS-1201,0.040846
NEXUS-1200,0.699665
NEXUS-1199,0.07477
NEXUS-1198,0.105948
NEXUS-1197,0.31216
NEXUS-1196,0.021781
NEXUS-1195,0.043691
NEXUS-1194,0.026759
NEXUS-1193,0.089137
NEXUS-1192,0.151278
NEXUS-1191,0.045016
NEXUS-1190,0.483892
NEXUS-1189,0.03622
NEXUS-1188,0.345492
NEXUS-1187,0.841826
NEXUS-1186,0.058777
NEXUS-1185,0.031144
NEXUS-1184,0.06256
NEXUS-1183,0.032837
NEXUS-1182,0.068537
NEXUS-1181,0.791821
NEXUS-1180,0.812867
NEXUS-1179,0.308372
NEXUS-1178,0.053403
NEXUS-1177,0.28877
NEXUS-1176,0.382257
NEXUS-1175,0.026759
NEXUS-1174,0.030676
NEXUS-1173,0.040541
NEXUS-1172,0.040846
NEXUS-1171,0.041153
NEXUS-1170,0.030444
NEXUS-1169,0.017045
NEXUS-1168,0.012336
NEXUS-1167,0.091382
NEXUS-1164,0.019271
NEXUS-1163,0.037047
NEXUS-1162,0.052619
NEXUS-1161,0.056029
NEXUS-1160,0.048858
NEXUS-1159,0.850469
NEXUS-1158,0.009268
NEXUS-1157,0.049959
NEXUS-1156,0.034359
NEXUS-1155,0.228156
NEXUS-1154,0.107063
NEXUS-1153,0.656988
NEXUS-1152,0.271348
NEXUS-1151,0.020489
NEXUS-1150,0.803174
NEXUS-1149,0.018405
NEXUS-1148,0.190423
NEXUS-1147,0.024798
NEXUS-1146,0.082107
NEXUS-1145,0.080647
NEXUS-1144,0.067793
NEXUS-1143,0.039343
NEXUS-1142,0.02976
NEXUS-1141,0.025957
NEXUS-1140,0.066812
NEXUS-1139,0.062331
NEXUS-1138,0.061424
NEXUS-1137,0.071332
NEXUS-1136,0.078926
NEXUS-1135,0.037892
NEXUS-1134,0.033337
NEXUS-1133,0.015544
NEXUS-1132,0.041774
NEXUS-1131,0.024423
NEXUS-1130,0.181263
NEXUS-1129,0.128963
NEXUS-1128,0.558568
NEXUS-1127,0.022977
NEXUS-1126,0.057282
NEXUS-1125,0.05301
NEXUS-1124,0.017577
NEXUS-1123,0.020646
NEXUS-1122,0.109706
NEXUS-1121,0.149035
NEXUS-1120,0.072112
NEXUS-1119,0.234933
NEXUS-1118,0.093017
NEXUS-1117,0.06804
NEXUS-1116,0.091707
NEXUS-1115,0.896251
NEXUS-1114,0.086323
NEXUS-1113,0.045353
NEXUS-1112,0.033844
NEXUS-1111,0.055823
NEXUS-1110,0.098773
NEXUS-1109,0.065366
NEXUS-1108,0.048137
NEXUS-1107,0.023153
NEXUS-1106,0.06804
NEXUS-1105,0.030909
NEXUS-1104,0.028221
NEXUS-1103,0.098425
NEXUS-1102,0.060529
NEXUS-1101,0.076408
NEXUS-1100,0.432782
NEXUS-1099,0.082697
NEXUS-1098,0.049959
NEXUS-1097,0.052231
NEXUS-1096,0.024423
NEXUS-1095,0.032344
NEXUS-1094,0.047074
NEXUS-1093,0.042404
NEXUS-1092,0.060087
NEXUS-1091,0.415373
NEXUS-1090,0.035948
NEXUS-1089,0.109325
NEXUS-1088,0.026156
NEXUS-1087,0.023509
NEXUS-1086,0.03138
NEXUS-1085,0.773559
NEXUS-1084,0.036494
NEXUS-1083,0.062103
NEXUS-1082,0.085404
NEXUS-1081,0.062331
NEXUS-1080,0.08819
NEXUS-1079,0.071332
NEXUS-1078,0.197754
NEXUS-1076,0.536313
NEXUS-1075,0.583203
NEXUS-1074,0.024988
NEXUS-1073,0.044019
NEXUS-1072,0.024054
NEXUS-1071,0.067056
NEXUS-1070,0.028653
NEXUS-1069,0.021287
NEXUS-1068,0.159741
NEXUS-1067,0.071332
NEXUS-1066,0.077239
NEXUS-1065,0.050705
NEXUS-1064,0.056236
NEXUS-1063,0.039343
NEXUS-1062,0.038178
NEXUS-1061,0.056236
NEXUS-1060,0.025957
NEXUS-1059,0.041462
NEXUS-1058,0.203391
NEXUS-1057,0.021615
NEXUS-1056,0.179818
NEXUS-1055,0.053601
NEXUS-1054,0.830594
NEXUS-1053,0.108189
NEXUS-1052,0.135232
NEXUS-1051,0.239172
NEXUS-1050,0.183301
NEXUS-1049,0.530236
NEXUS-1048,0.07921
NEXUS-1047,0.067301
NEXUS-1046,0.125923
NEXUS-1045,0.061424
NEXUS-1044,0.137764
NEXUS-1043,0.093678
NEXUS-1042,0.348423
NEXUS-1041,0.871475
NEXUS-1040,0.033844
NEXUS-1039,0.043043
NEXUS-1038,0.058132
NEXUS-1037,0.316462
NEXUS-1036,0.627495
NEXUS-1035,0.610453
NEXUS-1034,0.841305
NEXUS-1033,0.400749
NEXUS-1032,0.725454
NEXUS-1031,0.023331
NEXUS-1030,0.033337
NEXUS-1029,0.145844
NEXUS-1028,0.057493
NEXUS-1027,0.069795
NEXUS-1026,0.066327
NEXUS-1025,0.059647
NEXUS-1024,0.537041
NEXUS-1023,0.071332
NEXUS-1022,0.132066
NEXUS-1021,0.097734
NEXUS-1020,0.613352
NEXUS-1019,0.115162
NEXUS-1018,0.047074
NEXUS-1017,0.039048
NEXUS-1016,0.012241
NEXUS-1015,0.047074
NEXUS-1014,0.053999
NEXUS-1013,0.016915
NEXUS-1012,0.027169
NEXUS-1011,0.019419
NEXUS-1010,0.818737
NEXUS-1009,0.104843
NEXUS-1008,0.069038
NEXUS-1007,0.054601
NEXUS-1006,0.06256
NEXUS-1005,0.029312
NEXUS-1004,0.183594
NEXUS-1003,0.590071
NEXUS-1002,0.175538
NEXUS-1001,0.087876
NEXUS-1000,0.039048
NEXUS-999,0.117167
NEXUS-998,0.098079
NEXUS-997,0.059428
NEXUS-996,0.188623
NEXUS-995,0.209308
NEXUS-994,0.901921
NEXUS-993,0.035948
NEXUS-992,0.023871
NEXUS-991,0.024798
NEXUS-990,0.017045
NEXUS-989,0.035948
NEXUS-988,0.026964
NEXUS-987,0.041774
NEXUS-986,0.063948
NEXUS-985,0.472197
NEXUS-984,0.029091
NEXUS-983,0.03138
NEXUS-982,0.783326
NEXUS-981,0.021781
NEXUS-980,0.370567
NEXUS-979,0.075041
NEXUS-978,0.614278
NEXUS-977,0.764892
NEXUS-976,0.062331
NEXUS-975,0.029535
NEXUS-974,0.037892
NEXUS-973,0.013325
NEXUS-972,0.037609
NEXUS-971,0.019124
NEXUS-970,0.123789
NEXUS-969,0.141756
NEXUS-968,0.064653
NEXUS-967,0.050331
NEXUS-966,0.046725
NEXUS-965,0.015189
NEXUS-964,0.077239
NEXUS-963,0.05301
NEXUS-962,0.62395
NEXUS-961,0.019271
NEXUS-960,0.125493
NEXUS-959,0.042404
NEXUS-958,0.038466
NEXUS-957,0.033337
NEXUS-956,0.069795
NEXUS-955,0.060752
NEXUS-954,0.239349
NEXUS-953,0.108566
NEXUS-952,0.055823
NEXUS-951,0.050331
NEXUS-950,0.040541
NEXUS-949,0.058993
NEXUS-948,0.033844
NEXUS-947,0.030909
NEXUS-946,0.052619
NEXUS-945,0.783988
NEXUS-944,0.300002
NEXUS-943,0.27406
NEXUS-942,0.080357
NEXUS-941,0.761006
NEXUS-940,0.889912
NEXUS-939,0.039048
NEXUS-938,0.037047
NEXUS-937,0.028221
NEXUS-936,0.038178
NEXUS-935,0.108189
NEXUS-934,0.362179
NEXUS-933,0.600423
NEXUS-932,0.540924
NEXUS-931,0.104112
NEXUS-930,0.150528
NEXUS-929,0.24963
NEXUS-928,0.324396
NEXUS-927,0.345436
NEXUS-926,0.484868
NEXUS-925,0.410165
NEXUS-924,0.746693
NEXUS-923,0.265976
NEXUS-922,0.016785
NEXUS-921,0.620507
NEXUS-920,0.041774
NEXUS-919,0.028436
NEXUS-918,0.643665
NEXUS-917,0.844409
NEXUS-916,0.057493
NEXUS-915,0.678327
NEXUS-914,0.030909
NEXUS-913,0.097734
NEXUS-912,0.036494
NEXUS-911,0.039639
NEXUS-910,0.286668
NEXUS-909,0.393735
NEXUS-908,0.45181
NEXUS-907,0.168036
NEXUS-906,0.092688
NEXUS-905,0.061424
NEXUS-904,0.078078
NEXUS-903,0.078078
NEXUS-902,0.076684
NEXUS-901,0.057918
NEXUS-900,0.071074
NEXUS-899,0.067056
NEXUS-898,0.059428
NEXUS-897,0.113187
NEXUS-896,0.112016
NEXUS-895,0.091707
NEXUS-894,0.101947
NEXUS-893,0.114765
NEXUS-892,0.103386
NEXUS-891,0.097048
NEXUS-890,0.086323
NEXUS-889,0.103024
NEXUS-888,0.082697
NEXUS-887,0.076408
NEXUS-886,0.05921
NEXUS-885,0.103386
NEXUS-884,0.053403
NEXUS-883,0.080069
NEXUS-882,0.081813
NEXUS-881,0.086632
NEXUS-880,0.070304
NEXUS-879,0.096025
NEXUS-878,0.131173
NEXUS-877,0.077239
NEXUS-876,0.400984
NEXUS-875,0.034619
NEXUS-874,0.102664
NEXUS-873,0.533641
NEXUS-872,0.798187
NEXUS-871,0.032344
NEXUS-870,0.133415
NEXUS-869,0.148294
NEXUS-868,0.053403
NEXUS-867,0.07477
NEXUS-866,0.040541
NEXUS-865,0.749454
NEXUS-864,0.099121
NEXUS-863,0.149531
NEXUS-862,0.085404
NEXUS-861,0.157914
NEXUS-860,0.642797
NEXUS-859,0.153549
NEXUS-858,0.310694
NEXUS-857,0.06489
NEXUS-856,0.035411
NEXUS-855,0.026156
NEXUS-854,0.086632
NEXUS-853,0.03138
NEXUS-852,0.073963
NEXUS-851,0.091382
NEXUS-850,0.024798
NEXUS-849,0.023331
NEXUS-848,0.068289
NEXUS-847,0.025957
NEXUS-846,0.772187
NEXUS-845,0.631594
NEXUS-844,0.087564
NEXUS-843,0.345216
NEXUS-842,0.485844
NEXUS-841,0.348091
NEXUS-840,0.736401
NEXUS-839,0.051272
NEXUS-838,0.025957
NEXUS-837,0.801625
NEXUS-836,0.038466
NEXUS-835,0.046378
NEXUS-834,0.024423
NEXUS-833,0.01302
NEXUS-832,0.207857
NEXUS-831,0.523907
NEXUS-830,0.019124
NEXUS-829,0.026964
NEXUS-828,0.015544
NEXUS-827,0.016657
NEXUS-826,0.294519
NEXUS-825,0.134321
NEXUS-824,0.173849
NEXUS-823,0.126785
NEXUS-822,0.115961
NEXUS-821,0.0745
NEXUS-820,0.068537
NEXUS-819,0.108189
NEXUS-818,0.027169
NEXUS-817,0.418697
NEXUS-816,0.115162
NEXUS-815,0.618665
NEXUS-814,0.035679
NEXUS-813,0.791499
NEXUS-812,0.148541
NEXUS-811,0.027585
NEXUS-810,0.049959
NEXUS-809,0.075858
NEXUS-808,0.015306
NEXUS-807,0.011072
NEXUS-806,0.015073
NEXUS-805,0.03138
NEXUS-804,0.274838
NEXUS-803,0.110088
NEXUS-802,0.030215
NEXUS-801,0.033337
NEXUS-800,0.014616
NEXUS-799,0.012821
NEXUS-798,0.018405
NEXUS-797,0.118793
NEXUS-796,0.138928
NEXUS-795,0.121686
NEXUS-794,0.160003
NEXUS-793,0.063251
NEXUS-792,0.232659
NEXUS-791,0.031144
NEXUS-790,0.832237
NEXUS-789,0.045016
NEXUS-788,0.058561
NEXUS-787,0.862468
NEXUS-786,0.273477
NEXUS-785,0.141045
NEXUS-784,0.374104
NEXUS-783,0.787278
NEXUS-782,0.719975
NEXUS-781,0.028653
NEXUS-780,0.052814
NEXUS-779,0.070049
NEXUS-778,0.058777
NEXUS-777,0.034619
NEXUS-776,0.788583
NEXUS-775,0.049222
NEXUS-774,0.044349
NEXUS-773,0.02461
NEXUS-772,0.69946
NEXUS-771,0.019569
NEXUS-770,0.781331
NEXUS-769,0.180974
NEXUS-768,0.088505
NEXUS-767,0.148788
NEXUS-766,0.028221
NEXUS-765,0.054199
NEXUS-764,0.066085
NEXUS-763,0.048858
NEXUS-762,0.124639
NEXUS-761,0.063715
NEXUS-760,0.061199
NEXUS-759,0.108566
NEXUS-758,0.798815
NEXUS-757,0.182426
NEXUS-756,0.869271
NEXUS-754,0.521471
NEXUS-753,0.676299
NEXUS-752,0.769427
NEXUS-751,0.826151
NEXUS-750,0.646411
NEXUS-749,0.522933
NEXUS-748,0.058993
NEXUS-747,0.022117
NEXUS-746,0.226955
NEXUS-745,0.175256
NEXUS-744,0.067547
NEXUS-743,0.038178
NEXUS-742,0.026964
NEXUS-741,0.066085
NEXUS-740,0.410638
NEXUS-739,0.037327
NEXUS-738,0.043043
NEXUS-737,0.048137
NEXUS-736,0.016657
NEXUS-735,0.015189
NEXUS-734,0.044019
NEXUS-733,0.048137
NEXUS-732,0.052619
NEXUS-731,0.050705
NEXUS-730,0.045692
NEXUS-729,0.024423
NEXUS-728,0.024238
NEXUS-727,0.109325
NEXUS-726,0.326245
NEXUS-725,0.503906
NEXUS-724,0.056444
NEXUS-723,0.03138
NEXUS-722,0.026355
NEXUS-721,0.037327
NEXUS-720,0.050331
NEXUS-719,0.038756
NEXUS-718,0.076684
NEXUS-717,0.026355
NEXUS-716,0.023331
NEXUS-715,0.041774
NEXUS-714,0.024988
NEXUS-713,0.029091
NEXUS-712,0.018689
NEXUS-711,0.024423
NEXUS-710,0.482429
NEXUS-709,0.035948
NEXUS-708,0.029091
NEXUS-707,0.057282
NEXUS-706,0.326245
NEXUS-705,0.460046
NEXUS-704,0.194368
NEXUS-703,0.836555
NEXUS-702,0.020332
NEXUS-701,0.067056
NEXUS-700,0.052231
NEXUS-699,0.693058
NEXUS-698,0.710126
NEXUS-697,0.190122
NEXUS-696,0.070816
NEXUS-695,0.046378
NEXUS-694,0.024054
NEXUS-693,0.027169
NEXUS-692,0.033086
NEXUS-691,0.216674
NEXUS-690,0.044019
NEXUS-689,0.698124
NEXUS-688,0.274351
NEXUS-687,0.018978
NEXUS-686,0.032837
NEXUS-685,0.096025
NEXUS-684,0.630401
NEXUS-683,0.024054
NEXUS-682,0.783326
NEXUS-681,0.014729
NEXUS-680,0.072374
NEXUS-679,0.114765
NEXUS-678,0.043691
NEXUS-677,0.556641
NEXUS-676,0.334848
NEXUS-675,0.051463
NEXUS-674,0.531696
NEXUS-673,0.13569
NEXUS-672,0.021781
NEXUS-671,0.025371
NEXUS-670,0.016403
NEXUS-669,0.018405
NEXUS-668,0.055209
NEXUS-667,0.041774
NEXUS-666,0.021948
NEXUS-665,0.027796
NEXUS-664,0.049222
NEXUS-663,0.034881
NEXUS-662,0.044681
NEXUS-661,0.400515
NEXUS-660,0.041774
NEXUS-659,0.014504
NEXUS-658,0.035411
NEXUS-657,0.043366
NEXUS-656,0.065366
NEXUS-655,0.023331
NEXUS-654,0.028008
NEXUS-653,0.041774
NEXUS-652,0.074231
NEXUS-651,0.06256
NEXUS-650,0.024054
NEXUS-649,0.910227
NEXUS-648,0.016785
NEXUS-647,0.049222
NEXUS-646,0.034359
NEXUS-645,0.020489
NEXUS-644,0.017177
NEXUS-643,0.0729
NEXUS-642,0.106319
NEXUS-641,0.107437
NEXUS-640,0.092033
NEXUS-639,0.08152
NEXUS-638,0.095687
NEXUS-637,0.062103
NEXUS-636,0.076408
NEXUS-635,0.092688
NEXUS-634,0.072637
NEXUS-633,0.058561
NEXUS-632,0.070816
NEXUS-631,0.027376
NEXUS-630,0.029091
NEXUS-629,0.014842
NEXUS-628,0.017986
NEXUS-622,0.029987
NEXUS-621,0.120439
NEXUS-620,0.326137
NEXUS-619,0.051083
NEXUS-618,0.043043
NEXUS-617,0.042088
NEXUS-616,0.05301
NEXUS-615,0.065128
NEXUS-614,0.041462
NEXUS-613,0.01292
NEXUS-612,0.05301
NEXUS-611,0.025957
NEXUS-610,0.077797
NEXUS-609,0.478041
NEXUS-608,0.500488
NEXUS-607,0.037609
NEXUS-606,0.164785
NEXUS-605,0.232136
NEXUS-604,0.359308
NEXUS-603,0.105579
NEXUS-602,0.069795
NEXUS-601,0.125923
NEXUS-600,0.619586
NEXUS-599,0.609175
NEXUS-598,0.061199
NEXUS-597,0.023331
NEXUS-596,0.693992
NEXUS-595,0.442155
NEXUS-594,0.065366
NEXUS-593,0.755997
NEXUS-592,0.228156
NEXUS-591,0.044019
NEXUS-590,0.039639
NEXUS-589,0.059866
NEXUS-588,0.046725
NEXUS-587,0.016277
NEXUS-586,0.077797
NEXUS-585,0.155078
NEXUS-584,0.311479
NEXUS-583,0.026759
NEXUS-582,0.017309
NEXUS-581,0.146575
NEXUS-580,0.036494
NEXUS-579,0.015425
NEXUS-578,0.024423
NEXUS-577,0.011158
NEXUS-576,0.037047
NEXUS-575,0.076408
NEXUS-574,0.057918
NEXUS-573,0.145844
NEXUS-572,0.039048
NEXUS-571,0.014957
NEXUS-570,0.044681
NEXUS-569,0.121686
NEXUS-568,0.048137
NEXUS-567,0.069795
NEXUS-566,0.120026
NEXUS-565,0.069795
NEXUS-564,0.095687
NEXUS-563,0.069795
NEXUS-562,0.087876
NEXUS-561,0.069795
NEXUS-560,0.069795
NEXUS-559,0.087876
NEXUS-558,0.066569
NEXUS-557,0.120026
NEXUS-556,0.069795
NEXUS-555,0.095687
NEXUS-554,0.069795
NEXUS-553,0.095687
NEXUS-552,0.087876
NEXUS-551,0.069038
NEXUS-550,0.07343
NEXUS-549,0.069795
NEXUS-548,0.067547
NEXUS-547,0.069795
NEXUS-546,0.153803
NEXUS-545,0.024423
NEXUS-544,0.412293
NEXUS-543,0.674426
NEXUS-542,0.062103
NEXUS-541,0.72526
NEXUS-540,0.043043
NEXUS-539,0.038178
NEXUS-538,0.105579
NEXUS-537,0.081228
NEXUS-536,0.030215
NEXUS-535,0.024238
NEXUS-534,0.069542
NEXUS-533,0.084191
NEXUS-532,0.070816
NEXUS-531,0.141756
NEXUS-530,0.041774
NEXUS-529,0.052231
NEXUS-528,0.851953
NEXUS-527,0.089137
NEXUS-526,0.093017
NEXUS-525,0.027376
NEXUS-524,0.063715
NEXUS-523,0.039343
NEXUS-522,0.066085
NEXUS-521,0.024054
NEXUS-520,0.049959
NEXUS-519,0.544801
NEXUS-518,0.110471
NEXUS-517,0.01292
NEXUS-516,0.029312
NEXUS-515,0.316898
NEXUS-514,0.026156
NEXUS-513,0.033086
NEXUS-512,0.044349
NEXUS-511,0.248534
NEXUS-510,0.095687
NEXUS-509,0.026156
NEXUS-508,0.112405
NEXUS-507,0.028653
NEXUS-506,0.804713
NEXUS-505,0.063948
NEXUS-504,0.029987
NEXUS-503,0.899828
NEXUS-502,0.202128
NEXUS-501,0.067547
NEXUS-500,0.045016
NEXUS-499,0.039048
NEXUS-498,0.046725
NEXUS-497,0.104477
NEXUS-496,0.847968
NEXUS-495,0.018264
NEXUS-494,0.106691
NEXUS-493,0.018405
NEXUS-492,0.016657
NEXUS-491,0.03259
NEXUS-490,0.825027
NEXUS-489,0.823328
NEXUS-488,0.145601
NEXUS-487,0.028436
NEXUS-486,0.028221
NEXUS-485,0.538012
NEXUS-484,0.934873
NEXUS-483,0.018978
NEXUS-482,0.028871
NEXUS-481,0.892563
NEXUS-480,0.037047
NEXUS-479,0.067056
NEXUS-478,0.068289
NEXUS-477,0.123366
NEXUS-476,0.392803
NEXUS-475,0.066569
NEXUS-474,0.047074
NEXUS-473,0.168036
NEXUS-472,0.065845
NEXUS-471,0.013223
NEXUS-470,0.018689
NEXUS-469,0.084493
NEXUS-468,0.024988
NEXUS-467,0.033337
NEXUS-466,0.020646
NEXUS-465,0.02976
NEXUS-464,0.027169
NEXUS-463,0.514156
NEXUS-462,0.022977
NEXUS-461,0.338514
NEXUS-460,0.026759
NEXUS-459,0.071332
NEXUS-458,0.025761
NEXUS-457,0.037327
NEXUS-456,0.060529
NEXUS-455,0.133868
NEXUS-454,0.3492
NEXUS-453,0.031859
NEXUS-452,0.268174
NEXUS-451,0.020177
NEXUS-450,0.148788
NEXUS-449,0.055209
NEXUS-448,0.040541
NEXUS-447,0.038756
NEXUS-446,0.024798
NEXUS-445,0.019419
NEXUS-444,0.026156
NEXUS-443,0.033337
NEXUS-442,0.035948
NEXUS-441,0.023153
NEXUS-440,0.052425
NEXUS-439,0.013637
NEXUS-438,0.149283
NEXUS-437,0.044681
NEXUS-436,0.042404
NEXUS-435,0.03259
NEXUS-434,0.08389
NEXUS-433,0.060308
NEXUS-432,0.033086
NEXUS-431,0.036494
NEXUS-430,0.042088
NEXUS-429,0.402157
NEXUS-428,0.81257
NEXUS-427,0.728169
NEXUS-426,0.012241
NEXUS-425,0.026759
NEXUS-424,0.034619
NEXUS-423,0.028436
NEXUS-422,0.030676
NEXUS-421,0.137764
NEXUS-420,0.022977
NEXUS-419,0.099821
NEXUS-418,0.033844
NEXUS-417,0.075312
NEXUS-416,0.032837
NEXUS-415,0.060087
NEXUS-414,0.026964
NEXUS-413,0.030215
NEXUS-412,0.335106
NEXUS-411,0.020964
NEXUS-410,0.372848
NEXUS-409,0.109706
NEXUS-408,0.072374
NEXUS-407,0.080937
NEXUS-406,0.527803
NEXUS-405,0.592902
NEXUS-404,0.032344
NEXUS-403,0.065605
NEXUS-402,0.034619
NEXUS-401,0.029091
NEXUS-400,0.029987
NEXUS-399,0.043366
NEXUS-398,0.0745
NEXUS-397,0.043691
NEXUS-396,0.109325
NEXUS-395,0.060087
NEXUS-394,0.06489
NEXUS-393,0.086632
NEXUS-392,0.07836
NEXUS-391,0.01142
NEXUS-390,0.027796
NEXUS-389,0.885631
NEXUS-388,0.051083
NEXUS-387,0.070049
NEXUS-386,0.09947
NEXUS-385,0.090735
NEXUS-384,0.056444
NEXUS-383,0.591015
NEXUS-382,0.058993
NEXUS-381,0.012723
NEXUS-380,0.335895
NEXUS-379,0.054803
NEXUS-378,0.03622
NEXUS-377,0.133868
NEXUS-376,0.171061
NEXUS-375,0.020489
NEXUS-374,0.584153
NEXUS-373,0.250913
NEXUS-372,0.086632
NEXUS-371,0.116764
NEXUS-370,0.111241
NEXUS-369,0.123789
NEXUS-368,0.055413
NEXUS-367,0.072112
NEXUS-366,0.075312
NEXUS-365,0.076408
NEXUS-364,0.112795
NEXUS-363,0.060308
NEXUS-362,0.057282
NEXUS-361,0.058346
NEXUS-360,0.110088
NEXUS-359,0.035145
NEXUS-358,0.021125
NEXUS-357,0.011245
NEXUS-356,0.011687
NEXUS-355,0.006693
NEXUS-354,0.023689
NEXUS-353,0.014504
NEXUS-352,0.030444
NEXUS-351,0.009634
NEXUS-350,0.067793
NEXUS-349,0.06256
NEXUS-348,0.040846
NEXUS-347,0.03259
NEXUS-346,0.046034
NEXUS-345,0.077797
NEXUS-344,0.085404
NEXUS-343,0.193452
NEXUS-342,0.099821
NEXUS-341,0.13707
NEXUS-340,0.09947
NEXUS-339,0.096706
NEXUS-338,0.460289
NEXUS-337,0.034359
NEXUS-336,0.054601
NEXUS-335,0.017309
NEXUS-334,0.056029
NEXUS-333,0.018405
NEXUS-332,0.013956
NEXUS-331,0.022803
NEXUS-330,0.016915
NEXUS-329,0.028653
NEXUS-328,0.021615
NEXUS-327,0.051463
NEXUS-326,0.427516
NEXUS-325,0.764892
NEXUS-324,0.83762
NEXUS-323,0.361052
NEXUS-322,0.028008
NEXUS-321,0.370453
NEXUS-320,0.420362
NEXUS-319,0.100172
NEXUS-318,0.613584
NEXUS-317,0.041153
NEXUS-316,0.198685
NEXUS-315,0.050331
NEXUS-314,0.030215
NEXUS-313,0.024988
NEXUS-312,0.020646
NEXUS-311,0.022117
NEXUS-310,0.026964
NEXUS-309,0.06489
NEXUS-308,0.041462
NEXUS-307,0.014957
NEXUS-306,0.152032
NEXUS-305,0.06165
NEXUS-304,0.102305
NEXUS-303,0.101233
NEXUS-301,0.152537
NEXUS-300,0.08389
NEXUS-299,0.409457
NEXUS-298,0.341912
NEXUS-297,0.335786
NEXUS-296,0.689671
NEXUS-295,0.228501
NEXUS-294,0.046725
NEXUS-293,0.112016
NEXUS-292,0.062103
NEXUS-291,0.080357
NEXUS-290,0.084493
NEXUS-289,0.0341
NEXUS-288,0.463444
NEXUS-287,0.031859
NEXUS-286,0.069542
NEXUS-285,0.045692
NEXUS-284,0.039639
NEXUS-283,0.022803
NEXUS-282,0.048137
NEXUS-281,0.453746
NEXUS-279,0.264643
NEXUS-278,0.745028
NEXUS-277,0.130729
NEXUS-276,0.100525
NEXUS-273,0.854885
NEXUS-272,0.850469
NEXUS-271,0.060308
NEXUS-270,0.095349
NEXUS-269,0.028436
NEXUS-268,0.042088
NEXUS-267,0.013849
NEXUS-266,0.062103
NEXUS-265,0.053403
NEXUS-264,0.048137
NEXUS-263,0.084795
NEXUS-262,0.07921
NEXUS-261,0.055005
NEXUS-260,0.113973
NEXUS-259,0.084493
NEXUS-258,0.112016
NEXUS-257,0.108189
NEXUS-256,0.617397
NEXUS-255,0.048137
NEXUS-254,0.115162
NEXUS-253,0.043691
NEXUS-252,0.082697
NEXUS-251,0.022629
NEXUS-250,0.080937
NEXUS-249,0.040238
NEXUS-248,0.371593
NEXUS-247,0.102664
NEXUS-246,0.025371
NEXUS-245,0.023509
NEXUS-244,0.077518
NEXUS-243,0.427755
NEXUS-242,0.38168
NEXUS-241,0.511717
NEXUS-240,0.504883
NEXUS-239,0.095687
NEXUS-238,0.889912
NEXUS-237,0.021451
NEXUS-236,0.069795
NEXUS-235,0.09739
NEXUS-234,0.157396
NEXUS-233,0.115561
NEXUS-232,0.095013
NEXUS-231,0.093017
NEXUS-230,0.196209
NEXUS-229,0.343892
NEXUS-228,0.117978
NEXUS-227,0.760295
NEXUS-226,0.029535
NEXUS-225,0.097048
NEXUS-224,0.02461
NEXUS-223,0.017442
NEXUS-222,0.0341
NEXUS-221,0.558327
NEXUS-220,0.061424
NEXUS-219,0.054399
NEXUS-218,0.765593
NEXUS-217,0.060087
NEXUS-216,0.053999
NEXUS-215,0.020646
NEXUS-214,0.022286
NEXUS-213,0.020332
NEXUS-212,0.024238
NEXUS-211,0.679179
NEXUS-210,0.036769
NEXUS-209,0.607314
NEXUS-208,0.070049
NEXUS-207,0.008511
NEXUS-206,0.015664
NEXUS-205,0.085709
NEXUS-204,0.019124
NEXUS-203,0.026355
NEXUS-202,0.338186
NEXUS-201,0.075041
NEXUS-200,0.056029
NEXUS-199,0.095013
NEXUS-198,0.030676
NEXUS-197,0.012432
NEXUS-196,0.024423
NEXUS-195,0.03259
NEXUS-194,0.032101
NEXUS-193,0.018978
NEXUS-192,0.030215
NEXUS-191,0.025565
NEXUS-190,0.017309
NEXUS-189,0.035679
NEXUS-188,0.018689
NEXUS-187,0.102664
NEXUS-186,0.201813
NEXUS-185,0.167763
NEXUS-184,0.266262
NEXUS-183,0.190122
NEXUS-182,0.242385
NEXUS-181,0.192539
NEXUS-180,0.11358
NEXUS-179,0.076684
NEXUS-178,0.083292
NEXUS-177,0.070304
NEXUS-176,0.136608
NEXUS-175,0.061876
NEXUS-174,0.080937
NEXUS-173,0.061876
NEXUS-172,0.076961
NEXUS-171,0.074231
NEXUS-170,0.087252
NEXUS-169,0.064418
NEXUS-168,0.092033
NEXUS-167,0.086016
NEXUS-166,0.237576
NEXUS-165,0.177241
NEXUS-164,0.0538
NEXUS-163,0.057282
NEXUS-162,0.029987
NEXUS-161,0.050331
NEXUS-160,0.141519
NEXUS-159,0.538983
NEXUS-158,0.105948
NEXUS-157,0.157655
NEXUS-156,0.132964
NEXUS-155,0.116362
NEXUS-154,0.117978
NEXUS-153,0.216177
NEXUS-152,0.122944
NEXUS-151,0.273574
NEXUS-150,0.216342
NEXUS-149,0.035145
NEXUS-148,0.13707
NEXUS-147,0.081228
NEXUS-146,0.014504
NEXUS-145,0.281702
NEXUS-144,0.075312
NEXUS-143,0.116362
NEXUS-142,0.09947
NEXUS-141,0.07343
NEXUS-140,0.071332
NEXUS-139,0.139866
NEXUS-138,0.214362
NEXUS-137,0.079782
NEXUS-136,0.082402
NEXUS-135,0.07836
NEXUS-134,0.115961
NEXUS-133,0.188922
NEXUS-132,0.075858
NEXUS-131,0.151781
NEXUS-130,0.122523
NEXUS-129,0.141045
NEXUS-128,0.282988
NEXUS-127,0.064418
NEXUS-126,0.047426
NEXUS-125,0.708818
NEXUS-124,0.033844
NEXUS-123,0.013637
NEXUS-122,0.168309
NEXUS-121,0.032101
NEXUS-120,0.162912
NEXUS-119,0.038178
NEXUS-118,0.243103
NEXUS-117,0.079782
NEXUS-116,0.729134
NEXUS-115,0.262086
NEXUS-114,0.206894
NEXUS-113,0.227985
NEXUS-112,0.103024
NEXUS-111,0.200245
NEXUS-110,0.032101
NEXUS-109,0.0341
NEXUS-108,0.038178
NEXUS-107,0.606032
NEXUS-106,0.03259
NEXUS-105,0.056862
NEXUS-104,0.018405
NEXUS-103,0.021781
NEXUS-102,0.036769
NEXUS-101,0.030444
NEXUS-100,0.042722
NEXUS-99,0.031619
NEXUS-98,0.602763
NEXUS-95,0.503906
NEXUS-94,0.041462
NEXUS-93,0.022629
NEXUS-92,0.088505
NEXUS-91,0.072637
NEXUS-90,0.033844
NEXUS-89,0.028008
NEXUS-88,0.043691
NEXUS-87,0.078078
NEXUS-86,0.021287
NEXUS-85,0.027585
NEXUS-84,0.111628
NEXUS-83,0.048496
NEXUS-82,0.699254
NEXUS-81,0.022803
NEXUS-80,0.030215
NEXUS-79,0.045353
NEXUS-78,0.095349
NEXUS-77,0.049959
NEXUS-76,0.036769
NEXUS-75,0.023153
NEXUS-74,0.020177
NEXUS-73,0.017309
NEXUS-72,0.039048
NEXUS-71,0.037327
NEXUS-70,0.069289
NEXUS-69,0.075585
NEXUS-68,0.795975
NEXUS-67,0.014957
NEXUS-66,0.051463
NEXUS-65,0.08882
NEXUS-64,0.140572
NEXUS-63,0.290377
NEXUS-62,0.31434
NEXUS-61,0.025761
NEXUS-60,0.891055
NEXUS-59,0.022117
NEXUS-58,0.490236
NEXUS-57,0.043366
NEXUS-56,0.034619
NEXUS-55,0.752013
NEXUS-54,0.060529
NEXUS-53,0.078642
NEXUS-52,0.778313
NEXUS-51,0.060752
NEXUS-50,0.028653
NEXUS-49,0.051083
NEXUS-48,0.056444
NEXUS-47,0.036769
NEXUS-46,0.813461
NEXUS-45,0.023331
NEXUS-44,0.020332
NEXUS-42,0.293607
NEXUS-41,0.025565
NEXUS-40,0.093347
NEXUS-39,0.231614
NEXUS-38,0.00934
NEXUS-37,0.033844
NEXUS-36,0.053999
NEXUS-34,0.118385
NEXUS-33,0.311165
NEXUS-32,0.054199
NEXUS-31,0.03622
NEXUS-30,0.044019
NEXUS-29,0.797557
NEXUS-28,0.757436
NEXUS-27,0.021948
NEXUS-26,0.035145
NEXUS-25,0.368406
NEXUS-24,0.033337
NEXUS-23,0.859664
NEXUS-22,0.555918
NEXUS-21,0.073165
NEXUS-19,0.654977
NEXUS-18,0.024798
NEXUS-17,0.044349
NEXUS-16,0.588653
NEXUS-15,0.040846
NEXUS-14,0.057071
NEXUS-13,0.044681
NEXUS-12,0.043691
NEXUS-11,0.715424
NEXUS-10,0.062789
NEXUS-9,0.903294
NEXUS-8,0.851459
NEXUS-7,0.355943
NEXUS-5,0.086942
NEXUS-4,0.380759
NEXUS-3,0.022286
NEXUS-1,0.049222
