issue_key,prob_design
NEXUS-25611,0.017986
NEXUS-25609,0.022457
NEXUS-25608,0.025957
NEXUS-25607,0.696165
NEXUS-25606,0.625438
NEXUS-25605,0.022629
NEXUS-25604,0.008511
NEXUS-25603,0.033337
NEXUS-25599,0.025179
NEXUS-25598,0.844409
NEXUS-25586,0.015425
NEXUS-25583,0.018264
NEXUS-25576,0.015906
NEXUS-25575,0.009486
NEXUS-25529,0.010489
NEXUS-25528,0.833325
NEXUS-25527,0.004755
NEXUS-25521,0.013637
NEXUS-25520,0.788909
NEXUS-25518,0.867485
NEXUS-25513,0.03138
NEXUS-25510,0.026156
NEXUS-25509,0.017577
NEXUS-25507,0.023331
NEXUS-25506,0.822759
NEXUS-25505,0.881207
NEXUS-25504,0.01292
NEXUS-25502,0.021287
NEXUS-25491,0.042088
NEXUS-25478,0.013325
NEXUS-25475,0.031619
NEXUS-25472,0.940353
NEXUS-25468,0.887205
NEXUS-25464,0.011869
NEXUS-25463,0.970465
NEXUS-25457,0.013121
NEXUS-25456,0.023153
NEXUS-25453,0.796925
NEXUS-25444,0.886813
NEXUS-25425,0.025761
NEXUS-25424,0.023689
NEXUS-25420,0.024238
NEXUS-25418,0.879561
NEXUS-25408,0.011332
NEXUS-25386,0.02461
NEXUS-25378,0.025179
NEXUS-25357,0.019871
NEXUS-25356,0.014957
NEXUS-25347,0.031619
NEXUS-25340,0.016785
NEXUS-25336,0.754192
NEXUS-25335,0.646683
NEXUS-25307,0.746693
NEXUS-25306,0.006798
NEXUS-25304,0.026355
NEXUS-25303,0.856812
NEXUS-25296,0.008577
NEXUS-25294,0.064418
NEXUS-25292,0.015189
NEXUS-25291,0.037047
NEXUS-25287,0.013121
NEXUS-25286,0.028436
NEXUS-25275,0.618492
NEXUS-25274,0.907312
NEXUS-25239,0.850965
NEXUS-25238,0.45423
NEXUS-25237,0.274546
NEXUS-25236,0.007816
NEXUS-25231,0.863392
NEXUS-25226,0.016277
NEXUS-25218,0.516108
NEXUS-25217,0.029312
NEXUS-25216,0.028436
NEXUS-25209,0.871037
NEXUS-25205,0.015664
NEXUS-25202,0.035411
NEXUS-25201,0.028871
NEXUS-25200,0.736021
NEXUS-25199,0.023689
NEXUS-25190,0.0341
NEXUS-25189,0.046725
NEXUS-25186,0.019419
NEXUS-25182,0.019719
NEXUS-25181,0.018689
NEXUS-25180,0.018689
NEXUS-25179,0.019871
NEXUS-25177,0.023689
NEXUS-25174,0.017849
NEXUS-25163,0.010249
NEXUS-25162,0.782995
NEXUS-25159,0.019124
NEXUS-25158,0.0538
NEXUS-25156,0.027796
NEXUS-25154,0.964321
NEXUS-25152,0.015189
NEXUS-25149,0.010818
NEXUS-25147,0.032837
NEXUS-25140,0.022977
NEXUS-25135,0.085099
NEXUS-25130,0.659953
NEXUS-25129,0.029312
NEXUS-25118,0.853913
NEXUS-25117,0.864768
NEXUS-25110,0.891811
NEXUS-25107,0.021287
NEXUS-25105,0.023153
NEXUS-25099,0.906983
NEXUS-25098,0.923592
NEXUS-25095,0.450843
NEXUS-25090,0.020177
NEXUS-25086,0.291384
NEXUS-25085,0.282691
NEXUS-25058,0.013223
NEXUS-25039,0.013428
NEXUS-25037,0.022286
NEXUS-25036,0.049222
NEXUS-25035,0.129843
NEXUS-25032,0.444806
NEXUS-25019,0.031619
NEXUS-24999,0.008916
NEXUS-24998,0.018125
NEXUS-24995,0.023153
NEXUS-24990,0.396535
NEXUS-24988,0.020964
NEXUS-24953,0.034619
NEXUS-24939,0.575827
NEXUS-24938,0.593845
NEXUS-24937,0.019419
NEXUS-24925,0.015425
NEXUS-24923,0.432303
NEXUS-24922,0.035145
NEXUS-24918,0.017577
NEXUS-24917,0.019124
NEXUS-24916,0.024238
NEXUS-24914,0.042722
NEXUS-24913,0.035145
NEXUS-24912,0.188324
NEXUS-24911,0.020646
NEXUS-24910,0.033086
NEXUS-24904,0.047426
NEXUS-24901,0.014616
NEXUS-24899,0.671363
NEXUS-24869,0.011597
NEXUS-24868,0.022457
NEXUS-24867,0.020177
NEXUS-24864,0.012625
NEXUS-24863,0.027796
NEXUS-24860,0.673675
NEXUS-24858,0.697403
NEXUS-24854,0.66888
NEXUS-24851,0.808067
NEXUS-24849,0.026557
NEXUS-24848,0.012147
NEXUS-24846,0.006693
NEXUS-24842,0.019271
NEXUS-24837,0.013532
NEXUS-24836,0.019419
NEXUS-24833,0.010091
NEXUS-24832,0.906322
NEXUS-24830,0.008985
NEXUS-24823,0.720172
NEXUS-24817,0.030909
NEXUS-24803,0.839208
NEXUS-24802,0.020332
NEXUS-24788,0.361615
NEXUS-24787,0.018833
NEXUS-24784,0.010818
NEXUS-24772,0.009486
NEXUS-24771,0.016403
NEXUS-24731,0.846451
NEXUS-24726,0.05921
NEXUS-24718,0.01017
NEXUS-24694,0.018978
NEXUS-24691,0.009486
NEXUS-24682,0.023153
NEXUS-24679,0.035679
NEXUS-24678,0.789558
NEXUS-24671,0.010902
NEXUS-24640,0.027796
NEXUS-24636,0.007121
NEXUS-24619,0.012336
NEXUS-24615,0.771843
NEXUS-24613,0.727589
NEXUS-24612,0.023153
NEXUS-24606,0.022629
NEXUS-24602,0.057705
NEXUS-24601,0.028221
NEXUS-24596,0.19163
NEXUS-24594,0.174692
NEXUS-24593,0.170232
NEXUS-24592,0.033086
NEXUS-24582,0.47025
NEXUS-24568,0.854885
NEXUS-24563,0.897336
NEXUS-24562,0.791499
NEXUS-24561,0.293404
NEXUS-24502,0.027585
NEXUS-24499,0.018978
NEXUS-24496,0.018978
NEXUS-24494,0.021948
NEXUS-24489,0.705582
NEXUS-24488,0.733356
NEXUS-24485,0.020964
NEXUS-24484,0.711431
NEXUS-24468,0.019871
NEXUS-24467,0.92944
NEXUS-24464,0.016403
NEXUS-24457,0.012723
NEXUS-24456,0.737158
NEXUS-24448,0.772187
NEXUS-24447,0.669529
NEXUS-24446,0.772531
NEXUS-24445,0.591959
NEXUS-24439,0.018264
NEXUS-24420,0.803482
NEXUS-24417,0.089455
NEXUS-24416,0.854399
NEXUS-24415,0.016403
NEXUS-24408,0.016153
NEXUS-24407,0.037609
NEXUS-24402,0.014842
NEXUS-24398,0.908942
NEXUS-24395,0.019419
NEXUS-24391,0.015189
NEXUS-24357,0.776284
NEXUS-24356,0.019419
NEXUS-24355,0.037892
NEXUS-24349,0.032837
NEXUS-24334,0.019719
NEXUS-24333,0.021287
NEXUS-24332,0.892187
NEXUS-24331,0.017442
NEXUS-24330,0.524395
NEXUS-24327,0.718989
NEXUS-24317,0.013532
NEXUS-24315,0.013742
NEXUS-24312,0.014616
NEXUS-24309,0.007012
NEXUS-24307,0.900879
NEXUS-24304,0.132515
NEXUS-24302,0.022629
NEXUS-24298,0.016915
NEXUS-24295,0.660118
NEXUS-24293,0.014842
NEXUS-24288,0.38549
NEXUS-24283,0.034881
NEXUS-24273,0.008711
NEXUS-24270,0.898767
NEXUS-24268,0.734881
NEXUS-24267,0.015425
NEXUS-24266,0.011597
NEXUS-24261,0.287468
NEXUS-24260,0.72487
NEXUS-24257,0.010014
NEXUS-24256,0.793746
NEXUS-24248,0.015664
NEXUS-24234,0.023871
NEXUS-24232,0.017309
NEXUS-24228,0.818156
NEXUS-24227,0.023153
NEXUS-24226,0.027169
NEXUS-24222,0.021615
NEXUS-24221,0.942507
NEXUS-24220,0.044349
NEXUS-24194,0.010328
NEXUS-24188,0.024054
NEXUS-24169,0.028221
NEXUS-24168,0.794066
NEXUS-24157,0.883236
NEXUS-24154,0.671471
NEXUS-24151,0.016153
NEXUS-24143,0.499023
NEXUS-24142,0.013637
NEXUS-24140,0.861072
NEXUS-24132,0.008511
NEXUS-24128,0.049959
NEXUS-24127,0.742422
NEXUS-24124,0.053601
NEXUS-24123,0.569853
NEXUS-24116,0.014172
NEXUS-24112,0.022629
NEXUS-24104,0.03138
NEXUS-24098,0.018978
NEXUS-24093,0.908293
NEXUS-24092,0.930458
NEXUS-24091,0.908293
NEXUS-24090,0.905322
NEXUS-24089,0.40486
NEXUS-24088,0.015785
NEXUS-24037,0.020177
NEXUS-24034,0.012528
NEXUS-24032,0.011332
NEXUS-24030,0.654453
NEXUS-24029,0.03138
NEXUS-24027,0.899121
NEXUS-24025,0.039937
NEXUS-24019,0.827271
NEXUS-24016,0.014172
NEXUS-23985,0.010735
NEXUS-23980,0.019719
NEXUS-23977,0.012432
NEXUS-23970,0.823044
NEXUS-23968,0.016153
NEXUS-23963,0.394901
NEXUS-23961,0.014392
NEXUS-23960,0.011072
NEXUS-23958,0.781997
NEXUS-23932,0.801625
NEXUS-23930,0.896251
NEXUS-23929,0.856812
NEXUS-23928,0.798501
NEXUS-23926,0.850965
NEXUS-23925,0.751283
NEXUS-23924,0.831143
NEXUS-23923,0.876211
NEXUS-23922,0.757436
NEXUS-23911,0.042088
NEXUS-23909,0.867934
NEXUS-23903,0.023871
NEXUS-23901,0.072374
NEXUS-23898,0.03138
NEXUS-23897,0.170784
NEXUS-23896,0.858244
NEXUS-23895,0.015189
NEXUS-23887,0.01302
NEXUS-23872,0.034881
NEXUS-23870,0.143668
NEXUS-23868,0.014957
NEXUS-23854,0.394667
NEXUS-23853,0.630628
NEXUS-23830,0.017577
NEXUS-23829,0.023509
NEXUS-23827,0.036769
NEXUS-23824,0.501465
NEXUS-23801,0.909265
NEXUS-23800,0.03259
NEXUS-23798,0.909265
NEXUS-23792,0.016277
NEXUS-23790,0.015306
NEXUS-23788,0.893309
NEXUS-23766,0.020023
NEXUS-23765,0.015785
NEXUS-23761,0.018264
NEXUS-23759,0.019124
NEXUS-23757,0.750918
NEXUS-23756,0.017177
NEXUS-23754,0.249447
NEXUS-23752,0.852935
NEXUS-23750,0.017986
NEXUS-23749,0.02461
NEXUS-23744,0.01292
NEXUS-23737,0.866585
NEXUS-23736,0.602412
NEXUS-23733,0.028871
NEXUS-23712,0.01017
NEXUS-23711,0.015785
NEXUS-23689,0.023153
NEXUS-23673,0.013121
NEXUS-23671,0.011961
NEXUS-23658,0.754553
NEXUS-23657,0.878314
NEXUS-23651,0.011072
NEXUS-23650,0.894052
NEXUS-23644,0.457137
NEXUS-23640,0.830594
NEXUS-23634,0.761361
NEXUS-23631,0.016029
NEXUS-23629,0.814643
NEXUS-23628,0.84338
NEXUS-23626,0.434701
NEXUS-23623,0.792143
NEXUS-23622,0.010014
NEXUS-23618,0.017577
NEXUS-23616,0.008252
NEXUS-23614,0.012432
NEXUS-23604,0.018547
NEXUS-23603,0.774242
NEXUS-23597,0.571527
NEXUS-23595,0.013637
NEXUS-23594,0.025957
NEXUS-23588,0.922482
NEXUS-23582,0.873647
NEXUS-23581,0.898767
NEXUS-23573,0.853425
NEXUS-23572,0.803791
NEXUS-23571,0.198996
NEXUS-23569,0.912124
NEXUS-23567,0.328395
NEXUS-23566,0.86431
NEXUS-23565,0.709623
NEXUS-23556,0.039343
NEXUS-23555,0.927888
NEXUS-23551,0.019719
NEXUS-23550,0.017309
NEXUS-23548,0.017986
NEXUS-23545,0.828384
NEXUS-23537,0.013742
NEXUS-23536,0.034881
NEXUS-23530,0.824462
NEXUS-23525,0.020804
NEXUS-23504,0.03622
NEXUS-23487,0.029312
NEXUS-23483,0.627438
NEXUS-23482,0.73678
NEXUS-23481,0.666551
NEXUS-23442,0.228329
NEXUS-23441,0.020489
NEXUS-23420,0.018978
NEXUS-23418,0.026557
NEXUS-23417,0.033337
NEXUS-23411,0.310904
NEXUS-23410,0.020964
NEXUS-23408,0.675551
NEXUS-23406,0.014616
NEXUS-23399,0.026964
NEXUS-23398,0.020804
NEXUS-23396,0.863852
NEXUS-23393,0.028436
NEXUS-23392,0.040846
NEXUS-23386,0.020177
NEXUS-23384,0.879561
NEXUS-23379,0.044019
NEXUS-23377,0.082402
NEXUS-23361,0.011158
NEXUS-23360,0.026964
NEXUS-23359,0.019124
NEXUS-23358,0.034619
NEXUS-23357,0.016915
NEXUS-23356,0.044019
NEXUS-23355,0.009486
NEXUS-23352,0.022977
NEXUS-23348,0.011961
NEXUS-23337,0.015425
NEXUS-23336,0.010735
NEXUS-23334,0.025179
NEXUS-23331,0.352871
NEXUS-23330,0.018978
NEXUS-23323,0.020332
NEXUS-23322,0.846958
NEXUS-23319,0.587233
NEXUS-23316,0.035948
NEXUS-23309,0.016915
NEXUS-23286,0.501465
NEXUS-23284,0.688154
NEXUS-23281,0.015073
NEXUS-23272,0.023153
NEXUS-23268,0.046725
NEXUS-23236,0.043691
NEXUS-23235,0.01302
NEXUS-23205,0.683842
NEXUS-23204,0.018833
NEXUS-23197,0.897336
NEXUS-23196,0.246715
NEXUS-23178,0.009708
NEXUS-23169,0.78233
NEXUS-23148,0.05301
NEXUS-23147,0.044349
NEXUS-23146,0.047074
NEXUS-23104,0.025179
NEXUS-23094,0.877056
NEXUS-23092,0.022803
NEXUS-23084,0.726037
NEXUS-23083,0.923039
NEXUS-23082,0.080069
NEXUS-23081,0.022803
NEXUS-23080,0.658115
NEXUS-23079,0.693473
NEXUS-23075,0.017045
NEXUS-23072,0.013223
NEXUS-23071,0.020646
NEXUS-23066,0.015906
NEXUS-23065,0.006693
NEXUS-23064,0.01292
NEXUS-23053,0.049589
NEXUS-23052,0.262653
NEXUS-23048,0.016153
NEXUS-22938,0.603698
NEXUS-22936,0.600423
NEXUS-22915,0.216012
NEXUS-22901,0.019719
NEXUS-22896,0.041462
NEXUS-22892,0.03138
NEXUS-22891,0.049222
NEXUS-22889,0.648021
NEXUS-22888,0.025371
NEXUS-22887,0.839734
NEXUS-22880,0.019569
NEXUS-22857,0.398524
NEXUS-22855,0.032101
NEXUS-22853,0.03138
NEXUS-22837,0.021948
NEXUS-22836,0.903635
NEXUS-22834,0.027585
NEXUS-22831,0.111241
NEXUS-22829,0.022803
NEXUS-22828,0.90764
NEXUS-22824,0.698227
NEXUS-22820,0.70416
NEXUS-22819,0.851953
NEXUS-22810,0.017442
NEXUS-22809,0.040541
NEXUS-22808,0.017986
NEXUS-22807,0.701509
NEXUS-22804,0.013223
NEXUS-22802,0.014282
NEXUS-22794,0.020646
NEXUS-22793,0.034881
NEXUS-22791,0.142232
NEXUS-22790,0.035411
NEXUS-22786,0.076408
NEXUS-22776,0.898053
NEXUS-22773,0.017309
NEXUS-22770,0.022803
NEXUS-22760,0.021451
NEXUS-22749,0.011072
NEXUS-22729,0.019871
NEXUS-22725,0.613584
NEXUS-22721,0.011508
NEXUS-22714,0.116362
NEXUS-22713,0.718002
NEXUS-22705,0.019419
NEXUS-22703,0.011961
NEXUS-22701,0.697609
NEXUS-22699,0.654122
NEXUS-22698,0.923039
NEXUS-22675,0.018547
NEXUS-22674,0.028008
NEXUS-22669,0.011245
NEXUS-22668,0.018689
NEXUS-22667,0.781997
NEXUS-22666,0.011869
NEXUS-22640,0.00986
NEXUS-22630,0.693473
NEXUS-22623,0.018125
NEXUS-22607,0.012723
NEXUS-22605,0.221351
NEXUS-22602,0.025565
NEXUS-22588,0.028653
NEXUS-22573,0.674265
NEXUS-22566,0.016029
NEXUS-22498,0.033337
NEXUS-22491,0.698535
NEXUS-22453,0.07836
NEXUS-22434,0.015425
NEXUS-22432,0.027585
NEXUS-22431,0.018547
NEXUS-22352,0.031859
NEXUS-22351,0.021948
NEXUS-22334,0.016915
NEXUS-22328,0.015189
NEXUS-22313,0.019719
NEXUS-22312,0.383988
NEXUS-22304,0.020964
NEXUS-22303,0.033337
NEXUS-22290,0.016785
NEXUS-22268,0.031859
NEXUS-22262,0.017177
NEXUS-22255,0.023871
NEXUS-22249,0.024798
NEXUS-22246,0.021948
NEXUS-22245,0.014282
NEXUS-22243,0.007816
NEXUS-22241,0.014616
NEXUS-22166,0.615781
NEXUS-22163,0.899121
NEXUS-22160,0.883236
NEXUS-22159,0.781331
NEXUS-22152,0.016785
NEXUS-22147,0.519521
NEXUS-22146,0.401219
NEXUS-22144,0.020332
NEXUS-22141,0.007012
NEXUS-22134,0.289874
NEXUS-22126,0.016657
NEXUS-22094,0.014392
NEXUS-22089,0.656631
NEXUS-22054,0.018978
NEXUS-22052,0.013223
NEXUS-22051,0.012528
NEXUS-22046,0.4917
NEXUS-22040,0.580114
NEXUS-22039,0.762424
NEXUS-22038,0.468791
NEXUS-22037,0.697918
NEXUS-22031,0.01653
NEXUS-22014,0.044019
NEXUS-21955,0.786623
NEXUS-21946,0.011597
NEXUS-21910,0.956957
NEXUS-21909,0.037892
NEXUS-21878,0.028653
NEXUS-21870,0.014957
NEXUS-21836,0.018405
NEXUS-21835,0.026156
NEXUS-21834,0.020332
NEXUS-21833,0.015189
NEXUS-21827,0.024988
NEXUS-21826,0.892563
NEXUS-21824,0.888759
NEXUS-21818,0.015189
NEXUS-21814,0.020023
NEXUS-21808,0.014064
NEXUS-21804,0.026156
NEXUS-21803,0.011158
NEXUS-21802,0.03259
NEXUS-21788,0.096365
NEXUS-21787,0.923039
NEXUS-21765,0.045692
NEXUS-21764,0.035948
NEXUS-21762,0.041462
NEXUS-21758,0.021615
NEXUS-21754,0.907967
NEXUS-21747,0.021781
NEXUS-21730,0.027796
NEXUS-21725,0.509276
NEXUS-21724,0.913058
NEXUS-21682,0.029535
NEXUS-21681,0.023153
NEXUS-21672,0.023153
NEXUS-21669,0.082107
NEXUS-21667,0.72952
NEXUS-21643,0.438304
NEXUS-21642,0.901921
NEXUS-21637,0.014616
NEXUS-21634,0.188026
NEXUS-21611,0.029091
NEXUS-21603,0.025565
NEXUS-21592,0.510741
NEXUS-21589,0.019271
NEXUS-21579,0.114765
NEXUS-21564,0.849472
NEXUS-21561,0.669313
NEXUS-21560,0.143188
NEXUS-21556,0.964855
NEXUS-21553,0.865224
NEXUS-21551,0.861072
NEXUS-21538,0.136608
NEXUS-21512,0.120439
NEXUS-21508,0.035679
NEXUS-21452,0.024988
NEXUS-21389,0.076961
NEXUS-21388,0.884039
NEXUS-21384,0.028871
NEXUS-21383,0.893309
NEXUS-21381,0.020964
NEXUS-21376,0.712832
NEXUS-21371,0.016029
NEXUS-21370,0.599251
NEXUS-21368,0.011687
NEXUS-21366,0.772531
NEXUS-21356,0.021781
NEXUS-21354,0.901227
NEXUS-21352,0.225417
NEXUS-21350,0.846451
NEXUS-21330,0.560974
NEXUS-21329,0.012528
NEXUS-21316,0.71423
NEXUS-21315,0.03259
NEXUS-21311,0.368519
NEXUS-21306,0.035145
NEXUS-21303,0.023331
NEXUS-21301,0.829492
NEXUS-21286,0.024238
NEXUS-21204,0.928409
NEXUS-21200,0.030215
NEXUS-21198,0.054199
NEXUS-21197,0.012625
NEXUS-21193,0.045692
NEXUS-21192,0.045016
NEXUS-21173,0.026355
NEXUS-21172,0.80837
NEXUS-21151,0.029312
NEXUS-21150,0.218336
NEXUS-21146,0.650079
NEXUS-21138,0.028653
NEXUS-21118,0.041462
NEXUS-21107,0.010014
NEXUS-21094,0.66154
NEXUS-21093,0.029535
NEXUS-21087,0.954308
NEXUS-21078,0.313105
NEXUS-21074,0.764892
NEXUS-21070,0.91848
NEXUS-21069,0.878731
NEXUS-21068,0.91848
NEXUS-21049,0.037327
NEXUS-21048,0.030444
NEXUS-21044,0.755637
NEXUS-21011,0.022803
NEXUS-21005,0.011961
NEXUS-21004,0.017045
NEXUS-21002,0.83602
NEXUS-20982,0.78233
NEXUS-20965,0.020489
NEXUS-20964,0.860604
NEXUS-20956,0.144149
NEXUS-20946,0.869715
NEXUS-20939,0.814643
NEXUS-20938,0.026156
NEXUS-20936,0.016153
NEXUS-20933,0.016785
NEXUS-20929,0.365796
NEXUS-20926,0.045692
NEXUS-20923,0.024798
NEXUS-20890,0.017045
NEXUS-20886,0.049222
NEXUS-20874,0.021125
NEXUS-20872,0.014172
NEXUS-20871,0.014729
NEXUS-20868,0.877477
NEXUS-20861,0.024423
NEXUS-20858,0.026355
NEXUS-20854,0.772531
NEXUS-20853,0.83762
NEXUS-20837,0.733165
NEXUS-20834,0.023153
NEXUS-20829,0.024054
NEXUS-20828,0.024798
NEXUS-20827,0.293911
NEXUS-20779,0.014282
NEXUS-20776,0.082402
NEXUS-20728,0.163179
NEXUS-20721,0.028008
NEXUS-20719,0.827271
NEXUS-20709,0.019719
NEXUS-20708,0.033337
NEXUS-20705,0.023153
NEXUS-20702,0.818737
NEXUS-20688,0.019124
NEXUS-20684,0.03138
NEXUS-20682,0.076132
NEXUS-20674,0.016029
NEXUS-20646,0.019419
NEXUS-20642,0.268174
NEXUS-20640,0.007461
NEXUS-20632,0.017045
NEXUS-20631,0.013121
NEXUS-20626,0.052619
NEXUS-20621,0.023153
NEXUS-20552,0.012528
NEXUS-20547,0.018125
NEXUS-20546,0.935817
NEXUS-20538,0.861538
NEXUS-20525,0.016277
NEXUS-20510,0.030909
NEXUS-20509,0.672977
NEXUS-20494,0.130285
NEXUS-20493,0.033086
NEXUS-20492,0.090735
NEXUS-20479,0.04778
NEXUS-20476,0.028221
NEXUS-20474,0.021781
NEXUS-20464,0.013849
NEXUS-20463,0.013956
NEXUS-20461,0.021948
NEXUS-20458,0.859664
NEXUS-20457,0.016277
NEXUS-20456,0.030909
NEXUS-20455,0.020646
NEXUS-20453,0.065605
NEXUS-20441,0.016153
NEXUS-20434,0.781664
NEXUS-20431,0.018833
NEXUS-20430,0.014392
NEXUS-20429,0.023153
NEXUS-20428,0.01292
NEXUS-20410,0.882428
NEXUS-20405,0.714827
NEXUS-20403,0.103749
NEXUS-20401,0.936749
NEXUS-20392,0.568655
NEXUS-20390,0.904987
NEXUS-20383,0.038178
NEXUS-20381,0.03138
NEXUS-20364,0.011158
NEXUS-20360,0.013121
NEXUS-20349,0.020489
NEXUS-20346,0.029987
NEXUS-20344,0.019719
NEXUS-20342,0.033844
NEXUS-20310,0.019569
NEXUS-20309,0.015785
NEXUS-20308,0.010014
NEXUS-20302,0.806853
NEXUS-20295,0.024423
NEXUS-20284,0.021948
NEXUS-20283,0.169681
NEXUS-20282,0.019271
NEXUS-20281,0.013637
NEXUS-20269,0.611208
NEXUS-20268,0.427636
NEXUS-20267,0.033337
NEXUS-20264,0.009708
NEXUS-20259,0.911495
NEXUS-20252,0.807764
NEXUS-20250,0.007816
NEXUS-20246,0.027169
NEXUS-20244,0.850469
NEXUS-20197,0.026759
NEXUS-20177,0.010249
NEXUS-20175,0.025371
NEXUS-20171,0.018405
NEXUS-20170,0.030215
NEXUS-20160,0.00986
NEXUS-20159,0.27338
NEXUS-20152,0.023153
NEXUS-20141,0.926304
NEXUS-20140,0.015306
NEXUS-20139,0.041462
NEXUS-20129,0.014064
NEXUS-20104,0.06256
NEXUS-20100,0.549399
NEXUS-20087,0.830594
NEXUS-20085,0.904651
NEXUS-20082,0.014064
NEXUS-20078,0.807461
NEXUS-20040,0.035411
NEXUS-20035,0.020804
NEXUS-20029,0.024988
NEXUS-20027,0.0538
NEXUS-20019,0.02461
NEXUS-20015,0.015073
NEXUS-20014,0.021125
NEXUS-20012,0.030444
NEXUS-20010,0.027796
NEXUS-20009,0.017309
NEXUS-20008,0.019271
NEXUS-20002,0.026156
NEXUS-20000,0.042404
NEXUS-19999,0.028871
NEXUS-19998,0.070816
NEXUS-19997,0.011778
NEXUS-19996,0.020804
NEXUS-19995,0.598077
NEXUS-19993,0.776962
NEXUS-19990,0.834946
NEXUS-19989,0.014616
NEXUS-19970,0.900879
NEXUS-19966,0.027169
NEXUS-19960,0.803482
NEXUS-19955,0.027169
NEXUS-19954,0.514644
NEXUS-19943,0.01057
NEXUS-19942,0.134776
NEXUS-19941,0.017045
NEXUS-19940,0.022803
NEXUS-19926,0.015073
NEXUS-19925,0.023509
NEXUS-19920,0.724286
NEXUS-19916,0.241668
NEXUS-19912,0.022117
NEXUS-19911,0.9462
NEXUS-19906,0.026156
NEXUS-19905,0.022629
NEXUS-19904,0.902266
NEXUS-19900,0.027376
NEXUS-19897,0.004982
NEXUS-19891,0.023153
NEXUS-19890,0.010328
NEXUS-19871,0.017045
NEXUS-19866,0.95222
NEXUS-19860,0.223716
NEXUS-19858,0.355048
NEXUS-19857,0.033337
NEXUS-19853,0.022286
NEXUS-19851,0.012241
NEXUS-19846,0.024423
NEXUS-19845,0.906653
NEXUS-19844,0.919353
NEXUS-19843,0.901227
NEXUS-19842,0.02976
NEXUS-19841,0.839208
NEXUS-19840,0.068787
NEXUS-19839,0.294519
NEXUS-19838,0.043043
NEXUS-19833,0.017045
NEXUS-19819,0.021781
NEXUS-19811,0.494629
NEXUS-19801,0.018405
NEXUS-19791,0.021125
NEXUS-19789,0.035948
NEXUS-19785,0.287168
NEXUS-19761,0.064418
NEXUS-19738,0.029312
NEXUS-19736,0.753829
NEXUS-19735,0.054199
NEXUS-19733,0.030215
NEXUS-19730,0.019271
NEXUS-19712,0.209793
NEXUS-19709,0.030215
NEXUS-19703,0.008062
NEXUS-19702,0.03622
NEXUS-19699,0.011245
NEXUS-19675,0.013428
NEXUS-19666,0.058993
NEXUS-19662,0.307774
NEXUS-19644,0.672977
NEXUS-19642,0.017712
NEXUS-19634,0.014172
NEXUS-19628,0.017309
NEXUS-19619,0.416559
NEXUS-19618,0.095013
NEXUS-19607,0.032344
NEXUS-19602,0.00582
NEXUS-19600,0.016029
NEXUS-19583,0.894421
NEXUS-19572,0.357904
NEXUS-19566,0.418935
NEXUS-19551,0.636636
NEXUS-19544,0.140808
NEXUS-19535,0.028871
NEXUS-19533,0.016657
NEXUS-19532,0.012054
NEXUS-19529,0.035948
NEXUS-19527,0.026964
NEXUS-19526,0.028008
NEXUS-19525,0.681091
NEXUS-19520,0.011245
NEXUS-19502,0.531696
NEXUS-19494,0.855369
NEXUS-19486,0.02976
NEXUS-19462,0.652961
NEXUS-19437,0.021125
NEXUS-19430,0.007233
NEXUS-19426,0.015906
NEXUS-19424,0.090093
NEXUS-19420,0.089773
NEXUS-19417,0.007938
NEXUS-19415,0.714628
NEXUS-19409,0.021451
NEXUS-19404,0.014282
NEXUS-19384,0.017712
NEXUS-19383,0.014616
NEXUS-19379,0.829492
NEXUS-19350,0.31695
NEXUS-19349,0.505859
NEXUS-19348,0.549641
NEXUS-19314,0.076132
NEXUS-19313,0.650162
NEXUS-19307,0.020177
NEXUS-19303,0.019271
NEXUS-19298,0.023871
NEXUS-19250,0.890675
NEXUS-19249,0.016029
NEXUS-19245,0.007012
NEXUS-19244,0.49707
NEXUS-19235,0.084191
NEXUS-19231,0.015425
NEXUS-19230,0.027796
NEXUS-19229,0.072112
NEXUS-19224,0.058132
NEXUS-19209,0.020964
NEXUS-19205,0.018689
NEXUS-19189,0.017986
NEXUS-19187,0.018547
NEXUS-19186,0.012241
NEXUS-19183,0.842345
NEXUS-19181,0.024798
NEXUS-19170,0.795975
NEXUS-19166,0.017442
NEXUS-19162,0.888759
NEXUS-19155,0.186836
NEXUS-19152,0.566738
NEXUS-19146,0.888372
NEXUS-19145,0.857291
NEXUS-19144,0.781664
NEXUS-19143,0.88642
NEXUS-19142,0.817866
NEXUS-19141,0.746878
NEXUS-19136,0.00838
NEXUS-19126,0.419172
NEXUS-19125,0.012241
NEXUS-19123,0.199308
NEXUS-19121,0.019719
NEXUS-19120,0.60288
NEXUS-19119,0.012821
NEXUS-19118,0.013849
NEXUS-19117,0.014842
NEXUS-19114,0.192539
NEXUS-19113,0.039343
NEXUS-19107,0.010014
NEXUS-19103,0.021125
NEXUS-19102,0.089773
NEXUS-19100,0.030676
NEXUS-19097,0.023689
NEXUS-19095,0.851953
NEXUS-19092,0.026355
NEXUS-19091,0.021287
NEXUS-19089,0.022977
NEXUS-19088,0.110471
NEXUS-19086,0.041462
NEXUS-19085,0.011869
NEXUS-19084,0.014504
NEXUS-19075,0.022629
NEXUS-19068,0.029312
NEXUS-19067,0.500488
NEXUS-19060,0.012147
NEXUS-19056,0.026156
NEXUS-19055,0.895888
NEXUS-19052,0.609873
NEXUS-19051,0.025565
NEXUS-19049,0.024238
NEXUS-19048,0.011072
NEXUS-19046,0.27474
NEXUS-19040,0.033337
NEXUS-19037,0.758511
NEXUS-19034,0.019124
NEXUS-19028,0.111241
NEXUS-19025,0.009055
NEXUS-19021,0.010014
NEXUS-19020,0.811676
NEXUS-19019,0.469764
NEXUS-19017,0.017309
NEXUS-19013,0.011508
NEXUS-19012,0.567457
NEXUS-19007,0.109325
NEXUS-19004,0.017849
NEXUS-19002,0.020804
NEXUS-19001,0.022977
NEXUS-19000,0.012147
NEXUS-18997,0.023331
NEXUS-18994,0.057918
NEXUS-18992,0.64266
NEXUS-18987,0.016657
NEXUS-18985,0.859192
NEXUS-18984,0.822189
NEXUS-18983,0.018547
NEXUS-18982,0.01653
NEXUS-18952,0.058561
NEXUS-18950,0.009559
NEXUS-18949,0.192236
NEXUS-18946,0.01653
NEXUS-18945,0.676299
NEXUS-18941,0.909586
NEXUS-18940,0.025371
NEXUS-18939,0.029987
NEXUS-18933,0.018405
NEXUS-18932,0.034619
NEXUS-18919,0.025761
NEXUS-18917,0.906653
NEXUS-18909,0.014957
NEXUS-18908,0.237222
NEXUS-18907,0.831143
NEXUS-18905,0.022117
NEXUS-18902,0.440469
NEXUS-18898,0.011961
NEXUS-18896,0.927888
NEXUS-18872,0.76207
NEXUS-18855,0.009197
NEXUS-18850,0.025371
NEXUS-18846,0.644713
NEXUS-18816,0.023509
NEXUS-18813,0.953275
NEXUS-18800,0.022117
NEXUS-18788,0.009559
NEXUS-18784,0.297878
NEXUS-18782,0.780328
NEXUS-18776,0.054601
NEXUS-18774,0.029535
NEXUS-18771,0.846958
NEXUS-18765,0.884439
NEXUS-18759,0.874935
NEXUS-18758,0.612541
NEXUS-18754,0.645902
NEXUS-18751,0.026355
NEXUS-18749,0.011687
NEXUS-18748,0.865679
NEXUS-18742,0.048137
NEXUS-18741,0.020646
NEXUS-18737,0.03138
NEXUS-18736,0.015906
NEXUS-18735,0.020177
NEXUS-18733,0.014392
NEXUS-18732,0.697403
NEXUS-18731,0.025565
NEXUS-18718,0.605799
NEXUS-18716,0.04778
NEXUS-18715,0.023689
NEXUS-18712,0.024798
NEXUS-18711,0.49707
NEXUS-18709,0.03259
NEXUS-18707,0.012432
NEXUS-18705,0.018547
NEXUS-18703,0.055618
NEXUS-18695,0.835484
NEXUS-18692,0.023871
NEXUS-18691,0.014282
NEXUS-18690,0.015073
NEXUS-18688,0.017442
NEXUS-18687,0.017177
NEXUS-18685,0.196826
NEXUS-18684,0.014172
NEXUS-18683,0.018689
NEXUS-18680,0.085099
NEXUS-18679,0.092688
NEXUS-18675,0.018978
NEXUS-18672,0.221351
NEXUS-18668,0.877477
NEXUS-18660,0.024423
NEXUS-18651,0.016153
NEXUS-18648,0.024054
NEXUS-18641,0.888372
NEXUS-18640,0.016915
NEXUS-18638,0.016657
NEXUS-18631,0.017045
NEXUS-18630,0.188026
NEXUS-18629,0.040238
NEXUS-18622,0.019569
NEXUS-18617,0.194062
NEXUS-18616,0.629917
NEXUS-18611,0.924688
NEXUS-18610,0.010987
NEXUS-18603,0.020964
NEXUS-18601,0.066327
NEXUS-18588,0.008511
NEXUS-18587,0.024423
NEXUS-18564,0.019419
NEXUS-18562,0.111628
NEXUS-18546,0.740174
NEXUS-18543,0.014616
NEXUS-18542,0.905322
NEXUS-18540,0.024054
NEXUS-18530,0.013428
NEXUS-18529,0.024423
NEXUS-18520,0.033337
NEXUS-18517,0.021287
NEXUS-18514,0.017712
NEXUS-18511,0.715424
NEXUS-18510,0.027585
NEXUS-18509,0.193757
NEXUS-18507,0.64484
NEXUS-18494,0.01142
NEXUS-18493,0.014729
NEXUS-18490,0.941223
NEXUS-18487,0.095687
NEXUS-18481,0.010489
NEXUS-18479,0.065128
NEXUS-18477,0.701713
NEXUS-18353,0.017849
NEXUS-18352,0.050705
NEXUS-18345,0.020023
NEXUS-18344,0.901921
NEXUS-18337,0.009634
NEXUS-18320,0.020023
NEXUS-18316,0.816113
NEXUS-18312,0.014282
NEXUS-18311,0.018689
NEXUS-18304,0.018689
NEXUS-18303,0.084493
NEXUS-18302,0.024054
NEXUS-18299,0.014392
NEXUS-18295,0.017849
NEXUS-18286,0.897695
NEXUS-18285,0.028221
NEXUS-18283,0.629917
NEXUS-18277,0.016915
NEXUS-18276,0.020023
NEXUS-18271,0.591605
NEXUS-18270,0.07343
NEXUS-18269,0.019419
NEXUS-18265,0.020804
NEXUS-18263,0.011508
NEXUS-18262,0.03622
NEXUS-18261,0.012528
NEXUS-18260,0.017177
NEXUS-18254,0.693265
NEXUS-18252,0.03359
NEXUS-18245,0.033337
NEXUS-18238,0.774242
NEXUS-18235,0.693473
NEXUS-18234,0.459076
NEXUS-18227,0.016277
NEXUS-18221,0.258326
NEXUS-18220,0.025957
NEXUS-18217,0.011869
NEXUS-18216,0.160266
NEXUS-18196,0.010735
NEXUS-18187,0.010902
NEXUS-18186,0.349502
NEXUS-18185,0.024798
NEXUS-18184,0.028008
NEXUS-18183,0.930962
NEXUS-18182,0.870157
NEXUS-18181,0.785309
NEXUS-18179,0.007938
NEXUS-18170,0.150029
NEXUS-18167,0.028221
NEXUS-18156,0.044681
NEXUS-18135,0.367951
NEXUS-18134,0.05921
NEXUS-18132,0.0341
NEXUS-18119,0.018833
NEXUS-18117,0.019871
NEXUS-18105,0.023689
NEXUS-18100,0.016153
NEXUS-18099,0.042404
NEXUS-18098,0.038178
NEXUS-18097,0.066085
NEXUS-18096,0.051845
NEXUS-18095,0.060308
NEXUS-18094,0.136148
NEXUS-18093,0.117978
NEXUS-18092,0.040846
NEXUS-18091,0.04778
NEXUS-18090,0.845433
NEXUS-18083,0.086016
NEXUS-18080,0.013637
NEXUS-18078,0.021125
NEXUS-18067,0.178669
NEXUS-18066,0.676406
NEXUS-18062,0.153803
NEXUS-18058,0.021615
NEXUS-18054,0.021287
NEXUS-18046,0.076132
NEXUS-18045,0.226099
NEXUS-18044,0.881615
NEXUS-18036,0.046378
NEXUS-17921,0.207536
NEXUS-17920,0.01653
NEXUS-17919,0.023689
NEXUS-17917,0.655632
NEXUS-17908,0.020023
NEXUS-17903,0.322553
NEXUS-17898,0.770119
NEXUS-17896,0.027169
NEXUS-17894,0.352982
NEXUS-17893,0.110856
NEXUS-17886,0.017309
NEXUS-17884,0.009486
NEXUS-17879,0.563618
NEXUS-17877,0.028653
NEXUS-17855,0.851459
NEXUS-17853,0.06165
NEXUS-17852,0.014172
NEXUS-17851,0.933915
NEXUS-17850,0.025179
NEXUS-17849,0.480966
NEXUS-17845,0.023509
NEXUS-17842,0.530723
NEXUS-17834,0.057071
NEXUS-17833,0.012625
NEXUS-17832,0.018978
NEXUS-17830,0.011778
NEXUS-17824,0.057071
NEXUS-17823,0.023871
NEXUS-17820,0.030444
NEXUS-17809,0.859664
NEXUS-17808,0.052619
NEXUS-17803,0.221856
NEXUS-17798,0.013532
NEXUS-17797,0.495606
NEXUS-17795,0.79534
NEXUS-17794,0.020023
NEXUS-17790,0.021287
NEXUS-17788,0.018978
NEXUS-17784,0.011597
NEXUS-17782,0.027169
NEXUS-17776,0.145601
NEXUS-17772,0.017045
NEXUS-17769,0.01142
NEXUS-17768,0.022457
NEXUS-17759,0.032344
NEXUS-17758,0.129843
NEXUS-17756,0.024798
NEXUS-17741,0.028008
NEXUS-17740,0.018405
NEXUS-17738,0.008316
NEXUS-17737,0.018125
NEXUS-17736,0.007461
NEXUS-17735,0.008188
NEXUS-17724,0.801004
NEXUS-17723,0.098425
NEXUS-17714,0.023509
NEXUS-17712,0.014729
NEXUS-17710,0.743913
NEXUS-17702,0.031859
NEXUS-17700,0.006904
NEXUS-17694,0.119203
NEXUS-17690,0.018405
NEXUS-17683,0.017309
NEXUS-17676,0.020646
NEXUS-17675,0.014957
NEXUS-17671,0.548915
NEXUS-17652,0.009784
NEXUS-17646,0.013742
NEXUS-17645,0.603114
NEXUS-17639,0.01292
NEXUS-17638,0.019271
NEXUS-17634,0.017045
NEXUS-17633,0.665356
NEXUS-17631,0.285173
NEXUS-17629,0.859192
NEXUS-17628,0.042404
NEXUS-17626,0.032344
NEXUS-17624,0.014392
NEXUS-17622,0.145844
NEXUS-17621,0.016153
NEXUS-17617,0.030215
NEXUS-17616,0.022286
NEXUS-17614,0.008316
NEXUS-17613,0.694095
NEXUS-17612,0.008062
NEXUS-17611,0.013325
NEXUS-17609,0.017177
NEXUS-17608,0.022457
NEXUS-17604,0.015906
NEXUS-17600,0.741112
NEXUS-17548,0.019871
NEXUS-17547,0.038178
NEXUS-17510,0.035411
NEXUS-17502,0.021125
NEXUS-17501,0.022286
NEXUS-17498,0.462473
NEXUS-17495,0.057282
NEXUS-17492,0.838151
NEXUS-17487,0.009055
NEXUS-17483,0.319546
NEXUS-17477,0.022117
NEXUS-17471,0.450601
NEXUS-17470,0.04778
NEXUS-17466,0.035145
NEXUS-17463,0.010489
NEXUS-17460,0.024238
NEXUS-17455,0.013121
NEXUS-17451,0.915507
NEXUS-17450,0.011869
NEXUS-17449,0.015664
NEXUS-17448,0.027376
NEXUS-17447,0.788909
NEXUS-17441,0.018125
NEXUS-17440,0.029091
NEXUS-17439,0.021948
NEXUS-17416,0.017849
NEXUS-17409,0.021615
NEXUS-17394,0.016657
NEXUS-17372,0.734501
NEXUS-17300,0.912748
NEXUS-17296,0.026156
NEXUS-17288,0.022457
NEXUS-17287,0.010653
NEXUS-17285,0.014392
NEXUS-17282,0.122944
NEXUS-17281,0.745028
NEXUS-17280,0.031144
NEXUS-17279,0.778313
NEXUS-17277,0.013121
NEXUS-17272,0.022803
NEXUS-17270,0.016785
NEXUS-17266,0.019871
NEXUS-17263,0.015664
NEXUS-17262,0.017986
NEXUS-17259,0.013849
NEXUS-17257,0.013223
NEXUS-17252,0.024988
NEXUS-17233,0.178956
NEXUS-17231,0.023331
NEXUS-17228,0.023153
NEXUS-17225,0.014064
NEXUS-17222,0.086323
NEXUS-17221,0.014957
NEXUS-17218,0.016657
NEXUS-17217,0.020023
NEXUS-17202,0.019871
NEXUS-17199,0.639455
NEXUS-17157,0.022977
NEXUS-17156,0.026355
NEXUS-17106,0.886813
NEXUS-17103,0.015073
NEXUS-17101,0.025761
NEXUS-17097,0.012723
NEXUS-17095,0.195134
NEXUS-17086,0.015785
NEXUS-17012,0.019719
NEXUS-17010,0.943764
NEXUS-17008,0.01302
NEXUS-17005,0.012723
NEXUS-17002,0.020332
NEXUS-17001,0.015306
NEXUS-16994,0.018689
NEXUS-16993,0.028436
NEXUS-16992,0.045353
NEXUS-16985,0.019569
NEXUS-16982,0.025179
NEXUS-16980,0.021781
NEXUS-16973,0.130729
NEXUS-16969,0.013849
NEXUS-16968,0.014064
NEXUS-16967,0.013956
NEXUS-16965,0.013121
NEXUS-16964,0.024423
NEXUS-16958,0.846958
NEXUS-16954,0.234056
NEXUS-16950,0.078642
NEXUS-16947,0.119203
NEXUS-16944,0.013223
NEXUS-16942,0.010408
NEXUS-16938,0.006004
NEXUS-16935,0.372619
NEXUS-16932,0.862004
NEXUS-16930,0.015425
NEXUS-16923,0.01017
NEXUS-16917,0.009486
NEXUS-16915,0.020489
NEXUS-16912,0.013428
NEXUS-16911,0.046034
NEXUS-16903,0.098425
NEXUS-16882,0.014842
NEXUS-16881,0.718792
NEXUS-16875,0.063715
NEXUS-16874,0.021451
NEXUS-16870,0.065128
NEXUS-16869,0.014064
NEXUS-16868,0.857768
NEXUS-16853,0.707
NEXUS-16852,0.019124
NEXUS-16792,0.018405
NEXUS-16778,0.016153
NEXUS-16777,0.018547
NEXUS-16757,0.010902
NEXUS-16753,0.026156
NEXUS-16752,0.026759
NEXUS-16740,0.012528
NEXUS-16734,0.72952
NEXUS-16733,0.018125
NEXUS-16730,0.833325
NEXUS-16729,0.008188
NEXUS-16727,0.026964
NEXUS-16718,0.020023
NEXUS-16717,0.013849
NEXUS-16713,0.848471
NEXUS-16703,0.018405
NEXUS-16696,0.012336
NEXUS-16679,0.015189
NEXUS-16674,0.604399
NEXUS-16673,0.494629
NEXUS-16671,0.88642
NEXUS-16670,0.706596
NEXUS-16667,0.033086
NEXUS-16666,0.014504
NEXUS-16649,0.017986
NEXUS-16648,0.018833
NEXUS-16644,0.802246
NEXUS-16584,0.015189
NEXUS-16583,0.895157
NEXUS-16580,0.761006
NEXUS-16577,0.018833
NEXUS-16575,0.014392
NEXUS-16574,0.028008
NEXUS-16573,0.023871
NEXUS-16565,0.066569
NEXUS-16561,0.019419
NEXUS-16560,0.013742
NEXUS-16559,0.013637
NEXUS-16550,0.006193
NEXUS-16547,0.013325
NEXUS-16546,0.944177
NEXUS-16545,0.051845
NEXUS-16544,0.779658
NEXUS-16543,0.105579
NEXUS-16539,0.033337
NEXUS-16531,0.020804
NEXUS-16529,0.009055
NEXUS-16527,0.022457
NEXUS-16524,0.114369
NEXUS-16518,0.254046
NEXUS-16510,0.025957
NEXUS-16503,0.015544
NEXUS-16493,0.108189
NEXUS-16489,0.816406
NEXUS-16488,0.047426
NEXUS-16480,0.042404
NEXUS-16476,0.015189
NEXUS-16475,0.024054
NEXUS-16470,0.010489
NEXUS-16463,0.01017
NEXUS-16461,0.036769
NEXUS-16457,0.018264
NEXUS-16454,0.00582
NEXUS-16453,0.011072
NEXUS-16450,0.223886
NEXUS-16449,0.057918
NEXUS-16430,0.025957
NEXUS-16426,0.00934
NEXUS-16425,0.016029
NEXUS-16419,0.019124
NEXUS-16409,0.806853
NEXUS-16404,0.023331
NEXUS-16401,0.022629
NEXUS-16394,0.019719
NEXUS-16393,0.034359
NEXUS-16392,0.018978
NEXUS-16389,0.015073
NEXUS-16387,0.042722
NEXUS-16384,0.031859
NEXUS-16319,0.019124
NEXUS-16317,0.017045
NEXUS-16312,0.018405
NEXUS-16310,0.015544
NEXUS-16308,0.018833
NEXUS-16306,0.044349
NEXUS-16303,0.016915
NEXUS-16257,0.702938
NEXUS-16253,0.881207
NEXUS-16252,0.014282
NEXUS-16251,0.855369
NEXUS-16250,0.267313
NEXUS-16249,0.019871
NEXUS-16248,0.021615
NEXUS-16229,0.813461
NEXUS-16227,0.039343
NEXUS-16225,0.035411
NEXUS-16223,0.033337
NEXUS-16159,0.025371
NEXUS-16158,0.937211
NEXUS-16157,0.007461
NEXUS-16156,0.046378
NEXUS-16155,0.65019
NEXUS-16090,0.846451
NEXUS-16089,0.879147
NEXUS-16088,0.016785
NEXUS-16082,0.039639
NEXUS-16081,0.027585
NEXUS-16077,0.048858
NEXUS-16067,0.039343
NEXUS-16066,0.526343
NEXUS-16057,0.398875
NEXUS-16009,0.017442
NEXUS-15878,0.039937
NEXUS-15876,0.577257
NEXUS-15816,0.697815
NEXUS-15815,0.6137
NEXUS-15813,0.014504
NEXUS-15795,0.022629
NEXUS-15787,0.009486
NEXUS-15776,0.018405
NEXUS-15768,0.385259
NEXUS-15765,0.015189
NEXUS-15762,0.011961
NEXUS-15759,0.008985
NEXUS-15749,0.010653
NEXUS-15746,0.025957
NEXUS-15745,0.016785
NEXUS-15734,0.025957
NEXUS-15727,0.021948
NEXUS-15724,0.257018
NEXUS-15723,0.222193
NEXUS-15722,0.020489
NEXUS-15714,0.065845
NEXUS-15708,0.021781
NEXUS-15702,0.024238
NEXUS-15617,0.009559
NEXUS-15582,0.029535
NEXUS-15579,0.013956
NEXUS-15561,0.023689
NEXUS-15560,0.933431
NEXUS-15557,0.053403
NEXUS-15545,0.016403
NEXUS-15470,0.23546
NEXUS-15467,0.008062
NEXUS-15466,0.017849
NEXUS-15465,0.635095
NEXUS-15461,0.61734
NEXUS-15442,0.898767
NEXUS-15441,0.817574
NEXUS-15439,0.013849
NEXUS-15425,0.022117
NEXUS-15423,0.013121
NEXUS-15422,0.020646
NEXUS-15421,0.014842
NEXUS-15418,0.030444
NEXUS-15416,0.924688
NEXUS-15394,0.720565
NEXUS-15384,0.755637
NEXUS-15377,0.027376
NEXUS-15376,0.008847
NEXUS-15375,0.01653
NEXUS-15372,0.012054
NEXUS-15365,0.13569
NEXUS-15364,0.017849
NEXUS-15363,0.020964
NEXUS-15349,0.022803
NEXUS-15288,0.024054
NEXUS-15282,0.012723
NEXUS-15280,0.016657
NEXUS-15278,0.017986
NEXUS-15277,0.017177
NEXUS-15276,0.042404
NEXUS-15262,0.919643
NEXUS-15219,0.237753
NEXUS-15216,0.438304
NEXUS-15215,0.016153
NEXUS-15205,0.015906
NEXUS-15202,0.026156
NEXUS-15195,0.011332
NEXUS-15193,0.010818
NEXUS-15179,0.016657
NEXUS-15177,0.009559
NEXUS-15175,0.021948
NEXUS-15169,0.574395
NEXUS-15165,0.80837
NEXUS-15149,0.853425
NEXUS-15148,0.048496
NEXUS-15147,0.010818
NEXUS-15141,0.382372
NEXUS-15136,0.925769
NEXUS-15131,0.032837
NEXUS-15127,0.012054
NEXUS-15124,0.017577
NEXUS-15106,0.01302
NEXUS-15105,0.012723
NEXUS-15104,0.023509
NEXUS-15095,0.015544
NEXUS-15091,0.922482
NEXUS-15090,0.006488
NEXUS-15089,0.012723
NEXUS-15088,0.008847
NEXUS-15085,0.026355
NEXUS-15078,0.020332
NEXUS-15053,0.874077
NEXUS-15051,0.865224
NEXUS-15050,0.233706
NEXUS-14990,0.28279
NEXUS-14974,0.058346
NEXUS-14971,0.043366
NEXUS-14969,0.01653
NEXUS-14964,0.046034
NEXUS-14960,0.020177
NEXUS-14956,0.717804
NEXUS-14949,0.059647
NEXUS-14948,0.026156
NEXUS-14940,0.915507
NEXUS-14886,0.011961
NEXUS-14885,0.627666
NEXUS-14878,0.016277
NEXUS-14869,0.016403
NEXUS-14865,0.034881
NEXUS-14863,0.009126
NEXUS-14862,0.547706
NEXUS-14860,0.045353
NEXUS-14857,0.016153
NEXUS-14843,0.039639
NEXUS-14839,0.025179
NEXUS-14838,0.020489
NEXUS-14837,0.742608
NEXUS-14775,0.695958
NEXUS-14748,0.690768
NEXUS-14735,0.015664
NEXUS-14733,0.017986
NEXUS-14730,0.869271
NEXUS-14729,0.021287
NEXUS-14722,0.008062
NEXUS-14703,0.034359
NEXUS-14682,0.876211
NEXUS-14674,0.014392
NEXUS-14673,0.783658
NEXUS-14671,0.026156
NEXUS-14653,0.015906
NEXUS-14652,0.413714
NEXUS-14651,0.437103
NEXUS-14650,0.902952
NEXUS-14646,0.016785
NEXUS-14641,0.708213
NEXUS-14639,0.880386
NEXUS-14637,0.839734
NEXUS-14636,0.819893
NEXUS-14631,0.921922
NEXUS-14616,0.67971
NEXUS-14612,0.06804
NEXUS-14611,0.501953
NEXUS-14607,0.63494
NEXUS-14605,0.70069
NEXUS-14604,0.016277
NEXUS-14603,0.903635
NEXUS-14598,0.022457
NEXUS-14593,0.011961
NEXUS-14591,0.025565
NEXUS-14528,0.040846
NEXUS-14523,0.026156
NEXUS-14521,0.039048
NEXUS-14520,0.015785
NEXUS-14515,0.224395
NEXUS-14512,0.859192
NEXUS-14511,0.020964
NEXUS-14493,0.045353
NEXUS-14488,0.024238
NEXUS-14484,0.709824
NEXUS-14483,0.020177
NEXUS-14466,0.015785
NEXUS-14465,0.025179
NEXUS-14463,0.019871
NEXUS-14459,0.013956
NEXUS-14448,0.358016
NEXUS-14447,0.024238
NEXUS-14441,0.016277
NEXUS-14439,0.021287
NEXUS-14433,0.913984
NEXUS-14427,0.70477
NEXUS-14423,0.703448
NEXUS-14419,0.010902
NEXUS-14414,0.012336
NEXUS-14412,0.086632
NEXUS-14411,0.709221
NEXUS-14408,0.879974
NEXUS-14407,0.380299
NEXUS-14403,0.274546
NEXUS-14398,0.016785
NEXUS-14388,0.008511
NEXUS-14387,0.010653
NEXUS-14385,0.014842
NEXUS-14384,0.033086
NEXUS-14381,0.018689
NEXUS-14365,0.163713
NEXUS-14358,0.815233
NEXUS-14315,0.775265
NEXUS-14312,0.021125
NEXUS-14310,0.849472
NEXUS-14303,0.023871
NEXUS-14299,0.37502
NEXUS-14236,0.115162
NEXUS-14233,0.782995
NEXUS-14231,0.873215
NEXUS-14227,0.014504
NEXUS-14215,0.609989
NEXUS-14214,0.779658
NEXUS-14211,0.02461
NEXUS-14207,0.004982
NEXUS-14198,0.19962
NEXUS-14196,0.4436
NEXUS-14193,0.249447
NEXUS-14187,0.007233
NEXUS-14174,0.024988
NEXUS-14105,0.028871
NEXUS-14103,0.029987
NEXUS-14087,0.775945
NEXUS-14083,0.92079
NEXUS-14075,0.012625
NEXUS-14062,0.035679
NEXUS-14059,0.349422
NEXUS-14058,0.891811
NEXUS-14048,0.01142
NEXUS-14039,0.042088
NEXUS-14038,0.042088
NEXUS-14034,0.026156
NEXUS-14029,0.03359
NEXUS-13961,0.022457
NEXUS-13959,0.013223
NEXUS-13951,0.871475
NEXUS-13949,0.029312
NEXUS-13948,0.014729
NEXUS-13947,0.051845
NEXUS-13946,0.387227
NEXUS-13942,0.948537
NEXUS-13940,0.010489
NEXUS-13939,0.034881
NEXUS-13938,0.875787
NEXUS-13933,0.853913
NEXUS-13929,0.012241
NEXUS-13921,0.018264
NEXUS-13919,0.025957
NEXUS-13916,0.028871
NEXUS-13915,0.034881
NEXUS-13908,0.023153
NEXUS-13905,0.378229
NEXUS-13901,0.849472
NEXUS-13900,0.873647
NEXUS-13898,0.028008
NEXUS-13897,0.032101
NEXUS-13896,0.017309
NEXUS-13894,0.020489
NEXUS-13882,0.018978
NEXUS-13866,0.00838
NEXUS-13865,0.059428
NEXUS-13862,0.754915
NEXUS-13861,0.008062
NEXUS-13850,0.026964
NEXUS-13849,0.020489
NEXUS-13786,0.035948
NEXUS-13785,0.846958
NEXUS-13780,0.013325
NEXUS-13777,0.060752
NEXUS-13772,0.040541
NEXUS-13768,0.017309
NEXUS-13767,0.015073
NEXUS-13766,0.014172
NEXUS-13643,0.035948
NEXUS-13639,0.024798
NEXUS-13636,0.913677
NEXUS-13635,0.915507
NEXUS-13630,0.013428
NEXUS-13628,0.060752
NEXUS-13626,0.055005
NEXUS-13591,0.806243
NEXUS-13586,0.018405
NEXUS-13584,0.883638
NEXUS-13575,0.008446
NEXUS-13566,0.02976
NEXUS-13554,0.02976
NEXUS-13553,0.909586
NEXUS-13486,0.496094
NEXUS-13485,0.76454
NEXUS-13483,0.878731
NEXUS-13481,0.010408
NEXUS-13466,0.016915
NEXUS-13465,0.018978
NEXUS-13462,0.874077
NEXUS-13461,0.707708
NEXUS-13448,0.020804
NEXUS-13440,0.017177
NEXUS-13439,0.017986
NEXUS-13434,0.800692
NEXUS-13433,0.818447
NEXUS-13432,0.021287
NEXUS-13431,0.202443
NEXUS-13430,0.040541
NEXUS-13426,0.008511
NEXUS-13422,0.011961
NEXUS-13414,0.025957
NEXUS-13407,0.056236
NEXUS-13404,0.009634
NEXUS-13393,0.030444
NEXUS-13392,0.847968
NEXUS-13391,0.021287
NEXUS-13389,0.015906
NEXUS-13385,0.019124
NEXUS-13378,0.932944
NEXUS-13371,0.00934
NEXUS-13370,0.725649
NEXUS-13363,0.026964
NEXUS-13362,0.722135
NEXUS-13355,0.738103
NEXUS-13352,0.894421
NEXUS-13333,0.022803
NEXUS-13329,0.026557
NEXUS-13325,0.730674
NEXUS-13324,0.905657
NEXUS-13322,0.015785
NEXUS-13306,0.033337
NEXUS-13304,0.033086
NEXUS-13303,0.010408
NEXUS-13302,0.360489
NEXUS-13228,0.029091
NEXUS-13227,0.012723
NEXUS-13207,0.013742
NEXUS-13206,0.520009
NEXUS-13205,0.673675
NEXUS-13200,0.013325
NEXUS-13182,0.021287
NEXUS-13180,0.933431
NEXUS-13178,0.027796
NEXUS-13173,0.01653
NEXUS-13171,0.015664
NEXUS-13170,0.463444
NEXUS-13168,0.021948
NEXUS-13163,0.927888
NEXUS-13152,0.827271
NEXUS-13151,0.687735
NEXUS-13148,0.014392
NEXUS-13145,0.033086
NEXUS-13141,0.017849
NEXUS-13140,0.583441
NEXUS-13137,0.781997
NEXUS-13136,0.022457
NEXUS-13133,0.927363
NEXUS-13130,0.014616
NEXUS-13129,0.039048
NEXUS-13127,0.022803
NEXUS-13126,0.022977
NEXUS-13122,0.017045
NEXUS-13121,0.016915
NEXUS-13104,0.712032
NEXUS-13099,0.022629
NEXUS-13098,0.312632
NEXUS-13097,0.01292
NEXUS-13096,0.03622
NEXUS-13095,0.016029
NEXUS-13092,0.015906
NEXUS-13087,0.039048
NEXUS-13085,0.027796
NEXUS-13076,0.014504
NEXUS-13073,0.012241
NEXUS-13072,0.018405
NEXUS-13071,0.025371
NEXUS-13057,0.028008
NEXUS-13056,0.806548
NEXUS-13055,0.023871
NEXUS-13048,0.027585
NEXUS-13046,0.061876
NEXUS-13042,0.015785
NEXUS-13035,0.346541
NEXUS-13032,0.894421
NEXUS-13030,0.432782
NEXUS-13028,0.013325
NEXUS-13027,0.007461
NEXUS-13026,0.017309
NEXUS-13000,0.03259
NEXUS-12996,0.801315
NEXUS-12995,0.027169
NEXUS-12983,0.025957
NEXUS-12972,0.010818
NEXUS-12968,0.02976
NEXUS-12962,0.01302
NEXUS-12942,0.017986
NEXUS-12941,0.087564
NEXUS-12907,0.016403
NEXUS-12906,0.027169
NEXUS-12903,0.018125
NEXUS-12869,0.017045
NEXUS-12861,0.03622
NEXUS-12860,0.698227
NEXUS-12859,0.022629
NEXUS-12858,0.048858
NEXUS-12857,0.028653
NEXUS-12856,0.024798
NEXUS-12855,0.036494
NEXUS-12852,0.023509
NEXUS-12849,0.590779
NEXUS-12848,0.904313
NEXUS-12844,0.117572
NEXUS-12840,0.03138
NEXUS-12828,0.015664
NEXUS-12823,0.027169
NEXUS-12821,0.740174
NEXUS-12817,0.819893
NEXUS-12815,0.837088
NEXUS-12810,0.018547
NEXUS-12809,0.0538
NEXUS-12808,0.905322
NEXUS-12798,0.015906
NEXUS-12794,0.034881
NEXUS-12793,0.017309
NEXUS-12780,0.015544
NEXUS-12719,0.549157
NEXUS-12716,0.014392
NEXUS-12711,0.021948
NEXUS-12710,0.900879
NEXUS-12708,0.831691
NEXUS-12706,0.764892
NEXUS-12704,0.015544
NEXUS-12693,0.010987
NEXUS-12692,0.048496
NEXUS-12691,0.02461
NEXUS-12688,0.867934
NEXUS-12685,0.729905
NEXUS-12684,0.018125
NEXUS-12681,0.029535
NEXUS-12680,0.013121
NEXUS-12678,0.034359
NEXUS-12677,0.040846
NEXUS-12676,0.046378
NEXUS-12674,0.419172
NEXUS-12673,0.098773
NEXUS-12671,0.01057
NEXUS-12665,0.893681
NEXUS-12663,0.933431
NEXUS-12655,0.630457
NEXUS-12653,0.70028
NEXUS-12652,0.885235
NEXUS-12651,0.025957
NEXUS-12645,0.732018
NEXUS-12644,0.709422
NEXUS-12641,0.810179
NEXUS-12540,0.020646
NEXUS-12535,0.015306
NEXUS-12533,0.801315
NEXUS-12531,0.884439
NEXUS-12527,0.031144
NEXUS-12523,0.788909
NEXUS-12520,0.014282
NEXUS-12518,0.877056
NEXUS-12513,0.025957
NEXUS-12509,0.031144
NEXUS-12508,0.021125
NEXUS-12501,0.008644
NEXUS-12496,0.018978
NEXUS-12493,0.927363
NEXUS-12490,0.02976
NEXUS-12488,0.025761
NEXUS-12486,0.032344
NEXUS-12485,0.024054
NEXUS-12484,0.017177
NEXUS-12483,0.029987
NEXUS-12482,0.032101
NEXUS-12481,0.019271
NEXUS-12477,0.014504
NEXUS-12474,0.031619
NEXUS-12469,0.085404
NEXUS-12460,0.508788
NEXUS-12458,0.913677
NEXUS-12457,0.020177
NEXUS-12456,0.852445
NEXUS-12452,0.015906
NEXUS-12450,0.030676
NEXUS-12443,0.027585
NEXUS-12435,0.015425
NEXUS-12434,0.019719
NEXUS-12430,0.131619
NEXUS-12429,0.217338
NEXUS-12427,0.029987
NEXUS-12422,0.035948
NEXUS-12411,0.83868
NEXUS-12410,0.875787
NEXUS-12405,0.03622
NEXUS-12404,0.022629
NEXUS-12397,0.03359
NEXUS-12396,0.020177
NEXUS-12391,0.670608
NEXUS-12390,0.324962
NEXUS-12389,0.650523
NEXUS-12388,0.326271
NEXUS-12382,0.026557
NEXUS-12380,0.030909
NEXUS-12373,0.023509
NEXUS-12370,0.09401
NEXUS-12367,0.010735
NEXUS-12361,0.610337
NEXUS-12360,0.174692
NEXUS-12355,0.022117
NEXUS-12351,0.020804
NEXUS-12349,0.770119
NEXUS-12339,0.013956
NEXUS-12338,0.011961
NEXUS-12337,0.02461
NEXUS-12336,0.02976
NEXUS-12334,0.017442
NEXUS-12333,0.572723
NEXUS-12331,0.72952
NEXUS-12323,0.017442
NEXUS-12322,0.030909
NEXUS-12319,0.912124
NEXUS-12310,0.015664
NEXUS-12306,0.017712
NEXUS-12304,0.045353
NEXUS-12285,0.048858
NEXUS-12276,0.900879
NEXUS-12267,0.282988
NEXUS-12264,0.019124
NEXUS-12260,0.827828
NEXUS-12259,0.180684
NEXUS-12255,0.294671
NEXUS-12254,0.893681
NEXUS-12253,0.014172
NEXUS-12252,0.709824
NEXUS-12250,0.023509
NEXUS-12249,0.064653
NEXUS-12245,0.904313
NEXUS-12242,0.024798
NEXUS-12241,0.917893
NEXUS-12238,0.156362
NEXUS-12237,0.871475
NEXUS-12231,0.135232
NEXUS-12230,0.014064
NEXUS-12226,0.503906
NEXUS-12222,0.056029
NEXUS-12220,0.012723
NEXUS-12216,0.718594
NEXUS-12108,0.023689
NEXUS-12105,0.707607
NEXUS-12103,0.475605
NEXUS-12102,0.105948
NEXUS-12101,0.173288
NEXUS-12100,0.115961
NEXUS-12099,0.033086
NEXUS-12097,0.782995
NEXUS-12096,0.846451
NEXUS-12095,0.822759
NEXUS-12094,0.307566
NEXUS-12093,0.84338
NEXUS-12091,0.016785
NEXUS-12084,0.783988
NEXUS-12083,0.025761
NEXUS-12081,0.019569
NEXUS-12077,0.042088
NEXUS-12076,0.022977
NEXUS-12075,0.017177
NEXUS-12073,0.022117
NEXUS-12064,0.027169
NEXUS-12062,0.030909
NEXUS-12057,0.034619
NEXUS-12041,0.073963
NEXUS-12040,0.018978
NEXUS-12036,0.029535
NEXUS-12033,0.117572
NEXUS-12030,0.018833
NEXUS-12022,0.944587
NEXUS-12020,0.017045
NEXUS-12017,0.016657
NEXUS-12016,0.693577
NEXUS-12015,0.793426
NEXUS-12010,0.013532
NEXUS-12008,0.832781
NEXUS-12006,0.659707
NEXUS-12005,0.259638
NEXUS-12004,0.035679
NEXUS-12002,0.020489
NEXUS-12001,0.728169
NEXUS-11997,0.794066
NEXUS-11995,0.014616
NEXUS-11994,0.047074
NEXUS-11993,0.89841
NEXUS-11991,0.877056
NEXUS-11990,0.024238
NEXUS-11989,0.098773
NEXUS-11988,0.018689
NEXUS-11982,0.013325
NEXUS-11975,0.621081
NEXUS-11972,0.016785
NEXUS-11965,0.013956
NEXUS-11964,0.611266
NEXUS-11962,0.600305
NEXUS-11955,0.437103
NEXUS-11950,0.831143
NEXUS-11947,0.009413
NEXUS-11945,0.778649
NEXUS-11941,0.026355
NEXUS-11940,0.022117
NEXUS-11937,0.027796
NEXUS-11935,0.927363
NEXUS-11927,0.011332
NEXUS-11925,0.031859
NEXUS-11923,0.58439
NEXUS-11922,0.080937
NEXUS-11921,0.716417
NEXUS-11911,0.020646
NEXUS-11910,0.017309
NEXUS-11909,0.172729
NEXUS-11903,0.014616
NEXUS-11902,0.908618
NEXUS-11897,0.809577
NEXUS-11896,0.885235
NEXUS-11895,0.826151
NEXUS-11894,0.877056
NEXUS-11893,0.637623
NEXUS-11891,0.915507
NEXUS-11888,0.016915
NEXUS-11884,0.040541
NEXUS-11881,0.585101
NEXUS-11878,0.034619
NEXUS-11877,0.035411
NEXUS-11874,0.017045
NEXUS-11872,0.024798
NEXUS-11871,0.028221
NEXUS-11870,0.220678
NEXUS-11869,0.023871
NEXUS-11868,0.012723
NEXUS-11867,0.043043
NEXUS-11866,0.042722
NEXUS-11865,0.452294
NEXUS-11860,0.740174
NEXUS-11859,0.018833
NEXUS-11850,0.410874
NEXUS-11838,0.085404
NEXUS-11748,0.895523
NEXUS-11747,0.029091
NEXUS-11739,0.01142
NEXUS-11733,0.042722
NEXUS-11732,0.025371
NEXUS-11730,0.869715
NEXUS-11726,0.032101
NEXUS-11715,0.035948
NEXUS-11712,0.01142
NEXUS-11698,0.015664
NEXUS-11697,0.477067
NEXUS-11679,0.015189
NEXUS-11670,0.037047
NEXUS-11667,0.011332
NEXUS-11664,0.578924
NEXUS-11661,0.744285
NEXUS-11652,0.787278
NEXUS-11647,0.013325
NEXUS-11639,0.087564
NEXUS-11634,0.022286
NEXUS-11632,0.019124
NEXUS-11630,0.014282
NEXUS-11619,0.030444
NEXUS-11618,0.018689
NEXUS-11616,0.020023
NEXUS-11615,0.009486
NEXUS-11614,0.041462
NEXUS-11610,0.63341
NEXUS-11603,0.135232
NEXUS-11602,0.821617
NEXUS-11546,0.641412
NEXUS-11544,0.012147
NEXUS-11536,0.644281
NEXUS-11534,0.023153
NEXUS-11526,0.048496
NEXUS-11519,0.017177
NEXUS-11518,0.032344
NEXUS-11468,0.916708
NEXUS-11467,0.014392
NEXUS-11464,0.035145
NEXUS-11446,0.932453
NEXUS-11438,0.582966
NEXUS-11435,0.678327
NEXUS-11409,0.731634
NEXUS-11403,0.889529
NEXUS-11370,0.020489
NEXUS-11336,0.747984
NEXUS-11334,0.320449
NEXUS-11306,0.666985
NEXUS-11301,0.015544
NEXUS-11300,0.022977
NEXUS-11290,0.757794
NEXUS-11287,0.010091
NEXUS-11285,0.386995
NEXUS-11283,0.013428
NEXUS-11267,0.012528
NEXUS-11266,0.746139
NEXUS-11254,0.014172
NEXUS-11253,0.051463
NEXUS-11247,0.727395
NEXUS-11244,0.591605
NEXUS-11238,0.055823
NEXUS-11237,0.027169
NEXUS-11226,0.836555
NEXUS-11219,0.021948
NEXUS-11215,0.019419
NEXUS-11191,0.025371
NEXUS-11190,0.026355
NEXUS-11187,0.025565
NEXUS-11181,0.07836
NEXUS-11180,0.02461
NEXUS-11179,0.014282
NEXUS-11174,0.015544
NEXUS-11172,0.154823
NEXUS-11169,0.769427
NEXUS-11148,0.012336
NEXUS-11141,0.833866
NEXUS-11140,0.03138
NEXUS-11139,0.02976
NEXUS-11045,0.063019
NEXUS-11044,0.051845
NEXUS-11041,0.844409
NEXUS-11027,0.016785
NEXUS-11020,0.103749
NEXUS-11001,0.768733
NEXUS-10998,0.101589
NEXUS-10991,0.039343
NEXUS-10987,0.037327
NEXUS-10984,0.373704
NEXUS-10982,0.017177
NEXUS-10981,0.016915
NEXUS-10980,0.018125
NEXUS-10978,0.024423
NEXUS-10976,0.904313
NEXUS-10975,0.021781
NEXUS-10974,0.027169
NEXUS-10970,0.047426
NEXUS-10961,0.930458
NEXUS-10957,0.024988
NEXUS-10948,0.020964
NEXUS-10945,0.021948
NEXUS-10929,0.017442
NEXUS-10922,0.698021
NEXUS-10917,0.011869
NEXUS-10913,0.016029
NEXUS-10909,0.950041
NEXUS-10896,0.926835
NEXUS-10893,0.033844
NEXUS-10886,0.592195
NEXUS-10883,0.030444
NEXUS-10882,0.839734
NEXUS-10881,0.176388
NEXUS-10874,0.088505
NEXUS-10873,0.881207
NEXUS-10834,0.010091
NEXUS-10829,0.847463
NEXUS-10827,0.922482
NEXUS-10823,0.858719
NEXUS-10821,0.52342
NEXUS-10817,0.011508
NEXUS-10813,0.903975
NEXUS-10812,0.027169
NEXUS-10809,0.244724
NEXUS-10808,0.039639
NEXUS-10805,0.874935
NEXUS-10798,0.93196
NEXUS-10795,0.021125
NEXUS-10794,0.032101
NEXUS-10785,0.016153
NEXUS-10781,0.035679
NEXUS-10774,0.336985
NEXUS-10770,0.022629
NEXUS-10759,0.023153
NEXUS-10752,0.010818
NEXUS-10750,0.843895
NEXUS-10692,0.025565
NEXUS-10679,0.021287
NEXUS-10662,0.513668
NEXUS-10654,0.020489
NEXUS-10644,0.822189
NEXUS-10638,0.52975
NEXUS-10637,0.775945
NEXUS-10634,0.620162
NEXUS-10633,0.026964
NEXUS-10631,0.019271
NEXUS-10630,0.012432
NEXUS-10629,0.777638
NEXUS-10625,0.015785
NEXUS-10622,0.09739
NEXUS-10621,0.050331
NEXUS-10608,0.021125
NEXUS-10599,0.035948
NEXUS-10570,0.195287
NEXUS-10568,0.013428
NEXUS-10565,0.010653
NEXUS-10564,0.033337
NEXUS-10540,0.023153
NEXUS-10539,0.011597
NEXUS-10533,0.033086
NEXUS-10532,0.017177
NEXUS-10519,0.03138
NEXUS-10518,0.365796
NEXUS-10514,0.792464
NEXUS-10506,0.018547
NEXUS-10505,0.015906
NEXUS-10503,0.028436
NEXUS-10502,0.022803
NEXUS-10497,0.018405
NEXUS-10496,0.145601
NEXUS-10495,0.739799
NEXUS-10493,0.036769
NEXUS-10481,0.019124
NEXUS-10477,0.039048
NEXUS-10473,0.013637
NEXUS-10471,0.909907
NEXUS-10460,0.011332
NEXUS-10454,0.210117
NEXUS-10449,0.090414
NEXUS-10446,0.019719
NEXUS-10436,0.503418
NEXUS-10429,0.020023
NEXUS-10428,0.781997
NEXUS-10425,0.033337
NEXUS-10423,0.018405
NEXUS-10421,0.016403
NEXUS-10419,0.013325
NEXUS-10418,0.907967
NEXUS-10405,0.023331
NEXUS-10395,0.019124
NEXUS-10394,0.017309
NEXUS-10390,0.017577
NEXUS-10389,0.009486
NEXUS-10372,0.059647
NEXUS-10371,0.018689
NEXUS-10370,0.01302
NEXUS-10349,0.026156
NEXUS-10345,0.082107
NEXUS-10344,0.012821
NEXUS-10336,0.020804
NEXUS-10330,0.022629
NEXUS-10328,0.012528
NEXUS-10317,0.020177
NEXUS-10310,0.020646
NEXUS-10302,0.827271
NEXUS-10300,0.011961
NEXUS-10295,0.026355
NEXUS-10294,0.014504
NEXUS-10293,0.899475
NEXUS-10291,0.035411
NEXUS-10287,0.110088
NEXUS-10279,0.022286
NEXUS-10278,0.009268
NEXUS-10277,0.371479
NEXUS-10276,0.030909
NEXUS-10256,0.053403
NEXUS-10255,0.017577
NEXUS-10252,0.011332
NEXUS-10246,0.027169
NEXUS-10245,0.01302
NEXUS-10243,0.024988
NEXUS-10242,0.548674
NEXUS-10240,0.013532
NEXUS-10238,0.023509
NEXUS-10234,0.020489
NEXUS-10233,0.020023
NEXUS-10231,0.034359
NEXUS-10226,0.0538
NEXUS-10225,0.017712
NEXUS-10217,0.018405
NEXUS-10209,0.792785
NEXUS-10208,0.551091
NEXUS-10207,0.010014
NEXUS-10206,0.026759
NEXUS-10202,0.120026
NEXUS-10197,0.091707
NEXUS-10192,0.014064
NEXUS-10191,0.783326
NEXUS-10190,0.431105
NEXUS-10175,0.014729
NEXUS-10174,0.03359
NEXUS-10172,0.021287
NEXUS-10171,0.040541
NEXUS-10170,0.025957
NEXUS-10169,0.012336
NEXUS-10166,0.016915
NEXUS-10165,0.013121
NEXUS-10164,0.667581
NEXUS-10163,0.026355
NEXUS-10162,0.757436
NEXUS-10160,0.512205
NEXUS-10159,0.02976
NEXUS-10158,0.016153
NEXUS-10157,0.029312
NEXUS-10154,0.138695
NEXUS-10150,0.011158
NEXUS-10149,0.039639
NEXUS-10148,0.020332
NEXUS-10147,0.028653
NEXUS-10144,0.71423
NEXUS-10141,0.034619
NEXUS-10138,0.013532
NEXUS-10137,0.341885
NEXUS-10136,0.038466
NEXUS-10135,0.020804
NEXUS-10131,0.015785
NEXUS-10128,0.030215
NEXUS-10127,0.023331
NEXUS-10125,0.071332
NEXUS-10123,0.018547
NEXUS-10122,0.015425
NEXUS-10121,0.730482
NEXUS-10120,0.855369
NEXUS-10119,0.060752
NEXUS-10115,0.024238
NEXUS-10113,0.019419
NEXUS-10112,0.021948
NEXUS-10110,0.020804
NEXUS-10107,0.025957
NEXUS-10105,0.025179
NEXUS-10104,0.401219
NEXUS-10102,0.012723
NEXUS-10100,0.067793
NEXUS-10099,0.043691
NEXUS-10087,0.257205
NEXUS-10085,0.027169
NEXUS-10084,0.014957
NEXUS-10069,0.014957
NEXUS-10067,0.008316
NEXUS-10066,0.035679
NEXUS-10064,0.566738
NEXUS-10062,0.039343
NEXUS-10059,0.021451
NEXUS-10058,0.051083
NEXUS-10057,0.015073
NEXUS-10056,0.010818
NEXUS-10052,0.012241
NEXUS-10049,0.022457
NEXUS-10044,0.019271
NEXUS-10042,0.016915
NEXUS-10041,0.017177
NEXUS-10040,0.013956
NEXUS-10039,0.020023
NEXUS-10037,0.027585
NEXUS-10036,0.017849
NEXUS-10034,0.282394
NEXUS-10033,0.009197
NEXUS-10032,0.040846
NEXUS-10030,0.058132
NEXUS-10027,0.031859
NEXUS-10026,0.01653
NEXUS-10024,0.012821
NEXUS-10022,0.025957
NEXUS-10021,0.026355
NEXUS-10020,0.00934
NEXUS-10019,0.015189
NEXUS-10017,0.0341
NEXUS-10016,0.122523
NEXUS-10015,0.012432
NEXUS-10001,0.618089
NEXUS-9995,0.017045
NEXUS-9994,0.011687
NEXUS-9993,0.019271
NEXUS-9992,0.886027
NEXUS-9991,0.010091
NEXUS-9990,0.008916
NEXUS-9979,0.580828
NEXUS-9978,0.922482
NEXUS-9977,0.027376
NEXUS-9974,0.011245
NEXUS-9972,0.068289
NEXUS-9971,0.023509
NEXUS-9970,0.02976
NEXUS-9969,0.014504
NEXUS-9967,0.012054
NEXUS-9966,0.401923
NEXUS-9964,0.025565
NEXUS-9963,0.013637
NEXUS-9962,0.03359
NEXUS-9961,0.087252
NEXUS-9960,0.013956
NEXUS-9945,0.043043
NEXUS-9944,0.022457
NEXUS-9941,0.017986
NEXUS-9918,0.019871
NEXUS-9917,0.006693
NEXUS-9916,0.027376
NEXUS-9909,0.015306
NEXUS-9907,0.010249
NEXUS-9906,0.351422
NEXUS-9905,0.779658
NEXUS-9902,0.022117
NEXUS-9901,0.014616
NEXUS-9898,0.017177
NEXUS-9897,0.612889
NEXUS-9895,0.022629
NEXUS-9893,0.08819
NEXUS-9890,0.017577
NEXUS-9887,0.118793
NEXUS-9886,0.021615
NEXUS-9885,0.541409
NEXUS-9882,0.017712
NEXUS-9881,0.015664
NEXUS-9879,0.129843
NEXUS-9878,0.765243
NEXUS-9877,0.011597
NEXUS-9876,0.017309
NEXUS-9874,0.02461
NEXUS-9873,0.510252
NEXUS-9872,0.296858
NEXUS-9870,0.572962
NEXUS-9869,0.075312
NEXUS-9865,0.025179
NEXUS-9863,0.009784
NEXUS-9862,0.286668
NEXUS-9861,0.03259
NEXUS-9856,0.018689
NEXUS-9855,0.039937
NEXUS-9854,0.864768
NEXUS-9853,0.017849
NEXUS-9848,0.017986
NEXUS-9847,0.016153
NEXUS-9846,0.048137
NEXUS-9844,0.018833
NEXUS-9843,0.211743
NEXUS-9842,0.015906
NEXUS-9841,0.014392
NEXUS-9840,0.008711
NEXUS-9839,0.010987
NEXUS-9838,0.024988
NEXUS-9837,0.869271
NEXUS-9829,0.020177
NEXUS-9821,0.856812
NEXUS-9790,0.021125
NEXUS-9789,0.041153
NEXUS-9788,0.015544
NEXUS-9787,0.027169
NEXUS-9786,0.022803
NEXUS-9785,0.090093
NEXUS-9783,0.027376
NEXUS-9776,0.012625
NEXUS-9774,0.016277
NEXUS-9770,0.008511
NEXUS-9769,0.021615
NEXUS-9766,0.008711
NEXUS-9764,0.017309
NEXUS-9756,0.016029
NEXUS-9755,0.72487
NEXUS-9754,0.802556
NEXUS-9753,0.022117
NEXUS-9751,0.070304
NEXUS-9746,0.013223
NEXUS-9745,0.016785
NEXUS-9744,0.018405
NEXUS-9742,0.016153
NEXUS-9741,0.015785
NEXUS-9739,0.011961
NEXUS-9738,0.029312
NEXUS-9733,0.721154
NEXUS-9730,0.774242
NEXUS-9729,0.011687
NEXUS-9727,0.021615
NEXUS-9717,0.013956
NEXUS-9705,0.039639
NEXUS-9703,0.017577
NEXUS-9670,0.72331
NEXUS-9664,0.04778
NEXUS-9662,0.030909
NEXUS-9655,0.007816
NEXUS-9653,0.01292
NEXUS-9652,0.012625
NEXUS-9643,0.015664
NEXUS-9641,0.019719
NEXUS-9640,0.02976
NEXUS-9639,0.015544
NEXUS-9637,0.031859
NEXUS-9636,0.022803
NEXUS-9635,0.012241
NEXUS-9634,0.020177
NEXUS-9631,0.029987
NEXUS-9630,0.018689
NEXUS-9618,0.024988
NEXUS-9617,0.380414
NEXUS-9612,0.027796
NEXUS-9610,0.88642
NEXUS-9605,0.012821
NEXUS-9602,0.045353
NEXUS-9601,0.030909
NEXUS-9600,0.022629
NEXUS-9599,0.014282
NEXUS-9584,0.014392
NEXUS-9574,0.022977
NEXUS-9573,0.02976
NEXUS-9572,0.117978
NEXUS-9570,0.022629
NEXUS-9569,0.018125
NEXUS-9564,0.015906
NEXUS-9563,0.020964
NEXUS-9562,0.920218
NEXUS-9560,0.701713
NEXUS-9559,0.020332
NEXUS-9557,0.021948
NEXUS-9556,0.839208
NEXUS-9555,0.796292
NEXUS-9551,0.037047
NEXUS-9550,0.012432
NEXUS-9548,0.035411
NEXUS-9547,0.017712
NEXUS-9546,0.427755
NEXUS-9545,0.042088
NEXUS-9544,0.023153
NEXUS-9542,0.012528
NEXUS-9541,0.453262
NEXUS-9540,0.00934
NEXUS-9537,0.187728
NEXUS-9533,0.022629
NEXUS-9531,0.848471
NEXUS-9527,0.033337
NEXUS-9524,0.816991
NEXUS-9523,0.019569
NEXUS-9522,0.833866
NEXUS-9512,0.500977
NEXUS-9508,0.069795
NEXUS-9507,0.023509
NEXUS-9505,0.039048
NEXUS-9503,0.02976
NEXUS-9502,0.021948
NEXUS-9500,0.173568
NEXUS-9499,0.016403
NEXUS-9498,0.522202
NEXUS-9497,0.224395
NEXUS-9496,0.011961
NEXUS-9495,0.012054
NEXUS-9493,0.008847
NEXUS-9492,0.010735
NEXUS-9486,0.025371
NEXUS-9482,0.944587
NEXUS-9481,0.021615
NEXUS-9475,0.057071
NEXUS-9474,0.017309
NEXUS-9473,0.013428
NEXUS-9472,0.017045
NEXUS-9470,0.023509
NEXUS-9468,0.013121
NEXUS-9466,0.016657
NEXUS-9464,0.101233
NEXUS-9462,0.013956
NEXUS-9461,0.022117
NEXUS-9457,0.498535
NEXUS-9455,0.017045
NEXUS-9454,0.043043
NEXUS-9452,0.014392
NEXUS-9447,0.00986
NEXUS-9446,0.011332
NEXUS-9444,0.008711
NEXUS-9441,0.507812
NEXUS-9439,0.015664
NEXUS-9438,0.018405
NEXUS-9437,0.011961
NEXUS-9433,0.039343
NEXUS-9432,0.379723
NEXUS-9428,0.022629
NEXUS-9426,0.018833
NEXUS-9412,0.016657
NEXUS-9398,0.165054
NEXUS-9396,0.580352
NEXUS-9395,0.866133
NEXUS-9386,0.865679
NEXUS-9384,0.007577
NEXUS-9383,0.031619
NEXUS-9382,0.884838
NEXUS-9381,0.011245
NEXUS-9380,0.940353
NEXUS-9378,0.410402
NEXUS-9375,0.012241
NEXUS-9374,0.026557
NEXUS-9372,0.033086
NEXUS-9371,0.014172
NEXUS-9370,0.018264
NEXUS-9369,0.02976
NEXUS-9366,0.017309
NEXUS-9363,0.009708
NEXUS-9361,0.014729
NEXUS-9360,0.732783
NEXUS-9356,0.213377
NEXUS-9355,0.017849
NEXUS-9354,0.018547
NEXUS-9353,0.018264
NEXUS-9352,0.017986
NEXUS-9351,0.022629
NEXUS-9350,0.025371
NEXUS-9342,0.013532
NEXUS-9328,0.020646
NEXUS-9317,0.024423
NEXUS-9316,0.019419
NEXUS-9314,0.013428
NEXUS-9311,0.014616
NEXUS-9310,0.11358
NEXUS-9309,0.018547
NEXUS-9307,0.022803
NEXUS-9302,0.017577
NEXUS-9299,0.017309
NEXUS-9293,0.564819
NEXUS-9291,0.024054
NEXUS-9288,0.013325
NEXUS-9286,0.019871
NEXUS-9285,0.018125
NEXUS-9282,0.019271
NEXUS-9280,0.015544
NEXUS-9279,0.36139
NEXUS-9277,0.033086
NEXUS-9276,0.026964
NEXUS-9243,0.018547
NEXUS-9242,0.014392
NEXUS-9240,0.017712
NEXUS-9238,0.015544
NEXUS-9236,0.030215
NEXUS-9234,0.723505
NEXUS-9231,0.049959
NEXUS-9230,0.222025
NEXUS-9229,0.070304
NEXUS-9228,0.761006
NEXUS-9227,0.752013
NEXUS-9226,0.408277
NEXUS-9225,0.569613
NEXUS-9223,0.044019
NEXUS-9222,0.594787
NEXUS-9221,0.011597
NEXUS-9219,0.018405
NEXUS-9217,0.017577
NEXUS-9216,0.024988
NEXUS-9215,0.045016
NEXUS-9214,0.006904
NEXUS-9212,0.019419
NEXUS-9211,0.022117
NEXUS-9206,0.560012
NEXUS-9205,0.043043
NEXUS-9196,0.017712
NEXUS-9187,0.019124
NEXUS-9183,0.047426
NEXUS-9181,0.013742
NEXUS-9175,0.019871
NEXUS-9174,0.011072
NEXUS-9173,0.010328
NEXUS-9171,0.581303
NEXUS-9170,0.012336
NEXUS-9169,0.872782
NEXUS-9168,0.025371
NEXUS-9164,0.017442
NEXUS-9163,0.006388
NEXUS-9161,0.007577
NEXUS-9160,0.016277
NEXUS-9158,0.011778
NEXUS-9154,0.016657
NEXUS-9153,0.01292
NEXUS-9141,0.921922
NEXUS-9138,0.029535
NEXUS-9136,0.034619
NEXUS-9135,0.01292
NEXUS-9127,0.01653
NEXUS-9124,0.026156
NEXUS-9123,0.169956
NEXUS-9122,0.056029
NEXUS-9121,0.874077
NEXUS-9119,0.883236
NEXUS-9118,0.027376
NEXUS-9117,0.018689
NEXUS-9115,0.021615
NEXUS-9114,0.016915
NEXUS-9112,0.017986
NEXUS-9110,0.028008
NEXUS-9109,0.009708
NEXUS-9105,0.018547
NEXUS-9102,0.013223
NEXUS-9101,0.932944
NEXUS-9098,0.022629
NEXUS-9097,0.015189
NEXUS-9096,0.587588
NEXUS-9095,0.017177
NEXUS-9094,0.022977
NEXUS-9093,0.019271
NEXUS-9090,0.019719
NEXUS-9089,0.909586
NEXUS-9088,0.016403
NEXUS-9087,0.016785
NEXUS-9086,0.020177
NEXUS-9079,0.100525
NEXUS-9067,0.445288
NEXUS-9062,0.675604
NEXUS-9058,0.255901
NEXUS-9057,0.629575
NEXUS-9056,0.032344
NEXUS-9055,0.017442
NEXUS-9053,0.032101
NEXUS-9051,0.023509
NEXUS-9050,0.024054
NEXUS-9048,0.625838
NEXUS-9046,0.504883
NEXUS-9045,0.328206
NEXUS-9043,0.014392
NEXUS-9031,0.017712
NEXUS-9030,0.046034
NEXUS-9029,0.043366
NEXUS-9026,0.024423
NEXUS-9025,0.026557
NEXUS-9024,0.449634
NEXUS-9023,0.065845
NEXUS-9021,0.019419
NEXUS-9016,0.013849
NEXUS-9015,0.028008
NEXUS-9013,0.019719
NEXUS-9012,0.019271
NEXUS-9011,0.038178
NEXUS-9008,0.014172
NEXUS-9007,0.013223
NEXUS-9006,0.017045
NEXUS-9005,0.021125
NEXUS-9004,0.017849
NEXUS-9001,0.142948
NEXUS-9000,0.037327
NEXUS-8999,0.056236
NEXUS-8996,0.838151
NEXUS-8995,0.623262
NEXUS-8994,0.628977
NEXUS-8993,0.018125
NEXUS-8992,0.020332
NEXUS-8990,0.024798
NEXUS-8989,0.020964
NEXUS-8988,0.014392
NEXUS-8987,0.013849
NEXUS-8985,0.013121
NEXUS-8984,0.026355
NEXUS-8983,0.014616
NEXUS-8982,0.017849
NEXUS-8981,0.022457
NEXUS-8974,0.023689
NEXUS-8972,0.178383
NEXUS-8971,0.054199
NEXUS-8970,0.023331
NEXUS-8969,0.010735
NEXUS-8962,0.007577
NEXUS-8961,0.018264
NEXUS-8959,0.078926
NEXUS-8957,0.202128
NEXUS-8956,0.377541
NEXUS-8955,0.016785
NEXUS-8953,0.016029
NEXUS-8950,0.03359
NEXUS-8949,0.051463
NEXUS-8948,0.014172
NEXUS-8947,0.00986
NEXUS-8944,0.400398
NEXUS-8941,0.019124
NEXUS-8940,0.030676
NEXUS-8939,0.019419
NEXUS-8937,0.022457
NEXUS-8936,0.021287
NEXUS-8934,0.014616
NEXUS-8932,0.081813
NEXUS-8931,0.012432
NEXUS-8930,0.02976
NEXUS-8929,0.042404
NEXUS-8928,0.012147
NEXUS-8927,0.029091
NEXUS-8926,0.616243
NEXUS-8925,0.02976
NEXUS-8924,0.04778
NEXUS-8923,0.02976
NEXUS-8922,0.02976
NEXUS-8920,0.347939
NEXUS-8919,0.022629
NEXUS-8918,0.021948
NEXUS-8915,0.646544
NEXUS-8914,0.034619
NEXUS-8913,0.558327
NEXUS-8912,0.047426
NEXUS-8911,0.020023
NEXUS-8898,0.874507
NEXUS-8897,0.017309
NEXUS-8896,0.053403
NEXUS-8895,0.015544
NEXUS-8894,0.028871
NEXUS-8890,0.019124
NEXUS-8889,0.007696
NEXUS-8888,0.027376
NEXUS-8887,0.096706
NEXUS-8884,0.032837
NEXUS-8883,0.012147
NEXUS-8882,0.014504
NEXUS-8879,0.33939
NEXUS-8878,0.082697
NEXUS-8876,0.019569
NEXUS-8861,0.012432
NEXUS-8859,0.014064
NEXUS-8857,0.021451
NEXUS-8856,0.029312
NEXUS-8855,0.030444
NEXUS-8852,0.022977
NEXUS-8851,0.023871
NEXUS-8850,0.363534
NEXUS-8849,0.028221
NEXUS-8848,0.016277
NEXUS-8847,0.016785
NEXUS-8846,0.012528
NEXUS-8845,0.128088
NEXUS-8844,0.017577
NEXUS-8838,0.025371
NEXUS-8837,0.819893
NEXUS-8836,0.076408
NEXUS-8835,0.022286
NEXUS-8834,0.095349
NEXUS-8833,0.020023
NEXUS-8832,0.037047
NEXUS-8831,0.010328
NEXUS-8830,0.029535
NEXUS-8829,0.027169
NEXUS-8828,0.016029
NEXUS-8827,0.013428
NEXUS-8826,0.654177
NEXUS-8824,0.029535
NEXUS-8822,0.597138
NEXUS-8821,0.171894
NEXUS-8804,0.03138
NEXUS-8803,0.187133
NEXUS-8802,0.270673
NEXUS-8801,0.010902
NEXUS-8798,0.109706
NEXUS-8797,0.010987
NEXUS-8795,0.295942
NEXUS-8794,0.016403
NEXUS-8793,0.023871
NEXUS-8792,0.010328
NEXUS-8790,0.321646
NEXUS-8789,0.026759
NEXUS-8787,0.018264
NEXUS-8786,0.015664
NEXUS-8784,0.010091
NEXUS-8783,0.015425
NEXUS-8782,0.016403
NEXUS-8780,0.041774
NEXUS-8779,0.021451
NEXUS-8778,0.025761
NEXUS-8777,0.038178
NEXUS-8776,0.012054
NEXUS-8774,0.00659
NEXUS-8770,0.045016
NEXUS-8769,0.096365
NEXUS-8768,0.05921
NEXUS-8767,0.0745
NEXUS-8766,0.102305
NEXUS-8764,0.018689
NEXUS-8758,0.010987
NEXUS-8757,0.023689
NEXUS-8755,0.01653
NEXUS-8754,0.014729
NEXUS-8753,0.009197
NEXUS-8750,0.017309
NEXUS-8749,0.020489
NEXUS-8748,0.284477
NEXUS-8747,0.028436
NEXUS-8746,0.025957
NEXUS-8745,0.016403
NEXUS-8744,0.016657
NEXUS-8743,0.019124
NEXUS-8742,0.0341
NEXUS-8740,0.014957
NEXUS-8739,0.015073
NEXUS-8737,0.024054
NEXUS-8735,0.018405
NEXUS-8734,0.020646
NEXUS-8733,0.033337
NEXUS-8732,0.019719
NEXUS-8731,0.029091
NEXUS-8730,0.010902
NEXUS-8729,0.022803
NEXUS-8728,0.019871
NEXUS-8727,0.013637
NEXUS-8726,0.038178
NEXUS-8724,0.459804
NEXUS-8723,0.016029
NEXUS-8720,0.031144
NEXUS-8719,0.010014
NEXUS-8717,0.025179
NEXUS-8716,0.026759
NEXUS-8713,0.008916
NEXUS-8705,0.226784
NEXUS-8704,0.117978
NEXUS-8702,0.018978
NEXUS-8701,0.032837
NEXUS-8700,0.029535
NEXUS-8698,0.03138
NEXUS-8697,0.020489
NEXUS-8696,0.018689
NEXUS-8695,0.026557
NEXUS-8694,0.009055
NEXUS-8678,0.367724
NEXUS-8677,0.783658
NEXUS-8676,0.026759
NEXUS-8673,0.023509
NEXUS-8672,0.007121
NEXUS-8669,0.032101
NEXUS-8667,0.018547
NEXUS-8666,0.023871
NEXUS-8665,0.034619
NEXUS-8658,0.014064
NEXUS-8656,0.061199
NEXUS-8655,0.020489
NEXUS-8654,0.026156
NEXUS-8653,0.020023
NEXUS-8650,0.016153
NEXUS-8649,0.302391
NEXUS-8648,0.30013
NEXUS-8647,0.020804
NEXUS-8646,0.761716
NEXUS-8644,0.012241
NEXUS-8643,0.023153
NEXUS-8642,0.016657
NEXUS-8641,0.011961
NEXUS-8637,0.017712
NEXUS-8635,0.044349
NEXUS-8634,0.01653
NEXUS-8632,0.017849
NEXUS-8631,0.017577
NEXUS-8630,0.269133
NEXUS-8629,0.639328
NEXUS-8628,0.809276
NEXUS-8625,0.026156
NEXUS-8624,0.025565
NEXUS-8623,0.010408
NEXUS-8622,0.015425
NEXUS-8620,0.023331
NEXUS-8608,0.823896
NEXUS-8606,0.01057
NEXUS-8605,0.010489
NEXUS-8604,0.01292
NEXUS-8602,0.034619
NEXUS-8599,0.013325
NEXUS-8598,0.014957
NEXUS-8595,0.020332
NEXUS-8594,0.010902
NEXUS-8592,0.016029
NEXUS-8591,0.016785
NEXUS-8590,0.024238
NEXUS-8589,0.020646
NEXUS-8588,0.032837
NEXUS-8586,0.646237
NEXUS-8584,0.012528
NEXUS-8583,0.026355
NEXUS-8581,0.013637
NEXUS-8580,0.01653
NEXUS-8579,0.024798
NEXUS-8578,0.008062
NEXUS-8577,0.018689
NEXUS-8576,0.019719
NEXUS-8575,0.010014
NEXUS-8574,0.011597
NEXUS-8572,0.034359
NEXUS-8571,0.016657
NEXUS-8570,0.814643
NEXUS-8568,0.034881
NEXUS-8567,0.025565
NEXUS-8566,0.74872
NEXUS-8565,0.016277
NEXUS-8564,0.105579
NEXUS-8563,0.015544
NEXUS-8562,0.016277
NEXUS-8561,0.015544
NEXUS-8559,0.011687
NEXUS-8558,0.020332
NEXUS-8557,0.021125
NEXUS-8556,0.034619
NEXUS-8555,0.030215
NEXUS-8554,0.024798
NEXUS-8553,0.032837
NEXUS-8551,0.022457
NEXUS-8542,0.027169
NEXUS-8541,0.157655
NEXUS-8535,0.03622
NEXUS-8533,0.884838
NEXUS-8531,0.167763
NEXUS-8530,0.051463
NEXUS-8529,0.256646
NEXUS-8528,0.408749
NEXUS-8527,0.784979
NEXUS-8526,0.893681
NEXUS-8525,0.025565
NEXUS-8524,0.019419
NEXUS-8523,0.83762
NEXUS-8522,0.07477
NEXUS-8521,0.029987
NEXUS-8520,0.016029
NEXUS-8517,0.016277
NEXUS-8515,0.582016
NEXUS-8514,0.818156
NEXUS-8513,0.201813
NEXUS-8512,0.014957
NEXUS-8511,0.018125
NEXUS-8510,0.035679
NEXUS-8509,0.020964
NEXUS-8508,0.418935
NEXUS-8507,0.139396
NEXUS-8506,0.023153
NEXUS-8503,0.014842
NEXUS-8502,0.03359
NEXUS-8498,0.100525
NEXUS-8495,0.024988
NEXUS-8494,0.025371
NEXUS-8493,0.017442
NEXUS-8492,0.019124
NEXUS-8491,0.021781
NEXUS-8490,0.025565
NEXUS-8488,0.019271
NEXUS-8487,0.017045
NEXUS-8486,0.019871
NEXUS-8485,0.023689
NEXUS-8484,0.014504
NEXUS-8483,0.852935
NEXUS-8482,0.033844
NEXUS-8473,0.029535
NEXUS-8472,0.020646
NEXUS-8471,0.018264
NEXUS-8470,0.240061
NEXUS-8467,0.015425
NEXUS-8459,0.028871
NEXUS-8458,0.610337
NEXUS-8452,0.012723
NEXUS-8451,0.009197
NEXUS-8450,0.011869
NEXUS-8449,0.831143
NEXUS-8448,0.140572
NEXUS-8447,0.014172
NEXUS-8446,0.011961
NEXUS-8445,0.018833
NEXUS-8444,0.022286
NEXUS-8443,0.615261
NEXUS-8442,0.014842
NEXUS-8441,0.034881
NEXUS-8440,0.011597
NEXUS-8439,0.020332
NEXUS-8438,0.019124
NEXUS-8437,0.011961
NEXUS-8435,0.020332
NEXUS-8434,0.007696
NEXUS-8433,0.039048
NEXUS-8432,0.014504
NEXUS-8430,0.015664
NEXUS-8429,0.020964
NEXUS-8428,0.013428
NEXUS-8425,0.025371
NEXUS-8423,0.017712
NEXUS-8421,0.020804
NEXUS-8420,0.018547
NEXUS-8419,0.016915
NEXUS-8418,0.431584
NEXUS-8417,0.010902
NEXUS-8416,0.642347
NEXUS-8411,0.846958
NEXUS-8410,0.024054
NEXUS-8406,0.007696
NEXUS-8405,0.866133
NEXUS-8403,0.009486
NEXUS-8402,0.029312
NEXUS-8401,0.023153
NEXUS-8400,0.012723
NEXUS-8399,0.013742
NEXUS-8398,0.162115
NEXUS-8397,0.008711
NEXUS-8395,0.861538
NEXUS-8394,0.095349
NEXUS-8393,0.017986
NEXUS-8392,0.019871
NEXUS-8391,0.018405
NEXUS-8390,0.668448
NEXUS-8389,0.024054
NEXUS-8388,0.057918
NEXUS-8387,0.25945
NEXUS-8386,0.570092
NEXUS-8385,0.080069
NEXUS-8384,0.041153
NEXUS-8383,0.443118
NEXUS-8382,0.380184
NEXUS-8381,0.804098
NEXUS-8380,0.167763
NEXUS-8379,0.146087
NEXUS-8378,0.640864
NEXUS-8377,0.171061
NEXUS-8376,0.105579
NEXUS-8375,0.116362
NEXUS-8373,0.120026
NEXUS-8372,0.178097
NEXUS-8371,0.143668
NEXUS-8370,0.231962
NEXUS-8368,0.76207
NEXUS-8367,0.571767
NEXUS-8366,0.009559
NEXUS-8365,0.030215
NEXUS-8359,0.021451
NEXUS-8358,0.242744
NEXUS-8356,0.242923
NEXUS-8355,0.786295
NEXUS-8352,0.012625
NEXUS-8343,0.811974
NEXUS-8341,0.032837
NEXUS-8335,0.013223
NEXUS-8334,0.015906
NEXUS-8325,0.027169
NEXUS-8324,0.014392
NEXUS-8320,0.028871
NEXUS-8319,0.03138
NEXUS-8318,0.018978
NEXUS-8316,0.093678
NEXUS-8313,0.101233
NEXUS-8309,0.472197
NEXUS-8308,0.014616
NEXUS-8307,0.018547
NEXUS-8306,0.874935
NEXUS-8305,0.951863
NEXUS-8304,0.801004
NEXUS-8303,0.832237
NEXUS-8300,0.010014
NEXUS-8299,0.046378
NEXUS-8298,0.792143
NEXUS-8297,0.011687
NEXUS-8296,0.976847
NEXUS-8295,0.033337
NEXUS-8292,0.020177
NEXUS-8291,0.807764
NEXUS-8290,0.020646
NEXUS-8288,0.022286
NEXUS-8286,0.04778
NEXUS-8285,0.013325
NEXUS-8284,0.014957
NEXUS-8283,0.867934
NEXUS-8281,0.517083
NEXUS-8278,0.898053
NEXUS-8276,0.034359
NEXUS-8275,0.015544
NEXUS-8274,0.76908
NEXUS-8273,0.06804
NEXUS-8272,0.010328
NEXUS-8271,0.014842
NEXUS-8265,0.123366
NEXUS-8264,0.025371
NEXUS-8261,0.710628
NEXUS-8260,0.334545
NEXUS-8259,0.013428
NEXUS-8258,0.020964
NEXUS-8252,0.097734
NEXUS-8248,0.028436
NEXUS-8247,0.021451
NEXUS-8246,0.022977
NEXUS-8243,0.868381
NEXUS-8242,0.601594
NEXUS-8241,0.379263
NEXUS-8240,0.030909
NEXUS-8238,0.024988
NEXUS-8237,0.020646
NEXUS-8236,0.673621
NEXUS-8235,0.03359
NEXUS-8234,0.177526
NEXUS-8226,0.117572
NEXUS-8224,0.103386
NEXUS-8221,0.020489
NEXUS-8220,0.025957
NEXUS-8219,0.03259
NEXUS-8218,0.017712
NEXUS-8217,0.024988
NEXUS-8216,0.020804
NEXUS-8213,0.018833
NEXUS-8212,0.016915
NEXUS-8210,0.545044
NEXUS-8208,0.020023
NEXUS-8207,0.021451
NEXUS-8206,0.015906
NEXUS-8205,0.015785
NEXUS-8204,0.015664
NEXUS-8199,0.015073
NEXUS-8197,0.021451
NEXUS-8196,0.018547
NEXUS-8195,0.01142
NEXUS-8193,0.212395
NEXUS-8192,0.023871
NEXUS-8188,0.018405
NEXUS-8186,0.012723
NEXUS-8185,0.012241
NEXUS-8183,0.869271
NEXUS-8182,0.010653
NEXUS-8180,0.026557
NEXUS-8178,0.012625
NEXUS-8175,0.041153
NEXUS-8174,0.018264
NEXUS-8172,0.017577
NEXUS-8169,0.750553
NEXUS-8168,0.293404
NEXUS-8167,0.495117
NEXUS-8166,0.716417
NEXUS-8165,0.547464
NEXUS-8164,0.833325
NEXUS-8163,0.854399
NEXUS-8159,0.032344
NEXUS-8157,0.022977
NEXUS-8156,0.028008
NEXUS-8155,0.015664
NEXUS-8154,0.012147
NEXUS-8153,0.022803
NEXUS-8150,0.016785
NEXUS-8149,0.722331
NEXUS-8148,0.073963
NEXUS-8147,0.014392
NEXUS-8146,0.017849
NEXUS-8144,0.022629
NEXUS-8142,0.022457
NEXUS-8133,0.014282
NEXUS-8132,0.705988
NEXUS-8130,0.020964
NEXUS-8129,0.014172
NEXUS-8128,0.397704
NEXUS-8117,0.011332
NEXUS-8116,0.011508
NEXUS-8115,0.014282
NEXUS-8114,0.014282
NEXUS-8113,0.009936
NEXUS-8111,0.017177
NEXUS-8110,0.016153
NEXUS-8109,0.021451
NEXUS-8107,0.029987
NEXUS-8094,0.037327
NEXUS-8093,0.052814
NEXUS-8091,0.019569
NEXUS-8083,0.022457
NEXUS-8081,0.008847
NEXUS-8080,0.022457
NEXUS-8077,0.013121
NEXUS-8076,0.016403
NEXUS-8075,0.026964
NEXUS-8074,0.843895
NEXUS-8072,0.845433
NEXUS-8070,0.250363
NEXUS-8068,0.52829
NEXUS-8067,0.015664
NEXUS-8066,0.378459
NEXUS-8065,0.044019
NEXUS-8064,0.07477
NEXUS-8063,0.020804
NEXUS-8062,0.021948
NEXUS-8061,0.682468
NEXUS-8060,0.015189
NEXUS-8059,0.026964
NEXUS-8058,0.707405
NEXUS-8057,0.007461
NEXUS-8056,0.019569
NEXUS-8055,0.015073
NEXUS-8054,0.047426
NEXUS-8053,0.01142
NEXUS-8052,0.501953
NEXUS-8047,0.014729
NEXUS-8046,0.907967
NEXUS-8045,0.016657
NEXUS-8044,0.706393
NEXUS-8043,0.042404
NEXUS-8042,0.016277
NEXUS-8039,0.749454
NEXUS-8038,0.36201
NEXUS-8037,0.444565
NEXUS-8036,0.308398
NEXUS-8020,0.499512
NEXUS-8019,0.009413
NEXUS-8018,0.00934
NEXUS-8005,0.014282
NEXUS-8004,0.016915
NEXUS-8002,0.018264
NEXUS-8001,0.023689
NEXUS-8000,0.01653
NEXUS-7999,0.021125
NEXUS-7998,0.024423
NEXUS-7997,0.025565
NEXUS-7996,0.012432
NEXUS-7995,0.783658
NEXUS-7991,0.103749
NEXUS-7990,0.022977
NEXUS-7989,0.747984
NEXUS-7988,0.306112
NEXUS-7986,0.015189
NEXUS-7985,0.920218
NEXUS-7984,0.057705
NEXUS-7983,0.029091
NEXUS-7982,0.046725
NEXUS-7981,0.045692
NEXUS-7980,0.037327
NEXUS-7979,0.011597
NEXUS-7978,0.011072
NEXUS-7977,0.014392
NEXUS-7976,0.019719
NEXUS-7975,0.015425
NEXUS-7974,0.356447
NEXUS-7973,0.62949
NEXUS-7972,0.874077
NEXUS-7971,0.297955
NEXUS-7970,0.872782
NEXUS-7969,0.885235
NEXUS-7966,0.134321
NEXUS-7965,0.023153
NEXUS-7964,0.009126
NEXUS-7963,0.023153
NEXUS-7962,0.007012
NEXUS-7961,0.014616
NEXUS-7960,0.014282
NEXUS-7959,0.004982
NEXUS-7958,0.017045
NEXUS-7957,0.024988
NEXUS-7956,0.020023
NEXUS-7954,0.081813
NEXUS-7953,0.021615
NEXUS-7952,0.014842
NEXUS-7951,0.006798
NEXUS-7949,0.021781
NEXUS-7948,0.01653
NEXUS-7947,0.011961
NEXUS-7946,0.450601
NEXUS-7945,0.027376
NEXUS-7944,0.014282
NEXUS-7943,0.354098
NEXUS-7941,0.017577
NEXUS-7940,0.334039
NEXUS-7939,0.019569
NEXUS-7938,0.017442
NEXUS-7936,0.019271
NEXUS-7935,0.00986
NEXUS-7934,0.018405
NEXUS-7933,0.019871
NEXUS-7929,0.017442
NEXUS-7928,0.065605
NEXUS-7927,0.023153
NEXUS-7926,0.272993
NEXUS-7923,0.010987
NEXUS-7922,0.601477
NEXUS-7921,0.629205
NEXUS-7920,0.030909
NEXUS-7919,0.807157
NEXUS-7918,0.015544
NEXUS-7917,0.014392
NEXUS-7916,0.018833
NEXUS-7915,0.751648
NEXUS-7912,0.040238
NEXUS-7911,0.023871
NEXUS-7910,0.019419
NEXUS-7909,0.024988
NEXUS-7908,0.021948
NEXUS-7906,0.009936
NEXUS-7905,0.018978
NEXUS-7903,0.012821
NEXUS-7901,0.726426
NEXUS-7899,0.040541
NEXUS-7896,0.078926
NEXUS-7895,0.060308
NEXUS-7893,0.035679
NEXUS-7891,0.023331
NEXUS-7890,0.508788
NEXUS-7889,0.01292
NEXUS-7884,0.01302
NEXUS-7883,0.019124
NEXUS-7882,0.014842
NEXUS-7881,0.671794
NEXUS-7880,0.205296
NEXUS-7879,0.807461
NEXUS-7878,0.52829
NEXUS-7877,0.061876
NEXUS-7876,0.154058
NEXUS-7874,0.01017
NEXUS-7873,0.026759
NEXUS-7872,0.869271
NEXUS-7870,0.097734
NEXUS-7869,0.017986
NEXUS-7868,0.811676
NEXUS-7867,0.044681
NEXUS-7864,0.029312
NEXUS-7863,0.755637
NEXUS-7862,0.370225
NEXUS-7861,0.022117
NEXUS-7860,0.022803
NEXUS-7859,0.660063
NEXUS-7858,0.017849
NEXUS-7856,0.018405
NEXUS-7855,0.022117
NEXUS-7854,0.016029
NEXUS-7853,0.015425
NEXUS-7852,0.035948
NEXUS-7850,0.743541
NEXUS-7849,0.903635
NEXUS-7848,0.93196
NEXUS-7847,0.921922
NEXUS-7846,0.039937
NEXUS-7845,0.142948
NEXUS-7844,0.943764
NEXUS-7843,0.909586
NEXUS-7841,0.040846
NEXUS-7840,0.017577
NEXUS-7839,0.052231
NEXUS-7838,0.014064
NEXUS-7837,0.012432
NEXUS-7835,0.916708
NEXUS-7834,0.01292
NEXUS-7832,0.012336
NEXUS-7820,0.566498
NEXUS-7819,0.019871
NEXUS-7818,0.010818
NEXUS-7817,0.028436
NEXUS-7816,0.00629
NEXUS-7812,0.823896
NEXUS-7811,0.175538
NEXUS-7810,0.507324
NEXUS-7808,0.023689
NEXUS-7807,0.082697
NEXUS-7806,0.719186
NEXUS-7803,0.824462
NEXUS-7802,0.814053
NEXUS-7800,0.039937
NEXUS-7799,0.014392
NEXUS-7796,0.033337
NEXUS-7795,0.901227
NEXUS-7792,0.025371
NEXUS-7789,0.566978
NEXUS-7785,0.441673
NEXUS-7784,0.023509
NEXUS-7783,0.027796
NEXUS-7779,0.01302
NEXUS-7778,0.01302
NEXUS-7774,0.015073
NEXUS-7772,0.653694
NEXUS-7771,0.596551
NEXUS-7770,0.550124
NEXUS-7769,0.870157
NEXUS-7768,0.537284
NEXUS-7767,0.028653
NEXUS-7765,0.012625
NEXUS-7763,0.020023
NEXUS-7762,0.015073
NEXUS-7761,0.629632
NEXUS-7760,0.027796
NEXUS-7756,0.021451
NEXUS-7754,0.856332
NEXUS-7753,0.021781
NEXUS-7752,0.505859
NEXUS-7751,0.03259
NEXUS-7750,0.012336
NEXUS-7748,0.0341
NEXUS-7742,0.009486
NEXUS-7740,0.068787
NEXUS-7739,0.231614
NEXUS-7732,0.025179
NEXUS-7731,0.013532
NEXUS-7730,0.060529
NEXUS-7729,0.044349
NEXUS-7728,0.032344
NEXUS-7727,0.809276
NEXUS-7726,0.044349
NEXUS-7725,0.051845
NEXUS-7724,0.756717
NEXUS-7723,0.043043
NEXUS-7716,0.030444
NEXUS-7714,0.577615
NEXUS-7713,0.01653
NEXUS-7704,0.025761
NEXUS-7703,0.012528
NEXUS-7702,0.937211
NEXUS-7701,0.068289
NEXUS-7699,0.008062
NEXUS-7696,0.018978
NEXUS-7693,0.016153
NEXUS-7692,0.07056
NEXUS-7691,0.437103
NEXUS-7690,0.322699
NEXUS-7689,0.063251
NEXUS-7688,0.70477
NEXUS-7687,0.145601
NEXUS-7678,0.792785
NEXUS-7675,0.031859
NEXUS-7671,0.012821
NEXUS-7670,0.019271
NEXUS-7669,0.597021
NEXUS-7668,0.010653
NEXUS-7666,0.076408
NEXUS-7665,0.029535
NEXUS-7664,0.010987
NEXUS-7659,0.821617
NEXUS-7658,0.028653
NEXUS-7655,0.039343
NEXUS-7654,0.052231
NEXUS-7653,0.042088
NEXUS-7652,0.056029
NEXUS-7651,0.024798
NEXUS-7650,0.774583
NEXUS-7649,0.020332
NEXUS-7648,0.859664
NEXUS-7646,0.012054
NEXUS-7645,0.040846
NEXUS-7638,0.019271
NEXUS-7634,0.138928
NEXUS-7632,0.934873
NEXUS-7631,0.69035
NEXUS-7630,0.693784
NEXUS-7629,0.892187
NEXUS-7628,0.016277
NEXUS-7627,0.022629
NEXUS-7626,0.033844
NEXUS-7625,0.014282
NEXUS-7618,0.611962
NEXUS-7616,0.035411
NEXUS-7615,0.371023
NEXUS-7614,0.022117
NEXUS-7609,0.013532
NEXUS-7606,0.037609
NEXUS-7604,0.0341
NEXUS-7603,0.019871
NEXUS-7602,0.045692
NEXUS-7601,0.057493
NEXUS-7599,0.035411
NEXUS-7598,0.015544
NEXUS-7596,0.845942
NEXUS-7595,0.756358
NEXUS-7594,0.135232
NEXUS-7589,0.756358
NEXUS-7588,0.927888
NEXUS-7586,0.021287
NEXUS-7585,0.72662
NEXUS-7582,0.755276
NEXUS-7581,0.931463
NEXUS-7577,0.028436
NEXUS-7576,0.042722
NEXUS-7575,0.023689
NEXUS-7574,0.040541
NEXUS-7573,0.027585
NEXUS-7572,0.010489
NEXUS-7571,0.867485
NEXUS-7570,0.764892
NEXUS-7569,0.789883
NEXUS-7565,0.016029
NEXUS-7564,0.7011
NEXUS-7563,0.930962
NEXUS-7561,0.019719
NEXUS-7559,0.938124
NEXUS-7486,0.025957
NEXUS-7484,0.033844
NEXUS-7330,0.638892
NEXUS-7275,0.010735
NEXUS-7274,0.041153
NEXUS-7073,0.024054
NEXUS-6903,0.085404
NEXUS-6902,0.025179
NEXUS-6900,0.014957
NEXUS-6899,0.057282
NEXUS-6898,0.04778
NEXUS-6896,0.747616
NEXUS-6895,0.019871
NEXUS-6894,0.009708
NEXUS-6893,0.014957
NEXUS-6892,0.103024
NEXUS-6891,0.017986
NEXUS-6890,0.022457
NEXUS-6889,0.028436
NEXUS-6888,0.020332
NEXUS-6887,0.021451
NEXUS-6886,0.821903
NEXUS-6885,0.386069
NEXUS-6884,0.853913
NEXUS-6883,0.780662
NEXUS-6882,0.038466
NEXUS-6881,0.009936
NEXUS-6879,0.024798
NEXUS-6878,0.199308
NEXUS-6877,0.018978
NEXUS-6875,0.234407
NEXUS-6874,0.017045
NEXUS-6873,0.021615
NEXUS-6872,0.024988
NEXUS-6871,0.012821
NEXUS-6869,0.01302
NEXUS-6868,0.027796
NEXUS-6867,0.72952
NEXUS-6865,0.037609
NEXUS-6863,0.032837
NEXUS-6862,0.435181
NEXUS-6861,0.834946
NEXUS-6860,0.801625
NEXUS-6858,0.016029
NEXUS-6857,0.806853
NEXUS-6856,0.661977
NEXUS-6855,0.01292
NEXUS-6854,0.391406
NEXUS-6853,0.029987
NEXUS-6852,0.024988
NEXUS-6850,0.022457
NEXUS-6849,0.014392
NEXUS-6848,0.009413
NEXUS-6847,0.014504
NEXUS-6846,0.756358
NEXUS-6845,0.677687
NEXUS-6844,0.167763
NEXUS-6843,0.699254
NEXUS-6842,0.016153
NEXUS-6841,0.850469
NEXUS-6840,0.651466
NEXUS-6839,0.403802
NEXUS-6838,0.032101
NEXUS-6837,0.028008
NEXUS-6836,0.029535
NEXUS-6835,0.720958
NEXUS-6834,0.018833
NEXUS-6833,0.126353
NEXUS-6832,0.032101
NEXUS-6831,0.727589
NEXUS-6830,0.503418
NEXUS-6829,0.015785
NEXUS-6828,0.006193
NEXUS-6827,0.021781
NEXUS-6825,0.012723
NEXUS-6824,0.389779
NEXUS-6823,0.027585
NEXUS-6822,0.018689
NEXUS-6821,0.289573
NEXUS-6820,0.506836
NEXUS-6819,0.008188
NEXUS-6818,0.011245
NEXUS-6817,0.751283
NEXUS-6816,0.018125
NEXUS-6815,0.79053
NEXUS-6814,0.018689
NEXUS-6812,0.022286
NEXUS-6811,0.00986
NEXUS-6810,0.774924
NEXUS-6809,0.061199
NEXUS-6808,0.005911
NEXUS-6807,0.007816
NEXUS-6806,0.009784
NEXUS-6805,0.010818
NEXUS-6804,0.014172
NEXUS-6803,0.010249
NEXUS-6802,0.026557
NEXUS-6801,0.298696
NEXUS-6800,0.395951
NEXUS-6799,0.014957
NEXUS-6797,0.018689
NEXUS-6795,0.907312
NEXUS-6794,0.894789
NEXUS-6793,0.153042
NEXUS-6792,0.021451
NEXUS-6791,0.718989
NEXUS-6790,0.077239
NEXUS-6789,0.007461
NEXUS-6788,0.024798
NEXUS-6786,0.788909
NEXUS-6782,0.026355
NEXUS-6780,0.049222
NEXUS-6779,0.841305
NEXUS-6776,0.373076
NEXUS-6775,0.042722
NEXUS-6774,0.022977
NEXUS-6773,0.029535
NEXUS-6771,0.019871
NEXUS-6770,0.011687
NEXUS-6769,0.012625
NEXUS-6768,0.007577
NEXUS-6767,0.00506
NEXUS-6766,0.050331
NEXUS-6765,0.014504
NEXUS-6764,0.062331
NEXUS-6763,0.020177
NEXUS-6762,0.019871
NEXUS-6761,0.010735
NEXUS-6759,0.237222
NEXUS-6758,0.075312
NEXUS-6757,0.030444
NEXUS-6756,0.725843
NEXUS-6755,0.015906
NEXUS-6754,0.739046
NEXUS-6753,0.03259
NEXUS-6752,0.008916
NEXUS-6750,0.039639
NEXUS-6749,0.010489
NEXUS-6748,0.696681
NEXUS-6747,0.009268
NEXUS-6746,0.011778
NEXUS-6745,0.004682
NEXUS-6744,0.015189
NEXUS-6743,0.016029
NEXUS-6742,0.018833
NEXUS-6741,0.062789
NEXUS-6740,0.922482
NEXUS-6739,0.562177
NEXUS-6738,0.84338
NEXUS-6737,0.682045
NEXUS-6736,0.063715
NEXUS-6735,0.029312
NEXUS-6734,0.020489
NEXUS-6732,0.903635
NEXUS-6731,0.014392
NEXUS-6730,0.016785
NEXUS-6729,0.067547
NEXUS-6728,0.079782
NEXUS-6727,0.154823
NEXUS-6720,0.014172
NEXUS-6713,0.026759
NEXUS-6712,0.017177
NEXUS-6711,0.015906
NEXUS-6710,0.040238
NEXUS-6707,0.01057
NEXUS-6705,0.014842
NEXUS-6704,0.012054
NEXUS-6703,0.102664
NEXUS-6702,0.037892
NEXUS-6701,0.025179
NEXUS-6700,0.475118
NEXUS-6699,0.022286
NEXUS-6698,0.017177
NEXUS-6694,0.013956
NEXUS-6693,0.020177
NEXUS-6692,0.099821
NEXUS-6691,0.034359
NEXUS-6690,0.034359
NEXUS-6689,0.022117
NEXUS-6688,0.020023
NEXUS-6687,0.015306
NEXUS-6686,0.015189
NEXUS-6682,0.021948
NEXUS-6681,0.060087
NEXUS-6680,0.506347
NEXUS-6679,0.174692
NEXUS-6678,0.030909
NEXUS-6677,0.025371
NEXUS-6676,0.024054
NEXUS-6675,0.345492
NEXUS-6674,0.022977
NEXUS-6673,0.028436
NEXUS-6672,0.015785
NEXUS-6671,0.011332
NEXUS-6670,0.008062
NEXUS-6669,0.016403
NEXUS-6668,0.637779
NEXUS-6667,0.015189
NEXUS-6666,0.017177
NEXUS-6664,0.041774
NEXUS-6661,0.33372
NEXUS-6660,0.018125
NEXUS-6659,0.037609
NEXUS-6658,0.867485
NEXUS-6657,0.025957
NEXUS-6656,0.480479
NEXUS-6655,0.026964
NEXUS-6653,0.923039
NEXUS-6652,0.040238
NEXUS-6651,0.581778
NEXUS-6650,0.728169
NEXUS-6649,0.024798
NEXUS-6648,0.030676
NEXUS-6647,0.122104
NEXUS-6646,0.023871
NEXUS-6645,0.040846
NEXUS-6644,0.020332
NEXUS-6640,0.344981
NEXUS-6637,0.040541
NEXUS-6634,0.384797
NEXUS-6633,0.016153
NEXUS-6632,0.03622
NEXUS-6630,0.014504
NEXUS-6629,0.911495
NEXUS-6628,0.018125
NEXUS-6627,0.014842
NEXUS-6626,0.533884
NEXUS-6624,0.017309
NEXUS-6622,0.040541
NEXUS-6621,0.510741
NEXUS-6619,0.031619
NEXUS-6617,0.028653
NEXUS-6616,0.688468
NEXUS-6615,0.786623
NEXUS-6612,0.165593
NEXUS-6611,0.01292
NEXUS-6610,0.900179
NEXUS-6609,0.174129
NEXUS-6608,0.845942
NEXUS-6607,0.028008
NEXUS-6605,0.086016
NEXUS-6604,0.031619
NEXUS-6603,0.780662
NEXUS-6602,0.018125
NEXUS-6601,0.845942
NEXUS-6600,0.03359
NEXUS-6599,0.930962
NEXUS-6597,0.03359
NEXUS-6596,0.017177
NEXUS-6595,0.026355
NEXUS-6592,0.066327
NEXUS-6591,0.825027
NEXUS-6588,0.016403
NEXUS-6587,0.028436
NEXUS-6586,0.021615
NEXUS-6585,0.764892
NEXUS-6584,0.022457
NEXUS-6583,0.027796
NEXUS-6582,0.021948
NEXUS-6581,0.024988
NEXUS-6579,0.66769
NEXUS-6578,0.016657
NEXUS-6576,0.577019
NEXUS-6575,0.022457
NEXUS-6574,0.025179
NEXUS-6572,0.067793
NEXUS-6571,0.025179
NEXUS-6570,0.026759
NEXUS-6569,0.429669
NEXUS-6567,0.021287
NEXUS-6566,0.276105
NEXUS-6565,0.021948
NEXUS-6564,0.019719
NEXUS-6562,0.025761
NEXUS-6560,0.017849
NEXUS-6559,0.816699
NEXUS-6558,0.020964
NEXUS-6556,0.02461
NEXUS-6555,0.015785
NEXUS-6554,0.024054
NEXUS-6553,0.110471
NEXUS-6551,0.011245
NEXUS-6550,0.014957
NEXUS-6549,0.022803
NEXUS-6547,0.017712
NEXUS-6545,0.007938
NEXUS-6544,0.039639
NEXUS-6542,0.033086
NEXUS-6541,0.320928
NEXUS-6540,0.817574
NEXUS-6539,0.023153
NEXUS-6538,0.022977
NEXUS-6537,0.416085
NEXUS-6536,0.678859
NEXUS-6533,0.035679
NEXUS-6530,0.078642
NEXUS-6529,0.826712
NEXUS-6526,0.200245
NEXUS-6525,0.0341
NEXUS-6524,0.873647
NEXUS-6523,0.026964
NEXUS-6522,0.016277
NEXUS-6521,0.0729
NEXUS-6520,0.29972
NEXUS-6519,0.794066
NEXUS-6518,0.807461
NEXUS-6516,0.026964
NEXUS-6515,0.064653
NEXUS-6514,0.820469
NEXUS-6511,0.051845
NEXUS-6510,0.019271
NEXUS-6508,0.015785
NEXUS-6506,0.015906
NEXUS-6505,0.020332
NEXUS-6504,0.90599
NEXUS-6503,0.663887
NEXUS-6502,0.030215
NEXUS-6501,0.034619
NEXUS-6500,0.013742
NEXUS-6499,0.030444
NEXUS-6497,0.021781
NEXUS-6493,0.680454
NEXUS-6491,0.028653
NEXUS-6490,0.395368
NEXUS-6489,0.805632
NEXUS-6488,0.376394
NEXUS-6487,0.027796
NEXUS-6485,0.102664
NEXUS-6484,0.112795
NEXUS-6483,0.397704
NEXUS-6482,0.012241
NEXUS-6480,0.023509
NEXUS-6479,0.048137
NEXUS-6478,0.357624
NEXUS-6476,0.63787
NEXUS-6475,0.109706
NEXUS-6474,0.847463
NEXUS-6473,0.012723
NEXUS-6472,0.613642
NEXUS-6463,0.015306
NEXUS-6461,0.759939
NEXUS-6460,0.752377
NEXUS-6458,0.590071
NEXUS-6457,0.796925
NEXUS-6455,0.887984
NEXUS-6453,0.022457
NEXUS-6450,0.025761
NEXUS-6448,0.027376
NEXUS-6447,0.016029
NEXUS-6446,0.065128
NEXUS-6419,0.572962
NEXUS-6410,0.6488
NEXUS-6404,0.894052
NEXUS-6401,0.965641
NEXUS-6399,0.015306
NEXUS-6398,0.018125
NEXUS-6397,0.017849
NEXUS-6394,0.563618
NEXUS-6392,0.66769
NEXUS-6390,0.028221
NEXUS-6388,0.012723
NEXUS-6385,0.037327
NEXUS-6384,0.794385
NEXUS-6383,0.022803
NEXUS-6382,0.652297
NEXUS-6380,0.02461
NEXUS-6379,0.811377
NEXUS-6376,0.888759
NEXUS-6375,0.850965
NEXUS-6373,0.687
NEXUS-6370,0.781331
NEXUS-6369,0.893309
NEXUS-6368,0.903635
NEXUS-6367,0.761716
NEXUS-6366,0.041462
NEXUS-6364,0.942082
NEXUS-6360,0.576065
NEXUS-6358,0.030444
NEXUS-6357,0.019271
NEXUS-6356,0.026156
NEXUS-6353,0.006488
NEXUS-6352,0.029312
NEXUS-6351,0.155848
NEXUS-6348,0.022629
NEXUS-6347,0.00986
NEXUS-6346,0.953622
NEXUS-6345,0.262086
NEXUS-6343,0.761716
NEXUS-6342,0.014957
NEXUS-6340,0.64232
NEXUS-6339,0.911495
NEXUS-6338,0.022629
NEXUS-6337,0.047074
NEXUS-6336,0.495606
NEXUS-6335,0.015906
NEXUS-6332,0.763836
NEXUS-6330,0.160792
NEXUS-6328,0.009784
NEXUS-6327,0.012528
NEXUS-6326,0.011778
NEXUS-6323,0.064183
NEXUS-6322,0.574872
NEXUS-6321,0.034359
NEXUS-6320,0.017045
NEXUS-6319,0.038178
NEXUS-6318,0.022803
NEXUS-6317,0.030909
NEXUS-6316,0.316277
NEXUS-6315,0.06165
NEXUS-6311,0.614596
NEXUS-6310,0.493653
NEXUS-6308,0.062331
NEXUS-6307,0.266071
NEXUS-6306,0.017309
NEXUS-6304,0.745769
NEXUS-6303,0.86431
NEXUS-6300,0.900879
NEXUS-6298,0.011869
NEXUS-6297,0.019719
NEXUS-6296,0.023509
NEXUS-6294,0.00986
NEXUS-6292,0.017309
NEXUS-6291,0.032101
NEXUS-6290,0.026759
NEXUS-6287,0.109706
NEXUS-6286,0.164516
NEXUS-6285,0.030676
NEXUS-6284,0.042722
NEXUS-6281,0.055823
NEXUS-6280,0.100879
NEXUS-6279,0.020804
NEXUS-6278,0.022629
NEXUS-6277,0.040238
NEXUS-6276,0.013325
NEXUS-6275,0.011869
NEXUS-6274,0.0341
NEXUS-6273,0.017849
NEXUS-6272,0.807461
NEXUS-6271,0.032837
NEXUS-6269,0.010902
NEXUS-6268,0.036769
NEXUS-6267,0.023153
NEXUS-6266,0.029091
NEXUS-6265,0.029091
NEXUS-6264,0.016403
NEXUS-6263,0.014392
NEXUS-6262,0.029312
NEXUS-6261,0.016403
NEXUS-6260,0.037892
NEXUS-6259,0.027169
NEXUS-6258,0.033086
NEXUS-6256,0.023689
NEXUS-6255,0.026759
NEXUS-6254,0.896251
NEXUS-6253,0.0341
NEXUS-6252,0.887595
NEXUS-6251,0.038178
NEXUS-6250,0.013849
NEXUS-6249,0.019569
NEXUS-6248,0.016657
NEXUS-6247,0.798815
NEXUS-6246,0.012625
NEXUS-6244,0.031619
NEXUS-6243,0.014282
NEXUS-6242,0.037609
NEXUS-6241,0.47244
NEXUS-6240,0.053999
NEXUS-6239,0.010408
NEXUS-6238,0.820469
NEXUS-6236,0.753829
NEXUS-6235,0.033844
NEXUS-6234,0.037047
NEXUS-6232,0.248899
NEXUS-6230,0.022803
NEXUS-6229,0.004982
NEXUS-6226,0.816991
NEXUS-6225,0.024423
NEXUS-6224,0.850965
NEXUS-6223,0.031619
NEXUS-6222,0.491212
NEXUS-6221,0.012241
NEXUS-6220,0.020489
NEXUS-6219,0.033337
NEXUS-6218,0.03259
NEXUS-6216,0.485356
NEXUS-6214,0.017442
NEXUS-6213,0.620852
NEXUS-6212,0.808672
NEXUS-6210,0.025179
NEXUS-6207,0.007577
NEXUS-6206,0.319971
NEXUS-6204,0.023689
NEXUS-6203,0.025761
NEXUS-6202,0.011869
NEXUS-6201,0.816406
NEXUS-6199,0.008779
NEXUS-6196,0.008062
NEXUS-6195,0.023689
NEXUS-6194,0.048496
NEXUS-6193,0.022457
NEXUS-6192,0.034359
NEXUS-6191,0.892937
NEXUS-6190,0.264074
NEXUS-6189,0.712232
NEXUS-6187,0.037892
NEXUS-6186,0.027796
NEXUS-6185,0.185357
NEXUS-6183,0.249813
NEXUS-6182,0.666877
NEXUS-6179,0.028221
NEXUS-6178,0.033337
NEXUS-6177,0.015785
NEXUS-6176,0.00629
NEXUS-6175,0.103749
NEXUS-6173,0.015425
NEXUS-6172,0.020489
NEXUS-6171,0.062789
NEXUS-6170,0.024798
NEXUS-6169,0.021125
NEXUS-6168,0.110471
NEXUS-6167,0.249813
NEXUS-6166,0.886813
NEXUS-6165,0.033086
NEXUS-6164,0.889529
NEXUS-6162,0.254602
NEXUS-6161,0.01302
NEXUS-6159,0.035145
NEXUS-6158,0.017045
NEXUS-6155,0.020804
NEXUS-6154,0.779322
NEXUS-6153,0.883638
NEXUS-6152,0.034359
NEXUS-6151,0.011597
NEXUS-6150,0.018264
NEXUS-6149,0.046725
NEXUS-6148,0.777975
NEXUS-6147,0.373305
NEXUS-6144,0.072374
NEXUS-6142,0.731442
NEXUS-6141,0.008511
NEXUS-6140,0.017986
NEXUS-6139,0.018125
NEXUS-6138,0.017849
NEXUS-6137,0.016915
NEXUS-6136,0.060529
NEXUS-6135,0.014842
NEXUS-6134,0.598195
NEXUS-6133,0.013223
NEXUS-6132,0.015189
NEXUS-6129,0.023689
NEXUS-6128,0.024054
NEXUS-6127,0.020332
NEXUS-6126,0.492676
NEXUS-6125,0.89841
NEXUS-6123,0.022977
NEXUS-6122,0.025371
NEXUS-6121,0.668285
NEXUS-6120,0.031619
NEXUS-6119,0.020023
NEXUS-6116,0.11358
NEXUS-6115,0.01653
NEXUS-6114,0.030444
NEXUS-6113,0.010653
NEXUS-6112,0.758153
NEXUS-6111,0.667256
NEXUS-6110,0.032837
NEXUS-6109,0.016785
NEXUS-6108,0.018405
NEXUS-6107,0.091707
NEXUS-6105,0.03622
NEXUS-6104,0.014616
NEXUS-6103,0.015785
NEXUS-6102,0.040238
NEXUS-6101,0.639624
NEXUS-6100,0.007346
NEXUS-6099,0.426322
NEXUS-6097,0.04778
NEXUS-6096,0.11358
NEXUS-6095,0.393036
NEXUS-6093,0.762778
NEXUS-6091,0.082107
NEXUS-6090,0.220678
NEXUS-6088,0.018833
NEXUS-6087,0.039048
NEXUS-6086,0.030444
NEXUS-6085,0.018833
NEXUS-6084,0.872347
NEXUS-6082,0.013637
NEXUS-6080,0.023689
NEXUS-6079,0.746878
NEXUS-6075,0.02976
NEXUS-6074,0.026156
NEXUS-6073,0.09739
NEXUS-6072,0.177811
NEXUS-6071,0.779993
NEXUS-6063,0.878314
NEXUS-6062,0.826151
NEXUS-6061,0.014504
NEXUS-6060,0.010014
NEXUS-6059,0.011332
NEXUS-6058,0.020964
NEXUS-6057,0.024423
NEXUS-6053,0.019871
NEXUS-6050,0.035679
NEXUS-6049,0.042722
NEXUS-6048,0.079782
NEXUS-6046,0.945801
NEXUS-6045,0.811078
NEXUS-6044,0.015785
NEXUS-6043,0.824462
NEXUS-6042,0.040846
NEXUS-6041,0.016915
NEXUS-6040,0.026759
NEXUS-6039,0.022629
NEXUS-6038,0.019719
NEXUS-6037,0.933915
NEXUS-6036,0.90053
NEXUS-6035,0.150278
NEXUS-6034,0.015189
NEXUS-6030,0.008062
NEXUS-6029,0.023331
NEXUS-6028,0.012528
NEXUS-6027,0.522446
NEXUS-6026,0.025761
NEXUS-6025,0.025371
NEXUS-6024,0.027376
NEXUS-6023,0.011072
NEXUS-6022,0.020804
NEXUS-6021,0.01302
NEXUS-6020,0.739799
NEXUS-6017,0.379723
NEXUS-6016,0.015906
NEXUS-6015,0.874077
NEXUS-6014,0.801004
NEXUS-6013,0.640861
NEXUS-6012,0.010249
NEXUS-6011,0.029312
NEXUS-6010,0.315314
NEXUS-6009,0.819316
NEXUS-6008,0.053206
NEXUS-6007,0.016915
NEXUS-6005,0.015189
NEXUS-6004,0.058132
NEXUS-6003,0.009559
NEXUS-6001,0.073696
NEXUS-6000,0.161849
NEXUS-5999,0.01653
NEXUS-5998,0.033337
NEXUS-5997,0.026557
NEXUS-5996,0.012821
NEXUS-5995,0.037327
NEXUS-5994,0.018125
NEXUS-5993,0.557364
NEXUS-5992,0.758511
NEXUS-5991,0.031619
NEXUS-5990,0.925769
NEXUS-5989,0.022803
NEXUS-5988,0.869715
NEXUS-5987,0.156105
NEXUS-5986,0.015664
NEXUS-5985,0.722918
NEXUS-5984,0.018125
NEXUS-5982,0.024238
NEXUS-5981,0.730866
NEXUS-5980,0.024238
NEXUS-5979,0.880797
NEXUS-5977,0.102664
NEXUS-5976,0.020804
NEXUS-5975,0.950041
NEXUS-5973,0.411111
NEXUS-5971,0.066085
NEXUS-5970,0.427038
NEXUS-5969,0.025179
NEXUS-5968,0.807461
NEXUS-5966,0.322493
NEXUS-5965,0.040238
NEXUS-5964,0.016915
NEXUS-5963,0.158435
NEXUS-5962,0.245266
NEXUS-5961,0.641366
NEXUS-5960,0.069038
NEXUS-5959,0.17441
NEXUS-5957,0.034359
NEXUS-5956,0.028221
NEXUS-5955,0.013532
NEXUS-5953,0.040238
NEXUS-5952,0.047074
NEXUS-5951,0.084493
NEXUS-5950,0.014957
NEXUS-5949,0.38885
NEXUS-5948,0.115561
NEXUS-5946,0.927888
NEXUS-5945,0.221687
NEXUS-5944,0.030909
NEXUS-5943,0.044681
NEXUS-5941,0.854399
NEXUS-5940,0.653901
NEXUS-5937,0.548915
NEXUS-5936,0.039937
NEXUS-5935,0.193452
NEXUS-5934,0.028436
NEXUS-5933,0.847968
NEXUS-5932,0.803174
NEXUS-5930,0.038756
NEXUS-5929,0.085099
NEXUS-5928,0.923039
NEXUS-5927,0.061199
NEXUS-5925,0.066327
NEXUS-5924,0.065128
NEXUS-5923,0.042404
NEXUS-5922,0.034359
NEXUS-5921,0.065845
NEXUS-5920,0.038756
NEXUS-5919,0.037892
NEXUS-5918,0.060752
NEXUS-5917,0.048137
NEXUS-5916,0.034881
NEXUS-5915,0.041774
NEXUS-5914,0.041462
NEXUS-5913,0.044019
NEXUS-5912,0.148294
NEXUS-5911,0.058561
NEXUS-5910,0.055413
NEXUS-5909,0.382026
NEXUS-5908,0.330039
NEXUS-5907,0.783326
NEXUS-5906,0.796925
NEXUS-5905,0.012821
NEXUS-5904,0.710226
NEXUS-5903,0.142709
NEXUS-5902,0.133415
NEXUS-5901,0.067793
NEXUS-5900,0.079496
NEXUS-5899,0.603465
NEXUS-5898,0.44553
NEXUS-5897,0.832781
NEXUS-5896,0.026156
NEXUS-5895,0.060308
NEXUS-5894,0.056862
NEXUS-5892,0.784979
NEXUS-5891,0.830594
NEXUS-5890,0.176672
NEXUS-5889,0.082994
NEXUS-5888,0.594139
NEXUS-5887,0.173288
NEXUS-5886,0.044349
NEXUS-5885,0.392104
NEXUS-5884,0.804098
NEXUS-5883,0.066569
NEXUS-5881,0.565299
NEXUS-5880,0.765944
NEXUS-5879,0.089455
NEXUS-5878,0.032101
NEXUS-5877,0.008062
NEXUS-5876,0.015425
NEXUS-5875,0.023689
NEXUS-5874,0.520009
NEXUS-5873,0.904651
NEXUS-5872,0.021287
NEXUS-5871,0.017177
NEXUS-5870,0.808067
NEXUS-5867,0.019419
NEXUS-5866,0.876634
NEXUS-5865,0.006193
NEXUS-5864,0.020964
NEXUS-5863,0.048858
NEXUS-5861,0.021125
NEXUS-5860,0.637574
NEXUS-5859,0.018405
NEXUS-5858,0.021615
NEXUS-5857,0.012054
NEXUS-5856,0.012821
NEXUS-5854,0.006388
NEXUS-5852,0.92079
NEXUS-5851,0.935346
NEXUS-5850,0.025761
NEXUS-5849,0.015906
NEXUS-5848,0.023153
NEXUS-5845,0.348036
NEXUS-5844,0.388386
NEXUS-5843,0.014172
NEXUS-5842,0.012432
NEXUS-5840,0.009197
NEXUS-5839,0.020177
NEXUS-5838,0.013956
NEXUS-5837,0.830044
NEXUS-5836,0.016277
NEXUS-5835,0.79534
NEXUS-5834,0.788909
NEXUS-5833,0.032344
NEXUS-5832,0.025957
NEXUS-5831,0.683842
NEXUS-5830,0.008188
NEXUS-5829,0.029987
NEXUS-5828,0.027796
NEXUS-5827,0.019124
NEXUS-5826,0.020964
NEXUS-5825,0.555194
NEXUS-5824,0.022629
NEXUS-5823,0.135232
NEXUS-5822,0.017045
NEXUS-5821,0.012821
NEXUS-5820,0.011869
NEXUS-5819,0.019719
NEXUS-5818,0.139866
NEXUS-5817,0.016915
NEXUS-5816,0.018405
NEXUS-5815,0.947381
NEXUS-5814,0.014172
NEXUS-5811,0.016915
NEXUS-5810,0.018689
NEXUS-5808,0.020489
NEXUS-5807,0.008985
NEXUS-5806,0.024988
NEXUS-5805,0.029091
NEXUS-5804,0.028008
NEXUS-5803,0.027585
NEXUS-5802,0.017712
NEXUS-5800,0.683842
NEXUS-5799,0.015664
NEXUS-5798,0.014504
NEXUS-5797,0.743168
NEXUS-5796,0.055413
NEXUS-5795,0.017045
NEXUS-5794,0.402744
NEXUS-5793,0.007012
NEXUS-5792,0.035679
NEXUS-5790,0.026964
NEXUS-5789,0.108189
NEXUS-5788,0.028436
NEXUS-5787,0.03359
NEXUS-5786,0.007012
NEXUS-5785,0.030676
NEXUS-5784,0.013223
NEXUS-5783,0.944177
NEXUS-5782,0.022629
NEXUS-5781,0.742048
NEXUS-5780,0.194674
NEXUS-5778,0.017986
NEXUS-5776,0.413477
NEXUS-5775,0.013849
NEXUS-5774,0.023689
NEXUS-5773,0.051845
NEXUS-5772,0.024988
NEXUS-5771,0.016029
NEXUS-5770,0.029535
NEXUS-5769,0.745398
NEXUS-5768,0.509764
NEXUS-5767,0.024238
NEXUS-5766,0.015544
NEXUS-5765,0.011869
NEXUS-5764,0.016153
NEXUS-5763,0.07921
NEXUS-5762,0.022286
NEXUS-5761,0.889529
NEXUS-5760,0.028653
NEXUS-5759,0.910545
NEXUS-5758,0.021781
NEXUS-5757,0.072374
NEXUS-5756,0.038466
NEXUS-5755,0.857291
NEXUS-5754,0.021615
NEXUS-5753,0.039937
NEXUS-5752,0.490236
NEXUS-5751,0.024423
NEXUS-5750,0.051083
NEXUS-5749,0.012432
NEXUS-5748,0.013849
NEXUS-5747,0.033337
NEXUS-5746,0.008779
NEXUS-5745,0.220342
NEXUS-5744,0.027796
NEXUS-5742,0.012625
NEXUS-5741,0.028871
NEXUS-5740,0.020177
NEXUS-5739,0.944995
NEXUS-5738,0.744285
NEXUS-5737,0.030676
NEXUS-5736,0.024988
NEXUS-5735,0.019419
NEXUS-5734,0.013742
NEXUS-5733,0.018264
NEXUS-5732,0.582016
NEXUS-5731,0.720172
NEXUS-5730,0.013428
NEXUS-5729,0.870597
NEXUS-5728,0.390476
NEXUS-5727,0.025957
NEXUS-5726,0.03259
NEXUS-5725,0.019871
NEXUS-5724,0.867934
NEXUS-5723,0.016153
NEXUS-5722,0.052231
NEXUS-5721,0.011778
NEXUS-5720,0.013742
NEXUS-5719,0.047074
NEXUS-5716,0.797872
NEXUS-5715,0.096706
NEXUS-5714,0.913368
NEXUS-5713,0.639975
NEXUS-5712,0.853425
NEXUS-5711,0.039343
NEXUS-5710,0.00522
NEXUS-5709,0.035145
NEXUS-5708,0.018978
NEXUS-5707,0.665465
NEXUS-5706,0.00934
NEXUS-5705,0.014392
NEXUS-5704,0.013849
NEXUS-5703,0.029312
NEXUS-5702,0.013849
NEXUS-5700,0.047426
NEXUS-5699,0.038466
NEXUS-5698,0.023509
NEXUS-5696,0.036494
NEXUS-5695,0.83868
NEXUS-5694,0.922482
NEXUS-5692,0.691601
NEXUS-5691,0.035948
NEXUS-5690,0.075585
NEXUS-5689,0.050331
NEXUS-5688,0.014729
NEXUS-5687,0.952574
NEXUS-5686,0.669042
NEXUS-5685,0.02461
NEXUS-5684,0.023871
NEXUS-5683,0.030909
NEXUS-5682,0.016029
NEXUS-5681,0.022977
NEXUS-5680,0.020964
NEXUS-5679,0.02461
NEXUS-5678,0.070049
NEXUS-5677,0.020023
NEXUS-5676,0.08882
NEXUS-5675,0.032344
NEXUS-5674,0.019124
NEXUS-5673,0.017045
NEXUS-5672,0.534127
NEXUS-5671,0.010489
NEXUS-5670,0.021615
NEXUS-5668,0.018405
NEXUS-5667,0.730674
NEXUS-5665,0.150528
NEXUS-5664,0.022977
NEXUS-5663,0.028653
NEXUS-5662,0.320928
NEXUS-5661,0.014392
NEXUS-5660,0.026156
NEXUS-5659,0.014504
NEXUS-5658,0.701713
NEXUS-5657,0.306216
NEXUS-5656,0.545528
NEXUS-5655,0.072374
NEXUS-5654,0.07343
NEXUS-5653,0.030444
NEXUS-5652,0.115961
NEXUS-5651,0.022629
NEXUS-5650,0.017177
NEXUS-5649,0.039048
NEXUS-5648,0.030444
NEXUS-5647,0.320981
NEXUS-5646,0.024423
NEXUS-5645,0.23231
NEXUS-5644,0.095349
NEXUS-5643,0.014392
NEXUS-5642,0.022977
NEXUS-5641,0.035411
NEXUS-5640,0.011072
NEXUS-5639,0.026355
NEXUS-5638,0.899121
NEXUS-5635,0.067547
NEXUS-5634,0.027376
NEXUS-5633,0.01292
NEXUS-5632,0.051463
NEXUS-5631,0.033337
NEXUS-5630,0.028436
NEXUS-5629,0.024798
NEXUS-5628,0.016785
NEXUS-5627,0.009634
NEXUS-5626,0.014282
NEXUS-5625,0.013849
NEXUS-5624,0.00838
NEXUS-5623,0.019569
NEXUS-5622,0.067547
NEXUS-5621,0.016915
NEXUS-5619,0.01302
NEXUS-5618,0.066569
NEXUS-5617,0.261897
NEXUS-5616,0.393968
NEXUS-5615,0.007577
NEXUS-5614,0.011072
NEXUS-5613,0.349796
NEXUS-5612,0.03138
NEXUS-5611,0.836555
NEXUS-5610,0.011778
NEXUS-5609,0.090735
NEXUS-5608,0.069038
NEXUS-5607,0.012821
NEXUS-5606,0.017849
NEXUS-5605,0.006388
NEXUS-5603,0.00838
NEXUS-5602,0.488283
NEXUS-5600,0.015664
NEXUS-5599,0.641226
NEXUS-5598,0.025565
NEXUS-5597,0.015306
NEXUS-5596,0.41561
NEXUS-5595,0.090414
NEXUS-5594,0.030444
NEXUS-5593,0.066812
NEXUS-5592,0.012821
NEXUS-5591,0.071851
NEXUS-5590,0.029312
NEXUS-5589,0.054199
NEXUS-5588,0.018978
NEXUS-5587,0.143668
NEXUS-5586,0.812867
NEXUS-5585,0.017849
NEXUS-5584,0.595963
NEXUS-5582,0.744656
NEXUS-5581,0.943764
NEXUS-5580,0.015785
NEXUS-5579,0.026355
NEXUS-5578,0.150278
NEXUS-5577,0.03138
NEXUS-5576,0.044681
NEXUS-5575,0.09236
NEXUS-5574,0.801315
NEXUS-5573,0.033337
NEXUS-5572,0.0538
NEXUS-5571,0.164516
NEXUS-5570,0.024988
NEXUS-5569,0.203075
NEXUS-5568,0.031619
NEXUS-5567,0.05301
NEXUS-5566,0.011245
NEXUS-5565,0.149531
NEXUS-5563,0.026964
NEXUS-5562,0.217005
NEXUS-5561,0.044349
NEXUS-5560,0.022117
NEXUS-5559,0.043043
NEXUS-5558,0.063715
NEXUS-5557,0.942507
NEXUS-5556,0.019124
NEXUS-5554,0.719186
NEXUS-5552,0.294038
NEXUS-5551,0.84338
NEXUS-5550,0.063251
NEXUS-5549,0.034619
NEXUS-5548,0.023509
NEXUS-5547,0.83868
NEXUS-5546,0.011869
NEXUS-5545,0.017177
NEXUS-5544,0.017712
NEXUS-5543,0.015306
NEXUS-5542,0.021615
NEXUS-5541,0.020023
NEXUS-5540,0.026156
NEXUS-5539,0.008847
NEXUS-5538,0.82559
NEXUS-5537,0.040541
NEXUS-5536,0.177811
NEXUS-5535,0.330282
NEXUS-5533,0.051083
NEXUS-5532,0.764892
NEXUS-5531,0.109325
NEXUS-5530,0.018125
NEXUS-5528,0.013742
NEXUS-5526,0.025957
NEXUS-5525,0.016153
NEXUS-5524,0.025565
NEXUS-5523,0.910863
NEXUS-5522,0.007121
NEXUS-5521,0.004755
NEXUS-5520,0.01302
NEXUS-5519,0.734881
NEXUS-5518,0.028008
NEXUS-5517,0.006193
NEXUS-5516,0.021781
NEXUS-5515,0.022977
NEXUS-5514,0.014842
NEXUS-5513,0.413714
NEXUS-5512,0.832781
NEXUS-5511,0.782995
NEXUS-5510,0.381796
NEXUS-5509,0.173849
NEXUS-5508,0.025371
NEXUS-5507,0.789234
NEXUS-5506,0.044349
NEXUS-5505,0.017986
NEXUS-5504,0.196518
NEXUS-5503,0.628977
NEXUS-5502,0.808672
NEXUS-5501,0.303216
NEXUS-5500,0.440951
NEXUS-5499,0.842863
NEXUS-5498,0.84338
NEXUS-5497,0.089455
NEXUS-5496,0.884439
NEXUS-5495,0.848972
NEXUS-5494,0.338159
NEXUS-5493,0.738292
NEXUS-5492,0.730674
NEXUS-5491,0.014957
NEXUS-5490,0.833325
NEXUS-5489,0.842863
NEXUS-5488,0.422981
NEXUS-5487,0.013121
NEXUS-5485,0.924688
NEXUS-5484,0.025761
NEXUS-5483,0.01142
NEXUS-5482,0.017577
NEXUS-5481,0.775945
NEXUS-5480,0.013223
NEXUS-5479,0.665193
NEXUS-5478,0.010091
NEXUS-5477,0.952574
NEXUS-5476,0.912436
NEXUS-5475,0.926835
NEXUS-5474,0.025565
NEXUS-5473,0.035145
NEXUS-5472,0.107063
NEXUS-5471,0.584745
NEXUS-5470,0.884439
NEXUS-5469,0.330039
NEXUS-5468,0.020804
NEXUS-5466,0.040846
NEXUS-5465,0.013956
NEXUS-5463,0.044019
NEXUS-5462,0.127653
NEXUS-5461,0.331607
NEXUS-5460,0.019271
NEXUS-5459,0.202443
NEXUS-5458,0.016153
NEXUS-5457,0.004399
NEXUS-5456,0.057071
NEXUS-5455,0.01017
NEXUS-5454,0.153042
NEXUS-5453,0.014729
NEXUS-5452,0.014392
NEXUS-5451,0.011869
NEXUS-5450,0.567937
NEXUS-5449,0.015073
NEXUS-5448,0.599485
NEXUS-5447,0.008188
NEXUS-5445,0.058132
NEXUS-5444,0.026964
NEXUS-5443,0.657428
NEXUS-5442,0.580352
NEXUS-5441,0.021451
NEXUS-5440,0.015306
NEXUS-5439,0.014504
NEXUS-5438,0.090093
NEXUS-5437,0.044681
NEXUS-5436,0.032101
NEXUS-5435,0.006004
NEXUS-5434,0.763836
NEXUS-5433,0.037609
NEXUS-5431,0.040238
NEXUS-5430,0.011245
NEXUS-5429,0.023871
NEXUS-5428,0.01017
NEXUS-5427,0.010014
NEXUS-5426,0.021287
NEXUS-5425,0.007233
NEXUS-5424,0.008779
NEXUS-5423,0.007577
NEXUS-5422,0.015306
NEXUS-5421,0.016277
NEXUS-5420,0.022286
NEXUS-5418,0.027585
NEXUS-5417,0.031859
NEXUS-5415,0.084191
NEXUS-5414,0.032837
NEXUS-5413,0.02976
NEXUS-5412,0.011158
NEXUS-5411,0.008188
NEXUS-5409,0.873647
NEXUS-5408,0.139866
NEXUS-5407,0.097734
NEXUS-5406,0.921358
NEXUS-5405,0.013428
NEXUS-5404,0.130729
NEXUS-5403,0.009486
NEXUS-5402,0.040541
NEXUS-5401,0.028871
NEXUS-5400,0.024423
NEXUS-5399,0.32322
NEXUS-5398,0.017442
NEXUS-5397,0.01142
NEXUS-5396,0.009486
NEXUS-5395,0.008711
NEXUS-5394,0.038466
NEXUS-5393,0.008062
NEXUS-5392,0.048858
NEXUS-5391,0.021615
NEXUS-5390,0.008062
NEXUS-5389,0.934395
NEXUS-5388,0.070816
NEXUS-5387,0.028653
NEXUS-5386,0.022803
NEXUS-5385,0.015664
NEXUS-5384,0.038178
NEXUS-5383,0.033337
NEXUS-5382,0.015664
NEXUS-5381,0.009197
NEXUS-5380,0.022629
NEXUS-5379,0.00514
NEXUS-5378,0.029091
NEXUS-5377,0.012432
NEXUS-5376,0.03259
NEXUS-5375,0.024798
NEXUS-5374,0.018405
NEXUS-5372,0.008062
NEXUS-5371,0.013532
NEXUS-5370,0.020964
NEXUS-5368,0.032101
NEXUS-5367,0.396068
NEXUS-5366,0.013121
NEXUS-5365,0.710427
NEXUS-5364,0.017309
NEXUS-5363,0.023689
NEXUS-5361,0.034881
NEXUS-5360,0.568655
NEXUS-5359,0.027585
NEXUS-5358,0.024798
NEXUS-5357,0.822759
NEXUS-5356,0.867036
NEXUS-5355,0.029312
NEXUS-5354,0.017849
NEXUS-5353,0.01302
NEXUS-5352,0.006798
NEXUS-5351,0.93196
NEXUS-5350,0.763131
NEXUS-5349,0.829492
NEXUS-5348,0.009559
NEXUS-5347,0.021287
NEXUS-5346,0.224735
NEXUS-5344,0.035411
NEXUS-5343,0.014504
NEXUS-5342,0.024798
NEXUS-5341,0.897336
NEXUS-5338,0.516595
NEXUS-5337,0.082994
NEXUS-5336,0.424173
NEXUS-5335,0.0538
NEXUS-5334,0.194674
NEXUS-5333,0.063019
NEXUS-5332,0.423696
NEXUS-5331,0.093678
NEXUS-5330,0.075585
NEXUS-5329,0.062103
NEXUS-5328,0.232659
NEXUS-5327,0.645565
NEXUS-5326,0.081228
NEXUS-5325,0.303216
NEXUS-5324,0.068537
NEXUS-5323,0.06489
NEXUS-5322,0.089455
NEXUS-5321,0.17441
NEXUS-5320,0.073963
NEXUS-5319,0.043366
NEXUS-5318,0.053403
NEXUS-5317,0.279632
NEXUS-5316,0.185652
NEXUS-5315,0.130729
NEXUS-5314,0.197754
NEXUS-5313,0.278061
NEXUS-5312,0.046378
NEXUS-5311,0.051845
NEXUS-5310,0.587233
NEXUS-5309,0.507324
NEXUS-5308,0.241668
NEXUS-5307,0.795658
NEXUS-5306,0.432782
NEXUS-5305,0.26971
NEXUS-5304,0.478529
NEXUS-5303,0.318909
NEXUS-5302,0.234407
NEXUS-5301,0.155591
NEXUS-5300,0.017442
NEXUS-5299,0.90261
NEXUS-5298,0.030444
NEXUS-5297,0.014504
NEXUS-5296,0.014392
NEXUS-5295,0.013325
NEXUS-5294,0.010902
NEXUS-5293,0.233532
NEXUS-5292,0.045692
NEXUS-5291,0.039343
NEXUS-5290,0.034619
NEXUS-5289,0.009486
NEXUS-5288,0.03138
NEXUS-5287,0.042722
NEXUS-5286,0.870157
NEXUS-5285,0.461259
NEXUS-5284,0.011245
NEXUS-5283,0.227985
NEXUS-5281,0.037609
NEXUS-5280,0.033844
NEXUS-5279,0.868827
NEXUS-5278,0.064183
NEXUS-5277,0.014282
NEXUS-5276,0.676032
NEXUS-5275,0.712232
NEXUS-5271,0.013121
NEXUS-5270,0.018547
NEXUS-5267,0.245085
NEXUS-5266,0.460046
NEXUS-5265,0.756717
NEXUS-5264,0.017309
NEXUS-5263,0.81257
NEXUS-5262,0.017849
NEXUS-5261,0.468791
NEXUS-5260,0.801936
NEXUS-5258,0.022457
NEXUS-5257,0.013637
NEXUS-5256,0.018264
NEXUS-5254,0.659789
NEXUS-5253,0.018125
NEXUS-5252,0.007461
NEXUS-5251,0.014282
NEXUS-5250,0.395951
NEXUS-5249,0.011508
NEXUS-5248,0.012625
NEXUS-5247,0.016785
NEXUS-5246,0.891055
NEXUS-5245,0.90764
NEXUS-5244,0.881207
NEXUS-5243,0.023689
NEXUS-5242,0.017577
NEXUS-5241,0.038466
NEXUS-5240,0.027585
NEXUS-5238,0.016277
NEXUS-5236,0.031144
NEXUS-5235,0.32923
NEXUS-5234,0.069289
NEXUS-5233,0.03259
NEXUS-5232,0.029535
NEXUS-5231,0.020804
NEXUS-5230,0.008188
NEXUS-5229,0.008916
NEXUS-5228,0.011961
NEXUS-5227,0.025179
NEXUS-5226,0.877896
NEXUS-5225,0.033844
NEXUS-5224,0.105579
NEXUS-5223,0.765243
NEXUS-5222,0.737725
NEXUS-5221,0.696991
NEXUS-5220,0.806853
NEXUS-5219,0.013223
NEXUS-5218,0.010408
NEXUS-5217,0.778313
NEXUS-5216,0.023689
NEXUS-5215,0.010818
NEXUS-5214,0.845433
NEXUS-5212,0.203075
NEXUS-5211,0.954308
NEXUS-5210,0.028221
NEXUS-5209,0.933915
NEXUS-5208,0.110856
NEXUS-5206,0.034359
NEXUS-5205,0.020646
NEXUS-5204,0.086016
NEXUS-5203,0.007696
NEXUS-5202,0.029091
NEXUS-5201,0.018978
NEXUS-5200,0.737914
NEXUS-5199,0.439747
NEXUS-5198,0.367497
NEXUS-5197,0.022803
NEXUS-5196,0.489259
NEXUS-5195,0.039343
NEXUS-5194,0.435181
NEXUS-5193,0.008188
NEXUS-5192,0.509764
NEXUS-5191,0.024988
NEXUS-5190,0.578686
NEXUS-5189,0.750553
NEXUS-5188,0.778986
NEXUS-5187,0.019124
NEXUS-5186,0.062331
NEXUS-5185,0.360911
NEXUS-5184,0.040541
NEXUS-5183,0.109706
NEXUS-5182,0.011158
NEXUS-5181,0.027585
NEXUS-5180,0.819316
NEXUS-5179,0.541166
NEXUS-5178,0.010489
NEXUS-5177,0.062331
NEXUS-5176,0.031859
NEXUS-5175,0.168857
NEXUS-5174,0.819316
NEXUS-5173,0.104477
NEXUS-5172,0.802556
NEXUS-5171,0.94079
NEXUS-5170,0.066812
NEXUS-5169,0.878314
NEXUS-5168,0.008316
NEXUS-5167,0.936285
NEXUS-5166,0.027376
NEXUS-5165,0.016277
NEXUS-5164,0.022457
NEXUS-5163,0.026355
NEXUS-5162,0.006904
NEXUS-5161,0.009936
NEXUS-5160,0.912748
NEXUS-5159,0.404743
NEXUS-5158,0.38827
NEXUS-5156,0.012054
NEXUS-5155,0.061199
NEXUS-5153,0.008062
NEXUS-5152,0.024054
NEXUS-5151,0.706798
NEXUS-5149,0.013849
NEXUS-5148,0.006904
NEXUS-5147,0.028653
NEXUS-5146,0.013325
NEXUS-5145,0.049222
NEXUS-5143,0.008062
NEXUS-5142,0.0341
NEXUS-5141,0.024054
NEXUS-5140,0.793746
NEXUS-5138,0.013849
NEXUS-5137,0.073696
NEXUS-5136,0.077239
NEXUS-5135,0.024798
NEXUS-5134,0.017309
NEXUS-5133,0.026964
NEXUS-5132,0.022117
NEXUS-5131,0.024238
NEXUS-5130,0.041153
NEXUS-5129,0.016153
NEXUS-5128,0.00934
NEXUS-5127,0.086016
NEXUS-5126,0.017442
NEXUS-5125,0.006693
NEXUS-5124,0.056862
NEXUS-5123,0.941654
NEXUS-5122,0.026557
NEXUS-5121,0.185947
NEXUS-5120,0.065845
NEXUS-5119,0.023509
NEXUS-5118,0.878314
NEXUS-5117,0.020964
NEXUS-5116,0.007012
NEXUS-5114,0.020023
NEXUS-5113,0.02461
NEXUS-5112,0.055823
NEXUS-5111,0.042404
NEXUS-5110,0.011869
NEXUS-5109,0.060752
NEXUS-5108,0.021451
NEXUS-5107,0.016153
NEXUS-5106,0.023871
NEXUS-5105,0.927363
NEXUS-5104,0.041462
NEXUS-5103,0.014504
NEXUS-5102,0.298696
NEXUS-5101,0.022803
NEXUS-5100,0.026355
NEXUS-5099,0.031619
NEXUS-5098,0.707203
NEXUS-5097,0.839734
NEXUS-5096,0.576065
NEXUS-5095,0.015785
NEXUS-5094,0.79534
NEXUS-5093,0.867036
NEXUS-5092,0.477554
NEXUS-5091,0.394784
NEXUS-5090,0.50293
NEXUS-5089,0.787931
NEXUS-5088,0.851953
NEXUS-5087,0.568416
NEXUS-5086,0.633722
NEXUS-5085,0.902952
NEXUS-5084,0.904313
NEXUS-5083,0.574634
NEXUS-5082,0.843895
NEXUS-5081,0.51562
NEXUS-5080,0.105211
NEXUS-5079,0.016029
NEXUS-5078,0.193147
NEXUS-5077,0.72331
NEXUS-5076,0.029535
NEXUS-5075,0.047074
NEXUS-5074,0.019271
NEXUS-5073,0.026759
NEXUS-5072,0.00514
NEXUS-5071,0.020646
NEXUS-5070,0.682256
NEXUS-5069,0.013428
NEXUS-5068,0.01057
NEXUS-5067,0.105579
NEXUS-5066,0.013849
NEXUS-5065,0.346652
NEXUS-5064,0.029535
NEXUS-5063,0.596903
NEXUS-5062,0.705988
NEXUS-5061,0.861538
NEXUS-5060,0.010489
NEXUS-5059,0.007461
NEXUS-5058,0.037047
NEXUS-5057,0.00659
NEXUS-5056,0.021615
NEXUS-5055,0.03359
NEXUS-5054,0.865679
NEXUS-5053,0.066327
NEXUS-5052,0.012432
NEXUS-5051,0.585457
NEXUS-5050,0.020804
NEXUS-5049,0.010653
NEXUS-5048,0.010014
NEXUS-5047,0.062103
NEXUS-5046,0.811974
NEXUS-5045,0.804098
NEXUS-5044,0.795975
NEXUS-5043,0.015425
NEXUS-5042,0.014282
NEXUS-5041,0.437824
NEXUS-5040,0.021948
NEXUS-5039,0.051845
NEXUS-5038,0.019124
NEXUS-5037,0.010091
NEXUS-5036,0.015073
NEXUS-5035,0.021781
NEXUS-5034,0.023153
NEXUS-5033,0.065366
NEXUS-5032,0.024423
NEXUS-5031,0.553988
NEXUS-5030,0.827828
NEXUS-5029,0.42656
NEXUS-5028,0.198996
NEXUS-5027,0.753467
NEXUS-5026,0.020804
NEXUS-5025,0.029535
NEXUS-5024,0.016277
NEXUS-5023,0.008644
NEXUS-5022,0.026557
NEXUS-5021,0.036494
NEXUS-5020,0.026964
NEXUS-5019,0.020177
NEXUS-5018,0.024054
NEXUS-5017,0.856332
NEXUS-5016,0.039639
NEXUS-5015,0.044349
NEXUS-5014,0.023331
NEXUS-5013,0.843895
NEXUS-5012,0.020023
NEXUS-5011,0.009634
NEXUS-5009,0.129403
NEXUS-5008,0.010902
NEXUS-5007,0.658692
NEXUS-5006,0.043043
NEXUS-5005,0.305387
NEXUS-5004,0.200245
NEXUS-5003,0.257392
NEXUS-5002,0.257018
NEXUS-5001,0.028008
NEXUS-5000,0.023153
NEXUS-4999,0.530723
NEXUS-4998,0.012241
NEXUS-4997,0.05921
NEXUS-4996,0.019569
NEXUS-4995,0.06804
NEXUS-4994,0.194368
NEXUS-4993,0.123366
NEXUS-4992,0.086016
NEXUS-4991,0.198685
NEXUS-4990,0.024988
NEXUS-4989,0.141281
NEXUS-4988,0.057071
NEXUS-4987,0.108189
NEXUS-4986,0.86293
NEXUS-4985,0.021125
NEXUS-4984,0.014842
NEXUS-4983,0.017045
NEXUS-4981,0.020489
NEXUS-4980,0.013637
NEXUS-4979,0.02461
NEXUS-4978,0.033086
NEXUS-4977,0.024988
NEXUS-4976,0.390243
NEXUS-4975,0.530723
NEXUS-4974,0.014282
NEXUS-4973,0.586523
NEXUS-4972,0.123789
NEXUS-4971,0.802556
NEXUS-4970,0.019569
NEXUS-4969,0.019569
NEXUS-4968,0.020489
NEXUS-4967,0.875361
NEXUS-4966,0.011961
NEXUS-4965,0.265309
NEXUS-4964,0.265309
NEXUS-4963,0.01302
NEXUS-4962,0.64887
NEXUS-4961,0.808672
NEXUS-4960,0.828384
NEXUS-4959,0.322313
NEXUS-4958,0.022117
NEXUS-4957,0.012241
NEXUS-4956,0.021781
NEXUS-4955,0.016403
NEXUS-4954,0.062331
NEXUS-4953,0.034881
NEXUS-4952,0.020964
NEXUS-4951,0.021948
NEXUS-4950,0.009708
NEXUS-4949,0.016403
NEXUS-4948,0.016785
NEXUS-4947,0.013956
NEXUS-4946,0.028871
NEXUS-4945,0.018405
NEXUS-4943,0.948537
NEXUS-4942,0.703142
NEXUS-4941,0.741674
NEXUS-4940,0.031144
NEXUS-4939,0.054601
NEXUS-4938,0.031144
NEXUS-4937,0.017045
NEXUS-4936,0.249996
NEXUS-4935,0.229881
NEXUS-4934,0.058346
NEXUS-4933,0.018833
NEXUS-4932,0.029091
NEXUS-4931,0.034619
NEXUS-4930,0.032344
NEXUS-4929,0.040238
NEXUS-4928,0.025371
NEXUS-4927,0.00986
NEXUS-4926,0.035145
NEXUS-4925,0.023153
NEXUS-4924,0.017442
NEXUS-4923,0.030909
NEXUS-4922,0.027585
NEXUS-4921,0.029987
NEXUS-4920,0.13569
NEXUS-4919,0.019719
NEXUS-4918,0.025371
NEXUS-4917,0.926835
NEXUS-4916,0.037892
NEXUS-4915,0.693473
NEXUS-4914,0.031859
NEXUS-4913,0.415847
NEXUS-4912,0.084795
NEXUS-4911,0.020804
NEXUS-4910,0.014616
NEXUS-4909,0.869715
NEXUS-4908,0.031144
NEXUS-4907,0.707809
NEXUS-4906,0.324858
NEXUS-4905,0.012241
NEXUS-4904,0.025565
NEXUS-4903,0.271831
NEXUS-4902,0.014064
NEXUS-4901,0.067301
NEXUS-4900,0.015544
NEXUS-4898,0.053403
NEXUS-4897,0.012241
NEXUS-4895,0.048137
NEXUS-4894,0.048496
NEXUS-4893,0.014616
NEXUS-4892,0.07343
NEXUS-4891,0.118793
NEXUS-4890,0.201499
NEXUS-4889,0.348368
NEXUS-4888,0.604866
NEXUS-4887,0.240953
NEXUS-4886,0.283186
NEXUS-4885,0.015189
NEXUS-4883,0.030676
NEXUS-4882,0.022803
NEXUS-4881,0.825027
NEXUS-4880,0.014729
NEXUS-4879,0.058993
NEXUS-4878,0.039937
NEXUS-4877,0.014172
NEXUS-4876,0.013849
NEXUS-4875,0.013637
NEXUS-4873,0.008188
NEXUS-4872,0.517083
NEXUS-4871,0.084191
NEXUS-4870,0.029091
NEXUS-4869,0.303835
NEXUS-4868,0.017849
NEXUS-4867,0.009055
NEXUS-4866,0.026355
NEXUS-4865,0.846451
NEXUS-4864,0.045692
NEXUS-4863,0.030444
NEXUS-4862,0.017309
NEXUS-4860,0.016029
NEXUS-4859,0.036494
NEXUS-4857,0.498047
NEXUS-4855,0.162646
NEXUS-4854,0.010818
NEXUS-4853,0.007121
NEXUS-4852,0.019419
NEXUS-4851,0.304869
NEXUS-4850,0.017309
NEXUS-4849,0.018833
NEXUS-4848,0.034881
NEXUS-4847,0.72952
NEXUS-4846,0.022977
NEXUS-4845,0.478529
NEXUS-4844,0.556641
NEXUS-4843,0.478041
NEXUS-4842,0.518059
NEXUS-4840,0.013956
NEXUS-4839,0.010987
NEXUS-4838,0.014504
NEXUS-4837,0.015906
NEXUS-4836,0.013325
NEXUS-4835,0.012821
NEXUS-4834,0.894421
NEXUS-4832,0.019271
NEXUS-4831,0.019124
NEXUS-4830,0.020804
NEXUS-4829,0.022803
NEXUS-4828,0.010014
NEXUS-4827,0.010014
NEXUS-4826,0.60288
NEXUS-4825,0.010735
NEXUS-4824,0.015073
NEXUS-4823,0.026156
NEXUS-4822,0.70416
NEXUS-4821,0.020023
NEXUS-4820,0.023871
NEXUS-4818,0.469764
NEXUS-4817,0.007121
NEXUS-4815,0.58166
NEXUS-4814,0.011072
NEXUS-4813,0.017712
NEXUS-4812,0.02976
NEXUS-4811,0.037892
NEXUS-4810,0.152537
NEXUS-4809,0.032344
NEXUS-4807,0.035948
NEXUS-4806,0.871037
NEXUS-4805,0.042088
NEXUS-4804,0.024423
NEXUS-4803,0.00659
NEXUS-4802,0.013428
NEXUS-4801,0.022803
NEXUS-4800,0.029535
NEXUS-4799,0.00934
NEXUS-4798,0.233706
NEXUS-4797,0.011778
NEXUS-4796,0.023509
NEXUS-4795,0.775605
NEXUS-4794,0.379148
NEXUS-4793,0.026156
NEXUS-4792,0.926835
NEXUS-4791,0.421314
NEXUS-4790,0.045692
NEXUS-4789,0.03138
NEXUS-4788,0.022286
NEXUS-4787,0.828384
NEXUS-4786,0.108566
NEXUS-4785,0.024054
NEXUS-4784,0.016029
NEXUS-4783,0.004982
NEXUS-4782,0.54698
NEXUS-4781,0.016153
NEXUS-4780,0.019271
NEXUS-4779,0.017577
NEXUS-4778,0.016657
NEXUS-4777,0.016153
NEXUS-4776,0.015544
NEXUS-4775,0.080069
NEXUS-4774,0.050705
NEXUS-4773,0.025957
NEXUS-4772,0.948537
NEXUS-4771,0.019419
NEXUS-4770,0.023509
NEXUS-4769,0.138462
NEXUS-4768,0.011072
NEXUS-4767,0.028871
NEXUS-4766,0.020804
NEXUS-4765,0.913677
NEXUS-4764,0.024988
NEXUS-4763,0.05301
NEXUS-4762,0.017712
NEXUS-4760,0.011245
NEXUS-4759,0.013849
NEXUS-4758,0.036769
NEXUS-4756,0.810179
NEXUS-4755,0.947381
NEXUS-4754,0.011778
NEXUS-4753,0.697094
NEXUS-4752,0.553988
NEXUS-4751,0.013325
NEXUS-4750,0.019719
NEXUS-4749,0.017177
NEXUS-4748,0.03359
NEXUS-4747,0.326567
NEXUS-4746,0.024238
NEXUS-4745,0.875361
NEXUS-4744,0.027796
NEXUS-4743,0.017309
NEXUS-4742,0.034359
NEXUS-4741,0.031144
NEXUS-4740,0.016403
NEXUS-4739,0.016153
NEXUS-4738,0.013637
NEXUS-4737,0.351311
NEXUS-4736,0.014392
NEXUS-4735,0.018405
NEXUS-4734,0.01142
NEXUS-4733,0.038178
NEXUS-4732,0.039639
NEXUS-4731,0.510741
NEXUS-4730,0.16132
NEXUS-4728,0.056652
NEXUS-4727,0.017849
NEXUS-4726,0.921358
NEXUS-4725,0.045016
NEXUS-4724,0.504883
NEXUS-4723,0.949669
NEXUS-4722,0.108945
NEXUS-4721,0.01057
NEXUS-4720,0.77081
NEXUS-4719,0.029091
NEXUS-4716,0.012147
NEXUS-4715,0.033086
NEXUS-4714,0.020804
NEXUS-4713,0.014616
NEXUS-4712,0.676085
NEXUS-4711,0.013532
NEXUS-4710,0.917893
NEXUS-4709,0.038466
NEXUS-4708,0.406155
NEXUS-4707,0.571049
NEXUS-4706,0.025761
NEXUS-4705,0.016277
NEXUS-4704,0.013532
NEXUS-4703,0.026557
NEXUS-4702,0.730482
NEXUS-4701,0.780662
NEXUS-4700,0.015189
NEXUS-4699,0.016657
NEXUS-4698,0.949669
NEXUS-4697,0.03138
NEXUS-4696,0.091707
NEXUS-4695,0.117167
NEXUS-4694,0.320183
NEXUS-4693,0.401923
NEXUS-4692,0.860604
NEXUS-4691,0.022629
NEXUS-4690,0.023331
NEXUS-4689,0.939471
NEXUS-4688,0.198375
NEXUS-4684,0.012821
NEXUS-4683,0.049222
NEXUS-4682,0.918187
NEXUS-4681,0.014957
NEXUS-4680,0.017986
NEXUS-4679,0.009055
NEXUS-4678,0.026964
NEXUS-4677,0.613063
NEXUS-4676,0.095349
NEXUS-4675,0.017177
NEXUS-4674,0.00934
NEXUS-4673,0.084795
NEXUS-4672,0.051083
NEXUS-4671,0.033337
NEXUS-4670,0.867485
NEXUS-4669,0.018833
NEXUS-4668,0.747247
NEXUS-4667,0.076408
NEXUS-4662,0.019271
NEXUS-4661,0.022457
NEXUS-4660,0.902266
NEXUS-4659,0.0538
NEXUS-4658,0.013532
NEXUS-4657,0.531209
NEXUS-4656,0.016029
NEXUS-4655,0.022629
NEXUS-4654,0.011961
NEXUS-4653,0.02976
NEXUS-4652,0.939913
NEXUS-4651,0.365457
NEXUS-4650,0.950778
NEXUS-4649,0.028871
NEXUS-4648,0.017986
NEXUS-4647,0.303422
NEXUS-4646,0.750553
NEXUS-4645,0.012432
NEXUS-4644,0.210766
NEXUS-4643,0.021948
NEXUS-4642,0.009268
NEXUS-4641,0.029091
NEXUS-4640,0.032101
NEXUS-4639,0.011778
NEXUS-4638,0.016277
NEXUS-4637,0.019124
NEXUS-4636,0.942082
NEXUS-4635,0.376967
NEXUS-4634,0.007461
NEXUS-4633,0.040238
NEXUS-4632,0.094678
NEXUS-4631,0.178383
NEXUS-4630,0.2763
NEXUS-4629,0.013325
NEXUS-4628,0.609989
NEXUS-4627,0.927888
NEXUS-4626,0.019871
NEXUS-4625,0.92523
NEXUS-4624,0.021615
NEXUS-4623,0.012625
NEXUS-4622,0.009413
NEXUS-4621,0.831143
NEXUS-4619,0.903975
NEXUS-4618,0.92079
NEXUS-4617,0.006904
NEXUS-4616,0.042404
NEXUS-4614,0.029312
NEXUS-4613,0.783326
NEXUS-4612,0.740925
NEXUS-4611,0.019419
NEXUS-4610,0.013742
NEXUS-4609,0.018978
NEXUS-4605,0.904987
NEXUS-4604,0.575588
NEXUS-4603,0.397704
NEXUS-4602,0.03622
NEXUS-4601,0.861538
NEXUS-4600,0.024238
NEXUS-4599,0.011597
NEXUS-4598,0.016915
NEXUS-4597,0.015425
NEXUS-4596,0.016915
NEXUS-4595,0.037609
NEXUS-4594,0.018264
NEXUS-4593,0.030676
NEXUS-4592,0.721547
NEXUS-4591,0.018978
NEXUS-4590,0.012432
NEXUS-4589,0.017177
NEXUS-4588,0.018978
NEXUS-4587,0.761361
NEXUS-4586,0.017849
NEXUS-4585,0.009197
NEXUS-4584,0.114765
NEXUS-4583,0.007696
NEXUS-4582,0.151529
NEXUS-4581,0.011245
NEXUS-4580,0.755276
NEXUS-4579,0.57821
NEXUS-4578,0.067793
NEXUS-4577,0.017045
NEXUS-4576,0.038178
NEXUS-4575,0.019569
NEXUS-4574,0.026156
NEXUS-4573,0.784979
NEXUS-4571,0.823328
NEXUS-4570,0.018689
NEXUS-4569,0.522446
NEXUS-4568,0.013849
NEXUS-4567,0.021781
NEXUS-4566,0.024988
NEXUS-4565,0.015544
NEXUS-4564,0.014282
NEXUS-4563,0.013325
NEXUS-4562,0.018833
NEXUS-4560,0.020023
NEXUS-4559,0.896976
NEXUS-4558,0.016657
NEXUS-4557,0.060752
NEXUS-4556,0.775265
NEXUS-4555,0.866585
NEXUS-4554,0.020489
NEXUS-4553,0.027585
NEXUS-4552,0.024423
NEXUS-4551,0.016403
NEXUS-4550,0.014842
NEXUS-4549,0.022977
NEXUS-4548,0.021615
NEXUS-4547,0.00986
NEXUS-4546,0.01302
NEXUS-4545,0.020332
NEXUS-4544,0.889144
NEXUS-4543,0.016029
NEXUS-4542,0.120853
NEXUS-4541,0.023689
NEXUS-4540,0.033086
NEXUS-4539,0.067301
NEXUS-4538,0.026759
NEXUS-4537,0.023689
NEXUS-4536,0.020964
NEXUS-4535,0.658692
NEXUS-4534,0.017849
NEXUS-4533,0.015073
NEXUS-4532,0.0341
NEXUS-4531,0.023153
NEXUS-4530,0.013223
NEXUS-4529,0.026156
NEXUS-4528,0.037609
NEXUS-4527,0.857768
NEXUS-4526,0.017309
NEXUS-4524,0.485844
NEXUS-4523,0.398758
NEXUS-4522,0.055005
NEXUS-4521,0.032344
NEXUS-4520,0.014172
NEXUS-4519,0.015073
NEXUS-4518,0.019124
NEXUS-4517,0.023689
NEXUS-4516,0.060752
NEXUS-4515,0.023871
NEXUS-4514,0.896976
NEXUS-4513,0.01653
NEXUS-4512,0.139396
NEXUS-4511,0.057918
NEXUS-4510,0.228135
NEXUS-4509,0.049222
NEXUS-4508,0.851459
NEXUS-4507,0.020023
NEXUS-4506,0.016785
NEXUS-4505,0.029987
NEXUS-4504,0.020332
NEXUS-4503,0.827271
NEXUS-4502,0.034619
NEXUS-4501,0.015425
NEXUS-4500,0.643385
NEXUS-4499,0.022457
NEXUS-4498,0.79053
NEXUS-4497,0.018125
NEXUS-4494,0.019124
NEXUS-4493,0.226612
NEXUS-4492,0.468304
NEXUS-4491,0.010328
NEXUS-4490,0.01057
NEXUS-4489,0.657181
NEXUS-4488,0.033844
NEXUS-4487,0.030215
NEXUS-4486,0.024988
NEXUS-4485,0.010014
NEXUS-4484,0.025179
NEXUS-4483,0.030444
NEXUS-4482,0.848972
NEXUS-4481,0.889912
NEXUS-4480,0.023331
NEXUS-4479,0.71721
NEXUS-4478,0.151278
NEXUS-4477,0.015785
NEXUS-4476,0.02976
NEXUS-4475,0.013849
NEXUS-4474,0.024423
NEXUS-4473,0.018125
NEXUS-4472,0.020964
NEXUS-4471,0.020023
NEXUS-4470,0.017712
NEXUS-4469,0.056444
NEXUS-4468,0.21305
NEXUS-4467,0.015906
NEXUS-4466,0.023153
NEXUS-4465,0.013121
NEXUS-4464,0.027169
NEXUS-4463,0.030215
NEXUS-4462,0.040238
NEXUS-4461,0.027376
NEXUS-4460,0.017309
NEXUS-4459,0.013428
NEXUS-4458,0.115162
NEXUS-4457,0.024423
NEXUS-4456,0.016785
NEXUS-4455,0.018405
NEXUS-4454,0.010489
NEXUS-4453,0.014504
NEXUS-4452,0.521715
NEXUS-4451,0.583915
NEXUS-4450,0.54359
NEXUS-4449,0.665519
NEXUS-4448,0.014842
NEXUS-4447,0.060529
NEXUS-4446,0.465873
NEXUS-4445,0.014172
NEXUS-4444,0.012625
NEXUS-4443,0.912436
NEXUS-4442,0.02976
NEXUS-4441,0.017712
NEXUS-4440,0.013428
NEXUS-4439,0.067793
NEXUS-4438,0.012241
NEXUS-4437,0.021948
NEXUS-4436,0.343892
NEXUS-4435,0.041774
NEXUS-4434,0.028653
NEXUS-4433,0.892187
NEXUS-4432,0.946597
NEXUS-4431,0.022977
NEXUS-4429,0.019124
NEXUS-4428,0.273477
NEXUS-4427,0.787605
NEXUS-4426,0.020489
NEXUS-4425,0.012336
NEXUS-4424,0.017309
NEXUS-4423,0.862004
NEXUS-4422,0.014842
NEXUS-4420,0.027585
NEXUS-4419,0.019124
NEXUS-4418,0.012821
NEXUS-4417,0.029091
NEXUS-4416,0.0538
NEXUS-4415,0.010249
NEXUS-4414,0.017712
NEXUS-4413,0.017849
NEXUS-4412,0.276007
NEXUS-4411,0.283781
NEXUS-4410,0.033844
NEXUS-4409,0.844922
NEXUS-4408,0.182717
NEXUS-4407,0.383872
NEXUS-4406,0.798187
NEXUS-4405,0.894421
NEXUS-4404,0.942507
NEXUS-4402,0.758153
NEXUS-4401,0.698432
NEXUS-4400,0.738292
NEXUS-4399,0.594316
NEXUS-4398,0.022629
NEXUS-4397,0.549399
NEXUS-4396,0.761006
NEXUS-4395,0.016277
NEXUS-4394,0.349488
NEXUS-4393,0.016277
NEXUS-4392,0.010014
NEXUS-4391,0.011158
NEXUS-4390,0.011778
NEXUS-4389,0.01302
NEXUS-4388,0.019124
NEXUS-4387,0.014616
NEXUS-4386,0.017442
NEXUS-4385,0.007346
NEXUS-4384,0.005911
NEXUS-4383,0.015906
NEXUS-4382,0.024423
NEXUS-4381,0.011778
NEXUS-4380,0.013325
NEXUS-4379,0.028653
NEXUS-4378,0.027376
NEXUS-4377,0.011687
NEXUS-4376,0.013849
NEXUS-4375,0.011508
NEXUS-4374,0.007461
NEXUS-4373,0.760651
NEXUS-4372,0.025371
NEXUS-4371,0.017177
NEXUS-4370,0.024423
NEXUS-4369,0.020964
NEXUS-4368,0.010328
NEXUS-4365,0.011245
NEXUS-4364,0.007346
NEXUS-4363,0.005555
NEXUS-4362,0.046378
NEXUS-4361,0.021781
NEXUS-4360,0.023153
NEXUS-4359,0.087876
NEXUS-4358,0.035679
NEXUS-4357,0.774924
NEXUS-4356,0.027376
NEXUS-4355,0.013428
NEXUS-4354,0.010653
NEXUS-4353,0.177526
NEXUS-4352,0.047074
NEXUS-4351,0.136608
NEXUS-4350,0.489748
NEXUS-4349,0.023331
NEXUS-4348,0.0341
NEXUS-4347,0.010328
NEXUS-4346,0.045353
NEXUS-4345,0.076408
NEXUS-4344,0.054601
NEXUS-4343,0.36591
NEXUS-4342,0.346818
NEXUS-4341,0.064418
NEXUS-4340,0.779658
NEXUS-4339,0.066327
NEXUS-4338,0.105579
NEXUS-4337,0.878731
NEXUS-4336,0.042722
NEXUS-4335,0.046725
NEXUS-4334,0.042404
NEXUS-4333,0.048858
NEXUS-4332,0.022977
NEXUS-4331,0.418222
NEXUS-4330,0.015425
NEXUS-4329,0.027585
NEXUS-4328,0.038756
NEXUS-4327,0.017849
NEXUS-4326,0.453746
NEXUS-4325,0.020804
NEXUS-4324,0.026557
NEXUS-4323,0.013325
NEXUS-4322,0.065128
NEXUS-4321,0.025957
NEXUS-4320,0.016657
NEXUS-4319,0.01653
NEXUS-4318,0.038178
NEXUS-4317,0.493653
NEXUS-4316,0.703957
NEXUS-4315,0.802556
NEXUS-4314,0.886813
NEXUS-4313,0.68056
NEXUS-4312,0.0538
NEXUS-4311,0.016277
NEXUS-4310,0.236516
NEXUS-4309,0.014729
NEXUS-4308,0.026964
NEXUS-4307,0.679285
NEXUS-4306,0.018833
NEXUS-4305,0.435902
NEXUS-4304,0.131619
NEXUS-4303,0.858244
NEXUS-4302,0.211743
NEXUS-4301,0.757077
NEXUS-4300,0.923592
NEXUS-4299,0.029312
NEXUS-4297,0.035145
NEXUS-4296,0.884039
NEXUS-4295,0.899475
NEXUS-4294,0.020023
NEXUS-4293,0.502441
NEXUS-4292,0.232659
NEXUS-4291,0.048496
NEXUS-4290,0.040541
NEXUS-4288,0.007461
NEXUS-4287,0.017177
NEXUS-4286,0.015664
NEXUS-4285,0.064418
NEXUS-4284,0.00986
NEXUS-4282,0.007233
NEXUS-4281,0.015785
NEXUS-4280,0.793106
NEXUS-4278,0.038178
NEXUS-4277,0.015306
NEXUS-4276,0.025179
NEXUS-4275,0.009197
NEXUS-4274,0.010489
NEXUS-4273,0.017712
NEXUS-4272,0.0341
NEXUS-4271,0.015189
NEXUS-4270,0.007816
NEXUS-4269,0.617282
NEXUS-4268,0.052231
NEXUS-4267,0.013956
NEXUS-4266,0.783988
NEXUS-4265,0.021781
NEXUS-4264,0.026156
NEXUS-4263,0.066812
NEXUS-4262,0.040238
NEXUS-4261,0.025761
NEXUS-4260,0.006693
NEXUS-4259,0.019569
NEXUS-4258,0.021125
NEXUS-4257,0.014957
NEXUS-4256,0.951142
NEXUS-4255,0.015785
NEXUS-4254,0.697403
NEXUS-4253,0.484868
NEXUS-4252,0.019271
NEXUS-4251,0.031619
NEXUS-4250,0.013849
NEXUS-4249,0.014172
NEXUS-4248,0.051083
NEXUS-4247,0.026355
NEXUS-4246,0.036769
NEXUS-4245,0.120439
NEXUS-4244,0.011072
NEXUS-4243,0.675122
NEXUS-4242,0.91181
NEXUS-4241,0.011961
NEXUS-4240,0.024988
NEXUS-4239,0.020332
NEXUS-4238,0.013325
NEXUS-4237,0.023871
NEXUS-4236,0.017309
NEXUS-4235,0.877477
NEXUS-4234,0.0341
NEXUS-4233,0.261708
NEXUS-4232,0.921922
NEXUS-4231,0.018547
NEXUS-4230,0.019124
NEXUS-4229,0.020332
NEXUS-4228,0.028871
NEXUS-4227,0.373647
NEXUS-4226,0.027796
NEXUS-4225,0.017986
NEXUS-4224,0.081813
NEXUS-4223,0.012147
NEXUS-4221,0.023153
NEXUS-4220,0.017309
NEXUS-4219,0.025957
NEXUS-4218,0.846451
NEXUS-4217,0.011961
NEXUS-4216,0.013849
NEXUS-4215,0.020023
NEXUS-4214,0.022286
NEXUS-4213,0.008446
NEXUS-4211,0.013532
NEXUS-4209,0.023509
NEXUS-4208,0.030909
NEXUS-4207,0.171616
NEXUS-4206,0.150029
NEXUS-4205,0.798187
NEXUS-4204,0.339417
NEXUS-4203,0.034619
NEXUS-4202,0.01017
NEXUS-4201,0.027585
NEXUS-4200,0.417746
NEXUS-4199,0.030444
NEXUS-4198,0.034881
NEXUS-4197,0.006693
NEXUS-4196,0.00659
NEXUS-4195,0.035948
NEXUS-4194,0.01653
NEXUS-4193,0.012147
NEXUS-4192,0.0341
NEXUS-4191,0.749821
NEXUS-4190,0.771155
NEXUS-4189,0.015425
NEXUS-4188,0.025179
NEXUS-4186,0.095013
NEXUS-4185,0.01057
NEXUS-4184,0.018125
NEXUS-4183,0.67346
NEXUS-4182,0.015785
NEXUS-4181,0.58818
NEXUS-4180,0.822189
NEXUS-4179,0.833325
NEXUS-4178,0.123366
NEXUS-4177,0.022286
NEXUS-4176,0.012723
NEXUS-4175,0.055618
NEXUS-4174,0.783658
NEXUS-4173,0.026355
NEXUS-4172,0.746509
NEXUS-4171,0.017849
NEXUS-4170,0.016657
NEXUS-4169,0.017849
NEXUS-4168,0.018547
NEXUS-4166,0.01057
NEXUS-4165,0.021948
NEXUS-4164,0.015189
NEXUS-4163,0.010408
NEXUS-4162,0.060752
NEXUS-4161,0.009197
NEXUS-4160,0.065605
NEXUS-4159,0.010735
NEXUS-4158,0.035679
NEXUS-4157,0.013742
NEXUS-4155,0.010987
NEXUS-4154,0.524638
NEXUS-4153,0.025371
NEXUS-4152,0.014729
NEXUS-4151,0.021287
NEXUS-4150,0.008916
NEXUS-4149,0.017045
NEXUS-4148,0.030215
NEXUS-4147,0.016403
NEXUS-4146,0.01653
NEXUS-4145,0.029312
NEXUS-4144,0.029987
NEXUS-4143,0.028221
NEXUS-4142,0.016403
NEXUS-4141,0.01057
NEXUS-4140,0.009559
NEXUS-4139,0.015544
NEXUS-4138,0.012625
NEXUS-4137,0.007233
NEXUS-4136,0.018978
NEXUS-4135,0.011508
NEXUS-4134,0.016403
NEXUS-4133,0.45181
NEXUS-4132,0.021615
NEXUS-4131,0.854399
NEXUS-4130,0.231614
NEXUS-4129,0.010328
NEXUS-4128,0.014504
NEXUS-4127,0.185652
NEXUS-4126,0.018689
NEXUS-4125,0.011158
NEXUS-4124,0.048858
NEXUS-4123,0.010328
NEXUS-4122,0.011332
NEXUS-4121,0.035679
NEXUS-4120,0.037892
NEXUS-4119,0.012147
NEXUS-4118,0.025761
NEXUS-4117,0.017442
NEXUS-4116,0.015073
NEXUS-4115,0.023331
NEXUS-4114,0.066569
NEXUS-4113,0.019271
NEXUS-4112,0.02976
NEXUS-4111,0.019569
NEXUS-4110,0.009634
NEXUS-4109,0.014282
NEXUS-4108,0.010014
NEXUS-4107,0.019271
NEXUS-4106,0.015785
NEXUS-4105,0.014504
NEXUS-4104,0.009486
NEXUS-4103,0.017849
NEXUS-4102,0.008779
NEXUS-4101,0.03259
NEXUS-4100,0.016915
NEXUS-4099,0.019271
NEXUS-4098,0.012054
NEXUS-4096,0.014957
NEXUS-4095,0.013742
NEXUS-4094,0.039048
NEXUS-4093,0.005385
NEXUS-4092,0.025371
NEXUS-4091,0.007346
NEXUS-4090,0.020804
NEXUS-4089,0.013325
NEXUS-4088,0.018405
NEXUS-4087,0.015425
NEXUS-4086,0.022117
NEXUS-4085,0.023871
NEXUS-4084,0.023871
NEXUS-4083,0.013637
NEXUS-4082,0.016403
NEXUS-4081,0.013849
NEXUS-4080,0.027376
NEXUS-4079,0.012432
NEXUS-4078,0.079496
NEXUS-4077,0.009486
NEXUS-4076,0.015425
NEXUS-4074,0.023871
NEXUS-4073,0.013223
NEXUS-4072,0.024238
NEXUS-4071,0.015189
NEXUS-4070,0.025565
NEXUS-4069,0.014842
NEXUS-4068,0.024798
NEXUS-4067,0.021948
NEXUS-4066,0.479991
NEXUS-4065,0.525856
NEXUS-4064,0.013637
NEXUS-4063,0.022977
NEXUS-4062,0.018978
NEXUS-4061,0.042722
NEXUS-4060,0.011961
NEXUS-4058,0.049959
NEXUS-4057,0.033086
NEXUS-4056,0.016785
NEXUS-4055,0.022457
NEXUS-4054,0.017712
NEXUS-4053,0.718594
NEXUS-4052,0.311505
NEXUS-4051,0.010328
NEXUS-4050,0.010735
NEXUS-4049,0.033086
NEXUS-4048,0.011072
NEXUS-4047,0.00838
NEXUS-4046,0.030676
NEXUS-4045,0.732209
NEXUS-4044,0.007577
NEXUS-4043,0.025761
NEXUS-4042,0.014616
NEXUS-4041,0.028221
NEXUS-4040,0.017309
NEXUS-4039,0.015073
NEXUS-4038,0.021781
NEXUS-4037,0.020332
NEXUS-4036,0.017442
NEXUS-4035,0.005469
NEXUS-4034,0.020177
NEXUS-4033,0.020489
NEXUS-4032,0.008062
NEXUS-4031,0.009634
NEXUS-4030,0.882022
NEXUS-4028,0.706038
NEXUS-4027,0.761006
NEXUS-4026,0.027169
NEXUS-4025,0.048137
NEXUS-4023,0.00514
NEXUS-4022,0.018833
NEXUS-4021,0.065845
NEXUS-4020,0.041462
NEXUS-4019,0.010489
NEXUS-4018,0.019871
NEXUS-4016,0.013428
NEXUS-4015,0.066085
NEXUS-4014,0.026557
NEXUS-4013,0.034881
NEXUS-4012,0.039343
NEXUS-4011,0.928409
NEXUS-4010,0.010328
NEXUS-4009,0.007938
NEXUS-4008,0.0341
NEXUS-4007,0.065845
NEXUS-4006,0.040541
NEXUS-4005,0.015544
NEXUS-4004,0.942082
NEXUS-4003,0.012723
NEXUS-4002,0.05301
NEXUS-4001,0.07343
NEXUS-4000,0.280025
NEXUS-3999,0.072112
NEXUS-3998,0.034881
NEXUS-3997,0.011245
NEXUS-3996,0.008916
NEXUS-3995,0.226784
NEXUS-3994,0.029535
NEXUS-3993,0.016657
NEXUS-3992,0.015189
NEXUS-3990,0.08152
NEXUS-3989,0.045353
NEXUS-3988,0.277669
NEXUS-3987,0.101589
NEXUS-3986,0.024054
NEXUS-3985,0.176104
NEXUS-3984,0.212395
NEXUS-3982,0.036494
NEXUS-3981,0.038756
NEXUS-3980,0.624523
NEXUS-3979,0.930962
NEXUS-3978,0.016785
NEXUS-3977,0.715821
NEXUS-3976,0.027796
NEXUS-3975,0.024423
NEXUS-3974,0.014957
NEXUS-3973,0.627209
NEXUS-3972,0.032101
NEXUS-3971,0.01653
NEXUS-3970,0.013532
NEXUS-3969,0.013849
NEXUS-3968,0.016403
NEXUS-3967,0.009559
NEXUS-3966,0.011778
NEXUS-3965,0.016915
NEXUS-3964,0.831691
NEXUS-3963,0.115162
NEXUS-3962,0.037047
NEXUS-3961,0.793746
NEXUS-3960,0.926835
NEXUS-3959,0.381335
NEXUS-3958,0.739986
NEXUS-3957,0.048137
NEXUS-3955,0.080069
NEXUS-3954,0.323353
NEXUS-3953,0.076684
NEXUS-3952,0.305387
NEXUS-3951,0.025957
NEXUS-3950,0.714827
NEXUS-3949,0.054601
NEXUS-3948,0.504394
NEXUS-3947,0.116362
NEXUS-3946,0.676834
NEXUS-3945,0.640369
NEXUS-3944,0.827828
NEXUS-3943,0.017442
NEXUS-3942,0.256832
NEXUS-3941,0.213705
NEXUS-3940,0.07836
NEXUS-3939,0.011687
NEXUS-3937,0.009936
NEXUS-3936,0.014729
NEXUS-3935,0.043691
NEXUS-3934,0.022457
NEXUS-3933,0.044349
NEXUS-3932,0.417034
NEXUS-3931,0.024238
NEXUS-3930,0.014282
NEXUS-3929,0.014729
NEXUS-3928,0.293303
NEXUS-3927,0.5083
NEXUS-3926,0.796292
NEXUS-3925,0.024423
NEXUS-3924,0.022803
NEXUS-3923,0.012054
NEXUS-3922,0.022629
NEXUS-3921,0.015785
NEXUS-3920,0.011961
NEXUS-3919,0.774242
NEXUS-3918,0.598664
NEXUS-3917,0.018547
NEXUS-3915,0.01302
NEXUS-3913,0.716219
NEXUS-3912,0.019124
NEXUS-3911,0.018547
NEXUS-3910,0.024054
NEXUS-3909,0.007696
NEXUS-3908,0.043366
NEXUS-3907,0.051463
NEXUS-3905,0.088505
NEXUS-3904,0.056236
NEXUS-3903,0.019124
NEXUS-3902,0.046725
NEXUS-3901,0.025761
NEXUS-3900,0.022457
NEXUS-3899,0.132515
NEXUS-3898,0.120439
NEXUS-3897,0.304145
NEXUS-3896,0.891055
NEXUS-3895,0.903975
NEXUS-3894,0.018125
NEXUS-3893,0.017849
NEXUS-3885,0.901227
NEXUS-3883,0.03138
NEXUS-3882,0.022117
NEXUS-3881,0.056652
NEXUS-3880,0.641745
NEXUS-3879,0.021948
NEXUS-3878,0.013532
NEXUS-3877,0.014729
NEXUS-3876,0.177241
NEXUS-3875,0.841305
NEXUS-3874,0.013849
NEXUS-3873,0.896251
NEXUS-3872,0.015906
NEXUS-3871,0.019871
NEXUS-3870,0.012821
NEXUS-3869,0.150778
NEXUS-3868,0.101947
NEXUS-3867,0.75274
NEXUS-3866,0.045353
NEXUS-3865,0.701713
NEXUS-3864,0.395251
NEXUS-3863,0.779993
NEXUS-3862,0.888372
NEXUS-3861,0.843895
NEXUS-3860,0.772531
NEXUS-3859,0.010489
NEXUS-3858,0.020489
NEXUS-3857,0.015785
NEXUS-3856,0.923039
NEXUS-3855,0.518546
NEXUS-3854,0.079782
NEXUS-3853,0.523907
NEXUS-3852,0.044019
NEXUS-3851,0.069038
NEXUS-3850,0.014282
NEXUS-3849,0.349588
NEXUS-3848,0.772874
NEXUS-3847,0.789234
NEXUS-3846,0.008985
NEXUS-3845,0.58676
NEXUS-3844,0.056444
NEXUS-3843,0.012147
NEXUS-3842,0.023331
NEXUS-3841,0.021287
NEXUS-3840,0.032101
NEXUS-3839,0.065366
NEXUS-3838,0.014064
NEXUS-3837,0.017712
NEXUS-3836,0.044019
NEXUS-3835,0.018978
NEXUS-3833,0.928926
NEXUS-3832,0.060308
NEXUS-3831,0.740925
NEXUS-3830,0.082402
NEXUS-3829,0.032344
NEXUS-3828,0.01017
NEXUS-3827,0.011961
NEXUS-3825,0.015189
NEXUS-3824,0.011869
NEXUS-3823,0.02461
NEXUS-3822,0.695752
NEXUS-3821,0.016785
NEXUS-3820,0.016403
NEXUS-3819,0.590307
NEXUS-3818,0.013637
NEXUS-3817,0.081228
NEXUS-3816,0.876211
NEXUS-3815,0.079496
NEXUS-3814,0.030676
NEXUS-3813,0.007938
NEXUS-3812,0.011687
NEXUS-3811,0.636607
NEXUS-3810,0.899475
NEXUS-3809,0.019124
NEXUS-3808,0.016029
NEXUS-3807,0.01653
NEXUS-3806,0.136148
NEXUS-3805,0.076684
NEXUS-3804,0.022457
NEXUS-3803,0.018264
NEXUS-3802,0.036769
NEXUS-3801,0.544075
NEXUS-3800,0.80038
NEXUS-3799,0.015664
NEXUS-3798,0.014064
NEXUS-3797,0.01653
NEXUS-3796,0.009708
NEXUS-3795,0.010818
NEXUS-3794,0.00506
NEXUS-3793,0.023871
NEXUS-3792,0.014504
NEXUS-3791,0.014842
NEXUS-3790,0.017986
NEXUS-3789,0.320968
NEXUS-3788,0.008188
NEXUS-3787,0.021615
NEXUS-3786,0.721939
NEXUS-3785,0.023871
NEXUS-3784,0.010818
NEXUS-3783,0.806243
NEXUS-3782,0.925769
NEXUS-3781,0.008577
NEXUS-3780,0.011687
NEXUS-3779,0.042722
NEXUS-3778,0.007461
NEXUS-3777,0.011961
NEXUS-3776,0.019871
NEXUS-3775,0.009559
NEXUS-3774,0.325226
NEXUS-3773,0.009126
NEXUS-3772,0.014172
NEXUS-3771,0.006193
NEXUS-3770,0.019871
NEXUS-3769,0.013742
NEXUS-3768,0.008188
NEXUS-3767,0.006693
NEXUS-3766,0.048137
NEXUS-3765,0.767341
NEXUS-3764,0.007461
NEXUS-3763,0.014842
NEXUS-3762,0.009126
NEXUS-3761,0.645679
NEXUS-3760,0.014064
NEXUS-3759,0.750918
NEXUS-3758,0.026355
NEXUS-3757,0.053403
NEXUS-3756,0.008188
NEXUS-3755,0.020646
NEXUS-3754,0.006004
NEXUS-3753,0.008062
NEXUS-3752,0.009936
NEXUS-3751,0.008188
NEXUS-3750,0.032837
NEXUS-3749,0.131619
NEXUS-3748,0.024238
NEXUS-3747,0.882833
NEXUS-3746,0.017045
NEXUS-3745,0.844922
NEXUS-3744,0.020177
NEXUS-3743,0.017442
NEXUS-3742,0.382487
NEXUS-3741,0.037047
NEXUS-3740,0.043691
NEXUS-3739,0.009126
NEXUS-3738,0.027169
NEXUS-3737,0.012528
NEXUS-3736,0.039343
NEXUS-3735,0.014842
NEXUS-3734,0.641731
NEXUS-3733,0.014392
NEXUS-3732,0.685423
NEXUS-3731,0.023871
NEXUS-3730,0.020804
NEXUS-3729,0.031144
NEXUS-3728,0.016785
NEXUS-3726,0.02976
NEXUS-3725,0.681197
NEXUS-3724,0.620363
NEXUS-3723,0.032837
NEXUS-3722,0.009936
NEXUS-3721,0.013325
NEXUS-3720,0.122104
NEXUS-3719,0.010489
NEXUS-3717,0.715623
NEXUS-3716,0.908293
NEXUS-3715,0.645302
NEXUS-3714,0.830594
NEXUS-3713,0.012336
NEXUS-3711,0.012054
NEXUS-3710,0.045692
NEXUS-3709,0.900179
NEXUS-3707,0.020964
NEXUS-3706,0.015664
NEXUS-3705,0.027376
NEXUS-3704,0.067793
NEXUS-3703,0.016657
NEXUS-3702,0.00934
NEXUS-3701,0.020804
NEXUS-3700,0.027585
NEXUS-3699,0.785309
NEXUS-3698,0.020177
NEXUS-3697,0.864768
NEXUS-3695,0.036494
NEXUS-3694,0.022803
NEXUS-3693,0.018547
NEXUS-3692,0.517571
NEXUS-3691,0.504883
NEXUS-3690,0.735642
NEXUS-3689,0.520009
NEXUS-3688,0.009708
NEXUS-3687,0.014842
NEXUS-3686,0.014842
NEXUS-3685,0.008711
NEXUS-3684,0.026964
NEXUS-3683,0.299822
NEXUS-3682,0.035948
NEXUS-3681,0.026355
NEXUS-3680,0.014616
NEXUS-3679,0.011245
NEXUS-3678,0.00986
NEXUS-3677,0.283583
NEXUS-3676,0.013532
NEXUS-3675,0.201185
NEXUS-3674,0.014842
NEXUS-3673,0.071332
NEXUS-3672,0.023153
NEXUS-3671,0.023689
NEXUS-3670,0.278257
NEXUS-3669,0.010902
NEXUS-3668,0.652324
NEXUS-3667,0.023153
NEXUS-3666,0.009784
NEXUS-3665,0.031144
NEXUS-3664,0.018405
NEXUS-3663,0.00934
NEXUS-3662,0.008188
NEXUS-3661,0.005469
NEXUS-3660,0.015785
NEXUS-3659,0.566258
NEXUS-3658,0.03622
NEXUS-3657,0.666443
NEXUS-3656,0.051463
NEXUS-3655,0.011158
NEXUS-3654,0.047426
NEXUS-3653,0.023871
NEXUS-3652,0.019569
NEXUS-3651,0.013428
NEXUS-3650,0.011597
NEXUS-3649,0.043043
NEXUS-3648,0.0538
NEXUS-3647,0.037892
NEXUS-3646,0.018125
NEXUS-3645,0.014616
NEXUS-3644,0.471223
NEXUS-3643,0.611846
NEXUS-3642,0.408277
NEXUS-3641,0.017712
NEXUS-3640,0.022286
NEXUS-3639,0.852935
NEXUS-3638,0.034881
NEXUS-3637,0.010653
NEXUS-3636,0.036769
NEXUS-3635,0.66888
NEXUS-3634,0.022117
NEXUS-3633,0.021781
NEXUS-3631,0.016403
NEXUS-3630,0.04778
NEXUS-3629,0.013849
NEXUS-3628,0.016785
NEXUS-3627,0.726426
NEXUS-3626,0.193147
NEXUS-3625,0.01017
NEXUS-3624,0.029312
NEXUS-3623,0.014282
NEXUS-3622,0.028653
NEXUS-3621,0.014616
NEXUS-3620,0.01017
NEXUS-3619,0.019871
NEXUS-3618,0.064183
NEXUS-3617,0.011869
NEXUS-3616,0.349977
NEXUS-3615,0.117978
NEXUS-3614,0.011961
NEXUS-3613,0.015189
NEXUS-3612,0.118793
NEXUS-3611,0.037047
NEXUS-3610,0.174692
NEXUS-3609,0.155591
NEXUS-3608,0.013637
NEXUS-3607,0.602179
NEXUS-3606,0.827271
NEXUS-3605,0.022117
NEXUS-3604,0.053403
NEXUS-3603,0.021615
NEXUS-3602,0.009055
NEXUS-3601,0.014504
NEXUS-3600,0.03138
NEXUS-3598,0.217005
NEXUS-3597,0.071074
NEXUS-3596,0.717606
NEXUS-3595,0.023331
NEXUS-3594,0.014504
NEXUS-3593,0.013121
NEXUS-3592,0.028221
NEXUS-3591,0.943348
NEXUS-3590,0.008062
NEXUS-3589,0.016277
NEXUS-3588,0.043043
NEXUS-3587,0.774583
NEXUS-3586,0.085709
NEXUS-3585,0.139866
NEXUS-3584,0.016277
NEXUS-3583,0.116764
NEXUS-3582,0.376795
NEXUS-3581,0.026156
NEXUS-3580,0.011869
NEXUS-3579,0.011961
NEXUS-3578,0.012241
NEXUS-3577,0.035679
NEXUS-3576,0.019419
NEXUS-3575,0.132066
NEXUS-3574,0.014957
NEXUS-3573,0.0341
NEXUS-3571,0.389082
NEXUS-3570,0.016029
NEXUS-3569,0.017309
NEXUS-3568,0.005469
NEXUS-3567,0.018125
NEXUS-3566,0.029987
NEXUS-3565,0.249082
NEXUS-3564,0.023153
NEXUS-3563,0.015425
NEXUS-3562,0.017309
NEXUS-3561,0.015306
NEXUS-3560,0.019124
NEXUS-3559,0.011332
NEXUS-3558,0.007121
NEXUS-3557,0.461502
NEXUS-3556,0.39036
NEXUS-3555,0.779658
NEXUS-3554,0.640031
NEXUS-3553,0.010249
NEXUS-3552,0.033086
NEXUS-3551,0.742235
NEXUS-3550,0.047074
NEXUS-3549,0.008316
NEXUS-3548,0.877477
NEXUS-3547,0.039639
NEXUS-3546,0.018978
NEXUS-3545,0.017309
NEXUS-3544,0.014957
NEXUS-3543,0.016915
NEXUS-3542,0.009413
NEXUS-3541,0.830594
NEXUS-3540,0.00986
NEXUS-3539,0.012336
NEXUS-3538,0.013532
NEXUS-3537,0.027585
NEXUS-3536,0.00659
NEXUS-3535,0.027585
NEXUS-3534,0.010489
NEXUS-3533,0.009413
NEXUS-3532,0.015785
NEXUS-3531,0.026557
NEXUS-3529,0.020804
NEXUS-3528,0.021125
NEXUS-3527,0.029312
NEXUS-3526,0.017309
NEXUS-3525,0.031144
NEXUS-3524,0.023689
NEXUS-3523,0.04778
NEXUS-3522,0.468304
NEXUS-3521,0.009784
NEXUS-3520,0.780328
NEXUS-3519,0.012821
NEXUS-3518,0.033844
NEXUS-3517,0.281011
NEXUS-3516,0.015664
NEXUS-3515,0.523907
NEXUS-3513,0.909907
NEXUS-3512,0.013742
NEXUS-3511,0.053403
NEXUS-3510,0.018125
NEXUS-3509,0.020332
NEXUS-3508,0.783326
NEXUS-3507,0.010653
NEXUS-3506,0.056652
NEXUS-3505,0.013428
NEXUS-3504,0.242744
NEXUS-3503,0.365343
NEXUS-3502,0.326084
NEXUS-3501,0.02461
NEXUS-3500,0.015906
NEXUS-3499,0.014064
NEXUS-3498,0.043366
NEXUS-3496,0.761006
NEXUS-3495,0.022286
NEXUS-3494,0.027376
NEXUS-3493,0.16132
NEXUS-3492,0.013742
NEXUS-3491,0.907312
NEXUS-3489,0.885631
NEXUS-3488,0.219003
NEXUS-3487,0.018405
NEXUS-3485,0.016785
NEXUS-3484,0.01057
NEXUS-3483,0.018547
NEXUS-3482,0.022117
NEXUS-3481,0.007696
NEXUS-3480,0.069795
NEXUS-3479,0.248352
NEXUS-3478,0.013223
NEXUS-3477,0.861072
NEXUS-3476,0.731634
NEXUS-3475,0.036494
NEXUS-3474,0.029535
NEXUS-3473,0.046725
NEXUS-3472,0.800068
NEXUS-3471,0.026964
NEXUS-3470,0.01057
NEXUS-3469,0.059647
NEXUS-3468,0.418935
NEXUS-3467,0.463444
NEXUS-3466,0.041153
NEXUS-3465,0.092033
NEXUS-3464,0.867485
NEXUS-3463,0.354098
NEXUS-3462,0.070049
NEXUS-3461,0.026355
NEXUS-3460,0.010408
NEXUS-3459,0.063251
NEXUS-3458,0.334454
NEXUS-3457,0.724675
NEXUS-3456,0.014957
NEXUS-3455,0.010987
NEXUS-3454,0.012625
NEXUS-3453,0.024988
NEXUS-3452,0.058777
NEXUS-3451,0.059647
NEXUS-3450,0.030215
NEXUS-3449,0.019871
NEXUS-3448,0.016277
NEXUS-3447,0.105579
NEXUS-3446,0.017849
NEXUS-3445,0.018264
NEXUS-3444,0.033086
NEXUS-3443,0.008511
NEXUS-3442,0.091058
NEXUS-3441,0.015073
NEXUS-3440,0.014842
NEXUS-3439,0.007696
NEXUS-3438,0.016915
NEXUS-3437,0.683102
NEXUS-3436,0.01142
NEXUS-3435,0.816699
NEXUS-3434,0.022286
NEXUS-3433,0.016029
NEXUS-3432,0.012528
NEXUS-3431,0.021615
NEXUS-3430,0.019871
NEXUS-3429,0.011869
NEXUS-3428,0.020177
NEXUS-3427,0.012147
NEXUS-3426,0.314787
NEXUS-3425,0.035145
NEXUS-3424,0.015189
NEXUS-3423,0.737914
NEXUS-3422,0.870157
NEXUS-3421,0.019271
NEXUS-3420,0.012821
NEXUS-3419,0.915809
NEXUS-3418,0.010987
NEXUS-3417,0.009126
NEXUS-3416,0.32146
NEXUS-3415,0.796609
NEXUS-3414,0.021451
NEXUS-3413,0.008779
NEXUS-3411,0.917303
NEXUS-3410,0.940353
NEXUS-3409,0.191026
NEXUS-3408,0.020177
NEXUS-3407,0.037327
NEXUS-3405,0.01292
NEXUS-3404,0.060308
NEXUS-3403,0.011332
NEXUS-3402,0.452294
NEXUS-3401,0.012821
NEXUS-3400,0.008316
NEXUS-3399,0.550607
NEXUS-3398,0.019419
NEXUS-3397,0.138462
NEXUS-3396,0.021948
NEXUS-3395,0.017986
NEXUS-3394,0.016657
NEXUS-3393,0.5794
NEXUS-3392,0.324342
NEXUS-3391,0.900879
NEXUS-3390,0.495117
NEXUS-3388,0.233008
NEXUS-3387,0.028871
NEXUS-3386,0.055413
NEXUS-3385,0.01653
NEXUS-3384,0.015906
NEXUS-3383,0.895888
NEXUS-3382,0.914901
NEXUS-3381,0.014172
NEXUS-3379,0.007461
NEXUS-3378,0.019419
NEXUS-3377,0.037609
NEXUS-3376,0.794066
NEXUS-3374,0.365004
NEXUS-3373,0.308164
NEXUS-3372,0.032344
NEXUS-3371,0.028653
NEXUS-3370,0.038466
NEXUS-3368,0.154312
NEXUS-3367,0.191026
NEXUS-3366,0.071591
NEXUS-3365,0.014957
NEXUS-3364,0.615088
NEXUS-3363,0.021615
NEXUS-3362,0.020489
NEXUS-3361,0.839734
NEXUS-3360,0.019871
NEXUS-3359,0.049222
NEXUS-3358,0.82559
NEXUS-3357,0.020646
NEXUS-3356,0.010818
NEXUS-3355,0.83762
NEXUS-3354,0.178669
NEXUS-3352,0.018978
NEXUS-3351,0.021615
NEXUS-3350,0.111241
NEXUS-3349,0.082107
NEXUS-3348,0.404743
NEXUS-3347,0.700588
NEXUS-3346,0.010489
NEXUS-3345,0.794385
NEXUS-3344,0.820469
NEXUS-3343,0.020804
NEXUS-3341,0.705988
NEXUS-3340,0.078926
NEXUS-3339,0.013428
NEXUS-3338,0.037892
NEXUS-3337,0.036769
NEXUS-3336,0.420362
NEXUS-3335,0.194368
NEXUS-3334,0.126353
NEXUS-3333,0.004468
NEXUS-3332,0.894421
NEXUS-3331,0.187133
NEXUS-3330,0.022803
NEXUS-3329,0.460289
NEXUS-3328,0.01302
NEXUS-3327,0.016029
NEXUS-3326,0.041153
NEXUS-3325,0.017712
NEXUS-3324,0.018405
NEXUS-3323,0.660501
NEXUS-3322,0.013428
NEXUS-3321,0.102305
NEXUS-3320,0.010818
NEXUS-3319,0.025371
NEXUS-3318,0.009197
NEXUS-3317,0.017045
NEXUS-3316,0.009197
NEXUS-3315,0.016153
NEXUS-3314,0.009055
NEXUS-3313,0.009559
NEXUS-3312,0.035411
NEXUS-3311,0.006488
NEXUS-3310,0.018264
NEXUS-3309,0.026964
NEXUS-3308,0.06804
NEXUS-3307,0.458834
NEXUS-3306,0.020964
NEXUS-3305,0.021451
NEXUS-3304,0.017045
NEXUS-3303,0.006798
NEXUS-3302,0.633934
NEXUS-3301,0.017045
NEXUS-3300,0.012432
NEXUS-3298,0.059647
NEXUS-3297,0.029312
NEXUS-3296,0.005385
NEXUS-3295,0.020489
NEXUS-3294,0.507324
NEXUS-3293,0.016915
NEXUS-3292,0.017849
NEXUS-3291,0.082697
NEXUS-3290,0.008847
NEXUS-3289,0.192539
NEXUS-3288,0.023871
NEXUS-3287,0.008847
NEXUS-3286,0.180974
NEXUS-3285,0.159741
NEXUS-3284,0.735642
NEXUS-3283,0.012528
NEXUS-3282,0.910227
NEXUS-3281,0.006193
NEXUS-3280,0.006004
NEXUS-3279,0.926835
NEXUS-3278,0.015189
NEXUS-3277,0.046034
NEXUS-3275,0.018547
NEXUS-3274,0.011072
NEXUS-3273,0.568895
NEXUS-3272,0.353282
NEXUS-3271,0.082994
NEXUS-3270,0.051463
NEXUS-3269,0.076961
NEXUS-3268,0.112016
NEXUS-3267,0.041774
NEXUS-3266,0.047074
NEXUS-3265,0.026156
NEXUS-3264,0.896976
NEXUS-3263,0.024423
NEXUS-3262,0.013637
NEXUS-3261,0.037327
NEXUS-3260,0.006098
NEXUS-3259,0.035145
NEXUS-3258,0.021615
NEXUS-3257,0.012723
NEXUS-3256,0.016657
NEXUS-3255,0.010408
NEXUS-3254,0.152789
NEXUS-3253,0.041462
NEXUS-3252,0.090735
NEXUS-3251,0.020023
NEXUS-3250,0.008847
NEXUS-3249,0.050705
NEXUS-3248,0.498535
NEXUS-3247,0.638131
NEXUS-3246,0.52975
NEXUS-3244,0.015073
NEXUS-3243,0.756358
NEXUS-3242,0.032101
NEXUS-3241,0.040846
NEXUS-3240,0.656218
NEXUS-3239,0.333123
NEXUS-3238,0.023689
NEXUS-3237,0.063948
NEXUS-3236,0.040846
NEXUS-3235,0.139631
NEXUS-3234,0.029987
NEXUS-3233,0.020023
NEXUS-3232,0.837088
NEXUS-3231,0.021948
NEXUS-3230,0.013532
NEXUS-3229,0.037327
NEXUS-3228,0.09401
NEXUS-3226,0.020177
NEXUS-3225,0.780328
NEXUS-3224,0.024054
NEXUS-3223,0.86431
NEXUS-3222,0.01302
NEXUS-3221,0.01142
NEXUS-3220,0.009784
NEXUS-3219,0.073165
NEXUS-3218,0.020332
NEXUS-3217,0.004134
NEXUS-3216,0.020489
NEXUS-3215,0.056652
NEXUS-3214,0.693058
NEXUS-3213,0.068787
NEXUS-3212,0.878731
NEXUS-3211,0.609757
NEXUS-3210,0.844409
NEXUS-3209,0.806243
NEXUS-3208,0.012723
NEXUS-3207,0.138928
NEXUS-3206,0.635986
NEXUS-3205,0.182717
NEXUS-3204,0.429429
NEXUS-3203,0.024988
NEXUS-3202,0.010902
NEXUS-3201,0.025565
NEXUS-3200,0.026557
NEXUS-3199,0.771843
NEXUS-3198,0.821331
NEXUS-3197,0.038178
NEXUS-3196,0.008062
NEXUS-3195,0.844409
NEXUS-3194,0.531696
NEXUS-3193,0.666605
NEXUS-3192,0.446736
NEXUS-3191,0.450843
NEXUS-3190,0.016657
NEXUS-3189,0.868827
NEXUS-3188,0.306631
NEXUS-3187,0.288369
NEXUS-3186,0.039639
NEXUS-3185,0.151028
NEXUS-3184,0.210442
NEXUS-3183,0.01142
NEXUS-3180,0.007816
NEXUS-3179,0.021781
NEXUS-3178,0.064183
NEXUS-3177,0.018978
NEXUS-3176,0.169681
NEXUS-3175,0.677047
NEXUS-3174,0.01017
NEXUS-3173,0.01292
NEXUS-3172,0.595257
NEXUS-3171,0.066327
NEXUS-3170,0.026156
NEXUS-3169,0.287768
NEXUS-3168,0.012054
NEXUS-3167,0.010249
NEXUS-3166,0.149035
NEXUS-3165,0.145601
NEXUS-3164,0.588653
NEXUS-3163,0.845433
NEXUS-3162,0.018978
NEXUS-3160,0.281801
NEXUS-3159,0.144149
NEXUS-3158,0.01653
NEXUS-3157,0.737536
NEXUS-3156,0.345367
NEXUS-3153,0.582016
NEXUS-3152,0.943764
NEXUS-3151,0.179531
NEXUS-3150,0.03138
NEXUS-3149,0.340759
NEXUS-3148,0.012528
NEXUS-3147,0.025761
NEXUS-3146,0.019569
NEXUS-3145,0.15662
NEXUS-3144,0.532425
NEXUS-3143,0.022117
NEXUS-3141,0.023509
NEXUS-3140,0.011508
NEXUS-3138,0.930962
NEXUS-3136,0.453262
NEXUS-3132,0.360996
NEXUS-3131,0.34798
NEXUS-3130,0.440469
NEXUS-3129,0.61555
NEXUS-3128,0.692538
NEXUS-3126,0.085709
NEXUS-3122,0.011158
NEXUS-3121,0.566978
NEXUS-3120,0.107437
NEXUS-3119,0.237399
NEXUS-3118,0.021451
NEXUS-3117,0.017045
NEXUS-3116,0.4917
NEXUS-3115,0.06489
NEXUS-3114,0.176388
NEXUS-3113,0.292292
NEXUS-3112,0.232136
NEXUS-3111,0.017849
NEXUS-3110,0.305283
NEXUS-3109,0.013532
NEXUS-3108,0.31875
NEXUS-3107,0.842863
NEXUS-3106,0.010653
NEXUS-3105,0.857291
NEXUS-3104,0.015425
NEXUS-3103,0.013325
NEXUS-3102,0.013742
NEXUS-3101,0.01653
NEXUS-3100,0.384334
NEXUS-3099,0.051463
NEXUS-3098,0.010902
NEXUS-3097,0.634879
NEXUS-3096,0.044019
NEXUS-3095,0.244634
NEXUS-3094,0.00934
NEXUS-3093,0.007233
NEXUS-3092,0.021615
NEXUS-3091,0.00629
NEXUS-3090,0.063251
NEXUS-3089,0.509764
NEXUS-3088,0.115961
NEXUS-3087,0.02976
NEXUS-3086,0.03259
NEXUS-3085,0.020332
NEXUS-3084,0.332148
NEXUS-3083,0.630941
NEXUS-3082,0.568176
NEXUS-3081,0.067056
NEXUS-3080,0.116362
NEXUS-3079,0.343452
NEXUS-3078,0.528533
NEXUS-3077,0.017442
NEXUS-3076,0.814348
NEXUS-3075,0.549157
NEXUS-3074,0.413004
NEXUS-3073,0.011072
NEXUS-3072,0.023871
NEXUS-3071,0.01057
NEXUS-3070,0.013637
NEXUS-3069,0.017577
NEXUS-3068,0.129403
NEXUS-3067,0.784979
NEXUS-3066,0.029091
NEXUS-3065,0.018405
NEXUS-3064,0.017045
NEXUS-3063,0.038756
NEXUS-3062,0.022629
NEXUS-3061,0.2227
NEXUS-3060,0.012147
NEXUS-3059,0.014172
NEXUS-3058,0.646739
NEXUS-3057,0.014064
NEXUS-3056,0.197444
NEXUS-3055,0.086016
NEXUS-3054,0.009559
NEXUS-3053,0.138928
NEXUS-3052,0.011597
NEXUS-3051,0.019124
NEXUS-3050,0.03259
NEXUS-3049,0.018547
NEXUS-3048,0.028436
NEXUS-3047,0.667798
NEXUS-3046,0.62641
NEXUS-3045,0.01302
NEXUS-3044,0.010249
NEXUS-3043,0.046378
NEXUS-3042,0.830044
NEXUS-3041,0.040541
NEXUS-3040,0.417271
NEXUS-3039,0.01017
NEXUS-3038,0.011158
NEXUS-3037,0.007346
NEXUS-3036,0.249082
NEXUS-3035,0.103749
NEXUS-3034,0.01653
NEXUS-3033,0.073696
NEXUS-3032,0.287168
NEXUS-3031,0.295738
NEXUS-3030,0.177241
NEXUS-3029,0.010091
NEXUS-3028,0.022803
NEXUS-3027,0.045353
NEXUS-3026,0.757436
NEXUS-3020,0.224395
NEXUS-3019,0.028008
NEXUS-3018,0.529263
NEXUS-3017,0.138462
NEXUS-3016,0.360296
NEXUS-3013,0.167491
NEXUS-3012,0.017442
NEXUS-3011,0.00986
NEXUS-3010,0.030676
NEXUS-3009,0.022457
NEXUS-3008,0.008985
NEXUS-3005,0.028871
NEXUS-3003,0.011158
NEXUS-3002,0.727007
NEXUS-3001,0.008985
NEXUS-3000,0.0745
NEXUS-2999,0.022629
NEXUS-2998,0.027585
NEXUS-2997,0.260766
NEXUS-2996,0.014282
NEXUS-2995,0.014282
NEXUS-2994,0.013742
NEXUS-2992,0.026964
NEXUS-2991,0.031144
NEXUS-2990,0.234231
NEXUS-2989,0.020023
NEXUS-2988,0.036769
NEXUS-2987,0.008916
NEXUS-2986,0.049222
NEXUS-2985,0.048496
NEXUS-2984,0.154312
NEXUS-2983,0.055413
NEXUS-2982,0.023689
NEXUS-2981,0.070304
NEXUS-2980,0.042722
NEXUS-2979,0.022457
NEXUS-2977,0.888372
NEXUS-2976,0.688678
NEXUS-2975,0.896251
NEXUS-2974,0.022457
NEXUS-2973,0.163713
NEXUS-2972,0.019569
NEXUS-2971,0.933915
NEXUS-2970,0.092033
NEXUS-2969,0.023871
NEXUS-2968,0.020023
NEXUS-2966,0.014957
NEXUS-2965,0.015189
NEXUS-2964,0.00483
NEXUS-2963,0.852935
NEXUS-2962,0.848972
NEXUS-2961,0.01653
NEXUS-2960,0.020964
NEXUS-2959,0.012241
NEXUS-2958,0.007577
NEXUS-2956,0.010489
NEXUS-2955,0.00659
NEXUS-2954,0.028653
NEXUS-2953,0.020332
NEXUS-2952,0.037327
NEXUS-2951,0.009486
NEXUS-2949,0.025565
NEXUS-2948,0.019719
NEXUS-2947,0.025371
NEXUS-2946,0.08152
NEXUS-2945,0.884439
NEXUS-2944,0.256087
NEXUS-2943,0.027169
NEXUS-2942,0.020177
NEXUS-2941,0.039639
NEXUS-2940,0.014172
NEXUS-2939,0.013223
NEXUS-2938,0.457137
NEXUS-2937,0.828939
NEXUS-2936,0.855851
NEXUS-2935,0.771843
NEXUS-2934,0.245266
NEXUS-2933,0.043691
NEXUS-2932,0.494629
NEXUS-2931,0.256087
NEXUS-2930,0.854399
NEXUS-2929,0.026964
NEXUS-2928,0.021948
NEXUS-2927,0.015073
NEXUS-2926,0.039048
NEXUS-2925,0.011597
NEXUS-2924,0.021781
NEXUS-2923,0.034881
NEXUS-2922,0.03359
NEXUS-2920,0.900179
NEXUS-2919,0.028653
NEXUS-2917,0.100172
NEXUS-2916,0.056236
NEXUS-2915,0.143188
NEXUS-2914,0.044681
NEXUS-2913,0.015425
NEXUS-2912,0.017442
NEXUS-2911,0.012528
NEXUS-2910,0.030676
NEXUS-2909,0.018264
NEXUS-2908,0.042088
NEXUS-2907,0.014729
NEXUS-2906,0.011687
NEXUS-2905,0.029987
NEXUS-2904,0.010249
NEXUS-2903,0.760295
NEXUS-2902,0.018125
NEXUS-2901,0.01142
NEXUS-2900,0.029535
NEXUS-2899,0.167763
NEXUS-2896,0.012723
NEXUS-2895,0.022803
NEXUS-2894,0.010818
NEXUS-2893,0.056236
NEXUS-2892,0.023509
NEXUS-2891,0.01142
NEXUS-2890,0.010987
NEXUS-2889,0.209146
NEXUS-2888,0.797241
NEXUS-2887,0.022629
NEXUS-2886,0.012054
NEXUS-2884,0.017045
NEXUS-2883,0.014616
NEXUS-2882,0.840259
NEXUS-2881,0.500488
NEXUS-2880,0.01292
NEXUS-2879,0.020804
NEXUS-2878,0.021451
NEXUS-2877,0.013637
NEXUS-2876,0.924142
NEXUS-2875,0.010987
NEXUS-2874,0.356671
NEXUS-2873,0.023689
NEXUS-2872,0.652186
NEXUS-2871,0.647102
NEXUS-2870,0.064183
NEXUS-2869,0.450601
NEXUS-2868,0.278159
NEXUS-2867,0.052619
NEXUS-2866,0.007461
NEXUS-2865,0.086632
NEXUS-2863,0.006904
NEXUS-2862,0.008511
NEXUS-2861,0.048137
NEXUS-2860,0.012821
NEXUS-2859,0.005911
NEXUS-2858,0.015073
NEXUS-2856,0.515132
NEXUS-2855,0.702734
NEXUS-2854,0.009559
NEXUS-2853,0.006904
NEXUS-2852,0.028008
NEXUS-2851,0.031859
NEXUS-2849,0.863392
NEXUS-2848,0.290679
NEXUS-2847,0.020964
NEXUS-2846,0.950411
NEXUS-2845,0.034359
NEXUS-2844,0.837088
NEXUS-2843,0.019124
NEXUS-2842,0.686895
NEXUS-2841,0.030676
NEXUS-2840,0.033086
NEXUS-2839,0.020177
NEXUS-2838,0.015306
NEXUS-2837,0.271831
NEXUS-2836,0.010014
NEXUS-2835,0.007816
NEXUS-2834,0.015664
NEXUS-2833,0.08819
NEXUS-2832,0.140336
NEXUS-2831,0.652788
NEXUS-2830,0.667798
NEXUS-2829,0.905657
NEXUS-2828,0.866585
NEXUS-2827,0.911495
NEXUS-2826,0.008062
NEXUS-2825,0.834407
NEXUS-2824,0.023331
NEXUS-2823,0.018689
NEXUS-2822,0.013532
NEXUS-2821,0.048137
NEXUS-2820,0.021287
NEXUS-2819,0.028871
NEXUS-2818,0.0341
NEXUS-2816,0.174692
NEXUS-2815,0.206254
NEXUS-2814,0.03138
NEXUS-2813,0.13707
NEXUS-2812,0.061424
NEXUS-2811,0.73848
NEXUS-2810,0.368065
NEXUS-2809,0.02976
NEXUS-2808,0.013956
NEXUS-2804,0.171338
NEXUS-2803,0.196826
NEXUS-2802,0.450601
NEXUS-2801,0.014392
NEXUS-2800,0.021615
NEXUS-2799,0.029091
NEXUS-2798,0.016277
NEXUS-2797,0.017309
NEXUS-2796,0.011072
NEXUS-2795,0.014842
NEXUS-2794,0.184768
NEXUS-2793,0.032101
NEXUS-2792,0.843895
NEXUS-2791,0.075858
NEXUS-2790,0.022457
NEXUS-2789,0.408277
NEXUS-2788,0.015906
NEXUS-2787,0.009634
NEXUS-2785,0.017712
NEXUS-2784,0.01292
NEXUS-2783,0.006904
NEXUS-2782,0.015664
NEXUS-2781,0.558086
NEXUS-2780,0.082402
NEXUS-2778,0.953275
NEXUS-2777,0.188026
NEXUS-2769,0.784979
NEXUS-2768,0.082994
NEXUS-2767,0.012054
NEXUS-2766,0.896614
NEXUS-2765,0.015906
NEXUS-2764,0.817574
NEXUS-2763,0.134776
NEXUS-2762,0.007696
NEXUS-2761,0.016029
NEXUS-2760,0.037327
NEXUS-2759,0.015544
NEXUS-2756,0.022977
NEXUS-2755,0.021287
NEXUS-2754,0.223377
NEXUS-2753,0.007121
NEXUS-2752,0.038756
NEXUS-2751,0.007012
NEXUS-2750,0.065128
NEXUS-2749,0.018978
NEXUS-2742,0.030215
NEXUS-2741,0.045016
NEXUS-2739,0.017849
NEXUS-2738,0.019419
NEXUS-2737,0.167219
NEXUS-2735,0.576065
NEXUS-2734,0.13569
NEXUS-2733,0.080069
NEXUS-2731,0.154567
NEXUS-2729,0.012625
NEXUS-2728,0.259263
NEXUS-2727,0.00838
NEXUS-2726,0.687
NEXUS-2725,0.572842
NEXUS-2724,0.392919
NEXUS-2723,0.02461
NEXUS-2722,0.31785
NEXUS-2721,0.012723
NEXUS-2720,0.016785
NEXUS-2718,0.21305
NEXUS-2717,0.485356
NEXUS-2716,0.889912
NEXUS-2715,0.017577
NEXUS-2714,0.011869
NEXUS-2713,0.026355
NEXUS-2712,0.011508
NEXUS-2703,0.022457
NEXUS-2702,0.019271
NEXUS-2701,0.540924
NEXUS-2700,0.036769
NEXUS-2699,0.111241
NEXUS-2698,0.056444
NEXUS-2697,0.035679
NEXUS-2696,0.819893
NEXUS-2695,0.013532
NEXUS-2693,0.697197
NEXUS-2692,0.029091
NEXUS-2691,0.864768
NEXUS-2688,0.008711
NEXUS-2687,0.169956
NEXUS-2686,0.412057
NEXUS-2685,0.015544
NEXUS-2684,0.021451
NEXUS-2683,0.009197
NEXUS-2682,0.006488
NEXUS-2681,0.023509
NEXUS-2679,0.015906
NEXUS-2678,0.011687
NEXUS-2677,0.014616
NEXUS-2676,0.766294
NEXUS-2674,0.271638
NEXUS-2673,0.583559
NEXUS-2672,0.835484
NEXUS-2671,0.153042
NEXUS-2670,0.042088
NEXUS-2669,0.463444
NEXUS-2668,0.832781
NEXUS-2667,0.014957
NEXUS-2666,0.039343
NEXUS-2663,0.010249
NEXUS-2662,0.018833
NEXUS-2661,0.010408
NEXUS-2660,0.051845
NEXUS-2659,0.066327
NEXUS-2658,0.054601
NEXUS-2657,0.044681
NEXUS-2656,0.105579
NEXUS-2655,0.016657
NEXUS-2654,0.013223
NEXUS-2653,0.021287
NEXUS-2652,0.012625
NEXUS-2651,0.011961
NEXUS-2650,0.023331
NEXUS-2646,0.024423
NEXUS-2645,0.042404
NEXUS-2644,0.777975
NEXUS-2643,0.01017
NEXUS-2642,0.072112
NEXUS-2641,0.009708
NEXUS-2640,0.028221
NEXUS-2639,0.132515
NEXUS-2638,0.051845
NEXUS-2637,0.050331
NEXUS-2636,0.051463
NEXUS-2635,0.059866
NEXUS-2634,0.050331
NEXUS-2633,0.056652
NEXUS-2632,0.048858
NEXUS-2631,0.038178
NEXUS-2630,0.061876
NEXUS-2629,0.059866
NEXUS-2628,0.28279
NEXUS-2627,0.137996
NEXUS-2626,0.218669
NEXUS-2625,0.194062
NEXUS-2624,0.078926
NEXUS-2623,0.138928
NEXUS-2622,0.116764
NEXUS-2621,0.368065
NEXUS-2620,0.066327
NEXUS-2619,0.328583
NEXUS-2617,0.016153
NEXUS-2616,0.017849
NEXUS-2615,0.947769
NEXUS-2614,0.024423
NEXUS-2612,0.009486
NEXUS-2611,0.593845
NEXUS-2610,0.844409
NEXUS-2609,0.272025
NEXUS-2608,0.010249
NEXUS-2607,0.026964
NEXUS-2606,0.008779
NEXUS-2605,0.015306
NEXUS-2603,0.063715
NEXUS-2602,0.014616
NEXUS-2601,0.057918
NEXUS-2600,0.027169
NEXUS-2599,0.407451
NEXUS-2598,0.921358
NEXUS-2597,0.836555
NEXUS-2596,0.171338
NEXUS-2595,0.008316
NEXUS-2594,0.009936
NEXUS-2593,0.009634
NEXUS-2592,0.737914
NEXUS-2591,0.700895
NEXUS-2590,0.731634
NEXUS-2589,0.874077
NEXUS-2588,0.708112
NEXUS-2587,0.193757
NEXUS-2586,0.204978
NEXUS-2585,0.019569
NEXUS-2584,0.012821
NEXUS-2583,0.833866
NEXUS-2581,0.077797
NEXUS-2580,0.851953
NEXUS-2579,0.135232
NEXUS-2578,0.01057
NEXUS-2577,0.016277
NEXUS-2576,0.009268
NEXUS-2575,0.017309
NEXUS-2574,0.044349
NEXUS-2573,0.028871
NEXUS-2572,0.870157
NEXUS-2571,0.018833
NEXUS-2569,0.018264
NEXUS-2568,0.266835
NEXUS-2567,0.672009
NEXUS-2566,0.01017
NEXUS-2565,0.88642
NEXUS-2563,0.023153
NEXUS-2562,0.660884
NEXUS-2561,0.031859
NEXUS-2560,0.018547
NEXUS-2559,0.224735
NEXUS-2558,0.016153
NEXUS-2557,0.019719
NEXUS-2556,0.064183
NEXUS-2555,0.03259
NEXUS-2554,0.09947
NEXUS-2553,0.758153
NEXUS-2552,0.385143
NEXUS-2550,0.300079
NEXUS-2549,0.041774
NEXUS-2548,0.017309
NEXUS-2547,0.020332
NEXUS-2546,0.062331
NEXUS-2545,0.008916
NEXUS-2544,0.638582
NEXUS-2543,0.020489
NEXUS-2542,0.388966
NEXUS-2541,0.58059
NEXUS-2540,0.158174
NEXUS-2537,0.019124
NEXUS-2536,0.946597
NEXUS-2535,0.506836
NEXUS-2534,0.015306
NEXUS-2533,0.008779
NEXUS-2532,0.007696
NEXUS-2531,0.015664
NEXUS-2530,0.013849
NEXUS-2529,0.022286
NEXUS-2528,0.02976
NEXUS-2527,0.020332
NEXUS-2526,0.048858
NEXUS-2525,0.112795
NEXUS-2524,0.069795
NEXUS-2523,0.081228
NEXUS-2522,0.020964
NEXUS-2521,0.27513
NEXUS-2519,0.028221
NEXUS-2516,0.014282
NEXUS-2515,0.015544
NEXUS-2514,0.252384
NEXUS-2513,0.721154
NEXUS-2512,0.269037
NEXUS-2509,0.841305
NEXUS-2505,0.854885
NEXUS-2504,0.018547
NEXUS-2503,0.058993
NEXUS-2502,0.887595
NEXUS-2501,0.03359
NEXUS-2500,0.025565
NEXUS-2499,0.129843
NEXUS-2498,0.015544
NEXUS-2497,0.011687
NEXUS-2496,0.020646
NEXUS-2495,0.077239
NEXUS-2494,0.707607
NEXUS-2493,0.050705
NEXUS-2492,0.011961
NEXUS-2491,0.370339
NEXUS-2490,0.052619
NEXUS-2489,0.661923
NEXUS-2488,0.623434
NEXUS-2487,0.012054
NEXUS-2486,0.026964
NEXUS-2485,0.847463
NEXUS-2484,0.165593
NEXUS-2483,0.028008
NEXUS-2482,0.027585
NEXUS-2481,0.068289
NEXUS-2480,0.022803
NEXUS-2479,0.022977
NEXUS-2478,0.384681
NEXUS-2477,0.152032
NEXUS-2476,0.205615
NEXUS-2475,0.643665
NEXUS-2474,0.018405
NEXUS-2473,0.347689
NEXUS-2472,0.022286
NEXUS-2469,0.426083
NEXUS-2468,0.031619
NEXUS-2467,0.010902
NEXUS-2466,0.016785
NEXUS-2465,0.363421
NEXUS-2464,0.340273
NEXUS-2463,0.033337
NEXUS-2462,0.013742
NEXUS-2450,0.041774
NEXUS-2448,0.019124
NEXUS-2447,0.245085
NEXUS-2446,0.147065
NEXUS-2445,0.091058
NEXUS-2444,0.439266
NEXUS-2443,0.01653
NEXUS-2442,0.020332
NEXUS-2441,0.157137
NEXUS-2440,0.010091
NEXUS-2439,0.016029
NEXUS-2438,0.13707
NEXUS-2437,0.029535
NEXUS-2436,0.026557
NEXUS-2435,0.035145
NEXUS-2434,0.015306
NEXUS-2433,0.044019
NEXUS-2432,0.020332
NEXUS-2431,0.037047
NEXUS-2430,0.049589
NEXUS-2429,0.054601
NEXUS-2428,0.026557
NEXUS-2427,0.027585
NEXUS-2426,0.048858
NEXUS-2425,0.067056
NEXUS-2424,0.05301
NEXUS-2423,0.063482
NEXUS-2422,0.090093
NEXUS-2421,0.105211
NEXUS-2420,0.063715
NEXUS-2419,0.071332
NEXUS-2418,0.129843
NEXUS-2417,0.409693
NEXUS-2416,0.025371
NEXUS-2415,0.027585
NEXUS-2414,0.073696
NEXUS-2413,0.380644
NEXUS-2412,0.472683
NEXUS-2411,0.698638
NEXUS-2410,0.285472
NEXUS-2409,0.015073
NEXUS-2408,0.015544
NEXUS-2407,0.058561
NEXUS-2406,0.012054
NEXUS-2405,0.01302
NEXUS-2404,0.009936
NEXUS-2403,0.016785
NEXUS-2402,0.018547
NEXUS-2401,0.061424
NEXUS-2400,0.040238
NEXUS-2399,0.293911
NEXUS-2398,0.174973
NEXUS-2397,0.066812
NEXUS-2396,0.044681
NEXUS-2395,0.011778
NEXUS-2394,0.011508
NEXUS-2393,0.015189
NEXUS-2392,0.408277
NEXUS-2391,0.31484
NEXUS-2390,0.006693
NEXUS-2389,0.008577
NEXUS-2388,0.148047
NEXUS-2387,0.011961
NEXUS-2386,0.047074
NEXUS-2385,0.018405
NEXUS-2384,0.028436
NEXUS-2383,0.034619
NEXUS-2381,0.932944
NEXUS-2380,0.072374
NEXUS-2379,0.699049
NEXUS-2378,0.294824
NEXUS-2377,0.261614
NEXUS-2376,0.006388
NEXUS-2375,0.024054
NEXUS-2374,0.023689
NEXUS-2373,0.131173
NEXUS-2372,0.069289
NEXUS-2371,0.918187
NEXUS-2370,0.83868
NEXUS-2369,0.634161
NEXUS-2368,0.029091
NEXUS-2367,0.029312
NEXUS-2366,0.065128
NEXUS-2365,0.024238
NEXUS-2364,0.026557
NEXUS-2363,0.028871
NEXUS-2362,0.066085
NEXUS-2361,0.028871
NEXUS-2360,0.046725
NEXUS-2359,0.053403
NEXUS-2358,0.022629
NEXUS-2357,0.091058
NEXUS-2356,0.037609
NEXUS-2355,0.832781
NEXUS-2351,0.233532
NEXUS-2350,0.354377
NEXUS-2349,0.164248
NEXUS-2348,0.548674
NEXUS-2347,0.312003
NEXUS-2346,0.188922
NEXUS-2345,0.048858
NEXUS-2344,0.013956
NEXUS-2343,0.018978
NEXUS-2342,0.037047
NEXUS-2341,0.061876
NEXUS-2340,0.007233
NEXUS-2339,0.009708
NEXUS-2338,0.022803
NEXUS-2337,0.018833
NEXUS-2336,0.020964
NEXUS-2335,0.023153
NEXUS-2334,0.013637
NEXUS-2333,0.009413
NEXUS-2332,0.016657
NEXUS-2331,0.150778
NEXUS-2330,0.035145
NEXUS-2329,0.90053
NEXUS-2328,0.717804
NEXUS-2327,0.018833
NEXUS-2326,0.019871
NEXUS-2325,0.015306
NEXUS-2324,0.060975
NEXUS-2323,0.148047
NEXUS-2322,0.290477
NEXUS-2321,0.789558
NEXUS-2320,0.728169
NEXUS-2319,0.160003
NEXUS-2318,0.01142
NEXUS-2317,0.946597
NEXUS-2316,0.021615
NEXUS-2315,0.042722
NEXUS-2314,0.09236
NEXUS-2313,0.086632
NEXUS-2312,0.025371
NEXUS-2311,0.521471
NEXUS-2310,0.008847
NEXUS-2309,0.067547
NEXUS-2308,0.031619
NEXUS-2307,0.588889
NEXUS-2306,0.117572
NEXUS-2305,0.177241
NEXUS-2304,0.010902
NEXUS-2303,0.054199
NEXUS-2302,0.023871
NEXUS-2301,0.020646
NEXUS-2300,0.034359
NEXUS-2299,0.667337
NEXUS-2298,0.784649
NEXUS-2297,0.041774
NEXUS-2296,0.006098
NEXUS-2294,0.137532
NEXUS-2293,0.037892
NEXUS-2292,0.020332
NEXUS-2291,0.021451
NEXUS-2290,0.013223
NEXUS-2289,0.058993
NEXUS-2288,0.018264
NEXUS-2287,0.008916
NEXUS-2286,0.052619
NEXUS-2285,0.056652
NEXUS-2284,0.808672
NEXUS-2283,0.013223
NEXUS-2282,0.029091
NEXUS-2281,0.20466
NEXUS-2280,0.007577
NEXUS-2279,0.653666
NEXUS-2278,0.691706
NEXUS-2277,0.878314
NEXUS-2276,0.316686
NEXUS-2275,0.017849
NEXUS-2274,0.814938
NEXUS-2273,0.016785
NEXUS-2272,0.90053
NEXUS-2271,0.032101
NEXUS-2270,0.240239
NEXUS-2269,0.939025
NEXUS-2268,0.045016
NEXUS-2267,0.015306
NEXUS-2266,0.68679
NEXUS-2265,0.789558
NEXUS-2264,0.038466
NEXUS-2263,0.105211
NEXUS-2262,0.03138
NEXUS-2261,0.154823
NEXUS-2260,0.819316
NEXUS-2259,0.308972
NEXUS-2258,0.034881
NEXUS-2257,0.103024
NEXUS-2256,0.02461
NEXUS-2255,0.728555
NEXUS-2254,0.564098
NEXUS-2253,0.614857
NEXUS-2252,0.096365
NEXUS-2251,0.856332
NEXUS-2250,0.038466
NEXUS-2249,0.013849
NEXUS-2248,0.854399
NEXUS-2247,0.850965
NEXUS-2246,0.592549
NEXUS-2245,0.303629
NEXUS-2244,0.808672
NEXUS-2243,0.166404
NEXUS-2242,0.674801
NEXUS-2241,0.811974
NEXUS-2240,0.017177
NEXUS-2239,0.051845
NEXUS-2238,0.046034
NEXUS-2237,0.06489
NEXUS-2236,0.013956
NEXUS-2235,0.023331
NEXUS-2234,0.018833
NEXUS-2233,0.407805
NEXUS-2232,0.175256
NEXUS-2231,0.119203
NEXUS-2230,0.018547
NEXUS-2229,0.061424
NEXUS-2228,0.048858
NEXUS-2227,0.016403
NEXUS-2226,0.041462
NEXUS-2225,0.185062
NEXUS-2224,0.035411
NEXUS-2223,0.019271
NEXUS-2221,0.010735
NEXUS-2220,0.330053
NEXUS-2219,0.012723
NEXUS-2218,0.056444
NEXUS-2217,0.148788
NEXUS-2216,0.018833
NEXUS-2215,0.938576
NEXUS-2214,0.07343
NEXUS-2213,0.520009
NEXUS-2212,0.017712
NEXUS-2211,0.07343
NEXUS-2210,0.022629
NEXUS-2209,0.088505
NEXUS-2208,0.087564
NEXUS-2207,0.093347
NEXUS-2206,0.03359
NEXUS-2205,0.084493
NEXUS-2204,0.049959
NEXUS-2203,0.145601
NEXUS-2202,0.233182
NEXUS-2201,0.009197
NEXUS-2200,0.035145
NEXUS-2199,0.901575
NEXUS-2198,0.036769
NEXUS-2197,0.557123
NEXUS-2196,0.117572
NEXUS-2195,0.130729
NEXUS-2194,0.093347
NEXUS-2193,0.017442
NEXUS-2192,0.006388
NEXUS-2191,0.168857
NEXUS-2190,0.090735
NEXUS-2189,0.013223
NEXUS-2188,0.065366
NEXUS-2187,0.590307
NEXUS-2186,0.008644
NEXUS-2185,0.338111
NEXUS-2184,0.130729
NEXUS-2183,0.095349
NEXUS-2182,0.155078
NEXUS-2181,0.033086
NEXUS-2180,0.022286
NEXUS-2179,0.013637
NEXUS-2178,0.461502
NEXUS-2177,0.500488
NEXUS-2176,0.120853
NEXUS-2175,0.091382
NEXUS-2174,0.229881
NEXUS-2173,0.017442
NEXUS-2172,0.707809
NEXUS-2171,0.093678
NEXUS-2170,0.728941
NEXUS-2169,0.018405
NEXUS-2168,0.728362
NEXUS-2167,0.060087
NEXUS-2166,0.021948
NEXUS-2165,0.106691
NEXUS-2164,0.013849
NEXUS-2163,0.029091
NEXUS-2162,0.026557
NEXUS-2161,0.120439
NEXUS-2160,0.068787
NEXUS-2159,0.775945
NEXUS-2158,0.0341
NEXUS-2157,0.024238
NEXUS-2156,0.045016
NEXUS-2154,0.038756
NEXUS-2149,0.01292
NEXUS-2148,0.029312
NEXUS-2147,0.023871
NEXUS-2146,0.02976
NEXUS-2145,0.193147
NEXUS-2144,0.023331
NEXUS-2143,0.018405
NEXUS-2142,0.01142
NEXUS-2141,0.294316
NEXUS-2140,0.644169
NEXUS-2139,0.038756
NEXUS-2138,0.015425
NEXUS-2137,0.015785
NEXUS-2136,0.082107
NEXUS-2135,0.403214
NEXUS-2134,0.759582
NEXUS-2132,0.022457
NEXUS-2130,0.046034
NEXUS-2129,0.017986
NEXUS-2128,0.014282
NEXUS-2127,0.199308
NEXUS-2126,0.042088
NEXUS-2125,0.060752
NEXUS-2124,0.305697
NEXUS-2123,0.831143
NEXUS-2122,0.011778
NEXUS-2121,0.009634
NEXUS-2120,0.015425
NEXUS-2119,0.075585
NEXUS-2118,0.248717
NEXUS-2117,0.041462
NEXUS-2116,0.043366
NEXUS-2115,0.04778
NEXUS-2114,0.009486
NEXUS-2113,0.022286
NEXUS-2112,0.02461
NEXUS-2111,0.016029
NEXUS-2110,0.017712
NEXUS-2109,0.075858
NEXUS-2108,0.028653
NEXUS-2107,0.319718
NEXUS-2106,0.037327
NEXUS-2105,0.086632
NEXUS-2104,0.013325
NEXUS-2103,0.014842
NEXUS-2102,0.078926
NEXUS-2101,0.039639
NEXUS-2100,0.0538
NEXUS-2099,0.055618
NEXUS-2098,0.039639
NEXUS-2097,0.015189
NEXUS-2096,0.668448
NEXUS-2095,0.064183
NEXUS-2094,0.019124
NEXUS-2093,0.011158
NEXUS-2092,0.016785
NEXUS-2091,0.012625
NEXUS-2090,0.014729
NEXUS-2089,0.038466
NEXUS-2088,0.080357
NEXUS-2085,0.747247
NEXUS-2084,0.080647
NEXUS-2083,0.040238
NEXUS-2082,0.022457
NEXUS-2081,0.015906
NEXUS-2080,0.032837
NEXUS-2079,0.015906
NEXUS-2078,0.030676
NEXUS-2077,0.27474
NEXUS-2076,0.037047
NEXUS-2075,0.314208
NEXUS-2074,0.014616
NEXUS-2073,0.017442
NEXUS-2072,0.662032
NEXUS-2069,0.082697
NEXUS-2062,0.323327
NEXUS-2061,0.017442
NEXUS-2060,0.083292
NEXUS-2059,0.023689
NEXUS-2058,0.014957
NEXUS-2057,0.013428
NEXUS-2056,0.258326
NEXUS-2055,0.020489
NEXUS-2054,0.015425
NEXUS-2053,0.041774
NEXUS-2052,0.014282
NEXUS-2051,0.883236
NEXUS-2050,0.839734
NEXUS-2049,0.719186
NEXUS-2048,0.534127
NEXUS-2047,0.037047
NEXUS-2046,0.024423
NEXUS-2045,0.425605
NEXUS-2044,0.027169
NEXUS-2043,0.017045
NEXUS-2042,0.933915
NEXUS-2041,0.020489
NEXUS-2040,0.017177
NEXUS-2039,0.05921
NEXUS-2038,0.018833
NEXUS-2037,0.005385
NEXUS-2036,0.013532
NEXUS-2035,0.010328
NEXUS-2034,0.014282
NEXUS-2033,0.010408
NEXUS-2032,0.008511
NEXUS-2031,0.018689
NEXUS-2030,0.723114
NEXUS-2029,0.049222
NEXUS-2028,0.039343
NEXUS-2027,0.013428
NEXUS-2026,0.017712
NEXUS-2025,0.00506
NEXUS-2024,0.048496
NEXUS-2023,0.133868
NEXUS-2022,0.089455
NEXUS-2021,0.027585
NEXUS-2020,0.012625
NEXUS-2019,0.028221
NEXUS-2018,0.046725
NEXUS-2017,0.044019
NEXUS-2016,0.013956
NEXUS-2015,0.022117
NEXUS-2013,0.014282
NEXUS-2012,0.015425
NEXUS-2011,0.025371
NEXUS-2010,0.476336
NEXUS-2009,0.145115
NEXUS-2008,0.2763
NEXUS-2007,0.007938
NEXUS-2006,0.012821
NEXUS-2005,0.005911
NEXUS-2004,0.21305
NEXUS-2003,0.021781
NEXUS-2002,0.060308
NEXUS-2001,0.039048
NEXUS-2000,0.727201
NEXUS-1999,0.606498
NEXUS-1998,0.010249
NEXUS-1997,0.012528
NEXUS-1996,0.007938
NEXUS-1995,0.067793
NEXUS-1994,0.012528
NEXUS-1993,0.022286
NEXUS-1992,0.127653
NEXUS-1991,0.014172
NEXUS-1990,0.806548
NEXUS-1989,0.010902
NEXUS-1988,0.624351
NEXUS-1987,0.014957
NEXUS-1986,0.882833
NEXUS-1985,0.041462
NEXUS-1984,0.00514
NEXUS-1983,0.029312
NEXUS-1982,0.008062
NEXUS-1977,0.881207
NEXUS-1976,0.01292
NEXUS-1975,0.392686
NEXUS-1974,0.567697
NEXUS-1973,0.828939
NEXUS-1972,0.766294
NEXUS-1971,0.012821
NEXUS-1970,0.044681
NEXUS-1969,0.007577
NEXUS-1968,0.009486
NEXUS-1967,0.03138
NEXUS-1966,0.007233
NEXUS-1965,0.015073
NEXUS-1964,0.531209
NEXUS-1963,0.134776
NEXUS-1962,0.140808
NEXUS-1961,0.033844
NEXUS-1960,0.018405
NEXUS-1959,0.194368
NEXUS-1958,0.041774
NEXUS-1957,0.089137
NEXUS-1956,0.246171
NEXUS-1955,0.108566
NEXUS-1954,0.015906
NEXUS-1953,0.227813
NEXUS-1952,0.745028
NEXUS-1951,0.360939
NEXUS-1950,0.008577
NEXUS-1949,0.022803
NEXUS-1948,0.024238
NEXUS-1947,0.012241
NEXUS-1946,0.004199
NEXUS-1945,0.008644
NEXUS-1944,0.31542
NEXUS-1943,0.029987
NEXUS-1942,0.006004
NEXUS-1941,0.011072
NEXUS-1940,0.038756
NEXUS-1939,0.031859
NEXUS-1938,0.030909
NEXUS-1937,0.103386
NEXUS-1936,0.191026
NEXUS-1935,0.012147
NEXUS-1934,0.459804
NEXUS-1933,0.167491
NEXUS-1932,0.192236
NEXUS-1931,0.033086
NEXUS-1930,0.273963
NEXUS-1929,0.42919
NEXUS-1928,0.006798
NEXUS-1927,0.00573
NEXUS-1926,0.029987
NEXUS-1925,0.016657
NEXUS-1924,0.015906
NEXUS-1923,0.660939
NEXUS-1922,0.171616
NEXUS-1921,0.072374
NEXUS-1920,0.919063
NEXUS-1919,0.007461
NEXUS-1918,0.087564
NEXUS-1917,0.03259
NEXUS-1916,0.049222
NEXUS-1915,0.018405
NEXUS-1914,0.346355
NEXUS-1912,0.022629
NEXUS-1911,0.025957
NEXUS-1910,0.018547
NEXUS-1909,0.017849
NEXUS-1908,0.01653
NEXUS-1907,0.016029
NEXUS-1906,0.00986
NEXUS-1904,0.009126
NEXUS-1903,0.048496
NEXUS-1902,0.007938
NEXUS-1901,0.010091
NEXUS-1900,0.007461
NEXUS-1899,0.00582
NEXUS-1898,0.004265
NEXUS-1897,0.008916
NEXUS-1896,0.020332
NEXUS-1895,0.02461
NEXUS-1894,0.012625
NEXUS-1893,0.058993
NEXUS-1892,0.123366
NEXUS-1891,0.027585
NEXUS-1890,0.013428
NEXUS-1889,0.021125
NEXUS-1888,0.014616
NEXUS-1887,0.015073
NEXUS-1886,0.012528
NEXUS-1885,0.035411
NEXUS-1884,0.036494
NEXUS-1883,0.018689
NEXUS-1882,0.26971
NEXUS-1881,0.028436
NEXUS-1880,0.043366
NEXUS-1879,0.013428
NEXUS-1878,0.004905
NEXUS-1877,0.76454
NEXUS-1876,0.00483
NEXUS-1875,0.016277
NEXUS-1874,0.005385
NEXUS-1873,0.021125
NEXUS-1872,0.01057
NEXUS-1871,0.879974
NEXUS-1870,0.030909
NEXUS-1868,0.328031
NEXUS-1867,0.815233
NEXUS-1866,0.012147
NEXUS-1865,0.384479
NEXUS-1864,0.00659
NEXUS-1863,0.014729
NEXUS-1862,0.009559
NEXUS-1861,0.010014
NEXUS-1860,0.011778
NEXUS-1859,0.628543
NEXUS-1858,0.015306
NEXUS-1857,0.012723
NEXUS-1856,0.009126
NEXUS-1855,0.012147
NEXUS-1854,0.012625
NEXUS-1853,0.004682
NEXUS-1852,0.439266
NEXUS-1851,0.010014
NEXUS-1850,0.894789
NEXUS-1849,0.01142
NEXUS-1848,0.029535
NEXUS-1847,0.020804
NEXUS-1846,0.877477
NEXUS-1845,0.287668
NEXUS-1844,0.846958
NEXUS-1843,0.050331
NEXUS-1842,0.926304
NEXUS-1841,0.113187
NEXUS-1839,0.01653
NEXUS-1838,0.029312
NEXUS-1837,0.012147
NEXUS-1836,0.887595
NEXUS-1835,0.030215
NEXUS-1834,0.023331
NEXUS-1833,0.229535
NEXUS-1832,0.292292
NEXUS-1831,0.285671
NEXUS-1830,0.401453
NEXUS-1829,0.010014
NEXUS-1828,0.017986
NEXUS-1827,0.005911
NEXUS-1826,0.008847
NEXUS-1825,0.009126
NEXUS-1824,0.742422
NEXUS-1823,0.022629
NEXUS-1822,0.018264
NEXUS-1821,0.060752
NEXUS-1820,0.014392
NEXUS-1819,0.029535
NEXUS-1818,0.629034
NEXUS-1817,0.051845
NEXUS-1816,0.220342
NEXUS-1815,0.080937
NEXUS-1814,0.027796
NEXUS-1813,0.077239
NEXUS-1812,0.017177
NEXUS-1811,0.018833
NEXUS-1810,0.052619
NEXUS-1809,0.007121
NEXUS-1808,0.015906
NEXUS-1807,0.750918
NEXUS-1806,0.058346
NEXUS-1805,0.212395
NEXUS-1804,0.025565
NEXUS-1802,0.306008
NEXUS-1801,0.816406
NEXUS-1800,0.935346
NEXUS-1799,0.904987
NEXUS-1798,0.005911
NEXUS-1797,0.014064
NEXUS-1796,0.084795
NEXUS-1795,0.852445
NEXUS-1793,0.234056
NEXUS-1792,0.043366
NEXUS-1791,0.031619
NEXUS-1790,0.037327
NEXUS-1789,0.013121
NEXUS-1788,0.004538
NEXUS-1787,0.555676
NEXUS-1786,0.693265
NEXUS-1785,0.00659
NEXUS-1784,0.23231
NEXUS-1783,0.016657
NEXUS-1782,0.00659
NEXUS-1781,0.519034
NEXUS-1780,0.371593
NEXUS-1779,0.096365
NEXUS-1778,0.013742
NEXUS-1777,0.642629
NEXUS-1776,0.013742
NEXUS-1775,0.017045
NEXUS-1774,0.013121
NEXUS-1773,0.931463
NEXUS-1772,0.022629
NEXUS-1771,0.083591
NEXUS-1770,0.916708
NEXUS-1769,0.015189
NEXUS-1768,0.296858
NEXUS-1767,0.051845
NEXUS-1766,0.816406
NEXUS-1765,0.868381
NEXUS-1764,0.655832
NEXUS-1763,0.03359
NEXUS-1762,0.007346
NEXUS-1761,0.395718
NEXUS-1760,0.101947
NEXUS-1759,0.128963
NEXUS-1758,0.722918
NEXUS-1757,0.005555
NEXUS-1756,0.008644
NEXUS-1755,0.008062
NEXUS-1754,0.009268
NEXUS-1753,0.013325
NEXUS-1752,0.006193
NEXUS-1751,0.673299
NEXUS-1750,0.299259
NEXUS-1749,0.031619
NEXUS-1748,0.113973
NEXUS-1747,0.138462
NEXUS-1746,0.009413
NEXUS-1745,0.018833
NEXUS-1744,0.013637
NEXUS-1743,0.006904
NEXUS-1742,0.012625
NEXUS-1741,0.044349
NEXUS-1740,0.036769
NEXUS-1739,0.016915
NEXUS-1738,0.04778
NEXUS-1737,0.034881
NEXUS-1736,0.009784
NEXUS-1735,0.054199
NEXUS-1734,0.006693
NEXUS-1733,0.023871
NEXUS-1732,0.282394
NEXUS-1731,0.011961
NEXUS-1730,0.011332
NEXUS-1729,0.008577
NEXUS-1728,0.010735
NEXUS-1727,0.017045
NEXUS-1726,0.010091
NEXUS-1725,0.097048
NEXUS-1724,0.759582
NEXUS-1723,0.004905
NEXUS-1722,0.018125
NEXUS-1721,0.115162
NEXUS-1720,0.007577
NEXUS-1719,0.019569
NEXUS-1718,0.005911
NEXUS-1717,0.015906
NEXUS-1716,0.009784
NEXUS-1713,0.00986
NEXUS-1712,0.039937
NEXUS-1711,0.010408
NEXUS-1710,0.064183
NEXUS-1709,0.005469
NEXUS-1708,0.011332
NEXUS-1707,0.711631
NEXUS-1706,0.79534
NEXUS-1705,0.155335
NEXUS-1704,0.012432
NEXUS-1703,0.08389
NEXUS-1702,0.018689
NEXUS-1701,0.010408
NEXUS-1700,0.007121
NEXUS-1699,0.017309
NEXUS-1698,0.034881
NEXUS-1697,0.047426
NEXUS-1696,0.917006
NEXUS-1695,0.012054
NEXUS-1694,0.010653
NEXUS-1693,0.009784
NEXUS-1692,0.012625
NEXUS-1691,0.012336
NEXUS-1690,0.013325
NEXUS-1689,0.027796
NEXUS-1688,0.006798
NEXUS-1687,0.009708
NEXUS-1686,0.869271
NEXUS-1685,0.591251
NEXUS-1684,0.008062
NEXUS-1683,0.008711
NEXUS-1682,0.038466
NEXUS-1680,0.017986
NEXUS-1679,0.02976
NEXUS-1677,0.01142
NEXUS-1676,0.022629
NEXUS-1675,0.048496
NEXUS-1674,0.009708
NEXUS-1673,0.012625
NEXUS-1672,0.017309
NEXUS-1671,0.009055
NEXUS-1670,0.019569
NEXUS-1668,0.558327
NEXUS-1667,0.017577
NEXUS-1666,0.90261
NEXUS-1665,0.00573
NEXUS-1664,0.022629
NEXUS-1662,0.014729
NEXUS-1661,0.007816
NEXUS-1660,0.013223
NEXUS-1659,0.008188
NEXUS-1658,0.00629
NEXUS-1657,0.007233
NEXUS-1656,0.007346
NEXUS-1655,0.007012
NEXUS-1654,0.00582
NEXUS-1652,0.866585
NEXUS-1651,0.024798
NEXUS-1650,0.015785
NEXUS-1649,0.01142
NEXUS-1648,0.593256
NEXUS-1647,0.166134
NEXUS-1646,0.86431
NEXUS-1645,0.017045
NEXUS-1644,0.044349
NEXUS-1643,0.013956
NEXUS-1642,0.009708
NEXUS-1641,0.004332
NEXUS-1640,0.008316
NEXUS-1639,0.025761
NEXUS-1638,0.922482
NEXUS-1637,0.014957
NEXUS-1636,0.80038
NEXUS-1635,0.567697
NEXUS-1634,0.818737
NEXUS-1633,0.759582
NEXUS-1632,0.671363
NEXUS-1631,0.122944
NEXUS-1630,0.025371
NEXUS-1629,0.818737
NEXUS-1628,0.032344
NEXUS-1627,0.022117
NEXUS-1626,0.007012
NEXUS-1625,0.00506
NEXUS-1624,0.013742
NEXUS-1623,0.007696
NEXUS-1622,0.010328
NEXUS-1621,0.008847
NEXUS-1620,0.00522
NEXUS-1619,0.014729
NEXUS-1618,0.014504
NEXUS-1617,0.015544
NEXUS-1616,0.02976
NEXUS-1615,0.026355
NEXUS-1614,0.098425
NEXUS-1613,0.01302
NEXUS-1612,0.00506
NEXUS-1611,0.026759
NEXUS-1610,0.742795
NEXUS-1609,0.704567
NEXUS-1608,0.036494
NEXUS-1607,0.064653
NEXUS-1606,0.00629
NEXUS-1605,0.006388
NEXUS-1604,0.016153
NEXUS-1603,0.016153
NEXUS-1602,0.080069
NEXUS-1601,0.606615
NEXUS-1600,0.166675
NEXUS-1599,0.806853
NEXUS-1598,0.008916
NEXUS-1597,0.030676
NEXUS-1596,0.032837
NEXUS-1595,0.026355
NEXUS-1594,0.036494
NEXUS-1593,0.011158
NEXUS-1592,0.340074
NEXUS-1591,0.017177
NEXUS-1590,0.00629
NEXUS-1589,0.006488
NEXUS-1588,0.006388
NEXUS-1587,0.007233
NEXUS-1586,0.010091
NEXUS-1585,0.005469
NEXUS-1584,0.007938
NEXUS-1583,0.013428
NEXUS-1582,0.009559
NEXUS-1581,0.469764
NEXUS-1580,0.747984
NEXUS-1579,0.909265
NEXUS-1578,0.008511
NEXUS-1577,0.010091
NEXUS-1576,0.010249
NEXUS-1575,0.006488
NEXUS-1574,0.011869
NEXUS-1573,0.043043
NEXUS-1572,0.340184
NEXUS-1571,0.075858
NEXUS-1570,0.932453
NEXUS-1569,0.602763
NEXUS-1568,0.938576
NEXUS-1567,0.045016
NEXUS-1566,0.021451
NEXUS-1565,0.00659
NEXUS-1564,0.123366
NEXUS-1563,0.79534
NEXUS-1562,0.05301
NEXUS-1561,0.77081
NEXUS-1560,0.44071
NEXUS-1559,0.101947
NEXUS-1558,0.455683
NEXUS-1557,0.01653
NEXUS-1556,0.030909
NEXUS-1555,0.145601
NEXUS-1554,0.012147
NEXUS-1552,0.021287
NEXUS-1551,0.107063
NEXUS-1550,0.020332
NEXUS-1549,0.010014
NEXUS-1548,0.424173
NEXUS-1547,0.370909
NEXUS-1546,0.033086
NEXUS-1545,0.78695
NEXUS-1544,0.005911
NEXUS-1543,0.09947
NEXUS-1542,0.853425
NEXUS-1541,0.00659
NEXUS-1540,0.014392
NEXUS-1537,0.018405
NEXUS-1536,0.010489
NEXUS-1535,0.015189
NEXUS-1534,0.52829
NEXUS-1533,0.010987
NEXUS-1532,0.00407
NEXUS-1531,0.080937
NEXUS-1530,0.023331
NEXUS-1529,0.519034
NEXUS-1528,0.04778
NEXUS-1527,0.009708
NEXUS-1526,0.683736
NEXUS-1525,0.013325
NEXUS-1524,0.168036
NEXUS-1523,0.088505
NEXUS-1522,0.010408
NEXUS-1521,0.012241
NEXUS-1520,0.018547
NEXUS-1519,0.015544
NEXUS-1518,0.034881
NEXUS-1517,0.007696
NEXUS-1516,0.010735
NEXUS-1515,0.015189
NEXUS-1514,0.007816
NEXUS-1513,0.018978
NEXUS-1512,0.206894
NEXUS-1511,0.622172
NEXUS-1510,0.816699
NEXUS-1507,0.777975
NEXUS-1506,0.861072
NEXUS-1505,0.90599
NEXUS-1504,0.742422
NEXUS-1503,0.797241
NEXUS-1502,0.021781
NEXUS-1501,0.116362
NEXUS-1500,0.902952
NEXUS-1499,0.340245
NEXUS-1498,0.013325
NEXUS-1497,0.509764
NEXUS-1496,0.451327
NEXUS-1495,0.662087
NEXUS-1494,0.459561
NEXUS-1493,0.477554
NEXUS-1492,0.874935
NEXUS-1491,0.014957
NEXUS-1490,0.011778
NEXUS-1489,0.030444
NEXUS-1488,0.00522
NEXUS-1487,0.014957
NEXUS-1486,0.048137
NEXUS-1485,0.014616
NEXUS-1484,0.294316
NEXUS-1483,0.192539
NEXUS-1482,0.905322
NEXUS-1481,0.021287
NEXUS-1480,0.015785
NEXUS-1479,0.011158
NEXUS-1478,0.011332
NEXUS-1477,0.019569
NEXUS-1476,0.034359
NEXUS-1475,0.117167
NEXUS-1474,0.298901
NEXUS-1473,0.005642
NEXUS-1472,0.006193
NEXUS-1471,0.105579
NEXUS-1470,0.168036
NEXUS-1469,0.472683
NEXUS-1468,0.787278
NEXUS-1467,0.078078
NEXUS-1466,0.223377
NEXUS-1465,0.019124
NEXUS-1464,0.010408
NEXUS-1463,0.456894
NEXUS-1462,0.007938
NEXUS-1461,0.019569
NEXUS-1460,0.008062
NEXUS-1459,0.560734
NEXUS-1458,0.426322
NEXUS-1457,0.0538
NEXUS-1456,0.033844
NEXUS-1455,0.010091
NEXUS-1454,0.099121
NEXUS-1453,0.779322
NEXUS-1452,0.100172
NEXUS-1451,0.304559
NEXUS-1450,0.096365
NEXUS-1449,0.055413
NEXUS-1448,0.082107
NEXUS-1447,0.536799
NEXUS-1446,0.020332
NEXUS-1445,0.127218
NEXUS-1444,0.373076
NEXUS-1443,0.128088
NEXUS-1442,0.566738
NEXUS-1441,0.136148
NEXUS-1440,0.237399
NEXUS-1439,0.522933
NEXUS-1438,0.497559
NEXUS-1437,0.374676
NEXUS-1436,0.404272
NEXUS-1435,0.36557
NEXUS-1434,0.11358
NEXUS-1433,0.830044
NEXUS-1432,0.136608
NEXUS-1430,0.126785
NEXUS-1429,0.004682
NEXUS-1428,0.010653
NEXUS-1427,0.01017
NEXUS-1426,0.015906
NEXUS-1425,0.058132
NEXUS-1424,0.022117
NEXUS-1423,0.050331
NEXUS-1422,0.089773
NEXUS-1421,0.480966
NEXUS-1420,0.40592
NEXUS-1419,0.096365
NEXUS-1418,0.34065
NEXUS-1417,0.805326
NEXUS-1416,0.724091
NEXUS-1415,0.719186
NEXUS-1414,0.025371
NEXUS-1413,0.012821
NEXUS-1412,0.008316
NEXUS-1411,0.029987
NEXUS-1410,0.748352
NEXUS-1409,0.826432
NEXUS-1408,0.125493
NEXUS-1407,0.708011
NEXUS-1406,0.93196
NEXUS-1405,0.026557
NEXUS-1404,0.020646
NEXUS-1403,0.090414
NEXUS-1402,0.006904
NEXUS-1401,0.011597
NEXUS-1400,0.136148
NEXUS-1399,0.659076
NEXUS-1398,0.022117
NEXUS-1397,0.075041
NEXUS-1396,0.689619
NEXUS-1395,0.932453
NEXUS-1394,0.006904
NEXUS-1393,0.791176
NEXUS-1392,0.01653
NEXUS-1391,0.913058
NEXUS-1390,0.013121
NEXUS-1389,0.006004
NEXUS-1388,0.022457
NEXUS-1387,0.006388
NEXUS-1386,0.007012
NEXUS-1385,0.015544
NEXUS-1384,0.827271
NEXUS-1383,0.03259
NEXUS-1382,0.085709
NEXUS-1381,0.006693
NEXUS-1380,0.69987
NEXUS-1379,0.020964
NEXUS-1378,0.011158
NEXUS-1377,0.144631
NEXUS-1376,0.185357
NEXUS-1375,0.286868
NEXUS-1374,0.599368
NEXUS-1373,0.021615
NEXUS-1372,0.012147
NEXUS-1371,0.023689
NEXUS-1370,0.055413
NEXUS-1369,0.010091
NEXUS-1368,0.018689
NEXUS-1367,0.668448
NEXUS-1366,0.029091
NEXUS-1365,0.34621
NEXUS-1364,0.006904
NEXUS-1363,0.005302
NEXUS-1362,0.015306
NEXUS-1361,0.027169
NEXUS-1360,0.010249
NEXUS-1358,0.342792
NEXUS-1357,0.010091
NEXUS-1356,0.006693
NEXUS-1355,0.010091
NEXUS-1354,0.013849
NEXUS-1352,0.009055
NEXUS-1351,0.010014
NEXUS-1350,0.007816
NEXUS-1349,0.018125
NEXUS-1348,0.013637
NEXUS-1347,0.029312
NEXUS-1346,0.039048
NEXUS-1345,0.010249
NEXUS-1344,0.007816
NEXUS-1343,0.006098
NEXUS-1342,0.896614
NEXUS-1341,0.020489
NEXUS-1340,0.008
NEXUS-1339,0.02461
NEXUS-1338,0.00514
NEXUS-1337,0.008985
NEXUS-1336,0.025761
NEXUS-1335,0.008644
NEXUS-1334,0.02976
NEXUS-1333,0.00934
NEXUS-1332,0.025565
NEXUS-1331,0.018547
NEXUS-1330,0.431345
NEXUS-1329,0.367951
NEXUS-1328,0.854885
NEXUS-1327,0.922482
NEXUS-1326,0.915809
NEXUS-1325,0.014616
NEXUS-1324,0.018547
NEXUS-1323,0.007121
NEXUS-1322,0.180974
NEXUS-1321,0.032837
NEXUS-1320,0.651632
NEXUS-1319,0.006693
NEXUS-1318,0.016915
NEXUS-1317,0.621081
NEXUS-1316,0.095349
NEXUS-1315,0.27474
NEXUS-1314,0.91848
NEXUS-1313,0.022629
NEXUS-1312,0.029091
NEXUS-1311,0.021287
NEXUS-1310,0.017045
NEXUS-1309,0.047426
NEXUS-1308,0.00573
NEXUS-1307,0.028871
NEXUS-1306,0.012147
NEXUS-1305,0.048858
NEXUS-1303,0.022977
NEXUS-1302,0.018978
NEXUS-1301,0.048858
NEXUS-1300,0.012432
NEXUS-1299,0.019124
NEXUS-1298,0.009486
NEXUS-1297,0.753467
NEXUS-1296,0.859192
NEXUS-1295,0.007696
NEXUS-1294,0.021451
NEXUS-1293,0.86431
NEXUS-1292,0.76769
NEXUS-1291,0.367838
NEXUS-1290,0.385375
NEXUS-1289,0.2587
NEXUS-1288,0.921922
NEXUS-1287,0.834407
NEXUS-1286,0.44746
NEXUS-1285,0.781997
NEXUS-1284,0.44071
NEXUS-1283,0.005642
NEXUS-1282,0.01292
NEXUS-1281,0.876211
NEXUS-1280,0.041153
NEXUS-1279,0.017045
NEXUS-1278,0.017045
NEXUS-1277,0.008779
NEXUS-1276,0.022803
NEXUS-1275,0.028436
NEXUS-1274,0.060529
NEXUS-1273,0.019719
NEXUS-1272,0.005469
NEXUS-1268,0.018689
NEXUS-1267,0.008847
NEXUS-1266,0.083591
NEXUS-1265,0.00461
NEXUS-1263,0.020023
NEXUS-1261,0.012723
NEXUS-1260,0.018405
NEXUS-1259,0.006904
NEXUS-1258,0.012241
NEXUS-1257,0.018978
NEXUS-1255,0.00659
NEXUS-1254,0.254231
NEXUS-1253,0.011158
NEXUS-1252,0.008916
NEXUS-1251,0.014957
NEXUS-1250,0.012625
NEXUS-1238,0.808974
NEXUS-1237,0.017442
NEXUS-1236,0.007233
NEXUS-1235,0.03138
NEXUS-1234,0.280616
NEXUS-1233,0.006388
NEXUS-1232,0.008985
NEXUS-1231,0.008644
NEXUS-1228,0.015306
NEXUS-1227,0.018547
NEXUS-1226,0.138928
NEXUS-1225,0.020804
NEXUS-1224,0.009197
NEXUS-1223,0.01292
NEXUS-1222,0.021451
NEXUS-1221,0.008446
NEXUS-1220,0.748352
NEXUS-1219,0.94699
NEXUS-1218,0.0341
NEXUS-1217,0.927888
NEXUS-1216,0.795022
NEXUS-1215,0.749454
NEXUS-1214,0.151781
NEXUS-1213,0.566258
NEXUS-1212,0.446977
NEXUS-1211,0.770465
NEXUS-1210,0.126785
NEXUS-1209,0.021125
NEXUS-1208,0.076132
NEXUS-1207,0.013742
NEXUS-1206,0.027585
NEXUS-1205,0.748352
NEXUS-1204,0.012336
NEXUS-1203,0.063715
NEXUS-1202,0.203075
NEXUS-1201,0.013428
NEXUS-1200,0.635067
NEXUS-1199,0.067056
NEXUS-1198,0.172729
NEXUS-1197,0.495117
NEXUS-1196,0.009126
NEXUS-1195,0.017177
NEXUS-1194,0.011869
NEXUS-1193,0.032344
NEXUS-1192,0.059866
NEXUS-1191,0.020964
NEXUS-1190,0.720368
NEXUS-1189,0.013637
NEXUS-1188,0.303371
NEXUS-1187,0.807461
NEXUS-1186,0.017849
NEXUS-1185,0.011687
NEXUS-1184,0.015544
NEXUS-1183,0.010249
NEXUS-1182,0.029535
NEXUS-1181,0.863392
NEXUS-1180,0.901921
NEXUS-1179,0.477067
NEXUS-1178,0.030909
NEXUS-1177,0.696371
NEXUS-1176,0.664214
NEXUS-1175,0.008316
NEXUS-1174,0.010987
NEXUS-1173,0.017712
NEXUS-1172,0.010735
NEXUS-1171,0.014842
NEXUS-1170,0.016785
NEXUS-1169,0.006904
NEXUS-1168,0.006193
NEXUS-1167,0.068787
NEXUS-1164,0.009055
NEXUS-1163,0.013532
NEXUS-1162,0.017442
NEXUS-1161,0.020804
NEXUS-1160,0.015906
NEXUS-1159,0.869715
NEXUS-1158,0.00461
NEXUS-1157,0.010653
NEXUS-1156,0.01292
NEXUS-1155,0.375706
NEXUS-1154,0.028653
NEXUS-1153,0.699562
NEXUS-1152,0.198685
NEXUS-1151,0.009126
NEXUS-1150,0.918187
NEXUS-1149,0.007577
NEXUS-1148,0.137996
NEXUS-1147,0.009634
NEXUS-1146,0.03138
NEXUS-1145,0.019719
NEXUS-1144,0.021781
NEXUS-1143,0.014616
NEXUS-1142,0.012723
NEXUS-1141,0.011778
NEXUS-1140,0.026156
NEXUS-1139,0.016785
NEXUS-1138,0.022977
NEXUS-1137,0.020646
NEXUS-1136,0.048137
NEXUS-1135,0.015306
NEXUS-1134,0.014729
NEXUS-1133,0.00582
NEXUS-1132,0.013956
NEXUS-1131,0.008511
NEXUS-1130,0.431824
NEXUS-1129,0.048496
NEXUS-1128,0.428712
NEXUS-1127,0.009708
NEXUS-1126,0.016403
NEXUS-1125,0.017309
NEXUS-1124,0.006193
NEXUS-1123,0.008188
NEXUS-1122,0.101589
NEXUS-1121,0.071074
NEXUS-1120,0.064183
NEXUS-1119,0.508788
NEXUS-1118,0.069289
NEXUS-1117,0.024423
NEXUS-1116,0.046725
NEXUS-1115,0.940353
NEXUS-1114,0.035948
NEXUS-1113,0.014504
NEXUS-1112,0.011687
NEXUS-1111,0.020964
NEXUS-1110,0.04778
NEXUS-1109,0.014842
NEXUS-1108,0.017712
NEXUS-1107,0.009055
NEXUS-1106,0.02461
NEXUS-1105,0.014616
NEXUS-1104,0.009936
NEXUS-1103,0.039937
NEXUS-1102,0.063019
NEXUS-1101,0.028008
NEXUS-1100,0.574634
NEXUS-1099,0.03359
NEXUS-1098,0.011778
NEXUS-1097,0.024238
NEXUS-1096,0.010328
NEXUS-1095,0.011778
NEXUS-1094,0.019124
NEXUS-1093,0.018405
NEXUS-1092,0.027585
NEXUS-1091,0.230573
NEXUS-1090,0.014616
NEXUS-1089,0.029312
NEXUS-1088,0.011687
NEXUS-1087,0.009486
NEXUS-1086,0.013849
NEXUS-1085,0.880386
NEXUS-1084,0.013428
NEXUS-1083,0.022629
NEXUS-1082,0.081228
NEXUS-1081,0.046034
NEXUS-1080,0.090093
NEXUS-1079,0.066812
NEXUS-1078,0.334938
NEXUS-1076,0.735642
NEXUS-1075,0.595022
NEXUS-1074,0.00934
NEXUS-1073,0.010091
NEXUS-1072,0.009268
NEXUS-1071,0.058346
NEXUS-1070,0.008577
NEXUS-1069,0.009413
NEXUS-1068,0.146575
NEXUS-1067,0.030215
NEXUS-1066,0.037327
NEXUS-1065,0.022803
NEXUS-1064,0.017045
NEXUS-1063,0.014842
NEXUS-1062,0.014392
NEXUS-1061,0.015073
NEXUS-1060,0.012054
NEXUS-1059,0.019419
NEXUS-1058,0.459561
NEXUS-1057,0.008779
NEXUS-1056,0.192236
NEXUS-1055,0.011072
NEXUS-1054,0.84338
NEXUS-1053,0.065605
NEXUS-1052,0.297878
NEXUS-1051,0.599602
NEXUS-1050,0.418222
NEXUS-1049,0.635917
NEXUS-1048,0.253861
NEXUS-1047,0.055005
NEXUS-1046,0.313078
NEXUS-1045,0.045016
NEXUS-1044,0.551815
NEXUS-1043,0.02976
NEXUS-1042,0.179531
NEXUS-1041,0.898767
NEXUS-1040,0.014064
NEXUS-1039,0.013121
NEXUS-1038,0.018125
NEXUS-1037,0.624122
NEXUS-1036,0.817574
NEXUS-1035,0.868381
NEXUS-1034,0.910545
NEXUS-1033,0.089137
NEXUS-1032,0.756358
NEXUS-1031,0.010489
NEXUS-1030,0.013325
NEXUS-1029,0.054199
NEXUS-1028,0.022629
NEXUS-1027,0.022457
NEXUS-1026,0.021948
NEXUS-1025,0.022286
NEXUS-1024,0.315446
NEXUS-1023,0.051845
NEXUS-1022,0.241489
NEXUS-1021,0.097734
NEXUS-1020,0.837088
NEXUS-1019,0.027585
NEXUS-1018,0.024423
NEXUS-1017,0.016029
NEXUS-1016,0.005302
NEXUS-1015,0.015425
NEXUS-1014,0.014504
NEXUS-1013,0.006488
NEXUS-1012,0.009197
NEXUS-1011,0.008446
NEXUS-1010,0.913984
NEXUS-1009,0.127218
NEXUS-1008,0.021948
NEXUS-1007,0.017177
NEXUS-1006,0.022977
NEXUS-1005,0.013428
NEXUS-1004,0.275519
NEXUS-1003,0.748352
NEXUS-1002,0.188324
NEXUS-1001,0.02461
NEXUS-1000,0.01302
NEXUS-999,0.128963
NEXUS-998,0.099821
NEXUS-997,0.017442
NEXUS-996,0.204978
NEXUS-995,0.412293
NEXUS-994,0.94079
NEXUS-993,0.014729
NEXUS-992,0.010091
NEXUS-991,0.00838
NEXUS-990,0.00659
NEXUS-989,0.014172
NEXUS-988,0.010408
NEXUS-987,0.011508
NEXUS-986,0.026964
NEXUS-985,0.182134
NEXUS-984,0.010653
NEXUS-983,0.013121
NEXUS-982,0.857291
NEXUS-981,0.007938
NEXUS-980,0.57678
NEXUS-979,0.027376
NEXUS-978,0.807764
NEXUS-977,0.852445
NEXUS-976,0.023689
NEXUS-975,0.010408
NEXUS-974,0.009486
NEXUS-973,0.005642
NEXUS-972,0.010489
NEXUS-971,0.007461
NEXUS-970,0.224395
NEXUS-969,0.333259
NEXUS-968,0.046725
NEXUS-967,0.018978
NEXUS-966,0.017309
NEXUS-965,0.006488
NEXUS-964,0.039639
NEXUS-963,0.027169
NEXUS-962,0.64593
NEXUS-961,0.006693
NEXUS-960,0.115561
NEXUS-959,0.014172
NEXUS-958,0.018264
NEXUS-957,0.01302
NEXUS-956,0.070816
NEXUS-955,0.061876
NEXUS-954,0.68268
NEXUS-953,0.126353
NEXUS-952,0.025761
NEXUS-951,0.016153
NEXUS-950,0.011778
NEXUS-949,0.014172
NEXUS-948,0.014064
NEXUS-947,0.012625
NEXUS-946,0.042722
NEXUS-945,0.861072
NEXUS-944,0.62949
NEXUS-943,0.642194
NEXUS-942,0.07836
NEXUS-941,0.916409
NEXUS-940,0.938124
NEXUS-939,0.018264
NEXUS-938,0.00986
NEXUS-937,0.011687
NEXUS-936,0.015664
NEXUS-935,0.214362
NEXUS-934,0.745028
NEXUS-933,0.872782
NEXUS-932,0.782995
NEXUS-931,0.195287
NEXUS-930,0.510741
NEXUS-929,0.350644
NEXUS-928,0.54359
NEXUS-927,0.663606
NEXUS-926,0.823896
NEXUS-925,0.794704
NEXUS-924,0.92079
NEXUS-923,0.195748
NEXUS-922,0.007461
NEXUS-921,0.860604
NEXUS-920,0.010249
NEXUS-919,0.010818
NEXUS-918,0.941654
NEXUS-917,0.938576
NEXUS-916,0.020177
NEXUS-915,0.816699
NEXUS-914,0.012723
NEXUS-913,0.101947
NEXUS-912,0.010489
NEXUS-911,0.016915
NEXUS-910,0.632333
NEXUS-909,0.503418
NEXUS-908,0.369998
NEXUS-907,0.23546
NEXUS-906,0.098773
NEXUS-905,0.040541
NEXUS-904,0.070304
NEXUS-903,0.070304
NEXUS-902,0.063019
NEXUS-901,0.035145
NEXUS-900,0.043043
NEXUS-899,0.044349
NEXUS-898,0.037609
NEXUS-897,0.190122
NEXUS-896,0.168857
NEXUS-895,0.105579
NEXUS-894,0.152537
NEXUS-893,0.150528
NEXUS-892,0.135232
NEXUS-891,0.115961
NEXUS-890,0.08389
NEXUS-889,0.122944
NEXUS-888,0.08152
NEXUS-887,0.086016
NEXUS-886,0.036494
NEXUS-885,0.100879
NEXUS-884,0.033086
NEXUS-883,0.05921
NEXUS-882,0.069038
NEXUS-881,0.071591
NEXUS-880,0.048137
NEXUS-879,0.093678
NEXUS-878,0.177241
NEXUS-877,0.060087
NEXUS-876,0.524882
NEXUS-875,0.01057
NEXUS-874,0.136148
NEXUS-873,0.760651
NEXUS-872,0.874077
NEXUS-871,0.010818
NEXUS-870,0.131173
NEXUS-869,0.185062
NEXUS-868,0.020332
NEXUS-867,0.058346
NEXUS-866,0.017849
NEXUS-865,0.862468
NEXUS-864,0.126353
NEXUS-863,0.340938
NEXUS-862,0.073696
NEXUS-861,0.531696
NEXUS-860,0.743168
NEXUS-859,0.120026
NEXUS-858,0.556641
NEXUS-857,0.026759
NEXUS-856,0.015906
NEXUS-855,0.011158
NEXUS-854,0.112795
NEXUS-853,0.01292
NEXUS-852,0.074231
NEXUS-851,0.119614
NEXUS-850,0.011687
NEXUS-849,0.010735
NEXUS-848,0.022117
NEXUS-847,0.014729
NEXUS-846,0.841305
NEXUS-845,0.787605
NEXUS-844,0.022286
NEXUS-843,0.045016
NEXUS-842,0.14731
NEXUS-841,0.666768
NEXUS-840,0.83868
NEXUS-839,0.022286
NEXUS-838,0.009055
NEXUS-837,0.879147
NEXUS-836,0.019419
NEXUS-835,0.024798
NEXUS-834,0.007938
NEXUS-833,0.004982
NEXUS-832,0.086632
NEXUS-831,0.424173
NEXUS-830,0.009936
NEXUS-829,0.009413
NEXUS-828,0.00659
NEXUS-827,0.007346
NEXUS-826,0.255715
NEXUS-825,0.083292
NEXUS-824,0.098079
NEXUS-823,0.059428
NEXUS-822,0.258888
NEXUS-821,0.046378
NEXUS-820,0.020804
NEXUS-819,0.292494
NEXUS-818,0.010489
NEXUS-817,0.445771
NEXUS-816,0.447702
NEXUS-815,0.869715
NEXUS-814,0.017045
NEXUS-813,0.89841
NEXUS-812,0.256087
NEXUS-811,0.01017
NEXUS-810,0.02461
NEXUS-809,0.022457
NEXUS-808,0.005642
NEXUS-807,0.004538
NEXUS-806,0.006904
NEXUS-805,0.012336
NEXUS-804,0.501465
NEXUS-803,0.076408
NEXUS-802,0.009634
NEXUS-801,0.013849
NEXUS-800,0.007233
NEXUS-799,0.00514
NEXUS-798,0.006904
NEXUS-797,0.337927
NEXUS-796,0.16238
NEXUS-795,0.278551
NEXUS-794,0.450118
NEXUS-793,0.048858
NEXUS-792,0.383295
NEXUS-791,0.013956
NEXUS-790,0.900179
NEXUS-789,0.014172
NEXUS-788,0.021781
NEXUS-787,0.922482
NEXUS-786,0.557604
NEXUS-785,0.273866
NEXUS-784,0.663533
NEXUS-783,0.907967
NEXUS-782,0.846451
NEXUS-781,0.014957
NEXUS-780,0.022977
NEXUS-779,0.078078
NEXUS-778,0.039937
NEXUS-777,0.016657
NEXUS-776,0.919643
NEXUS-775,0.020177
NEXUS-774,0.019419
NEXUS-773,0.010735
NEXUS-772,0.923592
NEXUS-771,0.008062
NEXUS-770,0.848972
NEXUS-769,0.316158
NEXUS-768,0.076684
NEXUS-767,0.345436
NEXUS-766,0.013223
NEXUS-765,0.017045
NEXUS-764,0.052231
NEXUS-763,0.027585
NEXUS-762,0.374104
NEXUS-761,0.048858
NEXUS-760,0.049589
NEXUS-759,0.028436
NEXUS-758,0.664323
NEXUS-757,0.603815
NEXUS-756,0.953622
NEXUS-754,0.547464
NEXUS-753,0.885235
NEXUS-752,0.902266
NEXUS-751,0.926304
NEXUS-750,0.887984
NEXUS-749,0.845942
NEXUS-748,0.024988
NEXUS-747,0.010735
NEXUS-746,0.324449
NEXUS-745,0.482429
NEXUS-744,0.021948
NEXUS-743,0.012432
NEXUS-742,0.010818
NEXUS-741,0.024423
NEXUS-740,0.320077
NEXUS-739,0.015425
NEXUS-738,0.016153
NEXUS-737,0.018547
NEXUS-736,0.007938
NEXUS-735,0.006798
NEXUS-734,0.013121
NEXUS-733,0.012432
NEXUS-732,0.023153
NEXUS-731,0.018689
NEXUS-730,0.024798
NEXUS-729,0.007346
NEXUS-728,0.008316
NEXUS-727,0.084493
NEXUS-726,0.274838
NEXUS-725,0.683102
NEXUS-724,0.021451
NEXUS-723,0.011961
NEXUS-722,0.012821
NEXUS-721,0.016029
NEXUS-720,0.013637
NEXUS-719,0.015544
NEXUS-718,0.022629
NEXUS-717,0.011072
NEXUS-716,0.009197
NEXUS-715,0.015906
NEXUS-714,0.00986
NEXUS-713,0.015425
NEXUS-712,0.009486
NEXUS-711,0.007577
NEXUS-710,0.631669
NEXUS-709,0.013121
NEXUS-708,0.01142
NEXUS-707,0.021125
NEXUS-706,0.274838
NEXUS-705,0.448668
NEXUS-704,0.36977
NEXUS-703,0.923039
NEXUS-702,0.006798
NEXUS-701,0.058346
NEXUS-700,0.013532
NEXUS-699,0.803791
NEXUS-698,0.891811
NEXUS-697,0.385375
NEXUS-696,0.036769
NEXUS-695,0.018405
NEXUS-694,0.011687
NEXUS-693,0.009559
NEXUS-692,0.011687
NEXUS-691,0.231962
NEXUS-690,0.016915
NEXUS-689,0.876211
NEXUS-688,0.403567
NEXUS-687,0.008644
NEXUS-686,0.012723
NEXUS-685,0.063251
NEXUS-684,0.786623
NEXUS-683,0.01057
NEXUS-682,0.90053
NEXUS-681,0.005302
NEXUS-680,0.028653
NEXUS-679,0.041462
NEXUS-678,0.013121
NEXUS-677,0.563138
NEXUS-676,0.272799
NEXUS-675,0.023871
NEXUS-674,0.172172
NEXUS-673,0.049222
NEXUS-672,0.009708
NEXUS-671,0.010818
NEXUS-670,0.007938
NEXUS-669,0.00986
NEXUS-668,0.023331
NEXUS-667,0.015906
NEXUS-666,0.009708
NEXUS-665,0.009936
NEXUS-664,0.021615
NEXUS-663,0.011158
NEXUS-662,0.017045
NEXUS-661,0.466116
NEXUS-660,0.014842
NEXUS-659,0.006798
NEXUS-658,0.013742
NEXUS-657,0.018125
NEXUS-656,0.018405
NEXUS-655,0.007121
NEXUS-654,0.01017
NEXUS-653,0.015306
NEXUS-652,0.035679
NEXUS-651,0.019271
NEXUS-650,0.008511
NEXUS-649,0.951504
NEXUS-648,0.007233
NEXUS-647,0.015306
NEXUS-646,0.013637
NEXUS-645,0.009936
NEXUS-644,0.007012
NEXUS-643,0.046034
NEXUS-642,0.108945
NEXUS-641,0.114369
NEXUS-640,0.076684
NEXUS-639,0.086323
NEXUS-638,0.055413
NEXUS-637,0.038756
NEXUS-636,0.053403
NEXUS-635,0.080937
NEXUS-634,0.051463
NEXUS-633,0.023331
NEXUS-632,0.031859
NEXUS-631,0.00986
NEXUS-630,0.013223
NEXUS-629,0.006004
NEXUS-628,0.007121
NEXUS-622,0.012625
NEXUS-621,0.142232
NEXUS-620,0.223547
NEXUS-619,0.018689
NEXUS-618,0.014616
NEXUS-617,0.011961
NEXUS-616,0.019419
NEXUS-615,0.022803
NEXUS-614,0.016915
NEXUS-613,0.006004
NEXUS-612,0.018833
NEXUS-611,0.010653
NEXUS-610,0.025761
NEXUS-609,0.766294
NEXUS-608,0.602646
NEXUS-607,0.016153
NEXUS-606,0.217338
NEXUS-605,0.412885
NEXUS-604,0.202443
NEXUS-603,0.103024
NEXUS-602,0.056236
NEXUS-601,0.198996
NEXUS-600,0.857768
NEXUS-599,0.442636
NEXUS-598,0.039048
NEXUS-597,0.007012
NEXUS-596,0.684475
NEXUS-595,0.396886
NEXUS-594,0.023153
NEXUS-593,0.674587
NEXUS-592,0.181844
NEXUS-591,0.016403
NEXUS-590,0.011072
NEXUS-589,0.026759
NEXUS-588,0.018978
NEXUS-587,0.008577
NEXUS-586,0.046034
NEXUS-585,0.271059
NEXUS-584,0.163445
NEXUS-583,0.010987
NEXUS-582,0.007121
NEXUS-581,0.510741
NEXUS-580,0.011245
NEXUS-579,0.006098
NEXUS-578,0.010014
NEXUS-577,0.004682
NEXUS-576,0.01653
NEXUS-575,0.030676
NEXUS-574,0.020023
NEXUS-573,0.131173
NEXUS-572,0.01302
NEXUS-571,0.005642
NEXUS-570,0.026759
NEXUS-569,0.131619
NEXUS-568,0.025565
NEXUS-567,0.051845
NEXUS-566,0.232484
NEXUS-565,0.051845
NEXUS-564,0.131619
NEXUS-563,0.051845
NEXUS-562,0.099121
NEXUS-561,0.051845
NEXUS-560,0.051845
NEXUS-559,0.099121
NEXUS-558,0.044681
NEXUS-557,0.232484
NEXUS-556,0.051845
NEXUS-555,0.131619
NEXUS-554,0.051845
NEXUS-553,0.131619
NEXUS-552,0.099121
NEXUS-551,0.051845
NEXUS-550,0.061199
NEXUS-549,0.051845
NEXUS-548,0.04778
NEXUS-547,0.051845
NEXUS-546,0.388734
NEXUS-545,0.008188
NEXUS-544,0.248352
NEXUS-543,0.636861
NEXUS-542,0.044019
NEXUS-541,0.834946
NEXUS-540,0.022977
NEXUS-539,0.013532
NEXUS-538,0.186243
NEXUS-537,0.070049
NEXUS-536,0.013121
NEXUS-535,0.010902
NEXUS-534,0.018405
NEXUS-533,0.093017
NEXUS-532,0.062103
NEXUS-531,0.243822
NEXUS-530,0.019569
NEXUS-529,0.018264
NEXUS-528,0.875787
NEXUS-527,0.104477
NEXUS-526,0.11358
NEXUS-525,0.00934
NEXUS-524,0.013428
NEXUS-523,0.012625
NEXUS-522,0.021948
NEXUS-521,0.008916
NEXUS-520,0.018689
NEXUS-519,0.460532
NEXUS-518,0.045353
NEXUS-517,0.00582
NEXUS-516,0.011245
NEXUS-515,0.03138
NEXUS-514,0.012625
NEXUS-513,0.011072
NEXUS-512,0.015664
NEXUS-511,0.483405
NEXUS-510,0.039048
NEXUS-509,0.00986
NEXUS-508,0.018264
NEXUS-507,0.01302
NEXUS-506,0.814643
NEXUS-505,0.024798
NEXUS-504,0.011869
NEXUS-503,0.906983
NEXUS-502,0.404507
NEXUS-501,0.026964
NEXUS-500,0.018264
NEXUS-499,0.008985
NEXUS-498,0.017712
NEXUS-497,0.049589
NEXUS-496,0.91848
NEXUS-495,0.007012
NEXUS-494,0.028653
NEXUS-493,0.006904
NEXUS-492,0.007121
NEXUS-491,0.011332
NEXUS-490,0.770119
NEXUS-489,0.899828
NEXUS-488,0.2763
NEXUS-487,0.011778
NEXUS-486,0.009708
NEXUS-485,0.406391
NEXUS-484,0.966156
NEXUS-483,0.00659
NEXUS-482,0.009413
NEXUS-481,0.938576
NEXUS-480,0.011687
NEXUS-479,0.042722
NEXUS-478,0.020332
NEXUS-477,0.161849
NEXUS-476,0.760295
NEXUS-475,0.020646
NEXUS-474,0.022457
NEXUS-473,0.165863
NEXUS-472,0.027796
NEXUS-471,0.00514
NEXUS-470,0.00659
NEXUS-469,0.02461
NEXUS-468,0.010014
NEXUS-467,0.00986
NEXUS-466,0.008577
NEXUS-465,0.01017
NEXUS-464,0.009268
NEXUS-463,0.726814
NEXUS-462,0.008062
NEXUS-461,0.507812
NEXUS-460,0.011961
NEXUS-459,0.037327
NEXUS-458,0.012054
NEXUS-457,0.013223
NEXUS-456,0.043691
NEXUS-455,0.220007
NEXUS-454,0.227469
NEXUS-453,0.010249
NEXUS-452,0.335841
NEXUS-451,0.00659
NEXUS-450,0.195902
NEXUS-449,0.017577
NEXUS-448,0.010328
NEXUS-447,0.015785
NEXUS-446,0.010818
NEXUS-445,0.008125
NEXUS-444,0.007121
NEXUS-443,0.010818
NEXUS-442,0.012625
NEXUS-441,0.007121
NEXUS-440,0.018833
NEXUS-439,0.00659
NEXUS-438,0.186836
NEXUS-437,0.022117
NEXUS-436,0.012723
NEXUS-435,0.010249
NEXUS-434,0.051083
NEXUS-433,0.03138
NEXUS-432,0.012821
NEXUS-431,0.015785
NEXUS-430,0.013956
NEXUS-429,0.71602
NEXUS-428,0.766992
NEXUS-427,0.773216
NEXUS-426,0.005555
NEXUS-425,0.011508
NEXUS-424,0.012821
NEXUS-423,0.012147
NEXUS-422,0.013325
NEXUS-421,0.046725
NEXUS-420,0.00986
NEXUS-419,0.019569
NEXUS-418,0.010014
NEXUS-417,0.019569
NEXUS-416,0.01292
NEXUS-415,0.019569
NEXUS-414,0.013532
NEXUS-413,0.010489
NEXUS-412,0.573201
NEXUS-411,0.008062
NEXUS-410,0.599133
NEXUS-409,0.138928
NEXUS-408,0.055823
NEXUS-407,0.03259
NEXUS-406,0.634416
NEXUS-405,0.565299
NEXUS-404,0.016029
NEXUS-403,0.02976
NEXUS-402,0.009708
NEXUS-401,0.008711
NEXUS-400,0.010408
NEXUS-399,0.010987
NEXUS-398,0.024238
NEXUS-397,0.012625
NEXUS-396,0.128525
NEXUS-395,0.038466
NEXUS-394,0.04778
NEXUS-393,0.072112
NEXUS-392,0.047426
NEXUS-391,0.00483
NEXUS-390,0.014392
NEXUS-389,0.897695
NEXUS-388,0.017442
NEXUS-387,0.054199
NEXUS-386,0.075041
NEXUS-385,0.109325
NEXUS-384,0.034619
NEXUS-383,0.740925
NEXUS-382,0.027585
NEXUS-381,0.00506
NEXUS-380,0.419886
NEXUS-379,0.022117
NEXUS-378,0.01292
NEXUS-377,0.210117
NEXUS-376,0.240061
NEXUS-375,0.007461
NEXUS-374,0.495606
NEXUS-373,0.391871
NEXUS-372,0.07477
NEXUS-371,0.186243
NEXUS-370,0.117572
NEXUS-369,0.241311
NEXUS-368,0.021287
NEXUS-367,0.029312
NEXUS-366,0.090414
NEXUS-365,0.090093
NEXUS-364,0.151028
NEXUS-363,0.051463
NEXUS-362,0.048858
NEXUS-361,0.043043
NEXUS-360,0.053403
NEXUS-359,0.010014
NEXUS-358,0.008916
NEXUS-357,0.004982
NEXUS-356,0.004982
NEXUS-355,0.003538
NEXUS-354,0.010091
NEXUS-353,0.005385
NEXUS-352,0.011961
NEXUS-351,0.004538
NEXUS-350,0.044349
NEXUS-349,0.020804
NEXUS-348,0.015906
NEXUS-347,0.012336
NEXUS-346,0.020023
NEXUS-345,0.089137
NEXUS-344,0.090414
NEXUS-343,0.356783
NEXUS-342,0.083591
NEXUS-341,0.245447
NEXUS-340,0.102305
NEXUS-339,0.127653
NEXUS-338,0.677687
NEXUS-337,0.014282
NEXUS-336,0.027376
NEXUS-335,0.007938
NEXUS-334,0.018833
NEXUS-333,0.006193
NEXUS-332,0.005385
NEXUS-331,0.006798
NEXUS-330,0.007012
NEXUS-329,0.01057
NEXUS-328,0.006798
NEXUS-327,0.016657
NEXUS-326,0.863392
NEXUS-325,0.921358
NEXUS-324,0.929951
NEXUS-323,0.820469
NEXUS-322,0.008985
NEXUS-321,0.73029
NEXUS-320,0.633013
NEXUS-319,0.107813
NEXUS-318,0.646192
NEXUS-317,0.021948
NEXUS-316,0.242026
NEXUS-315,0.025565
NEXUS-314,0.009126
NEXUS-313,0.007461
NEXUS-312,0.006488
NEXUS-311,0.00659
NEXUS-310,0.010014
NEXUS-309,0.02976
NEXUS-308,0.017045
NEXUS-307,0.00582
NEXUS-306,0.167763
NEXUS-305,0.018978
NEXUS-304,0.074231
NEXUS-303,0.179243
NEXUS-301,0.249996
NEXUS-300,0.045692
NEXUS-299,0.601242
NEXUS-298,0.658802
NEXUS-297,0.669745
NEXUS-296,0.805632
NEXUS-295,0.261472
NEXUS-294,0.015073
NEXUS-293,0.205615
NEXUS-292,0.041462
NEXUS-291,0.08819
NEXUS-290,0.08819
NEXUS-289,0.013532
NEXUS-288,0.852445
NEXUS-287,0.014392
NEXUS-286,0.022977
NEXUS-285,0.019124
NEXUS-284,0.014064
NEXUS-283,0.008446
NEXUS-282,0.022286
NEXUS-281,0.741674
NEXUS-279,0.620507
NEXUS-278,0.896976
NEXUS-277,0.23144
NEXUS-276,0.105211
NEXUS-273,0.94079
NEXUS-272,0.884039
NEXUS-271,0.019871
NEXUS-270,0.032344
NEXUS-269,0.009784
NEXUS-268,0.017177
NEXUS-267,0.006388
NEXUS-266,0.035145
NEXUS-265,0.036769
NEXUS-264,0.021781
NEXUS-263,0.099821
NEXUS-262,0.071332
NEXUS-261,0.039343
NEXUS-260,0.158174
NEXUS-259,0.082697
NEXUS-258,0.130285
NEXUS-257,0.160003
NEXUS-256,0.867485
NEXUS-255,0.019419
NEXUS-254,0.131619
NEXUS-253,0.014729
NEXUS-252,0.106691
NEXUS-251,0.010408
NEXUS-250,0.08152
NEXUS-249,0.020177
NEXUS-248,0.772531
NEXUS-247,0.01302
NEXUS-246,0.009268
NEXUS-245,0.00582
NEXUS-244,0.017177
NEXUS-243,0.6195
NEXUS-242,0.695235
NEXUS-241,0.866585
NEXUS-240,0.816113
NEXUS-239,0.084191
NEXUS-238,0.90261
NEXUS-237,0.008188
NEXUS-236,0.010328
NEXUS-235,0.112016
NEXUS-234,0.359139
NEXUS-233,0.187133
NEXUS-232,0.114765
NEXUS-231,0.153042
NEXUS-230,0.506347
NEXUS-229,0.791821
NEXUS-228,0.190423
NEXUS-227,0.837088
NEXUS-226,0.008252
NEXUS-225,0.120853
NEXUS-224,0.008062
NEXUS-223,0.007121
NEXUS-222,0.008316
NEXUS-221,0.810179
NEXUS-220,0.031144
NEXUS-219,0.032837
NEXUS-218,0.585812
NEXUS-217,0.029091
NEXUS-216,0.021781
NEXUS-215,0.007346
NEXUS-214,0.009936
NEXUS-213,0.009268
NEXUS-212,0.010902
NEXUS-211,0.762778
NEXUS-210,0.017045
NEXUS-209,0.749454
NEXUS-208,0.022977
NEXUS-207,0.003765
NEXUS-206,0.005469
NEXUS-205,0.094343
NEXUS-204,0.00629
NEXUS-203,0.008985
NEXUS-202,0.76207
NEXUS-201,0.030676
NEXUS-200,0.019271
NEXUS-199,0.036494
NEXUS-198,0.011961
NEXUS-197,0.004905
NEXUS-196,0.009936
NEXUS-195,0.015425
NEXUS-194,0.014729
NEXUS-193,0.008577
NEXUS-192,0.012528
NEXUS-191,0.010328
NEXUS-190,0.006488
NEXUS-189,0.017045
NEXUS-188,0.007346
NEXUS-187,0.124213
NEXUS-186,0.341967
NEXUS-185,0.279238
NEXUS-184,0.425844
NEXUS-183,0.225417
NEXUS-182,0.473657
NEXUS-181,0.377483
NEXUS-180,0.141756
NEXUS-179,0.043043
NEXUS-178,0.081813
NEXUS-177,0.065128
NEXUS-176,0.189821
NEXUS-175,0.032101
NEXUS-174,0.056236
NEXUS-173,0.035411
NEXUS-172,0.050705
NEXUS-171,0.084191
NEXUS-170,0.126785
NEXUS-169,0.048137
NEXUS-168,0.101589
NEXUS-167,0.087252
NEXUS-166,0.5083
NEXUS-165,0.255344
NEXUS-164,0.024798
NEXUS-163,0.023689
NEXUS-162,0.008188
NEXUS-161,0.027376
NEXUS-160,0.252016
NEXUS-159,0.693888
NEXUS-158,0.129403
NEXUS-157,0.316264
NEXUS-156,0.215351
NEXUS-155,0.136608
NEXUS-154,0.205615
NEXUS-153,0.481454
NEXUS-152,0.205296
NEXUS-151,0.791176
NEXUS-150,0.44071
NEXUS-149,0.014064
NEXUS-148,0.044019
NEXUS-147,0.022457
NEXUS-146,0.00573
NEXUS-145,0.560493
NEXUS-144,0.064653
NEXUS-143,0.263789
NEXUS-142,0.144149
NEXUS-141,0.060529
NEXUS-140,0.073696
NEXUS-139,0.274935
NEXUS-138,0.681091
NEXUS-137,0.076408
NEXUS-136,0.096025
NEXUS-135,0.067793
NEXUS-134,0.224395
NEXUS-133,0.435421
NEXUS-132,0.0729
NEXUS-131,0.240953
NEXUS-130,0.208179
NEXUS-129,0.384681
NEXUS-128,0.516108
NEXUS-127,0.045016
NEXUS-126,0.016277
NEXUS-125,0.76207
NEXUS-124,0.013849
NEXUS-123,0.005555
NEXUS-122,0.178383
NEXUS-121,0.015073
NEXUS-120,0.483161
NEXUS-119,0.019124
NEXUS-118,0.613787
NEXUS-117,0.078078
NEXUS-116,0.904987
NEXUS-115,0.513668
NEXUS-114,0.637743
NEXUS-113,0.588416
NEXUS-112,0.141281
NEXUS-111,0.39222
NEXUS-110,0.013637
NEXUS-109,0.015664
NEXUS-108,0.016277
NEXUS-107,0.807157
NEXUS-106,0.013428
NEXUS-105,0.020646
NEXUS-104,0.008985
NEXUS-103,0.008446
NEXUS-102,0.014729
NEXUS-101,0.013428
NEXUS-100,0.019719
NEXUS-99,0.013428
NEXUS-98,0.801315
NEXUS-95,0.592431
NEXUS-94,0.01653
NEXUS-93,0.008125
NEXUS-92,0.027169
NEXUS-91,0.036494
NEXUS-90,0.013956
NEXUS-89,0.013121
NEXUS-88,0.019569
NEXUS-87,0.028436
NEXUS-86,0.007938
NEXUS-85,0.013325
NEXUS-84,0.039937
NEXUS-83,0.019271
NEXUS-82,0.572245
NEXUS-81,0.009559
NEXUS-80,0.013223
NEXUS-79,0.019124
NEXUS-78,0.036494
NEXUS-77,0.019569
NEXUS-76,0.015544
NEXUS-75,0.009268
NEXUS-74,0.008577
NEXUS-73,0.006904
NEXUS-72,0.020023
NEXUS-71,0.016657
NEXUS-70,0.023509
NEXUS-69,0.032344
NEXUS-68,0.830594
NEXUS-67,0.00659
NEXUS-66,0.020489
NEXUS-65,0.025371
NEXUS-64,0.02976
NEXUS-63,0.177811
NEXUS-62,0.517571
NEXUS-61,0.012528
NEXUS-60,0.947381
NEXUS-59,0.007577
NEXUS-58,0.757436
NEXUS-57,0.015189
NEXUS-56,0.01302
NEXUS-55,0.7773
NEXUS-54,0.022977
NEXUS-53,0.025179
NEXUS-52,0.696371
NEXUS-51,0.025565
NEXUS-50,0.010818
NEXUS-49,0.018833
NEXUS-48,0.030909
NEXUS-47,0.014064
NEXUS-46,0.785966
NEXUS-45,0.010091
NEXUS-44,0.009486
NEXUS-42,0.441673
NEXUS-41,0.009559
NEXUS-40,0.028653
NEXUS-39,0.059866
NEXUS-38,0.004007
NEXUS-37,0.015544
NEXUS-36,0.019271
NEXUS-34,0.135232
NEXUS-33,0.270866
NEXUS-32,0.016657
NEXUS-31,0.015306
NEXUS-30,0.015785
NEXUS-29,0.90764
NEXUS-28,0.803791
NEXUS-27,0.008916
NEXUS-26,0.014957
NEXUS-25,0.33372
NEXUS-24,0.013637
NEXUS-23,0.934395
NEXUS-22,0.616416
NEXUS-21,0.028221
NEXUS-19,0.686265
NEXUS-18,0.010987
NEXUS-17,0.020804
NEXUS-16,0.712232
NEXUS-15,0.016153
NEXUS-14,0.018264
NEXUS-13,0.018978
NEXUS-12,0.015785
NEXUS-11,0.892563
NEXUS-10,0.028221
NEXUS-9,0.935346
NEXUS-8,0.924688
NEXUS-7,0.318856
NEXUS-5,0.060975
NEXUS-4,0.747247
NEXUS-3,0.008916
NEXUS-1,0.020964
