issue_key,prob_design
TIMOB-28207,0.002632
TIMOB-28206,0.00407
TIMOB-28205,0.006193
TIMOB-28204,0.00289
TIMOB-28203,0.970909
TIMOB-28202,0.007461
TIMOB-28200,0.004265
TIMOB-28199,0.112016
TIMOB-28198,0.015785
TIMOB-28197,0.002217
TIMOB-28195,0.981595
TIMOB-28194,0.00483
TIMOB-28193,0.003173
TIMOB-28190,0.002673
TIMOB-28189,0.003594
TIMOB-28187,0.99427
TIMOB-28186,0.004982
TIMOB-28185,0.004982
TIMOB-28183,0.985271
TIMOB-28182,0.028653
TIMOB-28181,0.003707
TIMOB-28178,0.004982
TIMOB-28177,0.00483
TIMOB-28176,0.004982
TIMOB-28175,0.017309
TIMOB-28174,0.00461
TIMOB-28173,0.129843
TIMOB-28167,0.003173
TIMOB-28166,0.002252
TIMOB-28165,0.002591
TIMOB-28164,0.002287
TIMOB-28163,0.002801
TIMOB-28162,0.002252
TIMOB-28161,0.010818
TIMOB-28160,0.004265
TIMOB-28159,0.008
TIMOB-28158,0.00629
TIMOB-28157,0.887595
TIMOB-28156,0.007756
TIMOB-28155,0.00573
TIMOB-28154,0.005911
TIMOB-28153,0.030909
TIMOB-28152,0.008316
TIMOB-28151,0.010328
TIMOB-28150,0.003324
TIMOB-28149,0.012821
TIMOB-28148,0.003483
TIMOB-28147,0.996727
TIMOB-28146,0.027376
TIMOB-28145,0.111628
TIMOB-28144,0.003945
TIMOB-28143,0.005385
TIMOB-28142,0.00483
TIMOB-28141,0.99494
TIMOB-28140,0.970465
TIMOB-28139,0.002758
TIMOB-28138,0.011508
TIMOB-28137,0.006193
TIMOB-28136,0.002758
TIMOB-28132,0.002715
TIMOB-28131,0.003222
TIMOB-28130,0.003945
TIMOB-28129,0.020332
TIMOB-28128,0.007233
TIMOB-28127,0.007938
TIMOB-28126,0.003483
TIMOB-28125,0.481941
TIMOB-28124,0.930458
TIMOB-28123,0.996176
TIMOB-28122,0.00629
TIMOB-28121,0.951863
TIMOB-28120,0.976129
TIMOB-28119,0.502441
TIMOB-28118,0.849971
TIMOB-28117,0.046034
TIMOB-28116,0.005469
TIMOB-28115,0.003173
TIMOB-28114,0.997488
TIMOB-28113,0.006098
TIMOB-28112,0.005302
TIMOB-28111,0.003765
TIMOB-28110,0.003377
TIMOB-28109,0.003538
TIMOB-28108,0.003324
TIMOB-28105,0.003824
TIMOB-28104,0.238994
TIMOB-28103,0.00289
TIMOB-28102,0.979511
TIMOB-28101,0.003222
TIMOB-28100,0.005911
TIMOB-28099,0.00365
TIMOB-28098,0.067793
TIMOB-28096,0.004332
TIMOB-28095,0.003324
TIMOB-28094,0.004332
TIMOB-28093,0.302314
TIMOB-28092,0.018978
TIMOB-28091,0.003945
TIMOB-28089,0.938576
TIMOB-28088,0.991684
TIMOB-28087,0.761006
TIMOB-28086,0.607081
TIMOB-28085,0.004332
TIMOB-28084,0.003273
TIMOB-28083,0.784979
TIMOB-28082,0.772531
TIMOB-28081,0.008252
TIMOB-28080,0.366023
TIMOB-28079,0.011245
TIMOB-28078,0.996406
TIMOB-28077,0.073963
TIMOB-28073,0.00506
TIMOB-28072,0.840783
TIMOB-28071,0.986572
TIMOB-28070,0.944995
TIMOB-28067,0.004007
TIMOB-28064,0.002323
TIMOB-28062,0.008511
TIMOB-28061,0.881207
TIMOB-28060,0.008644
TIMOB-28059,0.996972
TIMOB-28058,0.99427
TIMOB-28057,0.836555
TIMOB-28056,0.002935
TIMOB-28054,0.003884
TIMOB-28053,0.002252
TIMOB-28051,0.858719
TIMOB-28050,0.348922
TIMOB-28049,0.849971
TIMOB-28048,0.004007
TIMOB-28047,0.431345
TIMOB-28046,0.986363
TIMOB-28045,0.989182
TIMOB-28042,0.010328
TIMOB-28041,0.826151
TIMOB-28040,0.991422
TIMOB-28039,0.992062
TIMOB-28037,0.004007
TIMOB-28035,0.002434
TIMOB-28034,0.003824
TIMOB-28031,0.005469
TIMOB-28030,0.977883
TIMOB-28029,0.423458
TIMOB-28027,0.004755
TIMOB-28025,0.017045
TIMOB-28020,0.002801
TIMOB-28018,0.002801
TIMOB-28017,0.063715
TIMOB-28016,0.00407
TIMOB-28015,0.996116
TIMOB-28012,0.992184
TIMOB-28008,0.00407
TIMOB-28005,0.003377
TIMOB-27997,0.002845
TIMOB-27995,0.004332
TIMOB-27994,0.00236
TIMOB-27990,0.007346
TIMOB-27988,0.365343
TIMOB-27987,0.99486
TIMOB-27986,0.231614
TIMOB-27985,0.480966
TIMOB-27984,0.986363
TIMOB-27983,0.936749
TIMOB-27979,0.002801
TIMOB-27978,0.822759
TIMOB-27977,0.651854
TIMOB-27976,0.991812
TIMOB-27975,0.976669
TIMOB-27974,0.33546
TIMOB-27973,0.90764
TIMOB-27970,0.940353
TIMOB-27964,0.844922
TIMOB-27963,0.002551
TIMOB-27958,0.002473
TIMOB-27950,0.003124
TIMOB-27948,0.008985
TIMOB-27947,0.006193
TIMOB-27946,0.927888
TIMOB-27941,0.002673
TIMOB-27939,0.520253
TIMOB-27938,0.814053
TIMOB-27935,0.002473
TIMOB-27934,0.69451
TIMOB-27933,0.096025
TIMOB-27930,0.006193
TIMOB-27929,0.003124
TIMOB-27927,0.00289
TIMOB-27926,0.968856
TIMOB-27923,0.002511
TIMOB-27915,0.00506
TIMOB-27913,0.003483
TIMOB-27912,0.00461
TIMOB-27911,0.002981
TIMOB-27908,0.488283
TIMOB-27907,0.994445
TIMOB-27906,0.997242
TIMOB-27904,0.00629
TIMOB-27903,0.004468
TIMOB-27899,0.003173
TIMOB-27898,0.00483
TIMOB-27897,0.003765
TIMOB-27896,0.981875
TIMOB-27895,0.993807
TIMOB-27894,0.00522
TIMOB-27893,0.00365
TIMOB-27892,0.952574
TIMOB-27891,0.991554
TIMOB-27890,0.991015
TIMOB-27889,0.986363
TIMOB-27888,0.592784
TIMOB-27887,0.989511
TIMOB-27886,0.003483
TIMOB-27885,0.002632
TIMOB-27884,0.00483
TIMOB-27883,0.003028
TIMOB-27882,0.00659
TIMOB-27881,0.002217
TIMOB-27880,0.510252
TIMOB-27879,0.59408
TIMOB-27878,0.039937
TIMOB-27877,0.996777
TIMOB-27876,0.003824
TIMOB-27875,0.005385
TIMOB-27874,0.985828
TIMOB-27873,0.989013
TIMOB-27872,0.003538
TIMOB-27871,0.082994
TIMOB-27870,0.264548
TIMOB-27869,0.082107
TIMOB-27868,0.003824
TIMOB-27867,0.00514
TIMOB-27866,0.007577
TIMOB-27865,0.060087
TIMOB-27864,0.950778
TIMOB-27863,0.003483
TIMOB-27862,0.266835
TIMOB-27861,0.004982
TIMOB-27860,0.992539
TIMOB-27859,0.923592
TIMOB-27858,0.995866
TIMOB-27857,0.994531
TIMOB-27856,0.96862
TIMOB-27855,0.01653
TIMOB-27854,0.002935
TIMOB-27853,0.081228
TIMOB-27852,0.00573
TIMOB-27851,0.006004
TIMOB-27850,0.008644
TIMOB-27849,0.003173
TIMOB-27848,0.004007
TIMOB-27847,0.3492
TIMOB-27846,0.003273
TIMOB-27845,0.998499
TIMOB-27844,0.99657
TIMOB-27842,0.997677
TIMOB-27841,0.054601
TIMOB-27840,0.740362
TIMOB-27839,0.00407
TIMOB-27838,0.120853
TIMOB-27837,0.003884
TIMOB-27836,0.007012
TIMOB-27835,0.007877
TIMOB-27834,0.004332
TIMOB-27833,0.002473
TIMOB-27832,0.003945
TIMOB-27831,0.005911
TIMOB-27830,0.002252
TIMOB-27828,0.003594
TIMOB-27827,0.00407
TIMOB-27826,0.003594
TIMOB-27825,0.004468
TIMOB-27824,0.003538
TIMOB-27823,0.004332
TIMOB-27822,0.002801
TIMOB-27821,0.003707
TIMOB-27820,0.003222
TIMOB-27819,0.002323
TIMOB-27818,0.026759
TIMOB-27817,0.92079
TIMOB-27816,0.041774
TIMOB-27815,0.983597
TIMOB-27814,0.968856
TIMOB-27813,0.113187
TIMOB-27812,0.020177
TIMOB-27811,0.996876
TIMOB-27808,0.00483
TIMOB-27807,0.00343
TIMOB-27805,0.003124
TIMOB-27804,0.00236
TIMOB-27802,0.950411
TIMOB-27801,0.27513
TIMOB-27800,0.99478
TIMOB-27799,0.002673
TIMOB-27798,0.930458
TIMOB-27797,0.002845
TIMOB-27796,0.002673
TIMOB-27795,0.004134
TIMOB-27794,0.99014
TIMOB-27793,0.016153
TIMOB-27792,0.949295
TIMOB-27791,0.967163
TIMOB-27790,0.996676
TIMOB-27788,0.003765
TIMOB-27785,0.004134
TIMOB-27784,0.005302
TIMOB-27783,0.003945
TIMOB-27782,0.004982
TIMOB-27781,0.007461
TIMOB-27780,0.008252
TIMOB-27779,0.005911
TIMOB-27778,0.896251
TIMOB-27777,0.010328
TIMOB-27776,0.002935
TIMOB-27774,0.002715
TIMOB-27773,0.980876
TIMOB-27771,0.005469
TIMOB-27770,0.116764
TIMOB-27769,0.002845
TIMOB-27768,0.00483
TIMOB-27767,0.245085
TIMOB-27765,0.996876
TIMOB-27764,0.994089
TIMOB-27760,0.710226
TIMOB-27759,0.008916
TIMOB-27758,0.985496
TIMOB-27757,0.006798
TIMOB-27756,0.006193
TIMOB-27755,0.921922
TIMOB-27754,0.00407
TIMOB-27753,0.005469
TIMOB-27752,0.978052
TIMOB-27750,0.009197
TIMOB-27749,0.003124
TIMOB-27748,0.00582
TIMOB-27746,0.005385
TIMOB-27745,0.924142
TIMOB-27744,0.982014
TIMOB-27743,0.989511
TIMOB-27742,0.002183
TIMOB-27741,0.325963
TIMOB-27740,0.992539
TIMOB-27739,0.00582
TIMOB-27737,0.991684
TIMOB-27736,0.991422
TIMOB-27734,0.215351
TIMOB-27733,0.089455
TIMOB-27732,0.00461
TIMOB-27731,0.002217
TIMOB-27730,0.982691
TIMOB-27729,0.983847
TIMOB-27728,0.986572
TIMOB-27727,0.985936
TIMOB-27726,0.976669
TIMOB-27725,0.984811
TIMOB-27724,0.984575
TIMOB-27723,0.00343
TIMOB-27722,0.006098
TIMOB-27721,0.00365
TIMOB-27720,0.00838
TIMOB-27719,0.955651
TIMOB-27718,0.266071
TIMOB-27717,0.003273
TIMOB-27716,0.960361
TIMOB-27715,0.080357
TIMOB-27714,0.964589
TIMOB-27713,0.00582
TIMOB-27712,0.951863
TIMOB-27711,0.990732
TIMOB-27710,0.996176
TIMOB-27709,0.992767
TIMOB-27708,0.997368
TIMOB-27706,0.007877
TIMOB-27705,0.008711
TIMOB-27703,0.99764
TIMOB-27702,0.00365
TIMOB-27701,0.008511
TIMOB-27700,0.002981
TIMOB-27699,0.002758
TIMOB-27698,0.004905
TIMOB-27697,0.253122
TIMOB-27696,0.979668
TIMOB-27695,0.007121
TIMOB-27694,0.003824
TIMOB-27692,0.004682
TIMOB-27691,0.004755
TIMOB-27688,0.99427
TIMOB-27687,0.947381
TIMOB-27686,0.991684
TIMOB-27685,0.995735
TIMOB-27684,0.003538
TIMOB-27683,0.00461
TIMOB-27654,0.003538
TIMOB-27653,0.07343
TIMOB-27652,0.213705
TIMOB-27651,0.002758
TIMOB-27650,0.854399
TIMOB-27649,0.188922
TIMOB-27648,0.003594
TIMOB-27647,0.003824
TIMOB-27646,0.003377
TIMOB-27645,0.00582
TIMOB-27644,0.003124
TIMOB-27643,0.003884
TIMOB-27641,0.045353
TIMOB-27640,0.003765
TIMOB-27639,0.040238
TIMOB-27638,0.00573
TIMOB-27637,0.002758
TIMOB-27636,0.004332
TIMOB-27635,0.002632
TIMOB-27634,0.003222
TIMOB-27633,0.00522
TIMOB-27632,0.129403
TIMOB-27631,0.022803
TIMOB-27630,0.004982
TIMOB-27629,0.995669
TIMOB-27627,0.008446
TIMOB-27626,0.003124
TIMOB-27625,0.004007
TIMOB-27624,0.003483
TIMOB-27621,0.117978
TIMOB-27620,0.034619
TIMOB-27619,0.88642
TIMOB-27618,0.194368
TIMOB-27617,0.986363
TIMOB-27616,0.004538
TIMOB-27615,0.00365
TIMOB-27612,0.009634
TIMOB-27611,0.003707
TIMOB-27610,0.00461
TIMOB-27607,0.009634
TIMOB-27606,0.004982
TIMOB-27605,0.905322
TIMOB-27604,0.003594
TIMOB-27602,0.003028
TIMOB-27601,0.032837
TIMOB-27583,0.005642
TIMOB-27582,0.003538
TIMOB-27574,0.982557
TIMOB-27573,0.004755
TIMOB-27555,0.72952
TIMOB-27535,0.003377
TIMOB-27534,0.005469
TIMOB-27533,0.003173
TIMOB-27532,0.003483
TIMOB-27531,0.964052
TIMOB-27530,0.003173
TIMOB-27529,0.003173
TIMOB-27528,0.006693
TIMOB-27527,0.00522
TIMOB-27526,0.955981
TIMOB-27525,0.004199
TIMOB-27524,0.00343
TIMOB-27523,0.004399
TIMOB-27522,0.007012
TIMOB-27521,0.994698
TIMOB-27520,0.002632
TIMOB-27519,0.003765
TIMOB-27518,0.00629
TIMOB-27517,0.00343
TIMOB-27515,0.004134
TIMOB-27514,0.00522
TIMOB-27513,0.002591
TIMOB-27512,0.003222
TIMOB-27511,0.991289
TIMOB-27510,0.004468
TIMOB-27509,0.005385
TIMOB-27508,0.004905
TIMOB-27507,0.00582
TIMOB-27506,0.018833
TIMOB-27505,0.005469
TIMOB-27504,0.003483
TIMOB-27503,0.004332
TIMOB-27502,0.00343
TIMOB-27501,0.90261
TIMOB-27500,0.003824
TIMOB-27499,0.00343
TIMOB-27498,0.00514
TIMOB-27497,0.753104
TIMOB-27496,0.004265
TIMOB-27494,0.987946
TIMOB-27493,0.00289
TIMOB-27492,0.006693
TIMOB-27490,0.003377
TIMOB-27489,0.004682
TIMOB-27488,0.004265
TIMOB-27487,0.993307
TIMOB-27486,0.00289
TIMOB-27484,0.002935
TIMOB-27483,0.00407
TIMOB-27482,0.00522
TIMOB-27481,0.00289
TIMOB-27480,0.003273
TIMOB-27479,0.99517
TIMOB-27478,0.991153
TIMOB-27477,0.99371
TIMOB-27476,0.101233
TIMOB-27475,0.004399
TIMOB-27474,0.991015
TIMOB-27473,0.981022
TIMOB-27472,0.975762
TIMOB-27471,0.003884
TIMOB-27470,0.003538
TIMOB-27469,0.003124
TIMOB-27466,0.003824
TIMOB-27465,0.011508
TIMOB-27463,0.004905
TIMOB-27462,0.003273
TIMOB-27461,0.003222
TIMOB-27460,0.003124
TIMOB-27459,0.00343
TIMOB-27458,0.007346
TIMOB-27457,0.475605
TIMOB-27453,0.00289
TIMOB-27451,0.014504
TIMOB-27450,0.005555
TIMOB-27449,0.005385
TIMOB-27448,0.058346
TIMOB-27447,0.00522
TIMOB-27446,0.003707
TIMOB-27445,0.993612
TIMOB-27443,0.982288
TIMOB-27442,0.995462
TIMOB-27441,0.005469
TIMOB-27440,0.007346
TIMOB-27439,0.004982
TIMOB-27438,0.003824
TIMOB-27437,0.872347
TIMOB-27436,0.002801
TIMOB-27435,0.006004
TIMOB-27434,0.007696
TIMOB-27430,0.004399
TIMOB-27429,0.99539
TIMOB-27428,0.997242
TIMOB-27427,0.00289
TIMOB-27425,0.959459
TIMOB-27424,0.003028
TIMOB-27420,0.002591
TIMOB-27419,0.004332
TIMOB-27416,0.002715
TIMOB-27415,0.031619
TIMOB-27414,0.004755
TIMOB-27413,0.003222
TIMOB-27412,0.002591
TIMOB-27411,0.835484
TIMOB-27410,0.010328
TIMOB-27409,0.00289
TIMOB-27408,0.004682
TIMOB-27407,0.005469
TIMOB-27406,0.003884
TIMOB-27404,0.033844
TIMOB-27403,0.00506
TIMOB-27402,0.968856
TIMOB-27400,0.009413
TIMOB-27399,0.822759
TIMOB-27398,0.003824
TIMOB-27397,0.004134
TIMOB-27396,0.003884
TIMOB-27395,0.096025
TIMOB-27394,0.003028
TIMOB-27393,0.011245
TIMOB-27392,0.989347
TIMOB-27391,0.005642
TIMOB-27390,0.017577
TIMOB-27388,0.016785
TIMOB-27387,0.745769
TIMOB-27386,0.003707
TIMOB-27385,0.00407
TIMOB-27384,0.005469
TIMOB-27383,0.003377
TIMOB-27382,0.00582
TIMOB-27381,0.104112
TIMOB-27380,0.00289
TIMOB-27379,0.003377
TIMOB-27378,0.979036
TIMOB-27377,0.961534
TIMOB-27376,0.011778
TIMOB-27375,0.00522
TIMOB-27373,0.102305
TIMOB-27372,0.002252
TIMOB-27371,0.028653
TIMOB-27369,0.002673
TIMOB-27368,0.993996
TIMOB-27367,0.005385
TIMOB-27366,0.002845
TIMOB-27365,0.004468
TIMOB-27364,0.989347
TIMOB-27363,0.004265
TIMOB-27362,0.002323
TIMOB-27360,0.00461
TIMOB-27359,0.005302
TIMOB-27358,0.874077
TIMOB-27356,0.006488
TIMOB-27355,0.994698
TIMOB-27354,0.003824
TIMOB-27353,0.003124
TIMOB-27352,0.353986
TIMOB-27351,0.006098
TIMOB-27350,0.004265
TIMOB-27349,0.391959
TIMOB-27348,0.003765
TIMOB-27347,0.003273
TIMOB-27346,0.003538
TIMOB-27345,0.984811
TIMOB-27344,0.801625
TIMOB-27342,0.004399
TIMOB-27341,0.002981
TIMOB-27340,0.990874
TIMOB-27338,0.002591
TIMOB-27337,0.002397
TIMOB-27336,0.879561
TIMOB-27335,0.002397
TIMOB-27334,0.944995
TIMOB-27333,0.014282
TIMOB-27332,0.002397
TIMOB-27331,0.00407
TIMOB-27330,0.004265
TIMOB-27328,0.004468
TIMOB-27327,0.980129
TIMOB-27325,0.007577
TIMOB-27324,0.003222
TIMOB-27323,0.974629
TIMOB-27322,0.864768
TIMOB-27321,0.006193
TIMOB-27320,0.006193
TIMOB-27319,0.005302
TIMOB-27318,0.942929
TIMOB-27317,0.483405
TIMOB-27316,0.818737
TIMOB-27315,0.329028
TIMOB-27314,0.003075
TIMOB-27313,0.002981
TIMOB-27312,0.103386
TIMOB-27311,0.004199
TIMOB-27310,0.93196
TIMOB-27309,0.005385
TIMOB-27308,0.003707
TIMOB-27307,0.122104
TIMOB-27306,0.003124
TIMOB-27305,0.86293
TIMOB-27304,0.008
TIMOB-27303,0.003028
TIMOB-27302,0.003222
TIMOB-27301,0.00461
TIMOB-27300,0.00838
TIMOB-27299,0.003483
TIMOB-27298,0.944177
TIMOB-27297,0.58439
TIMOB-27296,0.956309
TIMOB-27295,0.00461
TIMOB-27294,0.003028
TIMOB-27293,0.003765
TIMOB-27292,0.00514
TIMOB-27291,0.997019
TIMOB-27290,0.99711
TIMOB-27289,0.996925
TIMOB-27288,0.996623
TIMOB-27287,0.997065
TIMOB-27286,0.996827
TIMOB-27285,0.997065
TIMOB-27284,0.899828
TIMOB-27283,0.022977
TIMOB-27279,0.004755
TIMOB-27278,0.004755
TIMOB-27277,0.002632
TIMOB-27276,0.004332
TIMOB-27275,0.001957
TIMOB-27273,0.088505
TIMOB-27272,0.116362
TIMOB-27271,0.007577
TIMOB-27270,0.00461
TIMOB-27269,0.004332
TIMOB-27267,0.00407
TIMOB-27266,0.007121
TIMOB-27264,0.015906
TIMOB-27263,0.003377
TIMOB-27262,0.035411
TIMOB-27261,0.01017
TIMOB-27260,0.007233
TIMOB-27259,0.00343
TIMOB-27258,0.002935
TIMOB-27257,0.004332
TIMOB-27256,0.003222
TIMOB-27255,0.978549
TIMOB-27254,0.003075
TIMOB-27253,0.011072
TIMOB-27252,0.009126
TIMOB-27251,0.005911
TIMOB-27250,0.082994
TIMOB-27249,0.203075
TIMOB-27248,0.069795
TIMOB-27247,0.002801
TIMOB-27246,0.960952
TIMOB-27245,0.009413
TIMOB-27244,0.004538
TIMOB-27242,0.990587
TIMOB-27241,0.004199
TIMOB-27240,0.97024
TIMOB-27239,0.003377
TIMOB-27238,0.122944
TIMOB-27237,0.003124
TIMOB-27236,0.002551
TIMOB-27235,0.007816
TIMOB-27234,0.002981
TIMOB-27233,0.986572
TIMOB-27232,0.005642
TIMOB-27230,0.00483
TIMOB-27210,0.00407
TIMOB-27209,0.933431
TIMOB-27208,0.00659
TIMOB-27207,0.00483
TIMOB-27206,0.00343
TIMOB-27205,0.005302
TIMOB-27204,0.005555
TIMOB-27203,0.005385
TIMOB-27202,0.00343
TIMOB-27201,0.986572
TIMOB-27197,0.952574
TIMOB-27195,0.008985
TIMOB-27194,0.379838
TIMOB-27193,0.003884
TIMOB-27191,0.005911
TIMOB-27190,0.003594
TIMOB-27189,0.003765
TIMOB-27188,0.004007
TIMOB-27186,0.00343
TIMOB-27185,0.036769
TIMOB-27184,0.078926
TIMOB-27182,0.017577
TIMOB-27181,0.995245
TIMOB-27178,0.937211
TIMOB-27177,0.004538
TIMOB-27175,0.004682
TIMOB-27173,0.00343
TIMOB-27171,0.903635
TIMOB-27170,0.003884
TIMOB-27169,0.043043
TIMOB-27168,0.00659
TIMOB-27167,0.997155
TIMOB-27166,0.008577
TIMOB-27165,0.003884
TIMOB-27164,0.988668
TIMOB-27163,0.168036
TIMOB-27161,0.094678
TIMOB-27159,0.003594
TIMOB-27157,0.003483
TIMOB-27156,0.010328
TIMOB-27155,0.007938
TIMOB-27153,0.016029
TIMOB-27151,0.033086
TIMOB-27150,0.970013
TIMOB-27148,0.003173
TIMOB-27147,0.996517
TIMOB-27144,0.997199
TIMOB-27142,0.848471
TIMOB-27141,0.004538
TIMOB-27139,0.975577
TIMOB-27138,0.991153
TIMOB-27136,0.985043
TIMOB-27135,0.003824
TIMOB-27134,0.003075
TIMOB-27133,0.990587
TIMOB-27132,0.991684
TIMOB-27131,0.997155
TIMOB-27130,0.144631
TIMOB-27129,0.99539
TIMOB-27128,0.042722
TIMOB-27127,0.995866
TIMOB-27126,0.777638
TIMOB-27125,0.880797
TIMOB-27124,0.882428
TIMOB-27123,0.002397
TIMOB-27122,0.002183
TIMOB-27121,0.00629
TIMOB-27120,0.002801
TIMOB-27119,0.003222
TIMOB-27118,0.004468
TIMOB-27117,0.003707
TIMOB-27114,0.895888
TIMOB-27112,0.011332
TIMOB-27111,0.989182
TIMOB-27110,0.003824
TIMOB-27108,0.004199
TIMOB-27106,0.006193
TIMOB-27105,0.004905
TIMOB-27104,0.005385
TIMOB-27103,0.005555
TIMOB-27102,0.00582
TIMOB-27101,0.00407
TIMOB-27100,0.003324
TIMOB-27099,0.00407
TIMOB-27098,0.00483
TIMOB-27097,0.005469
TIMOB-27095,0.037892
TIMOB-27094,0.002632
TIMOB-27092,0.004682
TIMOB-27091,0.008316
TIMOB-27090,0.004682
TIMOB-27089,0.00522
TIMOB-27088,0.00407
TIMOB-27087,0.005302
TIMOB-27086,0.00514
TIMOB-27085,0.004332
TIMOB-27084,0.008
TIMOB-27083,0.00461
TIMOB-27082,0.02976
TIMOB-27080,0.010249
TIMOB-27079,0.00629
TIMOB-27078,0.007461
TIMOB-27077,0.992184
TIMOB-27076,0.005555
TIMOB-27075,0.002323
TIMOB-27074,0.00483
TIMOB-27073,0.004265
TIMOB-27072,0.992767
TIMOB-27071,0.003594
TIMOB-27070,0.903294
TIMOB-27069,0.00461
TIMOB-27068,0.002673
TIMOB-27067,0.006488
TIMOB-27065,0.009634
TIMOB-27064,0.003273
TIMOB-27063,0.003028
TIMOB-27060,0.019871
TIMOB-27057,0.003707
TIMOB-27056,0.007121
TIMOB-27054,0.004199
TIMOB-27052,0.019871
TIMOB-27050,0.004199
TIMOB-27049,0.006798
TIMOB-27047,0.992062
TIMOB-27046,0.069542
TIMOB-27045,0.320396
TIMOB-27044,0.003324
TIMOB-27043,0.923592
TIMOB-27042,0.031619
TIMOB-27041,0.997783
TIMOB-27039,0.006193
TIMOB-27038,0.006488
TIMOB-27037,0.006488
TIMOB-27036,0.00461
TIMOB-27035,0.005385
TIMOB-27034,0.00506
TIMOB-27033,0.004134
TIMOB-27032,0.00514
TIMOB-27031,0.005302
TIMOB-27030,0.003945
TIMOB-27029,0.005642
TIMOB-27028,0.005642
TIMOB-27027,0.00514
TIMOB-27026,0.006098
TIMOB-27025,0.00522
TIMOB-27024,0.005555
TIMOB-27023,0.005469
TIMOB-27022,0.007012
TIMOB-27021,0.005469
TIMOB-27020,0.006798
TIMOB-27019,0.007012
TIMOB-27018,0.007121
TIMOB-27017,0.00461
TIMOB-27016,0.00483
TIMOB-27015,0.005555
TIMOB-27014,0.005302
TIMOB-27013,0.00506
TIMOB-27012,0.004468
TIMOB-27011,0.005469
TIMOB-27010,0.006004
TIMOB-27009,0.006004
TIMOB-27008,0.005911
TIMOB-27007,0.004265
TIMOB-27006,0.005555
TIMOB-27005,0.006098
TIMOB-27004,0.00659
TIMOB-27003,0.00506
TIMOB-27002,0.004982
TIMOB-27001,0.006488
TIMOB-27000,0.006098
TIMOB-26999,0.006904
TIMOB-26998,0.006098
TIMOB-26997,0.008062
TIMOB-26996,0.00522
TIMOB-26995,0.431824
TIMOB-26993,0.003273
TIMOB-26992,0.004332
TIMOB-26991,0.004134
TIMOB-26990,0.644225
TIMOB-26989,0.004265
TIMOB-26988,0.004399
TIMOB-26987,0.006004
TIMOB-26985,0.006388
TIMOB-26982,0.004755
TIMOB-26981,0.008577
TIMOB-26980,0.007696
TIMOB-26979,0.971129
TIMOB-26978,0.005555
TIMOB-26976,0.003483
TIMOB-26975,0.005302
TIMOB-26974,0.003075
TIMOB-26973,0.634317
TIMOB-26972,0.007012
TIMOB-26969,0.003824
TIMOB-26967,0.007233
TIMOB-26966,0.003594
TIMOB-26964,0.003884
TIMOB-26963,0.00289
TIMOB-26961,0.020023
TIMOB-26960,0.986363
TIMOB-26959,0.995669
TIMOB-26957,0.839208
TIMOB-26956,0.991153
TIMOB-26955,0.030676
TIMOB-26954,0.004134
TIMOB-26953,0.995318
TIMOB-26952,0.698844
TIMOB-26951,0.989672
TIMOB-26950,0.995735
TIMOB-26948,0.009126
TIMOB-26947,0.006693
TIMOB-26946,0.00514
TIMOB-26945,0.009784
TIMOB-26944,0.994698
TIMOB-26943,0.003594
TIMOB-26940,0.005469
TIMOB-26939,0.005469
TIMOB-26938,0.005469
TIMOB-26937,0.005469
TIMOB-26936,0.005469
TIMOB-26935,0.005469
TIMOB-26934,0.005469
TIMOB-26933,0.005469
TIMOB-26932,0.005469
TIMOB-26931,0.005469
TIMOB-26930,0.005469
TIMOB-26929,0.005469
TIMOB-26928,0.005469
TIMOB-26927,0.005469
TIMOB-26926,0.005469
TIMOB-26925,0.003173
TIMOB-26924,0.630116
TIMOB-26923,0.037047
TIMOB-26920,0.991015
TIMOB-26919,0.960361
TIMOB-26918,0.00573
TIMOB-26917,0.036769
TIMOB-26915,0.986363
TIMOB-26914,0.005642
TIMOB-26913,0.002673
TIMOB-26912,0.002511
TIMOB-26909,0.089455
TIMOB-26908,0.003124
TIMOB-26905,0.948537
TIMOB-26904,0.008577
TIMOB-26903,0.003594
TIMOB-26902,0.988842
TIMOB-26901,0.003377
TIMOB-26898,0.007816
TIMOB-26897,0.008316
TIMOB-26895,0.00506
TIMOB-26894,0.003538
TIMOB-26893,0.003765
TIMOB-26892,0.003222
TIMOB-26891,0.019124
TIMOB-26890,0.006388
TIMOB-26889,0.003377
TIMOB-26888,0.066569
TIMOB-26887,0.00407
TIMOB-26886,0.028653
TIMOB-26885,0.00629
TIMOB-26884,0.0745
TIMOB-26882,0.003075
TIMOB-26881,0.002981
TIMOB-26880,0.419053
TIMOB-26879,0.007346
TIMOB-26878,0.004755
TIMOB-26877,0.179243
TIMOB-26876,0.003824
TIMOB-26873,0.649659
TIMOB-26872,0.004332
TIMOB-26871,0.006488
TIMOB-26870,0.010091
TIMOB-26869,0.00573
TIMOB-26867,0.004332
TIMOB-26866,0.004265
TIMOB-26865,0.006388
TIMOB-26864,0.996406
TIMOB-26862,0.004199
TIMOB-26861,0.006388
TIMOB-26860,0.005642
TIMOB-26859,0.00343
TIMOB-26858,0.003222
TIMOB-26857,0.003124
TIMOB-26856,0.002673
TIMOB-26855,0.973443
TIMOB-26854,0.006904
TIMOB-26853,0.990441
TIMOB-26852,0.020023
TIMOB-26851,0.004265
TIMOB-26850,0.006004
TIMOB-26849,0.007012
TIMOB-26848,0.978052
TIMOB-26847,0.002434
TIMOB-26846,0.003124
TIMOB-26844,0.010818
TIMOB-26843,0.004982
TIMOB-26842,0.989986
TIMOB-26841,0.002801
TIMOB-26840,0.002434
TIMOB-26838,0.003483
TIMOB-26837,0.027376
TIMOB-26836,0.002149
TIMOB-26835,0.003124
TIMOB-26834,0.003324
TIMOB-26833,0.003075
TIMOB-26832,0.003824
TIMOB-26831,0.995462
TIMOB-26830,0.00483
TIMOB-26829,0.002397
TIMOB-26827,0.003324
TIMOB-26826,0.026355
TIMOB-26825,0.978052
TIMOB-26824,0.005302
TIMOB-26823,0.208179
TIMOB-26822,0.404625
TIMOB-26821,0.413004
TIMOB-26819,0.002632
TIMOB-26818,0.937669
TIMOB-26817,0.028436
TIMOB-26816,0.003884
TIMOB-26815,0.002434
TIMOB-26814,0.003124
TIMOB-26813,0.008511
TIMOB-26811,0.010091
TIMOB-26810,0.00289
TIMOB-26809,0.002551
TIMOB-26807,0.00461
TIMOB-26806,0.011072
TIMOB-26805,0.016915
TIMOB-26804,0.023871
TIMOB-26803,0.988131
TIMOB-26800,0.004007
TIMOB-26799,0.004134
TIMOB-26798,0.00461
TIMOB-26797,0.00407
TIMOB-26796,0.005555
TIMOB-26795,0.003173
TIMOB-26794,0.004982
TIMOB-26793,0.029987
TIMOB-26792,0.003173
TIMOB-26791,0.004399
TIMOB-26790,0.003222
TIMOB-26789,0.003377
TIMOB-26788,0.002591
TIMOB-26787,0.009055
TIMOB-26786,0.009055
TIMOB-26785,0.015306
TIMOB-26783,0.005911
TIMOB-26782,0.003707
TIMOB-26781,0.003075
TIMOB-26779,0.003124
TIMOB-26778,0.007756
TIMOB-26777,0.005385
TIMOB-26776,0.003273
TIMOB-26775,0.002397
TIMOB-26774,0.007121
TIMOB-26773,0.995993
TIMOB-26772,0.003124
TIMOB-26771,0.99539
TIMOB-26770,0.108945
TIMOB-26769,0.996623
TIMOB-26768,0.003538
TIMOB-26767,0.996623
TIMOB-26766,0.002323
TIMOB-26765,0.002252
TIMOB-26764,0.003824
TIMOB-26761,0.010987
TIMOB-26759,0.00522
TIMOB-26758,0.004538
TIMOB-26757,0.912124
TIMOB-26756,0.952926
TIMOB-26755,0.790854
TIMOB-26754,0.006693
TIMOB-26753,0.109706
TIMOB-26752,0.99517
TIMOB-26751,0.006193
TIMOB-26750,0.005911
TIMOB-26749,0.009486
TIMOB-26748,0.007461
TIMOB-26746,0.005555
TIMOB-26745,0.005469
TIMOB-26744,0.996972
TIMOB-26743,0.010249
TIMOB-26742,0.00934
TIMOB-26740,0.014842
TIMOB-26739,0.173288
TIMOB-26738,0.00365
TIMOB-26737,0.009268
TIMOB-26736,0.00514
TIMOB-26734,0.927888
TIMOB-26733,0.992304
TIMOB-26732,0.75274
TIMOB-26731,0.004007
TIMOB-26730,0.004755
TIMOB-26729,0.996925
TIMOB-26727,0.004468
TIMOB-26726,0.029535
TIMOB-26725,0.003884
TIMOB-26724,0.907967
TIMOB-26721,0.008985
TIMOB-26720,0.004468
TIMOB-26719,0.003707
TIMOB-26716,0.00461
TIMOB-26715,0.00483
TIMOB-26714,0.00365
TIMOB-26713,0.003594
TIMOB-26710,0.004905
TIMOB-26709,0.003222
TIMOB-26706,0.003594
TIMOB-26705,0.004007
TIMOB-26704,0.003075
TIMOB-26703,0.91611
TIMOB-26702,0.163179
TIMOB-26701,0.984575
TIMOB-26700,0.5083
TIMOB-26699,0.986151
TIMOB-26698,0.00343
TIMOB-26697,0.008316
TIMOB-26696,0.137532
TIMOB-26695,0.891811
TIMOB-26694,0.003273
TIMOB-26693,0.030215
TIMOB-26692,0.995462
TIMOB-26691,0.00522
TIMOB-26690,0.003222
TIMOB-26689,0.001839
TIMOB-26688,0.008511
TIMOB-26687,0.006098
TIMOB-26686,0.926304
TIMOB-26684,0.990587
TIMOB-26683,0.002183
TIMOB-26682,0.00514
TIMOB-26681,0.007121
TIMOB-26679,0.00343
TIMOB-26678,0.004755
TIMOB-26675,0.868381
TIMOB-26674,0.373419
TIMOB-26673,0.01057
TIMOB-26672,0.00483
TIMOB-26671,0.004982
TIMOB-26670,0.996727
TIMOB-26669,0.996925
TIMOB-26668,0.005469
TIMOB-26667,0.003594
TIMOB-26666,0.009055
TIMOB-26664,0.002845
TIMOB-26663,0.003945
TIMOB-26662,0.002801
TIMOB-26661,0.018689
TIMOB-26660,0.991684
TIMOB-26657,0.003377
TIMOB-26656,0.649912
TIMOB-26655,0.005385
TIMOB-26654,0.029091
TIMOB-26652,0.00514
TIMOB-26651,0.005642
TIMOB-26650,0.003707
TIMOB-26649,0.004007
TIMOB-26648,0.778986
TIMOB-26647,0.90053
TIMOB-26645,0.019871
TIMOB-26641,0.003707
TIMOB-26639,0.002551
TIMOB-26638,0.045692
TIMOB-26637,0.979036
TIMOB-26636,0.575707
TIMOB-26634,0.023689
TIMOB-26633,0.873215
TIMOB-26632,0.005911
TIMOB-26631,0.002715
TIMOB-26630,0.00343
TIMOB-26628,0.004265
TIMOB-26627,0.003222
TIMOB-26626,0.007756
TIMOB-26625,0.006004
TIMOB-26624,0.00365
TIMOB-26623,0.00573
TIMOB-26620,0.004134
TIMOB-26619,0.869715
TIMOB-26618,0.016785
TIMOB-26617,0.004905
TIMOB-26616,0.003273
TIMOB-26615,0.002935
TIMOB-26613,0.99427
TIMOB-26612,0.00365
TIMOB-26611,0.005302
TIMOB-26610,0.00483
TIMOB-26609,0.996727
TIMOB-26608,0.990732
TIMOB-26607,0.004134
TIMOB-26606,0.007577
TIMOB-26604,0.004468
TIMOB-26603,0.029987
TIMOB-26602,0.003884
TIMOB-26601,0.005385
TIMOB-26599,0.772874
TIMOB-26597,0.010091
TIMOB-26595,0.00365
TIMOB-26594,0.003824
TIMOB-26593,0.007577
TIMOB-26592,0.004982
TIMOB-26590,0.003765
TIMOB-26589,0.006798
TIMOB-26588,0.938124
TIMOB-26587,0.003483
TIMOB-26586,0.004538
TIMOB-26585,0.004682
TIMOB-26584,0.340266
TIMOB-26582,0.004682
TIMOB-26581,0.005302
TIMOB-26580,0.010408
TIMOB-26579,0.003538
TIMOB-26578,0.004332
TIMOB-26577,0.002511
TIMOB-26576,0.022977
TIMOB-26575,0.165593
TIMOB-26574,0.997409
TIMOB-26573,0.995993
TIMOB-26572,0.997677
TIMOB-26571,0.996176
TIMOB-26570,0.995866
TIMOB-26568,0.01653
TIMOB-26567,0.011245
TIMOB-26566,0.991015
TIMOB-26565,0.004199
TIMOB-26564,0.006388
TIMOB-26563,0.004332
TIMOB-26562,0.026355
TIMOB-26561,0.002715
TIMOB-26560,0.043366
TIMOB-26559,0.005555
TIMOB-26558,0.003075
TIMOB-26556,0.874507
TIMOB-26555,0.007121
TIMOB-26554,0.850469
TIMOB-26553,0.008779
TIMOB-26552,0.002183
TIMOB-26551,0.003824
TIMOB-26550,0.005302
TIMOB-26549,0.003765
TIMOB-26548,0.005469
TIMOB-26547,0.008316
TIMOB-26546,0.002673
TIMOB-26545,0.003273
TIMOB-26544,0.003884
TIMOB-26543,0.041774
TIMOB-26542,0.646739
TIMOB-26541,0.007461
TIMOB-26540,0.002715
TIMOB-26539,0.00365
TIMOB-26538,0.005555
TIMOB-26537,0.00522
TIMOB-26536,0.007938
TIMOB-26535,0.004332
TIMOB-26534,0.053403
TIMOB-26533,0.003075
TIMOB-26532,0.974821
TIMOB-26530,0.00582
TIMOB-26529,0.004007
TIMOB-26528,0.006693
TIMOB-26526,0.003594
TIMOB-26525,0.001868
TIMOB-26524,0.004265
TIMOB-26523,0.795022
TIMOB-26521,0.001674
TIMOB-26520,0.003707
TIMOB-26518,0.00483
TIMOB-26517,0.018833
TIMOB-26516,0.00629
TIMOB-26515,0.303732
TIMOB-26514,0.004982
TIMOB-26513,0.009634
TIMOB-26512,0.004538
TIMOB-26510,0.003945
TIMOB-26509,0.977371
TIMOB-26508,0.012821
TIMOB-26507,0.003124
TIMOB-26506,0.00629
TIMOB-26505,0.036769
TIMOB-26504,0.003707
TIMOB-26503,0.012821
TIMOB-26501,0.991938
TIMOB-26499,0.00582
TIMOB-26498,0.989986
TIMOB-26496,0.003028
TIMOB-26495,0.00365
TIMOB-26494,0.007938
TIMOB-26493,0.006488
TIMOB-26490,0.003483
TIMOB-26488,0.017712
TIMOB-26486,0.005469
TIMOB-26485,0.00461
TIMOB-26484,0.891055
TIMOB-26483,0.030215
TIMOB-26481,0.827271
TIMOB-26480,0.004332
TIMOB-26479,0.002019
TIMOB-26478,0.007577
TIMOB-26477,0.004199
TIMOB-26475,0.01142
TIMOB-26474,0.096025
TIMOB-26473,0.002632
TIMOB-26472,0.990441
TIMOB-26471,0.986777
TIMOB-26470,0.993307
TIMOB-26469,0.973037
TIMOB-26468,0.991554
TIMOB-26467,0.012432
TIMOB-26466,0.013532
TIMOB-26465,0.016277
TIMOB-26464,0.075858
TIMOB-26463,0.020489
TIMOB-26462,0.004538
TIMOB-26461,0.02461
TIMOB-26460,0.003324
TIMOB-26459,0.917893
TIMOB-26458,0.003173
TIMOB-26457,0.002632
TIMOB-26456,0.00934
TIMOB-26455,0.003765
TIMOB-26454,0.004134
TIMOB-26453,0.004134
TIMOB-26452,0.003594
TIMOB-26451,0.006098
TIMOB-26447,0.003124
TIMOB-26445,0.016153
TIMOB-26444,0.007938
TIMOB-26443,0.003028
TIMOB-26442,0.006904
TIMOB-26441,0.011332
TIMOB-26440,0.00343
TIMOB-26438,0.00582
TIMOB-26437,0.00365
TIMOB-26436,0.002511
TIMOB-26435,0.203708
TIMOB-26434,0.988313
TIMOB-26433,0.00506
TIMOB-26432,0.00407
TIMOB-26431,0.003377
TIMOB-26428,0.945399
TIMOB-26427,0.72487
TIMOB-26426,0.018264
TIMOB-26425,0.00573
TIMOB-26424,0.03259
TIMOB-26423,0.003765
TIMOB-26420,0.008
TIMOB-26415,0.241847
TIMOB-26414,0.010249
TIMOB-26413,0.00365
TIMOB-26411,0.996406
TIMOB-26410,0.995801
TIMOB-26408,0.849971
TIMOB-26407,0.992423
TIMOB-26406,0.006488
TIMOB-26404,0.007816
TIMOB-26403,0.003765
TIMOB-26402,0.974629
TIMOB-26399,0.252753
TIMOB-26396,0.004538
TIMOB-26395,0.00582
TIMOB-26394,0.002758
TIMOB-26393,0.002632
TIMOB-26392,0.010014
TIMOB-26391,0.005642
TIMOB-26389,0.003173
TIMOB-26388,0.00986
TIMOB-26385,0.286868
TIMOB-26383,0.002287
TIMOB-26382,0.165593
TIMOB-26380,0.002632
TIMOB-26379,0.003824
TIMOB-26378,0.002673
TIMOB-26377,0.065845
TIMOB-26376,0.967899
TIMOB-26375,0.003765
TIMOB-26374,0.00289
TIMOB-26373,0.997199
TIMOB-26372,0.003483
TIMOB-26371,0.003173
TIMOB-26370,0.004007
TIMOB-26369,0.004905
TIMOB-26368,0.003222
TIMOB-26367,0.003538
TIMOB-26360,0.016915
TIMOB-26357,0.949295
TIMOB-26356,0.981453
TIMOB-26355,0.988668
TIMOB-26354,0.992767
TIMOB-26353,0.013742
TIMOB-26352,0.467089
TIMOB-26351,0.005911
TIMOB-26350,0.003707
TIMOB-26349,0.00582
TIMOB-26348,0.00461
TIMOB-26347,0.005302
TIMOB-26346,0.009197
TIMOB-26345,0.00522
TIMOB-26344,0.005469
TIMOB-26343,0.005385
TIMOB-26342,0.006193
TIMOB-26341,0.004538
TIMOB-26340,0.923592
TIMOB-26339,0.00343
TIMOB-26338,0.002981
TIMOB-26336,0.002845
TIMOB-26334,0.00506
TIMOB-26333,0.005642
TIMOB-26332,0.991422
TIMOB-26331,0.989511
TIMOB-26330,0.002591
TIMOB-26329,0.010249
TIMOB-26328,0.00461
TIMOB-26327,0.028653
TIMOB-26325,0.004682
TIMOB-26320,0.008446
TIMOB-26319,0.004265
TIMOB-26318,0.009126
TIMOB-26317,0.006193
TIMOB-26315,0.066812
TIMOB-26314,0.35209
TIMOB-26313,0.003377
TIMOB-26312,0.995532
TIMOB-26311,0.958847
TIMOB-26310,0.006193
TIMOB-26308,0.013742
TIMOB-26307,0.002845
TIMOB-26306,0.98347
TIMOB-26304,0.006904
TIMOB-26303,0.985718
TIMOB-26302,0.002801
TIMOB-26300,0.004982
TIMOB-26299,0.005469
TIMOB-26298,0.006798
TIMOB-26297,0.021287
TIMOB-26295,0.00343
TIMOB-26294,0.189521
TIMOB-26293,0.004755
TIMOB-26292,0.995462
TIMOB-26291,0.003765
TIMOB-26289,0.912124
TIMOB-26288,0.988668
TIMOB-26287,0.002551
TIMOB-26286,0.002551
TIMOB-26285,0.005302
TIMOB-26284,0.004682
TIMOB-26283,0.00407
TIMOB-26282,0.004007
TIMOB-26281,0.728748
TIMOB-26280,0.006798
TIMOB-26279,0.00407
TIMOB-26278,0.031859
TIMOB-26277,0.002149
TIMOB-26276,0.630002
TIMOB-26275,0.033844
TIMOB-26274,0.003173
TIMOB-26273,0.002252
TIMOB-26272,0.006098
TIMOB-26270,0.006098
TIMOB-26269,0.003594
TIMOB-26268,0.151529
TIMOB-26267,0.002051
TIMOB-26266,0.004468
TIMOB-26265,0.004265
TIMOB-26264,0.977543
TIMOB-26263,0.993203
TIMOB-26262,0.972204
TIMOB-26261,0.993512
TIMOB-26260,0.757077
TIMOB-26259,0.213705
TIMOB-26258,0.994615
TIMOB-26257,0.004332
TIMOB-26256,0.003483
TIMOB-26255,0.00365
TIMOB-26254,0.997327
TIMOB-26253,0.008125
TIMOB-26251,0.004332
TIMOB-26250,0.024423
TIMOB-26249,0.00629
TIMOB-26248,0.01302
TIMOB-26246,0.167491
TIMOB-26245,0.889529
TIMOB-26244,0.982288
TIMOB-26243,0.005469
TIMOB-26242,0.008446
TIMOB-26241,0.00582
TIMOB-26240,0.842345
TIMOB-26239,0.007233
TIMOB-26238,0.007346
TIMOB-26237,0.003075
TIMOB-26236,0.993612
TIMOB-26235,0.172172
TIMOB-26233,0.008711
TIMOB-26231,0.998132
TIMOB-26229,0.00522
TIMOB-26228,0.006388
TIMOB-26227,0.019569
TIMOB-26226,0.013428
TIMOB-26225,0.004468
TIMOB-26224,0.983214
TIMOB-26222,0.003765
TIMOB-26221,0.005911
TIMOB-26220,0.008711
TIMOB-26219,0.983214
TIMOB-26218,0.011245
TIMOB-26217,0.006098
TIMOB-26216,0.004538
TIMOB-26213,0.003824
TIMOB-26211,0.003173
TIMOB-26210,0.06804
TIMOB-26209,0.008711
TIMOB-26207,0.006098
TIMOB-26206,0.003173
TIMOB-26205,0.005302
TIMOB-26204,0.004982
TIMOB-26203,0.005555
TIMOB-26201,0.995993
TIMOB-26200,0.993307
TIMOB-26199,0.996727
TIMOB-26198,0.995669
TIMOB-26197,0.995245
TIMOB-26196,0.997603
TIMOB-26195,0.576721
TIMOB-26194,0.991938
TIMOB-26193,0.992879
TIMOB-26192,0.003222
TIMOB-26191,0.00181
TIMOB-26189,0.013849
TIMOB-26187,0.002591
TIMOB-26185,0.992879
TIMOB-26184,0.004265
TIMOB-26183,0.00365
TIMOB-26182,0.003884
TIMOB-26181,0.00506
TIMOB-26180,0.005469
TIMOB-26179,0.004682
TIMOB-26178,0.003173
TIMOB-26177,0.003594
TIMOB-26176,0.015189
TIMOB-26174,0.932453
TIMOB-26173,0.905322
TIMOB-26172,0.00407
TIMOB-26171,0.004905
TIMOB-26169,0.004332
TIMOB-26168,0.002673
TIMOB-26167,0.00407
TIMOB-26166,0.007233
TIMOB-26165,0.003222
TIMOB-26164,0.003945
TIMOB-26163,0.00629
TIMOB-26162,0.003765
TIMOB-26161,0.00514
TIMOB-26160,0.00343
TIMOB-26159,0.002673
TIMOB-26158,0.003124
TIMOB-26157,0.004905
TIMOB-26155,0.004134
TIMOB-26154,0.993996
TIMOB-26153,0.993996
TIMOB-26152,0.002149
TIMOB-26151,0.005385
TIMOB-26150,0.004399
TIMOB-26149,0.003124
TIMOB-26148,0.974239
TIMOB-26147,0.00343
TIMOB-26146,0.975202
TIMOB-26145,0.119203
TIMOB-26144,0.071332
TIMOB-26143,0.995095
TIMOB-26142,0.995993
TIMOB-26141,0.00461
TIMOB-26140,0.152284
TIMOB-26139,0.005911
TIMOB-26138,0.32783
TIMOB-26137,0.962391
TIMOB-26135,0.003707
TIMOB-26134,0.003765
TIMOB-26133,0.848972
TIMOB-26132,0.558809
TIMOB-26131,0.011778
TIMOB-26130,0.015544
TIMOB-26129,0.012723
TIMOB-26128,0.021948
TIMOB-26127,0.003124
TIMOB-26126,0.00506
TIMOB-26125,0.789234
TIMOB-26124,0.003765
TIMOB-26123,0.869271
TIMOB-26121,0.004982
TIMOB-26120,0.079496
TIMOB-26119,0.995462
TIMOB-26118,0.754553
TIMOB-26117,0.004265
TIMOB-26116,0.003173
TIMOB-26115,0.991289
TIMOB-26114,0.003028
TIMOB-26113,0.00236
TIMOB-26112,0.648856
TIMOB-26111,0.009268
TIMOB-26110,0.00629
TIMOB-26109,0.006904
TIMOB-26108,0.005642
TIMOB-26106,0.036769
TIMOB-26105,0.003538
TIMOB-26104,0.003707
TIMOB-26103,0.032837
TIMOB-26102,0.951142
TIMOB-26101,0.013849
TIMOB-26100,0.98347
TIMOB-26099,0.047074
TIMOB-26098,0.007577
TIMOB-26097,0.00514
TIMOB-26096,0.002149
TIMOB-26095,0.990732
TIMOB-26094,0.982691
TIMOB-26093,0.997409
TIMOB-26092,0.974435
TIMOB-26091,0.004134
TIMOB-26090,0.153549
TIMOB-26089,0.866585
TIMOB-26086,0.002217
TIMOB-26085,0.002252
TIMOB-26084,0.069795
TIMOB-26083,0.990732
TIMOB-26081,0.019871
TIMOB-26080,0.004007
TIMOB-26079,0.006004
TIMOB-26078,0.046034
TIMOB-26077,0.00236
TIMOB-26076,0.002217
TIMOB-26075,0.787278
TIMOB-26074,0.986777
TIMOB-26073,0.939913
TIMOB-26071,0.962673
TIMOB-26070,0.986572
TIMOB-26069,0.719778
TIMOB-26068,0.015189
TIMOB-26067,0.979036
TIMOB-26066,0.979823
TIMOB-26065,0.960063
TIMOB-26063,0.693058
TIMOB-26062,0.013223
TIMOB-26061,0.00506
TIMOB-26060,0.971347
TIMOB-26059,0.075585
TIMOB-26058,0.992304
TIMOB-26056,0.005469
TIMOB-26055,0.004007
TIMOB-26054,0.003028
TIMOB-26053,0.988842
TIMOB-26052,0.00289
TIMOB-26051,0.029312
TIMOB-26050,0.004332
TIMOB-26049,0.060087
TIMOB-26048,0.051463
TIMOB-26047,0.003075
TIMOB-26046,0.877896
TIMOB-26045,0.002473
TIMOB-26044,0.004399
TIMOB-26042,0.044349
TIMOB-26040,0.003765
TIMOB-26039,0.021451
TIMOB-26038,0.997783
TIMOB-26037,0.011508
TIMOB-26036,0.004538
TIMOB-26035,0.003594
TIMOB-26034,0.005302
TIMOB-26033,0.00343
TIMOB-26032,0.003707
TIMOB-26031,0.007012
TIMOB-26030,0.008779
TIMOB-26029,0.004468
TIMOB-26028,0.953275
TIMOB-26027,0.007012
TIMOB-26026,0.997199
TIMOB-26025,0.993512
TIMOB-26024,0.00407
TIMOB-26023,0.990292
TIMOB-26022,0.989013
TIMOB-26021,0.028221
TIMOB-26020,0.986675
TIMOB-26019,0.305283
TIMOB-26017,0.071591
TIMOB-26016,0.411111
TIMOB-26014,0.002673
TIMOB-26013,0.026759
TIMOB-26012,0.002758
TIMOB-26010,0.006193
TIMOB-26009,0.339992
TIMOB-26008,0.003884
TIMOB-26007,0.531939
TIMOB-26006,0.973241
TIMOB-26005,0.997677
TIMOB-26004,0.997242
TIMOB-26003,0.997327
TIMOB-26001,0.007696
TIMOB-26000,0.504394
TIMOB-25999,0.985936
TIMOB-25998,0.965381
TIMOB-25997,0.551332
TIMOB-25996,0.006693
TIMOB-25995,0.724675
TIMOB-25994,0.827828
TIMOB-25992,0.68763
TIMOB-25991,0.020804
TIMOB-25990,0.003945
TIMOB-25989,0.002183
TIMOB-25987,0.006798
TIMOB-25986,0.017045
TIMOB-25985,0.251832
TIMOB-25983,0.002183
TIMOB-25982,0.984694
TIMOB-25981,0.98347
TIMOB-25979,0.003028
TIMOB-25978,0.00365
TIMOB-25977,0.003538
TIMOB-25975,0.002845
TIMOB-25974,0.006098
TIMOB-25973,0.004538
TIMOB-25971,0.003884
TIMOB-25970,0.003324
TIMOB-25968,0.122104
TIMOB-25966,0.979823
TIMOB-25965,0.139866
TIMOB-25964,0.004265
TIMOB-25963,0.836555
TIMOB-25962,0.992184
TIMOB-25961,0.003824
TIMOB-25960,0.00407
TIMOB-25959,0.005385
TIMOB-25958,0.035411
TIMOB-25956,0.00629
TIMOB-25955,0.989182
TIMOB-25954,0.961822
TIMOB-25953,0.992423
TIMOB-25952,0.002473
TIMOB-25951,0.009268
TIMOB-25950,0.021615
TIMOB-25949,0.001727
TIMOB-25948,0.00582
TIMOB-25947,0.993203
TIMOB-25946,0.061876
TIMOB-25945,0.00407
TIMOB-25944,0.006693
TIMOB-25943,0.004332
TIMOB-25942,0.003594
TIMOB-25941,0.187133
TIMOB-25940,0.003075
TIMOB-25939,0.024054
TIMOB-25937,0.09947
TIMOB-25936,0.002397
TIMOB-25935,0.003945
TIMOB-25934,0.063948
TIMOB-25933,0.103386
TIMOB-25932,0.008125
TIMOB-25931,0.941654
TIMOB-25930,0.005642
TIMOB-25929,0.996176
TIMOB-25928,0.003483
TIMOB-25927,0.996293
TIMOB-25926,0.003028
TIMOB-25924,0.944177
TIMOB-25923,0.805938
TIMOB-25922,0.953275
TIMOB-25921,0.00365
TIMOB-25920,0.006388
TIMOB-25919,0.003594
TIMOB-25917,0.374333
TIMOB-25916,0.002935
TIMOB-25914,0.00483
TIMOB-25913,0.005642
TIMOB-25912,0.00483
TIMOB-25911,0.003824
TIMOB-25910,0.003824
TIMOB-25909,0.004682
TIMOB-25908,0.986363
TIMOB-25907,0.00522
TIMOB-25906,0.007877
TIMOB-25905,0.003707
TIMOB-25903,0.003824
TIMOB-25901,0.007289
TIMOB-25899,0.011778
TIMOB-25897,0.003594
TIMOB-25896,0.996055
TIMOB-25895,0.143188
TIMOB-25893,0.972831
TIMOB-25892,0.030444
TIMOB-25891,0.013956
TIMOB-25890,0.826712
TIMOB-25889,0.203708
TIMOB-25888,0.00407
TIMOB-25887,0.005469
TIMOB-25886,0.54153
TIMOB-25885,0.088505
TIMOB-25884,0.887205
TIMOB-25883,0.00522
TIMOB-25882,0.003483
TIMOB-25881,0.158695
TIMOB-25880,0.482429
TIMOB-25879,0.818737
TIMOB-25878,0.983847
TIMOB-25877,0.006693
TIMOB-25876,0.004755
TIMOB-25875,0.018978
TIMOB-25874,0.003765
TIMOB-25873,0.003824
TIMOB-25872,0.006798
TIMOB-25871,0.690768
TIMOB-25870,0.974629
TIMOB-25869,0.004332
TIMOB-25868,0.96741
TIMOB-25867,0.004199
TIMOB-25866,0.006004
TIMOB-25865,0.033337
TIMOB-25864,0.021287
TIMOB-25862,0.996116
TIMOB-25861,0.857768
TIMOB-25860,0.39321
TIMOB-25859,0.72487
TIMOB-25858,0.013849
TIMOB-25857,0.212069
TIMOB-25856,0.691706
TIMOB-25855,0.487795
TIMOB-25854,0.856332
TIMOB-25853,0.00289
TIMOB-25852,0.988668
TIMOB-25851,0.404625
TIMOB-25850,0.002632
TIMOB-25849,0.003124
TIMOB-25848,0.942082
TIMOB-25847,0.179243
TIMOB-25846,0.992539
TIMOB-25845,0.011687
TIMOB-25844,0.019124
TIMOB-25843,0.002935
TIMOB-25842,0.004982
TIMOB-25839,0.006488
TIMOB-25838,0.003028
TIMOB-25837,0.00659
TIMOB-25836,0.002551
TIMOB-25835,0.003124
TIMOB-25834,0.002434
TIMOB-25833,0.026355
TIMOB-25832,0.00506
TIMOB-25831,0.003028
TIMOB-25829,0.005642
TIMOB-25828,0.99635
TIMOB-25827,0.004134
TIMOB-25826,0.003173
TIMOB-25825,0.005469
TIMOB-25824,0.016029
TIMOB-25823,0.003028
TIMOB-25822,0.003824
TIMOB-25821,0.002935
TIMOB-25820,0.002673
TIMOB-25819,0.003273
TIMOB-25817,0.00582
TIMOB-25816,0.997199
TIMOB-25815,0.002715
TIMOB-25813,0.100525
TIMOB-25810,0.003707
TIMOB-25809,0.004332
TIMOB-25808,0.856332
TIMOB-25807,0.00986
TIMOB-25806,0.003273
TIMOB-25805,0.002217
TIMOB-25804,0.002801
TIMOB-25803,0.008446
TIMOB-25802,0.975946
TIMOB-25801,0.004134
TIMOB-25800,0.741674
TIMOB-25799,0.005911
TIMOB-25798,0.005302
TIMOB-25797,0.008316
TIMOB-25796,0.003324
TIMOB-25795,0.978713
TIMOB-25794,0.003707
TIMOB-25793,0.005385
TIMOB-25792,0.00522
TIMOB-25791,0.00514
TIMOB-25790,0.004905
TIMOB-25789,0.00573
TIMOB-25788,0.016277
TIMOB-25787,0.559531
TIMOB-25786,0.003824
TIMOB-25785,0.00506
TIMOB-25784,0.002051
TIMOB-25783,0.004399
TIMOB-25782,0.003765
TIMOB-25780,0.004199
TIMOB-25779,0.002715
TIMOB-25778,0.789883
TIMOB-25777,0.003075
TIMOB-25776,0.008252
TIMOB-25775,0.002935
TIMOB-25774,0.015306
TIMOB-25773,0.00365
TIMOB-25772,0.003075
TIMOB-25771,0.006798
TIMOB-25770,0.00289
TIMOB-25769,0.003273
TIMOB-25768,0.01302
TIMOB-25767,0.004134
TIMOB-25766,0.002758
TIMOB-25765,0.003222
TIMOB-25764,0.99486
TIMOB-25762,0.00289
TIMOB-25760,0.003707
TIMOB-25759,0.002981
TIMOB-25758,0.003124
TIMOB-25757,0.029987
TIMOB-25756,0.005642
TIMOB-25755,0.00582
TIMOB-25754,0.002397
TIMOB-25753,0.003483
TIMOB-25752,0.00461
TIMOB-25750,0.003594
TIMOB-25749,0.00582
TIMOB-25748,0.984336
TIMOB-25747,0.00483
TIMOB-25745,0.987568
TIMOB-25744,0.00522
TIMOB-25743,0.983343
TIMOB-25742,0.009559
TIMOB-25741,0.002252
TIMOB-25740,0.986363
TIMOB-25739,0.003945
TIMOB-25738,0.00506
TIMOB-25737,0.003324
TIMOB-25736,0.003538
TIMOB-25735,0.009413
TIMOB-25734,0.002845
TIMOB-25733,0.003324
TIMOB-25732,0.002981
TIMOB-25731,0.002551
TIMOB-25730,0.169406
TIMOB-25729,0.003824
TIMOB-25728,0.004905
TIMOB-25727,0.006488
TIMOB-25726,0.206894
TIMOB-25708,0.863852
TIMOB-25706,0.996517
TIMOB-25705,0.031859
TIMOB-25703,0.086942
TIMOB-25702,0.262464
TIMOB-25701,0.989986
TIMOB-25700,0.00659
TIMOB-25699,0.979823
TIMOB-25698,0.00506
TIMOB-25697,0.002715
TIMOB-25696,0.004682
TIMOB-25694,0.00343
TIMOB-25693,0.006098
TIMOB-25692,0.004007
TIMOB-25689,0.00483
TIMOB-25688,0.030909
TIMOB-25687,0.00407
TIMOB-25686,0.00629
TIMOB-25685,0.003884
TIMOB-25684,0.97024
TIMOB-25683,0.988131
TIMOB-25682,0.00483
TIMOB-25681,0.481941
TIMOB-25680,0.003124
TIMOB-25679,0.004905
TIMOB-25678,0.002758
TIMOB-25677,0.004982
TIMOB-25676,0.00506
TIMOB-25675,0.002801
TIMOB-25674,0.00289
TIMOB-25673,0.157655
TIMOB-25672,0.012336
TIMOB-25671,0.00483
TIMOB-25670,0.003377
TIMOB-25669,0.003538
TIMOB-25668,0.015425
TIMOB-25667,0.410756
TIMOB-25666,0.041462
TIMOB-25665,0.97631
TIMOB-25664,0.86431
TIMOB-25663,0.984336
TIMOB-25662,0.00582
TIMOB-25661,0.004007
TIMOB-25660,0.003483
TIMOB-25658,0.00514
TIMOB-25657,0.00514
TIMOB-25656,0.007233
TIMOB-25655,0.003173
TIMOB-25654,0.004134
TIMOB-25652,0.003377
TIMOB-25650,0.100172
TIMOB-25649,0.939471
TIMOB-25648,0.062789
TIMOB-25647,0.003222
TIMOB-25646,0.002473
TIMOB-25645,0.002397
TIMOB-25644,0.747432
TIMOB-25642,0.99517
TIMOB-25641,0.00522
TIMOB-25640,0.00506
TIMOB-25638,0.002434
TIMOB-25637,0.003273
TIMOB-25636,0.003945
TIMOB-25635,0.990874
TIMOB-25634,0.003707
TIMOB-25633,0.057493
TIMOB-25632,0.007121
TIMOB-25631,0.003222
TIMOB-25630,0.005555
TIMOB-25629,0.003124
TIMOB-25628,0.003124
TIMOB-25626,0.003483
TIMOB-25625,0.004199
TIMOB-25624,0.005555
TIMOB-25623,0.995669
TIMOB-25622,0.003765
TIMOB-25621,0.007346
TIMOB-25620,0.004982
TIMOB-25619,0.003945
TIMOB-25618,0.004905
TIMOB-25617,0.003765
TIMOB-25616,0.055413
TIMOB-25615,0.004905
TIMOB-25614,0.004905
TIMOB-25613,0.00343
TIMOB-25612,0.004399
TIMOB-25611,0.609873
TIMOB-25610,0.00407
TIMOB-25608,0.005385
TIMOB-25607,0.949295
TIMOB-25606,0.903635
TIMOB-25605,0.995735
TIMOB-25604,0.006098
TIMOB-25603,0.939471
TIMOB-25602,0.004199
TIMOB-25601,0.013532
TIMOB-25600,0.004007
TIMOB-25599,0.004199
TIMOB-25598,0.00461
TIMOB-25597,0.01142
TIMOB-25596,0.002981
TIMOB-25595,0.002511
TIMOB-25594,0.00514
TIMOB-25593,0.740737
TIMOB-25592,0.007346
TIMOB-25591,0.986979
TIMOB-25590,0.00343
TIMOB-25589,0.003273
TIMOB-25588,0.002551
TIMOB-25587,0.044349
TIMOB-25586,0.003028
TIMOB-25585,0.00514
TIMOB-25584,0.002935
TIMOB-25583,0.002019
TIMOB-25582,0.042088
TIMOB-25581,0.003222
TIMOB-25580,0.003707
TIMOB-25579,0.003222
TIMOB-25578,0.20466
TIMOB-25577,0.283087
TIMOB-25576,0.008711
TIMOB-25575,0.997065
TIMOB-25574,0.003765
TIMOB-25573,0.008847
TIMOB-25572,0.947381
TIMOB-25571,0.004682
TIMOB-25570,0.015664
TIMOB-25569,0.015306
TIMOB-25568,0.003824
TIMOB-25567,0.00365
TIMOB-25566,0.002591
TIMOB-25565,0.004982
TIMOB-25564,0.00514
TIMOB-25563,0.001957
TIMOB-25562,0.997783
TIMOB-25561,0.703142
TIMOB-25560,0.003884
TIMOB-25559,0.003884
TIMOB-25558,0.004468
TIMOB-25557,0.003945
TIMOB-25556,0.959459
TIMOB-25555,0.002715
TIMOB-25554,0.035411
TIMOB-25553,0.991812
TIMOB-25552,0.003765
TIMOB-25551,0.995735
TIMOB-25550,0.006488
TIMOB-25546,0.010328
TIMOB-25544,0.985043
TIMOB-25543,0.002019
TIMOB-25542,0.004134
TIMOB-25541,0.004199
TIMOB-25540,0.003707
TIMOB-25539,0.00629
TIMOB-25538,0.003884
TIMOB-25537,0.992654
TIMOB-25536,0.998132
TIMOB-25535,0.997155
TIMOB-25534,0.987759
TIMOB-25533,0.995993
TIMOB-25532,0.003124
TIMOB-25531,0.006798
TIMOB-25530,0.005555
TIMOB-25529,0.00522
TIMOB-25528,0.004905
TIMOB-25527,0.003594
TIMOB-25526,0.002935
TIMOB-25525,0.003124
TIMOB-25524,0.116764
TIMOB-25523,0.995095
TIMOB-25522,0.990874
TIMOB-25521,0.004332
TIMOB-25520,0.984811
TIMOB-25519,0.006004
TIMOB-25518,0.008847
TIMOB-25517,0.003824
TIMOB-25516,0.014064
TIMOB-25515,0.00343
TIMOB-25514,0.00343
TIMOB-25513,0.004007
TIMOB-25511,0.00506
TIMOB-25510,0.055413
TIMOB-25509,0.641422
TIMOB-25508,0.003824
TIMOB-25507,0.006798
TIMOB-25506,0.006693
TIMOB-25505,0.003324
TIMOB-25504,0.002632
TIMOB-25503,0.003707
TIMOB-25502,0.986363
TIMOB-25501,0.00407
TIMOB-25500,0.019569
TIMOB-25499,0.01057
TIMOB-25498,0.042722
TIMOB-25497,0.00236
TIMOB-25496,0.004199
TIMOB-25495,0.004199
TIMOB-25494,0.818737
TIMOB-25493,0.937669
TIMOB-25491,0.003707
TIMOB-25490,0.002473
TIMOB-25489,0.00483
TIMOB-25488,0.004468
TIMOB-25487,0.00522
TIMOB-25486,0.00461
TIMOB-25485,0.008779
TIMOB-25483,0.204342
TIMOB-25482,0.002323
TIMOB-25481,0.004468
TIMOB-25480,0.963231
TIMOB-25479,0.003765
TIMOB-25478,0.010249
TIMOB-25477,0.00289
TIMOB-25476,0.00838
TIMOB-25475,0.004199
TIMOB-25474,0.004199
TIMOB-25473,0.00483
TIMOB-25471,0.005302
TIMOB-25470,0.003124
TIMOB-25469,0.003377
TIMOB-25468,0.00343
TIMOB-25467,0.003028
TIMOB-25466,0.003707
TIMOB-25464,0.003483
TIMOB-25463,0.004199
TIMOB-25462,0.00407
TIMOB-25461,0.003173
TIMOB-25460,0.002323
TIMOB-25459,0.00461
TIMOB-25458,0.005642
TIMOB-25457,0.004982
TIMOB-25456,0.00582
TIMOB-25455,0.005555
TIMOB-25454,0.015425
TIMOB-25453,0.005555
TIMOB-25452,0.00289
TIMOB-25451,0.00365
TIMOB-25450,0.009268
TIMOB-25449,0.003377
TIMOB-25448,0.964855
TIMOB-25447,0.00483
TIMOB-25446,0.003707
TIMOB-25445,0.002149
TIMOB-25444,0.003222
TIMOB-25443,0.002591
TIMOB-25442,0.981595
TIMOB-25441,0.984575
TIMOB-25440,0.005469
TIMOB-25439,0.005385
TIMOB-25438,0.278649
TIMOB-25437,0.004682
TIMOB-25436,0.011961
TIMOB-25434,0.004399
TIMOB-25433,0.889144
TIMOB-25432,0.007012
TIMOB-25431,0.005302
TIMOB-25430,0.00629
TIMOB-25429,0.990441
TIMOB-25428,0.004332
TIMOB-25427,0.033844
TIMOB-25426,0.00659
TIMOB-25424,0.008511
TIMOB-25423,0.003707
TIMOB-25422,0.994358
TIMOB-25421,0.00343
TIMOB-25420,0.003594
TIMOB-25419,0.002252
TIMOB-25418,0.030215
TIMOB-25417,0.122104
TIMOB-25416,0.004905
TIMOB-25415,0.003884
TIMOB-25414,0.003824
TIMOB-25413,0.004468
TIMOB-25412,0.991684
TIMOB-25411,0.003824
TIMOB-25410,0.003707
TIMOB-25409,0.002217
TIMOB-25407,0.002801
TIMOB-25406,0.005385
TIMOB-25405,0.778649
TIMOB-25404,0.993996
TIMOB-25403,0.004755
TIMOB-25402,0.010014
TIMOB-25401,0.00582
TIMOB-25400,0.082107
TIMOB-25399,0.989013
TIMOB-25398,0.004199
TIMOB-25395,0.00582
TIMOB-25394,0.795022
TIMOB-25393,0.011158
TIMOB-25392,0.002551
TIMOB-25391,0.006193
TIMOB-25390,0.001623
TIMOB-25389,0.00582
TIMOB-25388,0.003075
TIMOB-25387,0.003028
TIMOB-25386,0.002845
TIMOB-25385,0.002217
TIMOB-25384,0.004134
TIMOB-25383,0.003824
TIMOB-25382,0.003377
TIMOB-25381,0.002473
TIMOB-25380,0.007816
TIMOB-25379,0.003273
TIMOB-25378,0.014172
TIMOB-25377,0.00461
TIMOB-25376,0.00343
TIMOB-25374,0.001755
TIMOB-25373,0.002287
TIMOB-25372,0.00522
TIMOB-25371,0.987375
TIMOB-25370,0.004538
TIMOB-25369,0.004332
TIMOB-25368,0.004982
TIMOB-25366,0.993096
TIMOB-25365,0.003377
TIMOB-25364,0.006004
TIMOB-25363,0.007012
TIMOB-25362,0.989986
TIMOB-25361,0.00365
TIMOB-25360,0.002511
TIMOB-25359,0.002758
TIMOB-25358,0.004199
TIMOB-25357,0.024988
TIMOB-25356,0.003124
TIMOB-25355,0.52829
TIMOB-25354,0.005302
TIMOB-25353,0.99657
TIMOB-25352,0.005911
TIMOB-25351,0.101233
TIMOB-25349,0.005642
TIMOB-25347,0.004199
TIMOB-25346,0.003483
TIMOB-25345,0.885235
TIMOB-25344,0.987759
TIMOB-25343,0.003884
TIMOB-25341,0.004007
TIMOB-25340,0.810479
TIMOB-25339,0.003824
TIMOB-25338,0.005469
TIMOB-25337,0.003538
TIMOB-25336,0.002632
TIMOB-25335,0.99486
TIMOB-25334,0.003594
TIMOB-25333,0.00582
TIMOB-25332,0.005469
TIMOB-25331,0.0341
TIMOB-25330,0.003028
TIMOB-25329,0.004007
TIMOB-25328,0.00986
TIMOB-25327,0.002715
TIMOB-25326,0.002473
TIMOB-25325,0.002252
TIMOB-25324,0.005469
TIMOB-25323,0.007012
TIMOB-25322,0.23793
TIMOB-25321,0.011869
TIMOB-25320,0.003765
TIMOB-25319,0.003594
TIMOB-25318,0.004905
TIMOB-25317,0.988492
TIMOB-25315,0.992423
TIMOB-25314,0.002434
TIMOB-25313,0.060087
TIMOB-25312,0.002715
TIMOB-25311,0.003222
TIMOB-25310,0.29798
TIMOB-25309,0.006004
TIMOB-25308,0.004199
TIMOB-25307,0.002551
TIMOB-25306,0.002981
TIMOB-25305,0.00365
TIMOB-25304,0.014392
TIMOB-25303,0.013532
TIMOB-25302,0.995801
TIMOB-25301,0.011245
TIMOB-25300,0.003075
TIMOB-25299,0.004905
TIMOB-25298,0.002473
TIMOB-25297,0.00343
TIMOB-25296,0.995462
TIMOB-25294,0.00659
TIMOB-25293,0.00407
TIMOB-25292,0.006798
TIMOB-25291,0.003765
TIMOB-25290,0.003945
TIMOB-25289,0.003824
TIMOB-25288,0.00514
TIMOB-25287,0.002323
TIMOB-25286,0.003075
TIMOB-25285,0.01302
TIMOB-25284,0.003124
TIMOB-25283,0.996676
TIMOB-25282,0.004468
TIMOB-25281,0.002801
TIMOB-25280,0.797557
TIMOB-25279,0.952926
TIMOB-25277,0.038178
TIMOB-25276,0.002845
TIMOB-25275,0.003028
TIMOB-25274,0.001957
TIMOB-25273,0.002935
TIMOB-25272,0.003377
TIMOB-25271,0.012147
TIMOB-25270,0.973844
TIMOB-25269,0.025957
TIMOB-25268,0.006098
TIMOB-25267,0.705379
TIMOB-25266,0.005385
TIMOB-25265,0.002758
TIMOB-25263,0.00343
TIMOB-25262,0.007012
TIMOB-25261,0.002673
TIMOB-25260,0.004468
TIMOB-25259,0.005555
TIMOB-25258,0.002845
TIMOB-25257,0.002632
TIMOB-25256,0.013637
TIMOB-25255,0.002551
TIMOB-25254,0.002935
TIMOB-25253,0.002935
TIMOB-25252,0.00461
TIMOB-25251,0.025565
TIMOB-25250,0.018689
TIMOB-25248,0.002935
TIMOB-25247,0.002183
TIMOB-25246,0.00236
TIMOB-25245,0.002019
TIMOB-25244,0.00934
TIMOB-25243,0.003273
TIMOB-25242,0.007121
TIMOB-25241,0.009055
TIMOB-25240,0.083591
TIMOB-25239,0.003538
TIMOB-25238,0.006388
TIMOB-25237,0.010328
TIMOB-25236,0.010987
TIMOB-25235,0.014282
TIMOB-25234,0.008188
TIMOB-25233,0.013121
TIMOB-25232,0.00629
TIMOB-25231,0.003483
TIMOB-25230,0.00659
TIMOB-25229,0.995601
TIMOB-25228,0.007121
TIMOB-25227,0.008847
TIMOB-25226,0.018689
TIMOB-25225,0.004755
TIMOB-25224,0.00629
TIMOB-25223,0.002473
TIMOB-25222,0.002323
TIMOB-25221,0.002323
TIMOB-25220,0.002935
TIMOB-25219,0.006798
TIMOB-25218,0.005302
TIMOB-25217,0.003824
TIMOB-25216,0.014392
TIMOB-25215,0.003707
TIMOB-25212,0.00343
TIMOB-25211,0.007696
TIMOB-25210,0.00629
TIMOB-25209,0.99371
TIMOB-25208,0.002511
TIMOB-25207,0.694199
TIMOB-25206,0.00522
TIMOB-25205,0.056862
TIMOB-25203,0.112016
TIMOB-25202,0.99478
TIMOB-25201,0.002287
TIMOB-25200,0.99478
TIMOB-25197,0.965641
TIMOB-25196,0.027169
TIMOB-25195,0.992879
TIMOB-25194,0.005385
TIMOB-25193,0.003324
TIMOB-25192,0.003945
TIMOB-25190,0.004134
TIMOB-25189,0.015189
TIMOB-25188,0.991554
TIMOB-25186,0.003173
TIMOB-25185,0.002252
TIMOB-25184,0.003377
TIMOB-25183,0.009486
TIMOB-25180,0.006693
TIMOB-25179,0.00461
TIMOB-25178,0.00289
TIMOB-25177,0.002434
TIMOB-25176,0.00629
TIMOB-25175,0.002323
TIMOB-25174,0.004682
TIMOB-25173,0.004982
TIMOB-25172,0.002183
TIMOB-25171,0.101947
TIMOB-25170,0.004755
TIMOB-25169,0.00659
TIMOB-25168,0.006193
TIMOB-25167,0.006004
TIMOB-25166,0.003824
TIMOB-25165,0.01302
TIMOB-25164,0.992304
TIMOB-25163,0.003075
TIMOB-25162,0.002591
TIMOB-25161,0.024423
TIMOB-25160,0.004332
TIMOB-25158,0.003028
TIMOB-25157,0.006693
TIMOB-25156,0.00514
TIMOB-25155,0.006388
TIMOB-25154,0.006098
TIMOB-25153,0.00514
TIMOB-25152,0.00582
TIMOB-25151,0.005555
TIMOB-25150,0.004905
TIMOB-25149,0.00514
TIMOB-25148,0.00506
TIMOB-25147,0.00522
TIMOB-25146,0.007121
TIMOB-25145,0.006798
TIMOB-25144,0.004468
TIMOB-25143,0.006388
TIMOB-25142,0.00629
TIMOB-25141,0.00514
TIMOB-25140,0.005911
TIMOB-25139,0.004468
TIMOB-25138,0.00461
TIMOB-25137,0.00659
TIMOB-25136,0.004538
TIMOB-25135,0.005385
TIMOB-25134,0.004538
TIMOB-25133,0.003945
TIMOB-25132,0.006798
TIMOB-25131,0.005555
TIMOB-25130,0.005642
TIMOB-25129,0.00573
TIMOB-25128,0.005642
TIMOB-25127,0.005555
TIMOB-25126,0.00573
TIMOB-25125,0.005555
TIMOB-25124,0.005642
TIMOB-25123,0.006904
TIMOB-25122,0.007577
TIMOB-25121,0.004905
TIMOB-25120,0.00514
TIMOB-25119,0.004399
TIMOB-25118,0.004399
TIMOB-25117,0.00573
TIMOB-25116,0.003945
TIMOB-25115,0.005302
TIMOB-25114,0.00582
TIMOB-25113,0.005642
TIMOB-25112,0.005385
TIMOB-25111,0.00483
TIMOB-25110,0.00514
TIMOB-25109,0.005302
TIMOB-25108,0.00514
TIMOB-25107,0.005302
TIMOB-25106,0.005469
TIMOB-25105,0.00582
TIMOB-25104,0.005469
TIMOB-25103,0.00506
TIMOB-25102,0.00582
TIMOB-25101,0.005642
TIMOB-25100,0.007012
TIMOB-25099,0.005555
TIMOB-25098,0.006193
TIMOB-25097,0.006193
TIMOB-25096,0.006004
TIMOB-25095,0.005911
TIMOB-25094,0.00573
TIMOB-25093,0.006004
TIMOB-25092,0.00573
TIMOB-25091,0.005642
TIMOB-25090,0.004332
TIMOB-25089,0.004199
TIMOB-25088,0.00514
TIMOB-25086,0.00236
TIMOB-25085,0.003075
TIMOB-25084,0.013637
TIMOB-25083,0.008985
TIMOB-25082,0.00236
TIMOB-25081,0.004468
TIMOB-25080,0.564098
TIMOB-25079,0.008446
TIMOB-25078,0.004007
TIMOB-25076,0.995866
TIMOB-25075,0.992654
TIMOB-25073,0.003824
TIMOB-25072,0.003594
TIMOB-25071,0.006004
TIMOB-25070,0.004905
TIMOB-25069,0.004905
TIMOB-25068,0.003222
TIMOB-25067,0.004265
TIMOB-25066,0.041153
TIMOB-25065,0.003222
TIMOB-25064,0.025565
TIMOB-25063,0.003884
TIMOB-25062,0.226441
TIMOB-25061,0.002511
TIMOB-25060,0.260954
TIMOB-25059,0.935817
TIMOB-25058,0.996676
TIMOB-25057,0.989986
TIMOB-25056,0.00289
TIMOB-25055,0.00461
TIMOB-25053,0.063948
TIMOB-25052,0.005302
TIMOB-25051,0.006798
TIMOB-25049,0.003945
TIMOB-25048,0.976129
TIMOB-25047,0.007577
TIMOB-25046,0.003884
TIMOB-25045,0.084795
TIMOB-25044,0.002715
TIMOB-25043,0.014842
TIMOB-25042,0.983085
TIMOB-25041,0.987568
TIMOB-25040,0.004755
TIMOB-25039,0.003273
TIMOB-25038,0.002758
TIMOB-25036,0.00629
TIMOB-25035,0.00522
TIMOB-25034,0.007233
TIMOB-25033,0.00365
TIMOB-25032,0.967163
TIMOB-25031,0.00582
TIMOB-25030,0.960952
TIMOB-25029,0.00514
TIMOB-25028,0.004905
TIMOB-25027,0.00506
TIMOB-25026,0.010735
TIMOB-25025,0.008644
TIMOB-25024,0.003945
TIMOB-25023,0.003945
TIMOB-25022,0.003824
TIMOB-25021,0.005911
TIMOB-25020,0.002551
TIMOB-25019,0.032101
TIMOB-25018,0.40028
TIMOB-25016,0.006488
TIMOB-25015,0.970909
TIMOB-25014,0.002632
TIMOB-25013,0.003945
TIMOB-25012,0.006004
TIMOB-25011,0.009126
TIMOB-25010,0.004682
TIMOB-25009,0.012432
TIMOB-25008,0.946597
TIMOB-25007,0.925769
TIMOB-25006,0.075858
TIMOB-25005,0.017045
TIMOB-25004,0.005385
TIMOB-25003,0.028436
TIMOB-25002,0.019271
TIMOB-25001,0.055823
TIMOB-25000,0.030676
TIMOB-24999,0.029091
TIMOB-24998,0.066085
TIMOB-24997,0.141281
TIMOB-24996,0.022977
TIMOB-24995,0.027796
TIMOB-24994,0.005555
TIMOB-24992,0.181553
TIMOB-24991,0.013742
TIMOB-24989,0.002632
TIMOB-24988,0.018547
TIMOB-24987,0.004007
TIMOB-24986,0.049589
TIMOB-24985,0.003075
TIMOB-24984,0.992062
TIMOB-24983,0.983343
TIMOB-24982,0.051463
TIMOB-24981,0.004468
TIMOB-24980,0.713432
TIMOB-24979,0.009784
TIMOB-24978,0.003124
TIMOB-24977,0.00343
TIMOB-24976,0.00629
TIMOB-24975,0.625896
TIMOB-24973,0.004982
TIMOB-24967,0.427516
TIMOB-24966,0.003075
TIMOB-24965,0.024054
TIMOB-24964,0.023331
TIMOB-24963,0.466846
TIMOB-24962,0.00506
TIMOB-24961,0.003028
TIMOB-24960,0.005555
TIMOB-24959,0.880797
TIMOB-24958,0.008252
TIMOB-24957,0.003824
TIMOB-24956,0.00573
TIMOB-24954,0.003538
TIMOB-24953,0.008062
TIMOB-24952,0.00659
TIMOB-24951,0.002083
TIMOB-24950,0.014064
TIMOB-24949,0.00289
TIMOB-24948,0.992539
TIMOB-24947,0.00407
TIMOB-24946,0.159217
TIMOB-24944,0.003075
TIMOB-24943,0.004399
TIMOB-24942,0.002287
TIMOB-24941,0.005302
TIMOB-24940,0.006193
TIMOB-24939,0.00506
TIMOB-24938,0.00659
TIMOB-24937,0.006004
TIMOB-24936,0.00514
TIMOB-24935,0.00343
TIMOB-24934,0.005385
TIMOB-24933,0.002434
TIMOB-24932,0.009784
TIMOB-24931,0.657428
TIMOB-24930,0.005555
TIMOB-24929,0.60679
TIMOB-24928,0.004399
TIMOB-24927,0.014842
TIMOB-24926,0.010489
TIMOB-24925,0.00629
TIMOB-24924,0.003124
TIMOB-24923,0.00461
TIMOB-24922,0.005302
TIMOB-24920,0.665193
TIMOB-24919,0.008
TIMOB-24916,0.003765
TIMOB-24915,0.004905
TIMOB-24914,0.006693
TIMOB-24913,0.587115
TIMOB-24912,0.006193
TIMOB-24911,0.00659
TIMOB-24910,0.051083
TIMOB-24909,0.997065
TIMOB-24907,0.020489
TIMOB-24906,0.004134
TIMOB-24905,0.003273
TIMOB-24904,0.002551
TIMOB-24903,0.002632
TIMOB-24902,0.236516
TIMOB-24901,0.005642
TIMOB-24900,0.004755
TIMOB-24898,0.003173
TIMOB-24897,0.00522
TIMOB-24896,0.007461
TIMOB-24895,0.003538
TIMOB-24894,0.00483
TIMOB-24893,0.004199
TIMOB-24892,0.004134
TIMOB-24891,0.004399
TIMOB-24890,0.975946
TIMOB-24888,0.00514
TIMOB-24887,0.005911
TIMOB-24886,0.002845
TIMOB-24885,0.395484
TIMOB-24884,0.005385
TIMOB-24883,0.001927
TIMOB-24882,0.002935
TIMOB-24881,0.003707
TIMOB-24879,0.003173
TIMOB-24877,0.017849
TIMOB-24876,0.997155
TIMOB-24874,0.002591
TIMOB-24872,0.00343
TIMOB-24871,0.994531
TIMOB-24870,0.00407
TIMOB-24869,0.003324
TIMOB-24868,0.008985
TIMOB-24866,0.003538
TIMOB-24865,0.003377
TIMOB-24864,0.002551
TIMOB-24863,0.002019
TIMOB-24862,0.004265
TIMOB-24861,0.002632
TIMOB-24860,0.008125
TIMOB-24859,0.00506
TIMOB-24858,0.002287
TIMOB-24857,0.001957
TIMOB-24856,0.040846
TIMOB-24855,0.002149
TIMOB-24854,0.003173
TIMOB-24853,0.045353
TIMOB-24852,0.003173
TIMOB-24851,0.0538
TIMOB-24850,0.007577
TIMOB-24849,0.002323
TIMOB-24848,0.002252
TIMOB-24847,0.001927
TIMOB-24846,0.004982
TIMOB-24845,0.99486
TIMOB-24844,0.005642
TIMOB-24843,0.841826
TIMOB-24842,0.003594
TIMOB-24841,0.031619
TIMOB-24840,0.002434
TIMOB-24839,0.004538
TIMOB-24838,0.003124
TIMOB-24837,0.006388
TIMOB-24836,0.002632
TIMOB-24835,0.004399
TIMOB-24834,0.004538
TIMOB-24833,0.00236
TIMOB-24832,0.002591
TIMOB-24831,0.002397
TIMOB-24830,0.015544
TIMOB-24829,0.978875
TIMOB-24828,0.002217
TIMOB-24827,0.002758
TIMOB-24826,0.00236
TIMOB-24825,0.002149
TIMOB-24824,0.002287
TIMOB-24823,0.00289
TIMOB-24822,0.003594
TIMOB-24820,0.004199
TIMOB-24819,0.003483
TIMOB-24818,0.002758
TIMOB-24817,0.992184
TIMOB-24816,0.821044
TIMOB-24815,0.441914
TIMOB-24814,0.003173
TIMOB-24813,0.004468
TIMOB-24812,0.00365
TIMOB-24811,0.003377
TIMOB-24810,0.004982
TIMOB-24809,0.00573
TIMOB-24808,0.962673
TIMOB-24807,0.982288
TIMOB-24806,0.082994
TIMOB-24805,0.93196
TIMOB-24803,0.541409
TIMOB-24802,0.087564
TIMOB-24801,0.005911
TIMOB-24800,0.00461
TIMOB-24799,0.005911
TIMOB-24798,0.003222
TIMOB-24797,0.003884
TIMOB-24796,0.01017
TIMOB-24795,0.015664
TIMOB-24794,0.203075
TIMOB-24793,0.002323
TIMOB-24792,0.002935
TIMOB-24791,0.005911
TIMOB-24790,0.004682
TIMOB-24789,0.880386
TIMOB-24788,0.145115
TIMOB-24787,0.005302
TIMOB-24785,0.004755
TIMOB-24782,0.995018
TIMOB-24781,0.989672
TIMOB-24780,0.996623
TIMOB-24779,0.00522
TIMOB-24778,0.007012
TIMOB-24777,0.002981
TIMOB-24776,0.991015
TIMOB-24775,0.982423
TIMOB-24774,0.985043
TIMOB-24773,0.004332
TIMOB-24772,0.987568
TIMOB-24771,0.006098
TIMOB-24770,0.002935
TIMOB-24769,0.994698
TIMOB-24768,0.890675
TIMOB-24767,0.800068
TIMOB-24766,0.969091
TIMOB-24765,0.66236
TIMOB-24764,0.992654
TIMOB-24763,0.003765
TIMOB-24762,0.981875
TIMOB-24761,0.017712
TIMOB-24760,0.021451
TIMOB-24758,0.841305
TIMOB-24757,0.002217
TIMOB-24756,0.003483
TIMOB-24755,0.00506
TIMOB-24753,0.002591
TIMOB-24752,0.091382
TIMOB-24751,0.007938
TIMOB-24750,0.18743
TIMOB-24749,0.908293
TIMOB-24748,0.00582
TIMOB-24747,0.007121
TIMOB-24745,0.007696
TIMOB-24744,0.003273
TIMOB-24743,0.00838
TIMOB-24742,0.003707
TIMOB-24741,0.004265
TIMOB-24740,0.00986
TIMOB-24739,0.995318
TIMOB-24738,0.928926
TIMOB-24737,0.00573
TIMOB-24735,0.003324
TIMOB-24734,0.00934
TIMOB-24733,0.006693
TIMOB-24732,0.007012
TIMOB-24731,0.065366
TIMOB-24730,0.021125
TIMOB-24729,0.239527
TIMOB-24728,0.002591
TIMOB-24726,0.004265
TIMOB-24725,0.981167
TIMOB-24724,0.005469
TIMOB-24723,0.998132
TIMOB-24722,0.007696
TIMOB-24721,0.992988
TIMOB-24720,0.004538
TIMOB-24718,0.763131
TIMOB-24717,0.076684
TIMOB-24716,0.00236
TIMOB-24715,0.00407
TIMOB-24713,0.005385
TIMOB-24712,0.005385
TIMOB-24710,0.007877
TIMOB-24709,0.003945
TIMOB-24708,0.002632
TIMOB-24707,0.881207
TIMOB-24706,0.004755
TIMOB-24705,0.080647
TIMOB-24704,0.004332
TIMOB-24703,0.014282
TIMOB-24702,0.003824
TIMOB-24701,0.006693
TIMOB-24700,0.002632
TIMOB-24699,0.004468
TIMOB-24698,0.005469
TIMOB-24696,0.002252
TIMOB-24695,0.002935
TIMOB-24694,0.004905
TIMOB-24693,0.004007
TIMOB-24692,0.003075
TIMOB-24691,0.006904
TIMOB-24690,0.009784
TIMOB-24689,0.006488
TIMOB-24688,0.992184
TIMOB-24687,0.009486
TIMOB-24686,0.006488
TIMOB-24685,0.007121
TIMOB-24684,0.00659
TIMOB-24683,0.004682
TIMOB-24682,0.891434
TIMOB-24681,0.008188
TIMOB-24680,0.008577
TIMOB-24679,0.012528
TIMOB-24678,0.003945
TIMOB-24675,0.004007
TIMOB-24674,0.004682
TIMOB-24673,0.004199
TIMOB-24672,0.027376
TIMOB-24671,0.270866
TIMOB-24670,0.002434
TIMOB-24669,0.761006
TIMOB-24668,0.002511
TIMOB-24667,0.00289
TIMOB-24666,0.006193
TIMOB-24665,0.004755
TIMOB-24664,0.984694
TIMOB-24663,0.003222
TIMOB-24662,0.003707
TIMOB-24661,0.00407
TIMOB-24660,0.002551
TIMOB-24659,0.983214
TIMOB-24658,0.146087
TIMOB-24657,0.993807
TIMOB-24656,0.00573
TIMOB-24655,0.003538
TIMOB-24654,0.012723
TIMOB-24653,0.007461
TIMOB-24652,0.004007
TIMOB-24651,0.00573
TIMOB-24650,0.992654
TIMOB-24649,0.003483
TIMOB-24648,0.004199
TIMOB-24647,0.003945
TIMOB-24646,0.003594
TIMOB-24645,0.004399
TIMOB-24644,0.99593
TIMOB-24643,0.007121
TIMOB-24642,0.00573
TIMOB-24641,0.002473
TIMOB-24640,0.005469
TIMOB-24639,0.718594
TIMOB-24638,0.997981
TIMOB-24637,0.004199
TIMOB-24636,0.001988
TIMOB-24635,0.005469
TIMOB-24634,0.004134
TIMOB-24633,0.005385
TIMOB-24632,0.996517
TIMOB-24631,0.003884
TIMOB-24630,0.002801
TIMOB-24629,0.803482
TIMOB-24628,0.984811
TIMOB-24627,0.004755
TIMOB-24626,0.00506
TIMOB-24625,0.003945
TIMOB-24624,0.003173
TIMOB-24623,0.965119
TIMOB-24622,0.002845
TIMOB-24621,0.003324
TIMOB-24620,0.002434
TIMOB-24619,0.037327
TIMOB-24618,0.090093
TIMOB-24617,0.735452
TIMOB-24616,0.002551
TIMOB-24615,0.004134
TIMOB-24614,0.00522
TIMOB-24613,0.003377
TIMOB-24612,0.993807
TIMOB-24611,0.822189
TIMOB-24610,0.969785
TIMOB-24609,0.994615
TIMOB-24608,0.00522
TIMOB-24607,0.002511
TIMOB-24605,0.004982
TIMOB-24604,0.004007
TIMOB-24603,0.003765
TIMOB-24601,0.006004
TIMOB-24600,0.00365
TIMOB-24599,0.003222
TIMOB-24598,0.782663
TIMOB-24597,0.539469
TIMOB-24596,0.00461
TIMOB-24595,0.004199
TIMOB-24594,0.006004
TIMOB-24593,0.990587
TIMOB-24592,0.112405
TIMOB-24591,0.075858
TIMOB-24590,0.004134
TIMOB-24589,0.996827
TIMOB-24587,0.003324
TIMOB-24586,0.003173
TIMOB-24584,0.002715
TIMOB-24583,0.002845
TIMOB-24582,0.991289
TIMOB-24581,0.115961
TIMOB-24580,0.005469
TIMOB-24579,0.021781
TIMOB-24578,0.985496
TIMOB-24577,0.004468
TIMOB-24576,0.00522
TIMOB-24575,0.00506
TIMOB-24574,0.003324
TIMOB-24573,0.003124
TIMOB-24570,0.030676
TIMOB-24569,0.005911
TIMOB-24567,0.992304
TIMOB-24566,0.992304
TIMOB-24565,0.988668
TIMOB-24564,0.954308
TIMOB-24563,0.00461
TIMOB-24562,0.324878
TIMOB-24561,0.00522
TIMOB-24560,0.002434
TIMOB-24558,0.008511
TIMOB-24557,0.004199
TIMOB-24556,0.880386
TIMOB-24555,0.009708
TIMOB-24554,0.001927
TIMOB-24553,0.00573
TIMOB-24552,0.989013
TIMOB-24551,0.00365
TIMOB-24550,0.914901
TIMOB-24549,0.997713
TIMOB-24548,0.010091
TIMOB-24547,0.002981
TIMOB-24546,0.004982
TIMOB-24545,0.002434
TIMOB-24544,0.011158
TIMOB-24543,0.007577
TIMOB-24542,0.003707
TIMOB-24541,0.00343
TIMOB-24540,0.004468
TIMOB-24539,0.007346
TIMOB-24538,0.840259
TIMOB-24537,0.004007
TIMOB-24536,0.992879
TIMOB-24535,0.004755
TIMOB-24534,0.003594
TIMOB-24533,0.003945
TIMOB-24532,0.996235
TIMOB-24531,0.002183
TIMOB-24530,0.005385
TIMOB-24529,0.00573
TIMOB-24528,0.00506
TIMOB-24527,0.003945
TIMOB-24526,0.004755
TIMOB-24525,0.003824
TIMOB-24524,0.004982
TIMOB-24523,0.996827
TIMOB-24522,0.996876
TIMOB-24521,0.996777
TIMOB-24520,0.993203
TIMOB-24519,0.971129
TIMOB-24518,0.995462
TIMOB-24517,0.957912
TIMOB-24516,0.994698
TIMOB-24515,0.997065
TIMOB-24514,0.996462
TIMOB-24513,0.997199
TIMOB-24512,0.996925
TIMOB-24511,0.992767
TIMOB-24510,0.986979
TIMOB-24509,0.996176
TIMOB-24508,0.996827
TIMOB-24507,0.997368
TIMOB-24506,0.996406
TIMOB-24505,0.997368
TIMOB-24504,0.99494
TIMOB-24503,0.99494
TIMOB-24501,0.91118
TIMOB-24500,0.997748
TIMOB-24499,0.006798
TIMOB-24498,0.910545
TIMOB-24497,0.00461
TIMOB-24496,0.003483
TIMOB-24495,0.002287
TIMOB-24494,0.007346
TIMOB-24493,0.004399
TIMOB-24492,0.00365
TIMOB-24491,0.003075
TIMOB-24490,0.00514
TIMOB-24489,0.004199
TIMOB-24488,0.003173
TIMOB-24486,0.014392
TIMOB-24485,0.00343
TIMOB-24484,0.00506
TIMOB-24483,0.006388
TIMOB-24482,0.00365
TIMOB-24481,0.974239
TIMOB-24480,0.006004
TIMOB-24479,0.004134
TIMOB-24478,0.002845
TIMOB-24477,0.821044
TIMOB-24476,0.009055
TIMOB-24475,0.00522
TIMOB-24474,0.002473
TIMOB-24473,0.981453
TIMOB-24472,0.003483
TIMOB-24471,0.006798
TIMOB-24470,0.009708
TIMOB-24469,0.002758
TIMOB-24467,0.996827
TIMOB-24466,0.023153
TIMOB-24465,0.003028
TIMOB-24464,0.004399
TIMOB-24463,0.005642
TIMOB-24462,0.995669
TIMOB-24460,0.003324
TIMOB-24459,0.008188
TIMOB-24458,0.002715
TIMOB-24457,0.008125
TIMOB-24455,0.964321
TIMOB-24454,0.993512
TIMOB-24453,0.995018
TIMOB-24452,0.034619
TIMOB-24451,0.002845
TIMOB-24450,0.010328
TIMOB-24449,0.004538
TIMOB-24448,0.005555
TIMOB-24447,0.004134
TIMOB-24446,0.996116
TIMOB-24445,0.002758
TIMOB-24444,0.00514
TIMOB-24443,0.002149
TIMOB-24442,0.00365
TIMOB-24441,0.983847
TIMOB-24440,0.099121
TIMOB-24439,0.006098
TIMOB-24438,0.99427
TIMOB-24437,0.003377
TIMOB-24436,0.63409
TIMOB-24435,0.986151
TIMOB-24434,0.003028
TIMOB-24432,0.002758
TIMOB-24431,0.002673
TIMOB-24430,0.002434
TIMOB-24429,0.001988
TIMOB-24428,0.004199
TIMOB-24427,0.00629
TIMOB-24426,0.007346
TIMOB-24425,0.046725
TIMOB-24424,0.027169
TIMOB-24423,0.002434
TIMOB-24422,0.019569
TIMOB-24421,0.003173
TIMOB-24420,0.00483
TIMOB-24419,0.992304
TIMOB-24418,0.00236
TIMOB-24417,0.003824
TIMOB-24415,0.003884
TIMOB-24414,0.00461
TIMOB-24413,0.007121
TIMOB-24412,0.005469
TIMOB-24411,0.991684
TIMOB-24409,0.992304
TIMOB-24407,0.002252
TIMOB-24406,0.002845
TIMOB-24405,0.004332
TIMOB-24404,0.008779
TIMOB-24403,0.00582
TIMOB-24402,0.993512
TIMOB-24401,0.002845
TIMOB-24400,0.03359
TIMOB-24399,0.00407
TIMOB-24398,0.004134
TIMOB-24397,0.003173
TIMOB-24396,0.003173
TIMOB-24395,0.00522
TIMOB-24394,0.003765
TIMOB-24393,0.039937
TIMOB-24392,0.009126
TIMOB-24391,0.007121
TIMOB-24390,0.021451
TIMOB-24389,0.00461
TIMOB-24388,0.002673
TIMOB-24386,0.012528
TIMOB-24385,0.005302
TIMOB-24384,0.979354
TIMOB-24383,0.005555
TIMOB-24382,0.056652
TIMOB-24381,0.003594
TIMOB-24380,0.004265
TIMOB-24379,0.00343
TIMOB-24378,0.867485
TIMOB-24376,0.005302
TIMOB-24375,0.541409
TIMOB-24374,0.00236
TIMOB-24373,0.001839
TIMOB-24372,0.065845
TIMOB-24371,0.00407
TIMOB-24370,0.002397
TIMOB-24369,0.008985
TIMOB-24368,0.00522
TIMOB-24367,0.006004
TIMOB-24366,0.007577
TIMOB-24365,0.002758
TIMOB-24364,0.007012
TIMOB-24363,0.005911
TIMOB-24362,0.003884
TIMOB-24361,0.00289
TIMOB-24360,0.004399
TIMOB-24359,0.003222
TIMOB-24358,0.003028
TIMOB-24356,0.039343
TIMOB-24355,0.020804
TIMOB-24354,0.488283
TIMOB-24352,0.020804
TIMOB-24351,0.213705
TIMOB-24350,0.004755
TIMOB-24349,0.00483
TIMOB-24348,0.004468
TIMOB-24347,0.003124
TIMOB-24346,0.00522
TIMOB-24345,0.00582
TIMOB-24344,0.00343
TIMOB-24338,0.027169
TIMOB-24337,0.004199
TIMOB-24336,0.004265
TIMOB-24335,0.972831
TIMOB-24334,0.00461
TIMOB-24333,0.0538
TIMOB-24332,0.087876
TIMOB-24331,0.817866
TIMOB-24329,0.002673
TIMOB-24328,0.003273
TIMOB-24327,0.92944
TIMOB-24326,0.002801
TIMOB-24325,0.00365
TIMOB-24324,0.007877
TIMOB-24323,0.003945
TIMOB-24322,0.00483
TIMOB-24321,0.00343
TIMOB-24320,0.00629
TIMOB-24319,0.005469
TIMOB-24318,0.00838
TIMOB-24317,0.506347
TIMOB-24316,0.004134
TIMOB-24315,0.00236
TIMOB-24314,0.006488
TIMOB-24313,0.846958
TIMOB-24312,0.004332
TIMOB-24311,0.005911
TIMOB-24310,0.004265
TIMOB-24309,0.004538
TIMOB-24308,0.003124
TIMOB-24305,0.00506
TIMOB-24304,0.008511
TIMOB-24303,0.022803
TIMOB-24300,0.750553
TIMOB-24299,0.003538
TIMOB-24298,0.015073
TIMOB-24297,0.007461
TIMOB-24293,0.008
TIMOB-24292,0.839734
TIMOB-24291,0.007938
TIMOB-24290,0.009197
TIMOB-24289,0.089455
TIMOB-24288,0.72331
TIMOB-24286,0.009055
TIMOB-24285,0.002935
TIMOB-24284,0.006798
TIMOB-24283,0.482429
TIMOB-24282,0.991422
TIMOB-24281,0.004265
TIMOB-24280,0.00365
TIMOB-24279,0.003075
TIMOB-24278,0.900179
TIMOB-24277,0.002323
TIMOB-24275,0.004332
TIMOB-24274,0.003483
TIMOB-24273,0.003222
TIMOB-24272,0.004134
TIMOB-24270,0.003075
TIMOB-24269,0.004905
TIMOB-24268,0.075041
TIMOB-24266,0.997019
TIMOB-24265,0.004905
TIMOB-24264,0.840259
TIMOB-24263,0.008062
TIMOB-24262,0.00365
TIMOB-24261,0.004755
TIMOB-24260,0.003377
TIMOB-24259,0.007938
TIMOB-24258,0.002715
TIMOB-24256,0.002845
TIMOB-24255,0.015073
TIMOB-24254,0.004265
TIMOB-24253,0.005555
TIMOB-24252,0.002935
TIMOB-24251,0.002511
TIMOB-24250,0.00343
TIMOB-24249,0.003028
TIMOB-24248,0.464173
TIMOB-24247,0.006098
TIMOB-24246,0.01653
TIMOB-24245,0.007461
TIMOB-24244,0.003945
TIMOB-24243,0.003273
TIMOB-24242,0.006098
TIMOB-24241,0.003707
TIMOB-24239,0.002673
TIMOB-24238,0.00181
TIMOB-24237,0.011597
TIMOB-24236,0.041774
TIMOB-24235,0.739799
TIMOB-24233,0.00289
TIMOB-24232,0.006798
TIMOB-24231,0.009055
TIMOB-24230,0.16398
TIMOB-24229,0.235108
TIMOB-24228,0.01057
TIMOB-24227,0.005911
TIMOB-24226,0.006904
TIMOB-24225,0.002935
TIMOB-24224,0.006904
TIMOB-24223,0.003945
TIMOB-24222,0.002801
TIMOB-24219,0.002591
TIMOB-24218,0.991938
TIMOB-24217,0.01017
TIMOB-24216,0.003273
TIMOB-24215,0.005911
TIMOB-24214,0.002183
TIMOB-24213,0.900179
TIMOB-24212,0.003884
TIMOB-24211,0.015306
TIMOB-24210,0.002935
TIMOB-24209,0.00407
TIMOB-24208,0.002935
TIMOB-24207,0.00407
TIMOB-24206,0.003377
TIMOB-24205,0.005302
TIMOB-24204,0.007121
TIMOB-24203,0.00289
TIMOB-24202,0.069795
TIMOB-24201,0.00629
TIMOB-24200,0.002591
TIMOB-24199,0.004007
TIMOB-24198,0.008779
TIMOB-24197,0.002183
TIMOB-24196,0.004332
TIMOB-24195,0.00343
TIMOB-24194,0.015073
TIMOB-24193,0.003173
TIMOB-24192,0.002935
TIMOB-24191,0.004538
TIMOB-24190,0.90261
TIMOB-24189,0.489259
TIMOB-24186,0.060087
TIMOB-24185,0.003707
TIMOB-24184,0.003945
TIMOB-24183,0.00483
TIMOB-24181,0.003173
TIMOB-24180,0.00483
TIMOB-24179,0.982955
TIMOB-24178,0.003707
TIMOB-24177,0.003824
TIMOB-24176,0.021125
TIMOB-24175,0.00483
TIMOB-24174,0.023871
TIMOB-24173,0.00343
TIMOB-24171,0.00289
TIMOB-24170,0.00365
TIMOB-24169,0.00365
TIMOB-24168,0.982557
TIMOB-24167,0.006004
TIMOB-24166,0.008316
TIMOB-24165,0.002981
TIMOB-24164,0.004982
TIMOB-24163,0.006193
TIMOB-24162,0.108189
TIMOB-24161,0.00343
TIMOB-24160,0.005469
TIMOB-24159,0.009559
TIMOB-24158,0.002673
TIMOB-24157,0.005469
TIMOB-24156,0.009634
TIMOB-24155,0.99371
TIMOB-24154,0.007121
TIMOB-24153,0.019271
TIMOB-24152,0.00343
TIMOB-24151,0.00514
TIMOB-24150,0.977371
TIMOB-24149,0.00506
TIMOB-24148,0.007012
TIMOB-24147,0.00659
TIMOB-24146,0.010328
TIMOB-24144,0.006388
TIMOB-24143,0.00522
TIMOB-24142,0.008446
TIMOB-24141,0.002591
TIMOB-24140,0.00522
TIMOB-24139,0.00289
TIMOB-24138,0.003824
TIMOB-24137,0.00236
TIMOB-24136,0.004755
TIMOB-24135,0.003173
TIMOB-24134,0.003324
TIMOB-24133,0.004199
TIMOB-24132,0.002673
TIMOB-24130,0.001897
TIMOB-24129,0.00236
TIMOB-24128,0.00522
TIMOB-24127,0.004755
TIMOB-24126,0.020804
TIMOB-24125,0.002473
TIMOB-24124,0.002083
TIMOB-24123,0.010328
TIMOB-24121,0.990292
TIMOB-24120,0.00343
TIMOB-24119,0.979354
TIMOB-24118,0.00483
TIMOB-24117,0.01142
TIMOB-24116,0.003377
TIMOB-24114,0.002473
TIMOB-24113,0.005469
TIMOB-24111,0.004134
TIMOB-24110,0.127653
TIMOB-24109,0.010489
TIMOB-24108,0.004332
TIMOB-24107,0.003124
TIMOB-24106,0.003707
TIMOB-24105,0.249447
TIMOB-24104,0.002083
TIMOB-24103,0.002149
TIMOB-24102,0.991153
TIMOB-24101,0.534127
TIMOB-24100,0.978219
TIMOB-24099,0.997566
TIMOB-24098,0.99486
TIMOB-24097,0.99341
TIMOB-24096,0.00506
TIMOB-24095,0.003273
TIMOB-24094,0.053403
TIMOB-24093,0.984094
TIMOB-24092,0.201185
TIMOB-24091,0.00483
TIMOB-24090,0.003124
TIMOB-24088,0.003377
TIMOB-24087,0.00629
TIMOB-24086,0.003765
TIMOB-24085,0.982955
TIMOB-24084,0.004007
TIMOB-24083,0.995318
TIMOB-24082,0.003075
TIMOB-24081,0.00506
TIMOB-24080,0.011961
TIMOB-24079,0.00573
TIMOB-24075,0.995993
TIMOB-24072,0.00365
TIMOB-24071,0.977197
TIMOB-24069,0.003173
TIMOB-24068,0.003222
TIMOB-24067,0.003075
TIMOB-24066,0.002591
TIMOB-24065,0.004399
TIMOB-24063,0.873215
TIMOB-24062,0.004682
TIMOB-24061,0.00838
TIMOB-24060,0.00483
TIMOB-24059,0.020964
TIMOB-24058,0.003538
TIMOB-24057,0.979195
TIMOB-24056,0.009634
TIMOB-24055,0.00514
TIMOB-24054,0.003884
TIMOB-24053,0.003324
TIMOB-24052,0.002758
TIMOB-24051,0.026964
TIMOB-24050,0.994445
TIMOB-24049,0.004982
TIMOB-24048,0.003324
TIMOB-24046,0.002116
TIMOB-24045,0.00514
TIMOB-24044,0.00514
TIMOB-24042,0.122944
TIMOB-24041,0.176956
TIMOB-24040,0.004134
TIMOB-24039,0.004905
TIMOB-24038,0.975202
TIMOB-24037,0.00506
TIMOB-24036,0.002551
TIMOB-24035,0.003483
TIMOB-24034,0.019719
TIMOB-24030,0.00522
TIMOB-24029,0.004755
TIMOB-24028,0.00407
TIMOB-24027,0.104112
TIMOB-24026,0.002632
TIMOB-24025,0.003028
TIMOB-24024,0.003707
TIMOB-24023,0.00407
TIMOB-24022,0.00573
TIMOB-24021,0.011245
TIMOB-24020,0.995318
TIMOB-24019,0.002715
TIMOB-24018,0.004199
TIMOB-24017,0.018125
TIMOB-24016,0.006798
TIMOB-24015,0.002801
TIMOB-24014,0.985384
TIMOB-24013,0.00582
TIMOB-24012,0.006488
TIMOB-24011,0.008125
TIMOB-24010,0.013223
TIMOB-24009,0.006693
TIMOB-24008,0.004199
TIMOB-24007,0.009126
TIMOB-24006,0.028221
TIMOB-24005,0.007816
TIMOB-24004,0.00461
TIMOB-24003,0.002434
TIMOB-24001,0.003173
TIMOB-24000,0.812272
TIMOB-23999,0.004332
TIMOB-23998,0.003884
TIMOB-23997,0.008577
TIMOB-23996,0.007461
TIMOB-23995,0.002434
TIMOB-23994,0.002715
TIMOB-23993,0.995532
TIMOB-23992,0.478773
TIMOB-23991,0.559049
TIMOB-23990,0.96862
TIMOB-23989,0.003945
TIMOB-23988,0.040846
TIMOB-23987,0.003483
TIMOB-23986,0.00365
TIMOB-23985,0.002591
TIMOB-23984,0.003945
TIMOB-23983,0.004134
TIMOB-23982,0.004905
TIMOB-23981,0.002935
TIMOB-23980,0.004755
TIMOB-23979,0.004399
TIMOB-23978,0.00514
TIMOB-23977,0.004682
TIMOB-23976,0.006388
TIMOB-23975,0.00659
TIMOB-23974,0.020804
TIMOB-23973,0.004682
TIMOB-23972,0.004265
TIMOB-23971,0.007816
TIMOB-23970,0.996925
TIMOB-23969,0.002252
TIMOB-23968,0.00582
TIMOB-23967,0.006004
TIMOB-23966,0.003594
TIMOB-23964,0.007121
TIMOB-23962,0.002715
TIMOB-23960,0.008188
TIMOB-23959,0.090414
TIMOB-23958,0.029312
TIMOB-23957,0.00573
TIMOB-23956,0.971779
TIMOB-23955,0.005555
TIMOB-23954,0.00461
TIMOB-23953,0.005555
TIMOB-23951,0.002632
TIMOB-23948,0.027796
TIMOB-23947,0.914901
TIMOB-23946,0.005555
TIMOB-23945,0.004468
TIMOB-23943,0.00522
TIMOB-23941,0.003377
TIMOB-23940,0.778313
TIMOB-23939,0.004755
TIMOB-23938,0.005555
TIMOB-23937,0.002434
TIMOB-23936,0.003765
TIMOB-23935,0.00343
TIMOB-23934,0.00461
TIMOB-23933,0.006388
TIMOB-23932,0.003538
TIMOB-23931,0.034881
TIMOB-23930,0.002758
TIMOB-23929,0.026964
TIMOB-23928,0.003538
TIMOB-23927,0.003483
TIMOB-23926,0.018833
TIMOB-23925,0.00522
TIMOB-23924,0.012241
TIMOB-23923,0.004755
TIMOB-23921,0.007233
TIMOB-23920,0.002845
TIMOB-23918,0.874077
TIMOB-23917,0.004007
TIMOB-23916,0.002845
TIMOB-23915,0.003765
TIMOB-23914,0.002397
TIMOB-23912,0.006798
TIMOB-23911,0.987179
TIMOB-23910,0.003377
TIMOB-23909,0.978219
TIMOB-23908,0.005302
TIMOB-23907,0.006098
TIMOB-23906,0.003222
TIMOB-23905,0.003377
TIMOB-23904,0.003707
TIMOB-23903,0.773216
TIMOB-23902,0.002845
TIMOB-23901,0.003884
TIMOB-23900,0.004982
TIMOB-23899,0.004007
TIMOB-23898,0.00506
TIMOB-23897,0.015906
TIMOB-23896,0.284179
TIMOB-23895,0.017986
TIMOB-23894,0.004905
TIMOB-23893,0.078642
TIMOB-23892,0.004468
TIMOB-23891,0.995601
TIMOB-23890,0.00461
TIMOB-23889,0.00365
TIMOB-23888,0.971992
TIMOB-23887,0.003028
TIMOB-23885,0.002116
TIMOB-23884,0.003824
TIMOB-23883,0.00582
TIMOB-23882,0.99418
TIMOB-23881,0.003945
TIMOB-23880,0.002287
TIMOB-23879,0.004332
TIMOB-23878,0.691393
TIMOB-23877,0.02976
TIMOB-23876,0.003075
TIMOB-23875,0.002673
TIMOB-23874,0.004982
TIMOB-23873,0.005469
TIMOB-23872,0.036769
TIMOB-23871,0.007346
TIMOB-23870,0.002149
TIMOB-23869,0.00343
TIMOB-23868,0.005642
TIMOB-23867,0.006388
TIMOB-23866,0.007577
TIMOB-23865,0.002935
TIMOB-23864,0.005469
TIMOB-23863,0.003273
TIMOB-23862,0.003765
TIMOB-23861,0.006098
TIMOB-23860,0.99427
TIMOB-23859,0.009197
TIMOB-23858,0.003075
TIMOB-23857,0.996623
TIMOB-23856,0.993996
TIMOB-23854,0.983847
TIMOB-23853,0.926835
TIMOB-23852,0.005911
TIMOB-23851,0.006193
TIMOB-23850,0.004007
TIMOB-23849,0.004755
TIMOB-23848,0.019569
TIMOB-23847,0.003028
TIMOB-23845,0.015425
TIMOB-23840,0.008779
TIMOB-23837,0.985936
TIMOB-23836,0.97631
TIMOB-23835,0.002397
TIMOB-23834,0.451508
TIMOB-23833,0.980431
TIMOB-23832,0.004134
TIMOB-23831,0.004199
TIMOB-23830,0.006098
TIMOB-23829,0.00407
TIMOB-23828,0.996876
TIMOB-23827,0.00573
TIMOB-23826,0.00629
TIMOB-23825,0.00365
TIMOB-23824,0.003273
TIMOB-23823,0.003538
TIMOB-23822,0.959762
TIMOB-23821,0.051463
TIMOB-23820,0.00573
TIMOB-23818,0.261331
TIMOB-23817,0.311846
TIMOB-23816,0.003884
TIMOB-23813,0.003028
TIMOB-23812,0.002981
TIMOB-23811,0.132515
TIMOB-23810,0.004982
TIMOB-23809,0.002981
TIMOB-23808,0.007696
TIMOB-23807,0.980581
TIMOB-23806,0.112795
TIMOB-23805,0.00573
TIMOB-23803,0.984094
TIMOB-23802,0.994358
TIMOB-23801,0.00514
TIMOB-23800,0.007012
TIMOB-23799,0.942507
TIMOB-23798,0.003377
TIMOB-23797,0.97631
TIMOB-23796,0.120439
TIMOB-23795,0.013428
TIMOB-23794,0.006004
TIMOB-23793,0.031619
TIMOB-23792,0.99341
TIMOB-23791,0.00506
TIMOB-23790,0.003765
TIMOB-23787,0.006004
TIMOB-23786,0.004134
TIMOB-23785,0.002673
TIMOB-23784,0.00365
TIMOB-23783,0.003824
TIMOB-23781,0.00343
TIMOB-23780,0.013742
TIMOB-23779,0.002801
TIMOB-23778,0.009784
TIMOB-23777,0.003273
TIMOB-23776,0.013849
TIMOB-23775,0.335242
TIMOB-23774,0.951863
TIMOB-23773,0.00343
TIMOB-23772,0.022977
TIMOB-23771,0.62561
TIMOB-23769,0.009559
TIMOB-23768,0.035679
TIMOB-23767,0.003824
TIMOB-23766,0.004905
TIMOB-23765,0.041153
TIMOB-23764,0.00629
TIMOB-23763,0.997527
TIMOB-23762,0.00483
TIMOB-23760,0.979668
TIMOB-23759,0.268558
TIMOB-23758,0.005385
TIMOB-23757,0.003324
TIMOB-23756,0.003765
TIMOB-23755,0.003765
TIMOB-23754,0.003594
TIMOB-23753,0.002981
TIMOB-23752,0.01302
TIMOB-23751,0.00522
TIMOB-23749,0.002981
TIMOB-23748,0.004399
TIMOB-23747,0.004682
TIMOB-23746,0.951142
TIMOB-23745,0.004265
TIMOB-23744,0.003377
TIMOB-23741,0.009055
TIMOB-23740,0.006693
TIMOB-23737,0.005642
TIMOB-23736,0.003945
TIMOB-23735,0.005302
TIMOB-23734,0.002551
TIMOB-23733,0.002287
TIMOB-23732,0.003324
TIMOB-23731,0.010091
TIMOB-23730,0.00365
TIMOB-23729,0.011597
TIMOB-23728,0.003765
TIMOB-23726,0.00506
TIMOB-23723,0.001782
TIMOB-23722,0.004982
TIMOB-23721,0.003075
TIMOB-23720,0.00522
TIMOB-23719,0.063948
TIMOB-23718,0.002287
TIMOB-23717,0.002673
TIMOB-23716,0.001957
TIMOB-23715,0.003824
TIMOB-23714,0.003173
TIMOB-23713,0.002801
TIMOB-23712,0.003765
TIMOB-23711,0.004755
TIMOB-23710,0.004755
TIMOB-23709,0.80038
TIMOB-23708,0.003222
TIMOB-23707,0.994089
TIMOB-23706,0.996406
TIMOB-23705,0.007461
TIMOB-23704,0.01292
TIMOB-23703,0.004134
TIMOB-23702,0.559049
TIMOB-23701,0.003884
TIMOB-23699,0.003028
TIMOB-23698,0.004007
TIMOB-23697,0.010091
TIMOB-23696,0.002632
TIMOB-23695,0.003594
TIMOB-23694,0.00365
TIMOB-23693,0.00343
TIMOB-23691,0.028653
TIMOB-23690,0.003483
TIMOB-23689,0.004399
TIMOB-23688,0.016403
TIMOB-23687,0.00365
TIMOB-23686,0.0538
TIMOB-23684,0.235812
TIMOB-23683,0.210442
TIMOB-23682,0.003028
TIMOB-23681,0.010408
TIMOB-23680,0.003124
TIMOB-23679,0.003884
TIMOB-23678,0.003124
TIMOB-23677,0.561696
TIMOB-23676,0.008188
TIMOB-23675,0.166947
TIMOB-23674,0.005302
TIMOB-23673,0.003483
TIMOB-23672,0.081228
TIMOB-23671,0.005385
TIMOB-23670,0.667364
TIMOB-23669,0.002591
TIMOB-23668,0.00407
TIMOB-23667,0.003538
TIMOB-23666,0.002845
TIMOB-23665,0.00582
TIMOB-23664,0.003075
TIMOB-23663,0.002935
TIMOB-23662,0.008847
TIMOB-23661,0.78233
TIMOB-23660,0.058132
TIMOB-23659,0.003884
TIMOB-23658,0.001988
TIMOB-23657,0.002591
TIMOB-23656,0.111628
TIMOB-23655,0.298491
TIMOB-23654,0.084795
TIMOB-23653,0.002591
TIMOB-23652,0.00407
TIMOB-23650,0.003765
TIMOB-23649,0.99494
TIMOB-23648,0.00365
TIMOB-23647,0.395981
TIMOB-23646,0.003028
TIMOB-23645,0.029312
TIMOB-23644,0.83762
TIMOB-23643,0.004134
TIMOB-23642,0.004538
TIMOB-23641,0.001927
TIMOB-23640,0.004332
TIMOB-23639,0.002591
TIMOB-23638,0.005302
TIMOB-23637,0.494873
TIMOB-23636,0.003945
TIMOB-23634,0.003483
TIMOB-23632,0.01142
TIMOB-23631,0.003273
TIMOB-23628,0.004134
TIMOB-23627,0.005385
TIMOB-23626,0.970909
TIMOB-23625,0.95222
TIMOB-23624,0.004332
TIMOB-23623,0.003707
TIMOB-23622,0.003028
TIMOB-23621,0.014282
TIMOB-23620,0.005911
TIMOB-23619,0.05301
TIMOB-23618,0.026759
TIMOB-23617,0.008916
TIMOB-23616,0.003884
TIMOB-23615,0.002758
TIMOB-23614,0.005469
TIMOB-23613,0.004468
TIMOB-23612,0.072637
TIMOB-23611,0.003173
TIMOB-23610,0.005642
TIMOB-23609,0.005302
TIMOB-23608,0.037892
TIMOB-23607,0.002632
TIMOB-23606,0.94079
TIMOB-23605,0.933915
TIMOB-23604,0.950411
TIMOB-23603,0.953966
TIMOB-23602,0.933431
TIMOB-23601,0.948537
TIMOB-23600,0.92164
TIMOB-23599,0.951142
TIMOB-23598,0.929951
TIMOB-23597,0.957912
TIMOB-23596,0.965641
TIMOB-23595,0.980729
TIMOB-23594,0.94079
TIMOB-23593,0.95222
TIMOB-23592,0.968381
TIMOB-23591,0.971347
TIMOB-23590,0.95222
TIMOB-23589,0.905322
TIMOB-23588,0.906653
TIMOB-23587,0.910545
TIMOB-23586,0.870157
TIMOB-23585,0.00407
TIMOB-23584,0.178383
TIMOB-23583,0.003824
TIMOB-23581,0.003945
TIMOB-23580,0.007233
TIMOB-23578,0.003884
TIMOB-23577,0.002252
TIMOB-23576,0.004682
TIMOB-23575,0.004007
TIMOB-23574,0.003173
TIMOB-23573,0.228845
TIMOB-23572,0.548432
TIMOB-23571,0.00629
TIMOB-23570,0.007461
TIMOB-23569,0.010987
TIMOB-23568,0.003765
TIMOB-23567,0.902952
TIMOB-23566,0.917303
TIMOB-23565,0.013742
TIMOB-23564,0.002758
TIMOB-23563,0.00582
TIMOB-23562,0.004199
TIMOB-23560,0.002758
TIMOB-23559,0.004134
TIMOB-23557,0.140336
TIMOB-23556,0.012432
TIMOB-23555,0.004332
TIMOB-23554,0.003124
TIMOB-23553,0.004399
TIMOB-23552,0.004265
TIMOB-23551,0.06165
TIMOB-23550,0.99593
TIMOB-23549,0.004755
TIMOB-23548,0.003377
TIMOB-23547,0.005555
TIMOB-23546,0.02976
TIMOB-23545,0.016403
TIMOB-23544,0.00407
TIMOB-23543,0.005642
TIMOB-23542,0.011597
TIMOB-23538,0.996055
TIMOB-23537,0.009936
TIMOB-23536,0.170508
TIMOB-23535,0.00659
TIMOB-23534,0.002758
TIMOB-23533,0.003707
TIMOB-23532,0.282345
TIMOB-23531,0.002715
TIMOB-23530,0.003538
TIMOB-23528,0.995532
TIMOB-23527,0.99418
TIMOB-23526,0.005385
TIMOB-23525,0.016785
TIMOB-23524,0.243283
TIMOB-23523,0.994698
TIMOB-23522,0.003824
TIMOB-23521,0.00343
TIMOB-23520,0.004332
TIMOB-23519,0.99371
TIMOB-23518,0.003124
TIMOB-23517,0.125493
TIMOB-23516,0.020964
TIMOB-23515,0.996293
TIMOB-23514,0.491944
TIMOB-23513,0.92523
TIMOB-23512,0.006004
TIMOB-23511,0.981167
TIMOB-23510,0.987568
TIMOB-23509,0.095687
TIMOB-23508,0.997199
TIMOB-23507,0.101233
TIMOB-23506,0.055823
TIMOB-23505,0.00659
TIMOB-23504,0.007577
TIMOB-23503,0.002551
TIMOB-23502,0.00629
TIMOB-23501,0.003824
TIMOB-23500,0.003124
TIMOB-23499,0.002632
TIMOB-23498,0.00343
TIMOB-23497,0.66435
TIMOB-23496,0.96862
TIMOB-23495,0.360883
TIMOB-23494,0.957278
TIMOB-23493,0.901921
TIMOB-23492,0.004332
TIMOB-23491,0.00343
TIMOB-23490,0.011597
TIMOB-23489,0.004332
TIMOB-23488,0.004199
TIMOB-23487,0.00522
TIMOB-23486,0.183009
TIMOB-23484,0.012241
TIMOB-23483,0.011332
TIMOB-23482,0.002935
TIMOB-23481,0.99517
TIMOB-23480,0.006388
TIMOB-23479,0.002935
TIMOB-23477,0.003707
TIMOB-23476,0.00986
TIMOB-23475,0.006488
TIMOB-23474,0.00506
TIMOB-23473,0.003824
TIMOB-23472,0.182134
TIMOB-23470,0.003824
TIMOB-23468,0.995669
TIMOB-23465,0.012241
TIMOB-23462,0.002801
TIMOB-23461,0.003075
TIMOB-23460,0.006798
TIMOB-23459,0.007696
TIMOB-23458,0.312265
TIMOB-23457,0.004682
TIMOB-23456,0.001957
TIMOB-23455,0.966663
TIMOB-23454,0.060529
TIMOB-23453,0.003765
TIMOB-23452,0.988131
TIMOB-23451,0.003124
TIMOB-23450,0.925769
TIMOB-23448,0.478285
TIMOB-23447,0.432183
TIMOB-23446,0.00573
TIMOB-23445,0.241847
TIMOB-23444,0.004982
TIMOB-23443,0.185652
TIMOB-23442,0.969324
TIMOB-23441,0.004538
TIMOB-23440,0.009559
TIMOB-23439,0.010328
TIMOB-23438,0.00365
TIMOB-23437,0.149283
TIMOB-23436,0.002252
TIMOB-23435,0.009936
TIMOB-23434,0.00573
TIMOB-23433,0.020804
TIMOB-23432,0.810479
TIMOB-23431,0.121686
TIMOB-23430,0.003273
TIMOB-23429,0.459804
TIMOB-23428,0.003075
TIMOB-23427,0.002511
TIMOB-23426,0.988492
TIMOB-23425,0.004199
TIMOB-23424,0.953966
TIMOB-23423,0.961244
TIMOB-23422,0.004134
TIMOB-23421,0.004007
TIMOB-23418,0.677474
TIMOB-23417,0.94699
TIMOB-23416,0.004682
TIMOB-23415,0.021451
TIMOB-23414,0.004199
TIMOB-23413,0.004007
TIMOB-23412,0.991684
TIMOB-23411,0.005385
TIMOB-23410,0.007696
TIMOB-23409,0.004265
TIMOB-23408,0.002935
TIMOB-23407,0.002287
TIMOB-23406,0.608012
TIMOB-23405,0.002845
TIMOB-23404,0.005302
TIMOB-23403,0.003377
TIMOB-23402,0.065605
TIMOB-23401,0.137996
TIMOB-23399,0.970688
TIMOB-23398,0.694303
TIMOB-23397,0.88642
TIMOB-23396,0.157655
TIMOB-23395,0.817574
TIMOB-23394,0.030909
TIMOB-23393,0.004982
TIMOB-23392,0.044349
TIMOB-23391,0.002673
TIMOB-23390,0.013428
TIMOB-23389,0.002758
TIMOB-23388,0.198064
TIMOB-23387,0.031859
TIMOB-23386,0.00483
TIMOB-23385,0.002217
TIMOB-23384,0.002434
TIMOB-23383,0.009486
TIMOB-23382,0.006193
TIMOB-23381,0.019419
TIMOB-23380,0.003707
TIMOB-23379,0.00514
TIMOB-23378,0.001782
TIMOB-23377,0.001957
TIMOB-23376,0.377598
TIMOB-23374,0.001839
TIMOB-23373,0.002083
TIMOB-23372,0.002287
TIMOB-23371,0.023153
TIMOB-23370,0.975946
TIMOB-23369,0.781331
TIMOB-23368,0.003884
TIMOB-23367,0.086323
TIMOB-23366,0.002758
TIMOB-23365,0.004265
TIMOB-23363,0.003824
TIMOB-23361,0.003324
TIMOB-23360,0.995245
TIMOB-23358,0.012241
TIMOB-23357,0.003273
TIMOB-23354,0.002715
TIMOB-23353,0.003538
TIMOB-23352,0.002397
TIMOB-23351,0.355327
TIMOB-23350,0.00289
TIMOB-23349,0.003028
TIMOB-23348,0.004755
TIMOB-23347,0.006388
TIMOB-23346,0.007461
TIMOB-23345,0.958847
TIMOB-23343,0.005911
TIMOB-23342,0.042722
TIMOB-23341,0.003594
TIMOB-23339,0.00461
TIMOB-23338,0.003075
TIMOB-23336,0.00582
TIMOB-23335,0.049589
TIMOB-23334,0.002019
TIMOB-23333,0.006904
TIMOB-23332,0.008916
TIMOB-23331,0.442155
TIMOB-23330,0.052619
TIMOB-23329,0.059866
TIMOB-23328,0.26569
TIMOB-23327,0.191026
TIMOB-23326,0.046725
TIMOB-23325,0.059866
TIMOB-23324,0.002981
TIMOB-23319,0.003483
TIMOB-23318,0.003707
TIMOB-23316,0.002323
TIMOB-23314,0.989986
TIMOB-23313,0.005302
TIMOB-23311,0.01142
TIMOB-23310,0.144631
TIMOB-23309,0.00289
TIMOB-23308,0.813757
TIMOB-23307,0.003075
TIMOB-23306,0.00461
TIMOB-23305,0.002083
TIMOB-23304,0.133415
TIMOB-23303,0.004755
TIMOB-23302,0.027376
TIMOB-23301,0.00573
TIMOB-23299,0.470493
TIMOB-23298,0.006904
TIMOB-23297,0.004682
TIMOB-23296,0.586523
TIMOB-23295,0.086632
TIMOB-23294,0.068289
TIMOB-23293,0.002632
TIMOB-23291,0.003028
TIMOB-23289,0.002715
TIMOB-23287,0.003945
TIMOB-23286,0.00838
TIMOB-23285,0.004755
TIMOB-23283,0.003222
TIMOB-23282,0.004332
TIMOB-23281,0.018264
TIMOB-23279,0.004468
TIMOB-23278,0.002845
TIMOB-23276,0.005911
TIMOB-23275,0.136148
TIMOB-23274,0.007577
TIMOB-23273,0.002434
TIMOB-23272,0.976847
TIMOB-23271,0.002323
TIMOB-23270,0.717012
TIMOB-23268,0.003945
TIMOB-23267,0.00365
TIMOB-23266,0.988131
TIMOB-23265,0.004265
TIMOB-23264,0.00659
TIMOB-23263,0.002149
TIMOB-23262,0.002551
TIMOB-23261,0.003765
TIMOB-23260,0.003824
TIMOB-23258,0.586523
TIMOB-23257,0.004538
TIMOB-23255,0.002551
TIMOB-23253,0.002981
TIMOB-23252,0.0538
TIMOB-23251,0.002252
TIMOB-23250,0.003594
TIMOB-23249,0.002473
TIMOB-23248,0.00514
TIMOB-23247,0.114369
TIMOB-23246,0.006488
TIMOB-23245,0.005385
TIMOB-23244,0.004399
TIMOB-23243,0.002935
TIMOB-23242,0.006388
TIMOB-23241,0.007121
TIMOB-23239,0.00289
TIMOB-23237,0.00573
TIMOB-23235,0.002845
TIMOB-23234,0.01653
TIMOB-23233,0.00289
TIMOB-23232,0.004332
TIMOB-23231,0.003765
TIMOB-23230,0.054199
TIMOB-23229,0.834407
TIMOB-23228,0.00522
TIMOB-23226,0.001957
TIMOB-23225,0.003324
TIMOB-23224,0.021125
TIMOB-23223,0.003273
TIMOB-23222,0.004399
TIMOB-23220,0.004468
TIMOB-23219,0.002673
TIMOB-23218,0.004134
TIMOB-23217,0.004755
TIMOB-23216,0.002434
TIMOB-23215,0.002981
TIMOB-23214,0.007696
TIMOB-23213,0.004905
TIMOB-23212,0.004468
TIMOB-23211,0.010735
TIMOB-23210,0.003707
TIMOB-23209,0.046378
TIMOB-23208,0.005302
TIMOB-23207,0.003538
TIMOB-23206,0.960063
TIMOB-23205,0.996055
TIMOB-23198,0.003273
TIMOB-23197,0.368093
TIMOB-23196,0.004007
TIMOB-23195,0.002715
TIMOB-23194,0.99486
TIMOB-23193,0.823896
TIMOB-23192,0.00289
TIMOB-23191,0.004199
TIMOB-23190,0.021781
TIMOB-23189,0.002801
TIMOB-23188,0.969785
TIMOB-23187,0.021287
TIMOB-23186,0.073165
TIMOB-23185,0.069795
TIMOB-23183,0.01017
TIMOB-23182,0.003075
TIMOB-23181,0.00522
TIMOB-23180,0.964321
TIMOB-23179,0.004982
TIMOB-23178,0.014504
TIMOB-23177,0.002511
TIMOB-23176,0.006388
TIMOB-23175,0.00659
TIMOB-23174,0.00483
TIMOB-23173,0.413477
TIMOB-23172,0.004399
TIMOB-23171,0.005469
TIMOB-23170,0.00514
TIMOB-23169,0.003594
TIMOB-23168,0.529263
TIMOB-23167,0.026355
TIMOB-23166,0.00514
TIMOB-23165,0.009486
TIMOB-23164,0.006388
TIMOB-23163,0.003945
TIMOB-23162,0.004468
TIMOB-23160,0.002473
TIMOB-23159,0.995735
TIMOB-23158,0.009055
TIMOB-23157,0.004538
TIMOB-23156,0.99371
TIMOB-23154,0.007346
TIMOB-23153,0.446012
TIMOB-23150,0.003824
TIMOB-23149,0.996176
TIMOB-23148,0.433981
TIMOB-23147,0.04778
TIMOB-23146,0.007012
TIMOB-23145,0.830044
TIMOB-23144,0.00461
TIMOB-23143,0.014504
TIMOB-23142,0.980431
TIMOB-23141,0.00573
TIMOB-23140,0.016277
TIMOB-23139,0.00365
TIMOB-23138,0.004538
TIMOB-23137,0.617051
TIMOB-23136,0.959762
TIMOB-23135,0.004399
TIMOB-23134,0.00289
TIMOB-23133,0.907312
TIMOB-23132,0.004199
TIMOB-23131,0.003824
TIMOB-23130,0.003075
TIMOB-23129,0.00514
TIMOB-23128,0.013742
TIMOB-23127,0.003884
TIMOB-23126,0.002397
TIMOB-23125,0.002217
TIMOB-23124,0.00522
TIMOB-23123,0.003222
TIMOB-23122,0.007012
TIMOB-23121,0.003028
TIMOB-23120,0.003173
TIMOB-23119,0.026557
TIMOB-23118,0.009708
TIMOB-23117,0.99427
TIMOB-23116,0.645246
TIMOB-23115,0.010902
TIMOB-23114,0.004399
TIMOB-20627,0.055005
TIMOB-20626,0.004399
TIMOB-20625,0.003594
TIMOB-20624,0.99711
TIMOB-20623,0.004538
TIMOB-20621,0.002551
TIMOB-20620,0.00514
TIMOB-20619,0.002981
TIMOB-20618,0.004468
TIMOB-20616,0.003765
TIMOB-20615,0.008446
TIMOB-20614,0.00582
TIMOB-20613,0.006004
TIMOB-20612,0.003173
TIMOB-20611,0.44348
TIMOB-20610,0.996293
TIMOB-20609,0.00365
TIMOB-20608,0.469277
TIMOB-20607,0.011245
TIMOB-20605,0.00236
TIMOB-20604,0.004332
TIMOB-20603,0.005469
TIMOB-20602,0.006488
TIMOB-20601,0.004332
TIMOB-20600,0.002632
TIMOB-20599,0.00365
TIMOB-20598,0.002591
TIMOB-20597,0.008985
TIMOB-20596,0.00582
TIMOB-20595,0.007121
TIMOB-20593,0.304248
TIMOB-20592,0.391406
TIMOB-20591,0.971779
TIMOB-20589,0.284675
TIMOB-20588,0.003273
TIMOB-20587,0.003824
TIMOB-20586,0.014842
TIMOB-20585,0.003538
TIMOB-20583,0.005911
TIMOB-20582,0.00461
TIMOB-20581,0.003173
TIMOB-20580,0.003324
TIMOB-20579,0.007233
TIMOB-20578,0.948155
TIMOB-20577,0.00514
TIMOB-20576,0.00582
TIMOB-20575,0.003173
TIMOB-20572,0.004199
TIMOB-20571,0.959762
TIMOB-20570,0.161056
TIMOB-20569,0.002591
TIMOB-20568,0.002183
TIMOB-20567,0.996406
TIMOB-20566,0.005302
TIMOB-20565,0.003594
TIMOB-20564,0.004682
TIMOB-20563,0.003173
TIMOB-20562,0.003324
TIMOB-20560,0.00343
TIMOB-20559,0.004538
TIMOB-20557,0.99418
TIMOB-20556,0.004399
TIMOB-20555,0.978385
TIMOB-20554,0.99517
TIMOB-20553,0.974435
TIMOB-20552,0.996235
TIMOB-20550,0.003124
TIMOB-20549,0.996055
TIMOB-20548,0.007346
TIMOB-20547,0.994698
TIMOB-20546,0.011869
TIMOB-20545,0.006193
TIMOB-20544,0.022286
TIMOB-20543,0.092688
TIMOB-20542,0.996462
TIMOB-20541,0.005911
TIMOB-20539,0.614741
TIMOB-20538,0.003173
TIMOB-20537,0.004399
TIMOB-20536,0.00514
TIMOB-20535,0.003824
TIMOB-20534,0.009413
TIMOB-20533,0.003377
TIMOB-20532,0.963231
TIMOB-20531,0.003765
TIMOB-20530,0.08819
TIMOB-20528,0.00461
TIMOB-20527,0.987946
TIMOB-20526,0.004134
TIMOB-20524,0.003765
TIMOB-20523,0.003884
TIMOB-20522,0.991554
TIMOB-20521,0.973037
TIMOB-20519,0.004134
TIMOB-20518,0.002935
TIMOB-20515,0.996055
TIMOB-20514,0.983085
TIMOB-20513,0.00289
TIMOB-20512,0.991554
TIMOB-20511,0.004265
TIMOB-20509,0.002551
TIMOB-20508,0.980876
TIMOB-20507,0.819026
TIMOB-20506,0.002673
TIMOB-20505,0.016915
TIMOB-20504,0.006098
TIMOB-20503,0.004755
TIMOB-20502,0.00573
TIMOB-20501,0.99371
TIMOB-20500,0.004332
TIMOB-20498,0.053206
TIMOB-20497,0.007816
TIMOB-20496,0.019719
TIMOB-20495,0.006693
TIMOB-20494,0.004265
TIMOB-20493,0.003765
TIMOB-20491,0.232659
TIMOB-20490,0.018978
TIMOB-20489,0.010328
TIMOB-20488,0.004468
TIMOB-20487,0.007121
TIMOB-20486,0.00461
TIMOB-20485,0.004755
TIMOB-20484,0.007121
TIMOB-20483,0.00461
TIMOB-20482,0.003483
TIMOB-20481,0.010653
TIMOB-20480,0.004682
TIMOB-20478,0.003824
TIMOB-20477,0.977883
TIMOB-20476,0.002715
TIMOB-20473,0.958226
TIMOB-20472,0.97024
TIMOB-20470,0.006388
TIMOB-20469,0.00934
TIMOB-20467,0.002758
TIMOB-20466,0.002511
TIMOB-20465,0.360602
TIMOB-20464,0.002591
TIMOB-20463,0.002845
TIMOB-20461,0.00461
TIMOB-20460,0.002019
TIMOB-20459,0.00522
TIMOB-20458,0.002715
TIMOB-20457,0.001782
TIMOB-20455,0.004332
TIMOB-20453,0.005555
TIMOB-20451,0.005555
TIMOB-20450,0.002323
TIMOB-20449,0.003765
TIMOB-20448,0.002715
TIMOB-20446,0.004682
TIMOB-20445,0.00289
TIMOB-20443,0.004755
TIMOB-20442,0.012821
TIMOB-20441,0.044681
TIMOB-20440,0.004905
TIMOB-20439,0.00506
TIMOB-20438,0.002673
TIMOB-20437,0.00582
TIMOB-20436,0.005302
TIMOB-20435,0.007577
TIMOB-20434,0.004538
TIMOB-20432,0.002551
TIMOB-20431,0.010818
TIMOB-20430,0.00483
TIMOB-20429,0.022286
TIMOB-20428,0.004682
TIMOB-20427,0.002287
TIMOB-20426,0.002935
TIMOB-20425,0.002801
TIMOB-20424,0.813757
TIMOB-20423,0.003124
TIMOB-20422,0.005385
TIMOB-20421,0.003324
TIMOB-20420,0.018547
TIMOB-20419,0.028871
TIMOB-20418,0.951142
TIMOB-20417,0.970465
TIMOB-20416,0.966914
TIMOB-20415,0.004468
TIMOB-20414,0.374791
TIMOB-20413,0.016029
TIMOB-20412,0.01653
TIMOB-20411,0.002715
TIMOB-20410,0.004682
TIMOB-20409,0.045353
TIMOB-20408,0.005302
TIMOB-20407,0.002715
TIMOB-20406,0.014172
TIMOB-20405,0.00461
TIMOB-20404,0.002183
TIMOB-20403,0.002551
TIMOB-20400,0.005555
TIMOB-20399,0.00514
TIMOB-20397,0.007816
TIMOB-20396,0.007233
TIMOB-20395,0.003075
TIMOB-20394,0.988313
TIMOB-20393,0.003945
TIMOB-20391,0.006388
TIMOB-20390,0.061876
TIMOB-20389,0.003884
TIMOB-20388,0.003707
TIMOB-20387,0.002511
TIMOB-20386,0.003222
TIMOB-20385,0.001897
TIMOB-20384,0.491456
TIMOB-20383,0.004265
TIMOB-20382,0.003765
TIMOB-20381,0.076132
TIMOB-20380,0.003075
TIMOB-20378,0.003124
TIMOB-20377,0.006693
TIMOB-20376,0.002673
TIMOB-20375,0.027585
TIMOB-20374,0.002845
TIMOB-20373,0.336876
TIMOB-20372,0.002632
TIMOB-20371,0.996727
TIMOB-20370,0.004399
TIMOB-20369,0.010328
TIMOB-20368,0.003884
TIMOB-20367,0.004682
TIMOB-20366,0.003538
TIMOB-20365,0.002845
TIMOB-20364,0.002323
TIMOB-20363,0.003324
TIMOB-20362,0.002551
TIMOB-20360,0.002183
TIMOB-20359,0.002632
TIMOB-20358,0.816406
TIMOB-20357,0.003075
TIMOB-20356,0.002935
TIMOB-20355,0.002591
TIMOB-20354,0.623835
TIMOB-20353,0.992539
TIMOB-20352,0.996462
TIMOB-20350,0.087564
TIMOB-20346,0.007346
TIMOB-20340,0.116362
TIMOB-20339,0.247623
TIMOB-20337,0.023153
TIMOB-20332,0.004007
TIMOB-20330,0.996623
TIMOB-20329,0.654011
TIMOB-20320,0.996517
TIMOB-20319,0.002845
TIMOB-20316,0.989986
TIMOB-20315,0.9462
TIMOB-20314,0.926835
TIMOB-20313,0.22919
TIMOB-20312,0.924142
TIMOB-20311,0.867934
TIMOB-20310,0.992539
TIMOB-20309,0.895523
TIMOB-20308,0.002434
TIMOB-20307,0.989347
TIMOB-20306,0.741674
TIMOB-20305,0.626367
TIMOB-20304,0.987179
TIMOB-20303,0.981736
TIMOB-20302,0.914291
TIMOB-20301,0.00365
TIMOB-20300,0.021125
TIMOB-20299,0.00343
TIMOB-20298,0.002845
TIMOB-20297,0.00838
TIMOB-20296,0.00838
TIMOB-20295,0.687735
TIMOB-20294,0.977023
TIMOB-20293,0.131619
TIMOB-20292,0.00514
TIMOB-20291,0.00343
TIMOB-20289,0.010014
TIMOB-20288,0.002511
TIMOB-20287,0.264928
TIMOB-20286,0.984927
TIMOB-20285,0.004755
TIMOB-20284,0.003377
TIMOB-20283,0.005555
TIMOB-20282,0.003075
TIMOB-20281,0.198064
TIMOB-20280,0.07343
TIMOB-20279,0.00461
TIMOB-20278,0.007012
TIMOB-20277,0.741487
TIMOB-20276,0.019419
TIMOB-20275,0.006904
TIMOB-20274,0.006098
TIMOB-20273,0.003594
TIMOB-20272,0.004468
TIMOB-20271,0.005385
TIMOB-20270,0.004007
TIMOB-20269,0.006004
TIMOB-20268,0.003538
TIMOB-20267,0.002434
TIMOB-20266,0.002217
TIMOB-20265,0.003707
TIMOB-20263,0.055005
TIMOB-20262,0.003884
TIMOB-20261,0.006904
TIMOB-20260,0.003273
TIMOB-20259,0.002801
TIMOB-20258,0.008711
TIMOB-20257,0.407805
TIMOB-20256,0.114369
TIMOB-20255,0.00343
TIMOB-20254,0.004682
TIMOB-20253,0.003028
TIMOB-20252,0.004332
TIMOB-20251,0.00514
TIMOB-20250,0.01653
TIMOB-20248,0.002397
TIMOB-20247,0.008711
TIMOB-20246,0.002673
TIMOB-20245,0.012528
TIMOB-20244,0.007877
TIMOB-20243,0.009197
TIMOB-20242,0.00629
TIMOB-20241,0.140808
TIMOB-20240,0.002801
TIMOB-20238,0.003173
TIMOB-20237,0.003028
TIMOB-20236,0.002051
TIMOB-20235,0.71123
TIMOB-20234,0.00582
TIMOB-20233,0.007012
TIMOB-20232,0.00343
TIMOB-20231,0.891055
TIMOB-20230,0.309024
TIMOB-20229,0.00629
TIMOB-20228,0.017986
TIMOB-20227,0.004007
TIMOB-20226,0.979195
TIMOB-20224,0.99517
TIMOB-20223,0.006098
TIMOB-20222,0.002632
TIMOB-20221,0.019569
TIMOB-20220,0.005555
TIMOB-20219,0.005469
TIMOB-20218,0.002801
TIMOB-20217,0.00407
TIMOB-20216,0.004682
TIMOB-20215,0.004332
TIMOB-20213,0.002715
TIMOB-20212,0.00522
TIMOB-20211,0.00343
TIMOB-20210,0.007121
TIMOB-20209,0.025761
TIMOB-20208,0.005555
TIMOB-20207,0.984575
TIMOB-20206,0.007346
TIMOB-20205,0.948537
TIMOB-20204,0.002673
TIMOB-20203,0.953275
TIMOB-20202,0.078642
TIMOB-20201,0.157655
TIMOB-20200,0.003594
TIMOB-20199,0.003594
TIMOB-20198,0.996876
TIMOB-20197,0.003538
TIMOB-20196,0.004538
TIMOB-20195,0.002845
TIMOB-20194,0.00483
TIMOB-20193,0.003945
TIMOB-20192,0.008511
TIMOB-20191,0.001988
TIMOB-20190,0.002673
TIMOB-20189,0.825027
TIMOB-20188,0.002715
TIMOB-20187,0.030676
TIMOB-20186,0.991938
TIMOB-20185,0.986572
TIMOB-20184,0.002323
TIMOB-20183,0.002981
TIMOB-20181,0.004982
TIMOB-20180,0.015906
TIMOB-20178,0.964321
TIMOB-20177,0.001839
TIMOB-20176,0.99517
TIMOB-20174,0.060529
TIMOB-20173,0.003173
TIMOB-20172,0.005555
TIMOB-20171,0.004982
TIMOB-20170,0.00629
TIMOB-20169,0.00506
TIMOB-20168,0.996293
TIMOB-20167,0.00506
TIMOB-20166,0.002019
TIMOB-20164,0.974435
TIMOB-20163,0.990292
TIMOB-20161,0.004332
TIMOB-20160,0.98983
TIMOB-20159,0.962673
TIMOB-20158,0.951504
TIMOB-20157,0.073696
TIMOB-20156,0.004265
TIMOB-20155,0.002758
TIMOB-20154,0.995095
TIMOB-20153,0.004265
TIMOB-20152,0.002981
TIMOB-20151,0.004332
TIMOB-20149,0.003824
TIMOB-20148,0.965641
TIMOB-20147,0.003173
TIMOB-20146,0.002434
TIMOB-20145,0.773901
TIMOB-20144,0.996676
TIMOB-20143,0.002217
TIMOB-20142,0.012625
TIMOB-20141,0.00514
TIMOB-20140,0.002591
TIMOB-20139,0.002981
TIMOB-20138,0.004265
TIMOB-20137,0.00483
TIMOB-20136,0.002551
TIMOB-20133,0.004682
TIMOB-20132,0.003028
TIMOB-20131,0.002434
TIMOB-20130,0.00461
TIMOB-20129,0.911495
TIMOB-20128,0.019871
TIMOB-20127,0.02461
TIMOB-20126,0.029312
TIMOB-20125,0.018125
TIMOB-20124,0.017849
TIMOB-20123,0.134321
TIMOB-20122,0.017045
TIMOB-20121,0.009936
TIMOB-20120,0.016277
TIMOB-20119,0.010091
TIMOB-20118,0.003483
TIMOB-20117,0.002935
TIMOB-20116,0.004199
TIMOB-20115,0.001957
TIMOB-20114,0.007577
TIMOB-20113,0.002217
TIMOB-20112,0.003824
TIMOB-20111,0.003222
TIMOB-20110,0.002183
TIMOB-20109,0.064653
TIMOB-20108,0.004905
TIMOB-20107,0.002758
TIMOB-20106,0.810179
TIMOB-20105,0.004982
TIMOB-20104,0.012821
TIMOB-20103,0.003483
TIMOB-20102,0.004682
TIMOB-20100,0.003124
TIMOB-20099,0.020804
TIMOB-20098,0.025761
TIMOB-20097,0.007877
TIMOB-20096,0.926835
TIMOB-20095,0.008188
TIMOB-20094,0.004265
TIMOB-20093,0.986572
TIMOB-20092,0.965119
TIMOB-20091,0.001988
TIMOB-20090,0.004332
TIMOB-20089,0.004755
TIMOB-20088,0.006798
TIMOB-20087,0.004538
TIMOB-20086,0.079782
TIMOB-20085,0.024054
TIMOB-20084,0.082402
TIMOB-20083,0.025565
TIMOB-20082,0.005911
TIMOB-20081,0.004199
TIMOB-20080,0.400632
TIMOB-20079,0.013849
TIMOB-20078,0.001598
TIMOB-20076,0.001839
TIMOB-20075,0.004755
TIMOB-20074,0.035679
TIMOB-20073,0.003173
TIMOB-20072,0.004007
TIMOB-20071,0.990441
TIMOB-20069,0.00461
TIMOB-20068,0.030909
TIMOB-20067,0.00514
TIMOB-20066,0.795022
TIMOB-20065,0.002116
TIMOB-20064,0.980129
TIMOB-20062,0.994615
TIMOB-20061,0.00407
TIMOB-20060,0.004538
TIMOB-20059,0.007577
TIMOB-20058,0.07056
TIMOB-20057,0.005555
TIMOB-20055,0.937211
TIMOB-20054,0.006098
TIMOB-20053,0.00514
TIMOB-20052,0.859192
TIMOB-20051,0.757436
TIMOB-20050,0.862004
TIMOB-20049,0.093678
TIMOB-20048,0.016785
TIMOB-20047,0.304042
TIMOB-20046,0.003824
TIMOB-20044,0.003594
TIMOB-20043,0.002323
TIMOB-20042,0.008316
TIMOB-20041,0.002591
TIMOB-20040,0.846451
TIMOB-20039,0.003538
TIMOB-20038,0.00289
TIMOB-20037,0.00514
TIMOB-20036,0.006693
TIMOB-20035,0.003075
TIMOB-20034,0.00407
TIMOB-20033,0.992988
TIMOB-20032,0.003222
TIMOB-20031,0.002632
TIMOB-20030,0.003824
TIMOB-20028,0.003483
TIMOB-20027,0.112405
TIMOB-20026,0.005385
TIMOB-20025,0.005469
TIMOB-20024,0.183009
TIMOB-20023,0.015189
TIMOB-20020,0.70069
TIMOB-20018,0.00461
TIMOB-20016,0.003538
TIMOB-20015,0.995532
TIMOB-20014,0.004199
TIMOB-20013,0.003945
TIMOB-20012,0.215681
TIMOB-20011,0.994089
TIMOB-20010,0.004468
TIMOB-20008,0.058346
TIMOB-20006,0.996235
TIMOB-20005,0.026964
TIMOB-20004,0.008779
TIMOB-20003,0.006004
TIMOB-20002,0.004134
TIMOB-20001,0.950041
TIMOB-20000,0.017442
TIMOB-19999,0.002051
TIMOB-19997,0.354182
TIMOB-19996,0.003173
TIMOB-19995,0.013532
TIMOB-19994,0.995669
TIMOB-19993,0.00573
TIMOB-19992,0.989013
TIMOB-19991,0.004199
TIMOB-19990,0.00506
TIMOB-19989,0.991289
TIMOB-19988,0.117572
TIMOB-19987,0.361475
TIMOB-19986,0.003075
TIMOB-19985,0.037327
TIMOB-19984,0.004199
TIMOB-19983,0.002473
TIMOB-19982,0.003707
TIMOB-19981,0.005911
TIMOB-19979,0.698535
TIMOB-19978,0.003028
TIMOB-19977,0.006488
TIMOB-19976,0.989511
TIMOB-19975,0.96378
TIMOB-19974,0.00573
TIMOB-19973,0.006798
TIMOB-19972,0.002801
TIMOB-19970,0.00343
TIMOB-19969,0.003377
TIMOB-19968,0.00407
TIMOB-19967,0.007121
TIMOB-19966,0.031144
TIMOB-19965,0.365683
TIMOB-19964,0.002511
TIMOB-19963,0.004332
TIMOB-19962,0.939025
TIMOB-19961,0.883236
TIMOB-19960,0.003075
TIMOB-19959,0.003273
TIMOB-19958,0.003273
TIMOB-19957,0.002935
TIMOB-19956,0.532182
TIMOB-19955,0.002673
TIMOB-19954,0.002981
TIMOB-19953,0.003273
TIMOB-19952,0.002758
TIMOB-19951,0.2587
TIMOB-19950,0.009126
TIMOB-19949,0.995601
TIMOB-19948,0.085099
TIMOB-19947,0.011332
TIMOB-19946,0.860134
TIMOB-19945,0.099121
TIMOB-19944,0.500488
TIMOB-19943,0.995018
TIMOB-19941,0.003765
TIMOB-19940,0.017712
TIMOB-19939,0.004755
TIMOB-19938,0.004199
TIMOB-19937,0.003538
TIMOB-19936,0.958847
TIMOB-19935,0.961822
TIMOB-19934,0.737914
TIMOB-19933,0.007461
TIMOB-19932,0.903975
TIMOB-19931,0.005555
TIMOB-19930,0.004332
TIMOB-19929,0.00629
TIMOB-19928,0.010818
TIMOB-19927,0.002323
TIMOB-19926,0.811974
TIMOB-19925,0.00514
TIMOB-19924,0.003707
TIMOB-19923,0.004007
TIMOB-19922,0.003124
TIMOB-19921,0.005555
TIMOB-19920,0.00659
TIMOB-19919,0.993996
TIMOB-19918,0.040846
TIMOB-19917,0.061876
TIMOB-19916,0.003824
TIMOB-19915,0.004682
TIMOB-19914,0.017712
TIMOB-19913,0.864768
TIMOB-19912,0.208179
TIMOB-19911,0.660665
TIMOB-19910,0.002397
TIMOB-19909,0.0341
TIMOB-19908,0.002287
TIMOB-19906,0.002397
TIMOB-19905,0.003945
TIMOB-19904,0.876634
TIMOB-19903,0.013742
TIMOB-19902,0.01292
TIMOB-19901,0.996517
TIMOB-19900,0.002673
TIMOB-19899,0.003222
TIMOB-19898,0.00573
TIMOB-19897,0.003273
TIMOB-19896,0.003538
TIMOB-19895,0.002397
TIMOB-19894,0.001957
TIMOB-19893,0.002511
TIMOB-19892,0.00573
TIMOB-19891,0.006098
TIMOB-19889,0.003824
TIMOB-19888,0.003824
TIMOB-19887,0.004332
TIMOB-19886,0.00629
TIMOB-19885,0.004265
TIMOB-19884,0.004134
TIMOB-19883,0.003075
TIMOB-19882,0.00289
TIMOB-19881,0.995735
TIMOB-19880,0.002217
TIMOB-19879,0.003124
TIMOB-19878,0.004265
TIMOB-19877,0.004468
TIMOB-19876,0.005911
TIMOB-19875,0.003945
TIMOB-19874,0.006004
TIMOB-19873,0.003538
TIMOB-19872,0.990732
TIMOB-19870,0.986572
TIMOB-19869,0.996517
TIMOB-19868,0.019569
TIMOB-19867,0.208824
TIMOB-19866,0.371792
TIMOB-19865,0.014616
TIMOB-19864,0.003273
TIMOB-19863,0.002217
TIMOB-19862,0.00461
TIMOB-19861,0.004134
TIMOB-19860,0.007121
TIMOB-19859,0.02976
TIMOB-19858,0.901921
TIMOB-19857,0.950411
TIMOB-19856,0.006488
TIMOB-19855,0.003707
TIMOB-19854,0.903975
TIMOB-19853,0.332852
TIMOB-19852,0.228501
TIMOB-19851,0.00573
TIMOB-19850,0.007012
TIMOB-19849,0.487795
TIMOB-19847,0.003483
TIMOB-19846,0.003124
TIMOB-19845,0.966156
TIMOB-19844,0.005642
TIMOB-19843,0.004538
TIMOB-19842,0.985043
TIMOB-19841,0.003483
TIMOB-19840,0.003377
TIMOB-19839,0.970013
TIMOB-19838,0.011961
TIMOB-19837,0.003538
TIMOB-19836,0.004905
TIMOB-19835,0.002673
TIMOB-19834,0.99657
TIMOB-19833,0.991289
TIMOB-19832,0.003028
TIMOB-19831,0.011072
TIMOB-19830,0.014064
TIMOB-19829,0.062331
TIMOB-19828,0.169956
TIMOB-19827,0.139866
TIMOB-19825,0.252937
TIMOB-19824,0.110088
TIMOB-19823,0.00522
TIMOB-19822,0.003707
TIMOB-19821,0.00514
TIMOB-19820,0.003538
TIMOB-19819,0.114765
TIMOB-19818,0.004332
TIMOB-19817,0.004755
TIMOB-19816,0.928409
TIMOB-19815,0.002287
TIMOB-19814,0.00289
TIMOB-19813,0.003222
TIMOB-19812,0.00483
TIMOB-19811,0.004682
TIMOB-19810,0.003765
TIMOB-19809,0.001701
TIMOB-19808,0.002551
TIMOB-19807,0.002473
TIMOB-19805,0.002981
TIMOB-19804,0.960063
TIMOB-19803,0.924688
TIMOB-19802,0.987179
TIMOB-19801,0.003324
TIMOB-19800,0.004982
TIMOB-19799,0.005302
TIMOB-19798,0.002801
TIMOB-19797,0.991554
TIMOB-19796,0.003222
TIMOB-19795,0.992184
TIMOB-19794,0.99517
TIMOB-19793,0.374162
TIMOB-19792,0.996055
TIMOB-19791,0.052619
TIMOB-19790,0.989986
TIMOB-19789,0.068787
TIMOB-19788,0.002845
TIMOB-19787,0.004682
TIMOB-19786,0.006904
TIMOB-19785,0.99427
TIMOB-19784,0.002801
TIMOB-19783,0.002051
TIMOB-19782,0.004332
TIMOB-19781,0.003707
TIMOB-19780,0.003483
TIMOB-19779,0.003028
TIMOB-19778,0.004265
TIMOB-19777,0.002591
TIMOB-19774,0.003273
TIMOB-19773,0.016915
TIMOB-19772,0.018978
TIMOB-19769,0.122523
TIMOB-19768,0.986572
TIMOB-19767,0.004468
TIMOB-19766,0.00407
TIMOB-19764,0.003273
TIMOB-19763,0.954984
TIMOB-19762,0.005385
TIMOB-19760,0.006798
TIMOB-19759,0.019719
TIMOB-19757,0.00343
TIMOB-19756,0.003075
TIMOB-19755,0.005385
TIMOB-19754,0.002434
TIMOB-19753,0.028653
TIMOB-19752,0.996777
TIMOB-19751,0.874077
TIMOB-19750,0.004982
TIMOB-19749,0.003824
TIMOB-19748,0.002632
TIMOB-19746,0.007121
TIMOB-19745,0.006388
TIMOB-19744,0.004982
TIMOB-19743,0.004199
TIMOB-19741,0.003377
TIMOB-19740,0.091382
TIMOB-19739,0.003377
TIMOB-19737,0.003173
TIMOB-19736,0.00343
TIMOB-19735,0.987759
TIMOB-19734,0.00514
TIMOB-19733,0.369543
TIMOB-19732,0.00514
TIMOB-19728,0.003324
TIMOB-19726,0.99341
TIMOB-19725,0.002632
TIMOB-19722,0.007577
TIMOB-19718,0.004134
TIMOB-19717,0.994089
TIMOB-19716,0.961534
TIMOB-19715,0.006004
TIMOB-19714,0.075312
TIMOB-19713,0.173009
TIMOB-19712,0.893681
TIMOB-19711,0.004265
TIMOB-19710,0.035411
TIMOB-19709,0.00289
TIMOB-19708,0.002551
TIMOB-19707,0.002252
TIMOB-19706,0.946597
TIMOB-19705,0.996623
TIMOB-19704,0.946597
TIMOB-19703,0.993512
TIMOB-19702,0.994358
TIMOB-19701,0.995601
TIMOB-19700,0.997155
TIMOB-19699,0.973037
TIMOB-19698,0.00522
TIMOB-19697,0.002434
TIMOB-19696,0.705582
TIMOB-19695,0.00461
TIMOB-19694,0.959459
TIMOB-19693,0.005642
TIMOB-19692,0.047426
TIMOB-19691,0.977543
TIMOB-19690,0.004007
TIMOB-19689,0.00629
TIMOB-19688,0.003377
TIMOB-19687,0.994358
TIMOB-19685,0.008062
TIMOB-19684,0.013742
TIMOB-19683,0.003075
TIMOB-19682,0.034619
TIMOB-19681,0.007121
TIMOB-19680,0.006193
TIMOB-19679,0.984094
TIMOB-19678,0.003173
TIMOB-19677,0.01292
TIMOB-19676,0.010014
TIMOB-19675,0.045353
TIMOB-19674,0.008847
TIMOB-19673,0.004755
TIMOB-19672,0.003124
TIMOB-19671,0.029535
TIMOB-19670,0.005385
TIMOB-19668,0.004265
TIMOB-19667,0.99371
TIMOB-19666,0.990732
TIMOB-19665,0.024988
TIMOB-19664,0.003273
TIMOB-19663,0.002801
TIMOB-19662,0.754915
TIMOB-19661,0.00582
TIMOB-19660,0.00514
TIMOB-19659,0.003538
TIMOB-19658,0.072637
TIMOB-19657,0.840783
TIMOB-19656,0.004399
TIMOB-19655,0.005302
TIMOB-19654,0.003594
TIMOB-19653,0.005302
TIMOB-19652,0.028221
TIMOB-19651,0.049589
TIMOB-19650,0.003824
TIMOB-19649,0.829492
TIMOB-19648,0.761006
TIMOB-19647,0.00343
TIMOB-19646,0.004199
TIMOB-19645,0.005385
TIMOB-19644,0.003075
TIMOB-19643,0.003377
TIMOB-19642,0.814643
TIMOB-19641,0.029987
TIMOB-19640,0.003707
TIMOB-19639,0.003538
TIMOB-19638,0.006004
TIMOB-19637,0.004007
TIMOB-19636,0.002551
TIMOB-19634,0.004007
TIMOB-19633,0.003173
TIMOB-19632,0.003377
TIMOB-19629,0.003707
TIMOB-19628,0.003273
TIMOB-19627,0.006388
TIMOB-19626,0.939913
TIMOB-19625,0.960361
TIMOB-19624,0.003945
TIMOB-19623,0.002801
TIMOB-19622,0.987759
TIMOB-19621,0.002591
TIMOB-19620,0.003273
TIMOB-19619,0.132964
TIMOB-19618,0.952574
TIMOB-19617,0.002715
TIMOB-19616,0.004538
TIMOB-19615,0.009784
TIMOB-19614,0.003075
TIMOB-19613,0.00407
TIMOB-19612,0.00461
TIMOB-19611,0.002116
TIMOB-19610,0.002673
TIMOB-19609,0.00582
TIMOB-19608,0.996116
TIMOB-19607,0.00407
TIMOB-19606,0.003377
TIMOB-19604,0.003538
TIMOB-19603,0.997409
TIMOB-19602,0.005642
TIMOB-19601,0.002551
TIMOB-19599,0.002632
TIMOB-19598,0.002323
TIMOB-19597,0.002252
TIMOB-19596,0.004399
TIMOB-19595,0.106691
TIMOB-19593,0.995801
TIMOB-19592,0.002511
TIMOB-19591,0.00483
TIMOB-19590,0.463444
TIMOB-19589,0.003377
TIMOB-19588,0.010489
TIMOB-19586,0.207215
TIMOB-19585,0.004982
TIMOB-19584,0.033337
TIMOB-19583,0.193604
TIMOB-19580,0.983214
TIMOB-19579,0.0341
TIMOB-19578,0.720958
TIMOB-19577,0.983723
TIMOB-19576,0.935817
TIMOB-19575,0.101947
TIMOB-19574,0.037047
TIMOB-19573,0.988492
TIMOB-19572,0.002051
TIMOB-19571,0.003707
TIMOB-19570,0.994531
TIMOB-19569,0.003173
TIMOB-19568,0.003377
TIMOB-19567,0.00573
TIMOB-19566,0.003377
TIMOB-19565,0.003075
TIMOB-19564,0.006798
TIMOB-19563,0.003124
TIMOB-19562,0.005385
TIMOB-19561,0.004468
TIMOB-19560,0.004332
TIMOB-19559,0.00522
TIMOB-19558,0.002758
TIMOB-19557,0.560132
TIMOB-19556,0.00365
TIMOB-19555,0.00343
TIMOB-19554,0.004468
TIMOB-19553,0.011687
TIMOB-19551,0.004265
TIMOB-19550,0.004332
TIMOB-19549,0.005555
TIMOB-19548,0.004265
TIMOB-19547,0.005911
TIMOB-19545,0.007121
TIMOB-19544,0.009197
TIMOB-19543,0.018547
TIMOB-19542,0.00483
TIMOB-19541,0.987946
TIMOB-19540,0.008
TIMOB-19539,0.003124
TIMOB-19538,0.003273
TIMOB-19537,0.002758
TIMOB-19536,0.004332
TIMOB-19535,0.002981
TIMOB-19534,0.322419
TIMOB-19533,0.004199
TIMOB-19531,0.004468
TIMOB-19529,0.003765
TIMOB-19528,0.005911
TIMOB-19527,0.993996
TIMOB-19526,0.003173
TIMOB-19525,0.003124
TIMOB-19524,0.993096
TIMOB-19523,0.003824
TIMOB-19522,0.41052
TIMOB-19521,0.003273
TIMOB-19519,0.004134
TIMOB-19518,0.002183
TIMOB-19517,0.00461
TIMOB-19516,0.966914
TIMOB-19514,0.304455
TIMOB-19512,0.020489
TIMOB-19511,0.601008
TIMOB-19510,0.019124
TIMOB-19509,0.470007
TIMOB-19508,0.004265
TIMOB-19507,0.007346
TIMOB-19506,0.99014
TIMOB-19505,0.00483
TIMOB-19504,0.00582
TIMOB-19502,0.00514
TIMOB-19500,0.015906
TIMOB-19497,0.479016
TIMOB-19496,0.098079
TIMOB-19495,0.165863
TIMOB-19494,0.371365
TIMOB-19493,0.101233
TIMOB-19492,0.615955
TIMOB-19491,0.983085
TIMOB-19490,0.003075
TIMOB-19489,0.924142
TIMOB-19488,0.814938
TIMOB-19487,0.195902
TIMOB-19486,0.026557
TIMOB-19485,0.157396
TIMOB-19484,0.852935
TIMOB-19483,0.758332
TIMOB-19482,0.775945
TIMOB-19481,0.263789
TIMOB-19480,0.003377
TIMOB-19479,0.997285
TIMOB-19478,0.026156
TIMOB-19477,0.408336
TIMOB-19476,0.002935
TIMOB-19475,0.00629
TIMOB-19474,0.005911
TIMOB-19473,0.005385
TIMOB-19472,0.601067
TIMOB-19471,0.00461
TIMOB-19470,0.004905
TIMOB-19469,0.004682
TIMOB-19468,0.003377
TIMOB-19467,0.002758
TIMOB-19466,0.003028
TIMOB-19462,0.002473
TIMOB-19461,0.002801
TIMOB-19460,0.00514
TIMOB-19458,0.004007
TIMOB-19456,0.827271
TIMOB-19455,0.9462
TIMOB-19454,0.004199
TIMOB-19453,0.272993
TIMOB-19452,0.311322
TIMOB-19451,0.888759
TIMOB-19450,0.004755
TIMOB-19449,0.004007
TIMOB-19448,0.004905
TIMOB-19447,0.004755
TIMOB-19446,0.927888
TIMOB-19445,0.005469
TIMOB-19444,0.003945
TIMOB-19442,0.002845
TIMOB-19441,0.004007
TIMOB-19439,0.618665
TIMOB-19438,0.001727
TIMOB-19437,0.006004
TIMOB-19436,0.00522
TIMOB-19435,0.996116
TIMOB-19434,0.002673
TIMOB-19433,0.003324
TIMOB-19432,0.002801
TIMOB-19431,0.972415
TIMOB-19430,0.004538
TIMOB-19429,0.983214
TIMOB-19428,0.005385
TIMOB-19427,0.038466
TIMOB-19426,0.002287
TIMOB-19425,0.915507
TIMOB-19424,0.00365
TIMOB-19423,0.003075
TIMOB-19422,0.00522
TIMOB-19420,0.010735
TIMOB-19419,0.003124
TIMOB-19418,0.003538
TIMOB-19417,0.003945
TIMOB-19416,0.00659
TIMOB-19415,0.148541
TIMOB-19414,0.997368
TIMOB-19413,0.006193
TIMOB-19412,0.926835
TIMOB-19411,0.005642
TIMOB-19410,0.003273
TIMOB-19409,0.002758
TIMOB-19408,0.00573
TIMOB-19407,0.00573
TIMOB-19406,0.005555
TIMOB-19405,0.01142
TIMOB-19404,0.002551
TIMOB-19403,0.002397
TIMOB-19402,0.003273
TIMOB-19401,0.002673
TIMOB-19400,0.00461
TIMOB-19399,0.004007
TIMOB-19397,0.002845
TIMOB-19396,0.002758
TIMOB-19394,0.00573
TIMOB-19393,0.984456
TIMOB-19392,0.990441
TIMOB-19391,0.014392
TIMOB-19390,0.087564
TIMOB-19388,0.018833
TIMOB-19387,0.013742
TIMOB-19386,0.011869
TIMOB-19385,0.010014
TIMOB-19384,0.009559
TIMOB-19383,0.089137
TIMOB-19382,0.004134
TIMOB-19381,0.003707
TIMOB-19380,0.706596
TIMOB-19379,0.004399
TIMOB-19378,0.002116
TIMOB-19377,0.003594
TIMOB-19376,0.932453
TIMOB-19375,0.993096
TIMOB-19374,0.843895
TIMOB-19373,0.995318
TIMOB-19372,0.99427
TIMOB-19371,0.499023
TIMOB-19370,0.003173
TIMOB-19369,0.004905
TIMOB-19368,0.46393
TIMOB-19367,0.004265
TIMOB-19366,0.00407
TIMOB-19365,0.006193
TIMOB-19364,0.026964
TIMOB-19362,0.013532
TIMOB-19361,0.007346
TIMOB-19360,0.003377
TIMOB-19359,0.00659
TIMOB-19357,0.903294
TIMOB-19356,0.853425
TIMOB-19355,0.00461
TIMOB-19354,0.951863
TIMOB-19353,0.003538
TIMOB-19352,0.021948
TIMOB-19351,0.003483
TIMOB-19350,0.004199
TIMOB-19349,0.726037
TIMOB-19348,0.992879
TIMOB-19347,0.003594
TIMOB-19345,0.002981
TIMOB-19344,0.005302
TIMOB-19343,0.007756
TIMOB-19342,0.003765
TIMOB-19341,0.002591
TIMOB-19340,0.004755
TIMOB-19339,0.003707
TIMOB-19338,0.002397
TIMOB-19337,0.00343
TIMOB-19336,0.00659
TIMOB-19335,0.975202
TIMOB-19334,0.004755
TIMOB-19333,0.004755
TIMOB-19332,0.007346
TIMOB-19331,0.023689
TIMOB-19330,0.002116
TIMOB-19328,0.005302
TIMOB-19327,0.00522
TIMOB-19326,0.00506
TIMOB-19325,0.004399
TIMOB-19324,0.003483
TIMOB-19323,0.005642
TIMOB-19321,0.006904
TIMOB-19320,0.002511
TIMOB-19318,0.003075
TIMOB-19317,0.002981
TIMOB-19316,0.002591
TIMOB-19315,0.00522
TIMOB-19314,0.005911
TIMOB-19313,0.003377
TIMOB-19312,0.012821
TIMOB-19311,0.974239
TIMOB-19310,0.005469
TIMOB-19309,0.004468
TIMOB-19308,0.004199
TIMOB-19307,0.00289
TIMOB-19306,0.002149
TIMOB-19305,0.007696
TIMOB-19304,0.004538
TIMOB-19303,0.00573
TIMOB-19302,0.016403
TIMOB-19300,0.991554
TIMOB-19298,0.994698
TIMOB-19297,0.927363
TIMOB-19296,0.888759
TIMOB-19295,0.865224
TIMOB-19294,0.003945
TIMOB-19293,0.005555
TIMOB-19292,0.599602
TIMOB-19291,0.003028
TIMOB-19290,0.003884
TIMOB-19288,0.004007
TIMOB-19287,0.99711
TIMOB-19286,0.019569
TIMOB-19285,0.005469
TIMOB-19284,0.003824
TIMOB-19283,0.002217
TIMOB-19281,0.00461
TIMOB-19280,0.002591
TIMOB-19279,0.076684
TIMOB-19278,0.002511
TIMOB-19277,0.803791
TIMOB-19276,0.243103
TIMOB-19275,0.003765
TIMOB-19274,0.00407
TIMOB-19273,0.00659
TIMOB-19272,0.005385
TIMOB-19271,0.003483
TIMOB-19270,0.005642
TIMOB-19269,0.00461
TIMOB-19268,0.00407
TIMOB-19267,0.006388
TIMOB-19266,0.004538
TIMOB-19265,0.003377
TIMOB-19264,0.005385
TIMOB-19263,0.00659
TIMOB-19262,0.006098
TIMOB-19261,0.007461
TIMOB-19260,0.002217
TIMOB-19259,0.00582
TIMOB-19258,0.00407
TIMOB-19257,0.004134
TIMOB-19256,0.988492
TIMOB-19255,0.003222
TIMOB-19253,0.001782
TIMOB-19252,0.002252
TIMOB-19251,0.003173
TIMOB-19249,0.003483
TIMOB-19248,0.994445
TIMOB-19247,0.003538
TIMOB-19246,0.003707
TIMOB-19245,0.996176
TIMOB-19244,0.996623
TIMOB-19243,0.383641
TIMOB-19242,0.003273
TIMOB-19241,0.002397
TIMOB-19240,0.003483
TIMOB-19239,0.003273
TIMOB-19238,0.003765
TIMOB-19237,0.00289
TIMOB-19236,0.002511
TIMOB-19235,0.003483
TIMOB-19234,0.007346
TIMOB-19233,0.00365
TIMOB-19232,0.002935
TIMOB-19231,0.006488
TIMOB-19230,0.003075
TIMOB-19228,0.003222
TIMOB-19227,0.00483
TIMOB-19226,0.97539
TIMOB-19225,0.003173
TIMOB-19224,0.028008
TIMOB-19223,0.003538
TIMOB-19221,0.974239
TIMOB-19219,0.00289
TIMOB-19218,0.912436
TIMOB-19217,0.003075
TIMOB-19216,0.011332
TIMOB-19215,0.003884
TIMOB-19214,0.003324
TIMOB-19213,0.003324
TIMOB-19212,0.00514
TIMOB-19211,0.003538
TIMOB-19209,0.003483
TIMOB-19208,0.002935
TIMOB-19207,0.003273
TIMOB-19206,0.003538
TIMOB-19205,0.069795
TIMOB-19204,0.003538
TIMOB-19203,0.158695
TIMOB-19202,0.992654
TIMOB-19201,0.004199
TIMOB-19200,0.003538
TIMOB-19199,0.004265
TIMOB-19198,0.003028
TIMOB-19197,0.00343
TIMOB-19195,0.002217
TIMOB-19194,0.03622
TIMOB-19193,0.002397
TIMOB-19192,0.002981
TIMOB-19191,0.004468
TIMOB-19190,0.003377
TIMOB-19189,0.002845
TIMOB-19188,0.00236
TIMOB-19187,0.018689
TIMOB-19186,0.080647
TIMOB-19185,0.982691
TIMOB-19184,0.026759
TIMOB-19183,0.004007
TIMOB-19182,0.887205
TIMOB-19181,0.995801
TIMOB-19180,0.004538
TIMOB-19179,0.00343
TIMOB-19178,0.017442
TIMOB-19177,0.00365
TIMOB-19176,0.003707
TIMOB-19175,0.006098
TIMOB-19173,0.203708
TIMOB-19172,0.002551
TIMOB-19171,0.002981
TIMOB-19170,0.00236
TIMOB-19169,0.002801
TIMOB-19168,0.003075
TIMOB-19167,0.002551
TIMOB-19166,0.002673
TIMOB-19165,0.004682
TIMOB-19164,0.002397
TIMOB-19162,0.002673
TIMOB-19161,0.00343
TIMOB-19160,0.003173
TIMOB-19159,0.002632
TIMOB-19158,0.00522
TIMOB-19157,0.006004
TIMOB-19156,0.00506
TIMOB-19155,0.007233
TIMOB-19154,0.985043
TIMOB-19153,0.00461
TIMOB-19152,0.004399
TIMOB-19151,0.987759
TIMOB-19150,0.221351
TIMOB-19149,0.991289
TIMOB-19148,0.006693
TIMOB-19147,0.005555
TIMOB-19146,0.600891
TIMOB-19145,0.377799
TIMOB-19144,0.002981
TIMOB-19143,0.001648
TIMOB-19142,0.002019
TIMOB-19141,0.971129
TIMOB-19140,0.002434
TIMOB-19139,0.016785
TIMOB-19138,0.006193
TIMOB-19137,0.003538
TIMOB-19136,0.00506
TIMOB-19135,0.003884
TIMOB-19134,0.007121
TIMOB-19133,0.986979
TIMOB-19132,0.002183
TIMOB-19131,0.152537
TIMOB-19130,0.003173
TIMOB-19129,0.005302
TIMOB-19128,0.003538
TIMOB-19127,0.00514
TIMOB-19126,0.00343
TIMOB-19125,0.005911
TIMOB-19124,0.002287
TIMOB-19123,0.003124
TIMOB-19122,0.986979
TIMOB-19121,0.004982
TIMOB-19120,0.020964
TIMOB-19119,0.002083
TIMOB-19118,0.00407
TIMOB-19117,0.99014
TIMOB-19116,0.003273
TIMOB-19115,0.002935
TIMOB-19114,0.003483
TIMOB-19113,0.007461
TIMOB-19112,0.003124
TIMOB-19111,0.002434
TIMOB-19110,0.004399
TIMOB-19109,0.982557
TIMOB-19108,0.009055
TIMOB-19107,0.003483
TIMOB-19106,0.004199
TIMOB-19105,0.004265
TIMOB-19104,0.00365
TIMOB-19103,0.010902
TIMOB-19102,0.004134
TIMOB-19101,0.002051
TIMOB-19100,0.002323
TIMOB-19099,0.003377
TIMOB-19098,0.002935
TIMOB-19097,0.973443
TIMOB-19096,0.004332
TIMOB-19095,0.006004
TIMOB-19094,0.238994
TIMOB-19093,0.83868
TIMOB-19092,0.00483
TIMOB-19091,0.005911
TIMOB-19090,0.003707
TIMOB-19089,0.011597
TIMOB-19088,0.003028
TIMOB-19086,0.005385
TIMOB-19085,0.003075
TIMOB-19084,0.004399
TIMOB-19083,0.004007
TIMOB-19082,0.003028
TIMOB-19081,0.553505
TIMOB-19080,0.94699
TIMOB-19079,0.00407
TIMOB-19078,0.003173
TIMOB-19077,0.004007
TIMOB-19076,0.002473
TIMOB-19073,0.005469
TIMOB-19072,0.003124
TIMOB-19071,0.003124
TIMOB-19070,0.144631
TIMOB-19069,0.983723
TIMOB-19068,0.00236
TIMOB-19067,0.987568
TIMOB-19066,0.936285
TIMOB-19065,0.002591
TIMOB-19064,0.003273
TIMOB-19063,0.027585
TIMOB-19062,0.002183
TIMOB-19061,0.00629
TIMOB-19060,0.004332
TIMOB-19059,0.017712
TIMOB-19058,0.018405
TIMOB-19057,0.015073
TIMOB-19056,0.020023
TIMOB-19055,0.025957
TIMOB-19054,0.003594
TIMOB-19053,0.021125
TIMOB-19052,0.006193
TIMOB-19051,0.006004
TIMOB-19050,0.003377
TIMOB-19049,0.99486
TIMOB-19048,0.002632
TIMOB-19047,0.566498
TIMOB-19046,0.002591
TIMOB-19045,0.011869
TIMOB-19044,0.002473
TIMOB-19043,0.004265
TIMOB-19042,0.002758
TIMOB-19041,0.019719
TIMOB-19040,0.013742
TIMOB-19039,0.002935
TIMOB-19038,0.003824
TIMOB-19037,0.002981
TIMOB-19036,0.002287
TIMOB-19035,0.002083
TIMOB-19034,0.652629
TIMOB-19033,0.018264
TIMOB-19032,0.99014
TIMOB-19031,0.019124
TIMOB-19030,0.00483
TIMOB-19029,0.00506
TIMOB-19028,0.010249
TIMOB-19027,0.003173
TIMOB-19026,0.021781
TIMOB-19025,0.002673
TIMOB-19022,0.005385
TIMOB-19021,0.008577
TIMOB-19020,0.986151
TIMOB-19019,0.120853
TIMOB-19018,0.312868
TIMOB-19017,0.006693
TIMOB-19016,0.978875
TIMOB-19015,0.970688
TIMOB-19014,0.007012
TIMOB-19013,0.002801
TIMOB-19012,0.002511
TIMOB-19011,0.003707
TIMOB-19010,0.997285
TIMOB-19009,0.171616
TIMOB-19008,0.989347
TIMOB-19006,0.94079
TIMOB-19005,0.892937
TIMOB-19004,0.92079
TIMOB-19003,0.910863
TIMOB-19002,0.984094
TIMOB-19001,0.006798
TIMOB-19000,0.993096
TIMOB-18999,0.002051
TIMOB-18998,0.980281
TIMOB-18997,0.126785
TIMOB-18996,0.970013
TIMOB-18995,0.991938
TIMOB-18993,0.867485
TIMOB-18992,0.095349
TIMOB-18991,0.006488
TIMOB-18990,0.002632
TIMOB-18989,0.002845
TIMOB-18988,0.261519
TIMOB-18987,0.004755
TIMOB-18984,0.506836
TIMOB-18983,0.965119
TIMOB-18982,0.002935
TIMOB-18981,0.00407
TIMOB-18980,0.00407
TIMOB-18979,0.002217
TIMOB-18978,0.097048
TIMOB-18975,0.566978
TIMOB-18974,0.004332
TIMOB-18973,0.98983
TIMOB-18972,0.003273
TIMOB-18971,0.004755
TIMOB-18970,0.002981
TIMOB-18969,0.006193
TIMOB-18968,0.003594
TIMOB-18967,0.004905
TIMOB-18966,0.007233
TIMOB-18965,0.00461
TIMOB-18964,0.014842
TIMOB-18963,0.048858
TIMOB-18962,0.002217
TIMOB-18961,0.592431
TIMOB-18960,0.016785
TIMOB-18959,0.003483
TIMOB-18958,0.009559
TIMOB-18957,0.057282
TIMOB-18956,0.007346
TIMOB-18954,0.00514
TIMOB-18953,0.813461
TIMOB-18952,0.997409
TIMOB-18951,0.002845
TIMOB-18950,0.904987
TIMOB-18949,0.014957
TIMOB-18948,0.923039
TIMOB-18946,0.003765
TIMOB-18945,0.00483
TIMOB-18944,0.028653
TIMOB-18942,0.184473
TIMOB-18941,0.004905
TIMOB-18940,0.847968
TIMOB-18939,0.989511
TIMOB-18938,0.989347
TIMOB-18937,0.134321
TIMOB-18936,0.003324
TIMOB-18935,0.985936
TIMOB-18934,0.007938
TIMOB-18933,0.977023
TIMOB-18932,0.004332
TIMOB-18931,0.003124
TIMOB-18930,0.003028
TIMOB-18929,0.779322
TIMOB-18928,0.534612
TIMOB-18927,0.936749
TIMOB-18926,0.003124
TIMOB-18925,0.003075
TIMOB-18924,0.00407
TIMOB-18923,0.99486
TIMOB-18922,0.971779
TIMOB-18921,0.699357
TIMOB-18920,0.179531
TIMOB-18919,0.806853
TIMOB-18918,0.894421
TIMOB-18917,0.968856
TIMOB-18916,0.003124
TIMOB-18915,0.002715
TIMOB-18914,0.005385
TIMOB-18913,0.004682
TIMOB-18912,0.356335
TIMOB-18909,0.029987
TIMOB-18908,0.003483
TIMOB-18907,0.003075
TIMOB-18906,0.002715
TIMOB-18905,0.963506
TIMOB-18904,0.954647
TIMOB-18903,0.003124
TIMOB-18902,0.004538
TIMOB-18901,0.003377
TIMOB-18900,0.002217
TIMOB-18899,0.806243
TIMOB-18898,0.003028
TIMOB-18897,0.002673
TIMOB-18896,0.843895
TIMOB-18892,0.004265
TIMOB-18891,0.004755
TIMOB-18890,0.003324
TIMOB-18889,0.002323
TIMOB-18888,0.003538
TIMOB-18887,0.01057
TIMOB-18886,0.002981
TIMOB-18885,0.002758
TIMOB-18884,0.002551
TIMOB-18883,0.99517
TIMOB-18882,0.956634
TIMOB-18881,0.022457
TIMOB-18880,0.932453
TIMOB-18879,0.359687
TIMOB-18878,0.975577
TIMOB-18877,0.00506
TIMOB-18876,0.003824
TIMOB-18875,0.666117
TIMOB-18874,0.080937
TIMOB-18873,0.005642
TIMOB-18872,0.00365
TIMOB-18871,0.003884
TIMOB-18870,0.003765
TIMOB-18869,0.002511
TIMOB-18868,0.010902
TIMOB-18867,0.018547
TIMOB-18866,0.004468
TIMOB-18865,0.003222
TIMOB-18864,0.25488
TIMOB-18863,0.016785
TIMOB-18861,0.005642
TIMOB-18860,0.979977
TIMOB-18859,0.991153
TIMOB-18858,0.00365
TIMOB-18857,0.995462
TIMOB-18856,0.012054
TIMOB-18855,0.00483
TIMOB-18854,0.917893
TIMOB-18853,0.003707
TIMOB-18852,0.892187
TIMOB-18851,0.996623
TIMOB-18850,0.01292
TIMOB-18849,0.997019
TIMOB-18848,0.997019
TIMOB-18847,0.046725
TIMOB-18846,0.003765
TIMOB-18844,0.010653
TIMOB-18843,0.009708
TIMOB-18841,0.004399
TIMOB-18840,0.014172
TIMOB-18839,0.0745
TIMOB-18838,0.001868
TIMOB-18837,0.009126
TIMOB-18835,0.992654
TIMOB-18834,0.991153
TIMOB-18832,0.983597
TIMOB-18830,0.00289
TIMOB-18824,0.002551
TIMOB-18821,0.00582
TIMOB-18820,0.007346
TIMOB-18818,0.002632
TIMOB-18817,0.995462
TIMOB-18816,0.180684
TIMOB-18815,0.003075
TIMOB-18814,0.039937
TIMOB-18813,0.026964
TIMOB-18812,0.027169
TIMOB-18811,0.601184
TIMOB-18810,0.027585
TIMOB-18809,0.13707
TIMOB-18808,0.003945
TIMOB-18806,0.109706
TIMOB-18805,0.067056
TIMOB-18804,0.505371
TIMOB-18803,0.037892
TIMOB-18801,0.862468
TIMOB-18800,0.353875
TIMOB-18799,0.394667
TIMOB-18798,0.024238
TIMOB-18797,0.014729
TIMOB-18796,0.018547
TIMOB-18795,0.102664
TIMOB-18794,0.031144
TIMOB-18793,0.024798
TIMOB-18792,0.00483
TIMOB-18791,0.382949
TIMOB-18789,0.003124
TIMOB-18788,0.002935
TIMOB-18786,0.002252
TIMOB-18784,0.006098
TIMOB-18783,0.005642
TIMOB-18782,0.002551
TIMOB-18781,0.004682
TIMOB-18780,0.849971
TIMOB-18778,0.010408
TIMOB-18777,0.003945
TIMOB-18776,0.002715
TIMOB-18775,0.007346
TIMOB-18774,0.007938
TIMOB-18773,0.003594
TIMOB-18772,0.002673
TIMOB-18770,0.004265
TIMOB-18769,0.002473
TIMOB-18768,0.003594
TIMOB-18767,0.003075
TIMOB-18766,0.004007
TIMOB-18765,0.003028
TIMOB-18763,0.005642
TIMOB-18761,0.028436
TIMOB-18760,0.347316
TIMOB-18759,0.101947
TIMOB-18758,0.026355
TIMOB-18757,0.983343
TIMOB-18756,0.863852
TIMOB-18754,0.973241
TIMOB-18753,0.404978
TIMOB-18752,0.020332
TIMOB-18751,0.085404
TIMOB-18750,0.496826
TIMOB-18749,0.968856
TIMOB-18748,0.192236
TIMOB-18747,0.001897
TIMOB-18746,0.926304
TIMOB-18745,0.935346
TIMOB-18744,0.002715
TIMOB-18743,0.886813
TIMOB-18742,0.005642
TIMOB-18741,0.084191
TIMOB-18740,0.002051
TIMOB-18739,0.001701
TIMOB-18736,0.002715
TIMOB-18735,0.002758
TIMOB-18734,0.004682
TIMOB-18733,0.001988
TIMOB-18732,0.03259
TIMOB-18730,0.004332
TIMOB-18729,0.005302
TIMOB-18728,0.003594
TIMOB-18726,0.006904
TIMOB-18725,0.007461
TIMOB-18724,0.00838
TIMOB-18723,0.554229
TIMOB-18722,0.765418
TIMOB-18721,0.508788
TIMOB-18720,0.29784
TIMOB-18719,0.889912
TIMOB-18718,0.298798
TIMOB-18717,0.004134
TIMOB-18715,0.008316
TIMOB-18713,0.804406
TIMOB-18712,0.989347
TIMOB-18711,0.997713
TIMOB-18709,0.008577
TIMOB-18707,0.083591
TIMOB-18706,0.00461
TIMOB-18705,0.826151
TIMOB-18704,0.449876
TIMOB-18701,0.005385
TIMOB-18700,0.009936
TIMOB-18699,0.010249
TIMOB-18698,0.018125
TIMOB-18683,0.994531
TIMOB-18682,0.002397
TIMOB-18680,0.00407
TIMOB-18678,0.006488
TIMOB-18677,0.021948
TIMOB-18676,0.004199
TIMOB-18675,0.002981
TIMOB-18674,0.004007
TIMOB-18673,0.974239
TIMOB-18672,0.005385
TIMOB-18671,0.007816
TIMOB-18670,0.006098
TIMOB-18669,0.002149
TIMOB-18668,0.987375
TIMOB-18667,0.00629
TIMOB-18666,0.004538
TIMOB-18665,0.003945
TIMOB-18663,0.00506
TIMOB-18662,0.039937
TIMOB-18661,0.026964
TIMOB-18660,0.027169
TIMOB-18659,0.601184
TIMOB-18658,0.024988
TIMOB-18657,0.13707
TIMOB-18656,0.015906
TIMOB-18655,0.043691
TIMOB-18654,0.109706
TIMOB-18653,0.067056
TIMOB-18652,0.505371
TIMOB-18651,0.037892
TIMOB-18650,0.022286
TIMOB-18649,0.116764
TIMOB-18648,0.353875
TIMOB-18647,0.394667
TIMOB-18646,0.024238
TIMOB-18645,0.012625
TIMOB-18644,0.018547
TIMOB-18643,0.102664
TIMOB-18642,0.028436
TIMOB-18641,0.024798
TIMOB-18640,0.002591
TIMOB-18639,0.006904
TIMOB-18638,0.003945
TIMOB-18637,0.00236
TIMOB-18636,0.002845
TIMOB-18635,0.00514
TIMOB-18633,0.984094
TIMOB-18632,0.006098
TIMOB-18631,0.003707
TIMOB-18630,0.066812
TIMOB-18629,0.192236
TIMOB-18628,0.011508
TIMOB-18627,0.993307
TIMOB-18625,0.251648
TIMOB-18624,0.004755
TIMOB-18623,0.924688
TIMOB-18622,0.979036
TIMOB-18621,0.995669
TIMOB-18620,0.862004
TIMOB-18619,0.022457
TIMOB-18617,0.005469
TIMOB-18616,0.004682
TIMOB-18615,0.004265
TIMOB-18614,0.002397
TIMOB-18613,0.010014
TIMOB-18611,0.00407
TIMOB-18610,0.002473
TIMOB-18609,0.004905
TIMOB-18608,0.024423
TIMOB-18607,0.011778
TIMOB-18604,0.003273
TIMOB-18603,0.981167
TIMOB-18602,0.710829
TIMOB-18601,0.00514
TIMOB-18600,0.003324
TIMOB-18599,0.09739
TIMOB-18598,0.005469
TIMOB-18597,0.97024
TIMOB-18596,0.003538
TIMOB-18595,0.003884
TIMOB-18594,0.003884
TIMOB-18593,0.003707
TIMOB-18592,0.003765
TIMOB-18590,0.013637
TIMOB-18589,0.97631
TIMOB-18588,0.914291
TIMOB-18586,0.997199
TIMOB-18585,0.996623
TIMOB-18584,0.997242
TIMOB-18583,0.99711
TIMOB-18582,0.997199
TIMOB-18581,0.99371
TIMOB-18579,0.004755
TIMOB-18578,0.002845
TIMOB-18577,0.988668
TIMOB-18576,0.004755
TIMOB-18575,0.002845
TIMOB-18574,0.00582
TIMOB-18573,0.357848
TIMOB-18571,0.989511
TIMOB-18570,0.004134
TIMOB-18566,0.013956
TIMOB-18565,0.996623
TIMOB-18564,0.002715
TIMOB-18563,0.562177
TIMOB-18562,0.006388
TIMOB-18561,0.991812
TIMOB-18560,0.996623
TIMOB-18559,0.003707
TIMOB-18558,0.003075
TIMOB-18557,0.004399
TIMOB-18556,0.99014
TIMOB-18555,0.959459
TIMOB-18554,0.985271
TIMOB-18553,0.244724
TIMOB-18552,0.019719
TIMOB-18551,0.096365
TIMOB-18550,0.994615
TIMOB-18549,0.025179
TIMOB-18547,0.994445
TIMOB-18546,0.010489
TIMOB-18545,0.003324
TIMOB-18544,0.002252
TIMOB-18543,0.004399
TIMOB-18541,0.00659
TIMOB-18540,0.658747
TIMOB-18538,0.009559
TIMOB-18537,0.003324
TIMOB-18536,0.004682
TIMOB-18535,0.872347
TIMOB-18534,0.99494
TIMOB-18533,0.002845
TIMOB-18532,0.004134
TIMOB-18531,0.963231
TIMOB-18530,0.92523
TIMOB-18528,0.003594
TIMOB-18527,0.980129
TIMOB-18526,0.991153
TIMOB-18525,0.988842
TIMOB-18524,0.585575
TIMOB-18523,0.610453
TIMOB-18522,0.981453
TIMOB-18521,0.004982
TIMOB-18520,0.005555
TIMOB-18519,0.006004
TIMOB-18518,0.004982
TIMOB-18517,0.996727
TIMOB-18516,0.005302
TIMOB-18515,0.986979
TIMOB-18514,0.003377
TIMOB-18513,0.99635
TIMOB-18512,0.035145
TIMOB-18511,0.077239
TIMOB-18510,0.004755
TIMOB-18509,0.996055
TIMOB-18508,0.070304
TIMOB-18507,0.024238
TIMOB-18505,0.003483
TIMOB-18504,0.016915
TIMOB-18503,0.00461
TIMOB-18502,0.00582
TIMOB-18501,0.002845
TIMOB-18500,0.003538
TIMOB-18499,0.161849
TIMOB-18498,0.154567
TIMOB-18493,0.003884
TIMOB-18492,0.016403
TIMOB-18491,0.995993
TIMOB-18490,0.942507
TIMOB-18489,0.013742
TIMOB-18488,0.004332
TIMOB-18485,0.00573
TIMOB-18484,0.002845
TIMOB-18483,0.317638
TIMOB-18482,0.003945
TIMOB-18481,0.00461
TIMOB-18480,0.960063
TIMOB-18479,0.997566
TIMOB-18478,0.006004
TIMOB-18477,0.003483
TIMOB-18476,0.003273
TIMOB-18475,0.002511
TIMOB-18474,0.006904
TIMOB-18473,0.00514
TIMOB-18471,0.990874
TIMOB-18470,0.995018
TIMOB-18469,0.854399
TIMOB-18468,0.995601
TIMOB-18467,0.997409
TIMOB-18465,0.020489
TIMOB-18464,0.005555
TIMOB-18463,0.023153
TIMOB-18462,0.992988
TIMOB-18458,0.003765
TIMOB-18457,0.003124
TIMOB-18455,0.002715
TIMOB-18454,0.00461
TIMOB-18453,0.028221
TIMOB-18452,0.989182
TIMOB-18451,0.530966
TIMOB-18450,0.135232
TIMOB-18448,0.00934
TIMOB-18444,0.003538
TIMOB-18443,0.428592
TIMOB-18442,0.004468
TIMOB-18441,0.997327
TIMOB-18440,0.003273
TIMOB-18439,0.997065
TIMOB-18434,0.983597
TIMOB-18433,0.003124
TIMOB-18432,0.018978
TIMOB-18431,0.004538
TIMOB-18430,0.993307
TIMOB-18425,0.636579
TIMOB-18424,0.990732
TIMOB-18423,0.005385
TIMOB-18421,0.31542
TIMOB-18420,0.008916
TIMOB-18419,0.301876
TIMOB-18418,0.003173
TIMOB-18417,0.979977
TIMOB-18415,0.046725
TIMOB-18414,0.356727
TIMOB-18413,0.004007
TIMOB-18411,0.003765
TIMOB-18410,0.002801
TIMOB-18409,0.65597
TIMOB-18407,0.003707
TIMOB-18406,0.005911
TIMOB-18405,0.991938
TIMOB-18404,0.975012
TIMOB-18403,0.994445
TIMOB-18402,0.002758
TIMOB-18401,0.005385
TIMOB-18399,0.00461
TIMOB-18396,0.005911
TIMOB-18395,0.00236
TIMOB-18394,0.003028
TIMOB-18393,0.003028
TIMOB-18392,0.002323
TIMOB-18391,0.003075
TIMOB-18390,0.005302
TIMOB-18389,0.019569
TIMOB-18384,0.042722
TIMOB-18380,0.003945
TIMOB-18379,0.003222
TIMOB-18378,0.003538
TIMOB-18377,0.990732
TIMOB-18376,0.0538
TIMOB-18375,0.157137
TIMOB-18374,0.266644
TIMOB-18373,0.016277
TIMOB-18372,0.004399
TIMOB-18371,0.960361
TIMOB-18370,0.003765
TIMOB-18369,0.003273
TIMOB-18368,0.007938
TIMOB-18367,0.00343
TIMOB-18366,0.003377
TIMOB-18365,0.002935
TIMOB-18364,0.970688
TIMOB-18363,0.001988
TIMOB-18362,0.00407
TIMOB-18360,0.005642
TIMOB-18359,0.004682
TIMOB-18358,0.004538
TIMOB-18357,0.41324
TIMOB-18356,0.789883
TIMOB-18355,0.961534
TIMOB-18352,0.445168
TIMOB-18351,0.118385
TIMOB-18350,0.003945
TIMOB-18349,0.00407
TIMOB-18348,0.005385
TIMOB-18347,0.004007
TIMOB-18346,0.004905
TIMOB-18345,0.003075
TIMOB-18344,0.055413
TIMOB-18343,0.004134
TIMOB-18341,0.003028
TIMOB-18340,0.004134
TIMOB-18339,0.006798
TIMOB-18338,0.40157
TIMOB-18337,0.99371
TIMOB-18336,0.004982
TIMOB-18335,0.003824
TIMOB-18334,0.003707
TIMOB-18333,0.00461
TIMOB-18332,0.002252
TIMOB-18331,0.002845
TIMOB-18330,0.003377
TIMOB-18329,0.002801
TIMOB-18328,0.00407
TIMOB-18327,0.00522
TIMOB-18326,0.004134
TIMOB-18325,0.005911
TIMOB-18324,0.003594
TIMOB-18323,0.00838
TIMOB-18322,0.003594
TIMOB-18321,0.003075
TIMOB-18320,0.008252
TIMOB-18319,0.055005
TIMOB-18318,0.646881
TIMOB-18317,0.003707
TIMOB-18316,0.003538
TIMOB-18315,0.282196
TIMOB-18314,0.03138
TIMOB-18313,0.018833
TIMOB-18312,0.020332
TIMOB-18311,0.039343
TIMOB-18310,0.003945
TIMOB-18309,0.003765
TIMOB-18308,0.003028
TIMOB-18307,0.004134
TIMOB-18306,0.632616
TIMOB-18305,0.004199
TIMOB-18304,0.003884
TIMOB-18303,0.003824
TIMOB-18302,0.002397
TIMOB-18301,0.003594
TIMOB-18300,0.004265
TIMOB-18299,0.003594
TIMOB-18298,0.003222
TIMOB-18297,0.002673
TIMOB-18296,0.00343
TIMOB-18294,0.00407
TIMOB-18292,0.004332
TIMOB-18291,0.952926
TIMOB-18290,0.00365
TIMOB-18289,0.00343
TIMOB-18288,0.002551
TIMOB-18287,0.038756
TIMOB-18286,0.006904
TIMOB-18285,0.00506
TIMOB-18284,0.005555
TIMOB-18283,0.001988
TIMOB-18282,0.003222
TIMOB-18281,0.002715
TIMOB-18280,0.00407
TIMOB-18279,0.003324
TIMOB-18278,0.003483
TIMOB-18277,0.989347
TIMOB-18276,0.00365
TIMOB-18275,0.00289
TIMOB-18274,0.003075
TIMOB-18273,0.00289
TIMOB-18272,0.004265
TIMOB-18271,0.003173
TIMOB-18270,0.003707
TIMOB-18269,0.008188
TIMOB-18268,0.002715
TIMOB-18267,0.003028
TIMOB-18266,0.041774
TIMOB-18265,0.003222
TIMOB-18264,0.003538
TIMOB-18263,0.00659
TIMOB-18262,0.002149
TIMOB-18261,0.015306
TIMOB-18260,0.003173
TIMOB-18259,0.142948
TIMOB-18258,0.00483
TIMOB-18257,0.006693
TIMOB-18256,0.003124
TIMOB-18255,0.006098
TIMOB-18254,0.004332
TIMOB-18253,0.004982
TIMOB-18252,0.00236
TIMOB-18251,0.002591
TIMOB-18250,0.002287
TIMOB-18249,0.005911
TIMOB-18248,0.035411
TIMOB-18247,0.003173
TIMOB-18246,0.00582
TIMOB-18245,0.003028
TIMOB-18244,0.004905
TIMOB-18242,0.003324
TIMOB-18240,0.003765
TIMOB-18237,0.028221
TIMOB-18236,0.026964
TIMOB-18235,0.027169
TIMOB-18234,0.601184
TIMOB-18233,0.026759
TIMOB-18232,0.13707
TIMOB-18231,0.015906
TIMOB-18230,0.043691
TIMOB-18229,0.072637
TIMOB-18228,0.033337
TIMOB-18227,0.505371
TIMOB-18226,0.037892
TIMOB-18225,0.022286
TIMOB-18224,0.116764
TIMOB-18223,0.353875
TIMOB-18222,0.394667
TIMOB-18221,0.024238
TIMOB-18220,0.013428
TIMOB-18219,0.018547
TIMOB-18218,0.102664
TIMOB-18217,0.019569
TIMOB-18216,0.024798
TIMOB-18215,0.00407
TIMOB-18214,0.00343
TIMOB-18212,0.002551
TIMOB-18211,0.00289
TIMOB-18210,0.047074
TIMOB-18209,0.004199
TIMOB-18208,0.028008
TIMOB-18207,0.003028
TIMOB-18206,0.003173
TIMOB-18205,0.004468
TIMOB-18204,0.002981
TIMOB-18203,0.006004
TIMOB-18202,0.002935
TIMOB-18201,0.003377
TIMOB-18199,0.00461
TIMOB-18198,0.00343
TIMOB-18197,0.00407
TIMOB-18196,0.98347
TIMOB-18195,0.002845
TIMOB-18194,0.003173
TIMOB-18193,0.003945
TIMOB-18192,0.003324
TIMOB-18191,0.003884
TIMOB-18190,0.005911
TIMOB-18188,0.002287
TIMOB-18187,0.003324
TIMOB-18186,0.004399
TIMOB-18185,0.00407
TIMOB-18184,0.016785
TIMOB-18183,0.461259
TIMOB-18182,0.967656
TIMOB-18181,0.003483
TIMOB-18179,0.006488
TIMOB-18178,0.003273
TIMOB-18177,0.004755
TIMOB-18176,0.925769
TIMOB-18175,0.002801
TIMOB-18174,0.003124
TIMOB-18173,0.003028
TIMOB-18172,0.002801
TIMOB-18171,0.003377
TIMOB-18170,0.003273
TIMOB-18169,0.005911
TIMOB-18168,0.005385
TIMOB-18167,0.996876
TIMOB-18166,0.004199
TIMOB-18165,0.002981
TIMOB-18164,0.01142
TIMOB-18163,0.004468
TIMOB-18162,0.997368
TIMOB-18161,0.86293
TIMOB-18160,0.989511
TIMOB-18159,0.718792
TIMOB-18158,0.00289
TIMOB-18157,0.002758
TIMOB-18156,0.003377
TIMOB-18155,0.003075
TIMOB-18154,0.002935
TIMOB-18153,0.040238
TIMOB-18152,0.003222
TIMOB-18151,0.003538
TIMOB-18149,0.002715
TIMOB-18148,0.004755
TIMOB-18147,0.004265
TIMOB-18146,0.004265
TIMOB-18145,0.012432
TIMOB-18144,0.084795
TIMOB-18143,0.002051
TIMOB-18141,0.006693
TIMOB-18140,0.003324
TIMOB-18139,0.004134
TIMOB-18138,0.006004
TIMOB-18137,0.00289
TIMOB-18136,0.00573
TIMOB-18135,0.004538
TIMOB-18134,0.002183
TIMOB-18133,0.007938
TIMOB-18132,0.004682
TIMOB-18131,0.006693
TIMOB-18130,0.006193
TIMOB-18129,0.00461
TIMOB-18128,0.003028
TIMOB-18127,0.003075
TIMOB-18126,0.002935
TIMOB-18125,0.003707
TIMOB-18124,0.003124
TIMOB-18123,0.993203
TIMOB-18122,0.993096
TIMOB-18121,0.993902
TIMOB-18120,0.003324
TIMOB-18119,0.003824
TIMOB-18118,0.006193
TIMOB-18115,0.993307
TIMOB-18114,0.969091
TIMOB-18113,0.693369
TIMOB-18112,0.002632
TIMOB-18108,0.978875
TIMOB-18104,0.995318
TIMOB-18103,0.786295
TIMOB-18102,0.003222
TIMOB-18100,0.004538
TIMOB-18099,0.033337
TIMOB-18098,0.008316
TIMOB-18097,0.009486
TIMOB-18096,0.00483
TIMOB-18095,0.996116
TIMOB-18094,0.97631
TIMOB-18093,0.985496
TIMOB-18092,0.965641
TIMOB-18088,0.004538
TIMOB-18087,0.987759
TIMOB-18086,0.004468
TIMOB-18084,0.996406
TIMOB-18083,0.003273
TIMOB-18082,0.749821
TIMOB-18080,0.002632
TIMOB-18079,0.991554
TIMOB-18078,0.003884
TIMOB-18077,0.003075
TIMOB-18076,0.003377
TIMOB-18075,0.003075
TIMOB-18074,0.005469
TIMOB-18073,0.991015
TIMOB-18072,0.079782
TIMOB-18071,0.937669
TIMOB-18070,0.002287
TIMOB-18069,0.881615
TIMOB-18068,0.002715
TIMOB-18067,0.005555
TIMOB-18066,0.980281
TIMOB-18065,0.970465
TIMOB-18064,0.005469
TIMOB-18062,0.023331
TIMOB-18061,0.007346
TIMOB-18060,0.004134
TIMOB-18059,0.994698
TIMOB-18058,0.004007
TIMOB-18057,0.003324
TIMOB-18056,0.001988
TIMOB-18055,0.003765
TIMOB-18054,0.011245
TIMOB-18053,0.008188
TIMOB-18052,0.984215
TIMOB-18050,0.390243
TIMOB-18049,0.003377
TIMOB-18048,0.003028
TIMOB-18047,0.00365
TIMOB-18046,0.007012
TIMOB-18045,0.003377
TIMOB-18044,0.006798
TIMOB-18042,0.008
TIMOB-18040,0.044681
TIMOB-18039,0.358016
TIMOB-18038,0.985936
TIMOB-18037,0.020646
TIMOB-18036,0.982014
TIMOB-18035,0.969556
TIMOB-18034,0.984811
TIMOB-18033,0.990441
TIMOB-18032,0.992062
TIMOB-18031,0.040541
TIMOB-18030,0.003377
TIMOB-18029,0.034881
TIMOB-18028,0.032344
TIMOB-18027,0.023509
TIMOB-18024,0.010653
TIMOB-18023,0.982823
TIMOB-18022,0.028221
TIMOB-18021,0.026964
TIMOB-18020,0.027169
TIMOB-18019,0.605916
TIMOB-18018,0.025371
TIMOB-18017,0.13707
TIMOB-18016,0.015906
TIMOB-18015,0.043691
TIMOB-18014,0.072637
TIMOB-18013,0.033337
TIMOB-18012,0.505371
TIMOB-18011,0.037892
TIMOB-18010,0.022286
TIMOB-18009,0.116764
TIMOB-18008,0.353875
TIMOB-18007,0.394667
TIMOB-18006,0.024238
TIMOB-18005,0.013223
TIMOB-18004,0.018547
TIMOB-18003,0.102664
TIMOB-18002,0.019569
TIMOB-18001,0.024798
TIMOB-17999,0.003028
TIMOB-17998,0.00289
TIMOB-17997,0.003124
TIMOB-17996,0.00573
TIMOB-17995,0.002845
TIMOB-17994,0.003075
TIMOB-17993,0.010987
TIMOB-17992,0.003594
TIMOB-17991,0.002673
TIMOB-17990,0.835484
TIMOB-17989,0.960361
TIMOB-17988,0.003945
TIMOB-17987,0.004399
TIMOB-17986,0.758153
TIMOB-17985,0.003707
TIMOB-17984,0.003075
TIMOB-17983,0.00365
TIMOB-17982,0.987179
TIMOB-17972,0.904313
TIMOB-17969,0.00522
TIMOB-17965,0.987946
TIMOB-17964,0.996925
TIMOB-17963,0.953275
TIMOB-17962,0.914596
TIMOB-17961,0.002287
TIMOB-17960,0.004468
TIMOB-17959,0.978385
TIMOB-17958,0.001988
TIMOB-17957,0.003222
TIMOB-17956,0.926304
TIMOB-17955,0.004134
TIMOB-17954,0.003324
TIMOB-17953,0.002149
TIMOB-17952,0.007938
TIMOB-17951,0.006098
TIMOB-17950,0.004468
TIMOB-17949,0.004538
TIMOB-17948,0.988668
TIMOB-17947,0.726037
TIMOB-17946,0.01017
TIMOB-17945,0.003884
TIMOB-17944,0.038466
TIMOB-17943,0.019124
TIMOB-17942,0.058777
TIMOB-17941,0.002673
TIMOB-17940,0.992767
TIMOB-17939,0.002758
TIMOB-17938,0.349422
TIMOB-17937,0.042722
TIMOB-17936,0.991289
TIMOB-17935,0.991684
TIMOB-17934,0.980729
TIMOB-17933,0.010014
TIMOB-17932,0.995095
TIMOB-17931,0.939025
TIMOB-17930,0.003594
TIMOB-17929,0.993902
TIMOB-17928,0.993096
TIMOB-17927,0.464173
TIMOB-17926,0.203075
TIMOB-17925,0.585338
TIMOB-17924,0.94079
TIMOB-17923,0.003824
TIMOB-17918,0.855369
TIMOB-17917,0.954647
TIMOB-17916,0.279533
TIMOB-17915,0.527317
TIMOB-17914,0.953622
TIMOB-17913,0.841305
TIMOB-17912,0.830594
TIMOB-17911,0.99593
TIMOB-17910,0.198685
TIMOB-17909,0.949295
TIMOB-17908,0.348479
TIMOB-17906,0.273477
TIMOB-17905,0.877477
TIMOB-17904,0.590779
TIMOB-17903,0.92079
TIMOB-17902,0.418459
TIMOB-17901,0.830044
TIMOB-17900,0.327749
TIMOB-17899,0.885631
TIMOB-17898,0.527317
TIMOB-17897,0.00289
TIMOB-17896,0.010249
TIMOB-17894,0.818737
TIMOB-17893,0.571288
TIMOB-17892,0.99478
TIMOB-17891,0.991422
TIMOB-17890,0.003483
TIMOB-17889,0.011597
TIMOB-17888,0.046378
TIMOB-17887,0.960952
TIMOB-17886,0.003824
TIMOB-17885,0.00582
TIMOB-17884,0.003028
TIMOB-17883,0.003538
TIMOB-17882,0.003538
TIMOB-17881,0.002845
TIMOB-17880,0.003884
TIMOB-17879,0.004682
TIMOB-17878,0.006193
TIMOB-17877,0.003124
TIMOB-17876,0.979668
TIMOB-17875,0.00514
TIMOB-17874,0.02461
TIMOB-17873,0.005469
TIMOB-17872,0.005555
TIMOB-17871,0.007816
TIMOB-17870,0.00629
TIMOB-17869,0.919063
TIMOB-17868,0.015785
TIMOB-17867,0.007577
TIMOB-17866,0.003765
TIMOB-17865,0.004399
TIMOB-17864,0.002252
TIMOB-17863,0.00365
TIMOB-17862,0.003273
TIMOB-17861,0.016403
TIMOB-17859,0.002758
TIMOB-17858,0.08389
TIMOB-17857,0.004399
TIMOB-17856,0.021948
TIMOB-17855,0.018264
TIMOB-17854,0.014729
TIMOB-17853,0.065605
TIMOB-17852,0.018978
TIMOB-17851,0.021451
TIMOB-17850,0.00986
TIMOB-17849,0.017986
TIMOB-17848,0.036769
TIMOB-17847,0.022977
TIMOB-17846,0.174973
TIMOB-17845,0.022117
TIMOB-17844,0.00236
TIMOB-17843,0.003538
TIMOB-17842,0.002116
TIMOB-17841,0.00506
TIMOB-17840,0.976129
TIMOB-17838,0.004399
TIMOB-17837,0.00659
TIMOB-17836,0.795022
TIMOB-17835,0.133868
TIMOB-17834,0.075858
TIMOB-17833,0.018125
TIMOB-17832,0.002935
TIMOB-17831,0.994358
TIMOB-17830,0.00461
TIMOB-17828,0.021451
TIMOB-17827,0.210117
TIMOB-17826,0.005302
TIMOB-17825,0.004007
TIMOB-17823,0.00522
TIMOB-17822,0.994531
TIMOB-17821,0.817283
TIMOB-17820,0.00506
TIMOB-17819,0.998326
TIMOB-17818,0.005302
TIMOB-17817,0.958847
TIMOB-17816,0.992654
TIMOB-17813,0.006798
TIMOB-17812,0.040541
TIMOB-17811,0.01057
TIMOB-17810,0.00289
TIMOB-17809,0.00461
TIMOB-17808,0.005555
TIMOB-17807,0.996727
TIMOB-17806,0.336168
TIMOB-17805,0.991684
TIMOB-17804,0.99418
TIMOB-17802,0.026156
TIMOB-17801,0.99427
TIMOB-17800,0.003707
TIMOB-17798,0.00461
TIMOB-17797,0.981453
TIMOB-17796,0.002935
TIMOB-17794,0.003075
TIMOB-17793,0.002287
TIMOB-17792,0.003173
TIMOB-17791,0.984694
TIMOB-17789,0.986777
TIMOB-17788,0.002935
TIMOB-17786,0.02461
TIMOB-17785,0.004134
TIMOB-17784,0.028221
TIMOB-17783,0.026964
TIMOB-17782,0.027169
TIMOB-17781,0.605916
TIMOB-17780,0.027376
TIMOB-17779,0.13707
TIMOB-17778,0.015906
TIMOB-17777,0.043691
TIMOB-17776,0.072637
TIMOB-17775,0.033337
TIMOB-17774,0.505371
TIMOB-17773,0.037892
TIMOB-17772,0.022286
TIMOB-17771,0.116764
TIMOB-17770,0.353875
TIMOB-17769,0.394667
TIMOB-17768,0.024238
TIMOB-17767,0.014064
TIMOB-17766,0.018547
TIMOB-17765,0.102664
TIMOB-17764,0.019719
TIMOB-17763,0.024798
TIMOB-17762,0.003222
TIMOB-17761,0.004399
TIMOB-17759,0.00289
TIMOB-17758,0.006098
TIMOB-17757,0.003028
TIMOB-17756,0.003945
TIMOB-17755,0.00343
TIMOB-17754,0.925769
TIMOB-17752,0.002551
TIMOB-17751,0.004468
TIMOB-17750,0.024054
TIMOB-17749,0.003075
TIMOB-17748,0.002632
TIMOB-17747,0.006388
TIMOB-17746,0.003222
TIMOB-17745,0.002981
TIMOB-17744,0.850469
TIMOB-17742,0.972415
TIMOB-17741,0.002434
TIMOB-17740,0.004134
TIMOB-17739,0.006388
TIMOB-17738,0.002287
TIMOB-17737,0.00289
TIMOB-17736,0.003945
TIMOB-17735,0.002845
TIMOB-17734,0.005555
TIMOB-17732,0.004265
TIMOB-17731,0.003945
TIMOB-17730,0.002323
TIMOB-17729,0.018978
TIMOB-17728,0.992184
TIMOB-17727,0.003028
TIMOB-17726,0.008985
TIMOB-17725,0.980281
TIMOB-17724,0.003075
TIMOB-17723,0.992988
TIMOB-17722,0.003075
TIMOB-17721,0.002473
TIMOB-17720,0.002323
TIMOB-17719,0.002715
TIMOB-17718,0.003884
TIMOB-17717,0.051845
TIMOB-17716,0.003824
TIMOB-17715,0.003028
TIMOB-17714,0.00483
TIMOB-17713,0.00483
TIMOB-17712,0.003324
TIMOB-17711,0.004468
TIMOB-17710,0.013223
TIMOB-17709,0.003075
TIMOB-17708,0.00343
TIMOB-17707,0.012528
TIMOB-17706,0.003707
TIMOB-17705,0.996055
TIMOB-17704,0.006004
TIMOB-17703,0.002673
TIMOB-17702,0.003377
TIMOB-17701,0.004265
TIMOB-17700,0.005385
TIMOB-17699,0.00506
TIMOB-17698,0.002511
TIMOB-17697,0.003483
TIMOB-17696,0.00461
TIMOB-17695,0.00582
TIMOB-17694,0.003707
TIMOB-17693,0.388154
TIMOB-17692,0.002116
TIMOB-17691,0.003884
TIMOB-17690,0.00629
TIMOB-17689,0.007577
TIMOB-17688,0.983971
TIMOB-17687,0.99341
TIMOB-17686,0.00365
TIMOB-17684,0.002715
TIMOB-17683,0.989013
TIMOB-17681,0.003483
TIMOB-17680,0.845433
TIMOB-17679,0.265595
TIMOB-17678,0.006488
TIMOB-17677,0.005555
TIMOB-17676,0.003028
TIMOB-17675,0.975577
TIMOB-17674,0.043691
TIMOB-17673,0.003824
TIMOB-17672,0.002252
TIMOB-17671,0.002632
TIMOB-17670,0.003377
TIMOB-17669,0.00573
TIMOB-17668,0.007012
TIMOB-17666,0.003594
TIMOB-17665,0.002591
TIMOB-17664,0.956309
TIMOB-17663,0.478285
TIMOB-17662,0.057071
TIMOB-17661,0.002551
TIMOB-17660,0.00343
TIMOB-17659,0.003945
TIMOB-17658,0.003173
TIMOB-17657,0.002632
TIMOB-17656,0.003028
TIMOB-17655,0.004265
TIMOB-17654,0.004468
TIMOB-17653,0.002981
TIMOB-17651,0.005469
TIMOB-17649,0.002845
TIMOB-17648,0.003273
TIMOB-17647,0.932453
TIMOB-17646,0.002473
TIMOB-17645,0.002715
TIMOB-17644,0.005555
TIMOB-17643,0.738292
TIMOB-17642,0.002019
TIMOB-17641,0.850469
TIMOB-17640,0.852935
TIMOB-17639,0.002935
TIMOB-17638,0.015785
TIMOB-17636,0.008446
TIMOB-17634,0.001927
TIMOB-17633,0.003594
TIMOB-17632,0.003028
TIMOB-17631,0.002511
TIMOB-17630,0.002845
TIMOB-17629,0.005555
TIMOB-17628,0.00343
TIMOB-17627,0.002935
TIMOB-17626,0.003945
TIMOB-17625,0.003538
TIMOB-17624,0.00407
TIMOB-17623,0.004682
TIMOB-17621,0.114369
TIMOB-17620,0.00461
TIMOB-17619,0.003538
TIMOB-17617,0.994531
TIMOB-17616,0.002673
TIMOB-17615,0.242923
TIMOB-17614,0.007346
TIMOB-17613,0.00461
TIMOB-17612,0.004682
TIMOB-17610,0.007461
TIMOB-17608,0.002715
TIMOB-17607,0.00483
TIMOB-17606,0.005469
TIMOB-17605,0.00506
TIMOB-17604,0.00522
TIMOB-17603,0.00365
TIMOB-17601,0.004682
TIMOB-17600,0.00934
TIMOB-17599,0.975762
TIMOB-17598,0.986979
TIMOB-17597,0.003594
TIMOB-17596,0.097734
TIMOB-17595,0.004332
TIMOB-17594,0.003884
TIMOB-17593,0.003028
TIMOB-17592,0.011869
TIMOB-17591,0.006388
TIMOB-17590,0.00407
TIMOB-17589,0.003324
TIMOB-17588,0.004905
TIMOB-17587,0.004199
TIMOB-17586,0.003824
TIMOB-17585,0.006098
TIMOB-17584,0.004905
TIMOB-17583,0.004199
TIMOB-17582,0.004007
TIMOB-17581,0.004134
TIMOB-17580,0.004332
TIMOB-17579,0.004265
TIMOB-17578,0.853913
TIMOB-17577,0.00573
TIMOB-17575,0.002591
TIMOB-17573,0.00407
TIMOB-17572,0.003538
TIMOB-17571,0.004399
TIMOB-17568,0.00659
TIMOB-17567,0.003765
TIMOB-17566,0.004199
TIMOB-17565,0.002758
TIMOB-17564,0.658637
TIMOB-17563,0.003707
TIMOB-17562,0.003377
TIMOB-17561,0.013121
TIMOB-17559,0.00483
TIMOB-17558,0.004007
TIMOB-17557,0.00514
TIMOB-17556,0.996777
TIMOB-17555,0.99371
TIMOB-17554,0.94079
TIMOB-17553,0.003222
TIMOB-17552,0.003124
TIMOB-17551,0.002801
TIMOB-17550,0.004199
TIMOB-17548,0.004755
TIMOB-17547,0.004332
TIMOB-17546,0.991938
TIMOB-17545,0.004134
TIMOB-17543,0.956957
TIMOB-17542,0.002397
TIMOB-17541,0.003884
TIMOB-17540,0.00483
TIMOB-17539,0.004007
TIMOB-17537,0.998012
TIMOB-17536,0.005469
TIMOB-17535,0.995866
TIMOB-17534,0.996055
TIMOB-17533,0.043043
TIMOB-17532,0.979354
TIMOB-17531,0.057705
TIMOB-17530,0.038466
TIMOB-17529,0.061876
TIMOB-17528,0.982691
TIMOB-17527,0.035145
TIMOB-17526,0.953622
TIMOB-17525,0.944587
TIMOB-17519,0.00483
TIMOB-17515,0.988492
TIMOB-17514,0.987179
TIMOB-17513,0.988842
TIMOB-17512,0.002981
TIMOB-17511,0.001755
TIMOB-17510,0.761006
TIMOB-17509,0.004265
TIMOB-17506,0.007461
TIMOB-17505,0.002981
TIMOB-17504,0.0538
TIMOB-17502,0.004982
TIMOB-17500,0.003884
TIMOB-17499,0.497315
TIMOB-17497,0.002183
TIMOB-17496,0.002801
TIMOB-17495,0.003324
TIMOB-17493,0.004399
TIMOB-17492,0.004399
TIMOB-17491,0.003222
TIMOB-17490,0.00289
TIMOB-17489,0.028871
TIMOB-17488,0.005302
TIMOB-17487,0.93196
TIMOB-17486,0.316924
TIMOB-17485,0.004982
TIMOB-17484,0.209146
TIMOB-17482,0.003884
TIMOB-17481,0.002673
TIMOB-17480,0.004682
TIMOB-17479,0.004199
TIMOB-17478,0.00365
TIMOB-17477,0.003377
TIMOB-17476,0.002511
TIMOB-17475,0.321673
TIMOB-17474,0.00289
TIMOB-17473,0.007121
TIMOB-17472,0.996876
TIMOB-17470,0.003124
TIMOB-17467,0.64646
TIMOB-17466,0.00289
TIMOB-17465,0.006004
TIMOB-17464,0.068537
TIMOB-17463,0.002183
TIMOB-17462,0.004265
TIMOB-17461,0.003707
TIMOB-17460,0.00514
TIMOB-17459,0.003028
TIMOB-17458,0.003884
TIMOB-17457,0.004134
TIMOB-17456,0.002323
TIMOB-17455,0.003538
TIMOB-17454,0.00522
TIMOB-17453,0.985718
TIMOB-17452,0.003028
TIMOB-17450,0.119203
TIMOB-17449,0.00365
TIMOB-17448,0.006488
TIMOB-17447,0.003483
TIMOB-17446,0.070049
TIMOB-17445,0.00986
TIMOB-17444,0.99014
TIMOB-17443,0.930962
TIMOB-17441,0.003824
TIMOB-17440,0.965381
TIMOB-17439,0.003765
TIMOB-17432,0.002935
TIMOB-17431,0.002935
TIMOB-17430,0.003324
TIMOB-17429,0.002673
TIMOB-17428,0.004905
TIMOB-17427,0.007012
TIMOB-17426,0.00514
TIMOB-17424,0.980129
TIMOB-17423,0.977371
TIMOB-17422,0.002434
TIMOB-17421,0.002473
TIMOB-17420,0.005302
TIMOB-17419,0.987759
TIMOB-17418,0.003173
TIMOB-17417,0.004399
TIMOB-17416,0.002083
TIMOB-17415,0.002116
TIMOB-17414,0.002591
TIMOB-17413,0.001988
TIMOB-17412,0.002591
TIMOB-17411,0.007346
TIMOB-17410,0.002591
TIMOB-17409,0.004265
TIMOB-17408,0.002473
TIMOB-17407,0.003765
TIMOB-17406,0.003324
TIMOB-17405,0.002935
TIMOB-17404,0.003594
TIMOB-17403,0.008779
TIMOB-17402,0.003377
TIMOB-17401,0.00289
TIMOB-17400,0.004538
TIMOB-17399,0.002397
TIMOB-17398,0.003222
TIMOB-17397,0.847463
TIMOB-17396,0.003324
TIMOB-17395,0.002981
TIMOB-17393,0.944995
TIMOB-17392,0.00236
TIMOB-17391,0.979036
TIMOB-17390,0.002673
TIMOB-17389,0.987946
TIMOB-17388,0.002183
TIMOB-17387,0.003377
TIMOB-17386,0.03622
TIMOB-17385,0.003273
TIMOB-17384,0.002287
TIMOB-17383,0.006193
TIMOB-17382,0.00236
TIMOB-17381,0.002323
TIMOB-17380,0.003173
TIMOB-17379,0.002801
TIMOB-17378,0.977543
TIMOB-17377,0.003173
TIMOB-17376,0.002473
TIMOB-17375,0.006488
TIMOB-17374,0.002673
TIMOB-17373,0.002801
TIMOB-17372,0.002434
TIMOB-17371,0.002632
TIMOB-17369,0.003594
TIMOB-17368,0.002551
TIMOB-17367,0.002673
TIMOB-17366,0.003124
TIMOB-17365,0.002434
TIMOB-17364,0.00343
TIMOB-17363,0.971992
TIMOB-17362,0.061876
TIMOB-17361,0.988668
TIMOB-17360,0.99593
TIMOB-17359,0.084191
TIMOB-17358,0.011869
TIMOB-17357,0.931463
TIMOB-17356,0.99418
TIMOB-17355,0.004199
TIMOB-17354,0.00483
TIMOB-17353,0.003222
TIMOB-17351,0.008711
TIMOB-17350,0.003884
TIMOB-17349,0.932453
TIMOB-17348,0.991938
TIMOB-17347,0.003945
TIMOB-17346,0.00483
TIMOB-17344,0.008985
TIMOB-17343,0.002845
TIMOB-17342,0.004332
TIMOB-17341,0.004332
TIMOB-17340,0.022977
TIMOB-17339,0.00506
TIMOB-17337,0.988492
TIMOB-17336,0.439026
TIMOB-17335,0.996827
TIMOB-17334,0.989986
TIMOB-17333,0.993512
TIMOB-17332,0.005302
TIMOB-17331,0.003273
TIMOB-17330,0.188623
TIMOB-17329,0.997566
TIMOB-17328,0.994089
TIMOB-17327,0.006488
TIMOB-17326,0.006098
TIMOB-17325,0.862468
TIMOB-17324,0.107063
TIMOB-17322,0.004332
TIMOB-17321,0.026759
TIMOB-17320,0.028221
TIMOB-17319,0.027169
TIMOB-17318,0.13707
TIMOB-17317,0.605916
TIMOB-17316,0.043691
TIMOB-17315,0.072637
TIMOB-17314,0.033337
TIMOB-17313,0.026964
TIMOB-17311,0.505371
TIMOB-17309,0.037892
TIMOB-17307,0.015906
TIMOB-17306,0.022286
TIMOB-17305,0.116764
TIMOB-17304,0.353875
TIMOB-17303,0.394667
TIMOB-17302,0.024238
TIMOB-17301,0.013742
TIMOB-17300,0.018547
TIMOB-17299,0.102664
TIMOB-17297,0.019719
TIMOB-17296,0.024798
TIMOB-17295,0.011508
TIMOB-17294,0.003945
TIMOB-17293,0.003945
TIMOB-17292,0.008
TIMOB-17290,0.00522
TIMOB-17289,0.004538
TIMOB-17287,0.004134
TIMOB-17285,0.00514
TIMOB-17284,0.00289
TIMOB-17283,0.979977
TIMOB-17282,0.006798
TIMOB-17281,0.005555
TIMOB-17280,0.014392
TIMOB-17279,0.002473
TIMOB-17278,0.003028
TIMOB-17277,0.003538
TIMOB-17276,0.003707
TIMOB-17274,0.003324
TIMOB-17273,0.002287
TIMOB-17272,0.002981
TIMOB-17271,0.006004
TIMOB-17270,0.003945
TIMOB-17268,0.739986
TIMOB-17267,0.00365
TIMOB-17266,0.003707
TIMOB-17265,0.003124
TIMOB-17263,0.003884
TIMOB-17262,0.003884
TIMOB-17261,0.733738
TIMOB-17260,0.00514
TIMOB-17259,0.003945
TIMOB-17258,0.013849
TIMOB-17257,0.003765
TIMOB-17256,0.004134
TIMOB-17255,0.004265
TIMOB-17254,0.00289
TIMOB-17253,0.003594
TIMOB-17251,0.013742
TIMOB-17250,0.00514
TIMOB-17249,0.00461
TIMOB-17248,0.002845
TIMOB-17247,0.019569
TIMOB-17245,0.014729
TIMOB-17244,0.003377
TIMOB-17243,0.977197
TIMOB-17242,0.993996
TIMOB-17241,0.867485
TIMOB-17240,0.020332
TIMOB-17239,0.017577
TIMOB-17238,0.895523
TIMOB-17237,0.006488
TIMOB-17236,0.004682
TIMOB-17235,0.002845
TIMOB-17234,0.541894
TIMOB-17233,0.00407
TIMOB-17232,0.004332
TIMOB-17231,0.004007
TIMOB-17229,0.003273
TIMOB-17228,0.003124
TIMOB-17227,0.002801
TIMOB-17226,0.002397
TIMOB-17224,0.00582
TIMOB-17222,0.07921
TIMOB-17221,0.006004
TIMOB-17220,0.003273
TIMOB-17219,0.003173
TIMOB-17218,0.003765
TIMOB-17217,0.002981
TIMOB-17216,0.002591
TIMOB-17215,0.008711
TIMOB-17213,0.00522
TIMOB-17212,0.743913
TIMOB-17211,0.003483
TIMOB-17210,0.003594
TIMOB-17209,0.00407
TIMOB-17208,0.004538
TIMOB-17207,0.004134
TIMOB-17206,0.004265
TIMOB-17205,0.002323
TIMOB-17204,0.006388
TIMOB-17203,0.023331
TIMOB-17201,0.061876
TIMOB-17200,0.002019
TIMOB-17199,0.002551
TIMOB-17198,0.004199
TIMOB-17197,0.004399
TIMOB-17196,0.004265
TIMOB-17195,0.003273
TIMOB-17193,0.00407
TIMOB-17192,0.286568
TIMOB-17191,0.004199
TIMOB-17190,0.00483
TIMOB-17189,0.003075
TIMOB-17188,0.004982
TIMOB-17187,0.00514
TIMOB-17185,0.003538
TIMOB-17182,0.004468
TIMOB-17181,0.003884
TIMOB-17180,0.002981
TIMOB-17179,0.835215
TIMOB-17177,0.004468
TIMOB-17175,0.941654
TIMOB-17174,0.973645
TIMOB-17172,0.002673
TIMOB-17171,0.585575
TIMOB-17170,0.004332
TIMOB-17169,0.002083
TIMOB-17168,0.00514
TIMOB-17167,0.00407
TIMOB-17166,0.001988
TIMOB-17165,0.003324
TIMOB-17164,0.00343
TIMOB-17163,0.002511
TIMOB-17162,0.005302
TIMOB-17161,0.003765
TIMOB-17160,0.00236
TIMOB-17158,0.020489
TIMOB-17157,0.00289
TIMOB-17156,0.988842
TIMOB-17155,0.00289
TIMOB-17154,0.002473
TIMOB-17152,0.007121
TIMOB-17150,0.012625
TIMOB-17149,0.036769
TIMOB-17148,0.961534
TIMOB-17147,0.003824
TIMOB-17146,0.00483
TIMOB-17145,0.997019
TIMOB-17144,0.004199
TIMOB-17143,0.003222
TIMOB-17142,0.003594
TIMOB-17141,0.003324
TIMOB-17140,0.004199
TIMOB-17139,0.002845
TIMOB-17138,0.00343
TIMOB-17137,0.003594
TIMOB-17136,0.003945
TIMOB-17133,0.003765
TIMOB-17132,0.003884
TIMOB-17131,0.00483
TIMOB-17128,0.007233
TIMOB-17127,0.014957
TIMOB-17124,0.008511
TIMOB-17123,0.026156
TIMOB-17122,0.025179
TIMOB-17121,0.014842
TIMOB-17120,0.019569
TIMOB-17119,0.019271
TIMOB-17115,0.009559
TIMOB-17114,0.012241
TIMOB-17113,0.010987
TIMOB-17112,0.13569
TIMOB-17111,0.00573
TIMOB-17110,0.004755
TIMOB-17109,0.00986
TIMOB-17108,0.68658
TIMOB-17107,0.007756
TIMOB-17104,0.006193
TIMOB-17103,0.008577
TIMOB-17102,0.00986
TIMOB-17099,0.010091
TIMOB-17097,0.002758
TIMOB-17096,0.002673
TIMOB-17095,0.120026
TIMOB-17093,0.008252
TIMOB-17092,0.99371
TIMOB-17091,0.063251
TIMOB-17090,0.002217
TIMOB-17089,0.007877
TIMOB-17088,0.002473
TIMOB-17087,0.003483
TIMOB-17086,0.012821
TIMOB-17085,0.003222
TIMOB-17084,0.002715
TIMOB-17083,0.004265
TIMOB-17082,0.002673
TIMOB-17081,0.004982
TIMOB-17080,0.003483
TIMOB-17078,0.002632
TIMOB-17077,0.003538
TIMOB-17076,0.018978
TIMOB-17074,0.003483
TIMOB-17072,0.923592
TIMOB-17071,0.994089
TIMOB-17070,0.00461
TIMOB-17069,0.007121
TIMOB-17068,0.004399
TIMOB-17067,0.00483
TIMOB-17066,0.002183
TIMOB-17065,0.003594
TIMOB-17063,0.00181
TIMOB-17062,0.004682
TIMOB-17061,0.013742
TIMOB-17060,0.00461
TIMOB-17059,0.004399
TIMOB-17058,0.977714
TIMOB-17057,0.003538
TIMOB-17056,0.116764
TIMOB-17055,0.004265
TIMOB-17054,0.002632
TIMOB-17053,0.002758
TIMOB-17052,0.00343
TIMOB-17050,0.00461
TIMOB-17049,0.005642
TIMOB-17048,0.007233
TIMOB-17047,0.005469
TIMOB-17046,0.004905
TIMOB-17045,0.002935
TIMOB-17044,0.006488
TIMOB-17043,0.99427
TIMOB-17042,0.002591
TIMOB-17041,0.99014
TIMOB-17040,0.002252
TIMOB-17039,0.003173
TIMOB-17037,0.004755
TIMOB-17035,0.003324
TIMOB-17034,0.004007
TIMOB-17031,0.002981
TIMOB-17030,0.005385
TIMOB-17029,0.002935
TIMOB-17028,0.003124
TIMOB-17027,0.003483
TIMOB-17024,0.00573
TIMOB-17022,0.002183
TIMOB-17021,0.004682
TIMOB-17020,0.00407
TIMOB-17019,0.002845
TIMOB-17018,0.745954
TIMOB-17017,0.002511
TIMOB-17016,0.003377
TIMOB-17015,0.996925
TIMOB-17014,0.00365
TIMOB-17013,0.003222
TIMOB-17012,0.00506
TIMOB-17011,0.00522
TIMOB-17010,0.003377
TIMOB-17009,0.959154
TIMOB-17008,0.004399
TIMOB-17007,0.004682
TIMOB-17005,0.004399
TIMOB-17004,0.003538
TIMOB-17003,0.003884
TIMOB-17002,0.964321
TIMOB-17001,0.003483
TIMOB-17000,0.004468
TIMOB-16999,0.994531
TIMOB-16996,0.003483
TIMOB-16995,0.004265
TIMOB-16993,0.003124
TIMOB-16992,0.003594
TIMOB-16991,0.00365
TIMOB-16989,0.003124
TIMOB-16988,0.003075
TIMOB-16987,0.002632
TIMOB-16986,0.00629
TIMOB-16985,0.674305
TIMOB-16984,0.989511
TIMOB-16983,0.002252
TIMOB-16982,0.003324
TIMOB-16981,0.006098
TIMOB-16979,0.004332
TIMOB-16978,0.572962
TIMOB-16977,0.003707
TIMOB-16976,0.003028
TIMOB-16975,0.002591
TIMOB-16974,0.003377
TIMOB-16973,0.002758
TIMOB-16972,0.003124
TIMOB-16971,0.00365
TIMOB-16970,0.004982
TIMOB-16968,0.006693
TIMOB-16965,0.00573
TIMOB-16961,0.003765
TIMOB-16960,0.995462
TIMOB-16958,0.077239
TIMOB-16957,0.002083
TIMOB-16956,0.024238
TIMOB-16955,0.009126
TIMOB-16954,0.003124
TIMOB-16953,0.004468
TIMOB-16952,0.004755
TIMOB-16951,0.00573
TIMOB-16950,0.004468
TIMOB-16948,0.054601
TIMOB-16947,0.004468
TIMOB-16946,0.008711
TIMOB-16945,0.002323
TIMOB-16944,0.003028
TIMOB-16943,0.00181
TIMOB-16942,0.003273
TIMOB-16941,0.004007
TIMOB-16940,0.006798
TIMOB-16939,0.002758
TIMOB-16938,0.00522
TIMOB-16937,0.002801
TIMOB-16936,0.003124
TIMOB-16935,0.007233
TIMOB-16934,0.003173
TIMOB-16933,0.003028
TIMOB-16932,0.002673
TIMOB-16931,0.002935
TIMOB-16928,0.003028
TIMOB-16927,0.003124
TIMOB-16926,0.002591
TIMOB-16925,0.010902
TIMOB-16924,0.004755
TIMOB-16923,0.92523
TIMOB-16922,0.037047
TIMOB-16919,0.003273
TIMOB-16918,0.004682
TIMOB-16917,0.002673
TIMOB-16916,0.986777
TIMOB-16915,0.993203
TIMOB-16914,0.992654
TIMOB-16913,0.99418
TIMOB-16911,0.003324
TIMOB-16910,0.003173
TIMOB-16909,0.003173
TIMOB-16907,0.00343
TIMOB-16906,0.003884
TIMOB-16905,0.003075
TIMOB-16903,0.19163
TIMOB-16902,0.005469
TIMOB-16901,0.008
TIMOB-16900,0.049959
TIMOB-16899,0.854885
TIMOB-16898,0.00365
TIMOB-16897,0.004399
TIMOB-16896,0.003222
TIMOB-16895,0.937669
TIMOB-16894,0.128088
TIMOB-16893,0.002511
TIMOB-16892,0.003324
TIMOB-16889,0.002981
TIMOB-16888,0.267791
TIMOB-16887,0.218169
TIMOB-16886,0.378919
TIMOB-16885,0.005469
TIMOB-16884,0.00236
TIMOB-16883,0.993996
TIMOB-16882,0.003884
TIMOB-16881,0.002287
TIMOB-16880,0.003273
TIMOB-16879,0.462959
TIMOB-16878,0.002149
TIMOB-16877,0.003538
TIMOB-16876,0.240775
TIMOB-16875,0.005385
TIMOB-16874,0.006193
TIMOB-16873,0.004755
TIMOB-16872,0.014172
TIMOB-16871,0.003765
TIMOB-16870,0.825871
TIMOB-16869,0.96862
TIMOB-16868,0.003707
TIMOB-16867,0.007938
TIMOB-16866,0.002591
TIMOB-16865,0.042722
TIMOB-16864,0.972623
TIMOB-16863,0.977197
TIMOB-16862,0.983214
TIMOB-16861,0.974629
TIMOB-16860,0.003124
TIMOB-16859,0.00289
TIMOB-16854,0.002434
TIMOB-16853,0.003124
TIMOB-16852,0.006488
TIMOB-16851,0.004468
TIMOB-16850,0.007346
TIMOB-16849,0.932453
TIMOB-16848,0.056236
TIMOB-16847,0.004265
TIMOB-16846,0.007461
TIMOB-16845,0.058993
TIMOB-16844,0.003483
TIMOB-16843,0.037047
TIMOB-16842,0.012432
TIMOB-16841,0.003483
TIMOB-16840,0.003222
TIMOB-16839,0.003377
TIMOB-16838,0.955319
TIMOB-16837,0.922482
TIMOB-16836,0.002981
TIMOB-16835,0.002287
TIMOB-16834,0.003028
TIMOB-16833,0.002551
TIMOB-16832,0.00343
TIMOB-16831,0.004982
TIMOB-16829,0.00365
TIMOB-16828,0.020332
TIMOB-16827,0.002673
TIMOB-16826,0.003273
TIMOB-16825,0.003124
TIMOB-16824,0.00343
TIMOB-16823,0.002801
TIMOB-16822,0.987759
TIMOB-16821,0.254046
TIMOB-16820,0.002715
TIMOB-16819,0.002323
TIMOB-16818,0.00506
TIMOB-16817,0.003538
TIMOB-16816,0.004265
TIMOB-16815,0.004755
TIMOB-16814,0.004755
TIMOB-16812,0.938576
TIMOB-16809,0.003028
TIMOB-16807,0.002673
TIMOB-16806,0.002715
TIMOB-16805,0.002715
TIMOB-16804,0.002845
TIMOB-16803,0.003824
TIMOB-16802,0.003765
TIMOB-16800,0.002715
TIMOB-16798,0.002845
TIMOB-16797,0.00506
TIMOB-16796,0.003377
TIMOB-16795,0.007346
TIMOB-16793,0.002715
TIMOB-16792,0.003594
TIMOB-16791,0.994445
TIMOB-16789,0.909586
TIMOB-16788,0.003324
TIMOB-16787,0.002434
TIMOB-16786,0.003222
TIMOB-16785,0.003594
TIMOB-16784,0.003884
TIMOB-16783,0.002935
TIMOB-16782,0.003538
TIMOB-16781,0.002632
TIMOB-16780,0.002758
TIMOB-16779,0.002051
TIMOB-16778,0.00236
TIMOB-16777,0.002183
TIMOB-16776,0.00506
TIMOB-16775,0.005385
TIMOB-16774,0.004982
TIMOB-16773,0.00365
TIMOB-16772,0.003222
TIMOB-16771,0.003538
TIMOB-16770,0.003124
TIMOB-16769,0.002511
TIMOB-16768,0.003075
TIMOB-16767,0.003324
TIMOB-16766,0.003945
TIMOB-16765,0.003075
TIMOB-16764,0.003377
TIMOB-16763,0.00289
TIMOB-16762,0.002845
TIMOB-16761,0.003124
TIMOB-16760,0.003173
TIMOB-16759,0.003765
TIMOB-16758,0.003377
TIMOB-16757,0.002673
TIMOB-16756,0.003483
TIMOB-16755,0.002591
TIMOB-16754,0.002801
TIMOB-16753,0.002935
TIMOB-16752,0.002715
TIMOB-16751,0.002981
TIMOB-16750,0.002323
TIMOB-16748,0.31342
TIMOB-16747,0.003028
TIMOB-16745,0.002935
TIMOB-16744,0.003884
TIMOB-16743,0.001674
TIMOB-16742,0.003594
TIMOB-16741,0.00461
TIMOB-16740,0.003538
TIMOB-16739,0.028436
TIMOB-16738,0.028008
TIMOB-16737,0.011245
TIMOB-16736,0.019569
TIMOB-16735,0.010902
TIMOB-16734,0.021125
TIMOB-16733,0.015425
TIMOB-16732,0.015664
TIMOB-16731,0.033844
TIMOB-16730,0.011508
TIMOB-16729,0.016657
TIMOB-16728,0.018689
TIMOB-16727,0.020646
TIMOB-16726,0.294824
TIMOB-16725,0.013325
TIMOB-16724,0.015425
TIMOB-16723,0.021125
TIMOB-16722,0.138928
TIMOB-16721,0.060087
TIMOB-16720,0.011961
TIMOB-16719,0.013325
TIMOB-16718,0.016657
TIMOB-16717,0.028008
TIMOB-16716,0.020646
TIMOB-16715,0.012336
TIMOB-16714,0.024798
TIMOB-16713,0.959762
TIMOB-16712,0.003945
TIMOB-16710,0.007577
TIMOB-16709,0.016657
TIMOB-16707,0.002758
TIMOB-16706,0.002758
TIMOB-16705,0.003124
TIMOB-16704,0.003707
TIMOB-16703,0.00522
TIMOB-16702,0.515376
TIMOB-16701,0.004682
TIMOB-16699,0.015073
TIMOB-16698,0.00582
TIMOB-16697,0.294418
TIMOB-16696,0.00461
TIMOB-16695,0.002511
TIMOB-16694,0.002981
TIMOB-16693,0.003483
TIMOB-16692,0.005385
TIMOB-16691,0.004538
TIMOB-16690,0.989672
TIMOB-16689,0.003884
TIMOB-16688,0.007461
TIMOB-16686,0.00407
TIMOB-16685,0.007121
TIMOB-16684,0.010735
TIMOB-16683,0.003824
TIMOB-16682,0.004755
TIMOB-16681,0.00289
TIMOB-16680,0.00289
TIMOB-16679,0.002935
TIMOB-16678,0.004755
TIMOB-16677,0.006098
TIMOB-16676,0.003075
TIMOB-16675,0.004265
TIMOB-16674,0.003824
TIMOB-16673,0.002715
TIMOB-16672,0.00514
TIMOB-16671,0.101233
TIMOB-16670,0.002981
TIMOB-16669,0.003483
TIMOB-16659,0.020023
TIMOB-16658,0.996876
TIMOB-16657,0.178097
TIMOB-16656,0.002981
TIMOB-16655,0.011869
TIMOB-16652,0.007121
TIMOB-16650,0.003273
TIMOB-16648,0.004332
TIMOB-16647,0.003765
TIMOB-16646,0.00343
TIMOB-16645,0.00506
TIMOB-16644,0.945801
TIMOB-16643,0.002632
TIMOB-16642,0.003173
TIMOB-16641,0.003124
TIMOB-16640,0.00986
TIMOB-16639,0.006904
TIMOB-16638,0.004682
TIMOB-16635,0.019271
TIMOB-16633,0.983214
TIMOB-16632,0.958538
TIMOB-16631,0.331877
TIMOB-16630,0.015785
TIMOB-16629,0.001897
TIMOB-16628,0.002287
TIMOB-16627,0.004134
TIMOB-16626,0.003884
TIMOB-16624,0.994615
TIMOB-16623,0.003707
TIMOB-16622,0.003222
TIMOB-16621,0.003884
TIMOB-16620,0.996406
TIMOB-16619,0.004134
TIMOB-16618,0.005302
TIMOB-16616,0.05921
TIMOB-16613,0.00522
TIMOB-16612,0.977543
TIMOB-16611,0.013121
TIMOB-16610,0.604632
TIMOB-16607,0.004134
TIMOB-16606,0.004468
TIMOB-16605,0.001988
TIMOB-16604,0.003594
TIMOB-16603,0.004905
TIMOB-16601,0.00289
TIMOB-16600,0.008577
TIMOB-16599,0.002935
TIMOB-16598,0.00582
TIMOB-16597,0.002116
TIMOB-16596,0.003324
TIMOB-16594,0.003538
TIMOB-16593,0.002019
TIMOB-16592,0.024238
TIMOB-16591,0.022629
TIMOB-16590,0.02976
TIMOB-16589,0.011158
TIMOB-16588,0.017986
TIMOB-16587,0.011158
TIMOB-16586,0.016785
TIMOB-16585,0.017045
TIMOB-16584,0.016153
TIMOB-16583,0.034619
TIMOB-16582,0.011508
TIMOB-16581,0.014616
TIMOB-16580,0.018833
TIMOB-16579,0.020804
TIMOB-16578,0.330255
TIMOB-16577,0.013223
TIMOB-16576,0.015306
TIMOB-16575,0.026156
TIMOB-16574,0.140336
TIMOB-16573,0.075858
TIMOB-16572,0.011508
TIMOB-16571,0.013742
TIMOB-16570,0.017712
TIMOB-16569,0.020964
TIMOB-16568,0.020489
TIMOB-16567,0.011158
TIMOB-16566,0.024054
TIMOB-16565,0.002632
TIMOB-16564,0.003324
TIMOB-16562,0.00659
TIMOB-16561,0.003028
TIMOB-16560,0.00343
TIMOB-16558,0.985718
TIMOB-16557,0.003377
TIMOB-16556,0.002511
TIMOB-16555,0.004468
TIMOB-16554,0.006004
TIMOB-16553,0.003707
TIMOB-16552,0.003124
TIMOB-16551,0.007121
TIMOB-16550,0.002981
TIMOB-16549,0.003075
TIMOB-16548,0.004682
TIMOB-16547,0.298185
TIMOB-16546,0.003028
TIMOB-16545,0.030909
TIMOB-16544,0.027585
TIMOB-16541,0.003824
TIMOB-16540,0.002591
TIMOB-16538,0.009055
TIMOB-16537,0.00934
TIMOB-16536,0.002217
TIMOB-16535,0.002845
TIMOB-16534,0.004007
TIMOB-16533,0.002591
TIMOB-16532,0.997449
TIMOB-16531,0.005911
TIMOB-16530,0.003273
TIMOB-16529,0.007816
TIMOB-16524,0.002758
TIMOB-16522,0.002591
TIMOB-16521,0.002473
TIMOB-16520,0.003594
TIMOB-16519,0.004199
TIMOB-16518,0.002935
TIMOB-16517,0.002287
TIMOB-16516,0.00289
TIMOB-16515,0.01653
TIMOB-16514,0.003707
TIMOB-16513,0.00407
TIMOB-16512,0.039639
TIMOB-16511,0.002551
TIMOB-16510,0.00522
TIMOB-16508,0.002591
TIMOB-16507,0.977371
TIMOB-16505,0.939471
TIMOB-16504,0.003222
TIMOB-16503,0.983343
TIMOB-16502,0.002551
TIMOB-16500,0.002758
TIMOB-16499,0.004982
TIMOB-16498,0.003028
TIMOB-16496,0.003075
TIMOB-16495,0.033844
TIMOB-16494,0.99341
TIMOB-16493,0.048496
TIMOB-16492,0.005385
TIMOB-16491,0.002935
TIMOB-16490,0.003945
TIMOB-16489,0.002591
TIMOB-16488,0.023331
TIMOB-16487,0.913677
TIMOB-16486,0.001957
TIMOB-16485,0.002591
TIMOB-16484,0.002019
TIMOB-16483,0.001868
TIMOB-16482,0.002252
TIMOB-16481,0.004199
TIMOB-16479,0.003765
TIMOB-16478,0.064418
TIMOB-16477,0.002758
TIMOB-16476,0.002801
TIMOB-16475,0.004332
TIMOB-16474,0.013428
TIMOB-16472,0.002715
TIMOB-16471,0.00483
TIMOB-16469,0.023689
TIMOB-16468,0.007577
TIMOB-16467,0.00407
TIMOB-16466,0.002083
TIMOB-16465,0.015189
TIMOB-16464,0.002673
TIMOB-16463,0.00289
TIMOB-16462,0.004468
TIMOB-16461,0.004399
TIMOB-16460,0.00629
TIMOB-16459,0.803174
TIMOB-16458,0.004755
TIMOB-16457,0.00236
TIMOB-16456,0.002715
TIMOB-16455,0.00343
TIMOB-16454,0.795022
TIMOB-16453,0.003124
TIMOB-16452,0.004982
TIMOB-16450,0.00483
TIMOB-16449,0.004134
TIMOB-16448,0.006388
TIMOB-16446,0.019419
TIMOB-16445,0.003945
TIMOB-16443,0.003377
TIMOB-16440,0.00407
TIMOB-16439,0.99478
TIMOB-16436,0.968856
TIMOB-16434,0.00506
TIMOB-16433,0.007461
TIMOB-16432,0.002511
TIMOB-16431,0.002323
TIMOB-16430,0.944587
TIMOB-16429,0.894052
TIMOB-16428,0.00483
TIMOB-16427,0.00934
TIMOB-16426,0.004332
TIMOB-16425,0.00343
TIMOB-16423,0.002591
TIMOB-16422,0.006388
TIMOB-16420,0.006693
TIMOB-16419,0.00343
TIMOB-16418,0.019871
TIMOB-16417,0.011869
TIMOB-16416,0.007121
TIMOB-16415,0.008916
TIMOB-16414,0.003028
TIMOB-16413,0.024798
TIMOB-16412,0.044019
TIMOB-16411,0.011687
TIMOB-16410,0.019719
TIMOB-16409,0.011508
TIMOB-16408,0.017045
TIMOB-16407,0.017712
TIMOB-16406,0.016277
TIMOB-16405,0.032837
TIMOB-16404,0.011158
TIMOB-16403,0.015189
TIMOB-16402,0.021287
TIMOB-16401,0.021287
TIMOB-16400,0.516839
TIMOB-16399,0.013637
TIMOB-16398,0.015664
TIMOB-16397,0.031144
TIMOB-16396,0.120439
TIMOB-16395,0.090414
TIMOB-16394,0.01142
TIMOB-16393,0.013637
TIMOB-16392,0.021125
TIMOB-16391,0.022457
TIMOB-16390,0.020332
TIMOB-16389,0.011508
TIMOB-16388,0.025179
TIMOB-16387,0.003377
TIMOB-16385,0.009413
TIMOB-16384,0.004982
TIMOB-16383,0.003075
TIMOB-16382,0.00289
TIMOB-16381,0.002801
TIMOB-16380,0.003324
TIMOB-16379,0.004982
TIMOB-16378,0.930458
TIMOB-16377,0.011332
TIMOB-16376,0.988492
TIMOB-16374,0.003377
TIMOB-16373,0.027796
TIMOB-16372,0.003884
TIMOB-16371,0.007577
TIMOB-16370,0.003222
TIMOB-16369,0.582254
TIMOB-16368,0.00483
TIMOB-16367,0.002981
TIMOB-16366,0.122523
TIMOB-16365,0.005385
TIMOB-16363,0.003594
TIMOB-16362,0.00343
TIMOB-16361,0.713032
TIMOB-16360,0.002935
TIMOB-16359,0.002673
TIMOB-16358,0.003222
TIMOB-16357,0.003124
TIMOB-16355,0.00461
TIMOB-16354,0.004134
TIMOB-16353,0.003324
TIMOB-16352,0.002801
TIMOB-16351,0.004199
TIMOB-16350,0.185947
TIMOB-16349,0.395835
TIMOB-16348,0.003707
TIMOB-16347,0.003028
TIMOB-16346,0.002397
TIMOB-16345,0.003765
TIMOB-16344,0.00514
TIMOB-16343,0.210929
TIMOB-16342,0.00407
TIMOB-16341,0.993307
TIMOB-16340,0.577495
TIMOB-16338,0.002981
TIMOB-16337,0.003273
TIMOB-16335,0.003538
TIMOB-16332,0.002673
TIMOB-16331,0.00289
TIMOB-16330,0.003884
TIMOB-16329,0.002252
TIMOB-16328,0.002473
TIMOB-16326,0.003884
TIMOB-16325,0.004332
TIMOB-16324,0.180974
TIMOB-16322,0.00461
TIMOB-16321,0.989986
TIMOB-16320,0.992654
TIMOB-16319,0.005385
TIMOB-16318,0.003377
TIMOB-16317,0.002217
TIMOB-16315,0.002935
TIMOB-16313,0.002801
TIMOB-16312,0.002591
TIMOB-16311,0.003884
TIMOB-16310,0.003765
TIMOB-16309,0.840783
TIMOB-16306,0.004007
TIMOB-16305,0.004755
TIMOB-16303,0.00582
TIMOB-16302,0.00461
TIMOB-16301,0.004682
TIMOB-16299,0.995532
TIMOB-16298,0.00506
TIMOB-16297,0.006388
TIMOB-16296,0.004199
TIMOB-16295,0.00343
TIMOB-16294,0.002473
TIMOB-16293,0.060529
TIMOB-16292,0.008779
TIMOB-16291,0.002715
TIMOB-16288,0.840259
TIMOB-16287,0.002632
TIMOB-16283,0.006193
TIMOB-16282,0.849971
TIMOB-16279,0.019719
TIMOB-16278,0.001957
TIMOB-16277,0.986363
TIMOB-16276,0.039343
TIMOB-16275,0.042722
TIMOB-16274,0.838151
TIMOB-16273,0.018689
TIMOB-16272,0.157914
TIMOB-16271,0.031619
TIMOB-16270,0.996116
TIMOB-16267,0.72487
TIMOB-16266,0.002845
TIMOB-16265,0.006488
TIMOB-16264,0.003884
TIMOB-16263,0.002397
TIMOB-16262,0.003594
TIMOB-16261,0.005469
TIMOB-16260,0.004468
TIMOB-16259,0.00573
TIMOB-16258,0.003594
TIMOB-16257,0.003324
TIMOB-16256,0.035948
TIMOB-16255,0.015544
TIMOB-16254,0.004332
TIMOB-16252,0.008062
TIMOB-16251,0.012723
TIMOB-16250,0.00343
TIMOB-16249,0.005385
TIMOB-16248,0.003075
TIMOB-16247,0.004468
TIMOB-16246,0.007816
TIMOB-16245,0.003075
TIMOB-16244,0.951504
TIMOB-16243,0.003324
TIMOB-16242,0.003273
TIMOB-16241,0.003273
TIMOB-16240,0.00289
TIMOB-16233,0.004399
TIMOB-16232,0.004682
TIMOB-16231,0.012723
TIMOB-16229,0.780662
TIMOB-16228,0.003124
TIMOB-16227,0.00289
TIMOB-16226,0.00582
TIMOB-16225,0.673836
TIMOB-16224,0.002083
TIMOB-16223,0.112795
TIMOB-16222,0.00289
TIMOB-16221,0.003124
TIMOB-16220,0.003765
TIMOB-16219,0.002019
TIMOB-16218,0.002473
TIMOB-16217,0.002511
TIMOB-16216,0.012625
TIMOB-16215,0.005555
TIMOB-16214,0.008
TIMOB-16213,0.018125
TIMOB-16212,0.29209
TIMOB-16209,0.002673
TIMOB-16208,0.003707
TIMOB-16207,0.00407
TIMOB-16206,0.002758
TIMOB-16205,0.002758
TIMOB-16204,0.002511
TIMOB-16203,0.003222
TIMOB-16202,0.006488
TIMOB-16201,0.007877
TIMOB-16200,0.004199
TIMOB-16199,0.002981
TIMOB-16198,0.003377
TIMOB-16195,0.002981
TIMOB-16194,0.004682
TIMOB-16193,0.003884
TIMOB-16191,0.764188
TIMOB-16190,0.00629
TIMOB-16189,0.00483
TIMOB-16188,0.005642
TIMOB-16187,0.002252
TIMOB-16186,0.003377
TIMOB-16185,0.002758
TIMOB-16184,0.003222
TIMOB-16182,0.002083
TIMOB-16181,0.003945
TIMOB-16180,0.829768
TIMOB-16178,0.003483
TIMOB-16177,0.002673
TIMOB-16176,0.003824
TIMOB-16175,0.002183
TIMOB-16174,0.032837
TIMOB-16173,0.00236
TIMOB-16172,0.00582
TIMOB-16171,0.009936
TIMOB-16170,0.002434
TIMOB-16169,0.00659
TIMOB-16168,0.004755
TIMOB-16167,0.002397
TIMOB-16166,0.003173
TIMOB-16165,0.006904
TIMOB-16162,0.990732
TIMOB-16161,0.00483
TIMOB-16160,0.002981
TIMOB-16159,0.002083
TIMOB-16158,0.004468
TIMOB-16157,0.006693
TIMOB-16156,0.003594
TIMOB-16154,0.003222
TIMOB-16153,0.015664
TIMOB-16151,0.005302
TIMOB-16150,0.004265
TIMOB-16149,0.002632
TIMOB-16148,0.004134
TIMOB-16147,0.990732
TIMOB-16146,0.003884
TIMOB-16145,0.003028
TIMOB-16144,0.017442
TIMOB-16143,0.003377
TIMOB-16141,0.004982
TIMOB-16140,0.003324
TIMOB-16139,0.00365
TIMOB-16138,0.007877
TIMOB-16137,0.003075
TIMOB-16136,0.002252
TIMOB-16135,0.003884
TIMOB-16134,0.003028
TIMOB-16132,0.987375
TIMOB-16131,0.004265
TIMOB-16130,0.004468
TIMOB-16129,0.003377
TIMOB-16128,0.002632
TIMOB-16126,0.002981
TIMOB-16125,0.004399
TIMOB-16124,0.004982
TIMOB-16123,0.002715
TIMOB-16122,0.002149
TIMOB-16121,0.060087
TIMOB-16120,0.002511
TIMOB-16119,0.00573
TIMOB-16118,0.003324
TIMOB-16117,0.003377
TIMOB-16116,0.005385
TIMOB-16115,0.00343
TIMOB-16114,0.003824
TIMOB-16112,0.006193
TIMOB-16111,0.003124
TIMOB-16110,0.00506
TIMOB-16109,0.924142
TIMOB-16108,0.996176
TIMOB-16107,0.784649
TIMOB-16106,0.980281
TIMOB-16105,0.004134
TIMOB-16104,0.003483
TIMOB-16102,0.002397
TIMOB-16101,0.002801
TIMOB-16100,0.00236
TIMOB-16098,0.002591
TIMOB-16097,0.021451
TIMOB-16096,0.990441
TIMOB-16095,0.004007
TIMOB-16094,0.978875
TIMOB-16093,0.003945
TIMOB-16092,0.004265
TIMOB-16090,0.006488
TIMOB-16088,0.005555
TIMOB-16087,0.00522
TIMOB-16086,0.00461
TIMOB-16085,0.006904
TIMOB-16084,0.003824
TIMOB-16083,0.046725
TIMOB-16082,0.004538
TIMOB-16081,0.003377
TIMOB-16080,0.019124
TIMOB-16079,0.00289
TIMOB-16078,0.99711
TIMOB-16077,0.004755
TIMOB-16075,0.00461
TIMOB-16074,0.006904
TIMOB-16073,0.004538
TIMOB-16072,0.003765
TIMOB-16071,0.046725
TIMOB-16070,0.003324
TIMOB-16069,0.001988
TIMOB-16068,0.002935
TIMOB-16067,0.004399
TIMOB-16066,0.99593
TIMOB-16065,0.006693
TIMOB-16064,0.008847
TIMOB-16063,0.00522
TIMOB-16062,0.00289
TIMOB-16060,0.007816
TIMOB-16059,0.004538
TIMOB-16058,0.009559
TIMOB-16057,0.003483
TIMOB-16056,0.009936
TIMOB-16055,0.007012
TIMOB-16054,0.002591
TIMOB-16053,0.005555
TIMOB-16052,0.00582
TIMOB-16051,0.033086
TIMOB-16050,0.003124
TIMOB-16049,0.01057
TIMOB-16048,0.002511
TIMOB-16047,0.002473
TIMOB-16046,0.002473
TIMOB-16045,0.006904
TIMOB-16044,0.007012
TIMOB-16043,0.00365
TIMOB-16042,0.029535
TIMOB-16041,0.055413
TIMOB-16039,0.013121
TIMOB-16038,0.040238
TIMOB-16037,0.013849
TIMOB-16036,0.020177
TIMOB-16035,0.018833
TIMOB-16034,0.017309
TIMOB-16033,0.037047
TIMOB-16032,0.011597
TIMOB-16031,0.015189
TIMOB-16030,0.042404
TIMOB-16029,0.027376
TIMOB-16028,0.73412
TIMOB-16027,0.015664
TIMOB-16026,0.017309
TIMOB-16025,0.037609
TIMOB-16024,0.135232
TIMOB-16023,0.312055
TIMOB-16022,0.014064
TIMOB-16021,0.014616
TIMOB-16020,0.026355
TIMOB-16019,0.033086
TIMOB-16018,0.021948
TIMOB-16017,0.012723
TIMOB-16016,0.030676
TIMOB-16015,0.00461
TIMOB-16013,0.00573
TIMOB-16012,0.00365
TIMOB-16009,0.995095
TIMOB-16008,0.993807
TIMOB-16006,0.003324
TIMOB-16005,0.007577
TIMOB-16004,0.037047
TIMOB-16003,0.003324
TIMOB-15999,0.311951
TIMOB-15998,0.928409
TIMOB-15997,0.004468
TIMOB-15996,0.005911
TIMOB-15995,0.807764
TIMOB-15994,0.002473
TIMOB-15993,0.986151
TIMOB-15991,0.002715
TIMOB-15990,0.002397
TIMOB-15989,0.004755
TIMOB-15988,0.004399
TIMOB-15986,0.018264
TIMOB-15985,0.003594
TIMOB-15984,0.608594
TIMOB-15983,0.99635
TIMOB-15982,0.99014
TIMOB-15981,0.006193
TIMOB-15980,0.988842
TIMOB-15979,0.00365
TIMOB-15978,0.573678
TIMOB-15977,0.004538
TIMOB-15976,0.002715
TIMOB-15975,0.422624
TIMOB-15974,0.494629
TIMOB-15973,0.00582
TIMOB-15972,0.003377
TIMOB-15971,0.00514
TIMOB-15970,0.004265
TIMOB-15969,0.003707
TIMOB-15967,0.003483
TIMOB-15966,0.008062
TIMOB-15965,0.002935
TIMOB-15964,0.006193
TIMOB-15963,0.007346
TIMOB-15962,0.002434
TIMOB-15961,0.009126
TIMOB-15960,0.003028
TIMOB-15959,0.003028
TIMOB-15958,0.00582
TIMOB-15957,0.003538
TIMOB-15956,0.003028
TIMOB-15955,0.002981
TIMOB-15954,0.00522
TIMOB-15953,0.00407
TIMOB-15952,0.003765
TIMOB-15951,0.003273
TIMOB-15950,0.004538
TIMOB-15949,0.597725
TIMOB-15948,0.693097
TIMOB-15946,0.00659
TIMOB-15944,0.008062
TIMOB-15943,0.003324
TIMOB-15942,0.003538
TIMOB-15940,0.002981
TIMOB-15939,0.002323
TIMOB-15938,0.002673
TIMOB-15937,0.006098
TIMOB-15936,0.00461
TIMOB-15935,0.003765
TIMOB-15934,0.003173
TIMOB-15933,0.00573
TIMOB-15932,0.003028
TIMOB-15931,0.001868
TIMOB-15930,0.006693
TIMOB-15929,0.010249
TIMOB-15928,0.00343
TIMOB-15926,0.002116
TIMOB-15925,0.002434
TIMOB-15924,0.003028
TIMOB-15923,0.060975
TIMOB-15922,0.003324
TIMOB-15921,0.003824
TIMOB-15919,0.00365
TIMOB-15918,0.001674
TIMOB-15917,0.001897
TIMOB-15916,0.004265
TIMOB-15915,0.006798
TIMOB-15914,0.00483
TIMOB-15913,0.003273
TIMOB-15912,0.003824
TIMOB-15910,0.99635
TIMOB-15908,0.002935
TIMOB-15907,0.004332
TIMOB-15906,0.003707
TIMOB-15905,0.003707
TIMOB-15904,0.004399
TIMOB-15903,0.00522
TIMOB-15902,0.003538
TIMOB-15901,0.00289
TIMOB-15900,0.003028
TIMOB-15899,0.004982
TIMOB-15898,0.002673
TIMOB-15897,0.002935
TIMOB-15896,0.01057
TIMOB-15895,0.057071
TIMOB-15894,0.949669
TIMOB-15893,0.004468
TIMOB-15892,0.714827
TIMOB-15891,0.002323
TIMOB-15890,0.003945
TIMOB-15889,0.00514
TIMOB-15888,0.003222
TIMOB-15887,0.00506
TIMOB-15886,0.002551
TIMOB-15885,0.004468
TIMOB-15884,0.003594
TIMOB-15883,0.002715
TIMOB-15882,0.003483
TIMOB-15880,0.00236
TIMOB-15879,0.003075
TIMOB-15878,0.004468
TIMOB-15877,0.003173
TIMOB-15875,0.989986
TIMOB-15874,0.002935
TIMOB-15873,0.001897
TIMOB-15872,0.025565
TIMOB-15871,0.007696
TIMOB-15870,0.00365
TIMOB-15868,0.003884
TIMOB-15867,0.005469
TIMOB-15866,0.003824
TIMOB-15865,0.995801
TIMOB-15864,0.020964
TIMOB-15863,0.002758
TIMOB-15862,0.00522
TIMOB-15860,0.002551
TIMOB-15859,0.00343
TIMOB-15858,0.00582
TIMOB-15857,0.005385
TIMOB-15856,0.002981
TIMOB-15855,0.002511
TIMOB-15854,0.002758
TIMOB-15853,0.003273
TIMOB-15852,0.004682
TIMOB-15851,0.002935
TIMOB-15850,0.003707
TIMOB-15849,0.00343
TIMOB-15848,0.003377
TIMOB-15847,0.002591
TIMOB-15846,0.002845
TIMOB-15845,0.002981
TIMOB-15844,0.003273
TIMOB-15843,0.002673
TIMOB-15842,0.007233
TIMOB-15841,0.007461
TIMOB-15840,0.005302
TIMOB-15839,0.006004
TIMOB-15838,0.009936
TIMOB-15837,0.005469
TIMOB-15836,0.00289
TIMOB-15835,0.004134
TIMOB-15834,0.00407
TIMOB-15833,0.014282
TIMOB-15832,0.003483
TIMOB-15831,0.003377
TIMOB-15830,0.003377
TIMOB-15829,0.004538
TIMOB-15828,0.002397
TIMOB-15827,0.005385
TIMOB-15826,0.003173
TIMOB-15825,0.002758
TIMOB-15824,0.003824
TIMOB-15823,0.003222
TIMOB-15822,0.003028
TIMOB-15821,0.003538
TIMOB-15820,0.004538
TIMOB-15819,0.002632
TIMOB-15818,0.006098
TIMOB-15817,0.00629
TIMOB-15816,0.002217
TIMOB-15815,0.003594
TIMOB-15814,0.003124
TIMOB-15813,0.00582
TIMOB-15812,0.002673
TIMOB-15811,0.003124
TIMOB-15810,0.002632
TIMOB-15809,0.003273
TIMOB-15808,0.002217
TIMOB-15807,0.002551
TIMOB-15806,0.007121
TIMOB-15805,0.00483
TIMOB-15804,0.007012
TIMOB-15803,0.99478
TIMOB-15801,0.002511
TIMOB-15800,0.004755
TIMOB-15799,0.002149
TIMOB-15798,0.003884
TIMOB-15797,0.003173
TIMOB-15796,0.004007
TIMOB-15795,0.003124
TIMOB-15794,0.003377
TIMOB-15793,0.003538
TIMOB-15792,0.003124
TIMOB-15791,0.00289
TIMOB-15790,0.003594
TIMOB-15789,0.003594
TIMOB-15787,0.993512
TIMOB-15786,0.995993
TIMOB-15785,0.004265
TIMOB-15784,0.002051
TIMOB-15783,0.995532
TIMOB-15782,0.00573
TIMOB-15781,0.00573
TIMOB-15780,0.003377
TIMOB-15779,0.003124
TIMOB-15778,0.002591
TIMOB-15777,0.003075
TIMOB-15776,0.00343
TIMOB-15775,0.003075
TIMOB-15774,0.002673
TIMOB-15773,0.003324
TIMOB-15772,0.004265
TIMOB-15771,0.001988
TIMOB-15770,0.00407
TIMOB-15769,0.928409
TIMOB-15768,0.003483
TIMOB-15767,0.003222
TIMOB-15766,0.005302
TIMOB-15765,0.006004
TIMOB-15764,0.003538
TIMOB-15763,0.003124
TIMOB-15762,0.00289
TIMOB-15761,0.005302
TIMOB-15760,0.002935
TIMOB-15759,0.007121
TIMOB-15757,0.002434
TIMOB-15756,0.062789
TIMOB-15755,0.003124
TIMOB-15754,0.00407
TIMOB-15752,0.003884
TIMOB-15751,0.002981
TIMOB-15750,0.672332
TIMOB-15749,0.003707
TIMOB-15748,0.008316
TIMOB-15747,0.003538
TIMOB-15746,0.003483
TIMOB-15745,0.967656
TIMOB-15743,0.996406
TIMOB-15741,0.005555
TIMOB-15740,0.003707
TIMOB-15739,0.212722
TIMOB-15735,0.990441
TIMOB-15734,0.004468
TIMOB-15732,0.004755
TIMOB-15731,0.005642
TIMOB-15730,0.005911
TIMOB-15729,0.00365
TIMOB-15728,0.997285
TIMOB-15727,0.003273
TIMOB-15726,0.203075
TIMOB-15725,0.004332
TIMOB-15724,0.004399
TIMOB-15723,0.112795
TIMOB-15722,0.009197
TIMOB-15721,0.004332
TIMOB-15719,0.004199
TIMOB-15718,0.005555
TIMOB-15717,0.00573
TIMOB-15716,0.002845
TIMOB-15715,0.003028
TIMOB-15714,0.007121
TIMOB-15713,0.006098
TIMOB-15711,0.005642
TIMOB-15710,0.004682
TIMOB-15709,0.010408
TIMOB-15708,0.017442
TIMOB-15707,0.002287
TIMOB-15706,0.00522
TIMOB-15705,0.005555
TIMOB-15703,0.004199
TIMOB-15702,0.002051
TIMOB-15701,0.002323
TIMOB-15700,0.002632
TIMOB-15698,0.00629
TIMOB-15695,0.00365
TIMOB-15694,0.008188
TIMOB-15693,0.970909
TIMOB-15692,0.958226
TIMOB-15691,0.002673
TIMOB-15690,0.940353
TIMOB-15689,0.085709
TIMOB-15688,0.005555
TIMOB-15687,0.004399
TIMOB-15686,0.001868
TIMOB-15685,0.003594
TIMOB-15684,0.002083
TIMOB-15682,0.003222
TIMOB-15681,0.020332
TIMOB-15680,0.003377
TIMOB-15679,0.006904
TIMOB-15678,0.014064
TIMOB-15677,0.005555
TIMOB-15675,0.023509
TIMOB-15674,0.087876
TIMOB-15673,0.758868
TIMOB-15672,0.003075
TIMOB-15671,0.004682
TIMOB-15670,0.00582
TIMOB-15668,0.010735
TIMOB-15667,0.002434
TIMOB-15666,0.004332
TIMOB-15665,0.833866
TIMOB-15664,0.003594
TIMOB-15663,0.009268
TIMOB-15662,0.007577
TIMOB-15661,0.003707
TIMOB-15660,0.007233
TIMOB-15659,0.002632
TIMOB-15658,0.978549
TIMOB-15655,0.42179
TIMOB-15654,0.006098
TIMOB-15653,0.004905
TIMOB-15652,0.003173
TIMOB-15651,0.00343
TIMOB-15650,0.00343
TIMOB-15649,0.003594
TIMOB-15647,0.006004
TIMOB-15646,0.003222
TIMOB-15645,0.008711
TIMOB-15644,0.00343
TIMOB-15643,0.00289
TIMOB-15642,0.002551
TIMOB-15641,0.003273
TIMOB-15640,0.005642
TIMOB-15639,0.030215
TIMOB-15638,0.00343
TIMOB-15637,0.030215
TIMOB-15636,0.002149
TIMOB-15635,0.002801
TIMOB-15634,0.00289
TIMOB-15633,0.002715
TIMOB-15632,0.003594
TIMOB-15629,0.003483
TIMOB-15628,0.003483
TIMOB-15627,0.003028
TIMOB-15626,0.003884
TIMOB-15624,0.002473
TIMOB-15622,0.004682
TIMOB-15621,0.003765
TIMOB-15619,0.001782
TIMOB-15618,0.002981
TIMOB-15617,0.672762
TIMOB-15616,0.003594
TIMOB-15615,0.006193
TIMOB-15614,0.00365
TIMOB-15613,0.003377
TIMOB-15612,0.00365
TIMOB-15611,0.00522
TIMOB-15610,0.024238
TIMOB-15608,0.004538
TIMOB-15605,0.006004
TIMOB-15604,0.004468
TIMOB-15603,0.004468
TIMOB-15602,0.00483
TIMOB-15601,0.00289
TIMOB-15599,0.003028
TIMOB-15598,0.008711
TIMOB-15596,0.82559
TIMOB-15594,0.004007
TIMOB-15593,0.002845
TIMOB-15591,0.341363
TIMOB-15590,0.003707
TIMOB-15589,0.00289
TIMOB-15588,0.024988
TIMOB-15586,0.003538
TIMOB-15585,0.005385
TIMOB-15584,0.003324
TIMOB-15583,0.005911
TIMOB-15582,0.004199
TIMOB-15581,0.002715
TIMOB-15580,0.016785
TIMOB-15579,0.005302
TIMOB-15578,0.003765
TIMOB-15577,0.214691
TIMOB-15576,0.894789
TIMOB-15575,0.00407
TIMOB-15574,0.003377
TIMOB-15573,0.913058
TIMOB-15570,0.786623
TIMOB-15569,0.004332
TIMOB-15567,0.00629
TIMOB-15566,0.003273
TIMOB-15565,0.002981
TIMOB-15564,0.003222
TIMOB-15563,0.005469
TIMOB-15562,0.007636
TIMOB-15561,0.005642
TIMOB-15560,0.004007
TIMOB-15559,0.002051
TIMOB-15558,0.805632
TIMOB-15557,0.985718
TIMOB-15556,0.002116
TIMOB-15554,0.004007
TIMOB-15553,0.977197
TIMOB-15551,0.003124
TIMOB-15550,0.003765
TIMOB-15549,0.00506
TIMOB-15548,0.003173
TIMOB-15547,0.002511
TIMOB-15546,0.002715
TIMOB-15545,0.003538
TIMOB-15544,0.004682
TIMOB-15543,0.002935
TIMOB-15542,0.005385
TIMOB-15541,0.002673
TIMOB-15540,0.003483
TIMOB-15539,0.004332
TIMOB-15538,0.002715
TIMOB-15537,0.877477
TIMOB-15536,0.001957
TIMOB-15535,0.002632
TIMOB-15534,0.002801
TIMOB-15527,0.646934
TIMOB-15526,0.00343
TIMOB-15525,0.00289
TIMOB-15524,0.004332
TIMOB-15521,0.04778
TIMOB-15520,0.00522
TIMOB-15519,0.025371
TIMOB-15518,0.043366
TIMOB-15517,0.025957
TIMOB-15516,0.088505
TIMOB-15515,0.107437
TIMOB-15514,0.051845
TIMOB-15513,0.003824
TIMOB-15509,0.005555
TIMOB-15508,0.004007
TIMOB-15507,0.005302
TIMOB-15506,0.00289
TIMOB-15505,0.004905
TIMOB-15504,0.00461
TIMOB-15502,0.002801
TIMOB-15501,0.003765
TIMOB-15500,0.020964
TIMOB-15499,0.00514
TIMOB-15497,0.00365
TIMOB-15496,0.00289
TIMOB-15495,0.004199
TIMOB-15494,0.001727
TIMOB-15493,0.003324
TIMOB-15492,0.00236
TIMOB-15491,0.00514
TIMOB-15490,0.00573
TIMOB-15488,0.005302
TIMOB-15487,0.025565
TIMOB-15484,0.025565
TIMOB-15483,0.970465
TIMOB-15478,0.002632
TIMOB-15477,0.093017
TIMOB-15476,0.002981
TIMOB-15475,0.003707
TIMOB-15474,0.003594
TIMOB-15473,0.002801
TIMOB-15472,0.003028
TIMOB-15471,0.003173
TIMOB-15470,0.002845
TIMOB-15469,0.015073
TIMOB-15468,0.925769
TIMOB-15467,0.00365
TIMOB-15466,0.004538
TIMOB-15465,0.006004
TIMOB-15461,0.006488
TIMOB-15460,0.003075
TIMOB-15459,0.002116
TIMOB-15458,0.003707
TIMOB-15456,0.005302
TIMOB-15455,0.007233
TIMOB-15451,0.00236
TIMOB-15450,0.003884
TIMOB-15449,0.003324
TIMOB-15448,0.002632
TIMOB-15445,0.002673
TIMOB-15444,0.002758
TIMOB-15443,0.996116
TIMOB-15441,0.002715
TIMOB-15440,0.004199
TIMOB-15439,0.004332
TIMOB-15438,0.002397
TIMOB-15437,0.002715
TIMOB-15436,0.422743
TIMOB-15435,0.004007
TIMOB-15434,0.00407
TIMOB-15433,0.003222
TIMOB-15432,0.00659
TIMOB-15431,0.005555
TIMOB-15428,0.002183
TIMOB-15424,0.115961
TIMOB-15423,0.002632
TIMOB-15421,0.004755
TIMOB-15420,0.002845
TIMOB-15419,0.006488
TIMOB-15418,0.002845
TIMOB-15417,0.007816
TIMOB-15416,0.005385
TIMOB-15415,0.914291
TIMOB-15414,0.911495
TIMOB-15413,0.002287
TIMOB-15412,0.00365
TIMOB-15411,0.008125
TIMOB-15410,0.041462
TIMOB-15409,0.007461
TIMOB-15408,0.003884
TIMOB-15407,0.046725
TIMOB-15406,0.045016
TIMOB-15405,0.005385
TIMOB-15403,0.007346
TIMOB-15402,0.003765
TIMOB-15401,0.003075
TIMOB-15400,0.002981
TIMOB-15398,0.003222
TIMOB-15397,0.149035
TIMOB-15396,0.003222
TIMOB-15395,0.007012
TIMOB-15393,0.980281
TIMOB-15392,0.004982
TIMOB-15391,0.004538
TIMOB-15390,0.292854
TIMOB-15388,0.969091
TIMOB-15386,0.025371
TIMOB-15385,0.004538
TIMOB-15384,0.003765
TIMOB-15383,0.008252
TIMOB-15382,0.002397
TIMOB-15381,0.002511
TIMOB-15378,0.003222
TIMOB-15377,0.002935
TIMOB-15376,0.001957
TIMOB-15375,0.076132
TIMOB-15374,0.013637
TIMOB-15373,0.001755
TIMOB-15372,0.007012
TIMOB-15371,0.002935
TIMOB-15370,0.01292
TIMOB-15368,0.002981
TIMOB-15367,0.004905
TIMOB-15366,0.090093
TIMOB-15365,0.004755
TIMOB-15364,0.002287
TIMOB-15363,0.019419
TIMOB-15362,0.00629
TIMOB-15361,0.002397
TIMOB-15358,0.66061
TIMOB-15357,0.01017
TIMOB-15356,0.982557
TIMOB-15353,0.003824
TIMOB-15352,0.003173
TIMOB-15351,0.002673
TIMOB-15349,0.003538
TIMOB-15348,0.962391
TIMOB-15347,0.003538
TIMOB-15345,0.003075
TIMOB-15343,0.002434
TIMOB-15342,0.002434
TIMOB-15341,0.47658
TIMOB-15340,0.927888
TIMOB-15339,0.935346
TIMOB-15338,0.002434
TIMOB-15337,0.002758
TIMOB-15336,0.004538
TIMOB-15335,0.007121
TIMOB-15334,0.993203
TIMOB-15333,0.442636
TIMOB-15332,0.002801
TIMOB-15331,0.990587
TIMOB-15330,0.015544
TIMOB-15328,0.13707
TIMOB-15327,0.996176
TIMOB-15324,0.904651
TIMOB-15322,0.958538
TIMOB-15321,0.541409
TIMOB-15320,0.293253
TIMOB-15319,0.002758
TIMOB-15318,0.867036
TIMOB-15317,0.025371
TIMOB-15315,0.003075
TIMOB-15314,0.004538
TIMOB-15311,0.00236
TIMOB-15309,0.003222
TIMOB-15308,0.002758
TIMOB-15307,0.992654
TIMOB-15306,0.00483
TIMOB-15305,0.983597
TIMOB-15304,0.00343
TIMOB-15298,0.262842
TIMOB-15297,0.002801
TIMOB-15296,0.946597
TIMOB-15295,0.982014
TIMOB-15294,0.745769
TIMOB-15293,0.002083
TIMOB-15292,0.991554
TIMOB-15291,0.003173
TIMOB-15287,0.002434
TIMOB-15286,0.030676
TIMOB-15285,0.003324
TIMOB-15284,0.963231
TIMOB-15283,0.003273
TIMOB-15282,0.002981
TIMOB-15281,0.002981
TIMOB-15280,0.00506
TIMOB-15278,0.002981
TIMOB-15277,0.002673
TIMOB-15276,0.006693
TIMOB-15275,0.291687
TIMOB-15273,0.006388
TIMOB-15272,0.003273
TIMOB-15271,0.002981
TIMOB-15270,0.745398
TIMOB-15269,0.002397
TIMOB-15268,0.996176
TIMOB-15267,0.984456
TIMOB-15266,0.981453
TIMOB-15265,0.003483
TIMOB-15264,0.980876
TIMOB-15263,0.007012
TIMOB-15262,0.004134
TIMOB-15261,0.00343
TIMOB-15260,0.00573
TIMOB-15259,0.010328
TIMOB-15258,0.003884
TIMOB-15257,0.003945
TIMOB-15256,0.004682
TIMOB-15255,0.004538
TIMOB-15254,0.013956
TIMOB-15253,0.004399
TIMOB-15252,0.128963
TIMOB-15251,0.002287
TIMOB-15250,0.012432
TIMOB-15249,0.004265
TIMOB-15247,0.002935
TIMOB-15246,0.00343
TIMOB-15245,0.004982
TIMOB-15244,0.996406
TIMOB-15243,0.002217
TIMOB-15242,0.027169
TIMOB-15241,0.144149
TIMOB-15240,0.012625
TIMOB-15239,0.012147
TIMOB-15238,0.019569
TIMOB-15237,0.012432
TIMOB-15236,0.021125
TIMOB-15235,0.019871
TIMOB-15234,0.016915
TIMOB-15233,0.010902
TIMOB-15232,0.014842
TIMOB-15231,0.037047
TIMOB-15230,0.027796
TIMOB-15229,0.716219
TIMOB-15228,0.014842
TIMOB-15227,0.018264
TIMOB-15226,0.046378
TIMOB-15225,0.033337
TIMOB-15224,0.160003
TIMOB-15223,0.207857
TIMOB-15222,0.015306
TIMOB-15221,0.015189
TIMOB-15220,0.020489
TIMOB-15219,0.036494
TIMOB-15218,0.019719
TIMOB-15217,0.012723
TIMOB-15216,0.029312
TIMOB-15215,0.003483
TIMOB-15213,0.002981
TIMOB-15212,0.806548
TIMOB-15211,0.003538
TIMOB-15210,0.00236
TIMOB-15208,0.004982
TIMOB-15207,0.003173
TIMOB-15206,0.003173
TIMOB-15205,0.002981
TIMOB-15204,0.002051
TIMOB-15203,0.003273
TIMOB-15202,0.00236
TIMOB-15201,0.002019
TIMOB-15200,0.003945
TIMOB-15199,0.003124
TIMOB-15198,0.007012
TIMOB-15197,0.002715
TIMOB-15196,0.004399
TIMOB-15195,0.825027
TIMOB-15194,0.003483
TIMOB-15193,0.002758
TIMOB-15192,0.002845
TIMOB-15191,0.004265
TIMOB-15190,0.065605
TIMOB-15189,0.003483
TIMOB-15188,0.004682
TIMOB-15187,0.002116
TIMOB-15186,0.003273
TIMOB-15185,0.003324
TIMOB-15184,0.003124
TIMOB-15181,0.006798
TIMOB-15180,0.46636
TIMOB-15169,0.004007
TIMOB-15162,0.00483
TIMOB-15161,0.003377
TIMOB-15160,0.003028
TIMOB-15159,0.002591
TIMOB-15158,0.003377
TIMOB-15157,0.00236
TIMOB-15131,0.003765
TIMOB-15126,0.003824
TIMOB-15125,0.00483
TIMOB-15124,0.002591
TIMOB-15123,0.004399
TIMOB-15122,0.003483
TIMOB-15121,0.00659
TIMOB-15120,0.020332
TIMOB-15119,0.011332
TIMOB-15118,0.117978
TIMOB-15117,0.984094
TIMOB-15116,0.315209
TIMOB-15114,0.759939
TIMOB-15113,0.00236
TIMOB-15112,0.003594
TIMOB-15111,0.002632
TIMOB-15110,0.002252
TIMOB-15109,0.004755
TIMOB-15108,0.00365
TIMOB-15107,0.00236
TIMOB-15106,0.002981
TIMOB-15105,0.005555
TIMOB-15104,0.474631
TIMOB-15103,0.009784
TIMOB-15102,0.004007
TIMOB-15101,0.003222
TIMOB-15099,0.003377
TIMOB-15098,0.008446
TIMOB-15097,0.003324
TIMOB-15096,0.004905
TIMOB-15095,0.004982
TIMOB-15094,0.38827
TIMOB-15093,0.96641
TIMOB-15092,0.003945
TIMOB-15091,0.136839
TIMOB-15090,0.002591
TIMOB-15089,0.005642
TIMOB-15088,0.004905
TIMOB-15087,0.008188
TIMOB-15086,0.00236
TIMOB-15084,0.003028
TIMOB-15083,0.002801
TIMOB-15082,0.003273
TIMOB-15080,0.002217
TIMOB-15079,0.004332
TIMOB-15078,0.002632
TIMOB-15077,0.00522
TIMOB-15070,0.003028
TIMOB-15067,0.003273
TIMOB-15066,0.00365
TIMOB-15065,0.038756
TIMOB-15064,0.003945
TIMOB-15063,0.00289
TIMOB-15062,0.003173
TIMOB-15061,0.003884
TIMOB-15059,0.002051
TIMOB-15052,0.002116
TIMOB-15051,0.002287
TIMOB-15050,0.004468
TIMOB-15049,0.002632
TIMOB-15048,0.003884
TIMOB-15047,0.004265
TIMOB-15045,0.003273
TIMOB-15044,0.00365
TIMOB-15043,0.002434
TIMOB-15040,0.654564
TIMOB-15039,0.004265
TIMOB-15038,0.004538
TIMOB-15037,0.995669
TIMOB-15036,0.003124
TIMOB-15035,0.003222
TIMOB-15034,0.004199
TIMOB-15032,0.002981
TIMOB-15031,0.92079
TIMOB-15030,0.002845
TIMOB-15029,0.003377
TIMOB-15028,0.608478
TIMOB-15027,0.060752
TIMOB-15026,0.035948
TIMOB-15025,0.002116
TIMOB-15024,0.004199
TIMOB-15023,0.008985
TIMOB-15022,0.014616
TIMOB-15021,0.991153
TIMOB-15020,0.004905
TIMOB-15019,0.003124
TIMOB-15017,0.996235
TIMOB-15016,0.003324
TIMOB-15015,0.002845
TIMOB-15014,0.00289
TIMOB-15013,0.005385
TIMOB-15012,0.004538
TIMOB-15011,0.003483
TIMOB-15010,0.003483
TIMOB-15009,0.003594
TIMOB-15008,0.003173
TIMOB-15007,0.644281
TIMOB-15006,0.003173
TIMOB-15005,0.002434
TIMOB-15004,0.003483
TIMOB-15001,0.002323
TIMOB-14999,0.002801
TIMOB-14997,0.002715
TIMOB-14996,0.002083
TIMOB-14995,0.003483
TIMOB-14994,0.117978
TIMOB-14993,0.002981
TIMOB-14992,0.007012
TIMOB-14991,0.003824
TIMOB-14990,0.727007
TIMOB-14989,0.339718
TIMOB-14988,0.003124
TIMOB-14987,0.991938
TIMOB-14986,0.15662
TIMOB-14985,0.039048
TIMOB-14984,0.00506
TIMOB-14983,0.002252
TIMOB-14982,0.022803
TIMOB-14981,0.015189
TIMOB-14980,0.29584
TIMOB-14979,0.116764
TIMOB-14978,0.023689
TIMOB-14977,0.035679
TIMOB-14976,0.017849
TIMOB-14974,0.030215
TIMOB-14973,0.044681
TIMOB-14972,0.002397
TIMOB-14971,0.002758
TIMOB-14969,0.982151
TIMOB-14967,0.002323
TIMOB-14966,0.003124
TIMOB-14965,0.006904
TIMOB-14964,0.004265
TIMOB-14963,0.00407
TIMOB-14961,0.008511
TIMOB-14960,0.002981
TIMOB-14959,0.007461
TIMOB-14958,0.003075
TIMOB-14956,0.005555
TIMOB-14955,0.003824
TIMOB-14954,0.018833
TIMOB-14953,0.002323
TIMOB-14951,0.002434
TIMOB-14950,0.940353
TIMOB-14947,0.004905
TIMOB-14946,0.00365
TIMOB-14945,0.002632
TIMOB-14944,0.002511
TIMOB-14943,0.002511
TIMOB-14940,0.003483
TIMOB-14939,0.003824
TIMOB-14938,0.002758
TIMOB-14937,0.002252
TIMOB-14936,0.003945
TIMOB-14935,0.003483
TIMOB-14934,0.003324
TIMOB-14933,0.010489
TIMOB-14932,0.807764
TIMOB-14931,0.00365
TIMOB-14929,0.003075
TIMOB-14928,0.002758
TIMOB-14927,0.004007
TIMOB-14926,0.00506
TIMOB-14925,0.00236
TIMOB-14924,0.004199
TIMOB-14923,0.002632
TIMOB-14922,0.017177
TIMOB-14921,0.962953
TIMOB-14920,0.003173
TIMOB-14919,0.00407
TIMOB-14918,0.002397
TIMOB-14917,0.003273
TIMOB-14916,0.00483
TIMOB-14914,0.005642
TIMOB-14913,0.008062
TIMOB-14912,0.002935
TIMOB-14911,0.278846
TIMOB-14908,0.003707
TIMOB-14904,0.002397
TIMOB-14903,0.003707
TIMOB-14902,0.003538
TIMOB-14901,0.00289
TIMOB-14900,0.004468
TIMOB-14899,0.011158
TIMOB-14898,0.002083
TIMOB-14897,0.003028
TIMOB-14896,0.986572
TIMOB-14895,0.995018
TIMOB-14894,0.001868
TIMOB-14893,0.00582
TIMOB-14892,0.002473
TIMOB-14890,0.002551
TIMOB-14889,0.978549
TIMOB-14888,0.00343
TIMOB-14887,0.002397
TIMOB-14886,0.002217
TIMOB-14885,0.003824
TIMOB-14884,0.005555
TIMOB-14883,0.002551
TIMOB-14882,0.003765
TIMOB-14881,0.004199
TIMOB-14880,0.018689
TIMOB-14879,0.002715
TIMOB-14878,0.00483
TIMOB-14877,0.004399
TIMOB-14876,0.020023
TIMOB-14875,0.006488
TIMOB-14874,0.007346
TIMOB-14873,0.781997
TIMOB-14865,0.028436
TIMOB-14864,0.008577
TIMOB-14855,0.002845
TIMOB-14853,0.003273
TIMOB-14852,0.003273
TIMOB-14851,0.002511
TIMOB-14850,0.002801
TIMOB-14849,0.002935
TIMOB-14848,0.002981
TIMOB-14847,0.004007
TIMOB-14846,0.003222
TIMOB-14845,0.00289
TIMOB-14844,0.013325
TIMOB-14843,0.002323
TIMOB-14842,0.169956
TIMOB-14841,0.265309
TIMOB-14840,0.002473
TIMOB-14839,0.002323
TIMOB-14838,0.00365
TIMOB-14837,0.003594
TIMOB-14836,0.003222
TIMOB-14835,0.027169
TIMOB-14834,0.144149
TIMOB-14833,0.012625
TIMOB-14832,0.012147
TIMOB-14831,0.019569
TIMOB-14830,0.012432
TIMOB-14829,0.021125
TIMOB-14828,0.019871
TIMOB-14827,0.016915
TIMOB-14826,0.010987
TIMOB-14825,0.016153
TIMOB-14824,0.037047
TIMOB-14823,0.027796
TIMOB-14822,0.716219
TIMOB-14821,0.014842
TIMOB-14820,0.018264
TIMOB-14819,0.046378
TIMOB-14818,0.033337
TIMOB-14817,0.160003
TIMOB-14816,0.207857
TIMOB-14815,0.015425
TIMOB-14814,0.015664
TIMOB-14813,0.020489
TIMOB-14812,0.036494
TIMOB-14811,0.019719
TIMOB-14810,0.013223
TIMOB-14809,0.029312
TIMOB-14807,0.011508
TIMOB-14806,0.003945
TIMOB-14804,0.002511
TIMOB-14803,0.884838
TIMOB-14802,0.90599
TIMOB-14801,0.115561
TIMOB-14800,0.993512
TIMOB-14799,0.003075
TIMOB-14798,0.002632
TIMOB-14797,0.015785
TIMOB-14796,0.002323
TIMOB-14795,0.66356
TIMOB-14794,0.002323
TIMOB-14793,0.00522
TIMOB-14791,0.00522
TIMOB-14789,0.002511
TIMOB-14787,0.99371
TIMOB-14786,0.995532
TIMOB-14785,0.995735
TIMOB-14784,0.997368
TIMOB-14783,0.970013
TIMOB-14782,0.140572
TIMOB-14781,0.004538
TIMOB-14780,0.765067
TIMOB-14779,0.169406
TIMOB-14778,0.889529
TIMOB-14777,0.004199
TIMOB-14776,0.706596
TIMOB-14775,0.003124
TIMOB-14774,0.003377
TIMOB-14773,0.984575
TIMOB-14772,0.00522
TIMOB-14771,0.00236
TIMOB-14770,0.003824
TIMOB-14769,0.009268
TIMOB-14768,0.003222
TIMOB-14766,0.003945
TIMOB-14764,0.002981
TIMOB-14763,0.002935
TIMOB-14762,0.004468
TIMOB-14761,0.004265
TIMOB-14760,0.003884
TIMOB-14759,0.002935
TIMOB-14757,0.022457
TIMOB-14756,0.009936
TIMOB-14755,0.002981
TIMOB-14754,0.002397
TIMOB-14753,0.003075
TIMOB-14752,0.002715
TIMOB-14751,0.003538
TIMOB-14750,0.732018
TIMOB-14749,0.92523
TIMOB-14748,0.748904
TIMOB-14747,0.926304
TIMOB-14746,0.916409
TIMOB-14745,0.789883
TIMOB-14744,0.01142
TIMOB-14743,0.007461
TIMOB-14742,0.002801
TIMOB-14741,0.00582
TIMOB-14740,0.756897
TIMOB-14739,0.002183
TIMOB-14738,0.004538
TIMOB-14737,0.003594
TIMOB-14736,0.003028
TIMOB-14735,0.003273
TIMOB-14734,0.003075
TIMOB-14733,0.004538
TIMOB-14732,0.002511
TIMOB-14731,0.001868
TIMOB-14730,0.997368
TIMOB-14729,0.995601
TIMOB-14728,0.996972
TIMOB-14727,0.988492
TIMOB-14726,0.00236
TIMOB-14725,0.003124
TIMOB-14724,0.003483
TIMOB-14722,0.003075
TIMOB-14721,0.003075
TIMOB-14720,0.002551
TIMOB-14717,0.004199
TIMOB-14716,0.146575
TIMOB-14701,0.606498
TIMOB-14700,0.003173
TIMOB-14699,0.011508
TIMOB-14698,0.519521
TIMOB-14697,0.005302
TIMOB-14696,0.002845
TIMOB-14695,0.004682
TIMOB-14694,0.003707
TIMOB-14693,0.00289
TIMOB-14691,0.002473
TIMOB-14690,0.029987
TIMOB-14689,0.825027
TIMOB-14688,0.003377
TIMOB-14687,0.013223
TIMOB-14685,0.014504
TIMOB-14684,0.016029
TIMOB-14683,0.00629
TIMOB-14681,0.002845
TIMOB-14680,0.002019
TIMOB-14679,0.00289
TIMOB-14677,0.006098
TIMOB-14676,0.004538
TIMOB-14675,0.005469
TIMOB-14674,0.006904
TIMOB-14673,0.003824
TIMOB-14672,0.003483
TIMOB-14671,0.002845
TIMOB-14669,0.002801
TIMOB-14668,0.004007
TIMOB-14666,0.002673
TIMOB-14665,0.001957
TIMOB-14664,0.006098
TIMOB-14663,0.002397
TIMOB-14662,0.982151
TIMOB-14661,0.018833
TIMOB-14660,0.002323
TIMOB-14659,0.00343
TIMOB-14658,0.004468
TIMOB-14655,0.00343
TIMOB-14654,0.003377
TIMOB-14653,0.001927
TIMOB-14652,0.890294
TIMOB-14651,0.995245
TIMOB-14648,0.930458
TIMOB-14645,0.004007
TIMOB-14644,0.002715
TIMOB-14643,0.003324
TIMOB-14642,0.00343
TIMOB-14641,0.006193
TIMOB-14640,0.002551
TIMOB-14639,0.00407
TIMOB-14637,0.797557
TIMOB-14636,0.004755
TIMOB-14635,0.00483
TIMOB-14634,0.003377
TIMOB-14633,0.004265
TIMOB-14631,0.003765
TIMOB-14630,0.006098
TIMOB-14629,0.007012
TIMOB-14628,0.002673
TIMOB-14627,0.168583
TIMOB-14626,0.020023
TIMOB-14625,0.664323
TIMOB-14624,0.964321
TIMOB-14623,0.974239
TIMOB-14622,0.99478
TIMOB-14621,0.046034
TIMOB-14620,0.418697
TIMOB-14619,0.002935
TIMOB-14618,0.274935
TIMOB-14617,0.973241
TIMOB-14616,0.003273
TIMOB-14615,0.002758
TIMOB-14614,0.002935
TIMOB-14613,0.003124
TIMOB-14612,0.002673
TIMOB-14611,0.003945
TIMOB-14610,0.993307
TIMOB-14609,0.003028
TIMOB-14608,0.299105
TIMOB-14607,0.004538
TIMOB-14604,0.41834
TIMOB-14602,0.07477
TIMOB-14601,0.648633
TIMOB-14600,0.411229
TIMOB-14599,0.023509
TIMOB-14591,0.002083
TIMOB-14589,0.007461
TIMOB-14588,0.00506
TIMOB-14587,0.92523
TIMOB-14586,0.970688
TIMOB-14585,0.005555
TIMOB-14584,0.003173
TIMOB-14583,0.956309
TIMOB-14582,0.026557
TIMOB-14581,0.985496
TIMOB-14580,0.023331
TIMOB-14579,0.003884
TIMOB-14577,0.003273
TIMOB-14576,0.004007
TIMOB-14575,0.004199
TIMOB-14574,0.003173
TIMOB-14573,0.004682
TIMOB-14572,0.005469
TIMOB-14571,0.003173
TIMOB-14570,0.00343
TIMOB-14569,0.004468
TIMOB-14568,0.003824
TIMOB-14567,0.003273
TIMOB-14566,0.004332
TIMOB-14565,0.003273
TIMOB-14564,0.002981
TIMOB-14563,0.002434
TIMOB-14562,0.005469
TIMOB-14561,0.002935
TIMOB-14560,0.003377
TIMOB-14559,0.00365
TIMOB-14558,0.004682
TIMOB-14557,0.004682
TIMOB-14555,0.011332
TIMOB-14554,0.00514
TIMOB-14553,0.003824
TIMOB-14552,0.020489
TIMOB-14551,0.003765
TIMOB-14549,0.00289
TIMOB-14548,0.003765
TIMOB-14547,0.003222
TIMOB-14546,0.002981
TIMOB-14545,0.003028
TIMOB-14544,0.017442
TIMOB-14543,0.002591
TIMOB-14541,0.006388
TIMOB-14540,0.003765
TIMOB-14539,0.002019
TIMOB-14538,0.003028
TIMOB-14537,0.002981
TIMOB-14536,0.003075
TIMOB-14535,0.003377
TIMOB-14534,0.00289
TIMOB-14533,0.004007
TIMOB-14532,0.003377
TIMOB-14531,0.93196
TIMOB-14530,0.003273
TIMOB-14529,0.002217
TIMOB-14528,0.004982
TIMOB-14527,0.003824
TIMOB-14526,0.003538
TIMOB-14525,0.003538
TIMOB-14524,0.002434
TIMOB-14523,0.003377
TIMOB-14522,0.001648
TIMOB-14521,0.005911
TIMOB-14520,0.004682
TIMOB-14519,0.002551
TIMOB-14518,0.008711
TIMOB-14517,0.005911
TIMOB-14516,0.051083
TIMOB-14511,0.00659
TIMOB-14510,0.00659
TIMOB-14509,0.002083
TIMOB-14508,0.003707
TIMOB-14507,0.002845
TIMOB-14506,0.004468
TIMOB-14505,0.007577
TIMOB-14504,0.003075
TIMOB-14503,0.436382
TIMOB-14502,0.006193
TIMOB-14500,0.003377
TIMOB-14499,0.004199
TIMOB-14498,0.00483
TIMOB-14497,0.004199
TIMOB-14496,0.971779
TIMOB-14495,0.002591
TIMOB-14494,0.857768
TIMOB-14493,0.005385
TIMOB-14492,0.004332
TIMOB-14491,0.003124
TIMOB-14490,0.003884
TIMOB-14485,0.002473
TIMOB-14484,0.016785
TIMOB-14483,0.002323
TIMOB-14482,0.003273
TIMOB-14481,0.170232
TIMOB-14480,0.799755
TIMOB-14479,0.002083
TIMOB-14478,0.002217
TIMOB-14476,0.001988
TIMOB-14475,0.001839
TIMOB-14474,0.002715
TIMOB-14473,0.972831
TIMOB-14472,0.001957
TIMOB-14471,0.002981
TIMOB-14470,0.002287
TIMOB-14469,0.002149
TIMOB-14468,0.002591
TIMOB-14467,0.346293
TIMOB-14466,0.003707
TIMOB-14465,0.992654
TIMOB-14464,0.002981
TIMOB-14463,0.990292
TIMOB-14461,0.003124
TIMOB-14460,0.951863
TIMOB-14458,0.003324
TIMOB-14457,0.002434
TIMOB-14456,0.975202
TIMOB-14455,0.002051
TIMOB-14454,0.002116
TIMOB-14453,0.001897
TIMOB-14452,0.00365
TIMOB-14451,0.002019
TIMOB-14450,0.025565
TIMOB-14449,0.885631
TIMOB-14447,0.003377
TIMOB-14446,0.00289
TIMOB-14445,0.001897
TIMOB-14444,0.001988
TIMOB-14443,0.001868
TIMOB-14442,0.003222
TIMOB-14441,0.002591
TIMOB-14440,0.002935
TIMOB-14439,0.002801
TIMOB-14438,0.002715
TIMOB-14437,0.002551
TIMOB-14436,0.002801
TIMOB-14435,0.002551
TIMOB-14433,0.00522
TIMOB-14432,0.002758
TIMOB-14431,0.004199
TIMOB-14430,0.002149
TIMOB-14429,0.019569
TIMOB-14428,0.00461
TIMOB-14427,0.002051
TIMOB-14426,0.003324
TIMOB-14425,0.005385
TIMOB-14423,0.002845
TIMOB-14422,0.001927
TIMOB-14420,0.100172
TIMOB-14419,0.002287
TIMOB-14418,0.001957
TIMOB-14414,0.037047
TIMOB-14413,0.002473
TIMOB-14412,0.003945
TIMOB-14410,0.00365
TIMOB-14407,0.180107
TIMOB-14406,0.005555
TIMOB-14405,0.002473
TIMOB-14404,0.002801
TIMOB-14403,0.002673
TIMOB-14402,0.003075
TIMOB-14401,0.003273
TIMOB-14400,0.003884
TIMOB-14399,0.004682
TIMOB-14398,0.864768
TIMOB-14397,0.001957
TIMOB-14396,0.003765
TIMOB-14395,0.002591
TIMOB-14394,0.001727
TIMOB-14393,0.049222
TIMOB-14392,0.002397
TIMOB-14391,0.002845
TIMOB-14390,0.002083
TIMOB-14389,0.013742
TIMOB-14388,0.003222
TIMOB-14387,0.007577
TIMOB-14386,0.006904
TIMOB-14385,0.00289
TIMOB-14383,0.002019
TIMOB-14382,0.942082
TIMOB-14381,0.002673
TIMOB-14380,0.002323
TIMOB-14372,0.004199
TIMOB-14371,0.004538
TIMOB-14365,0.006004
TIMOB-14364,0.00506
TIMOB-14363,0.002673
TIMOB-14362,0.002083
TIMOB-14361,0.004199
TIMOB-14360,0.002758
TIMOB-14359,0.002632
TIMOB-14358,0.002149
TIMOB-14357,0.007012
TIMOB-14356,0.002217
TIMOB-14355,0.00236
TIMOB-14354,0.00986
TIMOB-14353,0.001957
TIMOB-14352,0.006488
TIMOB-14351,0.003324
TIMOB-14350,0.003222
TIMOB-14349,0.797557
TIMOB-14348,0.002287
TIMOB-14347,0.002715
TIMOB-14346,0.002981
TIMOB-14345,0.002551
TIMOB-14344,0.00629
TIMOB-14343,0.288569
TIMOB-14342,0.994531
TIMOB-14341,0.002287
TIMOB-14340,0.004399
TIMOB-14339,0.002845
TIMOB-14338,0.111241
TIMOB-14337,0.002673
TIMOB-14336,0.002673
TIMOB-14334,0.004199
TIMOB-14333,0.003538
TIMOB-14331,0.007461
TIMOB-14329,0.036494
TIMOB-14328,0.002551
TIMOB-14327,0.002434
TIMOB-14326,0.002083
TIMOB-14325,0.002434
TIMOB-14324,0.004265
TIMOB-14323,0.002083
TIMOB-14322,0.005469
TIMOB-14321,0.002149
TIMOB-14320,0.704211
TIMOB-14319,0.265024
TIMOB-14318,0.096025
TIMOB-14317,0.996462
TIMOB-14316,0.004134
TIMOB-14313,0.003173
TIMOB-14312,0.002801
TIMOB-14311,0.003075
TIMOB-14310,0.994445
TIMOB-14309,0.001957
TIMOB-14306,0.002551
TIMOB-14305,0.002632
TIMOB-14304,0.001957
TIMOB-14303,0.002434
TIMOB-14301,0.002981
TIMOB-14300,0.002051
TIMOB-14299,0.003028
TIMOB-14298,0.002397
TIMOB-14296,0.00343
TIMOB-14295,0.003707
TIMOB-14294,0.002801
TIMOB-14293,0.002591
TIMOB-14292,0.003824
TIMOB-14291,0.978385
TIMOB-14290,0.002935
TIMOB-14289,0.003028
TIMOB-14288,0.003824
TIMOB-14287,0.689306
TIMOB-14286,0.00343
TIMOB-14285,0.003324
TIMOB-14284,0.002758
TIMOB-14283,0.002397
TIMOB-14282,0.00461
TIMOB-14280,0.002801
TIMOB-14279,0.002551
TIMOB-14278,0.002149
TIMOB-14277,0.002252
TIMOB-14275,0.002183
TIMOB-14273,0.002511
TIMOB-14272,0.002981
TIMOB-14271,0.002845
TIMOB-14270,0.038178
TIMOB-14269,0.985936
TIMOB-14268,0.007577
TIMOB-14267,0.00506
TIMOB-14266,0.005385
TIMOB-14265,0.004332
TIMOB-14263,0.935817
TIMOB-14262,0.00289
TIMOB-14260,0.003594
TIMOB-14259,0.0341
TIMOB-14258,0.002323
TIMOB-14257,0.004199
TIMOB-14255,0.00343
TIMOB-14254,0.007233
TIMOB-14253,0.00461
TIMOB-14252,0.003173
TIMOB-14251,0.00343
TIMOB-14250,0.004265
TIMOB-14249,0.08152
TIMOB-14248,0.003028
TIMOB-14247,0.897695
TIMOB-14245,0.954647
TIMOB-14244,0.002434
TIMOB-14243,0.004538
TIMOB-14242,0.009055
TIMOB-14241,0.002116
TIMOB-14235,0.385837
TIMOB-14234,0.823612
TIMOB-14233,0.778313
TIMOB-14232,0.876211
TIMOB-14231,0.003884
TIMOB-14230,0.003377
TIMOB-14229,0.00582
TIMOB-14228,0.004682
TIMOB-14227,0.00407
TIMOB-14226,0.003173
TIMOB-14225,0.005385
TIMOB-14224,0.00573
TIMOB-14223,0.002935
TIMOB-14222,0.742608
TIMOB-14221,0.004007
TIMOB-14220,0.242385
TIMOB-14219,0.945399
TIMOB-14218,0.979977
TIMOB-14217,0.958226
TIMOB-14216,0.00365
TIMOB-14215,0.004905
TIMOB-14214,0.003273
TIMOB-14213,0.003483
TIMOB-14212,0.004199
TIMOB-14211,0.003884
TIMOB-14210,0.002551
TIMOB-14209,0.943764
TIMOB-14207,0.004265
TIMOB-14206,0.003075
TIMOB-14205,0.00522
TIMOB-14204,0.002935
TIMOB-14202,0.003884
TIMOB-14200,0.002935
TIMOB-14199,0.00181
TIMOB-14198,0.004468
TIMOB-14196,0.004682
TIMOB-14195,0.00838
TIMOB-14194,0.00506
TIMOB-14192,0.006193
TIMOB-14191,0.004399
TIMOB-14190,0.002511
TIMOB-14189,0.003538
TIMOB-14187,0.003483
TIMOB-14186,0.004399
TIMOB-14185,0.004468
TIMOB-14183,0.019569
TIMOB-14182,0.992654
TIMOB-14180,0.027796
TIMOB-14179,0.00407
TIMOB-14178,0.901575
TIMOB-14177,0.935817
TIMOB-14176,0.003538
TIMOB-14175,0.00365
TIMOB-14173,0.004468
TIMOB-14171,0.004134
TIMOB-14169,0.003824
TIMOB-14166,0.00343
TIMOB-14165,0.968141
TIMOB-14163,0.004399
TIMOB-14161,0.003273
TIMOB-14160,0.004007
TIMOB-14159,0.002845
TIMOB-14158,0.390708
TIMOB-14157,0.003594
TIMOB-14156,0.003028
TIMOB-14155,0.003538
TIMOB-14154,0.002632
TIMOB-14153,0.005911
TIMOB-14152,0.00365
TIMOB-14151,0.00461
TIMOB-14150,0.002019
TIMOB-14149,0.00659
TIMOB-14148,0.005642
TIMOB-14147,0.00506
TIMOB-14145,0.003945
TIMOB-14144,0.002758
TIMOB-14143,0.862468
TIMOB-14142,0.004755
TIMOB-14140,0.994615
TIMOB-14139,0.00365
TIMOB-14138,0.947769
TIMOB-14137,0.002935
TIMOB-14136,0.007121
TIMOB-14135,0.014957
TIMOB-14134,0.004468
TIMOB-14133,0.006388
TIMOB-14132,0.003273
TIMOB-14131,0.002397
TIMOB-14130,0.017577
TIMOB-14129,0.003222
TIMOB-14128,0.245175
TIMOB-14127,0.019419
TIMOB-14126,0.989182
TIMOB-14125,0.00483
TIMOB-14124,0.003945
TIMOB-14123,0.894789
TIMOB-14122,0.026557
TIMOB-14121,0.003483
TIMOB-14118,0.003594
TIMOB-14117,0.003824
TIMOB-14115,0.00289
TIMOB-14114,0.004755
TIMOB-14113,0.005385
TIMOB-14112,0.003945
TIMOB-14111,0.00343
TIMOB-14110,0.004538
TIMOB-14109,0.00573
TIMOB-14108,0.033337
TIMOB-14107,0.068537
TIMOB-14106,0.991015
TIMOB-14105,0.003222
TIMOB-14103,0.005385
TIMOB-14102,0.022629
TIMOB-14101,0.003324
TIMOB-14100,0.002758
TIMOB-14099,0.00289
TIMOB-14098,0.009268
TIMOB-14097,0.00838
TIMOB-14095,0.005642
TIMOB-14094,0.995318
TIMOB-14093,0.006388
TIMOB-14092,0.002632
TIMOB-14089,0.006693
TIMOB-14088,0.990874
TIMOB-14087,0.99341
TIMOB-14086,0.004982
TIMOB-14085,0.003707
TIMOB-14084,0.004905
TIMOB-14083,0.006904
TIMOB-14082,0.003594
TIMOB-14081,0.004199
TIMOB-14079,0.002632
TIMOB-14078,0.003377
TIMOB-14077,0.010818
TIMOB-14076,0.003173
TIMOB-14075,0.055209
TIMOB-14074,0.003945
TIMOB-14073,0.004468
TIMOB-14072,0.004399
TIMOB-14071,0.378919
TIMOB-14070,0.989511
TIMOB-14069,0.002632
TIMOB-14068,0.00514
TIMOB-14067,0.003377
TIMOB-14065,0.004265
TIMOB-14063,0.00461
TIMOB-14062,0.003124
TIMOB-14061,0.003377
TIMOB-14060,0.003765
TIMOB-14059,0.004982
TIMOB-14058,0.017577
TIMOB-14057,0.007012
TIMOB-14056,0.004905
TIMOB-14055,0.974043
TIMOB-14054,0.001927
TIMOB-14053,0.025761
TIMOB-14052,0.055823
TIMOB-14051,0.012147
TIMOB-14050,0.012625
TIMOB-14049,0.019569
TIMOB-14048,0.012432
TIMOB-14047,0.021125
TIMOB-14046,0.019871
TIMOB-14045,0.016915
TIMOB-14044,0.015544
TIMOB-14043,0.037047
TIMOB-14042,0.027796
TIMOB-14041,0.716219
TIMOB-14040,0.014842
TIMOB-14039,0.018264
TIMOB-14038,0.046378
TIMOB-14037,0.033337
TIMOB-14036,0.160003
TIMOB-14035,0.207857
TIMOB-14034,0.015425
TIMOB-14033,0.015306
TIMOB-14032,0.010408
TIMOB-14031,0.010653
TIMOB-14030,0.036494
TIMOB-14029,0.019719
TIMOB-14028,0.012821
TIMOB-14027,0.029312
TIMOB-14026,0.009197
TIMOB-14025,0.00289
TIMOB-14024,0.00365
TIMOB-14023,0.00289
TIMOB-14022,0.002801
TIMOB-14020,0.002673
TIMOB-14018,0.00365
TIMOB-14017,0.002981
TIMOB-14016,0.976847
TIMOB-14015,0.004199
TIMOB-14014,0.003483
TIMOB-14013,0.004682
TIMOB-14012,0.005555
TIMOB-14011,0.289573
TIMOB-14010,0.002116
TIMOB-14009,0.004755
TIMOB-14008,0.002323
TIMOB-14007,0.002051
TIMOB-14006,0.002183
TIMOB-14005,0.002758
TIMOB-14004,0.006098
TIMOB-14003,0.003594
TIMOB-14002,0.981167
TIMOB-14001,0.026156
TIMOB-14000,0.003173
TIMOB-13999,0.013532
TIMOB-13998,0.100172
TIMOB-13997,0.04778
TIMOB-13996,0.00573
TIMOB-13995,0.002252
TIMOB-13994,0.003884
TIMOB-13991,0.00483
TIMOB-13990,0.002473
TIMOB-13989,0.991554
TIMOB-13987,0.010818
TIMOB-13986,0.002551
TIMOB-13985,0.014729
TIMOB-13984,0.00629
TIMOB-13983,0.99517
TIMOB-13982,0.005642
TIMOB-13981,0.002051
TIMOB-13980,0.028221
TIMOB-13979,0.00289
TIMOB-13978,0.00343
TIMOB-13977,0.00582
TIMOB-13976,0.002252
TIMOB-13975,0.003377
TIMOB-13974,0.008779
TIMOB-13973,0.002981
TIMOB-13972,0.580471
TIMOB-13971,0.005642
TIMOB-13970,0.00582
TIMOB-13969,0.011158
TIMOB-13968,0.067301
TIMOB-13967,0.004199
TIMOB-13966,0.953966
TIMOB-13964,0.002801
TIMOB-13963,0.007756
TIMOB-13958,0.996972
TIMOB-13957,0.154312
TIMOB-13956,0.997566
TIMOB-13955,0.002715
TIMOB-13954,0.002051
TIMOB-13953,0.002473
TIMOB-13952,0.00365
TIMOB-13951,0.005469
TIMOB-13950,0.004199
TIMOB-13949,0.986044
TIMOB-13948,0.003124
TIMOB-13947,0.002715
TIMOB-13946,0.002434
TIMOB-13944,0.003707
TIMOB-13942,0.002434
TIMOB-13941,0.002183
TIMOB-13940,0.087876
TIMOB-13939,0.008062
TIMOB-13938,0.002715
TIMOB-13937,0.00236
TIMOB-13936,0.995601
TIMOB-13933,0.006488
TIMOB-13930,0.00483
TIMOB-13929,0.857291
TIMOB-13927,0.003075
TIMOB-13926,0.010328
TIMOB-13925,0.007816
TIMOB-13923,0.003594
TIMOB-13922,0.002473
TIMOB-13921,0.047426
TIMOB-13920,0.004199
TIMOB-13918,0.00514
TIMOB-13917,0.00289
TIMOB-13916,0.00514
TIMOB-13915,0.00289
TIMOB-13914,0.002715
TIMOB-13913,0.004468
TIMOB-13912,0.002673
TIMOB-13911,0.002511
TIMOB-13910,0.007577
TIMOB-13909,0.003707
TIMOB-13908,0.008316
TIMOB-13906,0.003483
TIMOB-13905,0.008577
TIMOB-13904,0.011072
TIMOB-13903,0.003377
TIMOB-13902,0.007816
TIMOB-13901,0.003075
TIMOB-13895,0.002673
TIMOB-13894,0.712032
TIMOB-13893,0.002252
TIMOB-13892,0.003075
TIMOB-13891,0.002981
TIMOB-13890,0.003028
TIMOB-13889,0.003707
TIMOB-13888,0.003483
TIMOB-13887,0.003765
TIMOB-13886,0.003075
TIMOB-13885,0.004468
TIMOB-13884,0.101589
TIMOB-13883,0.004199
TIMOB-13882,0.003765
TIMOB-13881,0.003707
TIMOB-13880,0.00365
TIMOB-13879,0.924142
TIMOB-13878,0.004007
TIMOB-13877,0.004007
TIMOB-13875,0.003075
TIMOB-13874,0.003273
TIMOB-13873,0.004905
TIMOB-13871,0.002673
TIMOB-13870,0.00343
TIMOB-13869,0.00461
TIMOB-13868,0.004199
TIMOB-13867,0.004199
TIMOB-13866,0.003028
TIMOB-13865,0.002434
TIMOB-13864,0.005385
TIMOB-13863,0.004007
TIMOB-13862,0.003273
TIMOB-13861,0.008847
TIMOB-13859,0.004332
TIMOB-13858,0.005642
TIMOB-13857,0.002632
TIMOB-13856,0.006098
TIMOB-13855,0.002632
TIMOB-13854,0.004755
TIMOB-13853,0.036769
TIMOB-13852,0.004399
TIMOB-13851,0.004468
TIMOB-13850,0.00365
TIMOB-13849,0.00461
TIMOB-13848,0.002632
TIMOB-13847,0.986363
TIMOB-13846,0.00407
TIMOB-13843,0.00181
TIMOB-13841,0.00407
TIMOB-13838,0.002083
TIMOB-13836,0.02461
TIMOB-13835,0.023871
TIMOB-13829,0.002183
TIMOB-13828,0.003765
TIMOB-13827,0.277375
TIMOB-13826,0.00506
TIMOB-13825,0.007461
TIMOB-13824,0.021451
TIMOB-13823,0.015785
TIMOB-13822,0.004538
TIMOB-13820,0.002801
TIMOB-13819,0.043691
TIMOB-13816,0.003222
TIMOB-13815,0.00629
TIMOB-13814,0.017045
TIMOB-13803,0.00365
TIMOB-13802,0.002801
TIMOB-13801,0.004399
TIMOB-13800,0.00289
TIMOB-13799,0.007461
TIMOB-13798,0.002845
TIMOB-13797,0.043691
TIMOB-13796,0.997065
TIMOB-13795,0.095013
TIMOB-13793,0.009413
TIMOB-13792,0.992539
TIMOB-13791,0.349644
TIMOB-13789,0.003028
TIMOB-13788,0.00343
TIMOB-13787,0.600188
TIMOB-13785,0.00289
TIMOB-13780,0.005911
TIMOB-13779,0.011778
TIMOB-13778,0.003594
TIMOB-13777,0.00289
TIMOB-13776,0.00483
TIMOB-13775,0.00483
TIMOB-13773,0.003075
TIMOB-13769,0.003324
TIMOB-13768,0.00573
TIMOB-13767,0.97024
TIMOB-13764,0.03359
TIMOB-13763,0.003594
TIMOB-13762,0.003538
TIMOB-13761,0.003222
TIMOB-13760,0.974821
TIMOB-13759,0.00514
TIMOB-13758,0.003075
TIMOB-13757,0.005555
TIMOB-13756,0.003538
TIMOB-13755,0.575827
TIMOB-13754,0.006488
TIMOB-13753,0.002323
TIMOB-13752,0.008644
TIMOB-13751,0.002935
TIMOB-13750,0.00407
TIMOB-13747,0.004399
TIMOB-13746,0.002511
TIMOB-13745,0.005302
TIMOB-13743,0.003945
TIMOB-13742,0.001957
TIMOB-13741,0.002591
TIMOB-13740,0.002632
TIMOB-13739,0.002845
TIMOB-13738,0.003765
TIMOB-13737,0.003173
TIMOB-13736,0.00461
TIMOB-13735,0.00407
TIMOB-13734,0.012528
TIMOB-13733,0.003884
TIMOB-13732,0.006904
TIMOB-13731,0.004265
TIMOB-13730,0.003594
TIMOB-13729,0.984094
TIMOB-13727,0.004134
TIMOB-13726,0.023509
TIMOB-13725,0.035679
TIMOB-13724,0.004134
TIMOB-13723,0.003594
TIMOB-13722,0.991812
TIMOB-13721,0.00365
TIMOB-13720,0.00365
TIMOB-13719,0.005911
TIMOB-13718,0.00506
TIMOB-13716,0.912748
TIMOB-13714,0.112795
TIMOB-13713,0.040846
TIMOB-13712,0.033337
TIMOB-13711,0.408749
TIMOB-13710,0.329823
TIMOB-13709,0.04778
TIMOB-13708,0.281801
TIMOB-13707,0.39129
TIMOB-13706,0.210117
TIMOB-13705,0.116764
TIMOB-13704,0.977023
TIMOB-13703,0.089455
TIMOB-13702,0.078926
TIMOB-13701,0.027376
TIMOB-13700,0.001988
TIMOB-13699,0.002473
TIMOB-13698,0.003824
TIMOB-13697,0.995095
TIMOB-13696,0.00514
TIMOB-13695,0.002758
TIMOB-13694,0.097048
TIMOB-13693,0.281159
TIMOB-13692,0.004399
TIMOB-13691,0.382141
TIMOB-13690,0.004265
TIMOB-13689,0.003273
TIMOB-13688,0.004468
TIMOB-13687,0.960657
TIMOB-13686,0.790854
TIMOB-13685,0.012821
TIMOB-13684,0.986979
TIMOB-13681,0.198064
TIMOB-13680,0.018978
TIMOB-13679,0.002083
TIMOB-13678,0.004265
TIMOB-13677,0.002551
TIMOB-13676,0.968141
TIMOB-13675,0.002801
TIMOB-13672,0.003273
TIMOB-13671,0.004007
TIMOB-13670,0.005642
TIMOB-13669,0.03138
TIMOB-13668,0.00659
TIMOB-13667,0.007577
TIMOB-13666,0.004682
TIMOB-13665,0.997155
TIMOB-13664,0.005385
TIMOB-13663,0.004905
TIMOB-13662,0.003028
TIMOB-13661,0.00365
TIMOB-13660,0.003273
TIMOB-13659,0.00365
TIMOB-13658,0.003173
TIMOB-13657,0.003594
TIMOB-13656,0.992654
TIMOB-13655,0.003538
TIMOB-13654,0.003824
TIMOB-13653,0.004007
TIMOB-13652,0.004265
TIMOB-13651,0.004399
TIMOB-13650,0.004538
TIMOB-13649,0.003538
TIMOB-13648,0.00289
TIMOB-13647,0.003124
TIMOB-13646,0.019719
TIMOB-13645,0.003538
TIMOB-13644,0.777638
TIMOB-13643,0.002935
TIMOB-13642,0.003945
TIMOB-13641,0.076961
TIMOB-13640,0.007461
TIMOB-13639,0.004399
TIMOB-13638,0.002511
TIMOB-13637,0.002673
TIMOB-13636,0.004538
TIMOB-13635,0.002845
TIMOB-13634,0.00573
TIMOB-13633,0.003707
TIMOB-13632,0.045692
TIMOB-13631,0.002673
TIMOB-13630,0.003377
TIMOB-13629,0.00483
TIMOB-13628,0.039937
TIMOB-13626,0.003824
TIMOB-13625,0.004982
TIMOB-13621,0.004682
TIMOB-13620,0.006798
TIMOB-13619,0.00365
TIMOB-13618,0.003324
TIMOB-13617,0.004265
TIMOB-13616,0.765944
TIMOB-13615,0.959154
TIMOB-13614,0.003594
TIMOB-13613,0.002551
TIMOB-13612,0.008577
TIMOB-13611,0.00343
TIMOB-13610,0.007233
TIMOB-13609,0.004682
TIMOB-13608,0.003324
TIMOB-13607,0.004468
TIMOB-13606,0.005385
TIMOB-13605,0.002632
TIMOB-13604,0.002801
TIMOB-13603,0.006098
TIMOB-13602,0.003222
TIMOB-13601,0.003173
TIMOB-13600,0.003483
TIMOB-13599,0.005302
TIMOB-13598,0.009708
TIMOB-13597,0.008577
TIMOB-13596,0.007121
TIMOB-13593,0.959762
TIMOB-13592,0.007012
TIMOB-13591,0.003377
TIMOB-13590,0.992539
TIMOB-13589,0.004905
TIMOB-13586,0.00514
TIMOB-13585,0.004468
TIMOB-13584,0.982557
TIMOB-13583,0.004265
TIMOB-13582,0.00461
TIMOB-13581,0.005642
TIMOB-13580,0.003124
TIMOB-13577,0.00934
TIMOB-13569,0.962108
TIMOB-13567,0.004134
TIMOB-13565,0.995462
TIMOB-13564,0.005302
TIMOB-13562,0.975577
TIMOB-13561,0.009413
TIMOB-13560,0.003765
TIMOB-13559,0.005469
TIMOB-13558,0.003765
TIMOB-13557,0.003273
TIMOB-13555,0.00343
TIMOB-13554,0.008188
TIMOB-13550,0.004399
TIMOB-13549,0.003028
TIMOB-13548,0.004134
TIMOB-13547,0.002252
TIMOB-13546,0.009784
TIMOB-13545,0.003173
TIMOB-13544,0.00289
TIMOB-13543,0.960657
TIMOB-13542,0.002511
TIMOB-13541,0.008
TIMOB-13539,0.00407
TIMOB-13538,0.00289
TIMOB-13537,0.009413
TIMOB-13536,0.004538
TIMOB-13535,0.003124
TIMOB-13534,0.003538
TIMOB-13533,0.004468
TIMOB-13532,0.068289
TIMOB-13531,0.003124
TIMOB-13530,0.956634
TIMOB-13529,0.002149
TIMOB-13528,0.003594
TIMOB-13527,0.871475
TIMOB-13525,0.004134
TIMOB-13524,0.00365
TIMOB-13523,0.003765
TIMOB-13522,0.002551
TIMOB-13521,0.003028
TIMOB-13520,0.011072
TIMOB-13518,0.006904
TIMOB-13517,0.00514
TIMOB-13516,0.106319
TIMOB-13515,0.00582
TIMOB-13514,0.002801
TIMOB-13513,0.003173
TIMOB-13512,0.003884
TIMOB-13511,0.003707
TIMOB-13510,0.962391
TIMOB-13509,0.039048
TIMOB-13508,0.008446
TIMOB-13507,0.003273
TIMOB-13506,0.002323
TIMOB-13504,0.005555
TIMOB-13502,0.002591
TIMOB-13501,0.003377
TIMOB-13499,0.00343
TIMOB-13498,0.006904
TIMOB-13497,0.002715
TIMOB-13496,0.002715
TIMOB-13495,0.003075
TIMOB-13494,0.00365
TIMOB-13493,0.995095
TIMOB-13492,0.002183
TIMOB-13491,0.010489
TIMOB-13490,0.191026
TIMOB-13488,0.002715
TIMOB-13487,0.003273
TIMOB-13485,0.002551
TIMOB-13484,0.006098
TIMOB-13483,0.00514
TIMOB-13482,0.002551
TIMOB-13481,0.013223
TIMOB-13480,0.002673
TIMOB-13479,0.003222
TIMOB-13477,0.003173
TIMOB-13476,0.00483
TIMOB-13475,0.026557
TIMOB-13474,0.050331
TIMOB-13472,0.012147
TIMOB-13471,0.012625
TIMOB-13470,0.019569
TIMOB-13469,0.012432
TIMOB-13468,0.021125
TIMOB-13467,0.019871
TIMOB-13466,0.016915
TIMOB-13465,0.016277
TIMOB-13464,0.037047
TIMOB-13463,0.027796
TIMOB-13462,0.716219
TIMOB-13461,0.014842
TIMOB-13460,0.018264
TIMOB-13459,0.046378
TIMOB-13458,0.017177
TIMOB-13457,0.160003
TIMOB-13456,0.207857
TIMOB-13455,0.014729
TIMOB-13454,0.015306
TIMOB-13453,0.020489
TIMOB-13452,0.01142
TIMOB-13451,0.036494
TIMOB-13450,0.019719
TIMOB-13449,0.012821
TIMOB-13448,0.029312
TIMOB-13447,0.00236
TIMOB-13446,0.002397
TIMOB-13444,0.100879
TIMOB-13443,0.010249
TIMOB-13442,0.891055
TIMOB-13441,0.003538
TIMOB-13440,0.00522
TIMOB-13439,0.002473
TIMOB-13438,0.003765
TIMOB-13437,0.002434
TIMOB-13436,0.002981
TIMOB-13435,0.003273
TIMOB-13434,0.003538
TIMOB-13433,0.00365
TIMOB-13432,0.00365
TIMOB-13431,0.003884
TIMOB-13430,0.003124
TIMOB-13429,0.006388
TIMOB-13428,0.003124
TIMOB-13427,0.620507
TIMOB-13426,0.001782
TIMOB-13425,0.840259
TIMOB-13424,0.005385
TIMOB-13423,0.007461
TIMOB-13422,0.003273
TIMOB-13421,0.83762
TIMOB-13420,0.002287
TIMOB-13419,0.096706
TIMOB-13418,0.96641
TIMOB-13417,0.893309
TIMOB-13416,0.027585
TIMOB-13415,0.027585
TIMOB-13414,0.005302
TIMOB-13413,0.00343
TIMOB-13412,0.977543
TIMOB-13410,0.003707
TIMOB-13409,0.003377
TIMOB-13408,0.669421
TIMOB-13407,0.003945
TIMOB-13406,0.003483
TIMOB-13405,0.005642
TIMOB-13404,0.004332
TIMOB-13403,0.003945
TIMOB-13402,0.002473
TIMOB-13401,0.00236
TIMOB-13400,0.003538
TIMOB-13399,0.002397
TIMOB-13398,0.003273
TIMOB-13397,0.512205
TIMOB-13396,0.996777
TIMOB-13395,0.010489
TIMOB-13394,0.801315
TIMOB-13392,0.990292
TIMOB-13391,0.002511
TIMOB-13390,0.247351
TIMOB-13389,0.003124
TIMOB-13388,0.004199
TIMOB-13387,0.986777
TIMOB-13386,0.786295
TIMOB-13385,0.455199
TIMOB-13382,0.021451
TIMOB-13381,0.003765
TIMOB-13380,0.003028
TIMOB-13379,0.991153
TIMOB-13378,0.997242
TIMOB-13377,0.998073
TIMOB-13376,0.007012
TIMOB-13375,0.050705
TIMOB-13374,0.004468
TIMOB-13373,0.003075
TIMOB-13372,0.004982
TIMOB-13371,0.00522
TIMOB-13370,0.00365
TIMOB-13368,0.00506
TIMOB-13367,0.00365
TIMOB-13366,0.024238
TIMOB-13365,0.996727
TIMOB-13364,0.003538
TIMOB-13363,0.003273
TIMOB-13362,0.005385
TIMOB-13361,0.00289
TIMOB-13360,0.945801
TIMOB-13359,0.010408
TIMOB-13358,0.006488
TIMOB-13357,0.004007
TIMOB-13356,0.996406
TIMOB-13355,0.991015
TIMOB-13354,0.003765
TIMOB-13353,0.006388
TIMOB-13351,0.001868
TIMOB-13350,0.003028
TIMOB-13349,0.006004
TIMOB-13348,0.005911
TIMOB-13347,0.01017
TIMOB-13346,0.003884
TIMOB-13343,0.010014
TIMOB-13342,0.00483
TIMOB-13341,0.844922
TIMOB-13340,0.571527
TIMOB-13339,0.973645
TIMOB-13338,0.996972
TIMOB-13337,0.003824
TIMOB-13336,0.007121
TIMOB-13335,0.007012
TIMOB-13334,0.003028
TIMOB-13333,0.00506
TIMOB-13331,0.00289
TIMOB-13330,0.003222
TIMOB-13329,0.310146
TIMOB-13328,0.00483
TIMOB-13327,0.00289
TIMOB-13324,0.002715
TIMOB-13323,0.003222
TIMOB-13321,0.00629
TIMOB-13320,0.002845
TIMOB-13319,0.002935
TIMOB-13318,0.989672
TIMOB-13317,0.980581
TIMOB-13316,0.002715
TIMOB-13315,0.924142
TIMOB-13314,0.004468
TIMOB-13313,0.00506
TIMOB-13312,0.995993
TIMOB-13311,0.989511
TIMOB-13310,0.994531
TIMOB-13309,0.979195
TIMOB-13308,0.006193
TIMOB-13307,0.003483
TIMOB-13306,0.004468
TIMOB-13305,0.004265
TIMOB-13304,0.00181
TIMOB-13303,0.002715
TIMOB-13302,0.974435
TIMOB-13301,0.376165
TIMOB-13300,0.006098
TIMOB-13298,0.00289
TIMOB-13297,0.004134
TIMOB-13296,0.013325
TIMOB-13295,0.00506
TIMOB-13294,0.973443
TIMOB-13293,0.003824
TIMOB-13292,0.003483
TIMOB-13291,0.944995
TIMOB-13290,0.003945
TIMOB-13289,0.00343
TIMOB-13288,0.003173
TIMOB-13287,0.00514
TIMOB-13286,0.002981
TIMOB-13285,0.023509
TIMOB-13284,0.991684
TIMOB-13282,0.004399
TIMOB-13281,0.055005
TIMOB-13280,0.003765
TIMOB-13279,0.006693
TIMOB-13278,0.531209
TIMOB-13277,0.003173
TIMOB-13276,0.007121
TIMOB-13275,0.003075
TIMOB-13274,0.003594
TIMOB-13273,0.942082
TIMOB-13272,0.889912
TIMOB-13271,0.002217
TIMOB-13270,0.010735
TIMOB-13269,0.004332
TIMOB-13268,0.00407
TIMOB-13263,0.002217
TIMOB-13262,0.003483
TIMOB-13261,0.002551
TIMOB-13260,0.605216
TIMOB-13259,0.001957
TIMOB-13258,0.043366
TIMOB-13257,0.002083
TIMOB-13256,0.002051
TIMOB-13255,0.99711
TIMOB-13254,0.969556
TIMOB-13251,0.004468
TIMOB-13250,0.00629
TIMOB-13249,0.982014
TIMOB-13248,0.987568
TIMOB-13247,0.007233
TIMOB-13246,0.995993
TIMOB-13245,0.993902
TIMOB-13244,0.997981
TIMOB-13243,0.002981
TIMOB-13242,0.002715
TIMOB-13241,0.00289
TIMOB-13240,0.00343
TIMOB-13239,0.003075
TIMOB-13238,0.003945
TIMOB-13237,0.003124
TIMOB-13236,0.003028
TIMOB-13235,0.003884
TIMOB-13233,0.016785
TIMOB-13232,0.086942
TIMOB-13231,0.004134
TIMOB-13229,0.00365
TIMOB-13228,0.00573
TIMOB-13226,0.003028
TIMOB-13225,0.162646
TIMOB-13224,0.626467
TIMOB-13223,0.002758
TIMOB-13221,0.00506
TIMOB-13220,0.002323
TIMOB-13219,0.006798
TIMOB-13218,0.00514
TIMOB-13217,0.00461
TIMOB-13216,0.002511
TIMOB-13215,0.002511
TIMOB-13213,0.00365
TIMOB-13209,0.004199
TIMOB-13208,0.005385
TIMOB-13207,0.003028
TIMOB-13206,0.002935
TIMOB-13196,0.218003
TIMOB-13195,0.887205
TIMOB-13194,0.014064
TIMOB-13193,0.974629
TIMOB-13192,0.005385
TIMOB-13191,0.006488
TIMOB-13190,0.00407
TIMOB-13189,0.003483
TIMOB-13188,0.013121
TIMOB-13187,0.238284
TIMOB-13186,0.003173
TIMOB-13185,0.007461
TIMOB-13184,0.005385
TIMOB-13183,0.996517
TIMOB-13182,0.00629
TIMOB-13181,0.007696
TIMOB-13180,0.98983
TIMOB-13178,0.004265
TIMOB-13177,0.003028
TIMOB-13176,0.007696
TIMOB-13175,0.004538
TIMOB-13174,0.003483
TIMOB-13173,0.003124
TIMOB-13172,0.003538
TIMOB-13171,0.003324
TIMOB-13170,0.004134
TIMOB-13168,0.005642
TIMOB-13167,0.004905
TIMOB-13166,0.077797
TIMOB-13165,0.013742
TIMOB-13164,0.00365
TIMOB-13163,0.003483
TIMOB-13162,0.007121
TIMOB-13161,0.006488
TIMOB-13160,0.007577
TIMOB-13159,0.00289
TIMOB-13158,0.00629
TIMOB-13157,0.965119
TIMOB-13155,0.004134
TIMOB-13154,0.469764
TIMOB-13153,0.062789
TIMOB-13151,0.00289
TIMOB-13150,0.005911
TIMOB-13148,0.002673
TIMOB-13147,0.002287
TIMOB-13146,0.003222
TIMOB-13145,0.00365
TIMOB-13144,0.006488
TIMOB-13143,0.004332
TIMOB-13142,0.003538
TIMOB-13141,0.003324
TIMOB-13140,0.002591
TIMOB-13139,0.00289
TIMOB-13138,0.006098
TIMOB-13137,0.003124
TIMOB-13136,0.004199
TIMOB-13135,0.972623
TIMOB-13134,0.00343
TIMOB-13133,0.992654
TIMOB-13132,0.003483
TIMOB-13131,0.018264
TIMOB-13130,0.004682
TIMOB-13129,0.00522
TIMOB-13128,0.007877
TIMOB-13127,0.00289
TIMOB-13126,0.003222
TIMOB-13125,0.242744
TIMOB-13122,0.004134
TIMOB-13121,0.003377
TIMOB-13120,0.004199
TIMOB-13116,0.002935
TIMOB-13115,0.00407
TIMOB-13114,0.002551
TIMOB-13113,0.007938
TIMOB-13112,0.002801
TIMOB-13111,0.002935
TIMOB-13110,0.002981
TIMOB-13109,0.061424
TIMOB-13108,0.081813
TIMOB-13104,0.002511
TIMOB-13103,0.002591
TIMOB-13102,0.002935
TIMOB-13101,0.004199
TIMOB-13100,0.07921
TIMOB-13099,0.006004
TIMOB-13098,0.003824
TIMOB-13097,0.005469
TIMOB-13095,0.003765
TIMOB-13094,0.00343
TIMOB-13093,0.002981
TIMOB-13092,0.002981
TIMOB-13091,0.002591
TIMOB-13088,0.996235
TIMOB-13086,0.008847
TIMOB-13085,0.003884
TIMOB-13084,0.004199
TIMOB-13083,0.005911
TIMOB-13082,0.660063
TIMOB-13081,0.004332
TIMOB-13080,0.007461
TIMOB-13079,0.006004
TIMOB-13078,0.003483
TIMOB-13077,0.004982
TIMOB-13075,0.00483
TIMOB-13074,0.00343
TIMOB-13073,0.004538
TIMOB-13072,0.002801
TIMOB-13071,0.002673
TIMOB-13070,0.862468
TIMOB-13069,0.003377
TIMOB-13068,0.00289
TIMOB-13067,0.004905
TIMOB-13066,0.00289
TIMOB-13065,0.989182
TIMOB-13064,0.003173
TIMOB-13063,0.00181
TIMOB-13061,0.002591
TIMOB-13060,0.001927
TIMOB-13059,0.003824
TIMOB-13058,0.005385
TIMOB-13057,0.003273
TIMOB-13056,0.003273
TIMOB-13055,0.002981
TIMOB-13054,0.506347
TIMOB-13053,0.795658
TIMOB-13052,0.002845
TIMOB-13051,0.002758
TIMOB-13050,0.00236
TIMOB-13049,0.007461
TIMOB-13048,0.002252
TIMOB-13046,0.002632
TIMOB-13045,0.002935
TIMOB-13044,0.004332
TIMOB-13043,0.005469
TIMOB-13040,0.029535
TIMOB-13039,0.002323
TIMOB-13037,0.002935
TIMOB-13036,0.00343
TIMOB-13035,0.010735
TIMOB-13034,0.004682
TIMOB-13032,0.00838
TIMOB-13031,0.003765
TIMOB-13030,0.002551
TIMOB-13029,0.009055
TIMOB-13027,0.002632
TIMOB-13026,0.006904
TIMOB-13025,0.008577
TIMOB-13022,0.002981
TIMOB-13021,0.003273
TIMOB-13020,0.145601
TIMOB-13019,0.117167
TIMOB-13018,0.008847
TIMOB-13017,0.002116
TIMOB-13016,0.004982
TIMOB-13015,0.631282
TIMOB-13014,0.014616
TIMOB-13013,0.458106
TIMOB-13012,0.00461
TIMOB-13011,0.024423
TIMOB-13010,0.003884
TIMOB-13007,0.004755
TIMOB-13006,0.003824
TIMOB-13005,0.005302
TIMOB-13004,0.006388
TIMOB-13003,0.990441
TIMOB-13002,0.002287
TIMOB-13001,0.002673
TIMOB-13000,0.003324
TIMOB-12999,0.982823
TIMOB-12997,0.019569
TIMOB-12996,0.002083
TIMOB-12995,0.493164
TIMOB-12994,0.003538
TIMOB-12993,0.00365
TIMOB-12992,0.003707
TIMOB-12991,0.295179
TIMOB-12989,0.003538
TIMOB-12988,0.002632
TIMOB-12987,0.049959
TIMOB-12986,0.990874
TIMOB-12985,0.018125
TIMOB-12984,0.04778
TIMOB-12983,0.022629
TIMOB-12982,0.021125
TIMOB-12981,0.004468
TIMOB-12980,0.002591
TIMOB-12979,0.063251
TIMOB-12978,0.092033
TIMOB-12974,0.918187
TIMOB-12970,0.938124
TIMOB-12969,0.005385
TIMOB-12968,0.99711
TIMOB-12967,0.004134
TIMOB-12966,0.996972
TIMOB-12965,0.003273
TIMOB-12964,0.004538
TIMOB-12963,0.008316
TIMOB-12962,0.004007
TIMOB-12960,0.00483
TIMOB-12959,0.046034
TIMOB-12958,0.281406
TIMOB-12957,0.828662
TIMOB-12956,0.226784
TIMOB-12955,0.023871
TIMOB-12954,0.017577
TIMOB-12953,0.024798
TIMOB-12952,0.036769
TIMOB-12951,0.026156
TIMOB-12950,0.026759
TIMOB-12949,0.026557
TIMOB-12948,0.030444
TIMOB-12947,0.950041
TIMOB-12946,0.396535
TIMOB-12945,0.15662
TIMOB-12944,0.995735
TIMOB-12943,0.036494
TIMOB-12941,0.008316
TIMOB-12939,0.003824
TIMOB-12938,0.00514
TIMOB-12937,0.022117
TIMOB-12936,0.997242
TIMOB-12935,0.897695
TIMOB-12934,0.006193
TIMOB-12933,0.016153
TIMOB-12932,0.014842
TIMOB-12931,0.004682
TIMOB-12930,0.696165
TIMOB-12928,0.990732
TIMOB-12927,0.982691
TIMOB-12926,0.996925
TIMOB-12925,0.892187
TIMOB-12924,0.003028
TIMOB-12923,0.003075
TIMOB-12922,0.004982
TIMOB-12921,0.01292
TIMOB-12920,0.004199
TIMOB-12919,0.004134
TIMOB-12918,0.997713
TIMOB-12917,0.006004
TIMOB-12901,0.006904
TIMOB-12900,0.002758
TIMOB-12899,0.003538
TIMOB-12898,0.006388
TIMOB-12897,0.017577
TIMOB-12896,0.002252
TIMOB-12895,0.005642
TIMOB-12893,0.003075
TIMOB-12892,0.00659
TIMOB-12891,0.003765
TIMOB-12888,0.008511
TIMOB-12887,0.014729
TIMOB-12886,0.003028
TIMOB-12885,0.003594
TIMOB-12884,0.003824
TIMOB-12883,0.002845
TIMOB-12882,0.99418
TIMOB-12881,0.004905
TIMOB-12880,0.002632
TIMOB-12879,0.963506
TIMOB-12878,0.059866
TIMOB-12877,0.023689
TIMOB-12876,0.479991
TIMOB-12875,0.057282
TIMOB-12874,0.028871
TIMOB-12873,0.018978
TIMOB-12872,0.002551
TIMOB-12871,0.003075
TIMOB-12870,0.004007
TIMOB-12869,0.112795
TIMOB-12868,0.010818
TIMOB-12867,0.009634
TIMOB-12866,0.871475
TIMOB-12865,0.124639
TIMOB-12864,0.089455
TIMOB-12863,0.038178
TIMOB-12862,0.028008
TIMOB-12861,0.003173
TIMOB-12860,0.003324
TIMOB-12859,0.003594
TIMOB-12858,0.010987
TIMOB-12857,0.004199
TIMOB-12856,0.215021
TIMOB-12855,0.911495
TIMOB-12854,0.002935
TIMOB-12853,0.031144
TIMOB-12852,0.912436
TIMOB-12851,0.959154
TIMOB-12848,0.004468
TIMOB-12847,0.003884
TIMOB-12846,0.003945
TIMOB-12844,0.007346
TIMOB-12843,0.007577
TIMOB-12842,0.004538
TIMOB-12841,0.002845
TIMOB-12840,0.004682
TIMOB-12839,0.002981
TIMOB-12838,0.002981
TIMOB-12837,0.00522
TIMOB-12836,0.004199
TIMOB-12835,0.007121
TIMOB-12834,0.010014
TIMOB-12833,0.991015
TIMOB-12832,0.00629
TIMOB-12830,0.005555
TIMOB-12829,0.151781
TIMOB-12828,0.007346
TIMOB-12827,0.046034
TIMOB-12825,0.005302
TIMOB-12824,0.615781
TIMOB-12822,0.003222
TIMOB-12821,0.086016
TIMOB-12820,0.946597
TIMOB-12819,0.011245
TIMOB-12818,0.013849
TIMOB-12817,0.002758
TIMOB-12816,0.006388
TIMOB-12815,0.021125
TIMOB-12814,0.002935
TIMOB-12813,0.002434
TIMOB-12812,0.805326
TIMOB-12810,0.009634
TIMOB-12809,0.004399
TIMOB-12806,0.984575
TIMOB-12804,0.004199
TIMOB-12803,0.003945
TIMOB-12802,0.917893
TIMOB-12801,0.869271
TIMOB-12800,0.298083
TIMOB-12799,0.665193
TIMOB-12798,0.00461
TIMOB-12797,0.003538
TIMOB-12796,0.003377
TIMOB-12795,0.016277
TIMOB-12794,0.010902
TIMOB-12792,0.007756
TIMOB-12791,0.002801
TIMOB-12790,0.002673
TIMOB-12789,0.004332
TIMOB-12788,0.07056
TIMOB-12787,0.021781
TIMOB-12786,0.484868
TIMOB-12784,0.005642
TIMOB-12783,0.002801
TIMOB-12782,0.003075
TIMOB-12781,0.002715
TIMOB-12780,0.010328
TIMOB-12779,0.004007
TIMOB-12778,0.003594
TIMOB-12777,0.003124
TIMOB-12776,0.003124
TIMOB-12775,0.042404
TIMOB-12774,0.984575
TIMOB-12773,0.006388
TIMOB-12772,0.00461
TIMOB-12771,0.003765
TIMOB-12770,0.005385
TIMOB-12769,0.00838
TIMOB-12768,0.022977
TIMOB-12767,0.417271
TIMOB-12766,0.003028
TIMOB-12765,0.010735
TIMOB-12764,0.004755
TIMOB-12763,0.002981
TIMOB-12762,0.011961
TIMOB-12761,0.003173
TIMOB-12760,0.002715
TIMOB-12759,0.002083
TIMOB-12758,0.004682
TIMOB-12757,0.005911
TIMOB-12756,0.006693
TIMOB-12755,0.00506
TIMOB-12754,0.033844
TIMOB-12753,0.003538
TIMOB-12752,0.003884
TIMOB-12751,0.00343
TIMOB-12750,0.003273
TIMOB-12748,0.002801
TIMOB-12747,0.002845
TIMOB-12746,0.993996
TIMOB-12745,0.008644
TIMOB-12744,0.002632
TIMOB-12743,0.002801
TIMOB-12742,0.002673
TIMOB-12741,0.004007
TIMOB-12740,0.003538
TIMOB-12739,0.002673
TIMOB-12738,0.039937
TIMOB-12737,0.004682
TIMOB-12736,0.003824
TIMOB-12735,0.046034
TIMOB-12734,0.003594
TIMOB-12733,0.00289
TIMOB-12732,0.022117
TIMOB-12731,0.9659
TIMOB-12730,0.181263
TIMOB-12729,0.178956
TIMOB-12728,0.00461
TIMOB-12727,0.00582
TIMOB-12726,0.002323
TIMOB-12725,0.003765
TIMOB-12724,0.001927
TIMOB-12723,0.981875
TIMOB-12722,0.006193
TIMOB-12721,0.032101
TIMOB-12720,0.989182
TIMOB-12719,0.016403
TIMOB-12718,0.010653
TIMOB-12717,0.002511
TIMOB-12716,0.006004
TIMOB-12715,0.048858
TIMOB-12714,0.002434
TIMOB-12713,0.004265
TIMOB-12712,0.002511
TIMOB-12711,0.281998
TIMOB-12710,0.003028
TIMOB-12709,0.002758
TIMOB-12708,0.003124
TIMOB-12707,0.00236
TIMOB-12706,0.002673
TIMOB-12705,0.026355
TIMOB-12704,0.084191
TIMOB-12703,0.023509
TIMOB-12702,0.012147
TIMOB-12701,0.012625
TIMOB-12700,0.019569
TIMOB-12699,0.012432
TIMOB-12698,0.021125
TIMOB-12697,0.019871
TIMOB-12696,0.016915
TIMOB-12695,0.015189
TIMOB-12694,0.037047
TIMOB-12693,0.027796
TIMOB-12692,0.716219
TIMOB-12691,0.014842
TIMOB-12690,0.018264
TIMOB-12689,0.046378
TIMOB-12688,0.017177
TIMOB-12687,0.160003
TIMOB-12686,0.207857
TIMOB-12685,0.014729
TIMOB-12684,0.015306
TIMOB-12683,0.017177
TIMOB-12682,0.010653
TIMOB-12681,0.036494
TIMOB-12680,0.019719
TIMOB-12679,0.012723
TIMOB-12678,0.029312
TIMOB-12677,0.00289
TIMOB-12676,0.004982
TIMOB-12675,0.00582
TIMOB-12674,0.004905
TIMOB-12673,0.165323
TIMOB-12672,0.012528
TIMOB-12671,0.002632
TIMOB-12670,0.004265
TIMOB-12669,0.003538
TIMOB-12668,0.003538
TIMOB-12667,0.003273
TIMOB-12666,0.01017
TIMOB-12665,0.002801
TIMOB-12664,0.037327
TIMOB-12663,0.003377
TIMOB-12662,0.004538
TIMOB-12661,0.99711
TIMOB-12660,0.735642
TIMOB-12659,0.752377
TIMOB-12658,0.002473
TIMOB-12657,0.002434
TIMOB-12656,0.00236
TIMOB-12655,0.003324
TIMOB-12654,0.090414
TIMOB-12653,0.003173
TIMOB-12652,0.003824
TIMOB-12651,0.978549
TIMOB-12650,0.003884
TIMOB-12649,0.923592
TIMOB-12648,0.944177
TIMOB-12647,0.003945
TIMOB-12646,0.002323
TIMOB-12645,0.984811
TIMOB-12644,0.970688
TIMOB-12643,0.007938
TIMOB-12642,0.829492
TIMOB-12641,0.871912
TIMOB-12639,0.004007
TIMOB-12637,0.002981
TIMOB-12636,0.002981
TIMOB-12633,0.012147
TIMOB-12632,0.975577
TIMOB-12631,0.011508
TIMOB-12630,0.001839
TIMOB-12629,0.037327
TIMOB-12628,0.047074
TIMOB-12627,0.037892
TIMOB-12626,0.016785
TIMOB-12625,0.002551
TIMOB-12623,0.92523
TIMOB-12621,0.003124
TIMOB-12620,0.002632
TIMOB-12619,0.002591
TIMOB-12618,0.99494
TIMOB-12617,0.006098
TIMOB-12616,0.002715
TIMOB-12615,0.003124
TIMOB-12613,0.003707
TIMOB-12612,0.004134
TIMOB-12611,0.003538
TIMOB-12610,0.699049
TIMOB-12609,0.003765
TIMOB-12607,0.003324
TIMOB-12606,0.004199
TIMOB-12605,0.003377
TIMOB-12604,0.00573
TIMOB-12603,0.004468
TIMOB-12601,0.017177
TIMOB-12600,0.00582
TIMOB-12599,0.002845
TIMOB-12598,0.003884
TIMOB-12597,0.002715
TIMOB-12596,0.004265
TIMOB-12594,0.932944
TIMOB-12593,0.00289
TIMOB-12592,0.22627
TIMOB-12591,0.004399
TIMOB-12590,0.010489
TIMOB-12589,0.003028
TIMOB-12588,0.002434
TIMOB-12587,0.005911
TIMOB-12586,0.00365
TIMOB-12585,0.00289
TIMOB-12584,0.971129
TIMOB-12583,0.831691
TIMOB-12582,0.347316
TIMOB-12578,0.009634
TIMOB-12577,0.002845
TIMOB-12576,0.002845
TIMOB-12574,0.00343
TIMOB-12573,0.002551
TIMOB-12572,0.002551
TIMOB-12571,0.406037
TIMOB-12570,0.624752
TIMOB-12569,0.989347
TIMOB-12568,0.003124
TIMOB-12567,0.002511
TIMOB-12566,0.990292
TIMOB-12565,0.004468
TIMOB-12563,0.004199
TIMOB-12562,0.003377
TIMOB-12561,0.002632
TIMOB-12560,0.006904
TIMOB-12559,0.004468
TIMOB-12558,0.99593
TIMOB-12556,0.329607
TIMOB-12555,0.00289
TIMOB-12554,0.004468
TIMOB-12553,0.992423
TIMOB-12552,0.239172
TIMOB-12551,0.92079
TIMOB-12550,0.006098
TIMOB-12549,0.004265
TIMOB-12548,0.003483
TIMOB-12547,0.003324
TIMOB-12546,0.004538
TIMOB-12545,0.004134
TIMOB-12544,0.003483
TIMOB-12543,0.991015
TIMOB-12542,0.007577
TIMOB-12541,0.002323
TIMOB-12539,0.644449
TIMOB-12538,0.002935
TIMOB-12537,0.029987
TIMOB-12536,0.002083
TIMOB-12535,0.010328
TIMOB-12534,0.044349
TIMOB-12532,0.002801
TIMOB-12531,0.002845
TIMOB-12530,0.00236
TIMOB-12529,0.982014
TIMOB-12528,0.018547
TIMOB-12527,0.427277
TIMOB-12526,0.037047
TIMOB-12525,0.004265
TIMOB-12524,0.834407
TIMOB-12523,0.002434
TIMOB-12522,0.004682
TIMOB-12520,0.003173
TIMOB-12519,0.004007
TIMOB-12518,0.003824
TIMOB-12517,0.003538
TIMOB-12516,0.725649
TIMOB-12515,0.052231
TIMOB-12514,0.006098
TIMOB-12513,0.908618
TIMOB-12512,0.002323
TIMOB-12511,0.017986
TIMOB-12510,0.007816
TIMOB-12509,0.985043
TIMOB-12508,0.003483
TIMOB-12507,0.022977
TIMOB-12506,0.00629
TIMOB-12505,0.00629
TIMOB-12504,0.52975
TIMOB-12502,0.972204
TIMOB-12501,0.00582
TIMOB-12500,0.002758
TIMOB-12499,0.002935
TIMOB-12498,0.031619
TIMOB-12497,0.002935
TIMOB-12496,0.003075
TIMOB-12495,0.002591
TIMOB-12494,0.002591
TIMOB-12493,0.003824
TIMOB-12492,0.002632
TIMOB-12491,0.00181
TIMOB-12490,0.00407
TIMOB-12488,0.006693
TIMOB-12487,0.004755
TIMOB-12486,0.003538
TIMOB-12485,0.010328
TIMOB-12484,0.012336
TIMOB-12483,0.029987
TIMOB-12482,0.274546
TIMOB-12481,0.002287
TIMOB-12479,0.078926
TIMOB-12478,0.007233
TIMOB-12477,0.003124
TIMOB-12470,0.007938
TIMOB-12468,0.004755
TIMOB-12467,0.004399
TIMOB-12466,0.003594
TIMOB-12465,0.907967
TIMOB-12464,0.021451
TIMOB-12463,0.010091
TIMOB-12462,0.009559
TIMOB-12461,0.009936
TIMOB-12460,0.010249
TIMOB-12459,0.002551
TIMOB-12458,0.034359
TIMOB-12457,0.003945
TIMOB-12456,0.00986
TIMOB-12455,0.010249
TIMOB-12453,0.010902
TIMOB-12452,0.005555
TIMOB-12451,0.002845
TIMOB-12450,0.003765
TIMOB-12449,0.002551
TIMOB-12448,0.006004
TIMOB-12447,0.004265
TIMOB-12446,0.004538
TIMOB-12445,0.895523
TIMOB-12444,0.412057
TIMOB-12443,0.002632
TIMOB-12442,0.017849
TIMOB-12441,0.003222
TIMOB-12440,0.002632
TIMOB-12439,0.951142
TIMOB-12438,0.004265
TIMOB-12437,0.00407
TIMOB-12436,0.001988
TIMOB-12435,0.005385
TIMOB-12434,0.002758
TIMOB-12433,0.007233
TIMOB-12432,0.056652
TIMOB-12430,0.00514
TIMOB-12429,0.006488
TIMOB-12427,0.202759
TIMOB-12426,0.947381
TIMOB-12425,0.005642
TIMOB-12424,0.003222
TIMOB-12423,0.663461
TIMOB-12422,0.004134
TIMOB-12421,0.004755
TIMOB-12420,0.972831
TIMOB-12419,0.309018
TIMOB-12418,0.056444
TIMOB-12417,0.00289
TIMOB-12416,0.002845
TIMOB-12415,0.025957
TIMOB-12414,0.983597
TIMOB-12413,0.002632
TIMOB-12412,0.004199
TIMOB-12411,0.004007
TIMOB-12410,0.806853
TIMOB-12409,0.325199
TIMOB-12408,0.014957
TIMOB-12407,0.003538
TIMOB-12406,0.957278
TIMOB-12405,0.010902
TIMOB-12404,0.004755
TIMOB-12403,0.007461
TIMOB-12402,0.01017
TIMOB-12401,0.003945
TIMOB-12400,0.011508
TIMOB-12399,0.00461
TIMOB-12398,0.00407
TIMOB-12397,0.002323
TIMOB-12396,0.981736
TIMOB-12395,0.991684
TIMOB-12394,0.004468
TIMOB-12393,0.003222
TIMOB-12392,0.006193
TIMOB-12391,0.006693
TIMOB-12390,0.011597
TIMOB-12387,0.003824
TIMOB-12386,0.003028
TIMOB-12380,0.003124
TIMOB-12379,0.00986
TIMOB-12378,0.004755
TIMOB-12377,0.003765
TIMOB-12376,0.00573
TIMOB-12375,0.00407
TIMOB-12373,0.005642
TIMOB-12372,0.002758
TIMOB-12371,0.559531
TIMOB-12370,0.993203
TIMOB-12369,0.015189
TIMOB-12368,0.011687
TIMOB-12367,0.506347
TIMOB-12366,0.003273
TIMOB-12365,0.005642
TIMOB-12364,0.003824
TIMOB-12363,0.003594
TIMOB-12362,0.003538
TIMOB-12361,0.003273
TIMOB-12360,0.021781
TIMOB-12359,0.00483
TIMOB-12358,0.003483
TIMOB-12356,0.004332
TIMOB-12355,0.016403
TIMOB-12354,0.067547
TIMOB-12352,0.019124
TIMOB-12351,0.560253
TIMOB-12350,0.969091
TIMOB-12349,0.988842
TIMOB-12348,0.005385
TIMOB-12347,0.979195
TIMOB-12346,0.012625
TIMOB-12345,0.520984
TIMOB-12344,0.012054
TIMOB-12343,0.011869
TIMOB-12342,0.011778
TIMOB-12341,0.011961
TIMOB-12340,0.011961
TIMOB-12339,0.011508
TIMOB-12338,0.011245
TIMOB-12337,0.011961
TIMOB-12336,0.011508
TIMOB-12335,0.011961
TIMOB-12334,0.003765
TIMOB-12333,0.003028
TIMOB-12331,0.022803
TIMOB-12330,0.142232
TIMOB-12329,0.985936
TIMOB-12328,0.002149
TIMOB-12327,0.003028
TIMOB-12326,0.002551
TIMOB-12324,0.022286
TIMOB-12323,0.002845
TIMOB-12322,0.003707
TIMOB-12321,0.985496
TIMOB-12320,0.011687
TIMOB-12319,0.012054
TIMOB-12318,0.011597
TIMOB-12317,0.01142
TIMOB-12316,0.011778
TIMOB-12315,0.011508
TIMOB-12314,0.853425
TIMOB-12313,0.00514
TIMOB-12312,0.006693
TIMOB-12309,0.011687
TIMOB-12308,0.015073
TIMOB-12307,0.021948
TIMOB-12306,0.989182
TIMOB-12305,0.013742
TIMOB-12304,0.839208
TIMOB-12303,0.991812
TIMOB-12302,0.011508
TIMOB-12301,0.011245
TIMOB-12300,0.011158
TIMOB-12299,0.01142
TIMOB-12298,0.012625
TIMOB-12297,0.046034
TIMOB-12296,0.011597
TIMOB-12295,0.922482
TIMOB-12294,0.995318
TIMOB-12293,0.089455
TIMOB-12292,0.004982
TIMOB-12291,0.978713
TIMOB-12290,0.009708
TIMOB-12289,0.004468
TIMOB-12287,0.003945
TIMOB-12286,0.004538
TIMOB-12285,0.014282
TIMOB-12284,0.003028
TIMOB-12283,0.002981
TIMOB-12282,0.004982
TIMOB-12281,0.638948
TIMOB-12280,0.003707
TIMOB-12279,0.00514
TIMOB-12275,0.002715
TIMOB-12274,0.99341
TIMOB-12273,0.519521
TIMOB-12272,0.989511
TIMOB-12270,0.004199
TIMOB-12269,0.086942
TIMOB-12268,0.005555
TIMOB-12265,0.003075
TIMOB-12264,0.00365
TIMOB-12263,0.747247
TIMOB-12262,0.095013
TIMOB-12260,0.970688
TIMOB-12259,0.993996
TIMOB-12258,0.106319
TIMOB-12257,0.976847
TIMOB-12256,0.892187
TIMOB-12253,0.080937
TIMOB-12252,0.987759
TIMOB-12251,0.164785
TIMOB-12249,0.004134
TIMOB-12248,0.006004
TIMOB-12247,0.004538
TIMOB-12246,0.002935
TIMOB-12245,0.885235
TIMOB-12244,0.002149
TIMOB-12243,0.002551
TIMOB-12242,0.002801
TIMOB-12241,0.007121
TIMOB-12239,0.91848
TIMOB-12238,0.631708
TIMOB-12237,0.802556
TIMOB-12236,0.216674
TIMOB-12235,0.675444
TIMOB-12234,0.439747
TIMOB-12233,0.047426
TIMOB-12232,0.993096
TIMOB-12231,0.002981
TIMOB-12230,0.644784
TIMOB-12229,0.428712
TIMOB-12228,0.66454
TIMOB-12227,0.223377
TIMOB-12226,0.673192
TIMOB-12225,0.462716
TIMOB-12224,0.407333
TIMOB-12223,0.292393
TIMOB-12221,0.00483
TIMOB-12220,0.003075
TIMOB-12218,0.082697
TIMOB-12217,0.00629
TIMOB-12216,0.699665
TIMOB-12215,0.499512
TIMOB-12214,0.354014
TIMOB-12213,0.289573
TIMOB-12210,0.814938
TIMOB-12209,0.004905
TIMOB-12207,0.176388
TIMOB-12206,0.00365
TIMOB-12205,0.078642
TIMOB-12204,0.003707
TIMOB-12203,0.004399
TIMOB-12202,0.003824
TIMOB-12201,0.003173
TIMOB-12196,0.780997
TIMOB-12195,0.42919
TIMOB-12194,0.023331
TIMOB-12189,0.003173
TIMOB-12187,0.225417
TIMOB-12186,0.953275
TIMOB-12185,0.896976
TIMOB-12177,0.803791
TIMOB-12176,0.705379
TIMOB-12175,0.613931
TIMOB-12174,0.003765
TIMOB-12173,0.00407
TIMOB-12172,0.855851
TIMOB-12170,0.003075
TIMOB-12169,0.00582
TIMOB-12168,0.004538
TIMOB-12167,0.003884
TIMOB-12166,0.168857
TIMOB-12164,0.009559
TIMOB-12162,0.009936
TIMOB-12161,0.00461
TIMOB-12160,0.006193
TIMOB-12159,0.008847
TIMOB-12157,0.002935
TIMOB-12156,0.002845
TIMOB-12155,0.011508
TIMOB-12154,0.011508
TIMOB-12153,0.00236
TIMOB-12152,0.003884
TIMOB-12151,0.002551
TIMOB-12149,0.006693
TIMOB-12148,0.003707
TIMOB-12147,0.00407
TIMOB-12146,0.003377
TIMOB-12145,0.165593
TIMOB-12143,0.978219
TIMOB-12141,0.006004
TIMOB-12140,0.997409
TIMOB-12139,0.005302
TIMOB-12138,0.973443
TIMOB-12137,0.998245
TIMOB-12136,0.011869
TIMOB-12135,0.003173
TIMOB-12134,0.002252
TIMOB-12133,0.003765
TIMOB-12132,0.992423
TIMOB-12131,0.026759
TIMOB-12130,0.944995
TIMOB-12129,0.003884
TIMOB-12128,0.025957
TIMOB-12127,0.550849
TIMOB-12125,0.414188
TIMOB-12124,0.003538
TIMOB-12123,0.017045
TIMOB-12122,0.03138
TIMOB-12121,0.134776
TIMOB-12120,0.002845
TIMOB-12119,0.004199
TIMOB-12118,0.792946
TIMOB-12117,0.003028
TIMOB-12116,0.670716
TIMOB-12115,0.005642
TIMOB-12114,0.003273
TIMOB-12113,0.002632
TIMOB-12112,0.040541
TIMOB-12111,0.00629
TIMOB-12110,0.00289
TIMOB-12108,0.702326
TIMOB-12107,0.010735
TIMOB-12106,0.00236
TIMOB-12105,0.004682
TIMOB-12104,0.003273
TIMOB-12103,0.00461
TIMOB-12102,0.003173
TIMOB-12099,0.039639
TIMOB-12098,0.422028
TIMOB-12097,0.018264
TIMOB-12096,0.005385
TIMOB-12095,0.003483
TIMOB-12094,0.006098
TIMOB-12093,0.004468
TIMOB-12092,0.005385
TIMOB-12091,0.00343
TIMOB-12090,0.004399
TIMOB-12089,0.73029
TIMOB-12088,0.013637
TIMOB-12086,0.003483
TIMOB-12085,0.001957
TIMOB-12084,0.002287
TIMOB-12083,0.022117
TIMOB-12082,0.003538
TIMOB-12079,0.004007
TIMOB-12070,0.008316
TIMOB-12069,0.005302
TIMOB-12067,0.019124
TIMOB-12066,0.005302
TIMOB-12065,0.026355
TIMOB-12064,0.084795
TIMOB-12063,0.023509
TIMOB-12062,0.012147
TIMOB-12061,0.012625
TIMOB-12060,0.019569
TIMOB-12059,0.012432
TIMOB-12058,0.021125
TIMOB-12057,0.019871
TIMOB-12056,0.016915
TIMOB-12055,0.022286
TIMOB-12054,0.037047
TIMOB-12053,0.027796
TIMOB-12052,0.716219
TIMOB-12051,0.014842
TIMOB-12050,0.046378
TIMOB-12049,0.017177
TIMOB-12048,0.160003
TIMOB-12047,0.207857
TIMOB-12046,0.014729
TIMOB-12045,0.016153
TIMOB-12044,0.016785
TIMOB-12043,0.010818
TIMOB-12042,0.036494
TIMOB-12041,0.019719
TIMOB-12040,0.013223
TIMOB-12039,0.029312
TIMOB-12037,0.001957
TIMOB-12036,0.005555
TIMOB-12035,0.003824
TIMOB-12034,0.012147
TIMOB-12033,0.003594
TIMOB-12032,0.009708
TIMOB-12030,0.005642
TIMOB-12029,0.002217
TIMOB-12028,0.002217
TIMOB-12027,0.00236
TIMOB-12026,0.01302
TIMOB-12025,0.988668
TIMOB-12024,0.004007
TIMOB-12022,0.002845
TIMOB-12021,0.004399
TIMOB-12020,0.00289
TIMOB-12019,0.963231
TIMOB-12018,0.009413
TIMOB-12017,0.993807
TIMOB-12016,0.989013
TIMOB-12015,0.004982
TIMOB-12014,0.003765
TIMOB-12013,0.013121
TIMOB-12012,0.004265
TIMOB-12011,0.00289
TIMOB-12010,0.017309
TIMOB-12009,0.955981
TIMOB-12008,0.003594
TIMOB-12007,0.003222
TIMOB-12006,0.004682
TIMOB-12005,0.179243
TIMOB-12004,0.004682
TIMOB-12003,0.002673
TIMOB-12002,0.012054
TIMOB-12001,0.004755
TIMOB-12000,0.007012
TIMOB-11999,0.00522
TIMOB-11998,0.002397
TIMOB-11997,0.003222
TIMOB-11996,0.028436
TIMOB-11995,0.00986
TIMOB-11994,0.003824
TIMOB-11993,0.007233
TIMOB-11991,0.002845
TIMOB-11990,0.002981
TIMOB-11989,0.007938
TIMOB-11988,0.991938
TIMOB-11987,0.015306
TIMOB-11986,0.004982
TIMOB-11985,0.008125
TIMOB-11984,0.003594
TIMOB-11983,0.002801
TIMOB-11982,0.004682
TIMOB-11981,0.002551
TIMOB-11979,0.004265
TIMOB-11978,0.00483
TIMOB-11977,0.002252
TIMOB-11976,0.067547
TIMOB-11975,0.984811
TIMOB-11974,0.008252
TIMOB-11973,0.003273
TIMOB-11972,0.00522
TIMOB-11971,0.003028
TIMOB-11970,0.00236
TIMOB-11969,0.002673
TIMOB-11968,0.003945
TIMOB-11967,0.012241
TIMOB-11966,0.002217
TIMOB-11965,0.004332
TIMOB-11964,0.008188
TIMOB-11963,0.958538
TIMOB-11962,0.00236
TIMOB-11961,0.003884
TIMOB-11960,0.002116
TIMOB-11959,0.004134
TIMOB-11956,0.004199
TIMOB-11955,0.00659
TIMOB-11954,0.002845
TIMOB-11953,0.703549
TIMOB-11952,0.002715
TIMOB-11951,0.002845
TIMOB-11950,0.005302
TIMOB-11949,0.00343
TIMOB-11948,0.026156
TIMOB-11947,0.984336
TIMOB-11946,0.989347
TIMOB-11945,0.003273
TIMOB-11944,0.003028
TIMOB-11943,0.002758
TIMOB-11942,0.00483
TIMOB-11941,0.004134
TIMOB-11940,0.002217
TIMOB-11939,0.100172
TIMOB-11937,0.003824
TIMOB-11936,0.004007
TIMOB-11935,0.025565
TIMOB-11934,0.712832
TIMOB-11933,0.028221
TIMOB-11932,0.489992
TIMOB-11931,0.061876
TIMOB-11930,0.379953
TIMOB-11929,0.015189
TIMOB-11928,0.771843
TIMOB-11927,0.014064
TIMOB-11926,0.00582
TIMOB-11925,0.014504
TIMOB-11924,0.007577
TIMOB-11923,0.038178
TIMOB-11922,0.015785
TIMOB-11921,0.009197
TIMOB-11919,0.014392
TIMOB-11918,0.003483
TIMOB-11917,0.00573
TIMOB-11916,0.003028
TIMOB-11915,0.004468
TIMOB-11913,0.836555
TIMOB-11912,0.002511
TIMOB-11911,0.023509
TIMOB-11910,0.003377
TIMOB-11908,0.969091
TIMOB-11907,0.005302
TIMOB-11906,0.004199
TIMOB-11905,0.003594
TIMOB-11904,0.003538
TIMOB-11903,0.002632
TIMOB-11902,0.887205
TIMOB-11901,0.005469
TIMOB-11900,0.00289
TIMOB-11899,0.00289
TIMOB-11898,0.990292
TIMOB-11897,0.010902
TIMOB-11896,0.002323
TIMOB-11895,0.004332
TIMOB-11894,0.00343
TIMOB-11893,0.00483
TIMOB-11892,0.932944
TIMOB-11891,0.005302
TIMOB-11890,0.020804
TIMOB-11889,0.012054
TIMOB-11888,0.002434
TIMOB-11887,0.00522
TIMOB-11886,0.005642
TIMOB-11885,0.006098
TIMOB-11884,0.00407
TIMOB-11883,0.00659
TIMOB-11882,0.006193
TIMOB-11881,0.004265
TIMOB-11880,0.002287
TIMOB-11878,0.003707
TIMOB-11877,0.003324
TIMOB-11876,0.080937
TIMOB-11875,0.003765
TIMOB-11874,0.950778
TIMOB-11873,0.003173
TIMOB-11872,0.985496
TIMOB-11871,0.003124
TIMOB-11870,0.175821
TIMOB-11869,0.00573
TIMOB-11868,0.003538
TIMOB-11867,0.00514
TIMOB-11866,0.002551
TIMOB-11865,0.002845
TIMOB-11864,0.003075
TIMOB-11863,0.001648
TIMOB-11862,0.004982
TIMOB-11861,0.002935
TIMOB-11859,0.002758
TIMOB-11858,0.744285
TIMOB-11857,0.976669
TIMOB-11856,0.003884
TIMOB-11855,0.00629
TIMOB-11854,0.002434
TIMOB-11853,0.002758
TIMOB-11852,0.002758
TIMOB-11851,0.00289
TIMOB-11850,0.016153
TIMOB-11849,0.028436
TIMOB-11848,0.06256
TIMOB-11847,0.03138
TIMOB-11846,0.003483
TIMOB-11845,0.318936
TIMOB-11844,0.036494
TIMOB-11843,0.002935
TIMOB-11842,0.003075
TIMOB-11841,0.002632
TIMOB-11840,0.003222
TIMOB-11838,0.964052
TIMOB-11836,0.004332
TIMOB-11835,0.004905
TIMOB-11834,0.975202
TIMOB-11833,0.00506
TIMOB-11832,0.38145
TIMOB-11831,0.004199
TIMOB-11830,0.00236
TIMOB-11829,0.00629
TIMOB-11828,0.003594
TIMOB-11827,0.006004
TIMOB-11826,0.005911
TIMOB-11825,0.00365
TIMOB-11824,0.004007
TIMOB-11823,0.003273
TIMOB-11822,0.003377
TIMOB-11821,0.004982
TIMOB-11820,0.003222
TIMOB-11819,0.991938
TIMOB-11818,0.995532
TIMOB-11817,0.996777
TIMOB-11816,0.245085
TIMOB-11815,0.971992
TIMOB-11813,0.974629
TIMOB-11811,0.994615
TIMOB-11810,0.997449
TIMOB-11809,0.997488
TIMOB-11808,0.916708
TIMOB-11807,0.759939
TIMOB-11806,0.002632
TIMOB-11805,0.976669
TIMOB-11804,0.004538
TIMOB-11803,0.076961
TIMOB-11802,0.002758
TIMOB-11801,0.002473
TIMOB-11800,0.980281
TIMOB-11799,0.006004
TIMOB-11798,0.293101
TIMOB-11797,0.003222
TIMOB-11796,0.003028
TIMOB-11795,0.002801
TIMOB-11794,0.025371
TIMOB-11793,0.041462
TIMOB-11792,0.030444
TIMOB-11791,0.00483
TIMOB-11790,0.003075
TIMOB-11789,0.003594
TIMOB-11788,0.066327
TIMOB-11786,0.025565
TIMOB-11785,0.002801
TIMOB-11784,0.002019
TIMOB-11783,0.463201
TIMOB-11782,0.002715
TIMOB-11781,0.009936
TIMOB-11780,0.002019
TIMOB-11779,0.002287
TIMOB-11778,0.00659
TIMOB-11777,0.003028
TIMOB-11776,0.005555
TIMOB-11775,0.003945
TIMOB-11774,0.003594
TIMOB-11773,0.003765
TIMOB-11772,0.002591
TIMOB-11771,0.006004
TIMOB-11770,0.982955
TIMOB-11769,0.013742
TIMOB-11768,0.002323
TIMOB-11767,0.002845
TIMOB-11766,0.00343
TIMOB-11765,0.002981
TIMOB-11764,0.002632
TIMOB-11763,0.006098
TIMOB-11762,0.002758
TIMOB-11761,0.00461
TIMOB-11760,0.025957
TIMOB-11759,0.003538
TIMOB-11758,0.003483
TIMOB-11757,0.01302
TIMOB-11756,0.012528
TIMOB-11755,0.011961
TIMOB-11754,0.005642
TIMOB-11753,0.00522
TIMOB-11752,0.450359
TIMOB-11751,0.004399
TIMOB-11750,0.002673
TIMOB-11748,0.964321
TIMOB-11747,0.003028
TIMOB-11746,0.972831
TIMOB-11745,0.00343
TIMOB-11743,0.00236
TIMOB-11742,0.002397
TIMOB-11741,0.002845
TIMOB-11740,0.039937
TIMOB-11739,0.002323
TIMOB-11738,0.003222
TIMOB-11737,0.002397
TIMOB-11736,0.003538
TIMOB-11735,0.003884
TIMOB-11734,0.002397
TIMOB-11733,0.002981
TIMOB-11732,0.002935
TIMOB-11731,0.00506
TIMOB-11730,0.00181
TIMOB-11729,0.002511
TIMOB-11728,0.962673
TIMOB-11727,0.995801
TIMOB-11726,0.94079
TIMOB-11725,0.007233
TIMOB-11724,0.002935
TIMOB-11723,0.00573
TIMOB-11722,0.003222
TIMOB-11721,0.003483
TIMOB-11720,0.984336
TIMOB-11719,0.003273
TIMOB-11718,0.996116
TIMOB-11717,0.022117
TIMOB-11716,0.375706
TIMOB-11715,0.003273
TIMOB-11713,0.004468
TIMOB-11712,0.00506
TIMOB-11711,0.003884
TIMOB-11710,0.007577
TIMOB-11709,0.002981
TIMOB-11708,0.002397
TIMOB-11707,0.002473
TIMOB-11705,0.004332
TIMOB-11704,0.002758
TIMOB-11703,0.50293
TIMOB-11702,0.008252
TIMOB-11701,0.006798
TIMOB-11700,0.95222
TIMOB-11699,0.003377
TIMOB-11698,0.002845
TIMOB-11697,0.954647
TIMOB-11696,0.921358
TIMOB-11695,0.020023
TIMOB-11694,0.053403
TIMOB-11693,0.037047
TIMOB-11692,0.171616
TIMOB-11691,0.002473
TIMOB-11690,0.92079
TIMOB-11689,0.004332
TIMOB-11688,0.002981
TIMOB-11687,0.002591
TIMOB-11686,0.036494
TIMOB-11685,0.003222
TIMOB-11684,0.003324
TIMOB-11683,0.749271
TIMOB-11682,0.00289
TIMOB-11681,0.00289
TIMOB-11680,0.190423
TIMOB-11679,0.002845
TIMOB-11678,0.004905
TIMOB-11677,0.006004
TIMOB-11676,0.003377
TIMOB-11675,0.003884
TIMOB-11674,0.003075
TIMOB-11673,0.00461
TIMOB-11671,0.007346
TIMOB-11670,0.004755
TIMOB-11669,0.003124
TIMOB-11668,0.003538
TIMOB-11667,0.002845
TIMOB-11665,0.002473
TIMOB-11664,0.00407
TIMOB-11663,0.003824
TIMOB-11662,0.005302
TIMOB-11661,0.00506
TIMOB-11660,0.003273
TIMOB-11659,0.00483
TIMOB-11658,0.002935
TIMOB-11657,0.003377
TIMOB-11656,0.003483
TIMOB-11655,0.005555
TIMOB-11654,0.002551
TIMOB-11653,0.010091
TIMOB-11652,0.005642
TIMOB-11651,0.801936
TIMOB-11650,0.004007
TIMOB-11649,0.004007
TIMOB-11648,0.021287
TIMOB-11647,0.113187
TIMOB-11646,0.162912
TIMOB-11645,0.051845
TIMOB-11644,0.585101
TIMOB-11643,0.387227
TIMOB-11642,0.030676
TIMOB-11641,0.027376
TIMOB-11640,0.003173
TIMOB-11639,0.100525
TIMOB-11638,0.932453
TIMOB-11637,0.345216
TIMOB-11636,0.014616
TIMOB-11635,0.039937
TIMOB-11634,0.022457
TIMOB-11633,0.019569
TIMOB-11631,0.003483
TIMOB-11630,0.023689
TIMOB-11629,0.930962
TIMOB-11628,0.006388
TIMOB-11627,0.002673
TIMOB-11626,0.00289
TIMOB-11624,0.00407
TIMOB-11623,0.003124
TIMOB-11622,0.002511
TIMOB-11621,0.00365
TIMOB-11620,0.003594
TIMOB-11619,0.010653
TIMOB-11618,0.009634
TIMOB-11617,0.013223
TIMOB-11615,0.007233
TIMOB-11614,0.030444
TIMOB-11613,0.009936
TIMOB-11612,0.009936
TIMOB-11611,0.433022
TIMOB-11610,0.002473
TIMOB-11609,0.003538
TIMOB-11608,0.003824
TIMOB-11606,0.004755
TIMOB-11605,0.003124
TIMOB-11604,0.989986
TIMOB-11603,0.004265
TIMOB-11602,0.965119
TIMOB-11601,0.968141
TIMOB-11600,0.009126
TIMOB-11599,0.00343
TIMOB-11598,0.003824
TIMOB-11597,0.003273
TIMOB-11596,0.003028
TIMOB-11595,0.989182
TIMOB-11594,0.001701
TIMOB-11593,0.002083
TIMOB-11592,0.040238
TIMOB-11590,0.103749
TIMOB-11589,0.005469
TIMOB-11588,0.663451
TIMOB-11587,0.005302
TIMOB-11586,0.003884
TIMOB-11585,0.003707
TIMOB-11584,0.00838
TIMOB-11583,0.007121
TIMOB-11582,0.007696
TIMOB-11581,0.027169
TIMOB-11580,0.004007
TIMOB-11578,0.002183
TIMOB-11577,0.985271
TIMOB-11576,0.749821
TIMOB-11575,0.00236
TIMOB-11574,0.003028
TIMOB-11573,0.008985
TIMOB-11571,0.003377
TIMOB-11570,0.851459
TIMOB-11569,0.002935
TIMOB-11568,0.004199
TIMOB-11567,0.002935
TIMOB-11566,0.010735
TIMOB-11565,0.002758
TIMOB-11564,0.002397
TIMOB-11563,0.005302
TIMOB-11562,0.003765
TIMOB-11561,0.002591
TIMOB-11560,0.004332
TIMOB-11559,0.020023
TIMOB-11558,0.022629
TIMOB-11557,0.00582
TIMOB-11555,0.738198
TIMOB-11554,0.002715
TIMOB-11553,0.004199
TIMOB-11552,0.003707
TIMOB-11551,0.01302
TIMOB-11550,0.008125
TIMOB-11549,0.060308
TIMOB-11548,0.826712
TIMOB-11547,0.003538
TIMOB-11546,0.003377
TIMOB-11545,0.00573
TIMOB-11544,0.004399
TIMOB-11543,0.002845
TIMOB-11542,0.004538
TIMOB-11540,0.003324
TIMOB-11539,0.004399
TIMOB-11538,0.00236
TIMOB-11537,0.004199
TIMOB-11536,0.002632
TIMOB-11533,0.004007
TIMOB-11532,0.005469
TIMOB-11531,0.007346
TIMOB-11529,0.006798
TIMOB-11527,0.003124
TIMOB-11526,0.003377
TIMOB-11525,0.005302
TIMOB-11524,0.012147
TIMOB-11523,0.025957
TIMOB-11522,0.123366
TIMOB-11520,0.970465
TIMOB-11519,0.002758
TIMOB-11518,0.00514
TIMOB-11517,0.003377
TIMOB-11516,0.014064
TIMOB-11515,0.011158
TIMOB-11513,0.003765
TIMOB-11512,0.003075
TIMOB-11511,0.002845
TIMOB-11510,0.007816
TIMOB-11509,0.002511
TIMOB-11508,0.002981
TIMOB-11505,0.007121
TIMOB-11504,0.493653
TIMOB-11503,0.007461
TIMOB-11502,0.004538
TIMOB-11501,0.009708
TIMOB-11500,0.021781
TIMOB-11499,0.003483
TIMOB-11498,0.518546
TIMOB-11497,0.989511
TIMOB-11496,0.951504
TIMOB-11495,0.00934
TIMOB-11494,0.002673
TIMOB-11493,0.003124
TIMOB-11491,0.996623
TIMOB-11490,0.002083
TIMOB-11489,0.007816
TIMOB-11488,0.004682
TIMOB-11487,0.003594
TIMOB-11486,0.004468
TIMOB-11485,0.003765
TIMOB-11484,0.003884
TIMOB-11483,0.002801
TIMOB-11482,0.002434
TIMOB-11481,0.004682
TIMOB-11480,0.00407
TIMOB-11479,0.003377
TIMOB-11478,0.008316
TIMOB-11477,0.002845
TIMOB-11476,0.002981
TIMOB-11475,0.002591
TIMOB-11474,0.003124
TIMOB-11473,0.004538
TIMOB-11472,0.007121
TIMOB-11471,0.004007
TIMOB-11470,0.009268
TIMOB-11469,0.003028
TIMOB-11468,0.003028
TIMOB-11467,0.00514
TIMOB-11466,0.005555
TIMOB-11465,0.003222
TIMOB-11464,0.002434
TIMOB-11463,0.003173
TIMOB-11462,0.003124
TIMOB-11461,0.004755
TIMOB-11460,0.004007
TIMOB-11459,0.003028
TIMOB-11458,0.002845
TIMOB-11457,0.004265
TIMOB-11456,0.00236
TIMOB-11455,0.002591
TIMOB-11454,0.002434
TIMOB-11453,0.002715
TIMOB-11452,0.00365
TIMOB-11451,0.024238
TIMOB-11450,0.00629
TIMOB-11444,0.007938
TIMOB-11443,0.006693
TIMOB-11442,0.009055
TIMOB-11441,0.002935
TIMOB-11440,0.008577
TIMOB-11439,0.003273
TIMOB-11438,0.00573
TIMOB-11437,0.00506
TIMOB-11436,0.003124
TIMOB-11435,0.004332
TIMOB-11434,0.003075
TIMOB-11433,0.004905
TIMOB-11432,0.005555
TIMOB-11431,0.003324
TIMOB-11430,0.003884
TIMOB-11429,0.00343
TIMOB-11428,0.003765
TIMOB-11427,0.00407
TIMOB-11426,0.003028
TIMOB-11425,0.002632
TIMOB-11424,0.002845
TIMOB-11423,0.002673
TIMOB-11422,0.002673
TIMOB-11421,0.002397
TIMOB-11420,0.002551
TIMOB-11419,0.002473
TIMOB-11418,0.002434
TIMOB-11417,0.003028
TIMOB-11416,0.003594
TIMOB-11415,0.003538
TIMOB-11414,0.003324
TIMOB-11413,0.003324
TIMOB-11412,0.003273
TIMOB-11411,0.00289
TIMOB-11410,0.006004
TIMOB-11409,0.003075
TIMOB-11408,0.00573
TIMOB-11407,0.004905
TIMOB-11406,0.002981
TIMOB-11405,0.003707
TIMOB-11404,0.002981
TIMOB-11403,0.00506
TIMOB-11402,0.004905
TIMOB-11401,0.004468
TIMOB-11400,0.002473
TIMOB-11399,0.00343
TIMOB-11398,0.004265
TIMOB-11397,0.003173
TIMOB-11396,0.002935
TIMOB-11395,0.003707
TIMOB-11394,0.005555
TIMOB-11393,0.003273
TIMOB-11392,0.00289
TIMOB-11390,0.002511
TIMOB-11389,0.002591
TIMOB-11388,0.014616
TIMOB-11387,0.007012
TIMOB-11386,0.003173
TIMOB-11385,0.003028
TIMOB-11384,0.003273
TIMOB-11383,0.009055
TIMOB-11382,0.002935
TIMOB-11381,0.991015
TIMOB-11380,0.004905
TIMOB-11379,0.004538
TIMOB-11378,0.004982
TIMOB-11377,0.002715
TIMOB-11376,0.002287
TIMOB-11375,0.00343
TIMOB-11374,0.137532
TIMOB-11373,0.003075
TIMOB-11371,0.003324
TIMOB-11370,0.005469
TIMOB-11369,0.004682
TIMOB-11368,0.003483
TIMOB-11367,0.003222
TIMOB-11366,0.004134
TIMOB-11365,0.002473
TIMOB-11364,0.008316
TIMOB-11362,0.005555
TIMOB-11361,0.007233
TIMOB-11360,0.008446
TIMOB-11359,0.003028
TIMOB-11358,0.00573
TIMOB-11357,0.003028
TIMOB-11356,0.00365
TIMOB-11355,0.004468
TIMOB-11354,0.00506
TIMOB-11353,0.00629
TIMOB-11352,0.002801
TIMOB-11350,0.002673
TIMOB-11349,0.060087
TIMOB-11348,0.099121
TIMOB-11347,0.478285
TIMOB-11346,0.624809
TIMOB-11345,0.413122
TIMOB-11344,0.375141
TIMOB-11343,0.422266
TIMOB-11342,0.003273
TIMOB-11341,0.006098
TIMOB-11340,0.003884
TIMOB-11339,0.003538
TIMOB-11338,0.002323
TIMOB-11337,0.904313
TIMOB-11336,0.006488
TIMOB-11335,0.002323
TIMOB-11334,0.00407
TIMOB-11333,0.002935
TIMOB-11332,0.003222
TIMOB-11331,0.003594
TIMOB-11330,0.003028
TIMOB-11329,0.004199
TIMOB-11328,0.003273
TIMOB-11327,0.00514
TIMOB-11326,0.005911
TIMOB-11325,0.003945
TIMOB-11324,0.00461
TIMOB-11323,0.008916
TIMOB-11322,0.003483
TIMOB-11321,0.005469
TIMOB-11320,0.002981
TIMOB-11319,0.006004
TIMOB-11318,0.518059
TIMOB-11317,0.00522
TIMOB-11316,0.005302
TIMOB-11314,0.005302
TIMOB-11313,0.005385
TIMOB-11312,0.003324
TIMOB-11311,0.00506
TIMOB-11310,0.005385
TIMOB-11309,0.03138
TIMOB-11308,0.003483
TIMOB-11307,0.00407
TIMOB-11306,0.003824
TIMOB-11305,0.848972
TIMOB-11304,0.002632
TIMOB-11302,0.00483
TIMOB-11301,0.005302
TIMOB-11300,0.002715
TIMOB-11299,0.004332
TIMOB-11298,0.002845
TIMOB-11297,0.004538
TIMOB-11296,0.956634
TIMOB-11295,0.002252
TIMOB-11294,0.006098
TIMOB-11293,0.858244
TIMOB-11292,0.992423
TIMOB-11291,0.024423
TIMOB-11290,0.003324
TIMOB-11289,0.004468
TIMOB-11288,0.006098
TIMOB-11287,0.002632
TIMOB-11286,0.003075
TIMOB-11285,0.004468
TIMOB-11284,0.003824
TIMOB-11283,0.002673
TIMOB-11282,0.003945
TIMOB-11281,0.003075
TIMOB-11280,0.787278
TIMOB-11279,0.897695
TIMOB-11278,0.993512
TIMOB-11277,0.004007
TIMOB-11275,0.002591
TIMOB-11274,0.002801
TIMOB-11273,0.003707
TIMOB-11272,0.003273
TIMOB-11271,0.003173
TIMOB-11270,0.004982
TIMOB-11269,0.004199
TIMOB-11268,0.839208
TIMOB-11267,0.544559
TIMOB-11266,0.282493
TIMOB-11265,0.002551
TIMOB-11264,0.00365
TIMOB-11263,0.003884
TIMOB-11261,0.00343
TIMOB-11260,0.004538
TIMOB-11259,0.00365
TIMOB-11257,0.002632
TIMOB-11256,0.002758
TIMOB-11255,0.002252
TIMOB-11254,0.003124
TIMOB-11253,0.019569
TIMOB-11252,0.00365
TIMOB-11251,0.005469
TIMOB-11250,0.002801
TIMOB-11246,0.004134
TIMOB-11245,0.00522
TIMOB-11243,0.007577
TIMOB-11241,0.003377
TIMOB-11240,0.003173
TIMOB-11239,0.002935
TIMOB-11238,0.003765
TIMOB-11237,0.002673
TIMOB-11236,0.014729
TIMOB-11235,0.004265
TIMOB-11234,0.009634
TIMOB-11233,0.004199
TIMOB-11232,0.003483
TIMOB-11231,0.002019
TIMOB-11230,0.00573
TIMOB-11229,0.980281
TIMOB-11228,0.983847
TIMOB-11227,0.990587
TIMOB-11226,0.093347
TIMOB-11225,0.027585
TIMOB-11224,0.00365
TIMOB-11223,0.003594
TIMOB-11222,0.003483
TIMOB-11221,0.00506
TIMOB-11220,0.007233
TIMOB-11219,0.002845
TIMOB-11218,0.002632
TIMOB-11217,0.006798
TIMOB-11216,0.007233
TIMOB-11215,0.403332
TIMOB-11214,0.008446
TIMOB-11213,0.002673
TIMOB-11212,0.003028
TIMOB-11211,0.004265
TIMOB-11210,0.003538
TIMOB-11209,0.014064
TIMOB-11208,0.003028
TIMOB-11207,0.00289
TIMOB-11206,0.935346
TIMOB-11205,0.003538
TIMOB-11204,0.008
TIMOB-11203,0.002632
TIMOB-11202,0.003222
TIMOB-11201,0.003124
TIMOB-11200,0.003538
TIMOB-11199,0.010328
TIMOB-11198,0.003173
TIMOB-11197,0.322539
TIMOB-11196,0.005302
TIMOB-11195,0.002758
TIMOB-11194,0.002845
TIMOB-11193,0.002551
TIMOB-11192,0.004399
TIMOB-11191,0.003824
TIMOB-11190,0.003273
TIMOB-11189,0.018833
TIMOB-11188,0.004905
TIMOB-11187,0.003538
TIMOB-11186,0.010653
TIMOB-11185,0.002473
TIMOB-11184,0.008
TIMOB-11183,0.003273
TIMOB-11182,0.00461
TIMOB-11181,0.003124
TIMOB-11180,0.002981
TIMOB-11179,0.003222
TIMOB-11178,0.971992
TIMOB-11177,0.005642
TIMOB-11176,0.003824
TIMOB-11175,0.009559
TIMOB-11174,0.00506
TIMOB-11173,0.003707
TIMOB-11172,0.004332
TIMOB-11171,0.003028
TIMOB-11170,0.00522
TIMOB-11169,0.003765
TIMOB-11168,0.002845
TIMOB-11167,0.00289
TIMOB-11166,0.016657
TIMOB-11165,0.721743
TIMOB-11164,0.003483
TIMOB-11163,0.002673
TIMOB-11162,0.00365
TIMOB-11161,0.004682
TIMOB-11160,0.003483
TIMOB-11159,0.00289
TIMOB-11158,0.002845
TIMOB-11157,0.002434
TIMOB-11156,0.004265
TIMOB-11155,0.90764
TIMOB-11154,0.99371
TIMOB-11153,0.003124
TIMOB-11152,0.120026
TIMOB-11151,0.002935
TIMOB-11150,0.003945
TIMOB-11121,0.996293
TIMOB-11120,0.991684
TIMOB-11119,0.004468
TIMOB-11118,0.00582
TIMOB-11117,0.003707
TIMOB-11116,0.022286
TIMOB-11115,0.064183
TIMOB-11114,0.00236
TIMOB-11113,0.015785
TIMOB-11112,0.003028
TIMOB-11111,0.004682
TIMOB-11110,0.003273
TIMOB-11109,0.002217
TIMOB-11108,0.002673
TIMOB-11107,0.002801
TIMOB-11106,0.002116
TIMOB-11105,0.003324
TIMOB-11104,0.003945
TIMOB-11103,0.00343
TIMOB-11102,0.002323
TIMOB-11101,0.002252
TIMOB-11100,0.002149
TIMOB-11099,0.003273
TIMOB-11093,0.020646
TIMOB-11090,0.004265
TIMOB-11089,0.003124
TIMOB-11088,0.003538
TIMOB-11087,0.510252
TIMOB-11086,0.00343
TIMOB-11085,0.003028
TIMOB-11084,0.003538
TIMOB-11083,0.155848
TIMOB-11082,0.002323
TIMOB-11081,0.003075
TIMOB-11080,0.003124
TIMOB-11079,0.003173
TIMOB-11078,0.01142
TIMOB-11076,0.005302
TIMOB-11073,0.003075
TIMOB-11072,0.003538
TIMOB-11071,0.003028
TIMOB-11070,0.002845
TIMOB-11068,0.004682
TIMOB-11067,0.003945
TIMOB-11065,0.004538
TIMOB-11063,0.003483
TIMOB-11061,0.00522
TIMOB-11060,0.003707
TIMOB-11059,0.002434
TIMOB-11058,0.003173
TIMOB-11057,0.00289
TIMOB-11056,0.002632
TIMOB-11055,0.00514
TIMOB-11054,0.002473
TIMOB-11053,0.027796
TIMOB-11052,0.029535
TIMOB-11051,0.29798
TIMOB-11050,0.002845
TIMOB-11049,0.003377
TIMOB-11048,0.00483
TIMOB-11047,0.002935
TIMOB-11046,0.00343
TIMOB-11045,0.003945
TIMOB-11044,0.002981
TIMOB-11043,0.003483
TIMOB-11042,0.003483
TIMOB-11041,0.023689
TIMOB-11040,0.002551
TIMOB-11039,0.001957
TIMOB-11038,0.00343
TIMOB-11037,0.003765
TIMOB-11036,0.00483
TIMOB-11034,0.961534
TIMOB-11033,0.012432
TIMOB-11032,0.003124
TIMOB-11031,0.003028
TIMOB-11030,0.003124
TIMOB-11029,0.003594
TIMOB-11028,0.003483
TIMOB-11027,0.004538
TIMOB-11026,0.004682
TIMOB-11025,0.00289
TIMOB-11024,0.003945
TIMOB-11023,0.003594
TIMOB-11022,0.002551
TIMOB-11021,0.030909
TIMOB-11020,0.003222
TIMOB-11019,0.002632
TIMOB-11018,0.002801
TIMOB-11017,0.001897
TIMOB-11016,0.00407
TIMOB-11015,0.002673
TIMOB-11014,0.00365
TIMOB-11013,0.00483
TIMOB-11012,0.002935
TIMOB-11011,0.002845
TIMOB-11010,0.00343
TIMOB-11009,0.996462
TIMOB-11007,0.006904
TIMOB-11006,0.004199
TIMOB-11005,0.007233
TIMOB-11004,0.002591
TIMOB-11003,0.004982
TIMOB-11002,0.007519
TIMOB-11000,0.014282
TIMOB-10999,0.00236
TIMOB-10998,0.003222
TIMOB-10997,0.00573
TIMOB-10996,0.006798
TIMOB-10995,0.003594
TIMOB-10994,0.002323
TIMOB-10993,0.00407
TIMOB-10992,0.002981
TIMOB-10991,0.014842
TIMOB-10990,0.06165
TIMOB-10989,0.095349
TIMOB-10988,0.004007
TIMOB-10987,0.003707
TIMOB-10986,0.003594
TIMOB-10985,0.00343
TIMOB-10984,0.196518
TIMOB-10983,0.459076
TIMOB-10982,0.776284
TIMOB-10981,0.020332
TIMOB-10980,0.002434
TIMOB-10979,0.005302
TIMOB-10977,0.002845
TIMOB-10976,0.002845
TIMOB-10975,0.002591
TIMOB-10974,0.003324
TIMOB-10973,0.003483
TIMOB-10972,0.003538
TIMOB-10971,0.004468
TIMOB-10970,0.004905
TIMOB-10969,0.003377
TIMOB-10968,0.00343
TIMOB-10967,0.998499
TIMOB-10966,0.002715
TIMOB-10965,0.018689
TIMOB-10964,0.227469
TIMOB-10963,0.017849
TIMOB-10961,0.002252
TIMOB-10960,0.002511
TIMOB-10959,0.008644
TIMOB-10958,0.005911
TIMOB-10956,0.002434
TIMOB-10955,0.091707
TIMOB-10954,0.028871
TIMOB-10952,0.013956
TIMOB-10950,0.003707
TIMOB-10949,0.003173
TIMOB-10948,0.002715
TIMOB-10947,0.002981
TIMOB-10946,0.002758
TIMOB-10945,0.002473
TIMOB-10944,0.145115
TIMOB-10941,0.002801
TIMOB-10940,0.011332
TIMOB-10937,0.002673
TIMOB-10936,0.005302
TIMOB-10935,0.002551
TIMOB-10934,0.002551
TIMOB-10933,0.002845
TIMOB-10931,0.268174
TIMOB-10930,0.010653
TIMOB-10929,0.002473
TIMOB-10928,0.002715
TIMOB-10927,0.520253
TIMOB-10926,0.421314
TIMOB-10925,0.031619
TIMOB-10924,0.280222
TIMOB-10922,0.146331
TIMOB-10921,0.004265
TIMOB-10920,0.041153
TIMOB-10919,0.179243
TIMOB-10918,0.013849
TIMOB-10917,0.013637
TIMOB-10916,0.003707
TIMOB-10915,0.002511
TIMOB-10914,0.007816
TIMOB-10913,0.003273
TIMOB-10912,0.027585
TIMOB-10911,0.677727
TIMOB-10910,0.086323
TIMOB-10909,0.052231
TIMOB-10908,0.550607
TIMOB-10907,0.582016
TIMOB-10906,0.007519
TIMOB-10905,0.016785
TIMOB-10904,0.997449
TIMOB-10903,0.930458
TIMOB-10902,0.976129
TIMOB-10901,0.986572
TIMOB-10900,0.012241
TIMOB-10899,0.016153
TIMOB-10898,0.089455
TIMOB-10897,0.981736
TIMOB-10896,0.020489
TIMOB-10895,0.003594
TIMOB-10893,0.002715
TIMOB-10892,0.00343
TIMOB-10891,0.003377
TIMOB-10889,0.005469
TIMOB-10888,0.017442
TIMOB-10886,0.005911
TIMOB-10885,0.013223
TIMOB-10884,0.99371
TIMOB-10883,0.003324
TIMOB-10882,0.002323
TIMOB-10881,0.005911
TIMOB-10880,0.00289
TIMOB-10879,0.008316
TIMOB-10878,0.973241
TIMOB-10877,0.949295
TIMOB-10876,0.91611
TIMOB-10875,0.891811
TIMOB-10874,0.832781
TIMOB-10873,0.827828
TIMOB-10872,0.705785
TIMOB-10871,0.043691
TIMOB-10870,0.41253
TIMOB-10869,0.973037
TIMOB-10868,0.00289
TIMOB-10867,0.003377
TIMOB-10866,0.003222
TIMOB-10865,0.00483
TIMOB-10864,0.002632
TIMOB-10863,0.007696
TIMOB-10862,0.004007
TIMOB-10861,0.981595
TIMOB-10860,0.002323
TIMOB-10859,0.002591
TIMOB-10858,0.003377
TIMOB-10857,0.005302
TIMOB-10856,0.002217
TIMOB-10855,0.004332
TIMOB-10854,0.001988
TIMOB-10853,0.004199
TIMOB-10852,0.006388
TIMOB-10851,0.003707
TIMOB-10850,0.010653
TIMOB-10849,0.531939
TIMOB-10848,0.943348
TIMOB-10847,0.003124
TIMOB-10845,0.026557
TIMOB-10843,0.067056
TIMOB-10842,0.201813
TIMOB-10841,0.785638
TIMOB-10840,0.00573
TIMOB-10839,0.003324
TIMOB-10838,0.002287
TIMOB-10837,0.002632
TIMOB-10836,0.004982
TIMOB-10835,0.870597
TIMOB-10834,0.00343
TIMOB-10833,0.186539
TIMOB-10832,0.004538
TIMOB-10831,0.004538
TIMOB-10830,0.004399
TIMOB-10829,0.005469
TIMOB-10828,0.002715
TIMOB-10826,0.002715
TIMOB-10825,0.025957
TIMOB-10824,0.002845
TIMOB-10823,0.989511
TIMOB-10820,0.024054
TIMOB-10819,0.00514
TIMOB-10818,0.006098
TIMOB-10817,0.00407
TIMOB-10816,0.003028
TIMOB-10815,0.990292
TIMOB-10814,0.009055
TIMOB-10813,0.003945
TIMOB-10812,0.002083
TIMOB-10811,0.011778
TIMOB-10810,0.003273
TIMOB-10809,0.003707
TIMOB-10808,0.023509
TIMOB-10807,0.002149
TIMOB-10806,0.002673
TIMOB-10805,0.007696
TIMOB-10804,0.003324
TIMOB-10803,0.002935
TIMOB-10802,0.00365
TIMOB-10801,0.3043
TIMOB-10800,0.003324
TIMOB-10799,0.964321
TIMOB-10798,0.004199
TIMOB-10797,0.008847
TIMOB-10796,0.002715
TIMOB-10795,0.002323
TIMOB-10794,0.992988
TIMOB-10793,0.002511
TIMOB-10792,0.036494
TIMOB-10791,0.116362
TIMOB-10790,0.058346
TIMOB-10789,0.003884
TIMOB-10788,0.279878
TIMOB-10787,0.468791
TIMOB-10785,0.003594
TIMOB-10784,0.002845
TIMOB-10783,0.004265
TIMOB-10782,0.989182
TIMOB-10781,0.979036
TIMOB-10780,0.982823
TIMOB-10779,0.116764
TIMOB-10778,0.016277
TIMOB-10777,0.002715
TIMOB-10776,0.962108
TIMOB-10775,0.995245
TIMOB-10774,0.006004
TIMOB-10773,0.006693
TIMOB-10772,0.607197
TIMOB-10771,0.003824
TIMOB-10770,0.004905
TIMOB-10769,0.00343
TIMOB-10768,0.004538
TIMOB-10767,0.019271
TIMOB-10766,0.009197
TIMOB-10765,0.013637
TIMOB-10764,0.44071
TIMOB-10763,0.123366
TIMOB-10762,0.034619
TIMOB-10761,0.014842
TIMOB-10760,0.015306
TIMOB-10759,0.014172
TIMOB-10758,0.870157
TIMOB-10757,0.141756
TIMOB-10756,0.949295
TIMOB-10755,0.993096
TIMOB-10754,0.848972
TIMOB-10753,0.018978
TIMOB-10752,0.955981
TIMOB-10751,0.002673
TIMOB-10750,0.003377
TIMOB-10749,0.082402
TIMOB-10748,0.00483
TIMOB-10747,0.827828
TIMOB-10746,0.00659
TIMOB-10744,0.99427
TIMOB-10743,0.244724
TIMOB-10742,0.047074
TIMOB-10741,0.002801
TIMOB-10740,0.424889
TIMOB-10739,0.003075
TIMOB-10738,0.003173
TIMOB-10737,0.005911
TIMOB-10736,0.004982
TIMOB-10735,0.002287
TIMOB-10734,0.004905
TIMOB-10733,0.004468
TIMOB-10731,0.002434
TIMOB-10729,0.71123
TIMOB-10728,0.004007
TIMOB-10727,0.994615
TIMOB-10725,0.976129
TIMOB-10724,0.339937
TIMOB-10723,0.003824
TIMOB-10718,0.003594
TIMOB-10717,0.239527
TIMOB-10715,0.00407
TIMOB-10714,0.003483
TIMOB-10713,0.015425
TIMOB-10712,0.00289
TIMOB-10711,0.003538
TIMOB-10710,0.969785
TIMOB-10707,0.99478
TIMOB-10706,0.002397
TIMOB-10705,0.004468
TIMOB-10704,0.004007
TIMOB-10703,0.005911
TIMOB-10702,0.00483
TIMOB-10701,0.003707
TIMOB-10700,0.003594
TIMOB-10698,0.974239
TIMOB-10696,0.003945
TIMOB-10695,0.990874
TIMOB-10694,0.00506
TIMOB-10693,0.003222
TIMOB-10691,0.003945
TIMOB-10689,0.00461
TIMOB-10688,0.994531
TIMOB-10687,0.004538
TIMOB-10686,0.003538
TIMOB-10685,0.00506
TIMOB-10684,0.002981
TIMOB-10683,0.002935
TIMOB-10682,0.003483
TIMOB-10680,0.002715
TIMOB-10679,0.00289
TIMOB-10678,0.027796
TIMOB-10675,0.933431
TIMOB-10674,0.595963
TIMOB-10673,0.972415
TIMOB-10672,0.977371
TIMOB-10671,0.195594
TIMOB-10643,0.92164
TIMOB-10642,0.103386
TIMOB-10641,0.003273
TIMOB-10640,0.849971
TIMOB-10639,0.002323
TIMOB-10638,0.00407
TIMOB-10637,0.002758
TIMOB-10636,0.004399
TIMOB-10635,0.006488
TIMOB-10634,0.020804
TIMOB-10633,0.03622
TIMOB-10632,0.016657
TIMOB-10631,0.015664
TIMOB-10630,0.018833
TIMOB-10629,0.105948
TIMOB-10628,0.089137
TIMOB-10627,0.263979
TIMOB-10626,0.106319
TIMOB-10625,0.025957
TIMOB-10624,0.950778
TIMOB-10623,0.010489
TIMOB-10622,0.989511
TIMOB-10621,0.100172
TIMOB-10620,0.020177
TIMOB-10619,0.143188
TIMOB-10618,0.973645
TIMOB-10617,0.203075
TIMOB-10616,0.775265
TIMOB-10615,0.777975
TIMOB-10614,0.018264
TIMOB-10613,0.048858
TIMOB-10612,0.402627
TIMOB-10611,0.421076
TIMOB-10610,0.263979
TIMOB-10609,0.582016
TIMOB-10608,0.137996
TIMOB-10607,0.118385
TIMOB-10606,0.059647
TIMOB-10605,0.636297
TIMOB-10604,0.002591
TIMOB-10603,0.002801
TIMOB-10602,0.00365
TIMOB-10601,0.003824
TIMOB-10600,0.985158
TIMOB-10599,0.141281
TIMOB-10598,0.00461
TIMOB-10597,0.002981
TIMOB-10596,0.003222
TIMOB-10595,0.996777
TIMOB-10594,0.002591
TIMOB-10593,0.232833
TIMOB-10592,0.007233
TIMOB-10591,0.006004
TIMOB-10590,0.011597
TIMOB-10589,0.004905
TIMOB-10588,0.002801
TIMOB-10587,0.002935
TIMOB-10586,0.002434
TIMOB-10585,0.002801
TIMOB-10584,0.003173
TIMOB-10583,0.003273
TIMOB-10582,0.004007
TIMOB-10581,0.012821
TIMOB-10580,0.002758
TIMOB-10579,0.583678
TIMOB-10578,0.003884
TIMOB-10577,0.048858
TIMOB-10576,0.003594
TIMOB-10575,0.718594
TIMOB-10574,0.003173
TIMOB-10573,0.002981
TIMOB-10571,0.002397
TIMOB-10570,0.002511
TIMOB-10569,0.002434
TIMOB-10568,0.002397
TIMOB-10567,0.997155
TIMOB-10566,0.044019
TIMOB-10565,0.001988
TIMOB-10564,0.002673
TIMOB-10563,0.004199
TIMOB-10562,0.003824
TIMOB-10561,0.00514
TIMOB-10560,0.003884
TIMOB-10559,0.003222
TIMOB-10558,0.00629
TIMOB-10557,0.003824
TIMOB-10556,0.003273
TIMOB-10554,0.004538
TIMOB-10552,0.002715
TIMOB-10551,0.003222
TIMOB-10550,0.003173
TIMOB-10549,0.003538
TIMOB-10548,0.003028
TIMOB-10547,0.003273
TIMOB-10546,0.037047
TIMOB-10545,0.002473
TIMOB-10544,0.015073
TIMOB-10543,0.002591
TIMOB-10542,0.003075
TIMOB-10541,0.020646
TIMOB-10540,0.00629
TIMOB-10539,0.002116
TIMOB-10538,0.00506
TIMOB-10537,0.015785
TIMOB-10536,0.011332
TIMOB-10535,0.013742
TIMOB-10534,0.005911
TIMOB-10533,0.00289
TIMOB-10532,0.002935
TIMOB-10531,0.00343
TIMOB-10530,0.118793
TIMOB-10529,0.002632
TIMOB-10528,0.001927
TIMOB-10526,0.002217
TIMOB-10525,0.003765
TIMOB-10524,0.003028
TIMOB-10523,0.002083
TIMOB-10521,0.017849
TIMOB-10520,0.003222
TIMOB-10519,0.002715
TIMOB-10518,0.020489
TIMOB-10517,0.013637
TIMOB-10516,0.002397
TIMOB-10515,0.013637
TIMOB-10514,0.020489
TIMOB-10513,0.006904
TIMOB-10512,0.018689
TIMOB-10511,0.067301
TIMOB-10510,0.011961
TIMOB-10509,0.002715
TIMOB-10508,0.00407
TIMOB-10507,0.93196
TIMOB-10506,0.003222
TIMOB-10505,0.996235
TIMOB-10504,0.002845
TIMOB-10503,0.007233
TIMOB-10502,0.004199
TIMOB-10501,0.005469
TIMOB-10499,0.362348
TIMOB-10498,0.020964
TIMOB-10497,0.025179
TIMOB-10493,0.136148
TIMOB-10492,0.008316
TIMOB-10491,0.00582
TIMOB-10490,0.002801
TIMOB-10489,0.002715
TIMOB-10488,0.003377
TIMOB-10487,0.003028
TIMOB-10486,0.002551
TIMOB-10485,0.002935
TIMOB-10484,0.006798
TIMOB-10483,0.919643
TIMOB-10482,0.610918
TIMOB-10481,0.009784
TIMOB-10480,0.004134
TIMOB-10478,0.004332
TIMOB-10477,0.003707
TIMOB-10476,0.003594
TIMOB-10475,0.002845
TIMOB-10474,0.00365
TIMOB-10473,0.006098
TIMOB-10472,0.002715
TIMOB-10471,0.002591
TIMOB-10470,0.002397
TIMOB-10468,0.705988
TIMOB-10467,0.004007
TIMOB-10466,0.003707
TIMOB-10465,0.00461
TIMOB-10464,0.980129
TIMOB-10463,0.987179
TIMOB-10462,0.984456
TIMOB-10461,0.967656
TIMOB-10460,0.003945
TIMOB-10459,0.002217
TIMOB-10458,0.003594
TIMOB-10457,0.004134
TIMOB-10456,0.002149
TIMOB-10455,0.002183
TIMOB-10454,0.037327
TIMOB-10453,0.013223
TIMOB-10452,0.002845
TIMOB-10451,0.001988
TIMOB-10450,0.018264
TIMOB-10449,0.841826
TIMOB-10448,0.002252
TIMOB-10447,0.003028
TIMOB-10446,0.003028
TIMOB-10445,0.004468
TIMOB-10444,0.002801
TIMOB-10443,0.296667
TIMOB-10442,0.017712
TIMOB-10441,0.002473
TIMOB-10440,0.002801
TIMOB-10439,0.005642
TIMOB-10438,0.002845
TIMOB-10437,0.002019
TIMOB-10436,0.002758
TIMOB-10435,0.00181
TIMOB-10434,0.002473
TIMOB-10433,0.001927
TIMOB-10432,0.002434
TIMOB-10431,0.002434
TIMOB-10430,0.003124
TIMOB-10429,0.003028
TIMOB-10428,0.004199
TIMOB-10427,0.00236
TIMOB-10426,0.004682
TIMOB-10425,0.003377
TIMOB-10424,0.003075
TIMOB-10422,0.996727
TIMOB-10421,0.00343
TIMOB-10419,0.99539
TIMOB-10418,0.002511
TIMOB-10417,0.002511
TIMOB-10416,0.002845
TIMOB-10415,0.003124
TIMOB-10414,0.003273
TIMOB-10413,0.003222
TIMOB-10412,0.774924
TIMOB-10410,0.00483
TIMOB-10409,0.18743
TIMOB-10408,0.46636
TIMOB-10407,0.003273
TIMOB-10406,0.005555
TIMOB-10405,0.003273
TIMOB-10404,0.005911
TIMOB-10403,0.004905
TIMOB-10402,0.940353
TIMOB-10401,0.002935
TIMOB-10400,0.004265
TIMOB-10399,0.002981
TIMOB-10398,0.003594
TIMOB-10397,0.004755
TIMOB-10396,0.972415
TIMOB-10395,0.940353
TIMOB-10394,0.006693
TIMOB-10390,0.003028
TIMOB-10389,0.001755
TIMOB-10388,0.002252
TIMOB-10386,0.002397
TIMOB-10385,0.002217
TIMOB-10381,0.002715
TIMOB-10380,0.003075
TIMOB-10379,0.957278
TIMOB-10378,0.004134
TIMOB-10377,0.957278
TIMOB-10376,0.051083
TIMOB-10375,0.002434
TIMOB-10374,0.003538
TIMOB-10373,0.203708
TIMOB-10372,0.968856
TIMOB-10371,0.013742
TIMOB-10370,0.005642
TIMOB-10369,0.004755
TIMOB-10368,0.408749
TIMOB-10367,0.027796
TIMOB-10366,0.868381
TIMOB-10365,0.002252
TIMOB-10364,0.003273
TIMOB-10363,0.005469
TIMOB-10362,0.003483
TIMOB-10361,0.954308
TIMOB-10360,0.003594
TIMOB-10359,0.00289
TIMOB-10358,0.003324
TIMOB-10357,0.004468
TIMOB-10356,0.003824
TIMOB-10355,0.004905
TIMOB-10354,0.002758
TIMOB-10353,0.002397
TIMOB-10352,0.933431
TIMOB-10351,0.007233
TIMOB-10350,0.005911
TIMOB-10348,0.002149
TIMOB-10347,0.868827
TIMOB-10346,0.971779
TIMOB-10345,0.88642
TIMOB-10344,0.978875
TIMOB-10343,0.004755
TIMOB-10342,0.003028
TIMOB-10341,0.003483
TIMOB-10340,0.007121
TIMOB-10339,0.564098
TIMOB-10338,0.00365
TIMOB-10336,0.178956
TIMOB-10335,0.002935
TIMOB-10334,0.996462
TIMOB-10333,0.010328
TIMOB-10332,0.00407
TIMOB-10331,0.001927
TIMOB-10330,0.002715
TIMOB-10328,0.996827
TIMOB-10327,0.99635
TIMOB-10326,0.005302
TIMOB-10325,0.996462
TIMOB-10324,0.997242
TIMOB-10323,0.00365
TIMOB-10322,0.003028
TIMOB-10321,0.002801
TIMOB-10320,0.004982
TIMOB-10319,0.005911
TIMOB-10318,0.002845
TIMOB-10317,0.002981
TIMOB-10316,0.00461
TIMOB-10315,0.002845
TIMOB-10314,0.004468
TIMOB-10313,0.00629
TIMOB-10309,0.00407
TIMOB-10307,0.992654
TIMOB-10306,0.003824
TIMOB-10305,0.761006
TIMOB-10304,0.039639
TIMOB-10303,0.004007
TIMOB-10302,0.002981
TIMOB-10300,0.003538
TIMOB-10299,0.377828
TIMOB-10298,0.004199
TIMOB-10297,0.002591
TIMOB-10296,0.002935
TIMOB-10295,0.003945
TIMOB-10294,0.968381
TIMOB-10293,0.960657
TIMOB-10292,0.952574
TIMOB-10291,0.943348
TIMOB-10290,0.003173
TIMOB-10289,0.003483
TIMOB-10288,0.014392
TIMOB-10287,0.00407
TIMOB-10286,0.03138
TIMOB-10285,0.094343
TIMOB-10284,0.022629
TIMOB-10283,0.024054
TIMOB-10281,0.004134
TIMOB-10280,0.003707
TIMOB-10278,0.00289
TIMOB-10277,0.004134
TIMOB-10276,0.002511
TIMOB-10275,0.880386
TIMOB-10274,0.005385
TIMOB-10272,0.03622
TIMOB-10271,0.024798
TIMOB-10270,0.020804
TIMOB-10269,0.891055
TIMOB-10268,0.613121
TIMOB-10267,0.030444
TIMOB-10266,0.028008
TIMOB-10265,0.004332
TIMOB-10264,0.483648
TIMOB-10263,0.003075
TIMOB-10262,0.019419
TIMOB-10261,0.022457
TIMOB-10260,0.024054
TIMOB-10259,0.388038
TIMOB-10257,0.420124
TIMOB-10255,0.004538
TIMOB-10253,0.034619
TIMOB-10252,0.008577
TIMOB-10251,0.007121
TIMOB-10250,0.006693
TIMOB-10248,0.004538
TIMOB-10246,0.006193
TIMOB-10245,0.003173
TIMOB-10244,0.003483
TIMOB-10243,0.004468
TIMOB-10242,0.002981
TIMOB-10241,0.005555
TIMOB-10240,0.117978
TIMOB-10239,0.00343
TIMOB-10238,0.002801
TIMOB-10236,0.004982
TIMOB-10235,0.986979
TIMOB-10234,0.003707
TIMOB-10233,0.016657
TIMOB-10232,0.988842
TIMOB-10231,0.002673
TIMOB-10230,0.004538
TIMOB-10228,0.005642
TIMOB-10227,0.00407
TIMOB-10226,0.003594
TIMOB-10224,0.069542
TIMOB-10223,0.003824
TIMOB-10222,0.021615
TIMOB-10221,0.022629
TIMOB-10220,0.003483
TIMOB-10218,0.004399
TIMOB-10215,0.013121
TIMOB-10214,0.997242
TIMOB-10213,0.006693
TIMOB-10212,0.00838
TIMOB-10211,0.244183
TIMOB-10210,0.004468
TIMOB-10209,0.003483
TIMOB-10207,0.002935
TIMOB-10205,0.003173
TIMOB-10204,0.002715
TIMOB-10203,0.003222
TIMOB-10176,0.002434
TIMOB-10175,0.002473
TIMOB-10173,0.002183
TIMOB-10172,0.001957
TIMOB-10171,0.004399
TIMOB-10167,0.003483
TIMOB-10166,0.002935
TIMOB-10164,0.025371
TIMOB-10163,0.154567
TIMOB-10162,0.597138
TIMOB-10161,0.3027
TIMOB-10160,0.003324
TIMOB-10157,0.003028
TIMOB-10156,0.002473
TIMOB-10155,0.004332
TIMOB-10154,0.002845
TIMOB-10153,0.002434
TIMOB-10152,0.003594
TIMOB-10151,0.003884
TIMOB-10150,0.003594
TIMOB-10148,0.290037
TIMOB-10147,0.002845
TIMOB-10146,0.002715
TIMOB-10145,0.003222
TIMOB-10144,0.027585
TIMOB-10138,0.655226
TIMOB-10137,0.889529
TIMOB-10136,0.002981
TIMOB-10135,0.003707
TIMOB-10134,0.002673
TIMOB-10132,0.001988
TIMOB-10131,0.003222
TIMOB-10130,0.004199
TIMOB-10129,0.003173
TIMOB-10128,0.002758
TIMOB-10127,0.003483
TIMOB-10125,0.003075
TIMOB-10124,0.003273
TIMOB-10123,0.988313
TIMOB-10122,0.003707
TIMOB-10120,0.00461
TIMOB-10119,0.002758
TIMOB-10117,0.993096
TIMOB-10116,0.996116
TIMOB-10115,0.004007
TIMOB-10113,0.003028
TIMOB-10112,0.00365
TIMOB-10111,0.002981
TIMOB-10110,0.00343
TIMOB-10109,0.007816
TIMOB-10108,0.004134
TIMOB-10107,0.00343
TIMOB-10106,0.011072
TIMOB-10105,0.003483
TIMOB-10101,0.006004
TIMOB-10100,0.005555
TIMOB-10099,0.005302
TIMOB-10098,0.291485
TIMOB-10097,0.002287
TIMOB-10096,0.002801
TIMOB-10094,0.002981
TIMOB-10093,0.006904
TIMOB-10091,0.004265
TIMOB-10090,0.002673
TIMOB-10089,0.002632
TIMOB-10088,0.002758
TIMOB-10087,0.003377
TIMOB-10086,0.003075
TIMOB-10085,0.992654
TIMOB-10084,0.00343
TIMOB-10083,0.019124
TIMOB-10082,0.99593
TIMOB-10081,0.007012
TIMOB-10080,0.035145
TIMOB-10079,0.847463
TIMOB-10078,0.887984
TIMOB-10077,0.004134
TIMOB-10076,0.003075
TIMOB-10075,0.462473
TIMOB-10074,0.003173
TIMOB-10073,0.002323
TIMOB-10072,0.006098
TIMOB-10071,0.003824
TIMOB-10070,0.003075
TIMOB-10069,0.006193
TIMOB-10067,0.003483
TIMOB-10066,0.987179
TIMOB-10065,0.003028
TIMOB-10064,0.003945
TIMOB-10063,0.006098
TIMOB-10062,0.003173
TIMOB-10061,0.003707
TIMOB-10060,0.008188
TIMOB-10059,0.992654
TIMOB-10058,0.003884
TIMOB-10057,0.057071
TIMOB-10056,0.030444
TIMOB-10055,0.028653
TIMOB-10054,0.003028
TIMOB-10053,0.002551
TIMOB-10052,0.002758
TIMOB-10051,0.004199
TIMOB-10050,0.002551
TIMOB-10049,0.003377
TIMOB-10048,0.00629
TIMOB-10047,0.002845
TIMOB-10046,0.004468
TIMOB-10045,0.009936
TIMOB-10044,0.254416
TIMOB-10043,0.020489
TIMOB-10042,0.003884
TIMOB-10041,0.176672
TIMOB-10040,0.004905
TIMOB-10039,0.001727
TIMOB-10038,0.004199
TIMOB-10037,0.00514
TIMOB-10036,0.003594
TIMOB-10035,0.022457
TIMOB-10034,0.002758
TIMOB-10032,0.666605
TIMOB-10031,0.454956
TIMOB-10030,0.00365
TIMOB-10028,0.003124
TIMOB-10027,0.985043
TIMOB-10025,0.013849
TIMOB-10024,0.003594
TIMOB-10023,0.002935
TIMOB-10022,0.004332
TIMOB-10021,0.003483
TIMOB-10020,0.002673
TIMOB-10019,0.881207
TIMOB-10018,0.003824
TIMOB-10017,0.003884
TIMOB-10016,0.006798
TIMOB-10015,0.003594
TIMOB-10014,0.002935
TIMOB-10013,0.00522
TIMOB-10012,0.00483
TIMOB-10011,0.00461
TIMOB-10010,0.003884
TIMOB-10009,0.003594
TIMOB-10007,0.964855
TIMOB-10006,0.002591
TIMOB-10005,0.003884
TIMOB-10004,0.002473
TIMOB-10003,0.003538
TIMOB-10002,0.003538
TIMOB-10001,0.002981
TIMOB-10000,0.015189
TIMOB-9999,0.981167
TIMOB-9998,0.963231
TIMOB-9997,0.004982
TIMOB-9996,0.776284
TIMOB-9995,0.002715
TIMOB-9994,0.00289
TIMOB-9993,0.003945
TIMOB-9991,0.003222
TIMOB-9990,0.024423
TIMOB-9989,0.057071
TIMOB-9988,0.099821
TIMOB-9987,0.017045
TIMOB-9986,0.041153
TIMOB-9985,0.00514
TIMOB-9984,0.002434
TIMOB-9983,0.003173
TIMOB-9981,0.006693
TIMOB-9980,0.749454
TIMOB-9979,0.003273
TIMOB-9978,0.337094
TIMOB-9977,0.007012
TIMOB-9976,0.003173
TIMOB-9975,0.019871
TIMOB-9974,0.072374
TIMOB-9973,0.002511
TIMOB-9972,0.970688
TIMOB-9971,0.073165
TIMOB-9969,0.985043
TIMOB-9966,0.002434
TIMOB-9965,0.003124
TIMOB-9964,0.383295
TIMOB-9963,0.002715
TIMOB-9962,0.002845
TIMOB-9961,0.992184
TIMOB-9960,0.003324
TIMOB-9959,0.002845
TIMOB-9958,0.003222
TIMOB-9957,0.06489
TIMOB-9956,0.003028
TIMOB-9955,0.003884
TIMOB-9954,0.004007
TIMOB-9953,0.026355
TIMOB-9952,0.004265
TIMOB-9951,0.056236
TIMOB-9950,0.116362
TIMOB-9949,0.046725
TIMOB-9948,0.090093
TIMOB-9947,0.001957
TIMOB-9945,0.002397
TIMOB-9944,0.00236
TIMOB-9943,0.080069
TIMOB-9942,0.002252
TIMOB-9940,0.93196
TIMOB-9939,0.992654
TIMOB-9938,0.574037
TIMOB-9937,0.991812
TIMOB-9936,0.986979
TIMOB-9934,0.99478
TIMOB-9933,0.022286
TIMOB-9932,0.007816
TIMOB-9931,0.002935
TIMOB-9930,0.00506
TIMOB-9929,0.971779
TIMOB-9928,0.00483
TIMOB-9927,0.004265
TIMOB-9926,0.002673
TIMOB-9925,0.002591
TIMOB-9924,0.045692
TIMOB-9923,0.002673
TIMOB-9922,0.004007
TIMOB-9921,0.003945
TIMOB-9920,0.004007
TIMOB-9919,0.007121
TIMOB-9918,0.004399
TIMOB-9917,0.215021
TIMOB-9916,0.016785
TIMOB-9915,0.023689
TIMOB-9914,0.009197
TIMOB-9913,0.003324
TIMOB-9912,0.00343
TIMOB-9911,0.987946
TIMOB-9910,0.942507
TIMOB-9909,0.013956
TIMOB-9908,0.160792
TIMOB-9907,0.15662
TIMOB-9906,0.002801
TIMOB-9905,0.002632
TIMOB-9904,0.002801
TIMOB-9903,0.99539
TIMOB-9902,0.99371
TIMOB-9901,0.403802
TIMOB-9900,0.996055
TIMOB-9899,0.002323
TIMOB-9898,0.0538
TIMOB-9897,0.040238
TIMOB-9896,0.015906
TIMOB-9895,0.003173
TIMOB-9894,0.061424
TIMOB-9893,0.907967
TIMOB-9892,0.004905
TIMOB-9891,0.027585
TIMOB-9890,0.003538
TIMOB-9888,0.069542
TIMOB-9887,0.014064
TIMOB-9886,0.024798
TIMOB-9885,0.025179
TIMOB-9884,0.603903
TIMOB-9883,0.86293
TIMOB-9882,0.007121
TIMOB-9881,0.960063
TIMOB-9880,0.002758
TIMOB-9879,0.895523
TIMOB-9878,0.004538
TIMOB-9877,0.003483
TIMOB-9876,0.008062
TIMOB-9874,0.020177
TIMOB-9873,0.274254
TIMOB-9872,0.014957
TIMOB-9871,0.264928
TIMOB-9870,0.00365
TIMOB-9869,0.003028
TIMOB-9868,0.747616
TIMOB-9867,0.003222
TIMOB-9866,0.001988
TIMOB-9865,0.002632
TIMOB-9864,0.004399
TIMOB-9863,0.005911
TIMOB-9862,0.998567
TIMOB-9861,0.003945
TIMOB-9860,0.00506
TIMOB-9859,0.021948
TIMOB-9858,0.004007
TIMOB-9857,0.00289
TIMOB-9856,0.002715
TIMOB-9855,0.024054
TIMOB-9854,0.003594
TIMOB-9853,0.002323
TIMOB-9852,0.002935
TIMOB-9851,0.642208
TIMOB-9850,0.048496
TIMOB-9849,0.00573
TIMOB-9848,0.003075
TIMOB-9847,0.002397
TIMOB-9846,0.004134
TIMOB-9845,0.002845
TIMOB-9844,0.691185
TIMOB-9843,0.018547
TIMOB-9842,0.022286
TIMOB-9841,0.858719
TIMOB-9840,0.990732
TIMOB-9839,0.993096
TIMOB-9838,0.006388
TIMOB-9836,0.005302
TIMOB-9835,0.014616
TIMOB-9834,0.003222
TIMOB-9833,0.979823
TIMOB-9832,0.00289
TIMOB-9831,0.00514
TIMOB-9830,0.105579
TIMOB-9829,0.99657
TIMOB-9828,0.003075
TIMOB-9827,0.003483
TIMOB-9826,0.002758
TIMOB-9825,0.002397
TIMOB-9824,0.004265
TIMOB-9823,0.919931
TIMOB-9822,0.02461
TIMOB-9821,0.026557
TIMOB-9820,0.024988
TIMOB-9819,0.00343
TIMOB-9817,0.971129
TIMOB-9816,0.00365
TIMOB-9815,0.97024
TIMOB-9814,0.002591
TIMOB-9813,0.00483
TIMOB-9812,0.003594
TIMOB-9811,0.002715
TIMOB-9810,0.062789
TIMOB-9808,0.002935
TIMOB-9807,0.01292
TIMOB-9806,0.00343
TIMOB-9805,0.917303
TIMOB-9804,0.002673
TIMOB-9803,0.032344
TIMOB-9802,0.002758
TIMOB-9801,0.002758
TIMOB-9800,0.09947
TIMOB-9799,0.904313
TIMOB-9797,0.00407
TIMOB-9796,0.003222
TIMOB-9795,0.002981
TIMOB-9793,0.001868
TIMOB-9792,0.566019
TIMOB-9791,0.959154
TIMOB-9789,0.002845
TIMOB-9788,0.956957
TIMOB-9787,0.002758
TIMOB-9786,0.00289
TIMOB-9785,0.003483
TIMOB-9784,0.002715
TIMOB-9783,0.003173
TIMOB-9782,0.003884
TIMOB-9781,0.004682
TIMOB-9745,0.003594
TIMOB-9744,0.450843
TIMOB-9742,0.003124
TIMOB-9741,0.00573
TIMOB-9740,0.003945
TIMOB-9739,0.003028
TIMOB-9738,0.002981
TIMOB-9737,0.022457
TIMOB-9736,0.002715
TIMOB-9735,0.008779
TIMOB-9734,0.031619
TIMOB-9733,0.022803
TIMOB-9732,0.483892
TIMOB-9731,0.004265
TIMOB-9730,0.843895
TIMOB-9729,0.003324
TIMOB-9728,0.176388
TIMOB-9727,0.938124
TIMOB-9726,0.002981
TIMOB-9725,0.002758
TIMOB-9724,0.00343
TIMOB-9723,0.003377
TIMOB-9722,0.003945
TIMOB-9721,0.002591
TIMOB-9720,0.003124
TIMOB-9719,0.003483
TIMOB-9718,0.003945
TIMOB-9717,0.001927
TIMOB-9716,0.002632
TIMOB-9715,0.003273
TIMOB-9714,0.006488
TIMOB-9713,0.00343
TIMOB-9712,0.004199
TIMOB-9711,0.006388
TIMOB-9710,0.003173
TIMOB-9709,0.00461
TIMOB-9708,0.003028
TIMOB-9707,0.005642
TIMOB-9706,0.003538
TIMOB-9705,0.00582
TIMOB-9704,0.00365
TIMOB-9703,0.003222
TIMOB-9702,0.003824
TIMOB-9701,0.991289
TIMOB-9700,0.002935
TIMOB-9699,0.003538
TIMOB-9698,0.005469
TIMOB-9697,0.003124
TIMOB-9696,0.002935
TIMOB-9695,0.002935
TIMOB-9694,0.004982
TIMOB-9693,0.00365
TIMOB-9692,0.003945
TIMOB-9691,0.995318
TIMOB-9690,0.003377
TIMOB-9688,0.00343
TIMOB-9687,0.002758
TIMOB-9686,0.040541
TIMOB-9685,0.118793
TIMOB-9684,0.00289
TIMOB-9683,0.002801
TIMOB-9682,0.004468
TIMOB-9681,0.002511
TIMOB-9680,0.002397
TIMOB-9679,0.001988
TIMOB-9678,0.003273
TIMOB-9677,0.004332
TIMOB-9676,0.003222
TIMOB-9675,0.00407
TIMOB-9674,0.00236
TIMOB-9673,0.004332
TIMOB-9672,0.003273
TIMOB-9671,0.003324
TIMOB-9670,0.003594
TIMOB-9669,0.947381
TIMOB-9668,0.003324
TIMOB-9667,0.002632
TIMOB-9666,0.005555
TIMOB-9665,0.025957
TIMOB-9664,0.003028
TIMOB-9663,0.003594
TIMOB-9662,0.007012
TIMOB-9661,0.002845
TIMOB-9660,0.003538
TIMOB-9659,0.00343
TIMOB-9658,0.994698
TIMOB-9657,0.003273
TIMOB-9655,0.002715
TIMOB-9654,0.003028
TIMOB-9653,0.002801
TIMOB-9652,0.001868
TIMOB-9651,0.004134
TIMOB-9650,0.002845
TIMOB-9649,0.001623
TIMOB-9648,0.00407
TIMOB-9647,0.985043
TIMOB-9646,0.00343
TIMOB-9645,0.042088
TIMOB-9644,0.003273
TIMOB-9643,0.003124
TIMOB-9642,0.003222
TIMOB-9641,0.003124
TIMOB-9640,0.002935
TIMOB-9639,0.006488
TIMOB-9638,0.00343
TIMOB-9637,0.004134
TIMOB-9636,0.003222
TIMOB-9635,0.003538
TIMOB-9634,0.002758
TIMOB-9633,0.004399
TIMOB-9632,0.825027
TIMOB-9631,0.002287
TIMOB-9630,0.003222
TIMOB-9629,0.002473
TIMOB-9628,0.00236
TIMOB-9627,0.002673
TIMOB-9626,0.00365
TIMOB-9625,0.00365
TIMOB-9624,0.003222
TIMOB-9623,0.007877
TIMOB-9622,0.003594
TIMOB-9621,0.002673
TIMOB-9620,0.002673
TIMOB-9619,0.003824
TIMOB-9618,0.003483
TIMOB-9617,0.003594
TIMOB-9616,0.002715
TIMOB-9615,0.002632
TIMOB-9614,0.00289
TIMOB-9613,0.003824
TIMOB-9612,0.003538
TIMOB-9611,0.003594
TIMOB-9610,0.002397
TIMOB-9609,0.004134
TIMOB-9608,0.003538
TIMOB-9607,0.004265
TIMOB-9606,0.976669
TIMOB-9605,0.524882
TIMOB-9604,0.412708
TIMOB-9603,0.132066
TIMOB-9602,0.002632
TIMOB-9601,0.003377
TIMOB-9600,0.770637
TIMOB-9599,0.003483
TIMOB-9598,0.002397
TIMOB-9597,0.993096
TIMOB-9596,0.003824
TIMOB-9595,0.002845
TIMOB-9594,0.002551
TIMOB-9593,0.002758
TIMOB-9592,0.003028
TIMOB-9591,0.004007
TIMOB-9590,0.003377
TIMOB-9589,0.429908
TIMOB-9588,0.00236
TIMOB-9587,0.00365
TIMOB-9586,0.003222
TIMOB-9585,0.003884
TIMOB-9584,0.003173
TIMOB-9583,0.003945
TIMOB-9582,0.00289
TIMOB-9581,0.00365
TIMOB-9580,0.00343
TIMOB-9579,0.00365
TIMOB-9578,0.003028
TIMOB-9577,0.003538
TIMOB-9576,0.016915
TIMOB-9575,0.002217
TIMOB-9574,0.003173
TIMOB-9572,0.003483
TIMOB-9571,0.102664
TIMOB-9570,0.002715
TIMOB-9569,0.990587
TIMOB-9568,0.003273
TIMOB-9567,0.002632
TIMOB-9566,0.003075
TIMOB-9565,0.00343
TIMOB-9564,0.004134
TIMOB-9562,0.00365
TIMOB-9561,0.003124
TIMOB-9560,0.002981
TIMOB-9559,0.003324
TIMOB-9558,0.003594
TIMOB-9557,0.006098
TIMOB-9556,0.746324
TIMOB-9555,0.00522
TIMOB-9554,0.004982
TIMOB-9553,0.018833
TIMOB-9552,0.006388
TIMOB-9551,0.028653
TIMOB-9550,0.027376
TIMOB-9549,0.904987
TIMOB-9548,0.969785
TIMOB-9547,0.187133
TIMOB-9546,0.126353
TIMOB-9545,0.993996
TIMOB-9543,0.049222
TIMOB-9542,0.330363
TIMOB-9541,0.027796
TIMOB-9540,0.035679
TIMOB-9539,0.027169
TIMOB-9537,0.003324
TIMOB-9536,0.003075
TIMOB-9535,0.003884
TIMOB-9534,0.003377
TIMOB-9533,0.003707
TIMOB-9532,0.002801
TIMOB-9531,0.003765
TIMOB-9530,0.003945
TIMOB-9529,0.546738
TIMOB-9528,0.003273
TIMOB-9527,0.003884
TIMOB-9526,0.00289
TIMOB-9525,0.002758
TIMOB-9524,0.894789
TIMOB-9522,0.003173
TIMOB-9521,0.115162
TIMOB-9520,0.990587
TIMOB-9519,0.006004
TIMOB-9518,0.003538
TIMOB-9517,0.395368
TIMOB-9516,0.009197
TIMOB-9515,0.00629
TIMOB-9514,0.003173
TIMOB-9513,0.00289
TIMOB-9512,0.00461
TIMOB-9511,0.002801
TIMOB-9510,0.002673
TIMOB-9509,0.004134
TIMOB-9508,0.568176
TIMOB-9507,0.002591
TIMOB-9506,0.003884
TIMOB-9505,0.880797
TIMOB-9504,0.005385
TIMOB-9503,0.00582
TIMOB-9502,0.004199
TIMOB-9501,0.993203
TIMOB-9500,0.008577
TIMOB-9499,0.00365
TIMOB-9498,0.024798
TIMOB-9497,0.002632
TIMOB-9496,0.002511
TIMOB-9495,0.004199
TIMOB-9494,0.003945
TIMOB-9493,0.004007
TIMOB-9492,0.004905
TIMOB-9491,0.002715
TIMOB-9490,0.002935
TIMOB-9489,0.002981
TIMOB-9488,0.002551
TIMOB-9487,0.002981
TIMOB-9486,0.003075
TIMOB-9485,0.00407
TIMOB-9484,0.040238
TIMOB-9483,0.002845
TIMOB-9482,0.002758
TIMOB-9481,0.003377
TIMOB-9480,0.987375
TIMOB-9479,0.011961
TIMOB-9478,0.002981
TIMOB-9477,0.003124
TIMOB-9476,0.003884
TIMOB-9475,0.002252
TIMOB-9474,0.00343
TIMOB-9473,0.804098
TIMOB-9472,0.002116
TIMOB-9471,0.00573
TIMOB-9469,0.001988
TIMOB-9468,0.004468
TIMOB-9467,0.00461
TIMOB-9466,0.003884
TIMOB-9465,0.012336
TIMOB-9464,0.003273
TIMOB-9463,0.963231
TIMOB-9462,0.00407
TIMOB-9461,0.002758
TIMOB-9460,0.002551
TIMOB-9459,0.002715
TIMOB-9458,0.943348
TIMOB-9457,0.670446
TIMOB-9456,0.068537
TIMOB-9455,0.020489
TIMOB-9454,0.983597
TIMOB-9453,0.271252
TIMOB-9452,0.01142
TIMOB-9451,0.004399
TIMOB-9450,0.003173
TIMOB-9449,0.002323
TIMOB-9447,0.00365
TIMOB-9446,0.003173
TIMOB-9445,0.003124
TIMOB-9444,0.003124
TIMOB-9443,0.99711
TIMOB-9442,0.006388
TIMOB-9441,0.214362
TIMOB-9440,0.01302
TIMOB-9438,0.002217
TIMOB-9437,0.003028
TIMOB-9436,0.003124
TIMOB-9435,0.003538
TIMOB-9434,0.004538
TIMOB-9433,0.003538
TIMOB-9432,0.003222
TIMOB-9431,0.00236
TIMOB-9430,0.003538
TIMOB-9429,0.00343
TIMOB-9428,0.002935
TIMOB-9427,0.966914
TIMOB-9426,0.979036
TIMOB-9425,0.002715
TIMOB-9424,0.002591
TIMOB-9423,0.002981
TIMOB-9422,0.002715
TIMOB-9421,0.00483
TIMOB-9420,0.002511
TIMOB-9419,0.002511
TIMOB-9418,0.935346
TIMOB-9417,0.002083
TIMOB-9416,0.006193
TIMOB-9415,0.040238
TIMOB-9414,0.029987
TIMOB-9413,0.263979
TIMOB-9412,0.003594
TIMOB-9411,0.003707
TIMOB-9410,0.028008
TIMOB-9409,0.003222
TIMOB-9408,0.668664
TIMOB-9407,0.464416
TIMOB-9406,0.020646
TIMOB-9405,0.00365
TIMOB-9404,0.024238
TIMOB-9403,0.641759
TIMOB-9402,0.002083
TIMOB-9400,0.003324
TIMOB-9399,0.002183
TIMOB-9398,0.967163
TIMOB-9397,0.737914
TIMOB-9396,0.045353
TIMOB-9395,0.054199
TIMOB-9394,0.066085
TIMOB-9393,0.016915
TIMOB-9392,0.025761
TIMOB-9391,0.108189
TIMOB-9390,0.021287
TIMOB-9389,0.736211
TIMOB-9388,0.015425
TIMOB-9387,0.004007
TIMOB-9386,0.289921
TIMOB-9385,0.100172
TIMOB-9384,0.059647
TIMOB-9383,0.002434
TIMOB-9382,0.197444
TIMOB-9381,0.750187
TIMOB-9379,0.971564
TIMOB-9378,0.014392
TIMOB-9377,0.003884
TIMOB-9376,0.00365
TIMOB-9375,0.004399
TIMOB-9374,0.003124
TIMOB-9373,0.003222
TIMOB-9372,0.011778
TIMOB-9371,0.003124
TIMOB-9370,0.971992
TIMOB-9369,0.031859
TIMOB-9368,0.90764
TIMOB-9367,0.906983
TIMOB-9366,0.783988
TIMOB-9363,0.003075
TIMOB-9362,0.008316
TIMOB-9361,0.00343
TIMOB-9359,0.003222
TIMOB-9358,0.002183
TIMOB-9357,0.003594
TIMOB-9356,0.002801
TIMOB-9355,0.002715
TIMOB-9354,0.003765
TIMOB-9352,0.002981
TIMOB-9350,0.003945
TIMOB-9349,0.098425
TIMOB-9348,0.010249
TIMOB-9347,0.044681
TIMOB-9346,0.002801
TIMOB-9345,0.003945
TIMOB-9344,0.035411
TIMOB-9343,0.009784
TIMOB-9342,0.003765
TIMOB-9341,0.492676
TIMOB-9340,0.008125
TIMOB-9338,0.00289
TIMOB-9337,0.00289
TIMOB-9336,0.004468
TIMOB-9335,0.141281
TIMOB-9334,0.003028
TIMOB-9333,0.003222
TIMOB-9332,0.063019
TIMOB-9331,0.002217
TIMOB-9330,0.002551
TIMOB-9329,0.002758
TIMOB-9328,0.112795
TIMOB-9327,0.002183
TIMOB-9326,0.002149
TIMOB-9325,0.993902
TIMOB-9324,0.004399
TIMOB-9323,0.004332
TIMOB-9322,0.002551
TIMOB-9321,0.00573
TIMOB-9320,0.003538
TIMOB-9319,0.004134
TIMOB-9318,0.024054
TIMOB-9317,0.992062
TIMOB-9316,0.589835
TIMOB-9315,0.735071
TIMOB-9314,0.96862
TIMOB-9313,0.002801
TIMOB-9312,0.011508
TIMOB-9311,0.019271
TIMOB-9309,0.047426
TIMOB-9308,0.003538
TIMOB-9306,0.994615
TIMOB-9305,0.003075
TIMOB-9304,0.004007
TIMOB-9303,0.003824
TIMOB-9302,0.002981
TIMOB-9301,0.003765
TIMOB-9298,0.027376
TIMOB-9297,0.004538
TIMOB-9296,0.003075
TIMOB-9295,0.002217
TIMOB-9294,0.00629
TIMOB-9293,0.203075
TIMOB-9292,0.009126
TIMOB-9291,0.015306
TIMOB-9290,0.032101
TIMOB-9287,0.072637
TIMOB-9286,0.909265
TIMOB-9285,0.005911
TIMOB-9284,0.00365
TIMOB-9283,0.00506
TIMOB-9282,0.003173
TIMOB-9281,0.003483
TIMOB-9280,0.003173
TIMOB-9279,0.01142
TIMOB-9278,0.019124
TIMOB-9277,0.002591
TIMOB-9272,0.002715
TIMOB-9271,0.002551
TIMOB-9270,0.002632
TIMOB-9269,0.007121
TIMOB-9268,0.002591
TIMOB-9267,0.002397
TIMOB-9266,0.005385
TIMOB-9265,0.003707
TIMOB-9264,0.006004
TIMOB-9263,0.003075
TIMOB-9262,0.025761
TIMOB-9260,0.002551
TIMOB-9229,0.004905
TIMOB-9228,0.850965
TIMOB-9227,0.006904
TIMOB-9226,0.026557
TIMOB-9225,0.027169
TIMOB-9224,0.002434
TIMOB-9223,0.002591
TIMOB-9222,0.002434
TIMOB-9221,0.003377
TIMOB-9220,0.007696
TIMOB-9219,0.996517
TIMOB-9218,0.002845
TIMOB-9217,0.272411
TIMOB-9216,0.00289
TIMOB-9215,0.003377
TIMOB-9214,0.00659
TIMOB-9213,0.00483
TIMOB-9212,0.002217
TIMOB-9211,0.005911
TIMOB-9210,0.002083
TIMOB-9209,0.002981
TIMOB-9208,0.004007
TIMOB-9207,0.004682
TIMOB-9206,0.004199
TIMOB-9205,0.002981
TIMOB-9204,0.813461
TIMOB-9203,0.910545
TIMOB-9202,0.986979
TIMOB-9201,0.151529
TIMOB-9200,0.112016
TIMOB-9199,0.00514
TIMOB-9198,0.004199
TIMOB-9197,0.002323
TIMOB-9196,0.00289
TIMOB-9195,0.002434
TIMOB-9194,0.373533
TIMOB-9193,0.003707
TIMOB-9192,0.003273
TIMOB-9191,0.002935
TIMOB-9190,0.00573
TIMOB-9189,0.002511
TIMOB-9188,0.03138
TIMOB-9187,0.025179
TIMOB-9186,0.31144
TIMOB-9185,0.780997
TIMOB-9184,0.004682
TIMOB-9183,0.00343
TIMOB-9182,0.003028
TIMOB-9181,0.99635
TIMOB-9180,0.950778
TIMOB-9179,0.955319
TIMOB-9178,0.995018
TIMOB-9177,0.003707
TIMOB-9176,0.008
TIMOB-9175,0.00483
TIMOB-9174,0.005555
TIMOB-9173,0.003273
TIMOB-9172,0.002758
TIMOB-9171,0.004199
TIMOB-9170,0.952926
TIMOB-9169,0.002981
TIMOB-9168,0.004982
TIMOB-9167,0.465387
TIMOB-9166,0.002551
TIMOB-9165,0.017045
TIMOB-9164,0.105948
TIMOB-9163,0.995245
TIMOB-9161,0.004134
TIMOB-9160,0.003884
TIMOB-9159,0.99517
TIMOB-9158,0.438184
TIMOB-9157,0.00514
TIMOB-9156,0.002149
TIMOB-9155,0.002551
TIMOB-9154,0.004134
TIMOB-9153,0.00582
TIMOB-9152,0.006693
TIMOB-9151,0.002551
TIMOB-9150,0.00659
TIMOB-9149,0.00506
TIMOB-9148,0.008644
TIMOB-9147,0.027169
TIMOB-9146,0.979354
TIMOB-9145,0.315789
TIMOB-9144,0.985271
TIMOB-9143,0.725649
TIMOB-9142,0.972415
TIMOB-9141,0.003765
TIMOB-9139,0.007233
TIMOB-9138,0.007346
TIMOB-9137,0.002551
TIMOB-9136,0.002935
TIMOB-9135,0.034359
TIMOB-9134,0.005385
TIMOB-9132,0.989986
TIMOB-9131,0.00289
TIMOB-9130,0.007346
TIMOB-9129,0.00289
TIMOB-9128,0.020804
TIMOB-9127,0.002715
TIMOB-9126,0.019569
TIMOB-9124,0.003222
TIMOB-9123,0.004265
TIMOB-9122,0.00407
TIMOB-9121,0.002511
TIMOB-9120,0.003538
TIMOB-9119,0.002673
TIMOB-9118,0.00289
TIMOB-9117,0.002591
TIMOB-9116,0.003273
TIMOB-9114,0.002673
TIMOB-9113,0.853913
TIMOB-9112,0.002473
TIMOB-9111,0.004682
TIMOB-9110,0.003707
TIMOB-9109,0.00483
TIMOB-9108,0.005642
TIMOB-9107,0.002715
TIMOB-9104,0.00514
TIMOB-9103,0.003824
TIMOB-9102,0.004399
TIMOB-9101,0.002051
TIMOB-9100,0.005911
TIMOB-9099,0.001839
TIMOB-9098,0.002551
TIMOB-9097,0.00289
TIMOB-9096,0.007696
TIMOB-9095,0.002116
TIMOB-9094,0.021125
TIMOB-9093,0.002632
TIMOB-9092,0.329715
TIMOB-9091,0.00461
TIMOB-9090,0.00461
TIMOB-9089,0.883638
TIMOB-9088,0.009559
TIMOB-9087,0.006798
TIMOB-9086,0.004538
TIMOB-9085,0.002632
TIMOB-9084,0.007346
TIMOB-9083,0.002632
TIMOB-9082,0.002673
TIMOB-9081,0.003765
TIMOB-9080,0.045353
TIMOB-9079,0.927363
TIMOB-9078,0.984694
TIMOB-9077,0.99341
TIMOB-9076,0.972623
TIMOB-9075,0.960361
TIMOB-9074,0.99764
TIMOB-9073,0.009126
TIMOB-9072,0.00659
TIMOB-9071,0.004199
TIMOB-9070,0.826151
TIMOB-9069,0.002673
TIMOB-9068,0.856332
TIMOB-9067,0.996235
TIMOB-9065,0.003377
TIMOB-9064,0.002715
TIMOB-9063,0.002715
TIMOB-9061,0.004982
TIMOB-9060,0.004199
TIMOB-9059,0.003824
TIMOB-9058,0.002252
TIMOB-9056,0.003377
TIMOB-9055,0.004134
TIMOB-9054,0.003945
TIMOB-9053,0.003707
TIMOB-9052,0.003765
TIMOB-9051,0.980729
TIMOB-9050,0.882022
TIMOB-9049,0.002287
TIMOB-9048,0.002845
TIMOB-9047,0.003173
TIMOB-9046,0.002511
TIMOB-9045,0.00343
TIMOB-9044,0.003173
TIMOB-9043,0.003594
TIMOB-9042,0.026759
TIMOB-9041,0.002511
TIMOB-9040,0.00289
TIMOB-9039,0.004199
TIMOB-9038,0.003028
TIMOB-9037,0.991422
TIMOB-9036,0.993307
TIMOB-9035,0.003124
TIMOB-9034,0.990441
TIMOB-9033,0.139866
TIMOB-9032,0.210766
TIMOB-9031,0.008847
TIMOB-9030,0.58818
TIMOB-9029,0.973037
TIMOB-9028,0.99341
TIMOB-9027,0.914596
TIMOB-9026,0.891434
TIMOB-9025,0.003483
TIMOB-9024,0.432543
TIMOB-9023,0.00483
TIMOB-9022,0.997566
TIMOB-9021,0.012147
TIMOB-9020,0.002981
TIMOB-9019,0.003707
TIMOB-9017,0.007121
TIMOB-9016,0.002935
TIMOB-9015,0.002981
TIMOB-9014,0.028008
TIMOB-9012,0.027169
TIMOB-9009,0.003075
TIMOB-9008,0.004199
TIMOB-9007,0.002801
TIMOB-9006,0.002051
TIMOB-9005,0.003765
TIMOB-9004,0.002981
TIMOB-9003,0.86431
TIMOB-9002,0.709623
TIMOB-9001,0.00659
TIMOB-9000,0.003483
TIMOB-8999,0.007577
TIMOB-8998,0.00522
TIMOB-8997,0.997603
TIMOB-8996,0.915205
TIMOB-8995,0.993307
TIMOB-8994,0.025565
TIMOB-8993,0.023509
TIMOB-8992,0.989986
TIMOB-8991,0.030215
TIMOB-8990,0.004982
TIMOB-8988,0.054199
TIMOB-8987,0.650023
TIMOB-8986,0.943764
TIMOB-8985,0.025957
TIMOB-8984,0.043366
TIMOB-8983,0.016785
TIMOB-8982,0.00289
TIMOB-8981,0.965381
TIMOB-8980,0.004332
TIMOB-8979,0.002715
TIMOB-8978,0.00461
TIMOB-8977,0.381911
TIMOB-8976,0.003222
TIMOB-8975,0.876211
TIMOB-8974,0.010328
TIMOB-8973,0.460774
TIMOB-8972,0.004134
TIMOB-8971,0.002323
TIMOB-8970,0.6306
TIMOB-8969,0.003173
TIMOB-8968,0.002217
TIMOB-8967,0.005555
TIMOB-8966,0.00522
TIMOB-8965,0.00483
TIMOB-8964,0.003707
TIMOB-8963,0.010014
TIMOB-8962,0.79053
TIMOB-8961,0.004982
TIMOB-8960,0.075041
TIMOB-8959,0.006004
TIMOB-8958,0.00365
TIMOB-8957,0.002323
TIMOB-8956,0.002673
TIMOB-8955,0.00343
TIMOB-8954,0.119203
TIMOB-8953,0.018405
TIMOB-8952,0.007696
TIMOB-8950,0.029091
TIMOB-8949,0.002981
TIMOB-8948,0.003594
TIMOB-8947,0.9462
TIMOB-8946,0.018547
TIMOB-8945,0.004538
TIMOB-8944,0.022117
TIMOB-8943,0.017309
TIMOB-8942,0.002981
TIMOB-8941,0.002801
TIMOB-8940,0.003377
TIMOB-8939,0.947381
TIMOB-8938,0.003377
TIMOB-8937,0.089137
TIMOB-8936,0.002981
TIMOB-8935,0.002758
TIMOB-8934,0.002935
TIMOB-8933,0.054199
TIMOB-8932,0.003765
TIMOB-8930,0.002981
TIMOB-8929,0.003222
TIMOB-8928,0.00289
TIMOB-8927,0.034619
TIMOB-8926,0.696165
TIMOB-8925,0.360939
TIMOB-8924,0.011245
TIMOB-8923,0.021781
TIMOB-8922,0.06489
TIMOB-8921,0.690768
TIMOB-8920,0.308607
TIMOB-8919,0.749271
TIMOB-8918,0.97024
TIMOB-8917,0.961822
TIMOB-8916,0.531209
TIMOB-8915,0.934395
TIMOB-8914,0.423696
TIMOB-8913,0.003222
TIMOB-8912,0.004755
TIMOB-8911,0.002051
TIMOB-8910,0.002758
TIMOB-8909,0.003824
TIMOB-8908,0.003824
TIMOB-8907,0.002252
TIMOB-8906,0.003273
TIMOB-8905,0.032101
TIMOB-8903,0.002252
TIMOB-8901,0.986151
TIMOB-8900,0.00582
TIMOB-8899,0.003765
TIMOB-8898,0.036494
TIMOB-8897,0.986979
TIMOB-8896,0.269903
TIMOB-8895,0.044349
TIMOB-8894,0.008446
TIMOB-8893,0.075858
TIMOB-8891,0.002397
TIMOB-8890,0.012054
TIMOB-8889,0.00365
TIMOB-8888,0.504394
TIMOB-8887,0.031619
TIMOB-8886,0.944995
TIMOB-8885,0.876634
TIMOB-8884,0.997199
TIMOB-8883,0.196826
TIMOB-8882,0.992304
TIMOB-8881,0.002801
TIMOB-8880,0.002252
TIMOB-8879,0.003075
TIMOB-8878,0.003124
TIMOB-8877,0.008577
TIMOB-8876,0.455683
TIMOB-8875,0.002801
TIMOB-8874,0.004332
TIMOB-8873,0.007816
TIMOB-8872,0.004265
TIMOB-8871,0.006004
TIMOB-8870,0.027796
TIMOB-8869,0.003273
TIMOB-8868,0.004468
TIMOB-8867,0.011072
TIMOB-8866,0.004399
TIMOB-8865,0.031619
TIMOB-8864,0.047074
TIMOB-8863,0.00236
TIMOB-8862,0.27048
TIMOB-8861,0.92523
TIMOB-8860,0.002981
TIMOB-8859,0.004399
TIMOB-8858,0.005642
TIMOB-8857,0.004905
TIMOB-8856,0.004905
TIMOB-8855,0.002149
TIMOB-8854,0.002083
TIMOB-8853,0.002981
TIMOB-8852,0.013325
TIMOB-8851,0.993203
TIMOB-8850,0.996116
TIMOB-8849,0.027376
TIMOB-8848,0.00343
TIMOB-8847,0.003594
TIMOB-8846,0.002935
TIMOB-8844,0.887595
TIMOB-8843,0.995532
TIMOB-8842,0.334209
TIMOB-8841,0.664105
TIMOB-8840,0.973241
TIMOB-8839,0.586286
TIMOB-8838,0.957596
TIMOB-8837,0.275617
TIMOB-8836,0.978219
TIMOB-8835,0.061876
TIMOB-8834,0.565539
TIMOB-8833,0.989511
TIMOB-8832,0.992879
TIMOB-8831,0.994445
TIMOB-8830,0.064418
TIMOB-8829,0.067056
TIMOB-8828,0.039048
TIMOB-8827,0.986777
TIMOB-8826,0.196518
TIMOB-8825,0.046378
TIMOB-8824,0.90053
TIMOB-8822,0.003538
TIMOB-8821,0.132964
TIMOB-8820,0.742795
TIMOB-8819,0.990732
TIMOB-8815,0.043366
TIMOB-8814,0.445047
TIMOB-8813,0.88642
TIMOB-8812,0.267217
TIMOB-8811,0.847968
TIMOB-8810,0.131619
TIMOB-8809,0.978875
TIMOB-8808,0.002183
TIMOB-8807,0.001701
TIMOB-8806,0.043366
TIMOB-8805,0.004399
TIMOB-8804,0.002434
TIMOB-8803,0.00289
TIMOB-8802,0.003124
TIMOB-8801,0.002801
TIMOB-8800,0.022629
TIMOB-8799,0.002397
TIMOB-8798,0.002673
TIMOB-8797,0.003028
TIMOB-8796,0.051654
TIMOB-8795,0.04778
TIMOB-8794,0.967163
TIMOB-8793,0.002801
TIMOB-8792,0.987946
TIMOB-8791,0.003075
TIMOB-8790,0.003222
TIMOB-8789,0.003124
TIMOB-8788,0.049589
TIMOB-8787,0.0538
TIMOB-8786,0.003075
TIMOB-8785,0.09947
TIMOB-8784,0.946597
TIMOB-8783,0.927888
TIMOB-8782,0.003222
TIMOB-8781,0.988668
TIMOB-8780,0.995601
TIMOB-8779,0.004134
TIMOB-8778,0.008511
TIMOB-8777,0.002116
TIMOB-8776,0.00289
TIMOB-8775,0.002323
TIMOB-8774,0.002511
TIMOB-8773,0.003273
TIMOB-8772,0.002715
TIMOB-8771,0.003707
TIMOB-8770,0.979511
TIMOB-8769,0.005469
TIMOB-8768,0.004199
TIMOB-8767,0.002217
TIMOB-8766,0.003765
TIMOB-8765,0.002632
TIMOB-8764,0.00343
TIMOB-8754,0.003222
TIMOB-8753,0.003075
TIMOB-8752,0.00506
TIMOB-8751,0.006488
TIMOB-8750,0.007121
TIMOB-8749,0.004007
TIMOB-8747,0.003124
TIMOB-8746,0.003824
TIMOB-8745,0.00461
TIMOB-8744,0.002801
TIMOB-8743,0.004265
TIMOB-8742,0.00365
TIMOB-8741,0.005469
TIMOB-8740,0.005555
TIMOB-8739,0.017045
TIMOB-8738,0.019419
TIMOB-8737,0.043366
TIMOB-8735,0.76769
TIMOB-8734,0.976847
TIMOB-8733,0.003377
TIMOB-8732,0.004755
TIMOB-8731,0.002473
TIMOB-8730,0.004265
TIMOB-8729,0.002715
TIMOB-8728,0.005385
TIMOB-8727,0.003028
TIMOB-8726,0.006193
TIMOB-8725,0.002397
TIMOB-8724,0.002801
TIMOB-8721,0.995532
TIMOB-8720,0.002434
TIMOB-8719,0.002434
TIMOB-8718,0.995801
TIMOB-8717,0.092688
TIMOB-8716,0.003273
TIMOB-8715,0.94079
TIMOB-8714,0.00365
TIMOB-8713,0.002935
TIMOB-8712,0.004982
TIMOB-8711,0.00289
TIMOB-8710,0.993902
TIMOB-8709,0.002591
TIMOB-8708,0.003945
TIMOB-8707,0.003765
TIMOB-8706,0.003124
TIMOB-8705,0.003765
TIMOB-8704,0.002758
TIMOB-8703,0.005555
TIMOB-8702,0.00343
TIMOB-8701,0.003765
TIMOB-8700,0.010735
TIMOB-8699,0.004682
TIMOB-8698,0.002149
TIMOB-8697,0.004468
TIMOB-8696,0.002673
TIMOB-8695,0.00629
TIMOB-8694,0.028008
TIMOB-8693,0.004332
TIMOB-8692,0.00659
TIMOB-8690,0.865224
TIMOB-8689,0.002287
TIMOB-8688,0.002715
TIMOB-8687,0.002801
TIMOB-8686,0.003324
TIMOB-8685,0.982014
TIMOB-8684,0.941223
TIMOB-8683,0.00365
TIMOB-8682,0.003028
TIMOB-8681,0.99593
TIMOB-8680,0.993307
TIMOB-8679,0.003377
TIMOB-8678,0.003377
TIMOB-8677,0.00289
TIMOB-8676,0.987759
TIMOB-8675,0.003075
TIMOB-8674,0.002473
TIMOB-8673,0.981167
TIMOB-8672,0.003765
TIMOB-8671,0.963231
TIMOB-8670,0.041774
TIMOB-8669,0.00506
TIMOB-8668,0.002632
TIMOB-8667,0.004682
TIMOB-8666,0.001988
TIMOB-8665,0.004982
TIMOB-8664,0.002845
TIMOB-8663,0.995018
TIMOB-8662,0.996777
TIMOB-8661,0.005555
TIMOB-8660,0.002323
TIMOB-8659,0.004199
TIMOB-8658,0.010328
TIMOB-8657,0.944995
TIMOB-8656,0.002801
TIMOB-8654,0.004755
TIMOB-8653,0.991684
TIMOB-8652,0.995801
TIMOB-8651,0.213377
TIMOB-8649,0.002845
TIMOB-8648,0.00343
TIMOB-8647,0.002434
TIMOB-8646,0.00506
TIMOB-8645,0.003377
TIMOB-8644,0.005911
TIMOB-8643,0.005385
TIMOB-8642,0.002632
TIMOB-8641,0.007121
TIMOB-8640,0.989672
TIMOB-8639,0.00236
TIMOB-8638,0.003075
TIMOB-8637,0.003824
TIMOB-8636,0.004538
TIMOB-8635,0.004199
TIMOB-8634,0.00573
TIMOB-8633,0.003324
TIMOB-8632,0.002758
TIMOB-8631,0.003377
TIMOB-8630,0.99819
TIMOB-8629,0.00289
TIMOB-8628,0.003324
TIMOB-8627,0.996116
TIMOB-8626,0.009634
TIMOB-8625,0.002845
TIMOB-8623,0.763836
TIMOB-8622,0.007346
TIMOB-8621,0.00582
TIMOB-8620,0.007121
TIMOB-8619,0.003075
TIMOB-8618,0.00407
TIMOB-8617,0.002715
TIMOB-8616,0.00289
TIMOB-8615,0.002632
TIMOB-8614,0.003124
TIMOB-8613,0.002434
TIMOB-8612,0.003538
TIMOB-8611,0.002434
TIMOB-8610,0.00365
TIMOB-8607,0.004538
TIMOB-8606,0.002591
TIMOB-8605,0.003765
TIMOB-8602,0.560012
TIMOB-8599,0.926835
TIMOB-8598,0.122523
TIMOB-8597,0.012821
TIMOB-8594,0.063715
TIMOB-8593,0.140808
TIMOB-8592,0.602084
TIMOB-8591,0.30632
TIMOB-8589,0.153042
TIMOB-8588,0.828939
TIMOB-8587,0.229881
TIMOB-8585,0.876211
TIMOB-8584,0.118385
TIMOB-8583,0.228156
TIMOB-8582,0.071591
TIMOB-8581,0.034619
TIMOB-8580,0.547464
TIMOB-8579,0.444565
TIMOB-8578,0.538255
TIMOB-8577,0.329431
TIMOB-8576,0.488771
TIMOB-8575,0.022286
TIMOB-8574,0.177811
TIMOB-8573,0.086323
TIMOB-8572,0.515132
TIMOB-8571,0.028008
TIMOB-8570,0.020332
TIMOB-8569,0.054601
TIMOB-8568,0.340321
TIMOB-8567,0.919643
TIMOB-8566,0.202443
TIMOB-8565,0.968141
TIMOB-8564,0.037047
TIMOB-8563,0.035679
TIMOB-8562,0.035948
TIMOB-8561,0.004905
TIMOB-8559,0.003377
TIMOB-8558,0.00483
TIMOB-8557,0.004265
TIMOB-8556,0.004265
TIMOB-8555,0.185947
TIMOB-8554,0.002632
TIMOB-8553,0.002935
TIMOB-8552,0.981022
TIMOB-8551,0.003124
TIMOB-8550,0.003377
TIMOB-8549,0.008916
TIMOB-8548,0.002551
TIMOB-8546,0.004199
TIMOB-8545,0.003222
TIMOB-8518,0.003273
TIMOB-8517,0.242923
TIMOB-8516,0.004682
TIMOB-8515,0.00573
TIMOB-8513,0.00343
TIMOB-8512,0.005642
TIMOB-8511,0.066085
TIMOB-8510,0.99427
TIMOB-8509,0.003483
TIMOB-8508,0.003075
TIMOB-8507,0.003377
TIMOB-8506,0.007012
TIMOB-8505,0.007121
TIMOB-8504,0.010818
TIMOB-8503,0.003273
TIMOB-8502,0.007938
TIMOB-8501,0.002591
TIMOB-8500,0.003124
TIMOB-8499,0.128088
TIMOB-8498,0.995095
TIMOB-8496,0.041153
TIMOB-8495,0.002801
TIMOB-8494,0.002935
TIMOB-8493,0.002252
TIMOB-8492,0.003222
TIMOB-8491,0.00289
TIMOB-8490,0.003594
TIMOB-8489,0.002397
TIMOB-8488,0.002397
TIMOB-8487,0.002845
TIMOB-8486,0.003483
TIMOB-8485,0.173288
TIMOB-8484,0.004265
TIMOB-8483,0.010489
TIMOB-8482,0.002845
TIMOB-8481,0.002511
TIMOB-8480,0.003075
TIMOB-8479,0.013325
TIMOB-8478,0.802556
TIMOB-8477,0.009268
TIMOB-8476,0.00407
TIMOB-8475,0.004134
TIMOB-8474,0.003945
TIMOB-8473,0.002397
TIMOB-8472,0.004007
TIMOB-8471,0.002591
TIMOB-8470,0.003273
TIMOB-8469,0.003222
TIMOB-8468,0.002845
TIMOB-8467,0.005642
TIMOB-8466,0.002632
TIMOB-8465,0.003594
TIMOB-8464,0.003173
TIMOB-8463,0.006388
TIMOB-8462,0.003594
TIMOB-8461,0.002935
TIMOB-8460,0.00483
TIMOB-8459,0.002149
TIMOB-8458,0.028653
TIMOB-8457,0.002758
TIMOB-8456,0.003377
TIMOB-8455,0.002287
TIMOB-8454,0.003028
TIMOB-8453,0.846451
TIMOB-8452,0.003124
TIMOB-8451,0.004007
TIMOB-8450,0.002591
TIMOB-8449,0.985718
TIMOB-8448,0.003028
TIMOB-8447,0.00289
TIMOB-8446,0.001868
TIMOB-8445,0.010014
TIMOB-8444,0.003945
TIMOB-8443,0.003884
TIMOB-8442,0.004982
TIMOB-8441,0.004332
TIMOB-8440,0.028221
TIMOB-8439,0.003028
TIMOB-8438,0.235812
TIMOB-8437,0.002801
TIMOB-8436,0.002591
TIMOB-8435,0.003324
TIMOB-8434,0.002632
TIMOB-8433,0.003124
TIMOB-8432,0.004332
TIMOB-8431,0.003707
TIMOB-8430,0.002434
TIMOB-8429,0.006098
TIMOB-8428,0.00582
TIMOB-8427,0.023689
TIMOB-8426,0.603698
TIMOB-8425,0.001988
TIMOB-8424,0.995735
TIMOB-8423,0.027169
TIMOB-8422,0.002287
TIMOB-8421,0.002252
TIMOB-8420,0.00236
TIMOB-8419,0.002801
TIMOB-8418,0.004755
TIMOB-8417,0.003173
TIMOB-8416,0.006193
TIMOB-8415,0.00629
TIMOB-8414,0.00838
TIMOB-8413,0.025565
TIMOB-8412,0.003222
TIMOB-8411,0.003028
TIMOB-8410,0.001868
TIMOB-8385,0.001957
TIMOB-8384,0.004134
TIMOB-8383,0.041774
TIMOB-8382,0.004007
TIMOB-8381,0.041774
TIMOB-8380,0.003483
TIMOB-8379,0.002434
TIMOB-8378,0.948917
TIMOB-8377,0.904651
TIMOB-8376,0.003945
TIMOB-8375,0.004007
TIMOB-8374,0.00365
TIMOB-8373,0.002632
TIMOB-8372,0.004007
TIMOB-8371,0.003124
TIMOB-8370,0.004007
TIMOB-8369,0.003765
TIMOB-8368,0.006004
TIMOB-8367,0.002591
TIMOB-8366,0.004399
TIMOB-8365,0.002801
TIMOB-8364,0.00181
TIMOB-8363,0.003824
TIMOB-8362,0.002801
TIMOB-8358,0.085709
TIMOB-8357,0.002511
TIMOB-8356,0.003173
TIMOB-8355,0.991812
TIMOB-8354,0.002287
TIMOB-8352,0.003324
TIMOB-8351,0.006904
TIMOB-8350,0.003483
TIMOB-8349,0.007577
TIMOB-8348,0.001897
TIMOB-8347,0.99427
TIMOB-8346,0.004134
TIMOB-8345,0.784649
TIMOB-8344,0.002981
TIMOB-8343,0.00986
TIMOB-8342,0.006193
TIMOB-8341,0.003594
TIMOB-8340,0.003483
TIMOB-8339,0.03138
TIMOB-8336,0.941654
TIMOB-8335,0.002758
TIMOB-8334,0.002019
TIMOB-8333,0.004134
TIMOB-8332,0.003028
TIMOB-8331,0.00461
TIMOB-8330,0.003765
TIMOB-8329,0.004905
TIMOB-8328,0.002935
TIMOB-8327,0.004682
TIMOB-8326,0.00343
TIMOB-8325,0.002981
TIMOB-8324,0.004007
TIMOB-8323,0.071074
TIMOB-8322,0.949669
TIMOB-8321,0.003324
TIMOB-8320,0.026355
TIMOB-8319,0.007577
TIMOB-8318,0.002434
TIMOB-8317,0.002632
TIMOB-8316,0.980729
TIMOB-8315,0.00659
TIMOB-8314,0.003377
TIMOB-8313,0.006904
TIMOB-8312,0.003173
TIMOB-8311,0.002981
TIMOB-8310,0.887595
TIMOB-8309,0.004682
TIMOB-8308,0.004682
TIMOB-8307,0.00514
TIMOB-8306,0.628607
TIMOB-8305,0.004199
TIMOB-8304,0.00181
TIMOB-8303,0.002551
TIMOB-8302,0.577972
TIMOB-8301,0.00514
TIMOB-8300,0.002019
TIMOB-8299,0.012821
TIMOB-8298,0.002287
TIMOB-8297,0.002511
TIMOB-8296,0.108189
TIMOB-8295,0.00343
TIMOB-8294,0.002981
TIMOB-8293,0.002715
TIMOB-8292,0.010014
TIMOB-8291,0.002551
TIMOB-8290,0.002715
TIMOB-8289,0.005555
TIMOB-8288,0.007121
TIMOB-8287,0.006904
TIMOB-8286,0.004538
TIMOB-8285,0.002758
TIMOB-8283,0.003028
TIMOB-8282,0.00236
TIMOB-8281,0.001839
TIMOB-8280,0.003483
TIMOB-8279,0.004199
TIMOB-8278,0.002116
TIMOB-8277,0.002083
TIMOB-8276,0.002051
TIMOB-8275,0.577972
TIMOB-8274,0.001897
TIMOB-8271,0.002981
TIMOB-8270,0.002252
TIMOB-8268,0.002434
TIMOB-8267,0.00407
TIMOB-8266,0.00461
TIMOB-8265,0.002434
TIMOB-8264,0.00986
TIMOB-8263,0.021615
TIMOB-8262,0.003075
TIMOB-8261,0.004332
TIMOB-8260,0.002632
TIMOB-8259,0.003538
TIMOB-8258,0.002287
TIMOB-8257,0.004134
TIMOB-8255,0.003538
TIMOB-8254,0.001623
TIMOB-8253,0.002981
TIMOB-8252,0.001573
TIMOB-8251,0.003028
TIMOB-8250,0.002252
TIMOB-8249,0.002845
TIMOB-8247,0.002551
TIMOB-8246,0.003222
TIMOB-8245,0.002323
TIMOB-8244,0.001868
TIMOB-8243,0.003222
TIMOB-8242,0.002434
TIMOB-8241,0.996462
TIMOB-8240,0.055413
TIMOB-8239,0.992767
TIMOB-8238,0.002673
TIMOB-8237,0.750918
TIMOB-8236,0.992539
TIMOB-8235,0.76207
TIMOB-8234,0.997527
TIMOB-8233,0.183009
TIMOB-8232,0.98983
TIMOB-8231,0.990732
TIMOB-8230,0.997748
TIMOB-8229,0.610918
TIMOB-8228,0.004007
TIMOB-8227,0.002051
TIMOB-8225,0.003945
TIMOB-8224,0.004905
TIMOB-8223,0.002149
TIMOB-8222,0.003124
TIMOB-8221,0.987179
TIMOB-8220,0.002473
TIMOB-8219,0.002632
TIMOB-8218,0.004468
TIMOB-8217,0.00236
TIMOB-8216,0.004265
TIMOB-8215,0.005302
TIMOB-8213,0.00506
TIMOB-8212,0.010902
TIMOB-8211,0.106319
TIMOB-8210,0.001927
TIMOB-8209,0.004682
TIMOB-8208,0.003324
TIMOB-8207,0.014282
TIMOB-8206,0.160266
TIMOB-8205,0.003173
TIMOB-8204,0.001957
TIMOB-8203,0.002051
TIMOB-8202,0.001988
TIMOB-8201,0.006004
TIMOB-8200,0.004199
TIMOB-8199,0.00659
TIMOB-8198,0.001839
TIMOB-8197,0.002083
TIMOB-8196,0.397471
TIMOB-8195,0.003173
TIMOB-8194,0.003884
TIMOB-8193,0.003028
TIMOB-8192,0.003483
TIMOB-8191,0.002217
TIMOB-8190,0.004905
TIMOB-8189,0.002551
TIMOB-8188,0.007121
TIMOB-8187,0.007346
TIMOB-8186,0.99486
TIMOB-8185,0.002183
TIMOB-8184,0.002019
TIMOB-8183,0.996462
TIMOB-8182,0.949669
TIMOB-8181,0.004007
TIMOB-8180,0.891434
TIMOB-8179,0.104843
TIMOB-8178,0.008446
TIMOB-8177,0.002715
TIMOB-8175,0.002935
TIMOB-8174,0.008252
TIMOB-8173,0.006098
TIMOB-8172,0.002845
TIMOB-8171,0.007012
TIMOB-8170,0.003765
TIMOB-8169,0.004265
TIMOB-8168,0.00483
TIMOB-8167,0.005555
TIMOB-8166,0.00522
TIMOB-8165,0.003824
TIMOB-8164,0.004399
TIMOB-8163,0.124213
TIMOB-8162,0.002981
TIMOB-8161,0.189221
TIMOB-8160,0.966914
TIMOB-8159,0.002083
TIMOB-8158,0.046378
TIMOB-8157,0.002434
TIMOB-8156,0.004265
TIMOB-8155,0.003222
TIMOB-8153,0.003273
TIMOB-8152,0.004682
TIMOB-8151,0.002397
TIMOB-8150,0.00483
TIMOB-8149,0.004982
TIMOB-8148,0.004468
TIMOB-8147,0.003377
TIMOB-8146,0.002591
TIMOB-8145,0.003884
TIMOB-8144,0.002149
TIMOB-8143,0.001957
TIMOB-8142,0.004265
TIMOB-8141,0.00289
TIMOB-8140,0.003707
TIMOB-8139,0.00483
TIMOB-8138,0.003124
TIMOB-8137,0.003273
TIMOB-8136,0.002981
TIMOB-8135,0.004265
TIMOB-8134,0.002981
TIMOB-8133,0.00343
TIMOB-8132,0.008446
TIMOB-8130,0.003707
TIMOB-8129,0.003273
TIMOB-8127,0.006098
TIMOB-8126,0.005911
TIMOB-8125,0.117978
TIMOB-8124,0.00629
TIMOB-8123,0.004538
TIMOB-8122,0.92944
TIMOB-8121,0.936285
TIMOB-8120,0.003075
TIMOB-8119,0.00365
TIMOB-8116,0.002287
TIMOB-8115,0.891811
TIMOB-8114,0.002935
TIMOB-8113,0.004007
TIMOB-8112,0.008446
TIMOB-8111,0.009197
TIMOB-8110,0.020023
TIMOB-8109,0.003707
TIMOB-8108,0.011508
TIMOB-8107,0.004982
TIMOB-8106,0.002183
TIMOB-8105,0.004468
TIMOB-8104,0.006488
TIMOB-8102,0.00461
TIMOB-8101,0.00573
TIMOB-8100,0.002591
TIMOB-8099,0.005385
TIMOB-8098,0.002801
TIMOB-8097,0.002116
TIMOB-8095,0.00289
TIMOB-8094,0.00506
TIMOB-8092,0.002758
TIMOB-8091,0.00289
TIMOB-8090,0.002183
TIMOB-8089,0.003273
TIMOB-8088,0.002051
TIMOB-8087,0.006193
TIMOB-8086,0.002473
TIMOB-8085,0.003028
TIMOB-8084,0.002287
TIMOB-8083,0.002845
TIMOB-8082,0.007012
TIMOB-8081,0.003538
TIMOB-8080,0.00343
TIMOB-8079,0.00659
TIMOB-8077,0.003707
TIMOB-8076,0.008252
TIMOB-8075,0.007346
TIMOB-8074,0.005469
TIMOB-8073,0.003173
TIMOB-8072,0.002935
TIMOB-8071,0.007012
TIMOB-8070,0.003028
TIMOB-8069,0.003273
TIMOB-8068,0.002801
TIMOB-8067,0.002149
TIMOB-8066,0.003594
TIMOB-8065,0.002473
TIMOB-8064,0.005385
TIMOB-8063,0.00659
TIMOB-8062,0.002397
TIMOB-8061,0.001782
TIMOB-8060,0.003707
TIMOB-8059,0.002287
TIMOB-8058,0.002287
TIMOB-8057,0.004468
TIMOB-8056,0.005385
TIMOB-8055,0.002051
TIMOB-8053,0.003377
TIMOB-8052,0.001897
TIMOB-8051,0.001927
TIMOB-8050,0.00365
TIMOB-8049,0.003594
TIMOB-8048,0.004134
TIMOB-8047,0.002434
TIMOB-8046,0.002632
TIMOB-8045,0.003124
TIMOB-8044,0.003765
TIMOB-8043,0.00483
TIMOB-8042,0.003765
TIMOB-8041,0.002149
TIMOB-8040,0.003075
TIMOB-8039,0.991422
TIMOB-8038,0.003324
TIMOB-8037,0.002252
TIMOB-8036,0.002473
TIMOB-8035,0.003377
TIMOB-8034,0.00289
TIMOB-8033,0.002252
TIMOB-8032,0.002632
TIMOB-8031,0.001839
TIMOB-8030,0.003273
TIMOB-8029,0.003765
TIMOB-8028,0.002801
TIMOB-8027,0.003884
TIMOB-8026,0.002434
TIMOB-8025,0.00461
TIMOB-8024,0.002801
TIMOB-8023,0.003483
TIMOB-8022,0.002715
TIMOB-8021,0.002511
TIMOB-8020,0.002116
TIMOB-8019,0.002217
TIMOB-8018,0.002632
TIMOB-8017,0.003765
TIMOB-8016,0.003824
TIMOB-8015,0.002397
TIMOB-8014,0.00506
TIMOB-8013,0.002981
TIMOB-8012,0.006798
TIMOB-8011,0.003377
TIMOB-8010,0.003483
TIMOB-8009,0.003483
TIMOB-8008,0.00365
TIMOB-8007,0.003884
TIMOB-8006,0.003028
TIMOB-8004,0.002183
TIMOB-8003,0.002217
TIMOB-8002,0.003824
TIMOB-8001,0.002845
TIMOB-7999,0.003483
TIMOB-7998,0.002845
TIMOB-7997,0.003075
TIMOB-7996,0.019419
TIMOB-7995,0.002252
TIMOB-7994,0.001897
TIMOB-7993,0.003707
TIMOB-7992,0.993612
TIMOB-7991,0.004007
TIMOB-7990,0.007233
TIMOB-7989,0.003377
TIMOB-7987,0.002632
TIMOB-7986,0.003538
TIMOB-7985,0.00522
TIMOB-7984,0.035411
TIMOB-7983,0.004755
TIMOB-7982,0.005642
TIMOB-7981,0.995801
TIMOB-7980,0.00522
TIMOB-7979,0.981022
TIMOB-7978,0.003124
TIMOB-7977,0.00343
TIMOB-7976,0.588061
TIMOB-7975,0.007461
TIMOB-7974,0.004199
TIMOB-7973,0.020177
TIMOB-7972,0.004538
TIMOB-7971,0.004265
TIMOB-7970,0.005469
TIMOB-7968,0.976669
TIMOB-7967,0.982955
TIMOB-7966,0.002473
TIMOB-7965,0.003945
TIMOB-7964,0.002434
TIMOB-7963,0.004468
TIMOB-7962,0.002935
TIMOB-7961,0.005385
TIMOB-7960,0.004982
TIMOB-7959,0.002473
TIMOB-7957,0.990874
TIMOB-7956,0.004265
TIMOB-7955,0.042404
TIMOB-7954,0.002473
TIMOB-7953,0.003124
TIMOB-7952,0.002632
TIMOB-7951,0.969556
TIMOB-7950,0.926037
TIMOB-7949,0.301979
TIMOB-7948,0.002434
TIMOB-7947,0.001897
TIMOB-7946,0.026156
TIMOB-7945,0.003765
TIMOB-7944,0.016785
TIMOB-7943,0.004468
TIMOB-7942,0.009559
TIMOB-7941,0.003124
TIMOB-7940,0.003945
TIMOB-7938,0.00838
TIMOB-7937,0.007012
TIMOB-7936,0.009126
TIMOB-7934,0.00659
TIMOB-7933,0.003538
TIMOB-7932,0.007346
TIMOB-7931,0.004265
TIMOB-7930,0.004538
TIMOB-7929,0.002287
TIMOB-7928,0.002845
TIMOB-7927,0.010014
TIMOB-7926,0.003075
TIMOB-7925,0.007403
TIMOB-7924,0.00461
TIMOB-7923,0.00461
TIMOB-7922,0.005385
TIMOB-7921,0.003824
TIMOB-7920,0.00343
TIMOB-7919,0.00289
TIMOB-7918,0.009634
TIMOB-7917,0.002845
TIMOB-7916,0.002981
TIMOB-7915,0.002981
TIMOB-7914,0.003028
TIMOB-7913,0.004007
TIMOB-7912,0.577257
TIMOB-7911,0.040541
TIMOB-7910,0.002397
TIMOB-7909,0.002511
TIMOB-7908,0.003538
TIMOB-7906,0.002183
TIMOB-7905,0.002019
TIMOB-7904,0.002397
TIMOB-7902,0.002149
TIMOB-7901,0.002673
TIMOB-7900,0.00236
TIMOB-7899,0.00629
TIMOB-7898,0.770983
TIMOB-7897,0.006388
TIMOB-7896,0.003075
TIMOB-7895,0.002473
TIMOB-7894,0.002511
TIMOB-7893,0.00365
TIMOB-7892,0.003945
TIMOB-7891,0.002673
TIMOB-7890,0.008125
TIMOB-7889,0.008446
TIMOB-7888,0.002149
TIMOB-7887,0.00838
TIMOB-7886,0.00181
TIMOB-7885,0.003124
TIMOB-7883,0.00181
TIMOB-7882,0.001927
TIMOB-7881,0.00582
TIMOB-7880,0.002935
TIMOB-7879,0.002083
TIMOB-7878,0.00514
TIMOB-7877,0.002801
TIMOB-7876,0.004682
TIMOB-7875,0.003594
TIMOB-7874,0.29668
TIMOB-7873,0.003945
TIMOB-7872,0.631822
TIMOB-7871,0.748904
TIMOB-7870,0.001755
TIMOB-7869,0.002935
TIMOB-7868,0.003173
TIMOB-7867,0.00838
TIMOB-7866,0.002758
TIMOB-7865,0.007233
TIMOB-7864,0.00407
TIMOB-7863,0.002591
TIMOB-7862,0.022803
TIMOB-7861,0.003594
TIMOB-7860,0.009708
TIMOB-7859,0.002935
TIMOB-7858,0.003173
TIMOB-7857,0.996517
TIMOB-7856,0.996876
TIMOB-7855,0.004134
TIMOB-7854,0.00514
TIMOB-7852,0.016785
TIMOB-7851,0.991554
TIMOB-7850,0.004399
TIMOB-7849,0.002801
TIMOB-7848,0.003124
TIMOB-7847,0.002397
TIMOB-7844,0.002473
TIMOB-7843,0.004199
TIMOB-7842,0.00407
TIMOB-7840,0.00343
TIMOB-7839,0.002758
TIMOB-7838,0.994358
TIMOB-7837,0.00236
TIMOB-7836,0.002019
TIMOB-7835,0.002287
TIMOB-7834,0.002323
TIMOB-7833,0.992062
TIMOB-7832,0.00289
TIMOB-7831,0.004905
TIMOB-7830,0.002758
TIMOB-7829,0.004682
TIMOB-7828,0.92944
TIMOB-7827,0.944587
TIMOB-7826,0.005555
TIMOB-7825,0.985496
TIMOB-7824,0.00461
TIMOB-7823,0.006904
TIMOB-7822,0.00365
TIMOB-7820,0.003173
TIMOB-7819,0.002632
TIMOB-7818,0.004755
TIMOB-7817,0.001701
TIMOB-7816,0.00407
TIMOB-7815,0.003765
TIMOB-7814,0.002801
TIMOB-7813,0.004332
TIMOB-7812,0.136608
TIMOB-7811,0.196209
TIMOB-7810,0.002758
TIMOB-7809,0.001868
TIMOB-7808,0.004134
TIMOB-7806,0.992062
TIMOB-7805,0.020177
TIMOB-7804,0.008779
TIMOB-7803,0.004538
TIMOB-7802,0.007346
TIMOB-7801,0.702734
TIMOB-7800,0.002434
TIMOB-7799,0.963506
TIMOB-7798,0.002715
TIMOB-7797,0.00289
TIMOB-7796,0.003324
TIMOB-7795,0.006098
TIMOB-7794,0.002473
TIMOB-7791,0.002397
TIMOB-7790,0.004199
TIMOB-7789,0.00573
TIMOB-7788,0.003324
TIMOB-7786,0.00461
TIMOB-7785,0.00289
TIMOB-7784,0.002591
TIMOB-7783,0.006488
TIMOB-7782,0.057282
TIMOB-7781,0.004468
TIMOB-7780,0.021615
TIMOB-7779,0.00461
TIMOB-7778,0.006004
TIMOB-7777,0.004134
TIMOB-7776,0.002217
TIMOB-7775,0.006388
TIMOB-7774,0.004468
TIMOB-7773,0.003594
TIMOB-7772,0.00582
TIMOB-7771,0.004982
TIMOB-7749,0.992767
TIMOB-7748,0.003538
TIMOB-7747,0.003945
TIMOB-7746,0.032101
TIMOB-7745,0.002715
TIMOB-7743,0.002981
TIMOB-7742,0.071074
TIMOB-7741,0.00514
TIMOB-7740,0.510741
TIMOB-7739,0.002591
TIMOB-7738,0.178097
TIMOB-7736,0.598547
TIMOB-7735,0.500977
TIMOB-7734,0.003075
TIMOB-7733,0.041774
TIMOB-7732,0.004399
TIMOB-7731,0.025565
TIMOB-7730,0.021287
TIMOB-7729,0.981595
TIMOB-7728,0.983847
TIMOB-7727,0.003222
TIMOB-7726,0.172729
TIMOB-7725,0.002845
TIMOB-7724,0.099121
TIMOB-7723,0.002434
TIMOB-7721,0.003707
TIMOB-7720,0.003707
TIMOB-7719,0.004905
TIMOB-7718,0.003765
TIMOB-7717,0.003884
TIMOB-7716,0.005911
TIMOB-7714,0.002715
TIMOB-7713,0.002434
TIMOB-7712,0.005302
TIMOB-7711,0.033337
TIMOB-7710,0.017442
TIMOB-7709,0.019569
TIMOB-7708,0.002051
TIMOB-7707,0.005302
TIMOB-7706,0.871475
TIMOB-7705,0.004538
TIMOB-7704,0.002323
TIMOB-7703,0.003124
TIMOB-7702,0.004538
TIMOB-7701,0.00236
TIMOB-7700,0.177811
TIMOB-7699,0.004538
TIMOB-7698,0.004007
TIMOB-7697,0.997527
TIMOB-7696,0.003707
TIMOB-7695,0.003377
TIMOB-7694,0.004468
TIMOB-7693,0.004134
TIMOB-7692,0.006098
TIMOB-7691,0.006098
TIMOB-7690,0.003173
TIMOB-7688,0.003884
TIMOB-7687,0.003538
TIMOB-7686,0.427277
TIMOB-7685,0.00289
TIMOB-7684,0.005642
TIMOB-7682,0.008316
TIMOB-7681,0.002551
TIMOB-7680,0.00407
TIMOB-7679,0.00365
TIMOB-7678,0.00343
TIMOB-7677,0.003222
TIMOB-7676,0.00461
TIMOB-7675,0.002434
TIMOB-7674,0.002511
TIMOB-7673,0.993307
TIMOB-7672,0.008779
TIMOB-7671,0.996676
TIMOB-7670,0.988131
TIMOB-7669,0.767341
TIMOB-7668,0.003028
TIMOB-7667,0.002801
TIMOB-7666,0.99517
TIMOB-7665,0.990441
TIMOB-7664,0.971779
TIMOB-7663,0.996462
TIMOB-7662,0.99478
TIMOB-7661,0.004468
TIMOB-7660,0.003594
TIMOB-7659,0.002116
TIMOB-7658,0.003483
TIMOB-7657,0.004265
TIMOB-7655,0.00629
TIMOB-7654,0.006388
TIMOB-7653,0.005302
TIMOB-7652,0.678434
TIMOB-7651,0.013428
TIMOB-7650,0.003377
TIMOB-7648,0.004538
TIMOB-7647,0.003377
TIMOB-7645,0.369486
TIMOB-7644,0.003273
TIMOB-7643,0.978875
TIMOB-7642,0.004332
TIMOB-7641,0.003824
TIMOB-7640,0.290578
TIMOB-7639,0.003173
TIMOB-7637,0.003222
TIMOB-7636,0.002019
TIMOB-7635,0.002183
TIMOB-7634,0.003028
TIMOB-7633,0.002673
TIMOB-7632,0.040541
TIMOB-7631,0.023689
TIMOB-7630,0.010014
TIMOB-7629,0.002183
TIMOB-7628,0.002758
TIMOB-7627,0.00343
TIMOB-7626,0.015785
TIMOB-7625,0.003945
TIMOB-7624,0.049405
TIMOB-7623,0.002845
TIMOB-7622,0.014957
TIMOB-7621,0.033337
TIMOB-7620,0.004007
TIMOB-7619,0.00461
TIMOB-7618,0.002149
TIMOB-7617,0.002673
TIMOB-7616,0.006098
TIMOB-7615,0.002673
TIMOB-7614,0.003538
TIMOB-7613,0.003538
TIMOB-7612,0.00289
TIMOB-7611,0.561215
TIMOB-7610,0.004682
TIMOB-7609,0.003273
TIMOB-7608,0.00514
TIMOB-7607,0.002149
TIMOB-7606,0.003945
TIMOB-7605,0.007877
TIMOB-7604,0.002434
TIMOB-7603,0.002397
TIMOB-7602,0.003124
TIMOB-7601,0.002051
TIMOB-7600,0.002183
TIMOB-7599,0.002397
TIMOB-7598,0.002252
TIMOB-7597,0.003273
TIMOB-7596,0.002051
TIMOB-7595,0.002149
TIMOB-7594,0.003222
TIMOB-7593,0.002183
TIMOB-7592,0.263599
TIMOB-7591,0.001927
TIMOB-7590,0.003273
TIMOB-7588,0.003377
TIMOB-7587,0.002397
TIMOB-7586,0.002511
TIMOB-7585,0.013121
TIMOB-7584,0.003594
TIMOB-7583,0.007346
TIMOB-7582,0.00236
TIMOB-7581,0.00582
TIMOB-7580,0.00407
TIMOB-7579,0.986572
TIMOB-7578,0.003075
TIMOB-7577,0.003594
TIMOB-7575,0.00514
TIMOB-7574,0.002511
TIMOB-7573,0.00506
TIMOB-7572,0.004007
TIMOB-7571,0.005911
TIMOB-7570,0.015189
TIMOB-7569,0.003538
TIMOB-7568,0.992062
TIMOB-7567,0.034359
TIMOB-7566,0.002845
TIMOB-7565,0.956957
TIMOB-7564,0.777975
TIMOB-7563,0.004538
TIMOB-7562,0.002673
TIMOB-7561,0.002801
TIMOB-7560,0.004265
TIMOB-7559,0.004755
TIMOB-7558,0.943348
TIMOB-7557,0.004468
TIMOB-7556,0.002673
TIMOB-7555,0.003222
TIMOB-7553,0.971129
TIMOB-7552,0.006388
TIMOB-7551,0.003884
TIMOB-7549,0.060087
TIMOB-7548,0.00343
TIMOB-7547,0.00582
TIMOB-7546,0.003884
TIMOB-7545,0.004007
TIMOB-7544,0.084191
TIMOB-7543,0.002287
TIMOB-7542,0.003273
TIMOB-7541,0.779322
TIMOB-7540,0.003324
TIMOB-7539,0.023153
TIMOB-7538,0.021287
TIMOB-7537,0.022457
TIMOB-7536,0.003945
TIMOB-7535,0.075041
TIMOB-7534,0.021615
TIMOB-7530,0.00365
TIMOB-7529,0.004332
TIMOB-7528,0.004755
TIMOB-7527,0.00365
TIMOB-7526,0.002511
TIMOB-7525,0.003075
TIMOB-7524,0.002149
TIMOB-7523,0.043691
TIMOB-7521,0.003483
TIMOB-7520,0.002183
TIMOB-7519,0.003483
TIMOB-7518,0.003028
TIMOB-7517,0.004982
TIMOB-7516,0.01142
TIMOB-7515,0.010014
TIMOB-7514,0.99014
TIMOB-7513,0.984094
TIMOB-7512,0.002981
TIMOB-7511,0.003483
TIMOB-7510,0.002801
TIMOB-7509,0.00582
TIMOB-7508,0.006098
TIMOB-7507,0.004265
TIMOB-7506,0.003028
TIMOB-7505,0.003538
TIMOB-7504,0.005469
TIMOB-7503,0.034881
TIMOB-7502,0.002551
TIMOB-7501,0.00629
TIMOB-7500,0.00514
TIMOB-7499,0.002935
TIMOB-7498,0.018264
TIMOB-7497,0.004905
TIMOB-7496,0.007233
TIMOB-7495,0.055005
TIMOB-7494,0.002473
TIMOB-7493,0.006098
TIMOB-7492,0.004982
TIMOB-7490,0.002323
TIMOB-7489,0.00407
TIMOB-7487,0.002397
TIMOB-7486,0.002511
TIMOB-7485,0.004134
TIMOB-7484,0.004468
TIMOB-7483,0.003075
TIMOB-7482,0.994698
TIMOB-7481,0.687709
TIMOB-7480,0.00461
TIMOB-7479,0.00343
TIMOB-7477,0.006488
TIMOB-7476,0.003173
TIMOB-7475,0.004199
TIMOB-7474,0.993902
TIMOB-7473,0.976129
TIMOB-7472,0.024054
TIMOB-7471,0.125493
TIMOB-7470,0.007816
TIMOB-7468,0.008577
TIMOB-7467,0.007461
TIMOB-7466,0.00289
TIMOB-7464,0.004755
TIMOB-7463,0.005385
TIMOB-7462,0.00343
TIMOB-7461,0.003538
TIMOB-7459,0.983343
TIMOB-7458,0.00343
TIMOB-7457,0.004538
TIMOB-7456,0.010987
TIMOB-7455,0.00289
TIMOB-7452,0.00365
TIMOB-7451,0.003824
TIMOB-7448,0.012528
TIMOB-7447,0.003765
TIMOB-7445,0.003124
TIMOB-7443,0.004399
TIMOB-7442,0.005642
TIMOB-7441,0.003273
TIMOB-7440,0.00343
TIMOB-7439,0.02461
TIMOB-7438,0.003273
TIMOB-7437,0.003222
TIMOB-7436,0.004332
TIMOB-7435,0.00483
TIMOB-7434,0.008847
TIMOB-7433,0.00365
TIMOB-7432,0.017309
TIMOB-7431,0.002632
TIMOB-7429,0.002935
TIMOB-7428,0.004755
TIMOB-7427,0.004755
TIMOB-7426,0.148788
TIMOB-7424,0.003377
TIMOB-7423,0.002217
TIMOB-7421,0.955651
TIMOB-7419,0.570092
TIMOB-7417,0.004265
TIMOB-7416,0.005911
TIMOB-7415,0.003075
TIMOB-7414,0.003707
TIMOB-7413,0.00582
TIMOB-7412,0.003483
TIMOB-7410,0.005302
TIMOB-7409,0.00659
TIMOB-7408,0.003273
TIMOB-7407,0.981736
TIMOB-7406,0.966663
TIMOB-7404,0.00506
TIMOB-7403,0.00407
TIMOB-7402,0.002511
TIMOB-7401,0.003538
TIMOB-7400,0.002715
TIMOB-7399,0.004538
TIMOB-7396,0.004332
TIMOB-7395,0.004199
TIMOB-7394,0.004755
TIMOB-7393,0.052231
TIMOB-7391,0.003028
TIMOB-7390,0.002981
TIMOB-7389,0.004538
TIMOB-7388,0.003222
TIMOB-7368,0.004007
TIMOB-7367,0.004332
TIMOB-7366,0.002434
TIMOB-7365,0.003324
TIMOB-7364,0.00514
TIMOB-7363,0.003222
TIMOB-7362,0.002801
TIMOB-7361,0.004755
TIMOB-7360,0.003945
TIMOB-7359,0.003075
TIMOB-7358,0.003824
TIMOB-7357,0.972623
TIMOB-7356,0.004332
TIMOB-7355,0.003377
TIMOB-7354,0.003707
TIMOB-7353,0.003028
TIMOB-7351,0.003222
TIMOB-7347,0.003538
TIMOB-7346,0.002473
TIMOB-7345,0.003075
TIMOB-7344,0.002632
TIMOB-7343,0.90764
TIMOB-7342,0.00506
TIMOB-7341,0.002434
TIMOB-7340,0.003075
TIMOB-7339,0.003377
TIMOB-7338,0.002473
TIMOB-7337,0.003222
TIMOB-7336,0.003028
TIMOB-7335,0.008711
TIMOB-7334,0.005911
TIMOB-7333,0.885631
TIMOB-7331,0.002981
TIMOB-7330,0.00407
TIMOB-7329,0.003222
TIMOB-7327,0.003765
TIMOB-7326,0.003824
TIMOB-7325,0.002434
TIMOB-7324,0.00343
TIMOB-7323,0.002591
TIMOB-7322,0.002083
TIMOB-7321,0.002758
TIMOB-7320,0.97649
TIMOB-7319,0.03259
TIMOB-7317,0.004007
TIMOB-7315,0.00461
TIMOB-7314,0.003124
TIMOB-7313,0.00343
TIMOB-7312,0.003173
TIMOB-7311,0.010735
TIMOB-7310,0.889912
TIMOB-7308,0.025179
TIMOB-7307,0.003483
TIMOB-7306,0.002845
TIMOB-7305,0.00365
TIMOB-7304,0.003075
TIMOB-7303,0.003028
TIMOB-7302,0.004007
TIMOB-7301,0.003173
TIMOB-7300,0.004332
TIMOB-7297,0.036494
TIMOB-7296,0.954647
TIMOB-7295,0.003377
TIMOB-7294,0.00522
TIMOB-7293,0.003824
TIMOB-7292,0.003377
TIMOB-7286,0.002019
TIMOB-7285,0.004265
TIMOB-7284,0.003075
TIMOB-7283,0.569853
TIMOB-7281,0.008188
TIMOB-7279,0.94699
TIMOB-7278,0.003538
TIMOB-7276,0.005302
TIMOB-7275,0.002323
TIMOB-7273,0.002758
TIMOB-7272,0.002845
TIMOB-7271,0.003594
TIMOB-7270,0.938576
TIMOB-7268,0.005642
TIMOB-7266,0.002981
TIMOB-7265,0.002323
TIMOB-7264,0.00365
TIMOB-7263,0.002116
TIMOB-7262,0.002758
TIMOB-7260,0.003594
TIMOB-7259,0.003483
TIMOB-7258,0.004755
TIMOB-7257,0.003028
TIMOB-7255,0.002434
TIMOB-7254,0.381911
TIMOB-7253,0.005302
TIMOB-7252,0.009708
TIMOB-7249,0.014172
TIMOB-7248,0.023153
TIMOB-7247,0.007577
TIMOB-7246,0.005642
TIMOB-7245,0.00461
TIMOB-7244,0.006004
TIMOB-7243,0.006388
TIMOB-7242,0.013428
TIMOB-7241,0.00582
TIMOB-7240,0.003324
TIMOB-7239,0.003765
TIMOB-7238,0.004199
TIMOB-7237,0.987759
TIMOB-7236,0.004682
TIMOB-7235,0.00461
TIMOB-7234,0.005911
TIMOB-7233,0.012336
TIMOB-7232,0.00582
TIMOB-7231,0.004905
TIMOB-7230,0.003483
TIMOB-7229,0.003945
TIMOB-7228,0.005302
TIMOB-7227,0.010489
TIMOB-7226,0.014282
TIMOB-7225,0.010408
TIMOB-7224,0.006004
TIMOB-7223,0.00573
TIMOB-7222,0.00659
TIMOB-7221,0.00986
TIMOB-7220,0.007461
TIMOB-7219,0.007816
TIMOB-7218,0.012821
TIMOB-7217,0.055005
TIMOB-7216,0.010408
TIMOB-7209,0.009126
TIMOB-7208,0.002397
TIMOB-7207,0.981167
TIMOB-7206,0.932944
TIMOB-7205,0.005642
TIMOB-7204,0.002473
TIMOB-7203,0.003765
TIMOB-7201,0.004265
TIMOB-7200,0.003377
TIMOB-7199,0.004905
TIMOB-7198,0.007577
TIMOB-7197,0.011072
TIMOB-7196,0.00483
TIMOB-7195,0.009413
TIMOB-7194,0.003884
TIMOB-7193,0.004399
TIMOB-7192,0.003538
TIMOB-7191,0.003594
TIMOB-7190,0.018833
TIMOB-7189,0.009126
TIMOB-7188,0.006193
TIMOB-7187,0.006798
TIMOB-7186,0.004007
TIMOB-7185,0.99371
TIMOB-7184,0.00659
TIMOB-7181,0.00343
TIMOB-7180,0.007233
TIMOB-7179,0.004134
TIMOB-7178,0.007233
TIMOB-7177,0.002673
TIMOB-7176,0.002217
TIMOB-7174,0.004905
TIMOB-7173,0.004538
TIMOB-7172,0.002758
TIMOB-7171,0.003483
TIMOB-7170,0.008985
TIMOB-7168,0.005555
TIMOB-7167,0.009559
TIMOB-7166,0.007121
TIMOB-7165,0.020804
TIMOB-7163,0.012147
TIMOB-7162,0.007233
TIMOB-7161,0.009784
TIMOB-7160,0.008446
TIMOB-7159,0.009784
TIMOB-7158,0.006904
TIMOB-7156,0.006488
TIMOB-7154,0.010902
TIMOB-7153,0.002051
TIMOB-7152,0.00343
TIMOB-7151,0.009634
TIMOB-7148,0.006388
TIMOB-7147,0.003824
TIMOB-7146,0.011597
TIMOB-7145,0.004399
TIMOB-7144,0.002397
TIMOB-7143,0.005385
TIMOB-7142,0.003538
TIMOB-7141,0.979511
TIMOB-7139,0.010328
TIMOB-7138,0.993307
TIMOB-7137,0.005555
TIMOB-7136,0.002935
TIMOB-7135,0.009055
TIMOB-7134,0.007012
TIMOB-7133,0.003075
TIMOB-7129,0.01017
TIMOB-7127,0.003075
TIMOB-7125,0.002217
TIMOB-7124,0.003324
TIMOB-7123,0.033844
TIMOB-7122,0.004982
TIMOB-7121,0.014957
TIMOB-7120,0.003173
TIMOB-7119,0.00407
TIMOB-7118,0.002591
TIMOB-7117,0.009268
TIMOB-7116,0.010328
TIMOB-7115,0.004538
TIMOB-7114,0.997368
TIMOB-7113,0.011158
TIMOB-7112,0.016153
TIMOB-7111,0.01057
TIMOB-7110,0.00365
TIMOB-7109,0.005469
TIMOB-7108,0.007577
TIMOB-7107,0.006098
TIMOB-7106,0.007816
TIMOB-7104,0.029535
TIMOB-7103,0.015425
TIMOB-7102,0.038756
TIMOB-7101,0.929951
TIMOB-7100,0.003173
TIMOB-7099,0.016277
TIMOB-7098,0.005302
TIMOB-7097,0.014842
TIMOB-7096,0.945801
TIMOB-7095,0.013532
TIMOB-7094,0.021948
TIMOB-7092,0.003707
TIMOB-7090,0.014064
TIMOB-7089,0.007233
TIMOB-7088,0.010091
TIMOB-7087,0.009559
TIMOB-7086,0.01142
TIMOB-7085,0.994445
TIMOB-7084,0.01017
TIMOB-7083,0.016277
TIMOB-7082,0.057705
TIMOB-7081,0.003594
TIMOB-7080,0.009268
TIMOB-7079,0.080937
TIMOB-7078,0.937669
TIMOB-7077,0.988668
TIMOB-7076,0.001674
TIMOB-7075,0.002673
TIMOB-7074,0.003945
TIMOB-7073,0.004905
TIMOB-7072,0.004007
TIMOB-7071,0.00514
TIMOB-7070,0.022803
TIMOB-7069,0.015544
TIMOB-7068,0.008779
TIMOB-7067,0.891055
TIMOB-7066,0.210279
TIMOB-7065,0.00407
TIMOB-7064,0.00838
TIMOB-7063,0.014729
TIMOB-7062,0.004538
TIMOB-7061,0.007012
TIMOB-7060,0.008125
TIMOB-7059,0.010014
TIMOB-7058,0.002217
TIMOB-7057,0.083292
TIMOB-7056,0.629433
TIMOB-7054,0.557364
TIMOB-7053,0.786295
TIMOB-7051,0.002935
TIMOB-7049,0.00483
TIMOB-7048,0.003173
TIMOB-7047,0.003028
TIMOB-7046,0.002323
TIMOB-7045,0.001927
TIMOB-7044,0.97539
TIMOB-7043,0.006904
TIMOB-7041,0.003538
TIMOB-7040,0.002183
TIMOB-7039,0.00659
TIMOB-7038,0.002715
TIMOB-7037,0.002591
TIMOB-7036,0.003222
TIMOB-7034,0.003173
TIMOB-7030,0.003173
TIMOB-7029,0.003377
TIMOB-7028,0.002715
TIMOB-7027,0.004265
TIMOB-7025,0.00483
TIMOB-7024,0.002715
TIMOB-7023,0.00365
TIMOB-7020,0.003028
TIMOB-7019,0.003273
TIMOB-7015,0.072637
TIMOB-7012,0.004134
TIMOB-7011,0.003707
TIMOB-7008,0.003707
TIMOB-7006,0.00461
TIMOB-7005,0.994615
TIMOB-7004,0.003884
TIMOB-7003,0.009126
TIMOB-7001,0.00514
TIMOB-7000,0.003273
TIMOB-6998,0.004332
TIMOB-6997,0.003483
TIMOB-6995,0.004755
TIMOB-6994,0.014842
TIMOB-6993,0.996676
TIMOB-6992,0.003765
TIMOB-6990,0.033844
TIMOB-6989,0.004265
TIMOB-6987,0.004332
TIMOB-6985,0.00514
TIMOB-6977,0.002715
TIMOB-6975,0.004265
TIMOB-6973,0.003324
TIMOB-6970,0.015664
TIMOB-6969,0.010987
TIMOB-6967,0.977883
TIMOB-6966,0.003483
TIMOB-6965,0.004199
TIMOB-6964,0.997884
TIMOB-6963,0.017849
TIMOB-6962,0.004468
TIMOB-6960,0.44746
TIMOB-6959,0.954308
TIMOB-6956,0.003173
TIMOB-6951,0.003824
TIMOB-6950,0.987375
TIMOB-6949,0.002981
TIMOB-6947,0.991812
TIMOB-6946,0.424412
TIMOB-6945,0.002149
TIMOB-6943,0.004755
TIMOB-6941,0.003538
TIMOB-6940,0.004468
TIMOB-6939,0.520984
TIMOB-6938,0.002845
TIMOB-6937,0.99593
TIMOB-6935,0.759761
TIMOB-6932,0.007233
TIMOB-6931,0.003028
TIMOB-6928,0.004538
TIMOB-6927,0.80837
TIMOB-6925,0.984694
TIMOB-6923,0.003173
TIMOB-6922,0.003594
TIMOB-6920,0.002591
TIMOB-6915,0.008062
TIMOB-6913,0.002673
TIMOB-6911,0.003028
TIMOB-6910,0.00483
TIMOB-6908,0.004905
TIMOB-6907,0.004538
TIMOB-6906,0.00407
TIMOB-6905,0.003824
TIMOB-6904,0.002981
TIMOB-6903,0.002551
TIMOB-6901,0.995018
TIMOB-6900,0.991422
TIMOB-6899,0.022803
TIMOB-6895,0.819893
TIMOB-6894,0.004332
TIMOB-6893,0.003884
TIMOB-6892,0.983214
TIMOB-6891,0.00289
TIMOB-6890,0.011597
TIMOB-6889,0.003075
TIMOB-6888,0.00573
TIMOB-6886,0.020023
TIMOB-6885,0.043043
TIMOB-6884,0.015425
TIMOB-6883,0.015544
TIMOB-6882,0.015664
TIMOB-6881,0.019124
TIMOB-6880,0.069289
TIMOB-6879,0.020177
TIMOB-6878,0.021615
TIMOB-6877,0.019719
TIMOB-6876,0.027376
TIMOB-6875,0.018264
TIMOB-6874,0.021781
TIMOB-6873,0.004265
TIMOB-6872,0.007121
TIMOB-6871,0.00289
TIMOB-6869,0.002083
TIMOB-6867,0.002845
TIMOB-6863,0.003222
TIMOB-6861,0.007121
TIMOB-6860,0.006488
TIMOB-6859,0.002935
TIMOB-6858,0.002981
TIMOB-6857,0.002981
TIMOB-6856,0.002434
TIMOB-6855,0.658308
TIMOB-6854,0.046725
TIMOB-6853,0.003707
TIMOB-6852,0.003594
TIMOB-6849,0.004199
TIMOB-6848,0.00522
TIMOB-6847,0.004134
TIMOB-6846,0.002935
TIMOB-6845,0.644449
TIMOB-6844,0.003594
TIMOB-6843,0.007756
TIMOB-6842,0.003945
TIMOB-6841,0.934873
TIMOB-6840,0.005469
TIMOB-6839,0.00522
TIMOB-6838,0.003377
TIMOB-6837,0.005555
TIMOB-6836,0.003594
TIMOB-6835,0.00483
TIMOB-6834,0.973645
TIMOB-6833,0.004982
TIMOB-6832,0.004538
TIMOB-6831,0.760651
TIMOB-6830,0.966663
TIMOB-6829,0.009126
TIMOB-6828,0.00582
TIMOB-6827,0.987568
TIMOB-6826,0.004468
TIMOB-6822,0.010735
TIMOB-6821,0.002323
TIMOB-6820,0.004332
TIMOB-6819,0.009413
TIMOB-6818,0.015664
TIMOB-6817,0.004134
TIMOB-6816,0.00514
TIMOB-6815,0.00986
TIMOB-6812,0.002511
TIMOB-6811,0.003884
TIMOB-6810,0.00365
TIMOB-6809,0.004332
TIMOB-6808,0.00407
TIMOB-6807,0.020332
TIMOB-6806,0.020023
TIMOB-6805,0.043043
TIMOB-6804,0.015425
TIMOB-6803,0.015544
TIMOB-6802,0.015664
TIMOB-6801,0.019124
TIMOB-6800,0.069289
TIMOB-6799,0.020177
TIMOB-6798,0.021615
TIMOB-6797,0.019719
TIMOB-6796,0.027376
TIMOB-6795,0.018264
TIMOB-6794,0.022457
TIMOB-6793,0.00289
TIMOB-6791,0.003028
TIMOB-6789,0.008316
TIMOB-6788,0.008188
TIMOB-6784,0.006098
TIMOB-6783,0.00573
TIMOB-6782,0.002397
TIMOB-6781,0.004199
TIMOB-6780,0.992062
TIMOB-6779,0.003594
TIMOB-6777,0.973844
TIMOB-6776,0.005642
TIMOB-6773,0.00407
TIMOB-6772,0.996676
TIMOB-6771,0.009486
TIMOB-6769,0.002801
TIMOB-6767,0.003222
TIMOB-6765,0.004905
TIMOB-6764,0.00514
TIMOB-6763,0.006004
TIMOB-6762,0.002473
TIMOB-6761,0.004265
TIMOB-6760,0.004199
TIMOB-6759,0.010489
TIMOB-6758,0.002083
TIMOB-6757,0.003594
TIMOB-6756,0.004332
TIMOB-6755,0.005642
TIMOB-6749,0.006904
TIMOB-6748,0.00407
TIMOB-6747,0.002981
TIMOB-6746,0.004332
TIMOB-6745,0.003824
TIMOB-6742,0.001927
TIMOB-6741,0.003594
TIMOB-6740,0.006098
TIMOB-6739,0.00573
TIMOB-6738,0.033844
TIMOB-6737,0.003222
TIMOB-6736,0.003377
TIMOB-6734,0.002758
TIMOB-6733,0.003765
TIMOB-6732,0.003884
TIMOB-6731,0.002473
TIMOB-6730,0.003765
TIMOB-6729,0.004538
TIMOB-6728,0.002511
TIMOB-6727,0.005555
TIMOB-6726,0.004007
TIMOB-6725,0.006798
TIMOB-6724,0.006904
TIMOB-6723,0.00289
TIMOB-6722,0.003173
TIMOB-6721,0.00289
TIMOB-6718,0.008644
TIMOB-6717,0.005302
TIMOB-6716,0.001674
TIMOB-6715,0.003765
TIMOB-6714,0.00506
TIMOB-6713,0.004265
TIMOB-6711,0.003324
TIMOB-6709,0.021451
TIMOB-6708,0.445047
TIMOB-6707,0.007461
TIMOB-6706,0.005469
TIMOB-6705,0.392803
TIMOB-6704,0.889144
TIMOB-6703,0.004332
TIMOB-6702,0.910863
TIMOB-6700,0.00573
TIMOB-6699,0.003124
TIMOB-6698,0.00514
TIMOB-6697,0.00483
TIMOB-6696,0.002758
TIMOB-6695,0.005385
TIMOB-6694,0.003173
TIMOB-6693,0.006193
TIMOB-6692,0.004399
TIMOB-6691,0.002801
TIMOB-6689,0.003483
TIMOB-6688,0.004468
TIMOB-6687,0.978875
TIMOB-6686,0.011869
TIMOB-6685,0.040238
TIMOB-6684,0.787278
TIMOB-6683,0.004982
TIMOB-6682,0.006798
TIMOB-6681,0.001927
TIMOB-6680,0.001782
TIMOB-6678,0.002183
TIMOB-6677,0.002019
TIMOB-6676,0.002434
TIMOB-6675,0.004332
TIMOB-6674,0.004538
TIMOB-6673,0.004755
TIMOB-6672,0.003028
TIMOB-6669,0.002935
TIMOB-6668,0.005302
TIMOB-6667,0.002801
TIMOB-6666,0.059866
TIMOB-6665,0.002935
TIMOB-6664,0.002981
TIMOB-6661,0.025761
TIMOB-6660,0.004134
TIMOB-6659,0.003028
TIMOB-6658,0.004468
TIMOB-6654,0.003075
TIMOB-6653,0.004134
TIMOB-6652,0.002051
TIMOB-6651,0.008446
TIMOB-6650,0.003075
TIMOB-6649,0.00629
TIMOB-6648,0.004007
TIMOB-6645,0.002083
TIMOB-6644,0.002116
TIMOB-6629,0.010818
TIMOB-6628,0.984215
TIMOB-6627,0.021125
TIMOB-6626,0.002715
TIMOB-6625,0.020023
TIMOB-6624,0.043043
TIMOB-6623,0.015425
TIMOB-6622,0.015544
TIMOB-6621,0.015664
TIMOB-6620,0.019124
TIMOB-6619,0.069289
TIMOB-6618,0.020177
TIMOB-6617,0.021615
TIMOB-6616,0.019719
TIMOB-6615,0.027376
TIMOB-6614,0.018264
TIMOB-6613,0.026156
TIMOB-6612,0.004199
TIMOB-6611,0.00522
TIMOB-6610,0.034619
TIMOB-6609,0.101589
TIMOB-6608,0.280814
TIMOB-6607,0.075041
TIMOB-6606,0.122944
TIMOB-6605,0.177811
TIMOB-6604,0.992988
TIMOB-6603,0.002591
TIMOB-6602,0.002935
TIMOB-6601,0.004399
TIMOB-6600,0.007877
TIMOB-6597,0.007012
TIMOB-6596,0.00343
TIMOB-6595,0.003173
TIMOB-6593,0.002591
TIMOB-6592,0.003324
TIMOB-6591,0.003594
TIMOB-6590,0.00483
TIMOB-6589,0.008779
TIMOB-6588,0.009055
TIMOB-6587,0.009708
TIMOB-6586,0.981595
TIMOB-6585,0.00629
TIMOB-6584,0.002397
TIMOB-6583,0.004007
TIMOB-6582,0.001782
TIMOB-6581,0.002935
TIMOB-6580,0.002323
TIMOB-6578,0.003824
TIMOB-6577,0.004007
TIMOB-6576,0.003222
TIMOB-6575,0.004134
TIMOB-6574,0.003075
TIMOB-6573,0.005555
TIMOB-6572,0.007696
TIMOB-6568,0.006098
TIMOB-6567,0.006488
TIMOB-6566,0.014392
TIMOB-6565,0.004332
TIMOB-6560,0.002981
TIMOB-6559,0.993512
TIMOB-6558,0.00514
TIMOB-6557,0.980876
TIMOB-6556,0.006798
TIMOB-6555,0.003538
TIMOB-6554,0.004905
TIMOB-6553,0.007121
TIMOB-6552,0.008644
TIMOB-6551,0.002715
TIMOB-6550,0.00573
TIMOB-6549,0.004982
TIMOB-6546,0.004755
TIMOB-6544,0.00483
TIMOB-6543,0.00629
TIMOB-6542,0.00506
TIMOB-6541,0.00514
TIMOB-6540,0.004755
TIMOB-6539,0.003075
TIMOB-6538,0.668961
TIMOB-6537,0.004134
TIMOB-6536,0.003824
TIMOB-6535,0.006488
TIMOB-6534,0.004982
TIMOB-6533,0.002758
TIMOB-6532,0.004982
TIMOB-6530,0.00506
TIMOB-6529,0.00461
TIMOB-6528,0.00838
TIMOB-6527,0.004134
TIMOB-6526,0.873215
TIMOB-6525,0.017577
TIMOB-6523,0.004199
TIMOB-6520,0.020804
TIMOB-6519,0.003222
TIMOB-6518,0.008125
TIMOB-6516,0.001623
TIMOB-6514,0.822474
TIMOB-6513,0.997917
TIMOB-6512,0.974043
TIMOB-6511,0.005911
TIMOB-6510,0.002801
TIMOB-6509,0.001897
TIMOB-6508,0.00659
TIMOB-6507,0.003824
TIMOB-6506,0.00289
TIMOB-6505,0.003124
TIMOB-6504,0.003028
TIMOB-6503,0.002083
TIMOB-6502,0.003707
TIMOB-6501,0.003273
TIMOB-6500,0.994531
TIMOB-6499,0.005469
TIMOB-6498,0.008985
TIMOB-6497,0.004538
TIMOB-6496,0.003324
TIMOB-6495,0.004682
TIMOB-6494,0.006098
TIMOB-6493,0.003173
TIMOB-6492,0.00289
TIMOB-6491,0.003273
TIMOB-6490,0.00343
TIMOB-6489,0.027796
TIMOB-6488,0.006098
TIMOB-6487,0.001897
TIMOB-6486,0.003594
TIMOB-6485,0.002673
TIMOB-6483,0.00483
TIMOB-6482,0.004755
TIMOB-6481,0.003594
TIMOB-6480,0.096025
TIMOB-6479,0.020023
TIMOB-6478,0.043043
TIMOB-6477,0.015425
TIMOB-6476,0.015544
TIMOB-6475,0.015664
TIMOB-6474,0.019124
TIMOB-6473,0.069289
TIMOB-6472,0.020177
TIMOB-6471,0.021615
TIMOB-6470,0.019719
TIMOB-6469,0.02461
TIMOB-6468,0.018264
TIMOB-6467,0.022629
TIMOB-6465,0.016277
TIMOB-6464,0.066812
TIMOB-6463,0.004538
TIMOB-6462,0.021781
TIMOB-6461,0.009784
TIMOB-6460,0.004007
TIMOB-6459,0.004755
TIMOB-6458,0.007938
TIMOB-6457,0.00522
TIMOB-6453,0.004468
TIMOB-6452,0.004468
TIMOB-6451,0.006004
TIMOB-6450,0.003707
TIMOB-6448,0.003538
TIMOB-6446,0.003707
TIMOB-6444,0.003884
TIMOB-6443,0.002252
TIMOB-6441,0.002116
TIMOB-6440,0.105211
TIMOB-6439,0.002673
TIMOB-6438,0.004755
TIMOB-6437,0.003075
TIMOB-6436,0.004982
TIMOB-6435,0.996406
TIMOB-6434,0.00343
TIMOB-6433,0.005642
TIMOB-6432,0.150528
TIMOB-6431,0.002673
TIMOB-6429,0.160529
TIMOB-6428,0.003173
TIMOB-6427,0.003324
TIMOB-6426,0.040541
TIMOB-6425,0.004199
TIMOB-6424,0.003028
TIMOB-6423,0.006193
TIMOB-6421,0.004007
TIMOB-6420,0.003028
TIMOB-6419,0.002935
TIMOB-6418,0.002935
TIMOB-6417,0.003707
TIMOB-6414,0.002935
TIMOB-6412,0.005911
TIMOB-6411,0.00461
TIMOB-6410,0.002981
TIMOB-6408,0.991289
TIMOB-6406,0.002715
TIMOB-6403,0.03138
TIMOB-6399,0.003377
TIMOB-6398,0.004682
TIMOB-6396,0.003538
TIMOB-6394,0.004199
TIMOB-6393,0.003824
TIMOB-6392,0.002758
TIMOB-6391,0.002149
TIMOB-6390,0.002981
TIMOB-6389,0.002149
TIMOB-6388,0.004982
TIMOB-6387,0.004332
TIMOB-6386,0.002591
TIMOB-6385,0.001674
TIMOB-6384,0.001868
TIMOB-6383,0.003594
TIMOB-6382,0.001727
TIMOB-6381,0.124639
TIMOB-6380,0.004982
TIMOB-6379,0.002217
TIMOB-6378,0.010408
TIMOB-6377,0.002673
TIMOB-6376,0.005385
TIMOB-6375,0.003765
TIMOB-6374,0.004982
TIMOB-6373,0.00181
TIMOB-6372,0.003945
TIMOB-6371,0.007816
TIMOB-6370,0.003222
TIMOB-6368,0.004399
TIMOB-6367,0.004134
TIMOB-6366,0.003377
TIMOB-6365,0.003483
TIMOB-6364,0.002673
TIMOB-6363,0.00407
TIMOB-6362,0.002758
TIMOB-6361,0.004399
TIMOB-6360,0.003483
TIMOB-6359,0.003173
TIMOB-6358,0.003124
TIMOB-6357,0.004199
TIMOB-6356,0.015906
TIMOB-6355,0.063715
TIMOB-6354,0.004399
TIMOB-6351,0.003173
TIMOB-6349,0.981311
TIMOB-6348,0.003173
TIMOB-6346,0.002845
TIMOB-6344,0.003945
TIMOB-6337,0.020023
TIMOB-6336,0.043043
TIMOB-6335,0.015425
TIMOB-6334,0.015785
TIMOB-6333,0.015664
TIMOB-6332,0.019124
TIMOB-6331,0.069289
TIMOB-6330,0.020177
TIMOB-6329,0.021615
TIMOB-6328,0.019719
TIMOB-6327,0.028221
TIMOB-6326,0.018264
TIMOB-6325,0.024054
TIMOB-6319,0.004538
TIMOB-6318,0.00506
TIMOB-6317,0.01653
TIMOB-6315,0.01302
TIMOB-6314,0.042088
TIMOB-6313,0.004682
TIMOB-6312,0.784649
TIMOB-6311,0.991153
TIMOB-6305,0.988842
TIMOB-6304,0.003594
TIMOB-6303,0.004538
TIMOB-6299,0.00407
TIMOB-6298,0.03622
TIMOB-6296,0.003824
TIMOB-6295,0.003945
TIMOB-6293,0.99427
TIMOB-6292,0.00582
TIMOB-6290,0.985271
TIMOB-6289,0.004199
TIMOB-6288,0.528777
TIMOB-6287,0.006798
TIMOB-6286,0.979036
TIMOB-6285,0.003028
TIMOB-6283,0.13707
TIMOB-6282,0.003824
TIMOB-6281,0.003075
TIMOB-6280,0.00461
TIMOB-6279,0.002217
TIMOB-6278,0.002591
TIMOB-6277,0.002511
TIMOB-6276,0.003483
TIMOB-6275,0.007816
TIMOB-6274,0.002981
TIMOB-6273,0.00573
TIMOB-6271,0.228156
TIMOB-6270,0.005642
TIMOB-6269,0.988131
TIMOB-6268,0.004265
TIMOB-6265,0.00629
TIMOB-6264,0.020023
TIMOB-6263,0.043043
TIMOB-6262,0.015425
TIMOB-6261,0.015544
TIMOB-6260,0.015664
TIMOB-6259,0.019124
TIMOB-6258,0.069289
TIMOB-6257,0.020177
TIMOB-6256,0.021615
TIMOB-6255,0.019719
TIMOB-6254,0.049959
TIMOB-6253,0.018264
TIMOB-6252,0.021451
TIMOB-6247,0.00236
TIMOB-6246,0.002287
TIMOB-6245,0.014172
TIMOB-6244,0.003538
TIMOB-6243,0.003824
TIMOB-6242,0.006193
TIMOB-6240,0.002591
TIMOB-6239,0.004007
TIMOB-6238,0.002019
TIMOB-6236,0.002715
TIMOB-6235,0.002715
TIMOB-6234,0.013121
TIMOB-6233,0.003945
TIMOB-6232,0.001927
TIMOB-6231,0.00582
TIMOB-6230,0.002845
TIMOB-6229,0.004399
TIMOB-6228,0.003273
TIMOB-6227,0.00365
TIMOB-6226,0.004538
TIMOB-6224,0.006904
TIMOB-6223,0.003707
TIMOB-6222,0.002801
TIMOB-6221,0.003594
TIMOB-6220,0.009055
TIMOB-6219,0.002551
TIMOB-6217,0.054803
TIMOB-6214,0.013637
TIMOB-6212,0.966156
TIMOB-6211,0.965119
TIMOB-6210,0.003594
TIMOB-6208,0.004982
TIMOB-6207,0.004755
TIMOB-6206,0.024238
TIMOB-6204,0.004468
TIMOB-6203,0.997527
TIMOB-6202,0.00522
TIMOB-6201,0.019719
TIMOB-6200,0.003884
TIMOB-6198,0.00522
TIMOB-6197,0.006693
TIMOB-6196,0.3183
TIMOB-6195,0.002323
TIMOB-6194,0.00659
TIMOB-6193,0.004399
TIMOB-6192,0.00236
TIMOB-6191,0.080069
TIMOB-6190,0.983597
TIMOB-6189,0.005642
TIMOB-6187,0.027169
TIMOB-6186,0.974629
TIMOB-6183,0.002217
TIMOB-6182,0.020023
TIMOB-6181,0.043043
TIMOB-6180,0.015425
TIMOB-6179,0.015544
TIMOB-6178,0.015664
TIMOB-6177,0.019124
TIMOB-6176,0.069289
TIMOB-6175,0.020177
TIMOB-6174,0.021615
TIMOB-6173,0.019719
TIMOB-6172,0.027376
TIMOB-6171,0.018264
TIMOB-6170,0.022117
TIMOB-6168,0.037892
TIMOB-6167,0.038178
TIMOB-6166,0.00483
TIMOB-6165,0.002673
TIMOB-6164,0.005385
TIMOB-6158,0.00629
TIMOB-6157,0.988492
TIMOB-6156,0.002758
TIMOB-6155,0.003707
TIMOB-6154,0.003075
TIMOB-6153,0.00506
TIMOB-6152,0.006798
TIMOB-6151,0.019419
TIMOB-6150,0.006193
TIMOB-6149,0.004332
TIMOB-6148,0.00573
TIMOB-6147,0.009197
TIMOB-6146,0.002434
TIMOB-6145,0.003075
TIMOB-6144,0.05921
TIMOB-6143,0.002591
TIMOB-6142,0.006798
TIMOB-6141,0.002801
TIMOB-6140,0.969556
TIMOB-6139,0.002434
TIMOB-6138,0.002551
TIMOB-6137,0.004199
TIMOB-6136,0.006098
TIMOB-6135,0.004399
TIMOB-6134,0.002801
TIMOB-6133,0.006904
TIMOB-6132,0.002473
TIMOB-6130,0.002551
TIMOB-6129,0.002801
TIMOB-6128,0.003273
TIMOB-6127,0.00343
TIMOB-6126,0.002551
TIMOB-6125,0.003707
TIMOB-6124,0.002397
TIMOB-6123,0.003222
TIMOB-6122,0.00407
TIMOB-6121,0.004332
TIMOB-6120,0.005302
TIMOB-6119,0.002935
TIMOB-6118,0.004265
TIMOB-6117,0.00236
TIMOB-6116,0.003222
TIMOB-6115,0.002551
TIMOB-6114,0.002632
TIMOB-6113,0.002434
TIMOB-6112,0.002051
TIMOB-6111,0.003028
TIMOB-6110,0.002323
TIMOB-6109,0.002287
TIMOB-6108,0.002397
TIMOB-6107,0.003028
TIMOB-6106,0.003765
TIMOB-6105,0.003075
TIMOB-6104,0.003884
TIMOB-6103,0.003028
TIMOB-6102,0.003222
TIMOB-6101,0.002632
TIMOB-6100,0.002019
TIMOB-6099,0.002758
TIMOB-6098,0.003075
TIMOB-6097,0.002434
TIMOB-6096,0.002434
TIMOB-6095,0.002981
TIMOB-6094,0.004007
TIMOB-6093,0.002981
TIMOB-6092,0.938576
TIMOB-6091,0.003945
TIMOB-6090,0.002801
TIMOB-6089,0.615088
TIMOB-6088,0.002217
TIMOB-6087,0.00483
TIMOB-6086,0.005469
TIMOB-6084,0.00365
TIMOB-6083,0.00365
TIMOB-6082,0.002758
TIMOB-6081,0.004682
TIMOB-6080,0.019124
TIMOB-6079,0.002397
TIMOB-6078,0.003173
TIMOB-6077,0.002845
TIMOB-6076,0.002632
TIMOB-6075,0.002551
TIMOB-6074,0.010014
TIMOB-6073,0.003824
TIMOB-6072,0.002801
TIMOB-6071,0.002287
TIMOB-6070,0.004199
TIMOB-6069,0.002323
TIMOB-6068,0.002632
TIMOB-6067,0.002935
TIMOB-6066,0.004755
TIMOB-6065,0.003377
TIMOB-6064,0.002935
TIMOB-6063,0.003707
TIMOB-6062,0.002845
TIMOB-6061,0.003173
TIMOB-6060,0.00573
TIMOB-6058,0.654674
TIMOB-6055,0.003173
TIMOB-6054,0.00582
TIMOB-6053,0.002981
TIMOB-6051,0.020023
TIMOB-6050,0.043043
TIMOB-6049,0.015425
TIMOB-6048,0.015544
TIMOB-6047,0.015664
TIMOB-6046,0.019124
TIMOB-6045,0.069289
TIMOB-6044,0.020177
TIMOB-6043,0.021615
TIMOB-6042,0.019719
TIMOB-6041,0.049959
TIMOB-6040,0.018264
TIMOB-6039,0.023331
TIMOB-6038,0.002801
TIMOB-6033,0.003707
TIMOB-6030,0.002019
TIMOB-6029,0.003707
TIMOB-6028,0.994445
TIMOB-6027,0.984336
TIMOB-6026,0.995532
TIMOB-6025,0.273963
TIMOB-6024,0.983971
TIMOB-6021,0.95222
TIMOB-6020,0.012432
TIMOB-6019,0.020489
TIMOB-6018,0.983723
TIMOB-6017,0.97649
TIMOB-6016,0.00407
TIMOB-6015,0.996777
TIMOB-6014,0.996777
TIMOB-6013,0.99494
TIMOB-6012,0.00629
TIMOB-6010,0.200245
TIMOB-6009,0.06256
TIMOB-6008,0.035145
TIMOB-6007,0.943348
TIMOB-6006,0.9462
TIMOB-6005,0.003222
TIMOB-6003,0.00289
TIMOB-6002,0.003483
TIMOB-6001,0.975577
TIMOB-6000,0.002217
TIMOB-5999,0.600174
TIMOB-5998,0.985936
TIMOB-5997,0.993807
TIMOB-5996,0.320529
TIMOB-5995,0.991684
TIMOB-5994,0.986363
TIMOB-5993,0.003594
TIMOB-5992,0.763484
TIMOB-5991,0.002591
TIMOB-5990,0.003273
TIMOB-5989,0.002323
TIMOB-5988,0.00365
TIMOB-5987,0.002715
TIMOB-5986,0.004007
TIMOB-5985,0.964855
TIMOB-5984,0.006693
TIMOB-5983,0.013637
TIMOB-5982,0.002845
TIMOB-5981,0.006388
TIMOB-5980,0.004982
TIMOB-5979,0.005642
TIMOB-5976,0.003538
TIMOB-5975,0.006004
TIMOB-5974,0.003594
TIMOB-5973,0.943348
TIMOB-5972,0.002715
TIMOB-5970,0.004265
TIMOB-5968,0.003273
TIMOB-5967,0.004755
TIMOB-5966,0.00343
TIMOB-5965,0.021451
TIMOB-5964,0.00365
TIMOB-5963,0.038178
TIMOB-5962,0.00514
TIMOB-5961,0.003124
TIMOB-5960,0.007233
TIMOB-5959,0.002935
TIMOB-5958,0.008062
TIMOB-5957,0.004982
TIMOB-5956,0.002758
TIMOB-5955,0.002287
TIMOB-5954,0.003483
TIMOB-5953,0.976129
TIMOB-5952,0.166134
TIMOB-5937,0.330903
TIMOB-5936,0.004905
TIMOB-5935,0.003222
TIMOB-5934,0.004905
TIMOB-5933,0.00483
TIMOB-5932,0.007121
TIMOB-5930,0.121686
TIMOB-5929,0.003765
TIMOB-5928,0.002511
TIMOB-5927,0.006388
TIMOB-5926,0.043043
TIMOB-5925,0.015425
TIMOB-5924,0.015544
TIMOB-5923,0.015664
TIMOB-5922,0.019124
TIMOB-5921,0.069289
TIMOB-5920,0.020177
TIMOB-5919,0.021615
TIMOB-5918,0.019719
TIMOB-5917,0.027376
TIMOB-5916,0.018264
TIMOB-5915,0.021451
TIMOB-5910,0.97631
TIMOB-5909,0.994698
TIMOB-5907,0.572006
TIMOB-5906,0.002473
TIMOB-5905,0.266644
TIMOB-5904,0.002397
TIMOB-5902,0.013532
TIMOB-5901,0.015425
TIMOB-5900,0.002511
TIMOB-5895,0.002551
TIMOB-5893,0.003273
TIMOB-5892,0.023689
TIMOB-5891,0.002591
TIMOB-5890,0.004134
TIMOB-5889,0.003824
TIMOB-5888,0.006388
TIMOB-5887,0.003707
TIMOB-5886,0.892937
TIMOB-5885,0.002935
TIMOB-5884,0.972204
TIMOB-5883,0.982557
TIMOB-5882,0.986572
TIMOB-5881,0.011869
TIMOB-5880,0.041153
TIMOB-5879,0.049222
TIMOB-5878,0.002935
TIMOB-5864,0.002511
TIMOB-5863,0.00629
TIMOB-5861,0.003028
TIMOB-5860,0.00407
TIMOB-5859,0.995245
TIMOB-5858,0.202759
TIMOB-5857,0.003377
TIMOB-5856,0.003222
TIMOB-5855,0.002051
TIMOB-5853,0.005469
TIMOB-5852,0.015544
TIMOB-5851,0.015664
TIMOB-5850,0.019124
TIMOB-5849,0.069289
TIMOB-5848,0.020177
TIMOB-5847,0.021615
TIMOB-5846,0.019719
TIMOB-5845,0.027376
TIMOB-5844,0.018264
TIMOB-5843,0.021615
TIMOB-5842,0.863392
TIMOB-5841,0.003377
TIMOB-5837,0.011508
TIMOB-5836,0.002287
TIMOB-5835,0.002473
TIMOB-5834,0.002673
TIMOB-5833,0.003273
TIMOB-5832,0.002183
TIMOB-5831,0.003273
TIMOB-5830,0.002591
TIMOB-5828,0.002511
TIMOB-5827,0.001988
TIMOB-5826,0.002551
TIMOB-5825,0.00483
TIMOB-5824,0.00506
TIMOB-5823,0.99539
TIMOB-5822,0.002397
TIMOB-5821,0.006693
TIMOB-5820,0.005469
TIMOB-5819,0.002673
TIMOB-5818,0.997783
TIMOB-5817,0.004399
TIMOB-5816,0.002183
TIMOB-5815,0.011597
TIMOB-5814,0.003483
TIMOB-5813,0.003538
TIMOB-5812,0.984094
TIMOB-5811,0.746509
TIMOB-5810,0.018689
TIMOB-5808,0.003324
TIMOB-5807,0.003273
TIMOB-5804,0.003075
TIMOB-5803,0.002149
TIMOB-5801,0.873647
TIMOB-5800,0.00514
TIMOB-5799,0.003273
TIMOB-5798,0.004538
TIMOB-5797,0.003824
TIMOB-5795,0.002632
TIMOB-5794,0.99371
TIMOB-5793,0.003222
TIMOB-5792,0.005469
TIMOB-5790,0.007577
TIMOB-5789,0.002981
TIMOB-5788,0.008711
TIMOB-5787,0.015544
TIMOB-5786,0.015664
TIMOB-5785,0.019124
TIMOB-5784,0.069289
TIMOB-5783,0.020177
TIMOB-5782,0.021615
TIMOB-5781,0.019719
TIMOB-5780,0.027376
TIMOB-5779,0.018264
TIMOB-5778,0.020804
TIMOB-5777,0.002758
TIMOB-5776,0.134321
TIMOB-5774,0.00289
TIMOB-5773,0.001782
TIMOB-5769,0.990292
TIMOB-5768,0.002801
TIMOB-5766,0.003075
TIMOB-5765,0.003075
TIMOB-5764,0.00289
TIMOB-5763,0.002083
TIMOB-5762,0.004399
TIMOB-5761,0.002252
TIMOB-5760,0.00236
TIMOB-5759,0.001957
TIMOB-5758,0.00407
TIMOB-5757,0.00659
TIMOB-5756,0.002591
TIMOB-5755,0.006693
TIMOB-5754,0.001927
TIMOB-5753,0.007121
TIMOB-5752,0.00461
TIMOB-5751,0.003124
TIMOB-5750,0.00289
TIMOB-5749,0.004399
TIMOB-5748,0.004468
TIMOB-5747,0.003707
TIMOB-5745,0.003483
TIMOB-5744,0.004399
TIMOB-5743,0.040846
TIMOB-5742,0.00629
TIMOB-5741,0.00934
TIMOB-5740,0.048137
TIMOB-5724,0.002051
TIMOB-5723,0.429669
TIMOB-5722,0.18743
TIMOB-5721,0.569972
TIMOB-5720,0.052231
TIMOB-5719,0.080069
TIMOB-5718,0.012723
TIMOB-5717,0.189821
TIMOB-5716,0.348548
TIMOB-5715,0.135232
TIMOB-5714,0.036494
TIMOB-5713,0.006098
TIMOB-5712,0.279435
TIMOB-5711,0.983085
TIMOB-5710,0.013428
TIMOB-5709,0.580947
TIMOB-5708,0.555435
TIMOB-5707,0.126353
TIMOB-5706,0.035679
TIMOB-5705,0.016915
TIMOB-5704,0.018125
TIMOB-5703,0.053403
TIMOB-5702,0.987568
TIMOB-5701,0.04778
TIMOB-5700,0.953275
TIMOB-5699,0.383555
TIMOB-5698,0.151278
TIMOB-5696,0.477067
TIMOB-5695,0.222025
TIMOB-5694,0.286968
TIMOB-5693,0.987568
TIMOB-5692,0.322846
TIMOB-5691,0.931463
TIMOB-5690,0.770119
TIMOB-5689,0.467332
TIMOB-5688,0.025565
TIMOB-5687,0.911495
TIMOB-5686,0.300746
TIMOB-5685,0.031144
TIMOB-5684,0.982014
TIMOB-5683,0.183887
TIMOB-5682,0.003594
TIMOB-5681,0.003173
TIMOB-5680,0.003483
TIMOB-5679,0.002149
TIMOB-5678,0.00236
TIMOB-5677,0.001957
TIMOB-5676,0.002632
TIMOB-5675,0.001868
TIMOB-5674,0.003173
TIMOB-5673,0.002981
TIMOB-5672,0.002673
TIMOB-5671,0.002473
TIMOB-5670,0.002434
TIMOB-5669,0.002434
TIMOB-5668,0.001839
TIMOB-5667,0.002149
TIMOB-5666,0.002434
TIMOB-5665,0.002323
TIMOB-5664,0.001598
TIMOB-5663,0.001755
TIMOB-5662,0.003765
TIMOB-5661,0.002715
TIMOB-5660,0.002252
TIMOB-5659,0.003594
TIMOB-5658,0.002715
TIMOB-5657,0.001839
TIMOB-5656,0.002434
TIMOB-5655,0.002397
TIMOB-5654,0.002715
TIMOB-5653,0.001868
TIMOB-5652,0.002397
TIMOB-5651,0.005469
TIMOB-5650,0.001782
TIMOB-5649,0.002758
TIMOB-5648,0.00236
TIMOB-5647,0.00236
TIMOB-5646,0.002935
TIMOB-5645,0.00236
TIMOB-5644,0.002397
TIMOB-5643,0.001839
TIMOB-5642,0.002252
TIMOB-5641,0.004007
TIMOB-5640,0.002434
TIMOB-5639,0.002183
TIMOB-5638,0.001927
TIMOB-5637,0.001674
TIMOB-5636,0.001674
TIMOB-5635,0.002434
TIMOB-5634,0.003377
TIMOB-5633,0.003075
TIMOB-5632,0.001988
TIMOB-5631,0.003222
TIMOB-5630,0.002183
TIMOB-5629,0.004265
TIMOB-5628,0.002473
TIMOB-5627,0.001897
TIMOB-5626,0.002083
TIMOB-5625,0.002252
TIMOB-5624,0.002149
TIMOB-5623,0.002252
TIMOB-5622,0.004468
TIMOB-5621,0.002758
TIMOB-5620,0.002287
TIMOB-5619,0.003273
TIMOB-5618,0.00343
TIMOB-5617,0.003173
TIMOB-5616,0.001755
TIMOB-5615,0.002673
TIMOB-5614,0.003884
TIMOB-5613,0.002434
TIMOB-5612,0.002287
TIMOB-5611,0.002434
TIMOB-5610,0.002551
TIMOB-5609,0.002551
TIMOB-5608,0.002673
TIMOB-5606,0.002801
TIMOB-5605,0.00365
TIMOB-5604,0.001755
TIMOB-5603,0.003273
TIMOB-5602,0.00365
TIMOB-5601,0.003377
TIMOB-5600,0.00289
TIMOB-5599,0.002673
TIMOB-5598,0.004468
TIMOB-5597,0.003124
TIMOB-5596,0.002715
TIMOB-5595,0.005555
TIMOB-5594,0.002083
TIMOB-5593,0.002287
TIMOB-5592,0.002715
TIMOB-5591,0.001755
TIMOB-5590,0.002434
TIMOB-5589,0.002758
TIMOB-5588,0.003377
TIMOB-5587,0.001839
TIMOB-5586,0.002845
TIMOB-5585,0.002673
TIMOB-5584,0.002217
TIMOB-5583,0.002287
TIMOB-5582,0.002397
TIMOB-5581,0.003884
TIMOB-5580,0.001957
TIMOB-5579,0.002715
TIMOB-5578,0.001701
TIMOB-5577,0.002845
TIMOB-5576,0.002434
TIMOB-5575,0.002019
TIMOB-5574,0.00289
TIMOB-5573,0.001957
TIMOB-5572,0.002252
TIMOB-5571,0.002116
TIMOB-5570,0.002019
TIMOB-5569,0.003075
TIMOB-5568,0.002083
TIMOB-5567,0.001957
TIMOB-5566,0.003173
TIMOB-5565,0.002434
TIMOB-5564,0.002051
TIMOB-5563,0.002935
TIMOB-5562,0.002397
TIMOB-5561,0.002434
TIMOB-5560,0.002551
TIMOB-5559,0.002673
TIMOB-5558,0.001839
TIMOB-5557,0.002511
TIMOB-5556,0.002051
TIMOB-5555,0.002845
TIMOB-5554,0.002632
TIMOB-5553,0.002801
TIMOB-5552,0.002397
TIMOB-5551,0.001755
TIMOB-5550,0.001674
TIMOB-5549,0.002434
TIMOB-5548,0.003594
TIMOB-5547,0.003173
TIMOB-5546,0.002183
TIMOB-5545,0.003028
TIMOB-5544,0.002217
TIMOB-5543,0.002632
TIMOB-5542,0.002511
TIMOB-5541,0.003594
TIMOB-5540,0.003324
TIMOB-5539,0.002473
TIMOB-5538,0.003538
TIMOB-5537,0.002287
TIMOB-5536,0.002632
TIMOB-5535,0.002715
TIMOB-5534,0.002715
TIMOB-5533,0.003222
TIMOB-5531,0.002217
TIMOB-5530,0.004755
TIMOB-5528,0.003075
TIMOB-5527,0.002019
TIMOB-5526,0.003324
TIMOB-5525,0.003377
TIMOB-5524,0.002217
TIMOB-5523,0.002758
TIMOB-5522,0.002673
TIMOB-5521,0.002287
TIMOB-5520,0.003824
TIMOB-5519,0.002434
TIMOB-5518,0.002845
TIMOB-5517,0.003538
TIMOB-5516,0.002511
TIMOB-5515,0.001957
TIMOB-5514,0.003594
TIMOB-5513,0.002434
TIMOB-5512,0.00236
TIMOB-5511,0.007233
TIMOB-5510,0.002511
TIMOB-5509,0.003377
TIMOB-5508,0.002083
TIMOB-5507,0.002935
TIMOB-5506,0.001727
TIMOB-5505,0.001897
TIMOB-5504,0.048137
TIMOB-5503,0.003538
TIMOB-5502,0.003765
TIMOB-5501,0.002591
TIMOB-5500,0.003483
TIMOB-5499,0.004134
TIMOB-5498,0.002673
TIMOB-5497,0.007233
TIMOB-5496,0.713032
TIMOB-5494,0.004399
TIMOB-5493,0.002981
TIMOB-5492,0.005385
TIMOB-5491,0.00514
TIMOB-5490,0.634996
TIMOB-5489,0.00343
TIMOB-5488,0.006693
TIMOB-5487,0.00343
TIMOB-5483,0.015544
TIMOB-5482,0.015664
TIMOB-5481,0.019124
TIMOB-5480,0.069289
TIMOB-5479,0.020177
TIMOB-5478,0.021615
TIMOB-5477,0.019719
TIMOB-5476,0.049959
TIMOB-5475,0.018264
TIMOB-5474,0.021451
TIMOB-5473,0.002323
TIMOB-5472,0.003765
TIMOB-5471,0.002758
TIMOB-5470,0.003824
TIMOB-5469,0.058346
TIMOB-5468,0.002434
TIMOB-5467,0.004468
TIMOB-5466,0.415373
TIMOB-5465,0.004265
TIMOB-5463,0.003173
TIMOB-5462,0.00365
TIMOB-5461,0.005469
TIMOB-5460,0.624523
TIMOB-5459,0.00343
TIMOB-5458,0.004134
TIMOB-5456,0.003124
TIMOB-5455,0.003075
TIMOB-5454,0.003707
TIMOB-5453,0.003028
TIMOB-5452,0.003273
TIMOB-5451,0.002551
TIMOB-5450,0.00365
TIMOB-5449,0.006388
TIMOB-5448,0.00365
TIMOB-5447,0.002935
TIMOB-5446,0.003594
TIMOB-5445,0.005469
TIMOB-5444,0.003824
TIMOB-5443,0.002217
TIMOB-5441,0.003707
TIMOB-5440,0.003483
TIMOB-5439,0.01302
TIMOB-5438,0.992423
TIMOB-5437,0.867934
TIMOB-5436,0.527803
TIMOB-5435,0.880386
TIMOB-5434,0.006004
TIMOB-5433,0.003075
TIMOB-5432,0.004538
TIMOB-5430,0.002801
TIMOB-5429,0.004399
TIMOB-5428,0.014842
TIMOB-5427,0.154567
TIMOB-5426,0.008985
TIMOB-5422,0.002591
TIMOB-5421,0.002758
TIMOB-5420,0.008252
TIMOB-5419,0.002287
TIMOB-5418,0.002758
TIMOB-5417,0.002252
TIMOB-5416,0.015544
TIMOB-5415,0.015664
TIMOB-5414,0.019124
TIMOB-5413,0.069289
TIMOB-5412,0.020177
TIMOB-5411,0.021615
TIMOB-5410,0.019719
TIMOB-5409,0.027376
TIMOB-5408,0.018264
TIMOB-5407,0.023871
TIMOB-5406,0.004134
TIMOB-5405,0.003377
TIMOB-5401,0.040846
TIMOB-5400,0.003824
TIMOB-5398,0.00483
TIMOB-5397,0.003824
TIMOB-5396,0.00289
TIMOB-5395,0.003945
TIMOB-5394,0.002981
TIMOB-5393,0.004468
TIMOB-5392,0.003594
TIMOB-5391,0.004199
TIMOB-5389,0.956634
TIMOB-5388,0.009784
TIMOB-5387,0.003124
TIMOB-5386,0.003538
TIMOB-5385,0.071074
TIMOB-5384,0.002715
TIMOB-5383,0.004905
TIMOB-5381,0.003173
TIMOB-5379,0.002758
TIMOB-5378,0.002252
TIMOB-5377,0.002217
TIMOB-5376,0.017849
TIMOB-5372,0.015544
TIMOB-5371,0.015664
TIMOB-5370,0.019124
TIMOB-5369,0.069289
TIMOB-5368,0.020177
TIMOB-5367,0.021615
TIMOB-5366,0.019719
TIMOB-5365,0.027376
TIMOB-5364,0.018264
TIMOB-5363,0.023331
TIMOB-5362,0.002673
TIMOB-5361,0.004468
TIMOB-5360,0.002434
TIMOB-5359,0.002183
TIMOB-5358,0.005911
TIMOB-5356,0.003377
TIMOB-5355,0.007577
TIMOB-5354,0.003538
TIMOB-5353,0.005302
TIMOB-5352,0.009784
TIMOB-5351,0.004399
TIMOB-5350,0.00629
TIMOB-5349,0.005469
TIMOB-5348,0.003538
TIMOB-5347,0.003075
TIMOB-5346,0.003028
TIMOB-5345,0.004265
TIMOB-5344,0.004538
TIMOB-5343,0.004905
TIMOB-5342,0.003538
TIMOB-5341,0.003324
TIMOB-5340,0.003028
TIMOB-5339,0.002323
TIMOB-5337,0.003324
TIMOB-5336,0.003824
TIMOB-5335,0.007012
TIMOB-5334,0.00506
TIMOB-5333,0.004199
TIMOB-5332,0.002019
TIMOB-5331,0.001868
TIMOB-5330,0.00365
TIMOB-5329,0.002632
TIMOB-5328,0.984336
TIMOB-5327,0.00365
TIMOB-5326,0.00289
TIMOB-5325,0.00365
TIMOB-5324,0.00289
TIMOB-5323,0.015544
TIMOB-5322,0.015664
TIMOB-5321,0.019124
TIMOB-5320,0.069289
TIMOB-5319,0.020177
TIMOB-5318,0.021615
TIMOB-5317,0.019719
TIMOB-5316,0.027376
TIMOB-5315,0.018264
TIMOB-5314,0.022629
TIMOB-5313,0.001782
TIMOB-5312,0.00514
TIMOB-5311,0.00289
TIMOB-5310,0.00343
TIMOB-5309,0.017045
TIMOB-5304,0.00289
TIMOB-5303,0.003173
TIMOB-5301,0.00343
TIMOB-5299,0.00522
TIMOB-5298,0.004468
TIMOB-5297,0.002673
TIMOB-5296,0.003594
TIMOB-5294,0.004134
TIMOB-5292,0.051463
TIMOB-5291,0.002758
TIMOB-5290,0.003124
TIMOB-5289,0.002935
TIMOB-5288,0.002673
TIMOB-5287,0.002287
TIMOB-5286,0.005555
TIMOB-5285,0.003707
TIMOB-5284,0.003765
TIMOB-5283,0.018405
TIMOB-5281,0.003075
TIMOB-5280,0.00407
TIMOB-5279,0.006004
TIMOB-5278,0.004134
TIMOB-5277,0.00289
TIMOB-5276,0.002935
TIMOB-5275,0.002473
TIMOB-5274,0.013223
TIMOB-5273,0.983214
TIMOB-5272,0.985158
TIMOB-5268,0.002632
TIMOB-5267,0.524395
TIMOB-5266,0.416441
TIMOB-5265,0.120853
TIMOB-5263,0.015544
TIMOB-5262,0.015664
TIMOB-5261,0.019124
TIMOB-5260,0.069289
TIMOB-5259,0.020177
TIMOB-5258,0.021615
TIMOB-5257,0.019719
TIMOB-5256,0.027376
TIMOB-5255,0.018264
TIMOB-5254,0.021781
TIMOB-5253,0.002217
TIMOB-5251,0.002801
TIMOB-5250,0.003124
TIMOB-5249,0.00461
TIMOB-5248,0.003824
TIMOB-5246,0.002019
TIMOB-5245,0.00343
TIMOB-5244,0.002397
TIMOB-5243,0.002981
TIMOB-5242,0.002801
TIMOB-5241,0.002801
TIMOB-5240,0.006004
TIMOB-5239,0.00343
TIMOB-5238,0.002632
TIMOB-5237,0.003222
TIMOB-5236,0.004682
TIMOB-5235,0.004399
TIMOB-5234,0.003824
TIMOB-5233,0.002252
TIMOB-5232,0.52975
TIMOB-5230,0.00236
TIMOB-5229,0.006693
TIMOB-5228,0.019569
TIMOB-5227,0.003538
TIMOB-5225,0.00365
TIMOB-5224,0.981736
TIMOB-5223,0.002434
TIMOB-5222,0.015544
TIMOB-5221,0.015664
TIMOB-5220,0.019124
TIMOB-5219,0.069289
TIMOB-5218,0.020177
TIMOB-5217,0.021615
TIMOB-5216,0.019719
TIMOB-5215,0.027376
TIMOB-5214,0.018264
TIMOB-5213,0.021948
TIMOB-5212,0.002591
TIMOB-5208,0.002981
TIMOB-5207,0.01017
TIMOB-5206,0.009784
TIMOB-5205,0.002511
TIMOB-5204,0.005911
TIMOB-5203,0.007012
TIMOB-5202,0.989182
TIMOB-5201,0.018689
TIMOB-5200,0.148047
TIMOB-5199,0.004682
TIMOB-5198,0.005911
TIMOB-5197,0.003273
TIMOB-5196,0.004755
TIMOB-5195,0.947381
TIMOB-5194,0.058777
TIMOB-5193,0.124639
TIMOB-5192,0.00461
TIMOB-5190,0.58059
TIMOB-5189,0.00522
TIMOB-5188,0.002935
TIMOB-5187,0.005642
TIMOB-5186,0.016277
TIMOB-5185,0.002845
TIMOB-5184,0.00289
TIMOB-5183,0.268462
TIMOB-5182,0.004399
TIMOB-5180,0.004265
TIMOB-5179,0.121269
TIMOB-5178,0.038756
TIMOB-5177,0.003173
TIMOB-5176,0.003273
TIMOB-5174,0.983723
TIMOB-5173,0.004682
TIMOB-5171,0.006004
TIMOB-5170,0.003273
TIMOB-5169,0.019719
TIMOB-5168,0.002019
TIMOB-5167,0.003222
TIMOB-5166,0.007816
TIMOB-5165,0.009268
TIMOB-5164,0.008916
TIMOB-5163,0.00514
TIMOB-5162,0.002673
TIMOB-5161,0.010408
TIMOB-5159,0.007696
TIMOB-5158,0.002323
TIMOB-5157,0.002801
TIMOB-5156,0.00514
TIMOB-5155,0.015306
TIMOB-5154,0.014064
TIMOB-5153,0.019124
TIMOB-5152,0.069289
TIMOB-5151,0.020177
TIMOB-5150,0.021615
TIMOB-5149,0.019719
TIMOB-5148,0.027376
TIMOB-5147,0.019569
TIMOB-5146,0.024423
TIMOB-5142,0.006693
TIMOB-5141,0.006388
TIMOB-5140,0.004007
TIMOB-5139,0.003324
TIMOB-5138,0.006193
TIMOB-5137,0.002801
TIMOB-5136,0.004199
TIMOB-5135,0.00289
TIMOB-5134,0.003222
TIMOB-5133,0.00461
TIMOB-5132,0.004538
TIMOB-5131,0.003707
TIMOB-5130,0.003075
TIMOB-5129,0.002935
TIMOB-5127,0.685213
TIMOB-5125,0.004538
TIMOB-5124,0.00629
TIMOB-5123,0.008
TIMOB-5122,0.020177
TIMOB-5121,0.020804
TIMOB-5120,0.002801
TIMOB-5119,0.028008
TIMOB-5118,0.003324
TIMOB-5116,0.002287
TIMOB-5115,0.005302
TIMOB-5114,0.003765
TIMOB-5113,0.002801
TIMOB-5112,0.002758
TIMOB-5111,0.002287
TIMOB-5110,0.003173
TIMOB-5108,0.002715
TIMOB-5107,0.003273
TIMOB-5106,0.004982
TIMOB-5105,0.003765
TIMOB-5104,0.00343
TIMOB-5102,0.00289
TIMOB-5101,0.002434
TIMOB-5100,0.003538
TIMOB-5099,0.002935
TIMOB-5098,0.00343
TIMOB-5097,0.00365
TIMOB-5096,0.004905
TIMOB-5095,0.003173
TIMOB-5093,0.948155
TIMOB-5092,0.948155
TIMOB-5091,0.00522
TIMOB-5090,0.797872
TIMOB-5089,0.00343
TIMOB-5088,0.003765
TIMOB-5087,0.002632
TIMOB-5086,0.003824
TIMOB-5085,0.004265
TIMOB-5084,0.015306
TIMOB-5080,0.003824
TIMOB-5079,0.006904
TIMOB-5077,0.003124
TIMOB-5076,0.514644
TIMOB-5075,0.015664
TIMOB-5074,0.019124
TIMOB-5073,0.069289
TIMOB-5072,0.020177
TIMOB-5071,0.021615
TIMOB-5070,0.019124
TIMOB-5069,0.027376
TIMOB-5068,0.019569
TIMOB-5067,0.021781
TIMOB-5066,0.00289
TIMOB-5061,0.003324
TIMOB-5060,0.909265
TIMOB-5059,0.003075
TIMOB-5058,0.003824
TIMOB-5057,0.003377
TIMOB-5056,0.004199
TIMOB-5055,0.00461
TIMOB-5054,0.005555
TIMOB-5053,0.014392
TIMOB-5051,0.028436
TIMOB-5050,0.004265
TIMOB-5048,0.006098
TIMOB-5047,0.003075
TIMOB-5046,0.00582
TIMOB-5045,0.00514
TIMOB-5043,0.004905
TIMOB-5042,0.002551
TIMOB-5041,0.004399
TIMOB-5040,0.005555
TIMOB-5039,0.004265
TIMOB-5038,0.00522
TIMOB-5037,0.018264
TIMOB-5036,0.002323
TIMOB-5035,0.002287
TIMOB-5034,0.003945
TIMOB-5033,0.011332
TIMOB-5032,0.004265
TIMOB-5030,0.014392
TIMOB-5029,0.003824
TIMOB-5028,0.003824
TIMOB-5027,0.002632
TIMOB-5026,0.005469
TIMOB-5025,0.00343
TIMOB-5024,0.00236
TIMOB-5022,0.00365
TIMOB-5021,0.026759
TIMOB-5020,0.00407
TIMOB-5019,0.00483
TIMOB-5018,0.017712
TIMOB-5017,0.011072
TIMOB-5016,0.00582
TIMOB-5015,0.007233
TIMOB-5014,0.00407
TIMOB-5013,0.002935
TIMOB-5012,0.008916
TIMOB-5011,0.002019
TIMOB-5010,0.00838
TIMOB-5009,0.004332
TIMOB-5008,0.003075
TIMOB-5007,0.003765
TIMOB-5006,0.002632
TIMOB-5002,0.002473
TIMOB-5001,0.017045
TIMOB-5000,0.019124
TIMOB-4999,0.069289
TIMOB-4998,0.020177
TIMOB-4997,0.021615
TIMOB-4996,0.019719
TIMOB-4995,0.027376
TIMOB-4994,0.019569
TIMOB-4993,0.021948
TIMOB-4992,0.002287
TIMOB-4991,0.990292
TIMOB-4990,0.006488
TIMOB-4989,0.006388
TIMOB-4988,0.002551
TIMOB-4987,0.004007
TIMOB-4986,0.008125
TIMOB-4984,0.002673
TIMOB-4983,0.980876
TIMOB-4982,0.00629
TIMOB-4981,0.00506
TIMOB-4980,0.004468
TIMOB-4979,0.912748
TIMOB-4978,0.00461
TIMOB-4977,0.140101
TIMOB-4976,0.003483
TIMOB-4975,0.28897
TIMOB-4974,0.168036
TIMOB-4973,0.00522
TIMOB-4972,0.00522
TIMOB-4971,0.940353
TIMOB-4970,0.014172
TIMOB-4949,0.01292
TIMOB-4948,0.003483
TIMOB-4947,0.002511
TIMOB-4946,0.003538
TIMOB-4945,0.002673
TIMOB-4944,0.001988
TIMOB-4943,0.002981
TIMOB-4942,0.004332
TIMOB-4941,0.015785
TIMOB-4939,0.003324
TIMOB-4938,0.003222
TIMOB-4937,0.003324
TIMOB-4936,0.007233
TIMOB-4935,0.017045
TIMOB-4934,0.019124
TIMOB-4933,0.069289
TIMOB-4932,0.020177
TIMOB-4931,0.021615
TIMOB-4930,0.019719
TIMOB-4929,0.027376
TIMOB-4928,0.019569
TIMOB-4927,0.019569
TIMOB-4923,0.995735
TIMOB-4922,0.017577
TIMOB-4917,0.96741
TIMOB-4916,0.982691
TIMOB-4915,0.014842
TIMOB-4913,0.012821
TIMOB-4912,0.00483
TIMOB-4911,0.005911
TIMOB-4910,0.938576
TIMOB-4908,0.002981
TIMOB-4907,0.015189
TIMOB-4905,0.007233
TIMOB-4904,0.991938
TIMOB-4903,0.995735
TIMOB-4902,0.002551
TIMOB-4901,0.009197
TIMOB-4900,0.003028
TIMOB-4899,0.004682
TIMOB-4898,0.030676
TIMOB-4897,0.004134
TIMOB-4896,0.006488
TIMOB-4895,0.004538
TIMOB-4893,0.002397
TIMOB-4892,0.004199
TIMOB-4890,0.003483
TIMOB-4889,0.004468
TIMOB-4888,0.003075
TIMOB-4887,0.003707
TIMOB-4886,0.003173
TIMOB-4885,0.006004
TIMOB-4884,0.003707
TIMOB-4883,0.003884
TIMOB-4882,0.002019
TIMOB-4881,0.132066
TIMOB-4880,0.995245
TIMOB-4879,0.003075
TIMOB-4878,0.002935
TIMOB-4877,0.003222
TIMOB-4876,0.003594
TIMOB-4875,0.00506
TIMOB-4874,0.006798
TIMOB-4873,0.004982
TIMOB-4872,0.006488
TIMOB-4871,0.002551
TIMOB-4870,0.003483
TIMOB-4869,0.003075
TIMOB-4868,0.002758
TIMOB-4867,0.002981
TIMOB-4866,0.017045
TIMOB-4865,0.001988
TIMOB-4863,0.00236
TIMOB-4862,0.00522
TIMOB-4861,0.011245
TIMOB-4860,0.966156
TIMOB-4859,0.003707
TIMOB-4858,0.00659
TIMOB-4857,0.996462
TIMOB-4856,0.019124
TIMOB-4855,0.069289
TIMOB-4854,0.020177
TIMOB-4853,0.015785
TIMOB-4852,0.020023
TIMOB-4851,0.019569
TIMOB-4850,0.019569
TIMOB-4849,0.020177
TIMOB-4845,0.004755
TIMOB-4844,0.360489
TIMOB-4843,0.004468
TIMOB-4842,0.006798
TIMOB-4841,0.002845
TIMOB-4840,0.995095
TIMOB-4839,0.003945
TIMOB-4838,0.004468
TIMOB-4837,0.002287
TIMOB-4836,0.001927
TIMOB-4835,0.00181
TIMOB-4834,0.002758
TIMOB-4833,0.005642
TIMOB-4832,0.004905
TIMOB-4831,0.082402
TIMOB-4829,0.009413
TIMOB-4826,0.006193
TIMOB-4825,0.004468
TIMOB-4822,0.054601
TIMOB-4821,0.048858
TIMOB-4820,0.00343
TIMOB-4819,0.003945
TIMOB-4818,0.00659
TIMOB-4817,0.008985
TIMOB-4816,0.002149
TIMOB-4815,0.979354
TIMOB-4814,0.003075
TIMOB-4813,0.005385
TIMOB-4812,0.010818
TIMOB-4811,0.99657
TIMOB-4810,0.325601
TIMOB-4809,0.993096
TIMOB-4808,0.997677
TIMOB-4807,0.004134
TIMOB-4804,0.001897
TIMOB-4803,0.91848
TIMOB-4802,0.005385
TIMOB-4801,0.176104
TIMOB-4800,0.002473
TIMOB-4799,0.003173
TIMOB-4798,0.012723
TIMOB-4797,0.00522
TIMOB-4796,0.006193
TIMOB-4795,0.002051
TIMOB-4794,0.002801
TIMOB-4793,0.002434
TIMOB-4792,0.002632
TIMOB-4791,0.002473
TIMOB-4790,0.021287
TIMOB-4789,0.948537
TIMOB-4788,0.002632
TIMOB-4787,0.002183
TIMOB-4786,0.002801
TIMOB-4785,0.002019
TIMOB-4784,0.001957
TIMOB-4783,0.004199
TIMOB-4782,0.001988
TIMOB-4781,0.121269
TIMOB-4780,0.917303
TIMOB-4779,0.006004
TIMOB-4778,0.004134
TIMOB-4776,0.00483
TIMOB-4775,0.003028
TIMOB-4774,0.003273
TIMOB-4773,0.003075
TIMOB-4772,0.002591
TIMOB-4771,0.004982
TIMOB-4770,0.00289
TIMOB-4769,0.00343
TIMOB-4768,0.020023
TIMOB-4767,0.018978
TIMOB-4766,0.019569
TIMOB-4765,0.021287
TIMOB-4764,0.069038
TIMOB-4759,0.003707
TIMOB-4758,0.008316
TIMOB-4757,0.003483
TIMOB-4756,0.994531
TIMOB-4755,0.003483
TIMOB-4754,0.002981
TIMOB-4753,0.003824
TIMOB-4752,0.003707
TIMOB-4751,0.005642
TIMOB-4750,0.003377
TIMOB-4749,0.823896
TIMOB-4748,0.002715
TIMOB-4747,0.002632
TIMOB-4746,0.003884
TIMOB-4745,0.003173
TIMOB-4744,0.943348
TIMOB-4743,0.003538
TIMOB-4741,0.002758
TIMOB-4740,0.001927
TIMOB-4739,0.004332
TIMOB-4738,0.002845
TIMOB-4737,0.758153
TIMOB-4736,0.00934
TIMOB-4734,0.00522
TIMOB-4733,0.002715
TIMOB-4732,0.003884
TIMOB-4731,0.006004
TIMOB-4730,0.00629
TIMOB-4729,0.010091
TIMOB-4727,0.00582
TIMOB-4726,0.004007
TIMOB-4725,0.003538
TIMOB-4724,0.003483
TIMOB-4723,0.004199
TIMOB-4722,0.003173
TIMOB-4721,0.003075
TIMOB-4720,0.006388
TIMOB-4719,0.017577
TIMOB-4718,0.002845
TIMOB-4717,0.007577
TIMOB-4715,0.004682
TIMOB-4714,0.006488
TIMOB-4713,0.004905
TIMOB-4712,0.004199
TIMOB-4711,0.01142
TIMOB-4709,0.003538
TIMOB-4708,0.007233
TIMOB-4707,0.004007
TIMOB-4706,0.008
TIMOB-4705,0.002715
TIMOB-4704,0.005642
TIMOB-4703,0.003594
TIMOB-4699,0.002434
TIMOB-4697,0.003173
TIMOB-4696,0.004399
TIMOB-4695,0.002149
TIMOB-4694,0.003707
TIMOB-4693,0.008779
TIMOB-4692,0.002845
TIMOB-4691,0.988313
TIMOB-4689,0.002715
TIMOB-4687,0.001988
TIMOB-4686,0.007938
TIMOB-4666,0.00582
TIMOB-4665,0.003173
TIMOB-4664,0.00289
TIMOB-4663,0.004755
TIMOB-4662,0.003075
TIMOB-4661,0.003075
TIMOB-4659,0.00236
TIMOB-4658,0.00343
TIMOB-4657,0.00838
TIMOB-4656,0.008316
TIMOB-4655,0.014842
TIMOB-4653,0.005555
TIMOB-4652,0.020489
TIMOB-4651,0.002981
TIMOB-4650,0.007938
TIMOB-4649,0.154567
TIMOB-4648,0.002183
TIMOB-4647,0.002801
TIMOB-4646,0.002845
TIMOB-4645,0.003273
TIMOB-4644,0.004007
TIMOB-4643,0.00506
TIMOB-4642,0.003075
TIMOB-4641,0.003538
TIMOB-4640,0.004982
TIMOB-4639,0.991812
TIMOB-4638,0.810479
TIMOB-4634,0.006388
TIMOB-4633,0.00522
TIMOB-4632,0.004468
TIMOB-4631,0.008985
TIMOB-4630,0.003483
TIMOB-4629,0.00365
TIMOB-4628,0.004134
TIMOB-4627,0.007012
TIMOB-4626,0.901575
TIMOB-4625,0.972204
TIMOB-4624,0.005555
TIMOB-4623,0.002323
TIMOB-4622,0.001957
TIMOB-4621,0.010987
TIMOB-4620,0.002083
TIMOB-4619,0.002434
TIMOB-4617,0.020332
TIMOB-4616,0.00407
TIMOB-4614,0.008577
TIMOB-4613,0.009413
TIMOB-4612,0.00522
TIMOB-4611,0.006488
TIMOB-4610,0.004905
TIMOB-4609,0.004682
TIMOB-4607,0.004468
TIMOB-4606,0.003222
TIMOB-4605,0.003824
TIMOB-4604,0.003273
TIMOB-4603,0.003945
TIMOB-4602,0.002632
TIMOB-4600,0.004905
TIMOB-4599,0.003124
TIMOB-4598,0.005385
TIMOB-4597,0.002116
TIMOB-4596,0.003124
TIMOB-4595,0.043366
TIMOB-4594,0.017712
TIMOB-4593,0.003765
TIMOB-4591,0.002323
TIMOB-4590,0.004134
TIMOB-4589,0.008511
TIMOB-4587,0.010653
TIMOB-4586,0.009784
TIMOB-4585,0.012054
TIMOB-4584,0.007577
TIMOB-4583,0.016785
TIMOB-4582,0.007012
TIMOB-4575,0.007012
TIMOB-4574,0.007012
TIMOB-4573,0.008316
TIMOB-4572,0.009708
TIMOB-4571,0.007816
TIMOB-4570,0.011869
TIMOB-4563,0.008188
TIMOB-4561,0.008577
TIMOB-4560,0.00365
TIMOB-4559,0.003222
TIMOB-4558,0.004682
TIMOB-4557,0.004199
TIMOB-4556,0.008916
TIMOB-4555,0.003173
TIMOB-4554,0.00522
TIMOB-4552,0.132964
TIMOB-4551,0.00343
TIMOB-4547,0.002715
TIMOB-4546,0.004538
TIMOB-4545,0.002801
TIMOB-4544,0.003594
TIMOB-4543,0.00573
TIMOB-4542,0.991812
TIMOB-4541,0.003538
TIMOB-4538,0.004399
TIMOB-4537,0.028436
TIMOB-4536,0.00236
TIMOB-4535,0.002473
TIMOB-4534,0.004468
TIMOB-4533,0.004134
TIMOB-4532,0.002252
TIMOB-4531,0.003222
TIMOB-4530,0.003765
TIMOB-4529,0.984094
TIMOB-4528,0.002051
TIMOB-4527,0.003707
TIMOB-4525,0.006193
TIMOB-4524,0.002981
TIMOB-4523,0.350324
TIMOB-4522,0.00343
TIMOB-4521,0.982557
TIMOB-4520,0.00343
TIMOB-4519,0.002551
TIMOB-4518,0.002845
TIMOB-4517,0.002715
TIMOB-4516,0.004265
TIMOB-4515,0.004982
TIMOB-4514,0.989013
TIMOB-4513,0.004199
TIMOB-4512,0.009784
TIMOB-4511,0.003594
TIMOB-4510,0.004905
TIMOB-4509,0.008252
TIMOB-4508,0.966663
TIMOB-4507,0.014616
TIMOB-4506,0.003324
TIMOB-4505,0.511717
TIMOB-4504,0.008644
TIMOB-4500,0.003273
TIMOB-4499,0.002083
TIMOB-4497,0.003028
TIMOB-4496,0.016153
TIMOB-4494,0.00514
TIMOB-4493,0.00659
TIMOB-4492,0.005469
TIMOB-4491,0.002473
TIMOB-4490,0.633864
TIMOB-4489,0.005555
TIMOB-4488,0.97024
TIMOB-4487,0.015189
TIMOB-4486,0.006193
TIMOB-4485,0.004755
TIMOB-4484,0.004332
TIMOB-4483,0.33674
TIMOB-4482,0.003765
TIMOB-4481,0.996925
TIMOB-4480,0.816113
TIMOB-4479,0.587943
TIMOB-4478,0.011597
TIMOB-4476,0.00573
TIMOB-4475,0.003028
TIMOB-4474,0.003173
TIMOB-4473,0.019124
TIMOB-4472,0.033844
TIMOB-4470,0.009126
TIMOB-4469,0.005302
TIMOB-4468,0.003273
TIMOB-4467,0.00514
TIMOB-4466,0.288469
TIMOB-4465,0.002632
TIMOB-4464,0.45423
TIMOB-4463,0.005642
TIMOB-4462,0.871475
TIMOB-4458,0.006388
TIMOB-4457,0.300951
TIMOB-4456,0.017177
TIMOB-4455,0.002287
TIMOB-4454,0.00343
TIMOB-4453,0.004399
TIMOB-4452,0.002673
TIMOB-4451,0.005302
TIMOB-4449,0.00236
TIMOB-4447,0.004905
TIMOB-4446,0.00461
TIMOB-4445,0.004332
TIMOB-4444,0.082994
TIMOB-4443,0.065605
TIMOB-4441,0.004332
TIMOB-4439,0.005555
TIMOB-4438,0.059866
TIMOB-4437,0.118793
TIMOB-4436,0.018833
TIMOB-4417,0.714628
TIMOB-4416,0.00407
TIMOB-4415,0.003273
TIMOB-4414,0.002397
TIMOB-4413,0.007121
TIMOB-4412,0.002715
TIMOB-4411,0.003028
TIMOB-4410,0.892187
TIMOB-4408,0.002551
TIMOB-4407,0.002252
TIMOB-4406,0.002083
TIMOB-4405,0.002252
TIMOB-4404,0.002591
TIMOB-4403,0.002217
TIMOB-4402,0.002116
TIMOB-4401,0.002252
TIMOB-4400,0.002116
TIMOB-4399,0.002397
TIMOB-4398,0.002252
TIMOB-4397,0.002287
TIMOB-4396,0.002116
TIMOB-4395,0.002252
TIMOB-4394,0.002183
TIMOB-4393,0.002217
TIMOB-4392,0.002397
TIMOB-4391,0.002323
TIMOB-4390,0.002551
TIMOB-4389,0.002715
TIMOB-4388,0.937211
TIMOB-4387,0.002715
TIMOB-4386,0.003028
TIMOB-4385,0.003377
TIMOB-4384,0.002217
TIMOB-4383,0.002051
TIMOB-4382,0.002019
TIMOB-4381,0.002287
TIMOB-4380,0.002019
TIMOB-4379,0.002287
TIMOB-4378,0.003028
TIMOB-4377,0.002116
TIMOB-4376,0.002473
TIMOB-4375,0.002673
TIMOB-4374,0.003765
TIMOB-4373,0.953275
TIMOB-4372,0.002801
TIMOB-4371,0.003124
TIMOB-4367,0.003538
TIMOB-4366,0.905657
TIMOB-4365,0.003273
TIMOB-4364,0.010408
TIMOB-4362,0.002801
TIMOB-4361,0.002845
TIMOB-4360,0.007816
TIMOB-4359,0.002473
TIMOB-4358,0.002287
TIMOB-4357,0.007012
TIMOB-4356,0.00343
TIMOB-4355,0.004399
TIMOB-4354,0.227469
TIMOB-4353,0.883638
TIMOB-4352,0.003124
TIMOB-4351,0.412767
TIMOB-4350,0.511717
TIMOB-4349,0.004332
TIMOB-4348,0.002591
TIMOB-4346,0.003075
TIMOB-4345,0.003028
TIMOB-4341,0.011245
TIMOB-4340,0.004134
TIMOB-4338,0.015425
TIMOB-4337,0.003124
TIMOB-4336,0.018547
TIMOB-4335,0.015073
TIMOB-4334,0.002935
TIMOB-4333,0.002801
TIMOB-4332,0.002591
TIMOB-4331,0.003483
TIMOB-4330,0.903635
TIMOB-4329,0.957912
TIMOB-4328,0.002981
TIMOB-4327,0.421076
TIMOB-4326,0.007816
TIMOB-4321,0.005642
TIMOB-4314,0.00343
TIMOB-4313,0.003377
TIMOB-4312,0.738858
TIMOB-4311,0.00343
TIMOB-4310,0.002632
TIMOB-4309,0.003273
TIMOB-4308,0.002981
TIMOB-4307,0.002183
TIMOB-4306,0.003324
TIMOB-4305,0.002801
TIMOB-4304,0.003324
TIMOB-4303,0.00289
TIMOB-4302,0.002758
TIMOB-4301,0.003483
TIMOB-4300,0.003824
TIMOB-4297,0.006904
TIMOB-4296,0.002801
TIMOB-4282,0.004007
TIMOB-4281,0.001782
TIMOB-4280,0.003173
TIMOB-4279,0.239705
TIMOB-4278,0.943348
TIMOB-4277,0.00407
TIMOB-4275,0.98983
TIMOB-4274,0.001927
TIMOB-4271,0.01142
TIMOB-4262,0.003707
TIMOB-4261,0.960952
TIMOB-4260,0.002981
TIMOB-4259,0.006388
TIMOB-4258,0.984215
TIMOB-4257,0.006388
TIMOB-4256,0.994698
TIMOB-4255,0.416797
TIMOB-4254,0.016785
TIMOB-4253,0.973645
TIMOB-4252,0.996727
TIMOB-4251,0.996676
TIMOB-4250,0.004468
TIMOB-4249,0.893681
TIMOB-4248,0.003483
TIMOB-4247,0.011245
TIMOB-4245,0.002935
TIMOB-4244,0.83868
TIMOB-4243,0.002758
TIMOB-4242,0.003028
TIMOB-4241,0.004199
TIMOB-4238,0.003483
TIMOB-4235,0.003173
TIMOB-4233,0.994531
TIMOB-4232,0.011332
TIMOB-4230,0.006488
TIMOB-4228,0.716119
TIMOB-4227,0.005302
TIMOB-4225,0.004682
TIMOB-4224,0.00407
TIMOB-4222,0.007938
TIMOB-4221,0.004332
TIMOB-4220,0.995245
TIMOB-4219,0.002287
TIMOB-4218,0.001868
TIMOB-4217,0.002673
TIMOB-4216,0.003538
TIMOB-4215,0.007938
TIMOB-4214,0.005642
TIMOB-4210,0.006693
TIMOB-4207,0.003222
TIMOB-4206,0.003028
TIMOB-4205,0.004982
TIMOB-4204,0.002397
TIMOB-4203,0.005302
TIMOB-4201,0.003483
TIMOB-4200,0.002434
TIMOB-4199,0.004007
TIMOB-4198,0.003765
TIMOB-4197,0.003324
TIMOB-4196,0.002434
TIMOB-4194,0.004332
TIMOB-4193,0.004007
TIMOB-4192,0.005911
TIMOB-4191,0.002551
TIMOB-4190,0.006193
TIMOB-4185,0.002715
TIMOB-4184,0.002632
TIMOB-4183,0.002715
TIMOB-4182,0.005385
TIMOB-4181,0.00289
TIMOB-4180,0.003273
TIMOB-4179,0.003377
TIMOB-4178,0.003324
TIMOB-4177,0.003124
TIMOB-4176,0.003483
TIMOB-4175,0.002632
TIMOB-4174,0.007577
TIMOB-4173,0.028871
TIMOB-4170,0.00343
TIMOB-4169,0.003124
TIMOB-4168,0.003594
TIMOB-4167,0.003377
TIMOB-4166,0.93196
TIMOB-4165,0.002434
TIMOB-4164,0.00343
TIMOB-4163,0.004982
TIMOB-4162,0.003483
TIMOB-4161,0.00236
TIMOB-4160,0.002287
TIMOB-4159,0.00573
TIMOB-4158,0.004134
TIMOB-4157,0.105948
TIMOB-4156,0.00407
TIMOB-4155,0.004199
TIMOB-4154,0.00659
TIMOB-4153,0.002673
TIMOB-4152,0.00629
TIMOB-4151,0.003594
TIMOB-4150,0.002845
TIMOB-4149,0.00461
TIMOB-4148,0.003594
TIMOB-4147,0.002935
TIMOB-4146,0.00522
TIMOB-4145,0.003884
TIMOB-4144,0.002217
TIMOB-4143,0.003945
TIMOB-4142,0.002758
TIMOB-4141,0.078926
TIMOB-4139,0.002511
TIMOB-4138,0.002591
TIMOB-4137,0.003707
TIMOB-4136,0.003124
TIMOB-4135,0.004538
TIMOB-4134,0.002591
TIMOB-4133,0.003538
TIMOB-4132,0.003377
TIMOB-4128,0.002935
TIMOB-4127,0.002632
TIMOB-4126,0.004468
TIMOB-4125,0.003945
TIMOB-4124,0.003538
TIMOB-4123,0.002801
TIMOB-4121,0.00365
TIMOB-4116,0.00289
TIMOB-4114,0.005302
TIMOB-4113,0.004332
TIMOB-4111,0.003222
TIMOB-4107,0.002591
TIMOB-4104,0.022457
TIMOB-4103,0.031144
TIMOB-4102,0.01653
TIMOB-4098,0.015664
TIMOB-4097,0.01292
TIMOB-4096,0.015664
TIMOB-4095,0.015664
TIMOB-4094,0.020332
TIMOB-4093,0.020332
TIMOB-4092,0.020332
TIMOB-4091,0.020332
TIMOB-4090,0.012625
TIMOB-4089,0.013849
TIMOB-4088,0.012625
TIMOB-4087,0.017712
TIMOB-4085,0.001782
TIMOB-4084,0.001927
TIMOB-4083,0.00522
TIMOB-4082,0.00365
TIMOB-4081,0.003765
TIMOB-4080,0.003075
TIMOB-4079,0.004468
TIMOB-4078,0.007012
TIMOB-4076,0.002511
TIMOB-4075,0.003173
TIMOB-4074,0.002473
TIMOB-4073,0.003222
TIMOB-4072,0.001648
TIMOB-4071,0.002801
TIMOB-4070,0.002149
TIMOB-4069,0.002935
TIMOB-4068,0.001648
TIMOB-4067,0.002051
TIMOB-4065,0.002083
TIMOB-4064,0.004199
TIMOB-4063,0.002323
TIMOB-4062,0.003483
TIMOB-4061,0.003324
TIMOB-4046,0.002551
TIMOB-4043,0.00582
TIMOB-4042,0.003273
TIMOB-4041,0.314787
TIMOB-4029,0.003273
TIMOB-4027,0.006193
TIMOB-4026,0.002116
TIMOB-4025,0.00483
TIMOB-4024,0.003124
TIMOB-4023,0.002758
TIMOB-4022,0.003707
TIMOB-4021,0.00365
TIMOB-4019,0.003124
TIMOB-4018,0.00236
TIMOB-4017,0.00407
TIMOB-4016,0.003173
TIMOB-4015,0.982823
TIMOB-4013,0.006798
TIMOB-4012,0.015664
TIMOB-4007,0.004199
TIMOB-4004,0.01292
TIMOB-4003,0.015664
TIMOB-4002,0.015664
TIMOB-4001,0.020332
TIMOB-4000,0.020332
TIMOB-3999,0.020332
TIMOB-3998,0.020332
TIMOB-3997,0.012625
TIMOB-3996,0.013849
TIMOB-3995,0.012625
TIMOB-3994,0.022457
TIMOB-3993,0.03622
TIMOB-3992,0.852935
TIMOB-3991,0.002511
TIMOB-3990,0.002632
TIMOB-3989,0.002019
TIMOB-3988,0.002051
TIMOB-3987,0.002758
TIMOB-3986,0.002715
TIMOB-3985,0.002434
TIMOB-3984,0.002019
TIMOB-3983,0.002217
TIMOB-3982,0.002323
TIMOB-3981,0.003945
TIMOB-3980,0.003222
TIMOB-3979,0.002473
TIMOB-3978,0.00181
TIMOB-3977,0.003075
TIMOB-3976,0.003273
TIMOB-3975,0.002801
TIMOB-3974,0.001897
TIMOB-3973,0.002051
TIMOB-3972,0.001755
TIMOB-3971,0.002083
TIMOB-3970,0.003483
TIMOB-3969,0.00343
TIMOB-3952,0.014064
TIMOB-3913,0.004007
TIMOB-3911,0.006798
TIMOB-3910,0.00573
TIMOB-3909,0.001701
TIMOB-3908,0.007461
TIMOB-3906,0.002935
TIMOB-3905,0.00522
TIMOB-3899,0.002511
TIMOB-3898,0.002981
TIMOB-3897,0.004399
TIMOB-3893,0.00483
TIMOB-3891,0.987375
TIMOB-3889,0.002673
TIMOB-3888,0.004134
TIMOB-3887,0.002116
TIMOB-3886,0.011072
TIMOB-3885,0.002981
TIMOB-3884,0.00365
TIMOB-3883,0.006098
TIMOB-3876,0.00289
TIMOB-3873,0.003765
TIMOB-3872,0.002981
TIMOB-3871,0.013956
TIMOB-3870,0.017849
TIMOB-3869,0.043691
TIMOB-3868,0.014282
TIMOB-3866,0.00461
TIMOB-3865,0.00629
TIMOB-3864,0.008252
TIMOB-3863,0.004468
TIMOB-3862,0.005911
TIMOB-3861,0.004007
TIMOB-3859,0.01292
TIMOB-3858,0.015664
TIMOB-3857,0.015664
TIMOB-3856,0.020332
TIMOB-3855,0.020332
TIMOB-3854,0.020332
TIMOB-3853,0.020332
TIMOB-3852,0.012625
TIMOB-3851,0.013849
TIMOB-3850,0.012625
TIMOB-3849,0.022117
TIMOB-3848,0.35113
TIMOB-3847,0.003222
TIMOB-3846,0.00343
TIMOB-3845,0.00289
TIMOB-3844,0.001648
TIMOB-3843,0.005385
TIMOB-3842,0.003945
TIMOB-3841,0.002217
TIMOB-3839,0.002981
TIMOB-3838,0.002149
TIMOB-3837,0.502441
TIMOB-3836,0.003765
TIMOB-3835,0.002323
TIMOB-3834,0.002323
TIMOB-3833,0.005385
TIMOB-3832,0.00365
TIMOB-3831,0.002183
TIMOB-3830,0.004682
TIMOB-3829,0.00236
TIMOB-3828,0.003483
TIMOB-3827,0.002287
TIMOB-3826,0.001839
TIMOB-3825,0.004755
TIMOB-3824,0.004134
TIMOB-3823,0.002397
TIMOB-3822,0.002632
TIMOB-3821,0.002323
TIMOB-3819,0.002981
TIMOB-3818,0.003028
TIMOB-3817,0.200401
TIMOB-3815,0.002551
TIMOB-3814,0.006098
TIMOB-3812,0.985271
TIMOB-3811,0.003377
TIMOB-3810,0.009634
TIMOB-3809,0.010091
TIMOB-3808,0.003884
TIMOB-3807,0.001927
TIMOB-3804,0.957278
TIMOB-3803,0.414425
TIMOB-3802,0.006693
TIMOB-3801,0.004682
TIMOB-3800,0.004905
TIMOB-3799,0.003324
TIMOB-3798,0.00461
TIMOB-3797,0.099121
TIMOB-3796,0.172172
TIMOB-3793,0.004755
TIMOB-3792,0.003273
TIMOB-3791,0.002116
TIMOB-3790,0.002083
TIMOB-3789,0.002935
TIMOB-3788,0.001988
TIMOB-3787,0.002632
TIMOB-3786,0.005642
TIMOB-3785,0.001988
TIMOB-3784,0.001701
TIMOB-3783,0.004134
TIMOB-3782,0.00236
TIMOB-3781,0.006798
TIMOB-3779,0.003124
TIMOB-3778,0.002591
TIMOB-3777,0.007012
TIMOB-3776,0.002252
TIMOB-3775,0.00407
TIMOB-3774,0.002473
TIMOB-3773,0.00289
TIMOB-3772,0.004399
TIMOB-3771,0.002715
TIMOB-3770,0.003075
TIMOB-3769,0.002758
TIMOB-3768,0.003124
TIMOB-3767,0.00629
TIMOB-3766,0.005469
TIMOB-3765,0.006388
TIMOB-3764,0.969785
TIMOB-3763,0.001988
TIMOB-3762,0.003538
TIMOB-3761,0.00582
TIMOB-3760,0.003765
TIMOB-3759,0.002981
TIMOB-3758,0.007012
TIMOB-3757,0.004399
TIMOB-3756,0.004399
TIMOB-3755,0.130729
TIMOB-3754,0.002715
TIMOB-3753,0.035411
TIMOB-3752,0.004332
TIMOB-3751,0.003594
TIMOB-3750,0.004538
TIMOB-3749,0.002019
TIMOB-3748,0.006193
TIMOB-3747,0.003707
TIMOB-3746,0.012528
TIMOB-3745,0.014392
TIMOB-3743,0.002673
TIMOB-3742,0.003594
TIMOB-3741,0.00514
TIMOB-3740,0.011869
TIMOB-3739,0.011961
TIMOB-3738,0.012336
TIMOB-3737,0.012241
TIMOB-3736,0.012147
TIMOB-3735,0.011869
TIMOB-3734,0.012723
TIMOB-3733,0.011869
TIMOB-3732,0.01142
TIMOB-3730,0.012241
TIMOB-3729,0.017442
TIMOB-3727,0.011597
TIMOB-3726,0.011687
TIMOB-3725,0.008062
TIMOB-3724,0.012054
TIMOB-3723,0.011961
TIMOB-3721,0.011508
TIMOB-3720,0.011597
TIMOB-3719,0.011869
TIMOB-3718,0.008252
TIMOB-3717,0.012432
TIMOB-3716,0.012054
TIMOB-3715,0.013428
TIMOB-3714,0.011869
TIMOB-3713,0.011869
TIMOB-3712,0.012821
TIMOB-3711,0.011508
TIMOB-3710,0.011778
TIMOB-3709,0.011869
TIMOB-3707,0.011508
TIMOB-3706,0.011687
TIMOB-3705,0.011508
TIMOB-3704,0.011508
TIMOB-3703,0.011778
TIMOB-3702,0.012336
TIMOB-3701,0.013325
TIMOB-3700,0.014064
TIMOB-3699,0.011245
TIMOB-3698,0.011597
TIMOB-3697,0.011961
TIMOB-3696,0.012147
TIMOB-3695,0.002935
TIMOB-3694,0.012625
TIMOB-3693,0.012241
TIMOB-3692,0.01292
TIMOB-3691,0.012625
TIMOB-3690,0.012336
TIMOB-3689,0.012336
TIMOB-3688,0.012625
TIMOB-3687,0.002473
TIMOB-3686,0.002845
TIMOB-3685,0.005302
TIMOB-3683,0.009413
TIMOB-3682,0.004199
TIMOB-3679,0.001839
TIMOB-3678,0.00236
TIMOB-3677,0.003222
TIMOB-3676,0.001988
TIMOB-3675,0.002434
TIMOB-3674,0.002551
TIMOB-3673,0.002397
TIMOB-3672,0.00407
TIMOB-3671,0.004265
TIMOB-3670,0.003028
TIMOB-3669,0.015664
TIMOB-3668,0.015664
TIMOB-3667,0.002845
TIMOB-3666,0.020332
TIMOB-3665,0.020332
TIMOB-3664,0.020332
TIMOB-3663,0.020332
TIMOB-3662,0.012625
TIMOB-3661,0.013428
TIMOB-3660,0.019871
TIMOB-3659,0.012625
TIMOB-3658,0.006098
TIMOB-3657,0.017177
TIMOB-3655,0.050705
TIMOB-3654,0.020964
TIMOB-3653,0.012528
TIMOB-3652,0.013532
TIMOB-3651,0.010014
TIMOB-3650,0.012241
TIMOB-3649,0.556882
TIMOB-3647,0.004199
TIMOB-3646,0.00506
TIMOB-3645,0.005911
TIMOB-3644,0.002323
TIMOB-3643,0.002981
TIMOB-3642,0.002801
TIMOB-3641,0.004905
TIMOB-3640,0.002511
TIMOB-3639,0.01017
TIMOB-3638,0.003028
TIMOB-3636,0.002217
TIMOB-3635,0.001927
TIMOB-3634,0.002149
TIMOB-3633,0.002801
TIMOB-3632,0.00461
TIMOB-3631,0.004982
TIMOB-3630,0.004199
TIMOB-3629,0.94079
TIMOB-3628,0.002591
TIMOB-3627,0.0538
TIMOB-3625,0.003483
TIMOB-3624,0.001927
TIMOB-3623,0.002981
TIMOB-3622,0.002287
TIMOB-3621,0.002252
TIMOB-3620,0.007577
TIMOB-3619,0.987179
TIMOB-3618,0.018547
TIMOB-3617,0.062103
TIMOB-3616,0.00573
TIMOB-3615,0.003538
TIMOB-3614,0.003765
TIMOB-3613,0.00407
TIMOB-3612,0.00365
TIMOB-3611,0.002673
TIMOB-3609,0.002051
TIMOB-3607,0.006904
TIMOB-3606,0.031144
TIMOB-3605,0.016657
TIMOB-3604,0.00365
TIMOB-3603,0.00365
TIMOB-3602,0.003324
TIMOB-3601,0.002801
TIMOB-3600,0.003324
TIMOB-3599,0.003173
TIMOB-3598,0.034881
TIMOB-3597,0.004468
TIMOB-3596,0.002935
TIMOB-3595,0.003483
TIMOB-3594,0.00289
TIMOB-3593,0.003028
TIMOB-3592,0.00522
TIMOB-3591,0.003222
TIMOB-3590,0.002758
TIMOB-3589,0.002149
TIMOB-3588,0.003124
TIMOB-3587,0.003173
TIMOB-3586,0.002715
TIMOB-3585,0.604632
TIMOB-3584,0.003884
TIMOB-3583,0.003222
TIMOB-3582,0.002511
TIMOB-3581,0.002801
TIMOB-3580,0.002397
TIMOB-3579,0.002981
TIMOB-3578,0.002511
TIMOB-3577,0.002323
TIMOB-3576,0.00236
TIMOB-3575,0.002673
TIMOB-3574,0.002801
TIMOB-3573,0.003483
TIMOB-3572,0.003273
TIMOB-3571,0.004199
TIMOB-3569,0.003028
TIMOB-3568,0.001674
TIMOB-3567,0.004134
TIMOB-3566,0.988492
TIMOB-3565,0.551574
TIMOB-3564,0.03138
TIMOB-3562,0.005642
TIMOB-3561,0.045353
TIMOB-3560,0.973844
TIMOB-3559,0.819316
TIMOB-3558,0.00506
TIMOB-3557,0.996406
TIMOB-3556,0.221182
TIMOB-3555,0.003483
TIMOB-3554,0.004265
TIMOB-3553,0.007696
TIMOB-3552,0.857291
TIMOB-3551,0.002323
TIMOB-3550,0.005555
TIMOB-3549,0.00461
TIMOB-3548,0.002473
TIMOB-3547,0.938124
TIMOB-3546,0.001957
TIMOB-3545,0.002217
TIMOB-3544,0.002981
TIMOB-3543,0.004755
TIMOB-3542,0.154567
TIMOB-3541,0.992654
TIMOB-3540,0.003324
TIMOB-3539,0.007696
TIMOB-3538,0.010249
TIMOB-3537,0.00236
TIMOB-3535,0.002323
TIMOB-3534,0.002935
TIMOB-3533,0.002551
TIMOB-3532,0.001988
TIMOB-3531,0.003273
TIMOB-3530,0.003222
TIMOB-3529,0.00514
TIMOB-3528,0.636127
TIMOB-3527,0.003483
TIMOB-3526,0.004538
TIMOB-3525,0.00407
TIMOB-3524,0.003594
TIMOB-3523,0.007346
TIMOB-3522,0.006098
TIMOB-3521,0.002252
TIMOB-3520,0.793106
TIMOB-3519,0.946597
TIMOB-3518,0.003824
TIMOB-3517,0.004982
TIMOB-3516,0.008062
TIMOB-3515,0.001868
TIMOB-3514,0.002981
TIMOB-3512,0.002252
TIMOB-3511,0.002473
TIMOB-3510,0.00522
TIMOB-3509,0.896614
TIMOB-3508,0.002801
TIMOB-3507,0.002473
TIMOB-3506,0.003273
TIMOB-3505,0.00483
TIMOB-3504,0.004755
TIMOB-3503,0.004265
TIMOB-3502,0.003483
TIMOB-3501,0.003028
TIMOB-3500,0.001782
TIMOB-3498,0.002801
TIMOB-3497,0.002981
TIMOB-3496,0.002473
TIMOB-3495,0.004982
TIMOB-3494,0.001701
TIMOB-3493,0.292393
TIMOB-3492,0.312632
TIMOB-3491,0.19163
TIMOB-3490,0.281406
TIMOB-3489,0.007346
TIMOB-3488,0.003124
TIMOB-3487,0.011508
TIMOB-3486,0.007461
TIMOB-3485,0.007577
TIMOB-3484,0.008577
TIMOB-3483,0.007577
TIMOB-3482,0.002845
TIMOB-3481,0.002801
TIMOB-3480,0.009559
TIMOB-3479,0.002845
TIMOB-3478,0.004399
TIMOB-3477,0.004538
TIMOB-3476,0.004468
TIMOB-3475,0.450359
TIMOB-3474,0.004007
TIMOB-3473,0.003273
TIMOB-3471,0.003273
TIMOB-3470,0.002149
TIMOB-3468,0.003538
TIMOB-3467,0.003124
TIMOB-3465,0.005302
TIMOB-3464,0.00365
TIMOB-3463,0.004468
TIMOB-3462,0.006098
TIMOB-3461,0.002287
TIMOB-3460,0.003824
TIMOB-3459,0.003124
TIMOB-3458,0.002551
TIMOB-3456,0.001988
TIMOB-3453,0.005911
TIMOB-3452,0.003222
TIMOB-3451,0.002591
TIMOB-3450,0.002397
TIMOB-3449,0.002511
TIMOB-3448,0.004007
TIMOB-3447,0.002511
TIMOB-3446,0.056236
TIMOB-3445,0.002801
TIMOB-3444,0.002252
TIMOB-3443,0.00407
TIMOB-3442,0.002632
TIMOB-3441,0.002051
TIMOB-3440,0.002473
TIMOB-3439,0.002673
TIMOB-3438,0.002473
TIMOB-3436,0.003945
TIMOB-3435,0.003945
TIMOB-3434,0.00289
TIMOB-3433,0.003538
TIMOB-3432,0.003483
TIMOB-3431,0.003173
TIMOB-3429,0.002591
TIMOB-3428,0.001701
TIMOB-3427,0.997199
TIMOB-3426,0.991289
TIMOB-3425,0.004265
TIMOB-3424,0.00236
TIMOB-3422,0.030215
TIMOB-3421,0.002551
TIMOB-3420,0.001988
TIMOB-3419,0.005302
TIMOB-3418,0.035948
TIMOB-3417,0.003707
TIMOB-3416,0.003075
TIMOB-3415,0.122104
TIMOB-3414,0.002551
TIMOB-3413,0.003824
TIMOB-3412,0.004265
TIMOB-3411,0.002511
TIMOB-3410,0.001988
TIMOB-3409,0.002019
TIMOB-3408,0.003483
TIMOB-3407,0.003075
TIMOB-3406,0.008446
TIMOB-3405,0.002632
TIMOB-3404,0.003075
TIMOB-3403,0.004982
TIMOB-3402,0.002473
TIMOB-3401,0.002397
TIMOB-3400,0.004134
TIMOB-3399,0.002935
TIMOB-3398,0.002551
TIMOB-3397,0.058132
TIMOB-3396,0.001839
TIMOB-3395,0.00514
TIMOB-3394,0.003124
TIMOB-3393,0.992184
TIMOB-3392,0.00522
TIMOB-3391,0.976847
TIMOB-3390,0.044681
TIMOB-3389,0.008711
TIMOB-3388,0.931463
TIMOB-3387,0.00181
TIMOB-3386,0.004682
TIMOB-3385,0.002673
TIMOB-3384,0.008062
TIMOB-3383,0.012336
TIMOB-3381,0.005385
TIMOB-3380,0.003707
TIMOB-3379,0.003707
TIMOB-3378,0.004199
TIMOB-3377,0.006193
TIMOB-3376,0.001868
TIMOB-3375,0.859192
TIMOB-3374,0.002801
TIMOB-3373,0.006004
TIMOB-3372,0.001897
TIMOB-3371,0.003945
TIMOB-3370,0.003884
TIMOB-3369,0.001897
TIMOB-3368,0.003765
TIMOB-3367,0.003824
TIMOB-3366,0.00365
TIMOB-3365,0.003324
TIMOB-3364,0.003707
TIMOB-3363,0.003707
TIMOB-3362,0.001927
TIMOB-3361,0.002511
TIMOB-3360,0.00343
TIMOB-3359,0.910227
TIMOB-3358,0.003884
TIMOB-3357,0.003377
TIMOB-3356,0.00365
TIMOB-3355,0.004468
TIMOB-3354,0.003028
TIMOB-3353,0.00289
TIMOB-3352,0.003273
TIMOB-3351,0.003707
TIMOB-3350,0.002287
TIMOB-3349,0.00461
TIMOB-3348,0.002434
TIMOB-3347,0.002473
TIMOB-3345,0.002845
TIMOB-3344,0.019419
TIMOB-3342,0.003824
TIMOB-3341,0.002551
TIMOB-3340,0.003173
TIMOB-3339,0.003594
TIMOB-3338,0.004905
TIMOB-3337,0.002051
TIMOB-3336,0.003028
TIMOB-3335,0.002801
TIMOB-3334,0.002287
TIMOB-3332,0.001927
TIMOB-3331,0.002511
TIMOB-3330,0.003173
TIMOB-3329,0.005469
TIMOB-3328,0.003075
TIMOB-3327,0.003765
TIMOB-3326,0.004007
TIMOB-3325,0.002183
TIMOB-3324,0.002981
TIMOB-3323,0.003945
TIMOB-3322,0.003945
TIMOB-3321,0.002051
TIMOB-3320,0.004199
TIMOB-3318,0.004755
TIMOB-3317,0.002845
TIMOB-3316,0.003483
TIMOB-3315,0.002511
TIMOB-3314,0.00514
TIMOB-3313,0.017712
TIMOB-3312,0.00483
TIMOB-3311,0.002397
TIMOB-3310,0.002801
TIMOB-3309,0.003273
TIMOB-3308,0.002323
TIMOB-3307,0.427277
TIMOB-3306,0.004682
TIMOB-3305,0.002116
TIMOB-3304,0.003222
TIMOB-3303,0.003222
TIMOB-3302,0.002473
TIMOB-3301,0.002673
TIMOB-3300,0.835484
TIMOB-3299,0.230227
TIMOB-3298,0.00483
TIMOB-3297,0.002715
TIMOB-3296,0.002149
TIMOB-3295,0.004755
TIMOB-3294,0.006388
TIMOB-3293,0.00582
TIMOB-3292,0.006693
TIMOB-3291,0.003173
TIMOB-3290,0.004905
TIMOB-3289,0.002287
TIMOB-3288,0.003765
TIMOB-3287,0.887205
TIMOB-3286,0.991289
TIMOB-3285,0.050894
TIMOB-3284,0.013325
TIMOB-3283,0.006004
TIMOB-3282,0.022286
TIMOB-3281,0.004905
TIMOB-3280,0.008252
TIMOB-3279,0.013223
TIMOB-3278,0.003273
TIMOB-3277,0.016657
TIMOB-3276,0.006388
TIMOB-3275,0.004755
TIMOB-3274,0.00236
TIMOB-3273,0.024238
TIMOB-3272,0.005469
TIMOB-3270,0.00236
TIMOB-3269,0.002632
TIMOB-3268,0.018833
TIMOB-3267,0.004134
TIMOB-3266,0.002801
TIMOB-3265,0.008252
TIMOB-3264,0.083292
TIMOB-3262,0.003222
TIMOB-3261,0.004199
TIMOB-3260,0.984927
TIMOB-3259,0.749637
TIMOB-3258,0.995245
TIMOB-3257,0.003884
TIMOB-3256,0.002935
TIMOB-3255,0.986777
TIMOB-3254,0.002981
TIMOB-3253,0.002287
TIMOB-3251,0.95222
TIMOB-3250,0.003222
TIMOB-3249,0.004982
TIMOB-3248,0.715623
TIMOB-3247,0.003538
TIMOB-3246,0.004199
TIMOB-3245,0.005642
TIMOB-3244,0.007636
TIMOB-3243,0.003075
TIMOB-3242,0.002252
TIMOB-3241,0.002758
TIMOB-3240,0.004468
TIMOB-3239,0.002715
TIMOB-3238,0.003324
TIMOB-3237,0.001927
TIMOB-3236,0.002183
TIMOB-3235,0.002801
TIMOB-3234,0.002397
TIMOB-3233,0.005302
TIMOB-3231,0.002551
TIMOB-3230,0.002149
TIMOB-3229,0.002287
TIMOB-3228,0.002217
TIMOB-3227,0.001957
TIMOB-3226,0.002673
TIMOB-3225,0.003377
TIMOB-3224,0.002758
TIMOB-3223,0.028221
TIMOB-3222,0.003028
TIMOB-3221,0.003765
TIMOB-3220,0.00573
TIMOB-3219,0.002511
TIMOB-3218,0.001927
TIMOB-3217,0.004682
TIMOB-3216,0.024988
TIMOB-3215,0.002183
TIMOB-3214,0.00365
TIMOB-3213,0.010328
TIMOB-3212,0.00573
TIMOB-3211,0.002591
TIMOB-3210,0.068787
TIMOB-3209,0.00343
TIMOB-3208,0.006388
TIMOB-3207,0.995462
TIMOB-3206,0.00483
TIMOB-3205,0.003538
TIMOB-3204,0.004134
TIMOB-3203,0.002287
TIMOB-3202,0.001988
TIMOB-3201,0.002673
TIMOB-3200,0.989986
TIMOB-3199,0.991153
TIMOB-3198,0.014172
TIMOB-3196,0.002473
TIMOB-3195,0.002591
TIMOB-3194,0.004134
TIMOB-3193,0.003124
TIMOB-3192,0.003273
TIMOB-3191,0.109325
TIMOB-3190,0.009197
TIMOB-3189,0.016029
TIMOB-3188,0.008188
TIMOB-3187,0.001701
TIMOB-3186,0.008644
TIMOB-3185,0.002323
TIMOB-3184,0.003173
TIMOB-3183,0.003028
TIMOB-3182,0.492676
TIMOB-3181,0.009126
TIMOB-3180,0.00407
TIMOB-3179,0.200245
TIMOB-3178,0.001897
TIMOB-3177,0.077797
TIMOB-3176,0.003765
TIMOB-3175,0.003377
TIMOB-3174,0.016277
TIMOB-3173,0.010653
TIMOB-3172,0.00514
TIMOB-3171,0.095687
TIMOB-3170,0.002758
TIMOB-3169,0.988131
TIMOB-3168,0.003324
TIMOB-3167,0.002183
TIMOB-3166,0.003594
TIMOB-3165,0.002116
TIMOB-3164,0.025179
TIMOB-3163,0.993512
TIMOB-3162,0.003707
TIMOB-3161,0.122104
TIMOB-3160,0.00365
TIMOB-3159,0.003222
TIMOB-3158,0.003324
TIMOB-3157,0.002252
TIMOB-3156,0.002715
TIMOB-3155,0.012054
TIMOB-3154,0.001988
TIMOB-3153,0.002511
TIMOB-3152,0.002511
TIMOB-3151,0.266262
TIMOB-3150,0.027585
TIMOB-3149,0.004468
TIMOB-3148,0.004199
TIMOB-3147,0.004682
TIMOB-3146,0.002397
TIMOB-3145,0.003945
TIMOB-3144,0.006798
TIMOB-3143,0.002551
TIMOB-3142,0.003884
TIMOB-3141,0.0341
TIMOB-3140,0.837088
TIMOB-3139,0.003273
TIMOB-3138,0.003945
TIMOB-3137,0.026156
TIMOB-3136,0.006004
TIMOB-3135,0.195902
TIMOB-3134,0.003707
TIMOB-3133,0.002551
TIMOB-3132,0.004468
TIMOB-3131,0.00343
TIMOB-3130,0.988842
TIMOB-3129,0.072112
TIMOB-3128,0.003483
TIMOB-3127,0.003028
TIMOB-3125,0.00289
TIMOB-3124,0.003324
TIMOB-3123,0.003377
TIMOB-3122,0.003483
TIMOB-3121,0.002632
TIMOB-3120,0.104477
TIMOB-3119,0.004007
TIMOB-3118,0.00522
TIMOB-3117,0.006004
TIMOB-3116,0.004468
TIMOB-3115,0.793106
TIMOB-3114,0.002845
TIMOB-3113,0.002511
TIMOB-3112,0.005302
TIMOB-3111,0.003273
TIMOB-3110,0.939913
TIMOB-3109,0.003538
TIMOB-3108,0.003377
TIMOB-3107,0.765243
TIMOB-3106,0.00365
TIMOB-3105,0.002673
TIMOB-3104,0.002981
TIMOB-3103,0.003945
TIMOB-3102,0.001957
TIMOB-3101,0.004199
TIMOB-3100,0.044681
TIMOB-3099,0.004199
TIMOB-3098,0.003173
TIMOB-3097,0.002217
TIMOB-3096,0.003377
TIMOB-3095,0.004468
TIMOB-3094,0.003594
TIMOB-3093,0.003324
TIMOB-3091,0.00522
TIMOB-3090,0.112795
TIMOB-3089,0.002981
TIMOB-3088,0.036769
TIMOB-3087,0.003075
TIMOB-3086,0.004468
TIMOB-3085,0.002183
TIMOB-3084,0.00483
TIMOB-3083,0.004682
TIMOB-3082,0.003222
TIMOB-3081,0.002801
TIMOB-3080,0.005302
TIMOB-3079,0.002715
TIMOB-3078,0.005911
TIMOB-3077,0.003273
TIMOB-3076,0.278649
TIMOB-3075,0.117167
TIMOB-3074,0.002632
TIMOB-3073,0.00343
TIMOB-3072,0.003765
TIMOB-3071,0.002845
TIMOB-3070,0.006193
TIMOB-3069,0.427516
TIMOB-3068,0.003222
TIMOB-3067,0.002591
TIMOB-3066,0.00289
TIMOB-3065,0.002511
TIMOB-3064,0.003945
TIMOB-3063,0.00365
TIMOB-3062,0.002801
TIMOB-3060,0.002397
TIMOB-3059,0.081228
TIMOB-3058,0.006004
TIMOB-3057,0.00506
TIMOB-3056,0.002019
TIMOB-3055,0.002935
TIMOB-3054,0.003324
TIMOB-3053,0.00365
TIMOB-3052,0.007577
TIMOB-3051,0.003075
TIMOB-3050,0.00629
TIMOB-3049,0.00289
TIMOB-3048,0.002935
TIMOB-3047,0.002801
TIMOB-3046,0.00289
TIMOB-3045,0.00236
TIMOB-3044,0.001988
TIMOB-3043,0.004199
TIMOB-3042,0.002758
TIMOB-3040,0.008985
TIMOB-3039,0.00289
TIMOB-3038,0.001782
TIMOB-3037,0.002935
TIMOB-3036,0.008062
TIMOB-3035,0.990292
TIMOB-3034,0.035411
TIMOB-3033,0.002591
TIMOB-3032,0.004682
TIMOB-3031,0.07477
TIMOB-3030,0.002673
TIMOB-3029,0.003173
TIMOB-3028,0.002935
TIMOB-3027,0.002591
TIMOB-3026,0.003222
TIMOB-3025,0.00461
TIMOB-3024,0.002434
TIMOB-3023,0.003075
TIMOB-3022,0.002149
TIMOB-3021,0.004468
TIMOB-3020,0.002116
TIMOB-3019,0.001927
TIMOB-3018,0.00573
TIMOB-3017,0.002551
TIMOB-3016,0.004905
TIMOB-3015,0.00343
TIMOB-3014,0.00483
TIMOB-3013,0.004199
TIMOB-3012,0.003824
TIMOB-3011,0.003824
TIMOB-3010,0.045016
TIMOB-3009,0.002551
TIMOB-3008,0.004538
TIMOB-3007,0.003075
TIMOB-3006,0.002758
TIMOB-3005,0.002801
TIMOB-3004,0.004682
TIMOB-3003,0.002673
TIMOB-3002,0.002083
TIMOB-3001,0.083591
TIMOB-2999,0.830869
TIMOB-2998,0.002051
TIMOB-2997,0.00343
TIMOB-2996,0.002801
TIMOB-2995,0.003124
TIMOB-2994,0.017849
TIMOB-2993,0.002397
TIMOB-2992,0.003173
TIMOB-2991,0.002981
TIMOB-2990,0.003594
TIMOB-2989,0.00514
TIMOB-2988,0.00522
TIMOB-2987,0.00343
TIMOB-2986,0.002323
TIMOB-2985,0.001897
TIMOB-2984,0.004682
TIMOB-2983,0.00289
TIMOB-2982,0.003273
TIMOB-2981,0.00289
TIMOB-2980,0.002715
TIMOB-2979,0.002673
TIMOB-2978,0.116362
TIMOB-2977,0.002632
TIMOB-2976,0.029091
TIMOB-2975,0.095349
TIMOB-2974,0.002511
TIMOB-2973,0.006098
TIMOB-2972,0.002019
TIMOB-2971,0.003824
TIMOB-2970,0.003538
TIMOB-2969,0.006693
TIMOB-2968,0.002758
TIMOB-2967,0.002935
TIMOB-2966,0.001897
TIMOB-2965,0.006488
TIMOB-2963,0.00483
TIMOB-2962,0.004265
TIMOB-2961,0.003824
TIMOB-2959,0.001868
TIMOB-2958,0.002715
TIMOB-2957,0.750918
TIMOB-2956,0.002252
TIMOB-2955,0.00343
TIMOB-2954,0.136148
TIMOB-2953,0.741487
TIMOB-2952,0.002673
TIMOB-2951,0.030909
TIMOB-2950,0.989182
TIMOB-2949,0.002434
TIMOB-2948,0.004332
TIMOB-2946,0.002252
TIMOB-2945,0.003884
TIMOB-2944,0.002715
TIMOB-2943,0.003028
TIMOB-2942,0.002252
TIMOB-2941,0.005642
TIMOB-2940,0.002149
TIMOB-2939,0.003765
TIMOB-2938,0.004265
TIMOB-2937,0.00365
TIMOB-2936,0.002845
TIMOB-2935,0.004134
TIMOB-2934,0.002673
TIMOB-2933,0.003945
TIMOB-2932,0.002083
TIMOB-2931,0.041774
TIMOB-2930,0.003377
TIMOB-2929,0.001957
TIMOB-2928,0.009413
TIMOB-2927,0.004538
TIMOB-2926,0.004905
TIMOB-2925,0.002473
TIMOB-2924,0.004399
TIMOB-2923,0.003824
TIMOB-2922,0.005302
TIMOB-2921,0.004905
TIMOB-2920,0.002511
TIMOB-2919,0.003884
TIMOB-2918,0.002981
TIMOB-2917,0.92944
TIMOB-2916,0.013956
TIMOB-2915,0.004134
TIMOB-2914,0.002673
TIMOB-2913,0.003945
TIMOB-2912,0.002287
TIMOB-2911,0.188623
TIMOB-2910,0.004134
TIMOB-2909,0.991422
TIMOB-2908,0.005911
TIMOB-2907,0.002758
TIMOB-2906,0.003538
TIMOB-2905,0.003884
TIMOB-2904,0.003273
TIMOB-2903,0.001927
TIMOB-2902,0.004007
TIMOB-2901,0.003173
TIMOB-2900,0.00934
TIMOB-2899,0.002758
TIMOB-2898,0.002083
TIMOB-2897,0.00289
TIMOB-2896,0.002397
TIMOB-2895,0.004682
TIMOB-2894,0.161585
TIMOB-2893,0.00343
TIMOB-2892,0.00289
TIMOB-2891,0.003028
TIMOB-2890,0.011245
TIMOB-2889,0.002287
TIMOB-2888,0.002935
TIMOB-2887,0.001839
TIMOB-2886,0.003222
TIMOB-2885,0.002935
TIMOB-2884,0.005385
TIMOB-2883,0.002981
TIMOB-2881,0.002758
TIMOB-2880,0.001648
TIMOB-2879,0.002149
TIMOB-2878,0.002019
TIMOB-2877,0.002397
TIMOB-2876,0.006798
TIMOB-2875,0.004682
TIMOB-2874,0.677991
TIMOB-2873,0.200871
TIMOB-2872,0.029091
TIMOB-2871,0.003028
TIMOB-2870,0.002434
TIMOB-2869,0.002116
TIMOB-2868,0.002801
TIMOB-2867,0.00365
TIMOB-2866,0.002591
TIMOB-2865,0.002083
TIMOB-2864,0.002287
TIMOB-2863,0.003222
TIMOB-2862,0.004332
TIMOB-2861,0.003028
TIMOB-2860,0.003594
TIMOB-2859,0.002511
TIMOB-2858,0.002149
TIMOB-2857,0.003765
TIMOB-2856,0.003273
TIMOB-2855,0.007577
TIMOB-2854,0.087876
TIMOB-2853,0.003594
TIMOB-2852,0.003945
TIMOB-2851,0.00365
TIMOB-2850,0.00514
TIMOB-2849,0.004982
TIMOB-2848,0.901227
TIMOB-2847,0.970688
TIMOB-2846,0.984575
TIMOB-2845,0.004265
TIMOB-2844,0.017442
TIMOB-2843,0.00365
TIMOB-2842,0.009413
TIMOB-2841,0.003124
TIMOB-2840,0.004199
TIMOB-2839,0.00181
TIMOB-2838,0.003222
TIMOB-2837,0.002591
TIMOB-2836,0.08819
TIMOB-2835,0.872347
TIMOB-2834,0.001839
TIMOB-2833,0.002397
TIMOB-2832,0.06165
TIMOB-2830,0.026156
TIMOB-2828,0.002323
TIMOB-2827,0.028871
TIMOB-2826,0.002551
TIMOB-2825,0.007696
TIMOB-2824,0.562417
TIMOB-2823,0.003594
TIMOB-2822,0.00343
TIMOB-2820,0.019871
TIMOB-2819,0.003075
TIMOB-2818,0.00289
TIMOB-2817,0.596786
TIMOB-2816,0.003377
TIMOB-2814,0.002801
TIMOB-2813,0.00289
TIMOB-2812,0.003707
TIMOB-2811,0.004134
TIMOB-2810,0.002511
TIMOB-2809,0.004399
TIMOB-2808,0.90599
TIMOB-2807,0.003324
TIMOB-2806,0.003945
TIMOB-2805,0.002551
TIMOB-2804,0.003483
TIMOB-2802,0.002397
TIMOB-2801,0.004199
TIMOB-2800,0.002051
TIMOB-2799,0.002758
TIMOB-2798,0.004468
TIMOB-2797,0.003377
TIMOB-2796,0.002715
TIMOB-2795,0.002217
TIMOB-2794,0.003824
TIMOB-2793,0.004682
TIMOB-2792,0.004682
TIMOB-2791,0.002397
TIMOB-2790,0.003124
TIMOB-2789,0.828939
TIMOB-2788,0.002116
TIMOB-2787,0.002019
TIMOB-2786,0.001897
TIMOB-2785,0.004468
TIMOB-2784,0.004538
TIMOB-2783,0.90764
TIMOB-2782,0.993612
TIMOB-2781,0.003483
TIMOB-2780,0.003222
TIMOB-2779,0.004007
TIMOB-2778,0.016403
TIMOB-2777,0.006193
TIMOB-2776,0.003173
TIMOB-2774,0.032837
TIMOB-2772,0.002591
TIMOB-2771,0.002981
TIMOB-2770,0.003884
TIMOB-2769,0.003945
TIMOB-2768,0.002434
TIMOB-2767,0.004265
TIMOB-2766,0.002397
TIMOB-2765,0.004007
TIMOB-2764,0.00407
TIMOB-2763,0.002715
TIMOB-2762,0.003273
TIMOB-2761,0.140336
TIMOB-2760,0.006488
TIMOB-2759,0.003173
TIMOB-2758,0.002758
TIMOB-2757,0.004199
TIMOB-2756,0.007012
TIMOB-2755,0.002051
TIMOB-2754,0.006798
TIMOB-2753,0.988842
TIMOB-2752,0.982423
TIMOB-2751,0.002473
TIMOB-2750,0.001957
TIMOB-2749,0.002632
TIMOB-2748,0.002217
TIMOB-2747,0.003707
TIMOB-2746,0.002083
TIMOB-2745,0.002051
TIMOB-2744,0.002434
TIMOB-2743,0.00289
TIMOB-2742,0.001839
TIMOB-2741,0.002287
TIMOB-2740,0.002323
TIMOB-2739,0.00582
TIMOB-2738,0.005555
TIMOB-2737,0.002051
TIMOB-2736,0.00289
TIMOB-2735,0.002845
TIMOB-2734,0.002183
TIMOB-2733,0.004199
TIMOB-2732,0.003884
TIMOB-2731,0.002801
TIMOB-2730,0.002632
TIMOB-2729,0.004199
TIMOB-2728,0.003075
TIMOB-2727,0.002434
TIMOB-2726,0.00461
TIMOB-2725,0.00407
TIMOB-2724,0.003884
TIMOB-2723,0.856332
TIMOB-2722,0.003594
TIMOB-2721,0.422743
TIMOB-2720,0.003884
TIMOB-2719,0.004399
TIMOB-2718,0.002715
TIMOB-2717,0.002183
TIMOB-2716,0.004982
TIMOB-2715,0.00582
TIMOB-2714,0.002801
TIMOB-2713,0.002935
TIMOB-2712,0.002183
TIMOB-2711,0.001674
TIMOB-2710,0.003273
TIMOB-2709,0.003273
TIMOB-2708,0.00522
TIMOB-2707,0.004905
TIMOB-2706,0.003377
TIMOB-2705,0.00343
TIMOB-2704,0.00582
TIMOB-2703,0.57081
TIMOB-2702,0.005385
TIMOB-2701,0.003765
TIMOB-2700,0.028436
TIMOB-2698,0.154058
TIMOB-2697,0.004265
TIMOB-2696,0.003538
TIMOB-2695,0.002149
TIMOB-2694,0.004468
TIMOB-2693,0.018689
TIMOB-2692,0.002935
TIMOB-2691,0.002845
TIMOB-2690,0.004134
TIMOB-2689,0.235108
TIMOB-2688,0.00514
TIMOB-2687,0.003824
TIMOB-2686,0.004682
TIMOB-2685,0.003222
TIMOB-2684,0.00343
TIMOB-2683,0.003273
TIMOB-2682,0.006798
TIMOB-2681,0.003594
TIMOB-2680,0.002935
TIMOB-2679,0.006488
TIMOB-2678,0.004007
TIMOB-2677,0.002758
TIMOB-2676,0.006004
TIMOB-2675,0.004982
TIMOB-2674,0.00629
TIMOB-2673,0.002217
TIMOB-2671,0.00483
TIMOB-2670,0.002632
TIMOB-2669,0.004468
TIMOB-2668,0.003594
TIMOB-2667,0.003884
TIMOB-2666,0.00483
TIMOB-2665,0.002323
TIMOB-2664,0.00343
TIMOB-2663,0.002591
TIMOB-2662,0.005385
TIMOB-2661,0.005385
TIMOB-2660,0.002397
TIMOB-2659,0.003594
TIMOB-2658,0.004905
TIMOB-2657,0.00461
TIMOB-2656,0.003324
TIMOB-2655,0.003222
TIMOB-2654,0.004682
TIMOB-2653,0.00365
TIMOB-2652,0.002252
TIMOB-2651,0.002715
TIMOB-2650,0.00365
TIMOB-2649,0.005469
TIMOB-2648,0.002715
TIMOB-2647,0.003124
TIMOB-2646,0.99517
TIMOB-2645,0.002591
TIMOB-2644,0.004265
TIMOB-2643,0.002323
TIMOB-2642,0.004199
TIMOB-2641,0.003707
TIMOB-2640,0.002149
TIMOB-2639,0.002981
TIMOB-2638,0.003594
TIMOB-2637,0.003075
TIMOB-2636,0.003483
TIMOB-2635,0.001927
TIMOB-2634,0.003124
TIMOB-2633,0.002591
TIMOB-2632,0.542863
TIMOB-2631,0.007636
TIMOB-2630,0.004982
TIMOB-2629,0.002758
TIMOB-2628,0.002149
TIMOB-2627,0.00343
TIMOB-2626,0.00343
TIMOB-2625,0.00289
TIMOB-2623,0.003273
TIMOB-2622,0.078078
TIMOB-2621,0.004982
TIMOB-2619,0.004332
TIMOB-2618,0.002715
TIMOB-2617,0.979511
TIMOB-2616,0.007696
TIMOB-2615,0.00365
TIMOB-2614,0.003028
TIMOB-2613,0.003173
TIMOB-2612,0.002551
TIMOB-2611,0.020332
TIMOB-2610,0.011961
TIMOB-2609,0.003173
TIMOB-2608,0.002323
TIMOB-2607,0.004755
TIMOB-2606,0.002252
TIMOB-2605,0.00483
TIMOB-2604,0.018405
TIMOB-2603,0.004682
TIMOB-2602,0.002551
TIMOB-2601,0.00573
TIMOB-2600,0.002397
TIMOB-2599,0.003824
TIMOB-2598,0.00236
TIMOB-2597,0.00573
TIMOB-2596,0.779322
TIMOB-2595,0.023153
TIMOB-2594,0.003377
TIMOB-2593,0.002632
TIMOB-2592,0.00522
TIMOB-2591,0.004134
TIMOB-2590,0.004755
TIMOB-2589,0.015306
TIMOB-2588,0.004332
TIMOB-2587,0.214034
TIMOB-2586,0.003483
TIMOB-2585,0.00461
TIMOB-2584,0.00522
TIMOB-2583,0.004755
TIMOB-2582,0.003538
TIMOB-2581,0.002051
TIMOB-2580,0.002935
TIMOB-2579,0.002434
TIMOB-2578,0.002673
TIMOB-2577,0.002217
TIMOB-2576,0.037609
TIMOB-2575,0.030215
TIMOB-2574,0.035679
TIMOB-2573,0.004905
TIMOB-2572,0.002801
TIMOB-2571,0.991015
TIMOB-2570,0.004007
TIMOB-2569,0.032837
TIMOB-2568,0.004199
TIMOB-2567,0.003538
TIMOB-2566,0.002511
TIMOB-2565,0.003945
TIMOB-2564,0.105948
TIMOB-2563,0.003124
TIMOB-2562,0.004468
TIMOB-2561,0.00522
TIMOB-2560,0.004332
TIMOB-2559,0.002591
TIMOB-2558,0.002434
TIMOB-2557,0.002511
TIMOB-2556,0.972204
TIMOB-2555,0.00365
TIMOB-2554,0.006193
TIMOB-2553,0.190122
TIMOB-2552,0.002511
TIMOB-2551,0.003222
TIMOB-2550,0.003594
TIMOB-2549,0.025761
TIMOB-2548,0.003884
TIMOB-2547,0.003173
TIMOB-2546,0.003945
TIMOB-2545,0.002935
TIMOB-2544,0.002845
TIMOB-2543,0.003594
TIMOB-2542,0.003538
TIMOB-2541,0.003594
TIMOB-2540,0.023871
TIMOB-2538,0.002801
TIMOB-2537,0.00289
TIMOB-2536,0.494141
TIMOB-2535,0.008916
TIMOB-2534,0.002673
TIMOB-2533,0.002981
TIMOB-2532,0.002673
TIMOB-2531,0.002217
TIMOB-2530,0.003075
TIMOB-2529,0.002217
TIMOB-2528,0.006004
TIMOB-2527,0.004332
TIMOB-2526,0.029091
TIMOB-2525,0.003594
TIMOB-2524,0.002116
TIMOB-2523,0.002217
TIMOB-2522,0.00506
TIMOB-2521,0.002715
TIMOB-2520,0.002551
TIMOB-2519,0.003483
TIMOB-2518,0.002935
TIMOB-2517,0.001957
TIMOB-2516,0.004755
TIMOB-2515,0.006798
TIMOB-2514,0.028871
TIMOB-2513,0.002252
TIMOB-2512,0.002758
TIMOB-2511,0.4206
TIMOB-2510,0.01057
TIMOB-2509,0.005911
TIMOB-2508,0.002715
TIMOB-2507,0.012821
TIMOB-2506,0.041462
TIMOB-2505,0.008711
TIMOB-2504,0.002149
TIMOB-2503,0.045692
TIMOB-2502,0.003594
TIMOB-2501,0.00343
TIMOB-2500,0.287768
TIMOB-2499,0.933431
TIMOB-2497,0.002473
TIMOB-2496,0.004332
TIMOB-2495,0.005385
TIMOB-2494,0.002323
TIMOB-2493,0.927363
TIMOB-2492,0.002801
TIMOB-2491,0.002845
TIMOB-2490,0.002591
TIMOB-2489,0.002935
TIMOB-2488,0.006488
TIMOB-2487,0.983971
TIMOB-2486,0.003273
TIMOB-2484,0.002083
TIMOB-2483,0.004134
TIMOB-2482,0.002845
TIMOB-2481,0.003707
TIMOB-2480,0.003765
TIMOB-2479,0.928409
TIMOB-2478,0.984215
TIMOB-2477,0.003075
TIMOB-2476,0.02976
TIMOB-2475,0.002149
TIMOB-2474,0.00289
TIMOB-2473,0.006693
TIMOB-2472,0.002397
TIMOB-2471,0.002323
TIMOB-2470,0.010328
TIMOB-2469,0.002673
TIMOB-2468,0.003173
TIMOB-2467,0.003594
TIMOB-2466,0.002551
TIMOB-2465,0.002981
TIMOB-2464,0.002217
TIMOB-2463,0.004755
TIMOB-2462,0.002397
TIMOB-2461,0.002252
TIMOB-2460,0.006798
TIMOB-2459,0.004007
TIMOB-2458,0.002434
TIMOB-2457,0.001782
TIMOB-2456,0.00365
TIMOB-2455,0.002551
TIMOB-2454,0.003594
TIMOB-2453,0.002511
TIMOB-2452,0.003124
TIMOB-2451,0.004199
TIMOB-2450,0.003028
TIMOB-2449,0.001988
TIMOB-2448,0.00343
TIMOB-2447,0.002083
TIMOB-2446,0.007877
TIMOB-2445,0.003173
TIMOB-2444,0.113973
TIMOB-2443,0.003028
TIMOB-2442,0.002051
TIMOB-2441,0.027585
TIMOB-2440,0.003324
TIMOB-2439,0.002935
TIMOB-2438,0.003538
TIMOB-2437,0.00514
TIMOB-2436,0.003124
TIMOB-2435,0.004468
TIMOB-2434,0.00582
TIMOB-2433,0.003483
TIMOB-2432,0.002801
TIMOB-2431,0.002434
TIMOB-2430,0.002323
TIMOB-2429,0.003707
TIMOB-2428,0.002511
TIMOB-2427,0.003324
TIMOB-2426,0.00289
TIMOB-2425,0.002801
TIMOB-2424,0.00236
TIMOB-2423,0.001623
TIMOB-2422,0.064183
TIMOB-2421,0.002217
TIMOB-2420,0.003075
TIMOB-2419,0.00289
TIMOB-2418,0.003884
TIMOB-2417,0.002715
TIMOB-2416,0.003222
TIMOB-2415,0.002935
TIMOB-2414,0.003483
TIMOB-2413,0.003884
TIMOB-2412,0.001988
TIMOB-2411,0.003222
TIMOB-2410,0.76207
TIMOB-2409,0.844409
TIMOB-2408,0.002801
TIMOB-2407,0.002051
TIMOB-2406,0.002287
TIMOB-2405,0.002019
TIMOB-2404,0.002758
TIMOB-2403,0.00365
TIMOB-2402,0.004399
TIMOB-2401,0.92523
TIMOB-2400,0.006004
TIMOB-2399,0.003028
TIMOB-2398,0.003075
TIMOB-2397,0.957278
TIMOB-2396,0.002183
TIMOB-2395,0.004199
TIMOB-2394,0.002434
TIMOB-2393,0.002935
TIMOB-2392,0.006193
TIMOB-2391,0.003324
TIMOB-2390,0.002845
TIMOB-2389,0.701509
TIMOB-2388,0.002758
TIMOB-2387,0.002758
TIMOB-2386,0.006798
TIMOB-2385,0.003707
TIMOB-2384,0.003483
TIMOB-2383,0.004982
TIMOB-2382,0.013849
TIMOB-2381,0.002981
TIMOB-2380,0.002051
TIMOB-2379,0.002116
TIMOB-2378,0.002845
TIMOB-2377,0.002758
TIMOB-2376,0.002758
TIMOB-2375,0.02461
TIMOB-2374,0.773559
TIMOB-2373,0.00365
TIMOB-2372,0.002051
TIMOB-2371,0.149035
TIMOB-2370,0.002434
TIMOB-2369,0.00483
TIMOB-2368,0.002981
TIMOB-2367,0.983971
TIMOB-2366,0.783988
TIMOB-2365,0.115162
TIMOB-2364,0.980876
TIMOB-2363,0.955319
TIMOB-2362,0.004682
TIMOB-2361,0.002801
TIMOB-2360,0.198375
TIMOB-2359,0.002981
TIMOB-2357,0.009936
TIMOB-2356,0.004538
TIMOB-2355,0.002511
TIMOB-2354,0.002116
TIMOB-2353,0.002323
TIMOB-2352,0.004468
TIMOB-2351,0.002845
TIMOB-2350,0.002434
TIMOB-2349,0.003124
TIMOB-2348,0.001868
TIMOB-2347,0.003124
TIMOB-2346,0.002673
TIMOB-2345,0.001927
TIMOB-2344,0.003028
TIMOB-2343,0.002801
TIMOB-2342,0.002632
TIMOB-2341,0.004199
TIMOB-2340,0.005385
TIMOB-2339,0.00522
TIMOB-2338,0.003594
TIMOB-2337,0.002801
TIMOB-2336,0.00365
TIMOB-2335,0.00461
TIMOB-2334,0.002116
TIMOB-2333,0.007816
TIMOB-2332,0.002051
TIMOB-2331,0.008511
TIMOB-2330,0.352759
TIMOB-2329,0.003124
TIMOB-2328,0.003824
TIMOB-2327,0.009784
TIMOB-2326,0.002981
TIMOB-2325,0.003377
TIMOB-2324,0.002673
TIMOB-2323,0.004332
TIMOB-2322,0.003124
TIMOB-2321,0.003324
TIMOB-2320,0.00629
TIMOB-2319,0.00407
TIMOB-2318,0.004007
TIMOB-2317,0.00343
TIMOB-2316,0.001897
TIMOB-2315,0.003945
TIMOB-2314,0.003765
TIMOB-2313,0.004399
TIMOB-2312,0.003028
TIMOB-2311,0.002217
TIMOB-2310,0.00365
TIMOB-2309,0.002591
TIMOB-2308,0.002632
TIMOB-2307,0.004265
TIMOB-2306,0.004199
TIMOB-2305,0.005911
TIMOB-2304,0.002632
TIMOB-2303,0.00986
TIMOB-2302,0.003028
TIMOB-2301,0.551815
TIMOB-2300,0.019419
TIMOB-2299,0.006004
TIMOB-2298,0.981167
TIMOB-2297,0.003884
TIMOB-2296,0.006004
TIMOB-2295,0.002551
TIMOB-2294,0.003324
TIMOB-2293,0.00236
TIMOB-2292,0.00289
TIMOB-2291,0.005385
TIMOB-2290,0.003884
TIMOB-2289,0.010653
TIMOB-2288,0.004538
TIMOB-2287,0.005302
TIMOB-2286,0.020023
TIMOB-2285,0.014172
TIMOB-2284,0.004399
TIMOB-2283,0.051083
TIMOB-2282,0.002183
TIMOB-2281,0.005469
TIMOB-2280,0.003884
TIMOB-2279,0.987375
TIMOB-2278,0.013325
TIMOB-2277,0.020332
TIMOB-2276,0.953622
TIMOB-2275,0.957596
TIMOB-2273,0.041153
TIMOB-2272,0.027585
TIMOB-2271,0.118385
TIMOB-2270,0.017849
TIMOB-2269,0.002323
TIMOB-2268,0.003028
TIMOB-2267,0.003324
TIMOB-2266,0.002801
TIMOB-2265,0.002323
TIMOB-2264,0.00514
TIMOB-2263,0.00506
TIMOB-2262,0.002252
TIMOB-2261,0.00289
TIMOB-2260,0.012147
TIMOB-2259,0.005469
TIMOB-2258,0.007233
TIMOB-2257,0.004682
TIMOB-2256,0.002116
TIMOB-2255,0.003324
TIMOB-2254,0.992423
TIMOB-2253,0.006693
TIMOB-2252,0.002758
TIMOB-2251,0.003075
TIMOB-2250,0.00629
TIMOB-2249,0.001897
TIMOB-2248,0.00343
TIMOB-2247,0.002323
TIMOB-2246,0.002083
TIMOB-2245,0.003824
TIMOB-2244,0.003222
TIMOB-2243,0.002183
TIMOB-2242,0.003594
TIMOB-2241,0.00365
TIMOB-2240,0.002397
TIMOB-2239,0.002434
TIMOB-2238,0.981736
TIMOB-2237,0.004007
TIMOB-2236,0.003945
TIMOB-2235,0.003075
TIMOB-2234,0.003377
TIMOB-2233,0.987946
TIMOB-2232,0.00343
TIMOB-2231,0.956309
TIMOB-2230,0.00365
TIMOB-2229,0.002252
TIMOB-2228,0.002845
TIMOB-2227,0.00181
TIMOB-2226,0.002551
TIMOB-2225,0.002287
TIMOB-2224,0.001782
TIMOB-2223,0.00407
TIMOB-2222,0.00236
TIMOB-2221,0.00522
TIMOB-2220,0.003765
TIMOB-2219,0.002434
TIMOB-2218,0.001927
TIMOB-2217,0.960361
TIMOB-2215,0.002981
TIMOB-2214,0.008125
TIMOB-2213,0.001988
TIMOB-2212,0.002083
TIMOB-2211,0.005469
TIMOB-2210,0.004538
TIMOB-2209,0.012054
TIMOB-2208,0.002051
TIMOB-2207,0.00522
TIMOB-2206,0.004468
TIMOB-2205,0.003124
TIMOB-2204,0.003173
TIMOB-2203,0.030444
TIMOB-2202,0.004538
TIMOB-2201,0.087564
TIMOB-2200,0.004265
TIMOB-2199,0.002252
TIMOB-2198,0.002116
TIMOB-2197,0.00236
TIMOB-2196,0.002051
TIMOB-2195,0.002758
TIMOB-2194,0.00483
TIMOB-2193,0.617397
TIMOB-2191,0.715026
TIMOB-2190,0.002801
TIMOB-2189,0.002551
TIMOB-2188,0.002591
TIMOB-2187,0.003377
TIMOB-2186,0.002051
TIMOB-2185,0.027169
TIMOB-2184,0.003075
TIMOB-2183,0.002397
TIMOB-2182,0.002323
TIMOB-2181,0.017045
TIMOB-2180,0.016403
TIMOB-2179,0.003075
TIMOB-2178,0.002116
TIMOB-2177,0.004982
TIMOB-2176,0.003173
TIMOB-2175,0.00407
TIMOB-2174,0.014842
TIMOB-2173,0.001927
TIMOB-2172,0.002845
TIMOB-2171,0.002673
TIMOB-2170,0.00483
TIMOB-2169,0.003483
TIMOB-2168,0.007577
TIMOB-2167,0.003538
TIMOB-2166,0.00236
TIMOB-2165,0.002116
TIMOB-2164,0.004199
TIMOB-2163,0.004538
TIMOB-2162,0.003028
TIMOB-2161,0.003765
TIMOB-2160,0.004332
TIMOB-2159,0.00483
TIMOB-2158,0.006004
TIMOB-2157,0.006904
TIMOB-2156,0.003075
TIMOB-2155,0.003273
TIMOB-2154,0.003222
TIMOB-2153,0.003824
TIMOB-2152,0.008511
TIMOB-2151,0.002551
TIMOB-2150,0.003075
TIMOB-2149,0.003075
TIMOB-2148,0.003324
TIMOB-2147,0.00522
TIMOB-2146,0.003594
TIMOB-2145,0.017177
TIMOB-2144,0.015306
TIMOB-2143,0.002217
TIMOB-2142,0.006388
TIMOB-2141,0.003377
TIMOB-2140,0.003483
TIMOB-2139,0.00407
TIMOB-2138,0.00365
TIMOB-2137,0.002801
TIMOB-2136,0.004007
TIMOB-2135,0.003945
TIMOB-2134,0.251648
TIMOB-2133,0.401805
TIMOB-2132,0.002287
TIMOB-2131,0.00343
TIMOB-2130,0.00461
TIMOB-2129,0.002673
TIMOB-2128,0.002116
TIMOB-2127,0.003483
TIMOB-2126,0.692538
TIMOB-2125,0.002397
TIMOB-2124,0.002323
TIMOB-2123,0.00343
TIMOB-2122,0.503906
TIMOB-2121,0.052231
TIMOB-2120,0.943764
TIMOB-2119,0.002217
TIMOB-2118,0.006904
TIMOB-2117,0.002845
TIMOB-2116,0.032344
TIMOB-2115,0.00659
TIMOB-2114,0.003377
TIMOB-2113,0.002323
TIMOB-2112,0.005642
TIMOB-2111,0.002845
TIMOB-2110,0.003222
TIMOB-2109,0.002434
TIMOB-2108,0.313262
TIMOB-2107,0.004468
TIMOB-2106,0.00506
TIMOB-2105,0.003884
TIMOB-2104,0.002845
TIMOB-2102,0.024988
TIMOB-2101,0.002083
TIMOB-2100,0.923592
TIMOB-2099,0.001927
TIMOB-2098,0.073963
TIMOB-2097,0.002715
TIMOB-2096,0.002511
TIMOB-2095,0.003273
TIMOB-2094,0.005642
TIMOB-2093,0.002801
TIMOB-2092,0.002845
TIMOB-2091,0.977714
TIMOB-2090,0.002252
TIMOB-2089,0.001897
TIMOB-2088,0.003324
TIMOB-2087,0.002252
TIMOB-2086,0.003483
TIMOB-2085,0.002551
TIMOB-2084,0.005911
TIMOB-2083,0.003222
TIMOB-2082,0.004399
TIMOB-2081,0.003824
TIMOB-2080,0.004134
TIMOB-2079,0.003538
TIMOB-2078,0.003945
TIMOB-2077,0.003824
TIMOB-2076,0.003483
TIMOB-2075,0.003173
TIMOB-2074,0.003538
TIMOB-2073,0.003483
TIMOB-2072,0.003483
TIMOB-2071,0.001927
TIMOB-2070,0.002051
TIMOB-2069,0.001957
TIMOB-2068,0.001897
TIMOB-2067,0.002116
TIMOB-2066,0.002551
TIMOB-2065,0.003377
TIMOB-2064,0.00236
TIMOB-2063,0.005469
TIMOB-2062,0.004007
TIMOB-2061,0.003483
TIMOB-2060,0.003824
TIMOB-2059,0.003173
TIMOB-2058,0.004468
TIMOB-2057,0.003273
TIMOB-2056,0.002715
TIMOB-2055,0.002434
TIMOB-2054,0.988313
TIMOB-2053,0.002473
TIMOB-2052,0.002252
TIMOB-2051,0.002323
TIMOB-2050,0.004134
TIMOB-2049,0.841305
TIMOB-2048,0.001727
TIMOB-2047,0.002183
TIMOB-2046,0.00289
TIMOB-2045,0.002434
TIMOB-2044,0.001839
TIMOB-2043,0.002323
TIMOB-2042,0.00236
TIMOB-2041,0.005555
TIMOB-2040,0.003377
TIMOB-2039,0.002116
TIMOB-2038,0.065845
TIMOB-2037,0.004007
TIMOB-2036,0.00343
TIMOB-2035,0.003765
TIMOB-2034,0.005911
TIMOB-2033,0.003377
TIMOB-2032,0.006193
TIMOB-2031,0.002591
TIMOB-2030,0.562417
TIMOB-2029,0.361672
TIMOB-2028,0.019719
TIMOB-2027,0.007012
TIMOB-2025,0.001957
TIMOB-2024,0.002183
TIMOB-2023,0.003594
TIMOB-2022,0.00522
TIMOB-2021,0.002551
TIMOB-2020,0.002149
TIMOB-2019,0.003273
TIMOB-2018,0.992184
TIMOB-2017,0.004538
TIMOB-2016,0.012821
TIMOB-2015,0.002252
TIMOB-2014,0.002252
TIMOB-2013,0.002019
TIMOB-2012,0.002051
TIMOB-2011,0.00483
TIMOB-2010,0.002801
TIMOB-2009,0.002183
TIMOB-2008,0.00483
TIMOB-2007,0.005555
TIMOB-2006,0.003075
TIMOB-2005,0.00236
TIMOB-2003,0.003324
TIMOB-2002,0.002287
TIMOB-2001,0.002511
TIMOB-2000,0.004682
TIMOB-1999,0.566978
TIMOB-1998,0.002551
TIMOB-1997,0.004538
TIMOB-1996,0.002116
TIMOB-1995,0.002935
TIMOB-1994,0.004134
TIMOB-1993,0.003483
TIMOB-1992,0.004265
TIMOB-1991,0.004399
TIMOB-1990,0.116362
TIMOB-1989,0.003324
TIMOB-1988,0.002551
TIMOB-1987,0.002935
TIMOB-1986,0.002323
TIMOB-1985,0.00506
TIMOB-1984,0.004399
TIMOB-1983,0.003884
TIMOB-1982,0.00506
TIMOB-1981,0.00483
TIMOB-1980,0.007938
TIMOB-1979,0.002473
TIMOB-1978,0.002511
TIMOB-1977,0.007577
TIMOB-1976,0.002434
TIMOB-1975,0.003075
TIMOB-1974,0.003594
TIMOB-1973,0.007696
TIMOB-1972,0.002551
TIMOB-1971,0.003273
TIMOB-1970,0.004265
TIMOB-1969,0.003173
TIMOB-1968,0.00289
TIMOB-1967,0.001988
TIMOB-1965,0.949295
TIMOB-1964,0.003707
TIMOB-1963,0.001957
TIMOB-1962,0.003377
TIMOB-1961,0.003884
TIMOB-1960,0.003075
TIMOB-1959,0.003483
TIMOB-1958,0.003538
TIMOB-1957,0.001927
TIMOB-1956,0.002183
TIMOB-1955,0.869271
TIMOB-1954,0.004755
TIMOB-1953,0.002511
TIMOB-1952,0.004755
TIMOB-1951,0.002551
TIMOB-1950,0.002397
TIMOB-1949,0.00236
TIMOB-1948,0.977197
TIMOB-1947,0.003824
TIMOB-1946,0.009784
TIMOB-1945,0.003075
TIMOB-1944,0.957912
TIMOB-1943,0.00365
TIMOB-1942,0.002715
TIMOB-1941,0.002323
TIMOB-1940,0.002287
TIMOB-1939,0.00289
TIMOB-1938,0.003538
TIMOB-1937,0.003075
TIMOB-1936,0.003075
TIMOB-1935,0.002083
TIMOB-1934,0.003222
TIMOB-1933,0.020177
TIMOB-1932,0.988131
TIMOB-1931,0.003884
TIMOB-1930,0.908942
TIMOB-1929,0.152537
TIMOB-1928,0.002116
TIMOB-1927,0.00236
TIMOB-1926,0.002473
TIMOB-1925,0.002252
TIMOB-1924,0.002397
TIMOB-1923,0.002323
TIMOB-1922,0.002397
TIMOB-1921,0.003075
TIMOB-1920,0.002287
TIMOB-1919,0.951142
TIMOB-1918,0.003075
TIMOB-1917,0.069038
TIMOB-1916,0.003173
TIMOB-1915,0.00582
TIMOB-1914,0.002434
TIMOB-1913,0.003173
TIMOB-1912,0.003483
TIMOB-1911,0.030444
TIMOB-1910,0.028871
TIMOB-1909,0.002323
TIMOB-1908,0.004134
TIMOB-1907,0.002149
TIMOB-1906,0.003377
TIMOB-1905,0.001957
TIMOB-1904,0.002116
TIMOB-1903,0.002434
TIMOB-1902,0.002551
TIMOB-1901,0.003765
TIMOB-1900,0.003884
TIMOB-1899,0.002323
TIMOB-1898,0.845433
TIMOB-1897,0.003273
TIMOB-1896,0.002397
TIMOB-1894,0.500488
TIMOB-1893,0.003222
TIMOB-1892,0.00407
TIMOB-1891,0.002981
TIMOB-1890,0.002397
TIMOB-1889,0.002051
TIMOB-1887,0.002323
TIMOB-1886,0.00236
TIMOB-1885,0.002252
TIMOB-1884,0.002183
TIMOB-1883,0.003028
TIMOB-1882,0.010408
TIMOB-1881,0.003124
TIMOB-1880,0.002051
TIMOB-1879,0.002758
TIMOB-1878,0.003324
TIMOB-1877,0.00407
TIMOB-1876,0.002252
TIMOB-1875,0.002551
TIMOB-1874,0.004682
TIMOB-1873,0.007012
TIMOB-1872,0.012723
TIMOB-1871,0.001727
TIMOB-1870,0.907967
TIMOB-1869,0.986979
TIMOB-1868,0.001927
TIMOB-1867,0.001755
TIMOB-1866,0.014616
TIMOB-1865,0.003028
TIMOB-1864,0.003124
TIMOB-1863,0.005302
TIMOB-1862,0.003075
TIMOB-1861,0.002116
TIMOB-1860,0.00506
TIMOB-1859,0.003824
TIMOB-1858,0.092033
TIMOB-1857,0.003124
TIMOB-1856,0.00343
TIMOB-1855,0.006488
TIMOB-1854,0.003483
TIMOB-1853,0.885235
TIMOB-1852,0.904987
TIMOB-1851,0.904313
TIMOB-1850,0.001727
TIMOB-1849,0.002473
TIMOB-1848,0.001727
TIMOB-1847,0.001988
TIMOB-1846,0.001525
TIMOB-1845,0.002323
TIMOB-1844,0.003707
TIMOB-1843,0.002287
TIMOB-1842,0.826432
TIMOB-1841,0.939025
TIMOB-1840,0.002217
TIMOB-1839,0.001957
TIMOB-1838,0.002632
TIMOB-1837,0.003765
TIMOB-1836,0.002116
TIMOB-1835,0.003945
TIMOB-1834,0.001755
TIMOB-1833,0.002981
TIMOB-1832,0.003594
TIMOB-1831,0.00407
TIMOB-1830,0.005555
TIMOB-1829,0.028653
TIMOB-1828,0.483405
TIMOB-1827,0.002935
TIMOB-1826,0.002434
TIMOB-1825,0.002511
TIMOB-1824,0.002591
TIMOB-1823,0.003028
TIMOB-1822,0.003824
TIMOB-1821,0.003173
TIMOB-1820,0.002511
TIMOB-1819,0.002323
TIMOB-1818,0.002935
TIMOB-1817,0.001927
TIMOB-1816,0.002397
TIMOB-1815,0.003173
TIMOB-1814,0.002715
TIMOB-1813,0.001988
TIMOB-1812,0.001701
TIMOB-1811,0.002217
TIMOB-1810,0.00236
TIMOB-1809,0.004007
TIMOB-1808,0.00522
TIMOB-1807,0.00343
TIMOB-1806,0.004007
TIMOB-1805,0.010818
TIMOB-1804,0.948917
TIMOB-1803,0.00483
TIMOB-1802,0.002715
TIMOB-1801,0.001674
TIMOB-1800,0.003273
TIMOB-1799,0.991554
TIMOB-1798,0.001868
TIMOB-1797,0.003173
TIMOB-1796,0.003222
TIMOB-1795,0.00343
TIMOB-1794,0.00514
TIMOB-1793,0.386995
TIMOB-1792,0.002323
TIMOB-1791,0.002183
TIMOB-1790,0.001988
TIMOB-1789,0.00522
TIMOB-1787,0.003594
TIMOB-1786,0.00506
TIMOB-1785,0.353038
TIMOB-1784,0.002183
TIMOB-1783,0.014729
TIMOB-1782,0.003324
TIMOB-1781,0.062789
TIMOB-1780,0.897695
TIMOB-1779,0.002511
TIMOB-1778,0.660145
TIMOB-1777,0.075041
TIMOB-1776,0.006388
TIMOB-1775,0.015544
TIMOB-1774,0.005642
TIMOB-1773,0.002397
TIMOB-1772,0.002981
TIMOB-1771,0.003273
TIMOB-1770,0.00365
TIMOB-1769,0.001674
TIMOB-1768,0.002511
TIMOB-1767,0.002981
TIMOB-1766,0.001927
TIMOB-1765,0.002715
TIMOB-1764,0.004134
TIMOB-1763,0.003884
TIMOB-1762,0.003884
TIMOB-1761,0.002287
TIMOB-1760,0.008916
TIMOB-1759,0.004265
TIMOB-1758,0.00461
TIMOB-1757,0.002323
TIMOB-1756,0.001957
TIMOB-1755,0.002845
TIMOB-1754,0.002183
TIMOB-1753,0.002149
TIMOB-1752,0.004982
TIMOB-1751,0.002323
TIMOB-1750,0.00236
TIMOB-1749,0.003538
TIMOB-1748,0.002758
TIMOB-1747,0.002051
TIMOB-1746,0.007121
TIMOB-1745,0.002019
TIMOB-1744,0.004332
TIMOB-1743,0.00483
TIMOB-1742,0.00365
TIMOB-1741,0.033337
TIMOB-1740,0.001897
TIMOB-1739,0.001782
TIMOB-1738,0.002287
TIMOB-1737,0.002715
TIMOB-1736,0.547706
TIMOB-1735,0.004468
TIMOB-1734,0.241668
TIMOB-1733,0.002632
TIMOB-1732,0.70069
TIMOB-1731,0.002511
TIMOB-1730,0.00236
TIMOB-1729,0.002981
TIMOB-1728,0.00289
TIMOB-1727,0.003765
TIMOB-1726,0.00343
TIMOB-1725,0.00181
TIMOB-1723,0.004538
TIMOB-1722,0.91611
TIMOB-1721,0.003273
TIMOB-1720,0.05301
TIMOB-1719,0.005302
TIMOB-1718,0.135232
TIMOB-1717,0.002632
TIMOB-1716,0.895888
TIMOB-1715,0.001927
TIMOB-1714,0.001727
TIMOB-1713,0.977543
TIMOB-1712,0.001897
TIMOB-1711,0.002981
TIMOB-1710,0.003884
TIMOB-1709,0.005385
TIMOB-1708,0.002397
TIMOB-1707,0.003538
TIMOB-1706,0.002434
TIMOB-1705,0.002183
TIMOB-1704,0.004265
TIMOB-1703,0.125493
TIMOB-1702,0.001868
TIMOB-1701,0.00407
TIMOB-1699,0.015306
TIMOB-1698,0.009197
TIMOB-1697,0.03359
TIMOB-1696,0.002149
TIMOB-1695,0.005302
TIMOB-1694,0.002083
TIMOB-1693,0.002051
TIMOB-1692,0.005302
TIMOB-1691,0.004265
TIMOB-1690,0.003538
TIMOB-1689,0.003173
TIMOB-1686,0.004682
TIMOB-1685,0.001927
TIMOB-1684,0.002149
TIMOB-1683,0.002183
TIMOB-1682,0.961534
TIMOB-1681,0.004265
TIMOB-1680,0.002551
TIMOB-1679,0.00289
TIMOB-1678,0.002551
TIMOB-1677,0.001988
TIMOB-1676,0.002252
TIMOB-1675,0.003594
TIMOB-1674,0.014172
TIMOB-1673,0.002632
TIMOB-1672,0.004755
TIMOB-1671,0.859664
TIMOB-1670,0.002591
TIMOB-1669,0.002149
TIMOB-1667,0.001927
TIMOB-1666,0.003124
TIMOB-1665,0.003273
TIMOB-1664,0.002845
TIMOB-1663,0.001927
TIMOB-1662,0.003765
TIMOB-1660,0.002801
TIMOB-1659,0.003538
TIMOB-1658,0.003273
TIMOB-1657,0.00659
TIMOB-1656,0.00483
TIMOB-1655,0.005302
TIMOB-1654,0.001623
TIMOB-1653,0.150029
TIMOB-1652,0.003324
TIMOB-1649,0.004134
TIMOB-1648,0.002981
TIMOB-1647,0.002673
TIMOB-1646,0.002252
TIMOB-1645,0.002252
TIMOB-1644,0.002511
TIMOB-1643,0.003483
TIMOB-1642,0.003124
TIMOB-1641,0.973645
TIMOB-1640,0.021451
TIMOB-1639,0.002673
TIMOB-1638,0.013956
TIMOB-1637,0.002434
TIMOB-1636,0.004332
TIMOB-1635,0.004682
TIMOB-1634,0.003377
TIMOB-1633,0.00343
TIMOB-1632,0.004682
TIMOB-1631,0.004468
TIMOB-1630,0.002323
TIMOB-1629,0.002632
TIMOB-1628,0.00289
TIMOB-1627,0.002632
TIMOB-1626,0.002715
TIMOB-1625,0.002511
TIMOB-1624,0.004332
TIMOB-1622,0.003075
TIMOB-1621,0.002473
TIMOB-1620,0.004399
TIMOB-1619,0.003707
TIMOB-1618,0.019719
TIMOB-1617,0.002632
TIMOB-1616,0.026355
TIMOB-1615,0.002323
TIMOB-1614,0.002323
TIMOB-1613,0.003884
TIMOB-1612,0.002434
TIMOB-1611,0.00365
TIMOB-1610,0.00407
TIMOB-1609,0.007346
TIMOB-1608,0.003324
TIMOB-1607,0.992539
TIMOB-1605,0.007577
TIMOB-1604,0.003324
TIMOB-1603,0.002149
TIMOB-1602,0.003075
TIMOB-1601,0.00289
TIMOB-1600,0.003884
TIMOB-1599,0.003707
TIMOB-1597,0.00407
TIMOB-1596,0.020964
TIMOB-1595,0.002116
TIMOB-1594,0.948537
TIMOB-1593,0.028653
TIMOB-1592,0.016029
TIMOB-1591,0.054199
TIMOB-1590,0.245266
TIMOB-1589,0.718792
TIMOB-1588,0.168857
TIMOB-1587,0.002673
TIMOB-1586,0.002217
TIMOB-1585,0.002591
TIMOB-1584,0.002083
TIMOB-1583,0.001701
TIMOB-1582,0.008
TIMOB-1581,0.002981
TIMOB-1580,0.006904
TIMOB-1579,0.009708
TIMOB-1578,0.002397
TIMOB-1577,0.002591
TIMOB-1576,0.748352
TIMOB-1575,0.002252
TIMOB-1574,0.001957
TIMOB-1573,0.987568
TIMOB-1572,0.003124
TIMOB-1571,0.004538
TIMOB-1570,0.007346
TIMOB-1569,0.989182
TIMOB-1568,0.00582
TIMOB-1567,0.002632
TIMOB-1566,0.004682
TIMOB-1565,0.002551
TIMOB-1564,0.002217
TIMOB-1563,0.002252
TIMOB-1562,0.003765
TIMOB-1561,0.003945
TIMOB-1560,0.003075
TIMOB-1559,0.013532
TIMOB-1558,0.004468
TIMOB-1556,0.002632
TIMOB-1555,0.052814
TIMOB-1554,0.005302
TIMOB-1553,0.002473
TIMOB-1552,0.867934
TIMOB-1551,0.002981
TIMOB-1550,0.006193
TIMOB-1549,0.001927
TIMOB-1548,0.739799
TIMOB-1547,0.002397
TIMOB-1546,0.002252
TIMOB-1545,0.00573
TIMOB-1544,0.007877
TIMOB-1543,0.054601
TIMOB-1541,0.00582
TIMOB-1540,0.004468
TIMOB-1539,0.00343
TIMOB-1538,0.007577
TIMOB-1537,0.00289
TIMOB-1536,0.002116
TIMOB-1535,0.00289
TIMOB-1534,0.694095
TIMOB-1533,0.002673
TIMOB-1532,0.00289
TIMOB-1531,0.003173
TIMOB-1530,0.003124
TIMOB-1529,0.002715
TIMOB-1528,0.003075
TIMOB-1527,0.002434
TIMOB-1526,0.002217
TIMOB-1525,0.001988
TIMOB-1524,0.00289
TIMOB-1523,0.003124
TIMOB-1522,0.003222
TIMOB-1521,0.001927
TIMOB-1520,0.002551
TIMOB-1519,0.00289
TIMOB-1518,0.003594
TIMOB-1517,0.002715
TIMOB-1516,0.002551
TIMOB-1515,0.002632
TIMOB-1514,0.004755
TIMOB-1513,0.871037
TIMOB-1512,0.002551
TIMOB-1511,0.003538
TIMOB-1510,0.515132
TIMOB-1509,0.002673
TIMOB-1508,0.002981
TIMOB-1507,0.004332
TIMOB-1506,0.002845
TIMOB-1505,0.006004
TIMOB-1504,0.001988
TIMOB-1503,0.007121
TIMOB-1502,0.007696
TIMOB-1501,0.001957
TIMOB-1500,0.002217
TIMOB-1499,0.003483
TIMOB-1498,0.002758
TIMOB-1497,0.006488
TIMOB-1496,0.874507
TIMOB-1495,0.002116
TIMOB-1494,0.003824
TIMOB-1493,0.002981
TIMOB-1492,0.002183
TIMOB-1491,0.00461
TIMOB-1490,0.004265
TIMOB-1489,0.004332
TIMOB-1488,0.00236
TIMOB-1487,0.00461
TIMOB-1486,0.002217
TIMOB-1485,0.052619
TIMOB-1484,0.923592
TIMOB-1483,0.003273
TIMOB-1482,0.001839
TIMOB-1481,0.003173
TIMOB-1480,0.003377
TIMOB-1479,0.037892
TIMOB-1478,0.017849
TIMOB-1477,0.002758
TIMOB-1476,0.002591
TIMOB-1475,0.003483
TIMOB-1474,0.002981
TIMOB-1473,0.113187
TIMOB-1472,0.002632
TIMOB-1471,0.001868
TIMOB-1470,0.002183
TIMOB-1469,0.003765
TIMOB-1468,0.001839
TIMOB-1467,0.004265
TIMOB-1466,0.985271
TIMOB-1465,0.003028
TIMOB-1464,0.00514
TIMOB-1463,0.006098
TIMOB-1462,0.003075
TIMOB-1461,0.003075
TIMOB-1460,0.004265
TIMOB-1459,0.001727
TIMOB-1458,0.003324
TIMOB-1457,0.003173
TIMOB-1456,0.003707
TIMOB-1455,0.002397
TIMOB-1454,0.003222
TIMOB-1453,0.002632
TIMOB-1452,0.00659
TIMOB-1451,0.003594
TIMOB-1450,0.945399
TIMOB-1449,0.001782
TIMOB-1448,0.004399
TIMOB-1447,0.001927
TIMOB-1446,0.001839
TIMOB-1445,0.002715
TIMOB-1444,0.001755
TIMOB-1443,0.952574
TIMOB-1442,0.027376
TIMOB-1441,0.004538
TIMOB-1440,0.001988
TIMOB-1439,0.003273
TIMOB-1438,0.003173
TIMOB-1437,0.001988
TIMOB-1436,0.003075
TIMOB-1435,0.001988
TIMOB-1434,0.003028
TIMOB-1433,0.002758
TIMOB-1432,0.005911
TIMOB-1431,0.003028
TIMOB-1430,0.218336
TIMOB-1429,0.172729
TIMOB-1428,0.002051
TIMOB-1427,0.002149
TIMOB-1426,0.002051
TIMOB-1425,0.003483
TIMOB-1424,0.003707
TIMOB-1423,0.003765
TIMOB-1422,0.001525
TIMOB-1421,0.002183
TIMOB-1420,0.002217
TIMOB-1419,0.060752
TIMOB-1418,0.00289
TIMOB-1417,0.002252
TIMOB-1416,0.003483
TIMOB-1415,0.013428
TIMOB-1414,0.002051
TIMOB-1413,0.002758
TIMOB-1412,0.00407
TIMOB-1411,0.008252
TIMOB-1410,0.002632
TIMOB-1409,0.004468
TIMOB-1408,0.00506
TIMOB-1407,0.003483
TIMOB-1406,0.158174
TIMOB-1405,0.002323
TIMOB-1404,0.001839
TIMOB-1403,0.002673
TIMOB-1402,0.004468
TIMOB-1401,0.002397
TIMOB-1400,0.003324
TIMOB-1399,0.074231
TIMOB-1398,0.086632
TIMOB-1397,0.694095
TIMOB-1396,0.763836
TIMOB-1395,0.389024
TIMOB-1394,0.904987
TIMOB-1393,0.028653
TIMOB-1392,0.962108
TIMOB-1391,0.043366
TIMOB-1390,0.424651
TIMOB-1389,0.005385
TIMOB-1388,0.885631
TIMOB-1387,0.003538
TIMOB-1386,0.566978
TIMOB-1385,0.002981
TIMOB-1384,0.002217
TIMOB-1383,0.002287
TIMOB-1382,0.112795
TIMOB-1381,0.337968
TIMOB-1380,0.002116
TIMOB-1379,0.005385
TIMOB-1378,0.003594
TIMOB-1376,0.001868
TIMOB-1375,0.003273
TIMOB-1374,0.003538
TIMOB-1373,0.003884
TIMOB-1372,0.003377
TIMOB-1371,0.002397
TIMOB-1370,0.001927
TIMOB-1369,0.00236
TIMOB-1368,0.00236
TIMOB-1367,0.002845
TIMOB-1366,0.002287
TIMOB-1365,0.003075
TIMOB-1364,0.003538
TIMOB-1363,0.002845
TIMOB-1362,0.003124
TIMOB-1361,0.002252
TIMOB-1360,0.004134
TIMOB-1359,0.048496
TIMOB-1358,0.285571
TIMOB-1357,0.002758
TIMOB-1356,0.003028
TIMOB-1355,0.003884
TIMOB-1354,0.002801
TIMOB-1353,0.003483
TIMOB-1352,0.003028
TIMOB-1351,0.003173
TIMOB-1350,0.002591
TIMOB-1349,0.002434
TIMOB-1348,0.003124
TIMOB-1347,0.00181
TIMOB-1346,0.002083
TIMOB-1345,0.001782
TIMOB-1344,0.003765
TIMOB-1343,0.898767
TIMOB-1342,0.00289
TIMOB-1341,0.002397
TIMOB-1340,0.002591
TIMOB-1339,0.005642
TIMOB-1338,0.002673
TIMOB-1337,0.002632
TIMOB-1336,0.001868
TIMOB-1335,0.001957
TIMOB-1334,0.002511
TIMOB-1333,0.961534
TIMOB-1332,0.00365
TIMOB-1331,0.00343
TIMOB-1330,0.001988
TIMOB-1329,0.003945
TIMOB-1328,0.001927
TIMOB-1327,0.005302
TIMOB-1326,0.002019
TIMOB-1325,0.002051
TIMOB-1324,0.003538
TIMOB-1323,0.002149
TIMOB-1322,0.005469
TIMOB-1321,0.013849
TIMOB-1320,0.002511
TIMOB-1319,0.006193
TIMOB-1318,0.003945
TIMOB-1317,0.002434
TIMOB-1316,0.002149
TIMOB-1315,0.002591
TIMOB-1314,0.003028
TIMOB-1313,0.002116
TIMOB-1312,0.003324
TIMOB-1311,0.004199
TIMOB-1310,0.002801
TIMOB-1309,0.693784
TIMOB-1308,0.002981
TIMOB-1307,0.001839
TIMOB-1306,0.003324
TIMOB-1305,0.002051
TIMOB-1304,0.003483
TIMOB-1303,0.002434
TIMOB-1302,0.164516
TIMOB-1301,0.002183
TIMOB-1300,0.002217
TIMOB-1299,0.002473
TIMOB-1298,0.002149
TIMOB-1297,0.002935
TIMOB-1296,0.001957
TIMOB-1295,0.003124
TIMOB-1294,0.002217
TIMOB-1293,0.001988
TIMOB-1292,0.002149
TIMOB-1291,0.002051
TIMOB-1290,0.002183
TIMOB-1289,0.002473
TIMOB-1288,0.002252
TIMOB-1287,0.980431
TIMOB-1286,0.024988
TIMOB-1285,0.002116
TIMOB-1284,0.002434
TIMOB-1283,0.002434
TIMOB-1282,0.004755
TIMOB-1281,0.080069
TIMOB-1280,0.059647
TIMOB-1279,0.785309
TIMOB-1278,0.003173
TIMOB-1277,0.00365
TIMOB-1276,0.002183
TIMOB-1275,0.002632
TIMOB-1274,0.002252
TIMOB-1273,0.002287
TIMOB-1272,0.001868
TIMOB-1271,0.003173
TIMOB-1270,0.002511
TIMOB-1269,0.004007
TIMOB-1268,0.001897
TIMOB-1267,0.021451
TIMOB-1266,0.002715
TIMOB-1265,0.002397
TIMOB-1264,0.001988
TIMOB-1263,0.002511
TIMOB-1262,0.002397
TIMOB-1261,0.002591
TIMOB-1260,0.002845
TIMOB-1259,0.007121
TIMOB-1258,0.002217
TIMOB-1257,0.002981
TIMOB-1256,0.003594
TIMOB-1255,0.002183
TIMOB-1254,0.002397
TIMOB-1253,0.00289
TIMOB-1252,0.001897
TIMOB-1251,0.697248
TIMOB-1250,0.002758
TIMOB-1249,0.002252
TIMOB-1248,0.002217
TIMOB-1247,0.038466
TIMOB-1246,0.001927
TIMOB-1245,0.002116
TIMOB-1244,0.028008
TIMOB-1243,0.001897
TIMOB-1242,0.311885
TIMOB-1241,0.004468
TIMOB-1240,0.001839
TIMOB-1239,0.037327
TIMOB-1238,0.006904
TIMOB-1237,0.002758
TIMOB-1236,0.004199
TIMOB-1235,0.020332
TIMOB-1234,0.962391
TIMOB-1233,0.004332
TIMOB-1232,0.002434
TIMOB-1231,0.001957
TIMOB-1230,0.009634
TIMOB-1229,0.002801
TIMOB-1228,0.002252
TIMOB-1227,0.007577
TIMOB-1226,0.075312
TIMOB-1225,0.00659
TIMOB-1224,0.003707
TIMOB-1223,0.004982
TIMOB-1222,0.002981
TIMOB-1221,0.003594
TIMOB-1220,0.001897
TIMOB-1219,0.002511
TIMOB-1218,0.009634
TIMOB-1217,0.002591
TIMOB-1216,0.003324
TIMOB-1215,0.003273
TIMOB-1214,0.002511
TIMOB-1213,0.002473
TIMOB-1212,0.006388
TIMOB-1211,0.00506
TIMOB-1210,0.002397
TIMOB-1209,0.002935
TIMOB-1208,0.003028
TIMOB-1207,0.002323
TIMOB-1206,0.00522
TIMOB-1205,0.003075
TIMOB-1204,0.002434
TIMOB-1203,0.00629
TIMOB-1202,0.002551
TIMOB-1201,0.001897
TIMOB-1200,0.014616
TIMOB-1199,0.00461
TIMOB-1198,0.771499
TIMOB-1197,0.004007
TIMOB-1196,0.003075
TIMOB-1195,0.003324
TIMOB-1194,0.00343
TIMOB-1193,0.001927
TIMOB-1192,0.003884
TIMOB-1191,0.001957
TIMOB-1190,0.003594
TIMOB-1189,0.002511
TIMOB-1188,0.00289
TIMOB-1187,0.002801
TIMOB-1186,0.002591
TIMOB-1185,0.010987
TIMOB-1184,0.002511
TIMOB-1183,0.002551
TIMOB-1181,0.002758
TIMOB-1180,0.004905
TIMOB-1179,0.003483
TIMOB-1178,0.004905
TIMOB-1177,0.003075
TIMOB-1176,0.002758
TIMOB-1175,0.001988
TIMOB-1174,0.001674
TIMOB-1173,0.002758
TIMOB-1172,0.002935
TIMOB-1171,0.002981
TIMOB-1170,0.00289
TIMOB-1169,0.99014
TIMOB-1168,0.007938
TIMOB-1167,0.963506
TIMOB-1166,0.003075
TIMOB-1165,0.002632
TIMOB-1164,0.019124
TIMOB-1163,0.022117
TIMOB-1162,0.010328
TIMOB-1161,0.003273
TIMOB-1160,0.001782
TIMOB-1159,0.00365
TIMOB-1158,0.002287
TIMOB-1157,0.022803
TIMOB-1156,0.002758
TIMOB-1155,0.002511
TIMOB-1154,0.003324
TIMOB-1153,0.797241
TIMOB-1152,0.001727
TIMOB-1151,0.00407
TIMOB-1150,0.002183
TIMOB-1149,0.003538
TIMOB-1148,0.002252
TIMOB-1147,0.002434
TIMOB-1146,0.003075
TIMOB-1145,0.003538
TIMOB-1144,0.002801
TIMOB-1143,0.004468
TIMOB-1142,0.027169
TIMOB-1141,0.00407
TIMOB-1140,0.002673
TIMOB-1139,0.002149
TIMOB-1138,0.003028
TIMOB-1137,0.002758
TIMOB-1136,0.002217
TIMOB-1135,0.300438
TIMOB-1134,0.002715
TIMOB-1133,0.00461
TIMOB-1132,0.002715
TIMOB-1131,0.002051
TIMOB-1130,0.002511
TIMOB-1129,0.001957
TIMOB-1128,0.004332
TIMOB-1127,0.003765
TIMOB-1126,0.001701
TIMOB-1125,0.022286
TIMOB-1124,0.761361
TIMOB-1123,0.002473
TIMOB-1122,0.003765
TIMOB-1121,0.002758
TIMOB-1120,0.002981
TIMOB-1119,0.002801
TIMOB-1118,0.001727
TIMOB-1117,0.003884
TIMOB-1116,0.003075
TIMOB-1115,0.003273
TIMOB-1114,0.002845
TIMOB-1113,0.112795
TIMOB-1112,0.003765
TIMOB-1111,0.003538
TIMOB-1110,0.002116
TIMOB-1109,0.008644
TIMOB-1108,0.073696
TIMOB-1107,0.018405
TIMOB-1106,0.031144
TIMOB-1105,0.002981
TIMOB-1104,0.002591
TIMOB-1103,0.00365
TIMOB-1102,0.002632
TIMOB-1101,0.022457
TIMOB-1100,0.003028
TIMOB-1099,0.00506
TIMOB-1098,0.008
TIMOB-1097,0.00461
TIMOB-1096,0.002183
TIMOB-1095,0.104112
TIMOB-1094,0.002323
TIMOB-1093,0.003075
TIMOB-1092,0.003075
TIMOB-1091,0.002473
TIMOB-1090,0.003884
TIMOB-1089,0.003707
TIMOB-1088,0.003538
TIMOB-1087,0.00582
TIMOB-1086,0.813164
TIMOB-1084,0.002801
TIMOB-1083,0.004755
TIMOB-1082,0.004007
TIMOB-1081,0.003324
TIMOB-1080,0.017309
TIMOB-1079,0.537527
TIMOB-1078,0.002801
TIMOB-1077,0.003483
TIMOB-1076,0.001927
TIMOB-1075,0.033086
TIMOB-1074,0.972415
TIMOB-1073,0.002981
TIMOB-1072,0.856812
TIMOB-1071,0.002715
TIMOB-1070,0.445288
TIMOB-1069,0.00181
TIMOB-1068,0.00289
TIMOB-1067,0.003173
TIMOB-1066,0.003324
TIMOB-1065,0.003765
TIMOB-1064,0.076132
TIMOB-1063,0.006488
TIMOB-1062,0.002183
TIMOB-1061,0.00343
TIMOB-1060,0.004468
TIMOB-1059,0.003594
TIMOB-1058,0.003538
TIMOB-1057,0.004332
TIMOB-1056,0.002511
TIMOB-1055,0.550607
TIMOB-1054,0.002149
TIMOB-1053,0.833866
TIMOB-1052,0.002632
TIMOB-1051,0.003377
TIMOB-1050,0.003945
TIMOB-1049,0.002217
TIMOB-1048,0.004007
TIMOB-1047,0.001573
TIMOB-1046,0.002019
TIMOB-1045,0.007461
TIMOB-1044,0.002473
TIMOB-1043,0.002473
TIMOB-1042,0.00659
TIMOB-1041,0.034619
TIMOB-1040,0.001839
TIMOB-1039,0.004134
TIMOB-1038,0.002051
TIMOB-1037,0.003324
TIMOB-1036,0.007696
TIMOB-1035,0.00522
TIMOB-1034,0.002287
TIMOB-1033,0.004468
TIMOB-1032,0.002116
TIMOB-1031,0.002758
TIMOB-1030,0.004905
TIMOB-1029,0.005469
TIMOB-1028,0.772187
TIMOB-1027,0.003884
TIMOB-1026,0.002511
TIMOB-1025,0.006904
TIMOB-1024,0.004332
TIMOB-1023,0.002845
TIMOB-1022,0.002183
TIMOB-1021,0.001839
TIMOB-1020,0.00236
TIMOB-1019,0.004982
TIMOB-1018,0.002673
TIMOB-1017,0.002591
TIMOB-1016,0.002287
TIMOB-1015,0.002287
TIMOB-1014,0.002183
TIMOB-1013,0.002397
TIMOB-1012,0.002981
TIMOB-1011,0.003377
TIMOB-1010,0.003075
TIMOB-1009,0.00514
TIMOB-1008,0.003594
TIMOB-1007,0.017045
TIMOB-1006,0.00483
TIMOB-1005,0.007012
TIMOB-1004,0.003594
TIMOB-1003,0.003483
TIMOB-1002,0.003765
TIMOB-1001,0.003324
TIMOB-1000,0.00289
TIMOB-999,0.002935
TIMOB-998,0.006004
TIMOB-997,0.001897
TIMOB-996,0.002287
TIMOB-995,0.00514
TIMOB-994,0.003483
TIMOB-993,0.00483
TIMOB-992,0.004134
TIMOB-991,0.006904
TIMOB-990,0.00289
TIMOB-989,0.002551
TIMOB-988,0.002632
TIMOB-987,0.002183
TIMOB-986,0.007461
TIMOB-985,0.002019
TIMOB-984,0.002083
TIMOB-983,0.002473
TIMOB-982,0.002434
TIMOB-981,0.002019
TIMOB-980,0.002632
TIMOB-979,0.002149
TIMOB-978,0.002935
TIMOB-977,0.002149
TIMOB-976,0.001755
TIMOB-975,0.002287
TIMOB-974,0.00365
TIMOB-973,0.004905
TIMOB-972,0.002083
TIMOB-971,0.001755
TIMOB-970,0.002287
TIMOB-969,0.002434
TIMOB-968,0.728941
TIMOB-967,0.008316
TIMOB-966,0.002019
TIMOB-965,0.002473
TIMOB-964,0.00365
TIMOB-963,0.002149
TIMOB-962,0.002473
TIMOB-961,0.002511
TIMOB-960,0.004265
TIMOB-959,0.003324
TIMOB-958,0.001897
TIMOB-957,0.003173
TIMOB-956,0.001755
TIMOB-955,0.003124
TIMOB-954,0.002083
TIMOB-953,0.002287
TIMOB-952,0.002434
TIMOB-951,0.006693
TIMOB-950,0.002981
TIMOB-949,0.192539
TIMOB-948,0.003124
TIMOB-947,0.002252
TIMOB-946,0.003594
TIMOB-945,0.002673
TIMOB-944,0.00236
TIMOB-943,0.002183
TIMOB-942,0.002252
TIMOB-941,0.00407
TIMOB-940,0.003124
TIMOB-939,0.002434
TIMOB-938,0.002632
TIMOB-937,0.003824
TIMOB-936,0.004468
TIMOB-935,0.002434
TIMOB-934,0.001839
TIMOB-933,0.183594
TIMOB-932,0.002715
TIMOB-931,0.984215
TIMOB-930,0.002323
TIMOB-929,0.002591
TIMOB-927,0.010653
TIMOB-926,0.003273
TIMOB-925,0.00236
TIMOB-924,0.002149
TIMOB-923,0.003707
TIMOB-922,0.01292
TIMOB-921,0.084795
TIMOB-920,0.002434
TIMOB-919,0.011961
TIMOB-918,0.004007
TIMOB-917,0.006798
TIMOB-916,0.006098
TIMOB-915,0.004007
TIMOB-914,0.002083
TIMOB-913,0.004755
TIMOB-912,0.002051
TIMOB-911,0.002801
TIMOB-910,0.001957
TIMOB-909,0.001868
TIMOB-908,0.068289
TIMOB-907,0.002116
TIMOB-906,0.001839
TIMOB-905,0.157655
TIMOB-904,0.01057
TIMOB-903,0.002673
TIMOB-902,0.553988
TIMOB-901,0.002758
TIMOB-900,0.033337
TIMOB-899,0.006004
TIMOB-898,0.00181
TIMOB-897,0.001927
TIMOB-896,0.004468
TIMOB-895,0.002591
TIMOB-894,0.002116
TIMOB-893,0.002323
TIMOB-892,0.003173
TIMOB-891,0.002397
TIMOB-890,0.00582
TIMOB-889,0.014282
TIMOB-888,0.003945
TIMOB-887,0.001988
TIMOB-886,0.00343
TIMOB-885,0.018264
TIMOB-884,0.005469
TIMOB-883,0.002632
TIMOB-882,0.004399
TIMOB-881,0.006004
TIMOB-880,0.010735
TIMOB-879,0.003594
TIMOB-878,0.003273
TIMOB-877,0.003884
TIMOB-876,0.002591
TIMOB-875,0.003273
TIMOB-874,0.002632
TIMOB-873,0.002116
TIMOB-872,0.003222
TIMOB-871,0.003324
TIMOB-870,0.003884
TIMOB-869,0.003945
TIMOB-868,0.002673
TIMOB-867,0.001868
TIMOB-866,0.003222
TIMOB-865,0.006193
TIMOB-864,0.002551
TIMOB-863,0.002149
TIMOB-862,0.002434
TIMOB-861,0.002116
TIMOB-859,0.002083
TIMOB-858,0.002149
TIMOB-857,0.002551
TIMOB-856,0.002715
TIMOB-855,0.002715
TIMOB-854,0.00343
TIMOB-853,0.001782
TIMOB-852,0.002019
TIMOB-851,0.002551
TIMOB-850,0.006388
TIMOB-849,0.003028
TIMOB-848,0.003075
TIMOB-847,0.002217
TIMOB-846,0.002981
TIMOB-845,0.002323
TIMOB-844,0.004982
TIMOB-843,0.002551
TIMOB-842,0.949669
TIMOB-841,0.043691
TIMOB-840,0.004755
TIMOB-839,0.005385
TIMOB-838,0.00407
TIMOB-837,0.938576
TIMOB-836,0.002632
TIMOB-835,0.002673
TIMOB-834,0.002051
TIMOB-833,0.002323
TIMOB-832,0.001755
TIMOB-831,0.006193
TIMOB-830,0.00506
TIMOB-829,0.002051
TIMOB-828,0.001897
TIMOB-827,0.002632
TIMOB-826,0.004399
TIMOB-825,0.002551
TIMOB-824,0.002845
TIMOB-823,0.002397
TIMOB-822,0.002116
TIMOB-821,0.003173
TIMOB-820,0.002051
TIMOB-819,0.004332
TIMOB-818,0.004468
TIMOB-817,0.002845
TIMOB-816,0.002845
TIMOB-815,0.002758
TIMOB-814,0.002287
TIMOB-813,0.00181
TIMOB-812,0.002149
TIMOB-811,0.002935
TIMOB-810,0.002149
TIMOB-809,0.00514
TIMOB-808,0.015425
TIMOB-807,0.002981
TIMOB-806,0.003377
TIMOB-805,0.002591
TIMOB-804,0.00236
TIMOB-803,0.012241
TIMOB-802,0.003824
TIMOB-801,0.005555
TIMOB-800,0.003483
TIMOB-799,0.003028
TIMOB-798,0.00522
TIMOB-797,0.001988
TIMOB-796,0.003594
TIMOB-795,0.004199
TIMOB-794,0.002981
TIMOB-793,0.003707
TIMOB-792,0.002116
TIMOB-791,0.003765
TIMOB-790,0.002287
TIMOB-789,0.002434
TIMOB-788,0.001988
TIMOB-787,0.003707
TIMOB-786,0.005555
TIMOB-785,0.00343
TIMOB-784,0.001868
TIMOB-783,0.003028
TIMOB-782,0.003124
TIMOB-781,0.003028
TIMOB-780,0.001868
TIMOB-779,0.001701
TIMOB-778,0.002758
TIMOB-777,0.00343
TIMOB-776,0.002935
TIMOB-775,0.002149
TIMOB-774,0.002845
TIMOB-773,0.002473
TIMOB-772,0.009197
TIMOB-771,0.003324
TIMOB-770,0.001927
TIMOB-769,0.001623
TIMOB-768,0.004468
TIMOB-767,0.004468
TIMOB-766,0.002845
TIMOB-765,0.002149
TIMOB-764,0.001623
TIMOB-763,0.003538
TIMOB-762,0.00506
TIMOB-761,0.003173
TIMOB-760,0.002149
TIMOB-759,0.002323
TIMOB-758,0.002252
TIMOB-757,0.001957
TIMOB-756,0.003273
TIMOB-755,0.016029
TIMOB-754,0.003075
TIMOB-753,0.002551
TIMOB-752,0.00181
TIMOB-751,0.001988
TIMOB-750,0.002758
TIMOB-749,0.001525
TIMOB-748,0.004399
TIMOB-747,0.004982
TIMOB-746,0.002323
TIMOB-745,0.002434
TIMOB-744,0.002116
TIMOB-743,0.004007
TIMOB-742,0.002083
TIMOB-741,0.007938
TIMOB-740,0.003075
TIMOB-739,0.001674
TIMOB-738,0.00236
TIMOB-737,0.002511
TIMOB-736,0.022286
TIMOB-735,0.007233
TIMOB-734,0.002551
TIMOB-733,0.001839
TIMOB-732,0.002397
TIMOB-731,0.004682
TIMOB-730,0.002434
TIMOB-729,0.004265
TIMOB-728,0.001839
TIMOB-727,0.002935
TIMOB-726,0.001927
TIMOB-725,0.002051
TIMOB-724,0.002287
TIMOB-723,0.006098
TIMOB-722,0.001988
TIMOB-721,0.002287
TIMOB-720,0.00236
TIMOB-719,0.004905
TIMOB-718,0.003324
TIMOB-717,0.003273
TIMOB-716,0.002252
TIMOB-715,0.002252
TIMOB-714,0.001897
TIMOB-713,0.002473
TIMOB-712,0.002252
TIMOB-711,0.003075
TIMOB-710,0.002051
TIMOB-709,0.002397
TIMOB-708,0.002217
TIMOB-707,0.003173
TIMOB-705,0.006904
TIMOB-704,0.002323
TIMOB-703,0.00365
TIMOB-702,0.07836
TIMOB-701,0.028221
TIMOB-700,0.00483
TIMOB-699,0.003028
TIMOB-698,0.002715
TIMOB-697,0.002083
TIMOB-696,0.008446
TIMOB-695,0.004905
TIMOB-694,0.001868
TIMOB-693,0.00582
TIMOB-692,0.001868
TIMOB-691,0.00236
TIMOB-690,0.003222
TIMOB-689,0.00461
TIMOB-688,0.001988
TIMOB-687,0.002632
TIMOB-686,0.004007
TIMOB-685,0.031619
TIMOB-684,0.002758
TIMOB-683,0.00986
TIMOB-682,0.00986
TIMOB-681,0.057071
TIMOB-680,0.002591
TIMOB-679,0.002083
TIMOB-678,0.003075
TIMOB-677,0.002397
TIMOB-676,0.007696
TIMOB-675,0.014392
TIMOB-674,0.002019
TIMOB-673,0.00289
TIMOB-672,0.041462
TIMOB-671,0.015544
TIMOB-670,0.002632
TIMOB-669,0.002551
TIMOB-668,0.003824
TIMOB-667,0.008316
TIMOB-666,0.002287
TIMOB-665,0.003483
TIMOB-664,0.901227
TIMOB-663,0.002758
TIMOB-662,0.005385
TIMOB-661,0.009126
TIMOB-660,0.003028
TIMOB-659,0.01017
TIMOB-658,0.002323
TIMOB-657,0.002434
TIMOB-656,0.001674
TIMOB-655,0.00407
TIMOB-654,0.002149
TIMOB-653,0.002116
TIMOB-652,0.002116
TIMOB-651,0.002473
TIMOB-650,0.002758
TIMOB-649,0.00343
TIMOB-648,0.023509
TIMOB-647,0.029091
TIMOB-646,0.006004
TIMOB-645,0.001598
TIMOB-644,0.002801
TIMOB-643,0.002051
TIMOB-642,0.001782
TIMOB-641,0.00236
TIMOB-640,0.002511
TIMOB-639,0.004468
TIMOB-638,0.002551
TIMOB-637,0.00582
TIMOB-636,0.002217
TIMOB-635,0.005642
TIMOB-634,0.003324
TIMOB-633,0.001648
TIMOB-632,0.002551
TIMOB-631,0.00343
TIMOB-630,0.003222
TIMOB-629,0.005469
TIMOB-628,0.001755
TIMOB-627,0.004538
TIMOB-626,0.003222
TIMOB-625,0.001897
TIMOB-624,0.002511
TIMOB-623,0.002116
TIMOB-622,0.002287
TIMOB-621,0.002019
TIMOB-620,0.002019
TIMOB-619,0.003483
TIMOB-618,0.002591
TIMOB-617,0.002051
TIMOB-616,0.002397
TIMOB-615,0.002287
TIMOB-614,0.001782
TIMOB-613,0.002051
TIMOB-612,0.002551
TIMOB-611,0.00236
TIMOB-610,0.002323
TIMOB-609,0.002758
TIMOB-608,0.001988
TIMOB-607,0.001839
TIMOB-606,0.00343
TIMOB-605,0.003538
TIMOB-604,0.003377
TIMOB-603,0.165054
TIMOB-602,0.053403
TIMOB-601,0.004755
TIMOB-600,0.216508
TIMOB-599,0.002434
TIMOB-598,0.044681
TIMOB-597,0.008916
TIMOB-596,0.003945
TIMOB-595,0.007938
TIMOB-594,0.006388
TIMOB-593,0.002591
TIMOB-592,0.002397
TIMOB-591,0.002551
TIMOB-590,0.002673
TIMOB-589,0.00573
TIMOB-588,0.001868
TIMOB-587,0.001525
TIMOB-586,0.848471
TIMOB-585,0.003075
TIMOB-584,0.00582
TIMOB-583,0.00365
TIMOB-582,0.00289
TIMOB-581,0.004199
TIMOB-580,0.002217
TIMOB-579,0.001957
TIMOB-578,0.002551
TIMOB-577,0.001988
TIMOB-576,0.002323
TIMOB-575,0.003538
TIMOB-574,0.002591
TIMOB-573,0.001598
TIMOB-572,0.004007
TIMOB-571,0.003028
TIMOB-570,0.004199
TIMOB-569,0.006193
TIMOB-568,0.002591
TIMOB-567,0.003273
TIMOB-566,0.005385
TIMOB-565,0.002981
TIMOB-564,0.00461
TIMOB-563,0.00181
TIMOB-562,0.001868
TIMOB-561,0.006004
TIMOB-560,0.00573
TIMOB-559,0.00407
TIMOB-557,0.00236
TIMOB-556,0.002511
TIMOB-555,0.002397
TIMOB-554,0.003884
TIMOB-553,0.002252
TIMOB-552,0.007346
TIMOB-551,0.004332
TIMOB-550,0.002981
TIMOB-549,0.002252
TIMOB-548,0.004199
TIMOB-547,0.007346
TIMOB-546,0.002323
TIMOB-545,0.002715
TIMOB-544,0.001727
TIMOB-543,0.002473
TIMOB-542,0.001868
TIMOB-541,0.003028
TIMOB-540,0.002511
TIMOB-539,0.002981
TIMOB-538,0.002845
TIMOB-537,0.00461
TIMOB-536,0.003538
TIMOB-535,0.001839
TIMOB-534,0.004538
TIMOB-533,0.003483
TIMOB-532,0.002287
TIMOB-531,0.002287
TIMOB-530,0.001927
TIMOB-529,0.003538
TIMOB-528,0.001839
TIMOB-527,0.002845
TIMOB-526,0.004134
TIMOB-525,0.004399
TIMOB-524,0.002252
TIMOB-523,0.002434
TIMOB-522,0.002473
TIMOB-521,0.002323
TIMOB-520,0.001782
TIMOB-519,0.004755
TIMOB-518,0.002981
TIMOB-517,0.001839
TIMOB-516,0.002083
TIMOB-515,0.002217
TIMOB-514,0.001674
TIMOB-513,0.002217
TIMOB-512,0.002252
TIMOB-511,0.002252
TIMOB-510,0.005911
TIMOB-509,0.001648
TIMOB-508,0.00522
TIMOB-507,0.003222
TIMOB-506,0.00181
TIMOB-505,0.001927
TIMOB-504,0.002511
TIMOB-503,0.004134
TIMOB-502,0.002183
TIMOB-501,0.002935
TIMOB-500,0.001549
TIMOB-499,0.001897
TIMOB-498,0.002981
TIMOB-497,0.003222
TIMOB-496,0.001648
TIMOB-495,0.002845
TIMOB-494,0.001674
TIMOB-493,0.001988
TIMOB-492,0.003824
TIMOB-491,0.003538
TIMOB-490,0.002715
TIMOB-489,0.002591
TIMOB-488,0.015189
TIMOB-487,0.00343
TIMOB-486,0.004982
TIMOB-485,0.002935
TIMOB-484,0.015073
TIMOB-483,0.001701
TIMOB-482,0.003884
TIMOB-481,0.00365
TIMOB-480,0.002019
TIMOB-479,0.001727
TIMOB-478,0.001674
TIMOB-477,0.001988
TIMOB-476,0.003377
TIMOB-475,0.00343
TIMOB-474,0.005302
TIMOB-473,0.003824
TIMOB-472,0.001648
TIMOB-471,0.002183
TIMOB-470,0.002252
TIMOB-469,0.001927
TIMOB-468,0.002083
TIMOB-467,0.001727
TIMOB-466,0.002434
TIMOB-465,0.001623
TIMOB-464,0.001897
TIMOB-463,0.002715
TIMOB-462,0.002287
TIMOB-461,0.002632
TIMOB-460,0.001782
TIMOB-459,0.002715
TIMOB-458,0.002473
TIMOB-457,0.001868
TIMOB-456,0.001782
TIMOB-455,0.001623
TIMOB-454,0.002473
TIMOB-453,0.002473
TIMOB-452,0.002051
TIMOB-451,0.002252
TIMOB-450,0.002116
TIMOB-449,0.002116
TIMOB-448,0.001701
TIMOB-447,0.002473
TIMOB-446,0.001868
TIMOB-445,0.003028
TIMOB-444,0.001782
TIMOB-443,0.002323
TIMOB-442,0.001927
TIMOB-441,0.002183
TIMOB-440,0.003273
TIMOB-439,0.002801
TIMOB-438,0.003173
TIMOB-437,0.002511
TIMOB-436,0.001573
TIMOB-435,0.001648
TIMOB-434,0.00181
TIMOB-433,0.002149
TIMOB-432,0.986151
TIMOB-431,0.003124
TIMOB-430,0.00365
TIMOB-429,0.002116
TIMOB-428,0.00343
TIMOB-427,0.001927
TIMOB-426,0.001957
TIMOB-425,0.001727
TIMOB-424,0.001755
TIMOB-423,0.00181
TIMOB-422,0.105211
TIMOB-421,0.004538
TIMOB-420,0.002287
TIMOB-419,0.379148
TIMOB-418,0.014504
TIMOB-417,0.00236
TIMOB-416,0.001674
TIMOB-415,0.001988
TIMOB-414,0.001988
TIMOB-413,0.00181
TIMOB-412,0.001648
TIMOB-411,0.002758
TIMOB-410,0.001988
TIMOB-409,0.002217
TIMOB-408,0.002183
TIMOB-407,0.00181
TIMOB-406,0.001988
TIMOB-405,0.001957
TIMOB-404,0.003173
TIMOB-403,0.006798
TIMOB-402,0.002116
TIMOB-401,0.001755
TIMOB-400,0.002434
TIMOB-399,0.001648
TIMOB-398,0.001623
TIMOB-397,0.002673
TIMOB-396,0.018264
TIMOB-395,0.002434
TIMOB-394,0.003124
TIMOB-393,0.001897
TIMOB-392,0.001957
TIMOB-391,0.002019
TIMOB-390,0.005555
TIMOB-389,0.00181
TIMOB-388,0.00407
TIMOB-387,0.004538
TIMOB-386,0.003075
TIMOB-385,0.001701
TIMOB-384,0.005911
TIMOB-383,0.003945
TIMOB-382,0.005302
TIMOB-381,0.57069
TIMOB-380,0.012528
TIMOB-379,0.004755
TIMOB-378,0.002397
TIMOB-377,0.002397
TIMOB-376,0.002116
TIMOB-375,0.004538
TIMOB-374,0.007012
TIMOB-373,0.005302
TIMOB-372,0.002758
TIMOB-371,0.002758
TIMOB-370,0.002715
TIMOB-369,0.003538
TIMOB-368,0.003028
TIMOB-367,0.002323
TIMOB-366,0.006098
TIMOB-365,0.005385
TIMOB-364,0.019719
TIMOB-363,0.003945
TIMOB-362,0.002551
TIMOB-361,0.003124
TIMOB-360,0.002591
TIMOB-359,0.00343
TIMOB-358,0.003884
TIMOB-357,0.003707
TIMOB-356,0.003075
TIMOB-355,0.008188
TIMOB-354,0.00343
TIMOB-353,0.00289
TIMOB-352,0.004007
TIMOB-351,0.003538
TIMOB-350,0.002323
TIMOB-349,0.002323
TIMOB-348,0.003765
TIMOB-347,0.005385
TIMOB-346,0.973443
TIMOB-344,0.002149
TIMOB-343,0.783658
TIMOB-342,0.004265
TIMOB-341,0.008062
TIMOB-340,0.002019
TIMOB-339,0.003884
TIMOB-338,0.002434
TIMOB-337,0.003824
TIMOB-336,0.008511
TIMOB-335,0.002434
TIMOB-334,0.003075
TIMOB-333,0.004134
TIMOB-332,0.002591
TIMOB-331,0.158174
TIMOB-330,0.003707
TIMOB-329,0.007346
TIMOB-328,0.993902
TIMOB-327,0.001727
TIMOB-326,0.00289
TIMOB-325,0.001927
TIMOB-324,0.012528
TIMOB-323,0.48438
TIMOB-322,0.988131
TIMOB-321,0.002673
TIMOB-320,0.002397
TIMOB-319,0.00343
TIMOB-318,0.003124
TIMOB-317,0.002183
TIMOB-316,0.002083
TIMOB-315,0.00407
TIMOB-314,0.006904
TIMOB-313,0.009486
TIMOB-312,0.002935
TIMOB-311,0.002116
TIMOB-310,0.002083
TIMOB-309,0.001927
TIMOB-308,0.005469
TIMOB-307,0.002434
TIMOB-306,0.003273
TIMOB-305,0.001839
TIMOB-304,0.002845
TIMOB-303,0.001957
TIMOB-302,0.017712
TIMOB-301,0.004538
TIMOB-300,0.002673
TIMOB-299,0.00365
TIMOB-298,0.002183
TIMOB-297,0.002287
TIMOB-296,0.002981
TIMOB-295,0.002019
TIMOB-294,0.002287
TIMOB-293,0.003377
TIMOB-292,0.002981
TIMOB-291,0.002715
TIMOB-290,0.002323
TIMOB-289,0.039048
TIMOB-288,0.002473
TIMOB-287,0.00483
TIMOB-286,0.00483
TIMOB-285,0.002473
TIMOB-284,0.00236
TIMOB-283,0.002434
TIMOB-282,0.003538
TIMOB-281,0.003124
TIMOB-280,0.002019
TIMOB-279,0.003707
TIMOB-278,0.002632
TIMOB-277,0.006004
TIMOB-276,0.003222
TIMOB-275,0.003594
TIMOB-274,0.003483
TIMOB-273,0.002981
TIMOB-272,0.004134
TIMOB-271,0.00986
TIMOB-270,0.032837
TIMOB-269,0.003028
TIMOB-268,0.002323
TIMOB-267,0.002434
TIMOB-265,0.003273
TIMOB-264,0.005911
TIMOB-263,0.00514
TIMOB-262,0.002149
TIMOB-261,0.004399
TIMOB-260,0.002591
TIMOB-259,0.004007
TIMOB-258,0.001598
TIMOB-257,0.001868
TIMOB-256,0.003824
TIMOB-254,0.003707
TIMOB-253,0.008188
TIMOB-252,0.001501
TIMOB-251,0.002591
TIMOB-250,0.002051
TIMOB-249,0.003824
TIMOB-248,0.002217
TIMOB-247,0.003594
TIMOB-246,0.002551
TIMOB-245,0.010653
TIMOB-244,0.004134
TIMOB-243,0.004682
TIMOB-241,0.007461
TIMOB-240,0.002632
TIMOB-239,0.002758
TIMOB-238,0.001701
TIMOB-237,0.002715
TIMOB-236,0.008062
TIMOB-235,0.00514
TIMOB-234,0.002801
TIMOB-233,0.002981
TIMOB-232,0.005302
TIMOB-231,0.003707
TIMOB-230,0.002252
TIMOB-229,0.002051
TIMOB-228,0.006798
TIMOB-227,0.437583
TIMOB-226,0.004982
TIMOB-225,0.001839
TIMOB-224,0.002149
TIMOB-223,0.927363
TIMOB-222,0.003884
TIMOB-221,0.002981
TIMOB-220,0.002758
TIMOB-219,0.002981
TIMOB-218,0.002323
TIMOB-217,0.002434
TIMOB-216,0.002323
TIMOB-215,0.002551
TIMOB-214,0.002183
TIMOB-213,0.001988
TIMOB-212,0.001868
TIMOB-211,0.001782
TIMOB-210,0.001549
TIMOB-209,0.001839
TIMOB-208,0.001701
TIMOB-207,0.008316
TIMOB-206,0.002981
TIMOB-205,0.002083
TIMOB-204,0.002981
TIMOB-203,0.003824
TIMOB-202,0.005385
TIMOB-201,0.003075
TIMOB-200,0.001727
TIMOB-199,0.00582
TIMOB-198,0.063019
TIMOB-197,0.002116
TIMOB-196,0.004199
TIMOB-195,0.002845
TIMOB-194,0.002323
TIMOB-193,0.008316
TIMOB-192,0.002116
TIMOB-191,0.004399
TIMOB-190,0.003824
TIMOB-189,0.004682
TIMOB-188,0.008985
TIMOB-187,0.005302
TIMOB-186,0.788909
TIMOB-185,0.009197
TIMOB-184,0.003884
TIMOB-183,0.00343
TIMOB-182,0.002632
TIMOB-181,0.008511
TIMOB-180,0.017712
TIMOB-179,0.007577
TIMOB-178,0.048137
TIMOB-177,0.010818
TIMOB-176,0.011245
TIMOB-175,0.008711
TIMOB-174,0.005302
TIMOB-173,0.003124
TIMOB-172,0.002935
TIMOB-171,0.003075
TIMOB-170,0.002591
TIMOB-169,0.004332
TIMOB-168,0.005302
TIMOB-167,0.58439
TIMOB-166,0.002673
TIMOB-165,0.002434
TIMOB-164,0.003028
TIMOB-163,0.004134
TIMOB-162,0.004905
TIMOB-161,0.004538
TIMOB-160,0.004007
TIMOB-159,0.003028
TIMOB-158,0.004468
TIMOB-157,0.001839
TIMOB-156,0.002397
TIMOB-155,0.003824
TIMOB-154,0.002981
TIMOB-153,0.005911
TIMOB-152,0.99593
TIMOB-151,0.002935
TIMOB-150,0.003124
TIMOB-149,0.003075
TIMOB-148,0.002116
TIMOB-146,0.012528
TIMOB-145,0.012528
TIMOB-144,0.012528
TIMOB-143,0.012528
TIMOB-142,0.012528
TIMOB-141,0.012528
TIMOB-140,0.005469
TIMOB-139,0.008125
TIMOB-138,0.003594
TIMOB-137,0.002397
TIMOB-136,0.002845
TIMOB-135,0.00236
TIMOB-134,0.002591
TIMOB-133,0.002217
TIMOB-132,0.002473
TIMOB-131,0.006193
TIMOB-130,0.012432
TIMOB-129,0.006693
TIMOB-128,0.021615
TIMOB-127,0.00659
TIMOB-126,0.003707
TIMOB-125,0.022117
TIMOB-124,0.004399
TIMOB-123,0.002845
TIMOB-122,0.018405
TIMOB-121,0.010653
TIMOB-119,0.018125
TIMOB-118,0.065845
TIMOB-117,0.003594
TIMOB-116,0.00506
TIMOB-115,0.003483
TIMOB-114,0.002252
TIMOB-113,0.00407
TIMOB-112,0.002632
TIMOB-111,0.002758
TIMOB-110,0.002434
TIMOB-109,0.002083
TIMOB-108,0.004399
TIMOB-107,0.002116
TIMOB-106,0.003173
TIMOB-105,0.002287
TIMOB-104,0.003377
TIMOB-103,0.00181
TIMOB-102,0.002434
TIMOB-101,0.002632
TIMOB-100,0.003594
TIMOB-99,0.003124
TIMOB-98,0.006193
TIMOB-97,0.001839
TIMOB-96,0.022286
TIMOB-95,0.006388
TIMOB-94,0.003538
TIMOB-93,0.011158
TIMOB-92,0.00514
TIMOB-91,0.002473
TIMOB-90,0.001701
TIMOB-89,0.01142
TIMOB-88,0.00573
TIMOB-87,0.008644
TIMOB-86,0.004755
TIMOB-85,0.00582
TIMOB-84,0.019271
TIMOB-83,0.002252
TIMOB-82,0.002019
TIMOB-81,0.003324
TIMOB-80,0.005469
TIMOB-79,0.002287
TIMOB-78,0.00514
TIMOB-77,0.004755
TIMOB-76,0.011158
TIMOB-75,0.002632
TIMOB-74,0.002323
TIMOB-73,0.003945
TIMOB-72,0.002551
TIMOB-71,0.090093
TIMOB-70,0.002632
TIMOB-69,0.004468
TIMOB-68,0.004682
TIMOB-67,0.004134
TIMOB-66,0.003222
TIMOB-65,0.005302
TIMOB-63,0.003124
TIMOB-62,0.004332
TIMOB-61,0.003324
TIMOB-60,0.004134
TIMOB-59,0.007519
TIMOB-58,0.007289
TIMOB-56,0.007816
TIMOB-55,0.01017
TIMOB-54,0.003884
TIMOB-53,0.00514
TIMOB-52,0.002801
TIMOB-50,0.077239
TIMOB-49,0.008062
TIMOB-48,0.003538
TIMOB-47,0.003273
TIMOB-46,0.00461
TIMOB-45,0.003377
TIMOB-44,0.00289
TIMOB-43,0.003222
TIMOB-42,0.006798
TIMOB-41,0.00343
TIMOB-40,0.006098
TIMOB-39,0.008779
TIMOB-38,0.007012
TIMOB-37,0.004134
TIMOB-36,0.003075
TIMOB-35,0.003273
TIMOB-34,0.002591
TIMOB-33,0.004265
TIMOB-32,0.036769
TIMOB-27,0.180974
TIMOB-25,0.003945
TIMOB-24,0.037047
TIMOB-23,0.008252
TIMOB-22,0.007346
TIMOB-21,0.007403
TIMOB-20,0.007403
TIMOB-19,0.01653
TIMOB-18,0.007519
TIMOB-17,0.007461
TIMOB-16,0.003173
TIMOB-15,0.00461
TIMOB-14,0.01142
TIMOB-13,0.214691
TIMOB-12,0.007816
TIMOB-11,0.008779
TIMOB-10,0.002935
TIMOB-9,0.003824
TIMOB-8,0.02461
TIMOB-7,0.003483
TIMOB-6,0.00483
TIMOB-5,0.004682
TIMOB-4,0.011597
TIMOB-3,0.007121
